DIST,AMP,TEMP,VOLT,Timestamp
05395,0001,1226,106,2024-12-30 07:27:25.523012
10130,0000,1225,106,2024-12-30 07:27:25.523775
19547,0000,1226,106,2024-12-30 07:27:25.524478
63248,0000,1226,106,2024-12-30 07:27:25.525174
14894,0000,1225,106,2024-12-30 07:27:25.525872
04577,0000,1225,106,2024-12-30 07:27:25.526594
15720,0000,1225,106,2024-12-30 07:27:25.527294
07504,0000,1226,106,2024-12-30 07:27:25.527993
02993,0000,1225,106,2024-12-30 07:27:25.528693
01031,0001,1225,106,2024-12-30 07:27:25.529389
40852,0001,1225,106,2024-12-30 07:27:25.530083
28809,0000,1226,106,2024-12-30 07:27:25.530794
58960,0000,1226,106,2024-12-30 07:27:25.531490
32502,0000,1225,106,2024-12-30 07:27:25.532184
13141,0000,1225,106,2024-12-30 07:27:25.532889
63322,0000,1226,106,2024-12-30 07:27:25.533609
55850,0000,1226,106,2024-12-30 07:27:25.534304
05609,0001,1225,106,2024-12-30 07:27:25.535020
24009,0000,1226,106,2024-12-30 07:27:25.535718
02339,0000,1225,106,2024-12-30 07:27:25.536414
53877,0000,1226,106,2024-12-30 07:27:25.537111
26827,0000,1225,106,2024-12-30 07:27:25.537808
57396,0000,1225,106,2024-12-30 07:27:25.538515
00069,0001,1225,106,2024-12-30 07:27:25.539211
04627,0000,1225,106,2024-12-30 07:27:25.539906
03098,0000,1225,106,2024-12-30 07:27:25.540603
00887,0000,1226,106,2024-12-30 07:27:25.541308
14758,0000,1226,106,2024-12-30 07:27:25.542008
30278,0000,1225,106,2024-12-30 07:27:25.542718
11046,0000,1225,106,2024-12-30 07:27:25.543418
32336,0000,1225,106,2024-12-30 07:27:25.544119
28680,0000,1225,106,2024-12-30 07:27:25.544814
63310,0000,1226,106,2024-12-30 07:27:25.545510
04700,0000,1225,106,2024-12-30 07:27:25.546208
21108,0001,1225,106,2024-12-30 07:27:25.546916
19387,0000,1225,106,2024-12-30 07:27:25.547611
21895,0000,1225,106,2024-12-30 07:27:25.548314
01735,0000,1225,106,2024-12-30 07:27:25.549051
41597,0000,1225,106,2024-12-30 07:27:25.549762
04668,0000,1225,106,2024-12-30 07:27:25.550530
27338,0000,1226,106,2024-12-30 07:27:25.551315
06251,0000,1225,106,2024-12-30 07:27:25.552378
06590,0000,1226,106,2024-12-30 07:27:25.553137
55557,0000,1226,106,2024-12-30 07:27:25.553836
16365,0000,1226,106,2024-12-30 07:27:25.554590
05122,0000,1226,106,2024-12-30 07:27:25.555369
05468,0000,1226,106,2024-12-30 07:27:25.556076
16368,0000,1226,106,2024-12-30 07:27:25.556772
50050,0000,1225,106,2024-12-30 07:27:25.557469
10203,0000,1226,106,2024-12-30 07:27:25.558163
42475,0001,1225,106,2024-12-30 07:27:25.558873
20916,0000,1225,106,2024-12-30 07:27:25.559568
53481,0000,1226,106,2024-12-30 07:27:25.560268
02556,0000,1226,106,2024-12-30 07:27:25.560969
19363,0000,1225,106,2024-12-30 07:27:25.561665
23142,0000,1226,106,2024-12-30 07:27:25.562361
03818,0000,1225,106,2024-12-30 07:27:25.563069
04552,0000,1225,106,2024-12-30 07:27:25.563767
44640,0000,1226,106,2024-12-30 07:27:25.564459
57655,0000,1226,106,2024-12-30 07:27:25.565151
52366,0000,1226,106,2024-12-30 07:27:25.565845
35586,0000,1226,106,2024-12-30 07:27:25.566551
33235,0000,1226,106,2024-12-30 07:27:25.567248
02349,0000,1226,106,2024-12-30 07:27:25.567945
43685,0000,1226,106,2024-12-30 07:27:25.568644
04683,0000,1226,106,2024-12-30 07:27:25.569345
04601,0000,1225,106,2024-12-30 07:27:25.570040
17839,0000,1226,106,2024-12-30 07:27:25.570751
14041,0000,1225,106,2024-12-30 07:27:25.571453
03838,0001,1226,106,2024-12-30 07:27:25.572144
05289,0000,1225,106,2024-12-30 07:27:25.572838
13800,0000,1226,106,2024-12-30 07:27:25.573530
10813,0000,1225,106,2024-12-30 07:27:25.574222
02675,0000,1226,106,2024-12-30 07:27:25.574928
48835,0000,1226,106,2024-12-30 07:27:25.575624
02899,0000,1226,106,2024-12-30 07:27:25.576319
04708,0001,1226,106,2024-12-30 07:27:25.577014
05539,0000,1225,106,2024-12-30 07:27:25.577713
20388,0000,1226,106,2024-12-30 07:27:25.578410
29703,0000,1226,106,2024-12-30 07:27:25.579117
48332,0000,1225,106,2024-12-30 07:27:25.579819
10239,0000,1226,106,2024-12-30 07:27:25.580514
10147,0000,1226,106,2024-12-30 07:27:25.581213
30871,0000,1226,106,2024-12-30 07:27:25.581912
10101,0000,1226,106,2024-12-30 07:27:25.582622
06895,0000,1225,106,2024-12-30 07:27:25.583319
-0004,2334,1225,105,2024-12-30 07:27:25.584019
-0003,1945,1226,106,2024-12-30 07:27:25.584719
-0002,2262,1226,106,2024-12-30 07:27:25.592395
-0003,2324,1226,106,2024-12-30 07:27:25.608379
-0002,2312,1226,106,2024-12-30 07:27:25.624372
-0002,2323,1226,106,2024-12-30 07:27:25.640373
-0002,2325,1226,106,2024-12-30 07:27:25.656371
-0003,2336,1226,106,2024-12-30 07:27:25.672379
-0003,2329,1225,106,2024-12-30 07:27:25.688355
-0002,2322,1226,106,2024-12-30 07:27:25.720249
-0003,2329,1226,106,2024-12-30 07:27:25.736344
-0003,2322,1226,106,2024-12-30 07:27:25.752355
-0003,2343,1226,106,2024-12-30 07:27:25.768342
-0003,2334,1226,106,2024-12-30 07:27:25.784343
-0003,2325,1226,106,2024-12-30 07:27:25.800333
-0003,2342,1226,106,2024-12-30 07:27:25.816330
-0003,2327,1226,106,2024-12-30 07:27:25.832323
-0003,2337,1226,106,2024-12-30 07:27:25.848316
-0003,2327,1226,106,2024-12-30 07:27:25.879826
-0003,2331,1225,106,2024-12-30 07:27:25.896314
-0003,2325,1226,106,2024-12-30 07:27:25.912308
-0003,2344,1226,106,2024-12-30 07:27:25.928310
-0003,2321,1226,106,2024-12-30 07:27:25.944307
-0003,2324,1226,106,2024-12-30 07:27:25.960296
-0003,2325,1225,106,2024-12-30 07:27:25.976297
-0002,2324,1226,106,2024-12-30 07:27:25.992279
-0003,2339,1226,106,2024-12-30 07:27:26.008285
-0003,2333,1226,106,2024-12-30 07:27:26.024324
-0003,2341,1225,106,2024-12-30 07:27:26.056155
-0003,2343,1226,105,2024-12-30 07:27:26.072269
-0003,1971,1226,106,2024-12-30 07:27:26.088269
-0002,2270,1226,106,2024-12-30 07:27:26.104258
-0004,2319,1226,106,2024-12-30 07:27:26.120264
-0002,2319,1226,106,2024-12-30 07:27:26.136261
-0003,2322,1226,106,2024-12-30 07:27:26.152266
-0002,2328,1226,106,2024-12-30 07:27:26.168258
-0003,2335,1226,106,2024-12-30 07:27:26.184243
-0002,2326,1226,106,2024-12-30 07:27:26.215750
-0003,2324,1226,106,2024-12-30 07:27:26.232241
-0003,2333,1226,106,2024-12-30 07:27:26.248258
-0003,2325,1225,106,2024-12-30 07:27:26.264228
-0003,2329,1226,106,2024-12-30 07:27:26.280226
-0002,2312,1226,106,2024-12-30 07:27:26.296219
-0003,2316,1226,106,2024-12-30 07:27:26.312222
-0002,2325,1226,106,2024-12-30 07:27:26.328214
-0002,2324,1226,106,2024-12-30 07:27:26.344219
-0004,2336,1226,106,2024-12-30 07:27:26.360212
-0004,2342,1226,106,2024-12-30 07:27:26.392110
-0002,2330,1226,106,2024-12-30 07:27:26.408214
-0003,2325,1226,106,2024-12-30 07:27:26.424206
-0002,2323,1226,106,2024-12-30 07:27:26.440188
-0003,2341,1226,106,2024-12-30 07:27:26.456185
-0003,2325,1226,106,2024-12-30 07:27:26.472187
-0003,2328,1226,106,2024-12-30 07:27:26.488190
-0003,2321,1226,106,2024-12-30 07:27:26.504180
-0003,2323,1226,106,2024-12-30 07:27:26.520171
-0002,2330,1226,106,2024-12-30 07:27:26.551677
-0003,2333,1226,106,2024-12-30 07:27:26.568163
-0002,2323,1226,105,2024-12-30 07:27:26.584155
-0003,1962,1226,106,2024-12-30 07:27:26.600150
-0003,2273,1226,106,2024-12-30 07:27:26.616154
-0003,2314,1226,106,2024-12-30 07:27:26.632148
-0002,2326,1226,106,2024-12-30 07:27:26.648152
-0004,2333,1226,106,2024-12-30 07:27:26.664147
-0004,2340,1226,106,2024-12-30 07:27:26.680142
-0003,2334,1226,106,2024-12-30 07:27:26.696130
-0004,2342,1226,106,2024-12-30 07:27:26.728039
-0003,2332,1226,106,2024-12-30 07:27:26.744136
-0002,2320,1226,106,2024-12-30 07:27:26.760128
-0003,2329,1226,106,2024-12-30 07:27:26.776117
-0003,2332,1225,106,2024-12-30 07:27:26.792113
-0003,2339,1226,106,2024-12-30 07:27:26.808104
-0003,2312,1226,106,2024-12-30 07:27:26.824109
-0002,2338,1226,106,2024-12-30 07:27:26.840102
-0002,2326,1226,106,2024-12-30 07:27:26.856102
-0002,2324,1226,106,2024-12-30 07:27:26.887617
-0003,2323,1226,106,2024-12-30 07:27:26.904098
-0003,2325,1226,106,2024-12-30 07:27:26.920086
-0003,2325,1226,106,2024-12-30 07:27:26.936087
-0003,2315,1226,106,2024-12-30 07:27:26.952079
-0003,2314,1226,106,2024-12-30 07:27:26.968079
-0003,2338,1226,106,2024-12-30 07:27:26.984073
-0003,2315,1226,106,2024-12-30 07:27:27.000067
-0003,2337,1226,106,2024-12-30 07:27:27.016067
-0003,2326,1226,106,2024-12-30 07:27:27.032058
-0003,2322,1226,106,2024-12-30 07:27:27.063961
-0002,2323,1226,106,2024-12-30 07:27:27.080053
-0003,2320,1226,105,2024-12-30 07:27:27.096046
-0004,1984,1226,106,2024-12-30 07:27:27.112051
-0004,2273,1226,106,2024-12-30 07:27:27.128049
-0003,2328,1226,106,2024-12-30 07:27:27.144057
-0003,2314,1226,106,2024-12-30 07:27:27.160055
-0003,2324,1226,106,2024-12-30 07:27:27.176058
-0003,2325,1226,106,2024-12-30 07:27:27.192058
-0003,2327,1226,106,2024-12-30 07:27:27.223608
-0003,2336,1226,106,2024-12-30 07:27:27.240077
-0003,2321,1226,106,2024-12-30 07:27:27.256070
-0003,2340,1226,106,2024-12-30 07:27:27.272068
-0004,2314,1226,106,2024-12-30 07:27:27.288073
-0003,2326,1226,106,2024-12-30 07:27:27.303998
-0003,2321,1226,106,2024-12-30 07:27:27.319999
-0003,2317,1226,106,2024-12-30 07:27:27.335994
-0003,2339,1226,106,2024-12-30 07:27:27.351994
-0004,2339,1226,106,2024-12-30 07:27:27.367991
-0003,2324,1226,106,2024-12-30 07:27:27.399914
-0002,2324,1226,106,2024-12-30 07:27:27.415980
-0004,2337,1226,106,2024-12-30 07:27:27.431990
-0003,2325,1226,106,2024-12-30 07:27:27.447969
-0002,2311,1226,106,2024-12-30 07:27:27.463974
-0004,2340,1226,106,2024-12-30 07:27:27.479970
-0003,2319,1226,106,2024-12-30 07:27:27.495955
-0004,2313,1226,106,2024-12-30 07:27:27.511956
-0003,2322,1226,106,2024-12-30 07:27:27.527947
-0003,2327,1226,106,2024-12-30 07:27:27.559490
-0003,2313,1226,106,2024-12-30 07:27:27.575942
-0003,2320,1226,106,2024-12-30 07:27:27.591945
-0003,2316,1226,105,2024-12-30 07:27:27.607929
-0004,1968,1226,106,2024-12-30 07:27:27.623935
-0003,2271,1226,106,2024-12-30 07:27:27.639924
-0004,2341,1226,106,2024-12-30 07:27:27.655927
-0004,2315,1226,106,2024-12-30 07:27:27.671918
-0002,2323,1226,106,2024-12-30 07:27:27.687911
-0003,2330,1226,106,2024-12-30 07:27:27.703912
-0002,2313,1226,106,2024-12-30 07:27:27.735849
-0003,2341,1227,106,2024-12-30 07:27:27.751904
-0002,2324,1226,106,2024-12-30 07:27:27.767906
-0002,2321,1226,106,2024-12-30 07:27:27.783895
-0003,2332,1226,106,2024-12-30 07:27:27.799892
-0002,2321,1226,106,2024-12-30 07:27:27.815891
-0003,2329,1226,106,2024-12-30 07:27:27.831887
-0003,2340,1227,106,2024-12-30 07:27:27.847881
-0003,2334,1226,106,2024-12-30 07:27:27.863870
-0003,2327,1226,106,2024-12-30 07:27:27.895455
-0002,2325,1226,106,2024-12-30 07:27:27.911863
-0003,2314,1226,106,2024-12-30 07:27:27.927861
-0004,2340,1226,106,2024-12-30 07:27:27.943864
-0003,2322,1226,106,2024-12-30 07:27:27.959860
-0003,2340,1226,106,2024-12-30 07:27:27.975853
-0004,2322,1226,106,2024-12-30 07:27:27.991846
-0003,2318,1226,106,2024-12-30 07:27:28.007844
-0003,2322,1226,106,2024-12-30 07:27:28.023836
-0004,2337,1226,106,2024-12-30 07:27:28.039842
-0002,2320,1226,106,2024-12-30 07:27:28.071777
-0003,2318,1226,106,2024-12-30 07:27:28.087830
-0004,2329,1226,106,2024-12-30 07:27:28.103823
-0004,2311,1226,105,2024-12-30 07:27:28.119821
-0003,1966,1226,106,2024-12-30 07:27:28.135814
-0003,2265,1226,106,2024-12-30 07:27:28.151813
-0003,2321,1226,106,2024-12-30 07:27:28.167809
-0003,2310,1226,106,2024-12-30 07:27:28.183813
-0003,2323,1226,106,2024-12-30 07:27:28.199812
-0004,2323,1226,106,2024-12-30 07:27:28.231383
-0003,2339,1226,106,2024-12-30 07:27:28.247805
-0003,2322,1226,106,2024-12-30 07:27:28.263794
-0003,2321,1226,106,2024-12-30 07:27:28.279791
-0003,2325,1226,106,2024-12-30 07:27:28.295789
-0005,2332,1226,106,2024-12-30 07:27:28.311802
-0003,2318,1226,106,2024-12-30 07:27:28.327775
-0003,2332,1226,106,2024-12-30 07:27:28.343774
-0002,2324,1226,106,2024-12-30 07:27:28.359762
-0003,2312,1226,106,2024-12-30 07:27:28.375766
-0003,2333,1226,106,2024-12-30 07:27:28.407715
-0003,2318,1226,106,2024-12-30 07:27:28.423762
-0002,2320,1226,106,2024-12-30 07:27:28.439753
-0004,2316,1226,106,2024-12-30 07:27:28.455752
-0003,2312,1226,106,2024-12-30 07:27:28.471744
-0004,2310,1226,106,2024-12-30 07:27:28.487745
-0003,2324,1226,106,2024-12-30 07:27:28.503733
-0004,2314,1226,106,2024-12-30 07:27:28.519742
-0003,2321,1226,106,2024-12-30 07:27:28.535731
-0003,2318,1226,106,2024-12-30 07:27:28.567328
-0003,2324,1226,106,2024-12-30 07:27:28.583723
-0003,2310,1226,106,2024-12-30 07:27:28.599719
-0003,2312,1226,106,2024-12-30 07:27:28.615714
-0003,2314,1226,105,2024-12-30 07:27:28.631709
-0004,1969,1226,106,2024-12-30 07:27:28.647707
-0003,2267,1226,106,2024-12-30 07:27:28.663714
-0003,2327,1226,106,2024-12-30 07:27:28.679715
-0003,2334,1226,106,2024-12-30 07:27:28.695703
-0003,2323,1227,106,2024-12-30 07:27:28.711707
-0004,2332,1226,106,2024-12-30 07:27:28.743694
-0003,2318,1226,106,2024-12-30 07:27:28.759688
-0003,2311,1226,106,2024-12-30 07:27:28.775679
-0003,2321,1227,106,2024-12-30 07:27:28.791681
-0004,2335,1226,106,2024-12-30 07:27:28.807676
-0003,2316,1226,106,2024-12-30 07:27:28.823678
-0004,2318,1226,106,2024-12-30 07:27:28.839667
-0003,2314,1226,106,2024-12-30 07:27:28.855667
-0004,2336,1226,106,2024-12-30 07:27:28.871661
-0004,2316,1226,106,2024-12-30 07:27:28.903280
-0003,2312,1226,106,2024-12-30 07:27:28.919650
-0003,2323,1227,106,2024-12-30 07:27:28.935651
-0004,2310,1226,106,2024-12-30 07:27:28.951635
-0003,2337,1227,106,2024-12-30 07:27:28.967629
-0003,2305,1226,106,2024-12-30 07:27:28.983631
-0003,2317,1226,106,2024-12-30 07:27:28.999623
-0004,2322,1226,106,2024-12-30 07:27:29.015631
-0003,2327,1226,106,2024-12-30 07:27:29.031622
-0003,2323,1226,106,2024-12-30 07:27:29.047627
-0004,2320,1226,106,2024-12-30 07:27:29.079610
-0003,2320,1226,106,2024-12-30 07:27:29.095612
-0003,2319,1226,106,2024-12-30 07:27:29.111607
-0003,2317,1226,106,2024-12-30 07:27:29.127608
-0004,2331,1226,105,2024-12-30 07:27:29.143594
-0004,1946,1226,106,2024-12-30 07:27:29.159600
-0003,2256,1226,106,2024-12-30 07:27:29.175589
-0003,2319,1226,106,2024-12-30 07:27:29.191624
-0004,2324,1226,106,2024-12-30 07:27:29.207585
-0003,2313,1226,106,2024-12-30 07:27:29.239239
-0003,2325,1226,106,2024-12-30 07:27:29.255575
-0003,2323,1226,106,2024-12-30 07:27:29.271573
-0004,2333,1226,106,2024-12-30 07:27:29.287575
-0004,2310,1226,106,2024-12-30 07:27:29.303571
-0003,2318,1226,106,2024-12-30 07:27:29.319558
-0004,2328,1226,106,2024-12-30 07:27:29.335556
-0004,2329,1227,106,2024-12-30 07:27:29.351561
-0003,2331,1226,106,2024-12-30 07:27:29.367552
-0004,2311,1226,106,2024-12-30 07:27:29.383553
-0004,2319,1226,106,2024-12-30 07:27:29.415542
-0003,2319,1226,106,2024-12-30 07:27:29.431534
-0003,2308,1227,106,2024-12-30 07:27:29.447529
-0003,2322,1226,106,2024-12-30 07:27:29.463528
-0003,2307,1226,106,2024-12-30 07:27:29.479524
-0004,2311,1226,106,2024-12-30 07:27:29.495519
-0003,2308,1226,106,2024-12-30 07:27:29.511519
-0003,2316,1226,106,2024-12-30 07:27:29.527514
-0004,2335,1226,106,2024-12-30 07:27:29.543516
-0004,2322,1226,106,2024-12-30 07:27:29.575172
-0004,2306,1227,106,2024-12-30 07:27:29.591505
-0004,2320,1226,106,2024-12-30 07:27:29.607497
-0004,2318,1226,106,2024-12-30 07:27:29.623503
-0003,2306,1226,106,2024-12-30 07:27:29.639503
-0004,2317,1226,105,2024-12-30 07:27:29.655501
-0004,1932,1226,106,2024-12-30 07:27:29.671479
-0003,2262,1226,106,2024-12-30 07:27:29.687478
-0004,2306,1226,106,2024-12-30 07:27:29.703477
-0003,2318,1227,106,2024-12-30 07:27:29.719478
-0003,2307,1227,106,2024-12-30 07:27:29.751466
-0003,2316,1226,106,2024-12-30 07:27:29.767469
-0004,2331,1226,106,2024-12-30 07:27:29.783452
-0002,2319,1226,106,2024-12-30 07:27:29.799456
-0003,2316,1227,106,2024-12-30 07:27:29.815444
-0003,2307,1227,106,2024-12-30 07:27:29.831449
-0004,2320,1227,106,2024-12-30 07:27:29.847437
-0004,2304,1226,106,2024-12-30 07:27:29.863439
-0003,2321,1226,106,2024-12-30 07:27:29.879433
-0004,2308,1227,106,2024-12-30 07:27:29.911111
-0003,2324,1226,106,2024-12-30 07:27:29.927426
-0004,2321,1227,106,2024-12-30 07:27:29.943423
-0003,2303,1226,106,2024-12-30 07:27:29.959413
-0003,2307,1226,106,2024-12-30 07:27:29.975417
-0004,2319,1226,106,2024-12-30 07:27:29.991410
-0003,2308,1226,106,2024-12-30 07:27:30.007411
-0004,2308,1226,106,2024-12-30 07:27:30.023412
-0003,2315,1227,106,2024-12-30 07:27:30.039417
-0003,2311,1226,106,2024-12-30 07:27:30.055420
-0004,2316,1226,106,2024-12-30 07:27:30.087421
-0003,2314,1226,106,2024-12-30 07:27:30.103425
-0004,2320,1226,106,2024-12-30 07:27:30.119424
-0003,2305,1226,106,2024-12-30 07:27:30.135433
-0004,2320,1226,106,2024-12-30 07:27:30.151440
-0004,2330,1227,105,2024-12-30 07:27:30.167432
-0004,1940,1226,106,2024-12-30 07:27:30.183432
-0003,2259,1226,106,2024-12-30 07:27:30.199365
-0003,2314,1226,106,2024-12-30 07:27:30.215361
-0003,2318,1226,106,2024-12-30 07:27:30.247056
-0004,2310,1226,106,2024-12-30 07:27:30.263353
-0003,2323,1227,106,2024-12-30 07:27:30.279353
-0003,2317,1226,106,2024-12-30 07:27:30.295349
-0003,2319,1226,106,2024-12-30 07:27:30.311350
-0003,2319,1227,106,2024-12-30 07:27:30.327340
-0004,2320,1226,106,2024-12-30 07:27:30.343338
-0003,2314,1226,106,2024-12-30 07:27:30.359332
-0002,2315,1227,106,2024-12-30 07:27:30.375336
-0003,2319,1226,106,2024-12-30 07:27:30.406640
-0003,2306,1226,106,2024-12-30 07:27:30.423321
-0003,2315,1226,106,2024-12-30 07:27:30.439319
-0003,2318,1226,106,2024-12-30 07:27:30.455308
-0004,2326,1227,106,2024-12-30 07:27:30.471310
-0004,2326,1226,106,2024-12-30 07:27:30.487308
-0004,2316,1227,106,2024-12-30 07:27:30.503305
-0004,2309,1226,106,2024-12-30 07:27:30.519298
-0003,2303,1227,106,2024-12-30 07:27:30.535291
-0003,2310,1226,106,2024-12-30 07:27:30.551293
-0004,2324,1226,106,2024-12-30 07:27:30.582970
-0003,2317,1227,106,2024-12-30 07:27:30.599276
-0003,2306,1226,106,2024-12-30 07:27:30.615285
-0003,2310,1226,106,2024-12-30 07:27:30.631274
-0002,2315,1226,106,2024-12-30 07:27:30.647264
-0003,2315,1226,106,2024-12-30 07:27:30.663264
-0004,2327,1226,105,2024-12-30 07:27:30.679255
-0004,1938,1227,106,2024-12-30 07:27:30.695257
-0002,2254,1226,106,2024-12-30 07:27:30.711254
-0003,2316,1227,106,2024-12-30 07:27:30.742596
-0003,2304,1226,106,2024-12-30 07:27:30.759246
-0004,2325,1226,106,2024-12-30 07:27:30.775248
-0002,2316,1226,106,2024-12-30 07:27:30.791239
-0004,2319,1226,106,2024-12-30 07:27:30.807227
-0004,2324,1227,106,2024-12-30 07:27:30.823231
-0002,2303,1226,106,2024-12-30 07:27:30.839224
-0003,2319,1226,106,2024-12-30 07:27:30.855227
-0003,2311,1226,106,2024-12-30 07:27:30.871215
-0004,2331,1226,106,2024-12-30 07:27:30.887217
-0003,2302,1226,106,2024-12-30 07:27:30.918913
-0004,2307,1226,106,2024-12-30 07:27:30.935213
-0002,2315,1227,106,2024-12-30 07:27:30.951199
-0003,2315,1227,106,2024-12-30 07:27:30.967196
-0004,2316,1227,106,2024-12-30 07:27:30.983193
-0002,2308,1226,106,2024-12-30 07:27:30.999201
-0004,2317,1226,106,2024-12-30 07:27:31.015185
-0003,2315,1227,106,2024-12-30 07:27:31.031183
-0003,2315,1226,106,2024-12-30 07:27:31.047179
-0004,2324,1226,106,2024-12-30 07:27:31.078506
-0003,2303,1227,106,2024-12-30 07:27:31.095179
-0003,2308,1226,106,2024-12-30 07:27:31.111168
-0003,2303,1226,106,2024-12-30 07:27:31.127165
-0003,2301,1227,106,2024-12-30 07:27:31.143158
-0003,2327,1227,106,2024-12-30 07:27:31.159161
-0003,2319,1227,106,2024-12-30 07:27:31.175157
-0003,2316,1226,105,2024-12-30 07:27:31.191154
-0004,1943,1226,106,2024-12-30 07:27:31.207150
-0004,2259,1226,106,2024-12-30 07:27:31.223156
-0003,2315,1226,106,2024-12-30 07:27:31.254872
-0003,2312,1226,106,2024-12-30 07:27:31.271136
-0003,2301,1226,106,2024-12-30 07:27:31.287135
-0003,2317,1227,106,2024-12-30 07:27:31.303133
-0003,2303,1226,106,2024-12-30 07:27:31.319124
-0003,2310,1226,106,2024-12-30 07:27:31.335129
-0002,2316,1227,106,2024-12-30 07:27:31.351125
-0003,2311,1226,106,2024-12-30 07:27:31.367118
-0004,2315,1226,106,2024-12-30 07:27:31.383118
-0003,2322,1226,106,2024-12-30 07:27:31.414476
-0002,2304,1226,106,2024-12-30 07:27:31.431104
-0003,2304,1226,106,2024-12-30 07:27:31.447100
-0002,2316,1226,106,2024-12-30 07:27:31.463104
-0003,2328,1226,106,2024-12-30 07:27:31.479087
-0003,2317,1226,106,2024-12-30 07:27:31.495089
-0004,2310,1227,106,2024-12-30 07:27:31.511081
-0004,2308,1227,106,2024-12-30 07:27:31.527082
-0003,2319,1226,106,2024-12-30 07:27:31.543082
-0004,2326,1226,106,2024-12-30 07:27:31.559074
-0004,2317,1226,106,2024-12-30 07:27:31.590799
-0003,2304,1226,106,2024-12-30 07:27:31.607069
-0003,2317,1227,106,2024-12-30 07:27:31.623060
-0004,2320,1226,106,2024-12-30 07:27:31.639061
-0003,2316,1226,106,2024-12-30 07:27:31.655057
-0004,2333,1226,106,2024-12-30 07:27:31.671054
-0003,2315,1226,106,2024-12-30 07:27:31.687044
-0003,2328,1226,105,2024-12-30 07:27:31.703042
-0004,1932,1226,106,2024-12-30 07:27:31.719049
-0003,2255,1227,106,2024-12-30 07:27:31.750417
-0003,2305,1226,106,2024-12-30 07:27:31.767031
-0003,2315,1226,106,2024-12-30 07:27:31.783024
-0003,2309,1226,106,2024-12-30 07:27:31.799025
-0004,2329,1226,106,2024-12-30 07:27:31.815029
-0004,2328,1227,106,2024-12-30 07:27:31.831025
-0003,2317,1226,106,2024-12-30 07:27:31.847001
-0003,2309,1226,106,2024-12-30 07:27:31.863001
-0002,2316,1226,106,2024-12-30 07:27:31.879006
-0003,2327,1227,106,2024-12-30 07:27:31.894998
-0003,2323,1226,106,2024-12-30 07:27:31.926745
-0002,2319,1226,106,2024-12-30 07:27:31.943002
-0002,2303,1227,106,2024-12-30 07:27:31.958989
-0003,2322,1226,106,2024-12-30 07:27:31.974977
-0003,2317,1226,106,2024-12-30 07:27:31.990974
-0003,2322,1226,106,2024-12-30 07:27:32.006965
-0004,2304,1226,106,2024-12-30 07:27:32.022970
-0004,2319,1227,106,2024-12-30 07:27:32.038964
-0004,2321,1227,106,2024-12-30 07:27:32.054970
-0003,2322,1226,106,2024-12-30 07:27:32.086319
-0003,2315,1226,106,2024-12-30 07:27:32.102952
-0002,2300,1226,106,2024-12-30 07:27:32.118956
-0003,2307,1226,106,2024-12-30 07:27:32.134948
-0003,2311,1226,106,2024-12-30 07:27:32.150941
-0002,2314,1226,106,2024-12-30 07:27:32.166937
-0003,2318,1226,106,2024-12-30 07:27:32.182945
-0003,2317,1226,106,2024-12-30 07:27:32.198949
-0004,2329,1226,105,2024-12-30 07:27:32.214927
-0004,1943,1226,106,2024-12-30 07:27:32.230915
-0003,2262,1226,106,2024-12-30 07:27:32.262680
-0003,2328,1226,106,2024-12-30 07:27:32.278920
-0003,2309,1226,106,2024-12-30 07:27:32.294914
-0004,2310,1226,106,2024-12-30 07:27:32.310918
-0003,2321,1226,106,2024-12-30 07:27:32.326907
-0003,2306,1226,106,2024-12-30 07:27:32.342901
-0003,2319,1226,106,2024-12-30 07:27:32.358898
-0004,2333,1226,106,2024-12-30 07:27:32.374888
-0003,2309,1226,106,2024-12-30 07:27:32.390894
-0003,2329,1226,106,2024-12-30 07:27:32.422237
-0003,2319,1226,106,2024-12-30 07:27:32.438875
-0003,2321,1226,106,2024-12-30 07:27:32.454872
-0004,2309,1226,106,2024-12-30 07:27:32.470862
-0003,2318,1227,106,2024-12-30 07:27:32.486866
-0004,2309,1227,106,2024-12-30 07:27:32.502864
-0003,2318,1226,106,2024-12-30 07:27:32.518859
-0004,2330,1226,106,2024-12-30 07:27:32.534856
-0003,2315,1227,106,2024-12-30 07:27:32.550863
-0003,2311,1226,106,2024-12-30 07:27:32.566866
-0003,2326,1226,106,2024-12-30 07:27:32.598594
-0003,2308,1226,106,2024-12-30 07:27:32.614841
-0003,2316,1226,106,2024-12-30 07:27:32.630832
-0003,2316,1226,106,2024-12-30 07:27:32.646832
-0003,2314,1227,106,2024-12-30 07:27:32.662838
-0003,2318,1227,106,2024-12-30 07:27:32.678820
-0003,2326,1226,106,2024-12-30 07:27:32.694821
-0003,2321,1226,106,2024-12-30 07:27:32.710810
-0003,2310,1226,105,2024-12-30 07:27:32.726816
-0004,1944,1226,106,2024-12-30 07:27:32.758191
-0003,2256,1226,106,2024-12-30 07:27:32.774809
-0003,2307,1226,106,2024-12-30 07:27:32.790794
-0003,2301,1226,106,2024-12-30 07:27:32.806800
-0004,2326,1226,106,2024-12-30 07:27:32.822792
-0004,2324,1226,106,2024-12-30 07:27:32.838792
-0003,2318,1227,106,2024-12-30 07:27:32.854784
-0003,2307,1226,106,2024-12-30 07:27:32.870782
-0004,2314,1226,106,2024-12-30 07:27:32.886780
-0003,2326,1226,106,2024-12-30 07:27:32.902787
-0003,2315,1226,106,2024-12-30 07:27:32.934559
-0003,2310,1226,106,2024-12-30 07:27:32.950785
-0004,2324,1226,106,2024-12-30 07:27:32.966791
-0003,2315,1226,106,2024-12-30 07:27:32.982789
-0003,2318,1226,106,2024-12-30 07:27:32.998792
-0004,2327,1226,106,2024-12-30 07:27:33.014795
-0004,2324,1227,106,2024-12-30 07:27:33.030798
-0003,2309,1226,106,2024-12-30 07:27:33.046801
-0003,2319,1226,106,2024-12-30 07:27:33.062801
-0003,2327,1226,106,2024-12-30 07:27:33.094090
-0003,2322,1226,106,2024-12-30 07:27:33.110729
-0003,2318,1226,106,2024-12-30 07:27:33.126727
-0004,2332,1226,106,2024-12-30 07:27:33.142728
-0004,2323,1226,106,2024-12-30 07:27:33.158718
-0004,2323,1226,106,2024-12-30 07:27:33.174715
-0003,2328,1226,106,2024-12-30 07:27:33.190713
-0003,2327,1227,106,2024-12-30 07:27:33.206716
-0003,2318,1226,106,2024-12-30 07:27:33.222711
-0003,2332,1226,105,2024-12-30 07:27:33.238709
-0004,1936,1226,106,2024-12-30 07:27:33.270492
-0003,2258,1227,106,2024-12-30 07:27:33.286708
-0004,2327,1226,106,2024-12-30 07:27:33.302696
-0004,2315,1226,106,2024-12-30 07:27:33.318695
-0003,2307,1226,106,2024-12-30 07:27:33.334685
-0003,2314,1226,106,2024-12-30 07:27:33.350684
-0003,2317,1226,106,2024-12-30 07:27:33.366680
-0003,2306,1226,106,2024-12-30 07:27:33.382680
-0003,2322,1226,106,2024-12-30 07:27:33.398676
-0002,2314,1226,106,2024-12-30 07:27:33.430064
-0003,2321,1226,106,2024-12-30 07:27:33.446658
-0003,2325,1227,106,2024-12-30 07:27:33.462653
-0004,2324,1226,106,2024-12-30 07:27:33.478654
-0002,2305,1226,106,2024-12-30 07:27:33.494638
-0004,2306,1226,106,2024-12-30 07:27:33.510643
-0003,2328,1226,106,2024-12-30 07:27:33.526634
-0003,2305,1226,106,2024-12-30 07:27:33.542651
-0002,2320,1226,106,2024-12-30 07:27:33.558634
-0003,2323,1226,106,2024-12-30 07:27:33.574631
-0003,2328,1226,106,2024-12-30 07:27:33.606405
-0003,2305,1226,106,2024-12-30 07:27:33.622624
-0003,2311,1226,106,2024-12-30 07:27:33.638627
-0003,2325,1226,106,2024-12-30 07:27:33.654624
-0003,2312,1226,106,2024-12-30 07:27:33.670613
-0003,2324,1226,106,2024-12-30 07:27:33.686603
-0003,2319,1226,106,2024-12-30 07:27:33.702602
-0002,2301,1226,106,2024-12-30 07:27:33.718595
-0003,2317,1226,106,2024-12-30 07:27:33.734599
-0003,2307,1226,105,2024-12-30 07:27:33.766009
-0004,1939,1226,106,2024-12-30 07:27:33.782589
-0003,2254,1226,106,2024-12-30 07:27:33.798588
-0004,2313,1226,106,2024-12-30 07:27:33.814586
-0004,2319,1226,106,2024-12-30 07:27:33.830574
-0003,2317,1226,106,2024-12-30 07:27:33.846573
-0004,2326,1227,106,2024-12-30 07:27:33.862570
-0004,2326,1226,106,2024-12-30 07:27:33.878569
-0004,2328,1226,106,2024-12-30 07:27:33.894568
-0003,2327,1226,106,2024-12-30 07:27:33.910560
-0004,2318,1226,106,2024-12-30 07:27:33.942329
-0003,2317,1226,106,2024-12-30 07:27:33.958556
-0004,2327,1226,106,2024-12-30 07:27:33.974550
-0003,2308,1226,106,2024-12-30 07:27:33.990548
-0004,2331,1226,106,2024-12-30 07:27:34.006540
-0003,2319,1226,106,2024-12-30 07:27:34.022527
-0004,2324,1226,106,2024-12-30 07:27:34.038523
-0003,2318,1226,106,2024-12-30 07:27:34.054529
-0003,2317,1226,106,2024-12-30 07:27:34.070522
-0003,2312,1227,106,2024-12-30 07:27:34.101932
-0003,2323,1226,106,2024-12-30 07:27:34.118524
-0004,2317,1226,106,2024-12-30 07:27:34.134518
-0002,2301,1226,106,2024-12-30 07:27:34.150502
-0002,2317,1226,106,2024-12-30 07:27:34.166495
-0003,2305,1226,106,2024-12-30 07:27:34.182495
-0004,2310,1226,106,2024-12-30 07:27:34.198484
-0004,2330,1226,106,2024-12-30 07:27:34.214488
-0002,2318,1226,106,2024-12-30 07:27:34.230495
-0004,2332,1226,106,2024-12-30 07:27:34.246507
-0002,2316,1226,105,2024-12-30 07:27:34.278271
-0004,1935,1226,106,2024-12-30 07:27:34.294471
-0004,2253,1226,106,2024-12-30 07:27:34.310464
-0003,2318,1226,106,2024-12-30 07:27:34.326471
-0003,2319,1226,106,2024-12-30 07:27:34.342459
-0003,2307,1226,106,2024-12-30 07:27:34.358451
-0003,2306,1226,106,2024-12-30 07:27:34.374453
-0004,2326,1226,106,2024-12-30 07:27:34.390434
-0003,2316,1226,106,2024-12-30 07:27:34.406431
-0002,2304,1226,106,2024-12-30 07:27:34.437882
-0004,2323,1226,106,2024-12-30 07:27:34.454430
-0003,2310,1226,106,2024-12-30 07:27:34.470427
-0004,2326,1226,106,2024-12-30 07:27:34.486434
-0004,2329,1226,106,2024-12-30 07:27:34.502430
-0004,2305,1226,106,2024-12-30 07:27:34.518418
-0003,2309,1226,106,2024-12-30 07:27:34.534409
-0004,2320,1226,106,2024-12-30 07:27:34.550413
-0003,2305,1226,106,2024-12-30 07:27:34.566404
-0004,2318,1226,106,2024-12-30 07:27:34.582406
-0004,2318,1226,106,2024-12-30 07:27:34.614222
-0003,2317,1226,106,2024-12-30 07:27:34.630392
-0003,2303,1226,106,2024-12-30 07:27:34.646392
-0003,2303,1226,106,2024-12-30 07:27:34.662386
-0003,2313,1226,106,2024-12-30 07:27:34.678378
-0003,2316,1226,106,2024-12-30 07:27:34.694383
-0003,2318,1226,106,2024-12-30 07:27:34.710377
-0003,2317,1226,106,2024-12-30 07:27:34.726374
-0003,2306,1226,106,2024-12-30 07:27:34.742379
-0003,2319,1226,106,2024-12-30 07:27:34.773804
-0003,2322,1226,105,2024-12-30 07:27:34.790361
-0004,1946,1226,106,2024-12-30 07:27:34.806357
-0003,2258,1226,106,2024-12-30 07:27:34.822348
-0003,2314,1226,106,2024-12-30 07:27:34.838349
-0004,2313,1226,106,2024-12-30 07:27:34.854347
-0004,2327,1226,106,2024-12-30 07:27:34.870350
-0003,2304,1226,106,2024-12-30 07:27:34.886340
-0004,2330,1226,106,2024-12-30 07:27:34.902335
-0003,2316,1226,106,2024-12-30 07:27:34.918332
-0004,2326,1226,106,2024-12-30 07:27:34.950149
-0003,2329,1226,106,2024-12-30 07:27:34.966317
-0003,2318,1226,106,2024-12-30 07:27:34.982310
-0004,2328,1226,106,2024-12-30 07:27:34.998311
-0003,2316,1226,106,2024-12-30 07:27:35.014308
-0003,2306,1226,106,2024-12-30 07:27:35.030303
-0004,2331,1226,106,2024-12-30 07:27:35.046300
-0003,2304,1226,106,2024-12-30 07:27:35.062299
-0004,2319,1226,106,2024-12-30 07:27:35.078298
-0003,2312,1226,106,2024-12-30 07:27:35.109751
-0002,2305,1226,106,2024-12-30 07:27:35.126293
-0004,2311,1226,106,2024-12-30 07:27:35.142281
-0004,2318,1226,106,2024-12-30 07:27:35.158272
-0004,2318,1226,106,2024-12-30 07:27:35.174273
-0002,2319,1226,106,2024-12-30 07:27:35.190265
-0004,2303,1226,106,2024-12-30 07:27:35.206275
-0004,2323,1226,106,2024-12-30 07:27:35.222271
-0003,2319,1226,106,2024-12-30 07:27:35.238265
-0005,2330,1226,106,2024-12-30 07:27:35.254256
-0004,2333,1226,106,2024-12-30 07:27:35.286078
-0003,2316,1226,105,2024-12-30 07:27:35.302250
-0005,1938,1226,106,2024-12-30 07:27:35.318251
-0003,2254,1226,106,2024-12-30 07:27:35.334244
-0004,2317,1226,106,2024-12-30 07:27:35.350247
-0004,2316,1226,106,2024-12-30 07:27:35.366236
-0004,2319,1226,106,2024-12-30 07:27:35.382241
-0002,2319,1226,106,2024-12-30 07:27:35.398231
-0004,2326,1226,106,2024-12-30 07:27:35.414231
-0003,2306,1226,106,2024-12-30 07:27:35.445666
-0003,2315,1226,106,2024-12-30 07:27:35.462216
-0003,2327,1226,106,2024-12-30 07:27:35.478224
-0005,2333,1226,106,2024-12-30 07:27:35.494223
-0003,2315,1226,106,2024-12-30 07:27:35.510202
-0004,2322,1226,106,2024-12-30 07:27:35.526200
-0003,2305,1226,106,2024-12-30 07:27:35.542193
-0003,2311,1226,106,2024-12-30 07:27:35.558190
-0004,2325,1226,106,2024-12-30 07:27:35.574190
-0003,2316,1226,106,2024-12-30 07:27:35.590194
-0003,2317,1226,106,2024-12-30 07:27:35.622020
-0004,2326,1226,106,2024-12-30 07:27:35.638169
-0005,2324,1226,106,2024-12-30 07:27:35.654176
-0002,2308,1226,106,2024-12-30 07:27:35.670161
-0003,2327,1226,106,2024-12-30 07:27:35.686168
-0003,2319,1226,106,2024-12-30 07:27:35.702151
-0003,2316,1226,106,2024-12-30 07:27:35.718157
-0004,2319,1226,106,2024-12-30 07:27:35.734153
-0003,2297,1226,106,2024-12-30 07:27:35.750161
-0004,2321,1226,106,2024-12-30 07:27:35.781595
-0003,2317,1226,106,2024-12-30 07:27:35.798146
-0002,2306,1226,105,2024-12-30 07:27:35.814135
-0004,1939,1226,106,2024-12-30 07:27:35.830136
-0003,2260,1226,106,2024-12-30 07:27:35.846139
-0003,2315,1226,106,2024-12-30 07:27:35.862141
-0003,2314,1226,106,2024-12-30 07:27:35.878139
-0003,2303,1226,106,2024-12-30 07:27:35.894148
-0004,2329,1226,106,2024-12-30 07:27:35.910139
-0003,2308,1226,106,2024-12-30 07:27:35.926147
-0004,2325,1226,106,2024-12-30 07:27:35.957991
-0004,2314,1226,106,2024-12-30 07:27:35.974154
-0003,2316,1226,106,2024-12-30 07:27:35.990153
-0004,2313,1226,106,2024-12-30 07:27:36.006155
-0004,2306,1226,106,2024-12-30 07:27:36.022084
-0003,2323,1226,106,2024-12-30 07:27:36.038092
-0004,2319,1226,106,2024-12-30 07:27:36.054082
-0003,2318,1226,106,2024-12-30 07:27:36.070082
-0003,2307,1226,106,2024-12-30 07:27:36.086074
-0003,2320,1226,106,2024-12-30 07:27:36.117542
-0003,2312,1226,106,2024-12-30 07:27:36.134058
-0003,2308,1226,106,2024-12-30 07:27:36.150062
-0004,2310,1226,106,2024-12-30 07:27:36.166050
-0004,2316,1226,106,2024-12-30 07:27:36.182054
-0004,2326,1226,106,2024-12-30 07:27:36.198053
-0004,2324,1226,106,2024-12-30 07:27:36.214045
-0003,2305,1226,106,2024-12-30 07:27:36.230048
-0004,2317,1226,106,2024-12-30 07:27:36.246049
-0004,2311,1226,106,2024-12-30 07:27:36.262044
-0003,2310,1226,106,2024-12-30 07:27:36.293894
-0004,2320,1226,106,2024-12-30 07:27:36.310043
-0003,2303,1226,105,2024-12-30 07:27:36.326017
-0004,1943,1226,106,2024-12-30 07:27:36.342018
-0003,2256,1226,106,2024-12-30 07:27:36.358004
-0003,2317,1226,106,2024-12-30 07:27:36.374007
-0004,2308,1226,106,2024-12-30 07:27:36.390000
-0003,2318,1226,106,2024-12-30 07:27:36.406000
-0003,2320,1226,106,2024-12-30 07:27:36.421999
-0003,2328,1226,106,2024-12-30 07:27:36.453502
-0003,2320,1226,106,2024-12-30 07:27:36.469986
-0003,2319,1226,106,2024-12-30 07:27:36.485989
-0004,2330,1226,106,2024-12-30 07:27:36.501983
-0004,2324,1226,106,2024-12-30 07:27:36.517986
-0004,2322,1226,106,2024-12-30 07:27:36.533972
-0003,2322,1226,106,2024-12-30 07:27:36.549974
-0004,2329,1226,106,2024-12-30 07:27:36.565977
-0004,2319,1226,106,2024-12-30 07:27:36.581958
-0004,2312,1226,106,2024-12-30 07:27:36.597962
-0004,2320,1226,106,2024-12-30 07:27:36.629831
-0003,2322,1226,106,2024-12-30 07:27:36.645951
-0004,2318,1226,106,2024-12-30 07:27:36.661948
-0004,2321,1226,106,2024-12-30 07:27:36.677942
-0004,2306,1226,106,2024-12-30 07:27:36.693933
-0003,2318,1226,106,2024-12-30 07:27:36.709939
-0004,2317,1226,106,2024-12-30 07:27:36.725933
-0003,2312,1226,106,2024-12-30 07:27:36.741931
-0003,2311,1226,106,2024-12-30 07:27:36.757922
-0004,2315,1226,106,2024-12-30 07:27:36.789426
-0003,2300,1226,106,2024-12-30 07:27:36.805914
-0003,2309,1226,106,2024-12-30 07:27:36.821909
-0004,2317,1225,105,2024-12-30 07:27:36.837905
-0004,1947,1226,106,2024-12-30 07:27:36.853906
-0004,2257,1226,106,2024-12-30 07:27:36.869898
-0003,2317,1225,106,2024-12-30 07:27:36.885900
-0004,2320,1226,106,2024-12-30 07:27:36.901894
-0004,2332,1225,106,2024-12-30 07:27:36.917900
-0003,2311,1226,106,2024-12-30 07:27:36.933898
-0003,2304,1226,106,2024-12-30 07:27:36.965755
-0004,2333,1226,106,2024-12-30 07:27:36.981880
-0004,2319,1226,106,2024-12-30 07:27:36.997875
-0004,2319,1226,106,2024-12-30 07:27:37.013869
-0002,2308,1226,106,2024-12-30 07:27:37.029863
-0004,2308,1226,106,2024-12-30 07:27:37.045869
-0003,2313,1226,106,2024-12-30 07:27:37.061852
-0005,2330,1226,106,2024-12-30 07:27:37.077855
-0004,2331,1226,106,2024-12-30 07:27:37.093848
-0004,2308,1226,106,2024-12-30 07:27:37.125353
-0003,2314,1226,106,2024-12-30 07:27:37.141838
-0004,2315,1226,106,2024-12-30 07:27:37.157839
-0004,2306,1226,106,2024-12-30 07:27:37.173832
-0004,2331,1225,106,2024-12-30 07:27:37.189836
-0003,2317,1226,106,2024-12-30 07:27:37.205824
-0004,2309,1226,106,2024-12-30 07:27:37.221826
-0003,2315,1225,106,2024-12-30 07:27:37.237831
-0003,2318,1226,106,2024-12-30 07:27:37.253809
-0003,2315,1225,106,2024-12-30 07:27:37.269809
-0004,2312,1225,106,2024-12-30 07:27:37.301717
-0003,2317,1225,106,2024-12-30 07:27:37.317811
-0004,2323,1226,106,2024-12-30 07:27:37.333792
-0003,2315,1226,105,2024-12-30 07:27:37.349796
-0004,1931,1225,106,2024-12-30 07:27:37.365786
-0003,2253,1225,106,2024-12-30 07:27:37.381796
-0003,2304,1226,106,2024-12-30 07:27:37.397789
-0004,2307,1226,106,2024-12-30 07:27:37.413789
-0003,2296,1225,106,2024-12-30 07:27:37.429771
-0004,2334,1226,106,2024-12-30 07:27:37.461315
-0003,2305,1226,106,2024-12-30 07:27:37.477764
-0004,2304,1226,106,2024-12-30 07:27:37.493766
-0005,2325,1226,106,2024-12-30 07:27:37.509758
-0003,2315,1225,106,2024-12-30 07:27:37.525758
-0003,2315,1225,106,2024-12-30 07:27:37.541750
-0005,2305,1225,106,2024-12-30 07:27:37.557755
-0003,2317,1226,106,2024-12-30 07:27:37.573743
-0003,2305,1225,106,2024-12-30 07:27:37.589751
-0004,2307,1225,106,2024-12-30 07:27:37.605739
-0004,2316,1226,106,2024-12-30 07:27:37.637644
-0003,2316,1226,106,2024-12-30 07:27:37.653737
-0005,2327,1225,106,2024-12-30 07:27:37.669738
-0004,2319,1226,106,2024-12-30 07:27:37.686003
-0004,2327,1226,106,2024-12-30 07:27:37.701739
-0003,2313,1226,106,2024-12-30 07:27:37.717719
-0003,2306,1226,106,2024-12-30 07:27:37.733716
-0004,2314,1225,106,2024-12-30 07:27:37.749713
-0004,2322,1226,106,2024-12-30 07:27:37.765711
-0003,2316,1226,106,2024-12-30 07:27:37.797246
-0004,2305,1225,106,2024-12-30 07:27:37.813712
-0004,2319,1226,106,2024-12-30 07:27:37.829691
-0004,2329,1226,106,2024-12-30 07:27:37.845693
-0003,2316,1226,105,2024-12-30 07:27:37.861688
-0004,1940,1225,106,2024-12-30 07:27:37.877730
-0004,2262,1225,106,2024-12-30 07:27:37.893688
-0003,2300,1226,106,2024-12-30 07:27:37.909681
-0004,2327,1225,106,2024-12-30 07:27:37.925668
-0003,2316,1226,106,2024-12-30 07:27:37.941669
-0004,2327,1226,106,2024-12-30 07:27:37.973606
-0004,2318,1226,106,2024-12-30 07:27:37.989660
-0004,2303,1225,106,2024-12-30 07:27:38.005660
-0004,2326,1225,106,2024-12-30 07:27:38.021661
-0004,2315,1225,106,2024-12-30 07:27:38.037656
-0005,2326,1225,106,2024-12-30 07:27:38.053644
-0004,2329,1226,106,2024-12-30 07:27:38.069647
-0004,2319,1226,106,2024-12-30 07:27:38.085643
-0003,2319,1225,106,2024-12-30 07:27:38.101628
-0004,2330,1225,106,2024-12-30 07:27:38.133201
-0004,2302,1225,106,2024-12-30 07:27:38.149617
-0005,2316,1225,106,2024-12-30 07:27:38.165618
-0003,2306,1226,106,2024-12-30 07:27:38.181614
-0003,2318,1226,106,2024-12-30 07:27:38.197608
-0003,2314,1226,106,2024-12-30 07:27:38.213601
-0004,2326,1225,106,2024-12-30 07:27:38.229605
-0004,2302,1225,106,2024-12-30 07:27:38.245614
-0003,2320,1225,106,2024-12-30 07:27:38.261602
-0002,2317,1225,106,2024-12-30 07:27:38.277595
-0004,2332,1225,106,2024-12-30 07:27:38.309557
-0004,2329,1225,106,2024-12-30 07:27:38.325601
-0003,2314,1225,106,2024-12-30 07:27:38.341596
-0003,2318,1226,106,2024-12-30 07:27:38.357582
-0005,2324,1226,105,2024-12-30 07:27:38.373583
-0005,1942,1225,106,2024-12-30 07:27:38.389582
-0003,2254,1225,106,2024-12-30 07:27:38.405582
-0004,2309,1225,106,2024-12-30 07:27:38.421560
-0004,2322,1225,106,2024-12-30 07:27:38.437553
-0003,2318,1225,106,2024-12-30 07:27:38.469145
-0004,2304,1226,106,2024-12-30 07:27:38.485553
-0005,2323,1225,106,2024-12-30 07:27:38.501546
-0004,2307,1225,106,2024-12-30 07:27:38.517551
-0003,2318,1225,106,2024-12-30 07:27:38.533534
-0004,2305,1226,106,2024-12-30 07:27:38.549540
-0004,2307,1226,106,2024-12-30 07:27:38.565529
-0003,2321,1226,106,2024-12-30 07:27:38.581534
-0003,2307,1225,106,2024-12-30 07:27:38.597522
-0005,2332,1225,106,2024-12-30 07:27:38.613517
-0004,2305,1226,106,2024-12-30 07:27:38.645491
-0004,2300,1225,106,2024-12-30 07:27:38.661513
-0003,2301,1225,106,2024-12-30 07:27:38.677506
-0003,2313,1225,106,2024-12-30 07:27:38.693503
-0003,2311,1225,106,2024-12-30 07:27:38.709499
-0004,2317,1225,106,2024-12-30 07:27:38.725488
-0003,2308,1225,106,2024-12-30 07:27:38.741497
-0004,2321,1225,106,2024-12-30 07:27:38.757498
-0004,2322,1225,106,2024-12-30 07:27:38.773499
-0004,2318,1225,106,2024-12-30 07:27:38.805081
-0004,2304,1225,106,2024-12-30 07:27:38.821503
-0004,2305,1226,106,2024-12-30 07:27:38.837503
-0003,2317,1225,106,2024-12-30 07:27:38.853505
-0004,2304,1225,106,2024-12-30 07:27:38.869509
-0003,2304,1225,105,2024-12-30 07:27:38.885506
-0004,1955,1225,106,2024-12-30 07:27:38.901513
-0004,2258,1225,106,2024-12-30 07:27:38.917513
-0005,2311,1225,106,2024-12-30 07:27:38.933517
-0003,2314,1226,106,2024-12-30 07:27:38.949446
-0004,2319,1226,106,2024-12-30 07:27:38.981426
-0004,2322,1225,106,2024-12-30 07:27:38.997449
-0005,2319,1225,106,2024-12-30 07:27:39.013437
-0004,2305,1225,106,2024-12-30 07:27:39.029428
-0003,2310,1225,106,2024-12-30 07:27:39.045428
-0004,2319,1225,106,2024-12-30 07:27:39.061419
-0003,2315,1225,106,2024-12-30 07:27:39.077422
-0004,2314,1225,106,2024-12-30 07:27:39.093414
-0004,2315,1225,106,2024-12-30 07:27:39.109418
-0005,2330,1225,106,2024-12-30 07:27:39.141002
-0003,2315,1225,106,2024-12-30 07:27:39.157408
-0004,2313,1225,106,2024-12-30 07:27:39.173399
-0004,2330,1225,106,2024-12-30 07:27:39.189398
-0004,2329,1225,106,2024-12-30 07:27:39.205397
-0004,2300,1225,106,2024-12-30 07:27:39.221401
-0004,2308,1225,106,2024-12-30 07:27:39.237401
-0006,2327,1225,106,2024-12-30 07:27:39.253381
-0003,2316,1225,106,2024-12-30 07:27:39.269380
-0003,2313,1225,106,2024-12-30 07:27:39.285375
-0004,2308,1225,106,2024-12-30 07:27:39.317349
-0005,2330,1225,106,2024-12-30 07:27:39.333373
-0003,2319,1225,106,2024-12-30 07:27:39.349362
-0004,2321,1225,106,2024-12-30 07:27:39.365357
-0004,2315,1225,106,2024-12-30 07:27:39.381352
-0004,2335,1225,105,2024-12-30 07:27:39.397344
-0005,1933,1225,106,2024-12-30 07:27:39.413342
-0004,2261,1225,106,2024-12-30 07:27:39.429340
-0004,2331,1225,106,2024-12-30 07:27:39.445341
-0003,2321,1225,106,2024-12-30 07:27:39.476935
-0004,2305,1225,106,2024-12-30 07:27:39.493336
-0003,2316,1225,106,2024-12-30 07:27:39.509323
-0004,2318,1225,106,2024-12-30 07:27:39.525325
-0004,2304,1225,106,2024-12-30 07:27:39.541310
-0004,2305,1225,106,2024-12-30 07:27:39.557310
-0003,2319,1225,106,2024-12-30 07:27:39.573311
-0005,2314,1225,106,2024-12-30 07:27:39.589309
-0004,2321,1225,106,2024-12-30 07:27:39.605311
-0004,2332,1225,106,2024-12-30 07:27:39.621301
-0004,2311,1225,106,2024-12-30 07:27:39.653253
-0004,2325,1225,106,2024-12-30 07:27:39.669298
-0004,2306,1225,106,2024-12-30 07:27:39.685289
-0005,2331,1225,106,2024-12-30 07:27:39.701288
-0004,2321,1225,106,2024-12-30 07:27:39.717278
-0004,2332,1225,106,2024-12-30 07:27:39.733278
-0003,2303,1225,106,2024-12-30 07:27:39.749280
-0005,2338,1225,106,2024-12-30 07:27:39.765267
-0004,2306,1225,106,2024-12-30 07:27:39.781267
-0004,2331,1225,106,2024-12-30 07:27:39.812861
-0003,2319,1225,106,2024-12-30 07:27:39.829258
-0005,2318,1225,106,2024-12-30 07:27:39.845257
-0004,2302,1225,106,2024-12-30 07:27:39.861260
-0004,2303,1225,106,2024-12-30 07:27:39.877242
-0004,2320,1225,106,2024-12-30 07:27:39.893246
-0004,2305,1225,105,2024-12-30 07:27:39.909242
-0004,1945,1225,106,2024-12-30 07:27:39.925240
-0003,2255,1225,106,2024-12-30 07:27:39.941237
-0003,2316,1225,106,2024-12-30 07:27:39.957239
-0003,2314,1225,106,2024-12-30 07:27:39.989203
-0004,2309,1225,106,2024-12-30 07:27:40.005231
-0003,2318,1225,106,2024-12-30 07:27:40.021216
-0003,2309,1225,106,2024-12-30 07:27:40.037216
-0003,2320,1225,106,2024-12-30 07:27:40.053209
-0004,2328,1225,106,2024-12-30 07:27:40.069213
-0004,2332,1225,106,2024-12-30 07:27:40.085203
-0004,2309,1225,106,2024-12-30 07:27:40.101207
-0004,2326,1225,106,2024-12-30 07:27:40.117203
-0003,2319,1225,106,2024-12-30 07:27:40.148822
-0004,2328,1225,106,2024-12-30 07:27:40.165188
-0005,2323,1225,106,2024-12-30 07:27:40.181185
-0003,2308,1225,106,2024-12-30 07:27:40.197180
-0004,2317,1225,106,2024-12-30 07:27:40.213181
-0004,2303,1225,106,2024-12-30 07:27:40.229183
-0003,2317,1225,106,2024-12-30 07:27:40.245175
-0004,2321,1225,106,2024-12-30 07:27:40.261170
-0004,2327,1225,106,2024-12-30 07:27:40.277158
-0004,2311,1225,106,2024-12-30 07:27:40.293160
-0003,2324,1225,106,2024-12-30 07:27:40.325132
-0003,2301,1225,106,2024-12-30 07:27:40.341158
-0003,2318,1225,106,2024-12-30 07:27:40.357141
-0004,2316,1225,106,2024-12-30 07:27:40.373138
-0004,2320,1225,106,2024-12-30 07:27:40.389139
-0004,2320,1225,106,2024-12-30 07:27:40.405136
-0004,2317,1225,105,2024-12-30 07:27:40.421126
-0005,1951,1225,106,2024-12-30 07:27:40.437127
-0003,2260,1225,106,2024-12-30 07:27:40.453125
-0003,2309,1225,106,2024-12-30 07:27:40.484746
-0004,2323,1225,106,2024-12-30 07:27:40.501110
-0003,2315,1225,106,2024-12-30 07:27:40.517112
-0004,2319,1225,106,2024-12-30 07:27:40.533102
-0004,2320,1225,106,2024-12-30 07:27:40.549106
-0003,2307,1225,106,2024-12-30 07:27:40.565095
-0004,2299,1225,106,2024-12-30 07:27:40.581100
-0004,2317,1225,106,2024-12-30 07:27:40.597101
-0004,2304,1225,106,2024-12-30 07:27:40.613087
-0004,2321,1225,106,2024-12-30 07:27:40.629088
-0004,2306,1225,106,2024-12-30 07:27:40.661074
-0003,2321,1225,106,2024-12-30 07:27:40.677073
-0003,2317,1225,106,2024-12-30 07:27:40.693070
-0004,2307,1225,106,2024-12-30 07:27:40.709070
-0004,2319,1225,106,2024-12-30 07:27:40.725063
-0003,2316,1225,106,2024-12-30 07:27:40.741065
-0004,2306,1225,106,2024-12-30 07:27:40.757059
-0003,2308,1225,106,2024-12-30 07:27:40.773058
-0005,2328,1225,106,2024-12-30 07:27:40.789053
-0004,2320,1225,106,2024-12-30 07:27:40.820671
-0003,2311,1225,106,2024-12-30 07:27:40.837034
-0004,2303,1225,106,2024-12-30 07:27:40.853037
-0004,2318,1225,106,2024-12-30 07:27:40.869033
-0004,2330,1225,106,2024-12-30 07:27:40.885030
-0004,2319,1225,106,2024-12-30 07:27:40.901021
-0004,2321,1225,106,2024-12-30 07:27:40.917026
-0004,2308,1225,105,2024-12-30 07:27:40.933018
-0005,1931,1225,106,2024-12-30 07:27:40.949014
-0004,2257,1225,106,2024-12-30 07:27:40.965020
-0004,2306,1225,106,2024-12-30 07:27:40.997016
-0004,2314,1225,106,2024-12-30 07:27:41.013004
-0004,2315,1225,106,2024-12-30 07:27:41.029010
-0003,2315,1225,106,2024-12-30 07:27:41.044997
-0003,2300,1225,106,2024-12-30 07:27:41.060995
-0004,2327,1225,106,2024-12-30 07:27:41.076996
-0004,2329,1225,106,2024-12-30 07:27:41.092983
-0004,2308,1225,106,2024-12-30 07:27:41.108985
-0004,2305,1225,106,2024-12-30 07:27:41.124981
-0004,2320,1225,106,2024-12-30 07:27:41.156600
-0004,2322,1225,106,2024-12-30 07:27:41.172967
-0004,2314,1225,106,2024-12-30 07:27:41.188964
-0002,2313,1225,106,2024-12-30 07:27:41.204964
-0004,2314,1224,106,2024-12-30 07:27:41.220957
-0004,2325,1224,106,2024-12-30 07:27:41.236958
-0003,2312,1224,106,2024-12-30 07:27:41.252947
-0005,2319,1225,106,2024-12-30 07:27:41.268945
-0003,2302,1225,106,2024-12-30 07:27:41.284942
-0003,2316,1225,106,2024-12-30 07:27:41.300953
-0004,2314,1225,106,2024-12-30 07:27:41.332947
-0003,2296,1225,106,2024-12-30 07:27:41.348928
-0004,2326,1225,106,2024-12-30 07:27:41.364934
-0003,2306,1225,106,2024-12-30 07:27:41.380916
-0004,2315,1225,106,2024-12-30 07:27:41.396923
-0004,2316,1225,106,2024-12-30 07:27:41.412917
-0003,2303,1225,106,2024-12-30 07:27:41.428914
-0004,2318,1224,105,2024-12-30 07:27:41.444911
-0005,1929,1225,106,2024-12-30 07:27:41.460899
-0004,2256,1224,106,2024-12-30 07:27:41.492544
-0004,2304,1224,106,2024-12-30 07:27:41.508901
-0003,2314,1225,106,2024-12-30 07:27:41.524891
-0004,2301,1225,106,2024-12-30 07:27:41.540880
-0004,2314,1224,106,2024-12-30 07:27:41.556881
-0003,2303,1225,106,2024-12-30 07:27:41.572881
-0004,2324,1224,106,2024-12-30 07:27:41.588877
-0004,2327,1225,106,2024-12-30 07:27:41.604868
-0003,2315,1225,106,2024-12-30 07:27:41.620875
-0004,2324,1224,106,2024-12-30 07:27:41.636865
-0003,2312,1225,106,2024-12-30 07:27:41.668856
-0005,2327,1225,106,2024-12-30 07:27:41.684860
-0004,2299,1224,106,2024-12-30 07:27:41.700864
-0003,2302,1225,106,2024-12-30 07:27:41.716858
-0004,2327,1225,106,2024-12-30 07:27:41.732866
-0006,2331,1225,106,2024-12-30 07:27:41.748872
-0005,2328,1225,106,2024-12-30 07:27:41.764867
-0004,2330,1225,106,2024-12-30 07:27:41.780866
-0005,2323,1224,106,2024-12-30 07:27:41.796871
-0004,2305,1224,106,2024-12-30 07:27:41.828511
-0004,2307,1224,106,2024-12-30 07:27:41.844887
-0004,2304,1224,106,2024-12-30 07:27:41.860875
-0004,2303,1224,106,2024-12-30 07:27:41.876811
-0004,2329,1224,106,2024-12-30 07:27:41.892814
-0004,2317,1225,106,2024-12-30 07:27:41.908805
-0004,2308,1224,106,2024-12-30 07:27:41.924802
-0003,2305,1224,106,2024-12-30 07:27:41.940795
-0004,2300,1224,105,2024-12-30 07:27:41.956789
-0005,1925,1225,106,2024-12-30 07:27:41.972793
-0003,2254,1224,106,2024-12-30 07:27:42.004787
-0003,2316,1224,106,2024-12-30 07:27:42.020787
-0005,2320,1225,106,2024-12-30 07:27:42.036782
-0005,2299,1224,106,2024-12-30 07:27:42.052779
-0004,2336,1225,106,2024-12-30 07:27:42.068765
-0003,2315,1224,106,2024-12-30 07:27:42.084767
-0005,2303,1224,106,2024-12-30 07:27:42.100762
-0004,2301,1225,106,2024-12-30 07:27:42.116752
-0003,2300,1225,106,2024-12-30 07:27:42.132751
-0005,2305,1224,106,2024-12-30 07:27:42.164412
-0003,2313,1224,106,2024-12-30 07:27:42.180738
-0003,2316,1225,106,2024-12-30 07:27:42.196745
-0004,2317,1224,106,2024-12-30 07:27:42.212729
-0003,2300,1224,106,2024-12-30 07:27:42.228738
-0004,2315,1225,106,2024-12-30 07:27:42.244742
-0004,2323,1224,106,2024-12-30 07:27:42.260726
-0004,2314,1224,106,2024-12-30 07:27:42.276725
-0004,2320,1225,106,2024-12-30 07:27:42.292712
-0005,2320,1224,106,2024-12-30 07:27:42.308716
-0003,2299,1225,106,2024-12-30 07:27:42.340714
-0003,2304,1225,106,2024-12-30 07:27:42.356708
-0004,2320,1224,106,2024-12-30 07:27:42.372709
-0003,2314,1224,106,2024-12-30 07:27:42.388698
-0004,2311,1224,106,2024-12-30 07:27:42.404695
-0004,2322,1225,106,2024-12-30 07:27:42.420705
-0003,2317,1224,106,2024-12-30 07:27:42.436690
-0005,2318,1224,106,2024-12-30 07:27:42.452686
-0004,2316,1224,105,2024-12-30 07:27:42.468679
-0004,1928,1224,106,2024-12-30 07:27:42.500365
-0004,2257,1224,106,2024-12-30 07:27:42.516672
-0004,2313,1224,106,2024-12-30 07:27:42.532677
-0003,2317,1224,106,2024-12-30 07:27:42.548660
-0004,2324,1224,106,2024-12-30 07:27:42.564657
-0004,2315,1225,106,2024-12-30 07:27:42.580659
-0004,2307,1224,106,2024-12-30 07:27:42.596659
-0004,2313,1224,106,2024-12-30 07:27:42.612648
-0004,2303,1224,106,2024-12-30 07:27:42.628653
-0004,2321,1225,106,2024-12-30 07:27:42.659954
-0004,2316,1224,106,2024-12-30 07:27:42.676642
-0004,2301,1224,106,2024-12-30 07:27:42.692630
-0003,2319,1224,106,2024-12-30 07:27:42.708633
-0004,2307,1224,106,2024-12-30 07:27:42.724617
-0005,2325,1224,106,2024-12-30 07:27:42.740622
-0004,2313,1224,106,2024-12-30 07:27:42.756623
-0004,2300,1225,106,2024-12-30 07:27:42.772625
-0003,2314,1224,106,2024-12-30 07:27:42.788621
-0004,2317,1224,106,2024-12-30 07:27:42.804607
-0005,2319,1224,106,2024-12-30 07:27:42.836306
-0003,2315,1224,106,2024-12-30 07:27:42.852594
-0003,2313,1224,106,2024-12-30 07:27:42.868594
-0004,2320,1224,106,2024-12-30 07:27:42.884592
-0005,2322,1224,106,2024-12-30 07:27:42.900589
-0004,2315,1224,106,2024-12-30 07:27:42.916580
-0004,2298,1224,106,2024-12-30 07:27:42.932581
-0005,2302,1224,106,2024-12-30 07:27:42.948575
-0003,2311,1225,106,2024-12-30 07:27:42.964580
-0004,2301,1224,105,2024-12-30 07:27:42.995891
-0005,1926,1224,106,2024-12-30 07:27:43.012563
-0004,2249,1224,106,2024-12-30 07:27:43.028566
-0003,2308,1224,106,2024-12-30 07:27:43.044562
-0004,2317,1224,106,2024-12-30 07:27:43.060556
-0005,2327,1224,106,2024-12-30 07:27:43.076551
-0004,2317,1224,106,2024-12-30 07:27:43.092548
-0005,2321,1224,106,2024-12-30 07:27:43.108554
-0004,2299,1225,106,2024-12-30 07:27:43.124543
-0004,2301,1224,106,2024-12-30 07:27:43.140542
-0004,2319,1224,106,2024-12-30 07:27:43.172228
-0004,2304,1224,106,2024-12-30 07:27:43.188533
-0003,2297,1224,106,2024-12-30 07:27:43.204524
-0004,2311,1224,106,2024-12-30 07:27:43.220530
-0003,2315,1224,106,2024-12-30 07:27:43.236524
-0004,2313,1224,106,2024-12-30 07:27:43.252528
-0003,2317,1224,106,2024-12-30 07:27:43.268541
-0004,2322,1224,106,2024-12-30 07:27:43.284512
-0004,2325,1224,106,2024-12-30 07:27:43.300507
-0003,2314,1224,106,2024-12-30 07:27:43.331847
-0005,2321,1224,106,2024-12-30 07:27:43.348490
-0005,2325,1224,106,2024-12-30 07:27:43.364493
-0004,2311,1224,106,2024-12-30 07:27:43.380491
-0003,2304,1224,106,2024-12-30 07:27:43.396491
-0004,2298,1224,106,2024-12-30 07:27:43.412483
-0004,2304,1224,106,2024-12-30 07:27:43.428477
-0004,2299,1224,106,2024-12-30 07:27:43.444480
-0005,2320,1224,106,2024-12-30 07:27:43.460472
-0004,2313,1224,106,2024-12-30 07:27:43.476468
-0004,2297,1224,105,2024-12-30 07:27:43.508178
-0004,1919,1224,106,2024-12-30 07:27:43.524466
-0004,2246,1224,106,2024-12-30 07:27:43.540446
-0003,2314,1224,106,2024-12-30 07:27:43.556455
-0004,2310,1224,106,2024-12-30 07:27:43.572448
-0004,2314,1224,106,2024-12-30 07:27:43.588439
-0003,2311,1224,106,2024-12-30 07:27:43.604443
-0004,2322,1224,106,2024-12-30 07:27:43.620435
-0004,2315,1224,106,2024-12-30 07:27:43.636437
-0003,2312,1224,106,2024-12-30 07:27:43.667779
-0003,2299,1224,106,2024-12-30 07:27:43.684422
-0005,2324,1224,106,2024-12-30 07:27:43.700422
-0005,2303,1224,106,2024-12-30 07:27:43.716415
-0004,2311,1224,106,2024-12-30 07:27:43.732418
-0005,2323,1224,106,2024-12-30 07:27:43.748411
-0003,2308,1224,106,2024-12-30 07:27:43.764406
-0003,2313,1224,106,2024-12-30 07:27:43.780405
-0004,2302,1224,106,2024-12-30 07:27:43.796393
-0003,2305,1224,106,2024-12-30 07:27:43.812396
-0004,2304,1224,106,2024-12-30 07:27:43.844127
-0003,2299,1224,106,2024-12-30 07:27:43.860383
-0004,2316,1224,106,2024-12-30 07:27:43.876386
-0004,2313,1224,106,2024-12-30 07:27:43.892390
-0004,2311,1224,106,2024-12-30 07:27:43.908389
-0003,2298,1224,106,2024-12-30 07:27:43.924373
-0003,2313,1225,106,2024-12-30 07:27:43.940368
-0003,2305,1224,106,2024-12-30 07:27:43.956355
-0004,2304,1224,106,2024-12-30 07:27:43.972361
-0004,2303,1224,106,2024-12-30 07:27:44.003704
-0003,2308,1224,105,2024-12-30 07:27:44.020346
-0005,1931,1224,106,2024-12-30 07:27:44.036348
-0004,2250,1224,106,2024-12-30 07:27:44.052338
-0004,2301,1224,106,2024-12-30 07:27:44.068346
-0003,2310,1224,106,2024-12-30 07:27:44.084337
-0004,2318,1224,106,2024-12-30 07:27:44.100329
-0004,2315,1224,106,2024-12-30 07:27:44.116327
-0005,2315,1224,106,2024-12-30 07:27:44.132323
-0004,2301,1224,106,2024-12-30 07:27:44.148322
-0005,2319,1224,106,2024-12-30 07:27:44.180066
-0004,2314,1224,106,2024-12-30 07:27:44.196305
-0004,2316,1224,106,2024-12-30 07:27:44.212312
-0004,2300,1224,106,2024-12-30 07:27:44.228307
-0005,2315,1224,106,2024-12-30 07:27:44.244311
-0004,2296,1224,106,2024-12-30 07:27:44.260315
-0003,2312,1224,106,2024-12-30 07:27:44.276290
-0005,2319,1224,106,2024-12-30 07:27:44.292291
-0003,2313,1224,106,2024-12-30 07:27:44.308377
-0004,2306,1224,106,2024-12-30 07:27:44.339662
-0004,2313,1224,106,2024-12-30 07:27:44.356287
-0003,2312,1224,106,2024-12-30 07:27:44.372292
-0004,2324,1224,106,2024-12-30 07:27:44.388266
-0005,2313,1224,106,2024-12-30 07:27:44.404283
-0003,2321,1224,106,2024-12-30 07:27:44.420262
-0004,2306,1224,106,2024-12-30 07:27:44.436262
-0003,2304,1224,106,2024-12-30 07:27:44.452256
-0004,2312,1224,106,2024-12-30 07:27:44.468246
-0004,2310,1224,106,2024-12-30 07:27:44.484255
-0005,2318,1224,106,2024-12-30 07:27:44.515978
-0005,2325,1224,105,2024-12-30 07:27:44.532236
-0004,1920,1224,106,2024-12-30 07:27:44.548242
-0003,2254,1224,106,2024-12-30 07:27:44.564231
-0005,2319,1224,106,2024-12-30 07:27:44.580219
-0004,2324,1224,106,2024-12-30 07:27:44.596216
-0004,2316,1224,106,2024-12-30 07:27:44.612226
-0003,2311,1224,106,2024-12-30 07:27:44.628228
-0005,2304,1224,106,2024-12-30 07:27:44.644222
-0005,2312,1224,106,2024-12-30 07:27:44.675603
-0004,2305,1224,106,2024-12-30 07:27:44.692236
-0004,2305,1224,106,2024-12-30 07:27:44.708232
-0005,2299,1224,106,2024-12-30 07:27:44.724236
-0003,2310,1224,106,2024-12-30 07:27:44.740248
-0004,2323,1224,106,2024-12-30 07:27:44.756233
-0004,2296,1224,106,2024-12-30 07:27:44.772241
-0005,2298,1224,106,2024-12-30 07:27:44.788246
-0004,2299,1224,106,2024-12-30 07:27:44.804183
-0004,2311,1224,106,2024-12-30 07:27:44.820166
-0004,2310,1224,106,2024-12-30 07:27:44.851915
-0004,2310,1224,106,2024-12-30 07:27:44.868162
-0004,2313,1224,106,2024-12-30 07:27:44.884163
-0003,2313,1224,106,2024-12-30 07:27:44.900161
-0004,2310,1224,106,2024-12-30 07:27:44.916150
-0004,2296,1224,106,2024-12-30 07:27:44.932152
-0003,2304,1224,106,2024-12-30 07:27:44.948149
-0003,2312,1224,106,2024-12-30 07:27:44.964145
-0005,2316,1224,106,2024-12-30 07:27:44.980145
-0003,2300,1224,106,2024-12-30 07:27:45.011521
-0004,2314,1224,106,2024-12-30 07:27:45.028128
-0004,2320,1224,105,2024-12-30 07:27:45.044118
-0005,1928,1224,106,2024-12-30 07:27:45.060115
-0004,2246,1223,106,2024-12-30 07:27:45.076117
-0004,2295,1224,106,2024-12-30 07:27:45.092120
-0004,2299,1224,106,2024-12-30 07:27:45.108109
-0004,2298,1224,106,2024-12-30 07:27:45.124108
-0004,2298,1224,106,2024-12-30 07:27:45.140101
-0004,2298,1224,106,2024-12-30 07:27:45.156089
-0005,2313,1224,106,2024-12-30 07:27:45.187851
-0004,2297,1224,106,2024-12-30 07:27:45.204088
-0003,2307,1224,106,2024-12-30 07:27:45.220082
-0004,2322,1224,106,2024-12-30 07:27:45.236089
-0004,2316,1224,106,2024-12-30 07:27:45.252089
-0004,2306,1224,106,2024-12-30 07:27:45.268072
-0004,2297,1224,106,2024-12-30 07:27:45.284072
-0005,2312,1224,106,2024-12-30 07:27:45.300073
-0004,2312,1224,106,2024-12-30 07:27:45.316072
-0004,2294,1224,106,2024-12-30 07:27:45.347456
-0003,2308,1224,106,2024-12-30 07:27:45.364053
-0004,2318,1224,106,2024-12-30 07:27:45.380043
-0003,2295,1224,106,2024-12-30 07:27:45.396043
-0004,2322,1224,106,2024-12-30 07:27:45.412034
-0005,2317,1223,106,2024-12-30 07:27:45.428037
-0004,2293,1224,106,2024-12-30 07:27:45.444037
-0004,2301,1224,106,2024-12-30 07:27:45.460038
-0004,2298,1224,106,2024-12-30 07:27:45.476024
-0004,2296,1224,106,2024-12-30 07:27:45.492018
-0004,2315,1224,106,2024-12-30 07:27:45.523802
-0004,2322,1224,106,2024-12-30 07:27:45.540019
-0004,2306,1224,105,2024-12-30 07:27:45.556005
-0005,1925,1224,106,2024-12-30 07:27:45.571994
-0003,2249,1224,106,2024-12-30 07:27:45.588001
-0004,2310,1224,106,2024-12-30 07:27:45.604006
-0005,2314,1224,106,2024-12-30 07:27:45.620003
-0005,2320,1224,106,2024-12-30 07:27:45.635991
-0004,2294,1223,106,2024-12-30 07:27:45.651990
-0003,2299,1224,106,2024-12-30 07:27:45.683422
-0004,2306,1224,106,2024-12-30 07:27:45.699988
-0003,2313,1224,106,2024-12-30 07:27:45.715969
-0003,2299,1223,106,2024-12-30 07:27:45.731965
-0004,2308,1224,106,2024-12-30 07:27:45.747973
-0004,2302,1224,106,2024-12-30 07:27:45.763960
-0005,2315,1224,106,2024-12-30 07:27:45.779963
-0003,2312,1224,106,2024-12-30 07:27:45.795953
-0004,2308,1223,106,2024-12-30 07:27:45.811958
-0004,2311,1224,106,2024-12-30 07:27:45.827947
-0004,2312,1224,106,2024-12-30 07:27:45.859764
-0003,2307,1224,106,2024-12-30 07:27:45.875930
-0003,2312,1223,106,2024-12-30 07:27:45.891936
-0004,2307,1224,106,2024-12-30 07:27:45.907929
-0004,2299,1223,106,2024-12-30 07:27:45.923929
-0004,2308,1223,106,2024-12-30 07:27:45.939924
-0004,2309,1223,106,2024-12-30 07:27:45.955938
-0004,2305,1223,106,2024-12-30 07:27:45.971929
-0004,2313,1223,106,2024-12-30 07:27:45.987927
-0004,2305,1223,106,2024-12-30 07:27:46.019339
-0004,2300,1223,106,2024-12-30 07:27:46.035901
-0003,2308,1224,106,2024-12-30 07:27:46.051898
-0003,2298,1223,105,2024-12-30 07:27:46.067902
-0005,1926,1224,106,2024-12-30 07:27:46.083891
-0005,2251,1223,106,2024-12-30 07:27:46.099884
-0004,2316,1223,106,2024-12-30 07:27:46.115880
-0005,2316,1223,106,2024-12-30 07:27:46.131882
-0005,2296,1223,106,2024-12-30 07:27:46.147875
-0003,2301,1224,106,2024-12-30 07:27:46.163870
-0005,2318,1224,106,2024-12-30 07:27:46.195686
-0004,2306,1224,106,2024-12-30 07:27:46.211860
-0004,2296,1223,106,2024-12-30 07:27:46.227863
-0003,2313,1223,106,2024-12-30 07:27:46.243871
-0004,2293,1224,106,2024-12-30 07:27:46.259854
-0004,2304,1223,106,2024-12-30 07:27:46.275849
-0004,2310,1224,106,2024-12-30 07:27:46.291853
-0003,2313,1224,106,2024-12-30 07:27:46.307847
-0004,2315,1223,106,2024-12-30 07:27:46.323837
-0004,2310,1224,106,2024-12-30 07:27:46.355266
-0004,2319,1224,106,2024-12-30 07:27:46.371826
-0005,2297,1224,106,2024-12-30 07:27:46.387823
-0004,2311,1223,106,2024-12-30 07:27:46.403821
-0003,2293,1223,106,2024-12-30 07:27:46.419828
-0004,2314,1223,106,2024-12-30 07:27:46.435810
-0004,2315,1223,106,2024-12-30 07:27:46.451811
-0003,2309,1223,106,2024-12-30 07:27:46.467805
-0004,2294,1224,106,2024-12-30 07:27:46.483801
-0005,2300,1223,106,2024-12-30 07:27:46.499796
-0004,2300,1224,106,2024-12-30 07:27:46.531627
-0004,2311,1223,106,2024-12-30 07:27:46.547783
-0004,2316,1224,106,2024-12-30 07:27:46.563787
-0005,2314,1223,105,2024-12-30 07:27:46.579772
-0005,1924,1223,106,2024-12-30 07:27:46.595777
-0003,2244,1223,106,2024-12-30 07:27:46.611771
-0004,2315,1223,106,2024-12-30 07:27:46.627763
-0003,2310,1224,106,2024-12-30 07:27:46.643761
-0003,2295,1223,106,2024-12-30 07:27:46.659756
-0004,2301,1223,106,2024-12-30 07:27:46.691190
-0004,2296,1223,106,2024-12-30 07:27:46.707753
-0005,2313,1223,106,2024-12-30 07:27:46.723744
-0005,2317,1223,106,2024-12-30 07:27:46.739741
-0004,2294,1223,106,2024-12-30 07:27:46.755739
-0005,2315,1223,106,2024-12-30 07:27:46.771737
-0004,2294,1223,106,2024-12-30 07:27:46.787746
-0004,2311,1223,106,2024-12-30 07:27:46.803725
-0003,2303,1223,106,2024-12-30 07:27:46.819731
-0003,2306,1223,106,2024-12-30 07:27:46.835721
-0005,2317,1224,106,2024-12-30 07:27:46.867632
-0004,2315,1223,106,2024-12-30 07:27:46.883756
-0005,2317,1223,106,2024-12-30 07:27:46.899725
-0004,2288,1223,106,2024-12-30 07:27:46.915708
-0005,2300,1224,106,2024-12-30 07:27:46.931703
-0005,2318,1223,106,2024-12-30 07:27:46.947699
-0003,2294,1223,106,2024-12-30 07:27:46.963696
-0005,2311,1223,106,2024-12-30 07:27:46.979690
-0004,2307,1223,106,2024-12-30 07:27:46.995712
-0004,2298,1223,106,2024-12-30 07:27:47.027135
-0004,2293,1223,106,2024-12-30 07:27:47.043688
-0004,2306,1223,106,2024-12-30 07:27:47.059674
-0004,2304,1223,106,2024-12-30 07:27:47.075672
-0004,2297,1223,105,2024-12-30 07:27:47.091672
-0005,1956,1223,106,2024-12-30 07:27:47.107669
-0004,2242,1223,106,2024-12-30 07:27:47.123665
-0004,2305,1224,106,2024-12-30 07:27:47.139662
-0004,2294,1223,106,2024-12-30 07:27:47.155667
-0004,2288,1223,106,2024-12-30 07:27:47.171646
-0004,2312,1223,106,2024-12-30 07:27:47.203494
-0004,2288,1223,106,2024-12-30 07:27:47.219646
-0004,2309,1223,106,2024-12-30 07:27:47.235640
-0004,2293,1223,106,2024-12-30 07:27:47.251650
-0004,2307,1223,106,2024-12-30 07:27:47.267641
-0003,2308,1223,106,2024-12-30 07:27:47.283622
-0004,2308,1223,106,2024-12-30 07:27:47.299643
-0004,2299,1223,106,2024-12-30 07:27:47.315635
-0004,2300,1223,106,2024-12-30 07:27:47.331623
-0005,2313,1223,106,2024-12-30 07:27:47.363089
-0004,2308,1223,106,2024-12-30 07:27:47.379608
-0004,2300,1223,106,2024-12-30 07:27:47.395596
-0004,2320,1223,106,2024-12-30 07:27:47.411613
-0004,2311,1223,106,2024-12-30 07:27:47.427596
-0004,2304,1223,106,2024-12-30 07:27:47.443594
-0004,2297,1223,106,2024-12-30 07:27:47.459589
-0004,2310,1223,106,2024-12-30 07:27:47.475589
-0004,2309,1223,106,2024-12-30 07:27:47.491578
-0004,2297,1223,106,2024-12-30 07:27:47.507586
-0004,2297,1223,106,2024-12-30 07:27:47.539409
-0004,2302,1223,106,2024-12-30 07:27:47.555590
-0004,2310,1223,106,2024-12-30 07:27:47.571588
-0004,2294,1223,106,2024-12-30 07:27:47.587595
-0004,2308,1223,105,2024-12-30 07:27:47.603599
-0004,1951,1223,106,2024-12-30 07:27:47.619608
-0004,2253,1223,106,2024-12-30 07:27:47.635601
-0004,2292,1223,106,2024-12-30 07:27:47.651602
-0003,2304,1223,106,2024-12-30 07:27:47.667599
-0005,2313,1223,106,2024-12-30 07:27:47.698972
-0004,2315,1223,106,2024-12-30 07:27:47.715530
-0004,2294,1223,106,2024-12-30 07:27:47.731537
-0005,2324,1223,106,2024-12-30 07:27:47.747527
-0004,2314,1223,106,2024-12-30 07:27:47.763525
-0005,2311,1223,106,2024-12-30 07:27:47.779508
-0005,2310,1223,106,2024-12-30 07:27:47.795516
-0004,2290,1223,106,2024-12-30 07:27:47.811509
-0004,2320,1223,106,2024-12-30 07:27:47.827527
-0004,2311,1223,106,2024-12-30 07:27:47.843504
-0004,2316,1223,106,2024-12-30 07:27:47.875358
-0005,2300,1223,106,2024-12-30 07:27:47.891484
-0005,2291,1223,106,2024-12-30 07:27:47.907488
-0004,2316,1223,106,2024-12-30 07:27:47.923488
-0004,2290,1223,106,2024-12-30 07:27:47.939485
-0004,2313,1223,106,2024-12-30 07:27:47.955480
-0004,2311,1223,106,2024-12-30 07:27:47.971476
-0004,2310,1223,106,2024-12-30 07:27:47.987472
-0004,2290,1223,106,2024-12-30 07:27:48.003462
-0004,2306,1223,106,2024-12-30 07:27:48.034963
-0004,2311,1223,106,2024-12-30 07:27:48.051459
-0004,2309,1223,106,2024-12-30 07:27:48.067459
-0004,2315,1223,106,2024-12-30 07:27:48.083445
-0004,2309,1223,106,2024-12-30 07:27:48.099449
-0004,2305,1223,105,2024-12-30 07:27:48.115441
-0005,1946,1223,106,2024-12-30 07:27:48.131444
-0004,2255,1223,106,2024-12-30 07:27:48.147453
-0004,2289,1223,106,2024-12-30 07:27:48.163432
-0004,2304,1223,106,2024-12-30 07:27:48.179432
-0003,2312,1223,106,2024-12-30 07:27:48.211303
-0004,2308,1223,106,2024-12-30 07:27:48.227427
-0005,2307,1223,106,2024-12-30 07:27:48.243464
-0004,2311,1223,106,2024-12-30 07:27:48.259427
-0003,2299,1223,106,2024-12-30 07:27:48.275399
-0004,2310,1222,106,2024-12-30 07:27:48.291403
-0004,2294,1223,106,2024-12-30 07:27:48.307407
-0004,2315,1223,106,2024-12-30 07:27:48.323400
-0004,2305,1223,106,2024-12-30 07:27:48.339400
-0005,2317,1223,106,2024-12-30 07:27:48.370883
-0004,2323,1223,106,2024-12-30 07:27:48.387384
-0003,2298,1223,106,2024-12-30 07:27:48.403381
-0004,2302,1223,106,2024-12-30 07:27:48.419369
-0003,2311,1223,106,2024-12-30 07:27:48.435374
-0005,2313,1223,106,2024-12-30 07:27:48.451401
-0003,2303,1222,106,2024-12-30 07:27:48.467398
-0003,2297,1223,106,2024-12-30 07:27:48.483361
-0004,2308,1223,106,2024-12-30 07:27:48.499351
-0003,2304,1223,106,2024-12-30 07:27:48.515349
-0004,2303,1223,106,2024-12-30 07:27:48.547203
-0005,2311,1223,106,2024-12-30 07:27:48.563370
-0004,2295,1222,106,2024-12-30 07:27:48.579349
-0004,2312,1223,106,2024-12-30 07:27:48.595346
-0005,2317,1223,106,2024-12-30 07:27:48.611328
-0004,2293,1222,105,2024-12-30 07:27:48.627330
-0005,1953,1223,106,2024-12-30 07:27:48.643335
-0004,2256,1223,106,2024-12-30 07:27:48.659338
-0005,2320,1223,106,2024-12-30 07:27:48.675332
-0003,2310,1223,106,2024-12-30 07:27:48.706822
-0005,2320,1223,106,2024-12-30 07:27:48.723307
-0004,2306,1223,106,2024-12-30 07:27:48.739314
-0004,2301,1223,106,2024-12-30 07:27:48.755299
-0005,2311,1222,106,2024-12-30 07:27:48.771319
-0005,2299,1223,106,2024-12-30 07:27:48.787296
-0003,2308,1223,106,2024-12-30 07:27:48.803295
-0004,2307,1223,106,2024-12-30 07:27:48.819286
-0004,2312,1223,106,2024-12-30 07:27:48.835290
-0003,2309,1223,106,2024-12-30 07:27:48.851278
-0004,2309,1223,106,2024-12-30 07:27:48.883174
-0003,2310,1223,106,2024-12-30 07:27:48.899266
-0005,2304,1223,106,2024-12-30 07:27:48.915266
-0003,2290,1222,106,2024-12-30 07:27:48.931262
-0005,2314,1223,106,2024-12-30 07:27:48.947260
-0004,2305,1223,106,2024-12-30 07:27:48.963268
-0004,2288,1223,106,2024-12-30 07:27:48.979263
-0004,2303,1223,106,2024-12-30 07:27:48.995242
-0004,2307,1223,106,2024-12-30 07:27:49.011244
-0004,2288,1223,106,2024-12-30 07:27:49.042749
-0004,2307,1223,106,2024-12-30 07:27:49.059237
-0005,2315,1223,106,2024-12-30 07:27:49.075245
-0004,2288,1223,106,2024-12-30 07:27:49.091234
-0003,2309,1223,106,2024-12-30 07:27:49.107220
-0003,2311,1223,106,2024-12-30 07:27:49.123228
-0004,2308,1222,105,2024-12-30 07:27:49.139220
-0005,1953,1223,106,2024-12-30 07:27:49.155209
-0004,2248,1223,106,2024-12-30 07:27:49.171207
-0004,2290,1223,106,2024-12-30 07:27:49.187225
-0004,2320,1223,106,2024-12-30 07:27:49.219112
-0004,2314,1222,106,2024-12-30 07:27:49.235201
-0003,2309,1223,106,2024-12-30 07:27:49.251205
-0004,2291,1222,106,2024-12-30 07:27:49.267195
-0004,2308,1223,106,2024-12-30 07:27:49.283214
-0004,2306,1222,106,2024-12-30 07:27:49.299248
-0004,2318,1223,106,2024-12-30 07:27:49.315192
-0004,2303,1222,106,2024-12-30 07:27:49.331174
-0003,2304,1223,106,2024-12-30 07:27:49.347175
-0003,2304,1222,106,2024-12-30 07:27:49.378696
-0004,2293,1222,106,2024-12-30 07:27:49.395167
-0004,2311,1222,106,2024-12-30 07:27:49.411159
-0003,2307,1223,106,2024-12-30 07:27:49.427166
-0004,2292,1223,106,2024-12-30 07:27:49.443161
-0004,2296,1223,106,2024-12-30 07:27:49.459148
-0004,2305,1222,106,2024-12-30 07:27:49.475141
-0003,2308,1222,106,2024-12-30 07:27:49.491163
-0004,2296,1223,106,2024-12-30 07:27:49.507157
-0003,2309,1223,106,2024-12-30 07:27:49.523140
-0004,2316,1222,106,2024-12-30 07:27:49.555018
-0004,2301,1222,106,2024-12-30 07:27:49.571127
-0004,2290,1222,106,2024-12-30 07:27:49.587120
-0004,2307,1222,106,2024-12-30 07:27:49.603137
-0004,2298,1222,106,2024-12-30 07:27:49.619114
-0005,2319,1222,106,2024-12-30 07:27:49.635119
-0003,2306,1223,105,2024-12-30 07:27:49.651105
-0005,1945,1222,106,2024-12-30 07:27:49.667107
-0004,2245,1223,106,2024-12-30 07:27:49.683112
-0004,2310,1223,106,2024-12-30 07:27:49.714640
-0004,2307,1222,106,2024-12-30 07:27:49.731089
-0004,2310,1223,106,2024-12-30 07:27:49.747102
-0004,2308,1222,106,2024-12-30 07:27:49.763088
-0005,2308,1222,106,2024-12-30 07:27:49.779086
-0003,2303,1223,106,2024-12-30 07:27:49.795086
-0003,2291,1222,106,2024-12-30 07:27:49.811101
-0004,2296,1222,106,2024-12-30 07:27:49.827078
-0003,2309,1222,106,2024-12-30 07:27:49.843077
-0005,2311,1223,106,2024-12-30 07:27:49.859070
-0003,2308,1223,106,2024-12-30 07:27:49.890974
-0004,2315,1222,106,2024-12-30 07:27:49.907083
-0003,2304,1222,106,2024-12-30 07:27:49.923053
-0004,2305,1222,106,2024-12-30 07:27:49.939044
-0003,2310,1222,106,2024-12-30 07:27:49.955048
-0004,2301,1222,106,2024-12-30 07:27:49.971042
-0003,2306,1222,106,2024-12-30 07:27:49.987037
-0004,2306,1222,106,2024-12-30 07:27:50.003035
-0003,2295,1222,106,2024-12-30 07:27:50.019700
-0004,2294,1222,106,2024-12-30 07:27:50.050591
-0004,2291,1222,106,2024-12-30 07:27:50.067019
-0004,2299,1222,106,2024-12-30 07:27:50.083013
-0003,2308,1222,106,2024-12-30 07:27:50.099003
-0004,2297,1222,106,2024-12-30 07:27:50.115027
-0003,2297,1222,106,2024-12-30 07:27:50.131014
-0004,2308,1223,106,2024-12-30 07:27:50.147005
-0004,2305,1222,105,2024-12-30 07:27:50.163001
-0004,1932,1222,106,2024-12-30 07:27:50.179011
-0004,2248,1222,106,2024-12-30 07:27:50.194990
-0004,2303,1222,106,2024-12-30 07:27:50.227768
-0003,2302,1222,106,2024-12-30 07:27:50.243047
-0004,2313,1222,106,2024-12-30 07:27:50.258988
-0004,2305,1223,106,2024-12-30 07:27:50.274968
-0005,2303,1222,106,2024-12-30 07:27:50.290963
-0004,2291,1222,106,2024-12-30 07:27:50.306962
-0004,2309,1222,106,2024-12-30 07:27:50.322964
-0004,2290,1222,106,2024-12-30 07:27:50.338951
-0003,2287,1222,106,2024-12-30 07:27:50.354950
-0004,2291,1222,106,2024-12-30 07:27:50.386499
-0004,2312,1222,106,2024-12-30 07:27:50.402936
-0003,2292,1222,106,2024-12-30 07:27:50.418943
-0004,2314,1222,106,2024-12-30 07:27:50.434968
-0003,2289,1223,106,2024-12-30 07:27:50.450955
-0005,2306,1222,106,2024-12-30 07:27:50.466956
-0004,2296,1222,106,2024-12-30 07:27:50.482952
-0003,2307,1222,106,2024-12-30 07:27:50.498951
-0003,2307,1223,106,2024-12-30 07:27:50.514966
-0004,2294,1222,106,2024-12-30 07:27:50.530967
-0004,2307,1222,106,2024-12-30 07:27:50.562863
-0005,2306,1222,106,2024-12-30 07:27:50.578964
-0003,2288,1222,106,2024-12-30 07:27:50.594892
-0003,2307,1222,106,2024-12-30 07:27:50.610895
-0004,2306,1222,106,2024-12-30 07:27:50.626885
-0003,2290,1222,106,2024-12-30 07:27:50.642888
-0004,2307,1222,106,2024-12-30 07:27:50.658881
-0005,2309,1223,105,2024-12-30 07:27:50.674886
-0004,1936,1222,106,2024-12-30 07:27:50.690875
-0004,2250,1222,106,2024-12-30 07:27:50.722456
-0004,2301,1222,106,2024-12-30 07:27:50.738881
-0003,2293,1222,106,2024-12-30 07:27:50.754866
-0004,2310,1222,106,2024-12-30 07:27:50.770865
-0005,2301,1222,106,2024-12-30 07:27:50.786872
-0004,2310,1222,106,2024-12-30 07:27:50.802848
-0004,2292,1222,106,2024-12-30 07:27:50.818847
-0004,2304,1222,106,2024-12-30 07:27:50.834846
-0003,2306,1222,106,2024-12-30 07:27:50.850839
-0004,2314,1222,106,2024-12-30 07:27:50.866836
-0004,2290,1222,106,2024-12-30 07:27:50.898774
-0003,2295,1222,106,2024-12-30 07:27:50.914833
-0003,2311,1222,106,2024-12-30 07:27:50.930836
-0004,2310,1222,106,2024-12-30 07:27:50.946829
-0004,2289,1222,106,2024-12-30 07:27:50.962815
-0004,2311,1222,106,2024-12-30 07:27:50.978819
-0003,2310,1222,106,2024-12-30 07:27:50.994809
-0003,2292,1222,106,2024-12-30 07:27:51.010819
-0005,2308,1222,106,2024-12-30 07:27:51.026812
-0004,2293,1222,106,2024-12-30 07:27:51.058357
-0004,2304,1222,106,2024-12-30 07:27:51.074801
-0004,2304,1222,106,2024-12-30 07:27:51.090789
-0005,2290,1222,106,2024-12-30 07:27:51.106785
-0004,2315,1222,106,2024-12-30 07:27:51.122788
-0004,2298,1222,106,2024-12-30 07:27:51.138788
-0004,2295,1222,106,2024-12-30 07:27:51.154795
-0003,2306,1222,106,2024-12-30 07:27:51.170771
-0005,2305,1222,105,2024-12-30 07:27:51.186776
-0005,1947,1222,106,2024-12-30 07:27:51.202775
-0003,2238,1222,106,2024-12-30 07:27:51.234717
-0003,2292,1222,106,2024-12-30 07:27:51.250786
-0004,2303,1222,106,2024-12-30 07:27:51.266770
-0004,2314,1222,106,2024-12-30 07:27:51.282757
-0004,2292,1222,106,2024-12-30 07:27:51.298761
-0005,2312,1222,106,2024-12-30 07:27:51.314748
-0005,2314,1222,106,2024-12-30 07:27:51.330760
-0004,2295,1222,106,2024-12-30 07:27:51.346747
-0003,2307,1222,106,2024-12-30 07:27:51.362738
-0005,2310,1222,106,2024-12-30 07:27:51.394284
-0004,2301,1222,106,2024-12-30 07:27:51.410736
-0004,2293,1222,106,2024-12-30 07:27:51.426726
-0004,2316,1222,106,2024-12-30 07:27:51.442730
-0004,2288,1222,106,2024-12-30 07:27:51.458720
-0003,2306,1222,106,2024-12-30 07:27:51.474728
-0004,2317,1222,106,2024-12-30 07:27:51.490709
-0003,2306,1222,106,2024-12-30 07:27:51.506714
-0004,2316,1222,106,2024-12-30 07:27:51.522715
-0004,2313,1222,106,2024-12-30 07:27:51.538702
-0003,2288,1222,106,2024-12-30 07:27:51.570623
-0004,2310,1222,106,2024-12-30 07:27:51.586696
-0003,2307,1222,106,2024-12-30 07:27:51.602685
-0004,2303,1222,106,2024-12-30 07:27:51.618686
-0004,2306,1222,106,2024-12-30 07:27:51.634688
-0004,2298,1222,106,2024-12-30 07:27:51.650682
-0003,2295,1222,106,2024-12-30 07:27:51.666676
-0003,2302,1222,106,2024-12-30 07:27:51.682674
-0004,2310,1222,105,2024-12-30 07:27:51.698673
-0004,1942,1222,106,2024-12-30 07:27:51.730236
-0004,2243,1222,106,2024-12-30 07:27:51.746673
-0004,2302,1222,106,2024-12-30 07:27:51.762655
-0004,2310,1222,106,2024-12-30 07:27:51.778657
-0004,2301,1222,106,2024-12-30 07:27:51.794648
-0003,2295,1222,106,2024-12-30 07:27:51.810650
-0003,2307,1222,106,2024-12-30 07:27:51.826641
-0005,2314,1222,106,2024-12-30 07:27:51.842643
-0004,2313,1222,106,2024-12-30 07:27:51.858634
-0004,2311,1222,106,2024-12-30 07:27:51.874634
-0003,2291,1222,106,2024-12-30 07:27:51.906569
-0003,2307,1222,106,2024-12-30 07:27:51.922619
-0004,2308,1222,106,2024-12-30 07:27:51.938615
-0004,2316,1222,106,2024-12-30 07:27:51.954620
-0004,2316,1222,106,2024-12-30 07:27:51.970623
-0004,2297,1222,106,2024-12-30 07:27:51.986628
-0004,2296,1222,106,2024-12-30 07:27:52.002626
-0004,2302,1222,106,2024-12-30 07:27:52.018600
-0004,2283,1222,106,2024-12-30 07:27:52.034604
-0003,2306,1222,106,2024-12-30 07:27:52.066165
-0004,2290,1222,106,2024-12-30 07:27:52.082575
-0004,2293,1222,106,2024-12-30 07:27:52.098573
-0003,2293,1222,106,2024-12-30 07:27:52.114575
-0004,2306,1222,106,2024-12-30 07:27:52.130569
-0004,2312,1222,106,2024-12-30 07:27:52.146575
-0004,2320,1222,106,2024-12-30 07:27:52.162566
-0003,2294,1222,106,2024-12-30 07:27:52.178566
-0003,2307,1222,106,2024-12-30 07:27:52.194556
-0003,2303,1222,105,2024-12-30 07:27:52.210559
-0004,1951,1222,106,2024-12-30 07:27:52.242528
-0003,2242,1222,106,2024-12-30 07:27:52.258563
-0003,2309,1222,106,2024-12-30 07:27:52.274541
-0003,2294,1222,106,2024-12-30 07:27:52.290540
-0003,2291,1222,106,2024-12-30 07:27:52.306550
-0004,2310,1222,106,2024-12-30 07:27:52.322530
-0003,2309,1222,106,2024-12-30 07:27:52.338528
-0004,2318,1222,106,2024-12-30 07:27:52.354522
-0003,2295,1222,106,2024-12-30 07:27:52.370532
-0004,2316,1221,106,2024-12-30 07:27:52.402091
-0005,2306,1222,106,2024-12-30 07:27:52.418514
-0004,2312,1222,106,2024-12-30 07:27:52.434512
-0003,2310,1222,106,2024-12-30 07:27:52.450503
-0004,2313,1222,106,2024-12-30 07:27:52.466497
-0003,2298,1222,106,2024-12-30 07:27:52.482498
-0004,2289,1222,106,2024-12-30 07:27:52.498491
-0003,2309,1222,106,2024-12-30 07:27:52.514492
-0004,2306,1222,106,2024-12-30 07:27:52.530486
-0004,2320,1222,106,2024-12-30 07:27:52.546495
-0004,2310,1222,106,2024-12-30 07:27:52.578432
-0004,2321,1222,106,2024-12-30 07:27:52.594475
-0004,2299,1221,106,2024-12-30 07:27:52.610479
-0004,2296,1222,106,2024-12-30 07:27:52.626481
-0004,2315,1222,106,2024-12-30 07:27:52.642464
-0003,2308,1222,106,2024-12-30 07:27:52.658468
-0004,2309,1222,106,2024-12-30 07:27:52.674464
-0003,2308,1221,106,2024-12-30 07:27:52.690461
-0004,2305,1221,106,2024-12-30 07:27:52.706449
-0003,2303,1222,105,2024-12-30 07:27:52.738040
-0005,1949,1222,106,2024-12-30 07:27:52.754462
-0004,2253,1221,106,2024-12-30 07:27:52.770435
-0003,2311,1221,106,2024-12-30 07:27:52.786428
-0004,2292,1222,106,2024-12-30 07:27:52.802432
-0004,2294,1221,106,2024-12-30 07:27:52.818417
-0003,2290,1222,106,2024-12-30 07:27:52.834423
-0003,2305,1222,106,2024-12-30 07:27:52.850413
-0003,2291,1221,106,2024-12-30 07:27:52.866414
-0004,2310,1222,106,2024-12-30 07:27:52.882406
-0005,2311,1221,106,2024-12-30 07:27:52.914355
-0004,2293,1222,106,2024-12-30 07:27:52.930395
-0004,2305,1221,106,2024-12-30 07:27:52.946395
-0003,2310,1221,106,2024-12-30 07:27:52.962387
-0003,2295,1221,106,2024-12-30 07:27:52.978391
-0004,2315,1222,106,2024-12-30 07:27:52.994387
-0005,2313,1222,106,2024-12-30 07:27:53.010398
-0003,2303,1222,106,2024-12-30 07:27:53.026375
-0004,2310,1222,106,2024-12-30 07:27:53.042368
-0003,2295,1222,106,2024-12-30 07:27:53.073954
-0005,2312,1222,106,2024-12-30 07:27:53.090357
-0004,2295,1222,106,2024-12-30 07:27:53.106361
-0003,2293,1221,106,2024-12-30 07:27:53.122358
-0005,2321,1222,106,2024-12-30 07:27:53.138347
-0004,2314,1222,106,2024-12-30 07:27:53.154349
-0003,2307,1221,106,2024-12-30 07:27:53.170341
-0004,2319,1222,106,2024-12-30 07:27:53.186344
-0003,2309,1221,106,2024-12-30 07:27:53.202340
-0003,2295,1222,106,2024-12-30 07:27:53.218337
-0005,2312,1221,105,2024-12-30 07:27:53.250309
-0004,1958,1221,106,2024-12-30 07:27:53.266328
-0003,2250,1221,106,2024-12-30 07:27:53.282322
-0004,2310,1221,106,2024-12-30 07:27:53.298321
-0004,2294,1222,106,2024-12-30 07:27:53.314324
-0004,2301,1221,106,2024-12-30 07:27:53.330316
-0004,2320,1221,106,2024-12-30 07:27:53.346311
-0004,2316,1221,106,2024-12-30 07:27:53.362308
-0004,2309,1222,106,2024-12-30 07:27:53.378313
-0004,2295,1221,106,2024-12-30 07:27:53.409931
-0004,2312,1221,106,2024-12-30 07:27:53.426315
-0004,2296,1222,106,2024-12-30 07:27:53.442320
-0003,2310,1221,106,2024-12-30 07:27:53.458324
-0004,2294,1221,106,2024-12-30 07:27:53.474323
-0003,2312,1221,106,2024-12-30 07:27:53.490326
-0004,2320,1222,106,2024-12-30 07:27:53.506326
-0004,2320,1222,106,2024-12-30 07:27:53.522330
-0004,2310,1221,106,2024-12-30 07:27:53.538328
-0005,2305,1221,106,2024-12-30 07:27:53.554261
-0003,2294,1222,106,2024-12-30 07:27:53.586254
-0004,2310,1221,106,2024-12-30 07:27:53.602262
-0003,2309,1221,106,2024-12-30 07:27:53.618248
-0004,2302,1221,106,2024-12-30 07:27:53.634261
-0004,2312,1221,106,2024-12-30 07:27:53.650253
-0004,2309,1221,106,2024-12-30 07:27:53.666249
-0004,2300,1221,106,2024-12-30 07:27:53.682239
-0004,2315,1221,106,2024-12-30 07:27:53.698236
-0003,2313,1222,106,2024-12-30 07:27:53.714232
-0004,2314,1221,106,2024-12-30 07:27:53.745870
-0003,2298,1222,105,2024-12-30 07:27:53.762220
-0005,1961,1221,106,2024-12-30 07:27:53.778216
-0004,2260,1221,106,2024-12-30 07:27:53.794217
-0004,2295,1221,106,2024-12-30 07:27:53.810214
-0004,2317,1221,106,2024-12-30 07:27:53.826213
-0004,2320,1221,106,2024-12-30 07:27:53.842210
-0005,2316,1221,106,2024-12-30 07:27:53.858205
-0004,2320,1222,106,2024-12-30 07:27:53.874197
-0004,2311,1221,106,2024-12-30 07:27:53.890189
-0004,2304,1221,106,2024-12-30 07:27:53.922181
-0004,2322,1221,106,2024-12-30 07:27:53.938187
-0003,2309,1221,106,2024-12-30 07:27:53.954175
-0005,2294,1221,106,2024-12-30 07:27:53.970178
-0004,2308,1221,106,2024-12-30 07:27:53.986169
-0004,2319,1221,106,2024-12-30 07:27:54.002170
-0004,2317,1221,106,2024-12-30 07:27:54.018167
-0004,2296,1221,106,2024-12-30 07:27:54.034163
-0004,2296,1221,106,2024-12-30 07:27:54.050152
-0005,2293,1221,106,2024-12-30 07:27:54.081782
-0005,2292,1221,106,2024-12-30 07:27:54.098150
-0003,2313,1221,106,2024-12-30 07:27:54.114154
-0005,2320,1221,106,2024-12-30 07:27:54.130142
-0003,2301,1221,106,2024-12-30 07:27:54.146137
-0005,2320,1221,106,2024-12-30 07:27:54.162134
-0004,2298,1221,106,2024-12-30 07:27:54.178124
-0004,2312,1221,106,2024-12-30 07:27:54.194124
-0004,2311,1221,106,2024-12-30 07:27:54.210124
-0004,2317,1221,106,2024-12-30 07:27:54.226125
-0005,2318,1221,106,2024-12-30 07:27:54.258126
-0004,2289,1221,105,2024-12-30 07:27:54.274134
-0004,1948,1221,106,2024-12-30 07:27:54.290112
-0004,2254,1221,106,2024-12-30 07:27:54.306103
-0004,2297,1221,106,2024-12-30 07:27:54.322097
-0004,2312,1221,106,2024-12-30 07:27:54.338095
-0004,2311,1221,106,2024-12-30 07:27:54.354091
-0004,2296,1221,106,2024-12-30 07:27:54.370090
-0004,2298,1221,106,2024-12-30 07:27:54.386085
-0004,2305,1221,106,2024-12-30 07:27:54.417709
-0004,2295,1221,106,2024-12-30 07:27:54.434077
-0004,2318,1221,106,2024-12-30 07:27:54.450071
-0004,2321,1221,106,2024-12-30 07:27:54.466073
-0004,2299,1221,106,2024-12-30 07:27:54.482073
-0004,2313,1221,106,2024-12-30 07:27:54.498066
-0004,2316,1221,106,2024-12-30 07:27:54.514055
-0004,2307,1221,106,2024-12-30 07:27:54.530056
-0004,2293,1221,106,2024-12-30 07:27:54.546049
-0004,2313,1221,106,2024-12-30 07:27:54.562053
-0004,2306,1221,106,2024-12-30 07:27:54.594051
-0005,2314,1221,106,2024-12-30 07:27:54.610032
-0004,2313,1221,106,2024-12-30 07:27:54.626034
-0004,2286,1221,106,2024-12-30 07:27:54.642031
-0004,2310,1221,106,2024-12-30 07:27:54.658017
-0004,2311,1221,106,2024-12-30 07:27:54.674019
-0004,2313,1221,106,2024-12-30 07:27:54.690015
-0004,2314,1221,106,2024-12-30 07:27:54.706015
-0004,2312,1221,106,2024-12-30 07:27:54.722008
-0004,2314,1222,106,2024-12-30 07:27:54.753634
-0003,2312,1221,106,2024-12-30 07:27:54.770007
-0004,2311,1221,105,2024-12-30 07:27:54.786058
-0004,1954,1221,106,2024-12-30 07:27:54.801992
-0004,2252,1221,106,2024-12-30 07:27:54.817990
-0004,2318,1221,106,2024-12-30 07:27:54.833994
-0004,2319,1221,106,2024-12-30 07:27:54.849973
-0004,2323,1221,106,2024-12-30 07:27:54.865980
-0004,2314,1221,106,2024-12-30 07:27:54.881972
-0004,2295,1221,106,2024-12-30 07:27:54.897967
-0004,2308,1221,106,2024-12-30 07:27:54.929968
-0003,2310,1221,106,2024-12-30 07:27:54.945963
-0004,2319,1221,106,2024-12-30 07:27:54.961962
-0004,2293,1221,106,2024-12-30 07:27:54.977950
-0004,2309,1221,106,2024-12-30 07:27:54.993947
-0003,2309,1221,106,2024-12-30 07:27:55.009946
-0004,2308,1221,106,2024-12-30 07:27:55.025939
-0004,2304,1221,106,2024-12-30 07:27:55.041940
-0004,2306,1221,106,2024-12-30 07:27:55.057932
-0005,2316,1221,106,2024-12-30 07:27:55.089580
-0003,2313,1221,106,2024-12-30 07:27:55.105928
-0004,2308,1221,106,2024-12-30 07:27:55.121919
-0004,2315,1221,106,2024-12-30 07:27:55.137924
-0004,2296,1221,106,2024-12-30 07:27:55.153918
-0004,2313,1221,106,2024-12-30 07:27:55.169912
-0004,2310,1221,106,2024-12-30 07:27:55.185910
-0003,2310,1221,106,2024-12-30 07:27:55.201914
-0004,2294,1221,106,2024-12-30 07:27:55.217898
-0004,2311,1221,106,2024-12-30 07:27:55.233895
-0004,2299,1221,106,2024-12-30 07:27:55.265907
-0004,2316,1221,106,2024-12-30 07:27:55.281890
-0004,2297,1221,105,2024-12-30 07:27:55.297887
-0004,1963,1221,106,2024-12-30 07:27:55.313883
-0003,2252,1221,106,2024-12-30 07:27:55.329887
-0004,2309,1220,106,2024-12-30 07:27:55.345873
-0004,2299,1221,106,2024-12-30 07:27:55.361872
-0005,2312,1221,106,2024-12-30 07:27:55.377864
-0003,2297,1221,106,2024-12-30 07:27:55.393862
-0004,2309,1221,106,2024-12-30 07:27:55.425539
-0004,2321,1221,106,2024-12-30 07:27:55.441861
-0003,2313,1221,106,2024-12-30 07:27:55.457854
-0004,2310,1221,106,2024-12-30 07:27:55.473851
-0004,2300,1221,106,2024-12-30 07:27:55.489844
-0003,2296,1221,106,2024-12-30 07:27:55.505839
-0004,2318,1221,106,2024-12-30 07:27:55.521836
-0004,2312,1221,106,2024-12-30 07:27:55.537831
-0004,2311,1221,106,2024-12-30 07:27:55.553831
-0004,2313,1220,106,2024-12-30 07:27:55.569834
-0004,2302,1221,106,2024-12-30 07:27:55.601828
-0003,2294,1221,106,2024-12-30 07:27:55.617816
-0005,2316,1221,106,2024-12-30 07:27:55.633817
-0004,2297,1221,106,2024-12-30 07:27:55.649815
-0004,2313,1221,106,2024-12-30 07:27:55.665805
-0004,2322,1221,106,2024-12-30 07:27:55.681804
-0003,2298,1221,106,2024-12-30 07:27:55.697806
-0003,2294,1220,106,2024-12-30 07:27:55.713792
-0004,2322,1221,106,2024-12-30 07:27:55.729800
-0005,2321,1221,106,2024-12-30 07:27:55.761465
-0004,2318,1221,106,2024-12-30 07:27:55.777786
-0004,2312,1221,106,2024-12-30 07:27:55.793775
-0005,2300,1221,105,2024-12-30 07:27:55.809779
-0004,1963,1221,106,2024-12-30 07:27:55.825772
-0003,2255,1221,106,2024-12-30 07:27:55.841771
-0004,2314,1220,106,2024-12-30 07:27:55.857768
-0003,2311,1221,106,2024-12-30 07:27:55.873766
-0004,2314,1221,106,2024-12-30 07:27:55.889758
-0004,2298,1221,106,2024-12-30 07:27:55.921070
-0003,2314,1221,106,2024-12-30 07:27:55.937757
-0004,2314,1220,106,2024-12-30 07:27:55.953762
-0005,2327,1221,106,2024-12-30 07:27:55.969743
-0003,2296,1221,106,2024-12-30 07:27:55.985744
-0004,2309,1221,106,2024-12-30 07:27:56.001728
-0004,2320,1221,106,2024-12-30 07:27:56.017734
-0004,2290,1221,106,2024-12-30 07:27:56.033726
-0004,2302,1221,106,2024-12-30 07:27:56.049730
-0004,2319,1221,106,2024-12-30 07:27:56.065727
-0004,2314,1221,106,2024-12-30 07:27:56.097396
-0003,2307,1221,106,2024-12-30 07:27:56.113708
-0005,2328,1221,106,2024-12-30 07:27:56.129703
-0004,2310,1221,106,2024-12-30 07:27:56.145700
-0004,2310,1221,106,2024-12-30 07:27:56.161704
-0004,2315,1221,106,2024-12-30 07:27:56.177694
-0004,2300,1220,106,2024-12-30 07:27:56.193696
-0004,2298,1221,106,2024-12-30 07:27:56.209688
-0004,2316,1221,106,2024-12-30 07:27:56.225691
-0005,2325,1221,106,2024-12-30 07:27:56.257004
-0003,2305,1221,106,2024-12-30 07:27:56.273680
-0004,2316,1220,106,2024-12-30 07:27:56.289670
-0004,2319,1221,106,2024-12-30 07:27:56.305685
-0004,2326,1221,105,2024-12-30 07:27:56.321672
-0004,1972,1221,106,2024-12-30 07:27:56.337685
-0004,2255,1221,106,2024-12-30 07:27:56.353682
-0004,2309,1221,106,2024-12-30 07:27:56.369684
-0004,2316,1220,106,2024-12-30 07:27:56.385683
-0004,2315,1221,106,2024-12-30 07:27:56.401687
-0003,2301,1221,106,2024-12-30 07:27:56.433393
-0004,2305,1221,106,2024-12-30 07:27:56.449690
-0004,2314,1221,106,2024-12-30 07:27:56.465693
-0003,2315,1220,106,2024-12-30 07:27:56.481691
-0005,2330,1221,106,2024-12-30 07:27:56.497697
-0005,2313,1220,106,2024-12-30 07:27:56.513630
-0005,2318,1221,106,2024-12-30 07:27:56.529627
-0004,2307,1220,106,2024-12-30 07:27:56.545618
-0005,2324,1220,106,2024-12-30 07:27:56.561612
-0004,2311,1221,106,2024-12-30 07:27:56.592941
-0004,2320,1221,106,2024-12-30 07:27:56.609611
-0004,2307,1220,106,2024-12-30 07:27:56.625594
-0004,2295,1221,106,2024-12-30 07:27:56.641600
-0004,2302,1220,106,2024-12-30 07:27:56.657593
-0004,2319,1220,106,2024-12-30 07:27:56.673594
-0004,2320,1220,106,2024-12-30 07:27:56.689599
-0003,2304,1221,106,2024-12-30 07:27:56.705581
-0004,2324,1220,106,2024-12-30 07:27:56.721586
-0005,2325,1221,106,2024-12-30 07:27:56.737578
-0004,2325,1221,106,2024-12-30 07:27:56.769295
-0004,2321,1221,106,2024-12-30 07:27:56.785575
-0004,2317,1220,106,2024-12-30 07:27:56.801571
-0005,2315,1221,106,2024-12-30 07:27:56.817574
-0003,2298,1221,105,2024-12-30 07:27:56.833561
-0005,1965,1221,106,2024-12-30 07:27:56.849560
-0004,2255,1221,106,2024-12-30 07:27:56.865557
-0003,2306,1220,106,2024-12-30 07:27:56.881547
-0004,2302,1220,106,2024-12-30 07:27:56.897548
-0003,2312,1220,106,2024-12-30 07:27:56.928894
-0005,2310,1221,106,2024-12-30 07:27:56.945536
-0004,2309,1220,106,2024-12-30 07:27:56.961525
-0004,2322,1220,106,2024-12-30 07:27:56.977530
-0003,2312,1220,106,2024-12-30 07:27:56.993536
-0004,2321,1220,106,2024-12-30 07:27:57.009523
-0004,2300,1220,106,2024-12-30 07:27:57.025514
-0004,2300,1220,106,2024-12-30 07:27:57.041512
-0005,2324,1221,106,2024-12-30 07:27:57.057514
-0004,2317,1220,106,2024-12-30 07:27:57.073506
-0003,2298,1220,106,2024-12-30 07:27:57.105234
-0005,2326,1220,106,2024-12-30 07:27:57.121497
-0004,2322,1220,106,2024-12-30 07:27:57.137495
-0003,2320,1220,106,2024-12-30 07:27:57.153495
-0004,2299,1221,106,2024-12-30 07:27:57.169491
-0005,2312,1220,106,2024-12-30 07:27:57.185491
-0004,2300,1220,106,2024-12-30 07:27:57.201482
-0005,2324,1220,106,2024-12-30 07:27:57.217477
-0003,2297,1220,106,2024-12-30 07:27:57.233475
-0004,2320,1221,106,2024-12-30 07:27:57.264821
-0004,2325,1220,106,2024-12-30 07:27:57.281471
-0004,2328,1220,106,2024-12-30 07:27:57.297461
-0003,2316,1221,106,2024-12-30 07:27:57.313469
-0004,2306,1220,106,2024-12-30 07:27:57.329446
-0004,2317,1220,105,2024-12-30 07:27:57.345449
-0004,1979,1220,106,2024-12-30 07:27:57.361442
-0003,2270,1220,106,2024-12-30 07:27:57.377446
-0005,2338,1220,106,2024-12-30 07:27:57.393437
-0004,2346,1220,106,2024-12-30 07:27:57.409437
-0004,2326,1220,106,2024-12-30 07:27:57.441162
-0004,2335,1220,106,2024-12-30 07:27:57.457430
-0005,2327,1221,106,2024-12-30 07:27:57.473422
-0004,2325,1220,106,2024-12-30 07:27:57.489419
-0003,2317,1220,106,2024-12-30 07:27:57.505416
-0003,2324,1220,106,2024-12-30 07:27:57.521412
-0005,2325,1220,106,2024-12-30 07:27:57.537415
-0003,2317,1220,106,2024-12-30 07:27:57.553404
-0003,2327,1220,106,2024-12-30 07:27:57.569403
-0004,2339,1220,106,2024-12-30 07:27:57.600764
-0003,2323,1220,106,2024-12-30 07:27:57.617389
-0004,2325,1220,106,2024-12-30 07:27:57.633390
-0004,2328,1220,106,2024-12-30 07:27:57.649381
-0004,2325,1220,106,2024-12-30 07:27:57.665380
-0004,2334,1220,106,2024-12-30 07:27:57.681373
-0004,2341,1220,106,2024-12-30 07:27:57.697372
-0004,2311,1220,106,2024-12-30 07:27:57.713368
-0003,2329,1220,106,2024-12-30 07:27:57.729362
-0004,2323,1220,106,2024-12-30 07:27:57.745362
-0004,2322,1220,106,2024-12-30 07:27:57.777094
-0003,2329,1220,106,2024-12-30 07:27:57.793359
-0005,2341,1220,106,2024-12-30 07:27:57.809342
-0003,2321,1220,106,2024-12-30 07:27:57.825348
-0003,2326,1220,106,2024-12-30 07:27:57.841336
-0003,2322,1220,105,2024-12-30 07:27:57.857342
-0004,1972,1220,106,2024-12-30 07:27:57.873332
-0003,2273,1220,106,2024-12-30 07:27:57.889335
-0004,2328,1220,106,2024-12-30 07:27:57.905331
-0004,2339,1220,106,2024-12-30 07:27:57.936711
-0004,2327,1220,106,2024-12-30 07:27:57.953316
-0005,2342,1220,106,2024-12-30 07:27:57.969319
-0004,2325,1220,106,2024-12-30 07:27:57.985322
-0003,2315,1220,106,2024-12-30 07:27:58.001331
-0003,2327,1220,106,2024-12-30 07:27:58.017314
-0004,2337,1220,106,2024-12-30 07:27:58.033311
-0004,2313,1220,106,2024-12-30 07:27:58.049301
-0003,2328,1220,106,2024-12-30 07:27:58.065289
-0005,2336,1220,106,2024-12-30 07:27:58.081293
-0004,2316,1220,106,2024-12-30 07:27:58.113039
-0004,2331,1220,106,2024-12-30 07:27:58.129285
-0004,2328,1220,106,2024-12-30 07:27:58.145286
-0004,2327,1220,106,2024-12-30 07:27:58.161288
-0004,2344,1220,106,2024-12-30 07:27:58.177271
-0003,2321,1220,106,2024-12-30 07:27:58.193272
-0005,2333,1220,106,2024-12-30 07:27:58.209265
-0004,2316,1220,106,2024-12-30 07:27:58.225259
-0004,2329,1220,106,2024-12-30 07:27:58.241271
-0003,2317,1220,106,2024-12-30 07:27:58.272637
-0004,2326,1220,106,2024-12-30 07:27:58.289246
-0005,2327,1220,106,2024-12-30 07:27:58.305245
-0004,2320,1220,106,2024-12-30 07:27:58.321234
-0003,2320,1220,106,2024-12-30 07:27:58.337237
-0004,2324,1220,106,2024-12-30 07:27:58.353242
-0004,2318,1220,105,2024-12-30 07:27:58.369230
-0004,1976,1220,106,2024-12-30 07:27:58.385226
-0003,2265,1220,106,2024-12-30 07:27:58.401226
-0004,2326,1220,106,2024-12-30 07:27:58.417214
-0004,2319,1220,106,2024-12-30 07:27:58.448975
-0004,2328,1220,106,2024-12-30 07:27:58.465200
-0003,2328,1220,106,2024-12-30 07:27:58.481204
-0003,2319,1220,106,2024-12-30 07:27:58.497205
-0004,2328,1220,106,2024-12-30 07:27:58.513201
-0004,2317,1220,106,2024-12-30 07:27:58.529201
-0003,2324,1220,106,2024-12-30 07:27:58.545187
-0004,2332,1220,106,2024-12-30 07:27:58.561189
-0003,2325,1220,106,2024-12-30 07:27:58.577178
-0004,2335,1220,106,2024-12-30 07:27:58.608580
-0003,2316,1220,106,2024-12-30 07:27:58.625177
-0005,2335,1220,106,2024-12-30 07:27:58.641172
-0003,2317,1220,106,2024-12-30 07:27:58.657167
-0004,2330,1220,106,2024-12-30 07:27:58.673161
-0003,2326,1220,106,2024-12-30 07:27:58.689152
-0005,2341,1220,106,2024-12-30 07:27:58.705156
-0004,2327,1220,106,2024-12-30 07:27:58.721148
-0005,2339,1220,106,2024-12-30 07:27:58.737143
-0004,2315,1220,106,2024-12-30 07:27:58.753144
-0004,2327,1220,106,2024-12-30 07:27:58.784903
-0003,2326,1220,106,2024-12-30 07:27:58.801133
-0004,2332,1220,106,2024-12-30 07:27:58.817137
-0003,2325,1220,106,2024-12-30 07:27:58.833132
-0004,2330,1220,106,2024-12-30 07:27:58.849130
-0004,2343,1220,106,2024-12-30 07:27:58.865124
-0003,2325,1220,105,2024-12-30 07:27:58.881124
-0004,1980,1220,106,2024-12-30 07:27:58.897125
-0003,2270,1220,106,2024-12-30 07:27:58.913123
-0005,2310,1220,106,2024-12-30 07:27:58.944514
-0004,2324,1220,106,2024-12-30 07:27:58.961100
-0003,2318,1220,106,2024-12-30 07:27:58.977098
-0004,2323,1220,106,2024-12-30 07:27:58.993097
-0003,2317,1220,106,2024-12-30 07:27:59.009094
-0004,2320,1219,106,2024-12-30 07:27:59.025094
-0003,2322,1220,106,2024-12-30 07:27:59.041089
-0004,2313,1220,106,2024-12-30 07:27:59.057074
-0004,2311,1220,106,2024-12-30 07:27:59.073074
-0004,2329,1220,106,2024-12-30 07:27:59.089068
-0003,2320,1220,106,2024-12-30 07:27:59.120849
-0004,2321,1220,106,2024-12-30 07:27:59.137064
-0004,2321,1220,106,2024-12-30 07:27:59.153052
-0004,2338,1220,106,2024-12-30 07:27:59.169058
-0004,2321,1220,106,2024-12-30 07:27:59.185047
-0004,2318,1220,106,2024-12-30 07:27:59.201043
-0004,2329,1220,106,2024-12-30 07:27:59.217044
-0003,2317,1220,106,2024-12-30 07:27:59.233034
-0004,2326,1220,106,2024-12-30 07:27:59.249048
-0004,2323,1220,106,2024-12-30 07:27:59.280447
-0003,2319,1220,106,2024-12-30 07:27:59.297042
-0003,2330,1220,106,2024-12-30 07:27:59.313049
-0004,2331,1220,106,2024-12-30 07:27:59.329050
-0003,2324,1220,106,2024-12-30 07:27:59.345051
-0004,2330,1220,106,2024-12-30 07:27:59.361053
-0004,2329,1220,106,2024-12-30 07:27:59.377054
-0003,2323,1220,105,2024-12-30 07:27:59.393058
-0005,1972,1219,106,2024-12-30 07:27:59.409058
-0004,2270,1220,106,2024-12-30 07:27:59.425059
-0004,2334,1220,106,2024-12-30 07:27:59.456762
-0004,2324,1220,106,2024-12-30 07:27:59.472984
-0004,2324,1220,106,2024-12-30 07:27:59.488989
-0004,2316,1220,106,2024-12-30 07:27:59.504978
-0005,2320,1220,106,2024-12-30 07:27:59.520983
-0003,2328,1220,106,2024-12-30 07:27:59.536975
-0004,2321,1220,106,2024-12-30 07:27:59.552974
-0004,2322,1220,106,2024-12-30 07:27:59.568968
-0003,2325,1220,106,2024-12-30 07:27:59.584970
-0005,2331,1220,106,2024-12-30 07:27:59.616384
-0005,2309,1220,106,2024-12-30 07:27:59.632960
-0003,2318,1220,106,2024-12-30 07:27:59.648944
-0004,2335,1220,106,2024-12-30 07:27:59.664949
-0004,2335,1220,106,2024-12-30 07:27:59.680940
-0003,2317,1219,106,2024-12-30 07:27:59.696941
-0004,2323,1220,106,2024-12-30 07:27:59.712941
-0004,2318,1220,106,2024-12-30 07:27:59.728934
-0004,2335,1220,106,2024-12-30 07:27:59.744940
-0004,2307,1220,106,2024-12-30 07:27:59.760928
-0004,2318,1220,106,2024-12-30 07:27:59.792688
-0004,2325,1220,106,2024-12-30 07:27:59.808920
-0003,2324,1219,106,2024-12-30 07:27:59.824908
-0004,2314,1219,106,2024-12-30 07:27:59.840903
-0004,2342,1219,106,2024-12-30 07:27:59.856903
-0004,2311,1220,106,2024-12-30 07:27:59.872894
-0004,2321,1219,106,2024-12-30 07:27:59.888900
-0004,2313,1220,105,2024-12-30 07:27:59.904913
-0004,1979,1219,106,2024-12-30 07:27:59.920900
-0004,2275,1220,106,2024-12-30 07:27:59.952302
-0004,2322,1220,106,2024-12-30 07:27:59.968888
-0005,2341,1220,106,2024-12-30 07:27:59.984883
-0004,2339,1219,106,2024-12-30 07:28:00.000887
-0004,2332,1219,106,2024-12-30 07:28:00.016873
-0003,2322,1219,106,2024-12-30 07:28:00.032860
-0004,2323,1220,106,2024-12-30 07:28:00.048865
-0004,2327,1220,106,2024-12-30 07:28:00.064854
-0004,2323,1219,106,2024-12-30 07:28:00.080857
-0004,2322,1220,106,2024-12-30 07:28:00.096854
-0003,2315,1220,106,2024-12-30 07:28:00.128631
-0003,2312,1220,106,2024-12-30 07:28:00.144848
-0004,2341,1219,106,2024-12-30 07:28:00.160852
-0003,2321,1220,106,2024-12-30 07:28:00.176829
-0004,2318,1219,106,2024-12-30 07:28:00.192831
-0004,2333,1220,106,2024-12-30 07:28:00.208826
-0004,2329,1220,106,2024-12-30 07:28:00.224830
-0005,2339,1220,106,2024-12-30 07:28:00.241003
-0004,2324,1220,106,2024-12-30 07:28:00.256844
-0005,2341,1220,106,2024-12-30 07:28:00.288229
-0004,2312,1220,106,2024-12-30 07:28:00.304825
-0004,2330,1219,106,2024-12-30 07:28:00.320810
-0003,2325,1219,106,2024-12-30 07:28:00.336808
-0005,2337,1219,106,2024-12-30 07:28:00.352808
-0004,2324,1219,106,2024-12-30 07:28:00.368811
-0004,2337,1220,106,2024-12-30 07:28:00.384788
-0004,2320,1220,106,2024-12-30 07:28:00.400783
-0004,2321,1219,105,2024-12-30 07:28:00.416787
-0004,1974,1219,106,2024-12-30 07:28:00.432784
-0004,2274,1220,106,2024-12-30 07:28:00.464557
-0003,2324,1219,106,2024-12-30 07:28:00.480779
-0003,2321,1219,106,2024-12-30 07:28:00.496766
-0004,2321,1219,106,2024-12-30 07:28:00.512770
-0004,2331,1219,106,2024-12-30 07:28:00.528760
-0004,2323,1219,106,2024-12-30 07:28:00.544752
-0004,2327,1219,106,2024-12-30 07:28:00.560752
-0004,2326,1219,106,2024-12-30 07:28:00.576750
-0005,2338,1219,106,2024-12-30 07:28:00.592747
-0004,2331,1219,106,2024-12-30 07:28:00.624165
-0005,2333,1219,106,2024-12-30 07:28:00.640732
-0004,2314,1220,106,2024-12-30 07:28:00.656735
-0004,2327,1219,106,2024-12-30 07:28:00.672725
-0003,2316,1219,106,2024-12-30 07:28:00.688726
-0004,2339,1220,106,2024-12-30 07:28:00.704722
-0004,2322,1219,106,2024-12-30 07:28:00.720724
-0004,2326,1219,106,2024-12-30 07:28:00.736722
-0004,2323,1219,106,2024-12-30 07:28:00.752714
-0004,2313,1219,106,2024-12-30 07:28:00.768707
-0004,2311,1219,106,2024-12-30 07:28:00.800503
-0004,2310,1219,106,2024-12-30 07:28:00.816704
-0003,2324,1220,106,2024-12-30 07:28:00.832697
-0003,2315,1219,106,2024-12-30 07:28:00.848701
-0004,2316,1220,106,2024-12-30 07:28:00.864691
-0004,2321,1219,106,2024-12-30 07:28:00.880685
-0004,2310,1220,106,2024-12-30 07:28:00.896683
-0004,2319,1219,106,2024-12-30 07:28:00.912670
-0004,2313,1219,105,2024-12-30 07:28:00.928677
-0005,1968,1219,106,2024-12-30 07:28:00.960106
-0004,2266,1219,106,2024-12-30 07:28:00.976660
-0003,2321,1220,106,2024-12-30 07:28:00.992662
-0004,2339,1219,106,2024-12-30 07:28:01.008660
-0004,2323,1219,106,2024-12-30 07:28:01.024653
-0003,2322,1219,106,2024-12-30 07:28:01.040648
-0004,2321,1219,106,2024-12-30 07:28:01.056640
-0005,2331,1219,106,2024-12-30 07:28:01.072639
-0003,2320,1219,106,2024-12-30 07:28:01.088643
-0004,2330,1219,106,2024-12-30 07:28:01.104626
-0004,2329,1219,106,2024-12-30 07:28:01.136447
-0003,2324,1219,106,2024-12-30 07:28:01.152625
-0004,2308,1219,106,2024-12-30 07:28:01.168621
-0004,2336,1219,106,2024-12-30 07:28:01.184621
-0003,2309,1219,106,2024-12-30 07:28:01.200614
-0005,2328,1219,106,2024-12-30 07:28:01.216617
-0004,2317,1219,106,2024-12-30 07:28:01.232603
-0004,2314,1219,106,2024-12-30 07:28:01.248612
-0003,2323,1219,106,2024-12-30 07:28:01.264604
-0005,2334,1219,106,2024-12-30 07:28:01.296033
-0004,2312,1219,106,2024-12-30 07:28:01.312601
-0004,2321,1219,106,2024-12-30 07:28:01.328593
-0004,2334,1219,106,2024-12-30 07:28:01.344578
-0004,2323,1219,106,2024-12-30 07:28:01.360574
-0002,2320,1219,106,2024-12-30 07:28:01.376580
-0003,2320,1220,106,2024-12-30 07:28:01.392572
-0003,2325,1219,106,2024-12-30 07:28:01.408572
-0004,2325,1219,106,2024-12-30 07:28:01.424557
-0004,2326,1219,105,2024-12-30 07:28:01.440559
-0005,1967,1219,106,2024-12-30 07:28:01.472391
-0005,2268,1219,106,2024-12-30 07:28:01.488551
-0004,2310,1219,106,2024-12-30 07:28:01.504547
-0004,2328,1219,106,2024-12-30 07:28:01.520542
-0004,2321,1219,106,2024-12-30 07:28:01.536538
-0004,2310,1220,106,2024-12-30 07:28:01.552549
-0004,2320,1219,106,2024-12-30 07:28:01.568537
-0004,2311,1219,106,2024-12-30 07:28:01.584541
-0004,2307,1219,106,2024-12-30 07:28:01.600533
-0003,2308,1219,106,2024-12-30 07:28:01.631978
-0004,2318,1219,106,2024-12-30 07:28:01.648522
-0005,2334,1219,106,2024-12-30 07:28:01.664514
-0003,2322,1219,106,2024-12-30 07:28:01.680502
-0004,2317,1219,106,2024-12-30 07:28:01.696498
-0003,2307,1219,106,2024-12-30 07:28:01.712499
-0004,2320,1219,106,2024-12-30 07:28:01.728500
-0004,2315,1219,106,2024-12-30 07:28:01.744505
-0005,2321,1219,106,2024-12-30 07:28:01.760496
-0004,2310,1219,106,2024-12-30 07:28:01.776491
-0004,2310,1219,106,2024-12-30 07:28:01.808320
-0003,2316,1219,106,2024-12-30 07:28:01.824483
-0003,2319,1219,106,2024-12-30 07:28:01.840486
-0003,2308,1219,106,2024-12-30 07:28:01.856466
-0005,2332,1219,106,2024-12-30 07:28:01.872461
-0004,2310,1219,106,2024-12-30 07:28:01.888465
-0003,2319,1219,106,2024-12-30 07:28:01.904456
-0004,2316,1219,106,2024-12-30 07:28:01.920458
-0003,2316,1219,106,2024-12-30 07:28:01.936455
-0004,2316,1219,105,2024-12-30 07:28:01.967919
-0005,1951,1219,106,2024-12-30 07:28:01.984438
-0003,2258,1219,106,2024-12-30 07:28:02.000437
-0005,2309,1219,106,2024-12-30 07:28:02.016435
-0004,2308,1219,106,2024-12-30 07:28:02.032432
-0004,2320,1219,106,2024-12-30 07:28:02.048426
-0004,2314,1219,106,2024-12-30 07:28:02.064432
-0004,2329,1219,106,2024-12-30 07:28:02.080414
-0004,2327,1219,106,2024-12-30 07:28:02.096419
-0004,2324,1219,106,2024-12-30 07:28:02.112414
-0005,2306,1219,106,2024-12-30 07:28:02.144278
-0004,2316,1219,106,2024-12-30 07:28:02.160403
-0005,2308,1219,106,2024-12-30 07:28:02.176398
-0003,2302,1219,106,2024-12-30 07:28:02.192401
-0004,2309,1219,106,2024-12-30 07:28:02.208407
-0004,2319,1219,106,2024-12-30 07:28:02.224405
-0004,2317,1219,106,2024-12-30 07:28:02.240430
-0002,2319,1219,106,2024-12-30 07:28:02.256412
-0004,2322,1219,106,2024-12-30 07:28:02.272414
-0004,2310,1219,106,2024-12-30 07:28:02.303877
-0004,2316,1219,106,2024-12-30 07:28:02.320416
-0003,2318,1219,106,2024-12-30 07:28:02.336416
-0003,2308,1219,106,2024-12-30 07:28:02.352421
-0003,2317,1219,106,2024-12-30 07:28:02.368632
-0003,2314,1219,106,2024-12-30 07:28:02.384370
-0004,2329,1219,106,2024-12-30 07:28:02.400359
-0005,2327,1219,106,2024-12-30 07:28:02.416352
-0004,2328,1219,106,2024-12-30 07:28:02.432345
-0003,2301,1219,106,2024-12-30 07:28:02.448348
-0005,2327,1219,105,2024-12-30 07:28:02.480196
-0004,1947,1219,106,2024-12-30 07:28:02.496333
-0004,2257,1219,106,2024-12-30 07:28:02.512332
-0004,2305,1219,106,2024-12-30 07:28:02.528324
-0004,2317,1219,106,2024-12-30 07:28:02.544323
-0004,2309,1219,106,2024-12-30 07:28:02.560323
-0003,2315,1219,106,2024-12-30 07:28:02.576311
-0003,2309,1219,106,2024-12-30 07:28:02.592312
-0004,2326,1219,106,2024-12-30 07:28:02.608305
-0004,2301,1219,106,2024-12-30 07:28:02.639809
-0004,2304,1219,106,2024-12-30 07:28:02.656314
-0004,2316,1219,106,2024-12-30 07:28:02.672305
-0004,2309,1219,106,2024-12-30 07:28:02.688286
-0004,2315,1219,106,2024-12-30 07:28:02.704294
-0004,2308,1219,106,2024-12-30 07:28:02.720280
-0003,2320,1219,106,2024-12-30 07:28:02.736284
-0003,2314,1219,106,2024-12-30 07:28:02.752283
-0004,2331,1219,106,2024-12-30 07:28:02.768271
-0004,2325,1219,106,2024-12-30 07:28:02.784273
-0004,2304,1219,106,2024-12-30 07:28:02.816136
-0004,2298,1219,106,2024-12-30 07:28:02.832251
-0004,2332,1219,106,2024-12-30 07:28:02.848258
-0003,2315,1219,106,2024-12-30 07:28:02.864248
-0004,2306,1219,106,2024-12-30 07:28:02.880248
-0003,2316,1219,106,2024-12-30 07:28:02.896242
-0004,2326,1219,106,2024-12-30 07:28:02.912247
-0004,2317,1218,106,2024-12-30 07:28:02.928247
-0004,2313,1219,106,2024-12-30 07:28:02.944226
-0003,2314,1219,106,2024-12-30 07:28:02.975735
-0004,2324,1219,105,2024-12-30 07:28:02.992216
-0005,1938,1219,106,2024-12-30 07:28:03.008224
-0004,2256,1219,106,2024-12-30 07:28:03.024213
-0005,2323,1219,106,2024-12-30 07:28:03.040215
-0004,2312,1219,106,2024-12-30 07:28:03.056201
-0004,2314,1219,106,2024-12-30 07:28:03.072208
-0004,2302,1219,106,2024-12-30 07:28:03.088194
-0004,2321,1219,106,2024-12-30 07:28:03.104201
-0004,2312,1219,106,2024-12-30 07:28:03.120192
-0004,2313,1219,106,2024-12-30 07:28:03.152056
-0005,2320,1219,106,2024-12-30 07:28:03.168178
-0004,2303,1219,106,2024-12-30 07:28:03.184182
-0003,2309,1219,106,2024-12-30 07:28:03.200176
-0004,2301,1219,106,2024-12-30 07:28:03.216180
-0004,2302,1219,106,2024-12-30 07:28:03.232167
-0004,2316,1219,106,2024-12-30 07:28:03.248178
-0003,2309,1219,106,2024-12-30 07:28:03.264163
-0004,2316,1219,106,2024-12-30 07:28:03.280170
-0003,2318,1219,106,2024-12-30 07:28:03.311661
-0004,2328,1219,106,2024-12-30 07:28:03.328155
-0004,2321,1219,106,2024-12-30 07:28:03.344144
-0004,2301,1218,106,2024-12-30 07:28:03.360152
-0004,2317,1219,106,2024-12-30 07:28:03.376141
-0004,2324,1219,106,2024-12-30 07:28:03.392135
-0004,2308,1218,106,2024-12-30 07:28:03.408139
-0004,2318,1219,106,2024-12-30 07:28:03.424131
-0004,2306,1218,106,2024-12-30 07:28:03.440129
-0004,2315,1218,106,2024-12-30 07:28:03.456128
-0005,2304,1219,106,2024-12-30 07:28:03.487992
-0004,2311,1218,105,2024-12-30 07:28:03.504127
-0005,1943,1219,106,2024-12-30 07:28:03.520113
-0003,2248,1218,106,2024-12-30 07:28:03.536109
-0004,2304,1219,106,2024-12-30 07:28:03.552112
-0003,2313,1219,106,2024-12-30 07:28:03.568104
-0004,2327,1219,106,2024-12-30 07:28:03.584105
-0004,2317,1219,106,2024-12-30 07:28:03.600093
-0005,2330,1219,106,2024-12-30 07:28:03.616095
-0004,2298,1218,106,2024-12-30 07:28:03.647612
-0003,2313,1218,106,2024-12-30 07:28:03.664095
-0003,2305,1219,106,2024-12-30 07:28:03.680075
-0003,2300,1218,106,2024-12-30 07:28:03.696077
-0003,2304,1219,106,2024-12-30 07:28:03.712072
-0004,2325,1219,106,2024-12-30 07:28:03.728072
-0004,2315,1219,106,2024-12-30 07:28:03.744068
-0004,2314,1219,106,2024-12-30 07:28:03.760058
-0004,2315,1218,106,2024-12-30 07:28:03.776060
-0004,2317,1218,106,2024-12-30 07:28:03.792050
-0004,2301,1218,106,2024-12-30 07:28:03.823934
-0004,2320,1218,106,2024-12-30 07:28:03.840041
-0004,2322,1218,106,2024-12-30 07:28:03.856038
-0003,2304,1219,106,2024-12-30 07:28:03.872039
-0004,2301,1218,106,2024-12-30 07:28:03.888029
-0004,2320,1219,106,2024-12-30 07:28:03.904032
-0004,2305,1218,106,2024-12-30 07:28:03.920025
-0005,2324,1219,106,2024-12-30 07:28:03.936029
-0004,2316,1219,106,2024-12-30 07:28:03.952022
-0004,2319,1219,106,2024-12-30 07:28:03.983523
-0004,2304,1218,106,2024-12-30 07:28:04.000020
-0004,2301,1219,105,2024-12-30 07:28:04.016025
-0004,1929,1218,106,2024-12-30 07:28:04.032015
-0004,2261,1219,106,2024-12-30 07:28:04.047997
-0003,2305,1219,106,2024-12-30 07:28:04.063994
-0004,2303,1219,106,2024-12-30 07:28:04.079988
-0003,2316,1218,106,2024-12-30 07:28:04.095984
-0004,2329,1218,106,2024-12-30 07:28:04.111978
-0003,2313,1218,106,2024-12-30 07:28:04.127976
-0004,2326,1219,106,2024-12-30 07:28:04.159859
-0004,2316,1218,106,2024-12-30 07:28:04.175968
-0003,2316,1219,106,2024-12-30 07:28:04.191962
-0003,2306,1219,106,2024-12-30 07:28:04.207956
-0003,2302,1218,106,2024-12-30 07:28:04.223954
-0004,2328,1219,106,2024-12-30 07:28:04.239969
-0004,2315,1219,106,2024-12-30 07:28:04.255951
-0004,2315,1218,106,2024-12-30 07:28:04.271951
-0003,2315,1218,106,2024-12-30 07:28:04.287944
-0003,2304,1218,106,2024-12-30 07:28:04.319445
-0004,2326,1218,106,2024-12-30 07:28:04.335933
-0004,2305,1218,106,2024-12-30 07:28:04.351935
-0004,2315,1218,106,2024-12-30 07:28:04.367927
-0003,2317,1218,106,2024-12-30 07:28:04.383927
-0003,2323,1218,106,2024-12-30 07:28:04.399928
-0004,2327,1218,106,2024-12-30 07:28:04.415912
-0003,2306,1218,106,2024-12-30 07:28:04.431914
-0004,2311,1218,106,2024-12-30 07:28:04.447915
-0004,2318,1218,106,2024-12-30 07:28:04.463911
-0004,2297,1218,106,2024-12-30 07:28:04.495797
-0004,2312,1218,106,2024-12-30 07:28:04.511902
-0003,2314,1218,105,2024-12-30 07:28:04.527902
-0004,1931,1218,106,2024-12-30 07:28:04.543888
-0004,2256,1218,106,2024-12-30 07:28:04.559884
-0003,2302,1218,106,2024-12-30 07:28:04.575890
-0004,2318,1218,106,2024-12-30 07:28:04.591877
-0005,2325,1218,106,2024-12-30 07:28:04.607877
-0003,2300,1218,106,2024-12-30 07:28:04.623868
-0005,2307,1218,106,2024-12-30 07:28:04.655391
-0004,2302,1218,106,2024-12-30 07:28:04.671860
-0003,2312,1218,106,2024-12-30 07:28:04.687862
-0003,2299,1218,106,2024-12-30 07:28:04.703858
-0004,2315,1218,106,2024-12-30 07:28:04.719852
-0004,2316,1218,106,2024-12-30 07:28:04.735842
-0003,2309,1218,106,2024-12-30 07:28:04.751846
-0003,2314,1218,106,2024-12-30 07:28:04.767848
-0004,2319,1218,106,2024-12-30 07:28:04.783852
-0003,2314,1218,106,2024-12-30 07:28:04.799830
-0005,2322,1218,106,2024-12-30 07:28:04.831719
-0004,2298,1218,106,2024-12-30 07:28:04.847828
-0004,2322,1218,106,2024-12-30 07:28:04.863819
-0003,2312,1218,106,2024-12-30 07:28:04.879819
-0005,2325,1218,106,2024-12-30 07:28:04.895824
-0004,2325,1218,106,2024-12-30 07:28:04.911811
-0003,2296,1218,106,2024-12-30 07:28:04.927808
-0003,2324,1218,106,2024-12-30 07:28:04.943800
-0004,2328,1218,106,2024-12-30 07:28:04.959807
-0004,2314,1219,106,2024-12-30 07:28:04.991318
-0003,2315,1218,106,2024-12-30 07:28:05.007796
-0005,2306,1218,106,2024-12-30 07:28:05.023788
-0004,2297,1218,105,2024-12-30 07:28:05.039787
-0005,1927,1218,106,2024-12-30 07:28:05.055781
-0004,2251,1218,106,2024-12-30 07:28:05.071778
-0004,2318,1218,106,2024-12-30 07:28:05.087772
-0004,2305,1219,106,2024-12-30 07:28:05.103774
-0005,2315,1218,106,2024-12-30 07:28:05.119767
-0005,2300,1218,106,2024-12-30 07:28:05.135770
-0003,2314,1218,106,2024-12-30 07:28:05.167662
-0004,2296,1218,106,2024-12-30 07:28:05.183770
-0003,2298,1218,106,2024-12-30 07:28:05.199772
-0004,2312,1218,106,2024-12-30 07:28:05.215775
-0004,2324,1218,106,2024-12-30 07:28:05.231777
-0004,2317,1218,106,2024-12-30 07:28:05.247787
-0005,2295,1218,106,2024-12-30 07:28:05.263781
-0003,2313,1218,106,2024-12-30 07:28:05.279785
-0004,2300,1218,106,2024-12-30 07:28:05.295782
-0004,2321,1218,106,2024-12-30 07:28:05.327213
-0004,2308,1218,106,2024-12-30 07:28:05.343719
-0004,2303,1218,106,2024-12-30 07:28:05.359722
-0004,2324,1218,106,2024-12-30 07:28:05.375719
-0003,2311,1218,106,2024-12-30 07:28:05.391710
-0004,2312,1218,106,2024-12-30 07:28:05.407710
-0005,2322,1218,106,2024-12-30 07:28:05.423702
-0003,2311,1218,106,2024-12-30 07:28:05.439705
-0004,2315,1218,106,2024-12-30 07:28:05.455691
-0004,2313,1218,106,2024-12-30 07:28:05.471692
-0004,2318,1218,106,2024-12-30 07:28:05.503601
-0005,2318,1218,106,2024-12-30 07:28:05.519691
-0005,2317,1218,106,2024-12-30 07:28:05.535674
-0006,2316,1218,105,2024-12-30 07:28:05.551668
-0005,1827,1218,106,2024-12-30 07:28:05.567670
-0003,2266,1218,106,2024-12-30 07:28:05.583664
-0004,2316,1218,106,2024-12-30 07:28:05.599659
-0004,2310,1218,106,2024-12-30 07:28:05.615662
-0004,2256,1218,106,2024-12-30 07:28:05.631663
-0004,2263,1218,106,2024-12-30 07:28:05.663217
-0003,2302,1218,106,2024-12-30 07:28:05.679645
-0005,2338,1218,106,2024-12-30 07:28:05.695646
-0003,2306,1218,106,2024-12-30 07:28:05.711636
-0003,2276,1218,106,2024-12-30 07:28:05.727636
-0003,2272,1218,106,2024-12-30 07:28:05.743639
-0004,2280,1218,106,2024-12-30 07:28:05.759630
-0004,2286,1218,106,2024-12-30 07:28:05.775625
-0004,2272,1218,106,2024-12-30 07:28:05.791620
-0002,2248,1218,106,2024-12-30 07:28:05.807617
-0004,2295,1218,106,2024-12-30 07:28:05.839533
-0004,2287,1218,106,2024-12-30 07:28:05.855609
-0005,2305,1218,106,2024-12-30 07:28:05.871607
-0004,2286,1218,106,2024-12-30 07:28:05.887615
-0004,2278,1218,106,2024-12-30 07:28:05.903596
-0004,2281,1218,106,2024-12-30 07:28:05.919588
-0003,2284,1218,106,2024-12-30 07:28:05.935587
-0005,2294,1218,106,2024-12-30 07:28:05.951581
-0003,2276,1218,106,2024-12-30 07:28:05.967584
-0005,2313,1218,106,2024-12-30 07:28:05.999145
-0003,2257,1218,106,2024-12-30 07:28:06.015573
-0004,2303,1218,106,2024-12-30 07:28:06.031572
-0005,2288,1218,106,2024-12-30 07:28:06.047569
-0006,2301,1218,105,2024-12-30 07:28:06.063561
-0005,1847,1218,106,2024-12-30 07:28:06.079562
-0004,2205,1218,106,2024-12-30 07:28:06.095555
-0005,2268,1218,106,2024-12-30 07:28:06.111557
-0004,2287,1218,106,2024-12-30 07:28:06.127547
-0005,2267,1218,106,2024-12-30 07:28:06.143549
-0005,2294,1219,106,2024-12-30 07:28:06.175486
-0006,2272,1218,106,2024-12-30 07:28:06.191537
-0005,2264,1218,106,2024-12-30 07:28:06.207526
-0006,2274,1218,106,2024-12-30 07:28:06.223529
-0005,2291,1218,106,2024-12-30 07:28:06.239544
-0005,2281,1218,106,2024-12-30 07:28:06.255526
-0005,2295,1218,106,2024-12-30 07:28:06.271522
-0006,2293,1218,106,2024-12-30 07:28:06.287512
-0006,2295,1218,106,2024-12-30 07:28:06.303515
-0005,2267,1218,106,2024-12-30 07:28:06.335083
-0005,2286,1218,106,2024-12-30 07:28:06.351503
-0005,2268,1218,106,2024-12-30 07:28:06.367505
-0005,2290,1218,106,2024-12-30 07:28:06.383493
-0005,2272,1218,106,2024-12-30 07:28:06.399494
-0006,2282,1218,106,2024-12-30 07:28:06.415485
-0006,2300,1218,106,2024-12-30 07:28:06.431480
-0005,2281,1218,106,2024-12-30 07:28:06.447478
-0006,2283,1218,106,2024-12-30 07:28:06.463472
-0004,2290,1218,106,2024-12-30 07:28:06.479474
-0005,2267,1218,106,2024-12-30 07:28:06.511408
-0005,2293,1218,106,2024-12-30 07:28:06.527463
-0005,2291,1218,106,2024-12-30 07:28:06.543465
-0004,2276,1218,106,2024-12-30 07:28:06.559455
-0006,2293,1218,105,2024-12-30 07:28:06.575448
-0005,1850,1218,106,2024-12-30 07:28:06.591450
-0005,2209,1218,106,2024-12-30 07:28:06.607451
-0005,2277,1218,106,2024-12-30 07:28:06.623457
-0005,2272,1218,106,2024-12-30 07:28:06.639439
-0005,2295,1218,106,2024-12-30 07:28:06.671013
-0005,2295,1218,106,2024-12-30 07:28:06.687430
-0006,2279,1218,106,2024-12-30 07:28:06.703424
-0005,2291,1218,106,2024-12-30 07:28:06.719423
-0005,2295,1218,106,2024-12-30 07:28:06.735427
-0006,2293,1218,106,2024-12-30 07:28:06.751421
-0005,2275,1218,106,2024-12-30 07:28:06.767416
-0006,2275,1218,106,2024-12-30 07:28:06.783405
-0005,2297,1218,106,2024-12-30 07:28:06.799411
-0005,2295,1218,106,2024-12-30 07:28:06.815403
-0005,2266,1218,106,2024-12-30 07:28:06.847355
-0005,2267,1218,106,2024-12-30 07:28:06.863387
-0005,2291,1218,106,2024-12-30 07:28:06.879388
-0005,2276,1218,106,2024-12-30 07:28:06.895379
-0005,2294,1218,106,2024-12-30 07:28:06.911381
-0005,2273,1218,106,2024-12-30 07:28:06.927379
-0005,2282,1218,106,2024-12-30 07:28:06.943379
-0005,2274,1218,106,2024-12-30 07:28:06.959369
-0006,2298,1217,106,2024-12-30 07:28:06.975372
-0005,2295,1218,106,2024-12-30 07:28:07.006943
-0005,2295,1218,106,2024-12-30 07:28:07.023361
-0005,2269,1218,106,2024-12-30 07:28:07.039351
-0006,2274,1218,106,2024-12-30 07:28:07.055344
-0006,2273,1217,106,2024-12-30 07:28:07.071345
-0005,2268,1218,105,2024-12-30 07:28:07.087344
-0006,1849,1218,106,2024-12-30 07:28:07.103346
-0005,2198,1218,106,2024-12-30 07:28:07.119333
-0005,2274,1218,106,2024-12-30 07:28:07.135337
-0006,2292,1218,106,2024-12-30 07:28:07.151330
-0005,2267,1218,106,2024-12-30 07:28:07.183307
-0005,2281,1218,106,2024-12-30 07:28:07.199313
-0005,2268,1218,106,2024-12-30 07:28:07.215316
-0005,2288,1218,106,2024-12-30 07:28:07.231305
-0005,2273,1218,106,2024-12-30 07:28:07.247320
-0004,2271,1217,106,2024-12-30 07:28:07.263306
-0005,2266,1218,106,2024-12-30 07:28:07.279304
-0006,2293,1218,106,2024-12-30 07:28:07.295295
-0005,2266,1218,106,2024-12-30 07:28:07.311292
-0005,2273,1218,106,2024-12-30 07:28:07.342907
-0004,2270,1218,106,2024-12-30 07:28:07.359294
-0004,2266,1217,106,2024-12-30 07:28:07.375277
-0006,2295,1218,106,2024-12-30 07:28:07.391281
-0006,2291,1218,106,2024-12-30 07:28:07.407270
-0005,2270,1218,106,2024-12-30 07:28:07.423273
-0006,2287,1218,106,2024-12-30 07:28:07.439268
-0006,2267,1217,106,2024-12-30 07:28:07.455262
-0005,2271,1218,106,2024-12-30 07:28:07.471264
-0006,2288,1218,106,2024-12-30 07:28:07.487255
-0006,2271,1218,106,2024-12-30 07:28:07.519225
-0006,2290,1218,106,2024-12-30 07:28:07.535250
-0006,2281,1218,106,2024-12-30 07:28:07.551241
-0006,2265,1218,106,2024-12-30 07:28:07.567236
-0004,2267,1217,106,2024-12-30 07:28:07.583238
-0005,2263,1217,105,2024-12-30 07:28:07.599227
-0006,1844,1218,106,2024-12-30 07:28:07.615233
-0005,2195,1218,106,2024-12-30 07:28:07.631224
-0005,2292,1218,106,2024-12-30 07:28:07.647219
-0005,2276,1217,106,2024-12-30 07:28:07.678832
-0005,2263,1218,106,2024-12-30 07:28:07.695211
-0006,2294,1217,106,2024-12-30 07:28:07.711212
-0004,2266,1218,106,2024-12-30 07:28:07.727210
-0005,2266,1218,106,2024-12-30 07:28:07.743219
-0005,2290,1217,106,2024-12-30 07:28:07.759196
-0006,2279,1218,106,2024-12-30 07:28:07.775193
-0006,2263,1218,106,2024-12-30 07:28:07.791193
-0005,2261,1218,106,2024-12-30 07:28:07.807182
-0005,2263,1218,106,2024-12-30 07:28:07.823186
-0006,2262,1217,106,2024-12-30 07:28:07.855188
-0005,2265,1218,106,2024-12-30 07:28:07.871174
-0004,2272,1217,106,2024-12-30 07:28:07.887169
-0006,2293,1217,106,2024-12-30 07:28:07.903168
-0005,2262,1218,106,2024-12-30 07:28:07.919158
-0005,2260,1217,106,2024-12-30 07:28:07.935161
-0006,2263,1218,106,2024-12-30 07:28:07.951153
-0005,2262,1217,106,2024-12-30 07:28:07.967153
-0005,2277,1218,106,2024-12-30 07:28:07.983147
-0005,2267,1218,106,2024-12-30 07:28:08.014760
-0006,2287,1217,106,2024-12-30 07:28:08.031148
-0005,2266,1217,106,2024-12-30 07:28:08.047139
-0006,2291,1218,106,2024-12-30 07:28:08.063138
-0006,2273,1218,106,2024-12-30 07:28:08.079135
-0006,2275,1217,106,2024-12-30 07:28:08.095134
-0005,2262,1217,105,2024-12-30 07:28:08.111134
-0006,1835,1218,106,2024-12-30 07:28:08.127136
-0005,2203,1217,106,2024-12-30 07:28:08.143142
-0005,2286,1217,106,2024-12-30 07:28:08.159141
-0004,2271,1217,106,2024-12-30 07:28:08.191123
-0006,2276,1218,106,2024-12-30 07:28:08.207146
-0006,2279,1217,106,2024-12-30 07:28:08.223146
-0005,2266,1217,106,2024-12-30 07:28:08.239162
-0005,2283,1218,106,2024-12-30 07:28:08.255157
-0006,2290,1217,106,2024-12-30 07:28:08.271154
-0005,2268,1217,106,2024-12-30 07:28:08.287092
-0005,2287,1217,106,2024-12-30 07:28:08.303104
-0005,2286,1217,106,2024-12-30 07:28:08.319087
-0005,2265,1217,106,2024-12-30 07:28:08.350721
-0005,2269,1217,106,2024-12-30 07:28:08.367073
-0005,2293,1217,106,2024-12-30 07:28:08.383079
-0006,2276,1217,106,2024-12-30 07:28:08.399067
-0004,2271,1217,106,2024-12-30 07:28:08.415070
-0006,2273,1217,106,2024-12-30 07:28:08.431057
-0005,2288,1217,106,2024-12-30 07:28:08.447066
-0005,2291,1217,106,2024-12-30 07:28:08.463061
-0005,2264,1217,106,2024-12-30 07:28:08.479043
-0005,2283,1217,106,2024-12-30 07:28:08.495048
-0006,2294,1217,106,2024-12-30 07:28:08.527036
-0006,2283,1217,106,2024-12-30 07:28:08.543037
-0005,2258,1217,106,2024-12-30 07:28:08.559035
-0005,2293,1217,106,2024-12-30 07:28:08.575032
-0005,2267,1217,106,2024-12-30 07:28:08.591019
-0005,2266,1217,106,2024-12-30 07:28:08.607022
-0006,2286,1218,105,2024-12-30 07:28:08.623015
-0006,1845,1217,106,2024-12-30 07:28:08.639021
-0005,2195,1217,106,2024-12-30 07:28:08.655015
-0006,2265,1217,106,2024-12-30 07:28:08.686658
-0006,2263,1217,106,2024-12-30 07:28:08.703003
-0005,2271,1217,106,2024-12-30 07:28:08.719002
-0005,2290,1217,106,2024-12-30 07:28:08.734998
-0006,2281,1217,106,2024-12-30 07:28:08.750999
-0006,2264,1217,106,2024-12-30 07:28:08.766986
-0005,2271,1217,106,2024-12-30 07:28:08.782993
-0005,2261,1217,106,2024-12-30 07:28:08.798986
-0005,2286,1217,106,2024-12-30 07:28:08.814985
-0005,2276,1217,106,2024-12-30 07:28:08.830988
-0005,2262,1217,106,2024-12-30 07:28:08.862965
-0005,2284,1217,106,2024-12-30 07:28:08.878966
-0005,2289,1217,106,2024-12-30 07:28:08.894953
-0005,2279,1217,106,2024-12-30 07:28:08.910962
-0004,2274,1217,106,2024-12-30 07:28:08.926952
-0005,2269,1217,106,2024-12-30 07:28:08.942959
-0006,2284,1217,106,2024-12-30 07:28:08.958949
-0005,2286,1217,106,2024-12-30 07:28:08.974952
-0005,2264,1217,106,2024-12-30 07:28:08.990941
-0006,2263,1217,106,2024-12-30 07:28:09.022607
-0006,2263,1217,106,2024-12-30 07:28:09.038929
-0005,2273,1217,106,2024-12-30 07:28:09.054934
-0004,2264,1217,106,2024-12-30 07:28:09.070922
-0006,2261,1217,106,2024-12-30 07:28:09.086923
-0005,2271,1217,106,2024-12-30 07:28:09.102916
-0005,2262,1217,106,2024-12-30 07:28:09.118918
-0006,2287,1217,105,2024-12-30 07:28:09.134911
-0006,1838,1217,106,2024-12-30 07:28:09.150898
-0005,2199,1217,106,2024-12-30 07:28:09.166903
-0006,2290,1217,106,2024-12-30 07:28:09.198888
-0005,2266,1217,106,2024-12-30 07:28:09.214889
-0005,2262,1217,106,2024-12-30 07:28:09.230889
-0005,2260,1217,106,2024-12-30 07:28:09.246896
-0005,2262,1217,106,2024-12-30 07:28:09.262883
-0005,2277,1217,106,2024-12-30 07:28:09.278883
-0005,2261,1217,106,2024-12-30 07:28:09.294879
-0005,2277,1217,106,2024-12-30 07:28:09.310896
-0006,2294,1217,106,2024-12-30 07:28:09.326872
-0005,2266,1217,106,2024-12-30 07:28:09.358532
-0005,2288,1217,106,2024-12-30 07:28:09.374855
-0005,2275,1217,106,2024-12-30 07:28:09.390854
-0005,2259,1217,106,2024-12-30 07:28:09.406846
-0005,2267,1217,106,2024-12-30 07:28:09.422855
-0006,2290,1217,106,2024-12-30 07:28:09.438844
-0005,2268,1217,106,2024-12-30 07:28:09.454850
-0005,2282,1217,106,2024-12-30 07:28:09.470838
-0005,2282,1217,106,2024-12-30 07:28:09.486834
-0006,2289,1217,106,2024-12-30 07:28:09.502826
-0006,2288,1217,106,2024-12-30 07:28:09.534825
-0006,2260,1217,106,2024-12-30 07:28:09.550833
-0006,2265,1217,106,2024-12-30 07:28:09.566809
-0005,2269,1217,106,2024-12-30 07:28:09.582808
-0006,2290,1217,106,2024-12-30 07:28:09.598800
-0006,2263,1217,106,2024-12-30 07:28:09.614805
-0006,2259,1217,106,2024-12-30 07:28:09.630801
-0005,2268,1217,105,2024-12-30 07:28:09.646800
-0005,1817,1217,106,2024-12-30 07:28:09.662799
-0005,2198,1217,106,2024-12-30 07:28:09.694461
-0005,2263,1217,106,2024-12-30 07:28:09.710783
-0006,2287,1217,106,2024-12-30 07:28:09.726785
-0006,2285,1217,106,2024-12-30 07:28:09.742779
-0005,2272,1217,106,2024-12-30 07:28:09.758777
-0005,2261,1217,106,2024-12-30 07:28:09.774768
-0006,2258,1217,106,2024-12-30 07:28:09.790772
-0005,2267,1217,106,2024-12-30 07:28:09.806765
-0005,2261,1217,106,2024-12-30 07:28:09.822769
-0006,2280,1217,106,2024-12-30 07:28:09.838759
-0005,2274,1217,106,2024-12-30 07:28:09.870758
-0005,2286,1217,106,2024-12-30 07:28:09.886753
-0005,2267,1217,106,2024-12-30 07:28:09.902752
-0005,2260,1217,106,2024-12-30 07:28:09.918750
-0006,2283,1217,106,2024-12-30 07:28:09.934749
-0005,2277,1217,106,2024-12-30 07:28:09.950739
-0006,2258,1217,106,2024-12-30 07:28:09.966726
-0005,2283,1217,106,2024-12-30 07:28:09.982723
-0005,2260,1217,106,2024-12-30 07:28:09.998733
-0006,2269,1217,106,2024-12-30 07:28:10.030380
-0005,2274,1217,106,2024-12-30 07:28:10.046738
-0005,2257,1217,106,2024-12-30 07:28:10.062733
-0005,2262,1217,106,2024-12-30 07:28:10.078716
-0005,2284,1217,106,2024-12-30 07:28:10.094705
-0006,2281,1217,106,2024-12-30 07:28:10.110707
-0005,2290,1217,106,2024-12-30 07:28:10.126700
-0006,2260,1217,106,2024-12-30 07:28:10.142698
-0005,2261,1217,105,2024-12-30 07:28:10.158693
-0006,1820,1217,106,2024-12-30 07:28:10.190012
-0005,2193,1217,106,2024-12-30 07:28:10.206682
-0005,2257,1217,106,2024-12-30 07:28:10.222673
-0005,2281,1217,106,2024-12-30 07:28:10.238686
-0005,2284,1216,106,2024-12-30 07:28:10.254667
-0005,2287,1217,106,2024-12-30 07:28:10.270669
-0005,2277,1217,106,2024-12-30 07:28:10.286673
-0005,2284,1217,106,2024-12-30 07:28:10.302674
-0005,2261,1217,106,2024-12-30 07:28:10.318655
-0005,2269,1217,106,2024-12-30 07:28:10.334655
-0006,2287,1217,106,2024-12-30 07:28:10.366341
-0006,2276,1217,106,2024-12-30 07:28:10.382645
-0004,2262,1217,106,2024-12-30 07:28:10.398639
-0006,2290,1217,106,2024-12-30 07:28:10.414644
-0005,2259,1217,106,2024-12-30 07:28:10.430630
-0005,2258,1217,106,2024-12-30 07:28:10.446635
-0006,2281,1217,106,2024-12-30 07:28:10.462623
-0006,2275,1217,106,2024-12-30 07:28:10.478623
-0005,2264,1217,106,2024-12-30 07:28:10.494617
-0005,2253,1217,106,2024-12-30 07:28:10.525937
-0006,2276,1217,106,2024-12-30 07:28:10.542614
-0006,2266,1217,106,2024-12-30 07:28:10.558609
-0005,2258,1217,106,2024-12-30 07:28:10.574603
-0006,2290,1217,106,2024-12-30 07:28:10.590593
-0004,2262,1217,106,2024-12-30 07:28:10.606590
-0005,2279,1217,106,2024-12-30 07:28:10.622590
-0005,2291,1217,106,2024-12-30 07:28:10.638589
-0005,2268,1216,106,2024-12-30 07:28:10.654595
-0005,2275,1217,105,2024-12-30 07:28:10.670591
-0006,1831,1217,106,2024-12-30 07:28:10.702281
-0005,2200,1217,106,2024-12-30 07:28:10.718571
-0006,2278,1217,106,2024-12-30 07:28:10.734572
-0005,2262,1217,106,2024-12-30 07:28:10.750567
-0005,2267,1217,106,2024-12-30 07:28:10.766564
-0005,2282,1217,106,2024-12-30 07:28:10.782567
-0005,2260,1217,106,2024-12-30 07:28:10.798562
-0005,2264,1217,106,2024-12-30 07:28:10.814550
-0006,2270,1217,106,2024-12-30 07:28:10.830549
-0006,2279,1217,106,2024-12-30 07:28:10.861878
-0005,2273,1217,106,2024-12-30 07:28:10.878539
-0005,2262,1216,106,2024-12-30 07:28:10.894528
-0004,2292,1217,106,2024-12-30 07:28:10.910531
-0005,2288,1217,106,2024-12-30 07:28:10.926525
-0004,2288,1217,106,2024-12-30 07:28:10.942525
-0006,2276,1216,106,2024-12-30 07:28:10.958515
-0006,2291,1217,106,2024-12-30 07:28:10.974520
-0005,2266,1217,106,2024-12-30 07:28:10.990509
-0005,2266,1217,106,2024-12-30 07:28:11.006502
-0005,2260,1217,106,2024-12-30 07:28:11.038223
-0006,2269,1217,106,2024-12-30 07:28:11.054510
-0006,2279,1217,106,2024-12-30 07:28:11.070516
-0005,2290,1216,106,2024-12-30 07:28:11.086519
-0006,2282,1217,106,2024-12-30 07:28:11.102517
-0005,2258,1217,106,2024-12-30 07:28:11.118516
-0005,2270,1217,106,2024-12-30 07:28:11.134522
-0005,2269,1216,106,2024-12-30 07:28:11.150520
-0005,2282,1217,106,2024-12-30 07:28:11.166519
-0005,2280,1216,105,2024-12-30 07:28:11.197854
-0006,1833,1217,106,2024-12-30 07:28:11.214531
-0005,2196,1216,106,2024-12-30 07:28:11.230457
-0005,2258,1217,106,2024-12-30 07:28:11.246477
-0005,2270,1217,106,2024-12-30 07:28:11.262457
-0006,2260,1217,106,2024-12-30 07:28:11.278456
-0005,2270,1217,106,2024-12-30 07:28:11.294450
-0005,2258,1216,106,2024-12-30 07:28:11.310433
-0006,2260,1217,106,2024-12-30 07:28:11.326430
-0004,2276,1217,106,2024-12-30 07:28:11.342425
-0005,2263,1216,106,2024-12-30 07:28:11.374159
-0004,2292,1217,106,2024-12-30 07:28:11.390424
-0005,2263,1216,106,2024-12-30 07:28:11.406429
-0005,2270,1216,106,2024-12-30 07:28:11.422411
-0005,2262,1216,106,2024-12-30 07:28:11.438413
-0005,2260,1216,106,2024-12-30 07:28:11.454401
-0005,2258,1217,106,2024-12-30 07:28:11.470400
-0006,2275,1216,106,2024-12-30 07:28:11.486396
-0005,2290,1217,106,2024-12-30 07:28:11.502404
-0006,2287,1217,106,2024-12-30 07:28:11.533727
-0005,2285,1216,106,2024-12-30 07:28:11.550384
-0005,2261,1217,106,2024-12-30 07:28:11.566393
-0005,2279,1216,106,2024-12-30 07:28:11.582381
-0006,2270,1216,106,2024-12-30 07:28:11.598387
-0006,2277,1217,106,2024-12-30 07:28:11.614375
-0005,2259,1216,106,2024-12-30 07:28:11.630377
-0006,2268,1217,106,2024-12-30 07:28:11.646370
-0005,2271,1217,106,2024-12-30 07:28:11.662366
-0005,2260,1217,106,2024-12-30 07:28:11.678369
-0004,2288,1217,105,2024-12-30 07:28:11.710093
-0006,1827,1216,106,2024-12-30 07:28:11.726348
-0005,2197,1216,106,2024-12-30 07:28:11.742355
-0005,2261,1216,106,2024-12-30 07:28:11.758338
-0006,2284,1217,106,2024-12-30 07:28:11.774348
-0004,2282,1216,106,2024-12-30 07:28:11.790343
-0006,2287,1216,106,2024-12-30 07:28:11.806329
-0004,2260,1216,106,2024-12-30 07:28:11.822336
-0006,2261,1217,106,2024-12-30 07:28:11.838329
-0005,2287,1216,106,2024-12-30 07:28:11.869686
-0006,2272,1217,106,2024-12-30 07:28:11.886318
-0004,2285,1217,106,2024-12-30 07:28:11.902318
-0005,2268,1216,106,2024-12-30 07:28:11.918306
-0005,2290,1216,106,2024-12-30 07:28:11.934310
-0006,2267,1216,106,2024-12-30 07:28:11.950300
-0005,2270,1216,106,2024-12-30 07:28:11.966302
-0006,2284,1217,106,2024-12-30 07:28:11.982295
-0006,2272,1216,106,2024-12-30 07:28:11.998289
-0005,2260,1216,106,2024-12-30 07:28:12.014289
-0005,2265,1216,106,2024-12-30 07:28:12.046034
-0006,2260,1216,106,2024-12-30 07:28:12.062273
-0005,2282,1216,106,2024-12-30 07:28:12.078276
-0006,2284,1216,106,2024-12-30 07:28:12.094269
-0006,2258,1216,106,2024-12-30 07:28:12.110260
-0005,2291,1216,106,2024-12-30 07:28:12.126262
-0005,2271,1216,106,2024-12-30 07:28:12.142264
-0005,2261,1216,106,2024-12-30 07:28:12.158261
-0005,2260,1216,106,2024-12-30 07:28:12.174252
-0006,2264,1216,106,2024-12-30 07:28:12.205625
-0004,2284,1216,105,2024-12-30 07:28:12.222230
-0006,1830,1216,106,2024-12-30 07:28:12.238242
-0004,2195,1216,106,2024-12-30 07:28:12.254237
-0005,2257,1216,106,2024-12-30 07:28:12.270241
-0005,2289,1217,106,2024-12-30 07:28:12.286222
-0005,2266,1216,106,2024-12-30 07:28:12.302240
-0005,2271,1216,106,2024-12-30 07:28:12.318219
-0006,2275,1217,106,2024-12-30 07:28:12.334211
-0005,2284,1216,106,2024-12-30 07:28:12.350210
-0006,2293,1216,106,2024-12-30 07:28:12.381976
-0005,2283,1216,106,2024-12-30 07:28:12.398197
-0005,2289,1216,106,2024-12-30 07:28:12.414205
-0006,2279,1216,106,2024-12-30 07:28:12.430192
-0004,2259,1216,106,2024-12-30 07:28:12.446194
-0005,2265,1216,106,2024-12-30 07:28:12.462189
-0006,2259,1216,106,2024-12-30 07:28:12.478191
-0005,2264,1216,106,2024-12-30 07:28:12.494179
-0004,2292,1217,106,2024-12-30 07:28:12.510184
-0006,2273,1216,106,2024-12-30 07:28:12.541560
-0005,2287,1216,106,2024-12-30 07:28:12.558174
-0006,2262,1217,106,2024-12-30 07:28:12.574167
-0005,2260,1216,106,2024-12-30 07:28:12.590162
-0006,2264,1216,106,2024-12-30 07:28:12.606159
-0005,2286,1216,106,2024-12-30 07:28:12.622152
-0005,2289,1216,106,2024-12-30 07:28:12.638157
-0005,2260,1216,106,2024-12-30 07:28:12.654148
-0005,2263,1216,106,2024-12-30 07:28:12.670147
-0005,2262,1216,106,2024-12-30 07:28:12.686137
-0006,2270,1216,106,2024-12-30 07:28:12.717891
-0005,2261,1216,105,2024-12-30 07:28:12.734129
-0006,1812,1216,106,2024-12-30 07:28:12.750140
-0004,2188,1216,106,2024-12-30 07:28:12.766128
-0005,2263,1216,106,2024-12-30 07:28:12.782125
-0005,2288,1216,106,2024-12-30 07:28:12.798118
-0007,2290,1216,106,2024-12-30 07:28:12.814119
-0005,2273,1216,106,2024-12-30 07:28:12.830112
-0005,2263,1216,106,2024-12-30 07:28:12.846116
-0005,2258,1216,106,2024-12-30 07:28:12.877511
-0004,2283,1216,106,2024-12-30 07:28:12.894110
-0005,2264,1216,106,2024-12-30 07:28:12.910094
-0004,2260,1216,106,2024-12-30 07:28:12.926091
-0004,2266,1216,106,2024-12-30 07:28:12.942087
-0005,2278,1216,106,2024-12-30 07:28:12.958081
-0005,2258,1216,106,2024-12-30 07:28:12.974079
-0006,2291,1216,106,2024-12-30 07:28:12.990077
-0006,2258,1216,106,2024-12-30 07:28:13.006080
-0005,2259,1216,106,2024-12-30 07:28:13.022068
-0006,2268,1216,106,2024-12-30 07:28:13.053815
-0005,2259,1216,106,2024-12-30 07:28:13.070055
-0006,2289,1216,106,2024-12-30 07:28:13.086049
-0005,2259,1216,106,2024-12-30 07:28:13.102047
-0005,2259,1216,106,2024-12-30 07:28:13.118052
-0005,2265,1216,106,2024-12-30 07:28:13.134042
-0005,2283,1216,106,2024-12-30 07:28:13.150046
-0005,2275,1216,106,2024-12-30 07:28:13.166035
-0005,2282,1216,106,2024-12-30 07:28:13.182036
-0004,2264,1216,106,2024-12-30 07:28:13.213421
-0006,2261,1216,106,2024-12-30 07:28:13.230022
-0006,2275,1216,105,2024-12-30 07:28:13.246034
-0006,1830,1216,106,2024-12-30 07:28:13.262031
-0005,2197,1216,106,2024-12-30 07:28:13.278009
-0005,2262,1216,106,2024-12-30 07:28:13.294013
-0004,2259,1216,106,2024-12-30 07:28:13.310017
-0005,2264,1216,106,2024-12-30 07:28:13.326004
-0006,2280,1216,106,2024-12-30 07:28:13.342007
-0005,2282,1216,106,2024-12-30 07:28:13.358014
-0005,2265,1216,106,2024-12-30 07:28:13.389752
-0005,2277,1216,106,2024-12-30 07:28:13.405993
-0005,2265,1216,106,2024-12-30 07:28:13.421985
-0005,2257,1216,106,2024-12-30 07:28:13.437984
-0004,2284,1216,106,2024-12-30 07:28:13.453978
-0005,2289,1216,106,2024-12-30 07:28:13.469988
-0004,2292,1216,106,2024-12-30 07:28:13.485974
-0006,2265,1216,106,2024-12-30 07:28:13.501962
-0005,2280,1216,106,2024-12-30 07:28:13.517964
-0005,2269,1216,106,2024-12-30 07:28:13.549363
-0005,2261,1216,106,2024-12-30 07:28:13.565953
-0004,2277,1216,106,2024-12-30 07:28:13.581952
-0005,2284,1216,106,2024-12-30 07:28:13.597954
-0004,2271,1216,106,2024-12-30 07:28:13.613951
-0005,2260,1216,106,2024-12-30 07:28:13.629941
-0005,2264,1216,106,2024-12-30 07:28:13.645928
-0004,2263,1216,106,2024-12-30 07:28:13.661942
-0006,2284,1216,106,2024-12-30 07:28:13.677923
-0005,2266,1216,106,2024-12-30 07:28:13.693929
-0005,2286,1216,106,2024-12-30 07:28:13.725714
-0005,2257,1216,106,2024-12-30 07:28:13.741927
-0006,2274,1216,105,2024-12-30 07:28:13.757917
-0006,1826,1216,106,2024-12-30 07:28:13.773905
-0005,2193,1216,106,2024-12-30 07:28:13.789899
-0006,2280,1216,106,2024-12-30 07:28:13.805899
-0006,2260,1216,106,2024-12-30 07:28:13.821893
-0004,2277,1216,106,2024-12-30 07:28:13.837895
-0005,2291,1216,106,2024-12-30 07:28:13.853891
-0006,2287,1216,106,2024-12-30 07:28:13.885306
-0005,2259,1216,106,2024-12-30 07:28:13.901882
-0004,2261,1216,106,2024-12-30 07:28:13.917876
-0006,2292,1216,106,2024-12-30 07:28:13.933873
-0004,2275,1216,106,2024-12-30 07:28:13.949871
-0005,2291,1216,106,2024-12-30 07:28:13.965865
-0006,2289,1216,106,2024-12-30 07:28:13.981866
-0005,2271,1216,106,2024-12-30 07:28:13.997863
-0005,2257,1216,106,2024-12-30 07:28:14.013867
-0005,2283,1216,106,2024-12-30 07:28:14.029871
-0005,2262,1216,106,2024-12-30 07:28:14.061678
-0005,2260,1216,106,2024-12-30 07:28:14.077882
-0005,2262,1215,106,2024-12-30 07:28:14.093880
-0006,2257,1216,106,2024-12-30 07:28:14.109885
-0005,2267,1216,106,2024-12-30 07:28:14.125885
-0004,2265,1216,106,2024-12-30 07:28:14.141882
-0006,2259,1216,106,2024-12-30 07:28:14.157884
-0004,2260,1216,106,2024-12-30 07:28:14.173894
-0004,2274,1216,106,2024-12-30 07:28:14.189817
-0004,2287,1216,106,2024-12-30 07:28:14.221250
-0005,2259,1216,106,2024-12-30 07:28:14.237822
-0005,2291,1215,106,2024-12-30 07:28:14.253806
-0004,2272,1216,105,2024-12-30 07:28:14.269796
-0006,1836,1216,106,2024-12-30 07:28:14.285798
-0005,2183,1216,106,2024-12-30 07:28:14.301794
-0005,2254,1216,106,2024-12-30 07:28:14.317793
-0004,2284,1216,106,2024-12-30 07:28:14.333792
-0005,2266,1216,106,2024-12-30 07:28:14.349789
-0005,2268,1216,106,2024-12-30 07:28:14.365792
-0006,2288,1216,106,2024-12-30 07:28:14.397589
-0005,2276,1216,106,2024-12-30 07:28:14.413770
-0005,2259,1215,106,2024-12-30 07:28:14.429767
-0006,2287,1215,106,2024-12-30 07:28:14.445764
-0004,2267,1216,106,2024-12-30 07:28:14.461761
-0005,2260,1216,106,2024-12-30 07:28:14.477764
-0005,2275,1216,106,2024-12-30 07:28:14.493753
-0005,2265,1216,106,2024-12-30 07:28:14.509752
-0005,2283,1216,106,2024-12-30 07:28:14.525748
-0005,2287,1216,106,2024-12-30 07:28:14.557161
-0005,2260,1216,106,2024-12-30 07:28:14.573745
-0005,2260,1216,106,2024-12-30 07:28:14.589735
-0004,2268,1216,106,2024-12-30 07:28:14.605735
-0004,2288,1215,106,2024-12-30 07:28:14.621725
-0005,2261,1216,106,2024-12-30 07:28:14.637728
-0005,2264,1216,106,2024-12-30 07:28:14.653725
-0005,2285,1216,106,2024-12-30 07:28:14.669713
-0005,2277,1216,106,2024-12-30 07:28:14.685716
-0006,2263,1216,106,2024-12-30 07:28:14.701918
-0004,2261,1216,106,2024-12-30 07:28:14.733522
-0005,2263,1215,106,2024-12-30 07:28:14.749709
-0006,2272,1216,106,2024-12-30 07:28:14.765702
-0006,2256,1216,105,2024-12-30 07:28:14.781692
-0006,1821,1216,106,2024-12-30 07:28:14.797692
-0005,2186,1215,106,2024-12-30 07:28:14.813686
-0005,2264,1215,106,2024-12-30 07:28:14.829683
-0004,2285,1216,106,2024-12-30 07:28:14.845677
-0004,2263,1215,106,2024-12-30 07:28:14.861668
-0005,2263,1215,106,2024-12-30 07:28:14.893105
-0005,2281,1216,106,2024-12-30 07:28:14.909666
-0004,2283,1216,106,2024-12-30 07:28:14.925661
-0005,2289,1216,106,2024-12-30 07:28:14.941655
-0005,2284,1215,106,2024-12-30 07:28:14.957656
-0006,2263,1216,106,2024-12-30 07:28:14.973647
-0005,2252,1216,106,2024-12-30 07:28:14.989648
-0005,2264,1216,106,2024-12-30 07:28:15.005638
-0005,2262,1216,106,2024-12-30 07:28:15.021639
-0006,2281,1216,106,2024-12-30 07:28:15.037635
-0005,2287,1216,106,2024-12-30 07:28:15.069450
-0005,2256,1216,106,2024-12-30 07:28:15.085628
-0006,2260,1216,106,2024-12-30 07:28:15.101637
-0004,2273,1215,106,2024-12-30 07:28:15.117618
-0005,2264,1216,106,2024-12-30 07:28:15.133617
-0006,2280,1215,106,2024-12-30 07:28:15.149611
-0004,2288,1216,106,2024-12-30 07:28:15.165615
-0005,2262,1216,106,2024-12-30 07:28:15.181609
-0005,2262,1216,106,2024-12-30 07:28:15.197605
-0005,2280,1216,106,2024-12-30 07:28:15.229047
-0004,2259,1216,106,2024-12-30 07:28:15.245618
-0004,2267,1216,106,2024-12-30 07:28:15.261590
-0006,2261,1215,106,2024-12-30 07:28:15.277594
-0004,2262,1216,105,2024-12-30 07:28:15.293580
-0005,1817,1215,106,2024-12-30 07:28:15.309581
-0005,2191,1216,106,2024-12-30 07:28:15.325574
-0005,2269,1215,106,2024-12-30 07:28:15.341574
-0005,2262,1215,106,2024-12-30 07:28:15.357571
-0006,2285,1216,106,2024-12-30 07:28:15.373569
-0005,2274,1216,106,2024-12-30 07:28:15.405397
-0005,2262,1216,106,2024-12-30 07:28:15.421555
-0005,2285,1215,106,2024-12-30 07:28:15.437545
-0005,2283,1215,106,2024-12-30 07:28:15.453547
-0004,2260,1215,106,2024-12-30 07:28:15.469553
-0005,2276,1215,106,2024-12-30 07:28:15.485553
-0006,2284,1216,106,2024-12-30 07:28:15.501537
-0004,2272,1215,106,2024-12-30 07:28:15.517534
-0005,2280,1216,106,2024-12-30 07:28:15.533533
-0004,2287,1216,106,2024-12-30 07:28:15.564980
-0006,2258,1215,106,2024-12-30 07:28:15.581527
-0005,2255,1215,106,2024-12-30 07:28:15.597525
-0005,2283,1216,106,2024-12-30 07:28:15.613511
-0004,2259,1216,106,2024-12-30 07:28:15.629507
-0005,2274,1215,106,2024-12-30 07:28:15.645502
-0006,2281,1216,106,2024-12-30 07:28:15.661500
-0005,2258,1215,106,2024-12-30 07:28:15.677504
-0004,2274,1215,106,2024-12-30 07:28:15.693491
-0006,2263,1215,106,2024-12-30 07:28:15.709497
-0004,2256,1216,106,2024-12-30 07:28:15.741322
-0005,2286,1216,106,2024-12-30 07:28:15.757485
-0005,2288,1215,106,2024-12-30 07:28:15.773478
-0005,2259,1215,106,2024-12-30 07:28:15.789474
-0005,2282,1215,105,2024-12-30 07:28:15.805470
-0006,1849,1215,106,2024-12-30 07:28:15.821469
-0005,2197,1215,106,2024-12-30 07:28:15.837474
-0004,2255,1215,106,2024-12-30 07:28:15.853457
-0005,2288,1215,106,2024-12-30 07:28:15.869462
-0005,2258,1216,106,2024-12-30 07:28:15.900932
-0005,2256,1216,106,2024-12-30 07:28:15.917445
-0004,2262,1215,106,2024-12-30 07:28:15.933444
-0004,2275,1215,106,2024-12-30 07:28:15.949439
-0005,2284,1215,106,2024-12-30 07:28:15.965446
-0004,2283,1215,106,2024-12-30 07:28:15.981429
-0006,2254,1215,106,2024-12-30 07:28:15.997429
-0004,2285,1215,106,2024-12-30 07:28:16.013437
-0004,2259,1215,106,2024-12-30 07:28:16.029435
-0005,2259,1215,106,2024-12-30 07:28:16.045434
-0006,2258,1215,106,2024-12-30 07:28:16.077259
-0005,2267,1215,106,2024-12-30 07:28:16.093415
-0006,2257,1215,106,2024-12-30 07:28:16.109412
-0005,2263,1215,106,2024-12-30 07:28:16.125403
-0005,2270,1215,106,2024-12-30 07:28:16.141395
-0006,2261,1215,106,2024-12-30 07:28:16.157396
-0005,2254,1215,106,2024-12-30 07:28:16.173393
-0005,2265,1215,106,2024-12-30 07:28:16.189396
-0005,2288,1215,106,2024-12-30 07:28:16.205389
-0004,2281,1216,106,2024-12-30 07:28:16.236845
-0006,2268,1215,106,2024-12-30 07:28:16.253373
-0006,2271,1215,106,2024-12-30 07:28:16.269374
-0004,2279,1215,106,2024-12-30 07:28:16.285366
-0005,2280,1215,106,2024-12-30 07:28:16.301379
-0005,2260,1215,105,2024-12-30 07:28:16.317367
-0005,1865,1215,106,2024-12-30 07:28:16.333364
-0004,2198,1215,106,2024-12-30 07:28:16.349354
-0006,2287,1215,106,2024-12-30 07:28:16.365346
-0005,2270,1215,106,2024-12-30 07:28:16.381347
-0005,2256,1215,106,2024-12-30 07:28:16.413202
-0005,2282,1215,106,2024-12-30 07:28:16.429341
-0005,2284,1215,106,2024-12-30 07:28:16.445337
-0005,2260,1215,106,2024-12-30 07:28:16.461329
-0005,2285,1215,106,2024-12-30 07:28:16.477319
-0005,2279,1215,106,2024-12-30 07:28:16.493326
-0005,2258,1215,106,2024-12-30 07:28:16.509317
-0005,2280,1215,106,2024-12-30 07:28:16.525320
-0005,2280,1215,106,2024-12-30 07:28:16.541319
-0004,2252,1215,106,2024-12-30 07:28:16.572790
-0005,2264,1215,106,2024-12-30 07:28:16.589315
-0006,2254,1215,106,2024-12-30 07:28:16.605299
-0006,2262,1215,106,2024-12-30 07:28:16.621297
-0004,2255,1215,106,2024-12-30 07:28:16.637289
-0006,2279,1215,106,2024-12-30 07:28:16.653284
-0004,2251,1215,106,2024-12-30 07:28:16.669286
-0005,2261,1215,106,2024-12-30 07:28:16.685285
-0005,2252,1215,106,2024-12-30 07:28:16.701289
-0005,2259,1215,106,2024-12-30 07:28:16.717269
-0005,2254,1215,106,2024-12-30 07:28:16.749124
-0005,2278,1215,106,2024-12-30 07:28:16.765274
-0006,2273,1215,106,2024-12-30 07:28:16.781263
-0006,2258,1215,106,2024-12-30 07:28:16.797264
-0005,2287,1215,106,2024-12-30 07:28:16.813255
-0005,2284,1215,105,2024-12-30 07:28:16.829247
-0006,1850,1215,106,2024-12-30 07:28:16.845249
-0005,2184,1215,106,2024-12-30 07:28:16.861245
-0005,2250,1215,106,2024-12-30 07:28:16.877240
-0005,2257,1215,106,2024-12-30 07:28:16.908731
-0005,2282,1215,106,2024-12-30 07:28:16.925232
-0005,2256,1215,106,2024-12-30 07:28:16.941232
-0005,2253,1215,106,2024-12-30 07:28:16.957234
-0005,2271,1215,106,2024-12-30 07:28:16.973240
-0005,2268,1215,106,2024-12-30 07:28:16.989243
-0005,2281,1215,106,2024-12-30 07:28:17.005244
-0005,2264,1215,106,2024-12-30 07:28:17.021239
-0004,2287,1215,106,2024-12-30 07:28:17.037243
-0004,2256,1215,106,2024-12-30 07:28:17.053249
-0005,2254,1215,106,2024-12-30 07:28:17.085107
-0005,2278,1215,106,2024-12-30 07:28:17.101256
-0005,2254,1215,106,2024-12-30 07:28:17.117250
-0006,2276,1215,106,2024-12-30 07:28:17.133184
-0005,2284,1215,106,2024-12-30 07:28:17.149185
-0006,2257,1215,106,2024-12-30 07:28:17.165172
-0006,2275,1215,106,2024-12-30 07:28:17.181177
-0005,2267,1215,106,2024-12-30 07:28:17.197171
-0005,2257,1215,106,2024-12-30 07:28:17.213179
-0005,2252,1215,106,2024-12-30 07:28:17.244671
-0005,2283,1215,106,2024-12-30 07:28:17.261164
-0004,2258,1215,106,2024-12-30 07:28:17.277151
-0005,2258,1215,106,2024-12-30 07:28:17.293155
-0005,2252,1215,106,2024-12-30 07:28:17.309166
-0006,2272,1215,106,2024-12-30 07:28:17.325161
-0005,2253,1215,105,2024-12-30 07:28:17.341145
-0005,1847,1215,106,2024-12-30 07:28:17.357142
-0004,2196,1215,106,2024-12-30 07:28:17.373138
-0005,2255,1215,106,2024-12-30 07:28:17.389132
-0004,2288,1215,106,2024-12-30 07:28:17.421005
-0005,2258,1215,106,2024-12-30 07:28:17.437136
-0005,2277,1215,106,2024-12-30 07:28:17.453121
-0005,2254,1215,106,2024-12-30 07:28:17.469121
-0005,2287,1215,106,2024-12-30 07:28:17.485113
-0005,2259,1215,106,2024-12-30 07:28:17.501118
-0005,2276,1215,106,2024-12-30 07:28:17.517107
-0005,2257,1215,106,2024-12-30 07:28:17.533099
-0005,2280,1215,106,2024-12-30 07:28:17.549100
-0005,2255,1215,106,2024-12-30 07:28:17.580602
-0004,2255,1215,106,2024-12-30 07:28:17.597096
-0004,2259,1215,106,2024-12-30 07:28:17.613096
-0006,2257,1215,106,2024-12-30 07:28:17.629083
-0005,2264,1215,106,2024-12-30 07:28:17.645084
-0005,2275,1215,106,2024-12-30 07:28:17.661080
-0006,2259,1215,106,2024-12-30 07:28:17.677077
-0005,2268,1215,106,2024-12-30 07:28:17.693080
-0005,2263,1215,106,2024-12-30 07:28:17.709069
-0005,2269,1215,106,2024-12-30 07:28:17.725059
-0005,2254,1215,106,2024-12-30 07:28:17.756921
-0006,2253,1215,106,2024-12-30 07:28:17.773056
-0004,2263,1215,106,2024-12-30 07:28:17.789053
-0005,2283,1215,106,2024-12-30 07:28:17.805053
-0006,2254,1214,106,2024-12-30 07:28:17.821040
-0004,2254,1215,106,2024-12-30 07:28:17.837039
-0005,2286,1215,105,2024-12-30 07:28:17.853035
-0006,1842,1215,106,2024-12-30 07:28:17.869023
-0005,2192,1215,106,2024-12-30 07:28:17.885029
-0004,2282,1215,106,2024-12-30 07:28:17.916529
-0005,2258,1215,106,2024-12-30 07:28:17.933012
-0004,2250,1215,106,2024-12-30 07:28:17.949018
-0005,2262,1215,106,2024-12-30 07:28:17.965010
-0005,2255,1215,106,2024-12-30 07:28:17.981016
-0005,2269,1215,106,2024-12-30 07:28:17.997005
-0005,2270,1214,106,2024-12-30 07:28:18.013006
-0005,2263,1215,106,2024-12-30 07:28:18.028996
-0004,2258,1215,106,2024-12-30 07:28:18.044999
-0004,2256,1214,106,2024-12-30 07:28:18.061000
-0005,2256,1214,106,2024-12-30 07:28:18.092861
-0005,2276,1214,106,2024-12-30 07:28:18.108978
-0005,2252,1215,106,2024-12-30 07:28:18.124981
-0005,2256,1215,106,2024-12-30 07:28:18.140974
-0005,2281,1215,106,2024-12-30 07:28:18.156975
-0005,2275,1215,106,2024-12-30 07:28:18.172973
-0006,2287,1215,106,2024-12-30 07:28:18.188965
-0006,2265,1215,106,2024-12-30 07:28:18.204966
-0005,2260,1215,106,2024-12-30 07:28:18.220951
-0004,2269,1215,106,2024-12-30 07:28:18.252458
-0004,2254,1214,106,2024-12-30 07:28:18.268954
-0006,2276,1215,106,2024-12-30 07:28:18.284942
-0005,2276,1215,106,2024-12-30 07:28:18.300932
-0005,2280,1214,106,2024-12-30 07:28:18.316932
-0006,2254,1215,106,2024-12-30 07:28:18.332927
-0005,2254,1215,106,2024-12-30 07:28:18.348937
-0005,2263,1215,105,2024-12-30 07:28:18.364933
-0006,1850,1214,106,2024-12-30 07:28:18.380927
-0004,2176,1215,106,2024-12-30 07:28:18.396917
-0005,2248,1215,106,2024-12-30 07:28:18.428813
-0005,2255,1215,106,2024-12-30 07:28:18.444902
-0005,2255,1214,106,2024-12-30 07:28:18.460904
-0005,2285,1215,106,2024-12-30 07:28:18.476896
-0005,2263,1215,106,2024-12-30 07:28:18.492894
-0005,2255,1214,106,2024-12-30 07:28:18.508890
-0006,2272,1215,106,2024-12-30 07:28:18.524885
-0006,2264,1214,106,2024-12-30 07:28:18.540891
-0005,2254,1214,106,2024-12-30 07:28:18.556876
-0005,2265,1215,106,2024-12-30 07:28:18.588397
-0006,2283,1215,106,2024-12-30 07:28:18.604878
-0005,2259,1215,106,2024-12-30 07:28:18.620869
-0006,2255,1214,106,2024-12-30 07:28:18.636874
-0005,2265,1215,106,2024-12-30 07:28:18.652861
-0005,2253,1214,106,2024-12-30 07:28:18.668858
-0006,2271,1214,106,2024-12-30 07:28:18.684853
-0005,2265,1214,106,2024-12-30 07:28:18.700849
-0005,2254,1215,106,2024-12-30 07:28:18.716846
-0004,2282,1214,106,2024-12-30 07:28:18.732840
-0005,2261,1214,106,2024-12-30 07:28:18.764728
-0005,2283,1214,106,2024-12-30 07:28:18.780843
-0005,2277,1214,106,2024-12-30 07:28:18.796837
-0004,2269,1214,106,2024-12-30 07:28:18.812823
-0005,2264,1214,106,2024-12-30 07:28:18.828824
-0005,2250,1214,106,2024-12-30 07:28:18.844819
-0005,2252,1215,106,2024-12-30 07:28:18.860822
-0004,2272,1214,105,2024-12-30 07:28:18.876820
-0005,1846,1214,106,2024-12-30 07:28:18.892815
-0004,2182,1215,106,2024-12-30 07:28:18.924325
-0004,2257,1214,106,2024-12-30 07:28:18.940802
-0005,2254,1215,106,2024-12-30 07:28:18.956802
-0005,2276,1215,106,2024-12-30 07:28:18.972803
-0005,2285,1215,106,2024-12-30 07:28:18.988791
-0004,2282,1215,106,2024-12-30 07:28:19.004793
-0005,2250,1215,106,2024-12-30 07:28:19.020785
-0004,2258,1215,106,2024-12-30 07:28:19.036786
-0005,2249,1215,106,2024-12-30 07:28:19.052780
-0005,2257,1214,106,2024-12-30 07:28:19.068771
-0005,2253,1214,106,2024-12-30 07:28:19.100675
-0005,2248,1215,106,2024-12-30 07:28:19.116765
-0006,2247,1214,106,2024-12-30 07:28:19.132755
-0005,2247,1214,106,2024-12-30 07:28:19.148757
-0005,2250,1214,106,2024-12-30 07:28:19.164756
-0005,2256,1214,106,2024-12-30 07:28:19.180759
-0005,2272,1215,106,2024-12-30 07:28:19.196741
-0004,2278,1214,106,2024-12-30 07:28:19.212737
-0005,2253,1215,106,2024-12-30 07:28:19.228738
-0004,2272,1214,106,2024-12-30 07:28:19.260264
-0005,2249,1214,106,2024-12-30 07:28:19.276730
-0004,2287,1214,106,2024-12-30 07:28:19.292741
-0004,2257,1215,106,2024-12-30 07:28:19.308716
-0004,2273,1214,106,2024-12-30 07:28:19.324714
-0005,2270,1215,106,2024-12-30 07:28:19.340716
-0005,2267,1214,106,2024-12-30 07:28:19.356709
-0004,2253,1214,106,2024-12-30 07:28:19.372710
-0004,2283,1214,105,2024-12-30 07:28:19.388702
-0005,1840,1214,106,2024-12-30 07:28:19.404697
-0004,2185,1214,106,2024-12-30 07:28:19.436606
-0004,2273,1214,106,2024-12-30 07:28:19.452691
-0005,2271,1215,106,2024-12-30 07:28:19.468691
-0005,2283,1214,106,2024-12-30 07:28:19.484686
-0005,2282,1214,106,2024-12-30 07:28:19.500688
-0005,2281,1214,106,2024-12-30 07:28:19.516681
-0005,2264,1214,106,2024-12-30 07:28:19.532680
-0006,2250,1214,106,2024-12-30 07:28:19.548684
-0005,2246,1214,106,2024-12-30 07:28:19.564671
-0005,2278,1214,106,2024-12-30 07:28:19.596208
-0006,2262,1214,106,2024-12-30 07:28:19.612665
-0004,2273,1214,106,2024-12-30 07:28:19.628653
-0005,2257,1214,106,2024-12-30 07:28:19.644661
-0005,2269,1214,106,2024-12-30 07:28:19.660653
-0005,2251,1215,106,2024-12-30 07:28:19.676659
-0005,2276,1214,106,2024-12-30 07:28:19.692642
-0005,2261,1214,106,2024-12-30 07:28:19.708645
-0006,2266,1215,106,2024-12-30 07:28:19.724634
-0004,2270,1214,106,2024-12-30 07:28:19.740629
-0005,2282,1214,106,2024-12-30 07:28:19.772533
-0005,2262,1214,106,2024-12-30 07:28:19.788630
-0005,2270,1214,106,2024-12-30 07:28:19.804623
-0005,2265,1214,106,2024-12-30 07:28:19.820621
-0005,2261,1214,106,2024-12-30 07:28:19.836613
-0005,2259,1214,106,2024-12-30 07:28:19.852616
-0004,2276,1214,106,2024-12-30 07:28:19.868607
-0005,2253,1214,106,2024-12-30 07:28:19.884600
-0005,2287,1214,105,2024-12-30 07:28:19.900602
-0006,1846,1214,106,2024-12-30 07:28:19.932147
-0004,2203,1214,106,2024-12-30 07:28:19.948606
-0005,2262,1214,106,2024-12-30 07:28:19.964609
-0005,2250,1214,106,2024-12-30 07:28:19.980605
-0005,2256,1214,106,2024-12-30 07:28:19.996610
-0006,2266,1214,106,2024-12-30 07:28:20.012613
-0006,2283,1215,106,2024-12-30 07:28:20.028613
-0006,2256,1214,106,2024-12-30 07:28:20.044618
-0004,2283,1214,106,2024-12-30 07:28:20.060618
-0004,2264,1214,106,2024-12-30 07:28:20.076621
-0005,2256,1214,106,2024-12-30 07:28:20.108461
-0006,2263,1214,106,2024-12-30 07:28:20.124557
-0005,2280,1214,106,2024-12-30 07:28:20.140547
-0005,2271,1214,106,2024-12-30 07:28:20.156547
-0005,2275,1214,106,2024-12-30 07:28:20.172539
-0006,2282,1214,106,2024-12-30 07:28:20.188538
-0006,2255,1214,106,2024-12-30 07:28:20.204533
-0004,2252,1214,106,2024-12-30 07:28:20.220531
-0005,2249,1214,106,2024-12-30 07:28:20.236530
-0006,2269,1214,106,2024-12-30 07:28:20.268086
-0004,2252,1214,106,2024-12-30 07:28:20.284526
-0006,2251,1214,106,2024-12-30 07:28:20.300514
-0004,2255,1214,106,2024-12-30 07:28:20.316523
-0004,2254,1214,106,2024-12-30 07:28:20.332503
-0006,2254,1214,106,2024-12-30 07:28:20.348493
-0005,2259,1214,106,2024-12-30 07:28:20.364499
-0004,2254,1214,106,2024-12-30 07:28:20.380518
-0005,2263,1214,106,2024-12-30 07:28:20.396514
-0006,2253,1214,105,2024-12-30 07:28:20.412499
-0006,1837,1214,106,2024-12-30 07:28:20.444442
-0004,2185,1214,106,2024-12-30 07:28:20.460482
-0005,2254,1214,106,2024-12-30 07:28:20.476468
-0005,2283,1214,106,2024-12-30 07:28:20.492473
-0005,2283,1214,106,2024-12-30 07:28:20.508468
-0005,2266,1214,106,2024-12-30 07:28:20.524457
-0005,2250,1214,106,2024-12-30 07:28:20.540461
-0005,2250,1214,106,2024-12-30 07:28:20.556452
-0005,2252,1214,106,2024-12-30 07:28:20.572454
-0004,2262,1214,106,2024-12-30 07:28:20.604030
-0005,2257,1214,106,2024-12-30 07:28:20.620442
-0005,2265,1214,106,2024-12-30 07:28:20.636447
-0004,2263,1214,106,2024-12-30 07:28:20.652448
-0005,2281,1214,106,2024-12-30 07:28:20.668427
-0005,2286,1214,106,2024-12-30 07:28:20.684434
-0004,2273,1214,106,2024-12-30 07:28:20.700428
-0005,2267,1214,106,2024-12-30 07:28:20.716418
-0004,2265,1214,106,2024-12-30 07:28:20.732419
-0004,2254,1214,106,2024-12-30 07:28:20.748420
-0004,2261,1214,106,2024-12-30 07:28:20.780365
-0005,2250,1214,106,2024-12-30 07:28:20.796404
-0004,2279,1214,106,2024-12-30 07:28:20.812401
-0005,2252,1214,106,2024-12-30 07:28:20.828395
-0005,2268,1214,106,2024-12-30 07:28:20.844388
-0005,2277,1214,106,2024-12-30 07:28:20.860387
-0005,2252,1214,106,2024-12-30 07:28:20.876393
-0006,2271,1214,106,2024-12-30 07:28:20.892382
-0004,2277,1214,106,2024-12-30 07:28:20.908383
-0005,2286,1214,105,2024-12-30 07:28:20.939972
-0005,1840,1214,106,2024-12-30 07:28:20.956368
-0005,2182,1214,106,2024-12-30 07:28:20.972368
-0006,2282,1214,106,2024-12-30 07:28:20.988367
-0005,2257,1214,106,2024-12-30 07:28:21.004363
-0006,2264,1214,106,2024-12-30 07:28:21.020365
-0005,2255,1214,106,2024-12-30 07:28:21.036361
-0005,2256,1214,106,2024-12-30 07:28:21.052353
-0005,2260,1214,106,2024-12-30 07:28:21.068352
-0004,2259,1214,106,2024-12-30 07:28:21.084340
-0005,2279,1214,106,2024-12-30 07:28:21.116333
-0005,2287,1214,106,2024-12-30 07:28:21.132338
-0005,2259,1214,106,2024-12-30 07:28:21.148328
-0005,2256,1214,106,2024-12-30 07:28:21.164327
-0004,2254,1214,106,2024-12-30 07:28:21.180319
-0005,2284,1214,106,2024-12-30 07:28:21.196322
-0005,2263,1214,106,2024-12-30 07:28:21.212317
-0005,2283,1214,106,2024-12-30 07:28:21.228301
-0005,2270,1214,106,2024-12-30 07:28:21.244318
-0005,2289,1214,106,2024-12-30 07:28:21.275932
-0005,2248,1214,106,2024-12-30 07:28:21.292295
-0006,2250,1214,106,2024-12-30 07:28:21.308312
-0006,2254,1214,106,2024-12-30 07:28:21.324294
-0005,2255,1214,106,2024-12-30 07:28:21.340295
-0004,2281,1214,106,2024-12-30 07:28:21.356280
-0005,2250,1214,106,2024-12-30 07:28:21.372285
-0005,2260,1214,106,2024-12-30 07:28:21.388286
-0004,2286,1214,106,2024-12-30 07:28:21.404270
-0005,2259,1214,106,2024-12-30 07:28:21.420271
-0006,2254,1214,105,2024-12-30 07:28:21.452263
-0006,1841,1214,106,2024-12-30 07:28:21.468258
-0004,2186,1214,106,2024-12-30 07:28:21.484254
-0005,2253,1214,106,2024-12-30 07:28:21.500258
-0005,2265,1214,106,2024-12-30 07:28:21.516246
-0005,2261,1214,106,2024-12-30 07:28:21.532246
-0005,2248,1214,106,2024-12-30 07:28:21.548239
-0005,2267,1214,106,2024-12-30 07:28:21.564241
-0006,2264,1214,106,2024-12-30 07:28:21.580232
-0005,2255,1214,106,2024-12-30 07:28:21.611859
-0005,2286,1214,106,2024-12-30 07:28:21.628225
-0005,2263,1214,106,2024-12-30 07:28:21.644220
-0005,2257,1214,106,2024-12-30 07:28:21.660213
-0005,2249,1214,106,2024-12-30 07:28:21.676213
-0004,2253,1214,106,2024-12-30 07:28:21.692205
-0005,2253,1214,106,2024-12-30 07:28:21.708204
-0006,2252,1214,106,2024-12-30 07:28:21.724198
-0003,2273,1214,106,2024-12-30 07:28:21.740210
-0004,2249,1214,106,2024-12-30 07:28:21.756204
-0004,2282,1214,106,2024-12-30 07:28:21.788184
-0004,2282,1214,106,2024-12-30 07:28:21.804180
-0005,2250,1214,106,2024-12-30 07:28:21.820188
-0005,2263,1214,106,2024-12-30 07:28:21.836177
-0004,2282,1214,106,2024-12-30 07:28:21.852180
-0004,2257,1214,106,2024-12-30 07:28:21.868172
-0004,2278,1214,106,2024-12-30 07:28:21.884165
-0006,2282,1214,106,2024-12-30 07:28:21.900163
-0004,2286,1214,106,2024-12-30 07:28:21.916160
-0005,2265,1214,106,2024-12-30 07:28:21.947804
-0005,2258,1214,105,2024-12-30 07:28:21.964158
-0006,1839,1214,106,2024-12-30 07:28:21.980145
-0005,2193,1213,106,2024-12-30 07:28:21.996147
-0005,2247,1214,106,2024-12-30 07:28:22.012143
-0005,2256,1214,106,2024-12-30 07:28:22.028156
-0005,2254,1214,106,2024-12-30 07:28:22.044155
-0005,2272,1214,106,2024-12-30 07:28:22.060145
-0005,2251,1214,106,2024-12-30 07:28:22.076130
-0004,2259,1214,106,2024-12-30 07:28:22.092127
-0005,2279,1214,106,2024-12-30 07:28:22.124125
-0005,2247,1214,106,2024-12-30 07:28:22.140129
-0005,2267,1213,106,2024-12-30 07:28:22.156111
-0005,2254,1214,106,2024-12-30 07:28:22.172100
-0005,2276,1214,106,2024-12-30 07:28:22.188110
-0005,2250,1214,106,2024-12-30 07:28:22.204098
-0004,2251,1214,106,2024-12-30 07:28:22.220100
-0005,2264,1214,106,2024-12-30 07:28:22.236102
-0005,2283,1214,106,2024-12-30 07:28:22.252109
-0005,2253,1214,106,2024-12-30 07:28:22.283741
-0005,2256,1213,106,2024-12-30 07:28:22.300080
-0005,2249,1214,106,2024-12-30 07:28:22.316084
-0005,2251,1214,106,2024-12-30 07:28:22.332077
-0004,2279,1213,106,2024-12-30 07:28:22.348067
-0005,2275,1214,106,2024-12-30 07:28:22.364072
-0005,2252,1214,106,2024-12-30 07:28:22.380059
-0004,2251,1214,106,2024-12-30 07:28:22.396062
-0004,2272,1214,106,2024-12-30 07:28:22.412064
-0005,2253,1213,106,2024-12-30 07:28:22.428059
-0004,2276,1213,106,2024-12-30 07:28:22.460045
-0005,2279,1213,105,2024-12-30 07:28:22.476043
-0005,1852,1213,106,2024-12-30 07:28:22.492047
-0006,2217,1214,106,2024-12-30 07:28:22.508051
-0004,2280,1214,106,2024-12-30 07:28:22.524031
-0006,2295,1214,106,2024-12-30 07:28:22.540034
-0004,2277,1214,106,2024-12-30 07:28:22.556021
-0005,2282,1214,106,2024-12-30 07:28:22.572025
-0005,2275,1213,106,2024-12-30 07:28:22.588022
-0005,2298,1214,106,2024-12-30 07:28:22.619663
-0004,2276,1213,106,2024-12-30 07:28:22.636022
-0005,2294,1214,106,2024-12-30 07:28:22.652005
-0005,2293,1213,106,2024-12-30 07:28:22.668010
-0005,2287,1213,106,2024-12-30 07:28:22.684001
-0004,2280,1213,106,2024-12-30 07:28:22.699995
-0006,2301,1214,106,2024-12-30 07:28:22.715997
-0004,2270,1214,106,2024-12-30 07:28:22.731992
-0005,2280,1213,106,2024-12-30 07:28:22.747995
-0005,2284,1213,106,2024-12-30 07:28:22.763984
-0004,2298,1213,106,2024-12-30 07:28:22.795976
-0005,2294,1214,106,2024-12-30 07:28:22.811971
-0005,2275,1213,106,2024-12-30 07:28:22.827974
-0004,2275,1213,106,2024-12-30 07:28:22.843965
-0004,2284,1213,106,2024-12-30 07:28:22.859969
-0005,2274,1213,106,2024-12-30 07:28:22.875968
-0005,2284,1213,106,2024-12-30 07:28:22.891970
-0005,2289,1213,106,2024-12-30 07:28:22.907979
-0004,2296,1213,106,2024-12-30 07:28:22.923978
-0004,2271,1213,106,2024-12-30 07:28:22.955611
-0004,2282,1214,106,2024-12-30 07:28:22.971979
-0004,2280,1213,105,2024-12-30 07:28:22.987987
-0005,1855,1213,106,2024-12-30 07:28:23.003981
-0005,2200,1213,106,2024-12-30 07:28:23.019984
-0005,2283,1214,106,2024-12-30 07:28:23.035987
-0004,2269,1213,106,2024-12-30 07:28:23.051990
-0005,2282,1213,106,2024-12-30 07:28:23.067919
-0005,2296,1214,106,2024-12-30 07:28:23.083921
-0004,2294,1214,106,2024-12-30 07:28:23.099911
-0006,2281,1214,106,2024-12-30 07:28:23.131911
-0005,2273,1214,106,2024-12-30 07:28:23.147905
-0005,2272,1214,106,2024-12-30 07:28:23.163900
-0005,2277,1213,106,2024-12-30 07:28:23.179891
-0004,2291,1213,106,2024-12-30 07:28:23.195892
-0005,2289,1213,106,2024-12-30 07:28:23.211886
-0004,2276,1213,106,2024-12-30 07:28:23.227884
-0004,2297,1213,106,2024-12-30 07:28:23.243895
-0004,2271,1213,106,2024-12-30 07:28:23.259876
-0004,2295,1213,106,2024-12-30 07:28:23.291520
-0005,2277,1213,106,2024-12-30 07:28:23.307873
-0005,2297,1213,106,2024-12-30 07:28:23.323861
-0004,2300,1213,106,2024-12-30 07:28:23.339864
-0004,2276,1213,106,2024-12-30 07:28:23.355865
-0005,2296,1214,106,2024-12-30 07:28:23.371877
-0005,2302,1213,106,2024-12-30 07:28:23.387859
-0005,2281,1213,106,2024-12-30 07:28:23.403862
-0005,2288,1213,106,2024-12-30 07:28:23.419847
-0005,2277,1213,106,2024-12-30 07:28:23.435845
-0005,2282,1213,106,2024-12-30 07:28:23.467841
-0005,2273,1214,106,2024-12-30 07:28:23.483833
-0005,2266,1213,105,2024-12-30 07:28:23.499827
-0006,1850,1213,106,2024-12-30 07:28:23.515826
-0005,2219,1213,106,2024-12-30 07:28:23.531825
-0004,2278,1213,106,2024-12-30 07:28:23.547824
-0004,2300,1213,106,2024-12-30 07:28:23.563818
-0005,2277,1213,106,2024-12-30 07:28:23.579823
-0005,2300,1213,106,2024-12-30 07:28:23.595811
-0004,2280,1213,106,2024-12-30 07:28:23.627483
-0005,2292,1213,106,2024-12-30 07:28:23.643793
-0005,2285,1213,106,2024-12-30 07:28:23.659793
-0005,2282,1213,106,2024-12-30 07:28:23.675788
-0004,2295,1213,106,2024-12-30 07:28:23.691785
-0004,2285,1213,106,2024-12-30 07:28:23.707785
-0005,2282,1213,106,2024-12-30 07:28:23.723786
-0004,2275,1213,106,2024-12-30 07:28:23.739790
-0005,2293,1213,106,2024-12-30 07:28:23.755773
-0005,2278,1213,106,2024-12-30 07:28:23.787084
-0004,2289,1213,106,2024-12-30 07:28:23.803767
-0005,2293,1213,106,2024-12-30 07:28:23.819763
-0004,2296,1213,106,2024-12-30 07:28:23.835756
-0004,2292,1213,106,2024-12-30 07:28:23.851754
-0005,2299,1213,106,2024-12-30 07:28:23.867749
-0005,2273,1214,106,2024-12-30 07:28:23.883748
-0004,2290,1213,106,2024-12-30 07:28:23.899745
-0005,2286,1213,106,2024-12-30 07:28:23.915743
-0005,2298,1213,106,2024-12-30 07:28:23.931738
-0003,2270,1213,106,2024-12-30 07:28:23.963411
-0005,2290,1213,106,2024-12-30 07:28:23.979730
-0004,2276,1213,106,2024-12-30 07:28:23.995736
-0005,2276,1213,105,2024-12-30 07:28:24.011723
-0006,1848,1213,106,2024-12-30 07:28:24.027722
-0005,2213,1213,106,2024-12-30 07:28:24.043707
-0005,2278,1213,106,2024-12-30 07:28:24.059707
-0005,2294,1213,106,2024-12-30 07:28:24.075710
-0005,2280,1213,106,2024-12-30 07:28:24.091705
-0004,2271,1213,106,2024-12-30 07:28:24.123012
-0004,2273,1214,106,2024-12-30 07:28:24.139692
-0005,2288,1213,106,2024-12-30 07:28:24.155692
-0004,2292,1213,106,2024-12-30 07:28:24.171693
-0003,2284,1213,106,2024-12-30 07:28:24.187680
-0005,2277,1213,106,2024-12-30 07:28:24.203682
-0004,2272,1213,106,2024-12-30 07:28:24.219679
-0005,2292,1213,106,2024-12-30 07:28:24.235667
-0004,2289,1213,106,2024-12-30 07:28:24.251680
-0005,2296,1213,106,2024-12-30 07:28:24.267668
-0004,2291,1213,106,2024-12-30 07:28:24.299361
-0005,2294,1213,106,2024-12-30 07:28:24.315676
-0005,2287,1213,106,2024-12-30 07:28:24.331652
-0004,2278,1213,106,2024-12-30 07:28:24.347656
-0005,2277,1213,106,2024-12-30 07:28:24.363657
-0004,2274,1213,106,2024-12-30 07:28:24.379638
-0004,2272,1213,106,2024-12-30 07:28:24.395638
-0005,2273,1213,106,2024-12-30 07:28:24.411629
-0005,2297,1213,106,2024-12-30 07:28:24.427624
-0005,2270,1213,106,2024-12-30 07:28:24.458937
-0004,2294,1213,106,2024-12-30 07:28:24.475625
-0005,2300,1213,106,2024-12-30 07:28:24.491626
-0005,2296,1213,106,2024-12-30 07:28:24.507613
-0004,2281,1213,105,2024-12-30 07:28:24.523606
-0005,1857,1213,106,2024-12-30 07:28:24.539611
-0005,2218,1213,106,2024-12-30 07:28:24.555601
-0004,2281,1213,106,2024-12-30 07:28:24.571604
-0005,2274,1213,106,2024-12-30 07:28:24.587597
-0003,2274,1213,106,2024-12-30 07:28:24.603588
-0004,2282,1213,106,2024-12-30 07:28:24.635286
-0003,2291,1213,106,2024-12-30 07:28:24.651582
-0005,2276,1213,106,2024-12-30 07:28:24.667568
-0004,2282,1213,106,2024-12-30 07:28:24.683576
-0004,2288,1213,106,2024-12-30 07:28:24.699572
-0005,2275,1213,106,2024-12-30 07:28:24.715571
-0005,2285,1213,106,2024-12-30 07:28:24.731574
-0004,2270,1213,106,2024-12-30 07:28:24.747564
-0004,2293,1213,106,2024-12-30 07:28:24.763556
-0004,2285,1213,106,2024-12-30 07:28:24.794882
-0004,2299,1213,106,2024-12-30 07:28:24.811545
-0003,2276,1213,106,2024-12-30 07:28:24.827544
-0005,2287,1213,106,2024-12-30 07:28:24.843547
-0004,2298,1213,106,2024-12-30 07:28:24.859534
-0004,2277,1213,106,2024-12-30 07:28:24.875527
-0004,2297,1213,106,2024-12-30 07:28:24.891530
-0005,2291,1213,106,2024-12-30 07:28:24.907524
-0004,2291,1213,106,2024-12-30 07:28:24.923523
-0004,2288,1213,106,2024-12-30 07:28:24.939517
-0005,2279,1213,106,2024-12-30 07:28:24.971227
-0004,2266,1213,106,2024-12-30 07:28:24.987510
-0005,2290,1213,106,2024-12-30 07:28:25.003507
-0005,2303,1213,106,2024-12-30 07:28:25.019505
-0004,2301,1213,105,2024-12-30 07:28:25.035496
-0005,1845,1213,106,2024-12-30 07:28:25.051489
-0005,2207,1213,106,2024-12-30 07:28:25.067494
-0004,2277,1213,106,2024-12-30 07:28:25.083496
-0006,2285,1213,106,2024-12-30 07:28:25.099497
-0004,2279,1213,106,2024-12-30 07:28:25.130836
-0005,2292,1213,106,2024-12-30 07:28:25.147470
-0005,2280,1213,106,2024-12-30 07:28:25.163462
-0004,2288,1213,106,2024-12-30 07:28:25.179471
-0005,2296,1213,106,2024-12-30 07:28:25.195471
-0003,2270,1213,106,2024-12-30 07:28:25.211473
-0005,2272,1213,106,2024-12-30 07:28:25.227454
-0004,2277,1212,106,2024-12-30 07:28:25.243462
-0005,2290,1213,106,2024-12-30 07:28:25.259451
-0004,2274,1213,106,2024-12-30 07:28:25.275461
-0005,2271,1213,106,2024-12-30 07:28:25.307191
-0005,2304,1213,106,2024-12-30 07:28:25.323443
-0005,2300,1213,106,2024-12-30 07:28:25.339438
-0005,2282,1213,106,2024-12-30 07:28:25.355433
-0004,2278,1213,106,2024-12-30 07:28:25.371428
-0005,2282,1213,106,2024-12-30 07:28:25.387434
-0005,2303,1212,106,2024-12-30 07:28:25.403417
-0006,2289,1213,106,2024-12-30 07:28:25.419417
-0005,2278,1213,106,2024-12-30 07:28:25.435423
-0004,2298,1213,106,2024-12-30 07:28:25.466786
-0005,2290,1213,106,2024-12-30 07:28:25.483398
-0005,2302,1213,106,2024-12-30 07:28:25.499409
-0004,2274,1213,106,2024-12-30 07:28:25.515397
-0004,2299,1213,106,2024-12-30 07:28:25.531386
-0004,2301,1213,105,2024-12-30 07:28:25.547386
-0005,1854,1213,106,2024-12-30 07:28:25.563394
-0004,2209,1213,106,2024-12-30 07:28:25.579387
-0004,2268,1213,106,2024-12-30 07:28:25.595382
-0004,2297,1213,106,2024-12-30 07:28:25.611376
-0005,2283,1213,106,2024-12-30 07:28:25.643123
-0004,2268,1213,106,2024-12-30 07:28:25.659367
-0005,2296,1213,106,2024-12-30 07:28:25.675354
-0004,2279,1213,106,2024-12-30 07:28:25.691363
-0005,2297,1213,106,2024-12-30 07:28:25.707348
-0004,2298,1213,106,2024-12-30 07:28:25.723356
-0004,2297,1213,106,2024-12-30 07:28:25.739350
-0003,2286,1213,106,2024-12-30 07:28:25.755349
-0005,2291,1213,106,2024-12-30 07:28:25.771335
-0004,2298,1213,106,2024-12-30 07:28:25.802719
-0004,2277,1213,106,2024-12-30 07:28:25.819329
-0005,2280,1213,106,2024-12-30 07:28:25.835332
-0005,2273,1213,106,2024-12-30 07:28:25.851336
-0003,2284,1213,106,2024-12-30 07:28:25.867338
-0005,2281,1213,106,2024-12-30 07:28:25.883340
-0004,2271,1213,106,2024-12-30 07:28:25.899341
-0005,2272,1213,106,2024-12-30 07:28:25.915345
-0005,2292,1212,106,2024-12-30 07:28:25.931345
-0004,2280,1212,106,2024-12-30 07:28:25.947347
-0003,2271,1213,106,2024-12-30 07:28:25.979084
-0005,2281,1213,106,2024-12-30 07:28:25.995356
-0005,2301,1212,106,2024-12-30 07:28:26.011281
-0006,2275,1212,106,2024-12-30 07:28:26.027290
-0004,2270,1213,106,2024-12-30 07:28:26.043276
-0004,2293,1213,105,2024-12-30 07:28:26.059280
-0006,1854,1213,106,2024-12-30 07:28:26.075272
-0005,2210,1213,106,2024-12-30 07:28:26.091281
-0004,2274,1213,106,2024-12-30 07:28:26.107268
-0005,2295,1213,106,2024-12-30 07:28:26.138664
-0004,2296,1213,106,2024-12-30 07:28:26.155255
-0005,2272,1213,106,2024-12-30 07:28:26.171258
-0005,2299,1213,106,2024-12-30 07:28:26.187259
-0005,2278,1213,106,2024-12-30 07:28:26.203258
-0005,2300,1213,106,2024-12-30 07:28:26.219243
-0005,2281,1213,106,2024-12-30 07:28:26.235241
-0005,2286,1213,106,2024-12-30 07:28:26.251248
-0004,2286,1213,106,2024-12-30 07:28:26.267302
-0005,2294,1212,106,2024-12-30 07:28:26.283240
-0004,2275,1212,106,2024-12-30 07:28:26.315000
-0004,2295,1213,106,2024-12-30 07:28:26.331224
-0005,2273,1213,106,2024-12-30 07:28:26.347221
-0004,2297,1213,106,2024-12-30 07:28:26.363218
-0005,2280,1213,106,2024-12-30 07:28:26.379204
-0004,2274,1213,106,2024-12-30 07:28:26.395204
-0005,2285,1213,106,2024-12-30 07:28:26.411200
-0004,2279,1213,106,2024-12-30 07:28:26.427198
-0005,2290,1212,106,2024-12-30 07:28:26.443201
-0004,2273,1212,106,2024-12-30 07:28:26.474595
-0004,2273,1213,106,2024-12-30 07:28:26.491187
-0005,2284,1213,106,2024-12-30 07:28:26.507177
-0005,2281,1213,106,2024-12-30 07:28:26.523181
-0005,2273,1212,106,2024-12-30 07:28:26.539175
-0005,2295,1213,106,2024-12-30 07:28:26.555174
-0004,2276,1213,105,2024-12-30 07:28:26.571180
-0005,1851,1213,106,2024-12-30 07:28:26.587158
-0004,2211,1213,106,2024-12-30 07:28:26.603158
-0005,2283,1212,106,2024-12-30 07:28:26.619156
-0005,2271,1212,106,2024-12-30 07:28:26.650941
-0004,2301,1212,106,2024-12-30 07:28:26.667148
-0004,2280,1213,106,2024-12-30 07:28:26.683148
-0005,2290,1212,106,2024-12-30 07:28:26.699142
-0005,2278,1213,106,2024-12-30 07:28:26.715141
-0004,2300,1213,106,2024-12-30 07:28:26.731135
-0005,2286,1212,106,2024-12-30 07:28:26.747143
-0004,2274,1213,106,2024-12-30 07:28:26.763129
-0004,2276,1213,106,2024-12-30 07:28:26.779129
-0004,2272,1213,106,2024-12-30 07:28:26.810529
-0005,2299,1213,106,2024-12-30 07:28:26.827121
-0004,2294,1212,106,2024-12-30 07:28:26.843116
-0005,2278,1212,106,2024-12-30 07:28:26.859115
-0004,2287,1212,106,2024-12-30 07:28:26.875111
-0004,2292,1213,106,2024-12-30 07:28:26.891113
-0003,2280,1213,106,2024-12-30 07:28:26.907101
-0005,2269,1213,106,2024-12-30 07:28:26.923107
-0004,2291,1213,106,2024-12-30 07:28:26.939115
-0005,2269,1212,106,2024-12-30 07:28:26.955091
-0004,2289,1212,106,2024-12-30 07:28:26.986875
-0005,2274,1212,106,2024-12-30 07:28:27.003083
-0004,2274,1213,106,2024-12-30 07:28:27.019081
-0004,2303,1212,106,2024-12-30 07:28:27.035076
-0005,2271,1212,106,2024-12-30 07:28:27.051278
-0005,2289,1212,106,2024-12-30 07:28:27.067110
-0004,2283,1213,105,2024-12-30 07:28:27.083069
-0006,1852,1212,106,2024-12-30 07:28:27.099067
-0005,2213,1212,106,2024-12-30 07:28:27.115066
-0004,2278,1212,106,2024-12-30 07:28:27.146484
-0003,2293,1212,106,2024-12-30 07:28:27.163051
-0005,2297,1212,106,2024-12-30 07:28:27.179044
-0003,2276,1212,106,2024-12-30 07:28:27.195043
-0005,2285,1212,106,2024-12-30 07:28:27.211039
-0004,2296,1213,106,2024-12-30 07:28:27.227038
-0004,2274,1212,106,2024-12-30 07:28:27.243046
-0004,2300,1212,106,2024-12-30 07:28:27.259038
-0004,2293,1212,106,2024-12-30 07:28:27.275031
-0004,2275,1212,106,2024-12-30 07:28:27.291034
-0005,2285,1212,106,2024-12-30 07:28:27.322810
-0006,2285,1212,106,2024-12-30 07:28:27.339017
-0005,2271,1212,106,2024-12-30 07:28:27.355003
-0004,2272,1212,106,2024-12-30 07:28:27.371005
-0005,2274,1212,106,2024-12-30 07:28:27.386996
-0004,2274,1212,106,2024-12-30 07:28:27.403003
-0004,2292,1212,106,2024-12-30 07:28:27.418999
-0005,2298,1212,106,2024-12-30 07:28:27.434994
-0003,2284,1212,106,2024-12-30 07:28:27.450991
-0004,2298,1213,106,2024-12-30 07:28:27.482397
-0005,2285,1212,106,2024-12-30 07:28:27.498980
-0004,2286,1212,106,2024-12-30 07:28:27.514976
-0004,2275,1212,106,2024-12-30 07:28:27.530975
-0004,2275,1212,106,2024-12-30 07:28:27.546970
-0004,2278,1212,106,2024-12-30 07:28:27.562967
-0005,2302,1212,106,2024-12-30 07:28:27.578968
-0005,2282,1212,105,2024-12-30 07:28:27.594963
-0005,1857,1212,106,2024-12-30 07:28:27.610963
-0004,2219,1212,106,2024-12-30 07:28:27.626954
-0004,2279,1212,106,2024-12-30 07:28:27.658758
-0005,2296,1212,106,2024-12-30 07:28:27.674952
-0003,2292,1213,106,2024-12-30 07:28:27.690953
-0005,2300,1212,106,2024-12-30 07:28:27.706935
-0004,2280,1212,106,2024-12-30 07:28:27.722934
-0005,2275,1212,106,2024-12-30 07:28:27.738934
-0004,2288,1212,106,2024-12-30 07:28:27.754927
-0005,2281,1212,106,2024-12-30 07:28:27.770923
-0004,2272,1212,106,2024-12-30 07:28:27.786920
-0005,2272,1212,106,2024-12-30 07:28:27.818320
-0005,2270,1212,106,2024-12-30 07:28:27.834901
-0005,2280,1212,106,2024-12-30 07:28:27.850908
-0004,2275,1212,106,2024-12-30 07:28:27.866900
-0004,2283,1212,106,2024-12-30 07:28:27.882901
-0004,2274,1212,106,2024-12-30 07:28:27.898899
-0005,2280,1212,106,2024-12-30 07:28:27.914899
-0004,2280,1212,106,2024-12-30 07:28:27.930886
-0005,2286,1212,106,2024-12-30 07:28:27.946889
-0004,2283,1212,106,2024-12-30 07:28:27.962879
-0003,2293,1212,106,2024-12-30 07:28:27.994702
-0004,2270,1212,106,2024-12-30 07:28:28.010874
-0005,2285,1212,106,2024-12-30 07:28:28.026870
-0004,2296,1212,106,2024-12-30 07:28:28.042879
-0004,2284,1212,106,2024-12-30 07:28:28.058895
-0004,2274,1212,106,2024-12-30 07:28:28.074867
-0004,2270,1212,106,2024-12-30 07:28:28.090887
-0005,2295,1212,105,2024-12-30 07:28:28.106857
-0005,1851,1212,106,2024-12-30 07:28:28.122846
-0005,2219,1212,106,2024-12-30 07:28:28.154291
-0005,2296,1212,106,2024-12-30 07:28:28.170847
-0006,2274,1212,106,2024-12-30 07:28:28.186839
-0005,2293,1212,106,2024-12-30 07:28:28.202839
-0005,2281,1212,106,2024-12-30 07:28:28.218831
-0005,2271,1212,106,2024-12-30 07:28:28.234829
-0004,2284,1212,106,2024-12-30 07:28:28.250837
-0004,2284,1212,106,2024-12-30 07:28:28.266818
-0005,2273,1212,106,2024-12-30 07:28:28.282821
-0005,2290,1212,106,2024-12-30 07:28:28.298812
-0004,2291,1212,106,2024-12-30 07:28:28.330650
-0004,2280,1212,106,2024-12-30 07:28:28.346803
-0005,2295,1212,106,2024-12-30 07:28:28.362807
-0004,2274,1212,106,2024-12-30 07:28:28.378804
-0004,2271,1213,106,2024-12-30 07:28:28.394794
-0005,2276,1212,106,2024-12-30 07:28:28.410787
-0005,2296,1212,106,2024-12-30 07:28:28.426790
-0004,2276,1212,106,2024-12-30 07:28:28.442772
-0004,2268,1212,106,2024-12-30 07:28:28.458782
-0005,2281,1212,106,2024-12-30 07:28:28.490218
-0005,2279,1212,106,2024-12-30 07:28:28.506763
-0004,2275,1212,106,2024-12-30 07:28:28.522773
-0004,2272,1212,106,2024-12-30 07:28:28.538767
-0003,2270,1212,106,2024-12-30 07:28:28.554749
-0005,2287,1212,106,2024-12-30 07:28:28.570753
-0005,2285,1212,106,2024-12-30 07:28:28.586740
-0004,2291,1212,106,2024-12-30 07:28:28.602744
-0004,2272,1212,105,2024-12-30 07:28:28.618737
-0005,1863,1212,106,2024-12-30 07:28:28.634745
-0004,2218,1212,106,2024-12-30 07:28:28.666572
-0004,2269,1212,106,2024-12-30 07:28:28.682731
-0003,2295,1212,106,2024-12-30 07:28:28.698719
-0005,2272,1212,106,2024-12-30 07:28:28.714721
-0004,2268,1212,106,2024-12-30 07:28:28.730713
-0004,2301,1212,106,2024-12-30 07:28:28.746722
-0004,2278,1212,106,2024-12-30 07:28:28.762709
-0005,2272,1212,106,2024-12-30 07:28:28.778713
-0004,2274,1212,106,2024-12-30 07:28:28.794717
-0005,2300,1212,106,2024-12-30 07:28:28.826183
-0005,2302,1212,106,2024-12-30 07:28:28.842716
-0004,2294,1212,106,2024-12-30 07:28:28.858719
-0005,2276,1212,106,2024-12-30 07:28:28.874718
-0004,2274,1212,106,2024-12-30 07:28:28.890724
-0004,2287,1212,106,2024-12-30 07:28:28.906726
-0004,2280,1212,106,2024-12-30 07:28:28.922733
-0004,2278,1212,106,2024-12-30 07:28:28.938729
-0004,2277,1212,106,2024-12-30 07:28:28.954732
-0004,2272,1212,106,2024-12-30 07:28:28.970662
-0005,2279,1212,106,2024-12-30 07:28:29.002496
-0005,2270,1212,106,2024-12-30 07:28:29.018663
-0004,2283,1212,106,2024-12-30 07:28:29.034647
-0005,2300,1212,106,2024-12-30 07:28:29.050648
-0004,2290,1212,106,2024-12-30 07:28:29.066644
-0003,2280,1212,106,2024-12-30 07:28:29.082641
-0005,2284,1212,106,2024-12-30 07:28:29.098636
-0005,2273,1212,106,2024-12-30 07:28:29.114646
-0005,2282,1212,105,2024-12-30 07:28:29.130640
-0005,1850,1212,106,2024-12-30 07:28:29.162082
-0005,2219,1212,106,2024-12-30 07:28:29.178615
-0004,2280,1212,106,2024-12-30 07:28:29.194612
-0004,2274,1212,106,2024-12-30 07:28:29.210617
-0004,2285,1212,106,2024-12-30 07:28:29.226604
-0004,2269,1212,106,2024-12-30 07:28:29.242623
-0005,2297,1212,106,2024-12-30 07:28:29.258611
-0005,2275,1212,106,2024-12-30 07:28:29.274606
-0004,2300,1212,106,2024-12-30 07:28:29.290596
-0005,2286,1212,106,2024-12-30 07:28:29.306603
-0004,2273,1212,106,2024-12-30 07:28:29.338427
-0005,2285,1212,106,2024-12-30 07:28:29.354587
-0004,2271,1212,106,2024-12-30 07:28:29.370576
-0004,2298,1212,106,2024-12-30 07:28:29.386575
-0005,2289,1212,106,2024-12-30 07:28:29.402567
-0004,2298,1212,106,2024-12-30 07:28:29.418571
-0003,2286,1212,106,2024-12-30 07:28:29.434562
-0004,2276,1212,106,2024-12-30 07:28:29.450561
-0004,2302,1212,106,2024-12-30 07:28:29.466559
-0005,2284,1212,106,2024-12-30 07:28:29.498034
-0004,2295,1212,106,2024-12-30 07:28:29.514554
-0004,2278,1212,106,2024-12-30 07:28:29.530553
-0004,2273,1212,106,2024-12-30 07:28:29.546539
-0005,2276,1212,106,2024-12-30 07:28:29.562531
-0005,2294,1212,106,2024-12-30 07:28:29.578532
-0003,2294,1212,106,2024-12-30 07:28:29.594522
-0004,2287,1212,106,2024-12-30 07:28:29.610520
-0005,2289,1212,106,2024-12-30 07:28:29.626526
-0004,2300,1212,105,2024-12-30 07:28:29.642530
-0005,1849,1211,106,2024-12-30 07:28:29.674383
-0005,2221,1212,106,2024-12-30 07:28:29.690511
-0005,2299,1212,106,2024-12-30 07:28:29.706509
-0004,2278,1212,106,2024-12-30 07:28:29.722507
-0004,2275,1212,106,2024-12-30 07:28:29.738492
-0005,2291,1211,106,2024-12-30 07:28:29.754496
-0005,2292,1212,106,2024-12-30 07:28:29.770484
-0005,2290,1212,106,2024-12-30 07:28:29.786489
-0003,2276,1212,106,2024-12-30 07:28:29.802479
-0004,2288,1212,106,2024-12-30 07:28:29.833962
-0005,2299,1212,106,2024-12-30 07:28:29.850463
-0004,2280,1212,106,2024-12-30 07:28:29.866469
-0003,2297,1212,106,2024-12-30 07:28:29.882475
-0004,2286,1212,106,2024-12-30 07:28:29.898456
-0005,2298,1212,106,2024-12-30 07:28:29.914460
-0005,2303,1212,106,2024-12-30 07:28:29.930452
-0004,2300,1212,106,2024-12-30 07:28:29.946453
-0004,2274,1212,106,2024-12-30 07:28:29.962449
-0004,2294,1212,106,2024-12-30 07:28:29.978451
-0005,2296,1212,106,2024-12-30 07:28:30.010317
-0005,2277,1212,106,2024-12-30 07:28:30.026425
-0004,2289,1212,106,2024-12-30 07:28:30.042430
-0005,2271,1212,106,2024-12-30 07:28:30.058421
-0004,2297,1212,106,2024-12-30 07:28:30.074419
-0005,2282,1212,106,2024-12-30 07:28:30.090415
-0004,2286,1212,106,2024-12-30 07:28:30.106406
-0005,2296,1212,106,2024-12-30 07:28:30.122409
-0004,2299,1212,106,2024-12-30 07:28:30.138397
-0004,2297,1212,105,2024-12-30 07:28:30.169905
-0005,1856,1212,106,2024-12-30 07:28:30.186395
-0004,2219,1212,106,2024-12-30 07:28:30.202392
-0005,2279,1211,106,2024-12-30 07:28:30.218395
-0005,2277,1212,106,2024-12-30 07:28:30.234387
-0005,2295,1211,106,2024-12-30 07:28:30.250405
-0005,2272,1211,106,2024-12-30 07:28:30.266390
-0005,2277,1212,106,2024-12-30 07:28:30.282373
-0004,2285,1212,106,2024-12-30 07:28:30.298376
-0005,2286,1212,106,2024-12-30 07:28:30.314371
-0004,2300,1212,106,2024-12-30 07:28:30.346241
-0004,2273,1211,106,2024-12-30 07:28:30.362365
-0004,2298,1211,106,2024-12-30 07:28:30.378368
-0005,2300,1212,106,2024-12-30 07:28:30.394352
-0005,2297,1211,106,2024-12-30 07:28:30.410351
-0004,2280,1211,106,2024-12-30 07:28:30.426345
-0005,2300,1212,106,2024-12-30 07:28:30.442347
-0004,2283,1212,106,2024-12-30 07:28:30.458339
-0004,2290,1212,106,2024-12-30 07:28:30.474341
-0005,2287,1211,106,2024-12-30 07:28:30.505840
-0004,2290,1212,106,2024-12-30 07:28:30.522328
-0004,2300,1211,106,2024-12-30 07:28:30.538317
-0004,2270,1212,106,2024-12-30 07:28:30.554317
-0005,2295,1212,106,2024-12-30 07:28:30.570315
-0005,2297,1211,106,2024-12-30 07:28:30.586315
-0004,2292,1212,106,2024-12-30 07:28:30.602311
-0005,2286,1212,106,2024-12-30 07:28:30.618306
-0004,2274,1212,106,2024-12-30 07:28:30.634327
-0005,2291,1211,106,2024-12-30 07:28:30.650295
-0003,2271,1212,105,2024-12-30 07:28:30.682187
-0005,1862,1211,106,2024-12-30 07:28:30.698287
-0004,2220,1211,106,2024-12-30 07:28:30.714288
-0004,2273,1212,106,2024-12-30 07:28:30.730289
-0005,2279,1212,106,2024-12-30 07:28:30.746287
-0004,2295,1211,106,2024-12-30 07:28:30.762272
-0005,2300,1211,106,2024-12-30 07:28:30.778269
-0005,2293,1211,106,2024-12-30 07:28:30.794261
-0005,2289,1212,106,2024-12-30 07:28:30.810265
-0005,2298,1211,106,2024-12-30 07:28:30.841768
-0005,2280,1211,106,2024-12-30 07:28:30.858249
-0004,2275,1212,106,2024-12-30 07:28:30.874256
-0005,2283,1212,106,2024-12-30 07:28:30.890246
-0004,2288,1212,106,2024-12-30 07:28:30.906248
-0005,2285,1212,106,2024-12-30 07:28:30.922239
-0004,2270,1211,106,2024-12-30 07:28:30.938243
-0004,2282,1211,106,2024-12-30 07:28:30.954234
-0003,2278,1211,106,2024-12-30 07:28:30.970228
-0004,2271,1211,106,2024-12-30 07:28:30.986227
-0003,2296,1212,106,2024-12-30 07:28:31.018105
-0005,2287,1212,106,2024-12-30 07:28:31.034219
-0004,2274,1211,106,2024-12-30 07:28:31.050219
-0004,2286,1211,106,2024-12-30 07:28:31.066211
-0005,2297,1211,106,2024-12-30 07:28:31.082200
-0005,2276,1211,106,2024-12-30 07:28:31.098205
-0003,2295,1212,106,2024-12-30 07:28:31.114203
-0006,2280,1212,106,2024-12-30 07:28:31.130203
-0005,2282,1211,106,2024-12-30 07:28:31.146193
-0004,2277,1211,106,2024-12-30 07:28:31.177696
-0004,2273,1212,105,2024-12-30 07:28:31.194180
-0005,1838,1212,106,2024-12-30 07:28:31.210179
-0004,2203,1211,106,2024-12-30 07:28:31.226184
-0004,2290,1211,106,2024-12-30 07:28:31.242184
-0004,2279,1211,106,2024-12-30 07:28:31.258168
-0004,2267,1211,106,2024-12-30 07:28:31.274167
-0005,2268,1211,106,2024-12-30 07:28:31.290155
-0005,2286,1212,106,2024-12-30 07:28:31.306161
-0003,2293,1211,106,2024-12-30 07:28:31.322152
-0005,2290,1211,106,2024-12-30 07:28:31.354034
-0003,2296,1212,106,2024-12-30 07:28:31.370148
-0004,2269,1211,106,2024-12-30 07:28:31.386152
-0004,2277,1211,106,2024-12-30 07:28:31.402135
-0005,2269,1211,106,2024-12-30 07:28:31.418140
-0005,2280,1211,106,2024-12-30 07:28:31.434130
-0005,2289,1211,106,2024-12-30 07:28:31.450129
-0005,2293,1211,106,2024-12-30 07:28:31.466125
-0005,2267,1211,106,2024-12-30 07:28:31.482123
-0005,2294,1211,106,2024-12-30 07:28:31.513620
-0005,2277,1211,106,2024-12-30 07:28:31.530111
-0005,2289,1211,106,2024-12-30 07:28:31.546099
-0004,2295,1211,106,2024-12-30 07:28:31.562107
-0005,2293,1211,106,2024-12-30 07:28:31.578094
-0004,2274,1211,106,2024-12-30 07:28:31.594099
-0004,2294,1211,106,2024-12-30 07:28:31.610090
-0003,2293,1211,106,2024-12-30 07:28:31.626091
-0004,2270,1211,106,2024-12-30 07:28:31.642083
-0004,2272,1211,106,2024-12-30 07:28:31.658084
-0004,2277,1211,106,2024-12-30 07:28:31.689964
-0004,2268,1211,105,2024-12-30 07:28:31.706075
-0005,1862,1211,106,2024-12-30 07:28:31.722068
-0003,2203,1211,106,2024-12-30 07:28:31.738075
-0005,2278,1211,106,2024-12-30 07:28:31.754070
-0005,2272,1211,106,2024-12-30 07:28:31.770071
-0004,2295,1211,106,2024-12-30 07:28:31.786073
-0005,2290,1211,106,2024-12-30 07:28:31.802074
-0005,2294,1211,106,2024-12-30 07:28:31.818078
-0004,2267,1211,106,2024-12-30 07:28:31.849590
-0004,2273,1211,106,2024-12-30 07:28:31.866086
-0005,2294,1211,106,2024-12-30 07:28:31.882085
-0005,2279,1211,106,2024-12-30 07:28:31.898084
-0005,2300,1211,106,2024-12-30 07:28:31.914090
-0005,2276,1211,106,2024-12-30 07:28:31.930090
-0004,2297,1211,106,2024-12-30 07:28:31.946023
-0005,2295,1211,106,2024-12-30 07:28:31.962016
-0004,2300,1211,106,2024-12-30 07:28:31.978016
-0004,2284,1211,106,2024-12-30 07:28:31.994011
-0004,2273,1212,106,2024-12-30 07:28:32.025907
-0004,2282,1211,106,2024-12-30 07:28:32.041999
-0004,2267,1211,106,2024-12-30 07:28:32.057998
-0004,2299,1211,106,2024-12-30 07:28:32.073994
-0004,2294,1212,106,2024-12-30 07:28:32.089987
-0004,2278,1211,106,2024-12-30 07:28:32.105994
-0005,2274,1211,106,2024-12-30 07:28:32.121992
-0004,2273,1211,106,2024-12-30 07:28:32.137975
-0005,2278,1212,106,2024-12-30 07:28:32.153970
-0005,2296,1211,106,2024-12-30 07:28:32.185508
-0004,2294,1211,106,2024-12-30 07:28:32.201971
-0005,2294,1212,105,2024-12-30 07:28:32.217967
-0005,1843,1211,106,2024-12-30 07:28:32.233962
-0004,2199,1211,106,2024-12-30 07:28:32.249966
-0004,2264,1211,106,2024-12-30 07:28:32.265954
-0005,2280,1211,106,2024-12-30 07:28:32.281949
-0004,2283,1211,106,2024-12-30 07:28:32.297950
-0005,2269,1211,106,2024-12-30 07:28:32.313953
-0004,2295,1211,106,2024-12-30 07:28:32.329947
-0004,2298,1211,106,2024-12-30 07:28:32.361866
-0004,2266,1211,106,2024-12-30 07:28:32.377930
-0004,2287,1211,106,2024-12-30 07:28:32.393921
-0004,2268,1211,106,2024-12-30 07:28:32.409926
-0005,2283,1211,106,2024-12-30 07:28:32.425920
-0004,2273,1211,106,2024-12-30 07:28:32.441917
-0005,2275,1211,106,2024-12-30 07:28:32.457909
-0005,2286,1211,106,2024-12-30 07:28:32.473907
-0004,2272,1211,106,2024-12-30 07:28:32.489912
-0004,2294,1211,106,2024-12-30 07:28:32.521443
-0004,2284,1211,106,2024-12-30 07:28:32.537892
-0004,2272,1211,106,2024-12-30 07:28:32.553892
-0003,2287,1211,106,2024-12-30 07:28:32.569884
-0004,2267,1211,106,2024-12-30 07:28:32.585885
-0004,2269,1211,106,2024-12-30 07:28:32.601887
-0005,2277,1211,106,2024-12-30 07:28:32.617889
-0003,2270,1211,106,2024-12-30 07:28:32.633877
-0005,2279,1211,106,2024-12-30 07:28:32.649869
-0005,2275,1211,106,2024-12-30 07:28:32.665867
-0004,2290,1211,106,2024-12-30 07:28:32.697791
-0004,2270,1211,106,2024-12-30 07:28:32.713858
-0004,2289,1211,105,2024-12-30 07:28:32.729854
-0005,1838,1211,106,2024-12-30 07:28:32.745851
-0003,2209,1211,106,2024-12-30 07:28:32.761843
-0004,2264,1211,106,2024-12-30 07:28:32.777842
-0004,2291,1211,106,2024-12-30 07:28:32.793834
-0004,2275,1211,106,2024-12-30 07:28:32.809834
-0004,2293,1211,106,2024-12-30 07:28:32.825831
-0005,2290,1211,106,2024-12-30 07:28:32.857413
-0004,2270,1211,106,2024-12-30 07:28:32.873817
-0004,2296,1211,106,2024-12-30 07:28:32.889825
-0003,2268,1211,106,2024-12-30 07:28:32.905816
-0004,2271,1211,106,2024-12-30 07:28:32.921814
-0005,2296,1211,106,2024-12-30 07:28:32.937802
-0005,2281,1211,106,2024-12-30 07:28:32.953811
-0004,2266,1211,106,2024-12-30 07:28:32.969801
-0004,2293,1211,106,2024-12-30 07:28:32.985789
-0005,2291,1211,106,2024-12-30 07:28:33.001787
-0003,2292,1211,106,2024-12-30 07:28:33.033731
-0004,2264,1211,106,2024-12-30 07:28:33.049779
-0005,2297,1211,106,2024-12-30 07:28:33.065782
-0004,2267,1211,106,2024-12-30 07:28:33.081772
-0006,2296,1211,106,2024-12-30 07:28:33.097778
-0004,2272,1211,106,2024-12-30 07:28:33.113770
-0004,2293,1211,106,2024-12-30 07:28:33.129770
-0004,2284,1211,106,2024-12-30 07:28:33.145763
-0005,2287,1211,106,2024-12-30 07:28:33.161768
-0005,2294,1211,106,2024-12-30 07:28:33.193313
-0004,2290,1211,106,2024-12-30 07:28:33.209754
-0004,2296,1211,106,2024-12-30 07:28:33.225756
-0004,2292,1211,105,2024-12-30 07:28:33.241763
-0006,1853,1211,106,2024-12-30 07:28:33.257738
-0003,2200,1211,106,2024-12-30 07:28:33.273743
-0004,2266,1211,106,2024-12-30 07:28:33.289736
-0004,2267,1211,106,2024-12-30 07:28:33.305739
-0005,2285,1211,106,2024-12-30 07:28:33.321739
-0003,2292,1211,106,2024-12-30 07:28:33.337729
-0004,2282,1211,106,2024-12-30 07:28:33.369661
-0005,2262,1211,106,2024-12-30 07:28:33.385728
-0005,2277,1211,106,2024-12-30 07:28:33.401712
-0004,2277,1211,106,2024-12-30 07:28:33.417710
-0005,2294,1211,106,2024-12-30 07:28:33.433702
-0005,2275,1211,106,2024-12-30 07:28:33.449695
-0005,2283,1211,106,2024-12-30 07:28:33.465698
-0004,2290,1211,106,2024-12-30 07:28:33.481694
-0004,2285,1211,106,2024-12-30 07:28:33.497691
-0003,2262,1211,106,2024-12-30 07:28:33.529267
-0005,2274,1211,106,2024-12-30 07:28:33.545676
-0004,2291,1211,106,2024-12-30 07:28:33.561676
-0005,2296,1211,106,2024-12-30 07:28:33.577673
-0003,2272,1211,106,2024-12-30 07:28:33.593674
-0004,2265,1211,106,2024-12-30 07:28:33.609670
-0005,2273,1211,106,2024-12-30 07:28:33.625659
-0005,2267,1211,106,2024-12-30 07:28:33.641667
-0004,2268,1211,106,2024-12-30 07:28:33.657651
-0005,2293,1211,106,2024-12-30 07:28:33.673651
-0004,2284,1211,106,2024-12-30 07:28:33.705612
-0005,2286,1211,106,2024-12-30 07:28:33.721645
-0004,2272,1211,106,2024-12-30 07:28:33.737642
-0005,2284,1210,105,2024-12-30 07:28:33.753649
-0004,1847,1211,106,2024-12-30 07:28:33.769631
-0004,2198,1211,106,2024-12-30 07:28:33.785625
-0004,2292,1211,106,2024-12-30 07:28:33.801629
-0005,2282,1211,106,2024-12-30 07:28:33.817618
-0005,2296,1210,106,2024-12-30 07:28:33.833618
-0004,2282,1211,106,2024-12-30 07:28:33.865209
-0005,2275,1211,106,2024-12-30 07:28:33.881605
-0004,2267,1211,106,2024-12-30 07:28:33.897613
-0004,2297,1211,106,2024-12-30 07:28:33.913597
-0005,2276,1211,106,2024-12-30 07:28:33.929591
-0004,2286,1211,106,2024-12-30 07:28:33.945592
-0004,2271,1211,106,2024-12-30 07:28:33.961610
-0005,2285,1211,106,2024-12-30 07:28:33.977605
-0004,2290,1211,106,2024-12-30 07:28:33.993584
-0004,2270,1211,106,2024-12-30 07:28:34.009581
-0004,2292,1211,106,2024-12-30 07:28:34.041560
-0005,2274,1211,106,2024-12-30 07:28:34.057589
-0005,2263,1211,106,2024-12-30 07:28:34.073585
-0004,2293,1211,106,2024-12-30 07:28:34.089585
-0005,2274,1211,106,2024-12-30 07:28:34.105559
-0005,2295,1211,106,2024-12-30 07:28:34.121555
-0004,2266,1211,106,2024-12-30 07:28:34.137552
-0004,2297,1211,106,2024-12-30 07:28:34.153544
-0005,2295,1211,106,2024-12-30 07:28:34.169550
-0004,2271,1211,106,2024-12-30 07:28:34.201136
-0003,2266,1211,106,2024-12-30 07:28:34.217531
-0004,2293,1211,106,2024-12-30 07:28:34.233541
-0004,2264,1210,106,2024-12-30 07:28:34.249543
-0004,2295,1210,105,2024-12-30 07:28:34.265520
-0005,1846,1211,106,2024-12-30 07:28:34.281518
-0005,2207,1210,106,2024-12-30 07:28:34.297509
-0004,2271,1211,106,2024-12-30 07:28:34.313509
-0004,2293,1211,106,2024-12-30 07:28:34.329511
-0003,2272,1211,106,2024-12-30 07:28:34.345518
-0005,2277,1211,106,2024-12-30 07:28:34.377481
-0004,2281,1211,106,2024-12-30 07:28:34.393492
-0005,2293,1210,106,2024-12-30 07:28:34.409484
-0004,2265,1211,106,2024-12-30 07:28:34.425488
-0004,2297,1211,106,2024-12-30 07:28:34.441483
-0005,2281,1211,106,2024-12-30 07:28:34.457488
-0004,2295,1211,106,2024-12-30 07:28:34.473475
-0005,2268,1211,106,2024-12-30 07:28:34.489476
-0004,2269,1211,106,2024-12-30 07:28:34.505468
-0004,2271,1210,106,2024-12-30 07:28:34.537074
-0004,2262,1211,106,2024-12-30 07:28:34.553463
-0005,2273,1211,106,2024-12-30 07:28:34.569458
-0004,2267,1211,106,2024-12-30 07:28:34.585448
-0004,2283,1210,106,2024-12-30 07:28:34.601455
-0004,2273,1211,106,2024-12-30 07:28:34.617449
-0005,2265,1211,106,2024-12-30 07:28:34.633449
-0004,2272,1211,106,2024-12-30 07:28:34.649439
-0005,2266,1211,106,2024-12-30 07:28:34.665434
-0005,2276,1210,106,2024-12-30 07:28:34.681432
-0004,2293,1211,106,2024-12-30 07:28:34.713415
-0003,2277,1211,106,2024-12-30 07:28:34.729438
-0005,2265,1211,106,2024-12-30 07:28:34.745438
