DIST,AMP,TEMP,VOLT,Timestamp
00000,1006,1198,106,2024-12-30 09:10:17.575283
04649,1010,1198,106,2024-12-30 09:10:17.587692
04234,0000,1198,106,2024-12-30 09:10:17.603664
13096,0000,1198,106,2024-12-30 09:10:17.619605
44925,0000,1198,106,2024-12-30 09:10:17.635562
48802,0000,1198,106,2024-12-30 09:10:17.651533
24181,0000,1198,106,2024-12-30 09:10:17.683455
39997,0000,1198,106,2024-12-30 09:10:17.699622
01425,0000,1198,106,2024-12-30 09:10:17.715588
03109,0000,1198,106,2024-12-30 09:10:17.731533
05211,0000,1198,106,2024-12-30 09:10:17.747530
03059,0000,1198,106,2024-12-30 09:10:17.763524
19694,0000,1198,106,2024-12-30 09:10:17.779511
31690,0000,1198,106,2024-12-30 09:10:17.795507
17743,0000,1198,106,2024-12-30 09:10:17.811509
06074,0000,1198,106,2024-12-30 09:10:17.842906
04849,0000,1198,106,2024-12-30 09:10:17.859499
36105,0000,1198,106,2024-12-30 09:10:17.875495
05471,0000,1198,106,2024-12-30 09:10:17.891483
03787,0000,1198,106,2024-12-30 09:10:17.907481
25952,0000,1198,106,2024-12-30 09:10:17.923473
20191,0000,1198,106,2024-12-30 09:10:17.939476
-0001,0000,1198,106,2024-12-30 09:10:17.955473
24110,0000,1198,106,2024-12-30 09:10:17.971472
03646,0000,1198,106,2024-12-30 09:10:17.987474
43190,0000,1198,106,2024-12-30 09:10:18.019302
20390,0000,1198,106,2024-12-30 09:10:18.035454
14034,0000,1198,106,2024-12-30 09:10:18.051454
04958,0000,1198,106,2024-12-30 09:10:18.067451
02704,0000,1198,106,2024-12-30 09:10:18.083473
10036,0000,1198,106,2024-12-30 09:10:18.099445
03349,0000,1198,106,2024-12-30 09:10:18.115444
24806,0000,1198,106,2024-12-30 09:10:18.131431
44171,0000,1198,106,2024-12-30 09:10:18.147434
03799,0000,1198,106,2024-12-30 09:10:18.178927
29819,0000,1198,106,2024-12-30 09:10:18.195426
14631,0000,1198,106,2024-12-30 09:10:18.211425
58400,0000,1198,106,2024-12-30 09:10:18.227415
01176,0000,1198,106,2024-12-30 09:10:18.243443
08725,0000,1198,106,2024-12-30 09:10:18.259413
23577,0000,1198,106,2024-12-30 09:10:18.275415
01387,0000,1198,106,2024-12-30 09:10:18.291415
04647,0000,1198,106,2024-12-30 09:10:18.307415
06331,0000,1198,106,2024-12-30 09:10:18.323405
06155,0000,1198,106,2024-12-30 09:10:18.355311
18300,0000,1198,106,2024-12-30 09:10:18.371395
48296,0000,1198,106,2024-12-30 09:10:18.387400
15885,0000,1198,106,2024-12-30 09:10:18.403397
21420,0000,1198,106,2024-12-30 09:10:18.419394
02210,0001,1198,106,2024-12-30 09:10:18.435404
01200,0000,1198,106,2024-12-30 09:10:18.451390
55887,0000,1198,106,2024-12-30 09:10:18.467381
10857,0000,1198,106,2024-12-30 09:10:18.483378
48994,0000,1198,106,2024-12-30 09:10:18.514948
03654,0000,1198,106,2024-12-30 09:10:18.531362
07085,0000,1198,106,2024-12-30 09:10:18.547358
00723,0000,1198,106,2024-12-30 09:10:18.563351
30164,0000,1198,106,2024-12-30 09:10:18.579352
05175,0000,1198,106,2024-12-30 09:10:18.595349
00703,0000,1198,106,2024-12-30 09:10:18.611354
00320,0000,1198,106,2024-12-30 09:10:18.627343
30920,0000,1198,106,2024-12-30 09:10:18.643348
28830,0000,1198,106,2024-12-30 09:10:18.659347
09318,0001,1198,106,2024-12-30 09:10:18.691330
02275,0000,1198,106,2024-12-30 09:10:18.707342
02891,0000,1198,106,2024-12-30 09:10:18.723335
07661,0000,1198,106,2024-12-30 09:10:18.739341
01285,0000,1198,106,2024-12-30 09:10:18.755327
04827,0000,1198,106,2024-12-30 09:10:18.771327
04528,0000,1198,106,2024-12-30 09:10:18.787327
58188,0000,1198,106,2024-12-30 09:10:18.803327
02335,0000,1198,106,2024-12-30 09:10:18.819313
10986,0000,1198,106,2024-12-30 09:10:18.850988
43034,0000,1198,106,2024-12-30 09:10:18.867304
30363,0000,1198,106,2024-12-30 09:10:18.883300
04871,0000,1198,106,2024-12-30 09:10:18.899295
02506,0000,1198,106,2024-12-30 09:10:18.915293
03781,0000,1198,106,2024-12-30 09:10:18.931284
08910,0000,1198,106,2024-12-30 09:10:18.947298
04850,0000,1198,106,2024-12-30 09:10:18.963283
02854,0000,1198,106,2024-12-30 09:10:18.979271
01806,0000,1198,106,2024-12-30 09:10:19.010621
29210,0000,1198,106,2024-12-30 09:10:19.027271
20478,0000,1198,106,2024-12-30 09:10:19.043261
02231,0000,1198,106,2024-12-30 09:10:19.059265
43002,0000,1198,106,2024-12-30 09:10:19.075253
03679,0000,1198,106,2024-12-30 09:10:19.091259
58536,0000,1198,106,2024-12-30 09:10:19.107250
27241,0000,1198,106,2024-12-30 09:10:19.123251
54136,0000,1198,106,2024-12-30 09:10:19.139243
01805,0000,1198,106,2024-12-30 09:10:19.155243
24808,0000,1198,106,2024-12-30 09:10:19.187004
04428,0000,1198,106,2024-12-30 09:10:19.203231
02931,0000,1198,106,2024-12-30 09:10:19.219231
00331,0000,1197,106,2024-12-30 09:10:19.235232
14402,0000,1198,106,2024-12-30 09:10:19.251239
02158,0000,1198,106,2024-12-30 09:10:19.267220
04536,0000,1197,106,2024-12-30 09:10:19.283223
18892,0000,1198,106,2024-12-30 09:10:19.299223
01381,0001,1198,106,2024-12-30 09:10:19.315213
20744,0000,1198,106,2024-12-30 09:10:19.346642
16133,0000,1198,106,2024-12-30 09:10:19.363205
64121,0000,1197,106,2024-12-30 09:10:19.379203
05247,0000,1198,106,2024-12-30 09:10:19.395195
02124,0000,1198,106,2024-12-30 09:10:19.411189
01504,0000,1198,106,2024-12-30 09:10:19.427192
30782,0000,1198,106,2024-12-30 09:10:19.443205
48206,0001,1198,106,2024-12-30 09:10:19.459189
04594,0000,1198,106,2024-12-30 09:10:19.475175
04390,0000,1197,106,2024-12-30 09:10:19.491186
13144,0000,1198,106,2024-12-30 09:10:19.523048
01877,0000,1198,106,2024-12-30 09:10:19.539174
13343,0000,1198,106,2024-12-30 09:10:19.555179
03017,0000,1198,106,2024-12-30 09:10:19.571165
53030,0001,1198,106,2024-12-30 09:10:19.587182
04109,0000,1198,106,2024-12-30 09:10:19.603160
03233,0000,1197,106,2024-12-30 09:10:19.619166
36123,0000,1198,106,2024-12-30 09:10:19.635159
26985,0000,1198,106,2024-12-30 09:10:19.651149
29076,0000,1197,106,2024-12-30 09:10:19.682680
39962,0000,1198,106,2024-12-30 09:10:19.699147
02802,0000,1197,106,2024-12-30 09:10:19.715134
14173,0000,1198,106,2024-12-30 09:10:19.731139
00650,0000,1198,106,2024-12-30 09:10:19.747132
27985,0001,1198,106,2024-12-30 09:10:19.763129
01124,0000,1198,106,2024-12-30 09:10:19.779127
21032,0000,1197,106,2024-12-30 09:10:19.795128
24892,0000,1197,106,2024-12-30 09:10:19.811119
48370,0000,1198,106,2024-12-30 09:10:19.827119
09802,0000,1198,106,2024-12-30 09:10:19.859081
03574,0000,1198,106,2024-12-30 09:10:19.875111
02984,0000,1198,106,2024-12-30 09:10:19.891109
58377,0000,1197,106,2024-12-30 09:10:19.907108
63568,0000,1198,106,2024-12-30 09:10:19.923093
01832,0000,1198,106,2024-12-30 09:10:19.939094
06236,0000,1197,106,2024-12-30 09:10:19.955096
33275,0001,1198,106,2024-12-30 09:10:19.971099
03120,0000,1198,106,2024-12-30 09:10:19.987098
20678,0000,1198,106,2024-12-30 09:10:20.018724
05578,0000,1197,106,2024-12-30 09:10:20.035116
27136,0000,1198,106,2024-12-30 09:10:20.051122
54229,0000,1197,106,2024-12-30 09:10:20.067121
27913,0000,1197,106,2024-12-30 09:10:20.083120
05087,0000,1197,106,2024-12-30 09:10:20.099118
05309,0000,1197,106,2024-12-30 09:10:20.115117
02959,0000,1198,106,2024-12-30 09:10:20.131119
28967,0000,1198,106,2024-12-30 09:10:20.147125
29041,0000,1197,106,2024-12-30 09:10:20.163055
04522,0000,1198,106,2024-12-30 09:10:20.195053
34036,0000,1198,106,2024-12-30 09:10:20.211058
44851,0000,1198,106,2024-12-30 09:10:20.227052
01513,0001,1197,106,2024-12-30 09:10:20.243058
14715,0000,1197,106,2024-12-30 09:10:20.259043
34591,0000,1197,106,2024-12-30 09:10:20.275042
04256,0000,1197,106,2024-12-30 09:10:20.291035
15480,0000,1197,106,2024-12-30 09:10:20.307040
16190,0000,1197,106,2024-12-30 09:10:20.323029
60130,0000,1198,106,2024-12-30 09:10:20.354749
28591,0000,1197,106,2024-12-30 09:10:20.371014
40681,0000,1198,106,2024-12-30 09:10:20.387012
03053,0000,1198,106,2024-12-30 09:10:20.403012
04536,0000,1197,106,2024-12-30 09:10:20.419015
23972,0000,1198,106,2024-12-30 09:10:20.435003
04591,0000,1198,106,2024-12-30 09:10:20.451002
01403,0000,1197,106,2024-12-30 09:10:20.466998
18742,0000,1197,106,2024-12-30 09:10:20.482990
04647,0000,1197,106,2024-12-30 09:10:20.514363
06187,0000,1197,106,2024-12-30 09:10:20.530981
04871,0001,1197,106,2024-12-30 09:10:20.546980
13335,0000,1197,106,2024-12-30 09:10:20.562977
08475,0000,1198,106,2024-12-30 09:10:20.578970
61079,0000,1197,106,2024-12-30 09:10:20.594973
04883,0000,1197,106,2024-12-30 09:10:20.610961
02994,0000,1197,106,2024-12-30 09:10:20.626961
02682,0000,1197,106,2024-12-30 09:10:20.642955
28500,0000,1197,106,2024-12-30 09:10:20.658961
44638,0000,1197,106,2024-12-30 09:10:20.690759
58220,0000,1198,106,2024-12-30 09:10:20.706945
00994,0001,1197,106,2024-12-30 09:10:20.722949
15696,0000,1197,106,2024-12-30 09:10:20.738951
48874,0000,1197,106,2024-12-30 09:10:20.754933
05412,0000,1197,106,2024-12-30 09:10:20.770940
04141,0000,1197,106,2024-12-30 09:10:20.786924
04263,0000,1197,106,2024-12-30 09:10:20.802931
00531,0000,1197,106,2024-12-30 09:10:20.818926
07669,0000,1197,106,2024-12-30 09:10:20.850385
47032,0000,1197,106,2024-12-30 09:10:20.866932
02005,0001,1197,106,2024-12-30 09:10:20.882908
48799,0000,1197,106,2024-12-30 09:10:20.898913
05082,0000,1197,106,2024-12-30 09:10:20.914910
51700,0000,1197,106,2024-12-30 09:10:20.930911
09039,0000,1197,106,2024-12-30 09:10:20.946898
13710,0001,1197,106,2024-12-30 09:10:20.962908
02545,0000,1197,106,2024-12-30 09:10:20.978897
20082,0000,1197,106,2024-12-30 09:10:20.994891
05997,0000,1197,106,2024-12-30 09:10:21.026806
03944,0000,1197,106,2024-12-30 09:10:21.042881
32272,0000,1197,106,2024-12-30 09:10:21.058885
18390,0000,1197,106,2024-12-30 09:10:21.074875
09138,0000,1197,106,2024-12-30 09:10:21.090880
01524,0000,1197,106,2024-12-30 09:10:21.106870
02564,0000,1197,106,2024-12-30 09:10:21.122873
49153,0000,1197,106,2024-12-30 09:10:21.138873
42434,0000,1197,106,2024-12-30 09:10:21.154857
16142,0000,1197,106,2024-12-30 09:10:21.186410
19292,0000,1198,106,2024-12-30 09:10:21.202857
07797,0000,1197,106,2024-12-30 09:10:21.218852
08561,0000,1198,106,2024-12-30 09:10:21.234853
37087,0000,1197,106,2024-12-30 09:10:21.250855
00753,0000,1198,106,2024-12-30 09:10:21.266848
05008,0000,1197,106,2024-12-30 09:10:21.282836
03618,0000,1197,106,2024-12-30 09:10:21.298844
02435,0000,1197,106,2024-12-30 09:10:21.314852
01491,0000,1197,106,2024-12-30 09:10:21.330841
00696,0000,1197,106,2024-12-30 09:10:21.362818
04250,0000,1197,106,2024-12-30 09:10:21.378825
33763,0000,1197,106,2024-12-30 09:10:21.394830
13709,0001,1197,106,2024-12-30 09:10:21.410819
02338,0000,1197,106,2024-12-30 09:10:21.426814
28161,0000,1197,106,2024-12-30 09:10:21.442812
05930,0000,1197,106,2024-12-30 09:10:21.458815
27746,0000,1197,106,2024-12-30 09:10:21.474820
02716,0000,1197,106,2024-12-30 09:10:21.490805
01425,0000,1197,106,2024-12-30 09:10:21.522449
12397,0000,1197,106,2024-12-30 09:10:21.538810
00131,0000,1198,106,2024-12-30 09:10:21.554788
36993,0000,1197,106,2024-12-30 09:10:21.570788
12135,0001,1198,106,2024-12-30 09:10:21.586785
29485,0000,1197,106,2024-12-30 09:10:21.602784
05473,0000,1197,106,2024-12-30 09:10:21.618778
64160,0000,1197,106,2024-12-30 09:10:21.634776
35365,0000,1198,106,2024-12-30 09:10:21.650774
02856,0000,1197,106,2024-12-30 09:10:21.682069
00779,0000,1197,106,2024-12-30 09:10:21.698765
05449,0000,1197,106,2024-12-30 09:10:21.714755
15668,0000,1197,106,2024-12-30 09:10:21.730754
20232,0000,1197,106,2024-12-30 09:10:21.746756
01816,0000,1197,106,2024-12-30 09:10:21.762742
04465,0000,1197,106,2024-12-30 09:10:21.778747
01108,0000,1197,106,2024-12-30 09:10:21.794750
12245,0000,1197,106,2024-12-30 09:10:21.810748
03998,0000,1197,106,2024-12-30 09:10:21.826733
01258,0000,1197,106,2024-12-30 09:10:21.858485
08609,0000,1197,106,2024-12-30 09:10:21.874725
02788,0000,1197,106,2024-12-30 09:10:21.890720
29193,0000,1197,106,2024-12-30 09:10:21.906725
37039,0000,1197,106,2024-12-30 09:10:21.922724
04138,0000,1197,106,2024-12-30 09:10:21.938723
05218,0000,1197,106,2024-12-30 09:10:21.954707
52441,0000,1197,106,2024-12-30 09:10:21.970698
22936,0000,1197,106,2024-12-30 09:10:21.986705
00499,0000,1197,106,2024-12-30 09:10:22.018110
00759,0000,1197,106,2024-12-30 09:10:22.034696
05426,0000,1197,106,2024-12-30 09:10:22.050695
03591,0000,1197,106,2024-12-30 09:10:22.066694
02170,0000,1197,106,2024-12-30 09:10:22.082688
00683,0000,1197,106,2024-12-30 09:10:22.098679
05453,0000,1197,106,2024-12-30 09:10:22.114684
01547,0000,1197,106,2024-12-30 09:10:22.130670
28650,0001,1197,106,2024-12-30 09:10:22.146673
01079,0000,1197,106,2024-12-30 09:10:22.162664
04103,0000,1197,106,2024-12-30 09:10:22.194522
06978,0000,1197,106,2024-12-30 09:10:22.210667
03229,0000,1197,106,2024-12-30 09:10:22.226659
04483,0000,1197,106,2024-12-30 09:10:22.242675
03424,0000,1197,106,2024-12-30 09:10:22.258647
03826,0000,1197,106,2024-12-30 09:10:22.274652
21878,0000,1197,106,2024-12-30 09:10:22.290643
02998,0000,1197,106,2024-12-30 09:10:22.306649
03477,0000,1197,106,2024-12-30 09:10:22.322647
04621,0000,1197,106,2024-12-30 09:10:22.354133
30957,0000,1197,106,2024-12-30 09:10:22.370630
23767,0000,1197,106,2024-12-30 09:10:22.386627
48837,0000,1197,106,2024-12-30 09:10:22.402621
03831,0000,1197,106,2024-12-30 09:10:22.418622
20946,0000,1197,106,2024-12-30 09:10:22.434617
01744,0000,1197,106,2024-12-30 09:10:22.450619
16075,0000,1197,106,2024-12-30 09:10:22.466617
26519,0000,1197,106,2024-12-30 09:10:22.482616
00070,0000,1197,106,2024-12-30 09:10:22.498602
02220,0000,1198,106,2024-12-30 09:10:22.530540
18508,0000,1197,106,2024-12-30 09:10:22.546594
04335,0000,1197,106,2024-12-30 09:10:22.562586
11543,0000,1197,106,2024-12-30 09:10:22.578595
44900,0000,1197,106,2024-12-30 09:10:22.594587
50040,0000,1197,106,2024-12-30 09:10:22.610580
20058,0000,1197,106,2024-12-30 09:10:22.626574
13222,0000,1197,106,2024-12-30 09:10:22.642580
24418,0000,1197,106,2024-12-30 09:10:22.658562
04529,0001,1197,106,2024-12-30 09:10:22.690168
33222,0000,1197,106,2024-12-30 09:10:22.706564
07779,0000,1197,106,2024-12-30 09:10:22.722566
05419,0000,1197,106,2024-12-30 09:10:22.738557
04647,0000,1197,106,2024-12-30 09:10:22.754549
02880,0000,1197,106,2024-12-30 09:10:22.770544
00761,0000,1197,106,2024-12-30 09:10:22.786547
09049,0000,1197,106,2024-12-30 09:10:22.802539
28708,0000,1197,106,2024-12-30 09:10:22.818540
33162,0000,1197,106,2024-12-30 09:10:22.834538
02503,0000,1197,106,2024-12-30 09:10:22.866527
00883,0000,1197,106,2024-12-30 09:10:22.882525
01508,0000,1197,106,2024-12-30 09:10:22.898523
04641,0000,1197,106,2024-12-30 09:10:22.914524
61852,0000,1197,106,2024-12-30 09:10:22.930512
01611,0000,1197,106,2024-12-30 09:10:22.946517
25757,0000,1197,106,2024-12-30 09:10:22.962514
04676,0000,1197,106,2024-12-30 09:10:22.978520
25653,0000,1197,106,2024-12-30 09:10:22.994504
19281,0000,1197,106,2024-12-30 09:10:23.026192
07636,0000,1197,106,2024-12-30 09:10:23.042495
23589,0000,1197,106,2024-12-30 09:10:23.058491
57383,0000,1197,106,2024-12-30 09:10:23.074482
09546,0000,1197,106,2024-12-30 09:10:23.090483
05468,0000,1197,106,2024-12-30 09:10:23.106492
01060,0001,1197,106,2024-12-30 09:10:23.122497
04429,0000,1197,106,2024-12-30 09:10:23.138523
03261,0000,1197,106,2024-12-30 09:10:23.154503
03402,0001,1197,106,2024-12-30 09:10:23.185829
36248,0000,1197,106,2024-12-30 09:10:23.202494
55969,0000,1197,106,2024-12-30 09:10:23.218501
28841,0000,1197,106,2024-12-30 09:10:23.234502
04356,0000,1197,106,2024-12-30 09:10:23.250518
02255,0000,1197,106,2024-12-30 09:10:23.266514
25452,0000,1197,106,2024-12-30 09:10:23.282513
04577,0000,1197,106,2024-12-30 09:10:23.298511
61734,0000,1197,106,2024-12-30 09:10:23.314433
05424,0001,1197,106,2024-12-30 09:10:23.330437
09909,0000,1197,106,2024-12-30 09:10:23.362215
43047,0000,1197,106,2024-12-30 09:10:23.378432
02815,0000,1197,106,2024-12-30 09:10:23.394430
67607,0000,1197,106,2024-12-30 09:10:23.410418
01297,0000,1197,106,2024-12-30 09:10:23.426416
00348,0000,1197,106,2024-12-30 09:10:23.442413
00681,0000,1197,106,2024-12-30 09:10:23.458402
17447,0000,1197,106,2024-12-30 09:10:23.474406
04496,0000,1197,106,2024-12-30 09:10:23.490408
01918,0000,1197,106,2024-12-30 09:10:23.521840
00957,0000,1197,106,2024-12-30 09:10:23.538401
23845,0000,1197,106,2024-12-30 09:10:23.554390
05398,0000,1197,106,2024-12-30 09:10:23.570385
05031,0000,1197,106,2024-12-30 09:10:23.586392
29392,0001,1197,106,2024-12-30 09:10:23.602381
02993,0000,1197,106,2024-12-30 09:10:23.618380
00702,0000,1198,106,2024-12-30 09:10:23.634369
03008,0000,1197,106,2024-12-30 09:10:23.650375
28192,0000,1198,106,2024-12-30 09:10:23.666374
04545,0000,1197,106,2024-12-30 09:10:23.698234
01522,0001,1197,106,2024-12-30 09:10:23.714361
05009,0000,1197,106,2024-12-30 09:10:23.730350
13778,0000,1197,106,2024-12-30 09:10:23.746362
46686,0000,1197,106,2024-12-30 09:10:23.762349
20736,0000,1197,106,2024-12-30 09:10:23.778350
00802,0000,1197,106,2024-12-30 09:10:23.794351
03720,0000,1197,106,2024-12-30 09:10:23.810343
02108,0000,1197,106,2024-12-30 09:10:23.826340
01203,0000,1197,106,2024-12-30 09:10:23.857872
03865,0000,1197,106,2024-12-30 09:10:23.874335
02963,0000,1197,106,2024-12-30 09:10:23.890338
03875,0000,1197,106,2024-12-30 09:10:23.906319
24148,0000,1197,106,2024-12-30 09:10:23.922317
04487,0000,1197,106,2024-12-30 09:10:23.938324
00695,0000,1197,106,2024-12-30 09:10:23.954311
02172,0000,1197,106,2024-12-30 09:10:23.970309
04462,0001,1197,106,2024-12-30 09:10:23.986305
02512,0000,1197,106,2024-12-30 09:10:24.002300
15349,0000,1197,106,2024-12-30 09:10:24.034291
04629,0000,1197,106,2024-12-30 09:10:24.050296
25349,0000,1197,106,2024-12-30 09:10:24.066295
00796,0000,1197,106,2024-12-30 09:10:24.082289
49703,0000,1197,106,2024-12-30 09:10:24.098282
05383,0000,1197,106,2024-12-30 09:10:24.114288
01138,0000,1197,106,2024-12-30 09:10:24.130280
01493,0000,1197,106,2024-12-30 09:10:24.146276
29338,0001,1197,106,2024-12-30 09:10:24.162269
37707,0000,1197,106,2024-12-30 09:10:24.193916
01811,0000,1197,106,2024-12-30 09:10:24.210266
10222,0000,1197,106,2024-12-30 09:10:24.226265
05053,0000,1197,106,2024-12-30 09:10:24.242277
42331,0000,1197,106,2024-12-30 09:10:24.258255
03557,0000,1197,106,2024-12-30 09:10:24.274260
05234,0000,1197,106,2024-12-30 09:10:24.290263
52498,0000,1197,106,2024-12-30 09:10:24.306267
21086,0000,1197,106,2024-12-30 09:10:24.322251
02586,0001,1197,106,2024-12-30 09:10:24.353567
24457,0000,1197,106,2024-12-30 09:10:24.370232
58452,0000,1197,106,2024-12-30 09:10:24.386232
03757,0000,1197,106,2024-12-30 09:10:24.402233
07693,0000,1197,106,2024-12-30 09:10:24.418230
45618,0000,1197,106,2024-12-30 09:10:24.434223
02191,0000,1197,106,2024-12-30 09:10:24.450233
08348,0000,1197,106,2024-12-30 09:10:24.466213
23211,0000,1197,106,2024-12-30 09:10:24.482217
03040,0000,1197,106,2024-12-30 09:10:24.498211
04606,0000,1197,106,2024-12-30 09:10:24.529938
08858,0000,1197,106,2024-12-30 09:10:24.546211
06680,0000,1197,106,2024-12-30 09:10:24.562193
03098,0000,1197,106,2024-12-30 09:10:24.578193
02085,0000,1197,106,2024-12-30 09:10:24.594192
04767,0000,1197,106,2024-12-30 09:10:24.610197
02000,0000,1197,106,2024-12-30 09:10:24.626181
01527,0000,1197,106,2024-12-30 09:10:24.642187
00858,0000,1197,106,2024-12-30 09:10:24.658180
18542,0000,1197,106,2024-12-30 09:10:24.689573
21035,0000,1197,106,2024-12-30 09:10:24.706171
03347,0000,1197,106,2024-12-30 09:10:24.722168
03830,0000,1197,106,2024-12-30 09:10:24.738174
03242,0000,1198,106,2024-12-30 09:10:24.754165
00778,0000,1197,106,2024-12-30 09:10:24.770161
13444,0000,1197,106,2024-12-30 09:10:24.786174
03981,0000,1197,106,2024-12-30 09:10:24.802163
05404,0000,1198,106,2024-12-30 09:10:24.818168
60096,0000,1197,106,2024-12-30 09:10:24.834146
05276,0000,1197,106,2024-12-30 09:10:24.865971
03161,0000,1197,106,2024-12-30 09:10:24.882153
32231,0000,1197,106,2024-12-30 09:10:24.898141
00721,0000,1197,106,2024-12-30 09:10:24.914139
03794,0000,1198,106,2024-12-30 09:10:24.930139
03815,0000,1197,106,2024-12-30 09:10:24.946134
01539,0000,1197,106,2024-12-30 09:10:24.962126
03035,0000,1197,106,2024-12-30 09:10:24.978129
23328,0000,1197,106,2024-12-30 09:10:24.994125
27931,0000,1197,106,2024-12-30 09:10:25.025584
01427,0000,1197,106,2024-12-30 09:10:25.042119
22592,0000,1197,106,2024-12-30 09:10:25.058110
01518,0000,1197,106,2024-12-30 09:10:25.074110
03801,0000,1197,106,2024-12-30 09:10:25.090110
01420,0000,1197,106,2024-12-30 09:10:25.106101
03137,0000,1197,106,2024-12-30 09:10:25.122099
03799,0000,1197,106,2024-12-30 09:10:25.138097
27641,0000,1197,106,2024-12-30 09:10:25.154096
16717,0001,1197,106,2024-12-30 09:10:25.170093
43212,0000,1197,106,2024-12-30 09:10:25.201993
23924,0000,1197,106,2024-12-30 09:10:25.218082
62491,0000,1197,106,2024-12-30 09:10:25.234073
14044,0000,1197,106,2024-12-30 09:10:25.250085
28082,0000,1197,106,2024-12-30 09:10:25.266075
02894,0000,1197,106,2024-12-30 09:10:25.282065
34548,0000,1197,106,2024-12-30 09:10:25.298060
08353,0000,1198,106,2024-12-30 09:10:25.314079
02211,0000,1197,106,2024-12-30 09:10:25.330058
02791,0000,1197,106,2024-12-30 09:10:25.361625
35618,0000,1198,106,2024-12-30 09:10:25.378047
05388,0000,1197,106,2024-12-30 09:10:25.394041
37740,0001,1197,106,2024-12-30 09:10:25.410033
40799,0000,1197,106,2024-12-30 09:10:25.426037
00685,0000,1197,106,2024-12-30 09:10:25.442021
19465,0000,1197,106,2024-12-30 09:10:25.458026
17178,0000,1197,106,2024-12-30 09:10:25.474029
02202,0000,1197,106,2024-12-30 09:10:25.490035
04642,0000,1197,106,2024-12-30 09:10:25.506032
44966,0000,1197,106,2024-12-30 09:10:25.538008
14955,0000,1197,106,2024-12-30 09:10:25.554015
04464,0000,1197,106,2024-12-30 09:10:25.570012
14589,0000,1198,106,2024-12-30 09:10:25.586000
32439,0000,1197,106,2024-12-30 09:10:25.602009
05390,0000,1197,106,2024-12-30 09:10:25.617990
18701,0000,1197,106,2024-12-30 09:10:25.633990
01013,0001,1197,106,2024-12-30 09:10:25.649987
49085,0000,1197,106,2024-12-30 09:10:25.665986
00413,0000,1197,106,2024-12-30 09:10:25.697662
10869,0000,1197,106,2024-12-30 09:10:25.713974
02305,0000,1197,106,2024-12-30 09:10:25.729975
14638,0000,1197,106,2024-12-30 09:10:25.745967
17654,0000,1197,106,2024-12-30 09:10:25.761964
20279,0000,1197,106,2024-12-30 09:10:25.777970
26315,0000,1197,106,2024-12-30 09:10:25.793965
03060,0000,1197,106,2024-12-30 09:10:25.809953
02715,0000,1197,106,2024-12-30 09:10:25.825954
02702,0000,1197,106,2024-12-30 09:10:25.857305
18815,0000,1198,106,2024-12-30 09:10:25.873958
04282,0000,1197,106,2024-12-30 09:10:25.889949
00857,0000,1197,106,2024-12-30 09:10:25.905943
17200,0000,1197,106,2024-12-30 09:10:25.921936
05090,0000,1198,106,2024-12-30 09:10:25.937927
02719,0000,1197,106,2024-12-30 09:10:25.953933
10056,0000,1197,106,2024-12-30 09:10:25.969925
59327,0000,1197,106,2024-12-30 09:10:25.985932
51454,0000,1197,106,2024-12-30 09:10:26.001933
15495,0000,1197,106,2024-12-30 09:10:26.033683
03863,0000,1197,106,2024-12-30 09:10:26.049906
03797,0000,1197,106,2024-12-30 09:10:26.065908
00794,0000,1197,106,2024-12-30 09:10:26.081919
18595,0000,1197,106,2024-12-30 09:10:26.097908
46578,0000,1197,106,2024-12-30 09:10:26.113898
02815,0001,1198,106,2024-12-30 09:10:26.129903
31676,0000,1197,106,2024-12-30 09:10:26.145901
53199,0000,1197,106,2024-12-30 09:10:26.161895
30026,0000,1197,106,2024-12-30 09:10:26.193326
03803,0000,1198,106,2024-12-30 09:10:26.209877
02881,0000,1197,106,2024-12-30 09:10:26.225878
24571,0000,1197,106,2024-12-30 09:10:26.241883
04626,0000,1197,106,2024-12-30 09:10:26.257878
02006,0000,1197,106,2024-12-30 09:10:26.273874
39375,0000,1197,106,2024-12-30 09:10:26.289876
05397,0000,1197,106,2024-12-30 09:10:26.305875
03373,0000,1197,106,2024-12-30 09:10:26.321880
04626,0000,1197,106,2024-12-30 09:10:26.337891
15611,0000,1197,106,2024-12-30 09:10:26.369747
34029,0000,1198,106,2024-12-30 09:10:26.385891
46257,0000,1197,106,2024-12-30 09:10:26.401892
00621,0000,1198,106,2024-12-30 09:10:26.417893
43716,0000,1197,106,2024-12-30 09:10:26.433900
21395,0000,1197,106,2024-12-30 09:10:26.449904
27502,0000,1197,106,2024-12-30 09:10:26.465826
17863,0000,1198,106,2024-12-30 09:10:26.481832
01966,0000,1197,106,2024-12-30 09:10:26.497822
13927,0000,1197,106,2024-12-30 09:10:26.529339
30136,0000,1197,106,2024-12-30 09:10:26.545817
21956,0000,1198,106,2024-12-30 09:10:26.561810
03582,0000,1197,106,2024-12-30 09:10:26.577809
00457,0000,1197,106,2024-12-30 09:10:26.593804
03886,0000,1197,106,2024-12-30 09:10:26.609802
40891,0000,1198,106,2024-12-30 09:10:26.625799
11552,0000,1198,106,2024-12-30 09:10:26.641799
63527,0001,1198,106,2024-12-30 09:10:26.657803
14026,0000,1197,106,2024-12-30 09:10:26.673792
54024,0000,1198,106,2024-12-30 09:10:26.705727
03787,0000,1198,106,2024-12-30 09:10:26.721783
03849,0000,1197,106,2024-12-30 09:10:26.737780
33099,0000,1197,106,2024-12-30 09:10:26.753774
06405,0000,1198,106,2024-12-30 09:10:26.769772
21125,0000,1198,106,2024-12-30 09:10:26.785773
02325,0000,1197,106,2024-12-30 09:10:26.801762
01552,0000,1198,106,2024-12-30 09:10:26.817768
01545,0000,1198,106,2024-12-30 09:10:26.833758
09397,0000,1197,106,2024-12-30 09:10:26.865346
05199,0000,1197,106,2024-12-30 09:10:26.881756
53992,0000,1198,106,2024-12-30 09:10:26.897748
01256,0000,1197,106,2024-12-30 09:10:26.913748
20227,0000,1197,106,2024-12-30 09:10:26.929741
00331,0000,1198,106,2024-12-30 09:10:26.945739
18694,0000,1197,106,2024-12-30 09:10:26.961735
32916,0000,1198,106,2024-12-30 09:10:26.977734
04489,0000,1197,106,2024-12-30 09:10:26.993729
52577,0000,1197,106,2024-12-30 09:10:27.009719
03555,0000,1197,106,2024-12-30 09:10:27.041725
24675,0000,1198,106,2024-12-30 09:10:27.057725
04645,0000,1197,106,2024-12-30 09:10:27.073709
01469,0000,1197,106,2024-12-30 09:10:27.089712
28711,0000,1198,106,2024-12-30 09:10:27.105702
16791,0000,1197,106,2024-12-30 09:10:27.121705
01729,0000,1198,106,2024-12-30 09:10:27.137699
06948,0000,1198,106,2024-12-30 09:10:27.153704
04550,0000,1197,106,2024-12-30 09:10:27.169695
55868,0000,1197,106,2024-12-30 09:10:27.201390
19478,0000,1198,106,2024-12-30 09:10:27.217685
04932,0000,1198,106,2024-12-30 09:10:27.233689
04994,0000,1198,106,2024-12-30 09:10:27.249688
03832,0000,1197,106,2024-12-30 09:10:27.265683
04659,0000,1198,106,2024-12-30 09:10:27.281670
46713,0000,1198,106,2024-12-30 09:10:27.297676
49067,0000,1197,106,2024-12-30 09:10:27.313667
02167,0000,1198,106,2024-12-30 09:10:27.329670
03015,0000,1198,106,2024-12-30 09:10:27.361047
04481,0000,1197,106,2024-12-30 09:10:27.377656
04516,0000,1197,106,2024-12-30 09:10:27.393657
16882,0000,1198,106,2024-12-30 09:10:27.409649
02713,0000,1198,106,2024-12-30 09:10:27.425654
01877,0000,1198,106,2024-12-30 09:10:27.441652
02795,0000,1197,106,2024-12-30 09:10:27.457660
04491,0000,1198,106,2024-12-30 09:10:27.473647
02681,0000,1198,106,2024-12-30 09:10:27.489635
32935,0000,1197,106,2024-12-30 09:10:27.505644
03491,0000,1198,106,2024-12-30 09:10:27.537433
10682,0000,1198,106,2024-12-30 09:10:27.553619
01126,0000,1197,106,2024-12-30 09:10:27.569623
28908,0000,1197,106,2024-12-30 09:10:27.585614
08508,0000,1198,106,2024-12-30 09:10:27.601614
10157,0000,1197,106,2024-12-30 09:10:27.617606
00496,0000,1198,106,2024-12-30 09:10:27.633611
04056,0000,1198,106,2024-12-30 09:10:27.649598
04709,0000,1197,106,2024-12-30 09:10:27.665618
16164,0000,1198,106,2024-12-30 09:10:27.697069
54299,0000,1198,106,2024-12-30 09:10:27.713589
03069,0000,1198,106,2024-12-30 09:10:27.729595
52360,0000,1198,106,2024-12-30 09:10:27.745591
63326,0000,1198,106,2024-12-30 09:10:27.761592
02934,0000,1198,106,2024-12-30 09:10:27.777576
27249,0000,1198,106,2024-12-30 09:10:27.793579
07691,0000,1197,106,2024-12-30 09:10:27.809574
51393,0000,1198,106,2024-12-30 09:10:27.825576
02080,0000,1197,106,2024-12-30 09:10:27.841572
37666,0001,1198,106,2024-12-30 09:10:27.873453
26760,0000,1198,106,2024-12-30 09:10:27.889554
23996,0000,1197,106,2024-12-30 09:10:27.905553
02290,0000,1198,106,2024-12-30 09:10:27.921551
03850,0000,1198,106,2024-12-30 09:10:27.937546
15198,0000,1198,106,2024-12-30 09:10:27.953547
06299,0000,1198,106,2024-12-30 09:10:27.969543
01644,0000,1198,106,2024-12-30 09:10:27.985538
00427,0000,1198,106,2024-12-30 09:10:28.001538
02114,0000,1198,106,2024-12-30 09:10:28.033096
19839,0000,1198,106,2024-12-30 09:10:28.049523
04659,0000,1198,106,2024-12-30 09:10:28.065523
40664,0000,1198,106,2024-12-30 09:10:28.081510
25451,0000,1198,106,2024-12-30 09:10:28.097512
02672,0000,1198,106,2024-12-30 09:10:28.113508
39338,0000,1198,106,2024-12-30 09:10:28.129507
30320,0000,1198,106,2024-12-30 09:10:28.145506
00225,0000,1198,106,2024-12-30 09:10:28.161495
23384,0000,1198,106,2024-12-30 09:10:28.177494
18998,0000,1198,106,2024-12-30 09:10:28.209495
06245,0000,1198,106,2024-12-30 09:10:28.225500
01108,0000,1198,106,2024-12-30 09:10:28.241492
03932,0000,1197,106,2024-12-30 09:10:28.257488
02092,0001,1198,106,2024-12-30 09:10:28.273470
35485,0000,1198,106,2024-12-30 09:10:28.289473
01889,0000,1198,106,2024-12-30 09:10:28.305480
26462,0000,1198,106,2024-12-30 09:10:28.321472
10150,0000,1198,106,2024-12-30 09:10:28.337467
02207,0000,1197,106,2024-12-30 09:10:28.369105
49932,0000,1197,106,2024-12-30 09:10:28.385455
52202,0001,1198,106,2024-12-30 09:10:28.401447
01294,0001,1197,106,2024-12-30 09:10:28.417454
03769,0000,1198,106,2024-12-30 09:10:28.433440
04683,0000,1198,106,2024-12-30 09:10:28.449447
04595,0000,1198,106,2024-12-30 09:10:28.465440
03221,0000,1198,106,2024-12-30 09:10:28.481437
27191,0000,1197,106,2024-12-30 09:10:28.497437
01459,0000,1197,106,2024-12-30 09:10:28.528745
01597,0000,1198,106,2024-12-30 09:10:28.545435
04564,0000,1197,106,2024-12-30 09:10:28.561421
20290,0000,1198,106,2024-12-30 09:10:28.577432
03747,0000,1198,106,2024-12-30 09:10:28.593414
03292,0000,1198,106,2024-12-30 09:10:28.609417
04277,0000,1198,106,2024-12-30 09:10:28.625426
01354,0000,1198,106,2024-12-30 09:10:28.641409
12590,0000,1197,106,2024-12-30 09:10:28.657409
05342,0000,1198,106,2024-12-30 09:10:28.673405
07035,0000,1197,106,2024-12-30 09:10:28.705138
52605,0000,1198,106,2024-12-30 09:10:28.721394
26506,0000,1198,106,2024-12-30 09:10:28.737398
39910,0000,1198,106,2024-12-30 09:10:28.753399
63605,0000,1198,106,2024-12-30 09:10:28.769382
14647,0000,1198,106,2024-12-30 09:10:28.785384
05490,0000,1198,106,2024-12-30 09:10:28.801385
34021,0000,1197,106,2024-12-30 09:10:28.817375
18482,0000,1198,106,2024-12-30 09:10:28.833372
02320,0000,1198,106,2024-12-30 09:10:28.864787
09110,0000,1198,106,2024-12-30 09:10:28.881366
01302,0000,1198,106,2024-12-30 09:10:28.897352
37962,0000,1198,106,2024-12-30 09:10:28.913346
44116,0000,1198,106,2024-12-30 09:10:28.929348
03495,0000,1198,106,2024-12-30 09:10:28.945347
08550,0000,1198,106,2024-12-30 09:10:28.961352
42584,0000,1198,106,2024-12-30 09:10:28.977343
01469,0000,1198,106,2024-12-30 09:10:28.993338
03016,0000,1198,106,2024-12-30 09:10:29.009344
03615,0000,1198,106,2024-12-30 09:10:29.041151
09470,0000,1198,106,2024-12-30 09:10:29.057328
03542,0000,1198,106,2024-12-30 09:10:29.073324
66174,0000,1198,106,2024-12-30 09:10:29.089317
07607,0000,1198,106,2024-12-30 09:10:29.105318
12191,0000,1198,106,2024-12-30 09:10:29.121320
28685,0000,1198,106,2024-12-30 09:10:29.137319
03412,0000,1198,106,2024-12-30 09:10:29.153328
15527,0000,1198,106,2024-12-30 09:10:29.169301
04450,0000,1198,106,2024-12-30 09:10:29.200805
25657,0000,1198,106,2024-12-30 09:10:29.217292
05107,0000,1198,106,2024-12-30 09:10:29.233288
17620,0000,1198,106,2024-12-30 09:10:29.249301
50078,0000,1198,106,2024-12-30 09:10:29.265294
01758,0000,1198,106,2024-12-30 09:10:29.281285
12267,0000,1198,106,2024-12-30 09:10:29.297284
00558,0000,1198,106,2024-12-30 09:10:29.313280
00924,0000,1198,106,2024-12-30 09:10:29.329280
05507,0000,1198,106,2024-12-30 09:10:29.345268
04654,0000,1198,106,2024-12-30 09:10:29.377201
18899,0000,1198,106,2024-12-30 09:10:29.393263
05289,0000,1198,106,2024-12-30 09:10:29.409258
04555,0000,1198,106,2024-12-30 09:10:29.425268
08997,0000,1198,106,2024-12-30 09:10:29.441274
02762,0000,1198,106,2024-12-30 09:10:29.457267
00167,0000,1198,106,2024-12-30 09:10:29.473274
04657,0000,1197,106,2024-12-30 09:10:29.489281
03792,0000,1198,106,2024-12-30 09:10:29.505278
00750,0000,1198,106,2024-12-30 09:10:29.536878
00661,0000,1198,106,2024-12-30 09:10:29.553286
18645,0000,1198,106,2024-12-30 09:10:29.569285
01896,0000,1198,106,2024-12-30 09:10:29.585291
05101,0000,1198,106,2024-12-30 09:10:29.601216
17804,0000,1198,106,2024-12-30 09:10:29.617223
01500,0000,1198,106,2024-12-30 09:10:29.633213
00505,0000,1198,106,2024-12-30 09:10:29.649213
05446,0000,1198,106,2024-12-30 09:10:29.665204
15335,0000,1198,106,2024-12-30 09:10:29.681211
02112,0000,1198,106,2024-12-30 09:10:29.713204
00391,0000,1198,106,2024-12-30 09:10:29.729199
04612,0000,1198,106,2024-12-30 09:10:29.745206
04020,0000,1198,106,2024-12-30 09:10:29.761191
66802,0000,1198,106,2024-12-30 09:10:29.777191
13182,0000,1198,106,2024-12-30 09:10:29.793194
01941,0001,1198,106,2024-12-30 09:10:29.809173
31486,0000,1198,106,2024-12-30 09:10:29.825175
53046,0000,1198,106,2024-12-30 09:10:29.841166
21682,0000,1198,106,2024-12-30 09:10:29.872856
04219,0000,1198,106,2024-12-30 09:10:29.889178
00895,0000,1198,106,2024-12-30 09:10:29.905160
16647,0000,1198,106,2024-12-30 09:10:29.921168
02914,0000,1198,106,2024-12-30 09:10:29.937149
00553,0000,1198,106,2024-12-30 09:10:29.953150
31295,0000,1198,106,2024-12-30 09:10:29.969144
10019,0000,1198,106,2024-12-30 09:10:29.985153
02789,0000,1198,106,2024-12-30 09:10:30.001147
03754,0000,1198,106,2024-12-30 09:10:30.032487
66746,0000,1198,106,2024-12-30 09:10:30.049145
22755,0000,1198,106,2024-12-30 09:10:30.065133
00688,0000,1198,106,2024-12-30 09:10:30.081130
36108,0000,1198,106,2024-12-30 09:10:30.097122
00983,0000,1198,106,2024-12-30 09:10:30.113125
05186,0000,1198,106,2024-12-30 09:10:30.129115
02299,0000,1198,106,2024-12-30 09:10:30.145110
03007,0000,1198,106,2024-12-30 09:10:30.161109
01690,0001,1199,106,2024-12-30 09:10:30.177120
53392,0000,1198,106,2024-12-30 09:10:30.208887
01273,0000,1198,106,2024-12-30 09:10:30.225103
02293,0000,1198,106,2024-12-30 09:10:30.241110
03302,0000,1198,106,2024-12-30 09:10:30.257097
05205,0000,1198,106,2024-12-30 09:10:30.273097
19098,0000,1198,106,2024-12-30 09:10:30.289087
05433,0000,1198,106,2024-12-30 09:10:30.305084
05433,0000,1198,106,2024-12-30 09:10:30.321092
15470,0000,1198,106,2024-12-30 09:10:30.337078
05379,0001,1198,106,2024-12-30 09:10:30.368510
01201,0000,1198,106,2024-12-30 09:10:30.385064
26540,0000,1198,106,2024-12-30 09:10:30.401063
16834,0000,1198,106,2024-12-30 09:10:30.417058
11883,0000,1198,106,2024-12-30 09:10:30.433058
25726,0000,1198,106,2024-12-30 09:10:30.449053
29604,0000,1198,106,2024-12-30 09:10:30.465049
49010,0000,1198,106,2024-12-30 09:10:30.481046
03851,0000,1198,106,2024-12-30 09:10:30.497050
16863,0000,1198,106,2024-12-30 09:10:30.513046
03410,0000,1198,106,2024-12-30 09:10:30.544898
00725,0000,1198,106,2024-12-30 09:10:30.561040
00709,0000,1198,106,2024-12-30 09:10:30.577042
26467,0000,1198,106,2024-12-30 09:10:30.593024
03671,0000,1198,106,2024-12-30 09:10:30.609028
37952,0000,1198,106,2024-12-30 09:10:30.625015
02949,0000,1198,106,2024-12-30 09:10:30.641026
31497,0000,1198,106,2024-12-30 09:10:30.657014
02328,0000,1198,106,2024-12-30 09:10:30.673008
56788,0000,1198,106,2024-12-30 09:10:30.704550
17494,0000,1198,106,2024-12-30 09:10:30.721009
01806,0000,1198,106,2024-12-30 09:10:30.737008
36231,0000,1198,106,2024-12-30 09:10:30.753001
41966,0000,1198,106,2024-12-30 09:10:30.769005
03735,0000,1198,106,2024-12-30 09:10:30.784991
52481,0000,1198,106,2024-12-30 09:10:30.800988
02453,0000,1198,106,2024-12-30 09:10:30.816982
37049,0000,1198,106,2024-12-30 09:10:30.832983
19354,0000,1199,106,2024-12-30 09:10:30.848983
01341,0000,1198,106,2024-12-30 09:10:30.880931
03665,0000,1198,106,2024-12-30 09:10:30.896968
24546,0000,1198,106,2024-12-30 09:10:30.912962
57363,0000,1198,106,2024-12-30 09:10:30.928955
00583,0000,1198,106,2024-12-30 09:10:30.944954
00939,0000,1198,106,2024-12-30 09:10:30.960963
02035,0001,1198,106,2024-12-30 09:10:30.976962
05170,0000,1198,106,2024-12-30 09:10:30.992940
02100,0000,1198,106,2024-12-30 09:10:31.008945
03883,0000,1198,106,2024-12-30 09:10:31.040561
40010,0000,1198,106,2024-12-30 09:10:31.056935
43744,0000,1198,106,2024-12-30 09:10:31.072944
39279,0000,1198,106,2024-12-30 09:10:31.088932
15652,0000,1198,106,2024-12-30 09:10:31.104931
14624,0000,1198,106,2024-12-30 09:10:31.120925
39281,0000,1198,106,2024-12-30 09:10:31.136912
02947,0000,1198,106,2024-12-30 09:10:31.152914
04612,0000,1198,106,2024-12-30 09:10:31.168906
05673,0000,1198,106,2024-12-30 09:10:31.184909
08552,0000,1199,106,2024-12-30 09:10:31.216904
04563,0000,1198,106,2024-12-30 09:10:31.233182
03809,0000,1198,106,2024-12-30 09:10:31.248929
08945,0000,1198,106,2024-12-30 09:10:31.264891
00487,0000,1199,106,2024-12-30 09:10:31.280893
14326,0000,1198,106,2024-12-30 09:10:31.296884
21758,0000,1198,106,2024-12-30 09:10:31.312886
21758,0000,1198,106,2024-12-30 09:10:31.328881
45602,0000,1198,106,2024-12-30 09:10:31.344883
54834,0000,1198,106,2024-12-30 09:10:31.376587
20291,0000,1198,106,2024-12-30 09:10:31.392875
17464,0000,1198,106,2024-12-30 09:10:31.408864
33225,0001,1198,106,2024-12-30 09:10:31.424865
43215,0000,1198,106,2024-12-30 09:10:31.440854
21902,0000,1198,106,2024-12-30 09:10:31.456858
03549,0000,1198,106,2024-12-30 09:10:31.472857
03767,0000,1198,106,2024-12-30 09:10:31.488859
02217,0000,1198,106,2024-12-30 09:10:31.504846
01423,0000,1198,106,2024-12-30 09:10:31.536227
02779,0000,1198,106,2024-12-30 09:10:31.552850
53291,0000,1198,106,2024-12-30 09:10:31.568832
05200,0000,1198,106,2024-12-30 09:10:31.584836
22017,0000,1198,106,2024-12-30 09:10:31.600829
14212,0000,1198,106,2024-12-30 09:10:31.616821
03463,0000,1199,106,2024-12-30 09:10:31.632825
04033,0000,1198,106,2024-12-30 09:10:31.648811
37013,0000,1198,106,2024-12-30 09:10:31.664816
09946,0000,1198,106,2024-12-30 09:10:31.680809
33819,0000,1198,106,2024-12-30 09:10:31.712620
07457,0000,1198,106,2024-12-30 09:10:31.728807
03819,0000,1198,106,2024-12-30 09:10:31.744819
01425,0000,1198,106,2024-12-30 09:10:31.760812
01765,0001,1198,106,2024-12-30 09:10:31.776798
16718,0000,1198,106,2024-12-30 09:10:31.792798
01441,0001,1198,106,2024-12-30 09:10:31.808791
02558,0000,1199,106,2024-12-30 09:10:31.824789
03802,0000,1198,106,2024-12-30 09:10:31.840779
05220,0000,1198,106,2024-12-30 09:10:31.872253
04007,0000,1199,106,2024-12-30 09:10:31.888769
34121,0000,1198,106,2024-12-30 09:10:31.904765
22334,0000,1198,106,2024-12-30 09:10:31.920759
18369,0000,1198,106,2024-12-30 09:10:31.936768
04839,0000,1198,106,2024-12-30 09:10:31.952769
28114,0000,1198,106,2024-12-30 09:10:31.968760
21687,0000,1198,106,2024-12-30 09:10:31.984750
22256,0000,1199,106,2024-12-30 09:10:32.000755
23149,0000,1198,106,2024-12-30 09:10:32.016744
24748,0000,1199,106,2024-12-30 09:10:32.048651
13874,0000,1198,106,2024-12-30 09:10:32.064733
04674,0000,1198,106,2024-12-30 09:10:32.080735
02701,0000,1199,106,2024-12-30 09:10:32.096736
04369,0000,1198,106,2024-12-30 09:10:32.112730
49017,0000,1198,106,2024-12-30 09:10:32.128733
25902,0000,1199,106,2024-12-30 09:10:32.144735
36065,0000,1198,106,2024-12-30 09:10:32.160737
00588,0000,1199,106,2024-12-30 09:10:32.176721
12377,0000,1199,106,2024-12-30 09:10:32.208292
00633,0000,1199,106,2024-12-30 09:10:32.224711
51381,0000,1198,106,2024-12-30 09:10:32.240718
02762,0000,1198,106,2024-12-30 09:10:32.256708
03095,0000,1199,106,2024-12-30 09:10:32.272709
02827,0000,1199,106,2024-12-30 09:10:32.288691
66112,0000,1199,106,2024-12-30 09:10:32.304705
34684,0000,1199,106,2024-12-30 09:10:32.320689
01187,0000,1198,106,2024-12-30 09:10:32.336684
02879,0000,1199,106,2024-12-30 09:10:32.352680
04492,0000,1199,106,2024-12-30 09:10:32.384681
04535,0000,1199,106,2024-12-30 09:10:32.400679
03723,0000,1199,106,2024-12-30 09:10:32.416666
07679,0000,1198,106,2024-12-30 09:10:32.432670
03862,0000,1199,106,2024-12-30 09:10:32.448665
22868,0000,1198,106,2024-12-30 09:10:32.464668
30132,0000,1199,106,2024-12-30 09:10:32.480655
08423,0001,1199,106,2024-12-30 09:10:32.496649
32261,0000,1199,106,2024-12-30 09:10:32.512652
02160,0000,1199,106,2024-12-30 09:10:32.544320
03064,0000,1198,106,2024-12-30 09:10:32.560657
13985,0000,1199,106,2024-12-30 09:10:32.576653
02339,0000,1199,106,2024-12-30 09:10:32.592664
00069,0000,1199,106,2024-12-30 09:10:32.608663
04474,0000,1198,106,2024-12-30 09:10:32.624665
02183,0000,1198,106,2024-12-30 09:10:32.640667
03842,0001,1199,106,2024-12-30 09:10:32.656669
23281,0000,1199,106,2024-12-30 09:10:32.672672
05394,0000,1199,106,2024-12-30 09:10:32.703989
31664,0001,1198,106,2024-12-30 09:10:32.720682
25614,0000,1199,106,2024-12-30 09:10:32.736615
00753,0000,1199,106,2024-12-30 09:10:32.752622
15352,0000,1199,106,2024-12-30 09:10:32.768608
05418,0000,1199,106,2024-12-30 09:10:32.784607
02231,0000,1199,106,2024-12-30 09:10:32.800600
03692,0000,1199,106,2024-12-30 09:10:32.816596
05405,0000,1199,106,2024-12-30 09:10:32.832591
49033,0000,1199,106,2024-12-30 09:10:32.848595
01805,0000,1199,106,2024-12-30 09:10:32.880357
02163,0000,1199,106,2024-12-30 09:10:32.896582
01085,0000,1199,106,2024-12-30 09:10:32.912579
03806,0000,1198,106,2024-12-30 09:10:32.928582
05106,0000,1199,106,2024-12-30 09:10:32.944566
03867,0000,1199,106,2024-12-30 09:10:32.960570
05242,0000,1199,106,2024-12-30 09:10:32.976563
25736,0000,1199,106,2024-12-30 09:10:32.992563
01005,0000,1199,106,2024-12-30 09:10:33.008558
25296,0000,1199,106,2024-12-30 09:10:33.039968
20701,0000,1199,106,2024-12-30 09:10:33.056561
05267,0000,1199,106,2024-12-30 09:10:33.072540
06361,0000,1199,106,2024-12-30 09:10:33.088542
01506,0000,1199,106,2024-12-30 09:10:33.104536
50112,0000,1199,106,2024-12-30 09:10:33.120535
34030,0001,1199,106,2024-12-30 09:10:33.136533
04689,0000,1199,106,2024-12-30 09:10:33.152525
17820,0000,1199,106,2024-12-30 09:10:33.168522
09160,0000,1199,106,2024-12-30 09:10:33.184515
37069,0000,1199,106,2024-12-30 09:10:33.216345
23237,0000,1199,106,2024-12-30 09:10:33.232511
45809,0000,1199,106,2024-12-30 09:10:33.248517
21087,0000,1199,106,2024-12-30 09:10:33.264508
04033,0000,1199,106,2024-12-30 09:10:33.280497
58338,0000,1199,106,2024-12-30 09:10:33.296496
05445,0000,1199,106,2024-12-30 09:10:33.312516
03652,0000,1199,106,2024-12-30 09:10:33.328489
23896,0000,1198,106,2024-12-30 09:10:33.344490
02343,0000,1199,106,2024-12-30 09:10:33.375996
11463,0000,1199,106,2024-12-30 09:10:33.392477
01193,0000,1199,106,2024-12-30 09:10:33.408482
04605,0000,1199,106,2024-12-30 09:10:33.424472
20826,0000,1199,106,2024-12-30 09:10:33.440478
18649,0000,1199,106,2024-12-30 09:10:33.456462
03658,0000,1199,106,2024-12-30 09:10:33.472469
39974,0000,1199,106,2024-12-30 09:10:33.488463
01370,0000,1199,106,2024-12-30 09:10:33.504469
02968,0000,1199,106,2024-12-30 09:10:33.520454
14821,0000,1198,106,2024-12-30 09:10:33.552393
02135,0000,1199,106,2024-12-30 09:10:33.568449
03691,0000,1199,106,2024-12-30 09:10:33.584442
02709,0001,1199,106,2024-12-30 09:10:33.600443
05391,0000,1199,106,2024-12-30 09:10:33.616438
00685,0001,1199,106,2024-12-30 09:10:33.632442
01160,0000,1199,106,2024-12-30 09:10:33.648427
27956,0000,1199,106,2024-12-30 09:10:33.664436
05558,0000,1199,106,2024-12-30 09:10:33.680423
21108,0000,1199,106,2024-12-30 09:10:33.712037
04418,0000,1199,106,2024-12-30 09:10:33.728409
27396,0000,1199,106,2024-12-30 09:10:33.744415
43120,0000,1199,106,2024-12-30 09:10:33.760404
32088,0000,1199,106,2024-12-30 09:10:33.776411
01174,0000,1199,106,2024-12-30 09:10:33.792400
28273,0000,1199,106,2024-12-30 09:10:33.808400
25971,0000,1199,106,2024-12-30 09:10:33.824403
04110,0001,1199,106,2024-12-30 09:10:33.840402
03680,0000,1199,106,2024-12-30 09:10:33.856392
03774,0000,1199,106,2024-12-30 09:10:33.888383
00674,0000,1199,106,2024-12-30 09:10:33.904381
24988,0000,1199,106,2024-12-30 09:10:33.920376
05676,0000,1199,106,2024-12-30 09:10:33.936383
08926,0000,1199,106,2024-12-30 09:10:33.952368
05095,0000,1199,106,2024-12-30 09:10:33.968363
03244,0000,1199,106,2024-12-30 09:10:33.984363
23780,0000,1199,106,2024-12-30 09:10:34.000362
29288,0000,1199,106,2024-12-30 09:10:34.016360
50512,0000,1199,106,2024-12-30 09:10:34.048053
23210,0000,1199,106,2024-12-30 09:10:34.064350
10899,0000,1199,106,2024-12-30 09:10:34.080354
03866,0000,1199,106,2024-12-30 09:10:34.096351
03031,0000,1199,106,2024-12-30 09:10:34.112338
03500,0000,1199,106,2024-12-30 09:10:34.128332
04560,0000,1199,106,2024-12-30 09:10:34.144340
10322,0000,1199,106,2024-12-30 09:10:34.160330
17903,0000,1199,106,2024-12-30 09:10:34.176320
01448,0000,1199,106,2024-12-30 09:10:34.207706
01911,0000,1199,106,2024-12-30 09:10:34.224329
02399,0000,1199,106,2024-12-30 09:10:34.240319
06190,0001,1199,106,2024-12-30 09:10:34.256321
47284,0000,1199,106,2024-12-30 09:10:34.272307
31348,0000,1199,106,2024-12-30 09:10:34.288306
27903,0000,1199,106,2024-12-30 09:10:34.304301
19533,0000,1199,106,2024-12-30 09:10:34.320301
05319,0000,1199,106,2024-12-30 09:10:34.336296
42432,0000,1199,106,2024-12-30 09:10:34.352299
25449,0000,1199,106,2024-12-30 09:10:34.384094
15107,0000,1199,106,2024-12-30 09:10:34.400280
13967,0000,1199,106,2024-12-30 09:10:34.416285
02285,0000,1199,106,2024-12-30 09:10:34.432273
01492,0000,1199,106,2024-12-30 09:10:34.448286
40117,0000,1199,106,2024-12-30 09:10:34.464273
03250,0000,1199,106,2024-12-30 09:10:34.480275
11447,0000,1199,106,2024-12-30 09:10:34.496273
21291,0000,1199,106,2024-12-30 09:10:34.512260
36089,0000,1199,106,2024-12-30 09:10:34.543732
18273,0000,1199,106,2024-12-30 09:10:34.560261
23091,0000,1199,106,2024-12-30 09:10:34.576254
02930,0000,1199,106,2024-12-30 09:10:34.592251
41533,0000,1199,106,2024-12-30 09:10:34.608242
47412,0000,1199,106,2024-12-30 09:10:34.624247
33239,0000,1200,106,2024-12-30 09:10:34.640242
00636,0000,1199,106,2024-12-30 09:10:34.656224
03709,0000,1199,106,2024-12-30 09:10:34.672226
28571,0000,1200,106,2024-12-30 09:10:34.688221
30220,0000,1199,106,2024-12-30 09:10:34.720115
03092,0000,1199,106,2024-12-30 09:10:34.736226
05940,0000,1199,106,2024-12-30 09:10:34.752214
01519,0000,1199,106,2024-12-30 09:10:34.768208
03727,0000,1199,106,2024-12-30 09:10:34.784208
29554,0000,1199,106,2024-12-30 09:10:34.800200
26784,0000,1199,106,2024-12-30 09:10:34.816198
02599,0000,1199,106,2024-12-30 09:10:34.832200
04704,0000,1199,106,2024-12-30 09:10:34.848193
67909,0000,1199,106,2024-12-30 09:10:34.879761
30666,0000,1199,106,2024-12-30 09:10:34.896199
00437,0000,1199,106,2024-12-30 09:10:34.912221
10097,0000,1199,106,2024-12-30 09:10:34.928194
13227,0000,1199,106,2024-12-30 09:10:34.944194
30874,0000,1199,106,2024-12-30 09:10:34.960170
10627,0000,1199,106,2024-12-30 09:10:34.976174
42460,0000,1199,106,2024-12-30 09:10:34.992174
50568,0000,1199,106,2024-12-30 09:10:35.008173
01217,0000,1199,106,2024-12-30 09:10:35.024167
01745,0000,1199,106,2024-12-30 09:10:35.056115
02201,0000,1199,106,2024-12-30 09:10:35.072149
10069,0000,1199,106,2024-12-30 09:10:35.088144
53178,0000,1199,106,2024-12-30 09:10:35.104156
00407,0000,1199,106,2024-12-30 09:10:35.120138
01535,0000,1199,106,2024-12-30 09:10:35.136141
05424,0000,1199,106,2024-12-30 09:10:35.152140
23441,0000,1199,106,2024-12-30 09:10:35.168133
43166,0000,1199,106,2024-12-30 09:10:35.184127
06677,0000,1199,106,2024-12-30 09:10:35.215752
06216,0000,1199,106,2024-12-30 09:10:35.232127
42379,0000,1199,106,2024-12-30 09:10:35.248142
14057,0001,1199,106,2024-12-30 09:10:35.264123
00096,0000,1199,106,2024-12-30 09:10:35.280124
09330,0000,1199,106,2024-12-30 09:10:35.296128
11491,0000,1200,106,2024-12-30 09:10:35.312115
03798,0000,1199,106,2024-12-30 09:10:35.328101
30531,0000,1199,106,2024-12-30 09:10:35.344102
03357,0000,1199,106,2024-12-30 09:10:35.375410
60666,0000,1199,106,2024-12-30 09:10:35.392104
38523,0000,1199,106,2024-12-30 09:10:35.408094
15865,0000,1199,106,2024-12-30 09:10:35.424081
48963,0000,1199,106,2024-12-30 09:10:35.440085
47899,0000,1199,106,2024-12-30 09:10:35.456075
01227,0000,1200,106,2024-12-30 09:10:35.472080
25576,0000,1199,106,2024-12-30 09:10:35.488070
18300,0000,1199,106,2024-12-30 09:10:35.504074
00591,0000,1199,106,2024-12-30 09:10:35.520062
53928,0000,1199,106,2024-12-30 09:10:35.551789
01461,0000,1199,106,2024-12-30 09:10:35.568059
08449,0000,1199,106,2024-12-30 09:10:35.584047
08652,0000,1199,106,2024-12-30 09:10:35.600048
37707,0000,1199,106,2024-12-30 09:10:35.616043
03913,0000,1199,106,2024-12-30 09:10:35.632051
04715,0000,1199,106,2024-12-30 09:10:35.648040
26701,0000,1199,106,2024-12-30 09:10:35.664043
06935,0000,1199,106,2024-12-30 09:10:35.680040
05245,0000,1200,106,2024-12-30 09:10:35.711456
00891,0000,1199,106,2024-12-30 09:10:35.728045
03075,0000,1199,106,2024-12-30 09:10:35.744051
02078,0000,1199,106,2024-12-30 09:10:35.760051
01491,0000,1199,106,2024-12-30 09:10:35.776053
00979,0000,1199,106,2024-12-30 09:10:35.792055
01419,0000,1199,106,2024-12-30 09:10:35.808062
01531,0000,1199,106,2024-12-30 09:10:35.824060
10148,0000,1199,106,2024-12-30 09:10:35.840063
11598,0000,1199,106,2024-12-30 09:10:35.856063
05635,0001,1199,106,2024-12-30 09:10:35.887837
02112,0000,1199,106,2024-12-30 09:10:35.903997
50742,0000,1199,106,2024-12-30 09:10:35.919993
21004,0000,1199,106,2024-12-30 09:10:35.935985
30743,0000,1199,106,2024-12-30 09:10:35.951988
05304,0000,1200,106,2024-12-30 09:10:35.967982
04265,0000,1199,106,2024-12-30 09:10:35.983981
00547,0000,1199,106,2024-12-30 09:10:35.999972
24928,0000,1200,106,2024-12-30 09:10:36.015972
03649,0000,1199,106,2024-12-30 09:10:36.047474
15214,0000,1199,106,2024-12-30 09:10:36.063972
01569,0000,1199,106,2024-12-30 09:10:36.079951
04671,0000,1199,106,2024-12-30 09:10:36.095960
54137,0000,1199,106,2024-12-30 09:10:36.111946
21426,0001,1199,106,2024-12-30 09:10:36.127956
61647,0000,1199,106,2024-12-30 09:10:36.143948
07169,0000,1200,106,2024-12-30 09:10:36.159946
03699,0000,1199,106,2024-12-30 09:10:36.175941
03120,0000,1200,106,2024-12-30 09:10:36.191943
11055,0000,1199,106,2024-12-30 09:10:36.223858
04436,0000,1199,106,2024-12-30 09:10:36.239936
05483,0000,1199,106,2024-12-30 09:10:36.255930
02822,0000,1200,106,2024-12-30 09:10:36.271920
29323,0000,1200,106,2024-12-30 09:10:36.287917
02379,0000,1200,106,2024-12-30 09:10:36.303928
08566,0000,1200,106,2024-12-30 09:10:36.319922
28373,0000,1199,106,2024-12-30 09:10:36.335908
06907,0000,1199,106,2024-12-30 09:10:36.351901
11679,0000,1200,106,2024-12-30 09:10:36.383499
32363,0000,1199,106,2024-12-30 09:10:36.399891
55547,0000,1200,106,2024-12-30 09:10:36.415886
03479,0000,1200,106,2024-12-30 09:10:36.431889
48803,0000,1200,106,2024-12-30 09:10:36.447889
03794,0000,1199,106,2024-12-30 09:10:36.463893
26121,0000,1199,106,2024-12-30 09:10:36.479875
01544,0000,1199,106,2024-12-30 09:10:36.495870
03481,0000,1200,106,2024-12-30 09:10:36.511875
04539,0000,1199,106,2024-12-30 09:10:36.527862
03843,0000,1199,106,2024-12-30 09:10:36.559860
32459,0000,1200,106,2024-12-30 09:10:36.575865
36493,0000,1199,106,2024-12-30 09:10:36.591854
27197,0001,1200,106,2024-12-30 09:10:36.607853
19272,0000,1200,106,2024-12-30 09:10:36.623852
03788,0000,1200,106,2024-12-30 09:10:36.639845
27365,0000,1199,106,2024-12-30 09:10:36.655840
13676,0000,1200,106,2024-12-30 09:10:36.671845
10759,0001,1199,106,2024-12-30 09:10:36.687833
14891,0000,1199,106,2024-12-30 09:10:36.719510
10090,0000,1199,106,2024-12-30 09:10:36.735831
04664,0000,1199,106,2024-12-30 09:10:36.751826
13018,0000,1200,106,2024-12-30 09:10:36.767825
03860,0001,1200,106,2024-12-30 09:10:36.783823
01161,0000,1200,106,2024-12-30 09:10:36.799823
31129,0000,1199,106,2024-12-30 09:10:36.815814
03261,0000,1200,106,2024-12-30 09:10:36.831815
57285,0000,1199,106,2024-12-30 09:10:36.847823
15472,0000,1200,106,2024-12-30 09:10:36.879155
03702,0000,1199,106,2024-12-30 09:10:36.895795
05451,0000,1200,106,2024-12-30 09:10:36.911797
01449,0000,1199,106,2024-12-30 09:10:36.927789
02658,0000,1200,106,2024-12-30 09:10:36.943789
03370,0000,1200,106,2024-12-30 09:10:36.959787
50072,0000,1200,106,2024-12-30 09:10:36.975790
20204,0000,1200,106,2024-12-30 09:10:36.991781
58446,0000,1200,106,2024-12-30 09:10:37.007782
26530,0000,1200,106,2024-12-30 09:10:37.023776
04541,0000,1200,106,2024-12-30 09:10:37.055535
00664,0000,1200,106,2024-12-30 09:10:37.071762
10652,0000,1199,106,2024-12-30 09:10:37.087761
09065,0000,1199,106,2024-12-30 09:10:37.103753
28417,0000,1200,106,2024-12-30 09:10:37.119760
03131,0000,1200,106,2024-12-30 09:10:37.135745
04482,0000,1200,106,2024-12-30 09:10:37.151752
03114,0000,1200,106,2024-12-30 09:10:37.167745
05330,0000,1200,106,2024-12-30 09:10:37.183751
23564,0000,1200,106,2024-12-30 09:10:37.215195
00466,0000,1200,106,2024-12-30 09:10:37.231737
56443,0000,1200,106,2024-12-30 09:10:37.247747
03699,0000,1200,106,2024-12-30 09:10:37.263724
06910,0000,1200,106,2024-12-30 09:10:37.279721
49059,0000,1200,106,2024-12-30 09:10:37.295720
02277,0000,1200,106,2024-12-30 09:10:37.311724
05428,0000,1200,106,2024-12-30 09:10:37.327718
05378,0000,1200,106,2024-12-30 09:10:37.343712
02226,0000,1200,106,2024-12-30 09:10:37.359710
12444,0000,1200,106,2024-12-30 09:10:37.391575
25572,0000,1199,106,2024-12-30 09:10:37.407703
30851,0000,1200,106,2024-12-30 09:10:37.423698
11240,0000,1200,106,2024-12-30 09:10:37.439686
27715,0000,1200,106,2024-12-30 09:10:37.455691
35254,0000,1200,106,2024-12-30 09:10:37.471681
00594,0000,1200,106,2024-12-30 09:10:37.487683
03513,0000,1200,106,2024-12-30 09:10:37.503678
09125,0000,1200,106,2024-12-30 09:10:37.519680
17950,0000,1200,106,2024-12-30 09:10:37.551216
23965,0001,1200,106,2024-12-30 09:10:37.567666
04349,0000,1200,106,2024-12-30 09:10:37.583669
59257,0000,1200,106,2024-12-30 09:10:37.599661
36086,0000,1200,106,2024-12-30 09:10:37.615658
38631,0000,1200,106,2024-12-30 09:10:37.631665
03739,0000,1200,106,2024-12-30 09:10:37.647649
01758,0000,1200,106,2024-12-30 09:10:37.663648
00142,0000,1200,106,2024-12-30 09:10:37.679638
04598,0000,1200,106,2024-12-30 09:10:37.695647
04529,0000,1200,106,2024-12-30 09:10:37.727597
15959,0000,1200,106,2024-12-30 09:10:37.743638
02267,0000,1200,106,2024-12-30 09:10:37.759639
60014,0000,1200,106,2024-12-30 09:10:37.775623
28967,0000,1200,106,2024-12-30 09:10:37.791619
21050,0000,1200,106,2024-12-30 09:10:37.807618
14003,0000,1200,106,2024-12-30 09:10:37.823619
02352,0000,1200,106,2024-12-30 09:10:37.839615
15727,0000,1200,106,2024-12-30 09:10:37.855614
05455,0000,1200,106,2024-12-30 09:10:37.887237
18905,0000,1200,106,2024-12-30 09:10:37.903603
02738,0000,1200,106,2024-12-30 09:10:37.919589
29604,0000,1200,106,2024-12-30 09:10:37.935595
19353,0000,1200,106,2024-12-30 09:10:37.951586
03495,0000,1200,106,2024-12-30 09:10:37.967588
03809,0000,1200,106,2024-12-30 09:10:37.983580
02914,0000,1200,106,2024-12-30 09:10:37.999582
10569,0000,1200,106,2024-12-30 09:10:38.015585
00735,0000,1200,106,2024-12-30 09:10:38.031589
39385,0000,1199,106,2024-12-30 09:10:38.063570
08469,0000,1200,106,2024-12-30 09:10:38.079565
13101,0000,1200,106,2024-12-30 09:10:38.095553
29343,0000,1200,106,2024-12-30 09:10:38.111557
00049,0000,1200,106,2024-12-30 09:10:38.127558
04489,0000,1200,106,2024-12-30 09:10:38.143561
01480,0000,1200,106,2024-12-30 09:10:38.159566
03047,0000,1200,106,2024-12-30 09:10:38.175559
01462,0000,1200,106,2024-12-30 09:10:38.191549
00940,0000,1200,106,2024-12-30 09:10:38.223248
01543,0000,1200,106,2024-12-30 09:10:38.239540
03766,0000,1200,106,2024-12-30 09:10:38.255530
02511,0000,1200,106,2024-12-30 09:10:38.271531
05310,0000,1200,106,2024-12-30 09:10:38.287524
22932,0000,1200,106,2024-12-30 09:10:38.303524
00558,0000,1200,106,2024-12-30 09:10:38.319516
43739,0000,1200,106,2024-12-30 09:10:38.335519
05389,0000,1200,106,2024-12-30 09:10:38.351512
01580,0000,1200,106,2024-12-30 09:10:38.382911
43946,0000,1200,106,2024-12-30 09:10:38.399506
42406,0000,1200,106,2024-12-30 09:10:38.415506
03395,0000,1200,106,2024-12-30 09:10:38.431491
29270,0000,1200,106,2024-12-30 09:10:38.447498
56410,0000,1200,106,2024-12-30 09:10:38.463489
00643,0000,1200,106,2024-12-30 09:10:38.479488
63302,0000,1200,106,2024-12-30 09:10:38.495483
02172,0000,1200,106,2024-12-30 09:10:38.511481
21549,0000,1200,106,2024-12-30 09:10:38.527484
01867,0000,1200,106,2024-12-30 09:10:38.559290
22092,0000,1200,106,2024-12-30 09:10:38.575476
03488,0001,1200,106,2024-12-30 09:10:38.591471
07040,0000,1200,106,2024-12-30 09:10:38.607471
15808,0000,1200,106,2024-12-30 09:10:38.623455
01427,0000,1200,106,2024-12-30 09:10:38.639460
05071,0000,1200,106,2024-12-30 09:10:38.655452
04339,0000,1200,106,2024-12-30 09:10:38.671445
05336,0000,1200,106,2024-12-30 09:10:38.687457
02247,0000,1200,106,2024-12-30 09:10:38.718934
01307,0000,1200,106,2024-12-30 09:10:38.735443
08556,0000,1200,106,2024-12-30 09:10:38.751436
03632,0000,1200,106,2024-12-30 09:10:38.767437
19437,0001,1200,106,2024-12-30 09:10:38.783432
04234,0000,1200,106,2024-12-30 09:10:38.799430
16797,0000,1200,106,2024-12-30 09:10:38.815437
33737,0000,1200,106,2024-12-30 09:10:38.831432
25613,0000,1200,106,2024-12-30 09:10:38.847438
02605,0000,1200,106,2024-12-30 09:10:38.863437
04672,0000,1200,106,2024-12-30 09:10:38.895333
03659,0000,1200,106,2024-12-30 09:10:38.911447
25606,0000,1200,106,2024-12-30 09:10:38.927450
03652,0000,1200,106,2024-12-30 09:10:38.943450
21218,0000,1200,106,2024-12-30 09:10:38.959449
05383,0000,1200,106,2024-12-30 09:10:38.975456
46268,0000,1200,106,2024-12-30 09:10:38.991452
02228,0000,1200,106,2024-12-30 09:10:39.007387
02241,0000,1200,106,2024-12-30 09:10:39.023393
13919,0000,1200,106,2024-12-30 09:10:39.054959
58264,0000,1200,106,2024-12-30 09:10:39.071375
28244,0000,1201,106,2024-12-30 09:10:39.087376
02298,0000,1200,106,2024-12-30 09:10:39.103375
27790,0000,1200,106,2024-12-30 09:10:39.119370
01396,0000,1200,106,2024-12-30 09:10:39.135363
06877,0000,1200,106,2024-12-30 09:10:39.151369
12157,0000,1200,106,2024-12-30 09:10:39.167358
47295,0001,1200,106,2024-12-30 09:10:39.183363
14308,0000,1200,106,2024-12-30 09:10:39.199364
25319,0001,1201,106,2024-12-30 09:10:39.231342
02969,0000,1200,106,2024-12-30 09:10:39.247345
28651,0000,1200,106,2024-12-30 09:10:39.263342
00579,0000,1200,106,2024-12-30 09:10:39.279336
52555,0000,1200,106,2024-12-30 09:10:39.295337
03907,0000,1201,106,2024-12-30 09:10:39.311332
33712,0000,1200,106,2024-12-30 09:10:39.327334
02642,0000,1200,106,2024-12-30 09:10:39.343319
02424,0000,1200,106,2024-12-30 09:10:39.359324
24511,0000,1200,106,2024-12-30 09:10:39.390981
00900,0000,1200,106,2024-12-30 09:10:39.407304
22534,0000,1200,106,2024-12-30 09:10:39.423310
36100,0000,1200,106,2024-12-30 09:10:39.439306
00408,0000,1200,106,2024-12-30 09:10:39.455300
04345,0000,1200,106,2024-12-30 09:10:39.471303
28192,0000,1200,106,2024-12-30 09:10:39.487294
04732,0000,1200,106,2024-12-30 09:10:39.503308
18528,0001,1200,106,2024-12-30 09:10:39.519307
27898,0000,1200,106,2024-12-30 09:10:39.550627
29023,0000,1200,106,2024-12-30 09:10:39.567288
04706,0000,1200,106,2024-12-30 09:10:39.583282
02304,0000,1200,106,2024-12-30 09:10:39.599292
00529,0000,1201,106,2024-12-30 09:10:39.615265
00993,0000,1201,106,2024-12-30 09:10:39.631263
05027,0000,1200,106,2024-12-30 09:10:39.647263
31562,0000,1200,106,2024-12-30 09:10:39.663259
00058,0000,1200,106,2024-12-30 09:10:39.679258
22566,0000,1200,106,2024-12-30 09:10:39.695252
03698,0000,1200,106,2024-12-30 09:10:39.726995
11023,0000,1200,106,2024-12-30 09:10:39.743247
03015,0000,1201,106,2024-12-30 09:10:39.759239
01408,0000,1200,106,2024-12-30 09:10:39.775242
02728,0000,1200,106,2024-12-30 09:10:39.791229
02353,0000,1201,106,2024-12-30 09:10:39.807229
02770,0000,1200,106,2024-12-30 09:10:39.823223
10726,0000,1200,106,2024-12-30 09:10:39.839222
02678,0000,1200,106,2024-12-30 09:10:39.855217
17037,0000,1200,106,2024-12-30 09:10:39.886650
03825,0000,1200,106,2024-12-30 09:10:39.903214
33041,0000,1201,106,2024-12-30 09:10:39.919204
13788,0000,1201,106,2024-12-30 09:10:39.935212
04579,0000,1200,106,2024-12-30 09:10:39.951200
02846,0000,1200,106,2024-12-30 09:10:39.967220
34621,0000,1200,106,2024-12-30 09:10:39.983218
04243,0000,1201,106,2024-12-30 09:10:39.999191
40023,0000,1201,106,2024-12-30 09:10:40.015198
20549,0000,1201,106,2024-12-30 09:10:40.031184
20525,0000,1200,106,2024-12-30 09:10:40.063032
00715,0000,1200,106,2024-12-30 09:10:40.079172
57314,0000,1200,106,2024-12-30 09:10:40.095177
03745,0000,1200,106,2024-12-30 09:10:40.111176
02596,0000,1201,106,2024-12-30 09:10:40.127162
41066,0000,1200,106,2024-12-30 09:10:40.143169
03929,0000,1200,106,2024-12-30 09:10:40.159158
54099,0000,1200,106,2024-12-30 09:10:40.175162
63409,0000,1200,106,2024-12-30 09:10:40.191154
51361,0000,1200,106,2024-12-30 09:10:40.222678
18494,0000,1200,106,2024-12-30 09:10:40.239150
02793,0000,1201,106,2024-12-30 09:10:40.255145
21708,0000,1201,106,2024-12-30 09:10:40.271135
02201,0000,1201,106,2024-12-30 09:10:40.287135
02309,0000,1201,106,2024-12-30 09:10:40.303140
23969,0000,1200,106,2024-12-30 09:10:40.319129
49882,0000,1201,106,2024-12-30 09:10:40.335121
00722,0000,1201,106,2024-12-30 09:10:40.351127
04895,0000,1200,106,2024-12-30 09:10:40.367126
03739,0000,1200,106,2024-12-30 09:10:40.399084
15527,0000,1201,106,2024-12-30 09:10:40.415115
05370,0000,1201,106,2024-12-30 09:10:40.431112
05975,0000,1201,106,2024-12-30 09:10:40.447104
02651,0000,1201,106,2024-12-30 09:10:40.463106
56639,0000,1201,106,2024-12-30 09:10:40.479106
34515,0000,1200,106,2024-12-30 09:10:40.495109
00242,0000,1200,106,2024-12-30 09:10:40.511106
00790,0000,1201,106,2024-12-30 09:10:40.527097
05074,0000,1201,106,2024-12-30 09:10:40.558705
03887,0000,1201,106,2024-12-30 09:10:40.575096
25796,0000,1200,106,2024-12-30 09:10:40.591087
36842,0000,1200,106,2024-12-30 09:10:40.607081
04819,0001,1201,106,2024-12-30 09:10:40.623085
27791,0000,1200,106,2024-12-30 09:10:40.639078
54862,0000,1201,106,2024-12-30 09:10:40.655076
03936,0000,1201,106,2024-12-30 09:10:40.671069
34072,0000,1200,106,2024-12-30 09:10:40.687070
01456,0001,1201,106,2024-12-30 09:10:40.703059
00523,0001,1201,106,2024-12-30 09:10:40.735054
46351,0000,1201,106,2024-12-30 09:10:40.751063
02025,0000,1200,106,2024-12-30 09:10:40.767062
17843,0000,1201,106,2024-12-30 09:10:40.783048
13906,0000,1201,106,2024-12-30 09:10:40.799041
55081,0000,1200,106,2024-12-30 09:10:40.815037
05295,0000,1201,106,2024-12-30 09:10:40.831040
49838,0000,1201,106,2024-12-30 09:10:40.847035
24892,0000,1201,106,2024-12-30 09:10:40.863038
44634,0000,1201,106,2024-12-30 09:10:40.894722
16290,0000,1201,106,2024-12-30 09:10:40.911021
61912,0000,1201,106,2024-12-30 09:10:40.927018
23925,0000,1201,106,2024-12-30 09:10:40.943012
04587,0000,1201,106,2024-12-30 09:10:40.959003
00100,0000,1201,106,2024-12-30 09:10:40.975009
10855,0000,1201,106,2024-12-30 09:10:40.991006
01412,0000,1201,106,2024-12-30 09:10:41.007006
29541,0000,1201,106,2024-12-30 09:10:41.022991
16500,0000,1201,106,2024-12-30 09:10:41.054369
52466,0000,1201,106,2024-12-30 09:10:41.070998
04477,0000,1201,106,2024-12-30 09:10:41.086995
07571,0000,1200,106,2024-12-30 09:10:41.102990
01383,0000,1201,106,2024-12-30 09:10:41.118983
02466,0000,1201,106,2024-12-30 09:10:41.134987
64107,0000,1201,106,2024-12-30 09:10:41.150989
20345,0000,1201,106,2024-12-30 09:10:41.166970
38516,0000,1201,106,2024-12-30 09:10:41.182973
02949,0000,1201,106,2024-12-30 09:10:41.198966
02971,0000,1201,106,2024-12-30 09:10:41.230753
02003,0000,1201,106,2024-12-30 09:10:41.246977
24695,0000,1201,106,2024-12-30 09:10:41.262963
43686,0000,1201,106,2024-12-30 09:10:41.278959
05213,0000,1201,106,2024-12-30 09:10:41.294960
16614,0000,1201,106,2024-12-30 09:10:41.310965
01468,0000,1201,106,2024-12-30 09:10:41.326942
05346,0001,1201,106,2024-12-30 09:10:41.342939
04467,0000,1201,106,2024-12-30 09:10:41.358928
06914,0000,1201,106,2024-12-30 09:10:41.390393
31656,0000,1200,106,2024-12-30 09:10:41.406925
05239,0000,1201,106,2024-12-30 09:10:41.422916
02948,0000,1201,106,2024-12-30 09:10:41.438925
32277,0000,1201,106,2024-12-30 09:10:41.454916
00905,0000,1201,106,2024-12-30 09:10:41.470912
10841,0000,1201,106,2024-12-30 09:10:41.486909
22993,0000,1201,106,2024-12-30 09:10:41.502910
28244,0000,1201,106,2024-12-30 09:10:41.518905
03680,0000,1201,106,2024-12-30 09:10:41.534907
36150,0000,1201,106,2024-12-30 09:10:41.566785
30911,0000,1201,106,2024-12-30 09:10:41.582890
22612,0000,1201,106,2024-12-30 09:10:41.598874
05471,0001,1201,106,2024-12-30 09:10:41.614881
10811,0000,1201,106,2024-12-30 09:10:41.630881
08370,0000,1201,106,2024-12-30 09:10:41.646873
11751,0000,1201,106,2024-12-30 09:10:41.662875
04530,0000,1201,106,2024-12-30 09:10:41.678859
03039,0000,1201,106,2024-12-30 09:10:41.694863
01783,0000,1201,106,2024-12-30 09:10:41.726411
58261,0000,1201,106,2024-12-30 09:10:41.742863
27960,0000,1201,106,2024-12-30 09:10:41.758849
05148,0000,1201,106,2024-12-30 09:10:41.774852
01666,0000,1201,106,2024-12-30 09:10:41.790845
00421,0000,1201,106,2024-12-30 09:10:41.806833
05060,0000,1201,106,2024-12-30 09:10:41.822840
09952,0000,1201,106,2024-12-30 09:10:41.838830
01568,0000,1201,106,2024-12-30 09:10:41.854836
00480,0000,1201,106,2024-12-30 09:10:41.870827
03788,0000,1201,106,2024-12-30 09:10:41.902808
11502,0000,1201,106,2024-12-30 09:10:41.918824
21947,0000,1201,106,2024-12-30 09:10:41.934823
24016,0000,1201,106,2024-12-30 09:10:41.950828
02081,0000,1201,106,2024-12-30 09:10:41.966834
03863,0000,1201,106,2024-12-30 09:10:41.982832
27042,0000,1201,106,2024-12-30 09:10:41.998833
01169,0000,1201,106,2024-12-30 09:10:42.014840
03276,0000,1201,106,2024-12-30 09:10:42.030842
24161,0000,1201,106,2024-12-30 09:10:42.062479
24589,0000,1201,106,2024-12-30 09:10:42.078838
06909,0000,1201,106,2024-12-30 09:10:42.094849
37789,0000,1201,106,2024-12-30 09:10:42.110845
30793,0000,1201,106,2024-12-30 09:10:42.126773
49709,0000,1201,106,2024-12-30 09:10:42.142778
16282,0000,1201,106,2024-12-30 09:10:42.158765
03064,0000,1201,106,2024-12-30 09:10:42.174767
23137,0000,1201,106,2024-12-30 09:10:42.190765
15662,0000,1201,106,2024-12-30 09:10:42.222068
28217,0000,1201,106,2024-12-30 09:10:42.238775
46507,0000,1201,106,2024-12-30 09:10:42.254757
46382,0000,1201,106,2024-12-30 09:10:42.270765
20087,0000,1201,106,2024-12-30 09:10:42.286747
12385,0000,1201,106,2024-12-30 09:10:42.302748
10896,0000,1201,106,2024-12-30 09:10:42.318748
64206,0001,1201,106,2024-12-30 09:10:42.334732
09397,0000,1201,106,2024-12-30 09:10:42.350735
04596,0000,1201,106,2024-12-30 09:10:42.366734
28707,0000,1201,106,2024-12-30 09:10:42.398483
43767,0000,1201,106,2024-12-30 09:10:42.414729
28850,0000,1201,106,2024-12-30 09:10:42.430723
05547,0000,1201,106,2024-12-30 09:10:42.446721
18073,0000,1201,106,2024-12-30 09:10:42.462707
59255,0000,1201,106,2024-12-30 09:10:42.478709
44952,0001,1201,106,2024-12-30 09:10:42.494708
03637,0000,1201,106,2024-12-30 09:10:42.510706
04192,0000,1201,106,2024-12-30 09:10:42.526697
57265,0000,1201,106,2024-12-30 09:10:42.558092
04574,0000,1201,106,2024-12-30 09:10:42.574695
13365,0001,1201,106,2024-12-30 09:10:42.590688
50473,0000,1201,106,2024-12-30 09:10:42.606688
23166,0000,1201,106,2024-12-30 09:10:42.622688
51663,0000,1201,106,2024-12-30 09:10:42.638690
45421,0000,1201,106,2024-12-30 09:10:42.654675
00948,0000,1201,106,2024-12-30 09:10:42.670677
56884,0000,1201,106,2024-12-30 09:10:42.686673
00690,0000,1201,106,2024-12-30 09:10:42.702670
58212,0000,1201,106,2024-12-30 09:10:42.734497
04001,0000,1201,106,2024-12-30 09:10:42.750665
03943,0000,1201,106,2024-12-30 09:10:42.766649
06152,0000,1201,106,2024-12-30 09:10:42.782661
04257,0000,1201,106,2024-12-30 09:10:42.798653
29093,0000,1201,106,2024-12-30 09:10:42.814655
44581,0000,1201,106,2024-12-30 09:10:42.830644
05322,0000,1201,106,2024-12-30 09:10:42.846649
04649,0000,1201,106,2024-12-30 09:10:42.862636
05219,0001,1201,106,2024-12-30 09:10:42.894132
29213,0000,1202,106,2024-12-30 09:10:42.910623
26621,0000,1201,106,2024-12-30 09:10:42.926623
04499,0000,1201,106,2024-12-30 09:10:42.942617
16152,0000,1201,106,2024-12-30 09:10:42.958618
03802,0000,1202,106,2024-12-30 09:10:42.974609
08455,0000,1201,106,2024-12-30 09:10:42.990612
24797,0000,1201,106,2024-12-30 09:10:43.006606
06312,0001,1201,106,2024-12-30 09:10:43.022607
25579,0000,1201,106,2024-12-30 09:10:43.038600
01819,0000,1201,106,2024-12-30 09:10:43.070528
04449,0000,1201,106,2024-12-30 09:10:43.086591
10642,0000,1201,106,2024-12-30 09:10:43.102594
55785,0001,1201,106,2024-12-30 09:10:43.118584
18586,0000,1201,106,2024-12-30 09:10:43.134584
04639,0000,1202,106,2024-12-30 09:10:43.150574
01483,0000,1201,106,2024-12-30 09:10:43.166574
07843,0000,1202,106,2024-12-30 09:10:43.182572
01498,0000,1201,106,2024-12-30 09:10:43.198571
39890,0000,1201,106,2024-12-30 09:10:43.230154
25524,0000,1201,106,2024-12-30 09:10:43.246565
27293,0000,1202,106,2024-12-30 09:10:43.262558
15646,0000,1201,106,2024-12-30 09:10:43.278558
19554,0000,1201,106,2024-12-30 09:10:43.294556
05365,0001,1201,106,2024-12-30 09:10:43.310552
00006,0000,1202,106,2024-12-30 09:10:43.326551
02933,0000,1201,106,2024-12-30 09:10:43.342539
07680,0000,1201,106,2024-12-30 09:10:43.358547
05179,0000,1201,106,2024-12-30 09:10:43.374537
51395,0000,1201,106,2024-12-30 09:10:43.406521
05213,0000,1201,106,2024-12-30 09:10:43.422529
01949,0000,1202,106,2024-12-30 09:10:43.438524
03616,0000,1201,106,2024-12-30 09:10:43.454525
23976,0000,1201,106,2024-12-30 09:10:43.470518
30195,0000,1201,106,2024-12-30 09:10:43.486525
02469,0000,1202,106,2024-12-30 09:10:43.502518
27154,0000,1201,106,2024-12-30 09:10:43.518508
02572,0000,1202,106,2024-12-30 09:10:43.534508
31277,0000,1201,106,2024-12-30 09:10:43.566194
00545,0000,1202,106,2024-12-30 09:10:43.582706
00696,0000,1201,106,2024-12-30 09:10:43.598508
29535,0000,1201,106,2024-12-30 09:10:43.614501
03038,0000,1201,106,2024-12-30 09:10:43.630486
02997,0001,1201,106,2024-12-30 09:10:43.646491
06277,0000,1201,106,2024-12-30 09:10:43.662485
04613,0000,1201,106,2024-12-30 09:10:43.678476
01561,0000,1201,106,2024-12-30 09:10:43.694471
09833,0000,1201,106,2024-12-30 09:10:43.725811
08631,0000,1202,106,2024-12-30 09:10:43.742473
04583,0000,1202,106,2024-12-30 09:10:43.758458
16156,0000,1201,106,2024-12-30 09:10:43.774457
03686,0000,1202,106,2024-12-30 09:10:43.790453
27119,0000,1202,106,2024-12-30 09:10:43.806457
39051,0000,1201,106,2024-12-30 09:10:43.822438
00498,0000,1201,106,2024-12-30 09:10:43.838449
06165,0000,1201,106,2024-12-30 09:10:43.854432
02414,0000,1201,106,2024-12-30 09:10:43.870449
51432,0000,1202,106,2024-12-30 09:10:43.902197
04661,0000,1201,106,2024-12-30 09:10:43.918424
03132,0000,1202,106,2024-12-30 09:10:43.934419
03584,0000,1201,106,2024-12-30 09:10:43.950419
27973,0000,1201,106,2024-12-30 09:10:43.966414
01882,0000,1201,106,2024-12-30 09:10:43.982410
06827,0000,1202,106,2024-12-30 09:10:43.998406
04453,0000,1202,106,2024-12-30 09:10:44.014410
01222,0000,1202,106,2024-12-30 09:10:44.030401
26920,0000,1201,106,2024-12-30 09:10:44.061831
03027,0000,1201,106,2024-12-30 09:10:44.078397
15912,0001,1202,106,2024-12-30 09:10:44.094391
43297,0000,1202,106,2024-12-30 09:10:44.110390
18536,0000,1202,106,2024-12-30 09:10:44.126386
22007,0000,1202,106,2024-12-30 09:10:44.142373
05387,0000,1202,106,2024-12-30 09:10:44.158373
15055,0000,1201,106,2024-12-30 09:10:44.174370
24457,0000,1202,106,2024-12-30 09:10:44.190369
39903,0000,1202,106,2024-12-30 09:10:44.206372
03380,0000,1202,106,2024-12-30 09:10:44.238238
15744,0000,1202,106,2024-12-30 09:10:44.254357
03512,0000,1202,106,2024-12-30 09:10:44.270363
00509,0000,1202,106,2024-12-30 09:10:44.286361
00382,0000,1201,106,2024-12-30 09:10:44.302367
04729,0000,1201,106,2024-12-30 09:10:44.318344
22275,0000,1202,106,2024-12-30 09:10:44.334343
22039,0000,1202,106,2024-12-30 09:10:44.350336
02450,0001,1202,106,2024-12-30 09:10:44.366341
05330,0000,1201,106,2024-12-30 09:10:44.397871
24381,0000,1202,106,2024-12-30 09:10:44.414334
06318,0000,1202,106,2024-12-30 09:10:44.430321
05484,0000,1201,106,2024-12-30 09:10:44.446316
13990,0000,1202,106,2024-12-30 09:10:44.462325
19932,0000,1201,106,2024-12-30 09:10:44.478314
12121,0000,1202,106,2024-12-30 09:10:44.494319
49890,0000,1202,106,2024-12-30 09:10:44.510307
01076,0000,1202,106,2024-12-30 09:10:44.526314
47120,0000,1202,106,2024-12-30 09:10:44.542295
02360,0000,1202,106,2024-12-30 09:10:44.574253
02119,0000,1202,106,2024-12-30 09:10:44.590295
04968,0000,1202,106,2024-12-30 09:10:44.606282
09193,0000,1202,106,2024-12-30 09:10:44.622284
00889,0000,1202,106,2024-12-30 09:10:44.638280
01536,0000,1202,106,2024-12-30 09:10:44.654284
01096,0000,1201,106,2024-12-30 09:10:44.670286
20968,0001,1202,106,2024-12-30 09:10:44.686266
12441,0000,1202,106,2024-12-30 09:10:44.702270
02925,0000,1201,106,2024-12-30 09:10:44.733913
05509,0000,1202,106,2024-12-30 09:10:44.750259
17824,0000,1202,106,2024-12-30 09:10:44.766257
20098,0000,1202,106,2024-12-30 09:10:44.782254
05498,0000,1202,106,2024-12-30 09:10:44.798256
02857,0000,1202,106,2024-12-30 09:10:44.814241
39322,0000,1202,106,2024-12-30 09:10:44.830244
00673,0000,1202,106,2024-12-30 09:10:44.846246
05353,0000,1202,106,2024-12-30 09:10:44.862246
21772,0000,1202,106,2024-12-30 09:10:44.878241
02979,0000,1202,106,2024-12-30 09:10:44.910230
02364,0000,1202,106,2024-12-30 09:10:44.926222
45815,0000,1201,106,2024-12-30 09:10:44.942224
01566,0000,1202,106,2024-12-30 09:10:44.958216
61505,0000,1202,106,2024-12-30 09:10:44.974216
04714,0000,1202,106,2024-12-30 09:10:44.990219
00900,0000,1202,106,2024-12-30 09:10:45.006205
35503,0000,1202,106,2024-12-30 09:10:45.022203
14351,0000,1202,106,2024-12-30 09:10:45.038198
66973,0000,1202,106,2024-12-30 09:10:45.069940
13555,0000,1202,106,2024-12-30 09:10:45.086213
40872,0000,1202,106,2024-12-30 09:10:45.102208
02941,0000,1202,106,2024-12-30 09:10:45.118207
06999,0000,1202,106,2024-12-30 09:10:45.134213
19223,0000,1201,106,2024-12-30 09:10:45.150217
09468,0000,1202,106,2024-12-30 09:10:45.166216
05194,0000,1202,106,2024-12-30 09:10:45.182223
02709,0000,1202,106,2024-12-30 09:10:45.198218
02906,0000,1202,106,2024-12-30 09:10:45.229599
32198,0000,1202,106,2024-12-30 09:10:45.246240
03797,0000,1202,106,2024-12-30 09:10:45.262159
04460,0000,1202,106,2024-12-30 09:10:45.278160
01529,0000,1202,106,2024-12-30 09:10:45.294146
38649,0000,1202,106,2024-12-30 09:10:45.310168
03094,0000,1202,106,2024-12-30 09:10:45.326149
21284,0000,1202,106,2024-12-30 09:10:45.342159
01455,0000,1202,106,2024-12-30 09:10:45.358152
04647,0000,1202,106,2024-12-30 09:10:45.374158
00492,0000,1202,106,2024-12-30 09:10:45.405969
02469,0000,1202,106,2024-12-30 09:10:45.422132
01347,0000,1202,106,2024-12-30 09:10:45.438130
52628,0000,1202,106,2024-12-30 09:10:45.454130
09256,0000,1202,106,2024-12-30 09:10:45.470110
04631,0001,1202,106,2024-12-30 09:10:45.486118
04696,0000,1202,106,2024-12-30 09:10:45.502112
26785,0000,1202,106,2024-12-30 09:10:45.518128
33698,0000,1202,106,2024-12-30 09:10:45.534127
03839,0000,1202,106,2024-12-30 09:10:45.565578
07630,0000,1202,106,2024-12-30 09:10:45.582109
03696,0000,1202,106,2024-12-30 09:10:45.598099
20778,0000,1202,106,2024-12-30 09:10:45.614099
02346,0000,1202,106,2024-12-30 09:10:45.630093
07690,0000,1202,106,2024-12-30 09:10:45.646090
18649,0000,1202,106,2024-12-30 09:10:45.662081
04642,0000,1202,106,2024-12-30 09:10:45.678078
03985,0000,1202,106,2024-12-30 09:10:45.694084
03810,0000,1202,106,2024-12-30 09:10:45.710080
00625,0000,1202,106,2024-12-30 09:10:45.741983
09156,0000,1202,106,2024-12-30 09:10:45.758067
16932,0000,1202,106,2024-12-30 09:10:45.774066
02195,0000,1202,106,2024-12-30 09:10:45.790060
48288,0000,1202,106,2024-12-30 09:10:45.806059
04389,0000,1202,106,2024-12-30 09:10:45.822049
07542,0000,1202,106,2024-12-30 09:10:45.838053
55935,0000,1202,106,2024-12-30 09:10:45.854056
01389,0000,1202,106,2024-12-30 09:10:45.870042
04847,0000,1202,106,2024-12-30 09:10:45.901617
05188,0000,1202,106,2024-12-30 09:10:45.918041
05410,0000,1202,106,2024-12-30 09:10:45.934028
20751,0000,1202,106,2024-12-30 09:10:45.950030
06183,0000,1202,106,2024-12-30 09:10:45.966032
05394,0000,1202,106,2024-12-30 09:10:45.982018
33790,0000,1202,106,2024-12-30 09:10:45.998022
09584,0000,1202,106,2024-12-30 09:10:46.014017
00976,0000,1202,106,2024-12-30 09:10:46.030022
02382,0000,1202,106,2024-12-30 09:10:46.046011
04558,0000,1202,106,2024-12-30 09:10:46.078003
03852,0000,1202,106,2024-12-30 09:10:46.094012
03105,0000,1202,106,2024-12-30 09:10:46.110000
11845,0000,1202,106,2024-12-30 09:10:46.126003
04740,0000,1202,106,2024-12-30 09:10:46.141992
04299,0000,1202,106,2024-12-30 09:10:46.158001
06266,0000,1202,106,2024-12-30 09:10:46.173994
07950,0000,1202,106,2024-12-30 09:10:46.189988
67061,0000,1202,106,2024-12-30 09:10:46.205981
06095,0000,1202,106,2024-12-30 09:10:46.237655
25465,0000,1202,106,2024-12-30 09:10:46.253977
01466,0000,1202,106,2024-12-30 09:10:46.269979
04536,0000,1202,106,2024-12-30 09:10:46.285968
07451,0000,1202,106,2024-12-30 09:10:46.301968
01216,0000,1202,106,2024-12-30 09:10:46.317961
27101,0000,1202,106,2024-12-30 09:10:46.333952
25491,0000,1202,106,2024-12-30 09:10:46.349955
17749,0000,1203,106,2024-12-30 09:10:46.365966
10229,0000,1202,106,2024-12-30 09:10:46.397296
21862,0000,1202,106,2024-12-30 09:10:46.413940
02221,0000,1202,106,2024-12-30 09:10:46.429942
05271,0000,1202,106,2024-12-30 09:10:46.445935
04605,0000,1203,106,2024-12-30 09:10:46.461924
34575,0000,1202,106,2024-12-30 09:10:46.477930
23216,0000,1202,106,2024-12-30 09:10:46.493925
58507,0001,1202,106,2024-12-30 09:10:46.509920
15712,0000,1202,106,2024-12-30 09:10:46.525919
05413,0000,1202,106,2024-12-30 09:10:46.541913
03872,0000,1202,106,2024-12-30 09:10:46.573673
30690,0000,1202,106,2024-12-30 09:10:46.589903
03821,0000,1202,106,2024-12-30 09:10:46.605902
16660,0000,1202,106,2024-12-30 09:10:46.621905
60177,0000,1202,106,2024-12-30 09:10:46.637891
02581,0000,1202,106,2024-12-30 09:10:46.653893
00647,0000,1202,106,2024-12-30 09:10:46.669887
04624,0000,1202,106,2024-12-30 09:10:46.685887
03373,0000,1202,106,2024-12-30 09:10:46.701875
00249,0000,1202,106,2024-12-30 09:10:46.733298
39353,0000,1202,106,2024-12-30 09:10:46.749884
02902,0000,1202,106,2024-12-30 09:10:46.765863
05139,0000,1202,106,2024-12-30 09:10:46.781869
30733,0000,1202,106,2024-12-30 09:10:46.797855
59357,0000,1202,106,2024-12-30 09:10:46.813859
11223,0000,1202,106,2024-12-30 09:10:46.829851
36207,0000,1202,106,2024-12-30 09:10:46.845856
01493,0000,1202,106,2024-12-30 09:10:46.861846
29768,0000,1202,106,2024-12-30 09:10:46.877850
04678,0000,1202,106,2024-12-30 09:10:46.909697
10873,0000,1202,106,2024-12-30 09:10:46.925836
38609,0000,1203,106,2024-12-30 09:10:46.941833
33813,0000,1202,106,2024-12-30 09:10:46.957827
03869,0000,1202,106,2024-12-30 09:10:46.973830
04579,0000,1202,106,2024-12-30 09:10:46.989817
03860,0000,1202,106,2024-12-30 09:10:47.005823
43233,0000,1202,106,2024-12-30 09:10:47.021826
16993,0000,1202,106,2024-12-30 09:10:47.037808
44149,0000,1202,106,2024-12-30 09:10:47.069335
04485,0000,1202,106,2024-12-30 09:10:47.085799
19409,0000,1202,106,2024-12-30 09:10:47.101798
04673,0000,1203,106,2024-12-30 09:10:47.117796
40053,0000,1202,106,2024-12-30 09:10:47.133800
15671,0000,1202,106,2024-12-30 09:10:47.149806
22656,0000,1203,106,2024-12-30 09:10:47.165794
01369,0000,1202,106,2024-12-30 09:10:47.181791
14129,0000,1202,106,2024-12-30 09:10:47.197780
03038,0000,1202,106,2024-12-30 09:10:47.213777
03745,0000,1202,106,2024-12-30 09:10:47.245738
20201,0000,1202,106,2024-12-30 09:10:47.261776
23706,0000,1202,106,2024-12-30 09:10:47.277766
03140,0000,1202,106,2024-12-30 09:10:47.293772
00339,0000,1202,106,2024-12-30 09:10:47.309760
28601,0000,1203,106,2024-12-30 09:10:47.325760
63223,0000,1203,106,2024-12-30 09:10:47.341751
02889,0000,1203,106,2024-12-30 09:10:47.357758
16437,0000,1202,106,2024-12-30 09:10:47.373748
25604,0000,1202,106,2024-12-30 09:10:47.405358
01551,0000,1203,106,2024-12-30 09:10:47.421757
05376,0000,1202,106,2024-12-30 09:10:47.437733
19273,0000,1202,106,2024-12-30 09:10:47.453732
03784,0000,1202,106,2024-12-30 09:10:47.469729
04104,0000,1202,106,2024-12-30 09:10:47.485730
05318,0000,1202,106,2024-12-30 09:10:47.501723
15034,0000,1202,106,2024-12-30 09:10:47.517723
28740,0000,1202,106,2024-12-30 09:10:47.533723
13055,0000,1202,106,2024-12-30 09:10:47.549723
02829,0000,1203,106,2024-12-30 09:10:47.581711
03123,0000,1203,106,2024-12-30 09:10:47.597707
48977,0000,1202,106,2024-12-30 09:10:47.613698
18618,0000,1202,106,2024-12-30 09:10:47.629695
07538,0000,1202,106,2024-12-30 09:10:47.645697
11402,0000,1203,106,2024-12-30 09:10:47.661702
11810,0000,1203,106,2024-12-30 09:10:47.677692
02307,0000,1203,106,2024-12-30 09:10:47.693689
21079,0000,1203,106,2024-12-30 09:10:47.709676
42470,0000,1202,106,2024-12-30 09:10:47.741375
05149,0000,1202,106,2024-12-30 09:10:47.757681
00564,0000,1203,106,2024-12-30 09:10:47.773667
05254,0000,1202,106,2024-12-30 09:10:47.789670
28427,0000,1203,106,2024-12-30 09:10:47.805677
03696,0000,1203,106,2024-12-30 09:10:47.821652
49167,0000,1202,106,2024-12-30 09:10:47.837655
17302,0000,1202,106,2024-12-30 09:10:47.853657
25143,0000,1203,106,2024-12-30 09:10:47.869650
25661,0000,1203,106,2024-12-30 09:10:47.901035
27850,0000,1202,106,2024-12-30 09:10:47.917642
11568,0000,1203,106,2024-12-30 09:10:47.933644
10138,0000,1203,106,2024-12-30 09:10:47.949628
28172,0000,1203,106,2024-12-30 09:10:47.965632
58514,0000,1202,106,2024-12-30 09:10:47.981623
02979,0000,1202,106,2024-12-30 09:10:47.997634
10067,0000,1202,106,2024-12-30 09:10:48.013621
04577,0000,1203,106,2024-12-30 09:10:48.029612
48897,0000,1203,106,2024-12-30 09:10:48.045617
57632,0000,1203,106,2024-12-30 09:10:48.077396
29285,0000,1203,106,2024-12-30 09:10:48.093619
17782,0000,1203,106,2024-12-30 09:10:48.109606
16166,0000,1202,106,2024-12-30 09:10:48.125603
44923,0000,1203,106,2024-12-30 09:10:48.141598
52324,0000,1203,106,2024-12-30 09:10:48.157589
00974,0000,1203,106,2024-12-30 09:10:48.173588
19505,0000,1202,106,2024-12-30 09:10:48.189590
29381,0000,1203,106,2024-12-30 09:10:48.205591
19594,0000,1203,106,2024-12-30 09:10:48.237081
01205,0000,1202,106,2024-12-30 09:10:48.253605
48828,0001,1203,106,2024-12-30 09:10:48.269605
08444,0000,1203,106,2024-12-30 09:10:48.285614
04622,0000,1203,106,2024-12-30 09:10:48.301617
01411,0000,1203,106,2024-12-30 09:10:48.317609
02770,0000,1203,106,2024-12-30 09:10:48.333609
20254,0000,1203,106,2024-12-30 09:10:48.349618
12843,0000,1203,106,2024-12-30 09:10:48.365618
03115,0000,1202,106,2024-12-30 09:10:48.381624
00348,0001,1203,106,2024-12-30 09:10:48.413444
03705,0000,1203,106,2024-12-30 09:10:48.429548
33126,0000,1203,106,2024-12-30 09:10:48.445536
26073,0000,1203,106,2024-12-30 09:10:48.461539
09365,0000,1202,106,2024-12-30 09:10:48.477526
17082,0000,1202,106,2024-12-30 09:10:48.493532
50461,0000,1202,106,2024-12-30 09:10:48.509519
05368,0000,1203,106,2024-12-30 09:10:48.525522
02993,0000,1203,106,2024-12-30 09:10:48.541515
11665,0000,1203,106,2024-12-30 09:10:48.573082
03571,0000,1203,106,2024-12-30 09:10:48.589507
04504,0000,1203,106,2024-12-30 09:10:48.605505
14615,0000,1203,106,2024-12-30 09:10:48.621503
09895,0000,1203,106,2024-12-30 09:10:48.637502
04567,0000,1203,106,2024-12-30 09:10:48.653489
40935,0000,1203,106,2024-12-30 09:10:48.669498
03516,0001,1203,106,2024-12-30 09:10:48.685490
03589,0000,1203,106,2024-12-30 09:10:48.701490
01257,0000,1203,106,2024-12-30 09:10:48.717484
16278,0000,1203,106,2024-12-30 09:10:48.749466
13915,0000,1203,106,2024-12-30 09:10:48.765479
22047,0001,1203,106,2024-12-30 09:10:48.781472
00626,0000,1203,106,2024-12-30 09:10:48.797480
51781,0000,1203,106,2024-12-30 09:10:48.813473
35591,0000,1203,106,2024-12-30 09:10:48.829475
49124,0000,1203,106,2024-12-30 09:10:48.845469
05236,0000,1203,106,2024-12-30 09:10:48.861462
44941,0000,1203,106,2024-12-30 09:10:48.877463
01467,0000,1203,106,2024-12-30 09:10:48.909099
03881,0000,1203,106,2024-12-30 09:10:48.925448
03018,0000,1203,106,2024-12-30 09:10:48.941441
00787,0000,1203,106,2024-12-30 09:10:48.957443
03057,0000,1203,106,2024-12-30 09:10:48.973448
01974,0000,1203,106,2024-12-30 09:10:48.989432
05542,0000,1203,106,2024-12-30 09:10:49.005436
21227,0001,1203,106,2024-12-30 09:10:49.021428
02896,0000,1203,106,2024-12-30 09:10:49.037420
00215,0000,1203,106,2024-12-30 09:10:49.068737
63253,0000,1203,106,2024-12-30 09:10:49.085413
05254,0000,1203,106,2024-12-30 09:10:49.101414
18982,0000,1203,106,2024-12-30 09:10:49.117407
30082,0000,1203,106,2024-12-30 09:10:49.133397
01097,0000,1203,106,2024-12-30 09:10:49.149398
14021,0000,1203,106,2024-12-30 09:10:49.165391
04382,0000,1203,106,2024-12-30 09:10:49.181391
01312,0000,1203,106,2024-12-30 09:10:49.197389
12178,0000,1203,106,2024-12-30 09:10:49.213388
40290,0000,1203,106,2024-12-30 09:10:49.245141
03098,0000,1203,106,2024-12-30 09:10:49.261375
09209,0000,1203,106,2024-12-30 09:10:49.277385
50931,0001,1203,106,2024-12-30 09:10:49.293365
00715,0000,1203,106,2024-12-30 09:10:49.309376
39486,0000,1203,106,2024-12-30 09:10:49.325367
03053,0000,1203,106,2024-12-30 09:10:49.341361
28776,0000,1203,106,2024-12-30 09:10:49.357367
03314,0000,1203,106,2024-12-30 09:10:49.373349
08518,0000,1203,106,2024-12-30 09:10:49.404774
14045,0000,1203,106,2024-12-30 09:10:49.421353
01203,0000,1203,106,2024-12-30 09:10:49.437339
08621,0000,1203,106,2024-12-30 09:10:49.453345
29269,0000,1203,106,2024-12-30 09:10:49.469346
52506,0000,1203,106,2024-12-30 09:10:49.485334
04659,0000,1203,106,2024-12-30 09:10:49.501328
03898,0000,1203,106,2024-12-30 09:10:49.517331
27955,0000,1203,106,2024-12-30 09:10:49.533325
38553,0000,1203,106,2024-12-30 09:10:49.549323
29535,0000,1203,106,2024-12-30 09:10:49.581148
02269,0000,1203,106,2024-12-30 09:10:49.597312
04594,0000,1203,106,2024-12-30 09:10:49.613306
55006,0000,1203,106,2024-12-30 09:10:49.629314
00210,0001,1203,106,2024-12-30 09:10:49.645304
01557,0000,1203,106,2024-12-30 09:10:49.661303
38477,0000,1203,106,2024-12-30 09:10:49.677298
02880,0000,1203,106,2024-12-30 09:10:49.693296
02217,0000,1203,106,2024-12-30 09:10:49.709285
50830,0000,1203,106,2024-12-30 09:10:49.740799
28055,0000,1203,106,2024-12-30 09:10:49.757276
00747,0000,1203,106,2024-12-30 09:10:49.773281
07459,0000,1203,106,2024-12-30 09:10:49.789275
01938,0000,1203,106,2024-12-30 09:10:49.805273
45858,0000,1203,106,2024-12-30 09:10:49.821264
01976,0000,1203,106,2024-12-30 09:10:49.837260
04430,0000,1203,106,2024-12-30 09:10:49.853266
35595,0000,1203,106,2024-12-30 09:10:49.869263
05386,0000,1203,106,2024-12-30 09:10:49.885255
55004,0000,1203,106,2024-12-30 09:10:49.917175
43298,0000,1203,106,2024-12-30 09:10:49.933252
59403,0001,1203,106,2024-12-30 09:10:49.949237
00682,0000,1203,106,2024-12-30 09:10:49.965230
03739,0000,1203,106,2024-12-30 09:10:49.981243
01373,0000,1203,106,2024-12-30 09:10:49.997239
32280,0000,1203,106,2024-12-30 09:10:50.013233
02213,0000,1203,106,2024-12-30 09:10:50.029222
01736,0000,1203,106,2024-12-30 09:10:50.045225
00993,0000,1203,106,2024-12-30 09:10:50.076811
46477,0000,1203,106,2024-12-30 09:10:50.093202
28438,0000,1203,106,2024-12-30 09:10:50.109203
02682,0000,1203,106,2024-12-30 09:10:50.125205
02164,0000,1203,106,2024-12-30 09:10:50.141192
26429,0000,1203,106,2024-12-30 09:10:50.157191
48881,0000,1203,106,2024-12-30 09:10:50.173186
00710,0000,1204,106,2024-12-30 09:10:50.189189
01992,0000,1203,106,2024-12-30 09:10:50.205181
03872,0000,1203,106,2024-12-30 09:10:50.221190
26723,0000,1203,106,2024-12-30 09:10:50.253193
03402,0000,1203,106,2024-12-30 09:10:50.269223
13614,0000,1203,106,2024-12-30 09:10:50.285193
03050,0000,1203,106,2024-12-30 09:10:50.301174
11858,0000,1203,106,2024-12-30 09:10:50.317170
04665,0000,1203,106,2024-12-30 09:10:50.333167
01572,0000,1203,106,2024-12-30 09:10:50.349166
00150,0000,1203,106,2024-12-30 09:10:50.365161
00758,0000,1204,106,2024-12-30 09:10:50.381162
02889,0000,1204,106,2024-12-30 09:10:50.412838
00707,0000,1203,106,2024-12-30 09:10:50.429141
08823,0000,1203,106,2024-12-30 09:10:50.445144
02909,0000,1203,106,2024-12-30 09:10:50.461137
05359,0001,1203,106,2024-12-30 09:10:50.477138
29921,0000,1203,106,2024-12-30 09:10:50.493125
31924,0000,1204,106,2024-12-30 09:10:50.509131
03680,0001,1203,106,2024-12-30 09:10:50.525136
01464,0000,1203,106,2024-12-30 09:10:50.541118
02179,0000,1203,106,2024-12-30 09:10:50.572467
05376,0000,1203,106,2024-12-30 09:10:50.589116
05338,0000,1203,106,2024-12-30 09:10:50.605109
02991,0000,1203,106,2024-12-30 09:10:50.621107
04644,0000,1204,106,2024-12-30 09:10:50.637104
00663,0000,1204,106,2024-12-30 09:10:50.653100
12131,0000,1203,106,2024-12-30 09:10:50.669096
30003,0000,1203,106,2024-12-30 09:10:50.685093
01415,0000,1203,106,2024-12-30 09:10:50.701092
04455,0000,1203,106,2024-12-30 09:10:50.717084
06381,0000,1203,106,2024-12-30 09:10:50.748873
00502,0000,1203,106,2024-12-30 09:10:50.765088
49039,0000,1203,106,2024-12-30 09:10:50.781079
19384,0001,1203,106,2024-12-30 09:10:50.797076
15271,0001,1203,106,2024-12-30 09:10:50.813070
10247,0000,1203,106,2024-12-30 09:10:50.829064
50582,0000,1204,106,2024-12-30 09:10:50.845060
17282,0000,1203,106,2024-12-30 09:10:50.861061
10883,0000,1203,106,2024-12-30 09:10:50.877058
02924,0000,1203,106,2024-12-30 09:10:50.908515
33715,0000,1203,106,2024-12-30 09:10:50.925062
15303,0000,1204,106,2024-12-30 09:10:50.941041
02917,0000,1203,106,2024-12-30 09:10:50.957042
53447,0000,1203,106,2024-12-30 09:10:50.973035
02254,0001,1203,106,2024-12-30 09:10:50.989041
03745,0000,1204,106,2024-12-30 09:10:51.005027
04643,0000,1203,106,2024-12-30 09:10:51.021025
23264,0000,1203,106,2024-12-30 09:10:51.037033
54829,0000,1203,106,2024-12-30 09:10:51.053016
26597,0000,1203,106,2024-12-30 09:10:51.084885
34002,0000,1204,106,2024-12-30 09:10:51.101016
04395,0001,1203,106,2024-12-30 09:10:51.117008
04424,0000,1203,106,2024-12-30 09:10:51.133017
26437,0000,1203,106,2024-12-30 09:10:51.149006
06212,0000,1204,106,2024-12-30 09:10:51.165005
29707,0000,1203,106,2024-12-30 09:10:51.180999
04668,0001,1203,106,2024-12-30 09:10:51.196992
04480,0000,1203,106,2024-12-30 09:10:51.212994
00304,0000,1204,106,2024-12-30 09:10:51.244521
20194,0000,1204,106,2024-12-30 09:10:51.260983
04386,0000,1203,106,2024-12-30 09:10:51.276978
14840,0000,1204,106,2024-12-30 09:10:51.292982
62493,0000,1203,106,2024-12-30 09:10:51.308984
02229,0000,1203,106,2024-12-30 09:10:51.324984
49707,0000,1203,106,2024-12-30 09:10:51.340985
20846,0000,1204,106,2024-12-30 09:10:51.356982
00661,0000,1203,106,2024-12-30 09:10:51.372989
41650,0000,1204,106,2024-12-30 09:10:51.388993
03365,0000,1203,106,2024-12-30 09:10:51.420939
02989,0000,1203,106,2024-12-30 09:10:51.436997
00579,0000,1203,106,2024-12-30 09:10:51.452999
42628,0000,1204,106,2024-12-30 09:10:51.469008
19288,0000,1204,106,2024-12-30 09:10:51.485005
02419,0000,1204,106,2024-12-30 09:10:51.500929
00922,0000,1203,106,2024-12-30 09:10:51.516933
04901,0000,1204,106,2024-12-30 09:10:51.532937
06171,0000,1204,106,2024-12-30 09:10:51.548944
42551,0000,1203,106,2024-12-30 09:10:51.580556
13196,0000,1204,106,2024-12-30 09:10:51.596919
03555,0000,1204,106,2024-12-30 09:10:51.612920
28719,0000,1204,106,2024-12-30 09:10:51.628914
18800,0000,1204,106,2024-12-30 09:10:51.644911
04646,0000,1204,106,2024-12-30 09:10:51.660906
42938,0000,1204,106,2024-12-30 09:10:51.676910
05482,0000,1204,106,2024-12-30 09:10:51.692914
42164,0000,1204,106,2024-12-30 09:10:51.708895
46507,0000,1204,106,2024-12-30 09:10:51.724898
25726,0000,1204,106,2024-12-30 09:10:51.756894
41608,0000,1204,106,2024-12-30 09:10:51.772880
03870,0000,1204,106,2024-12-30 09:10:51.788886
56432,0001,1204,106,2024-12-30 09:10:51.804880
02624,0000,1203,106,2024-12-30 09:10:51.820884
01511,0000,1204,106,2024-12-30 09:10:51.836875
17786,0000,1204,106,2024-12-30 09:10:51.852873
03710,0000,1204,106,2024-12-30 09:10:51.868867
40169,0000,1204,106,2024-12-30 09:10:51.884872
00563,0000,1204,106,2024-12-30 09:10:51.916580
02586,0000,1204,106,2024-12-30 09:10:51.932850
03942,0001,1204,106,2024-12-30 09:10:51.948838
12609,0000,1204,106,2024-12-30 09:10:51.964842
21051,0000,1204,106,2024-12-30 09:10:51.980838
03786,0000,1204,106,2024-12-30 09:10:51.996838
37067,0000,1204,106,2024-12-30 09:10:52.012828
01579,0000,1203,106,2024-12-30 09:10:52.028828
21493,0000,1204,106,2024-12-30 09:10:52.044827
09248,0000,1204,106,2024-12-30 09:10:52.076233
25739,0000,1204,106,2024-12-30 09:10:52.092808
24620,0000,1204,106,2024-12-30 09:10:52.108816
03799,0000,1204,106,2024-12-30 09:10:52.124807
32518,0000,1204,106,2024-12-30 09:10:52.140809
03850,0000,1204,106,2024-12-30 09:10:52.156797
51702,0000,1204,106,2024-12-30 09:10:52.172805
06895,0000,1204,106,2024-12-30 09:10:52.188811
04520,0000,1204,106,2024-12-30 09:10:52.204806
01340,0000,1204,106,2024-12-30 09:10:52.220793
05099,0000,1204,106,2024-12-30 09:10:52.252595
48202,0000,1204,106,2024-12-30 09:10:52.268789
37689,0000,1204,106,2024-12-30 09:10:52.284779
04085,0000,1203,106,2024-12-30 09:10:52.300797
19335,0000,1204,106,2024-12-30 09:10:52.316772
01384,0000,1204,106,2024-12-30 09:10:52.332763
02615,0000,1203,106,2024-12-30 09:10:52.348772
03569,0000,1204,106,2024-12-30 09:10:52.364769
60092,0000,1204,106,2024-12-30 09:10:52.380763
02281,0000,1204,106,2024-12-30 09:10:52.412232
03378,0000,1204,106,2024-12-30 09:10:52.428750
05370,0000,1204,106,2024-12-30 09:10:52.444747
04576,0000,1204,106,2024-12-30 09:10:52.460752
03803,0001,1204,106,2024-12-30 09:10:52.476756
54864,0000,1204,106,2024-12-30 09:10:52.492744
45470,0000,1203,106,2024-12-30 09:10:52.508744
04618,0000,1204,106,2024-12-30 09:10:52.524737
20810,0000,1204,106,2024-12-30 09:10:52.540726
33302,0000,1204,106,2024-12-30 09:10:52.556731
40757,0000,1204,106,2024-12-30 09:10:52.588637
01530,0000,1204,106,2024-12-30 09:10:52.604718
39285,0000,1204,106,2024-12-30 09:10:52.620722
03376,0000,1204,106,2024-12-30 09:10:52.636706
49670,0000,1204,106,2024-12-30 09:10:52.652713
36015,0000,1204,106,2024-12-30 09:10:52.668706
01446,0000,1203,106,2024-12-30 09:10:52.684708
08702,0000,1204,106,2024-12-30 09:10:52.700701
15338,0001,1204,106,2024-12-30 09:10:52.716703
01011,0000,1204,106,2024-12-30 09:10:52.748273
16857,0000,1204,106,2024-12-30 09:10:52.764681
14315,0000,1204,106,2024-12-30 09:10:52.780686
18268,0000,1204,106,2024-12-30 09:10:52.796675
14537,0000,1204,106,2024-12-30 09:10:52.812681
25557,0000,1204,106,2024-12-30 09:10:52.828677
07217,0000,1204,106,2024-12-30 09:10:52.844673
17725,0000,1204,106,2024-12-30 09:10:52.860674
03966,0000,1204,106,2024-12-30 09:10:52.876665
40098,0000,1204,106,2024-12-30 09:10:52.892666
21992,0001,1204,106,2024-12-30 09:10:52.924664
03925,0000,1204,106,2024-12-30 09:10:52.940659
22263,0000,1204,106,2024-12-30 09:10:52.956653
50687,0000,1204,106,2024-12-30 09:10:52.972645
52257,0000,1204,106,2024-12-30 09:10:52.988649
13351,0000,1204,106,2024-12-30 09:10:53.004639
03519,0000,1204,106,2024-12-30 09:10:53.020639
02195,0000,1204,106,2024-12-30 09:10:53.036629
10739,0000,1204,106,2024-12-30 09:10:53.052632
26714,0000,1204,106,2024-12-30 09:10:53.084293
20958,0000,1204,106,2024-12-30 09:10:53.100621
01824,0000,1204,106,2024-12-30 09:10:53.116623
18683,0001,1204,106,2024-12-30 09:10:53.132614
04550,0000,1204,106,2024-12-30 09:10:53.148601
37068,0000,1204,106,2024-12-30 09:10:53.164608
02135,0000,1204,106,2024-12-30 09:10:53.180598
03625,0000,1204,106,2024-12-30 09:10:53.196601
08560,0000,1204,106,2024-12-30 09:10:53.212596
05929,0000,1204,106,2024-12-30 09:10:53.243955
02930,0000,1204,106,2024-12-30 09:10:53.260595
03752,0000,1204,106,2024-12-30 09:10:53.276603
21863,0000,1204,106,2024-12-30 09:10:53.292594
07042,0000,1203,106,2024-12-30 09:10:53.308600
01094,0000,1204,106,2024-12-30 09:10:53.324581
02248,0000,1204,106,2024-12-30 09:10:53.340588
20928,0000,1204,106,2024-12-30 09:10:53.356579
00801,0000,1204,106,2024-12-30 09:10:53.372580
23379,0000,1204,106,2024-12-30 09:10:53.388564
12441,0000,1204,106,2024-12-30 09:10:53.420327
02869,0001,1204,106,2024-12-30 09:10:53.436559
03123,0000,1204,106,2024-12-30 09:10:53.452551
28907,0000,1204,106,2024-12-30 09:10:53.468549
03405,0000,1204,106,2024-12-30 09:10:53.484543
23519,0000,1204,106,2024-12-30 09:10:53.500545
03620,0000,1204,106,2024-12-30 09:10:53.516541
03767,0000,1204,106,2024-12-30 09:10:53.532544
26728,0000,1204,106,2024-12-30 09:10:53.548528
01486,0000,1204,106,2024-12-30 09:10:53.579964
13151,0000,1204,106,2024-12-30 09:10:53.596516
05373,0000,1204,106,2024-12-30 09:10:53.612513
06845,0000,1204,106,2024-12-30 09:10:53.628521
02299,0000,1204,106,2024-12-30 09:10:53.644525
49764,0000,1205,106,2024-12-30 09:10:53.660506
08764,0000,1204,106,2024-12-30 09:10:53.676509
57628,0000,1204,106,2024-12-30 09:10:53.692509
01382,0000,1204,106,2024-12-30 09:10:53.708498
01088,0000,1204,106,2024-12-30 09:10:53.724503
10944,0000,1204,106,2024-12-30 09:10:53.756347
23218,0000,1204,106,2024-12-30 09:10:53.772484
02682,0000,1204,106,2024-12-30 09:10:53.788481
06302,0000,1204,106,2024-12-30 09:10:53.804476
05200,0000,1204,106,2024-12-30 09:10:53.820477
05293,0000,1204,106,2024-12-30 09:10:53.836468
04624,0000,1204,106,2024-12-30 09:10:53.852472
04649,0000,1204,106,2024-12-30 09:10:53.868468
02055,0000,1204,106,2024-12-30 09:10:53.884462
42602,0001,1204,106,2024-12-30 09:10:53.915965
34024,0000,1204,106,2024-12-30 09:10:53.932461
01382,0000,1204,106,2024-12-30 09:10:53.948458
61676,0000,1204,106,2024-12-30 09:10:53.964449
21261,0000,1204,106,2024-12-30 09:10:53.980448
49713,0000,1204,106,2024-12-30 09:10:53.996442
01555,0000,1204,106,2024-12-30 09:10:54.012444
12033,0000,1204,106,2024-12-30 09:10:54.028451
48923,0000,1204,106,2024-12-30 09:10:54.044429
25461,0000,1204,106,2024-12-30 09:10:54.060433
03454,0000,1204,106,2024-12-30 09:10:54.092372
18739,0000,1204,106,2024-12-30 09:10:54.108425
03033,0000,1204,106,2024-12-30 09:10:54.124412
02331,0000,1204,106,2024-12-30 09:10:54.140421
03694,0000,1204,106,2024-12-30 09:10:54.156434
33743,0000,1204,106,2024-12-30 09:10:54.172411
40010,0000,1204,106,2024-12-30 09:10:54.188408
32314,0000,1205,106,2024-12-30 09:10:54.204396
01692,0001,1204,106,2024-12-30 09:10:54.220402
03734,0000,1204,106,2024-12-30 09:10:54.252015
12850,0000,1204,106,2024-12-30 09:10:54.268390
08564,0000,1204,106,2024-12-30 09:10:54.284392
36926,0000,1204,106,2024-12-30 09:10:54.300386
09736,0000,1205,106,2024-12-30 09:10:54.316386
08079,0000,1204,106,2024-12-30 09:10:54.332373
53497,0000,1204,106,2024-12-30 09:10:54.348380
30039,0000,1205,106,2024-12-30 09:10:54.364373
00140,0000,1204,106,2024-12-30 09:10:54.380371
18904,0000,1204,106,2024-12-30 09:10:54.396366
64175,0000,1204,106,2024-12-30 09:10:54.428376
03745,0000,1204,106,2024-12-30 09:10:54.444365
22940,0000,1204,106,2024-12-30 09:10:54.460372
04254,0000,1205,106,2024-12-30 09:10:54.476381
00260,0000,1204,106,2024-12-30 09:10:54.492384
07762,0000,1204,106,2024-12-30 09:10:54.508383
23998,0000,1204,106,2024-12-30 09:10:54.524379
17110,0000,1205,106,2024-12-30 09:10:54.540383
13143,0000,1204,106,2024-12-30 09:10:54.556392
01713,0000,1204,106,2024-12-30 09:10:54.588051
00796,0000,1205,106,2024-12-30 09:10:54.604388
00819,0000,1204,106,2024-12-30 09:10:54.620313
03843,0000,1205,106,2024-12-30 09:10:54.636323
31525,0000,1204,106,2024-12-30 09:10:54.652308
13813,0000,1205,106,2024-12-30 09:10:54.668308
17847,0000,1204,106,2024-12-30 09:10:54.684302
10736,0000,1204,106,2024-12-30 09:10:54.700308
44691,0000,1204,106,2024-12-30 09:10:54.716303
27739,0000,1204,106,2024-12-30 09:10:54.747668
05512,0000,1204,106,2024-12-30 09:10:54.764292
49939,0000,1204,106,2024-12-30 09:10:54.780291
38517,0000,1204,106,2024-12-30 09:10:54.796290
57687,0000,1204,106,2024-12-30 09:10:54.812294
25956,0000,1204,106,2024-12-30 09:10:54.828278
25341,0000,1204,106,2024-12-30 09:10:54.844284
06998,0000,1204,106,2024-12-30 09:10:54.860275
03356,0000,1204,106,2024-12-30 09:10:54.876275
45680,0000,1205,106,2024-12-30 09:10:54.892266
30258,0000,1204,106,2024-12-30 09:10:54.924044
57712,0000,1204,106,2024-12-30 09:10:54.940265
03854,0000,1205,106,2024-12-30 09:10:54.956257
00647,0000,1204,106,2024-12-30 09:10:54.972253
58374,0000,1204,106,2024-12-30 09:10:54.988247
39942,0000,1205,106,2024-12-30 09:10:55.004244
25316,0000,1204,106,2024-12-30 09:10:55.020244
26722,0000,1205,106,2024-12-30 09:10:55.036245
03098,0000,1204,106,2024-12-30 09:10:55.052234
44147,0000,1204,106,2024-12-30 09:10:55.083707
09399,0000,1205,106,2024-12-30 09:10:55.100232
57259,0000,1205,106,2024-12-30 09:10:55.116227
18436,0000,1205,106,2024-12-30 09:10:55.132228
03780,0000,1205,106,2024-12-30 09:10:55.148215
10905,0000,1205,106,2024-12-30 09:10:55.164209
60266,0000,1204,106,2024-12-30 09:10:55.180212
11648,0000,1205,106,2024-12-30 09:10:55.196219
03184,0000,1204,106,2024-12-30 09:10:55.212221
48751,0001,1205,106,2024-12-30 09:10:55.228204
16375,0000,1204,106,2024-12-30 09:10:55.260090
00275,0000,1205,106,2024-12-30 09:10:55.276201
03006,0000,1204,106,2024-12-30 09:10:55.292190
01646,0000,1204,106,2024-12-30 09:10:55.308193
03731,0000,1205,106,2024-12-30 09:10:55.324196
02736,0000,1204,106,2024-12-30 09:10:55.340183
14766,0000,1204,106,2024-12-30 09:10:55.356185
02966,0000,1204,106,2024-12-30 09:10:55.372172
04367,0000,1205,106,2024-12-30 09:10:55.388178
00754,0000,1204,106,2024-12-30 09:10:55.419727
56802,0000,1205,106,2024-12-30 09:10:55.436160
02162,0000,1204,106,2024-12-30 09:10:55.452156
02704,0000,1205,106,2024-12-30 09:10:55.468151
60055,0000,1205,106,2024-12-30 09:10:55.484152
04693,0000,1205,106,2024-12-30 09:10:55.500147
03851,0000,1205,106,2024-12-30 09:10:55.516146
00348,0000,1204,106,2024-12-30 09:10:55.532138
15562,0000,1205,106,2024-12-30 09:10:55.548145
05858,0000,1205,106,2024-12-30 09:10:55.564134
20130,0000,1204,106,2024-12-30 09:10:55.596118
21779,0001,1204,106,2024-12-30 09:10:55.612126
22494,0000,1205,106,2024-12-30 09:10:55.628131
02946,0000,1204,106,2024-12-30 09:10:55.644116
06957,0000,1205,106,2024-12-30 09:10:55.660119
00181,0000,1205,106,2024-12-30 09:10:55.676108
01493,0000,1204,106,2024-12-30 09:10:55.692114
04499,0000,1205,106,2024-12-30 09:10:55.708114
00739,0000,1205,106,2024-12-30 09:10:55.724115
22337,0000,1205,106,2024-12-30 09:10:55.755754
02027,0000,1205,106,2024-12-30 09:10:55.772094
03893,0000,1205,106,2024-12-30 09:10:55.788102
04974,0000,1205,106,2024-12-30 09:10:55.804094
37109,0000,1205,106,2024-12-30 09:10:55.820087
47951,0000,1205,106,2024-12-30 09:10:55.836082
13156,0000,1205,106,2024-12-30 09:10:55.852089
07577,0000,1204,106,2024-12-30 09:10:55.868077
48135,0000,1205,106,2024-12-30 09:10:55.884068
04302,0000,1205,106,2024-12-30 09:10:55.915399
43237,0000,1205,106,2024-12-30 09:10:55.932255
00595,0000,1205,106,2024-12-30 09:10:55.948080
01901,0000,1205,106,2024-12-30 09:10:55.964067
04211,0000,1205,106,2024-12-30 09:10:55.980065
26707,0000,1205,106,2024-12-30 09:10:55.996078
03286,0000,1204,106,2024-12-30 09:10:56.012061
15442,0000,1205,106,2024-12-30 09:10:56.028049
46279,0000,1205,106,2024-12-30 09:10:56.044044
05843,0000,1205,106,2024-12-30 09:10:56.060036
00326,0000,1204,106,2024-12-30 09:10:56.091787
26198,0000,1205,106,2024-12-30 09:10:56.108043
45760,0000,1205,106,2024-12-30 09:10:56.124029
25008,0001,1205,106,2024-12-30 09:10:56.140031
33694,0000,1205,106,2024-12-30 09:10:56.156038
00902,0000,1205,106,2024-12-30 09:10:56.172039
04287,0000,1205,106,2024-12-30 09:10:56.188020
27936,0000,1205,106,2024-12-30 09:10:56.204029
00831,0000,1205,106,2024-12-30 09:10:56.220013
00580,0000,1205,106,2024-12-30 09:10:56.251418
00796,0000,1205,106,2024-12-30 09:10:56.268005
66653,0000,1205,106,2024-12-30 09:10:56.284001
03101,0000,1204,106,2024-12-30 09:10:56.300015
37614,0001,1205,106,2024-12-30 09:10:56.316000
02663,0000,1204,106,2024-12-30 09:10:56.331990
03063,0000,1205,106,2024-12-30 09:10:56.347985
02954,0000,1205,106,2024-12-30 09:10:56.363986
12666,0000,1205,106,2024-12-30 09:10:56.379992
48905,0000,1205,106,2024-12-30 09:10:56.395979
28612,0000,1205,106,2024-12-30 09:10:56.427805
02613,0000,1205,106,2024-12-30 09:10:56.443966
28788,0000,1205,106,2024-12-30 09:10:56.459968
16563,0000,1205,106,2024-12-30 09:10:56.475971
51732,0000,1205,106,2024-12-30 09:10:56.491965
06176,0000,1205,106,2024-12-30 09:10:56.507960
01472,0000,1205,106,2024-12-30 09:10:56.523948
54042,0000,1205,106,2024-12-30 09:10:56.539953
36756,0000,1205,106,2024-12-30 09:10:56.555941
01975,0000,1205,106,2024-12-30 09:10:56.587447
00933,0000,1205,106,2024-12-30 09:10:56.603937
04768,0000,1205,106,2024-12-30 09:10:56.619930
29641,0000,1205,106,2024-12-30 09:10:56.635926
51657,0000,1205,106,2024-12-30 09:10:56.651926
10179,0000,1205,106,2024-12-30 09:10:56.667915
38737,0000,1205,106,2024-12-30 09:10:56.683916
59437,0000,1205,106,2024-12-30 09:10:56.699912
47207,0000,1205,106,2024-12-30 09:10:56.715915
06847,0000,1205,106,2024-12-30 09:10:56.731914
04495,0000,1204,106,2024-12-30 09:10:56.763840
09300,0000,1205,106,2024-12-30 09:10:56.779910
48890,0000,1205,106,2024-12-30 09:10:56.795904
36895,0000,1205,106,2024-12-30 09:10:56.811912
05419,0000,1205,106,2024-12-30 09:10:56.827892
27182,0000,1205,106,2024-12-30 09:10:56.843894
01092,0000,1205,106,2024-12-30 09:10:56.859884
01743,0000,1205,106,2024-12-30 09:10:56.875884
02911,0000,1205,106,2024-12-30 09:10:56.891883
05312,0000,1205,106,2024-12-30 09:10:56.923469
04619,0000,1205,106,2024-12-30 09:10:56.939866
02273,0000,1205,106,2024-12-30 09:10:56.955868
10970,0000,1205,106,2024-12-30 09:10:56.971862
21761,0000,1205,106,2024-12-30 09:10:56.987864
00590,0000,1205,106,2024-12-30 09:10:57.003855
38484,0000,1205,106,2024-12-30 09:10:57.019856
43271,0000,1205,106,2024-12-30 09:10:57.035847
01382,0000,1205,106,2024-12-30 09:10:57.051855
04601,0000,1205,106,2024-12-30 09:10:57.067850
05173,0000,1205,106,2024-12-30 09:10:57.099839
02295,0000,1205,106,2024-12-30 09:10:57.115835
03057,0000,1205,106,2024-12-30 09:10:57.131839
37859,0000,1205,106,2024-12-30 09:10:57.147825
01396,0000,1205,106,2024-12-30 09:10:57.163834
02906,0000,1205,106,2024-12-30 09:10:57.179833
63460,0000,1205,106,2024-12-30 09:10:57.195814
09317,0000,1205,106,2024-12-30 09:10:57.211826
43953,0000,1205,106,2024-12-30 09:10:57.227814
24775,0000,1205,106,2024-12-30 09:10:57.259503
04682,0000,1205,106,2024-12-30 09:10:57.275811
02324,0000,1205,106,2024-12-30 09:10:57.291805
42315,0000,1205,106,2024-12-30 09:10:57.307817
23973,0000,1205,106,2024-12-30 09:10:57.323801
05556,0000,1205,106,2024-12-30 09:10:57.339792
01142,0000,1205,106,2024-12-30 09:10:57.355785
12947,0000,1205,106,2024-12-30 09:10:57.371781
59258,0000,1205,106,2024-12-30 09:10:57.387779
02219,0000,1205,106,2024-12-30 09:10:57.419152
02252,0000,1205,106,2024-12-30 09:10:57.435775
06142,0000,1205,106,2024-12-30 09:10:57.451768
03295,0000,1205,106,2024-12-30 09:10:57.467768
34439,0000,1205,106,2024-12-30 09:10:57.483765
22218,0000,1205,106,2024-12-30 09:10:57.499762
02157,0000,1205,106,2024-12-30 09:10:57.515756
23005,0000,1205,106,2024-12-30 09:10:57.531753
24839,0000,1205,106,2024-12-30 09:10:57.547766
44945,0000,1205,106,2024-12-30 09:10:57.563778
17004,0000,1205,106,2024-12-30 09:10:57.595541
13356,0000,1205,106,2024-12-30 09:10:57.611777
19646,0000,1205,106,2024-12-30 09:10:57.627768
08411,0000,1205,106,2024-12-30 09:10:57.643773
29616,0000,1205,106,2024-12-30 09:10:57.659764
05078,0000,1205,106,2024-12-30 09:10:57.675781
08244,0000,1205,106,2024-12-30 09:10:57.691782
58232,0000,1205,106,2024-12-30 09:10:57.707782
01394,0000,1205,106,2024-12-30 09:10:57.723786
13269,0000,1205,106,2024-12-30 09:10:57.755132
04611,0000,1205,106,2024-12-30 09:10:57.771709
11851,0000,1205,106,2024-12-30 09:10:57.787698
15531,0000,1205,106,2024-12-30 09:10:57.803704
01520,0000,1205,106,2024-12-30 09:10:57.819695
28446,0000,1205,106,2024-12-30 09:10:57.835693
12485,0000,1205,106,2024-12-30 09:10:57.851685
03651,0000,1205,106,2024-12-30 09:10:57.867696
05514,0000,1205,106,2024-12-30 09:10:57.883738
04531,0000,1205,106,2024-12-30 09:10:57.899690
04570,0000,1205,106,2024-12-30 09:10:57.931559
45852,0000,1205,106,2024-12-30 09:10:57.947684
19072,0000,1205,106,2024-12-30 09:10:57.963666
02287,0000,1205,106,2024-12-30 09:10:57.979669
11882,0000,1205,106,2024-12-30 09:10:57.995663
36263,0000,1205,106,2024-12-30 09:10:58.011662
06238,0000,1205,106,2024-12-30 09:10:58.027657
01206,0000,1205,106,2024-12-30 09:10:58.043661
40827,0000,1206,106,2024-12-30 09:10:58.059653
42407,0000,1205,106,2024-12-30 09:10:58.091185
32496,0000,1205,106,2024-12-30 09:10:58.107642
22519,0000,1205,106,2024-12-30 09:10:58.123638
12082,0000,1205,106,2024-12-30 09:10:58.139629
02080,0000,1205,106,2024-12-30 09:10:58.155636
19010,0000,1205,106,2024-12-30 09:10:58.171638
63544,0000,1205,106,2024-12-30 09:10:58.187632
06213,0000,1205,106,2024-12-30 09:10:58.203623
04484,0000,1205,106,2024-12-30 09:10:58.219620
01424,0000,1205,106,2024-12-30 09:10:58.235620
20540,0000,1206,106,2024-12-30 09:10:58.267590
01196,0000,1205,106,2024-12-30 09:10:58.283616
21518,0000,1205,106,2024-12-30 09:10:58.299604
11391,0000,1205,106,2024-12-30 09:10:58.315606
03610,0000,1206,106,2024-12-30 09:10:58.331610
01072,0000,1205,106,2024-12-30 09:10:58.347590
09144,0000,1205,106,2024-12-30 09:10:58.363594
24957,0000,1205,106,2024-12-30 09:10:58.379578
12528,0000,1205,106,2024-12-30 09:10:58.395584
05084,0000,1205,106,2024-12-30 09:10:58.427209
00229,0000,1205,106,2024-12-30 09:10:58.443570
07221,0000,1205,106,2024-12-30 09:10:58.459575
04180,0000,1205,106,2024-12-30 09:10:58.475559
02894,0000,1205,106,2024-12-30 09:10:58.491568
26359,0000,1205,106,2024-12-30 09:10:58.507555
26636,0000,1205,106,2024-12-30 09:10:58.523561
16834,0000,1205,106,2024-12-30 09:10:58.539551
03540,0000,1205,106,2024-12-30 09:10:58.555559
12132,0000,1205,106,2024-12-30 09:10:58.586867
38658,0000,1206,106,2024-12-30 09:10:58.603543
00947,0000,1205,106,2024-12-30 09:10:58.619536
55837,0000,1205,106,2024-12-30 09:10:58.635540
50008,0000,1205,106,2024-12-30 09:10:58.651540
19899,0000,1205,106,2024-12-30 09:10:58.667535
24087,0000,1205,106,2024-12-30 09:10:58.683525
02528,0000,1205,106,2024-12-30 09:10:58.699531
30509,0000,1205,106,2024-12-30 09:10:58.715531
09952,0000,1205,106,2024-12-30 09:10:58.731529
20096,0001,1206,106,2024-12-30 09:10:58.763252
02251,0000,1205,106,2024-12-30 09:10:58.779510
06171,0000,1205,106,2024-12-30 09:10:58.795507
36121,0000,1205,106,2024-12-30 09:10:58.811505
23494,0000,1206,106,2024-12-30 09:10:58.827500
03814,0000,1205,106,2024-12-30 09:10:58.843502
02435,0000,1205,106,2024-12-30 09:10:58.859489
10013,0000,1205,106,2024-12-30 09:10:58.875495
04140,0000,1206,106,2024-12-30 09:10:58.891485
01458,0000,1206,106,2024-12-30 09:10:58.922883
02759,0000,1205,106,2024-12-30 09:10:58.939482
40288,0000,1205,106,2024-12-30 09:10:58.955473
22822,0000,1205,106,2024-12-30 09:10:58.971474
08298,0000,1206,106,2024-12-30 09:10:58.987468
21251,0000,1206,106,2024-12-30 09:10:59.003465
40804,0001,1205,106,2024-12-30 09:10:59.019464
17632,0000,1205,106,2024-12-30 09:10:59.035462
30226,0000,1206,106,2024-12-30 09:10:59.051456
49988,0000,1205,106,2024-12-30 09:10:59.067469
02215,0000,1205,106,2024-12-30 09:10:59.099277
01264,0000,1205,106,2024-12-30 09:10:59.115458
16519,0000,1205,106,2024-12-30 09:10:59.131442
02269,0000,1205,106,2024-12-30 09:10:59.147441
02101,0000,1206,106,2024-12-30 09:10:59.163430
22406,0000,1206,106,2024-12-30 09:10:59.179431
49687,0000,1206,106,2024-12-30 09:10:59.195427
03886,0000,1206,106,2024-12-30 09:10:59.211428
17375,0000,1205,106,2024-12-30 09:10:59.227427
42692,0000,1205,106,2024-12-30 09:10:59.258909
03724,0000,1205,106,2024-12-30 09:10:59.275417
25777,0000,1205,106,2024-12-30 09:10:59.291411
35550,0000,1205,106,2024-12-30 09:10:59.307408
13928,0000,1205,106,2024-12-30 09:10:59.323403
14542,0000,1205,106,2024-12-30 09:10:59.339401
01575,0000,1206,106,2024-12-30 09:10:59.355403
05328,0001,1206,106,2024-12-30 09:10:59.371401
07160,0000,1206,106,2024-12-30 09:10:59.387393
11454,0000,1205,106,2024-12-30 09:10:59.403399
23708,0001,1205,106,2024-12-30 09:10:59.435309
08444,0000,1206,106,2024-12-30 09:10:59.451381
05009,0000,1205,106,2024-12-30 09:10:59.467371
01638,0000,1206,106,2024-12-30 09:10:59.483383
21354,0000,1205,106,2024-12-30 09:10:59.499375
04510,0000,1206,106,2024-12-30 09:10:59.515378
03219,0000,1206,106,2024-12-30 09:10:59.531364
05286,0001,1206,106,2024-12-30 09:10:59.547364
01513,0000,1206,106,2024-12-30 09:10:59.563360
14645,0000,1205,106,2024-12-30 09:10:59.594928
00710,0000,1206,106,2024-12-30 09:10:59.611350
25299,0000,1206,106,2024-12-30 09:10:59.627356
04602,0000,1205,106,2024-12-30 09:10:59.643344
46312,0000,1206,106,2024-12-30 09:10:59.659339
05340,0000,1206,106,2024-12-30 09:10:59.675344
03084,0000,1206,106,2024-12-30 09:10:59.691337
04217,0000,1205,106,2024-12-30 09:10:59.707323
44895,0001,1206,106,2024-12-30 09:10:59.723332
04482,0000,1206,106,2024-12-30 09:10:59.739324
04028,0000,1205,106,2024-12-30 09:10:59.771315
01307,0000,1206,106,2024-12-30 09:10:59.787310
04417,0000,1206,106,2024-12-30 09:10:59.803306
31429,0000,1206,106,2024-12-30 09:10:59.819308
52550,0000,1206,106,2024-12-30 09:10:59.835299
49835,0000,1206,106,2024-12-30 09:10:59.851293
03693,0000,1206,106,2024-12-30 09:10:59.867295
00613,0000,1206,106,2024-12-30 09:10:59.883290
18579,0000,1206,106,2024-12-30 09:10:59.899297
00594,0000,1206,106,2024-12-30 09:10:59.930950
27349,0001,1206,106,2024-12-30 09:10:59.947277
02960,0000,1206,106,2024-12-30 09:10:59.963278
02340,0000,1206,106,2024-12-30 09:10:59.979277
05010,0000,1206,106,2024-12-30 09:10:59.995266
33707,0000,1205,106,2024-12-30 09:11:00.011269
40957,0000,1206,106,2024-12-30 09:11:00.027271
02296,0000,1206,106,2024-12-30 09:11:00.043264
60702,0000,1206,106,2024-12-30 09:11:00.059254
01260,0000,1205,106,2024-12-30 09:11:00.090590
02297,0000,1206,106,2024-12-30 09:11:00.107250
00670,0000,1205,106,2024-12-30 09:11:00.123247
03440,0000,1206,106,2024-12-30 09:11:00.139243
18882,0000,1206,106,2024-12-30 09:11:00.155230
00570,0000,1206,106,2024-12-30 09:11:00.171230
25472,0000,1206,106,2024-12-30 09:11:00.187228
48169,0000,1205,106,2024-12-30 09:11:00.203236
00026,0000,1206,106,2024-12-30 09:11:00.219232
04364,0000,1206,106,2024-12-30 09:11:00.235222
02898,0000,1206,106,2024-12-30 09:11:00.266997
20765,0000,1206,106,2024-12-30 09:11:00.283227
03785,0000,1206,106,2024-12-30 09:11:00.299225
01921,0000,1206,106,2024-12-30 09:11:00.315221
45656,0000,1205,106,2024-12-30 09:11:00.331200
17139,0000,1206,106,2024-12-30 09:11:00.347198
00761,0000,1206,106,2024-12-30 09:11:00.363195
02749,0000,1206,106,2024-12-30 09:11:00.379196
15750,0000,1206,106,2024-12-30 09:11:00.395196
00555,0000,1206,106,2024-12-30 09:11:00.426629
01826,0000,1206,106,2024-12-30 09:11:00.443181
02237,0000,1206,106,2024-12-30 09:11:00.459186
21570,0000,1205,106,2024-12-30 09:11:00.475176
01336,0000,1206,106,2024-12-30 09:11:00.491170
19219,0000,1205,106,2024-12-30 09:11:00.507171
02645,0000,1206,106,2024-12-30 09:11:00.523160
01758,0000,1206,106,2024-12-30 09:11:00.539172
22741,0000,1206,106,2024-12-30 09:11:00.555152
17644,0000,1206,106,2024-12-30 09:11:00.571163
22652,0000,1206,106,2024-12-30 09:11:00.603012
20150,0000,1206,106,2024-12-30 09:11:00.619154
02131,0000,1206,106,2024-12-30 09:11:00.635149
04932,0000,1206,106,2024-12-30 09:11:00.651145
02436,0000,1206,106,2024-12-30 09:11:00.667144
03715,0000,1206,106,2024-12-30 09:11:00.683150
01531,0000,1206,106,2024-12-30 09:11:00.699175
29267,0000,1206,106,2024-12-30 09:11:00.715155
02195,0000,1206,106,2024-12-30 09:11:00.731158
28779,0000,1206,106,2024-12-30 09:11:00.762669
62678,0000,1205,106,2024-12-30 09:11:00.779165
38567,0000,1206,106,2024-12-30 09:11:00.795166
15814,0000,1206,106,2024-12-30 09:11:00.811158
27137,0000,1206,106,2024-12-30 09:11:00.827163
01946,0000,1206,106,2024-12-30 09:11:00.843166
02570,0000,1206,106,2024-12-30 09:11:00.859166
13969,0000,1206,106,2024-12-30 09:11:00.875100
03979,0000,1206,106,2024-12-30 09:11:00.891105
28867,0000,1206,106,2024-12-30 09:11:00.907100
07620,0000,1206,106,2024-12-30 09:11:00.939036
03403,0000,1206,106,2024-12-30 09:11:00.955094
35505,0000,1206,106,2024-12-30 09:11:00.971085
14377,0000,1206,106,2024-12-30 09:11:00.987085
04209,0000,1206,106,2024-12-30 09:11:01.003083
05370,0000,1206,106,2024-12-30 09:11:01.019078
20618,0000,1206,106,2024-12-30 09:11:01.035072
30036,0000,1206,106,2024-12-30 09:11:01.051074
01311,0000,1206,106,2024-12-30 09:11:01.067079
22983,0000,1206,106,2024-12-30 09:11:01.098679
57356,0000,1206,106,2024-12-30 09:11:01.115057
35217,0000,1206,106,2024-12-30 09:11:01.131065
18653,0000,1206,106,2024-12-30 09:11:01.147056
01545,0000,1206,106,2024-12-30 09:11:01.163058
40173,0000,1206,106,2024-12-30 09:11:01.179049
40710,0000,1206,106,2024-12-30 09:11:01.195048
01885,0000,1206,106,2024-12-30 09:11:01.211037
41700,0000,1206,106,2024-12-30 09:11:01.227042
02851,0000,1206,106,2024-12-30 09:11:01.243055
08670,0000,1206,106,2024-12-30 09:11:01.275036
29456,0000,1206,106,2024-12-30 09:11:01.291024
31560,0000,1206,106,2024-12-30 09:11:01.307058
01560,0000,1206,106,2024-12-30 09:11:01.323027
04290,0000,1206,106,2024-12-30 09:11:01.339022
36300,0000,1206,106,2024-12-30 09:11:01.355005
24297,0000,1206,106,2024-12-30 09:11:01.371010
43900,0000,1206,106,2024-12-30 09:11:01.387001
04564,0000,1206,106,2024-12-30 09:11:01.402999
21154,0000,1206,106,2024-12-30 09:11:01.434685
22562,0000,1206,106,2024-12-30 09:11:01.451000
17862,0000,1206,106,2024-12-30 09:11:01.466983
27059,0000,1206,106,2024-12-30 09:11:01.482984
09336,0000,1206,106,2024-12-30 09:11:01.498971
31474,0000,1206,106,2024-12-30 09:11:01.514983
02907,0000,1206,106,2024-12-30 09:11:01.530973
15575,0000,1206,106,2024-12-30 09:11:01.546972
35997,0000,1206,106,2024-12-30 09:11:01.562968
42344,0000,1206,106,2024-12-30 09:11:01.594307
11043,0000,1206,106,2024-12-30 09:11:01.610966
02858,0000,1206,106,2024-12-30 09:11:01.626959
18919,0000,1206,106,2024-12-30 09:11:01.642973
03208,0000,1206,106,2024-12-30 09:11:01.658949
02549,0000,1206,106,2024-12-30 09:11:01.674947
03092,0000,1206,106,2024-12-30 09:11:01.690948
58483,0000,1206,106,2024-12-30 09:11:01.706942
01572,0000,1206,106,2024-12-30 09:11:01.722940
30566,0000,1206,106,2024-12-30 09:11:01.738949
29291,0000,1206,106,2024-12-30 09:11:01.770702
02864,0001,1206,106,2024-12-30 09:11:01.786923
40023,0000,1206,106,2024-12-30 09:11:01.802918
41803,0000,1206,106,2024-12-30 09:11:01.818920
26420,0000,1206,106,2024-12-30 09:11:01.834919
05247,0000,1206,106,2024-12-30 09:11:01.850907
30848,0000,1206,106,2024-12-30 09:11:01.866913
07036,0000,1206,106,2024-12-30 09:11:01.882898
01038,0000,1206,106,2024-12-30 09:11:01.898896
13243,0000,1206,106,2024-12-30 09:11:01.930330
11894,0000,1206,106,2024-12-30 09:11:01.946889
30392,0000,1206,106,2024-12-30 09:11:01.962896
05273,0000,1206,106,2024-12-30 09:11:01.978885
16122,0000,1206,106,2024-12-30 09:11:01.994886
63636,0000,1206,106,2024-12-30 09:11:02.010878
03042,0000,1206,106,2024-12-30 09:11:02.026882
01530,0000,1206,106,2024-12-30 09:11:02.042871
57514,0000,1206,106,2024-12-30 09:11:02.058883
67029,0000,1206,106,2024-12-30 09:11:02.074862
04451,0000,1206,106,2024-12-30 09:11:02.106723
49175,0000,1206,106,2024-12-30 09:11:02.122863
02350,0000,1206,106,2024-12-30 09:11:02.138854
26594,0000,1206,106,2024-12-30 09:11:02.154859
04386,0000,1206,106,2024-12-30 09:11:02.170853
02581,0000,1206,106,2024-12-30 09:11:02.186848
09197,0000,1206,106,2024-12-30 09:11:02.202839
03640,0000,1206,106,2024-12-30 09:11:02.218836
04653,0000,1206,106,2024-12-30 09:11:02.234845
29641,0000,1206,106,2024-12-30 09:11:02.266369
08133,0001,1206,106,2024-12-30 09:11:02.282835
12387,0000,1206,106,2024-12-30 09:11:02.298827
04587,0000,1206,106,2024-12-30 09:11:02.314825
04817,0000,1206,106,2024-12-30 09:11:02.330847
24699,0000,1206,106,2024-12-30 09:11:02.346819
28465,0000,1207,106,2024-12-30 09:11:02.362822
01499,0000,1206,106,2024-12-30 09:11:02.378812
33262,0000,1206,106,2024-12-30 09:11:02.394812
20373,0000,1206,106,2024-12-30 09:11:02.410796
04695,0000,1206,106,2024-12-30 09:11:02.442747
25650,0000,1206,106,2024-12-30 09:11:02.458801
08448,0000,1206,106,2024-12-30 09:11:02.474789
28465,0000,1206,106,2024-12-30 09:11:02.490791
01509,0000,1206,106,2024-12-30 09:11:02.506794
58265,0000,1206,106,2024-12-30 09:11:02.522786
36887,0000,1206,106,2024-12-30 09:11:02.538784
04421,0000,1206,106,2024-12-30 09:11:02.554777
02407,0000,1206,106,2024-12-30 09:11:02.570778
22819,0000,1207,106,2024-12-30 09:11:02.602391
05051,0001,1206,106,2024-12-30 09:11:02.618775
49766,0000,1206,106,2024-12-30 09:11:02.634775
23480,0000,1207,106,2024-12-30 09:11:02.650761
01470,0000,1206,106,2024-12-30 09:11:02.666760
19236,0000,1206,106,2024-12-30 09:11:02.682752
07545,0000,1206,106,2024-12-30 09:11:02.698748
21142,0000,1206,106,2024-12-30 09:11:02.714746
56702,0000,1206,106,2024-12-30 09:11:02.730746
02235,0000,1206,106,2024-12-30 09:11:02.746751
00474,0000,1206,106,2024-12-30 09:11:02.778737
02102,0000,1206,106,2024-12-30 09:11:02.794732
07721,0000,1206,106,2024-12-30 09:11:02.810734
01521,0000,1207,106,2024-12-30 09:11:02.826727
00719,0000,1206,106,2024-12-30 09:11:02.842726
38638,0000,1206,106,2024-12-30 09:11:02.858724
05324,0000,1206,106,2024-12-30 09:11:02.874709
33235,0000,1206,106,2024-12-30 09:11:02.890710
45831,0000,1206,106,2024-12-30 09:11:02.906703
24883,0000,1206,106,2024-12-30 09:11:02.938400
02077,0000,1206,106,2024-12-30 09:11:02.954702
02600,0000,1206,106,2024-12-30 09:11:02.970688
14970,0000,1207,106,2024-12-30 09:11:02.986687
07504,0000,1206,106,2024-12-30 09:11:03.002688
01016,0000,1206,106,2024-12-30 09:11:03.018693
16177,0000,1206,106,2024-12-30 09:11:03.034671
25116,0000,1206,106,2024-12-30 09:11:03.050680
10170,0000,1206,106,2024-12-30 09:11:03.066671
59891,0000,1207,106,2024-12-30 09:11:03.098027
05464,0000,1206,106,2024-12-30 09:11:03.114674
02936,0000,1207,106,2024-12-30 09:11:03.130664
01230,0000,1207,106,2024-12-30 09:11:03.146660
02947,0000,1206,106,2024-12-30 09:11:03.162658
05108,0000,1206,106,2024-12-30 09:11:03.178653
00733,0000,1206,106,2024-12-30 09:11:03.194648
02677,0000,1206,106,2024-12-30 09:11:03.210654
02324,0000,1206,106,2024-12-30 09:11:03.226647
04502,0000,1206,106,2024-12-30 09:11:03.242653
28056,0000,1206,106,2024-12-30 09:11:03.274432
02427,0000,1207,106,2024-12-30 09:11:03.290635
04557,0000,1206,106,2024-12-30 09:11:03.306634
00482,0000,1207,106,2024-12-30 09:11:03.322634
11976,0000,1206,106,2024-12-30 09:11:03.338626
00153,0000,1206,106,2024-12-30 09:11:03.354645
39347,0000,1207,106,2024-12-30 09:11:03.370611
03518,0000,1207,106,2024-12-30 09:11:03.386615
05415,0000,1207,106,2024-12-30 09:11:03.402621
01164,0000,1206,106,2024-12-30 09:11:03.434071
01934,0000,1207,106,2024-12-30 09:11:03.450600
10829,0001,1207,106,2024-12-30 09:11:03.466602
04009,0000,1206,106,2024-12-30 09:11:03.482594
04552,0000,1207,106,2024-12-30 09:11:03.498589
20929,0000,1206,106,2024-12-30 09:11:03.514593
00746,0000,1206,106,2024-12-30 09:11:03.530591
58352,0000,1207,106,2024-12-30 09:11:03.546582
50068,0000,1206,106,2024-12-30 09:11:03.562599
03767,0000,1206,106,2024-12-30 09:11:03.578594
48774,0000,1206,106,2024-12-30 09:11:03.610491
48904,0000,1206,106,2024-12-30 09:11:03.626571
01181,0000,1207,106,2024-12-30 09:11:03.642568
27209,0000,1207,106,2024-12-30 09:11:03.658564
15332,0000,1207,106,2024-12-30 09:11:03.674554
60247,0000,1207,106,2024-12-30 09:11:03.690553
05052,0000,1206,106,2024-12-30 09:11:03.706545
27476,0001,1207,106,2024-12-30 09:11:03.722545
29555,0000,1207,106,2024-12-30 09:11:03.738540
36203,0000,1207,106,2024-12-30 09:11:03.770089
09096,0000,1207,106,2024-12-30 09:11:03.786541
01243,0000,1207,106,2024-12-30 09:11:03.802540
02278,0000,1207,106,2024-12-30 09:11:03.818538
04228,0000,1207,106,2024-12-30 09:11:03.834544
03032,0001,1207,106,2024-12-30 09:11:03.850550
14641,0000,1206,106,2024-12-30 09:11:03.866543
01661,0000,1207,106,2024-12-30 09:11:03.882545
05192,0000,1207,106,2024-12-30 09:11:03.898553
31418,0000,1207,106,2024-12-30 09:11:03.914563
11382,0000,1207,106,2024-12-30 09:11:03.946521
44603,0000,1206,106,2024-12-30 09:11:03.962563
27746,0000,1207,106,2024-12-30 09:11:03.978560
01376,0000,1207,106,2024-12-30 09:11:03.994497
52449,0000,1207,106,2024-12-30 09:11:04.010493
21861,0000,1207,106,2024-12-30 09:11:04.026487
04205,0000,1207,106,2024-12-30 09:11:04.042487
04336,0000,1207,106,2024-12-30 09:11:04.058479
28697,0000,1207,106,2024-12-30 09:11:04.074488
08893,0000,1207,106,2024-12-30 09:11:04.106134
03043,0000,1207,106,2024-12-30 09:11:04.122469
06211,0000,1207,106,2024-12-30 09:11:04.138476
05232,0000,1207,106,2024-12-30 09:11:04.154463
04339,0000,1206,106,2024-12-30 09:11:04.170463
49649,0000,1207,106,2024-12-30 09:11:04.186466
09350,0000,1207,106,2024-12-30 09:11:04.202466
21411,0000,1206,106,2024-12-30 09:11:04.218447
16639,0000,1207,106,2024-12-30 09:11:04.234438
03731,0000,1207,106,2024-12-30 09:11:04.265763
00526,0000,1207,106,2024-12-30 09:11:04.282432
27078,0000,1207,106,2024-12-30 09:11:04.298435
07541,0000,1207,106,2024-12-30 09:11:04.314455
24704,0000,1207,106,2024-12-30 09:11:04.330424
02364,0000,1207,106,2024-12-30 09:11:04.346433
03439,0000,1207,106,2024-12-30 09:11:04.362420
04106,0000,1207,106,2024-12-30 09:11:04.378417
02444,0001,1207,106,2024-12-30 09:11:04.394407
01502,0000,1207,106,2024-12-30 09:11:04.410412
03109,0000,1207,106,2024-12-30 09:11:04.442158
06245,0000,1207,106,2024-12-30 09:11:04.458399
22863,0000,1207,106,2024-12-30 09:11:04.474396
16104,0000,1206,106,2024-12-30 09:11:04.490399
08928,0000,1207,106,2024-12-30 09:11:04.506393
49971,0000,1207,106,2024-12-30 09:11:04.522378
43114,0000,1207,106,2024-12-30 09:11:04.538383
05199,0000,1207,106,2024-12-30 09:11:04.554382
05166,0000,1207,106,2024-12-30 09:11:04.570376
04285,0000,1207,106,2024-12-30 09:11:04.601788
02197,0000,1207,106,2024-12-30 09:11:04.618365
25697,0000,1207,106,2024-12-30 09:11:04.634361
26998,0000,1207,106,2024-12-30 09:11:04.650368
49006,0000,1207,106,2024-12-30 09:11:04.666360
51449,0000,1207,106,2024-12-30 09:11:04.682359
15286,0000,1207,106,2024-12-30 09:11:04.698356
24102,0000,1207,106,2024-12-30 09:11:04.714363
36986,0000,1207,106,2024-12-30 09:11:04.730347
04541,0000,1207,106,2024-12-30 09:11:04.746339
29453,0000,1207,106,2024-12-30 09:11:04.778188
03837,0000,1207,106,2024-12-30 09:11:04.794331
00618,0000,1207,106,2024-12-30 09:11:04.810331
29584,0000,1207,106,2024-12-30 09:11:04.826331
20327,0000,1207,106,2024-12-30 09:11:04.842321
03133,0000,1207,106,2024-12-30 09:11:04.858324
19575,0000,1207,106,2024-12-30 09:11:04.874319
53118,0000,1207,106,2024-12-30 09:11:04.890315
04668,0000,1207,106,2024-12-30 09:11:04.906311
39271,0000,1207,106,2024-12-30 09:11:04.937806
39465,0000,1207,106,2024-12-30 09:11:04.954302
57422,0000,1207,106,2024-12-30 09:11:04.970298
01244,0000,1207,106,2024-12-30 09:11:04.986287
25455,0000,1207,106,2024-12-30 09:11:05.002289
34693,0000,1207,106,2024-12-30 09:11:05.018279
01137,0000,1207,106,2024-12-30 09:11:05.034279
33895,0000,1207,106,2024-12-30 09:11:05.050275
31275,0000,1207,106,2024-12-30 09:11:05.066280
02343,0000,1207,106,2024-12-30 09:11:05.082274
20210,0000,1207,106,2024-12-30 09:11:05.114187
01849,0000,1207,106,2024-12-30 09:11:05.130267
03399,0000,1207,106,2024-12-30 09:11:05.146258
42996,0000,1207,106,2024-12-30 09:11:05.162261
23240,0000,1207,106,2024-12-30 09:11:05.178250
03902,0001,1207,106,2024-12-30 09:11:05.194262
54044,0000,1207,106,2024-12-30 09:11:05.210251
04674,0000,1207,106,2024-12-30 09:11:05.226254
12123,0000,1207,106,2024-12-30 09:11:05.242262
00322,0000,1207,106,2024-12-30 09:11:05.273831
03880,0000,1207,106,2024-12-30 09:11:05.290232
08313,0001,1207,106,2024-12-30 09:11:05.306238
04104,0000,1207,106,2024-12-30 09:11:05.322230
24103,0000,1207,106,2024-12-30 09:11:05.338221
34444,0000,1207,106,2024-12-30 09:11:05.354231
18013,0000,1207,106,2024-12-30 09:11:05.370233
09932,0000,1207,106,2024-12-30 09:11:05.386214
00676,0000,1207,106,2024-12-30 09:11:05.402215
19226,0000,1207,106,2024-12-30 09:11:05.418210
27809,0000,1207,106,2024-12-30 09:11:05.450201
54171,0000,1207,106,2024-12-30 09:11:05.466197
03041,0000,1207,106,2024-12-30 09:11:05.482201
03254,0000,1207,106,2024-12-30 09:11:05.498199
01028,0000,1207,106,2024-12-30 09:11:05.514185
05484,0000,1207,106,2024-12-30 09:11:05.530179
29472,0000,1207,106,2024-12-30 09:11:05.546183
00873,0000,1207,106,2024-12-30 09:11:05.562182
04610,0000,1207,106,2024-12-30 09:11:05.578175
21932,0000,1207,106,2024-12-30 09:11:05.609854
02897,0000,1207,106,2024-12-30 09:11:05.626166
02164,0000,1207,106,2024-12-30 09:11:05.642167
01569,0000,1207,106,2024-12-30 09:11:05.658162
03865,0000,1207,106,2024-12-30 09:11:05.674163
02543,0000,1207,106,2024-12-30 09:11:05.690156
03818,0000,1207,106,2024-12-30 09:11:05.706154
46570,0000,1207,106,2024-12-30 09:11:05.722152
14782,0000,1207,106,2024-12-30 09:11:05.738160
13233,0000,1207,106,2024-12-30 09:11:05.769505
42663,0000,1207,106,2024-12-30 09:11:05.786143
09316,0000,1207,106,2024-12-30 09:11:05.802134
02165,0000,1207,106,2024-12-30 09:11:05.818133
13946,0000,1207,106,2024-12-30 09:11:05.834132
35416,0000,1207,106,2024-12-30 09:11:05.850121
00309,0000,1207,106,2024-12-30 09:11:05.866120
04573,0000,1207,106,2024-12-30 09:11:05.882127
03418,0000,1207,106,2024-12-30 09:11:05.898114
27204,0000,1207,106,2024-12-30 09:11:05.914124
41545,0000,1207,106,2024-12-30 09:11:05.945893
58357,0000,1207,106,2024-12-30 09:11:05.962107
03357,0000,1207,106,2024-12-30 09:11:05.978107
59963,0001,1207,106,2024-12-30 09:11:05.994094
49683,0000,1207,106,2024-12-30 09:11:06.010094
03835,0000,1207,106,2024-12-30 09:11:06.026086
23134,0000,1207,106,2024-12-30 09:11:06.042079
26751,0000,1207,106,2024-12-30 09:11:06.058077
04535,0000,1207,106,2024-12-30 09:11:06.074073
19205,0000,1207,106,2024-12-30 09:11:06.105525
03748,0000,1207,106,2024-12-30 09:11:06.122073
02849,0000,1207,106,2024-12-30 09:11:06.138084
11536,0000,1207,106,2024-12-30 09:11:06.154086
04554,0000,1207,106,2024-12-30 09:11:06.170066
22479,0000,1207,106,2024-12-30 09:11:06.186067
02876,0000,1207,106,2024-12-30 09:11:06.202062
14638,0000,1207,106,2024-12-30 09:11:06.218058
65112,0000,1207,106,2024-12-30 09:11:06.234052
44481,0000,1207,106,2024-12-30 09:11:06.250065
04334,0000,1207,106,2024-12-30 09:11:06.281916
01397,0000,1207,106,2024-12-30 09:11:06.298039
09385,0000,1207,106,2024-12-30 09:11:06.314052
14632,0000,1207,106,2024-12-30 09:11:06.330040
02203,0000,1207,106,2024-12-30 09:11:06.346044
05369,0000,1208,106,2024-12-30 09:11:06.362028
51707,0000,1207,106,2024-12-30 09:11:06.378027
21062,0000,1207,106,2024-12-30 09:11:06.394017
01793,0000,1208,106,2024-12-30 09:11:06.410028
03254,0000,1207,106,2024-12-30 09:11:06.441549
07545,0000,1207,106,2024-12-30 09:11:06.458011
22813,0000,1207,106,2024-12-30 09:11:06.474001
01850,0000,1207,106,2024-12-30 09:11:06.489999
01494,0000,1208,106,2024-12-30 09:11:06.505991
42462,0000,1207,106,2024-12-30 09:11:06.521997
53119,0000,1207,106,2024-12-30 09:11:06.537999
41613,0000,1207,106,2024-12-30 09:11:06.554000
11069,0000,1207,106,2024-12-30 09:11:06.569982
36128,0000,1207,106,2024-12-30 09:11:06.585981
04577,0000,1207,106,2024-12-30 09:11:06.617932
30348,0000,1207,106,2024-12-30 09:11:06.633976
08377,0000,1207,106,2024-12-30 09:11:06.649970
03559,0000,1207,106,2024-12-30 09:11:06.665969
01329,0000,1208,106,2024-12-30 09:11:06.681955
03575,0000,1207,106,2024-12-30 09:11:06.697958
03610,0000,1207,106,2024-12-30 09:11:06.713949
18510,0000,1207,106,2024-12-30 09:11:06.729943
03906,0001,1207,106,2024-12-30 09:11:06.745948
03350,0000,1207,106,2024-12-30 09:11:06.777567
03064,0000,1208,106,2024-12-30 09:11:06.793941
58141,0000,1207,106,2024-12-30 09:11:06.809931
21425,0000,1207,106,2024-12-30 09:11:06.825927
39842,0000,1207,106,2024-12-30 09:11:06.841926
03921,0000,1208,106,2024-12-30 09:11:06.857920
03139,0000,1207,106,2024-12-30 09:11:06.873920
02068,0000,1207,106,2024-12-30 09:11:06.889914
25673,0000,1208,106,2024-12-30 09:11:06.905918
03021,0000,1207,106,2024-12-30 09:11:06.921916
58364,0000,1207,106,2024-12-30 09:11:06.953919
04146,0000,1207,106,2024-12-30 09:11:06.969920
33180,0000,1207,106,2024-12-30 09:11:06.985921
01439,0000,1208,106,2024-12-30 09:11:07.001928
09987,0000,1207,106,2024-12-30 09:11:07.017929
28945,0000,1208,106,2024-12-30 09:11:07.033940
44846,0000,1207,106,2024-12-30 09:11:07.049946
03744,0000,1208,106,2024-12-30 09:11:07.065940
03819,0000,1207,106,2024-12-30 09:11:07.081941
05333,0000,1208,106,2024-12-30 09:11:07.113628
00573,0000,1208,106,2024-12-30 09:11:07.129872
28215,0000,1207,106,2024-12-30 09:11:07.145871
33156,0000,1207,106,2024-12-30 09:11:07.161868
01093,0000,1207,106,2024-12-30 09:11:07.177857
00474,0000,1207,106,2024-12-30 09:11:07.193855
36344,0000,1207,106,2024-12-30 09:11:07.209850
28169,0000,1207,106,2024-12-30 09:11:07.225856
04834,0001,1207,106,2024-12-30 09:11:07.241850
19961,0000,1208,106,2024-12-30 09:11:07.273229
02493,0000,1207,106,2024-12-30 09:11:07.289843
00504,0000,1207,106,2024-12-30 09:11:07.305847
08598,0000,1207,106,2024-12-30 09:11:07.321829
12965,0000,1207,106,2024-12-30 09:11:07.337832
30322,0000,1207,106,2024-12-30 09:11:07.353820
04755,0000,1207,106,2024-12-30 09:11:07.369824
10471,0000,1207,106,2024-12-30 09:11:07.385819
00726,0000,1208,106,2024-12-30 09:11:07.401817
05416,0000,1208,106,2024-12-30 09:11:07.417815
14150,0000,1208,106,2024-12-30 09:11:07.449604
09092,0000,1207,106,2024-12-30 09:11:07.465807
29613,0000,1208,106,2024-12-30 09:11:07.481803
03109,0000,1207,106,2024-12-30 09:11:07.497800
11101,0000,1207,106,2024-12-30 09:11:07.513794
02715,0000,1207,106,2024-12-30 09:11:07.529786
28438,0000,1208,106,2024-12-30 09:11:07.545790
01002,0000,1207,106,2024-12-30 09:11:07.561776
25386,0000,1208,106,2024-12-30 09:11:07.577781
02181,0000,1208,106,2024-12-30 09:11:07.609266
51756,0001,1208,106,2024-12-30 09:11:07.625778
03798,0000,1208,106,2024-12-30 09:11:07.641768
02753,0000,1207,106,2024-12-30 09:11:07.657769
07780,0000,1207,106,2024-12-30 09:11:07.673761
31457,0000,1208,106,2024-12-30 09:11:07.689769
04513,0000,1208,106,2024-12-30 09:11:07.705749
43024,0000,1208,106,2024-12-30 09:11:07.721753
48920,0000,1208,106,2024-12-30 09:11:07.737747
05053,0000,1208,106,2024-12-30 09:11:07.753750
03548,0000,1207,106,2024-12-30 09:11:07.785651
01649,0000,1208,106,2024-12-30 09:11:07.801738
04673,0000,1207,106,2024-12-30 09:11:07.817736
05086,0000,1208,106,2024-12-30 09:11:07.833726
21097,0001,1208,106,2024-12-30 09:11:07.849731
43269,0000,1208,106,2024-12-30 09:11:07.865721
03722,0000,1208,106,2024-12-30 09:11:07.881726
27196,0000,1208,106,2024-12-30 09:11:07.897716
03176,0000,1208,106,2024-12-30 09:11:07.913722
05277,0001,1208,106,2024-12-30 09:11:07.945282
02934,0000,1208,106,2024-12-30 09:11:07.961711
05808,0000,1208,106,2024-12-30 09:11:07.977704
20319,0000,1207,106,2024-12-30 09:11:07.993701
05317,0000,1208,106,2024-12-30 09:11:08.009696
30823,0000,1208,106,2024-12-30 09:11:08.025699
19706,0000,1207,106,2024-12-30 09:11:08.041693
04654,0000,1208,106,2024-12-30 09:11:08.057699
02750,0000,1208,106,2024-12-30 09:11:08.073694
24163,0000,1207,106,2024-12-30 09:11:08.089697
00771,0000,1208,106,2024-12-30 09:11:08.121674
02232,0000,1208,106,2024-12-30 09:11:08.137674
13971,0000,1208,106,2024-12-30 09:11:08.153674
01948,0000,1208,106,2024-12-30 09:11:08.169671
04672,0000,1208,106,2024-12-30 09:11:08.185669
00664,0000,1208,106,2024-12-30 09:11:08.201668
29387,0000,1208,106,2024-12-30 09:11:08.217654
39368,0001,1208,106,2024-12-30 09:11:08.233655
36456,0000,1208,106,2024-12-30 09:11:08.249657
04802,0000,1208,106,2024-12-30 09:11:08.281346
50823,0000,1208,106,2024-12-30 09:11:08.297652
56829,0000,1208,106,2024-12-30 09:11:08.313655
01298,0000,1208,106,2024-12-30 09:11:08.329643
48043,0000,1208,106,2024-12-30 09:11:08.345633
01365,0000,1208,106,2024-12-30 09:11:08.361634
27972,0000,1207,106,2024-12-30 09:11:08.377624
00423,0000,1208,106,2024-12-30 09:11:08.393627
02246,0000,1208,106,2024-12-30 09:11:08.409617
04870,0000,1208,106,2024-12-30 09:11:08.440962
03800,0000,1208,106,2024-12-30 09:11:08.457608
30467,0000,1208,106,2024-12-30 09:11:08.473613
07687,0000,1208,106,2024-12-30 09:11:08.489600
03336,0000,1208,106,2024-12-30 09:11:08.505602
15524,0001,1208,106,2024-12-30 09:11:08.521594
08515,0000,1207,106,2024-12-30 09:11:08.537589
03162,0000,1208,106,2024-12-30 09:11:08.553584
03350,0000,1208,106,2024-12-30 09:11:08.569587
03016,0000,1208,106,2024-12-30 09:11:08.585585
01448,0000,1208,106,2024-12-30 09:11:08.617346
28289,0000,1207,106,2024-12-30 09:11:08.633581
35949,0000,1208,106,2024-12-30 09:11:08.649569
25931,0000,1208,106,2024-12-30 09:11:08.665563
08515,0000,1208,106,2024-12-30 09:11:08.681557
04352,0000,1208,106,2024-12-30 09:11:08.697559
07010,0000,1208,106,2024-12-30 09:11:08.713553
31547,0000,1208,106,2024-12-30 09:11:08.729555
27088,0000,1207,106,2024-12-30 09:11:08.745556
05427,0000,1208,106,2024-12-30 09:11:08.776986
04023,0000,1208,106,2024-12-30 09:11:08.793542
06041,0000,1208,106,2024-12-30 09:11:08.809540
44901,0000,1208,106,2024-12-30 09:11:08.825542
07249,0000,1208,106,2024-12-30 09:11:08.841544
00730,0000,1208,106,2024-12-30 09:11:08.857546
03656,0000,1208,106,2024-12-30 09:11:08.873528
01924,0000,1208,106,2024-12-30 09:11:08.889532
16928,0000,1208,106,2024-12-30 09:11:08.905522
02363,0001,1208,106,2024-12-30 09:11:08.921520
04823,0000,1208,106,2024-12-30 09:11:08.953387
04321,0000,1208,106,2024-12-30 09:11:08.969508
01231,0000,1208,106,2024-12-30 09:11:08.985494
61672,0000,1208,106,2024-12-30 09:11:09.001496
04474,0000,1208,106,2024-12-30 09:11:09.017490
24975,0000,1208,106,2024-12-30 09:11:09.033492
05736,0000,1208,106,2024-12-30 09:11:09.049494
05537,0000,1208,106,2024-12-30 09:11:09.065485
37709,0000,1208,106,2024-12-30 09:11:09.081478
05346,0000,1208,106,2024-12-30 09:11:09.113014
59358,0000,1208,106,2024-12-30 09:11:09.129472
37513,0000,1208,106,2024-12-30 09:11:09.145462
01470,0000,1208,106,2024-12-30 09:11:09.161466
07650,0000,1208,106,2024-12-30 09:11:09.177455
05415,0000,1208,106,2024-12-30 09:11:09.193458
60017,0000,1208,106,2024-12-30 09:11:09.209452
02992,0000,1208,106,2024-12-30 09:11:09.225455
23591,0000,1208,106,2024-12-30 09:11:09.241465
24795,0000,1208,106,2024-12-30 09:11:09.257443
01542,0000,1208,106,2024-12-30 09:11:09.289422
09871,0000,1208,106,2024-12-30 09:11:09.305452
00670,0000,1208,106,2024-12-30 09:11:09.321439
24511,0000,1208,106,2024-12-30 09:11:09.337432
16155,0000,1208,106,2024-12-30 09:11:09.353430
02099,0000,1208,106,2024-12-30 09:11:09.369431
04941,0000,1208,106,2024-12-30 09:11:09.385420
04892,0000,1208,106,2024-12-30 09:11:09.401418
62614,0000,1208,106,2024-12-30 09:11:09.417413
49922,0000,1208,106,2024-12-30 09:11:09.449056
04756,0000,1208,106,2024-12-30 09:11:09.465410
06602,0000,1208,106,2024-12-30 09:11:09.481413
47154,0000,1208,106,2024-12-30 09:11:09.497404
02673,0000,1208,106,2024-12-30 09:11:09.513396
04199,0000,1208,106,2024-12-30 09:11:09.529388
04689,0000,1208,106,2024-12-30 09:11:09.545391
01051,0000,1208,106,2024-12-30 09:11:09.561385
02719,0000,1208,106,2024-12-30 09:11:09.577401
11016,0000,1208,106,2024-12-30 09:11:09.608714
29364,0000,1208,106,2024-12-30 09:11:09.625393
02817,0000,1208,106,2024-12-30 09:11:09.641377
00493,0000,1208,106,2024-12-30 09:11:09.657367
04141,0000,1208,106,2024-12-30 09:11:09.673372
03355,0000,1208,106,2024-12-30 09:11:09.689359
37031,0000,1208,106,2024-12-30 09:11:09.705372
01861,0000,1208,106,2024-12-30 09:11:09.721359
02995,0001,1208,106,2024-12-30 09:11:09.737366
00767,0000,1208,106,2024-12-30 09:11:09.753367
12031,0001,1208,106,2024-12-30 09:11:09.785094
00489,0000,1208,106,2024-12-30 09:11:09.801347
37988,0000,1208,106,2024-12-30 09:11:09.817345
34824,0000,1208,106,2024-12-30 09:11:09.833344
03903,0000,1208,106,2024-12-30 09:11:09.849335
19402,0000,1208,106,2024-12-30 09:11:09.865336
02284,0000,1208,106,2024-12-30 09:11:09.881326
05413,0000,1208,106,2024-12-30 09:11:09.897317
65996,0000,1208,106,2024-12-30 09:11:09.913325
50866,0000,1208,106,2024-12-30 09:11:09.944717
37790,0000,1208,106,2024-12-30 09:11:09.961303
03411,0000,1208,106,2024-12-30 09:11:09.977314
00393,0000,1208,106,2024-12-30 09:11:09.993298
04609,0000,1208,106,2024-12-30 09:11:10.009303
60029,0000,1208,106,2024-12-30 09:11:10.025299
03109,0000,1209,106,2024-12-30 09:11:10.041303
01437,0000,1208,106,2024-12-30 09:11:10.057303
18035,0000,1208,106,2024-12-30 09:11:10.073315
05191,0000,1208,106,2024-12-30 09:11:10.089312
00750,0000,1208,106,2024-12-30 09:11:10.121133
13990,0000,1208,106,2024-12-30 09:11:10.137320
39502,0000,1208,106,2024-12-30 09:11:10.153313
05297,0000,1208,106,2024-12-30 09:11:10.169321
25957,0000,1208,106,2024-12-30 09:11:10.185329
31776,0000,1208,106,2024-12-30 09:11:10.201330
01569,0000,1208,106,2024-12-30 09:11:10.217258
22578,0000,1208,106,2024-12-30 09:11:10.233256
26074,0000,1208,106,2024-12-30 09:11:10.249262
25674,0000,1209,106,2024-12-30 09:11:10.280749
04714,0000,1208,106,2024-12-30 09:11:10.297244
59006,0000,1208,106,2024-12-30 09:11:10.313235
04556,0000,1208,106,2024-12-30 09:11:10.329238
04376,0000,1208,106,2024-12-30 09:11:10.345228
10116,0000,1208,106,2024-12-30 09:11:10.361239
19414,0000,1208,106,2024-12-30 09:11:10.377228
04652,0000,1208,106,2024-12-30 09:11:10.393225
00704,0000,1208,106,2024-12-30 09:11:10.409235
25004,0000,1208,106,2024-12-30 09:11:10.425232
57482,0000,1208,106,2024-12-30 09:11:10.457134
01484,0001,1208,106,2024-12-30 09:11:10.473204
38612,0000,1208,106,2024-12-30 09:11:10.489208
04699,0000,1208,106,2024-12-30 09:11:10.505206
21155,0000,1209,106,2024-12-30 09:11:10.521193
53137,0000,1208,106,2024-12-30 09:11:10.537200
03103,0000,1208,106,2024-12-30 09:11:10.553187
02984,0000,1208,106,2024-12-30 09:11:10.569192
03776,0000,1208,106,2024-12-30 09:11:10.585179
04537,0000,1208,106,2024-12-30 09:11:10.616772
17326,0000,1208,106,2024-12-30 09:11:10.633182
03416,0000,1208,106,2024-12-30 09:11:10.649176
03811,0000,1208,106,2024-12-30 09:11:10.665183
00978,0000,1208,106,2024-12-30 09:11:10.681164
18919,0000,1208,106,2024-12-30 09:11:10.697169
02637,0000,1208,106,2024-12-30 09:11:10.713157
40778,0000,1208,106,2024-12-30 09:11:10.729162
17172,0000,1208,106,2024-12-30 09:11:10.745154
14537,0000,1208,106,2024-12-30 09:11:10.761149
21181,0000,1208,106,2024-12-30 09:11:10.793149
46585,0000,1208,106,2024-12-30 09:11:10.809149
05233,0000,1208,106,2024-12-30 09:11:10.825139
02142,0000,1208,106,2024-12-30 09:11:10.841139
09404,0000,1208,106,2024-12-30 09:11:10.857130
53253,0000,1208,106,2024-12-30 09:11:10.873127
16594,0000,1208,106,2024-12-30 09:11:10.889122
14442,0000,1208,106,2024-12-30 09:11:10.905126
03130,0000,1208,106,2024-12-30 09:11:10.921124
23752,0000,1209,106,2024-12-30 09:11:10.952797
13001,0000,1208,106,2024-12-30 09:11:10.969105
24287,0000,1208,106,2024-12-30 09:11:10.985108
01304,0000,1208,106,2024-12-30 09:11:11.001094
43364,0000,1208,106,2024-12-30 09:11:11.017096
07678,0000,1208,106,2024-12-30 09:11:11.033092
23520,0000,1208,106,2024-12-30 09:11:11.049092
05175,0000,1209,106,2024-12-30 09:11:11.065089
16318,0000,1208,106,2024-12-30 09:11:11.081090
05026,0000,1209,106,2024-12-30 09:11:11.112435
00945,0000,1208,106,2024-12-30 09:11:11.129074
03519,0000,1208,106,2024-12-30 09:11:11.145083
04642,0000,1209,106,2024-12-30 09:11:11.161072
22554,0000,1208,106,2024-12-30 09:11:11.177068
00439,0000,1208,106,2024-12-30 09:11:11.193072
01273,0000,1208,106,2024-12-30 09:11:11.209059
11188,0000,1208,106,2024-12-30 09:11:11.225062
03825,0000,1208,106,2024-12-30 09:11:11.241060
36169,0000,1209,106,2024-12-30 09:11:11.257056
03332,0000,1209,106,2024-12-30 09:11:11.288839
15302,0000,1208,106,2024-12-30 09:11:11.305049
20210,0000,1208,106,2024-12-30 09:11:11.321046
42445,0000,1208,106,2024-12-30 09:11:11.337032
02704,0000,1208,106,2024-12-30 09:11:11.353038
13051,0000,1208,106,2024-12-30 09:11:11.369028
02140,0000,1209,106,2024-12-30 09:11:11.385036
20198,0000,1209,106,2024-12-30 09:11:11.401024
02711,0000,1208,106,2024-12-30 09:11:11.417025
24926,0000,1209,106,2024-12-30 09:11:11.448456
01476,0000,1209,106,2024-12-30 09:11:11.465012
28140,0000,1208,106,2024-12-30 09:11:11.481006
04561,0000,1208,106,2024-12-30 09:11:11.497007
02150,0000,1208,106,2024-12-30 09:11:11.512996
20249,0000,1209,106,2024-12-30 09:11:11.529001
32307,0000,1209,106,2024-12-30 09:11:11.545002
55645,0000,1209,106,2024-12-30 09:11:11.561003
55122,0000,1208,106,2024-12-30 09:11:11.577001
14764,0000,1208,106,2024-12-30 09:11:11.593002
13124,0000,1208,106,2024-12-30 09:11:11.624859
00067,0000,1209,106,2024-12-30 09:11:11.640980
01484,0000,1208,106,2024-12-30 09:11:11.656968
16262,0000,1209,106,2024-12-30 09:11:11.672976
10153,0000,1209,106,2024-12-30 09:11:11.688975
00720,0000,1208,106,2024-12-30 09:11:11.704978
16537,0000,1208,106,2024-12-30 09:11:11.720962
02896,0000,1208,106,2024-12-30 09:11:11.736965
26204,0000,1208,106,2024-12-30 09:11:11.752959
04959,0000,1208,106,2024-12-30 09:11:11.784474
06316,0000,1208,106,2024-12-30 09:11:11.800956
02575,0000,1209,106,2024-12-30 09:11:11.816947
02689,0001,1208,106,2024-12-30 09:11:11.832946
18910,0000,1209,106,2024-12-30 09:11:11.848935
03785,0000,1209,106,2024-12-30 09:11:11.864948
34070,0000,1209,106,2024-12-30 09:11:11.880934
25221,0000,1208,106,2024-12-30 09:11:11.896934
25360,0000,1209,106,2024-12-30 09:11:11.912928
07481,0000,1209,106,2024-12-30 09:11:11.928930
44686,0000,1209,106,2024-12-30 09:11:11.960876
01521,0000,1209,106,2024-12-30 09:11:11.976925
36040,0000,1208,106,2024-12-30 09:11:11.992909
54039,0000,1208,106,2024-12-30 09:11:12.008909
30925,0000,1209,106,2024-12-30 09:11:12.024900
01803,0000,1209,106,2024-12-30 09:11:12.040903
28277,0000,1209,106,2024-12-30 09:11:12.056897
02355,0000,1209,106,2024-12-30 09:11:12.072901
31272,0000,1208,106,2024-12-30 09:11:12.088899
11488,0000,1209,106,2024-12-30 09:11:12.120511
44604,0000,1209,106,2024-12-30 09:11:12.136873
57400,0000,1209,106,2024-12-30 09:11:12.152872
36148,0000,1209,106,2024-12-30 09:11:12.168870
20997,0000,1209,106,2024-12-30 09:11:12.184865
00860,0000,1209,106,2024-12-30 09:11:12.200866
12811,0000,1209,106,2024-12-30 09:11:12.216862
57436,0000,1209,106,2024-12-30 09:11:12.232858
48814,0000,1209,106,2024-12-30 09:11:12.248870
05456,0000,1209,106,2024-12-30 09:11:12.264855
10664,0001,1209,106,2024-12-30 09:11:12.296840
08225,0000,1209,106,2024-12-30 09:11:12.312857
00613,0000,1209,106,2024-12-30 09:11:12.328839
26699,0000,1209,106,2024-12-30 09:11:12.344841
02399,0000,1209,106,2024-12-30 09:11:12.360841
09532,0000,1209,106,2024-12-30 09:11:12.376823
01704,0001,1208,106,2024-12-30 09:11:12.392823
05236,0000,1209,106,2024-12-30 09:11:12.408824
09202,0000,1209,106,2024-12-30 09:11:12.424824
01212,0000,1209,106,2024-12-30 09:11:12.456547
39915,0000,1208,106,2024-12-30 09:11:12.472827
29671,0000,1209,106,2024-12-30 09:11:12.488810
03692,0000,1209,106,2024-12-30 09:11:12.504806
08745,0000,1209,106,2024-12-30 09:11:12.520808
10746,0000,1208,106,2024-12-30 09:11:12.536797
55576,0000,1208,106,2024-12-30 09:11:12.552788
41568,0000,1209,106,2024-12-30 09:11:12.568795
09325,0000,1209,106,2024-12-30 09:11:12.584783
29223,0000,1209,106,2024-12-30 09:11:12.616168
25095,0000,1209,106,2024-12-30 09:11:12.632787
42234,0000,1208,106,2024-12-30 09:11:12.648777
61915,0000,1209,106,2024-12-30 09:11:12.664773
35314,0000,1208,106,2024-12-30 09:11:12.680776
03763,0000,1209,106,2024-12-30 09:11:12.696768
31534,0000,1209,106,2024-12-30 09:11:12.712761
01947,0000,1209,106,2024-12-30 09:11:12.728765
02243,0000,1209,106,2024-12-30 09:11:12.744775
61683,0001,1209,106,2024-12-30 09:11:12.760769
17114,0000,1209,106,2024-12-30 09:11:12.792575
02713,0000,1208,106,2024-12-30 09:11:12.808742
01114,0000,1209,106,2024-12-30 09:11:12.824737
53987,0000,1209,106,2024-12-30 09:11:12.840741
55028,0000,1209,106,2024-12-30 09:11:12.856735
11317,0000,1209,106,2024-12-30 09:11:12.872741
06073,0000,1209,106,2024-12-30 09:11:12.888741
01726,0001,1209,106,2024-12-30 09:11:12.904734
12422,0000,1209,106,2024-12-30 09:11:12.920722
07595,0000,1209,106,2024-12-30 09:11:12.952190
23355,0000,1209,106,2024-12-30 09:11:12.968715
54813,0000,1209,106,2024-12-30 09:11:12.984706
02232,0000,1209,106,2024-12-30 09:11:13.000718
21129,0000,1209,106,2024-12-30 09:11:13.016704
05493,0000,1209,106,2024-12-30 09:11:13.032703
07527,0000,1209,106,2024-12-30 09:11:13.048699
12200,0000,1209,106,2024-12-30 09:11:13.064697
10686,0000,1209,106,2024-12-30 09:11:13.080689
58411,0000,1209,106,2024-12-30 09:11:13.096699
00554,0000,1209,106,2024-12-30 09:11:13.128593
04652,0000,1209,106,2024-12-30 09:11:13.144691
36069,0000,1209,106,2024-12-30 09:11:13.160691
01735,0000,1209,106,2024-12-30 09:11:13.176692
38529,0000,1209,106,2024-12-30 09:11:13.192697
20975,0000,1209,106,2024-12-30 09:11:13.208692
04546,0000,1209,106,2024-12-30 09:11:13.224695
22190,0000,1209,106,2024-12-30 09:11:13.240711
20096,0000,1209,106,2024-12-30 09:11:13.256704
06954,0000,1209,106,2024-12-30 09:11:13.288267
00685,0000,1209,106,2024-12-30 09:11:13.304722
46413,0000,1209,106,2024-12-30 09:11:13.320718
04593,0000,1209,106,2024-12-30 09:11:13.336642
02658,0000,1209,106,2024-12-30 09:11:13.352647
02483,0000,1209,106,2024-12-30 09:11:13.368641
03863,0000,1209,106,2024-12-30 09:11:13.384645
03048,0000,1209,106,2024-12-30 09:11:13.400628
00104,0000,1209,106,2024-12-30 09:11:13.416635
00408,0000,1209,106,2024-12-30 09:11:13.432629
14586,0000,1209,106,2024-12-30 09:11:13.464618
02049,0000,1209,106,2024-12-30 09:11:13.480624
48277,0001,1209,106,2024-12-30 09:11:13.496614
00490,0000,1209,106,2024-12-30 09:11:13.512615
27673,0000,1209,106,2024-12-30 09:11:13.528620
01224,0001,1209,106,2024-12-30 09:11:13.544606
02954,0000,1209,106,2024-12-30 09:11:13.560605
18908,0000,1209,106,2024-12-30 09:11:13.576599
36961,0000,1209,106,2024-12-30 09:11:13.592601
42442,0000,1209,106,2024-12-30 09:11:13.624263
00490,0000,1209,106,2024-12-30 09:11:13.640587
23571,0000,1209,106,2024-12-30 09:11:13.656588
23194,0000,1209,106,2024-12-30 09:11:13.672572
05462,0000,1209,106,2024-12-30 09:11:13.688577
23212,0000,1209,106,2024-12-30 09:11:13.704572
01210,0000,1209,106,2024-12-30 09:11:13.720573
43304,0000,1209,106,2024-12-30 09:11:13.736563
49753,0000,1209,106,2024-12-30 09:11:13.752570
02284,0000,1209,106,2024-12-30 09:11:13.783886
09248,0001,1209,106,2024-12-30 09:11:13.800555
20988,0000,1209,106,2024-12-30 09:11:13.816540
42228,0000,1209,106,2024-12-30 09:11:13.832546
54994,0000,1209,106,2024-12-30 09:11:13.848540
05347,0000,1209,106,2024-12-30 09:11:13.864539
24780,0000,1209,106,2024-12-30 09:11:13.880530
21621,0000,1209,106,2024-12-30 09:11:13.896530
05453,0000,1209,106,2024-12-30 09:11:13.912540
03731,0000,1209,106,2024-12-30 09:11:13.928522
07930,0001,1209,106,2024-12-30 09:11:13.960287
55893,0000,1209,106,2024-12-30 09:11:13.976520
08033,0000,1209,106,2024-12-30 09:11:13.992507
52564,0000,1209,106,2024-12-30 09:11:14.008511
32879,0000,1209,106,2024-12-30 09:11:14.024506
11309,0001,1209,106,2024-12-30 09:11:14.040514
02908,0000,1209,106,2024-12-30 09:11:14.056506
00665,0000,1209,106,2024-12-30 09:11:14.072500
04616,0000,1209,106,2024-12-30 09:11:14.088496
02185,0000,1209,106,2024-12-30 09:11:14.119908
31351,0000,1209,106,2024-12-30 09:11:14.136488
01320,0000,1209,106,2024-12-30 09:11:14.152476
02281,0000,1209,106,2024-12-30 09:11:14.168479
13895,0000,1209,106,2024-12-30 09:11:14.184473
28207,0000,1209,106,2024-12-30 09:11:14.200472
05442,0000,1209,106,2024-12-30 09:11:14.216471
01889,0000,1209,106,2024-12-30 09:11:14.232472
26321,0000,1209,106,2024-12-30 09:11:14.248483
18213,0000,1209,106,2024-12-30 09:11:14.264476
07649,0000,1209,106,2024-12-30 09:11:14.296314
42395,0000,1209,106,2024-12-30 09:11:14.312462
07181,0000,1209,106,2024-12-30 09:11:14.328447
00110,0000,1209,106,2024-12-30 09:11:14.344449
04587,0000,1209,106,2024-12-30 09:11:14.360436
09445,0000,1209,106,2024-12-30 09:11:14.376440
01313,0000,1209,106,2024-12-30 09:11:14.392434
05048,0000,1209,106,2024-12-30 09:11:14.408436
03825,0000,1209,106,2024-12-30 09:11:14.424430
01259,0000,1209,106,2024-12-30 09:11:14.455946
21845,0000,1209,106,2024-12-30 09:11:14.472425
08551,0000,1209,106,2024-12-30 09:11:14.488426
28806,0000,1209,106,2024-12-30 09:11:14.504418
03088,0000,1209,106,2024-12-30 09:11:14.520407
29562,0000,1209,106,2024-12-30 09:11:14.536409
13678,0000,1209,106,2024-12-30 09:11:14.552409
02797,0000,1209,106,2024-12-30 09:11:14.568404
05201,0000,1209,106,2024-12-30 09:11:14.584401
10869,0000,1209,106,2024-12-30 09:11:14.600390
20309,0000,1209,106,2024-12-30 09:11:14.632333
15698,0000,1209,106,2024-12-30 09:11:14.648393
16362,0000,1210,106,2024-12-30 09:11:14.664382
07632,0000,1209,106,2024-12-30 09:11:14.680383
52218,0000,1209,106,2024-12-30 09:11:14.696380
44663,0000,1209,106,2024-12-30 09:11:14.712383
03711,0000,1209,106,2024-12-30 09:11:14.728364
01761,0000,1209,106,2024-12-30 09:11:14.744374
01449,0000,1209,106,2024-12-30 09:11:14.760362
02683,0000,1209,106,2024-12-30 09:11:14.791971
51657,0000,1209,106,2024-12-30 09:11:14.808353
00401,0000,1209,106,2024-12-30 09:11:14.824359
10189,0000,1209,106,2024-12-30 09:11:14.840346
21207,0001,1209,106,2024-12-30 09:11:14.856352
03538,0000,1209,106,2024-12-30 09:11:14.872342
02853,0000,1209,106,2024-12-30 09:11:14.888343
05559,0000,1209,106,2024-12-30 09:11:14.904331
02466,0000,1209,106,2024-12-30 09:11:14.920335
05535,0000,1209,106,2024-12-30 09:11:14.936327
02592,0000,1209,106,2024-12-30 09:11:14.968318
00521,0000,1209,106,2024-12-30 09:11:14.984318
03377,0000,1209,106,2024-12-30 09:11:15.000318
47533,0000,1209,106,2024-12-30 09:11:15.016321
02404,0000,1209,106,2024-12-30 09:11:15.032309
03148,0000,1210,106,2024-12-30 09:11:15.048315
08439,0000,1209,106,2024-12-30 09:11:15.064303
13893,0000,1209,106,2024-12-30 09:11:15.080299
17480,0000,1209,106,2024-12-30 09:11:15.096311
00584,0000,1209,106,2024-12-30 09:11:15.127996
25783,0000,1210,106,2024-12-30 09:11:15.144293
04520,0000,1209,106,2024-12-30 09:11:15.160285
35236,0000,1209,106,2024-12-30 09:11:15.176284
30794,0000,1209,106,2024-12-30 09:11:15.192282
48078,0000,1210,106,2024-12-30 09:11:15.208272
20817,0000,1209,106,2024-12-30 09:11:15.224276
35250,0000,1209,106,2024-12-30 09:11:15.240279
13805,0000,1209,106,2024-12-30 09:11:15.256262
53179,0000,1210,106,2024-12-30 09:11:15.287645
14653,0000,1209,106,2024-12-30 09:11:15.304258
09258,0000,1210,106,2024-12-30 09:11:15.320249
44633,0000,1210,106,2024-12-30 09:11:15.336250
24039,0000,1209,106,2024-12-30 09:11:15.352244
03031,0000,1209,106,2024-12-30 09:11:15.368243
17165,0000,1209,106,2024-12-30 09:11:15.384237
20987,0001,1209,106,2024-12-30 09:11:15.400242
04683,0000,1209,106,2024-12-30 09:11:15.416234
61618,0000,1209,106,2024-12-30 09:11:15.432234
48307,0000,1209,106,2024-12-30 09:11:15.464016
17066,0000,1210,106,2024-12-30 09:11:15.480236
04409,0000,1210,106,2024-12-30 09:11:15.496214
40274,0001,1209,106,2024-12-30 09:11:15.512214
01338,0000,1209,106,2024-12-30 09:11:15.528209
25082,0000,1209,106,2024-12-30 09:11:15.544214
09390,0000,1209,106,2024-12-30 09:11:15.560204
06244,0000,1209,106,2024-12-30 09:11:15.576200
49739,0000,1209,106,2024-12-30 09:11:15.592217
02214,0000,1209,106,2024-12-30 09:11:15.623649
25542,0000,1210,106,2024-12-30 09:11:15.640212
04595,0000,1209,106,2024-12-30 09:11:15.656186
28194,0000,1210,106,2024-12-30 09:11:15.672191
14122,0000,1209,106,2024-12-30 09:11:15.688184
00506,0000,1209,106,2024-12-30 09:11:15.704175
30442,0000,1209,106,2024-12-30 09:11:15.720183
03844,0000,1209,106,2024-12-30 09:11:15.736168
04609,0000,1209,106,2024-12-30 09:11:15.752179
00888,0000,1209,106,2024-12-30 09:11:15.768175
02996,0000,1209,106,2024-12-30 09:11:15.800053
02276,0000,1209,106,2024-12-30 09:11:15.816157
28008,0000,1210,106,2024-12-30 09:11:15.832154
21804,0000,1209,106,2024-12-30 09:11:15.848146
05402,0000,1210,106,2024-12-30 09:11:15.864151
31982,0000,1209,106,2024-12-30 09:11:15.880152
04556,0000,1210,106,2024-12-30 09:11:15.896141
10883,0000,1209,106,2024-12-30 09:11:15.912137
03073,0000,1209,106,2024-12-30 09:11:15.928133
01680,0000,1210,106,2024-12-30 09:11:15.959687
53044,0000,1209,106,2024-12-30 09:11:15.976134
21804,0000,1209,106,2024-12-30 09:11:15.992128
04401,0000,1209,106,2024-12-30 09:11:16.008116
04465,0000,1210,106,2024-12-30 09:11:16.024120
47477,0000,1209,106,2024-12-30 09:11:16.040121
24882,0000,1210,106,2024-12-30 09:11:16.056116
13764,0000,1209,106,2024-12-30 09:11:16.072120
64083,0001,1210,106,2024-12-30 09:11:16.088106
30568,0000,1210,106,2024-12-30 09:11:16.104100
55830,0000,1209,106,2024-12-30 09:11:16.136068
01972,0000,1210,106,2024-12-30 09:11:16.152089
03241,0000,1209,106,2024-12-30 09:11:16.168085
33210,0000,1210,106,2024-12-30 09:11:16.184080
04339,0000,1210,106,2024-12-30 09:11:16.200081
47973,0000,1210,106,2024-12-30 09:11:16.216077
40275,0000,1209,106,2024-12-30 09:11:16.232068
19571,0000,1209,106,2024-12-30 09:11:16.248079
03416,0000,1210,106,2024-12-30 09:11:16.264076
03556,0000,1210,106,2024-12-30 09:11:16.295728
50028,0000,1209,106,2024-12-30 09:11:16.312092
16300,0000,1210,106,2024-12-30 09:11:16.328080
02334,0000,1209,106,2024-12-30 09:11:16.344082
30358,0000,1209,106,2024-12-30 09:11:16.360080
28456,0001,1210,106,2024-12-30 09:11:16.376084
02095,0000,1210,106,2024-12-30 09:11:16.392089
01341,0000,1210,106,2024-12-30 09:11:16.408089
05465,0000,1209,106,2024-12-30 09:11:16.424087
20639,0000,1210,106,2024-12-30 09:11:16.440095
01541,0001,1210,106,2024-12-30 09:11:16.472020
45551,0000,1210,106,2024-12-30 09:11:16.488017
05366,0000,1210,106,2024-12-30 09:11:16.504018
39213,0000,1209,106,2024-12-30 09:11:16.520012
32977,0000,1210,106,2024-12-30 09:11:16.536009
07949,0000,1209,106,2024-12-30 09:11:16.552005
00350,0000,1209,106,2024-12-30 09:11:16.568003
48802,0000,1209,106,2024-12-30 09:11:16.584001
44955,0000,1210,106,2024-12-30 09:11:16.600000
37165,0001,1210,106,2024-12-30 09:11:16.631747
00100,0000,1210,106,2024-12-30 09:11:16.647998
02609,0001,1209,106,2024-12-30 09:11:16.663983
03673,0000,1210,106,2024-12-30 09:11:16.679982
05089,0000,1209,106,2024-12-30 09:11:16.695974
17810,0000,1209,106,2024-12-30 09:11:16.711983
27671,0000,1210,106,2024-12-30 09:11:16.727968
00154,0000,1210,106,2024-12-30 09:11:16.743979
19608,0000,1210,106,2024-12-30 09:11:16.759982
01948,0000,1210,106,2024-12-30 09:11:16.791367
09203,0001,1210,106,2024-12-30 09:11:16.807952
23970,0000,1210,106,2024-12-30 09:11:16.823957
13921,0000,1209,106,2024-12-30 09:11:16.839950
52242,0000,1210,106,2024-12-30 09:11:16.855948
01318,0000,1210,106,2024-12-30 09:11:16.871938
31224,0000,1210,106,2024-12-30 09:11:16.887941
34707,0000,1210,106,2024-12-30 09:11:16.903934
05076,0000,1210,106,2024-12-30 09:11:16.919939
04290,0000,1210,106,2024-12-30 09:11:16.935930
43903,0000,1210,106,2024-12-30 09:11:16.967753
01793,0000,1210,106,2024-12-30 09:11:16.983947
08392,0000,1209,106,2024-12-30 09:11:16.999927
04710,0001,1209,106,2024-12-30 09:11:17.015926
20345,0000,1210,106,2024-12-30 09:11:17.031929
04705,0000,1209,106,2024-12-30 09:11:17.047914
27594,0000,1210,106,2024-12-30 09:11:17.063910
03039,0000,1210,106,2024-12-30 09:11:17.079906
23531,0000,1210,106,2024-12-30 09:11:17.095915
47356,0000,1210,106,2024-12-30 09:11:17.127408
44796,0000,1210,106,2024-12-30 09:11:17.143907
03677,0000,1210,106,2024-12-30 09:11:17.159896
36116,0000,1210,106,2024-12-30 09:11:17.175885
02826,0000,1210,106,2024-12-30 09:11:17.191892
27577,0001,1210,106,2024-12-30 09:11:17.207883
10767,0000,1210,106,2024-12-30 09:11:17.223886
29493,0000,1210,106,2024-12-30 09:11:17.239890
05361,0000,1209,106,2024-12-30 09:11:17.255882
02882,0000,1210,106,2024-12-30 09:11:17.271875
01771,0000,1209,106,2024-12-30 09:11:17.303783
08484,0000,1210,106,2024-12-30 09:11:17.319870
30895,0000,1210,106,2024-12-30 09:11:17.335858
02215,0000,1210,106,2024-12-30 09:11:17.351844
00056,0000,1210,106,2024-12-30 09:11:17.367847
14900,0000,1210,106,2024-12-30 09:11:17.383848
05085,0000,1210,106,2024-12-30 09:11:17.399846
40905,0000,1210,106,2024-12-30 09:11:17.415847
12616,0000,1210,106,2024-12-30 09:11:17.431849
-0013,0000,1210,106,2024-12-30 09:11:17.463345
02972,0000,1210,106,2024-12-30 09:11:17.479829
25143,0000,1210,106,2024-12-30 09:11:17.495818
03169,0000,1210,106,2024-12-30 09:11:17.511822
40863,0000,1210,106,2024-12-30 09:11:17.527822
02132,0000,1210,106,2024-12-30 09:11:17.543817
04334,0000,1210,106,2024-12-30 09:11:17.559809
08484,0000,1210,106,2024-12-30 09:11:17.575805
04608,0000,1210,106,2024-12-30 09:11:17.591797
05123,0000,1210,106,2024-12-30 09:11:17.607804
05458,0001,1210,106,2024-12-30 09:11:17.639792
03488,0000,1210,106,2024-12-30 09:11:17.655793
10475,0000,1210,106,2024-12-30 09:11:17.671798
03168,0000,1210,106,2024-12-30 09:11:17.687792
37816,0000,1210,106,2024-12-30 09:11:17.703787
02377,0000,1210,106,2024-12-30 09:11:17.719781
04888,0000,1210,106,2024-12-30 09:11:17.735780
40955,0001,1210,106,2024-12-30 09:11:17.751776
05356,0000,1210,106,2024-12-30 09:11:17.767772
02503,0000,1210,106,2024-12-30 09:11:17.799453
23888,0000,1210,106,2024-12-30 09:11:17.815771
49956,0000,1210,106,2024-12-30 09:11:17.831754
07844,0000,1210,106,2024-12-30 09:11:17.847757
03854,0000,1210,106,2024-12-30 09:11:17.863756
01610,0000,1210,106,2024-12-30 09:11:17.879800
05274,0000,1210,106,2024-12-30 09:11:17.895753
40852,0000,1210,106,2024-12-30 09:11:17.911753
39229,0000,1210,106,2024-12-30 09:11:17.927748
32309,0000,1210,106,2024-12-30 09:11:17.959102
03684,0000,1209,106,2024-12-30 09:11:17.975738
14714,0000,1210,106,2024-12-30 09:11:17.991741
13524,0000,1210,106,2024-12-30 09:11:18.007718
04513,0000,1210,106,2024-12-30 09:11:18.023716
40955,0000,1210,106,2024-12-30 09:11:18.039715
23073,0000,1210,106,2024-12-30 09:11:18.055710
04373,0000,1210,106,2024-12-30 09:11:18.071705
00623,0000,1210,106,2024-12-30 09:11:18.087707
05298,0000,1210,106,2024-12-30 09:11:18.103702
41579,0000,1210,106,2024-12-30 09:11:18.135483
00151,0000,1210,106,2024-12-30 09:11:18.151702
01986,0000,1210,106,2024-12-30 09:11:18.167684
01342,0000,1210,106,2024-12-30 09:11:18.183685
14722,0001,1210,106,2024-12-30 09:11:18.199693
18121,0000,1210,106,2024-12-30 09:11:18.215675
01221,0000,1210,106,2024-12-30 09:11:18.231678
67898,0000,1210,106,2024-12-30 09:11:18.247696
13177,0000,1210,106,2024-12-30 09:11:18.263678
03801,0000,1210,106,2024-12-30 09:11:18.295109
-0025,0000,1210,106,2024-12-30 09:11:18.311673
02241,0000,1209,106,2024-12-30 09:11:18.327667
13772,0000,1210,106,2024-12-30 09:11:18.343652
15520,0001,1210,106,2024-12-30 09:11:18.359654
10923,0000,1210,106,2024-12-30 09:11:18.375648
15722,0000,1210,106,2024-12-30 09:11:18.391637
28944,0000,1210,106,2024-12-30 09:11:18.407654
33077,0000,1210,106,2024-12-30 09:11:18.423645
03071,0000,1210,106,2024-12-30 09:11:18.439643
05320,0000,1210,106,2024-12-30 09:11:18.471510
04659,0000,1210,106,2024-12-30 09:11:18.487634
04310,0000,1210,106,2024-12-30 09:11:18.503633
03092,0000,1210,106,2024-12-30 09:11:18.519625
02913,0000,1210,106,2024-12-30 09:11:18.535629
05480,0000,1210,106,2024-12-30 09:11:18.551624
04657,0000,1210,106,2024-12-30 09:11:18.567624
20127,0000,1210,106,2024-12-30 09:11:18.583614
04280,0000,1210,106,2024-12-30 09:11:18.599604
00764,0000,1210,106,2024-12-30 09:11:18.631147
01715,0000,1210,106,2024-12-30 09:11:18.647596
00722,0000,1210,106,2024-12-30 09:11:18.663586
01068,0000,1210,106,2024-12-30 09:11:18.679587
14573,0000,1210,106,2024-12-30 09:11:18.695587
01364,0000,1210,106,2024-12-30 09:11:18.711581
34708,0000,1210,106,2024-12-30 09:11:18.727574
61971,0000,1210,106,2024-12-30 09:11:18.743584
12944,0000,1210,106,2024-12-30 09:11:18.759590
00048,0001,1210,106,2024-12-30 09:11:18.775581
02700,0000,1210,106,2024-12-30 09:11:18.807546
53940,0000,1210,106,2024-12-30 09:11:18.823560
01896,0000,1210,106,2024-12-30 09:11:18.839559
05294,0000,1210,106,2024-12-30 09:11:18.855551
03051,0000,1210,106,2024-12-30 09:11:18.871546
02135,0000,1210,106,2024-12-30 09:11:18.887553
04238,0000,1210,106,2024-12-30 09:11:18.903552
04480,0000,1210,106,2024-12-30 09:11:18.919550
41148,0000,1210,106,2024-12-30 09:11:18.935539
45844,0000,1210,106,2024-12-30 09:11:18.967167
03756,0000,1210,106,2024-12-30 09:11:18.983535
00952,0000,1210,106,2024-12-30 09:11:18.999522
18849,0000,1210,106,2024-12-30 09:11:19.015519
02895,0001,1210,106,2024-12-30 09:11:19.031516
03800,0000,1210,106,2024-12-30 09:11:19.047515
23963,0000,1210,106,2024-12-30 09:11:19.063508
43236,0000,1210,106,2024-12-30 09:11:19.079515
28827,0000,1210,106,2024-12-30 09:11:19.095518
00737,0001,1210,106,2024-12-30 09:11:19.111516
05722,0000,1210,106,2024-12-30 09:11:19.143511
01317,0000,1210,106,2024-12-30 09:11:19.159497
08297,0000,1210,106,2024-12-30 09:11:19.175500
03860,0000,1210,106,2024-12-30 09:11:19.191491
39779,0000,1210,106,2024-12-30 09:11:19.207492
59144,0000,1210,106,2024-12-30 09:11:19.223487
27072,0000,1210,106,2024-12-30 09:11:19.239499
33105,0000,1210,106,2024-12-30 09:11:19.255483
43154,0000,1210,106,2024-12-30 09:11:19.271478
02947,0000,1210,106,2024-12-30 09:11:19.303196
18311,0000,1210,106,2024-12-30 09:11:19.319464
04482,0000,1210,106,2024-12-30 09:11:19.335457
20727,0000,1210,106,2024-12-30 09:11:19.351453
49045,0000,1210,106,2024-12-30 09:11:19.367452
28440,0000,1210,106,2024-12-30 09:11:19.383461
29527,0000,1210,106,2024-12-30 09:11:19.399460
60707,0000,1210,106,2024-12-30 09:11:19.415463
02307,0000,1210,106,2024-12-30 09:11:19.431463
02593,0000,1210,106,2024-12-30 09:11:19.462860
03329,0000,1210,106,2024-12-30 09:11:19.479471
03419,0000,1211,106,2024-12-30 09:11:19.495487
00440,0000,1210,106,2024-12-30 09:11:19.511483
03840,0000,1210,106,2024-12-30 09:11:19.527479
39156,0000,1210,106,2024-12-30 09:11:19.543485
31939,0000,1210,106,2024-12-30 09:11:19.559407
01513,0000,1210,106,2024-12-30 09:11:19.575419
02202,0000,1210,106,2024-12-30 09:11:19.591411
21019,0000,1210,106,2024-12-30 09:11:19.607403
05257,0000,1210,106,2024-12-30 09:11:19.639207
02172,0000,1210,106,2024-12-30 09:11:19.655390
04406,0000,1210,106,2024-12-30 09:11:19.671398
18635,0000,1210,106,2024-12-30 09:11:19.687394
02734,0000,1210,106,2024-12-30 09:11:19.703390
02887,0000,1211,106,2024-12-30 09:11:19.719376
29405,0000,1210,106,2024-12-30 09:11:19.735382
26307,0000,1210,106,2024-12-30 09:11:19.751388
17831,0000,1210,106,2024-12-30 09:11:19.767389
12366,0000,1210,106,2024-12-30 09:11:19.798861
02797,0000,1211,106,2024-12-30 09:11:19.815365
24049,0000,1210,106,2024-12-30 09:11:19.831360
44888,0000,1210,106,2024-12-30 09:11:19.847367
04420,0000,1210,106,2024-12-30 09:11:19.863360
03901,0000,1210,106,2024-12-30 09:11:19.879362
04463,0000,1210,106,2024-12-30 09:11:19.895352
37180,0000,1210,106,2024-12-30 09:11:19.911349
04429,0000,1211,106,2024-12-30 09:11:19.927346
04531,0000,1210,106,2024-12-30 09:11:19.943349
02859,0000,1210,106,2024-12-30 09:11:19.975246
26508,0000,1211,106,2024-12-30 09:11:19.991333
07090,0000,1210,106,2024-12-30 09:11:20.007329
17378,0000,1210,106,2024-12-30 09:11:20.023318
01082,0000,1211,106,2024-12-30 09:11:20.039324
14633,0000,1210,106,2024-12-30 09:11:20.055319
04657,0000,1210,106,2024-12-30 09:11:20.071319
48903,0000,1210,106,2024-12-30 09:11:20.087310
10134,0000,1210,106,2024-12-30 09:11:20.103311
58462,0000,1211,106,2024-12-30 09:11:20.134884
00246,0000,1211,106,2024-12-30 09:11:20.151307
67552,0001,1211,106,2024-12-30 09:11:20.167293
07030,0000,1211,106,2024-12-30 09:11:20.183293
22716,0000,1210,106,2024-12-30 09:11:20.199285
45748,0000,1210,106,2024-12-30 09:11:20.215291
53972,0000,1211,106,2024-12-30 09:11:20.231277
53401,0000,1210,106,2024-12-30 09:11:20.247289
09719,0000,1210,106,2024-12-30 09:11:20.263277
42660,0000,1210,106,2024-12-30 09:11:20.279286
04437,0000,1210,106,2024-12-30 09:11:20.311285
01130,0000,1210,106,2024-12-30 09:11:20.327272
08396,0000,1210,106,2024-12-30 09:11:20.343264
24834,0000,1210,106,2024-12-30 09:11:20.359260
04638,0000,1211,106,2024-12-30 09:11:20.375258
20789,0000,1211,106,2024-12-30 09:11:20.391253
06154,0000,1210,106,2024-12-30 09:11:20.407241
29168,0000,1211,106,2024-12-30 09:11:20.423250
19304,0000,1210,106,2024-12-30 09:11:20.439243
03721,0000,1210,106,2024-12-30 09:11:20.470918
02329,0000,1211,106,2024-12-30 09:11:20.487237
22216,0000,1210,106,2024-12-30 09:11:20.503230
23582,0000,1211,106,2024-12-30 09:11:20.519227
02319,0000,1210,106,2024-12-30 09:11:20.535237
16502,0000,1211,106,2024-12-30 09:11:20.551222
00750,0001,1211,106,2024-12-30 09:11:20.567223
22021,0000,1211,106,2024-12-30 09:11:20.583224
02427,0000,1211,106,2024-12-30 09:11:20.599215
26393,0000,1210,106,2024-12-30 09:11:20.630560
45788,0000,1211,106,2024-12-30 09:11:20.647208
00949,0000,1211,106,2024-12-30 09:11:20.663204
01577,0000,1210,106,2024-12-30 09:11:20.679187
63402,0000,1211,106,2024-12-30 09:11:20.695194
15729,0000,1211,106,2024-12-30 09:11:20.711186
02277,0000,1211,106,2024-12-30 09:11:20.727190
04192,0000,1211,106,2024-12-30 09:11:20.743194
16149,0000,1211,106,2024-12-30 09:11:20.759190
49176,0001,1211,106,2024-12-30 09:11:20.775184
21726,0000,1210,106,2024-12-30 09:11:20.806940
03824,0000,1210,106,2024-12-30 09:11:20.823176
36081,0000,1210,106,2024-12-30 09:11:20.839161
20274,0000,1210,106,2024-12-30 09:11:20.855153
21107,0000,1211,106,2024-12-30 09:11:20.871158
03413,0000,1210,106,2024-12-30 09:11:20.887146
11688,0000,1211,106,2024-12-30 09:11:20.903150
30364,0000,1210,106,2024-12-30 09:11:20.919150
03102,0000,1210,106,2024-12-30 09:11:20.935155
03676,0000,1210,106,2024-12-30 09:11:20.966573
01747,0000,1211,106,2024-12-30 09:11:20.983131
03646,0000,1211,106,2024-12-30 09:11:20.999132
05396,0000,1211,106,2024-12-30 09:11:21.015134
04469,0000,1210,106,2024-12-30 09:11:21.031128
21575,0000,1211,106,2024-12-30 09:11:21.047128
05470,0000,1211,106,2024-12-30 09:11:21.063121
38339,0000,1210,106,2024-12-30 09:11:21.079128
05791,0000,1211,106,2024-12-30 09:11:21.095110
17058,0000,1210,106,2024-12-30 09:11:21.111123
28516,0000,1210,106,2024-12-30 09:11:21.142970
04565,0000,1210,106,2024-12-30 09:11:21.159103
54082,0000,1211,106,2024-12-30 09:11:21.175102
37718,0000,1211,106,2024-12-30 09:11:21.191105
50529,0000,1211,106,2024-12-30 09:11:21.207105
13187,0000,1211,106,2024-12-30 09:11:21.223099
49990,0000,1211,106,2024-12-30 09:11:21.239114
10127,0000,1211,106,2024-12-30 09:11:21.255093
00557,0000,1211,106,2024-12-30 09:11:21.271096
10020,0001,1211,106,2024-12-30 09:11:21.302625
04676,0000,1211,106,2024-12-30 09:11:21.319098
02344,0000,1211,106,2024-12-30 09:11:21.335071
55717,0000,1211,106,2024-12-30 09:11:21.351070
01487,0000,1210,106,2024-12-30 09:11:21.367070
05283,0000,1211,106,2024-12-30 09:11:21.383073
00734,0000,1211,106,2024-12-30 09:11:21.399053
04524,0000,1211,106,2024-12-30 09:11:21.415064
03508,0000,1211,106,2024-12-30 09:11:21.431061
05374,0000,1211,106,2024-12-30 09:11:21.447047
02206,0000,1211,106,2024-12-30 09:11:21.478998
05113,0000,1211,106,2024-12-30 09:11:21.495056
26102,0000,1211,106,2024-12-30 09:11:21.511041
59365,0000,1211,106,2024-12-30 09:11:21.527045
02079,0000,1211,106,2024-12-30 09:11:21.543046
04588,0001,1211,106,2024-12-30 09:11:21.559035
05370,0000,1211,106,2024-12-30 09:11:21.575028
02606,0000,1211,106,2024-12-30 09:11:21.591037
04490,0000,1211,106,2024-12-30 09:11:21.607036
32015,0000,1211,106,2024-12-30 09:11:21.638634
01459,0000,1211,106,2024-12-30 09:11:21.655035
44878,0000,1211,106,2024-12-30 09:11:21.671012
01851,0000,1211,106,2024-12-30 09:11:21.687007
01766,0000,1211,106,2024-12-30 09:11:21.703009
04154,0000,1211,106,2024-12-30 09:11:21.719010
34836,0000,1211,106,2024-12-30 09:11:21.734996
23992,0000,1211,106,2024-12-30 09:11:21.750994
23332,0000,1211,106,2024-12-30 09:11:21.766997
00499,0000,1211,106,2024-12-30 09:11:21.782982
29942,0001,1210,106,2024-12-30 09:11:21.814982
66883,0000,1211,106,2024-12-30 09:11:21.830987
02539,0000,1211,106,2024-12-30 09:11:21.846987
22841,0000,1211,106,2024-12-30 09:11:21.862976
05427,0000,1211,106,2024-12-30 09:11:21.878966
05350,0000,1211,106,2024-12-30 09:11:21.894968
16896,0000,1211,106,2024-12-30 09:11:21.910967
14658,0000,1211,106,2024-12-30 09:11:21.926962
01474,0001,1211,106,2024-12-30 09:11:21.942955
50617,0000,1211,106,2024-12-30 09:11:21.974632
21589,0000,1211,106,2024-12-30 09:11:21.990947
32300,0001,1211,106,2024-12-30 09:11:22.006938
30456,0000,1211,106,2024-12-30 09:11:22.022946
00091,0000,1211,106,2024-12-30 09:11:22.038928
23248,0000,1211,106,2024-12-30 09:11:22.054932
03359,0000,1211,106,2024-12-30 09:11:22.070927
34767,0000,1211,106,2024-12-30 09:11:22.086932
45688,0000,1211,106,2024-12-30 09:11:22.102937
03834,0000,1211,106,2024-12-30 09:11:22.134265
03928,0000,1211,106,2024-12-30 09:11:22.150909
01042,0000,1211,106,2024-12-30 09:11:22.166910
02022,0000,1211,106,2024-12-30 09:11:22.182903
48813,0000,1211,106,2024-12-30 09:11:22.198905
28350,0000,1211,106,2024-12-30 09:11:22.214909
20177,0000,1211,106,2024-12-30 09:11:22.230913
15360,0000,1211,106,2024-12-30 09:11:22.246911
30359,0000,1211,106,2024-12-30 09:11:22.262898
03855,0000,1211,106,2024-12-30 09:11:22.278891
02505,0000,1211,106,2024-12-30 09:11:22.310676
17474,0000,1211,106,2024-12-30 09:11:22.326884
01086,0000,1210,106,2024-12-30 09:11:22.342879
04796,0000,1211,106,2024-12-30 09:11:22.358875
43403,0000,1211,106,2024-12-30 09:11:22.374875
02139,0000,1211,106,2024-12-30 09:11:22.390876
47445,0000,1211,106,2024-12-30 09:11:22.406873
01589,0001,1211,106,2024-12-30 09:11:22.422874
04483,0000,1211,106,2024-12-30 09:11:22.438868
04626,0000,1210,106,2024-12-30 09:11:22.470303
30794,0000,1211,106,2024-12-30 09:11:22.486858
02475,0000,1211,106,2024-12-30 09:11:22.502857
02798,0000,1211,106,2024-12-30 09:11:22.518859
12236,0000,1211,106,2024-12-30 09:11:22.534856
12413,0000,1211,106,2024-12-30 09:11:22.550861
23036,0000,1211,106,2024-12-30 09:11:22.566861
03827,0000,1211,106,2024-12-30 09:11:22.582859
18312,0000,1211,106,2024-12-30 09:11:22.598865
03234,0000,1211,106,2024-12-30 09:11:22.614872
01006,0001,1211,106,2024-12-30 09:11:22.646717
36221,0000,1211,106,2024-12-30 09:11:22.662874
00526,0000,1211,106,2024-12-30 09:11:22.678876
00138,0000,1211,106,2024-12-30 09:11:22.694803
02929,0001,1211,106,2024-12-30 09:11:22.710813
02717,0000,1211,106,2024-12-30 09:11:22.726797
16808,0000,1211,106,2024-12-30 09:11:22.742802
30315,0000,1211,106,2024-12-30 09:11:22.758798
03741,0000,1211,106,2024-12-30 09:11:22.774801
02282,0000,1211,106,2024-12-30 09:11:22.806317
01129,0000,1211,106,2024-12-30 09:11:22.822782
54332,0000,1211,106,2024-12-30 09:11:22.838774
03072,0000,1211,106,2024-12-30 09:11:22.854779
01254,0000,1211,106,2024-12-30 09:11:22.870781
03722,0000,1211,106,2024-12-30 09:11:22.886775
61563,0000,1211,106,2024-12-30 09:11:22.902764
09224,0000,1211,106,2024-12-30 09:11:22.918768
02101,0000,1211,106,2024-12-30 09:11:22.934760
01102,0000,1211,106,2024-12-30 09:11:22.950766
04353,0000,1211,106,2024-12-30 09:11:22.982721
03074,0000,1211,106,2024-12-30 09:11:22.998749
01831,0000,1211,106,2024-12-30 09:11:23.014751
01367,0000,1211,106,2024-12-30 09:11:23.030747
16809,0000,1211,106,2024-12-30 09:11:23.046733
13899,0000,1211,106,2024-12-30 09:11:23.062734
01422,0000,1211,106,2024-12-30 09:11:23.078728
38465,0000,1211,106,2024-12-30 09:11:23.094726
00384,0000,1211,106,2024-12-30 09:11:23.110723
16401,0000,1211,106,2024-12-30 09:11:23.142337
38565,0000,1211,106,2024-12-30 09:11:23.158722
07536,0000,1211,106,2024-12-30 09:11:23.174709
24645,0000,1211,106,2024-12-30 09:11:23.190711
00927,0000,1211,106,2024-12-30 09:11:23.206702
00209,0000,1211,106,2024-12-30 09:11:23.222691
60999,0000,1211,106,2024-12-30 09:11:23.238723
05502,0000,1211,106,2024-12-30 09:11:23.254709
05257,0000,1211,106,2024-12-30 09:11:23.270705
08332,0000,1211,106,2024-12-30 09:11:23.286693
08621,0000,1211,106,2024-12-30 09:11:23.318700
04586,0000,1211,106,2024-12-30 09:11:23.334685
05185,0000,1211,106,2024-12-30 09:11:23.350679
00731,0000,1211,106,2024-12-30 09:11:23.366684
04607,0000,1211,106,2024-12-30 09:11:23.382676
02487,0000,1211,106,2024-12-30 09:11:23.398672
03397,0000,1211,106,2024-12-30 09:11:23.414670
00008,0000,1211,106,2024-12-30 09:11:23.430664
42480,0000,1211,106,2024-12-30 09:11:23.446662
19872,0000,1211,106,2024-12-30 09:11:23.478365
12274,0000,1211,106,2024-12-30 09:11:23.494652
28557,0000,1211,106,2024-12-30 09:11:23.510653
09333,0001,1211,106,2024-12-30 09:11:23.526641
05082,0000,1211,106,2024-12-30 09:11:23.542642
54816,0000,1211,106,2024-12-30 09:11:23.558633
64097,0000,1211,106,2024-12-30 09:11:23.574636
03106,0000,1211,106,2024-12-30 09:11:23.590633
02895,0001,1211,106,2024-12-30 09:11:23.606637
30059,0000,1211,106,2024-12-30 09:11:23.638022
00576,0000,1211,106,2024-12-30 09:11:23.654632
62800,0000,1211,106,2024-12-30 09:11:23.670607
05800,0000,1211,106,2024-12-30 09:11:23.686612
27863,0000,1211,106,2024-12-30 09:11:23.702600
06913,0000,1211,106,2024-12-30 09:11:23.718606
53277,0000,1211,106,2024-12-30 09:11:23.734599
46362,0000,1211,106,2024-12-30 09:11:23.750600
16178,0000,1211,106,2024-12-30 09:11:23.766597
03063,0000,1211,106,2024-12-30 09:11:23.782598
04704,0000,1212,106,2024-12-30 09:11:23.814389
14113,0000,1211,106,2024-12-30 09:11:23.830580
04638,0001,1211,106,2024-12-30 09:11:23.846590
02742,0000,1211,106,2024-12-30 09:11:23.862581
50058,0000,1211,106,2024-12-30 09:11:23.878578
30751,0000,1211,106,2024-12-30 09:11:23.894576
17793,0000,1211,106,2024-12-30 09:11:23.910561
14668,0000,1211,106,2024-12-30 09:11:23.926563
58369,0000,1211,106,2024-12-30 09:11:23.942557
48173,0000,1211,106,2024-12-30 09:11:23.974036
03070,0000,1211,106,2024-12-30 09:11:23.990551
06538,0001,1211,106,2024-12-30 09:11:24.006541
03020,0000,1211,106,2024-12-30 09:11:24.022546
03471,0000,1211,106,2024-12-30 09:11:24.038546
24065,0000,1211,106,2024-12-30 09:11:24.054548
13935,0000,1211,106,2024-12-30 09:11:24.070532
38229,0000,1211,106,2024-12-30 09:11:24.086526
39877,0000,1211,106,2024-12-30 09:11:24.102522
24996,0000,1211,106,2024-12-30 09:11:24.118519
03683,0000,1211,106,2024-12-30 09:11:24.150427
04535,0000,1211,106,2024-12-30 09:11:24.166529
04624,0000,1211,106,2024-12-30 09:11:24.182516
00254,0000,1211,106,2024-12-30 09:11:24.198522
01147,0000,1211,106,2024-12-30 09:11:24.214513
56014,0000,1211,106,2024-12-30 09:11:24.230515
04508,0000,1211,106,2024-12-30 09:11:24.246517
03014,0000,1211,106,2024-12-30 09:11:24.262513
28541,0000,1212,106,2024-12-30 09:11:24.278508
32366,0000,1211,106,2024-12-30 09:11:24.310070
02087,0000,1212,106,2024-12-30 09:11:24.326492
64084,0000,1211,106,2024-12-30 09:11:24.342484
02014,0000,1211,106,2024-12-30 09:11:24.358485
35432,0000,1211,106,2024-12-30 09:11:24.374479
34892,0000,1211,106,2024-12-30 09:11:24.390478
04086,0000,1211,106,2024-12-30 09:11:24.406478
54055,0000,1211,106,2024-12-30 09:11:24.422473
24198,0000,1211,106,2024-12-30 09:11:24.438481
53414,0000,1211,106,2024-12-30 09:11:24.454489
23281,0000,1211,106,2024-12-30 09:11:24.486427
63361,0000,1212,106,2024-12-30 09:11:24.502456
10199,0000,1211,106,2024-12-30 09:11:24.518440
15410,0000,1211,106,2024-12-30 09:11:24.534440
06926,0000,1211,106,2024-12-30 09:11:24.550435
03465,0000,1212,106,2024-12-30 09:11:24.566438
02957,0000,1211,106,2024-12-30 09:11:24.582425
31658,0000,1212,106,2024-12-30 09:11:24.598423
19860,0000,1211,106,2024-12-30 09:11:24.614415
15590,0000,1211,106,2024-12-30 09:11:24.646076
02849,0000,1211,106,2024-12-30 09:11:24.662406
02932,0000,1211,106,2024-12-30 09:11:24.678410
23809,0000,1211,106,2024-12-30 09:11:24.694399
01997,0001,1211,106,2024-12-30 09:11:24.710400
10233,0000,1211,106,2024-12-30 09:11:24.726397
26484,0000,1211,106,2024-12-30 09:11:24.742404
00167,0000,1211,106,2024-12-30 09:11:24.758386
23922,0000,1211,106,2024-12-30 09:11:24.774396
02788,0000,1212,106,2024-12-30 09:11:24.805718
38590,0000,1211,106,2024-12-30 09:11:24.822391
23009,0000,1211,106,2024-12-30 09:11:24.838368
24771,0000,1211,106,2024-12-30 09:11:24.854368
04239,0001,1211,106,2024-12-30 09:11:24.870364
32002,0000,1211,106,2024-12-30 09:11:24.886367
49034,0000,1212,106,2024-12-30 09:11:24.902366
01390,0000,1211,106,2024-12-30 09:11:24.918361
03762,0000,1211,106,2024-12-30 09:11:24.934359
46542,0000,1211,106,2024-12-30 09:11:24.950367
24986,0000,1211,106,2024-12-30 09:11:24.982123
04594,0000,1211,106,2024-12-30 09:11:24.998344
30645,0000,1211,106,2024-12-30 09:11:25.014349
01840,0000,1212,106,2024-12-30 09:11:25.030339
05525,0000,1211,106,2024-12-30 09:11:25.046341
10148,0000,1212,106,2024-12-30 09:11:25.062329
45772,0000,1212,106,2024-12-30 09:11:25.078337
21552,0000,1211,106,2024-12-30 09:11:25.094335
36341,0000,1211,106,2024-12-30 09:11:25.110323
43437,0000,1211,106,2024-12-30 09:11:25.141752
30047,0000,1211,106,2024-12-30 09:11:25.158313
04654,0000,1211,106,2024-12-30 09:11:25.174304
36120,0000,1212,106,2024-12-30 09:11:25.190302
04558,0000,1212,106,2024-12-30 09:11:25.206306
56464,0001,1211,106,2024-12-30 09:11:25.222304
08504,0000,1212,106,2024-12-30 09:11:25.238301
00723,0000,1211,106,2024-12-30 09:11:25.254295
13872,0000,1212,106,2024-12-30 09:11:25.270290
00507,0000,1212,106,2024-12-30 09:11:25.286296
04530,0000,1211,106,2024-12-30 09:11:25.318148
19118,0000,1211,106,2024-12-30 09:11:25.334292
00712,0000,1211,106,2024-12-30 09:11:25.350284
02334,0000,1211,106,2024-12-30 09:11:25.366272
33223,0000,1211,106,2024-12-30 09:11:25.382268
47151,0000,1212,106,2024-12-30 09:11:25.398264
11261,0000,1212,106,2024-12-30 09:11:25.414265
25543,0000,1211,106,2024-12-30 09:11:25.430264
13833,0000,1211,106,2024-12-30 09:11:25.446252
04750,0000,1211,106,2024-12-30 09:11:25.477783
10233,0000,1212,106,2024-12-30 09:11:25.494246
19419,0000,1212,106,2024-12-30 09:11:25.510245
20990,0000,1212,106,2024-12-30 09:11:25.526239
26759,0001,1212,106,2024-12-30 09:11:25.542232
02202,0000,1211,106,2024-12-30 09:11:25.558234
03870,0000,1212,106,2024-12-30 09:11:25.574226
05262,0000,1211,106,2024-12-30 09:11:25.590226
01520,0000,1211,106,2024-12-30 09:11:25.606236
04518,0000,1211,106,2024-12-30 09:11:25.622232
29523,0000,1212,106,2024-12-30 09:11:25.654160
02090,0000,1212,106,2024-12-30 09:11:25.670237
13302,0000,1211,106,2024-12-30 09:11:25.686242
23657,0000,1212,106,2024-12-30 09:11:25.702241
02708,0000,1212,106,2024-12-30 09:11:25.718245
00451,0000,1212,106,2024-12-30 09:11:25.734243
13565,0000,1212,106,2024-12-30 09:11:25.750256
04478,0001,1212,106,2024-12-30 09:11:25.766253
63443,0000,1212,106,2024-12-30 09:11:25.782254
10496,0000,1211,106,2024-12-30 09:11:25.813765
00526,0000,1211,106,2024-12-30 09:11:25.830188
23599,0000,1212,106,2024-12-30 09:11:25.846175
32175,0000,1212,106,2024-12-30 09:11:25.862180
02284,0000,1211,106,2024-12-30 09:11:25.878175
04637,0000,1212,106,2024-12-30 09:11:25.894169
26850,0000,1211,106,2024-12-30 09:11:25.910169
00084,0000,1212,106,2024-12-30 09:11:25.926156
49938,0000,1212,106,2024-12-30 09:11:25.942162
02843,0000,1212,106,2024-12-30 09:11:25.958154
03632,0000,1212,106,2024-12-30 09:11:25.990164
09210,0000,1212,106,2024-12-30 09:11:26.006167
07864,0000,1212,106,2024-12-30 09:11:26.022153
12019,0000,1212,106,2024-12-30 09:11:26.038150
35101,0000,1211,106,2024-12-30 09:11:26.054141
29913,0000,1211,106,2024-12-30 09:11:26.070135
04892,0000,1212,106,2024-12-30 09:11:26.086135
03594,0000,1212,106,2024-12-30 09:11:26.102136
59011,0000,1212,106,2024-12-30 09:11:26.118134
21146,0000,1211,106,2024-12-30 09:11:26.149840
26187,0000,1212,106,2024-12-30 09:11:26.166118
49966,0000,1212,106,2024-12-30 09:11:26.182115
04871,0000,1212,106,2024-12-30 09:11:26.198104
33991,0000,1211,106,2024-12-30 09:11:26.214109
01471,0000,1212,106,2024-12-30 09:11:26.230098
03776,0000,1211,106,2024-12-30 09:11:26.246112
13529,0000,1212,106,2024-12-30 09:11:26.262097
06092,0000,1212,106,2024-12-30 09:11:26.278095
26465,0000,1211,106,2024-12-30 09:11:26.309467
21040,0000,1212,106,2024-12-30 09:11:26.326087
01258,0000,1212,106,2024-12-30 09:11:26.342081
17724,0000,1212,106,2024-12-30 09:11:26.358078
30825,0000,1212,106,2024-12-30 09:11:26.374079
24276,0000,1211,106,2024-12-30 09:11:26.390085
03035,0000,1212,106,2024-12-30 09:11:26.406070
01474,0000,1212,106,2024-12-30 09:11:26.422070
08786,0000,1212,106,2024-12-30 09:11:26.438068
24855,0000,1212,106,2024-12-30 09:11:26.454070
03067,0000,1212,106,2024-12-30 09:11:26.485849
20748,0000,1212,106,2024-12-30 09:11:26.502057
14620,0000,1212,106,2024-12-30 09:11:26.518056
37714,0000,1211,106,2024-12-30 09:11:26.534046
37804,0000,1212,106,2024-12-30 09:11:26.550046
03813,0000,1212,106,2024-12-30 09:11:26.566040
04639,0000,1212,106,2024-12-30 09:11:26.582041
49825,0000,1212,106,2024-12-30 09:11:26.598037
03755,0001,1212,106,2024-12-30 09:11:26.614033
03711,0000,1212,106,2024-12-30 09:11:26.645497
27701,0000,1212,106,2024-12-30 09:11:26.662025
32381,0000,1212,106,2024-12-30 09:11:26.678013
03696,0001,1212,106,2024-12-30 09:11:26.694015
45597,0000,1211,106,2024-12-30 09:11:26.710005
20840,0000,1212,106,2024-12-30 09:11:26.726013
04712,0000,1212,106,2024-12-30 09:11:26.742005
02956,0000,1212,106,2024-12-30 09:11:26.758001
05089,0000,1211,106,2024-12-30 09:11:26.774005
28765,0000,1212,106,2024-12-30 09:11:26.789998
03219,0000,1211,106,2024-12-30 09:11:26.821878
00474,0000,1212,106,2024-12-30 09:11:26.837991
00358,0000,1212,106,2024-12-30 09:11:26.853985
02113,0000,1212,106,2024-12-30 09:11:26.869983
02179,0000,1212,106,2024-12-30 09:11:26.886007
28668,0000,1212,106,2024-12-30 09:11:26.901991
21689,0000,1212,106,2024-12-30 09:11:26.917968
45854,0000,1212,106,2024-12-30 09:11:26.933964
02859,0000,1212,106,2024-12-30 09:11:26.949965
16728,0000,1212,106,2024-12-30 09:11:26.981521
03728,0000,1212,106,2024-12-30 09:11:26.997959
00083,0000,1212,106,2024-12-30 09:11:27.013953
05022,0000,1212,106,2024-12-30 09:11:27.029951
07510,0000,1212,106,2024-12-30 09:11:27.045938
01545,0001,1212,106,2024-12-30 09:11:27.061945
28038,0000,1212,106,2024-12-30 09:11:27.077937
04828,0000,1212,106,2024-12-30 09:11:27.093948
02612,0000,1212,106,2024-12-30 09:11:27.109929
00672,0000,1212,106,2024-12-30 09:11:27.125938
30111,0000,1212,106,2024-12-30 09:11:27.157907
02723,0000,1212,106,2024-12-30 09:11:27.173936
26512,0000,1212,106,2024-12-30 09:11:27.189911
03437,0000,1212,106,2024-12-30 09:11:27.205916
37893,0000,1212,106,2024-12-30 09:11:27.221907
01540,0000,1212,106,2024-12-30 09:11:27.237922
23193,0000,1212,106,2024-12-30 09:11:27.253903
08231,0000,1212,106,2024-12-30 09:11:27.269903
14972,0000,1212,106,2024-12-30 09:11:27.285906
00904,0000,1212,106,2024-12-30 09:11:27.317560
22154,0000,1212,106,2024-12-30 09:11:27.333886
03986,0000,1212,106,2024-12-30 09:11:27.349884
26732,0000,1212,106,2024-12-30 09:11:27.365880
02227,0000,1212,106,2024-12-30 09:11:27.381876
66933,0000,1212,106,2024-12-30 09:11:27.397868
01892,0000,1212,106,2024-12-30 09:11:27.413874
54905,0000,1212,106,2024-12-30 09:11:27.429865
01020,0000,1212,106,2024-12-30 09:11:27.445868
08374,0000,1212,106,2024-12-30 09:11:27.477180
01545,0000,1212,106,2024-12-30 09:11:27.493866
04654,0000,1212,106,2024-12-30 09:11:27.509849
06719,0000,1212,106,2024-12-30 09:11:27.525848
01148,0000,1212,106,2024-12-30 09:11:27.541854
02868,0000,1212,106,2024-12-30 09:11:27.557852
03577,0000,1212,106,2024-12-30 09:11:27.573850
55624,0000,1212,106,2024-12-30 09:11:27.589834
27263,0001,1212,106,2024-12-30 09:11:27.605829
04305,0000,1212,106,2024-12-30 09:11:27.621845
55638,0000,1212,106,2024-12-30 09:11:27.653596
28054,0000,1212,106,2024-12-30 09:11:27.669840
02110,0000,1212,106,2024-12-30 09:11:27.685831
56485,0000,1212,106,2024-12-30 09:11:27.701809
14244,0000,1212,106,2024-12-30 09:11:27.717816
01139,0000,1212,106,2024-12-30 09:11:27.733809
32277,0000,1212,106,2024-12-30 09:11:27.749811
04147,0000,1212,106,2024-12-30 09:11:27.765801
05550,0000,1212,106,2024-12-30 09:11:27.781810
20185,0000,1212,106,2024-12-30 09:11:27.813221
02989,0000,1212,106,2024-12-30 09:11:27.829793
58097,0000,1213,106,2024-12-30 09:11:27.845790
08491,0000,1212,106,2024-12-30 09:11:27.861783
12215,0001,1212,106,2024-12-30 09:11:27.877779
17186,0000,1212,106,2024-12-30 09:11:27.893783
23030,0000,1212,106,2024-12-30 09:11:27.909773
27086,0000,1212,106,2024-12-30 09:11:27.925777
00553,0000,1212,106,2024-12-30 09:11:27.941777
60188,0000,1212,106,2024-12-30 09:11:27.957779
03739,0000,1212,106,2024-12-30 09:11:27.989603
37717,0000,1212,106,2024-12-30 09:11:28.005758
20619,0000,1212,106,2024-12-30 09:11:28.021755
39976,0000,1212,106,2024-12-30 09:11:28.037748
00707,0000,1212,106,2024-12-30 09:11:28.053742
15481,0000,1212,106,2024-12-30 09:11:28.069749
04976,0000,1212,106,2024-12-30 09:11:28.085751
48316,0000,1212,106,2024-12-30 09:11:28.101737
50696,0001,1212,106,2024-12-30 09:11:28.117736
28169,0000,1212,106,2024-12-30 09:11:28.149233
32320,0000,1212,106,2024-12-30 09:11:28.165728
67881,0001,1212,106,2024-12-30 09:11:28.181719
21912,0000,1212,106,2024-12-30 09:11:28.197721
00063,0001,1212,106,2024-12-30 09:11:28.213712
01927,0000,1212,106,2024-12-30 09:11:28.229715
46614,0001,1212,106,2024-12-30 09:11:28.245712
30229,0000,1212,106,2024-12-30 09:11:28.261702
24149,0000,1212,106,2024-12-30 09:11:28.277697
03075,0001,1212,106,2024-12-30 09:11:28.293701
14649,0000,1212,106,2024-12-30 09:11:28.325618
