DIST,AMP,TEMP,VOLT,Timestamp
04644,0000,1227,106,2024-12-30 07:29:47.029738
29078,0000,1227,106,2024-12-30 07:29:47.030537
01239,0000,1227,106,2024-12-30 07:29:47.031260
04691,0000,1227,106,2024-12-30 07:29:47.031958
03842,0000,1227,106,2024-12-30 07:29:47.032662
05301,0000,1227,106,2024-12-30 07:29:47.033364
58188,0000,1227,106,2024-12-30 07:29:47.034062
06199,0000,1227,106,2024-12-30 07:29:47.034770
05412,0000,1227,106,2024-12-30 07:29:47.035477
25890,0000,1227,106,2024-12-30 07:29:47.036169
07698,0000,1227,106,2024-12-30 07:29:47.036863
04660,0000,1227,106,2024-12-30 07:29:47.037562
13922,0000,1227,106,2024-12-30 07:29:47.038257
02282,0000,1227,106,2024-12-30 07:29:47.038963
04706,0000,1227,106,2024-12-30 07:29:47.039662
53042,0001,1227,106,2024-12-30 07:29:47.040359
03775,0000,1227,106,2024-12-30 07:29:47.041066
04609,0000,1227,106,2024-12-30 07:29:47.041793
23271,0000,1227,106,2024-12-30 07:29:47.042512
02711,0000,1227,106,2024-12-30 07:29:47.043217
21063,0000,1227,106,2024-12-30 07:29:47.043919
04604,0000,1227,106,2024-12-30 07:29:47.044621
62717,0000,1227,106,2024-12-30 07:29:47.045321
04725,0000,1227,106,2024-12-30 07:29:47.046024
00973,0000,1227,106,2024-12-30 07:29:47.046734
27533,0000,1227,106,2024-12-30 07:29:47.047439
02462,0000,1227,106,2024-12-30 07:29:47.048142
04778,0001,1227,106,2024-12-30 07:29:47.048846
04602,0001,1227,106,2024-12-30 07:29:47.049545
52552,0000,1227,106,2024-12-30 07:29:47.050247
59998,0000,1227,106,2024-12-30 07:29:47.050959
05479,0000,1227,106,2024-12-30 07:29:47.051658
15558,0000,1227,106,2024-12-30 07:29:47.052357
55652,0000,1227,106,2024-12-30 07:29:47.053056
03812,0001,1227,106,2024-12-30 07:29:47.053754
68360,0000,1227,106,2024-12-30 07:29:47.054463
04743,0000,1227,106,2024-12-30 07:29:47.055165
01607,0000,1227,106,2024-12-30 07:29:47.055870
03139,0000,1227,106,2024-12-30 07:29:47.056575
03088,0000,1227,106,2024-12-30 07:29:47.057305
59857,0000,1227,106,2024-12-30 07:29:47.058018
08199,0000,1227,106,2024-12-30 07:29:47.058783
04667,0000,1227,106,2024-12-30 07:29:47.059568
06982,0000,1227,106,2024-12-30 07:29:47.060578
00904,0000,1227,106,2024-12-30 07:29:47.061362
01075,0000,1227,106,2024-12-30 07:29:47.062067
02851,0000,1227,106,2024-12-30 07:29:47.062805
43278,0000,1227,106,2024-12-30 07:29:47.063513
03818,0000,1227,106,2024-12-30 07:29:47.064215
28618,0001,1227,106,2024-12-30 07:29:47.064925
19512,0000,1227,106,2024-12-30 07:29:47.065687
22250,0001,1227,106,2024-12-30 07:29:47.066395
46430,0000,1227,106,2024-12-30 07:29:47.067136
00859,0000,1227,106,2024-12-30 07:29:47.067857
03888,0000,1227,106,2024-12-30 07:29:47.068569
22594,0000,1227,106,2024-12-30 07:29:47.069271
09261,0000,1227,106,2024-12-30 07:29:47.069974
20226,0001,1227,106,2024-12-30 07:29:47.070686
00888,0001,1227,106,2024-12-30 07:29:47.071392
58561,0000,1227,106,2024-12-30 07:29:47.072095
15741,0000,1227,106,2024-12-30 07:29:47.072798
02351,0000,1227,106,2024-12-30 07:29:47.073499
03436,0001,1227,106,2024-12-30 07:29:47.074198
02601,0001,1227,106,2024-12-30 07:29:47.074909
30538,0000,1227,106,2024-12-30 07:29:47.075607
04673,0000,1227,106,2024-12-30 07:29:47.076309
03968,0000,1227,106,2024-12-30 07:29:47.077008
09332,0000,1227,106,2024-12-30 07:29:47.077710
13874,0000,1227,106,2024-12-30 07:29:47.078411
02787,0001,1227,106,2024-12-30 07:29:47.079119
00835,0000,1227,106,2024-12-30 07:29:47.079820
05464,0000,1227,106,2024-12-30 07:29:47.080520
04543,0001,1227,106,2024-12-30 07:29:47.081223
00173,0001,1228,105,2024-12-30 07:29:47.081927
00114,0000,1227,106,2024-12-30 07:29:47.082641
08584,0000,1227,106,2024-12-30 07:29:47.083350
22068,0001,1228,105,2024-12-30 07:29:47.084051
05407,0000,1227,106,2024-12-30 07:29:47.084753
04786,0000,1227,106,2024-12-30 07:29:47.085448
02202,0000,1227,106,2024-12-30 07:29:47.086144
26552,0000,1227,106,2024-12-30 07:29:47.086855
04720,0000,1227,106,2024-12-30 07:29:47.087554
04625,0000,1227,106,2024-12-30 07:29:47.088250
01849,0000,1227,106,2024-12-30 07:29:47.088945
04642,0000,1228,105,2024-12-30 07:29:47.089640
33105,0000,1227,106,2024-12-30 07:29:47.090339
04649,0000,1228,105,2024-12-30 07:29:47.091051
-0004,2338,1227,104,2024-12-30 07:29:47.091757
-0005,1995,1227,106,2024-12-30 07:29:47.092460
-0003,2282,1227,106,2024-12-30 07:29:47.099304
-0004,2337,1227,106,2024-12-30 07:29:47.115270
-0004,2343,1228,106,2024-12-30 07:29:47.131268
-0004,2318,1228,106,2024-12-30 07:29:47.147260
-0004,2343,1227,106,2024-12-30 07:29:47.178768
-0003,2328,1228,106,2024-12-30 07:29:47.195251
-0004,2324,1228,106,2024-12-30 07:29:47.211268
-0003,2324,1227,106,2024-12-30 07:29:47.227245
-0004,2330,1227,106,2024-12-30 07:29:47.243267
-0004,2322,1227,106,2024-12-30 07:29:47.259239
-0004,2326,1228,106,2024-12-30 07:29:47.275229
-0003,2319,1228,106,2024-12-30 07:29:47.291227
-0004,2318,1228,106,2024-12-30 07:29:47.307244
-0003,2326,1227,106,2024-12-30 07:29:47.323231
-0004,2343,1227,106,2024-12-30 07:29:47.355115
-0004,2311,1228,106,2024-12-30 07:29:47.371215
-0003,2323,1227,106,2024-12-30 07:29:47.387218
-0003,2319,1228,106,2024-12-30 07:29:47.403204
-0003,2318,1227,106,2024-12-30 07:29:47.419229
-0004,2335,1227,106,2024-12-30 07:29:47.435194
-0005,2312,1227,106,2024-12-30 07:29:47.451195
-0004,2317,1227,106,2024-12-30 07:29:47.467180
-0005,2337,1228,106,2024-12-30 07:29:47.483184
-0004,2336,1228,106,2024-12-30 07:29:47.514704
-0004,2327,1228,106,2024-12-30 07:29:47.531215
-0003,2324,1227,106,2024-12-30 07:29:47.547169
-0005,2340,1227,106,2024-12-30 07:29:47.563167
-0003,2329,1227,105,2024-12-30 07:29:47.579156
-0004,1973,1227,106,2024-12-30 07:29:47.595163
-0003,2268,1228,106,2024-12-30 07:29:47.611168
-0004,2334,1227,106,2024-12-30 07:29:47.627171
-0004,2322,1228,106,2024-12-30 07:29:47.643152
-0004,2324,1227,106,2024-12-30 07:29:47.659146
-0004,2316,1228,106,2024-12-30 07:29:47.691046
-0004,2308,1228,106,2024-12-30 07:29:47.707138
-0004,2333,1228,106,2024-12-30 07:29:47.723141
-0004,2328,1227,106,2024-12-30 07:29:47.739130
-0003,2322,1228,106,2024-12-30 07:29:47.755123
-0004,2332,1227,106,2024-12-30 07:29:47.771126
-0004,2330,1228,106,2024-12-30 07:29:47.787116
-0004,2328,1227,106,2024-12-30 07:29:47.803114
-0003,2327,1228,106,2024-12-30 07:29:47.819112
-0002,2320,1227,106,2024-12-30 07:29:47.850638
-0004,2339,1228,106,2024-12-30 07:29:47.867107
-0004,2325,1228,106,2024-12-30 07:29:47.883102
-0004,2321,1227,106,2024-12-30 07:29:47.899103
-0003,2320,1227,106,2024-12-30 07:29:47.915093
-0003,2319,1227,106,2024-12-30 07:29:47.931106
-0004,2335,1227,106,2024-12-30 07:29:47.947099
-0004,2326,1227,106,2024-12-30 07:29:47.963104
-0003,2323,1227,106,2024-12-30 07:29:47.979073
-0004,2314,1228,106,2024-12-30 07:29:47.995080
-0005,2335,1228,106,2024-12-30 07:29:48.026991
-0004,2326,1228,106,2024-12-30 07:29:48.043083
-0003,2323,1227,106,2024-12-30 07:29:48.059070
-0004,2325,1227,106,2024-12-30 07:29:48.075069
-0003,2311,1227,105,2024-12-30 07:29:48.091042
-0005,1965,1228,105,2024-12-30 07:29:48.107048
-0003,2262,1228,105,2024-12-30 07:29:48.123047
-0004,2331,1228,105,2024-12-30 07:29:48.139053
-0003,2324,1228,105,2024-12-30 07:29:48.155038
-0004,2323,1228,105,2024-12-30 07:29:48.186597
-0004,2337,1228,105,2024-12-30 07:29:48.203026
-0003,2321,1228,105,2024-12-30 07:29:48.219020
-0004,2324,1228,105,2024-12-30 07:29:48.235023
-0004,2334,1228,105,2024-12-30 07:29:48.251056
-0004,2321,1228,105,2024-12-30 07:29:48.267025
-0003,2324,1227,105,2024-12-30 07:29:48.283009
-0005,2330,1227,105,2024-12-30 07:29:48.299007
-0004,2325,1227,105,2024-12-30 07:29:48.315024
-0003,2336,1227,105,2024-12-30 07:29:48.330996
-0003,2318,1228,105,2024-12-30 07:29:48.362910
-0004,2338,1228,105,2024-12-30 07:29:48.378987
-0003,2306,1228,105,2024-12-30 07:29:48.394990
-0004,2330,1227,105,2024-12-30 07:29:48.410985
-0003,2309,1228,105,2024-12-30 07:29:48.426990
-0004,2331,1228,105,2024-12-30 07:29:48.442965
-0004,2322,1227,105,2024-12-30 07:29:48.459028
-0004,2319,1228,105,2024-12-30 07:29:48.474978
-0003,2321,1228,105,2024-12-30 07:29:48.490961
-0004,2328,1228,105,2024-12-30 07:29:48.522500
-0004,2342,1228,105,2024-12-30 07:29:48.538947
-0003,2323,1228,105,2024-12-30 07:29:48.554959
-0004,2318,1228,105,2024-12-30 07:29:48.570975
-0004,2338,1228,105,2024-12-30 07:29:48.586950
-0003,2313,1228,104,2024-12-30 07:29:48.602932
-0004,1962,1227,106,2024-12-30 07:29:48.618935
-0004,2271,1228,106,2024-12-30 07:29:48.634925
-0004,2318,1228,106,2024-12-30 07:29:48.650924
-0003,2313,1228,106,2024-12-30 07:29:48.666965
-0003,2325,1228,106,2024-12-30 07:29:48.698868
-0003,2315,1228,106,2024-12-30 07:29:48.714907
-0003,2313,1228,106,2024-12-30 07:29:48.730911
-0003,2315,1227,106,2024-12-30 07:29:48.746904
-0004,2329,1228,106,2024-12-30 07:29:48.762926
-0004,2322,1227,106,2024-12-30 07:29:48.778906
-0004,2311,1228,106,2024-12-30 07:29:48.794888
-0003,2321,1228,106,2024-12-30 07:29:48.810889
-0003,2319,1228,106,2024-12-30 07:29:48.826890
-0004,2314,1228,106,2024-12-30 07:29:48.858457
-0003,2321,1227,106,2024-12-30 07:29:48.874905
-0004,2318,1228,106,2024-12-30 07:29:48.890875
-0003,2316,1228,106,2024-12-30 07:29:48.906865
-0003,2321,1228,106,2024-12-30 07:29:48.922863
-0003,2314,1228,106,2024-12-30 07:29:48.938860
-0003,2313,1228,106,2024-12-30 07:29:48.954852
-0004,2323,1228,106,2024-12-30 07:29:48.970874
-0004,2312,1228,106,2024-12-30 07:29:48.986879
-0002,2319,1228,106,2024-12-30 07:29:49.002853
-0003,2322,1228,106,2024-12-30 07:29:49.034782
-0003,2323,1228,106,2024-12-30 07:29:49.050823
-0003,2339,1228,106,2024-12-30 07:29:49.066818
-0003,2330,1228,106,2024-12-30 07:29:49.082843
-0005,2340,1227,106,2024-12-30 07:29:49.098821
-0004,2329,1228,105,2024-12-30 07:29:49.114811
-0004,1951,1228,105,2024-12-30 07:29:49.130811
-0004,2270,1228,105,2024-12-30 07:29:49.146801
-0004,2333,1228,105,2024-12-30 07:29:49.162805
-0004,2324,1228,105,2024-12-30 07:29:49.194387
-0004,2320,1228,105,2024-12-30 07:29:49.210799
-0003,2309,1228,105,2024-12-30 07:29:49.226789
-0004,2326,1228,105,2024-12-30 07:29:49.242803
-0003,2313,1228,105,2024-12-30 07:29:49.258782
-0004,2332,1228,105,2024-12-30 07:29:49.274778
-0003,2318,1228,105,2024-12-30 07:29:49.290801
-0003,2328,1228,105,2024-12-30 07:29:49.306805
-0003,2324,1228,105,2024-12-30 07:29:49.322775
-0003,2323,1228,105,2024-12-30 07:29:49.338768
-0005,2330,1228,105,2024-12-30 07:29:49.370717
-0003,2328,1228,105,2024-12-30 07:29:49.386776
-0003,2314,1228,105,2024-12-30 07:29:49.402765
-0004,2328,1228,105,2024-12-30 07:29:49.418755
-0003,2323,1228,105,2024-12-30 07:29:49.434742
-0003,2316,1228,105,2024-12-30 07:29:49.450744
-0004,2344,1228,105,2024-12-30 07:29:49.466759
-0003,2323,1228,105,2024-12-30 07:29:49.482741
-0002,2324,1228,105,2024-12-30 07:29:49.498756
-0004,2333,1228,105,2024-12-30 07:29:49.530315
-0004,2328,1228,105,2024-12-30 07:29:49.546727
-0004,2339,1228,105,2024-12-30 07:29:49.562731
-0004,2341,1228,105,2024-12-30 07:29:49.578728
-0004,2340,1228,105,2024-12-30 07:29:49.594738
-0002,2315,1228,105,2024-12-30 07:29:49.610742
-0004,2341,1228,104,2024-12-30 07:29:49.626738
-0005,1960,1228,105,2024-12-30 07:29:49.642738
-0004,2275,1228,105,2024-12-30 07:29:49.658740
-0002,2327,1228,105,2024-12-30 07:29:49.674740
-0004,2317,1228,105,2024-12-30 07:29:49.706726
-0003,2325,1228,105,2024-12-30 07:29:49.722679
-0004,2340,1228,105,2024-12-30 07:29:49.738690
-0002,2329,1228,105,2024-12-30 07:29:49.754684
-0004,2333,1228,105,2024-12-30 07:29:49.770679
-0003,2328,1228,105,2024-12-30 07:29:49.786663
-0003,2325,1228,105,2024-12-30 07:29:49.802673
-0003,2320,1228,105,2024-12-30 07:29:49.818673
-0002,2324,1228,105,2024-12-30 07:29:49.834657
-0002,2317,1228,105,2024-12-30 07:29:49.866252
-0004,2322,1228,105,2024-12-30 07:29:49.882649
-0003,2327,1228,105,2024-12-30 07:29:49.898644
-0004,2314,1228,105,2024-12-30 07:29:49.914644
-0002,2332,1228,105,2024-12-30 07:29:49.930635
-0003,2327,1228,105,2024-12-30 07:29:49.946632
-0002,2319,1228,105,2024-12-30 07:29:49.962632
-0004,2328,1228,105,2024-12-30 07:29:49.978629
-0003,2315,1228,105,2024-12-30 07:29:49.994626
-0004,2338,1228,105,2024-12-30 07:29:50.010696
-0004,2331,1228,105,2024-12-30 07:29:50.042629
-0004,2330,1228,105,2024-12-30 07:29:50.058606
-0003,2325,1228,105,2024-12-30 07:29:50.074605
-0003,2326,1228,105,2024-12-30 07:29:50.090603
-0004,2334,1228,105,2024-12-30 07:29:50.106588
-0003,2313,1228,105,2024-12-30 07:29:50.122615
-0003,2323,1228,104,2024-12-30 07:29:50.138590
-0004,1955,1228,105,2024-12-30 07:29:50.154588
-0002,2270,1228,105,2024-12-30 07:29:50.170589
-0003,2325,1228,105,2024-12-30 07:29:50.202195
-0003,2325,1228,105,2024-12-30 07:29:50.218581
-0003,2345,1228,105,2024-12-30 07:29:50.234584
-0003,2313,1228,105,2024-12-30 07:29:50.250595
-0003,2319,1228,105,2024-12-30 07:29:50.266574
-0003,2328,1228,105,2024-12-30 07:29:50.282567
-0004,2339,1228,105,2024-12-30 07:29:50.298560
-0004,2323,1228,105,2024-12-30 07:29:50.314554
-0004,2320,1228,105,2024-12-30 07:29:50.330702
-0004,2324,1228,105,2024-12-30 07:29:50.346663
-0004,2341,1228,105,2024-12-30 07:29:50.378551
-0003,2322,1228,105,2024-12-30 07:29:50.394537
-0004,2340,1228,105,2024-12-30 07:29:50.410529
-0004,2342,1228,105,2024-12-30 07:29:50.426531
-0003,2319,1228,105,2024-12-30 07:29:50.442515
-0003,2324,1228,105,2024-12-30 07:29:50.458512
-0003,2322,1228,105,2024-12-30 07:29:50.474511
-0003,2326,1228,105,2024-12-30 07:29:50.490506
-0004,2319,1228,105,2024-12-30 07:29:50.506507
-0003,2342,1228,105,2024-12-30 07:29:50.538128
-0004,2322,1228,105,2024-12-30 07:29:50.554492
-0004,2339,1228,105,2024-12-30 07:29:50.570486
-0003,2326,1228,105,2024-12-30 07:29:50.586488
-0003,2327,1228,105,2024-12-30 07:29:50.602492
-0003,2325,1228,105,2024-12-30 07:29:50.618473
-0004,2321,1228,105,2024-12-30 07:29:50.634474
-0004,2341,1228,104,2024-12-30 07:29:50.650464
-0004,1974,1228,105,2024-12-30 07:29:50.666468
-0003,2271,1228,105,2024-12-30 07:29:50.682461
-0003,2319,1228,105,2024-12-30 07:29:50.714456
-0004,2345,1228,105,2024-12-30 07:29:50.730438
-0004,2321,1228,105,2024-12-30 07:29:50.746458
-0003,2328,1228,105,2024-12-30 07:29:50.762438
-0004,2343,1228,105,2024-12-30 07:29:50.778438
-0002,2317,1228,105,2024-12-30 07:29:50.794429
-0004,2341,1228,105,2024-12-30 07:29:50.810428
-0004,2342,1228,105,2024-12-30 07:29:50.826421
-0003,2327,1228,105,2024-12-30 07:29:50.842425
-0003,2322,1228,105,2024-12-30 07:29:50.874035
-0004,2337,1228,105,2024-12-30 07:29:50.890416
-0004,2343,1228,105,2024-12-30 07:29:50.906401
-0003,2316,1228,105,2024-12-30 07:29:50.922405
-0003,2332,1228,105,2024-12-30 07:29:50.938393
-0003,2324,1228,105,2024-12-30 07:29:50.954400
-0002,2317,1228,105,2024-12-30 07:29:50.970400
-0004,2325,1228,105,2024-12-30 07:29:50.986386
-0004,2344,1228,105,2024-12-30 07:29:51.002389
-0003,2343,1228,105,2024-12-30 07:29:51.018375
-0004,2345,1228,105,2024-12-30 07:29:51.050372
-0003,2324,1228,105,2024-12-30 07:29:51.066374
-0004,2334,1228,105,2024-12-30 07:29:51.082374
-0004,2343,1228,105,2024-12-30 07:29:51.098358
-0003,2323,1228,105,2024-12-30 07:29:51.114368
-0003,2319,1228,105,2024-12-30 07:29:51.130352
-0003,2321,1228,105,2024-12-30 07:29:51.146356
-0003,2321,1228,104,2024-12-30 07:29:51.162340
-0004,1975,1228,105,2024-12-30 07:29:51.178348
-0004,2274,1228,105,2024-12-30 07:29:51.209984
-0003,2321,1228,105,2024-12-30 07:29:51.226337
-0004,2344,1228,105,2024-12-30 07:29:51.242348
-0002,2326,1228,105,2024-12-30 07:29:51.258330
-0003,2341,1228,105,2024-12-30 07:29:51.274349
-0003,2317,1228,105,2024-12-30 07:29:51.290321
-0003,2325,1228,105,2024-12-30 07:29:51.306318
-0005,2336,1228,105,2024-12-30 07:29:51.322321
-0004,2325,1228,105,2024-12-30 07:29:51.338316
-0004,2342,1228,105,2024-12-30 07:29:51.354310
-0003,2321,1228,105,2024-12-30 07:29:51.386296
-0003,2346,1228,105,2024-12-30 07:29:51.402294
-0004,2336,1228,105,2024-12-30 07:29:51.418293
-0002,2316,1228,105,2024-12-30 07:29:51.434293
-0004,2330,1228,105,2024-12-30 07:29:51.450294
-0004,2343,1228,105,2024-12-30 07:29:51.466279
-0003,2328,1228,105,2024-12-30 07:29:51.482275
-0004,2334,1228,105,2024-12-30 07:29:51.498273
-0003,2317,1228,105,2024-12-30 07:29:51.514272
-0004,2344,1228,105,2024-12-30 07:29:51.545910
-0003,2331,1228,105,2024-12-30 07:29:51.562265
-0003,2329,1228,105,2024-12-30 07:29:51.578258
-0004,2326,1228,105,2024-12-30 07:29:51.594257
-0003,2327,1228,105,2024-12-30 07:29:51.610256
-0003,2335,1228,105,2024-12-30 07:29:51.626241
-0003,2322,1228,105,2024-12-30 07:29:51.642248
-0003,2325,1228,105,2024-12-30 07:29:51.658238
-0004,2340,1228,104,2024-12-30 07:29:51.674242
-0004,1975,1228,105,2024-12-30 07:29:51.690243
-0004,2280,1228,105,2024-12-30 07:29:51.722221
-0004,2335,1228,105,2024-12-30 07:29:51.738225
-0003,2330,1228,105,2024-12-30 07:29:51.754215
-0004,2318,1228,105,2024-12-30 07:29:51.770204
-0004,2341,1228,105,2024-12-30 07:29:51.786202
-0004,2329,1228,105,2024-12-30 07:29:51.802207
-0004,2327,1228,105,2024-12-30 07:29:51.818211
-0004,2337,1228,105,2024-12-30 07:29:51.834202
-0003,2331,1228,105,2024-12-30 07:29:51.850187
-0004,2348,1228,105,2024-12-30 07:29:51.881837
-0003,2330,1228,105,2024-12-30 07:29:51.898190
-0003,2328,1228,105,2024-12-30 07:29:51.914182
-0004,2319,1228,105,2024-12-30 07:29:51.930180
-0003,2331,1228,105,2024-12-30 07:29:51.946167
-0003,2329,1228,105,2024-12-30 07:29:51.962167
-0004,2346,1228,105,2024-12-30 07:29:51.978165
-0003,2332,1228,105,2024-12-30 07:29:51.994165
-0003,2332,1228,105,2024-12-30 07:29:52.010167
-0003,2326,1228,105,2024-12-30 07:29:52.026153
-0003,2329,1228,105,2024-12-30 07:29:52.058156
-0003,2320,1228,105,2024-12-30 07:29:52.074143
-0003,2328,1228,105,2024-12-30 07:29:52.090141
-0004,2342,1228,105,2024-12-30 07:29:52.106136
-0002,2324,1228,105,2024-12-30 07:29:52.122131
-0004,2345,1228,105,2024-12-30 07:29:52.138130
-0003,2332,1228,105,2024-12-30 07:29:52.154127
-0003,2335,1228,105,2024-12-30 07:29:52.170129
-0003,2326,1228,104,2024-12-30 07:29:52.186116
-0005,1994,1228,105,2024-12-30 07:29:52.217782
-0004,2276,1228,105,2024-12-30 07:29:52.234114
-0003,2319,1228,105,2024-12-30 07:29:52.250123
-0004,2334,1228,105,2024-12-30 07:29:52.266110
-0003,2332,1228,105,2024-12-30 07:29:52.282096
-0003,2329,1228,105,2024-12-30 07:29:52.298088
-0003,2332,1228,105,2024-12-30 07:29:52.314106
-0003,2327,1228,105,2024-12-30 07:29:52.330080
-0003,2327,1228,105,2024-12-30 07:29:52.346081
-0004,2331,1228,105,2024-12-30 07:29:52.362078
-0004,2350,1228,105,2024-12-30 07:29:52.394069
-0004,2323,1228,105,2024-12-30 07:29:52.410074
-0003,2333,1228,105,2024-12-30 07:29:52.426079
-0004,2350,1228,105,2024-12-30 07:29:52.442079
-0004,2346,1228,105,2024-12-30 07:29:52.458080
-0004,2332,1228,105,2024-12-30 07:29:52.474083
-0002,2327,1228,105,2024-12-30 07:29:52.490091
-0004,2335,1228,105,2024-12-30 07:29:52.506087
-0004,2350,1228,105,2024-12-30 07:29:52.522088
-0004,2346,1228,105,2024-12-30 07:29:52.553744
-0003,2331,1228,105,2024-12-30 07:29:52.570099
-0004,2347,1228,105,2024-12-30 07:29:52.586101
-0003,2329,1228,105,2024-12-30 07:29:52.602032
-0003,2330,1228,105,2024-12-30 07:29:52.618038
-0003,2328,1228,105,2024-12-30 07:29:52.634029
-0003,2340,1228,105,2024-12-30 07:29:52.650028
-0004,2327,1228,105,2024-12-30 07:29:52.666017
-0004,2342,1228,105,2024-12-30 07:29:52.682022
-0005,2347,1228,104,2024-12-30 07:29:52.698012
-0004,1996,1228,105,2024-12-30 07:29:52.730010
-0003,2278,1228,105,2024-12-30 07:29:52.746003
-0004,2335,1228,105,2024-12-30 07:29:52.762003
-0003,2331,1228,105,2024-12-30 07:29:52.777997
-0003,2333,1228,105,2024-12-30 07:29:52.793987
-0004,2341,1228,105,2024-12-30 07:29:52.809989
-0003,2322,1228,105,2024-12-30 07:29:52.825973
-0004,2327,1228,105,2024-12-30 07:29:52.841981
-0004,2329,1228,105,2024-12-30 07:29:52.857973
-0004,2329,1228,105,2024-12-30 07:29:52.889653
-0004,2352,1228,105,2024-12-30 07:29:52.905971
-0005,2341,1228,105,2024-12-30 07:29:52.921967
-0003,2324,1228,105,2024-12-30 07:29:52.937952
-0004,2335,1228,105,2024-12-30 07:29:52.953953
-0004,2330,1228,105,2024-12-30 07:29:52.969952
-0003,2325,1228,105,2024-12-30 07:29:52.985936
-0005,2352,1228,105,2024-12-30 07:29:53.001942
-0003,2325,1228,105,2024-12-30 07:29:53.017932
-0003,2331,1228,105,2024-12-30 07:29:53.033931
-0003,2342,1228,105,2024-12-30 07:29:53.065932
-0004,2350,1228,105,2024-12-30 07:29:53.081920
-0003,2321,1228,105,2024-12-30 07:29:53.097926
-0003,2348,1228,105,2024-12-30 07:29:53.113911
-0004,2348,1228,105,2024-12-30 07:29:53.129914
-0003,2331,1228,105,2024-12-30 07:29:53.145914
-0003,2331,1228,105,2024-12-30 07:29:53.161902
-0004,2342,1228,105,2024-12-30 07:29:53.177904
-0004,2334,1228,105,2024-12-30 07:29:53.193895
-0004,2336,1228,104,2024-12-30 07:29:53.225581
-0004,1997,1228,105,2024-12-30 07:29:53.241900
-0003,2285,1228,105,2024-12-30 07:29:53.257894
-0004,2332,1228,105,2024-12-30 07:29:53.273878
-0003,2339,1228,105,2024-12-30 07:29:53.289878
-0003,2338,1228,105,2024-12-30 07:29:53.305885
-0004,2351,1228,105,2024-12-30 07:29:53.321862
-0003,2332,1228,105,2024-12-30 07:29:53.337867
-0004,2337,1228,105,2024-12-30 07:29:53.353854
-0004,2327,1228,105,2024-12-30 07:29:53.369858
-0003,2324,1229,105,2024-12-30 07:29:53.401853
-0004,2327,1228,105,2024-12-30 07:29:53.417846
-0003,2332,1228,105,2024-12-30 07:29:53.433842
-0004,2341,1228,105,2024-12-30 07:29:53.449836
-0004,2329,1228,105,2024-12-30 07:29:53.465846
-0003,2327,1228,105,2024-12-30 07:29:53.481840
-0003,2343,1228,105,2024-12-30 07:29:53.497837
-0003,2336,1228,105,2024-12-30 07:29:53.513825
-0004,2322,1228,105,2024-12-30 07:29:53.529824
-0003,2334,1228,105,2024-12-30 07:29:53.561504
-0003,2331,1228,105,2024-12-30 07:29:53.577809
-0004,2336,1228,105,2024-12-30 07:29:53.593812
-0003,2325,1228,105,2024-12-30 07:29:53.609818
-0004,2330,1228,105,2024-12-30 07:29:53.625815
-0003,2335,1228,105,2024-12-30 07:29:53.641806
-0003,2331,1228,105,2024-12-30 07:29:53.657810
-0004,2336,1228,105,2024-12-30 07:29:53.673795
-0003,2337,1228,105,2024-12-30 07:29:53.689801
-0004,2327,1228,105,2024-12-30 07:29:53.721095
-0003,2326,1228,104,2024-12-30 07:29:53.737786
-0005,2003,1228,104,2024-12-30 07:29:53.753779
-0004,1945,1228,105,2024-12-30 07:29:53.769777
-0004,2284,1228,105,2024-12-30 07:29:53.785766
-0003,2337,1228,105,2024-12-30 07:29:53.801772
-0003,2326,1228,105,2024-12-30 07:29:53.817766
-0003,2328,1228,105,2024-12-30 07:29:53.833764
-0003,2328,1228,105,2024-12-30 07:29:53.849755
-0005,2350,1228,105,2024-12-30 07:29:53.865762
-0004,2339,1228,105,2024-12-30 07:29:53.897466
-0003,2337,1228,105,2024-12-30 07:29:53.913741
-0003,2333,1228,105,2024-12-30 07:29:53.929741
-0003,2330,1228,105,2024-12-30 07:29:53.945732
-0003,2331,1228,105,2024-12-30 07:29:53.961729
-0003,2333,1228,105,2024-12-30 07:29:53.977726
-0004,2327,1228,105,2024-12-30 07:29:53.993728
-0003,2335,1228,105,2024-12-30 07:29:54.009723
-0004,2330,1228,105,2024-12-30 07:29:54.025718
-0004,2324,1228,105,2024-12-30 07:29:54.057048
-0004,2350,1228,105,2024-12-30 07:29:54.073711
-0003,2321,1228,105,2024-12-30 07:29:54.089700
-0004,2343,1228,105,2024-12-30 07:29:54.105703
-0004,2331,1228,105,2024-12-30 07:29:54.121693
-0004,2352,1228,105,2024-12-30 07:29:54.137697
-0003,2330,1228,105,2024-12-30 07:29:54.153688
-0004,2329,1228,105,2024-12-30 07:29:54.169691
-0004,2338,1228,105,2024-12-30 07:29:54.185685
-0003,2334,1228,105,2024-12-30 07:29:54.201684
-0003,2332,1228,105,2024-12-30 07:29:54.233394
-0004,2334,1228,104,2024-12-30 07:29:54.249699
-0005,2000,1228,104,2024-12-30 07:29:54.265669
-0004,1963,1228,105,2024-12-30 07:29:54.281670
-0003,2283,1228,105,2024-12-30 07:29:54.297660
-0003,2330,1228,105,2024-12-30 07:29:54.313665
-0005,2350,1228,105,2024-12-30 07:29:54.329654
-0004,2335,1228,105,2024-12-30 07:29:54.345648
-0004,2334,1228,105,2024-12-30 07:29:54.361655
-0003,2328,1228,105,2024-12-30 07:29:54.392992
-0004,2333,1228,105,2024-12-30 07:29:54.409648
-0003,2332,1228,105,2024-12-30 07:29:54.425638
-0004,2328,1228,105,2024-12-30 07:29:54.441632
-0003,2330,1228,105,2024-12-30 07:29:54.457618
-0004,2351,1228,105,2024-12-30 07:29:54.473620
-0004,2323,1228,105,2024-12-30 07:29:54.489617
-0004,2337,1228,105,2024-12-30 07:29:54.505615
-0004,2350,1228,105,2024-12-30 07:29:54.521612
-0004,2336,1228,105,2024-12-30 07:29:54.537624
-0003,2321,1228,105,2024-12-30 07:29:54.569322
-0005,2351,1228,105,2024-12-30 07:29:54.585598
-0004,2347,1228,105,2024-12-30 07:29:54.601595
-0005,2348,1228,105,2024-12-30 07:29:54.617599
-0004,2353,1228,105,2024-12-30 07:29:54.633593
-0004,2335,1228,105,2024-12-30 07:29:54.649583
-0003,2320,1228,105,2024-12-30 07:29:54.665583
-0004,2344,1228,105,2024-12-30 07:29:54.681580
-0004,2328,1228,105,2024-12-30 07:29:54.697567
-0003,2336,1228,105,2024-12-30 07:29:54.728919
-0004,2330,1228,105,2024-12-30 07:29:54.745568
-0004,2338,1228,104,2024-12-30 07:29:54.761562
-0005,1996,1228,105,2024-12-30 07:29:54.777558
-0003,2279,1228,105,2024-12-30 07:29:54.793557
-0004,2348,1228,105,2024-12-30 07:29:54.809554
-0004,2340,1228,105,2024-12-30 07:29:54.825542
-0004,2333,1228,105,2024-12-30 07:29:54.841544
-0004,2346,1228,105,2024-12-30 07:29:54.857537
-0004,2325,1228,105,2024-12-30 07:29:54.873544
-0004,2351,1228,105,2024-12-30 07:29:54.905271
-0004,2337,1228,105,2024-12-30 07:29:54.921526
-0004,2349,1228,105,2024-12-30 07:29:54.937523
-0004,2330,1228,105,2024-12-30 07:29:54.953519
-0003,2328,1228,105,2024-12-30 07:29:54.969527
-0004,2350,1228,105,2024-12-30 07:29:54.985521
-0004,2345,1228,105,2024-12-30 07:29:55.001522
-0005,2349,1228,105,2024-12-30 07:29:55.017511
-0004,2325,1228,105,2024-12-30 07:29:55.033502
-0003,2324,1228,105,2024-12-30 07:29:55.064858
-0003,2337,1228,105,2024-12-30 07:29:55.081496
-0004,2326,1228,105,2024-12-30 07:29:55.097493
-0004,2324,1228,105,2024-12-30 07:29:55.113476
-0004,2335,1228,105,2024-12-30 07:29:55.129482
-0004,2331,1228,105,2024-12-30 07:29:55.145470
-0004,2343,1228,105,2024-12-30 07:29:55.161478
-0003,2334,1228,105,2024-12-30 07:29:55.177470
-0004,2331,1228,105,2024-12-30 07:29:55.193474
-0004,2329,1228,105,2024-12-30 07:29:55.209460
-0004,2337,1228,105,2024-12-30 07:29:55.241202
-0003,2328,1228,105,2024-12-30 07:29:55.257465
-0004,2349,1228,104,2024-12-30 07:29:55.273452
-0005,2001,1228,104,2024-12-30 07:29:55.289454
-0004,1960,1228,105,2024-12-30 07:29:55.305450
-0003,2284,1228,105,2024-12-30 07:29:55.321435
-0004,2333,1228,105,2024-12-30 07:29:55.337439
-0003,2331,1228,105,2024-12-30 07:29:55.353439
-0004,2333,1228,105,2024-12-30 07:29:55.369441
-0004,2350,1228,105,2024-12-30 07:29:55.400835
-0003,2331,1228,105,2024-12-30 07:29:55.417455
-0004,2344,1228,105,2024-12-30 07:29:55.433453
-0004,2332,1228,105,2024-12-30 07:29:55.449454
-0004,2352,1228,105,2024-12-30 07:29:55.465465
-0003,2336,1228,105,2024-12-30 07:29:55.481461
-0005,2351,1228,105,2024-12-30 07:29:55.497455
-0003,2331,1228,105,2024-12-30 07:29:55.513457
-0004,2348,1228,105,2024-12-30 07:29:55.529456
-0003,2333,1228,105,2024-12-30 07:29:55.545384
-0004,2332,1228,105,2024-12-30 07:29:55.577134
-0003,2334,1228,105,2024-12-30 07:29:55.593384
-0004,2336,1228,105,2024-12-30 07:29:55.609377
-0004,2346,1227,105,2024-12-30 07:29:55.625386
-0005,2338,1228,105,2024-12-30 07:29:55.641370
-0003,2340,1228,105,2024-12-30 07:29:55.657362
-0003,2334,1228,105,2024-12-30 07:29:55.673365
-0004,2330,1228,105,2024-12-30 07:29:55.689354
-0005,2336,1228,105,2024-12-30 07:29:55.705361
-0004,2327,1228,105,2024-12-30 07:29:55.736740
-0004,2331,1228,105,2024-12-30 07:29:55.753348
-0005,2345,1228,105,2024-12-30 07:29:55.769343
-0004,2334,1228,104,2024-12-30 07:29:55.785341
-0005,2002,1228,104,2024-12-30 07:29:55.801330
-0005,1976,1228,105,2024-12-30 07:29:55.817329
-0004,2289,1228,105,2024-12-30 07:29:55.833332
-0004,2321,1228,105,2024-12-30 07:29:55.849321
-0004,2338,1228,105,2024-12-30 07:29:55.865319
-0005,2351,1228,105,2024-12-30 07:29:55.881314
-0004,2333,1228,105,2024-12-30 07:29:55.913075
-0004,2334,1228,105,2024-12-30 07:29:55.929313
-0004,2326,1228,105,2024-12-30 07:29:55.945302
-0004,2340,1228,105,2024-12-30 07:29:55.961299
-0004,2335,1228,105,2024-12-30 07:29:55.977294
-0004,2328,1228,105,2024-12-30 07:29:55.993285
-0004,2344,1228,105,2024-12-30 07:29:56.009286
-0005,2335,1228,105,2024-12-30 07:29:56.025282
-0003,2333,1228,105,2024-12-30 07:29:56.041284
-0003,2333,1228,105,2024-12-30 07:29:56.072685
-0005,2327,1228,105,2024-12-30 07:29:56.089287
-0005,2340,1228,105,2024-12-30 07:29:56.105269
-0004,2334,1228,105,2024-12-30 07:29:56.121276
-0003,2343,1228,105,2024-12-30 07:29:56.137266
-0004,2330,1228,105,2024-12-30 07:29:56.153257
-0003,2333,1228,105,2024-12-30 07:29:56.169257
-0003,2331,1228,105,2024-12-30 07:29:56.185260
-0004,2328,1228,105,2024-12-30 07:29:56.201257
-0005,2348,1228,105,2024-12-30 07:29:56.217240
-0004,2335,1228,105,2024-12-30 07:29:56.249030
-0004,2335,1228,105,2024-12-30 07:29:56.265243
-0005,2333,1228,105,2024-12-30 07:29:56.281230
-0004,2329,1228,104,2024-12-30 07:29:56.297231
-0005,2004,1228,104,2024-12-30 07:29:56.313240
-0004,1970,1228,105,2024-12-30 07:29:56.329220
-0004,2288,1228,105,2024-12-30 07:29:56.345221
-0004,2326,1228,105,2024-12-30 07:29:56.361214
-0005,2348,1228,105,2024-12-30 07:29:56.377209
-0004,2329,1228,105,2024-12-30 07:29:56.408628
-0004,2332,1228,105,2024-12-30 07:29:56.425196
-0004,2325,1228,105,2024-12-30 07:29:56.441195
-0005,2330,1228,105,2024-12-30 07:29:56.457200
-0004,2343,1228,105,2024-12-30 07:29:56.473184
-0005,2333,1228,105,2024-12-30 07:29:56.489188
-0004,2344,1228,105,2024-12-30 07:29:56.505182
-0004,2327,1228,105,2024-12-30 07:29:56.521178
-0004,2349,1228,105,2024-12-30 07:29:56.537169
-0004,2324,1228,105,2024-12-30 07:29:56.553170
-0004,2326,1228,105,2024-12-30 07:29:56.584970
-0004,2326,1227,105,2024-12-30 07:29:56.601163
-0006,2354,1228,105,2024-12-30 07:29:56.617156
-0003,2332,1227,105,2024-12-30 07:29:56.633158
-0004,2331,1228,105,2024-12-30 07:29:56.649152
-0004,2325,1228,105,2024-12-30 07:29:56.665153
-0004,2333,1228,105,2024-12-30 07:29:56.681153
-0004,2333,1228,105,2024-12-30 07:29:56.697145
-0004,2333,1228,105,2024-12-30 07:29:56.713145
-0004,2349,1228,105,2024-12-30 07:29:56.744540
-0005,2341,1228,105,2024-12-30 07:29:56.761127
-0004,2349,1228,105,2024-12-30 07:29:56.777127
-0005,2347,1228,105,2024-12-30 07:29:56.793116
-0005,2334,1228,104,2024-12-30 07:29:56.809128
-0005,1988,1228,105,2024-12-30 07:29:56.825125
-0004,2283,1228,105,2024-12-30 07:29:56.841103
-0004,2327,1227,105,2024-12-30 07:29:56.857104
-0004,2321,1228,105,2024-12-30 07:29:56.873102
-0005,2349,1228,105,2024-12-30 07:29:56.889102
-0004,2321,1228,105,2024-12-30 07:29:56.920904
-0004,2329,1227,105,2024-12-30 07:29:56.937095
-0004,2347,1228,105,2024-12-30 07:29:56.953095
-0004,2327,1228,105,2024-12-30 07:29:56.969087
-0004,2330,1228,105,2024-12-30 07:29:56.985077
-0004,2335,1228,105,2024-12-30 07:29:57.001082
-0004,2337,1228,105,2024-12-30 07:29:57.017070
-0004,2328,1228,105,2024-12-30 07:29:57.033078
-0004,2329,1228,105,2024-12-30 07:29:57.049068
-0005,2334,1228,105,2024-12-30 07:29:57.080481
-0004,2329,1228,105,2024-12-30 07:29:57.097055
-0003,2323,1228,105,2024-12-30 07:29:57.113054
-0004,2329,1228,105,2024-12-30 07:29:57.129051
-0004,2325,1227,105,2024-12-30 07:29:57.145043
-0005,2325,1227,105,2024-12-30 07:29:57.161047
-0005,2342,1227,105,2024-12-30 07:29:57.177042
-0004,2323,1228,105,2024-12-30 07:29:57.193047
-0005,2340,1228,105,2024-12-30 07:29:57.209029
-0004,2333,1227,105,2024-12-30 07:29:57.225026
-0004,2330,1228,105,2024-12-30 07:29:57.256850
-0004,2335,1228,105,2024-12-30 07:29:57.273016
-0003,2329,1228,105,2024-12-30 07:29:57.289019
-0004,2325,1228,105,2024-12-30 07:29:57.305027
-0004,2349,1227,104,2024-12-30 07:29:57.321008
-0005,1986,1227,106,2024-12-30 07:29:57.337012
-0003,2281,1228,106,2024-12-30 07:29:57.352998
-0005,2345,1228,106,2024-12-30 07:29:57.369001
-0005,2349,1228,106,2024-12-30 07:29:57.384990
-0004,2327,1227,106,2024-12-30 07:29:57.416425
-0004,2332,1227,106,2024-12-30 07:29:57.432976
-0004,2331,1227,106,2024-12-30 07:29:57.448975
-0003,2332,1228,106,2024-12-30 07:29:57.464967
-0005,2328,1228,106,2024-12-30 07:29:57.480971
-0004,2332,1228,106,2024-12-30 07:29:57.496972
-0005,2327,1228,106,2024-12-30 07:29:57.512968
-0003,2325,1227,106,2024-12-30 07:29:57.528961
-0004,2331,1228,106,2024-12-30 07:29:57.544963
-0004,2335,1228,106,2024-12-30 07:29:57.560966
-0003,2331,1227,106,2024-12-30 07:29:57.592767
-0004,2330,1227,106,2024-12-30 07:29:57.608945
-0004,2333,1227,106,2024-12-30 07:29:57.624948
-0004,2330,1227,106,2024-12-30 07:29:57.640932
-0005,2343,1227,106,2024-12-30 07:29:57.656939
-0004,2328,1227,106,2024-12-30 07:29:57.672933
-0005,2328,1228,106,2024-12-30 07:29:57.688939
-0004,2319,1227,106,2024-12-30 07:29:57.704928
-0005,2344,1228,106,2024-12-30 07:29:57.720926
-0004,2329,1228,106,2024-12-30 07:29:57.752355
-0004,2326,1227,106,2024-12-30 07:29:57.768916
-0003,2329,1227,106,2024-12-30 07:29:57.784905
-0005,2342,1227,106,2024-12-30 07:29:57.800917
-0004,2321,1227,106,2024-12-30 07:29:57.816900
-0004,2331,1228,105,2024-12-30 07:29:57.832891
-0005,1992,1227,106,2024-12-30 07:29:57.848897
-0004,2278,1228,106,2024-12-30 07:29:57.864885
-0004,2319,1228,106,2024-12-30 07:29:57.880948
-0004,2332,1228,106,2024-12-30 07:29:57.896892
-0004,2327,1228,106,2024-12-30 07:29:57.928708
-0004,2334,1228,106,2024-12-30 07:29:57.944881
-0004,2331,1228,106,2024-12-30 07:29:57.960867
-0005,2344,1228,106,2024-12-30 07:29:57.976878
-0004,2334,1228,106,2024-12-30 07:29:57.992870
-0004,2330,1227,106,2024-12-30 07:29:58.008867
-0005,2324,1227,106,2024-12-30 07:29:58.024859
-0004,2336,1228,106,2024-12-30 07:29:58.040863
-0004,2325,1228,106,2024-12-30 07:29:58.056860
-0004,2331,1228,106,2024-12-30 07:29:58.088301
-0003,2335,1228,106,2024-12-30 07:29:58.104839
-0004,2330,1227,106,2024-12-30 07:29:58.120839
-0004,2348,1227,106,2024-12-30 07:29:58.136833
-0005,2344,1227,106,2024-12-30 07:29:58.152832
-0004,2333,1228,106,2024-12-30 07:29:58.168828
-0005,2339,1227,106,2024-12-30 07:29:58.184818
-0005,2348,1227,106,2024-12-30 07:29:58.200822
-0004,2330,1227,106,2024-12-30 07:29:58.216815
-0004,2323,1227,106,2024-12-30 07:29:58.232815
-0004,2331,1228,106,2024-12-30 07:29:58.264634
-0004,2322,1227,106,2024-12-30 07:29:58.280806
-0004,2343,1227,106,2024-12-30 07:29:58.296798
-0004,2328,1228,106,2024-12-30 07:29:58.312805
-0004,2328,1227,106,2024-12-30 07:29:58.328809
-0005,2348,1227,105,2024-12-30 07:29:58.344808
-0005,1984,1228,105,2024-12-30 07:29:58.360810
-0004,2283,1227,105,2024-12-30 07:29:58.376813
-0004,2347,1228,105,2024-12-30 07:29:58.392825
-0004,2330,1227,105,2024-12-30 07:29:58.424276
-0005,2321,1227,105,2024-12-30 07:29:58.440820
-0004,2331,1228,105,2024-12-30 07:29:58.456823
-0004,2333,1227,105,2024-12-30 07:29:58.472833
-0005,2344,1227,105,2024-12-30 07:29:58.488753
-0005,2331,1227,105,2024-12-30 07:29:58.504759
-0005,2332,1227,105,2024-12-30 07:29:58.520752
-0003,2333,1227,105,2024-12-30 07:29:58.536750
-0005,2337,1228,105,2024-12-30 07:29:58.552739
-0003,2332,1227,105,2024-12-30 07:29:58.568742
-0005,2335,1227,105,2024-12-30 07:29:58.600569
-0003,2332,1227,105,2024-12-30 07:29:58.616738
-0004,2330,1227,105,2024-12-30 07:29:58.632750
-0004,2317,1227,105,2024-12-30 07:29:58.648730
-0005,2345,1227,105,2024-12-30 07:29:58.664732
-0004,2332,1227,105,2024-12-30 07:29:58.680718
-0004,2323,1227,105,2024-12-30 07:29:58.696712
-0004,2333,1227,105,2024-12-30 07:29:58.712712
-0004,2331,1227,105,2024-12-30 07:29:58.728713
-0005,2351,1227,105,2024-12-30 07:29:58.760178
-0005,2329,1227,105,2024-12-30 07:29:58.776699
-0004,2328,1228,105,2024-12-30 07:29:58.792701
-0004,2331,1227,105,2024-12-30 07:29:58.808687
-0004,2331,1227,105,2024-12-30 07:29:58.824686
-0004,2330,1228,105,2024-12-30 07:29:58.840678
-0005,2320,1228,104,2024-12-30 07:29:58.856675
-0005,1982,1228,105,2024-12-30 07:29:58.872681
-0004,2276,1227,105,2024-12-30 07:29:58.888673
-0004,2327,1227,105,2024-12-30 07:29:58.904674
-0005,2335,1227,105,2024-12-30 07:29:58.936524
-0003,2333,1227,105,2024-12-30 07:29:58.952661
-0004,2330,1227,105,2024-12-30 07:29:58.968665
-0004,2320,1228,105,2024-12-30 07:29:58.984656
-0004,2323,1228,105,2024-12-30 07:29:59.000661
-0005,2346,1227,105,2024-12-30 07:29:59.016648
-0005,2327,1227,105,2024-12-30 07:29:59.032654
-0004,2320,1227,105,2024-12-30 07:29:59.048657
-0004,2328,1227,105,2024-12-30 07:29:59.064636
-0005,2318,1227,105,2024-12-30 07:29:59.096106
-0004,2326,1228,105,2024-12-30 07:29:59.112623
-0005,2344,1227,105,2024-12-30 07:29:59.128631
-0005,2348,1227,105,2024-12-30 07:29:59.144623
-0005,2326,1228,105,2024-12-30 07:29:59.160622
-0005,2317,1227,105,2024-12-30 07:29:59.176886
-0005,2336,1227,105,2024-12-30 07:29:59.192627
-0004,2330,1228,105,2024-12-30 07:29:59.208607
-0005,2333,1227,105,2024-12-30 07:29:59.224599
-0004,2329,1227,105,2024-12-30 07:29:59.240625
-0005,2326,1227,105,2024-12-30 07:29:59.272467
-0004,2327,1227,105,2024-12-30 07:29:59.288589
-0004,2325,1227,105,2024-12-30 07:29:59.304588
-0004,2318,1227,105,2024-12-30 07:29:59.320580
-0005,2319,1227,105,2024-12-30 07:29:59.336574
-0004,2323,1227,105,2024-12-30 07:29:59.352577
-0005,2329,1227,104,2024-12-30 07:29:59.368566
-0005,1977,1227,106,2024-12-30 07:29:59.384567
-0004,2268,1227,106,2024-12-30 07:29:59.400572
-0005,2319,1227,106,2024-12-30 07:29:59.432065
-0004,2327,1227,106,2024-12-30 07:29:59.448552
-0004,2331,1227,106,2024-12-30 07:29:59.464544
-0004,2326,1227,106,2024-12-30 07:29:59.480539
-0005,2329,1228,106,2024-12-30 07:29:59.496547
-0004,2317,1227,106,2024-12-30 07:29:59.512540
-0004,2329,1227,106,2024-12-30 07:29:59.528542
-0005,2348,1227,106,2024-12-30 07:29:59.544532
-0005,2324,1227,106,2024-12-30 07:29:59.560534
-0004,2341,1227,106,2024-12-30 07:29:59.576528
-0005,2330,1227,106,2024-12-30 07:29:59.608411
-0004,2318,1227,106,2024-12-30 07:29:59.624510
-0003,2331,1227,106,2024-12-30 07:29:59.640514
-0004,2317,1227,106,2024-12-30 07:29:59.656517
-0004,2323,1227,106,2024-12-30 07:29:59.672507
-0004,2319,1227,106,2024-12-30 07:29:59.688498
-0004,2320,1227,106,2024-12-30 07:29:59.704492
-0005,2343,1227,106,2024-12-30 07:29:59.720492
-0005,2317,1227,106,2024-12-30 07:29:59.736489
-0004,2328,1227,106,2024-12-30 07:29:59.767998
-0005,2320,1227,106,2024-12-30 07:29:59.784481
-0005,2330,1227,106,2024-12-30 07:29:59.800487
-0004,2322,1227,106,2024-12-30 07:29:59.816473
-0004,2316,1227,106,2024-12-30 07:29:59.832478
-0004,2324,1227,106,2024-12-30 07:29:59.848472
-0004,2325,1227,106,2024-12-30 07:29:59.864464
-0005,2339,1227,105,2024-12-30 07:29:59.880464
-0005,1973,1227,106,2024-12-30 07:29:59.896446
-0004,2277,1227,106,2024-12-30 07:29:59.912448
-0004,2330,1227,106,2024-12-30 07:29:59.944359
-0005,2336,1227,106,2024-12-30 07:29:59.960437
-0004,2323,1227,106,2024-12-30 07:29:59.976442
-0004,2330,1227,106,2024-12-30 07:29:59.992428
-0005,2334,1227,106,2024-12-30 07:30:00.008424
-0005,2338,1227,106,2024-12-30 07:30:00.024422
-0005,2345,1227,106,2024-12-30 07:30:00.040423
-0005,2319,1227,106,2024-12-30 07:30:00.056416
-0004,2342,1227,106,2024-12-30 07:30:00.072411
-0004,2321,1227,106,2024-12-30 07:30:00.103938
-0004,2340,1227,106,2024-12-30 07:30:00.120406
-0005,2326,1227,106,2024-12-30 07:30:00.136410
-0005,2346,1227,106,2024-12-30 07:30:00.152392
-0004,2327,1227,106,2024-12-30 07:30:00.168394
-0005,2319,1227,106,2024-12-30 07:30:00.184390
-0005,2330,1227,106,2024-12-30 07:30:00.200393
-0005,2319,1227,106,2024-12-30 07:30:00.216386
-0005,2344,1227,106,2024-12-30 07:30:00.232380
-0004,2326,1227,106,2024-12-30 07:30:00.248477
-0005,2317,1227,106,2024-12-30 07:30:00.280287
-0004,2325,1227,106,2024-12-30 07:30:00.296366
-0004,2323,1227,106,2024-12-30 07:30:00.312382
-0005,2345,1227,106,2024-12-30 07:30:00.328358
-0005,2316,1227,106,2024-12-30 07:30:00.344366
-0005,2326,1227,106,2024-12-30 07:30:00.360350
-0005,2317,1227,106,2024-12-30 07:30:00.376355
-0006,2338,1227,105,2024-12-30 07:30:00.392351
-0006,1972,1227,106,2024-12-30 07:30:00.408343
-0004,2275,1227,106,2024-12-30 07:30:00.439878
-0004,2323,1227,106,2024-12-30 07:30:00.456340
-0004,2329,1227,106,2024-12-30 07:30:00.472333
-0004,2325,1227,106,2024-12-30 07:30:00.488328
-0005,2326,1227,106,2024-12-30 07:30:00.504330
-0005,2320,1227,106,2024-12-30 07:30:00.520333
-0004,2327,1227,106,2024-12-30 07:30:00.536320
-0005,2318,1227,106,2024-12-30 07:30:00.552311
-0005,2326,1227,106,2024-12-30 07:30:00.568311
-0004,2323,1227,106,2024-12-30 07:30:00.584311
-0004,2327,1227,106,2024-12-30 07:30:00.616220
-0005,2327,1227,106,2024-12-30 07:30:00.632292
-0004,2324,1227,106,2024-12-30 07:30:00.648301
-0004,2322,1227,106,2024-12-30 07:30:00.664290
-0004,2321,1227,106,2024-12-30 07:30:00.680290
-0004,2326,1227,106,2024-12-30 07:30:00.696282
-0004,2320,1227,106,2024-12-30 07:30:00.712288
-0006,2337,1227,106,2024-12-30 07:30:00.728272
-0005,2321,1227,106,2024-12-30 07:30:00.744283
-0005,2311,1227,106,2024-12-30 07:30:00.775809
-0005,2327,1227,106,2024-12-30 07:30:00.792262
-0004,2322,1227,106,2024-12-30 07:30:00.808264
-0004,2320,1227,106,2024-12-30 07:30:00.824254
-0005,2326,1227,106,2024-12-30 07:30:00.840248
-0004,2319,1227,106,2024-12-30 07:30:00.856248
-0005,2320,1227,106,2024-12-30 07:30:00.872248
-0004,2326,1227,106,2024-12-30 07:30:00.888234
-0005,2328,1227,105,2024-12-30 07:30:00.904238
-0005,1966,1227,106,2024-12-30 07:30:00.920238
-0005,2274,1227,106,2024-12-30 07:30:00.952146
-0005,2338,1227,106,2024-12-30 07:30:00.968224
-0006,2325,1227,106,2024-12-30 07:30:00.984222
-0005,2314,1227,106,2024-12-30 07:30:01.000225
-0005,2333,1227,106,2024-12-30 07:30:01.016216
-0005,2315,1227,106,2024-12-30 07:30:01.032208
-0005,2320,1227,106,2024-12-30 07:30:01.048202
-0004,2323,1227,106,2024-12-30 07:30:01.064210
-0005,2330,1227,106,2024-12-30 07:30:01.080205
-0005,2313,1227,106,2024-12-30 07:30:01.111735
-0004,2324,1227,106,2024-12-30 07:30:01.128188
-0004,2325,1227,106,2024-12-30 07:30:01.144187
-0005,2331,1227,106,2024-12-30 07:30:01.160179
-0004,2326,1227,106,2024-12-30 07:30:01.176186
-0006,2320,1227,106,2024-12-30 07:30:01.192172
-0004,2322,1227,106,2024-12-30 07:30:01.208168
-0005,2341,1227,106,2024-12-30 07:30:01.224172
-0004,2317,1227,106,2024-12-30 07:30:01.240192
-0005,2315,1227,106,2024-12-30 07:30:01.256173
-0005,2314,1227,106,2024-12-30 07:30:01.288104
-0004,2320,1227,106,2024-12-30 07:30:01.304189
-0004,2313,1227,106,2024-12-30 07:30:01.320179
-0005,2308,1227,106,2024-12-30 07:30:01.336176
-0003,2325,1226,106,2024-12-30 07:30:01.352183
-0005,2316,1227,106,2024-12-30 07:30:01.368180
-0006,2331,1227,106,2024-12-30 07:30:01.384182
-0004,2308,1227,106,2024-12-30 07:30:01.400185
-0004,2320,1226,105,2024-12-30 07:30:01.416184
-0005,1963,1227,106,2024-12-30 07:30:01.447702
-0004,2268,1227,106,2024-12-30 07:30:01.464120
-0005,2309,1226,106,2024-12-30 07:30:01.480119
-0005,2312,1227,106,2024-12-30 07:30:01.496106
-0004,2321,1226,106,2024-12-30 07:30:01.512105
-0004,2308,1227,106,2024-12-30 07:30:01.528094
-0005,2321,1227,106,2024-12-30 07:30:01.544087
-0006,2333,1227,106,2024-12-30 07:30:01.560106
-0005,2321,1227,106,2024-12-30 07:30:01.576088
-0005,2322,1227,106,2024-12-30 07:30:01.592093
-0005,2320,1227,106,2024-12-30 07:30:01.624024
-0005,2322,1227,106,2024-12-30 07:30:01.640076
-0005,2320,1226,106,2024-12-30 07:30:01.656062
-0004,2315,1227,106,2024-12-30 07:30:01.672073
-0005,2311,1226,106,2024-12-30 07:30:01.688061
-0004,2316,1227,106,2024-12-30 07:30:01.704074
-0004,2320,1226,106,2024-12-30 07:30:01.720067
-0004,2315,1227,106,2024-12-30 07:30:01.736046
-0004,2320,1227,106,2024-12-30 07:30:01.752055
-0005,2328,1227,106,2024-12-30 07:30:01.783611
-0004,2321,1227,106,2024-12-30 07:30:01.800044
-0005,2316,1227,106,2024-12-30 07:30:01.816040
-0004,2315,1227,106,2024-12-30 07:30:01.832028
-0006,2311,1227,106,2024-12-30 07:30:01.848036
-0004,2323,1227,106,2024-12-30 07:30:01.864027
-0005,2327,1227,106,2024-12-30 07:30:01.880026
-0005,2320,1227,106,2024-12-30 07:30:01.896017
-0005,2320,1226,106,2024-12-30 07:30:01.912011
-0005,2318,1227,105,2024-12-30 07:30:01.928009
-0006,1957,1227,106,2024-12-30 07:30:01.959946
-0005,2273,1227,106,2024-12-30 07:30:01.976017
-0005,2317,1226,106,2024-12-30 07:30:01.991997
-0005,2314,1226,106,2024-12-30 07:30:02.008001
-0004,2311,1227,106,2024-12-30 07:30:02.023989
-0005,2312,1227,106,2024-12-30 07:30:02.039991
-0005,2322,1227,106,2024-12-30 07:30:02.055987
-0005,2335,1226,106,2024-12-30 07:30:02.071988
-0006,2334,1227,106,2024-12-30 07:30:02.087982
-0005,2315,1227,106,2024-12-30 07:30:02.119535
-0005,2319,1227,106,2024-12-30 07:30:02.135968
-0005,2307,1226,106,2024-12-30 07:30:02.151967
-0005,2334,1227,106,2024-12-30 07:30:02.167963
-0005,2308,1226,106,2024-12-30 07:30:02.183962
-0005,2313,1227,106,2024-12-30 07:30:02.199950
-0004,2312,1226,106,2024-12-30 07:30:02.215947
-0005,2330,1227,106,2024-12-30 07:30:02.231950
-0004,2311,1227,106,2024-12-30 07:30:02.247954
-0005,2306,1226,106,2024-12-30 07:30:02.263939
-0005,2326,1227,106,2024-12-30 07:30:02.295891
-0005,2320,1227,106,2024-12-30 07:30:02.311932
-0006,2327,1227,106,2024-12-30 07:30:02.327932
-0004,2313,1227,106,2024-12-30 07:30:02.343924
-0006,2319,1226,106,2024-12-30 07:30:02.359916
-0004,2308,1226,106,2024-12-30 07:30:02.375914
-0005,2319,1226,106,2024-12-30 07:30:02.391910
-0006,2318,1226,106,2024-12-30 07:30:02.407915
-0005,2327,1226,106,2024-12-30 07:30:02.423907
-0005,2314,1226,105,2024-12-30 07:30:02.455478
-0006,1938,1227,106,2024-12-30 07:30:02.471898
-0004,2254,1227,106,2024-12-30 07:30:02.487903
-0005,2330,1226,106,2024-12-30 07:30:02.503892
-0004,2316,1227,106,2024-12-30 07:30:02.519889
-0004,2315,1227,106,2024-12-30 07:30:02.535883
-0005,2331,1226,106,2024-12-30 07:30:02.551873
-0005,2302,1226,106,2024-12-30 07:30:02.567874
-0004,2306,1226,106,2024-12-30 07:30:02.583867
-0005,2318,1226,106,2024-12-30 07:30:02.599868
-0005,2317,1226,106,2024-12-30 07:30:02.631825
-0005,2321,1226,106,2024-12-30 07:30:02.647855
-0005,2324,1227,106,2024-12-30 07:30:02.663851
-0005,2306,1226,106,2024-12-30 07:30:02.679849
-0004,2317,1227,106,2024-12-30 07:30:02.695852
-0005,2301,1227,106,2024-12-30 07:30:02.711852
-0005,2319,1226,106,2024-12-30 07:30:02.727840
-0004,2305,1226,106,2024-12-30 07:30:02.743845
-0004,2318,1226,106,2024-12-30 07:30:02.759832
-0005,2310,1226,106,2024-12-30 07:30:02.791421
-0005,2324,1226,106,2024-12-30 07:30:02.807825
-0004,2317,1227,106,2024-12-30 07:30:02.823825
-0005,2323,1227,106,2024-12-30 07:30:02.839814
-0005,2302,1226,106,2024-12-30 07:30:02.855819
-0005,2313,1226,106,2024-12-30 07:30:02.871809
-0005,2315,1227,106,2024-12-30 07:30:02.887805
-0005,2313,1226,106,2024-12-30 07:30:02.903807
-0005,2313,1226,106,2024-12-30 07:30:02.919799
-0004,2317,1227,106,2024-12-30 07:30:02.935800
-0005,2301,1227,105,2024-12-30 07:30:02.967750
-0006,1928,1226,106,2024-12-30 07:30:02.983789
-0005,2257,1226,106,2024-12-30 07:30:02.999788
-0005,2317,1226,106,2024-12-30 07:30:03.015775
-0006,2324,1226,106,2024-12-30 07:30:03.031777
-0004,2313,1226,106,2024-12-30 07:30:03.047764
-0005,2302,1226,106,2024-12-30 07:30:03.063771
-0006,2311,1227,106,2024-12-30 07:30:03.079755
-0005,2323,1226,106,2024-12-30 07:30:03.095756
-0005,2315,1226,106,2024-12-30 07:30:03.127348
-0005,2313,1226,106,2024-12-30 07:30:03.143741
-0005,2323,1226,106,2024-12-30 07:30:03.159741
-0005,2323,1226,106,2024-12-30 07:30:03.175742
-0005,2309,1226,106,2024-12-30 07:30:03.191744
-0005,2327,1226,106,2024-12-30 07:30:03.207731
-0004,2314,1226,106,2024-12-30 07:30:03.223727
-0004,2305,1226,106,2024-12-30 07:30:03.239746
-0006,2314,1226,106,2024-12-30 07:30:03.255716
-0006,2325,1226,106,2024-12-30 07:30:03.271720
-0005,2299,1227,106,2024-12-30 07:30:03.303716
-0006,2305,1226,106,2024-12-30 07:30:03.319712
-0004,2305,1226,106,2024-12-30 07:30:03.335713
-0004,2297,1226,106,2024-12-30 07:30:03.351700
-0005,2311,1226,106,2024-12-30 07:30:03.367705
-0004,2316,1226,106,2024-12-30 07:30:03.383692
-0004,2308,1227,106,2024-12-30 07:30:03.399688
-0006,2326,1226,106,2024-12-30 07:30:03.415696
-0004,2307,1226,106,2024-12-30 07:30:03.431691
-0005,2314,1226,106,2024-12-30 07:30:03.463274
-0006,2313,1227,105,2024-12-30 07:30:03.479686
-0006,1941,1227,106,2024-12-30 07:30:03.495676
-0005,2254,1226,106,2024-12-30 07:30:03.511669
-0004,2305,1226,106,2024-12-30 07:30:03.527669
-0005,2308,1226,106,2024-12-30 07:30:03.543663
-0004,2313,1226,106,2024-12-30 07:30:03.559666
-0006,2301,1226,106,2024-12-30 07:30:03.575662
-0004,2315,1226,106,2024-12-30 07:30:03.591649
-0005,2322,1226,106,2024-12-30 07:30:03.607645
-0005,2313,1227,106,2024-12-30 07:30:03.639601
-0005,2321,1226,106,2024-12-30 07:30:03.655637
-0005,2316,1226,106,2024-12-30 07:30:03.671640
-0005,2303,1227,106,2024-12-30 07:30:03.687630
-0005,2304,1226,106,2024-12-30 07:30:03.703627
-0005,2311,1226,106,2024-12-30 07:30:03.719623
-0006,2316,1226,106,2024-12-30 07:30:03.735615
-0005,2318,1226,106,2024-12-30 07:30:03.751621
-0005,2310,1226,106,2024-12-30 07:30:03.767618
-0004,2315,1226,106,2024-12-30 07:30:03.799226
-0004,2300,1226,106,2024-12-30 07:30:03.815609
-0004,2299,1226,106,2024-12-30 07:30:03.831598
-0006,2314,1226,106,2024-12-30 07:30:03.847604
-0005,2316,1226,106,2024-12-30 07:30:03.863591
-0005,2321,1226,106,2024-12-30 07:30:03.879592
-0004,2310,1226,106,2024-12-30 07:30:03.895585
-0005,2307,1226,106,2024-12-30 07:30:03.911584
-0005,2298,1226,106,2024-12-30 07:30:03.927583
-0005,2311,1226,106,2024-12-30 07:30:03.943587
-0006,2304,1226,106,2024-12-30 07:30:03.975551
-0005,2322,1226,105,2024-12-30 07:30:03.991562
-0006,1942,1226,106,2024-12-30 07:30:04.007556
-0005,2250,1226,106,2024-12-30 07:30:04.023559
-0005,2313,1226,106,2024-12-30 07:30:04.039552
-0006,2323,1226,106,2024-12-30 07:30:04.055551
-0004,2311,1226,106,2024-12-30 07:30:04.071549
-0004,2317,1226,106,2024-12-30 07:30:04.087549
-0005,2320,1226,106,2024-12-30 07:30:04.103542
-0005,2310,1226,106,2024-12-30 07:30:04.135163
-0004,2314,1226,106,2024-12-30 07:30:04.151527
-0005,2321,1226,106,2024-12-30 07:30:04.167528
-0006,2315,1226,106,2024-12-30 07:30:04.183531
-0005,2298,1226,106,2024-12-30 07:30:04.199533
-0005,2316,1226,106,2024-12-30 07:30:04.215531
-0005,2297,1226,106,2024-12-30 07:30:04.231532
-0005,2303,1226,106,2024-12-30 07:30:04.247545
-0006,2321,1226,106,2024-12-30 07:30:04.263546
-0005,2300,1226,106,2024-12-30 07:30:04.279543
-0005,2297,1226,106,2024-12-30 07:30:04.311528
-0005,2311,1226,106,2024-12-30 07:30:04.327554
-0006,2323,1226,106,2024-12-30 07:30:04.343551
-0005,2301,1226,106,2024-12-30 07:30:04.359554
-0005,2294,1226,106,2024-12-30 07:30:04.375482
-0005,2310,1226,106,2024-12-30 07:30:04.391472
-0005,2308,1226,106,2024-12-30 07:30:04.407473
-0005,2312,1226,106,2024-12-30 07:30:04.423468
-0005,2302,1226,106,2024-12-30 07:30:04.439468
-0005,2328,1226,106,2024-12-30 07:30:04.471077
-0004,2313,1226,106,2024-12-30 07:30:04.487460
-0004,2308,1226,105,2024-12-30 07:30:04.503451
-0006,1930,1226,106,2024-12-30 07:30:04.519448
-0005,2252,1226,106,2024-12-30 07:30:04.535454
-0005,2315,1226,106,2024-12-30 07:30:04.551454
-0005,2299,1226,106,2024-12-30 07:30:04.567440
-0004,2313,1226,106,2024-12-30 07:30:04.583433
-0004,2313,1226,106,2024-12-30 07:30:04.599432
-0004,2300,1226,106,2024-12-30 07:30:04.615421
-0005,2301,1226,106,2024-12-30 07:30:04.647418
-0005,2313,1226,106,2024-12-30 07:30:04.663427
-0005,2322,1226,106,2024-12-30 07:30:04.679418
-0005,2320,1226,106,2024-12-30 07:30:04.695408
-0005,2306,1226,106,2024-12-30 07:30:04.711409
-0006,2315,1226,106,2024-12-30 07:30:04.727405
-0004,2312,1226,106,2024-12-30 07:30:04.743406
-0005,2299,1226,106,2024-12-30 07:30:04.759394
-0004,2301,1226,106,2024-12-30 07:30:04.775403
-0004,2312,1226,106,2024-12-30 07:30:04.807021
-0004,2315,1226,106,2024-12-30 07:30:04.823381
-0005,2311,1226,106,2024-12-30 07:30:04.839386
-0006,2310,1226,106,2024-12-30 07:30:04.855378
-0005,2304,1226,106,2024-12-30 07:30:04.871369
-0006,2323,1226,106,2024-12-30 07:30:04.887370
-0005,2325,1226,106,2024-12-30 07:30:04.903377
-0005,2298,1226,106,2024-12-30 07:30:04.919359
-0005,2322,1226,106,2024-12-30 07:30:04.935360
-0005,2317,1226,106,2024-12-30 07:30:04.951352
-0005,2306,1226,106,2024-12-30 07:30:04.983348
-0005,2312,1226,106,2024-12-30 07:30:04.999348
-0005,2295,1226,105,2024-12-30 07:30:05.015341
-0005,1934,1226,106,2024-12-30 07:30:05.031331
-0004,2249,1226,106,2024-12-30 07:30:05.047333
-0004,2310,1226,106,2024-12-30 07:30:05.063326
-0005,2313,1226,106,2024-12-30 07:30:05.079326
-0004,2300,1226,106,2024-12-30 07:30:05.095318
-0005,2300,1226,106,2024-12-30 07:30:05.111319
-0005,2318,1225,106,2024-12-30 07:30:05.142965
-0005,2317,1226,106,2024-12-30 07:30:05.159308
-0004,2297,1226,106,2024-12-30 07:30:05.175303
-0004,2313,1226,106,2024-12-30 07:30:05.191308
-0004,2311,1226,106,2024-12-30 07:30:05.207295
-0006,2318,1226,106,2024-12-30 07:30:05.223301
-0004,2306,1226,106,2024-12-30 07:30:05.239301
-0004,2307,1226,106,2024-12-30 07:30:05.255290
-0006,2316,1226,106,2024-12-30 07:30:05.271291
-0004,2295,1226,106,2024-12-30 07:30:05.287277
-0005,2323,1226,106,2024-12-30 07:30:05.319279
-0005,2315,1226,106,2024-12-30 07:30:05.335276
-0005,2295,1226,106,2024-12-30 07:30:05.351271
-0004,2293,1226,106,2024-12-30 07:30:05.367270
-0004,2318,1226,106,2024-12-30 07:30:05.383266
-0004,2313,1226,106,2024-12-30 07:30:05.399252
-0004,2312,1226,106,2024-12-30 07:30:05.415257
-0005,2318,1226,106,2024-12-30 07:30:05.431252
-0005,2294,1226,106,2024-12-30 07:30:05.447249
-0004,2296,1226,106,2024-12-30 07:30:05.478912
-0005,2321,1226,106,2024-12-30 07:30:05.495237
-0005,2300,1226,106,2024-12-30 07:30:05.511240
-0004,2304,1226,105,2024-12-30 07:30:05.527232
-0005,1923,1226,106,2024-12-30 07:30:05.543226
-0005,2250,1225,106,2024-12-30 07:30:05.559223
-0005,2310,1226,106,2024-12-30 07:30:05.575219
-0004,2319,1226,106,2024-12-30 07:30:05.591221
-0005,2311,1225,106,2024-12-30 07:30:05.607215
-0004,2312,1226,106,2024-12-30 07:30:05.638533
-0004,2298,1226,106,2024-12-30 07:30:05.655200
-0005,2318,1226,106,2024-12-30 07:30:05.671203
-0005,2306,1225,106,2024-12-30 07:30:05.687196
-0004,2312,1226,106,2024-12-30 07:30:05.703196
-0005,2316,1226,106,2024-12-30 07:30:05.719185
-0004,2299,1226,106,2024-12-30 07:30:05.735191
-0006,2311,1226,106,2024-12-30 07:30:05.751188
-0005,2308,1226,106,2024-12-30 07:30:05.767191
-0004,2312,1226,106,2024-12-30 07:30:05.783180
-0005,2295,1226,106,2024-12-30 07:30:05.814837
-0004,2310,1226,106,2024-12-30 07:30:05.831173
-0005,2316,1226,106,2024-12-30 07:30:05.847167
-0004,2313,1226,106,2024-12-30 07:30:05.863158
-0006,2321,1226,106,2024-12-30 07:30:05.879163
-0005,2312,1225,106,2024-12-30 07:30:05.895156
-0005,2295,1225,106,2024-12-30 07:30:05.911162
-0005,2294,1225,106,2024-12-30 07:30:05.927152
-0005,2297,1225,106,2024-12-30 07:30:05.943145
-0005,2309,1225,106,2024-12-30 07:30:05.959143
-0004,2305,1225,106,2024-12-30 07:30:05.991139
-0004,2316,1226,106,2024-12-30 07:30:06.007139
-0005,2311,1225,106,2024-12-30 07:30:06.023140
-0005,2314,1226,105,2024-12-30 07:30:06.039129
-0005,1917,1226,106,2024-12-30 07:30:06.055133
-0005,2238,1226,106,2024-12-30 07:30:06.071129
-0006,2310,1226,106,2024-12-30 07:30:06.087120
-0006,2320,1226,106,2024-12-30 07:30:06.103124
-0004,2311,1226,106,2024-12-30 07:30:06.119117
-0006,2319,1226,106,2024-12-30 07:30:06.150791
-0005,2293,1226,106,2024-12-30 07:30:06.167103
-0005,2308,1226,106,2024-12-30 07:30:06.183099
-0004,2297,1225,106,2024-12-30 07:30:06.199096
-0004,2310,1225,106,2024-12-30 07:30:06.215101
-0005,2307,1226,106,2024-12-30 07:30:06.231090
-0005,2298,1226,106,2024-12-30 07:30:06.247108
-0005,2320,1226,106,2024-12-30 07:30:06.263088
-0004,2311,1226,106,2024-12-30 07:30:06.279079
-0005,2306,1225,106,2024-12-30 07:30:06.310377
-0005,2300,1225,106,2024-12-30 07:30:06.327072
-0005,2299,1226,106,2024-12-30 07:30:06.343062
-0005,2316,1226,106,2024-12-30 07:30:06.359063
-0005,2312,1226,106,2024-12-30 07:30:06.375069
-0005,2298,1225,106,2024-12-30 07:30:06.391067
-0005,2312,1225,106,2024-12-30 07:30:06.407052
-0004,2306,1225,106,2024-12-30 07:30:06.423040
-0004,2304,1225,106,2024-12-30 07:30:06.439043
-0005,2307,1225,106,2024-12-30 07:30:06.455036
-0005,2314,1226,106,2024-12-30 07:30:06.486715
-0004,2300,1225,106,2024-12-30 07:30:06.503036
-0006,2307,1225,106,2024-12-30 07:30:06.519024
-0005,2296,1225,106,2024-12-30 07:30:06.535022
-0004,2297,1226,105,2024-12-30 07:30:06.551018
-0005,1916,1226,106,2024-12-30 07:30:06.567016
-0003,2242,1225,106,2024-12-30 07:30:06.583014
-0004,2306,1226,106,2024-12-30 07:30:06.599003
-0005,2313,1226,106,2024-12-30 07:30:06.615002
-0006,2312,1225,106,2024-12-30 07:30:06.646312
-0005,2294,1226,106,2024-12-30 07:30:06.662995
-0004,2307,1226,106,2024-12-30 07:30:06.678986
-0005,2317,1226,106,2024-12-30 07:30:06.694984
-0004,2303,1226,106,2024-12-30 07:30:06.710981
-0005,2315,1225,106,2024-12-30 07:30:06.726978
-0005,2316,1225,106,2024-12-30 07:30:06.742988
-0004,2297,1226,106,2024-12-30 07:30:06.758986
-0005,2315,1225,106,2024-12-30 07:30:06.774969
-0006,2299,1225,106,2024-12-30 07:30:06.790966
-0004,2310,1226,106,2024-12-30 07:30:06.822673
-0006,2307,1225,106,2024-12-30 07:30:06.838952
-0005,2294,1225,106,2024-12-30 07:30:06.854956
-0004,2317,1226,106,2024-12-30 07:30:06.870957
-0004,2305,1225,106,2024-12-30 07:30:06.886943
-0005,2315,1225,106,2024-12-30 07:30:06.902946
-0005,2301,1225,106,2024-12-30 07:30:06.918939
-0004,2307,1226,106,2024-12-30 07:30:06.934941
-0004,2298,1225,106,2024-12-30 07:30:06.950931
-0005,2309,1225,106,2024-12-30 07:30:06.982237
-0005,2320,1225,106,2024-12-30 07:30:06.998915
-0005,2322,1225,106,2024-12-30 07:30:07.014920
-0005,2319,1226,106,2024-12-30 07:30:07.030915
-0005,2323,1225,106,2024-12-30 07:30:07.046912
-0005,2303,1225,105,2024-12-30 07:30:07.062907
-0006,1922,1225,106,2024-12-30 07:30:07.078907
-0004,2249,1225,106,2024-12-30 07:30:07.094902
-0005,2291,1225,106,2024-12-30 07:30:07.110898
-0004,2309,1226,106,2024-12-30 07:30:07.126902
-0005,2317,1225,106,2024-12-30 07:30:07.158627
-0005,2313,1225,106,2024-12-30 07:30:07.174907
-0005,2319,1225,106,2024-12-30 07:30:07.190908
-0006,2315,1225,106,2024-12-30 07:30:07.206908
-0004,2302,1225,106,2024-12-30 07:30:07.222914
-0005,2305,1226,106,2024-12-30 07:30:07.238925
-0005,2322,1225,106,2024-12-30 07:30:07.254916
-0005,2292,1225,106,2024-12-30 07:30:07.270918
-0005,2302,1225,106,2024-12-30 07:30:07.286916
-0006,2314,1225,106,2024-12-30 07:30:07.318165
-0005,2313,1225,106,2024-12-30 07:30:07.334853
-0004,2312,1225,106,2024-12-30 07:30:07.350844
-0005,2291,1225,106,2024-12-30 07:30:07.366835
-0005,2321,1225,106,2024-12-30 07:30:07.382839
-0005,2313,1225,106,2024-12-30 07:30:07.398830
-0005,2313,1225,106,2024-12-30 07:30:07.414835
-0005,2312,1225,106,2024-12-30 07:30:07.430826
-0004,2297,1226,106,2024-12-30 07:30:07.446830
-0005,2309,1225,106,2024-12-30 07:30:07.462839
-0005,2298,1225,106,2024-12-30 07:30:07.494576
-0005,2308,1225,106,2024-12-30 07:30:07.510818
-0005,2307,1225,106,2024-12-30 07:30:07.526810
-0004,2316,1226,106,2024-12-30 07:30:07.542809
-0004,2301,1225,106,2024-12-30 07:30:07.558804
-0005,2310,1225,105,2024-12-30 07:30:07.574800
-0006,1915,1225,106,2024-12-30 07:30:07.590801
-0005,2249,1225,106,2024-12-30 07:30:07.606802
-0005,2303,1226,106,2024-12-30 07:30:07.622786
-0005,2309,1225,106,2024-12-30 07:30:07.654126
-0005,2294,1225,106,2024-12-30 07:30:07.670785
-0004,2307,1225,106,2024-12-30 07:30:07.686775
-0005,2311,1225,106,2024-12-30 07:30:07.702769
-0005,2294,1225,106,2024-12-30 07:30:07.718773
-0004,2309,1225,106,2024-12-30 07:30:07.734766
-0004,2291,1225,106,2024-12-30 07:30:07.750769
-0005,2316,1225,106,2024-12-30 07:30:07.766757
-0004,2308,1225,106,2024-12-30 07:30:07.782761
-0005,2302,1225,106,2024-12-30 07:30:07.798751
-0004,2296,1225,106,2024-12-30 07:30:07.830485
-0004,2292,1225,106,2024-12-30 07:30:07.846751
-0005,2308,1225,106,2024-12-30 07:30:07.862727
-0005,2319,1225,106,2024-12-30 07:30:07.878730
-0004,2295,1225,106,2024-12-30 07:30:07.894721
-0004,2291,1225,106,2024-12-30 07:30:07.910737
-0005,2318,1225,106,2024-12-30 07:30:07.926723
-0005,2306,1225,106,2024-12-30 07:30:07.942724
-0005,2294,1225,106,2024-12-30 07:30:07.958716
-0004,2309,1225,106,2024-12-30 07:30:07.990070
-0005,2294,1225,106,2024-12-30 07:30:08.006708
-0004,2312,1225,106,2024-12-30 07:30:08.022704
-0005,2307,1225,106,2024-12-30 07:30:08.038695
-0004,2299,1225,106,2024-12-30 07:30:08.054703
-0005,2311,1225,106,2024-12-30 07:30:08.070686
-0004,2311,1225,105,2024-12-30 07:30:08.086693
-0006,1903,1225,106,2024-12-30 07:30:08.102682
-0004,2243,1225,106,2024-12-30 07:30:08.118687
-0004,2297,1225,106,2024-12-30 07:30:08.134678
-0004,2309,1225,106,2024-12-30 07:30:08.166397
-0005,2309,1225,106,2024-12-30 07:30:08.182670
-0005,2308,1225,106,2024-12-30 07:30:08.198663
-0005,2303,1225,106,2024-12-30 07:30:08.214667
-0005,2293,1225,106,2024-12-30 07:30:08.230656
-0005,2309,1225,106,2024-12-30 07:30:08.246660
-0005,2314,1225,106,2024-12-30 07:30:08.262650
-0006,2307,1225,106,2024-12-30 07:30:08.278643
-0004,2293,1225,106,2024-12-30 07:30:08.294635
-0004,2308,1225,106,2024-12-30 07:30:08.325998
-0005,2295,1225,106,2024-12-30 07:30:08.342643
-0005,2308,1225,106,2024-12-30 07:30:08.358626
-0005,2305,1225,106,2024-12-30 07:30:08.374629
-0005,2312,1225,106,2024-12-30 07:30:08.390630
-0004,2295,1225,106,2024-12-30 07:30:08.406613
-0004,2309,1225,106,2024-12-30 07:30:08.422618
-0004,2293,1225,106,2024-12-30 07:30:08.438611
-0005,2317,1225,106,2024-12-30 07:30:08.454608
-0004,2310,1225,106,2024-12-30 07:30:08.470607
-0004,2282,1225,106,2024-12-30 07:30:08.502342
-0004,2291,1225,106,2024-12-30 07:30:08.518589
-0005,2290,1225,106,2024-12-30 07:30:08.534594
-0004,2289,1225,106,2024-12-30 07:30:08.550582
-0004,2296,1225,106,2024-12-30 07:30:08.566590
-0005,2306,1225,106,2024-12-30 07:30:08.582588
-0005,2299,1225,105,2024-12-30 07:30:08.598578
-0006,1907,1225,106,2024-12-30 07:30:08.614582
-0004,2238,1225,106,2024-12-30 07:30:08.630571
-0004,2286,1225,106,2024-12-30 07:30:08.661944
-0006,2316,1225,106,2024-12-30 07:30:08.678570
-0004,2305,1225,106,2024-12-30 07:30:08.694558
-0004,2304,1225,106,2024-12-30 07:30:08.710565
-0005,2311,1225,106,2024-12-30 07:30:08.726550
-0004,2292,1225,106,2024-12-30 07:30:08.742556
-0005,2306,1225,106,2024-12-30 07:30:08.758544
-0004,2309,1225,106,2024-12-30 07:30:08.774535
-0005,2313,1225,106,2024-12-30 07:30:08.790537
-0005,2309,1225,106,2024-12-30 07:30:08.806534
-0006,2309,1225,106,2024-12-30 07:30:08.838286
-0006,2308,1225,106,2024-12-30 07:30:08.854529
-0004,2312,1225,106,2024-12-30 07:30:08.870521
-0005,2301,1225,106,2024-12-30 07:30:08.886516
-0004,2292,1225,106,2024-12-30 07:30:08.902512
-0005,2304,1225,106,2024-12-30 07:30:08.918503
-0005,2316,1225,106,2024-12-30 07:30:08.934509
-0005,2289,1225,106,2024-12-30 07:30:08.950514
-0004,2296,1225,106,2024-12-30 07:30:08.966515
-0005,2300,1225,106,2024-12-30 07:30:08.997876
-0003,2289,1225,106,2024-12-30 07:30:09.014486
-0005,2291,1225,106,2024-12-30 07:30:09.030484
-0005,2287,1225,106,2024-12-30 07:30:09.046479
-0006,2307,1225,106,2024-12-30 07:30:09.062478
-0004,2292,1225,106,2024-12-30 07:30:09.078480
-0004,2309,1225,106,2024-12-30 07:30:09.094466
-0005,2313,1225,105,2024-12-30 07:30:09.110472
-0006,1899,1225,106,2024-12-30 07:30:09.126466
-0004,2246,1225,106,2024-12-30 07:30:09.142455
-0005,2311,1225,106,2024-12-30 07:30:09.174226
-0005,2297,1225,106,2024-12-30 07:30:09.190453
-0006,2314,1225,106,2024-12-30 07:30:09.206437
-0005,2312,1225,106,2024-12-30 07:30:09.222439
-0004,2311,1225,106,2024-12-30 07:30:09.238437
-0006,2311,1225,106,2024-12-30 07:30:09.254437
-0004,2307,1225,106,2024-12-30 07:30:09.270423
-0004,2295,1225,106,2024-12-30 07:30:09.286424
-0005,2293,1225,106,2024-12-30 07:30:09.302429
-0005,2318,1225,106,2024-12-30 07:30:09.333829
-0005,2291,1225,106,2024-12-30 07:30:09.350413
-0005,2321,1225,106,2024-12-30 07:30:09.366407
-0005,2291,1225,106,2024-12-30 07:30:09.382404
-0005,2310,1225,106,2024-12-30 07:30:09.398391
-0004,2292,1225,106,2024-12-30 07:30:09.414397
-0005,2302,1225,106,2024-12-30 07:30:09.430395
-0005,2310,1225,106,2024-12-30 07:30:09.446406
-0004,2308,1225,106,2024-12-30 07:30:09.462379
-0005,2308,1225,106,2024-12-30 07:30:09.478383
-0004,2291,1224,106,2024-12-30 07:30:09.510154
-0005,2312,1225,106,2024-12-30 07:30:09.526373
-0005,2287,1225,106,2024-12-30 07:30:09.542367
-0004,2312,1225,106,2024-12-30 07:30:09.558363
-0004,2307,1225,106,2024-12-30 07:30:09.574359
-0005,2308,1224,106,2024-12-30 07:30:09.590358
-0005,2290,1225,106,2024-12-30 07:30:09.606348
-0005,2305,1225,105,2024-12-30 07:30:09.622352
-0006,1905,1224,106,2024-12-30 07:30:09.638357
-0004,2239,1225,106,2024-12-30 07:30:09.669769
-0005,2304,1225,106,2024-12-30 07:30:09.686344
-0004,2301,1224,106,2024-12-30 07:30:09.702347
-0004,2306,1224,106,2024-12-30 07:30:09.718326
-0004,2294,1225,106,2024-12-30 07:30:09.734330
-0005,2291,1225,106,2024-12-30 07:30:09.750322
-0004,2302,1224,106,2024-12-30 07:30:09.766327
-0004,2310,1224,106,2024-12-30 07:30:09.782313
-0005,2305,1225,106,2024-12-30 07:30:09.798314
-0004,2307,1224,106,2024-12-30 07:30:09.814313
-0005,2291,1225,106,2024-12-30 07:30:09.846128
-0004,2293,1225,106,2024-12-30 07:30:09.862299
-0005,2289,1225,106,2024-12-30 07:30:09.878293
-0004,2288,1225,106,2024-12-30 07:30:09.894288
-0005,2318,1224,106,2024-12-30 07:30:09.910290
-0005,2298,1224,106,2024-12-30 07:30:09.926291
-0005,2289,1224,106,2024-12-30 07:30:09.942284
-0005,2298,1224,106,2024-12-30 07:30:09.958271
-0005,2314,1225,106,2024-12-30 07:30:09.974279
-0005,2299,1224,106,2024-12-30 07:30:10.005713
-0005,2295,1224,106,2024-12-30 07:30:10.022270
-0005,2305,1224,106,2024-12-30 07:30:10.038252
-0005,2309,1225,106,2024-12-30 07:30:10.054265
-0005,2293,1224,106,2024-12-30 07:30:10.070257
-0004,2315,1225,106,2024-12-30 07:30:10.086264
-0005,2313,1225,106,2024-12-30 07:30:10.102262
-0005,2312,1225,106,2024-12-30 07:30:10.118262
-0004,2305,1224,105,2024-12-30 07:30:10.134265
-0005,1912,1224,106,2024-12-30 07:30:10.150269
-0004,2233,1224,106,2024-12-30 07:30:10.182077
-0005,2316,1224,106,2024-12-30 07:30:10.198271
-0005,2308,1224,106,2024-12-30 07:30:10.214275
-0003,2291,1225,106,2024-12-30 07:30:10.230279
-0005,2320,1224,106,2024-12-30 07:30:10.246293
-0004,2302,1225,106,2024-12-30 07:30:10.262214
-0005,2316,1225,106,2024-12-30 07:30:10.278211
-0004,2291,1225,106,2024-12-30 07:30:10.294202
-0004,2306,1225,106,2024-12-30 07:30:10.310195
-0004,2296,1224,106,2024-12-30 07:30:10.341632
-0004,2288,1225,106,2024-12-30 07:30:10.358200
-0005,2305,1224,106,2024-12-30 07:30:10.374185
-0005,2309,1224,106,2024-12-30 07:30:10.390188
-0004,2284,1225,106,2024-12-30 07:30:10.406178
-0004,2285,1225,106,2024-12-30 07:30:10.422180
-0004,2299,1224,106,2024-12-30 07:30:10.438180
-0005,2310,1225,106,2024-12-30 07:30:10.454167
-0004,2303,1225,106,2024-12-30 07:30:10.470170
-0004,2289,1225,106,2024-12-30 07:30:10.486167
-0005,2314,1224,106,2024-12-30 07:30:10.518002
-0005,2302,1224,106,2024-12-30 07:30:10.534156
-0006,2298,1225,106,2024-12-30 07:30:10.550158
-0004,2295,1224,106,2024-12-30 07:30:10.566146
-0005,2309,1225,106,2024-12-30 07:30:10.582149
-0005,2299,1224,106,2024-12-30 07:30:10.598144
-0005,2300,1224,106,2024-12-30 07:30:10.614140
-0003,2299,1225,106,2024-12-30 07:30:10.630133
-0004,2304,1224,105,2024-12-30 07:30:10.646131
-0005,1917,1224,106,2024-12-30 07:30:10.677584
-0004,2240,1224,106,2024-12-30 07:30:10.694121
-0004,2287,1225,106,2024-12-30 07:30:10.710111
-0005,2304,1225,106,2024-12-30 07:30:10.726112
-0004,2289,1225,106,2024-12-30 07:30:10.742111
-0005,2291,1224,106,2024-12-30 07:30:10.758106
-0004,2306,1224,106,2024-12-30 07:30:10.774102
-0005,2291,1224,106,2024-12-30 07:30:10.790106
-0005,2303,1224,106,2024-12-30 07:30:10.806106
-0004,2298,1225,106,2024-12-30 07:30:10.822086
-0004,2287,1225,106,2024-12-30 07:30:10.853923
-0005,2303,1224,106,2024-12-30 07:30:10.870089
-0005,2313,1224,106,2024-12-30 07:30:10.886081
-0005,2295,1224,106,2024-12-30 07:30:10.902078
-0005,2282,1224,106,2024-12-30 07:30:10.918081
-0004,2305,1224,106,2024-12-30 07:30:10.934068
-0004,2299,1224,106,2024-12-30 07:30:10.950073
-0004,2292,1224,106,2024-12-30 07:30:10.966057
-0005,2311,1224,106,2024-12-30 07:30:10.982062
-0004,2289,1224,106,2024-12-30 07:30:11.013513
-0004,2296,1224,106,2024-12-30 07:30:11.030049
-0006,2309,1224,106,2024-12-30 07:30:11.046050
-0004,2305,1224,106,2024-12-30 07:30:11.062042
-0005,2311,1224,106,2024-12-30 07:30:11.078042
-0005,2291,1224,106,2024-12-30 07:30:11.094033
-0005,2283,1224,106,2024-12-30 07:30:11.110027
-0005,2287,1224,106,2024-12-30 07:30:11.126025
-0004,2303,1224,106,2024-12-30 07:30:11.142022
-0004,2286,1224,105,2024-12-30 07:30:11.158021
-0006,1896,1224,106,2024-12-30 07:30:11.189846
-0005,2234,1224,106,2024-12-30 07:30:11.206016
-0005,2304,1224,106,2024-12-30 07:30:11.222005
-0005,2299,1224,106,2024-12-30 07:30:11.238018
-0006,2308,1224,106,2024-12-30 07:30:11.254002
-0004,2283,1224,106,2024-12-30 07:30:11.270007
-0004,2305,1224,106,2024-12-30 07:30:11.285999
-0005,2298,1224,106,2024-12-30 07:30:11.302004
-0005,2294,1224,106,2024-12-30 07:30:11.317990
-0005,2297,1224,106,2024-12-30 07:30:11.349459
-0005,2304,1224,106,2024-12-30 07:30:11.365979
-0004,2283,1225,106,2024-12-30 07:30:11.381979
-0005,2303,1224,106,2024-12-30 07:30:11.397965
-0005,2306,1224,106,2024-12-30 07:30:11.413970
-0004,2311,1224,106,2024-12-30 07:30:11.429963
-0004,2305,1224,106,2024-12-30 07:30:11.445967
-0004,2303,1224,106,2024-12-30 07:30:11.461954
-0004,2310,1224,106,2024-12-30 07:30:11.477952
-0004,2291,1224,106,2024-12-30 07:30:11.493951
-0005,2286,1224,106,2024-12-30 07:30:11.525809
-0004,2288,1224,106,2024-12-30 07:30:11.541948
-0005,2291,1224,106,2024-12-30 07:30:11.557932
-0005,2304,1224,106,2024-12-30 07:30:11.573929
-0005,2295,1224,106,2024-12-30 07:30:11.589929
-0005,2305,1224,106,2024-12-30 07:30:11.605928
-0003,2305,1224,106,2024-12-30 07:30:11.621921
-0004,2306,1224,106,2024-12-30 07:30:11.637921
-0005,2296,1224,106,2024-12-30 07:30:11.653919
-0005,2302,1224,105,2024-12-30 07:30:11.685389
-0006,1899,1224,106,2024-12-30 07:30:11.701900
-0005,2238,1224,106,2024-12-30 07:30:11.717902
-0005,2300,1224,106,2024-12-30 07:30:11.733897
-0003,2300,1224,106,2024-12-30 07:30:11.749900
-0005,2299,1224,106,2024-12-30 07:30:11.765889
-0006,2302,1224,106,2024-12-30 07:30:11.781890
-0005,2290,1224,106,2024-12-30 07:30:11.797885
-0005,2295,1224,106,2024-12-30 07:30:11.813886
-0004,2284,1224,106,2024-12-30 07:30:11.829878
-0004,2303,1224,106,2024-12-30 07:30:11.861729
-0004,2299,1224,106,2024-12-30 07:30:11.877865
-0005,2311,1224,106,2024-12-30 07:30:11.893863
-0004,2296,1224,106,2024-12-30 07:30:11.909868
-0004,2300,1224,106,2024-12-30 07:30:11.925867
-0004,2283,1224,106,2024-12-30 07:30:11.941853
-0005,2301,1224,106,2024-12-30 07:30:11.957847
-0004,2289,1224,106,2024-12-30 07:30:11.973843
-0004,2293,1224,106,2024-12-30 07:30:11.989837
-0004,2303,1224,106,2024-12-30 07:30:12.021311
-0004,2278,1224,106,2024-12-30 07:30:12.037842
-0004,2287,1224,106,2024-12-30 07:30:12.053830
-0004,2292,1224,106,2024-12-30 07:30:12.069818
-0004,2285,1224,106,2024-12-30 07:30:12.085821
-0004,2285,1224,106,2024-12-30 07:30:12.101825
-0004,2307,1224,106,2024-12-30 07:30:12.117818
-0004,2287,1224,106,2024-12-30 07:30:12.133810
-0004,2304,1224,106,2024-12-30 07:30:12.149818
-0005,2280,1224,106,2024-12-30 07:30:12.165801
-0004,2300,1224,105,2024-12-30 07:30:12.197653
-0005,1877,1224,106,2024-12-30 07:30:12.213800
-0004,2236,1224,106,2024-12-30 07:30:12.229795
-0004,2283,1224,106,2024-12-30 07:30:12.245802
-0005,2281,1224,106,2024-12-30 07:30:12.261786
-0004,2284,1224,106,2024-12-30 07:30:12.277792
-0005,2278,1224,106,2024-12-30 07:30:12.293789
-0005,2306,1224,106,2024-12-30 07:30:12.309787
-0005,2281,1224,106,2024-12-30 07:30:12.325766
-0004,2302,1224,106,2024-12-30 07:30:12.357257
-0004,2301,1224,106,2024-12-30 07:30:12.373764
-0004,2298,1224,106,2024-12-30 07:30:12.389758
-0005,2282,1224,106,2024-12-30 07:30:12.405766
-0004,2301,1224,106,2024-12-30 07:30:12.421754
-0005,2280,1224,106,2024-12-30 07:30:12.437753
-0003,2307,1224,106,2024-12-30 07:30:12.453740
-0005,2286,1224,106,2024-12-30 07:30:12.469746
-0004,2282,1224,106,2024-12-30 07:30:12.485733
-0004,2295,1224,106,2024-12-30 07:30:12.501736
-0005,2305,1224,106,2024-12-30 07:30:12.533582
-0004,2284,1224,106,2024-12-30 07:30:12.549728
-0004,2302,1224,106,2024-12-30 07:30:12.565716
-0004,2284,1224,106,2024-12-30 07:30:12.581728
-0004,2288,1224,106,2024-12-30 07:30:12.597723
-0004,2298,1224,106,2024-12-30 07:30:12.613722
-0004,2308,1224,106,2024-12-30 07:30:12.629711
-0005,2284,1224,106,2024-12-30 07:30:12.645717
-0005,2302,1224,106,2024-12-30 07:30:12.661721
-0004,2303,1224,106,2024-12-30 07:30:12.693188
-0004,2285,1224,105,2024-12-30 07:30:12.709689
-0005,1894,1224,106,2024-12-30 07:30:12.725690
-0004,2235,1224,106,2024-12-30 07:30:12.741683
-0005,2302,1224,106,2024-12-30 07:30:12.757684
-0005,2287,1223,106,2024-12-30 07:30:12.773685
-0005,2306,1224,106,2024-12-30 07:30:12.789685
-0004,2285,1224,106,2024-12-30 07:30:12.805667
-0006,2306,1224,106,2024-12-30 07:30:12.821673
-0005,2306,1224,106,2024-12-30 07:30:12.837664
-0004,2299,1224,106,2024-12-30 07:30:12.869554
-0005,2285,1224,106,2024-12-30 07:30:12.885659
-0003,2296,1224,106,2024-12-30 07:30:12.901653
-0004,2285,1224,106,2024-12-30 07:30:12.917644
-0003,2303,1224,106,2024-12-30 07:30:12.933638
-0004,2281,1224,106,2024-12-30 07:30:12.949635
-0004,2288,1223,106,2024-12-30 07:30:12.965634
-0004,2301,1223,106,2024-12-30 07:30:12.981636
-0005,2286,1224,106,2024-12-30 07:30:12.997626
-0004,2292,1224,106,2024-12-30 07:30:13.029137
-0004,2301,1224,106,2024-12-30 07:30:13.045634
-0005,2291,1223,106,2024-12-30 07:30:13.061631
-0006,2308,1224,106,2024-12-30 07:30:13.077633
-0004,2282,1223,106,2024-12-30 07:30:13.093637
-0005,2307,1223,106,2024-12-30 07:30:13.109637
-0004,2308,1224,106,2024-12-30 07:30:13.125636
-0004,2295,1224,106,2024-12-30 07:30:13.141644
-0004,2302,1224,106,2024-12-30 07:30:13.157643
-0004,2298,1224,106,2024-12-30 07:30:13.173650
-0004,2280,1224,106,2024-12-30 07:30:13.205506
-0005,2303,1224,105,2024-12-30 07:30:13.221579
-0005,1891,1223,106,2024-12-30 07:30:13.237590
-0004,2227,1224,106,2024-12-30 07:30:13.253575
-0005,2298,1224,106,2024-12-30 07:30:13.269573
-0004,2286,1224,106,2024-12-30 07:30:13.285579
-0005,2283,1224,106,2024-12-30 07:30:13.301571
-0004,2286,1224,106,2024-12-30 07:30:13.317575
-0004,2303,1224,106,2024-12-30 07:30:13.333561
-0004,2301,1224,106,2024-12-30 07:30:13.365075
-0005,2288,1223,106,2024-12-30 07:30:13.381548
-0006,2313,1224,106,2024-12-30 07:30:13.397552
-0005,2305,1223,106,2024-12-30 07:30:13.413537
-0004,2297,1224,106,2024-12-30 07:30:13.429539
-0005,2294,1224,106,2024-12-30 07:30:13.445537
-0004,2302,1224,106,2024-12-30 07:30:13.461543
-0005,2289,1224,106,2024-12-30 07:30:13.477555
-0003,2286,1224,106,2024-12-30 07:30:13.493537
-0004,2281,1223,106,2024-12-30 07:30:13.509530
-0005,2288,1224,106,2024-12-30 07:30:13.541428
-0004,2307,1224,106,2024-12-30 07:30:13.557509
-0005,2305,1223,106,2024-12-30 07:30:13.573508
-0005,2284,1224,106,2024-12-30 07:30:13.589500
-0006,2289,1224,106,2024-12-30 07:30:13.605498
-0004,2290,1223,106,2024-12-30 07:30:13.621497
-0004,2290,1223,106,2024-12-30 07:30:13.637485
-0005,2288,1224,106,2024-12-30 07:30:13.653492
-0005,2294,1224,106,2024-12-30 07:30:13.669482
-0004,2302,1223,106,2024-12-30 07:30:13.701001
-0004,2303,1223,106,2024-12-30 07:30:13.717480
-0005,2304,1223,105,2024-12-30 07:30:13.733468
-0005,1940,1223,106,2024-12-30 07:30:13.749478
-0005,2228,1223,106,2024-12-30 07:30:13.765477
-0003,2302,1223,106,2024-12-30 07:30:13.781459
-0005,2286,1224,106,2024-12-30 07:30:13.797467
-0005,2302,1223,106,2024-12-30 07:30:13.813456
-0005,2302,1223,106,2024-12-30 07:30:13.829449
-0005,2284,1223,106,2024-12-30 07:30:13.845454
-0004,2298,1223,106,2024-12-30 07:30:13.877362
-0004,2284,1223,106,2024-12-30 07:30:13.893440
-0005,2287,1224,106,2024-12-30 07:30:13.909439
-0006,2304,1224,106,2024-12-30 07:30:13.925426
-0004,2286,1223,106,2024-12-30 07:30:13.941431
-0005,2302,1223,106,2024-12-30 07:30:13.957423
-0005,2297,1224,106,2024-12-30 07:30:13.973415
-0005,2296,1224,106,2024-12-30 07:30:13.989422
-0005,2285,1224,106,2024-12-30 07:30:14.005411
-0005,2294,1224,106,2024-12-30 07:30:14.036945
-0004,2301,1223,106,2024-12-30 07:30:14.053405
-0005,2299,1223,106,2024-12-30 07:30:14.069398
-0004,2293,1223,106,2024-12-30 07:30:14.085399
-0005,2290,1223,106,2024-12-30 07:30:14.101397
-0004,2303,1223,106,2024-12-30 07:30:14.117396
-0005,2307,1223,106,2024-12-30 07:30:14.133397
-0004,2292,1223,106,2024-12-30 07:30:14.149375
-0005,2308,1223,106,2024-12-30 07:30:14.165372
-0004,2306,1224,106,2024-12-30 07:30:14.181372
-0004,2290,1223,106,2024-12-30 07:30:14.213277
-0005,2290,1224,106,2024-12-30 07:30:14.229370
-0004,2302,1223,105,2024-12-30 07:30:14.245388
-0005,1928,1223,106,2024-12-30 07:30:14.261358
-0005,2240,1224,106,2024-12-30 07:30:14.277362
-0005,2284,1223,106,2024-12-30 07:30:14.293351
-0005,2310,1224,106,2024-12-30 07:30:14.309342
-0005,2286,1224,106,2024-12-30 07:30:14.325343
-0005,2287,1223,106,2024-12-30 07:30:14.341335
-0005,2287,1223,106,2024-12-30 07:30:14.372893
-0004,2302,1223,106,2024-12-30 07:30:14.389336
-0005,2295,1224,106,2024-12-30 07:30:14.405326
-0005,2304,1223,106,2024-12-30 07:30:14.421325
-0005,2309,1224,106,2024-12-30 07:30:14.437315
-0004,2299,1223,106,2024-12-30 07:30:14.453313
-0005,2309,1223,106,2024-12-30 07:30:14.469320
-0005,2299,1223,106,2024-12-30 07:30:14.485318
-0005,2303,1223,106,2024-12-30 07:30:14.501321
-0005,2305,1223,106,2024-12-30 07:30:14.517307
-0005,2302,1223,106,2024-12-30 07:30:14.549227
-0004,2280,1223,106,2024-12-30 07:30:14.565304
-0005,2288,1224,106,2024-12-30 07:30:14.581289
-0005,2311,1223,106,2024-12-30 07:30:14.597288
-0005,2302,1223,106,2024-12-30 07:30:14.613284
-0006,2311,1224,106,2024-12-30 07:30:14.629268
-0004,2298,1223,106,2024-12-30 07:30:14.645266
-0005,2313,1223,106,2024-12-30 07:30:14.661264
-0006,2288,1223,106,2024-12-30 07:30:14.677272
-0005,2281,1223,106,2024-12-30 07:30:14.708827
-0005,2297,1223,106,2024-12-30 07:30:14.725253
-0004,2288,1224,106,2024-12-30 07:30:14.741260
-0004,2302,1223,105,2024-12-30 07:30:14.757250
-0005,1932,1223,106,2024-12-30 07:30:14.773242
-0004,2236,1223,106,2024-12-30 07:30:14.789248
-0005,2293,1223,106,2024-12-30 07:30:14.805238
-0005,2284,1223,106,2024-12-30 07:30:14.821237
-0004,2284,1223,106,2024-12-30 07:30:14.837230
-0005,2311,1223,106,2024-12-30 07:30:14.853233
-0006,2297,1223,106,2024-12-30 07:30:14.885167
-0004,2286,1224,106,2024-12-30 07:30:14.901222
-0004,2305,1223,106,2024-12-30 07:30:14.917215
-0004,2294,1223,106,2024-12-30 07:30:14.933202
-0005,2304,1224,106,2024-12-30 07:30:14.949205
-0005,2290,1223,106,2024-12-30 07:30:14.965202
-0005,2300,1223,106,2024-12-30 07:30:14.981206
-0004,2296,1223,106,2024-12-30 07:30:14.997192
-0004,2299,1224,106,2024-12-30 07:30:15.013198
-0005,2306,1223,106,2024-12-30 07:30:15.044753
-0005,2310,1223,106,2024-12-30 07:30:15.061178
-0004,2279,1223,106,2024-12-30 07:30:15.077173
-0004,2287,1223,106,2024-12-30 07:30:15.093176
-0005,2280,1223,106,2024-12-30 07:30:15.109166
-0006,2304,1223,106,2024-12-30 07:30:15.125171
-0003,2285,1223,106,2024-12-30 07:30:15.141168
-0004,2286,1223,106,2024-12-30 07:30:15.157167
-0005,2282,1223,106,2024-12-30 07:30:15.173157
-0005,2310,1223,106,2024-12-30 07:30:15.189149
-0004,2301,1223,106,2024-12-30 07:30:15.221097
-0005,2300,1223,106,2024-12-30 07:30:15.237163
-0005,2301,1223,106,2024-12-30 07:30:15.253145
-0004,2291,1223,105,2024-12-30 07:30:15.269131
-0005,1930,1223,106,2024-12-30 07:30:15.285134
-0004,2242,1223,106,2024-12-30 07:30:15.301129
-0005,2284,1223,106,2024-12-30 07:30:15.317130
-0004,2279,1223,106,2024-12-30 07:30:15.333126
-0005,2306,1223,106,2024-12-30 07:30:15.349130
-0004,2293,1223,106,2024-12-30 07:30:15.380703
-0005,2292,1223,106,2024-12-30 07:30:15.397110
-0004,2305,1223,106,2024-12-30 07:30:15.413102
-0005,2286,1223,106,2024-12-30 07:30:15.429101
-0005,2299,1223,106,2024-12-30 07:30:15.445096
-0005,2290,1223,106,2024-12-30 07:30:15.461095
-0005,2298,1223,106,2024-12-30 07:30:15.477088
-0006,2296,1223,106,2024-12-30 07:30:15.493092
-0005,2283,1223,106,2024-12-30 07:30:15.509080
-0005,2297,1223,106,2024-12-30 07:30:15.525076
-0004,2288,1223,106,2024-12-30 07:30:15.557057
-0005,2290,1223,106,2024-12-30 07:30:15.573077
-0006,2298,1223,106,2024-12-30 07:30:15.589072
-0005,2302,1223,106,2024-12-30 07:30:15.605081
-0004,2298,1223,106,2024-12-30 07:30:15.621062
-0005,2307,1223,106,2024-12-30 07:30:15.637064
-0005,2308,1223,106,2024-12-30 07:30:15.653052
-0006,2295,1223,106,2024-12-30 07:30:15.669055
-0004,2290,1223,106,2024-12-30 07:30:15.685048
-0005,2292,1223,106,2024-12-30 07:30:15.716640
-0005,2308,1223,106,2024-12-30 07:30:15.733037
-0005,2292,1223,106,2024-12-30 07:30:15.749046
-0005,2304,1223,106,2024-12-30 07:30:15.765033
-0005,2287,1223,105,2024-12-30 07:30:15.781036
-0005,1914,1223,106,2024-12-30 07:30:15.797030
-0005,2228,1223,106,2024-12-30 07:30:15.813014
-0004,2279,1223,106,2024-12-30 07:30:15.829012
-0005,2284,1223,106,2024-12-30 07:30:15.845007
-0004,2280,1223,106,2024-12-30 07:30:15.861011
-0004,2291,1223,106,2024-12-30 07:30:15.893004
-0004,2288,1223,106,2024-12-30 07:30:15.908995
-0004,2307,1223,106,2024-12-30 07:30:15.924995
-0005,2290,1223,106,2024-12-30 07:30:15.940991
-0005,2282,1223,106,2024-12-30 07:30:15.956992
-0005,2304,1223,106,2024-12-30 07:30:15.972993
-0004,2302,1223,106,2024-12-30 07:30:15.988995
-0004,2286,1223,106,2024-12-30 07:30:16.004992
-0005,2295,1223,106,2024-12-30 07:30:16.021004
-0005,2299,1223,106,2024-12-30 07:30:16.052617
-0004,2305,1223,106,2024-12-30 07:30:16.069007
-0006,2289,1223,106,2024-12-30 07:30:16.085003
-0005,2275,1223,106,2024-12-30 07:30:16.101009
-0005,2285,1223,106,2024-12-30 07:30:16.117012
-0005,2302,1223,106,2024-12-30 07:30:16.133005
-0004,2300,1223,106,2024-12-30 07:30:16.148941
-0006,2309,1223,106,2024-12-30 07:30:16.164944
-0004,2280,1223,106,2024-12-30 07:30:16.180933
-0005,2303,1223,106,2024-12-30 07:30:16.196936
-0005,2284,1223,106,2024-12-30 07:30:16.228933
-0004,2300,1223,106,2024-12-30 07:30:16.244932
-0005,2291,1223,106,2024-12-30 07:30:16.260923
-0006,2282,1223,106,2024-12-30 07:30:16.276913
-0005,2303,1223,105,2024-12-30 07:30:16.292909
-0006,1919,1223,106,2024-12-30 07:30:16.308926
-0004,2236,1223,106,2024-12-30 07:30:16.324915
-0004,2300,1223,106,2024-12-30 07:30:16.340896
-0005,2299,1223,106,2024-12-30 07:30:16.356899
-0005,2288,1223,106,2024-12-30 07:30:16.388526
-0005,2276,1223,106,2024-12-30 07:30:16.404888
-0004,2305,1223,106,2024-12-30 07:30:16.420885
-0005,2281,1223,106,2024-12-30 07:30:16.436889
-0005,2282,1223,106,2024-12-30 07:30:16.452891
-0004,2287,1223,106,2024-12-30 07:30:16.468876
-0005,2283,1223,106,2024-12-30 07:30:16.484883
-0005,2301,1223,106,2024-12-30 07:30:16.500875
-0005,2286,1223,106,2024-12-30 07:30:16.516862
-0005,2303,1223,106,2024-12-30 07:30:16.532864
-0005,2296,1223,106,2024-12-30 07:30:16.564859
-0005,2280,1223,106,2024-12-30 07:30:16.580851
-0005,2297,1223,106,2024-12-30 07:30:16.596853
-0006,2304,1223,106,2024-12-30 07:30:16.612844
-0004,2300,1223,106,2024-12-30 07:30:16.628850
-0005,2305,1223,106,2024-12-30 07:30:16.644840
-0004,2290,1223,106,2024-12-30 07:30:16.660839
-0005,2281,1223,106,2024-12-30 07:30:16.676838
-0005,2299,1223,106,2024-12-30 07:30:16.692837
-0005,2295,1223,106,2024-12-30 07:30:16.724440
-0005,2286,1223,106,2024-12-30 07:30:16.740825
-0004,2304,1222,106,2024-12-30 07:30:16.756816
-0005,2302,1222,106,2024-12-30 07:30:16.772807
-0005,2304,1222,106,2024-12-30 07:30:16.788815
-0005,2295,1222,105,2024-12-30 07:30:16.804812
-0005,1928,1223,106,2024-12-30 07:30:16.820811
-0005,2225,1223,106,2024-12-30 07:30:16.836803
-0005,2278,1223,106,2024-12-30 07:30:16.852798
-0005,2311,1223,106,2024-12-30 07:30:16.868791
-0005,2300,1222,106,2024-12-30 07:30:16.900789
-0005,2304,1222,106,2024-12-30 07:30:16.916784
-0005,2285,1223,106,2024-12-30 07:30:16.932790
-0005,2301,1223,106,2024-12-30 07:30:16.948781
-0005,2304,1223,106,2024-12-30 07:30:16.964785
-0006,2285,1223,106,2024-12-30 07:30:16.980770
-0004,2304,1223,106,2024-12-30 07:30:16.996758
-0005,2291,1223,106,2024-12-30 07:30:17.012766
-0005,2295,1223,106,2024-12-30 07:30:17.028761
-0004,2278,1223,106,2024-12-30 07:30:17.060410
-0005,2292,1222,106,2024-12-30 07:30:17.076743
-0005,2281,1223,106,2024-12-30 07:30:17.092747
-0005,2292,1223,106,2024-12-30 07:30:17.108739
-0005,2302,1223,106,2024-12-30 07:30:17.124793
-0004,2284,1222,106,2024-12-30 07:30:17.140734
-0004,2295,1222,106,2024-12-30 07:30:17.156733
-0006,2298,1222,106,2024-12-30 07:30:17.172731
-0005,2296,1223,106,2024-12-30 07:30:17.188732
-0006,2282,1223,106,2024-12-30 07:30:17.204720
-0004,2279,1222,106,2024-12-30 07:30:17.236730
-0005,2277,1223,106,2024-12-30 07:30:17.252712
-0005,2302,1223,106,2024-12-30 07:30:17.268707
-0005,2305,1223,106,2024-12-30 07:30:17.284699
-0004,2291,1222,106,2024-12-30 07:30:17.300716
-0005,2302,1222,105,2024-12-30 07:30:17.316704
-0006,1912,1223,106,2024-12-30 07:30:17.332701
-0005,2226,1222,106,2024-12-30 07:30:17.348692
-0005,2286,1223,106,2024-12-30 07:30:17.364692
-0006,2286,1223,106,2024-12-30 07:30:17.396313
-0005,2290,1222,106,2024-12-30 07:30:17.412680
-0004,2302,1223,106,2024-12-30 07:30:17.428677
-0004,2277,1223,106,2024-12-30 07:30:17.444666
-0005,2295,1222,106,2024-12-30 07:30:17.460670
-0006,2300,1223,106,2024-12-30 07:30:17.476662
-0004,2301,1223,106,2024-12-30 07:30:17.492661
-0005,2297,1223,106,2024-12-30 07:30:17.508652
-0005,2281,1222,106,2024-12-30 07:30:17.524656
-0004,2282,1222,106,2024-12-30 07:30:17.540654
-0006,2302,1222,106,2024-12-30 07:30:17.572645
-0005,2280,1222,106,2024-12-30 07:30:17.588646
-0005,2303,1223,106,2024-12-30 07:30:17.604636
-0006,2304,1223,106,2024-12-30 07:30:17.620629
-0005,2282,1222,106,2024-12-30 07:30:17.636630
-0005,2289,1223,106,2024-12-30 07:30:17.652621
-0005,2299,1222,106,2024-12-30 07:30:17.668627
-0004,2296,1222,106,2024-12-30 07:30:17.684614
-0004,2299,1222,106,2024-12-30 07:30:17.700620
-0005,2279,1223,106,2024-12-30 07:30:17.732260
-0006,2303,1222,106,2024-12-30 07:30:17.748609
-0005,2273,1222,106,2024-12-30 07:30:17.764598
-0006,2290,1222,106,2024-12-30 07:30:17.780598
-0005,2280,1222,106,2024-12-30 07:30:17.796599
-0004,2298,1222,106,2024-12-30 07:30:17.812599
-0004,2287,1222,105,2024-12-30 07:30:17.828592
-0006,1900,1222,106,2024-12-30 07:30:17.844577
-0005,2223,1222,106,2024-12-30 07:30:17.860583
-0005,2302,1222,106,2024-12-30 07:30:17.876571
-0005,2281,1223,106,2024-12-30 07:30:17.908569
-0005,2303,1223,106,2024-12-30 07:30:17.924574
-0006,2285,1222,106,2024-12-30 07:30:17.940563
-0004,2280,1222,106,2024-12-30 07:30:17.956561
-0004,2280,1222,106,2024-12-30 07:30:17.972556
-0005,2308,1222,106,2024-12-30 07:30:17.988550
-0005,2298,1222,106,2024-12-30 07:30:18.004552
-0006,2299,1222,106,2024-12-30 07:30:18.020544
-0005,2278,1222,106,2024-12-30 07:30:18.036545
-0005,2303,1222,106,2024-12-30 07:30:18.068187
-0005,2283,1222,106,2024-12-30 07:30:18.084536
-0005,2298,1222,106,2024-12-30 07:30:18.100520
-0004,2280,1222,106,2024-12-30 07:30:18.116522
-0005,2288,1222,106,2024-12-30 07:30:18.132517
-0004,2280,1222,106,2024-12-30 07:30:18.148520
-0005,2299,1222,106,2024-12-30 07:30:18.164527
-0005,2276,1222,106,2024-12-30 07:30:18.180503
-0005,2295,1223,106,2024-12-30 07:30:18.196507
-0005,2277,1222,106,2024-12-30 07:30:18.212496
-0005,2278,1222,106,2024-12-30 07:30:18.244498
-0005,2301,1222,106,2024-12-30 07:30:18.260489
-0005,2303,1222,106,2024-12-30 07:30:18.276491
-0005,2294,1222,106,2024-12-30 07:30:18.292493
-0005,2297,1222,106,2024-12-30 07:30:18.308484
-0005,2302,1222,106,2024-12-30 07:30:18.324472
-0004,2274,1223,105,2024-12-30 07:30:18.340472
-0005,1912,1223,106,2024-12-30 07:30:18.356467
-0004,2218,1222,106,2024-12-30 07:30:18.372467
-0005,2286,1222,106,2024-12-30 07:30:18.404128
-0004,2279,1222,106,2024-12-30 07:30:18.420454
-0004,2298,1222,106,2024-12-30 07:30:18.436461
-0005,2300,1222,106,2024-12-30 07:30:18.452449
-0004,2278,1222,106,2024-12-30 07:30:18.468439
-0005,2287,1222,106,2024-12-30 07:30:18.484453
-0005,2280,1222,106,2024-12-30 07:30:18.500436
-0005,2300,1222,106,2024-12-30 07:30:18.516435
-0005,2280,1222,106,2024-12-30 07:30:18.532434
-0004,2298,1222,106,2024-12-30 07:30:18.548441
-0005,2275,1222,106,2024-12-30 07:30:18.580423
-0004,2290,1222,106,2024-12-30 07:30:18.596416
-0004,2294,1222,106,2024-12-30 07:30:18.612417
-0005,2276,1222,106,2024-12-30 07:30:18.628417
-0005,2280,1222,106,2024-12-30 07:30:18.644411
-0005,2297,1222,106,2024-12-30 07:30:18.660421
-0005,2293,1222,106,2024-12-30 07:30:18.676400
-0006,2284,1222,106,2024-12-30 07:30:18.692394
-0005,2278,1222,106,2024-12-30 07:30:18.708395
-0005,2301,1222,106,2024-12-30 07:30:18.740061
-0006,2284,1222,106,2024-12-30 07:30:18.756385
-0005,2274,1222,106,2024-12-30 07:30:18.772382
-0004,2282,1222,106,2024-12-30 07:30:18.788374
-0006,2304,1222,106,2024-12-30 07:30:18.804379
-0006,2296,1222,106,2024-12-30 07:30:18.820376
-0005,2302,1222,106,2024-12-30 07:30:18.836375
-0005,2299,1222,105,2024-12-30 07:30:18.852362
-0006,1904,1222,106,2024-12-30 07:30:18.868369
-0004,2222,1222,106,2024-12-30 07:30:18.899674
-0005,2275,1222,106,2024-12-30 07:30:18.916366
-0005,2277,1222,106,2024-12-30 07:30:18.932368
-0005,2282,1222,106,2024-12-30 07:30:18.948366
-0004,2271,1222,106,2024-12-30 07:30:18.964367
-0006,2294,1222,106,2024-12-30 07:30:18.980371
-0005,2295,1222,106,2024-12-30 07:30:18.996367
-0005,2288,1222,106,2024-12-30 07:30:19.012372
-0006,2275,1222,106,2024-12-30 07:30:19.028371
-0006,2289,1222,106,2024-12-30 07:30:19.044376
-0005,2275,1222,106,2024-12-30 07:30:19.076030
-0005,2281,1222,106,2024-12-30 07:30:19.092311
-0005,2272,1222,106,2024-12-30 07:30:19.108311
-0004,2280,1222,106,2024-12-30 07:30:19.124301
-0005,2282,1222,106,2024-12-30 07:30:19.140304
-0005,2269,1222,106,2024-12-30 07:30:19.156302
-0005,2297,1222,106,2024-12-30 07:30:19.172301
-0005,2290,1222,106,2024-12-30 07:30:19.188293
-0005,2304,1222,106,2024-12-30 07:30:19.204287
-0005,2274,1222,106,2024-12-30 07:30:19.235595
-0004,2299,1222,106,2024-12-30 07:30:19.252295
-0005,2297,1222,106,2024-12-30 07:30:19.268282
-0006,2294,1222,106,2024-12-30 07:30:19.284270
-0006,2285,1222,106,2024-12-30 07:30:19.300274
-0006,2288,1222,106,2024-12-30 07:30:19.316259
-0005,2302,1222,106,2024-12-30 07:30:19.332264
-0006,2296,1222,106,2024-12-30 07:30:19.348257
-0005,2279,1222,105,2024-12-30 07:30:19.364257
-0005,1892,1222,106,2024-12-30 07:30:19.380253
-0005,2222,1222,106,2024-12-30 07:30:19.411944
-0005,2299,1222,106,2024-12-30 07:30:19.428252
-0005,2294,1222,106,2024-12-30 07:30:19.444242
-0005,2283,1222,106,2024-12-30 07:30:19.460235
-0005,2294,1222,106,2024-12-30 07:30:19.476246
-0005,2279,1222,106,2024-12-30 07:30:19.492242
-0005,2292,1222,106,2024-12-30 07:30:19.508240
-0006,2292,1222,106,2024-12-30 07:30:19.524222
-0005,2304,1222,106,2024-12-30 07:30:19.540219
-0005,2286,1222,106,2024-12-30 07:30:19.571531
-0005,2278,1222,106,2024-12-30 07:30:19.588209
-0005,2300,1222,106,2024-12-30 07:30:19.604202
-0004,2277,1222,106,2024-12-30 07:30:19.620202
-0006,2282,1222,106,2024-12-30 07:30:19.636202
-0005,2278,1221,106,2024-12-30 07:30:19.652206
-0005,2304,1222,106,2024-12-30 07:30:19.668183
-0005,2284,1222,106,2024-12-30 07:30:19.684170
-0006,2284,1222,106,2024-12-30 07:30:19.700179
-0005,2298,1222,106,2024-12-30 07:30:19.716176
-0005,2290,1222,106,2024-12-30 07:30:19.747870
-0005,2300,1222,106,2024-12-30 07:30:19.764175
-0006,2302,1222,106,2024-12-30 07:30:19.780159
-0005,2282,1222,106,2024-12-30 07:30:19.796165
-0006,2297,1222,106,2024-12-30 07:30:19.812153
-0005,2286,1222,106,2024-12-30 07:30:19.828149
-0006,2276,1222,106,2024-12-30 07:30:19.844148
-0005,2295,1222,106,2024-12-30 07:30:19.860140
-0006,2291,1222,105,2024-12-30 07:30:19.876148
-0006,1903,1222,106,2024-12-30 07:30:19.907466
-0005,2214,1222,106,2024-12-30 07:30:19.924135
-0005,2293,1222,106,2024-12-30 07:30:19.940125
-0005,2297,1222,106,2024-12-30 07:30:19.956126
-0004,2270,1221,106,2024-12-30 07:30:19.972117
-0004,2296,1222,106,2024-12-30 07:30:19.988122
-0005,2275,1222,106,2024-12-30 07:30:20.004124
-0004,2268,1221,106,2024-12-30 07:30:20.020108
-0004,2274,1222,106,2024-12-30 07:30:20.036105
-0005,2299,1222,106,2024-12-30 07:30:20.052103
-0005,2298,1222,106,2024-12-30 07:30:20.083816
-0004,2285,1222,106,2024-12-30 07:30:20.100095
-0005,2274,1222,106,2024-12-30 07:30:20.116101
-0005,2300,1222,106,2024-12-30 07:30:20.132090
-0005,2281,1222,106,2024-12-30 07:30:20.148079
-0005,2277,1222,106,2024-12-30 07:30:20.164074
-0006,2296,1222,106,2024-12-30 07:30:20.180080
-0005,2295,1222,106,2024-12-30 07:30:20.196069
-0005,2297,1222,106,2024-12-30 07:30:20.212073
-0005,2302,1222,106,2024-12-30 07:30:20.243408
-0005,2301,1222,106,2024-12-30 07:30:20.260059
-0004,2280,1222,106,2024-12-30 07:30:20.276046
-0005,2302,1222,106,2024-12-30 07:30:20.292046
-0004,2281,1222,106,2024-12-30 07:30:20.308057
-0005,2277,1222,106,2024-12-30 07:30:20.324045
-0005,2279,1222,106,2024-12-30 07:30:20.340038
-0004,2295,1222,106,2024-12-30 07:30:20.356039
-0004,2286,1222,106,2024-12-30 07:30:20.372036
-0004,2286,1222,105,2024-12-30 07:30:20.388022
-0005,1897,1222,106,2024-12-30 07:30:20.419754
-0005,2227,1221,106,2024-12-30 07:30:20.436023
-0005,2300,1222,106,2024-12-30 07:30:20.452010
-0005,2298,1222,106,2024-12-30 07:30:20.468007
-0005,2301,1221,106,2024-12-30 07:30:20.484013
-0006,2275,1222,106,2024-12-30 07:30:20.500001
-0005,2271,1221,106,2024-12-30 07:30:20.516008
-0005,2284,1222,106,2024-12-30 07:30:20.532001
-0005,2278,1222,106,2024-12-30 07:30:20.548000
-0005,2276,1222,106,2024-12-30 07:30:20.579344
-0006,2295,1222,106,2024-12-30 07:30:20.595983
-0005,2277,1222,106,2024-12-30 07:30:20.611979
-0005,2294,1222,106,2024-12-30 07:30:20.627979
-0005,2274,1221,106,2024-12-30 07:30:20.643970
-0005,2281,1222,106,2024-12-30 07:30:20.659967
-0005,2276,1221,106,2024-12-30 07:30:20.675966
-0006,2302,1222,106,2024-12-30 07:30:20.691962
-0004,2282,1222,106,2024-12-30 07:30:20.707959
-0006,2292,1222,106,2024-12-30 07:30:20.723961
-0004,2297,1222,106,2024-12-30 07:30:20.755663
-0006,2298,1222,106,2024-12-30 07:30:20.771952
-0005,2300,1222,106,2024-12-30 07:30:20.787945
-0005,2297,1221,106,2024-12-30 07:30:20.803940
-0005,2299,1222,106,2024-12-30 07:30:20.819929
-0005,2299,1222,106,2024-12-30 07:30:20.835937
-0005,2282,1222,106,2024-12-30 07:30:20.851931
-0006,2292,1222,106,2024-12-30 07:30:20.867916
-0005,2287,1221,106,2024-12-30 07:30:20.883922
-0005,2270,1222,105,2024-12-30 07:30:20.915271
-0006,1891,1222,106,2024-12-30 07:30:20.931909
-0005,2216,1221,106,2024-12-30 07:30:20.947904
-0005,2268,1221,106,2024-12-30 07:30:20.963910
-0004,2287,1221,106,2024-12-30 07:30:20.979896
-0004,2287,1221,106,2024-12-30 07:30:20.995899
-0005,2283,1222,106,2024-12-30 07:30:21.011893
-0005,2268,1222,106,2024-12-30 07:30:21.027895
-0004,2267,1222,106,2024-12-30 07:30:21.043884
-0005,2283,1221,106,2024-12-30 07:30:21.059885
-0005,2296,1222,106,2024-12-30 07:30:21.091599
-0005,2287,1222,106,2024-12-30 07:30:21.107888
-0005,2281,1222,106,2024-12-30 07:30:21.123882
-0005,2285,1222,106,2024-12-30 07:30:21.139873
-0005,2294,1221,106,2024-12-30 07:30:21.155868
-0005,2301,1222,106,2024-12-30 07:30:21.171863
-0005,2281,1221,106,2024-12-30 07:30:21.187852
-0004,2289,1221,106,2024-12-30 07:30:21.203855
-0006,2297,1222,106,2024-12-30 07:30:21.219851
-0005,2282,1221,106,2024-12-30 07:30:21.251206
-0005,2282,1221,106,2024-12-30 07:30:21.267843
-0005,2272,1221,106,2024-12-30 07:30:21.283836
-0006,2287,1222,106,2024-12-30 07:30:21.299841
-0005,2283,1221,106,2024-12-30 07:30:21.315839
-0005,2277,1221,106,2024-12-30 07:30:21.331826
-0004,2294,1221,106,2024-12-30 07:30:21.347831
-0005,2297,1221,106,2024-12-30 07:30:21.363816
-0005,2291,1222,106,2024-12-30 07:30:21.379820
-0005,2270,1222,106,2024-12-30 07:30:21.395813
-0006,2289,1221,105,2024-12-30 07:30:21.427541
-0005,1896,1221,106,2024-12-30 07:30:21.443811
-0005,2206,1221,106,2024-12-30 07:30:21.459812
-0004,2288,1222,106,2024-12-30 07:30:21.475805
-0005,2273,1221,106,2024-12-30 07:30:21.491802
-0005,2280,1221,106,2024-12-30 07:30:21.507787
-0004,2291,1221,106,2024-12-30 07:30:21.523778
-0004,2276,1222,106,2024-12-30 07:30:21.539786
-0006,2299,1221,106,2024-12-30 07:30:21.555774
-0005,2295,1222,106,2024-12-30 07:30:21.587121
-0005,2275,1222,106,2024-12-30 07:30:21.603761
-0005,2273,1222,106,2024-12-30 07:30:21.619760
-0005,2285,1221,106,2024-12-30 07:30:21.635751
-0006,2300,1221,106,2024-12-30 07:30:21.651758
-0006,2285,1222,106,2024-12-30 07:30:21.667745
-0005,2279,1221,106,2024-12-30 07:30:21.683755
-0005,2272,1222,106,2024-12-30 07:30:21.699750
-0005,2295,1222,106,2024-12-30 07:30:21.715746
-0006,2285,1221,106,2024-12-30 07:30:21.731737
-0005,2291,1221,106,2024-12-30 07:30:21.763488
-0005,2302,1221,106,2024-12-30 07:30:21.779744
-0005,2269,1221,106,2024-12-30 07:30:21.795731
-0006,2295,1221,106,2024-12-30 07:30:21.811715
-0006,2286,1222,106,2024-12-30 07:30:21.827724
-0005,2282,1221,106,2024-12-30 07:30:21.843720
-0005,2296,1221,106,2024-12-30 07:30:21.859726
-0004,2275,1222,106,2024-12-30 07:30:21.875725
-0005,2281,1221,106,2024-12-30 07:30:21.891728
-0005,2271,1221,106,2024-12-30 07:30:21.923089
-0006,2297,1221,105,2024-12-30 07:30:21.939740
-0006,1884,1221,106,2024-12-30 07:30:21.955738
-0005,2217,1221,106,2024-12-30 07:30:21.971741
-0004,2294,1221,106,2024-12-30 07:30:21.987739
-0005,2268,1221,106,2024-12-30 07:30:22.003744
-0004,2283,1221,106,2024-12-30 07:30:22.019744
-0005,2278,1221,106,2024-12-30 07:30:22.035674
-0005,2271,1221,106,2024-12-30 07:30:22.051676
-0006,2271,1221,106,2024-12-30 07:30:22.067663
-0005,2281,1221,106,2024-12-30 07:30:22.099397
-0005,2283,1221,106,2024-12-30 07:30:22.115663
-0005,2276,1221,106,2024-12-30 07:30:22.131662
-0005,2295,1221,106,2024-12-30 07:30:22.147652
-0005,2294,1221,106,2024-12-30 07:30:22.163643
-0004,2271,1221,106,2024-12-30 07:30:22.179647
-0005,2281,1221,106,2024-12-30 07:30:22.195645
-0005,2268,1221,106,2024-12-30 07:30:22.211643
-0005,2267,1221,106,2024-12-30 07:30:22.227646
-0005,2268,1221,106,2024-12-30 07:30:22.259024
-0006,2284,1221,106,2024-12-30 07:30:22.275634
-0005,2292,1221,106,2024-12-30 07:30:22.291621
-0005,2266,1221,106,2024-12-30 07:30:22.307622
-0005,2289,1221,106,2024-12-30 07:30:22.323614
-0005,2297,1221,106,2024-12-30 07:30:22.339621
-0005,2280,1221,106,2024-12-30 07:30:22.355609
-0005,2286,1221,106,2024-12-30 07:30:22.371610
-0004,2266,1221,106,2024-12-30 07:30:22.387597
-0005,2297,1221,106,2024-12-30 07:30:22.403594
-0005,2275,1221,106,2024-12-30 07:30:22.435349
-0006,2290,1221,105,2024-12-30 07:30:22.451591
-0006,1879,1221,106,2024-12-30 07:30:22.467583
-0005,2220,1221,106,2024-12-30 07:30:22.483587
-0005,2298,1221,106,2024-12-30 07:30:22.499574
-0007,2292,1221,106,2024-12-30 07:30:22.515577
-0005,2269,1221,106,2024-12-30 07:30:22.531566
-0006,2272,1221,106,2024-12-30 07:30:22.547574
-0005,2285,1221,106,2024-12-30 07:30:22.563562
-0004,2273,1221,106,2024-12-30 07:30:22.594957
-0005,2278,1221,106,2024-12-30 07:30:22.611553
-0004,2289,1221,106,2024-12-30 07:30:22.627555
-0006,2267,1221,106,2024-12-30 07:30:22.643545
-0005,2273,1221,106,2024-12-30 07:30:22.659537
-0007,2267,1221,106,2024-12-30 07:30:22.675534
-0006,2274,1221,106,2024-12-30 07:30:22.691538
-0005,2266,1221,106,2024-12-30 07:30:22.707546
-0005,2276,1221,106,2024-12-30 07:30:22.723525
-0005,2299,1221,106,2024-12-30 07:30:22.739538
-0005,2292,1221,106,2024-12-30 07:30:22.771296
-0004,2271,1221,106,2024-12-30 07:30:22.787519
-0006,2270,1221,106,2024-12-30 07:30:22.803516
-0006,2269,1221,106,2024-12-30 07:30:22.819507
-0006,2277,1221,106,2024-12-30 07:30:22.835498
-0005,2296,1221,106,2024-12-30 07:30:22.851504
-0005,2291,1221,106,2024-12-30 07:30:22.867495
-0005,2269,1221,106,2024-12-30 07:30:22.883498
-0005,2265,1221,106,2024-12-30 07:30:22.899490
-0005,2290,1221,106,2024-12-30 07:30:22.930875
-0006,2292,1221,106,2024-12-30 07:30:22.947491
-0005,2288,1221,105,2024-12-30 07:30:22.963493
-0006,1873,1221,106,2024-12-30 07:30:22.979472
-0004,2209,1221,106,2024-12-30 07:30:22.995472
-0005,2284,1221,106,2024-12-30 07:30:23.011462
-0005,2268,1221,106,2024-12-30 07:30:23.027455
-0005,2263,1221,106,2024-12-30 07:30:23.043455
-0005,2291,1221,106,2024-12-30 07:30:23.059453
-0005,2270,1221,106,2024-12-30 07:30:23.075460
-0006,2293,1221,106,2024-12-30 07:30:23.107220
-0005,2278,1221,106,2024-12-30 07:30:23.123438
-0005,2299,1221,106,2024-12-30 07:30:23.139437
-0005,2270,1221,106,2024-12-30 07:30:23.155433
-0005,2270,1221,106,2024-12-30 07:30:23.171432
-0006,2289,1221,106,2024-12-30 07:30:23.187428
-0005,2282,1221,106,2024-12-30 07:30:23.203423
-0005,2293,1221,106,2024-12-30 07:30:23.219426
-0004,2267,1221,106,2024-12-30 07:30:23.235419
-0005,2295,1221,106,2024-12-30 07:30:23.266838
-0005,2279,1221,106,2024-12-30 07:30:23.283415
-0005,2297,1221,106,2024-12-30 07:30:23.299402
-0005,2277,1221,106,2024-12-30 07:30:23.315404
-0005,2269,1221,106,2024-12-30 07:30:23.331407
-0005,2277,1221,106,2024-12-30 07:30:23.347387
-0006,2270,1221,106,2024-12-30 07:30:23.363392
-0005,2270,1221,106,2024-12-30 07:30:23.379384
-0006,2293,1221,106,2024-12-30 07:30:23.395376
-0005,2264,1221,106,2024-12-30 07:30:23.411377
-0006,2289,1221,106,2024-12-30 07:30:23.443161
-0006,2267,1221,106,2024-12-30 07:30:23.459366
-0005,2286,1221,105,2024-12-30 07:30:23.475369
-0006,1888,1221,106,2024-12-30 07:30:23.491374
-0005,2209,1221,106,2024-12-30 07:30:23.507361
-0005,2280,1221,106,2024-12-30 07:30:23.523354
-0004,2267,1221,106,2024-12-30 07:30:23.539353
-0005,2277,1221,106,2024-12-30 07:30:23.555347
-0006,2263,1221,106,2024-12-30 07:30:23.571338
-0006,2296,1221,106,2024-12-30 07:30:23.602760
-0005,2293,1221,106,2024-12-30 07:30:23.619340
-0006,2288,1221,106,2024-12-30 07:30:23.635330
-0006,2270,1221,106,2024-12-30 07:30:23.651333
-0006,2293,1221,106,2024-12-30 07:30:23.667324
-0006,2295,1221,106,2024-12-30 07:30:23.683326
-0005,2293,1221,106,2024-12-30 07:30:23.699330
-0006,2287,1221,106,2024-12-30 07:30:23.715312
-0005,2261,1221,106,2024-12-30 07:30:23.731320
-0005,2295,1221,106,2024-12-30 07:30:23.747305
-0005,2284,1221,106,2024-12-30 07:30:23.779094
-0006,2273,1221,106,2024-12-30 07:30:23.795300
-0005,2294,1221,106,2024-12-30 07:30:23.811302
-0005,2271,1221,106,2024-12-30 07:30:23.827288
-0004,2269,1221,106,2024-12-30 07:30:23.843288
-0006,2279,1221,106,2024-12-30 07:30:23.859486
-0005,2286,1221,106,2024-12-30 07:30:23.875287
-0005,2293,1221,106,2024-12-30 07:30:23.891280
-0005,2266,1221,106,2024-12-30 07:30:23.907268
-0005,2285,1221,106,2024-12-30 07:30:23.938679
-0006,2291,1221,106,2024-12-30 07:30:23.955264
-0005,2285,1221,106,2024-12-30 07:30:23.971260
-0005,2281,1221,105,2024-12-30 07:30:23.987256
-0006,1872,1221,106,2024-12-30 07:30:24.003251
-0005,2204,1221,106,2024-12-30 07:30:24.019246
-0004,2261,1221,106,2024-12-30 07:30:24.035246
-0005,2291,1221,106,2024-12-30 07:30:24.051246
-0005,2267,1221,106,2024-12-30 07:30:24.067229
-0005,2269,1221,106,2024-12-30 07:30:24.083232
-0005,2283,1220,106,2024-12-30 07:30:24.115034
-0005,2262,1221,106,2024-12-30 07:30:24.131223
-0005,2282,1221,106,2024-12-30 07:30:24.147228
-0005,2293,1220,106,2024-12-30 07:30:24.163219
-0005,2285,1221,106,2024-12-30 07:30:24.179220
-0006,2270,1221,106,2024-12-30 07:30:24.195213
-0005,2278,1221,106,2024-12-30 07:30:24.211202
-0006,2269,1221,106,2024-12-30 07:30:24.227210
-0005,2263,1221,106,2024-12-30 07:30:24.243209
-0006,2281,1221,106,2024-12-30 07:30:24.274629
-0006,2262,1220,106,2024-12-30 07:30:24.291190
-0004,2270,1221,106,2024-12-30 07:30:24.307198
-0005,2291,1221,106,2024-12-30 07:30:24.323186
-0006,2292,1221,106,2024-12-30 07:30:24.339182
-0005,2290,1221,106,2024-12-30 07:30:24.355174
-0006,2273,1221,106,2024-12-30 07:30:24.371179
-0006,2269,1221,106,2024-12-30 07:30:24.387171
-0006,2293,1221,106,2024-12-30 07:30:24.403169
-0005,2261,1221,106,2024-12-30 07:30:24.419175
-0006,2269,1221,106,2024-12-30 07:30:24.450937
-0005,2266,1221,106,2024-12-30 07:30:24.467153
-0004,2278,1221,106,2024-12-30 07:30:24.483147
-0006,2266,1220,105,2024-12-30 07:30:24.499138
-0006,1875,1221,106,2024-12-30 07:30:24.515136
-0005,2198,1220,106,2024-12-30 07:30:24.531136
-0005,2262,1221,106,2024-12-30 07:30:24.547141
-0005,2269,1221,106,2024-12-30 07:30:24.563126
-0005,2284,1220,106,2024-12-30 07:30:24.579123
-0006,2293,1221,106,2024-12-30 07:30:24.610561
-0005,2269,1221,106,2024-12-30 07:30:24.627124
-0004,2261,1220,106,2024-12-30 07:30:24.643115
-0005,2293,1221,106,2024-12-30 07:30:24.659110
-0005,2267,1220,106,2024-12-30 07:30:24.675110
-0005,2283,1221,106,2024-12-30 07:30:24.691110
-0006,2273,1220,106,2024-12-30 07:30:24.707100
-0005,2283,1220,106,2024-12-30 07:30:24.723104
-0005,2265,1221,106,2024-12-30 07:30:24.739103
-0005,2271,1221,106,2024-12-30 07:30:24.755087
-0006,2278,1221,106,2024-12-30 07:30:24.786926
-0005,2271,1221,106,2024-12-30 07:30:24.803095
-0005,2270,1220,106,2024-12-30 07:30:24.819100
-0006,2297,1221,106,2024-12-30 07:30:24.835098
-0005,2273,1221,106,2024-12-30 07:30:24.851104
-0005,2293,1221,106,2024-12-30 07:30:24.867109
-0005,2264,1221,106,2024-12-30 07:30:24.883101
-0005,2271,1221,106,2024-12-30 07:30:24.899105
-0005,2268,1220,106,2024-12-30 07:30:24.915109
-0005,2265,1221,106,2024-12-30 07:30:24.946541
-0006,2294,1220,106,2024-12-30 07:30:24.963110
-0006,2265,1220,106,2024-12-30 07:30:24.979042
-0006,2262,1221,106,2024-12-30 07:30:24.995051
-0005,2270,1221,105,2024-12-30 07:30:25.011039
-0006,1868,1221,106,2024-12-30 07:30:25.027041
-0006,2206,1221,106,2024-12-30 07:30:25.043036
-0005,2288,1220,106,2024-12-30 07:30:25.059035
-0005,2267,1220,106,2024-12-30 07:30:25.075027
-0006,2273,1220,106,2024-12-30 07:30:25.091015
-0005,2259,1220,106,2024-12-30 07:30:25.122856
-0005,2293,1220,106,2024-12-30 07:30:25.139013
-0006,2267,1220,106,2024-12-30 07:30:25.155017
-0005,2267,1221,106,2024-12-30 07:30:25.171001
-0005,2294,1220,106,2024-12-30 07:30:25.187000
-0006,2263,1220,106,2024-12-30 07:30:25.202994
-0005,2287,1220,106,2024-12-30 07:30:25.218992
-0006,2292,1220,106,2024-12-30 07:30:25.234990
-0006,2264,1221,106,2024-12-30 07:30:25.251004
-0005,2265,1220,106,2024-12-30 07:30:25.282437
-0006,2276,1220,106,2024-12-30 07:30:25.298976
-0005,2291,1220,106,2024-12-30 07:30:25.314991
-0006,2272,1221,106,2024-12-30 07:30:25.330977
-0005,2287,1220,106,2024-12-30 07:30:25.346965
-0005,2266,1220,106,2024-12-30 07:30:25.362969
-0006,2267,1220,106,2024-12-30 07:30:25.378960
-0006,2288,1220,106,2024-12-30 07:30:25.394958
-0007,2263,1221,106,2024-12-30 07:30:25.410954
-0006,2268,1221,106,2024-12-30 07:30:25.426949
-0004,2285,1220,106,2024-12-30 07:30:25.458780
-0005,2264,1220,106,2024-12-30 07:30:25.474938
-0006,2283,1220,106,2024-12-30 07:30:25.490949
-0005,2292,1221,106,2024-12-30 07:30:25.506955
-0005,2264,1220,105,2024-12-30 07:30:25.522947
-0006,1869,1221,106,2024-12-30 07:30:25.538950
-0005,2201,1220,106,2024-12-30 07:30:25.554919
-0007,2286,1220,106,2024-12-30 07:30:25.570914
-0005,2275,1220,106,2024-12-30 07:30:25.586918
-0006,2286,1220,106,2024-12-30 07:30:25.618382
-0005,2281,1220,106,2024-12-30 07:30:25.634908
-0006,2259,1220,106,2024-12-30 07:30:25.650912
-0006,2258,1220,106,2024-12-30 07:30:25.666897
-0005,2260,1220,106,2024-12-30 07:30:25.682898
-0006,2264,1220,106,2024-12-30 07:30:25.698893
-0005,2261,1220,106,2024-12-30 07:30:25.714895
-0005,2263,1220,106,2024-12-30 07:30:25.730887
-0005,2262,1221,106,2024-12-30 07:30:25.746886
-0005,2268,1220,106,2024-12-30 07:30:25.762882
-0005,2261,1221,106,2024-12-30 07:30:25.794740
-0005,2259,1220,106,2024-12-30 07:30:25.810869
-0005,2283,1220,106,2024-12-30 07:30:25.826871
-0006,2264,1220,106,2024-12-30 07:30:25.842857
-0006,2262,1220,106,2024-12-30 07:30:25.858870
-0005,2290,1220,106,2024-12-30 07:30:25.874855
-0005,2284,1220,106,2024-12-30 07:30:25.890865
-0006,2290,1220,106,2024-12-30 07:30:25.906863
-0006,2258,1220,106,2024-12-30 07:30:25.922841
-0006,2287,1220,106,2024-12-30 07:30:25.954312
-0005,2268,1220,106,2024-12-30 07:30:25.970830
-0006,2288,1220,106,2024-12-30 07:30:25.986836
-0006,2290,1220,106,2024-12-30 07:30:26.002834
-0005,2291,1220,106,2024-12-30 07:30:26.018837
-0006,2266,1220,105,2024-12-30 07:30:26.034820
-0006,1866,1221,106,2024-12-30 07:30:26.050824
-0004,2202,1220,106,2024-12-30 07:30:26.066816
-0005,2269,1220,106,2024-12-30 07:30:26.082816
-0005,2291,1220,106,2024-12-30 07:30:26.098808
-0005,2263,1220,106,2024-12-30 07:30:26.130674
-0005,2264,1220,106,2024-12-30 07:30:26.146792
-0005,2290,1221,106,2024-12-30 07:30:26.162794
-0005,2265,1220,106,2024-12-30 07:30:26.178787
-0005,2285,1220,106,2024-12-30 07:30:26.194792
-0005,2271,1220,106,2024-12-30 07:30:26.210788
-0006,2279,1220,106,2024-12-30 07:30:26.226779
-0006,2267,1220,106,2024-12-30 07:30:26.242790
-0006,2269,1220,106,2024-12-30 07:30:26.258779
-0006,2279,1220,106,2024-12-30 07:30:26.290251
-0006,2268,1220,106,2024-12-30 07:30:26.306772
-0005,2263,1220,106,2024-12-30 07:30:26.322765
-0006,2280,1220,106,2024-12-30 07:30:26.338751
-0005,2281,1220,106,2024-12-30 07:30:26.354755
-0006,2270,1220,106,2024-12-30 07:30:26.370755
-0006,2278,1220,106,2024-12-30 07:30:26.386752
-0005,2264,1220,106,2024-12-30 07:30:26.402737
-0005,2281,1220,106,2024-12-30 07:30:26.418742
-0005,2299,1220,106,2024-12-30 07:30:26.434731
-0004,2280,1220,106,2024-12-30 07:30:26.466621
-0005,2278,1220,106,2024-12-30 07:30:26.482729
-0004,2277,1220,106,2024-12-30 07:30:26.498726
-0004,2246,1220,106,2024-12-30 07:30:26.514725
-0004,2245,1220,106,2024-12-30 07:30:26.530715
-0004,2288,1220,105,2024-12-30 07:30:26.546708
-0005,1931,1220,106,2024-12-30 07:30:26.562714
-0003,2214,1220,106,2024-12-30 07:30:26.578705
-0004,2291,1220,106,2024-12-30 07:30:26.594704
-0005,2336,1220,106,2024-12-30 07:30:26.626201
-0004,2337,1220,106,2024-12-30 07:30:26.642701
-0004,2310,1220,106,2024-12-30 07:30:26.658688
-0004,2322,1220,106,2024-12-30 07:30:26.674694
-0004,2330,1220,106,2024-12-30 07:30:26.690673
-0005,2323,1220,106,2024-12-30 07:30:26.706679
-0004,2298,1220,106,2024-12-30 07:30:26.722671
-0003,2302,1220,106,2024-12-30 07:30:26.738674
-0004,2312,1220,106,2024-12-30 07:30:26.754670
-0004,2315,1220,106,2024-12-30 07:30:26.770660
-0004,2307,1220,106,2024-12-30 07:30:26.802555
-0004,2308,1220,106,2024-12-30 07:30:26.818656
-0004,2328,1221,106,2024-12-30 07:30:26.834646
-0005,2284,1220,106,2024-12-30 07:30:26.850655
-0004,2286,1220,106,2024-12-30 07:30:26.866645
-0004,2273,1220,106,2024-12-30 07:30:26.882650
-0004,2284,1220,106,2024-12-30 07:30:26.898640
-0003,2279,1220,106,2024-12-30 07:30:26.914626
-0003,2258,1220,106,2024-12-30 07:30:26.930631
-0003,2304,1220,106,2024-12-30 07:30:26.962143
-0003,2320,1220,106,2024-12-30 07:30:26.978620
-0003,2334,1220,106,2024-12-30 07:30:26.994622
-0003,2345,1220,106,2024-12-30 07:30:27.010630
-0003,2363,1220,106,2024-12-30 07:30:27.026627
-0003,2364,1220,106,2024-12-30 07:30:27.042609
-0003,2366,1220,105,2024-12-30 07:30:27.058595
-0003,2064,1220,105,2024-12-30 07:30:27.074602
-0004,2024,1220,105,2024-12-30 07:30:27.090593
-0004,2025,1220,105,2024-12-30 07:30:27.106594
-0004,2016,1220,105,2024-12-30 07:30:27.138474
-0004,1997,1220,106,2024-12-30 07:30:27.154589
-0003,2291,1220,106,2024-12-30 07:30:27.170581
-0003,2330,1220,106,2024-12-30 07:30:27.186574
-0004,2325,1220,106,2024-12-30 07:30:27.202568
-0004,2337,1220,106,2024-12-30 07:30:27.218576
-0003,2329,1220,106,2024-12-30 07:30:27.234561
-0004,2341,1220,106,2024-12-30 07:30:27.250571
-0004,2328,1220,106,2024-12-30 07:30:27.266556
-0004,2340,1220,106,2024-12-30 07:30:27.298077
-0003,2335,1220,106,2024-12-30 07:30:27.314549
-0004,2341,1220,106,2024-12-30 07:30:27.330546
-0004,2319,1220,106,2024-12-30 07:30:27.346539
-0004,2334,1220,106,2024-12-30 07:30:27.362559
-0004,2329,1220,106,2024-12-30 07:30:27.378543
-0003,2336,1220,106,2024-12-30 07:30:27.394542
-0004,2327,1220,106,2024-12-30 07:30:27.410531
-0004,2322,1220,106,2024-12-30 07:30:27.426536
-0003,2334,1220,106,2024-12-30 07:30:27.442517
-0003,2331,1220,106,2024-12-30 07:30:27.474401
-0005,2347,1220,106,2024-12-30 07:30:27.490517
-0004,2327,1220,106,2024-12-30 07:30:27.506518
-0004,2333,1220,106,2024-12-30 07:30:27.522501
-0004,2331,1220,106,2024-12-30 07:30:27.538502
-0004,2323,1220,106,2024-12-30 07:30:27.554496
-0005,2347,1220,105,2024-12-30 07:30:27.570486
-0005,1995,1219,106,2024-12-30 07:30:27.586491
-0005,2279,1220,106,2024-12-30 07:30:27.602482
-0003,2328,1220,106,2024-12-30 07:30:27.634010
-0005,2334,1220,106,2024-12-30 07:30:27.650478
-0004,2325,1220,106,2024-12-30 07:30:27.666472
-0005,2346,1220,106,2024-12-30 07:30:27.682465
-0004,2333,1220,106,2024-12-30 07:30:27.698458
-0005,2323,1220,106,2024-12-30 07:30:27.714457
-0004,2326,1220,106,2024-12-30 07:30:27.730454
-0005,2346,1220,106,2024-12-30 07:30:27.746471
-0005,2332,1220,106,2024-12-30 07:30:27.762464
-0004,2331,1220,106,2024-12-30 07:30:27.778463
-0004,2329,1220,106,2024-12-30 07:30:27.810373
-0004,2329,1220,106,2024-12-30 07:30:27.826472
-0005,2345,1219,106,2024-12-30 07:30:27.842474
-0005,2345,1220,106,2024-12-30 07:30:27.858478
-0005,2343,1220,106,2024-12-30 07:30:27.874471
-0004,2333,1220,106,2024-12-30 07:30:27.890477
-0004,2329,1220,106,2024-12-30 07:30:27.906481
-0004,2338,1220,106,2024-12-30 07:30:27.922486
-0004,2330,1220,106,2024-12-30 07:30:27.938404
-0004,2329,1220,106,2024-12-30 07:30:27.969943
-0004,2322,1220,106,2024-12-30 07:30:27.986397
-0005,2343,1219,106,2024-12-30 07:30:28.002389
-0005,2341,1220,106,2024-12-30 07:30:28.018395
-0004,2322,1219,106,2024-12-30 07:30:28.034387
-0004,2325,1220,106,2024-12-30 07:30:28.050376
-0005,2347,1220,106,2024-12-30 07:30:28.066384
-0004,2333,1220,105,2024-12-30 07:30:28.082374
-0005,1991,1220,106,2024-12-30 07:30:28.098371
-0005,2273,1220,106,2024-12-30 07:30:28.114375
-0005,2341,1219,106,2024-12-30 07:30:28.146291
-0005,2327,1220,106,2024-12-30 07:30:28.162363
-0005,2326,1220,106,2024-12-30 07:30:28.178354
-0004,2334,1219,106,2024-12-30 07:30:28.194348
-0004,2333,1220,106,2024-12-30 07:30:28.210352
-0005,2316,1220,106,2024-12-30 07:30:28.226350
-0005,2325,1219,106,2024-12-30 07:30:28.242361
-0004,2330,1219,106,2024-12-30 07:30:28.258339
-0004,2334,1220,106,2024-12-30 07:30:28.274341
-0005,2341,1220,106,2024-12-30 07:30:28.305902
-0005,2329,1220,106,2024-12-30 07:30:28.322337
-0006,2351,1220,106,2024-12-30 07:30:28.338325
-0005,2346,1220,106,2024-12-30 07:30:28.354324
-0005,2340,1220,106,2024-12-30 07:30:28.370314
-0006,2328,1220,106,2024-12-30 07:30:28.386316
-0004,2330,1220,106,2024-12-30 07:30:28.402310
-0005,2331,1220,106,2024-12-30 07:30:28.418302
-0005,2316,1220,106,2024-12-30 07:30:28.434302
-0005,2322,1220,106,2024-12-30 07:30:28.450297
-0004,2320,1220,106,2024-12-30 07:30:28.482227
-0005,2341,1220,106,2024-12-30 07:30:28.498315
-0005,2346,1220,106,2024-12-30 07:30:28.514287
-0004,2327,1220,106,2024-12-30 07:30:28.530291
-0005,2340,1219,106,2024-12-30 07:30:28.546281
-0004,2323,1220,106,2024-12-30 07:30:28.562274
-0004,2322,1220,106,2024-12-30 07:30:28.578272
-0005,2320,1219,105,2024-12-30 07:30:28.594274
-0006,1986,1219,106,2024-12-30 07:30:28.610273
-0005,2275,1219,106,2024-12-30 07:30:28.641828
-0005,2328,1219,106,2024-12-30 07:30:28.658259
-0004,2321,1219,106,2024-12-30 07:30:28.674258
-0005,2337,1219,106,2024-12-30 07:30:28.690244
-0004,2320,1220,106,2024-12-30 07:30:28.706239
-0005,2344,1220,106,2024-12-30 07:30:28.722240
-0004,2324,1220,106,2024-12-30 07:30:28.738234
-0005,2343,1220,106,2024-12-30 07:30:28.754234
-0004,2325,1219,106,2024-12-30 07:30:28.770227
-0005,2329,1220,106,2024-12-30 07:30:28.786230
-0004,2334,1219,106,2024-12-30 07:30:28.818167
-0005,2345,1219,106,2024-12-30 07:30:28.834220
-0004,2329,1220,106,2024-12-30 07:30:28.850219
-0005,2317,1220,106,2024-12-30 07:30:28.866215
-0006,2345,1219,106,2024-12-30 07:30:28.882206
-0004,2329,1219,106,2024-12-30 07:30:28.898206
-0005,2338,1220,106,2024-12-30 07:30:28.914204
-0006,2339,1219,106,2024-12-30 07:30:28.930195
-0005,2320,1219,106,2024-12-30 07:30:28.946195
-0004,2324,1219,106,2024-12-30 07:30:28.977751
-0005,2329,1220,106,2024-12-30 07:30:28.994186
-0004,2323,1219,106,2024-12-30 07:30:29.010177
-0005,2329,1219,106,2024-12-30 07:30:29.026180
-0005,2334,1219,106,2024-12-30 07:30:29.042181
-0006,2333,1220,106,2024-12-30 07:30:29.058170
-0004,2320,1219,106,2024-12-30 07:30:29.074168
-0005,2338,1220,106,2024-12-30 07:30:29.090163
-0004,2318,1219,105,2024-12-30 07:30:29.106166
-0005,1990,1219,106,2024-12-30 07:30:29.122157
-0004,2278,1219,106,2024-12-30 07:30:29.154096
-0004,2334,1219,106,2024-12-30 07:30:29.170144
-0005,2328,1219,106,2024-12-30 07:30:29.186146
-0004,2327,1220,106,2024-12-30 07:30:29.202140
-0005,2338,1219,106,2024-12-30 07:30:29.218139
-0005,2319,1219,106,2024-12-30 07:30:29.234144
-0005,2345,1219,106,2024-12-30 07:30:29.250135
-0005,2327,1219,106,2024-12-30 07:30:29.266133
-0005,2327,1219,106,2024-12-30 07:30:29.282115
-0005,2327,1219,106,2024-12-30 07:30:29.313683
-0005,2324,1220,106,2024-12-30 07:30:29.330118
-0005,2343,1220,106,2024-12-30 07:30:29.346123
-0004,2331,1219,106,2024-12-30 07:30:29.362110
-0005,2332,1219,106,2024-12-30 07:30:29.378106
-0005,2332,1219,106,2024-12-30 07:30:29.394095
-0005,2327,1219,106,2024-12-30 07:30:29.410101
-0005,2321,1219,106,2024-12-30 07:30:29.426088
-0005,2346,1219,106,2024-12-30 07:30:29.442093
-0005,2345,1219,106,2024-12-30 07:30:29.458078
-0004,2323,1219,106,2024-12-30 07:30:29.490002
-0005,2330,1219,106,2024-12-30 07:30:29.506084
-0005,2341,1219,106,2024-12-30 07:30:29.522076
-0004,2318,1219,106,2024-12-30 07:30:29.538075
-0005,2349,1219,106,2024-12-30 07:30:29.554073
-0006,2344,1219,106,2024-12-30 07:30:29.570062
-0004,2323,1219,106,2024-12-30 07:30:29.586059
-0004,2329,1219,106,2024-12-30 07:30:29.602061
-0004,2329,1219,105,2024-12-30 07:30:29.618062
-0006,1986,1219,106,2024-12-30 07:30:29.649626
-0006,2281,1219,106,2024-12-30 07:30:29.666045
-0005,2320,1219,106,2024-12-30 07:30:29.682039
-0005,2331,1219,106,2024-12-30 07:30:29.698037
-0005,2343,1219,106,2024-12-30 07:30:29.714033
-0005,2331,1219,106,2024-12-30 07:30:29.730029
-0005,2325,1219,106,2024-12-30 07:30:29.746024
-0004,2320,1219,106,2024-12-30 07:30:29.762022
-0005,2337,1219,106,2024-12-30 07:30:29.778014
-0005,2334,1219,106,2024-12-30 07:30:29.794017
-0005,2322,1219,106,2024-12-30 07:30:29.825963
-0004,2323,1219,106,2024-12-30 07:30:29.842007
-0005,2349,1219,106,2024-12-30 07:30:29.857999
-0005,2334,1220,106,2024-12-30 07:30:29.873995
-0004,2325,1219,106,2024-12-30 07:30:29.889992
-0004,2331,1219,106,2024-12-30 07:30:29.905993
-0004,2330,1219,106,2024-12-30 07:30:29.921981
-0005,2331,1219,106,2024-12-30 07:30:29.937984
-0004,2332,1219,106,2024-12-30 07:30:29.953979
-0005,2339,1219,106,2024-12-30 07:30:29.985563
-0005,2320,1219,106,2024-12-30 07:30:30.001973
-0004,2325,1219,106,2024-12-30 07:30:30.017972
-0004,2325,1219,106,2024-12-30 07:30:30.033959
-0005,2330,1219,106,2024-12-30 07:30:30.049954
-0005,2330,1219,106,2024-12-30 07:30:30.065954
-0004,2327,1219,106,2024-12-30 07:30:30.081949
-0005,2337,1219,106,2024-12-30 07:30:30.097954
-0005,2341,1219,106,2024-12-30 07:30:30.113939
-0004,2319,1219,105,2024-12-30 07:30:30.129935
-0005,1992,1219,106,2024-12-30 07:30:30.161899
-0004,2277,1219,106,2024-12-30 07:30:30.177932
-0005,2326,1219,106,2024-12-30 07:30:30.193926
-0003,2326,1219,106,2024-12-30 07:30:30.209927
-0005,2329,1219,106,2024-12-30 07:30:30.225922
-0004,2328,1219,106,2024-12-30 07:30:30.241936
-0005,2337,1219,106,2024-12-30 07:30:30.257923
-0004,2327,1219,106,2024-12-30 07:30:30.273912
-0004,2320,1219,106,2024-12-30 07:30:30.289909
-0004,2328,1219,106,2024-12-30 07:30:30.321481
-0006,2347,1219,106,2024-12-30 07:30:30.337903
-0005,2328,1219,106,2024-12-30 07:30:30.353905
-0004,2330,1219,106,2024-12-30 07:30:30.369892
-0005,2328,1219,106,2024-12-30 07:30:30.385889
-0004,2331,1219,106,2024-12-30 07:30:30.401880
-0005,2337,1219,106,2024-12-30 07:30:30.417882
-0005,2324,1219,106,2024-12-30 07:30:30.433877
-0006,2345,1219,106,2024-12-30 07:30:30.449879
-0004,2320,1219,106,2024-12-30 07:30:30.465879
-0005,2328,1219,106,2024-12-30 07:30:30.497828
-0004,2332,1219,106,2024-12-30 07:30:30.513860
-0005,2336,1219,106,2024-12-30 07:30:30.529857
-0006,2319,1219,106,2024-12-30 07:30:30.545846
-0006,2345,1219,106,2024-12-30 07:30:30.561848
-0004,2327,1219,106,2024-12-30 07:30:30.577842
-0005,2343,1219,106,2024-12-30 07:30:30.593843
-0005,2341,1219,106,2024-12-30 07:30:30.609837
-0006,2345,1219,106,2024-12-30 07:30:30.625840
-0005,2328,1220,105,2024-12-30 07:30:30.657412
-0005,1986,1219,106,2024-12-30 07:30:30.673823
-0005,2278,1219,106,2024-12-30 07:30:30.689823
-0006,2330,1219,106,2024-12-30 07:30:30.705816
-0005,2325,1219,106,2024-12-30 07:30:30.721821
-0005,2314,1219,106,2024-12-30 07:30:30.737830
-0006,2328,1219,106,2024-12-30 07:30:30.753828
-0004,2321,1219,106,2024-12-30 07:30:30.769834
-0005,2330,1219,106,2024-12-30 07:30:30.785834
-0005,2320,1219,106,2024-12-30 07:30:30.801837
-0005,2346,1219,106,2024-12-30 07:30:30.833804
-0006,2325,1219,106,2024-12-30 07:30:30.849844
-0004,2329,1219,106,2024-12-30 07:30:30.865842
-0004,2322,1219,106,2024-12-30 07:30:30.881837
-0005,2337,1219,106,2024-12-30 07:30:30.897843
-0005,2322,1219,106,2024-12-30 07:30:30.913773
-0004,2329,1219,106,2024-12-30 07:30:30.929775
-0005,2327,1219,106,2024-12-30 07:30:30.945768
-0006,2323,1219,106,2024-12-30 07:30:30.961773
-0005,2346,1219,106,2024-12-30 07:30:30.993360
-0005,2346,1219,106,2024-12-30 07:30:31.009754
-0004,2324,1219,106,2024-12-30 07:30:31.025757
-0005,2316,1219,106,2024-12-30 07:30:31.041748
-0004,2322,1219,106,2024-12-30 07:30:31.057750
-0004,2326,1219,106,2024-12-30 07:30:31.073740
-0004,2323,1219,106,2024-12-30 07:30:31.089748
-0005,2342,1219,106,2024-12-30 07:30:31.105726
-0005,2323,1219,106,2024-12-30 07:30:31.121728
-0005,2328,1219,106,2024-12-30 07:30:31.137724
-0004,2345,1219,105,2024-12-30 07:30:31.169729
-0006,1986,1219,106,2024-12-30 07:30:31.185720
-0005,2278,1219,106,2024-12-30 07:30:31.201716
-0004,2326,1219,106,2024-12-30 07:30:31.217724
-0005,2319,1218,106,2024-12-30 07:30:31.233704
-0004,2324,1219,106,2024-12-30 07:30:31.249723
-0005,2331,1218,106,2024-12-30 07:30:31.265704
-0004,2323,1219,106,2024-12-30 07:30:31.281701
-0004,2328,1219,106,2024-12-30 07:30:31.297690
-0005,2345,1219,106,2024-12-30 07:30:31.329305
-0005,2328,1219,106,2024-12-30 07:30:31.345680
-0004,2328,1218,106,2024-12-30 07:30:31.361685
-0004,2330,1219,106,2024-12-30 07:30:31.377676
-0005,2322,1219,106,2024-12-30 07:30:31.393681
-0005,2326,1219,106,2024-12-30 07:30:31.409669
-0005,2325,1219,106,2024-12-30 07:30:31.425671
-0004,2329,1219,106,2024-12-30 07:30:31.441664
-0004,2325,1219,106,2024-12-30 07:30:31.457666
-0004,2320,1219,106,2024-12-30 07:30:31.473664
-0005,2320,1218,106,2024-12-30 07:30:31.505663
-0005,2315,1219,106,2024-12-30 07:30:31.521661
-0004,2329,1219,106,2024-12-30 07:30:31.537652
-0005,2348,1219,106,2024-12-30 07:30:31.553646
-0005,2334,1219,106,2024-12-30 07:30:31.569638
-0005,2326,1219,106,2024-12-30 07:30:31.585640
-0005,2346,1219,106,2024-12-30 07:30:31.601631
-0005,2321,1219,106,2024-12-30 07:30:31.617627
-0006,2345,1219,106,2024-12-30 07:30:31.633621
-0005,2333,1218,106,2024-12-30 07:30:31.665230
-0004,2328,1219,105,2024-12-30 07:30:31.681614
-0006,1981,1219,106,2024-12-30 07:30:31.697612
-0005,2272,1219,106,2024-12-30 07:30:31.713611
-0004,2321,1219,106,2024-12-30 07:30:31.729604
-0005,2331,1219,106,2024-12-30 07:30:31.745605
-0004,2332,1219,106,2024-12-30 07:30:31.761600
-0005,2338,1218,106,2024-12-30 07:30:31.777586
-0005,2322,1219,106,2024-12-30 07:30:31.793588
-0005,2322,1218,106,2024-12-30 07:30:31.809585
-0004,2328,1219,106,2024-12-30 07:30:31.841588
-0005,2340,1219,106,2024-12-30 07:30:31.857572
-0004,2320,1218,106,2024-12-30 07:30:31.873570
-0005,2338,1219,106,2024-12-30 07:30:31.889568
-0004,2321,1219,106,2024-12-30 07:30:31.905567
-0005,2328,1219,106,2024-12-30 07:30:31.921556
-0004,2324,1219,106,2024-12-30 07:30:31.937557
-0005,2327,1219,106,2024-12-30 07:30:31.953562
-0004,2328,1218,106,2024-12-30 07:30:31.969546
-0006,2341,1218,106,2024-12-30 07:30:32.001172
-0006,2325,1218,106,2024-12-30 07:30:32.017540
-0006,2345,1219,106,2024-12-30 07:30:32.033536
-0005,2322,1218,106,2024-12-30 07:30:32.049536
-0005,2333,1219,106,2024-12-30 07:30:32.065532
-0005,2327,1219,106,2024-12-30 07:30:32.081536
-0004,2326,1219,106,2024-12-30 07:30:32.097525
-0006,2331,1219,106,2024-12-30 07:30:32.113519
-0006,2344,1218,106,2024-12-30 07:30:32.129518
-0004,2331,1218,106,2024-12-30 07:30:32.145519
-0004,2324,1218,106,2024-12-30 07:30:32.177507
-0004,2327,1218,105,2024-12-30 07:30:32.193510
-0006,1976,1219,106,2024-12-30 07:30:32.209505
-0005,2274,1219,106,2024-12-30 07:30:32.225494
-0004,2326,1219,106,2024-12-30 07:30:32.241500
-0005,2314,1218,106,2024-12-30 07:30:32.257494
-0005,2332,1219,106,2024-12-30 07:30:32.273492
-0006,2331,1219,106,2024-12-30 07:30:32.289483
-0004,2327,1218,106,2024-12-30 07:30:32.305493
-0005,2319,1219,106,2024-12-30 07:30:32.337127
-0004,2324,1218,106,2024-12-30 07:30:32.353472
-0004,2327,1218,106,2024-12-30 07:30:32.369467
-0004,2324,1219,106,2024-12-30 07:30:32.385465
-0005,2330,1219,106,2024-12-30 07:30:32.401454
-0005,2335,1219,106,2024-12-30 07:30:32.417460
-0004,2324,1218,106,2024-12-30 07:30:32.433451
-0005,2327,1218,106,2024-12-30 07:30:32.449449
-0004,2329,1218,106,2024-12-30 07:30:32.465439
-0005,2344,1219,106,2024-12-30 07:30:32.481441
-0004,2329,1218,106,2024-12-30 07:30:32.513430
-0005,2334,1218,106,2024-12-30 07:30:32.529429
-0004,2318,1218,106,2024-12-30 07:30:32.545430
-0005,2342,1219,106,2024-12-30 07:30:32.561424
-0005,2324,1218,106,2024-12-30 07:30:32.577427
-0005,2334,1219,106,2024-12-30 07:30:32.593414
-0005,2335,1218,106,2024-12-30 07:30:32.609414
-0004,2320,1218,106,2024-12-30 07:30:32.625405
-0004,2326,1219,106,2024-12-30 07:30:32.641411
-0005,2328,1218,106,2024-12-30 07:30:32.673062
-0004,2329,1218,106,2024-12-30 07:30:32.689405
-0005,2341,1219,105,2024-12-30 07:30:32.705390
-0005,1969,1218,106,2024-12-30 07:30:32.721392
-0004,2278,1218,106,2024-12-30 07:30:32.737391
-0004,2315,1218,106,2024-12-30 07:30:32.753385
-0004,2326,1218,106,2024-12-30 07:30:32.769375
-0004,2319,1218,106,2024-12-30 07:30:32.785378
-0004,2337,1218,106,2024-12-30 07:30:32.801366
-0004,2328,1218,106,2024-12-30 07:30:32.817370
-0005,2323,1218,106,2024-12-30 07:30:32.849362
-0004,2324,1218,106,2024-12-30 07:30:32.865356
-0005,2344,1218,106,2024-12-30 07:30:32.881346
-0004,2338,1218,106,2024-12-30 07:30:32.897351
-0005,2344,1218,106,2024-12-30 07:30:32.913344
-0004,2325,1218,106,2024-12-30 07:30:32.929343
-0004,2321,1218,106,2024-12-30 07:30:32.945350
-0005,2336,1218,106,2024-12-30 07:30:32.961331
-0005,2315,1219,106,2024-12-30 07:30:32.977337
-0004,2324,1218,106,2024-12-30 07:30:33.008998
-0005,2341,1218,106,2024-12-30 07:30:33.025335
-0004,2332,1218,106,2024-12-30 07:30:33.041323
-0005,2327,1218,106,2024-12-30 07:30:33.057322
-0005,2327,1218,106,2024-12-30 07:30:33.073332
-0004,2323,1218,106,2024-12-30 07:30:33.089313
-0004,2316,1218,106,2024-12-30 07:30:33.105303
-0005,2327,1218,106,2024-12-30 07:30:33.121310
-0005,2321,1219,106,2024-12-30 07:30:33.137299
-0005,2324,1218,106,2024-12-30 07:30:33.153306
-0004,2327,1218,106,2024-12-30 07:30:33.185303
-0005,2340,1218,106,2024-12-30 07:30:33.201283
-0006,2317,1219,105,2024-12-30 07:30:33.217290
-0006,1970,1218,106,2024-12-30 07:30:33.233286
-0004,2272,1218,106,2024-12-30 07:30:33.249292
-0005,2339,1219,106,2024-12-30 07:30:33.265277
-0005,2320,1218,106,2024-12-30 07:30:33.281263
-0005,2329,1218,106,2024-12-30 07:30:33.297268
-0005,2340,1218,106,2024-12-30 07:30:33.313282
-0004,2322,1218,106,2024-12-30 07:30:33.344926
-0005,2336,1218,106,2024-12-30 07:30:33.361261
-0006,2337,1218,106,2024-12-30 07:30:33.377253
-0005,2331,1218,106,2024-12-30 07:30:33.393240
-0004,2316,1218,106,2024-12-30 07:30:33.409242
-0005,2323,1218,106,2024-12-30 07:30:33.425246
-0005,2326,1218,106,2024-12-30 07:30:33.441248
-0004,2317,1218,106,2024-12-30 07:30:33.457235
-0005,2322,1218,106,2024-12-30 07:30:33.473234
-0005,2324,1218,106,2024-12-30 07:30:33.489224
-0005,2323,1218,106,2024-12-30 07:30:33.521222
-0006,2323,1218,106,2024-12-30 07:30:33.537213
-0004,2311,1218,106,2024-12-30 07:30:33.553214
-0005,2311,1218,106,2024-12-30 07:30:33.569202
-0004,2312,1218,106,2024-12-30 07:30:33.585204
-0006,2344,1218,106,2024-12-30 07:30:33.601197
-0005,2323,1218,106,2024-12-30 07:30:33.617203
-0005,2331,1218,106,2024-12-30 07:30:33.633195
-0004,2324,1218,106,2024-12-30 07:30:33.649198
-0004,2327,1218,106,2024-12-30 07:30:33.680854
-0004,2324,1218,106,2024-12-30 07:30:33.697191
-0006,2342,1218,106,2024-12-30 07:30:33.713189
-0004,2317,1218,105,2024-12-30 07:30:33.729194
-0005,1963,1218,106,2024-12-30 07:30:33.745200
-0005,2273,1218,106,2024-12-30 07:30:33.761199
-0004,2320,1218,106,2024-12-30 07:30:33.777202
-0005,2312,1218,106,2024-12-30 07:30:33.793201
-0005,2324,1218,106,2024-12-30 07:30:33.809211
-0004,2321,1218,106,2024-12-30 07:30:33.825206
-0005,2311,1218,106,2024-12-30 07:30:33.857210
-0005,2325,1218,106,2024-12-30 07:30:33.873217
-0005,2342,1218,106,2024-12-30 07:30:33.889139
-0005,2312,1218,106,2024-12-30 07:30:33.905150
-0005,2329,1218,106,2024-12-30 07:30:33.921136
-0004,2312,1218,106,2024-12-30 07:30:33.937128
-0005,2324,1218,106,2024-12-30 07:30:33.953127
-0006,2339,1218,106,2024-12-30 07:30:33.969121
-0004,2321,1218,106,2024-12-30 07:30:33.985122
-0005,2326,1218,106,2024-12-30 07:30:34.016785
-0006,2315,1218,106,2024-12-30 07:30:34.033112
-0005,2339,1218,106,2024-12-30 07:30:34.049120
-0005,2314,1218,106,2024-12-30 07:30:34.065115
-0005,2324,1218,106,2024-12-30 07:30:34.081097
-0004,2321,1218,106,2024-12-30 07:30:34.097093
-0004,2316,1218,106,2024-12-30 07:30:34.113097
-0005,2318,1218,106,2024-12-30 07:30:34.129082
-0005,2325,1218,106,2024-12-30 07:30:34.145084
-0004,2328,1218,106,2024-12-30 07:30:34.161083
-0004,2325,1218,106,2024-12-30 07:30:34.193071
-0006,2337,1218,106,2024-12-30 07:30:34.209078
-0005,2318,1218,106,2024-12-30 07:30:34.225067
-0005,2318,1218,105,2024-12-30 07:30:34.241068
-0005,1971,1218,106,2024-12-30 07:30:34.257063
-0004,2271,1218,106,2024-12-30 07:30:34.273051
-0006,2330,1218,106,2024-12-30 07:30:34.289053
-0005,2319,1218,106,2024-12-30 07:30:34.305046
-0004,2314,1218,106,2024-12-30 07:30:34.321046
-0004,2320,1218,106,2024-12-30 07:30:34.352728
-0004,2322,1218,106,2024-12-30 07:30:34.369039
-0005,2313,1218,106,2024-12-30 07:30:34.385029
-0004,2322,1218,106,2024-12-30 07:30:34.401029
-0004,2321,1218,106,2024-12-30 07:30:34.417035
-0004,2326,1218,106,2024-12-30 07:30:34.433022
-0004,2318,1218,106,2024-12-30 07:30:34.449022
-0004,2312,1218,106,2024-12-30 07:30:34.465023
-0004,2316,1218,106,2024-12-30 07:30:34.481014
-0005,2336,1218,106,2024-12-30 07:30:34.497009
-0004,2327,1218,106,2024-12-30 07:30:34.529009
-0004,2326,1218,106,2024-12-30 07:30:34.545005
-0005,2319,1218,106,2024-12-30 07:30:34.560995
-0004,2322,1218,106,2024-12-30 07:30:34.576987
-0005,2316,1218,106,2024-12-30 07:30:34.592990
-0005,2325,1218,106,2024-12-30 07:30:34.608986
-0004,2324,1218,106,2024-12-30 07:30:34.624981
-0005,2324,1218,106,2024-12-30 07:30:34.640974
-0005,2324,1218,106,2024-12-30 07:30:34.656979
-0004,2322,1218,106,2024-12-30 07:30:34.688644
-0005,2313,1218,106,2024-12-30 07:30:34.704964
-0004,2321,1218,106,2024-12-30 07:30:34.720956
-0005,2330,1218,106,2024-12-30 07:30:34.736959
-0005,2343,1218,105,2024-12-30 07:30:34.752956
-0005,1965,1218,106,2024-12-30 07:30:34.768952
-0004,2277,1218,106,2024-12-30 07:30:34.784951
-0005,2333,1218,106,2024-12-30 07:30:34.800943
-0004,2320,1218,106,2024-12-30 07:30:34.816942
-0005,2333,1218,106,2024-12-30 07:30:34.832933
-0005,2321,1218,106,2024-12-30 07:30:34.864929
-0004,2315,1218,106,2024-12-30 07:30:34.880923
-0005,2329,1218,106,2024-12-30 07:30:34.896924
-0006,2335,1218,106,2024-12-30 07:30:34.912913
-0005,2319,1218,106,2024-12-30 07:30:34.928916
-0005,2322,1218,106,2024-12-30 07:30:34.944910
-0006,2335,1218,106,2024-12-30 07:30:34.960911
-0005,2315,1218,106,2024-12-30 07:30:34.976905
-0004,2318,1218,106,2024-12-30 07:30:34.992904
-0005,2324,1218,106,2024-12-30 07:30:35.024580
-0005,2318,1217,106,2024-12-30 07:30:35.040892
-0004,2323,1218,106,2024-12-30 07:30:35.056881
-0006,2333,1218,106,2024-12-30 07:30:35.072885
-0005,2309,1218,106,2024-12-30 07:30:35.088875
-0005,2338,1218,106,2024-12-30 07:30:35.104880
-0005,2338,1217,106,2024-12-30 07:30:35.120867
-0006,2340,1218,106,2024-12-30 07:30:35.136871
-0006,2336,1218,106,2024-12-30 07:30:35.152873
-0005,2320,1218,106,2024-12-30 07:30:35.168861
-0005,2315,1218,106,2024-12-30 07:30:35.200853
-0005,2335,1218,106,2024-12-30 07:30:35.216854
-0005,2318,1218,106,2024-12-30 07:30:35.232846
-0005,2312,1217,106,2024-12-30 07:30:35.248847
-0005,2319,1217,105,2024-12-30 07:30:35.264851
-0006,1956,1218,106,2024-12-30 07:30:35.280851
-0004,2266,1218,106,2024-12-30 07:30:35.296836
-0005,2334,1218,106,2024-12-30 07:30:35.312826
-0004,2323,1218,106,2024-12-30 07:30:35.328830
-0005,2339,1218,106,2024-12-30 07:30:35.360524
-0004,2318,1217,106,2024-12-30 07:30:35.376817
-0005,2321,1218,106,2024-12-30 07:30:35.392815
-0005,2315,1218,106,2024-12-30 07:30:35.408810
-0005,2322,1218,106,2024-12-30 07:30:35.424805
-0005,2315,1218,106,2024-12-30 07:30:35.440803
-0006,2333,1218,106,2024-12-30 07:30:35.456795
-0005,2339,1218,106,2024-12-30 07:30:35.472799
-0005,2330,1218,106,2024-12-30 07:30:35.488797
-0004,2306,1218,106,2024-12-30 07:30:35.520128
-0005,2337,1218,106,2024-12-30 07:30:35.536774
-0004,2321,1218,106,2024-12-30 07:30:35.552787
-0005,2322,1218,106,2024-12-30 07:30:35.568773
-0005,2317,1218,106,2024-12-30 07:30:35.584769
-0004,2309,1218,106,2024-12-30 07:30:35.600765
-0005,2314,1218,106,2024-12-30 07:30:35.616766
-0006,2338,1218,106,2024-12-30 07:30:35.632767
-0005,2316,1217,106,2024-12-30 07:30:35.648761
-0005,2333,1218,106,2024-12-30 07:30:35.664756
-0005,2332,1218,106,2024-12-30 07:30:35.696469
-0004,2325,1218,106,2024-12-30 07:30:35.712746
-0005,2327,1218,106,2024-12-30 07:30:35.728733
-0005,2331,1218,106,2024-12-30 07:30:35.744735
-0005,2330,1218,106,2024-12-30 07:30:35.760729
-0004,2320,1218,105,2024-12-30 07:30:35.776733
-0005,1967,1218,106,2024-12-30 07:30:35.792722
-0005,2272,1218,106,2024-12-30 07:30:35.808725
-0004,2322,1218,106,2024-12-30 07:30:35.824722
-0005,2310,1218,106,2024-12-30 07:30:35.856048
-0005,2309,1218,106,2024-12-30 07:30:35.872720
-0006,2321,1218,106,2024-12-30 07:30:35.888719
-0005,2322,1218,106,2024-12-30 07:30:35.904700
-0005,2315,1218,106,2024-12-30 07:30:35.920706
-0005,2313,1217,106,2024-12-30 07:30:35.936699
-0005,2321,1217,106,2024-12-30 07:30:35.952695
-0006,2334,1218,106,2024-12-30 07:30:35.968684
-0004,2312,1218,106,2024-12-30 07:30:35.984683
-0004,2333,1218,106,2024-12-30 07:30:36.000684
-0005,2335,1218,106,2024-12-30 07:30:36.032389
-0005,2321,1218,106,2024-12-30 07:30:36.048661
-0005,2320,1217,106,2024-12-30 07:30:36.064670
-0004,2316,1217,106,2024-12-30 07:30:36.080664
-0005,2320,1217,106,2024-12-30 07:30:36.096669
-0004,2326,1217,106,2024-12-30 07:30:36.112657
-0004,2319,1218,106,2024-12-30 07:30:36.128645
-0005,2339,1217,106,2024-12-30 07:30:36.144653
-0005,2310,1217,106,2024-12-30 07:30:36.160649
-0005,2332,1218,106,2024-12-30 07:30:36.191999
-0005,2340,1217,106,2024-12-30 07:30:36.210219
-0005,2324,1218,106,2024-12-30 07:30:36.224679
-0005,2304,1218,106,2024-12-30 07:30:36.240659
-0005,2316,1217,106,2024-12-30 07:30:36.256643
-0005,2315,1218,106,2024-12-30 07:30:36.272635
-0005,2320,1217,105,2024-12-30 07:30:36.288617
-0005,1948,1218,106,2024-12-30 07:30:36.304642
-0005,2275,1218,106,2024-12-30 07:30:36.320615
-0005,2324,1218,106,2024-12-30 07:30:36.336614
-0004,2321,1217,106,2024-12-30 07:30:36.368342
-0005,2319,1217,106,2024-12-30 07:30:36.384614
-0005,2323,1217,106,2024-12-30 07:30:36.400595
-0005,2331,1217,106,2024-12-30 07:30:36.416599
-0005,2311,1218,106,2024-12-30 07:30:36.432591
-0005,2334,1218,106,2024-12-30 07:30:36.448586
-0006,2327,1217,106,2024-12-30 07:30:36.464581
-0005,2321,1217,106,2024-12-30 07:30:36.480572
-0005,2321,1218,106,2024-12-30 07:30:36.496577
-0005,2321,1217,106,2024-12-30 07:30:36.527944
-0005,2318,1217,106,2024-12-30 07:30:36.544569
-0006,2331,1217,106,2024-12-30 07:30:36.560567
-0005,2324,1217,106,2024-12-30 07:30:36.576559
-0004,2312,1218,106,2024-12-30 07:30:36.592558
-0005,2325,1218,106,2024-12-30 07:30:36.608553
-0004,2315,1217,106,2024-12-30 07:30:36.624556
-0004,2307,1218,106,2024-12-30 07:30:36.640553
-0005,2318,1218,106,2024-12-30 07:30:36.656556
-0005,2324,1217,106,2024-12-30 07:30:36.672551
-0004,2309,1217,106,2024-12-30 07:30:36.704281
-0005,2334,1217,106,2024-12-30 07:30:36.720560
-0005,2313,1218,106,2024-12-30 07:30:36.736568
-0004,2317,1217,106,2024-12-30 07:30:36.752572
-0005,2319,1217,106,2024-12-30 07:30:36.768572
-0005,2320,1217,106,2024-12-30 07:30:36.784574
-0005,2310,1218,105,2024-12-30 07:30:36.800578
-0006,1961,1217,106,2024-12-30 07:30:36.816501
-0005,2270,1218,106,2024-12-30 07:30:36.832502
-0004,2320,1218,106,2024-12-30 07:30:36.863891
-0005,2308,1217,106,2024-12-30 07:30:36.880495
-0006,2331,1218,106,2024-12-30 07:30:36.896492
-0006,2322,1217,106,2024-12-30 07:30:36.912489
-0006,2325,1217,106,2024-12-30 07:30:36.928495
-0005,2335,1218,106,2024-12-30 07:30:36.944482
-0005,2321,1217,106,2024-12-30 07:30:36.960472
-0005,2328,1217,106,2024-12-30 07:30:36.976479
-0006,2322,1217,106,2024-12-30 07:30:36.992475
-0005,2321,1217,106,2024-12-30 07:30:37.008481
-0005,2329,1217,106,2024-12-30 07:30:37.040216
-0005,2312,1217,106,2024-12-30 07:30:37.056459
-0005,2314,1217,106,2024-12-30 07:30:37.072448
-0004,2303,1217,106,2024-12-30 07:30:37.088448
-0004,2311,1217,106,2024-12-30 07:30:37.104450
-0005,2306,1217,106,2024-12-30 07:30:37.120451
-0005,2307,1217,106,2024-12-30 07:30:37.136445
-0005,2314,1217,106,2024-12-30 07:30:37.152442
-0004,2319,1217,106,2024-12-30 07:30:37.168434
-0004,2319,1218,106,2024-12-30 07:30:37.199817
-0006,2319,1217,106,2024-12-30 07:30:37.216423
-0005,2320,1217,106,2024-12-30 07:30:37.232421
-0005,2333,1217,106,2024-12-30 07:30:37.248421
-0004,2319,1217,106,2024-12-30 07:30:37.264416
-0005,2325,1217,106,2024-12-30 07:30:37.280408
-0004,2318,1217,106,2024-12-30 07:30:37.296408
-0006,2332,1217,105,2024-12-30 07:30:37.312411
-0005,1939,1217,106,2024-12-30 07:30:37.328403
-0004,2259,1217,106,2024-12-30 07:30:37.344395
-0004,2319,1217,106,2024-12-30 07:30:37.376170
-0005,2326,1217,106,2024-12-30 07:30:37.392387
-0005,2333,1217,106,2024-12-30 07:30:37.408392
-0003,2306,1218,106,2024-12-30 07:30:37.424378
-0006,2306,1217,106,2024-12-30 07:30:37.440376
-0006,2329,1217,106,2024-12-30 07:30:37.456371
-0004,2306,1217,106,2024-12-30 07:30:37.472367
-0004,2309,1217,106,2024-12-30 07:30:37.488372
-0006,2329,1217,106,2024-12-30 07:30:37.504370
-0005,2307,1217,106,2024-12-30 07:30:37.535747
-0004,2321,1217,106,2024-12-30 07:30:37.552374
-0005,2304,1217,106,2024-12-30 07:30:37.568359
-0005,2309,1217,106,2024-12-30 07:30:37.584346
-0005,2322,1217,106,2024-12-30 07:30:37.600345
-0006,2317,1217,106,2024-12-30 07:30:37.616343
-0004,2306,1217,106,2024-12-30 07:30:37.632340
-0004,2328,1217,106,2024-12-30 07:30:37.648337
-0005,2324,1217,106,2024-12-30 07:30:37.664339
-0005,2304,1217,106,2024-12-30 07:30:37.680331
-0006,2332,1217,106,2024-12-30 07:30:37.712070
-0005,2317,1217,106,2024-12-30 07:30:37.728326
-0004,2321,1217,106,2024-12-30 07:30:37.744331
-0004,2315,1217,106,2024-12-30 07:30:37.760318
-0005,2322,1217,106,2024-12-30 07:30:37.776306
-0004,2302,1217,106,2024-12-30 07:30:37.792303
-0005,2322,1217,106,2024-12-30 07:30:37.808301
-0005,2334,1217,105,2024-12-30 07:30:37.824305
-0006,1958,1217,106,2024-12-30 07:30:37.840299
-0005,2260,1217,106,2024-12-30 07:30:37.871670
-0004,2302,1217,106,2024-12-30 07:30:37.888284
-0005,2308,1217,106,2024-12-30 07:30:37.904273
-0005,2327,1217,106,2024-12-30 07:30:37.920276
-0004,2313,1217,106,2024-12-30 07:30:37.936265
-0005,2310,1217,106,2024-12-30 07:30:37.952263
-0004,2318,1217,106,2024-12-30 07:30:37.968264
-0005,2324,1217,106,2024-12-30 07:30:37.984258
-0005,2319,1217,106,2024-12-30 07:30:38.000255
-0006,2335,1217,106,2024-12-30 07:30:38.016251
-0004,2305,1217,106,2024-12-30 07:30:38.048027
-0004,2320,1217,106,2024-12-30 07:30:38.064244
-0004,2321,1217,106,2024-12-30 07:30:38.080237
-0004,2319,1217,106,2024-12-30 07:30:38.096241
-0005,2329,1217,106,2024-12-30 07:30:38.112239
-0005,2308,1217,106,2024-12-30 07:30:38.128222
-0004,2319,1217,106,2024-12-30 07:30:38.144231
-0006,2326,1217,106,2024-12-30 07:30:38.160222
-0004,2311,1217,106,2024-12-30 07:30:38.176211
-0004,2304,1217,106,2024-12-30 07:30:38.207597
-0006,2322,1217,106,2024-12-30 07:30:38.224211
-0004,2328,1217,106,2024-12-30 07:30:38.240212
-0004,2318,1217,106,2024-12-30 07:30:38.256210
-0005,2320,1217,106,2024-12-30 07:30:38.272192
-0004,2314,1217,106,2024-12-30 07:30:38.288192
-0005,2333,1217,106,2024-12-30 07:30:38.304195
-0004,2314,1217,106,2024-12-30 07:30:38.320183
-0005,2322,1217,105,2024-12-30 07:30:38.336183
-0005,1940,1217,106,2024-12-30 07:30:38.352178
-0005,2266,1217,106,2024-12-30 07:30:38.383953
-0004,2308,1217,106,2024-12-30 07:30:38.400171
-0005,2316,1217,106,2024-12-30 07:30:38.416161
-0004,2331,1217,106,2024-12-30 07:30:38.432168
-0004,2306,1217,106,2024-12-30 07:30:38.448165
-0004,2318,1217,106,2024-12-30 07:30:38.464167
-0005,2318,1217,106,2024-12-30 07:30:38.480162
-0005,2319,1217,106,2024-12-30 07:30:38.496149
-0005,2329,1217,106,2024-12-30 07:30:38.512165
-0005,2319,1217,106,2024-12-30 07:30:38.543541
-0005,2305,1217,106,2024-12-30 07:30:38.560147
-0005,2303,1217,106,2024-12-30 07:30:38.576138
-0005,2324,1217,106,2024-12-30 07:30:38.592137
-0005,2306,1217,106,2024-12-30 07:30:38.608130
-0005,2333,1217,106,2024-12-30 07:30:38.624124
-0005,2316,1217,106,2024-12-30 07:30:38.640127
-0005,2318,1217,106,2024-12-30 07:30:38.656117
-0005,2316,1217,106,2024-12-30 07:30:38.672115
-0005,2303,1217,106,2024-12-30 07:30:38.688110
-0006,2319,1217,106,2024-12-30 07:30:38.719874
-0004,2309,1217,106,2024-12-30 07:30:38.736098
-0004,2305,1217,106,2024-12-30 07:30:38.752105
-0005,2304,1217,106,2024-12-30 07:30:38.768097
-0005,2318,1217,106,2024-12-30 07:30:38.784082
-0004,2310,1217,106,2024-12-30 07:30:38.800083
-0005,2303,1217,106,2024-12-30 07:30:38.816078
-0004,2315,1217,106,2024-12-30 07:30:38.832077
-0004,2305,1217,105,2024-12-30 07:30:38.848084
-0005,1951,1217,106,2024-12-30 07:30:38.879477
-0004,2261,1217,106,2024-12-30 07:30:38.896067
-0005,2329,1217,106,2024-12-30 07:30:38.912062
-0004,2302,1217,106,2024-12-30 07:30:38.928052
-0005,2304,1217,106,2024-12-30 07:30:38.944062
-0004,2317,1217,106,2024-12-30 07:30:38.960053
-0005,2318,1217,106,2024-12-30 07:30:38.976055
-0004,2308,1217,106,2024-12-30 07:30:38.992042
-0004,2307,1217,106,2024-12-30 07:30:39.008035
-0006,2332,1217,106,2024-12-30 07:30:39.024042
-0004,2308,1217,106,2024-12-30 07:30:39.055818
-0003,2310,1217,106,2024-12-30 07:30:39.072024
-0005,2311,1217,106,2024-12-30 07:30:39.088027
-0004,2324,1217,106,2024-12-30 07:30:39.104016
-0004,2300,1217,106,2024-12-30 07:30:39.120022
-0004,2317,1217,106,2024-12-30 07:30:39.136010
-0005,2316,1217,106,2024-12-30 07:30:39.152013
-0004,2302,1217,106,2024-12-30 07:30:39.168004
-0005,2322,1217,106,2024-12-30 07:30:39.184000
-0004,2313,1217,106,2024-12-30 07:30:39.215410
-0005,2324,1217,106,2024-12-30 07:30:39.232011
-0004,2303,1217,106,2024-12-30 07:30:39.247996
-0006,2329,1217,106,2024-12-30 07:30:39.263988
-0004,2306,1217,106,2024-12-30 07:30:39.279980
-0004,2324,1217,106,2024-12-30 07:30:39.295971
-0005,2308,1217,106,2024-12-30 07:30:39.311976
-0004,2324,1216,106,2024-12-30 07:30:39.327985
-0005,2325,1217,106,2024-12-30 07:30:39.343976
-0005,2334,1216,105,2024-12-30 07:30:39.359963
-0006,1954,1217,106,2024-12-30 07:30:39.391741
-0005,2258,1217,106,2024-12-30 07:30:39.407951
-0005,2301,1217,106,2024-12-30 07:30:39.423946
-0004,2313,1217,106,2024-12-30 07:30:39.439953
-0005,2320,1217,106,2024-12-30 07:30:39.455946
-0005,2305,1217,106,2024-12-30 07:30:39.471940
-0005,2333,1217,106,2024-12-30 07:30:39.487942
-0005,2325,1216,106,2024-12-30 07:30:39.503930
-0004,2309,1217,106,2024-12-30 07:30:39.519932
-0005,2328,1217,106,2024-12-30 07:30:39.551349
-0004,2321,1217,106,2024-12-30 07:30:39.567916
-0005,2336,1216,106,2024-12-30 07:30:39.583923
-0005,2322,1217,106,2024-12-30 07:30:39.599924
-0004,2303,1217,106,2024-12-30 07:30:39.615924
-0005,2323,1217,106,2024-12-30 07:30:39.631928
-0005,2330,1216,106,2024-12-30 07:30:39.647923
-0005,2326,1217,106,2024-12-30 07:30:39.663930
-0004,2313,1217,106,2024-12-30 07:30:39.679928
-0005,2322,1217,106,2024-12-30 07:30:39.695933
-0004,2314,1217,106,2024-12-30 07:30:39.727710
-0004,2314,1217,106,2024-12-30 07:30:39.743941
-0005,2320,1216,106,2024-12-30 07:30:39.759943
-0005,2314,1216,106,2024-12-30 07:30:39.775869
-0005,2316,1216,106,2024-12-30 07:30:39.791871
-0005,2316,1216,106,2024-12-30 07:30:39.807863
-0004,2318,1217,106,2024-12-30 07:30:39.823866
-0005,2327,1217,106,2024-12-30 07:30:39.839858
-0005,2309,1216,106,2024-12-30 07:30:39.855865
-0004,2323,1217,105,2024-12-30 07:30:39.887280
-0005,1961,1217,106,2024-12-30 07:30:39.903847
-0004,2261,1217,106,2024-12-30 07:30:39.919849
-0005,2313,1216,106,2024-12-30 07:30:39.935838
-0004,2308,1217,106,2024-12-30 07:30:39.951839
-0004,2307,1217,106,2024-12-30 07:30:39.967846
-0005,2317,1217,106,2024-12-30 07:30:39.983829
-0005,2306,1217,106,2024-12-30 07:30:39.999821
-0005,2327,1216,106,2024-12-30 07:30:40.015826
-0004,2322,1217,106,2024-12-30 07:30:40.031821
-0005,2317,1216,106,2024-12-30 07:30:40.063615
-0005,2320,1216,106,2024-12-30 07:30:40.079821
-0004,2309,1216,106,2024-12-30 07:30:40.095805
-0004,2316,1217,106,2024-12-30 07:30:40.111804
-0005,2328,1217,106,2024-12-30 07:30:40.127797
-0004,2320,1217,106,2024-12-30 07:30:40.143789
-0005,2323,1216,106,2024-12-30 07:30:40.159795
-0005,2310,1217,106,2024-12-30 07:30:40.175781
-0005,2303,1216,106,2024-12-30 07:30:40.191787
-0004,2304,1216,106,2024-12-30 07:30:40.223221
-0005,2322,1217,106,2024-12-30 07:30:40.239783
-0004,2318,1216,106,2024-12-30 07:30:40.255781
-0004,2306,1216,106,2024-12-30 07:30:40.271762
-0005,2322,1216,106,2024-12-30 07:30:40.287763
-0004,2303,1216,106,2024-12-30 07:30:40.303776
-0005,2316,1217,106,2024-12-30 07:30:40.319767
-0004,2317,1217,106,2024-12-30 07:30:40.335767
-0004,2323,1216,106,2024-12-30 07:30:40.351755
-0005,2314,1216,106,2024-12-30 07:30:40.367754
-0005,2323,1216,105,2024-12-30 07:30:40.399563
-0005,1938,1217,106,2024-12-30 07:30:40.415739
-0004,2255,1217,106,2024-12-30 07:30:40.431735
-0004,2317,1217,106,2024-12-30 07:30:40.447735
-0003,2305,1217,106,2024-12-30 07:30:40.463726
-0004,2327,1217,106,2024-12-30 07:30:40.479728
-0004,2324,1216,106,2024-12-30 07:30:40.495717
-0005,2322,1216,106,2024-12-30 07:30:40.511711
-0004,2336,1216,106,2024-12-30 07:30:40.527714
-0004,2320,1216,106,2024-12-30 07:30:40.559164
-0004,2315,1216,106,2024-12-30 07:30:40.575702
-0004,2320,1216,106,2024-12-30 07:30:40.591701
-0004,2324,1217,106,2024-12-30 07:30:40.607692
-0004,2326,1216,106,2024-12-30 07:30:40.623701
-0003,2318,1216,106,2024-12-30 07:30:40.639685
-0005,2325,1216,106,2024-12-30 07:30:40.655688
-0005,2331,1216,106,2024-12-30 07:30:40.671682
-0004,2313,1217,106,2024-12-30 07:30:40.687687
-0005,2332,1216,106,2024-12-30 07:30:40.703679
-0004,2302,1216,106,2024-12-30 07:30:40.735491
-0004,2333,1216,106,2024-12-30 07:30:40.751667
-0005,2322,1216,106,2024-12-30 07:30:40.767657
-0005,2322,1217,106,2024-12-30 07:30:40.783657
-0005,2301,1216,106,2024-12-30 07:30:40.799658
-0003,2313,1217,106,2024-12-30 07:30:40.815657
-0005,2326,1216,106,2024-12-30 07:30:40.831643
-0005,2316,1216,106,2024-12-30 07:30:40.847647
-0005,2323,1216,106,2024-12-30 07:30:40.863642
-0004,2311,1216,106,2024-12-30 07:30:40.895092
-0005,2322,1217,105,2024-12-30 07:30:40.911634
-0005,1939,1216,106,2024-12-30 07:30:40.927629
-0005,2260,1216,106,2024-12-30 07:30:40.943622
-0005,2324,1216,106,2024-12-30 07:30:40.959623
-0004,2316,1217,106,2024-12-30 07:30:40.975614
-0005,2305,1216,106,2024-12-30 07:30:40.991611
-0005,2318,1216,106,2024-12-30 07:30:41.007612
-0005,2317,1216,106,2024-12-30 07:30:41.023609
-0004,2310,1217,106,2024-12-30 07:30:41.039598
-0005,2317,1216,106,2024-12-30 07:30:41.071445
-0004,2318,1216,106,2024-12-30 07:30:41.087595
-0004,2322,1216,106,2024-12-30 07:30:41.103591
-0006,2318,1217,106,2024-12-30 07:30:41.119577
-0005,2329,1216,106,2024-12-30 07:30:41.135576
-0004,2316,1216,106,2024-12-30 07:30:41.151577
-0005,2314,1216,106,2024-12-30 07:30:41.167584
-0004,2319,1216,106,2024-12-30 07:30:41.183584
-0004,2326,1216,106,2024-12-30 07:30:41.199564
-0004,2317,1216,106,2024-12-30 07:30:41.231018
-0004,2306,1216,106,2024-12-30 07:30:41.247577
-0005,2312,1216,106,2024-12-30 07:30:41.263557
-0004,2321,1216,106,2024-12-30 07:30:41.279561
-0005,2328,1216,106,2024-12-30 07:30:41.295550
-0005,2330,1216,106,2024-12-30 07:30:41.311566
-0004,2317,1216,106,2024-12-30 07:30:41.327548
-0005,2330,1216,106,2024-12-30 07:30:41.343538
-0004,2309,1216,106,2024-12-30 07:30:41.359537
-0004,2316,1216,106,2024-12-30 07:30:41.375530
-0004,2329,1216,106,2024-12-30 07:30:41.407362
-0004,2308,1216,105,2024-12-30 07:30:41.423524
-0005,1948,1216,106,2024-12-30 07:30:41.439532
-0004,2257,1216,106,2024-12-30 07:30:41.455525
-0005,2330,1216,106,2024-12-30 07:30:41.471511
-0004,2321,1216,106,2024-12-30 07:30:41.487507
-0006,2325,1217,106,2024-12-30 07:30:41.503498
-0005,2321,1216,106,2024-12-30 07:30:41.519507
-0004,2324,1216,106,2024-12-30 07:30:41.535502
-0005,2321,1216,106,2024-12-30 07:30:41.566965
-0004,2311,1216,106,2024-12-30 07:30:41.583491
-0004,2316,1216,106,2024-12-30 07:30:41.599483
-0004,2314,1216,106,2024-12-30 07:30:41.615479
-0006,2331,1216,106,2024-12-30 07:30:41.631477
-0005,2327,1216,106,2024-12-30 07:30:41.647475
-0005,2307,1216,106,2024-12-30 07:30:41.663470
-0004,2335,1216,106,2024-12-30 07:30:41.679462
-0005,2303,1216,106,2024-12-30 07:30:41.695467
-0005,2303,1216,106,2024-12-30 07:30:41.711461
-0004,2306,1216,106,2024-12-30 07:30:41.743294
-0005,2338,1216,106,2024-12-30 07:30:41.759457
-0004,2323,1216,106,2024-12-30 07:30:41.775445
-0004,2325,1216,106,2024-12-30 07:30:41.791446
-0004,2320,1216,106,2024-12-30 07:30:41.807448
-0004,2304,1216,106,2024-12-30 07:30:41.823431
-0005,2319,1216,106,2024-12-30 07:30:41.839434
-0004,2301,1216,106,2024-12-30 07:30:41.855427
-0004,2306,1216,106,2024-12-30 07:30:41.871431
-0005,2327,1216,106,2024-12-30 07:30:41.902914
-0004,2313,1216,106,2024-12-30 07:30:41.919422
-0004,2305,1216,105,2024-12-30 07:30:41.935411
-0005,1944,1216,106,2024-12-30 07:30:41.951414
-0005,2257,1216,106,2024-12-30 07:30:41.967406
-0005,2301,1216,106,2024-12-30 07:30:41.983408
-0004,2310,1216,106,2024-12-30 07:30:41.999399
-0005,2310,1216,106,2024-12-30 07:30:42.015401
-0004,2312,1216,106,2024-12-30 07:30:42.031396
-0004,2321,1216,106,2024-12-30 07:30:42.047395
-0005,2308,1216,106,2024-12-30 07:30:42.079235
-0005,2335,1216,106,2024-12-30 07:30:42.095378
-0005,2326,1216,106,2024-12-30 07:30:42.111370
-0004,2317,1216,106,2024-12-30 07:30:42.127372
-0004,2333,1216,106,2024-12-30 07:30:42.143371
-0004,2316,1216,106,2024-12-30 07:30:42.159372
-0004,2317,1216,106,2024-12-30 07:30:42.175376
-0004,2316,1216,106,2024-12-30 07:30:42.191359
-0004,2307,1216,106,2024-12-30 07:30:42.207360
-0004,2304,1216,106,2024-12-30 07:30:42.238866
-0004,2317,1216,106,2024-12-30 07:30:42.255345
-0004,2310,1216,106,2024-12-30 07:30:42.271347
-0005,2324,1216,106,2024-12-30 07:30:42.287345
-0005,2326,1216,106,2024-12-30 07:30:42.303347
-0004,2321,1216,106,2024-12-30 07:30:42.319336
-0005,2314,1216,106,2024-12-30 07:30:42.335327
-0004,2317,1216,106,2024-12-30 07:30:42.351334
-0005,2329,1216,106,2024-12-30 07:30:42.367318
-0004,2303,1216,106,2024-12-30 07:30:42.383323
-0004,2323,1216,106,2024-12-30 07:30:42.415164
-0004,2301,1216,106,2024-12-30 07:30:42.431307
-0004,2324,1216,105,2024-12-30 07:30:42.447309
-0005,1945,1216,106,2024-12-30 07:30:42.463299
-0004,2265,1216,106,2024-12-30 07:30:42.479296
-0005,2311,1216,106,2024-12-30 07:30:42.495290
-0003,2307,1216,106,2024-12-30 07:30:42.511279
-0003,2313,1216,106,2024-12-30 07:30:42.527285
-0005,2330,1216,106,2024-12-30 07:30:42.543291
-0004,2316,1216,106,2024-12-30 07:30:42.574785
-0004,2299,1216,106,2024-12-30 07:30:42.591290
-0005,2328,1216,106,2024-12-30 07:30:42.607295
-0004,2316,1216,106,2024-12-30 07:30:42.623294
-0004,2317,1216,106,2024-12-30 07:30:42.639298
-0005,2313,1216,106,2024-12-30 07:30:42.655302
-0004,2308,1216,106,2024-12-30 07:30:42.671302
-0004,2324,1216,106,2024-12-30 07:30:42.687304
-0004,2312,1216,106,2024-12-30 07:30:42.703306
-0005,2304,1216,106,2024-12-30 07:30:42.719307
-0003,2311,1216,106,2024-12-30 07:30:42.751115
-0004,2318,1216,106,2024-12-30 07:30:42.767233
-0005,2304,1216,106,2024-12-30 07:30:42.783232
-0003,2313,1216,106,2024-12-30 07:30:42.799227
-0005,2330,1216,106,2024-12-30 07:30:42.815226
-0005,2302,1216,106,2024-12-30 07:30:42.831218
-0003,2302,1216,106,2024-12-30 07:30:42.847215
-0005,2327,1216,106,2024-12-30 07:30:42.863217
-0004,2304,1216,106,2024-12-30 07:30:42.879209
-0004,2329,1216,106,2024-12-30 07:30:42.910704
-0004,2318,1216,106,2024-12-30 07:30:42.927197
-0004,2309,1216,106,2024-12-30 07:30:42.943196
-0004,2313,1216,105,2024-12-30 07:30:42.959191
-0004,1954,1216,106,2024-12-30 07:30:42.975188
-0004,2255,1216,106,2024-12-30 07:30:42.991182
-0005,2327,1216,106,2024-12-30 07:30:43.007180
-0004,2325,1216,106,2024-12-30 07:30:43.023183
-0004,2321,1216,106,2024-12-30 07:30:43.039185
-0003,2320,1216,106,2024-12-30 07:30:43.055177
-0004,2324,1216,106,2024-12-30 07:30:43.087063
-0004,2307,1216,106,2024-12-30 07:30:43.103163
-0004,2330,1216,106,2024-12-30 07:30:43.119161
-0005,2309,1216,106,2024-12-30 07:30:43.135152
-0003,2316,1216,106,2024-12-30 07:30:43.151155
-0004,2301,1215,106,2024-12-30 07:30:43.167144
-0004,2331,1216,106,2024-12-30 07:30:43.183146
-0003,2302,1216,106,2024-12-30 07:30:43.199143
-0004,2303,1216,106,2024-12-30 07:30:43.215148
-0004,2317,1216,106,2024-12-30 07:30:43.246655
-0004,2307,1216,106,2024-12-30 07:30:43.263139
-0003,2313,1216,106,2024-12-30 07:30:43.279133
-0005,2328,1215,106,2024-12-30 07:30:43.295117
-0005,2308,1216,106,2024-12-30 07:30:43.311123
-0004,2333,1216,106,2024-12-30 07:30:43.327111
-0004,2320,1216,106,2024-12-30 07:30:43.343118
-0004,2332,1216,106,2024-12-30 07:30:43.359110
-0005,2327,1216,106,2024-12-30 07:30:43.375111
-0004,2308,1216,106,2024-12-30 07:30:43.391107
-0003,2305,1216,106,2024-12-30 07:30:43.422998
-0003,2316,1215,106,2024-12-30 07:30:43.439105
-0004,2323,1216,106,2024-12-30 07:30:43.455100
-0004,2321,1216,105,2024-12-30 07:30:43.471087
-0005,1965,1216,106,2024-12-30 07:30:43.487090
-0003,2264,1216,106,2024-12-30 07:30:43.503083
-0003,2314,1216,106,2024-12-30 07:30:43.519101
-0005,2320,1216,106,2024-12-30 07:30:43.535096
-0004,2324,1216,106,2024-12-30 07:30:43.551091
-0004,2327,1216,106,2024-12-30 07:30:43.582586
-0005,2329,1216,106,2024-12-30 07:30:43.599068
-0004,2321,1215,106,2024-12-30 07:30:43.615065
-0004,2330,1216,106,2024-12-30 07:30:43.631057
-0005,2331,1216,106,2024-12-30 07:30:43.647065
-0004,2307,1216,106,2024-12-30 07:30:43.663061
-0005,2324,1216,106,2024-12-30 07:30:43.679056
-0003,2320,1216,106,2024-12-30 07:30:43.695041
-0004,2311,1216,106,2024-12-30 07:30:43.711041
-0004,2320,1215,106,2024-12-30 07:30:43.727028
-0005,2322,1215,106,2024-12-30 07:30:43.758932
-0003,2320,1216,106,2024-12-30 07:30:43.775036
-0004,2308,1215,106,2024-12-30 07:30:43.791021
-0004,2317,1215,106,2024-12-30 07:30:43.807027
-0004,2322,1216,106,2024-12-30 07:30:43.823022
-0004,2312,1216,106,2024-12-30 07:30:43.839016
-0005,2327,1216,106,2024-12-30 07:30:43.855007
-0003,2317,1216,106,2024-12-30 07:30:43.870998
-0003,2320,1216,106,2024-12-30 07:30:43.887008
-0003,2308,1215,106,2024-12-30 07:30:43.918526
-0005,2329,1216,106,2024-12-30 07:30:43.934990
-0003,2308,1215,106,2024-12-30 07:30:43.950997
-0005,2331,1215,106,2024-12-30 07:30:43.966987
-0005,2319,1216,105,2024-12-30 07:30:43.982996
-0004,1953,1215,106,2024-12-30 07:30:43.998985
-0004,2267,1216,106,2024-12-30 07:30:44.014984
-0005,2332,1215,106,2024-12-30 07:30:44.030985
-0004,2309,1215,106,2024-12-30 07:30:44.046970
-0004,2326,1216,106,2024-12-30 07:30:44.062969
-0005,2314,1215,106,2024-12-30 07:30:44.094831
-0004,2333,1215,106,2024-12-30 07:30:44.110954
-0005,2310,1215,106,2024-12-30 07:30:44.126953
-0004,2325,1216,106,2024-12-30 07:30:44.142956
-0004,2323,1216,106,2024-12-30 07:30:44.158940
-0003,2309,1216,106,2024-12-30 07:30:44.174941
-0004,2314,1216,106,2024-12-30 07:30:44.190938
-0005,2327,1215,106,2024-12-30 07:30:44.206947
-0004,2305,1215,106,2024-12-30 07:30:44.222939
-0004,2319,1216,106,2024-12-30 07:30:44.254429
-0004,2311,1215,106,2024-12-30 07:30:44.270919
-0004,2335,1215,106,2024-12-30 07:30:44.286922
-0004,2338,1216,106,2024-12-30 07:30:44.302924
-0004,2303,1215,106,2024-12-30 07:30:44.318914
-0004,2319,1216,106,2024-12-30 07:30:44.334904
-0004,2317,1215,106,2024-12-30 07:30:44.350907
-0004,2320,1216,106,2024-12-30 07:30:44.366898
-0004,2314,1215,106,2024-12-30 07:30:44.382901
-0004,2321,1215,106,2024-12-30 07:30:44.398905
-0005,2332,1216,106,2024-12-30 07:30:44.430792
-0004,2309,1215,106,2024-12-30 07:30:44.446879
-0004,2317,1216,106,2024-12-30 07:30:44.462878
-0004,2329,1216,106,2024-12-30 07:30:44.478874
-0004,2303,1215,105,2024-12-30 07:30:44.494873
-0005,1993,1215,106,2024-12-30 07:30:44.510872
-0004,2270,1215,106,2024-12-30 07:30:44.526863
-0004,2322,1216,106,2024-12-30 07:30:44.542867
-0004,2312,1215,106,2024-12-30 07:30:44.558857
-0005,2329,1215,106,2024-12-30 07:30:44.590372
-0005,2312,1215,106,2024-12-30 07:30:44.606852
-0004,2319,1216,106,2024-12-30 07:30:44.622840
-0005,2324,1216,106,2024-12-30 07:30:44.638843
-0004,2317,1215,106,2024-12-30 07:30:44.654841
-0004,2329,1216,106,2024-12-30 07:30:44.670849
-0004,2331,1216,106,2024-12-30 07:30:44.686831
-0004,2321,1215,106,2024-12-30 07:30:44.702829
-0004,2325,1215,106,2024-12-30 07:30:44.718830
-0004,2320,1215,106,2024-12-30 07:30:44.734817
-0004,2308,1215,106,2024-12-30 07:30:44.766737
-0004,2302,1215,106,2024-12-30 07:30:44.782813
-0004,2320,1215,106,2024-12-30 07:30:44.798807
-0004,2307,1215,106,2024-12-30 07:30:44.814803
-0003,2322,1215,106,2024-12-30 07:30:44.830805
-0003,2315,1215,106,2024-12-30 07:30:44.846795
-0004,2323,1215,106,2024-12-30 07:30:44.862798
-0004,2323,1215,106,2024-12-30 07:30:44.878792
-0004,2311,1215,106,2024-12-30 07:30:44.894795
-0003,2322,1215,106,2024-12-30 07:30:44.926314
-0005,2333,1215,106,2024-12-30 07:30:44.942776
-0004,2319,1215,106,2024-12-30 07:30:44.958775
-0004,2311,1215,106,2024-12-30 07:30:44.974768
-0003,2318,1215,106,2024-12-30 07:30:44.990761
-0004,2322,1215,105,2024-12-30 07:30:45.006762
-0005,1978,1215,106,2024-12-30 07:30:45.022758
-0004,2267,1216,106,2024-12-30 07:30:45.038760
-0005,2306,1215,106,2024-12-30 07:30:45.054757
-0004,2319,1215,106,2024-12-30 07:30:45.070750
-0004,2313,1215,106,2024-12-30 07:30:45.102666
-0004,2306,1215,106,2024-12-30 07:30:45.118740
-0004,2304,1215,106,2024-12-30 07:30:45.134742
-0005,2333,1215,106,2024-12-30 07:30:45.150746
-0004,2322,1215,106,2024-12-30 07:30:45.166725
-0005,2325,1215,106,2024-12-30 07:30:45.182729
-0005,2313,1215,106,2024-12-30 07:30:45.198719
-0004,2314,1215,106,2024-12-30 07:30:45.214726
-0003,2320,1215,106,2024-12-30 07:30:45.230720
-0005,2332,1215,106,2024-12-30 07:30:45.262268
-0005,2301,1215,106,2024-12-30 07:30:45.278706
-0004,2314,1215,106,2024-12-30 07:30:45.294710
-0006,2331,1215,106,2024-12-30 07:30:45.310716
-0004,2306,1215,106,2024-12-30 07:30:45.326711
-0005,2331,1215,106,2024-12-30 07:30:45.342699
-0005,2322,1215,106,2024-12-30 07:30:45.358700
-0005,2320,1215,106,2024-12-30 07:30:45.374694
-0004,2319,1215,106,2024-12-30 07:30:45.390696
-0004,2328,1215,106,2024-12-30 07:30:45.406690
-0003,2318,1215,106,2024-12-30 07:30:45.438608
-0004,2311,1215,106,2024-12-30 07:30:45.454666
-0004,2312,1215,106,2024-12-30 07:30:45.470671
-0004,2312,1215,106,2024-12-30 07:30:45.486660
-0004,2317,1215,106,2024-12-30 07:30:45.502666
-0005,2316,1215,105,2024-12-30 07:30:45.518670
-0004,1983,1215,106,2024-12-30 07:30:45.534666
-0004,2270,1215,106,2024-12-30 07:30:45.550667
-0004,2331,1215,106,2024-12-30 07:30:45.566676
-0004,2318,1215,106,2024-12-30 07:30:45.598215
-0005,2332,1215,106,2024-12-30 07:30:45.614675
-0004,2310,1215,106,2024-12-30 07:30:45.630684
-0004,2317,1215,106,2024-12-30 07:30:45.646688
-0003,2319,1215,106,2024-12-30 07:30:45.662686
-0004,2323,1215,106,2024-12-30 07:30:45.678692
-0006,2329,1215,106,2024-12-30 07:30:45.694623
-0004,2315,1215,106,2024-12-30 07:30:45.710629
-0005,2315,1215,106,2024-12-30 07:30:45.726619
-0003,2320,1215,106,2024-12-30 07:30:45.742617
-0005,2307,1215,106,2024-12-30 07:30:45.774551
-0004,2319,1215,106,2024-12-30 07:30:45.790600
-0005,2304,1215,106,2024-12-30 07:30:45.806601
-0005,2330,1215,106,2024-12-30 07:30:45.822586
-0004,2321,1215,106,2024-12-30 07:30:45.838594
-0004,2305,1215,106,2024-12-30 07:30:45.854583
-0005,2321,1215,106,2024-12-30 07:30:45.870589
-0004,2315,1215,106,2024-12-30 07:30:45.886592
-0004,2305,1215,106,2024-12-30 07:30:45.902564
-0003,2320,1215,106,2024-12-30 07:30:45.934106
-0004,2304,1215,106,2024-12-30 07:30:45.950566
-0004,2321,1215,106,2024-12-30 07:30:45.966559
-0005,2324,1215,106,2024-12-30 07:30:45.982561
-0004,2320,1215,106,2024-12-30 07:30:45.998557
-0005,2304,1215,106,2024-12-30 07:30:46.014543
-0005,2308,1215,105,2024-12-30 07:30:46.030547
-0005,1987,1215,106,2024-12-30 07:30:46.046534
-0004,2267,1215,106,2024-12-30 07:30:46.062538
-0004,2308,1215,106,2024-12-30 07:30:46.078530
-0005,2329,1215,106,2024-12-30 07:30:46.110478
-0004,2319,1215,106,2024-12-30 07:30:46.126531
-0003,2320,1215,106,2024-12-30 07:30:46.142521
-0005,2325,1215,106,2024-12-30 07:30:46.158524
-0005,2319,1215,106,2024-12-30 07:30:46.174519
-0005,2311,1215,106,2024-12-30 07:30:46.190507
-0005,2325,1215,106,2024-12-30 07:30:46.206512
-0003,2314,1215,106,2024-12-30 07:30:46.222509
-0005,2306,1215,106,2024-12-30 07:30:46.238523
-0004,2311,1215,106,2024-12-30 07:30:46.270084
-0004,2335,1215,106,2024-12-30 07:30:46.286498
-0005,2331,1215,106,2024-12-30 07:30:46.302490
-0004,2323,1215,106,2024-12-30 07:30:46.318492
-0004,2316,1215,106,2024-12-30 07:30:46.334480
-0004,2306,1215,106,2024-12-30 07:30:46.350486
-0004,2308,1215,106,2024-12-30 07:30:46.366483
-0005,2310,1215,106,2024-12-30 07:30:46.382486
-0005,2320,1214,106,2024-12-30 07:30:46.398469
-0005,2328,1215,106,2024-12-30 07:30:46.414467
-0004,2320,1215,106,2024-12-30 07:30:46.446393
-0005,2324,1215,106,2024-12-30 07:30:46.462458
-0004,2311,1215,106,2024-12-30 07:30:46.478453
-0004,2307,1215,106,2024-12-30 07:30:46.494458
-0004,2339,1215,106,2024-12-30 07:30:46.510440
-0005,2328,1215,106,2024-12-30 07:30:46.526437
-0005,2324,1215,105,2024-12-30 07:30:46.542438
-0005,1985,1215,106,2024-12-30 07:30:46.558433
-0004,2268,1215,106,2024-12-30 07:30:46.574428
-0004,2306,1215,106,2024-12-30 07:30:46.606015
-0004,2324,1215,106,2024-12-30 07:30:46.622424
-0004,2311,1215,106,2024-12-30 07:30:46.638432
-0004,2317,1215,106,2024-12-30 07:30:46.654415
-0005,2329,1215,106,2024-12-30 07:30:46.670416
-0005,2300,1215,106,2024-12-30 07:30:46.686408
-0004,2316,1215,106,2024-12-30 07:30:46.702407
-0004,2302,1215,106,2024-12-30 07:30:46.718401
-0004,2316,1215,106,2024-12-30 07:30:46.734402
-0004,2308,1215,106,2024-12-30 07:30:46.750411
-0004,2304,1215,106,2024-12-30 07:30:46.782368
-0004,2318,1215,106,2024-12-30 07:30:46.798383
-0004,2318,1215,106,2024-12-30 07:30:46.814385
-0004,2312,1215,106,2024-12-30 07:30:46.830377
-0005,2315,1215,106,2024-12-30 07:30:46.846375
-0004,2318,1215,106,2024-12-30 07:30:46.862369
-0004,2307,1214,106,2024-12-30 07:30:46.878360
-0004,2304,1215,106,2024-12-30 07:30:46.894365
-0005,2331,1215,106,2024-12-30 07:30:46.910358
-0005,2315,1214,106,2024-12-30 07:30:46.941941
-0005,2303,1215,106,2024-12-30 07:30:46.958336
-0004,2306,1214,106,2024-12-30 07:30:46.974340
-0005,2321,1215,106,2024-12-30 07:30:46.990342
-0004,2317,1215,106,2024-12-30 07:30:47.006344
-0004,2311,1215,106,2024-12-30 07:30:47.022328
-0004,2326,1215,106,2024-12-30 07:30:47.038327
-0004,2327,1215,105,2024-12-30 07:30:47.054320
-0005,1979,1215,106,2024-12-30 07:30:47.070321
-0005,2276,1215,106,2024-12-30 07:30:47.086317
-0004,2319,1215,106,2024-12-30 07:30:47.118315
-0004,2313,1215,106,2024-12-30 07:30:47.134307
-0004,2308,1215,106,2024-12-30 07:30:47.150307
-0005,2336,1215,106,2024-12-30 07:30:47.166303
-0004,2334,1214,106,2024-12-30 07:30:47.182293
-0005,2329,1215,106,2024-12-30 07:30:47.198293
-0004,2308,1214,106,2024-12-30 07:30:47.214286
-0004,2307,1215,106,2024-12-30 07:30:47.230295
-0005,2328,1215,106,2024-12-30 07:30:47.246294
-0004,2324,1214,106,2024-12-30 07:30:47.277886
-0005,2334,1215,106,2024-12-30 07:30:47.294266
-0003,2307,1214,106,2024-12-30 07:30:47.310266
-0004,2316,1215,106,2024-12-30 07:30:47.326263
-0005,2331,1215,106,2024-12-30 07:30:47.342258
-0004,2321,1215,106,2024-12-30 07:30:47.358261
-0005,2325,1215,106,2024-12-30 07:30:47.374263
-0005,2320,1215,106,2024-12-30 07:30:47.390247
-0005,2318,1214,106,2024-12-30 07:30:47.406240
-0005,2318,1214,106,2024-12-30 07:30:47.422240
-0003,2311,1214,106,2024-12-30 07:30:47.454217
-0004,2321,1215,106,2024-12-30 07:30:47.470232
-0004,2325,1215,106,2024-12-30 07:30:47.486238
-0005,2337,1214,106,2024-12-30 07:30:47.502226
-0004,2317,1214,106,2024-12-30 07:30:47.518220
-0004,2312,1214,106,2024-12-30 07:30:47.534214
-0005,2318,1214,106,2024-12-30 07:30:47.550217
-0004,2306,1215,105,2024-12-30 07:30:47.566210
-0005,1984,1214,106,2024-12-30 07:30:47.582219
-0004,2269,1215,106,2024-12-30 07:30:47.613839
-0004,2317,1215,106,2024-12-30 07:30:47.630206
-0005,2331,1215,106,2024-12-30 07:30:47.646195
-0004,2323,1215,106,2024-12-30 07:30:47.662197
-0004,2320,1215,106,2024-12-30 07:30:47.678191
-0004,2308,1214,106,2024-12-30 07:30:47.694191
-0004,2325,1214,106,2024-12-30 07:30:47.710186
-0004,2321,1214,106,2024-12-30 07:30:47.726187
-0005,2320,1215,106,2024-12-30 07:30:47.742193
-0005,2307,1214,106,2024-12-30 07:30:47.758170
-0004,2315,1214,106,2024-12-30 07:30:47.790163
-0004,2321,1214,106,2024-12-30 07:30:47.806168
-0004,2321,1214,106,2024-12-30 07:30:47.822161
-0004,2309,1214,106,2024-12-30 07:30:47.838156
-0004,2324,1214,106,2024-12-30 07:30:47.854158
-0004,2319,1214,106,2024-12-30 07:30:47.870162
-0005,2330,1214,106,2024-12-30 07:30:47.886150
-0004,2316,1215,106,2024-12-30 07:30:47.902139
-0005,2328,1215,106,2024-12-30 07:30:47.918144
-0005,2313,1214,106,2024-12-30 07:30:47.949784
-0004,2326,1215,106,2024-12-30 07:30:47.966137
-0005,2330,1215,106,2024-12-30 07:30:47.982125
-0005,2307,1214,106,2024-12-30 07:30:47.998122
-0005,2320,1214,106,2024-12-30 07:30:48.014109
-0004,2324,1215,106,2024-12-30 07:30:48.030111
-0005,2305,1214,106,2024-12-30 07:30:48.046108
-0004,2324,1214,106,2024-12-30 07:30:48.062108
-0005,2332,1214,105,2024-12-30 07:30:48.078103
-0005,1998,1215,106,2024-12-30 07:30:48.094098
-0004,2272,1215,106,2024-12-30 07:30:48.126102
-0004,2303,1214,106,2024-12-30 07:30:48.142086
-0005,2333,1214,106,2024-12-30 07:30:48.158091
-0003,2319,1214,106,2024-12-30 07:30:48.174083
-0005,2322,1215,106,2024-12-30 07:30:48.190082
-0005,2310,1214,106,2024-12-30 07:30:48.206076
-0005,2334,1214,106,2024-12-30 07:30:48.222075
-0005,2319,1215,106,2024-12-30 07:30:48.238087
-0004,2304,1215,106,2024-12-30 07:30:48.254064
-0005,2337,1214,106,2024-12-30 07:30:48.285710
-0005,2332,1214,106,2024-12-30 07:30:48.302066
-0004,2306,1214,106,2024-12-30 07:30:48.318059
-0005,2334,1214,106,2024-12-30 07:30:48.334051
-0004,2306,1214,106,2024-12-30 07:30:48.350049
-0004,2303,1214,106,2024-12-30 07:30:48.366043
-0005,2322,1214,106,2024-12-30 07:30:48.382047
-0004,2321,1215,106,2024-12-30 07:30:48.398035
-0004,2324,1214,106,2024-12-30 07:30:48.414033
-0004,2318,1214,106,2024-12-30 07:30:48.430023
-0004,2305,1214,106,2024-12-30 07:30:48.462019
-0004,2307,1214,106,2024-12-30 07:30:48.478020
-0004,2315,1214,106,2024-12-30 07:30:48.494028
-0004,2321,1214,106,2024-12-30 07:30:48.510034
-0004,2306,1214,106,2024-12-30 07:30:48.526041
-0004,2312,1214,106,2024-12-30 07:30:48.542241
-0004,2318,1214,106,2024-12-30 07:30:48.558056
-0005,2317,1214,106,2024-12-30 07:30:48.574048
-0004,2314,1214,105,2024-12-30 07:30:48.590041
-0005,1988,1214,106,2024-12-30 07:30:48.621677
-0004,2261,1214,106,2024-12-30 07:30:48.638042
-0005,2330,1214,106,2024-12-30 07:30:48.654052
-0005,2329,1214,106,2024-12-30 07:30:48.669980
-0004,2306,1214,106,2024-12-30 07:30:48.685976
-0006,2318,1214,106,2024-12-30 07:30:48.701963
-0005,2328,1214,106,2024-12-30 07:30:48.717974
-0005,2330,1214,106,2024-12-30 07:30:48.733968
-0005,2331,1214,106,2024-12-30 07:30:48.749976
-0005,2334,1214,106,2024-12-30 07:30:48.765959
-0004,2318,1214,106,2024-12-30 07:30:48.797961
-0005,2304,1214,106,2024-12-30 07:30:48.813956
-0004,2321,1214,106,2024-12-30 07:30:48.829954
-0005,2325,1214,106,2024-12-30 07:30:48.845950
-0004,2311,1214,106,2024-12-30 07:30:48.861950
-0004,2321,1214,106,2024-12-30 07:30:48.877940
-0005,2329,1214,106,2024-12-30 07:30:48.893935
-0006,2310,1214,106,2024-12-30 07:30:48.909935
-0004,2315,1214,106,2024-12-30 07:30:48.925923
-0004,2312,1214,106,2024-12-30 07:30:48.957563
-0004,2323,1214,106,2024-12-30 07:30:48.973923
-0004,2310,1214,106,2024-12-30 07:30:48.989908
-0005,2331,1214,106,2024-12-30 07:30:49.005913
-0004,2317,1214,106,2024-12-30 07:30:49.021901
-0004,2307,1214,106,2024-12-30 07:30:49.037895
-0005,2323,1215,106,2024-12-30 07:30:49.053894
-0005,2315,1214,106,2024-12-30 07:30:49.069893
-0005,2305,1214,106,2024-12-30 07:30:49.085892
-0004,2318,1214,105,2024-12-30 07:30:49.101889
-0005,1996,1214,106,2024-12-30 07:30:49.133882
-0005,2271,1214,106,2024-12-30 07:30:49.149880
-0004,2302,1214,106,2024-12-30 07:30:49.165874
-0004,2321,1214,106,2024-12-30 07:30:49.181880
-0004,2308,1214,106,2024-12-30 07:30:49.197870
-0005,2324,1214,106,2024-12-30 07:30:49.213871
-0004,2303,1214,106,2024-12-30 07:30:49.229878
-0005,2313,1214,106,2024-12-30 07:30:49.245871
-0004,2314,1214,106,2024-12-30 07:30:49.261867
-0005,2325,1214,106,2024-12-30 07:30:49.293500
-0004,2303,1214,106,2024-12-30 07:30:49.309852
-0004,2318,1214,106,2024-12-30 07:30:49.325841
-0004,2309,1214,106,2024-12-30 07:30:49.341840
-0005,2325,1214,106,2024-12-30 07:30:49.357831
-0004,2319,1214,106,2024-12-30 07:30:49.373833
-0005,2303,1214,106,2024-12-30 07:30:49.389828
-0004,2305,1214,106,2024-12-30 07:30:49.405831
-0004,2323,1214,106,2024-12-30 07:30:49.421823
-0005,2322,1214,106,2024-12-30 07:30:49.437811
-0004,2317,1214,106,2024-12-30 07:30:49.469805
-0004,2315,1214,106,2024-12-30 07:30:49.485809
-0005,2328,1214,106,2024-12-30 07:30:49.501800
-0005,2313,1214,106,2024-12-30 07:30:49.517803
-0004,2315,1214,106,2024-12-30 07:30:49.533809
-0005,2311,1214,106,2024-12-30 07:30:49.549814
-0004,2308,1214,106,2024-12-30 07:30:49.565804
-0005,2307,1214,106,2024-12-30 07:30:49.581794
-0004,2317,1214,106,2024-12-30 07:30:49.597791
-0005,2312,1214,105,2024-12-30 07:30:49.629426
-0005,1995,1214,106,2024-12-30 07:30:49.645763
-0004,2273,1214,106,2024-12-30 07:30:49.661761
-0004,2307,1214,106,2024-12-30 07:30:49.677760
-0004,2327,1214,106,2024-12-30 07:30:49.693758
-0004,2311,1214,106,2024-12-30 07:30:49.709757
-0005,2324,1214,106,2024-12-30 07:30:49.725752
-0005,2303,1214,106,2024-12-30 07:30:49.741751
-0004,2301,1214,106,2024-12-30 07:30:49.757741
-0004,2325,1214,106,2024-12-30 07:30:49.773746
-0004,2306,1214,106,2024-12-30 07:30:49.805742
-0004,2324,1214,106,2024-12-30 07:30:49.821749
-0004,2315,1214,106,2024-12-30 07:30:49.837739
-0005,2314,1214,106,2024-12-30 07:30:49.853729
-0004,2315,1214,106,2024-12-30 07:30:49.869722
-0004,2327,1214,106,2024-12-30 07:30:49.885722
-0004,2313,1214,106,2024-12-30 07:30:49.901714
-0006,2322,1214,106,2024-12-30 07:30:49.917724
-0004,2319,1214,106,2024-12-30 07:30:49.933711
-0005,2307,1214,106,2024-12-30 07:30:49.965377
-0005,2325,1214,106,2024-12-30 07:30:49.981687
-0004,2318,1214,106,2024-12-30 07:30:49.997695
-0004,2316,1214,106,2024-12-30 07:30:50.013690
-0005,2337,1214,106,2024-12-30 07:30:50.029692
-0005,2330,1214,106,2024-12-30 07:30:50.045692
-0005,2310,1214,106,2024-12-30 07:30:50.061685
-0005,2335,1214,106,2024-12-30 07:30:50.077686
-0005,2307,1214,106,2024-12-30 07:30:50.093673
-0004,2316,1214,106,2024-12-30 07:30:50.109677
-0004,2324,1214,105,2024-12-30 07:30:50.141674
-0005,2001,1214,105,2024-12-30 07:30:50.157665
-0005,1961,1214,106,2024-12-30 07:30:50.173665
-0004,2263,1214,106,2024-12-30 07:30:50.189656
-0005,2323,1214,106,2024-12-30 07:30:50.205648
-0004,2311,1214,106,2024-12-30 07:30:50.221649
-0004,2321,1214,106,2024-12-30 07:30:50.237665
-0004,2318,1214,106,2024-12-30 07:30:50.253648
-0005,2309,1214,106,2024-12-30 07:30:50.269644
-0005,2318,1214,106,2024-12-30 07:30:50.301313
-0005,2322,1214,106,2024-12-30 07:30:50.317633
-0005,2312,1214,106,2024-12-30 07:30:50.333627
-0005,2332,1214,106,2024-12-30 07:30:50.349630
-0005,2327,1214,106,2024-12-30 07:30:50.365614
-0004,2310,1214,106,2024-12-30 07:30:50.381610
-0003,2322,1214,106,2024-12-30 07:30:50.397612
-0005,2336,1214,106,2024-12-30 07:30:50.413602
-0005,2322,1214,106,2024-12-30 07:30:50.429600
-0004,2321,1214,106,2024-12-30 07:30:50.445606
-0004,2329,1214,106,2024-12-30 07:30:50.477590
-0005,2331,1214,106,2024-12-30 07:30:50.493584
-0004,2307,1214,106,2024-12-30 07:30:50.509588
-0004,2311,1214,106,2024-12-30 07:30:50.525576
-0004,2324,1214,106,2024-12-30 07:30:50.541578
-0005,2317,1214,106,2024-12-30 07:30:50.557577
-0005,2322,1214,106,2024-12-30 07:30:50.573575
-0005,2307,1214,106,2024-12-30 07:30:50.589571
-0004,2318,1214,106,2024-12-30 07:30:50.605572
-0005,2332,1213,106,2024-12-30 07:30:50.637220
-0004,2305,1214,105,2024-12-30 07:30:50.653557
-0005,1984,1214,106,2024-12-30 07:30:50.669543
-0004,2260,1214,106,2024-12-30 07:30:50.685559
-0004,2302,1214,106,2024-12-30 07:30:50.701559
-0004,2310,1214,106,2024-12-30 07:30:50.717539
-0005,2322,1214,106,2024-12-30 07:30:50.733538
-0004,2315,1214,106,2024-12-30 07:30:50.749540
-0004,2303,1214,106,2024-12-30 07:30:50.765540
-0005,2318,1214,106,2024-12-30 07:30:50.781525
-0005,2320,1214,106,2024-12-30 07:30:50.813527
-0005,2310,1214,106,2024-12-30 07:30:50.829515
-0004,2303,1214,106,2024-12-30 07:30:50.845526
-0004,2322,1214,106,2024-12-30 07:30:50.861513
-0005,2318,1214,106,2024-12-30 07:30:50.877510
-0005,2307,1214,106,2024-12-30 07:30:50.893507
-0005,2315,1214,106,2024-12-30 07:30:50.909503
-0004,2314,1214,106,2024-12-30 07:30:50.925500
-0005,2313,1214,106,2024-12-30 07:30:50.941500
-0004,2319,1214,106,2024-12-30 07:30:50.973166
-0005,2323,1214,106,2024-12-30 07:30:50.989486
-0003,2320,1213,106,2024-12-30 07:30:51.005481
-0005,2323,1214,106,2024-12-30 07:30:51.021482
-0005,2327,1214,106,2024-12-30 07:30:51.037476
-0005,2320,1213,106,2024-12-30 07:30:51.053484
-0005,2303,1214,106,2024-12-30 07:30:51.069481
-0004,2319,1214,106,2024-12-30 07:30:51.085479
-0004,2318,1214,106,2024-12-30 07:30:51.101463
-0005,2319,1214,106,2024-12-30 07:30:51.132772
-0004,2311,1214,106,2024-12-30 07:30:51.149445
-0005,2309,1213,105,2024-12-30 07:30:51.165452
-0005,1990,1214,106,2024-12-30 07:30:51.181449
-0005,2272,1213,106,2024-12-30 07:30:51.197452
-0004,2318,1214,106,2024-12-30 07:30:51.213439
-0004,2309,1214,106,2024-12-30 07:30:51.229437
-0005,2316,1213,106,2024-12-30 07:30:51.245443
-0004,2311,1214,106,2024-12-30 07:30:51.261430
-0005,2328,1214,106,2024-12-30 07:30:51.277422
-0005,2322,1214,106,2024-12-30 07:30:51.309098
-0005,2320,1213,106,2024-12-30 07:30:51.325406
-0005,2336,1214,106,2024-12-30 07:30:51.341408
-0004,2323,1213,106,2024-12-30 07:30:51.357402
-0004,2307,1214,106,2024-12-30 07:30:51.373406
-0006,2333,1214,106,2024-12-30 07:30:51.389387
-0005,2317,1213,106,2024-12-30 07:30:51.405388
-0005,2319,1214,106,2024-12-30 07:30:51.421386
-0004,2314,1214,106,2024-12-30 07:30:51.437386
-0005,2319,1213,106,2024-12-30 07:30:51.468713
-0004,2324,1214,106,2024-12-30 07:30:51.485397
-0004,2324,1214,106,2024-12-30 07:30:51.501395
-0005,2321,1214,106,2024-12-30 07:30:51.517400
-0005,2300,1214,106,2024-12-30 07:30:51.533404
-0005,2318,1214,106,2024-12-30 07:30:51.549399
-0005,2318,1213,106,2024-12-30 07:30:51.565402
-0004,2314,1213,106,2024-12-30 07:30:51.581406
-0006,2328,1213,106,2024-12-30 07:30:51.597413
-0005,2314,1214,106,2024-12-30 07:30:51.613413
-0005,2317,1213,106,2024-12-30 07:30:51.645041
-0004,2317,1213,106,2024-12-30 07:30:51.661331
-0005,2328,1213,105,2024-12-30 07:30:51.677335
-0005,1999,1213,106,2024-12-30 07:30:51.693329
-0004,2279,1213,106,2024-12-30 07:30:51.709333
-0005,2345,1214,106,2024-12-30 07:30:51.725323
-0004,2334,1214,106,2024-12-30 07:30:51.741317
-0004,2332,1213,106,2024-12-30 07:30:51.757320
-0005,2334,1214,106,2024-12-30 07:30:51.773308
-0004,2332,1213,106,2024-12-30 07:30:51.804650
-0005,2348,1213,106,2024-12-30 07:30:51.821313
-0004,2324,1214,106,2024-12-30 07:30:51.837301
-0004,2331,1214,106,2024-12-30 07:30:51.853290
-0004,2332,1213,106,2024-12-30 07:30:51.869300
-0004,2322,1213,106,2024-12-30 07:30:51.885288
-0004,2332,1213,106,2024-12-30 07:30:51.901290
-0004,2328,1214,106,2024-12-30 07:30:51.917282
-0004,2332,1214,106,2024-12-30 07:30:51.933284
-0004,2322,1213,106,2024-12-30 07:30:51.949274
-0004,2334,1214,106,2024-12-30 07:30:51.980970
-0004,2335,1214,106,2024-12-30 07:30:51.997263
-0004,2333,1213,106,2024-12-30 07:30:52.013262
-0004,2333,1213,106,2024-12-30 07:30:52.029259
-0005,2330,1214,106,2024-12-30 07:30:52.045259
-0004,2328,1213,106,2024-12-30 07:30:52.061251
-0004,2336,1214,106,2024-12-30 07:30:52.077252
-0004,2330,1214,106,2024-12-30 07:30:52.093251
-0005,2328,1214,106,2024-12-30 07:30:52.109250
-0005,2344,1214,106,2024-12-30 07:30:52.140577
-0003,2327,1213,106,2024-12-30 07:30:52.157231
-0005,2345,1213,106,2024-12-30 07:30:52.173234
-0005,2340,1214,105,2024-12-30 07:30:52.189234
-0005,1995,1213,106,2024-12-30 07:30:52.205222
-0005,2286,1214,106,2024-12-30 07:30:52.221221
-0005,2333,1213,106,2024-12-30 07:30:52.237225
-0004,2330,1213,106,2024-12-30 07:30:52.253206
-0005,2340,1213,106,2024-12-30 07:30:52.269214
-0004,2326,1214,106,2024-12-30 07:30:52.285207
-0003,2321,1213,106,2024-12-30 07:30:52.316915
-0005,2349,1213,106,2024-12-30 07:30:52.333198
-0004,2335,1213,106,2024-12-30 07:30:52.349194
-0004,2332,1213,106,2024-12-30 07:30:52.365189
-0005,2320,1214,106,2024-12-30 07:30:52.381180
-0004,2332,1213,106,2024-12-30 07:30:52.397170
-0005,2327,1214,106,2024-12-30 07:30:52.413176
-0004,2330,1213,106,2024-12-30 07:30:52.429164
-0005,2329,1213,106,2024-12-30 07:30:52.445172
-0005,2327,1213,106,2024-12-30 07:30:52.476522
-0005,2346,1213,106,2024-12-30 07:30:52.493164
-0005,2333,1213,106,2024-12-30 07:30:52.509166
-0005,2330,1213,106,2024-12-30 07:30:52.525159
-0005,2342,1213,106,2024-12-30 07:30:52.541161
-0006,2329,1213,106,2024-12-30 07:30:52.557160
-0004,2324,1213,106,2024-12-30 07:30:52.573141
-0004,2333,1213,106,2024-12-30 07:30:52.589141
-0005,2332,1214,106,2024-12-30 07:30:52.605147
-0004,2329,1213,106,2024-12-30 07:30:52.621139
-0004,2338,1213,106,2024-12-30 07:30:52.652839
-0003,2329,1213,106,2024-12-30 07:30:52.669127
-0004,2336,1214,106,2024-12-30 07:30:52.685117
-0004,2329,1213,105,2024-12-30 07:30:52.701119
-0005,1994,1214,106,2024-12-30 07:30:52.717109
-0004,2259,1213,106,2024-12-30 07:30:52.733113
-0005,2318,1213,106,2024-12-30 07:30:52.749109
-0005,2305,1213,106,2024-12-30 07:30:52.765109
-0004,2310,1213,106,2024-12-30 07:30:52.781103
-0005,2319,1213,106,2024-12-30 07:30:52.812447
-0005,2304,1214,106,2024-12-30 07:30:52.829083
-0004,2318,1213,106,2024-12-30 07:30:52.845095
-0005,2303,1213,106,2024-12-30 07:30:52.861080
-0005,2327,1213,106,2024-12-30 07:30:52.877090
-0005,2315,1214,106,2024-12-30 07:30:52.893081
-0004,2318,1213,106,2024-12-30 07:30:52.909083
-0006,2322,1213,106,2024-12-30 07:30:52.925082
-0005,2305,1213,106,2024-12-30 07:30:52.941083
-0004,2305,1213,106,2024-12-30 07:30:52.957066
-0005,2325,1213,106,2024-12-30 07:30:52.988792
-0005,2316,1213,106,2024-12-30 07:30:53.005054
-0004,2305,1213,106,2024-12-30 07:30:53.021053
-0004,2314,1213,106,2024-12-30 07:30:53.037052
-0005,2311,1213,106,2024-12-30 07:30:53.053050
-0004,2320,1214,106,2024-12-30 07:30:53.069043
-0005,2306,1213,106,2024-12-30 07:30:53.085045
-0006,2325,1213,106,2024-12-30 07:30:53.101036
-0006,2305,1213,106,2024-12-30 07:30:53.117024
-0005,2317,1213,106,2024-12-30 07:30:53.148373
-0004,2305,1213,106,2024-12-30 07:30:53.165021
-0004,2303,1213,106,2024-12-30 07:30:53.181014
-0004,2305,1213,106,2024-12-30 07:30:53.197016
-0006,2312,1213,105,2024-12-30 07:30:53.213014
-0006,1977,1213,106,2024-12-30 07:30:53.229015
-0004,2280,1213,106,2024-12-30 07:30:53.245010
-0003,2328,1213,106,2024-12-30 07:30:53.261003
-0005,2339,1213,106,2024-12-30 07:30:53.276998
-0005,2332,1213,106,2024-12-30 07:30:53.293005
-0006,2343,1213,106,2024-12-30 07:30:53.324734
-0004,2332,1213,106,2024-12-30 07:30:53.340977
-0005,2344,1213,106,2024-12-30 07:30:53.356979
-0005,2329,1213,106,2024-12-30 07:30:53.372969
-0005,2319,1213,106,2024-12-30 07:30:53.388972
-0004,2326,1213,106,2024-12-30 07:30:53.404969
-0005,2337,1213,106,2024-12-30 07:30:53.420972
-0006,2349,1213,106,2024-12-30 07:30:53.436963
-0005,2351,1213,106,2024-12-30 07:30:53.452966
-0004,2321,1213,106,2024-12-30 07:30:53.484317
-0004,2331,1213,106,2024-12-30 07:30:53.500948
-0005,2346,1213,106,2024-12-30 07:30:53.516949
-0005,2348,1213,106,2024-12-30 07:30:53.532945
-0005,2322,1213,106,2024-12-30 07:30:53.548931
-0005,2333,1213,106,2024-12-30 07:30:53.564935
-0005,2327,1213,106,2024-12-30 07:30:53.580927
-0005,2341,1213,106,2024-12-30 07:30:53.596929
-0005,2333,1213,106,2024-12-30 07:30:53.612923
-0005,2319,1213,106,2024-12-30 07:30:53.628923
-0004,2330,1213,106,2024-12-30 07:30:53.660656
-0005,2321,1213,106,2024-12-30 07:30:53.676923
-0003,2326,1213,106,2024-12-30 07:30:53.692902
-0005,2333,1213,106,2024-12-30 07:30:53.708908
-0005,2341,1213,105,2024-12-30 07:30:53.724903
-0005,1998,1213,106,2024-12-30 07:30:53.740894
-0005,2285,1213,106,2024-12-30 07:30:53.756890
-0004,2325,1213,106,2024-12-30 07:30:53.772887
-0004,2336,1213,106,2024-12-30 07:30:53.788898
-0006,2324,1213,106,2024-12-30 07:30:53.820254
-0004,2326,1213,106,2024-12-30 07:30:53.836883
-0005,2334,1213,106,2024-12-30 07:30:53.852881
-0004,2340,1213,106,2024-12-30 07:30:53.868875
-0005,2327,1213,106,2024-12-30 07:30:53.884866
-0005,2321,1213,106,2024-12-30 07:30:53.900874
-0004,2328,1213,106,2024-12-30 07:30:53.916872
-0005,2347,1213,106,2024-12-30 07:30:53.932861
-0005,2328,1213,106,2024-12-30 07:30:53.948853
-0004,2328,1213,106,2024-12-30 07:30:53.964859
-0005,2327,1213,106,2024-12-30 07:30:53.996597
-0004,2328,1213,106,2024-12-30 07:30:54.012835
-0004,2333,1213,106,2024-12-30 07:30:54.028841
-0005,2319,1213,106,2024-12-30 07:30:54.044842
-0005,2329,1213,106,2024-12-30 07:30:54.060828
-0005,2345,1213,106,2024-12-30 07:30:54.076824
-0004,2334,1213,106,2024-12-30 07:30:54.092821
-0006,2338,1213,106,2024-12-30 07:30:54.108822
-0005,2329,1213,106,2024-12-30 07:30:54.124820
-0004,2322,1213,106,2024-12-30 07:30:54.156196
-0005,2349,1213,106,2024-12-30 07:30:54.172797
-0003,2331,1213,106,2024-12-30 07:30:54.188803
-0005,2327,1213,106,2024-12-30 07:30:54.204793
-0005,2348,1213,106,2024-12-30 07:30:54.220793
-0004,2329,1213,105,2024-12-30 07:30:54.236793
-0005,1983,1213,106,2024-12-30 07:30:54.252801
-0004,2275,1213,106,2024-12-30 07:30:54.268782
-0005,2326,1213,106,2024-12-30 07:30:54.284781
-0005,2329,1213,106,2024-12-30 07:30:54.300778
-0005,2344,1213,106,2024-12-30 07:30:54.332520
-0005,2327,1213,106,2024-12-30 07:30:54.348774
-0005,2349,1213,106,2024-12-30 07:30:54.364765
-0005,2319,1213,106,2024-12-30 07:30:54.380759
-0004,2332,1213,106,2024-12-30 07:30:54.396757
-0004,2329,1213,106,2024-12-30 07:30:54.412763
-0005,2317,1213,106,2024-12-30 07:30:54.428763
-0004,2325,1213,106,2024-12-30 07:30:54.444767
-0005,2347,1213,106,2024-12-30 07:30:54.460762
-0005,2319,1213,106,2024-12-30 07:30:54.492160
-0005,2333,1213,106,2024-12-30 07:30:54.508777
-0004,2322,1213,106,2024-12-30 07:30:54.524771
-0006,2344,1213,106,2024-12-30 07:30:54.540772
-0005,2345,1213,106,2024-12-30 07:30:54.556772
-0005,2341,1213,106,2024-12-30 07:30:54.572777
-0004,2323,1213,106,2024-12-30 07:30:54.588788
-0005,2346,1213,106,2024-12-30 07:30:54.604705
-0003,2328,1213,106,2024-12-30 07:30:54.620703
-0005,2340,1213,106,2024-12-30 07:30:54.636705
-0004,2318,1213,106,2024-12-30 07:30:54.668467
-0005,2344,1213,106,2024-12-30 07:30:54.684689
-0005,2345,1213,106,2024-12-30 07:30:54.700693
-0005,2331,1213,106,2024-12-30 07:30:54.716685
-0004,2328,1213,106,2024-12-30 07:30:54.732682
-0005,2341,1213,105,2024-12-30 07:30:54.748686
-0005,1982,1213,106,2024-12-30 07:30:54.764686
-0005,2285,1213,106,2024-12-30 07:30:54.780686
-0005,2321,1213,106,2024-12-30 07:30:54.796675
-0005,2322,1213,106,2024-12-30 07:30:54.828077
-0006,2330,1213,106,2024-12-30 07:30:54.844668
-0004,2323,1213,106,2024-12-30 07:30:54.860660
-0004,2322,1212,106,2024-12-30 07:30:54.876662
-0005,2337,1213,106,2024-12-30 07:30:54.892654
-0006,2350,1213,106,2024-12-30 07:30:54.908642
-0005,2324,1213,106,2024-12-30 07:30:54.924648
-0004,2328,1213,106,2024-12-30 07:30:54.940645
-0005,2332,1213,106,2024-12-30 07:30:54.956642
-0006,2345,1213,106,2024-12-30 07:30:54.972639
-0004,2328,1213,106,2024-12-30 07:30:55.004411
-0005,2336,1213,106,2024-12-30 07:30:55.020626
-0006,2335,1213,106,2024-12-30 07:30:55.036615
-0005,2330,1213,106,2024-12-30 07:30:55.052609
-0005,2328,1213,106,2024-12-30 07:30:55.068618
-0005,2336,1213,106,2024-12-30 07:30:55.084606
-0005,2333,1213,106,2024-12-30 07:30:55.100607
-0004,2329,1213,106,2024-12-30 07:30:55.116614
-0005,2323,1213,106,2024-12-30 07:30:55.132602
-0005,2318,1213,106,2024-12-30 07:30:55.163995
-0004,2321,1213,106,2024-12-30 07:30:55.180588
-0005,2346,1213,106,2024-12-30 07:30:55.196584
-0006,2338,1213,106,2024-12-30 07:30:55.212578
-0005,2320,1213,106,2024-12-30 07:30:55.228575
-0005,2321,1213,106,2024-12-30 07:30:55.244588
-0004,2327,1213,105,2024-12-30 07:30:55.260582
-0006,1988,1213,106,2024-12-30 07:30:55.276579
-0005,2280,1212,106,2024-12-30 07:30:55.292569
-0006,2331,1213,106,2024-12-30 07:30:55.308571
-0004,2326,1212,106,2024-12-30 07:30:55.340360
-0005,2334,1213,106,2024-12-30 07:30:55.356554
-0005,2329,1213,106,2024-12-30 07:30:55.372544
-0005,2319,1213,106,2024-12-30 07:30:55.388545
-0005,2340,1213,106,2024-12-30 07:30:55.404545
-0004,2317,1213,106,2024-12-30 07:30:55.420545
-0005,2327,1213,106,2024-12-30 07:30:55.436537
-0004,2331,1213,106,2024-12-30 07:30:55.452542
-0004,2325,1213,106,2024-12-30 07:30:55.468533
-0005,2331,1213,106,2024-12-30 07:30:55.499947
-0004,2320,1213,106,2024-12-30 07:30:55.516528
-0005,2343,1212,106,2024-12-30 07:30:55.532531
-0005,2321,1213,106,2024-12-30 07:30:55.548525
-0005,2329,1212,106,2024-12-30 07:30:55.564520
-0006,2349,1213,106,2024-12-30 07:30:55.580512
-0004,2331,1213,106,2024-12-30 07:30:55.596513
-0005,2330,1213,106,2024-12-30 07:30:55.612503
-0006,2340,1213,106,2024-12-30 07:30:55.628500
-0005,2336,1213,106,2024-12-30 07:30:55.644503
-0005,2330,1213,106,2024-12-30 07:30:55.676296
-0005,2328,1213,106,2024-12-30 07:30:55.692486
-0005,2321,1213,106,2024-12-30 07:30:55.708491
-0005,2328,1213,106,2024-12-30 07:30:55.724478
-0005,2321,1212,106,2024-12-30 07:30:55.740470
-0006,2349,1212,106,2024-12-30 07:30:55.756469
-0005,2335,1212,105,2024-12-30 07:30:55.772464
-0006,1982,1212,106,2024-12-30 07:30:55.788466
-0005,2276,1213,106,2024-12-30 07:30:55.804459
-0004,2323,1212,106,2024-12-30 07:30:55.835874
-0005,2326,1212,106,2024-12-30 07:30:55.852451
-0005,2336,1212,106,2024-12-30 07:30:55.868448
-0006,2322,1212,106,2024-12-30 07:30:55.884447
-0004,2329,1212,106,2024-12-30 07:30:55.900450
-0005,2327,1212,106,2024-12-30 07:30:55.916426
-0005,2316,1212,106,2024-12-30 07:30:55.932435
-0004,2322,1212,106,2024-12-30 07:30:55.948422
-0005,2340,1212,106,2024-12-30 07:30:55.964436
-0004,2324,1212,106,2024-12-30 07:30:55.980426
-0006,2345,1213,106,2024-12-30 07:30:56.012236
-0005,2317,1213,106,2024-12-30 07:30:56.028408
-0005,2326,1213,106,2024-12-30 07:30:56.044411
-0004,2315,1212,106,2024-12-30 07:30:56.060401
-0005,2340,1213,106,2024-12-30 07:30:56.076409
-0006,2337,1213,106,2024-12-30 07:30:56.092399
-0005,2327,1212,106,2024-12-30 07:30:56.108391
-0005,2333,1212,106,2024-12-30 07:30:56.124388
-0004,2325,1212,106,2024-12-30 07:30:56.140380
-0005,2322,1213,106,2024-12-30 07:30:56.171815
-0006,2317,1212,106,2024-12-30 07:30:56.188382
-0005,2327,1213,106,2024-12-30 07:30:56.204374
-0004,2313,1212,106,2024-12-30 07:30:56.220371
-0005,2317,1212,106,2024-12-30 07:30:56.236378
