DIST,AMP,TEMP,VOLT,Timestamp
00000,0465,1207,106,2024-12-30 08:51:53.374185
14750,0422,1207,106,2024-12-30 08:51:53.390708
47335,0000,1207,106,2024-12-30 08:51:53.406110
04538,0000,1207,106,2024-12-30 08:51:53.437938
18664,0000,1207,106,2024-12-30 08:51:53.454003
02268,0000,1207,106,2024-12-30 08:51:53.470173
17666,0000,1207,106,2024-12-30 08:51:53.486423
00529,0000,1207,106,2024-12-30 08:51:53.502106
03013,0000,1207,106,2024-12-30 08:51:53.518056
10617,0000,1207,106,2024-12-30 08:51:53.534007
03899,0000,1207,106,2024-12-30 08:51:53.549996
25736,0000,1207,106,2024-12-30 08:51:53.565993
15862,0000,1207,106,2024-12-30 08:51:53.597560
07825,0000,1207,106,2024-12-30 08:51:53.613975
13678,0000,1207,106,2024-12-30 08:51:53.629975
00632,0000,1207,106,2024-12-30 08:51:53.645961
22694,0000,1207,106,2024-12-30 08:51:53.661963
03531,0000,1207,106,2024-12-30 08:51:53.677967
33876,0000,1207,106,2024-12-30 08:51:53.693952
03845,0000,1207,106,2024-12-30 08:51:53.709957
01919,0000,1207,106,2024-12-30 08:51:53.725945
21086,0000,1207,106,2024-12-30 08:51:53.741957
02280,0000,1207,106,2024-12-30 08:51:53.773951
07121,0000,1207,106,2024-12-30 08:51:53.789942
05269,0000,1207,106,2024-12-30 08:51:53.805934
04152,0000,1207,106,2024-12-30 08:51:53.821938
41592,0000,1207,106,2024-12-30 08:51:53.837939
24591,0000,1207,106,2024-12-30 08:51:53.853925
24622,0000,1207,106,2024-12-30 08:51:53.869931
34738,0000,1207,106,2024-12-30 08:51:53.885949
04308,0000,1207,106,2024-12-30 08:51:53.901923
35124,0000,1207,106,2024-12-30 08:51:53.933582
00745,0000,1207,106,2024-12-30 08:51:53.949919
01702,0000,1207,106,2024-12-30 08:51:53.965924
22656,0000,1207,106,2024-12-30 08:51:53.981928
04801,0001,1207,106,2024-12-30 08:51:53.997925
00539,0000,1207,106,2024-12-30 08:51:54.013924
27205,0000,1207,106,2024-12-30 08:51:54.029923
05026,0000,1207,106,2024-12-30 08:51:54.045931
25323,0000,1207,106,2024-12-30 08:51:54.061929
01394,0000,1207,106,2024-12-30 08:51:54.093250
18394,0000,1207,106,2024-12-30 08:51:54.109936
01531,0001,1207,106,2024-12-30 08:51:54.125937
01403,0000,1207,106,2024-12-30 08:51:54.141943
01209,0000,1207,106,2024-12-30 08:51:54.157866
25979,0000,1207,106,2024-12-30 08:51:54.173864
36061,0000,1207,106,2024-12-30 08:51:54.189865
31692,0000,1207,106,2024-12-30 08:51:54.205856
05590,0000,1207,106,2024-12-30 08:51:54.221862
13090,0000,1207,106,2024-12-30 08:51:54.237876
04333,0000,1207,106,2024-12-30 08:51:54.269599
22520,0000,1207,106,2024-12-30 08:51:54.285846
49666,0000,1207,106,2024-12-30 08:51:54.301841
20866,0000,1207,106,2024-12-30 08:51:54.317842
21392,0000,1207,106,2024-12-30 08:51:54.333842
12525,0000,1207,106,2024-12-30 08:51:54.349823
38269,0000,1207,106,2024-12-30 08:51:54.365821
17215,0000,1207,106,2024-12-30 08:51:54.381828
05197,0000,1207,106,2024-12-30 08:51:54.397826
00629,0000,1207,106,2024-12-30 08:51:54.429235
18022,0000,1207,106,2024-12-30 08:51:54.445810
15168,0000,1207,106,2024-12-30 08:51:54.461816
03741,0001,1207,106,2024-12-30 08:51:54.477800
20504,0000,1207,106,2024-12-30 08:51:54.493811
04304,0000,1207,106,2024-12-30 08:51:54.509807
17276,0000,1207,106,2024-12-30 08:51:54.525809
54041,0001,1207,106,2024-12-30 08:51:54.541794
18246,0000,1207,106,2024-12-30 08:51:54.557801
00616,0000,1207,106,2024-12-30 08:51:54.573782
03332,0000,1207,106,2024-12-30 08:51:54.605639
25659,0000,1207,106,2024-12-30 08:51:54.621780
09996,0000,1207,106,2024-12-30 08:51:54.637780
03549,0000,1207,106,2024-12-30 08:51:54.653776
00958,0000,1207,106,2024-12-30 08:51:54.669764
01294,0000,1206,106,2024-12-30 08:51:54.685767
02270,0000,1207,106,2024-12-30 08:51:54.701759
04210,0000,1207,106,2024-12-30 08:51:54.717760
50087,0000,1206,106,2024-12-30 08:51:54.733762
12002,0001,1207,106,2024-12-30 08:51:54.765275
00499,0000,1207,106,2024-12-30 08:51:54.781743
03633,0000,1207,106,2024-12-30 08:51:54.797745
61897,0000,1207,106,2024-12-30 08:51:54.813736
16583,0000,1207,106,2024-12-30 08:51:54.829733
05446,0000,1207,106,2024-12-30 08:51:54.845741
01118,0000,1207,106,2024-12-30 08:51:54.861741
14045,0000,1207,106,2024-12-30 08:51:54.877725
19227,0000,1207,106,2024-12-30 08:51:54.893729
13737,0000,1207,106,2024-12-30 08:51:54.909717
15697,0000,1207,106,2024-12-30 08:51:54.941644
05074,0000,1207,106,2024-12-30 08:51:54.957717
05368,0000,1207,106,2024-12-30 08:51:54.973707
05387,0000,1207,106,2024-12-30 08:51:54.989714
15851,0000,1207,106,2024-12-30 08:51:55.005705
24568,0000,1206,106,2024-12-30 08:51:55.021708
00479,0000,1206,106,2024-12-30 08:51:55.037703
03696,0000,1207,106,2024-12-30 08:51:55.053701
05370,0000,1207,106,2024-12-30 08:51:55.069688
06878,0000,1207,106,2024-12-30 08:51:55.101281
06775,0000,1207,106,2024-12-30 08:51:55.117688
22406,0000,1207,106,2024-12-30 08:51:55.133689
55066,0000,1207,106,2024-12-30 08:51:55.149675
34575,0000,1207,106,2024-12-30 08:51:55.165682
03573,0000,1207,106,2024-12-30 08:51:55.181672
04559,0000,1206,106,2024-12-30 08:51:55.197674
27690,0000,1207,106,2024-12-30 08:51:55.213662
28330,0000,1207,106,2024-12-30 08:51:55.229668
04173,0000,1207,106,2024-12-30 08:51:55.245684
01315,0000,1207,106,2024-12-30 08:51:55.277652
01356,0000,1207,106,2024-12-30 08:51:55.293650
01408,0000,1207,106,2024-12-30 08:51:55.309644
02202,0000,1207,106,2024-12-30 08:51:55.325634
04984,0000,1207,106,2024-12-30 08:51:55.341639
00323,0000,1207,106,2024-12-30 08:51:55.357633
24208,0000,1207,106,2024-12-30 08:51:55.373631
08333,0000,1207,106,2024-12-30 08:51:55.389619
00302,0001,1207,106,2024-12-30 08:51:55.405629
20536,0000,1206,106,2024-12-30 08:51:55.437336
04361,0000,1207,106,2024-12-30 08:51:55.453613
02787,0000,1207,106,2024-12-30 08:51:55.469615
02545,0000,1207,106,2024-12-30 08:51:55.485603
02275,0000,1206,106,2024-12-30 08:51:55.501609
13875,0000,1206,106,2024-12-30 08:51:55.517608
30960,0000,1207,106,2024-12-30 08:51:55.533598
06199,0000,1207,106,2024-12-30 08:51:55.549596
02130,0000,1206,106,2024-12-30 08:51:55.565590
26155,0000,1206,106,2024-12-30 08:51:55.596972
17664,0000,1206,106,2024-12-30 08:51:55.613583
03259,0000,1207,106,2024-12-30 08:51:55.629585
02206,0000,1207,106,2024-12-30 08:51:55.645585
05902,0000,1206,106,2024-12-30 08:51:55.661569
12918,0000,1207,106,2024-12-30 08:51:55.677576
02996,0000,1207,106,2024-12-30 08:51:55.693566
53956,0000,1207,106,2024-12-30 08:51:55.709567
18268,0000,1207,106,2024-12-30 08:51:55.725561
45408,0000,1207,106,2024-12-30 08:51:55.741563
20000,0000,1206,106,2024-12-30 08:51:55.773360
02001,0000,1207,106,2024-12-30 08:51:55.789549
01008,0000,1207,106,2024-12-30 08:51:55.805556
01610,0000,1207,106,2024-12-30 08:51:55.821545
07685,0000,1206,106,2024-12-30 08:51:55.837550
38747,0000,1207,106,2024-12-30 08:51:55.853543
58595,0000,1206,106,2024-12-30 08:51:55.869550
30518,0000,1206,106,2024-12-30 08:51:55.885539
17687,0000,1206,106,2024-12-30 08:51:55.901542
12369,0000,1206,106,2024-12-30 08:51:55.932977
00447,0000,1206,106,2024-12-30 08:51:55.949519
50644,0000,1206,106,2024-12-30 08:51:55.965511
04544,0000,1207,106,2024-12-30 08:51:55.981520
18651,0000,1207,106,2024-12-30 08:51:55.997516
01903,0000,1206,106,2024-12-30 08:51:56.013518
18036,0000,1207,106,2024-12-30 08:51:56.029513
05152,0000,1207,106,2024-12-30 08:51:56.045516
05451,0001,1206,106,2024-12-30 08:51:56.061500
47343,0000,1207,106,2024-12-30 08:51:56.077500
02302,0000,1207,106,2024-12-30 08:51:56.109390
39402,0000,1206,106,2024-12-30 08:51:56.125496
22140,0000,1207,106,2024-12-30 08:51:56.141486
02773,0000,1206,106,2024-12-30 08:51:56.157480
34012,0000,1206,106,2024-12-30 08:51:56.173474
01332,0000,1207,106,2024-12-30 08:51:56.189475
05167,0000,1207,106,2024-12-30 08:51:56.205467
02815,0000,1206,106,2024-12-30 08:51:56.221465
01437,0000,1207,106,2024-12-30 08:51:56.237474
04499,0000,1207,106,2024-12-30 08:51:56.269016
24094,0000,1207,106,2024-12-30 08:51:56.285460
52489,0000,1206,106,2024-12-30 08:51:56.301564
03145,0000,1206,106,2024-12-30 08:51:56.317474
14719,0000,1206,106,2024-12-30 08:51:56.333537
18785,0000,1206,106,2024-12-30 08:51:56.349457
06437,0000,1206,106,2024-12-30 08:51:56.365447
24987,0000,1207,106,2024-12-30 08:51:56.381446
01392,0000,1206,106,2024-12-30 08:51:56.397438
03262,0000,1206,106,2024-12-30 08:51:56.413440
04800,0000,1207,106,2024-12-30 08:51:56.445398
02212,0000,1206,106,2024-12-30 08:51:56.461430
05479,0000,1206,106,2024-12-30 08:51:56.477415
25426,0000,1206,106,2024-12-30 08:51:56.493415
12527,0000,1206,106,2024-12-30 08:51:56.509410
04399,0000,1207,106,2024-12-30 08:51:56.525408
35604,0000,1207,106,2024-12-30 08:51:56.541404
23150,0000,1206,106,2024-12-30 08:51:56.557408
10811,0000,1206,106,2024-12-30 08:51:56.573405
29316,0000,1206,106,2024-12-30 08:51:56.605041
03432,0000,1207,106,2024-12-30 08:51:56.621398
26512,0000,1206,106,2024-12-30 08:51:56.637392
01037,0000,1206,106,2024-12-30 08:51:56.653391
05603,0001,1206,106,2024-12-30 08:51:56.669385
02848,0000,1206,106,2024-12-30 08:51:56.685383
01438,0000,1206,106,2024-12-30 08:51:56.701390
51595,0000,1207,106,2024-12-30 08:51:56.717385
36378,0000,1206,106,2024-12-30 08:51:56.733371
20575,0000,1207,106,2024-12-30 08:51:56.749378
29411,0000,1207,106,2024-12-30 08:51:56.781377
05094,0000,1207,106,2024-12-30 08:51:56.797362
01180,0000,1206,106,2024-12-30 08:51:56.813362
20581,0000,1206,106,2024-12-30 08:51:56.829358
51351,0001,1206,106,2024-12-30 08:51:56.845350
16028,0000,1207,106,2024-12-30 08:51:56.861350
09118,0000,1206,106,2024-12-30 08:51:56.877347
02211,0000,1206,106,2024-12-30 08:51:56.893355
03271,0000,1206,106,2024-12-30 08:51:56.909339
00508,0000,1207,106,2024-12-30 08:51:56.941070
13109,0000,1206,106,2024-12-30 08:51:56.957334
37039,0000,1206,106,2024-12-30 08:51:56.973327
01973,0001,1206,106,2024-12-30 08:51:56.989326
23432,0000,1207,106,2024-12-30 08:51:57.005314
29784,0000,1206,106,2024-12-30 08:51:57.021317
01462,0000,1207,106,2024-12-30 08:51:57.037304
46390,0000,1206,106,2024-12-30 08:51:57.053299
01170,0000,1206,106,2024-12-30 08:51:57.069295
00250,0000,1207,106,2024-12-30 08:51:57.100710
33245,0000,1206,106,2024-12-30 08:51:57.117306
33871,0001,1206,106,2024-12-30 08:51:57.133306
02932,0000,1207,106,2024-12-30 08:51:57.149308
03682,0000,1206,106,2024-12-30 08:51:57.165315
38462,0000,1206,106,2024-12-30 08:51:57.181315
25591,0000,1206,106,2024-12-30 08:51:57.197317
58508,0000,1206,106,2024-12-30 08:51:57.213314
44015,0000,1206,106,2024-12-30 08:51:57.229316
03261,0000,1206,106,2024-12-30 08:51:57.245332
31564,0000,1206,106,2024-12-30 08:51:57.277131
00703,0000,1207,106,2024-12-30 08:51:57.293259
01511,0000,1206,106,2024-12-30 08:51:57.309267
01320,0000,1206,106,2024-12-30 08:51:57.325250
05418,0000,1206,106,2024-12-30 08:51:57.341246
04792,0000,1206,106,2024-12-30 08:51:57.357242
11622,0000,1206,106,2024-12-30 08:51:57.373243
62489,0000,1206,106,2024-12-30 08:51:57.389237
55845,0000,1206,106,2024-12-30 08:51:57.405232
04015,0000,1206,106,2024-12-30 08:51:57.436733
22607,0001,1206,106,2024-12-30 08:51:57.453228
08678,0000,1206,106,2024-12-30 08:51:57.469232
05461,0000,1206,106,2024-12-30 08:51:57.485218
58139,0000,1206,106,2024-12-30 08:51:57.501219
05261,0000,1206,106,2024-12-30 08:51:57.517212
16457,0000,1207,106,2024-12-30 08:51:57.533218
20720,0000,1206,106,2024-12-30 08:51:57.549205
02896,0000,1206,106,2024-12-30 08:51:57.565205
04428,0000,1206,106,2024-12-30 08:51:57.581209
01444,0000,1207,106,2024-12-30 08:51:57.613129
01389,0000,1206,106,2024-12-30 08:51:57.629207
23662,0001,1206,106,2024-12-30 08:51:57.645194
02252,0000,1206,106,2024-12-30 08:51:57.661196
30520,0000,1206,106,2024-12-30 08:51:57.677187
05214,0000,1206,106,2024-12-30 08:51:57.693184
35219,0000,1206,106,2024-12-30 08:51:57.709178
47534,0000,1206,106,2024-12-30 08:51:57.725176
21636,0000,1206,106,2024-12-30 08:51:57.741173
03009,0000,1206,106,2024-12-30 08:51:57.772756
11396,0000,1206,106,2024-12-30 08:51:57.789169
03190,0000,1207,106,2024-12-30 08:51:57.805162
30173,0000,1206,106,2024-12-30 08:51:57.821163
03132,0000,1206,106,2024-12-30 08:51:57.837153
23974,0000,1206,106,2024-12-30 08:51:57.853157
27238,0000,1206,106,2024-12-30 08:51:57.869160
00271,0000,1206,106,2024-12-30 08:51:57.885138
27278,0000,1206,106,2024-12-30 08:51:57.901146
20184,0000,1206,106,2024-12-30 08:51:57.917130
04400,0000,1206,106,2024-12-30 08:51:57.949129
21125,0000,1206,106,2024-12-30 08:51:57.965132
24105,0000,1206,106,2024-12-30 08:51:57.981127
41846,0000,1206,106,2024-12-30 08:51:57.997133
02957,0000,1207,106,2024-12-30 08:51:58.013119
05028,0000,1206,106,2024-12-30 08:51:58.029128
05062,0000,1206,106,2024-12-30 08:51:58.045111
03914,0000,1206,106,2024-12-30 08:51:58.061099
02662,0000,1206,106,2024-12-30 08:51:58.077107
25370,0000,1206,106,2024-12-30 08:51:58.108780
04336,0000,1206,106,2024-12-30 08:51:58.125099
22464,0000,1206,106,2024-12-30 08:51:58.141090
10562,0000,1206,106,2024-12-30 08:51:58.157090
02202,0000,1206,106,2024-12-30 08:51:58.173090
52605,0000,1206,106,2024-12-30 08:51:58.189087
22171,0000,1206,106,2024-12-30 08:51:58.205083
18443,0000,1206,106,2024-12-30 08:51:58.221077
48366,0000,1206,106,2024-12-30 08:51:58.237083
29033,0000,1206,106,2024-12-30 08:51:58.268429
00698,0000,1206,106,2024-12-30 08:51:58.285077
31616,0000,1206,106,2024-12-30 08:51:58.301065
19812,0001,1206,106,2024-12-30 08:51:58.317066
39300,0000,1206,106,2024-12-30 08:51:58.333059
30144,0000,1206,106,2024-12-30 08:51:58.349070
03308,0000,1206,106,2024-12-30 08:51:58.365056
00594,0000,1206,106,2024-12-30 08:51:58.381057
03594,0000,1206,106,2024-12-30 08:51:58.397048
00587,0000,1206,106,2024-12-30 08:51:58.413048
02044,0000,1206,106,2024-12-30 08:51:58.444807
31559,0000,1206,106,2024-12-30 08:51:58.461029
41747,0000,1206,106,2024-12-30 08:51:58.477036
21021,0000,1206,106,2024-12-30 08:51:58.493088
44746,0000,1206,106,2024-12-30 08:51:58.509062
18837,0000,1206,106,2024-12-30 08:51:58.525024
04585,0001,1206,106,2024-12-30 08:51:58.541027
28714,0000,1206,106,2024-12-30 08:51:58.557019
20036,0001,1206,106,2024-12-30 08:51:58.573011
58201,0000,1206,106,2024-12-30 08:51:58.604438
20001,0000,1206,106,2024-12-30 08:51:58.621003
01371,0000,1206,106,2024-12-30 08:51:58.637001
30812,0000,1207,106,2024-12-30 08:51:58.653008
02932,0000,1206,106,2024-12-30 08:51:58.668988
23323,0000,1206,106,2024-12-30 08:51:58.684993
00460,0000,1206,106,2024-12-30 08:51:58.700982
03727,0000,1206,106,2024-12-30 08:51:58.716986
14805,0000,1206,106,2024-12-30 08:51:58.732975
29877,0000,1207,106,2024-12-30 08:51:58.748984
01426,0000,1206,106,2024-12-30 08:51:58.780853
18482,0000,1206,106,2024-12-30 08:51:58.796973
16138,0000,1206,106,2024-12-30 08:51:58.812959
03227,0000,1206,106,2024-12-30 08:51:58.828961
33168,0000,1206,106,2024-12-30 08:51:58.844952
36273,0000,1206,106,2024-12-30 08:51:58.860955
40981,0000,1206,106,2024-12-30 08:51:58.876948
00089,0000,1206,106,2024-12-30 08:51:58.892963
42404,0000,1206,106,2024-12-30 08:51:58.908947
00892,0000,1206,106,2024-12-30 08:51:58.940474
05260,0000,1207,106,2024-12-30 08:51:58.956940
04048,0000,1206,106,2024-12-30 08:51:58.972930
00422,0000,1206,106,2024-12-30 08:51:58.988950
02210,0000,1206,106,2024-12-30 08:51:59.004933
04435,0000,1206,106,2024-12-30 08:51:59.020929
39232,0000,1206,106,2024-12-30 08:51:59.036932
02760,0000,1206,106,2024-12-30 08:51:59.052910
05369,0000,1206,106,2024-12-30 08:51:59.068910
01751,0000,1206,106,2024-12-30 08:51:59.084906
02185,0000,1206,106,2024-12-30 08:51:59.116868
03103,0000,1206,106,2024-12-30 08:51:59.132902
02192,0000,1206,106,2024-12-30 08:51:59.148895
11153,0000,1206,106,2024-12-30 08:51:59.164901
02048,0000,1206,106,2024-12-30 08:51:59.180886
00853,0000,1206,106,2024-12-30 08:51:59.196908
20049,0000,1206,106,2024-12-30 08:51:59.212883
05430,0000,1207,106,2024-12-30 08:51:59.228885
20822,0000,1206,106,2024-12-30 08:51:59.244893
15606,0000,1206,106,2024-12-30 08:51:59.276496
40084,0000,1206,106,2024-12-30 08:51:59.292875
16895,0000,1206,106,2024-12-30 08:51:59.308883
32288,0000,1206,106,2024-12-30 08:51:59.324864
27777,0000,1206,106,2024-12-30 08:51:59.340863
02617,0000,1206,106,2024-12-30 08:51:59.356847
04826,0001,1206,106,2024-12-30 08:51:59.372851
39374,0000,1206,106,2024-12-30 08:51:59.388846
16385,0000,1206,106,2024-12-30 08:51:59.404863
48815,0000,1206,106,2024-12-30 08:51:59.420847
28860,0000,1206,106,2024-12-30 08:51:59.452828
01531,0000,1206,106,2024-12-30 08:51:59.468836
17457,0000,1206,106,2024-12-30 08:51:59.484821
03567,0000,1206,106,2024-12-30 08:51:59.500829
24247,0000,1207,106,2024-12-30 08:51:59.516836
01453,0000,1206,106,2024-12-30 08:51:59.532823
14431,0000,1206,106,2024-12-30 08:51:59.548827
04700,0000,1206,106,2024-12-30 08:51:59.564812
29983,0000,1206,106,2024-12-30 08:51:59.580805
49138,0000,1206,106,2024-12-30 08:51:59.612539
01559,0000,1206,106,2024-12-30 08:51:59.628800
05831,0000,1206,106,2024-12-30 08:51:59.644805
29795,0000,1206,106,2024-12-30 08:51:59.660796
00312,0000,1206,106,2024-12-30 08:51:59.676798
03862,0000,1206,106,2024-12-30 08:51:59.692795
24858,0000,1206,106,2024-12-30 08:51:59.708795
02661,0000,1207,106,2024-12-30 08:51:59.724809
02344,0001,1206,106,2024-12-30 08:51:59.740786
04340,0000,1206,106,2024-12-30 08:51:59.772164
04072,0000,1206,106,2024-12-30 08:51:59.788774
05351,0000,1207,106,2024-12-30 08:51:59.804770
36913,0000,1206,106,2024-12-30 08:51:59.820787
04876,0000,1206,106,2024-12-30 08:51:59.836757
03742,0000,1206,106,2024-12-30 08:51:59.852760
28255,0000,1206,106,2024-12-30 08:51:59.868758
18723,0000,1207,106,2024-12-30 08:51:59.884754
07648,0001,1206,106,2024-12-30 08:51:59.900740
24181,0000,1206,106,2024-12-30 08:51:59.916742
43191,0000,1206,106,2024-12-30 08:51:59.948542
07913,0000,1206,106,2024-12-30 08:51:59.964746
36189,0000,1206,106,2024-12-30 08:51:59.980733
01380,0000,1206,106,2024-12-30 08:51:59.996728
04593,0000,1206,106,2024-12-30 08:52:00.012729
00877,0000,1206,106,2024-12-30 08:52:00.028748
22488,0000,1206,106,2024-12-30 08:52:00.044723
16347,0000,1206,106,2024-12-30 08:52:00.060720
02223,0000,1206,106,2024-12-30 08:52:00.076719
21982,0000,1207,106,2024-12-30 08:52:00.108181
07649,0000,1206,106,2024-12-30 08:52:00.124702
35358,0000,1206,106,2024-12-30 08:52:00.140723
15593,0000,1206,106,2024-12-30 08:52:00.156700
00560,0000,1206,106,2024-12-30 08:52:00.172699
11556,0000,1206,106,2024-12-30 08:52:00.188687
20797,0000,1206,106,2024-12-30 08:52:00.204694
42325,0000,1206,106,2024-12-30 08:52:00.220698
19289,0000,1206,106,2024-12-30 08:52:00.236721
00483,0000,1206,106,2024-12-30 08:52:00.252794
05898,0000,1206,106,2024-12-30 08:52:00.284601
02818,0000,1206,106,2024-12-30 08:52:00.300716
16213,0001,1206,106,2024-12-30 08:52:00.316713
10674,0000,1207,106,2024-12-30 08:52:00.332708
40934,0000,1206,106,2024-12-30 08:52:00.348762
40761,0000,1206,106,2024-12-30 08:52:00.364715
27496,0000,1206,106,2024-12-30 08:52:00.380717
54092,0000,1206,106,2024-12-30 08:52:00.396720
18555,0000,1206,106,2024-12-30 08:52:00.412645
01156,0000,1206,106,2024-12-30 08:52:00.444202
02338,0001,1206,106,2024-12-30 08:52:00.460689
00897,0000,1206,106,2024-12-30 08:52:00.476636
07551,0000,1206,106,2024-12-30 08:52:00.492642
04881,0000,1206,106,2024-12-30 08:52:00.508627
11018,0000,1206,106,2024-12-30 08:52:00.524627
29789,0000,1207,106,2024-12-30 08:52:00.540623
10737,0000,1207,106,2024-12-30 08:52:00.556643
03917,0000,1206,106,2024-12-30 08:52:00.572621
01211,0000,1206,106,2024-12-30 08:52:00.588625
01895,0000,1207,106,2024-12-30 08:52:00.620606
40279,0000,1207,106,2024-12-30 08:52:00.636611
06882,0000,1207,106,2024-12-30 08:52:00.652596
23411,0000,1207,106,2024-12-30 08:52:00.668614
01801,0000,1206,106,2024-12-30 08:52:00.684598
28556,0000,1206,106,2024-12-30 08:52:00.700596
24657,0000,1206,106,2024-12-30 08:52:00.716592
01867,0000,1206,106,2024-12-30 08:52:00.732600
25783,0000,1206,106,2024-12-30 08:52:00.748590
25150,0000,1206,106,2024-12-30 08:52:00.780242
01541,0000,1206,106,2024-12-30 08:52:00.796568
05973,0000,1206,106,2024-12-30 08:52:00.812576
09958,0000,1206,106,2024-12-30 08:52:00.828562
02357,0000,1206,106,2024-12-30 08:52:00.844565
14473,0000,1206,106,2024-12-30 08:52:00.860554
22533,0001,1206,106,2024-12-30 08:52:00.876579
23828,0000,1207,106,2024-12-30 08:52:00.892548
17785,0001,1206,106,2024-12-30 08:52:00.908554
32362,0000,1207,106,2024-12-30 08:52:00.939878
01852,0000,1206,106,2024-12-30 08:52:00.956538
13365,0000,1206,106,2024-12-30 08:52:00.972557
16555,0000,1206,106,2024-12-30 08:52:00.988541
40092,0001,1206,106,2024-12-30 08:52:01.004526
20186,0000,1206,106,2024-12-30 08:52:01.020530
34629,0000,1206,106,2024-12-30 08:52:01.036523
03021,0000,1206,106,2024-12-30 08:52:01.052517
04631,0000,1206,106,2024-12-30 08:52:01.068518
06114,0000,1207,106,2024-12-30 08:52:01.084527
03855,0000,1206,106,2024-12-30 08:52:01.116266
50535,0000,1207,106,2024-12-30 08:52:01.132507
05373,0000,1206,106,2024-12-30 08:52:01.148507
04588,0000,1206,106,2024-12-30 08:52:01.164500
19705,0000,1206,106,2024-12-30 08:52:01.180521
03734,0000,1206,106,2024-12-30 08:52:01.196496
02075,0000,1206,106,2024-12-30 08:52:01.212499
04498,0000,1206,106,2024-12-30 08:52:01.228488
00590,0000,1207,106,2024-12-30 08:52:01.244504
00725,0000,1206,106,2024-12-30 08:52:01.275902
30977,0000,1207,106,2024-12-30 08:52:01.292495
61674,0000,1206,106,2024-12-30 08:52:01.308493
05114,0000,1206,106,2024-12-30 08:52:01.324475
03365,0000,1206,106,2024-12-30 08:52:01.340477
04591,0001,1206,106,2024-12-30 08:52:01.356461
19408,0000,1207,106,2024-12-30 08:52:01.372464
04622,0000,1206,106,2024-12-30 08:52:01.388488
00667,0000,1206,106,2024-12-30 08:52:01.404451
04842,0000,1206,106,2024-12-30 08:52:01.420449
28692,0000,1206,106,2024-12-30 08:52:01.452310
03823,0000,1206,106,2024-12-30 08:52:01.468438
10515,0000,1207,106,2024-12-30 08:52:01.484443
04417,0000,1206,106,2024-12-30 08:52:01.500453
03040,0000,1206,106,2024-12-30 08:52:01.516445
02794,0000,1206,106,2024-12-30 08:52:01.532424
05440,0000,1207,106,2024-12-30 08:52:01.548416
05249,0000,1206,106,2024-12-30 08:52:01.564422
01288,0000,1206,106,2024-12-30 08:52:01.580423
04666,0001,1206,106,2024-12-30 08:52:01.611917
16927,0000,1206,106,2024-12-30 08:52:01.628416
02938,0000,1206,106,2024-12-30 08:52:01.644401
60186,0000,1206,106,2024-12-30 08:52:01.660408
04388,0000,1207,106,2024-12-30 08:52:01.676399
29106,0000,1206,106,2024-12-30 08:52:01.692398
02053,0000,1206,106,2024-12-30 08:52:01.708404
10673,0000,1206,106,2024-12-30 08:52:01.724397
03243,0001,1207,106,2024-12-30 08:52:01.740401
30116,0000,1206,106,2024-12-30 08:52:01.756389
41023,0000,1207,106,2024-12-30 08:52:01.788318
03481,0000,1206,106,2024-12-30 08:52:01.804391
60772,0000,1206,106,2024-12-30 08:52:01.820374
04552,0000,1207,106,2024-12-30 08:52:01.836378
28354,0000,1207,106,2024-12-30 08:52:01.852370
00633,0001,1206,106,2024-12-30 08:52:01.868373
03725,0000,1206,106,2024-12-30 08:52:01.884362
22040,0000,1206,106,2024-12-30 08:52:01.900364
20870,0000,1207,106,2024-12-30 08:52:01.916369
19054,0000,1207,106,2024-12-30 08:52:01.947958
04560,0000,1206,106,2024-12-30 08:52:01.964350
05466,0000,1207,106,2024-12-30 08:52:01.980344
00953,0000,1206,106,2024-12-30 08:52:01.996341
09438,0000,1206,106,2024-12-30 08:52:02.012347
00927,0000,1207,106,2024-12-30 08:52:02.028339
20991,0001,1206,106,2024-12-30 08:52:02.044326
03667,0000,1206,106,2024-12-30 08:52:02.060328
04547,0000,1206,106,2024-12-30 08:52:02.076323
04515,0000,1207,106,2024-12-30 08:52:02.092311
26529,0000,1207,106,2024-12-30 08:52:02.124642
04230,0000,1206,106,2024-12-30 08:52:02.140414
12314,0000,1206,106,2024-12-30 08:52:02.156320
00429,0000,1206,106,2024-12-30 08:52:02.172319
21765,0000,1207,106,2024-12-30 08:52:02.188302
22465,0000,1207,106,2024-12-30 08:52:02.204291
03652,0000,1207,106,2024-12-30 08:52:02.220297
04216,0000,1206,106,2024-12-30 08:52:02.236293
01380,0000,1207,106,2024-12-30 08:52:02.252308
43209,0000,1206,106,2024-12-30 08:52:02.283984
01563,0000,1207,106,2024-12-30 08:52:02.300284
48950,0000,1206,106,2024-12-30 08:52:02.316278
03498,0000,1207,106,2024-12-30 08:52:02.332278
25676,0000,1207,106,2024-12-30 08:52:02.348275
04412,0000,1207,106,2024-12-30 08:52:02.364261
02659,0000,1206,106,2024-12-30 08:52:02.380265
24254,0000,1206,106,2024-12-30 08:52:02.396255
02067,0000,1206,106,2024-12-30 08:52:02.412258
15707,0000,1207,106,2024-12-30 08:52:02.443618
24946,0000,1207,106,2024-12-30 08:52:02.460248
03730,0000,1207,106,2024-12-30 08:52:02.476246
22382,0001,1206,106,2024-12-30 08:52:02.492238
19740,0000,1207,106,2024-12-30 08:52:02.508234
09051,0000,1206,106,2024-12-30 08:52:02.524238
04445,0000,1206,106,2024-12-30 08:52:02.540233
00696,0000,1207,106,2024-12-30 08:52:02.556233
02667,0000,1207,106,2024-12-30 08:52:02.572222
04313,0000,1207,106,2024-12-30 08:52:02.588224
04238,0000,1207,106,2024-12-30 08:52:02.620005
04197,0000,1207,106,2024-12-30 08:52:02.636213
11288,0000,1207,106,2024-12-30 08:52:02.652206
05417,0000,1206,106,2024-12-30 08:52:02.668208
26352,0000,1206,106,2024-12-30 08:52:02.684208
03063,0000,1207,106,2024-12-30 08:52:02.700192
11949,0000,1206,106,2024-12-30 08:52:02.716199
04592,0000,1207,106,2024-12-30 08:52:02.732193
26333,0001,1206,106,2024-12-30 08:52:02.748190
00634,0000,1206,106,2024-12-30 08:52:02.779633
10630,0000,1207,106,2024-12-30 08:52:02.796186
63617,0000,1207,106,2024-12-30 08:52:02.812164
05376,0000,1206,106,2024-12-30 08:52:02.828169
24841,0000,1207,106,2024-12-30 08:52:02.844167
27958,0001,1207,106,2024-12-30 08:52:02.860168
06408,0000,1207,106,2024-12-30 08:52:02.876160
00701,0000,1207,106,2024-12-30 08:52:02.892164
13572,0000,1207,106,2024-12-30 08:52:02.908154
05026,0000,1207,106,2024-12-30 08:52:02.924161
04495,0000,1207,106,2024-12-30 08:52:02.956036
00270,0000,1207,106,2024-12-30 08:52:02.972141
03695,0000,1206,106,2024-12-30 08:52:02.988139
00460,0000,1206,106,2024-12-30 08:52:03.004133
00647,0000,1206,106,2024-12-30 08:52:03.020134
03671,0000,1207,106,2024-12-30 08:52:03.036131
05008,0000,1207,106,2024-12-30 08:52:03.052126
44947,0001,1207,106,2024-12-30 08:52:03.068134
00010,0000,1207,106,2024-12-30 08:52:03.084127
25443,0000,1207,106,2024-12-30 08:52:03.115675
04518,0000,1207,106,2024-12-30 08:52:03.132116
33670,0001,1206,106,2024-12-30 08:52:03.148105
02541,0000,1207,106,2024-12-30 08:52:03.164113
02191,0000,1206,106,2024-12-30 08:52:03.180103
43820,0000,1207,106,2024-12-30 08:52:03.196100
50522,0000,1207,106,2024-12-30 08:52:03.212096
36045,0000,1207,106,2024-12-30 08:52:03.228094
14541,0000,1207,106,2024-12-30 08:52:03.244104
13886,0000,1207,106,2024-12-30 08:52:03.260099
45466,0000,1206,106,2024-12-30 08:52:03.292090
49710,0000,1207,106,2024-12-30 08:52:03.308078
17985,0000,1207,106,2024-12-30 08:52:03.324084
02010,0000,1207,106,2024-12-30 08:52:03.340082
13935,0000,1207,106,2024-12-30 08:52:03.356087
19927,0000,1207,106,2024-12-30 08:52:03.372082
12362,0000,1206,106,2024-12-30 08:52:03.388078
34468,0000,1207,106,2024-12-30 08:52:03.404085
00598,0000,1207,106,2024-12-30 08:52:03.420081
22833,0000,1207,106,2024-12-30 08:52:03.451722
20835,0000,1207,106,2024-12-30 08:52:03.468102
13289,0000,1207,106,2024-12-30 08:52:03.484090
11968,0000,1207,106,2024-12-30 08:52:03.500095
03756,0000,1207,106,2024-12-30 08:52:03.516093
04620,0000,1207,106,2024-12-30 08:52:03.532102
01437,0000,1206,106,2024-12-30 08:52:03.548025
01987,0000,1207,106,2024-12-30 08:52:03.564026
16356,0000,1207,106,2024-12-30 08:52:03.580023
04724,0000,1207,106,2024-12-30 08:52:03.611339
39367,0000,1207,106,2024-12-30 08:52:03.628012
28415,0000,1207,106,2024-12-30 08:52:03.644011
17207,0000,1207,106,2024-12-30 08:52:03.660006
24018,0000,1207,106,2024-12-30 08:52:03.676004
04606,0000,1207,106,2024-12-30 08:52:03.692003
03659,0000,1207,106,2024-12-30 08:52:03.708000
03336,0000,1207,106,2024-12-30 08:52:03.724003
03431,0000,1207,106,2024-12-30 08:52:03.739998
16442,0000,1206,106,2024-12-30 08:52:03.755986
09852,0000,1207,106,2024-12-30 08:52:03.787721
05206,0000,1207,106,2024-12-30 08:52:03.803977
21464,0000,1206,106,2024-12-30 08:52:03.819976
06639,0000,1207,106,2024-12-30 08:52:03.835981
43824,0000,1207,106,2024-12-30 08:52:03.851978
03043,0000,1207,106,2024-12-30 08:52:03.867969
02289,0000,1207,106,2024-12-30 08:52:03.883963
19275,0000,1207,106,2024-12-30 08:52:03.899958
00457,0001,1207,106,2024-12-30 08:52:03.915960
06055,0000,1207,106,2024-12-30 08:52:03.947360
03825,0000,1207,106,2024-12-30 08:52:03.963941
48821,0000,1207,106,2024-12-30 08:52:03.979950
05211,0000,1207,106,2024-12-30 08:52:03.995937
03341,0000,1207,106,2024-12-30 08:52:04.011943
65037,0000,1207,106,2024-12-30 08:52:04.027936
04092,0000,1207,106,2024-12-30 08:52:04.043935
04346,0000,1207,106,2024-12-30 08:52:04.059933
24689,0000,1207,106,2024-12-30 08:52:04.075932
52290,0000,1207,106,2024-12-30 08:52:04.091925
02994,0000,1207,106,2024-12-30 08:52:04.123745
28178,0000,1207,106,2024-12-30 08:52:04.139908
03392,0000,1207,106,2024-12-30 08:52:04.155906
10531,0000,1207,106,2024-12-30 08:52:04.171899
02153,0000,1207,106,2024-12-30 08:52:04.187911
00429,0000,1207,106,2024-12-30 08:52:04.203895
23072,0000,1207,106,2024-12-30 08:52:04.219898
04282,0000,1207,106,2024-12-30 08:52:04.235900
55725,0000,1207,106,2024-12-30 08:52:04.251920
03768,0000,1206,106,2024-12-30 08:52:04.283401
01629,0000,1207,106,2024-12-30 08:52:04.299891
02514,0000,1207,106,2024-12-30 08:52:04.315876
08688,0000,1207,106,2024-12-30 08:52:04.331884
29388,0000,1207,106,2024-12-30 08:52:04.347874
31859,0000,1207,106,2024-12-30 08:52:04.363866
01735,0000,1207,106,2024-12-30 08:52:04.379869
40912,0001,1206,106,2024-12-30 08:52:04.395859
01440,0000,1207,106,2024-12-30 08:52:04.411862
49120,0000,1207,106,2024-12-30 08:52:04.427860
24059,0001,1207,106,2024-12-30 08:52:04.459778
03410,0000,1207,106,2024-12-30 08:52:04.475848
18013,0000,1207,106,2024-12-30 08:52:04.491844
04045,0000,1207,106,2024-12-30 08:52:04.507848
03814,0000,1207,106,2024-12-30 08:52:04.523848
04867,0000,1207,106,2024-12-30 08:52:04.539841
20123,0000,1207,106,2024-12-30 08:52:04.555832
10293,0000,1207,106,2024-12-30 08:52:04.571839
01534,0000,1207,106,2024-12-30 08:52:04.587835
05429,0000,1207,106,2024-12-30 08:52:04.619416
09127,0000,1207,106,2024-12-30 08:52:04.635824
03762,0000,1207,106,2024-12-30 08:52:04.651813
15283,0000,1207,106,2024-12-30 08:52:04.667815
27942,0000,1207,106,2024-12-30 08:52:04.683803
44743,0000,1207,106,2024-12-30 08:52:04.699805
21897,0000,1207,106,2024-12-30 08:52:04.715794
01436,0000,1207,106,2024-12-30 08:52:04.731796
26286,0000,1207,106,2024-12-30 08:52:04.747798
02244,0000,1207,106,2024-12-30 08:52:04.763799
04275,0000,1207,106,2024-12-30 08:52:04.795784
12092,0000,1207,106,2024-12-30 08:52:04.811779
04188,0000,1207,106,2024-12-30 08:52:04.827780
16904,0000,1207,106,2024-12-30 08:52:04.843776
02864,0001,1207,106,2024-12-30 08:52:04.859777
11757,0000,1207,106,2024-12-30 08:52:04.875770
03973,0000,1207,106,2024-12-30 08:52:04.891771
55887,0000,1207,106,2024-12-30 08:52:04.907781
31803,0000,1207,106,2024-12-30 08:52:04.923756
20674,0000,1207,106,2024-12-30 08:52:04.955458
05272,0000,1207,106,2024-12-30 08:52:04.971758
02934,0000,1207,106,2024-12-30 08:52:04.987750
47220,0000,1207,106,2024-12-30 08:52:05.003746
01254,0000,1207,106,2024-12-30 08:52:05.019739
15572,0000,1207,106,2024-12-30 08:52:05.035747
50125,0000,1207,106,2024-12-30 08:52:05.051731
46413,0000,1207,106,2024-12-30 08:52:05.067736
01319,0000,1207,106,2024-12-30 08:52:05.083726
02238,0000,1207,106,2024-12-30 08:52:05.115075
05190,0000,1207,106,2024-12-30 08:52:05.131727
10164,0000,1207,106,2024-12-30 08:52:05.147716
01323,0000,1207,106,2024-12-30 08:52:05.163722
09987,0000,1207,106,2024-12-30 08:52:05.179710
00037,0000,1207,106,2024-12-30 08:52:05.195714
39897,0000,1207,106,2024-12-30 08:52:05.211714
36725,0000,1208,106,2024-12-30 08:52:05.227709
04042,0000,1207,106,2024-12-30 08:52:05.243711
35600,0000,1207,106,2024-12-30 08:52:05.259692
23347,0000,1207,106,2024-12-30 08:52:05.291466
63446,0000,1207,106,2024-12-30 08:52:05.307714
03240,0000,1207,106,2024-12-30 08:52:05.323680
01360,0000,1207,106,2024-12-30 08:52:05.339683
03729,0000,1207,106,2024-12-30 08:52:05.355675
25669,0000,1207,106,2024-12-30 08:52:05.371676
02143,0000,1207,106,2024-12-30 08:52:05.387670
06417,0000,1207,106,2024-12-30 08:52:05.403666
19369,0000,1207,106,2024-12-30 08:52:05.419669
30864,0000,1207,106,2024-12-30 08:52:05.451099
32851,0000,1207,106,2024-12-30 08:52:05.467660
20517,0000,1207,106,2024-12-30 08:52:05.483648
27510,0000,1207,106,2024-12-30 08:52:05.499649
35553,0000,1207,106,2024-12-30 08:52:05.515659
19253,0000,1207,106,2024-12-30 08:52:05.531636
44747,0000,1207,106,2024-12-30 08:52:05.547641
23051,0000,1207,106,2024-12-30 08:52:05.563636
01149,0000,1207,106,2024-12-30 08:52:05.579638
37817,0000,1207,106,2024-12-30 08:52:05.595626
18784,0000,1207,106,2024-12-30 08:52:05.627495
02265,0000,1207,106,2024-12-30 08:52:05.643624
10105,0000,1207,106,2024-12-30 08:52:05.659611
02259,0000,1207,106,2024-12-30 08:52:05.675620
15265,0000,1207,106,2024-12-30 08:52:05.691621
30792,0000,1207,106,2024-12-30 08:52:05.707603
48299,0000,1207,106,2024-12-30 08:52:05.723604
54724,0000,1207,106,2024-12-30 08:52:05.739608
48029,0000,1207,106,2024-12-30 08:52:05.755608
29326,0000,1207,106,2024-12-30 08:52:05.787148
02926,0000,1207,106,2024-12-30 08:52:05.803595
15381,0000,1207,106,2024-12-30 08:52:05.819592
48370,0000,1207,106,2024-12-30 08:52:05.835583
01440,0000,1207,106,2024-12-30 08:52:05.851588
24041,0000,1207,106,2024-12-30 08:52:05.867580
00761,0000,1207,106,2024-12-30 08:52:05.883580
00413,0000,1207,106,2024-12-30 08:52:05.899572
05152,0000,1207,106,2024-12-30 08:52:05.915578
57715,0000,1207,106,2024-12-30 08:52:05.931573
27433,0001,1207,106,2024-12-30 08:52:05.963522
12592,0000,1208,106,2024-12-30 08:52:05.979567
15936,0000,1207,106,2024-12-30 08:52:05.995557
03516,0000,1207,106,2024-12-30 08:52:06.011548
36784,0000,1207,106,2024-12-30 08:52:06.027547
01543,0000,1207,106,2024-12-30 08:52:06.043544
03652,0000,1207,106,2024-12-30 08:52:06.059537
02208,0000,1207,106,2024-12-30 08:52:06.075545
01437,0000,1207,106,2024-12-30 08:52:06.091544
16763,0000,1207,106,2024-12-30 08:52:06.123158
28351,0000,1207,106,2024-12-30 08:52:06.139518
28857,0000,1207,106,2024-12-30 08:52:06.155525
05934,0000,1207,106,2024-12-30 08:52:06.171533
25134,0000,1207,106,2024-12-30 08:52:06.187531
03568,0000,1207,106,2024-12-30 08:52:06.203516
49030,0000,1207,106,2024-12-30 08:52:06.219518
24423,0000,1207,106,2024-12-30 08:52:06.235501
00475,0000,1207,106,2024-12-30 08:52:06.251524
62650,0000,1207,106,2024-12-30 08:52:06.267497
02245,0001,1207,106,2024-12-30 08:52:06.299502
17932,0000,1207,106,2024-12-30 08:52:06.315501
01780,0000,1207,106,2024-12-30 08:52:06.331489
17311,0000,1207,106,2024-12-30 08:52:06.347490
02017,0000,1207,106,2024-12-30 08:52:06.363486
16895,0000,1207,106,2024-12-30 08:52:06.379480
57615,0000,1207,106,2024-12-30 08:52:06.395478
05411,0000,1207,106,2024-12-30 08:52:06.411469
03789,0000,1207,106,2024-12-30 08:52:06.427471
02163,0000,1207,106,2024-12-30 08:52:06.459182
48303,0000,1207,106,2024-12-30 08:52:06.475469
31371,0000,1207,106,2024-12-30 08:52:06.491470
05944,0001,1207,106,2024-12-30 08:52:06.507471
10116,0000,1207,106,2024-12-30 08:52:06.523475
03275,0000,1207,106,2024-12-30 08:52:06.539473
36997,0000,1207,106,2024-12-30 08:52:06.555479
05111,0000,1207,106,2024-12-30 08:52:06.571478
17022,0000,1207,106,2024-12-30 08:52:06.587481
02329,0000,1207,106,2024-12-30 08:52:06.618854
00546,0000,1207,106,2024-12-30 08:52:06.635486
26442,0000,1207,106,2024-12-30 08:52:06.651495
49808,0000,1207,106,2024-12-30 08:52:06.667488
31792,0000,1208,106,2024-12-30 08:52:06.683418
03668,0000,1207,106,2024-12-30 08:52:06.699420
02746,0000,1207,106,2024-12-30 08:52:06.715420
04262,0000,1207,106,2024-12-30 08:52:06.731427
29955,0000,1208,106,2024-12-30 08:52:06.747424
12353,0000,1208,106,2024-12-30 08:52:06.763405
13879,0000,1207,106,2024-12-30 08:52:06.795213
17779,0000,1207,106,2024-12-30 08:52:06.811398
00767,0000,1208,106,2024-12-30 08:52:06.827401
18163,0000,1207,106,2024-12-30 08:52:06.843393
02343,0000,1208,106,2024-12-30 08:52:06.859389
42407,0000,1207,106,2024-12-30 08:52:06.875389
04537,0000,1207,106,2024-12-30 08:52:06.891382
03018,0000,1208,106,2024-12-30 08:52:06.907379
05751,0000,1208,106,2024-12-30 08:52:06.923371
02744,0000,1207,106,2024-12-30 08:52:06.954859
25630,0000,1208,106,2024-12-30 08:52:06.971360
05296,0001,1208,106,2024-12-30 08:52:06.987367
28959,0000,1208,106,2024-12-30 08:52:07.003358
02161,0000,1207,106,2024-12-30 08:52:07.019359
00785,0000,1207,106,2024-12-30 08:52:07.035632
21501,0000,1208,106,2024-12-30 08:52:07.051370
05123,0000,1207,106,2024-12-30 08:52:07.067346
34769,0000,1207,106,2024-12-30 08:52:07.083351
07805,0000,1208,106,2024-12-30 08:52:07.099338
54137,0000,1207,106,2024-12-30 08:52:07.131231
01142,0000,1208,106,2024-12-30 08:52:07.147339
03073,0000,1207,106,2024-12-30 08:52:07.163326
19843,0000,1207,106,2024-12-30 08:52:07.179327
04012,0000,1207,106,2024-12-30 08:52:07.195322
38007,0000,1207,106,2024-12-30 08:52:07.211322
49031,0000,1207,106,2024-12-30 08:52:07.227308
01356,0000,1208,106,2024-12-30 08:52:07.243330
27406,0000,1208,106,2024-12-30 08:52:07.259328
01461,0000,1208,106,2024-12-30 08:52:07.290866
04655,0000,1207,106,2024-12-30 08:52:07.307297
09594,0000,1207,106,2024-12-30 08:52:07.323303
21628,0000,1208,106,2024-12-30 08:52:07.339290
01275,0000,1207,106,2024-12-30 08:52:07.355282
04267,0000,1208,106,2024-12-30 08:52:07.371289
11544,0000,1208,106,2024-12-30 08:52:07.387287
31409,0000,1208,106,2024-12-30 08:52:07.403282
01507,0000,1208,106,2024-12-30 08:52:07.419272
00633,0000,1208,106,2024-12-30 08:52:07.435268
25533,0000,1208,106,2024-12-30 08:52:07.467242
48911,0000,1208,106,2024-12-30 08:52:07.483268
04326,0000,1208,106,2024-12-30 08:52:07.499257
16926,0000,1208,106,2024-12-30 08:52:07.515260
04458,0000,1208,106,2024-12-30 08:52:07.531255
01389,0000,1207,106,2024-12-30 08:52:07.547244
27727,0000,1208,106,2024-12-30 08:52:07.563241
03096,0000,1208,106,2024-12-30 08:52:07.579246
39330,0000,1208,106,2024-12-30 08:52:07.595239
03952,0000,1207,106,2024-12-30 08:52:07.626903
09766,0000,1208,106,2024-12-30 08:52:07.643237
18731,0000,1207,106,2024-12-30 08:52:07.659245
04379,0000,1208,106,2024-12-30 08:52:07.675224
04348,0000,1207,106,2024-12-30 08:52:07.691220
25589,0000,1207,106,2024-12-30 08:52:07.707213
35343,0000,1208,106,2024-12-30 08:52:07.723214
58290,0000,1208,106,2024-12-30 08:52:07.739217
31046,0001,1207,106,2024-12-30 08:52:07.755208
06563,0000,1208,106,2024-12-30 08:52:07.786535
00577,0000,1208,106,2024-12-30 08:52:07.803198
03586,0000,1208,106,2024-12-30 08:52:07.819193
04572,0000,1208,106,2024-12-30 08:52:07.835196
06087,0000,1207,106,2024-12-30 08:52:07.851192
01989,0000,1208,106,2024-12-30 08:52:07.867189
01474,0000,1208,106,2024-12-30 08:52:07.883178
00870,0000,1207,106,2024-12-30 08:52:07.899186
52367,0000,1208,106,2024-12-30 08:52:07.915177
49176,0000,1207,106,2024-12-30 08:52:07.931177
27201,0000,1208,106,2024-12-30 08:52:07.962924
04737,0000,1208,106,2024-12-30 08:52:07.979166
04647,0000,1207,106,2024-12-30 08:52:07.995166
05415,0000,1208,106,2024-12-30 08:52:08.011161
06903,0000,1208,106,2024-12-30 08:52:08.027164
26647,0000,1208,106,2024-12-30 08:52:08.043161
45535,0000,1208,106,2024-12-30 08:52:08.059144
03607,0000,1208,106,2024-12-30 08:52:08.075149
03707,0000,1208,106,2024-12-30 08:52:08.091150
01052,0000,1208,106,2024-12-30 08:52:08.122577
03892,0000,1208,106,2024-12-30 08:52:08.139140
28989,0000,1208,106,2024-12-30 08:52:08.155171
08655,0000,1208,106,2024-12-30 08:52:08.171137
55041,0000,1208,106,2024-12-30 08:52:08.187127
37748,0000,1208,106,2024-12-30 08:52:08.203124
44764,0000,1208,106,2024-12-30 08:52:08.219130
13953,0000,1208,106,2024-12-30 08:52:08.235127
00491,0000,1208,106,2024-12-30 08:52:08.251136
05774,0000,1208,106,2024-12-30 08:52:08.267119
30218,0000,1208,106,2024-12-30 08:52:08.298960
54978,0000,1208,106,2024-12-30 08:52:08.315123
02249,0000,1208,106,2024-12-30 08:52:08.331107
16478,0000,1208,106,2024-12-30 08:52:08.347108
16140,0000,1208,106,2024-12-30 08:52:08.363108
00117,0000,1208,106,2024-12-30 08:52:08.379102
02939,0000,1207,106,2024-12-30 08:52:08.395098
00339,0000,1208,106,2024-12-30 08:52:08.411094
38525,0000,1208,106,2024-12-30 08:52:08.427097
56725,0000,1208,106,2024-12-30 08:52:08.458592
24860,0000,1208,106,2024-12-30 08:52:08.475086
55959,0000,1208,106,2024-12-30 08:52:08.491069
-0008,0000,1208,106,2024-12-30 08:52:08.507079
03930,0000,1208,106,2024-12-30 08:52:08.523072
36302,0000,1208,106,2024-12-30 08:52:08.539072
17657,0000,1208,106,2024-12-30 08:52:08.555070
17879,0000,1208,106,2024-12-30 08:52:08.571072
12585,0000,1208,106,2024-12-30 08:52:08.587057
05112,0000,1208,106,2024-12-30 08:52:08.603059
02342,0000,1208,106,2024-12-30 08:52:08.634998
42323,0001,1208,106,2024-12-30 08:52:08.651044
05289,0000,1208,106,2024-12-30 08:52:08.667047
04164,0000,1208,106,2024-12-30 08:52:08.683035
01933,0000,1207,106,2024-12-30 08:52:08.699037
16594,0000,1208,106,2024-12-30 08:52:08.715031
25364,0000,1208,106,2024-12-30 08:52:08.731059
01383,0000,1208,106,2024-12-30 08:52:08.747065
02098,0000,1208,106,2024-12-30 08:52:08.763072
02622,0000,1208,106,2024-12-30 08:52:08.794644
09897,0000,1208,106,2024-12-30 08:52:08.811013
03880,0000,1208,106,2024-12-30 08:52:08.827021
02230,0000,1208,106,2024-12-30 08:52:08.843021
00598,0000,1208,106,2024-12-30 08:52:08.859007
00667,0000,1208,106,2024-12-30 08:52:08.875009
02932,0000,1208,106,2024-12-30 08:52:08.891006
54221,0000,1208,106,2024-12-30 08:52:08.907002
04588,0000,1208,106,2024-12-30 08:52:08.922991
02014,0000,1208,106,2024-12-30 08:52:08.938984
01485,0000,1208,106,2024-12-30 08:52:08.970974
25128,0000,1208,106,2024-12-30 08:52:08.986977
04503,0000,1208,106,2024-12-30 08:52:09.002972
05101,0000,1208,106,2024-12-30 08:52:09.018974
09224,0000,1208,106,2024-12-30 08:52:09.034975
02968,0000,1208,106,2024-12-30 08:52:09.050964
25725,0000,1208,106,2024-12-30 08:52:09.066964
04506,0000,1208,106,2024-12-30 08:52:09.082965
33754,0000,1208,106,2024-12-30 08:52:09.098957
37702,0000,1208,106,2024-12-30 08:52:09.130651
02949,0000,1208,106,2024-12-30 08:52:09.146946
04953,0000,1208,106,2024-12-30 08:52:09.162940
05139,0000,1208,106,2024-12-30 08:52:09.178937
20077,0000,1208,106,2024-12-30 08:52:09.194933
02865,0000,1208,106,2024-12-30 08:52:09.210940
04661,0000,1208,106,2024-12-30 08:52:09.226941
16256,0001,1208,106,2024-12-30 08:52:09.242954
14826,0000,1208,106,2024-12-30 08:52:09.258924
02255,0000,1208,106,2024-12-30 08:52:09.290284
02472,0000,1208,106,2024-12-30 08:52:09.306951
53304,0000,1208,106,2024-12-30 08:52:09.322935
30877,0000,1208,106,2024-12-30 08:52:09.338930
05287,0000,1208,106,2024-12-30 08:52:09.354922
01353,0000,1208,106,2024-12-30 08:52:09.370914
12187,0000,1208,106,2024-12-30 08:52:09.386914
33971,0000,1208,106,2024-12-30 08:52:09.402893
34461,0000,1208,106,2024-12-30 08:52:09.418893
09537,0001,1208,106,2024-12-30 08:52:09.434891
02448,0000,1208,106,2024-12-30 08:52:09.466676
00008,0000,1208,106,2024-12-30 08:52:09.482894
02929,0000,1208,106,2024-12-30 08:52:09.498877
01019,0000,1208,106,2024-12-30 08:52:09.514882
02617,0000,1208,106,2024-12-30 08:52:09.530872
-0006,0000,1208,106,2024-12-30 08:52:09.546877
02240,0000,1208,106,2024-12-30 08:52:09.562864
04961,0000,1208,106,2024-12-30 08:52:09.578868
22468,0000,1208,106,2024-12-30 08:52:09.594858
02190,0000,1208,106,2024-12-30 08:52:09.626314
02978,0000,1208,106,2024-12-30 08:52:09.642865
32826,0000,1208,106,2024-12-30 08:52:09.658864
67806,0000,1208,106,2024-12-30 08:52:09.674871
03605,0000,1208,106,2024-12-30 08:52:09.690868
02275,0000,1208,106,2024-12-30 08:52:09.706877
22000,0000,1208,106,2024-12-30 08:52:09.722876
00977,0000,1208,106,2024-12-30 08:52:09.738874
03646,0000,1208,106,2024-12-30 08:52:09.754879
00448,0000,1208,106,2024-12-30 08:52:09.770881
01857,0000,1208,106,2024-12-30 08:52:09.802753
03095,0000,1208,106,2024-12-30 08:52:09.818817
25265,0000,1208,106,2024-12-30 08:52:09.834816
02750,0000,1208,106,2024-12-30 08:52:09.850820
04233,0000,1208,106,2024-12-30 08:52:09.866805
04984,0000,1208,106,2024-12-30 08:52:09.882804
54089,0000,1208,106,2024-12-30 08:52:09.898807
33174,0000,1208,106,2024-12-30 08:52:09.914796
02142,0000,1208,106,2024-12-30 08:52:09.930800
24416,0000,1208,106,2024-12-30 08:52:09.962348
35620,0001,1208,106,2024-12-30 08:52:09.978792
00977,0000,1208,106,2024-12-30 08:52:09.994791
03864,0000,1208,106,2024-12-30 08:52:10.010794
03597,0001,1208,106,2024-12-30 08:52:10.026780
46397,0000,1208,106,2024-12-30 08:52:10.042777
61087,0000,1208,106,2024-12-30 08:52:10.058775
03798,0000,1208,106,2024-12-30 08:52:10.074772
12345,0000,1208,106,2024-12-30 08:52:10.090772
03487,0000,1208,106,2024-12-30 08:52:10.106766
26156,0000,1208,106,2024-12-30 08:52:10.138771
02655,0000,1208,106,2024-12-30 08:52:10.154758
00546,0000,1208,106,2024-12-30 08:52:10.170754
17048,0000,1208,106,2024-12-30 08:52:10.186747
17101,0000,1208,106,2024-12-30 08:52:10.202754
04660,0000,1208,106,2024-12-30 08:52:10.218746
06667,0000,1209,106,2024-12-30 08:52:10.234742
02178,0000,1208,106,2024-12-30 08:52:10.250744
03821,0000,1208,106,2024-12-30 08:52:10.266742
25758,0000,1208,106,2024-12-30 08:52:10.298392
03101,0000,1209,106,2024-12-30 08:52:10.314716
00574,0000,1208,106,2024-12-30 08:52:10.330725
45425,0000,1209,106,2024-12-30 08:52:10.346715
15259,0000,1208,106,2024-12-30 08:52:10.362726
15414,0000,1208,106,2024-12-30 08:52:10.378718
01416,0000,1208,106,2024-12-30 08:52:10.394716
00504,0000,1208,106,2024-12-30 08:52:10.410727
02643,0000,1208,106,2024-12-30 08:52:10.426700
01081,0000,1208,106,2024-12-30 08:52:10.458020
02173,0000,1208,106,2024-12-30 08:52:10.474701
24172,0000,1208,106,2024-12-30 08:52:10.490683
59932,0000,1208,106,2024-12-30 08:52:10.506688
04237,0000,1209,106,2024-12-30 08:52:10.522678
52236,0000,1209,106,2024-12-30 08:52:10.538683
02251,0000,1208,106,2024-12-30 08:52:10.554674
04404,0000,1208,106,2024-12-30 08:52:10.570675
07449,0000,1208,106,2024-12-30 08:52:10.586666
03013,0000,1209,106,2024-12-30 08:52:10.602676
03228,0000,1208,106,2024-12-30 08:52:10.634428
07677,0000,1208,106,2024-12-30 08:52:10.650662
17789,0000,1208,106,2024-12-30 08:52:10.666649
44039,0000,1208,106,2024-12-30 08:52:10.682652
02717,0000,1209,106,2024-12-30 08:52:10.698652
00819,0000,1208,106,2024-12-30 08:52:10.714650
01235,0000,1208,106,2024-12-30 08:52:10.730639
37901,0000,1209,106,2024-12-30 08:52:10.746644
04614,0000,1209,106,2024-12-30 08:52:10.762637
01905,0000,1208,106,2024-12-30 08:52:10.794068
61579,0000,1208,106,2024-12-30 08:52:10.810658
00129,0000,1208,106,2024-12-30 08:52:10.826617
58314,0000,1208,106,2024-12-30 08:52:10.842627
04687,0000,1208,106,2024-12-30 08:52:10.858623
29619,0000,1208,106,2024-12-30 08:52:10.874613
01147,0000,1208,106,2024-12-30 08:52:10.890615
04213,0000,1208,106,2024-12-30 08:52:10.906612
02234,0000,1209,106,2024-12-30 08:52:10.922617
00470,0000,1209,106,2024-12-30 08:52:10.938603
05343,0000,1208,106,2024-12-30 08:52:10.970453
12886,0000,1209,106,2024-12-30 08:52:10.986596
01285,0000,1209,106,2024-12-30 08:52:11.002586
04438,0000,1208,106,2024-12-30 08:52:11.018591
45731,0000,1208,106,2024-12-30 08:52:11.034584
03636,0000,1208,106,2024-12-30 08:52:11.050584
02186,0000,1209,106,2024-12-30 08:52:11.066577
34832,0000,1209,106,2024-12-30 08:52:11.082577
37727,0000,1209,106,2024-12-30 08:52:11.098573
25136,0000,1209,106,2024-12-30 08:52:11.130081
39951,0000,1209,106,2024-12-30 08:52:11.146563
02884,0000,1209,106,2024-12-30 08:52:11.162560
06817,0000,1208,106,2024-12-30 08:52:11.178555
22622,0000,1208,106,2024-12-30 08:52:11.194568
54242,0000,1209,106,2024-12-30 08:52:11.210546
02785,0000,1208,106,2024-12-30 08:52:11.226562
58948,0000,1208,106,2024-12-30 08:52:11.242552
31001,0000,1209,106,2024-12-30 08:52:11.258543
03615,0000,1209,106,2024-12-30 08:52:11.274539
02178,0000,1209,106,2024-12-30 08:52:11.306491
21582,0000,1208,106,2024-12-30 08:52:11.322543
12333,0000,1208,106,2024-12-30 08:52:11.338528
23452,0000,1208,106,2024-12-30 08:52:11.354530
19834,0000,1208,106,2024-12-30 08:52:11.370517
07752,0000,1209,106,2024-12-30 08:52:11.386522
22425,0000,1208,106,2024-12-30 08:52:11.402513
05367,0000,1208,106,2024-12-30 08:52:11.418509
03343,0000,1208,106,2024-12-30 08:52:11.434513
28009,0000,1209,106,2024-12-30 08:52:11.466103
17659,0000,1209,106,2024-12-30 08:52:11.482499
17122,0000,1208,106,2024-12-30 08:52:11.498489
05381,0000,1208,106,2024-12-30 08:52:11.514492
09412,0000,1208,106,2024-12-30 08:52:11.530492
26404,0000,1209,106,2024-12-30 08:52:11.546479
20085,0000,1208,106,2024-12-30 08:52:11.562474
66221,0000,1209,106,2024-12-30 08:52:11.578481
13768,0000,1209,106,2024-12-30 08:52:11.594468
02976,0000,1208,106,2024-12-30 08:52:11.610470
09208,0000,1208,106,2024-12-30 08:52:11.642469
10256,0000,1209,106,2024-12-30 08:52:11.658461
04384,0000,1209,106,2024-12-30 08:52:11.674452
03561,0000,1209,106,2024-12-30 08:52:11.690461
01320,0001,1209,106,2024-12-30 08:52:11.706458
23743,0000,1208,106,2024-12-30 08:52:11.722462
02038,0000,1209,106,2024-12-30 08:52:11.738447
03101,0000,1208,106,2024-12-30 08:52:11.754429
27578,0000,1209,106,2024-12-30 08:52:11.770439
03800,0000,1209,106,2024-12-30 08:52:11.802148
17772,0000,1209,106,2024-12-30 08:52:11.818422
26076,0000,1209,106,2024-12-30 08:52:11.834425
59424,0000,1209,106,2024-12-30 08:52:11.850421
03514,0000,1209,106,2024-12-30 08:52:11.866422
24857,0000,1209,106,2024-12-30 08:52:11.882413
10699,0000,1209,106,2024-12-30 08:52:11.898416
23975,0000,1209,106,2024-12-30 08:52:11.914409
09661,0000,1208,106,2024-12-30 08:52:11.930404
01033,0000,1209,106,2024-12-30 08:52:11.961788
33257,0000,1209,106,2024-12-30 08:52:11.978406
05215,0000,1209,106,2024-12-30 08:52:11.994387
05333,0000,1208,106,2024-12-30 08:52:12.010396
21956,0000,1209,106,2024-12-30 08:52:12.026388
00605,0000,1209,106,2024-12-30 08:52:12.042380
00643,0000,1209,106,2024-12-30 08:52:12.058382
05148,0000,1209,106,2024-12-30 08:52:12.074379
26366,0000,1209,106,2024-12-30 08:52:12.090369
03121,0000,1209,106,2024-12-30 08:52:12.106374
05189,0000,1209,106,2024-12-30 08:52:12.138171
43229,0000,1209,106,2024-12-30 08:52:12.154360
45663,0000,1209,106,2024-12-30 08:52:12.170359
13101,0000,1209,106,2024-12-30 08:52:12.186357
46496,0000,1209,106,2024-12-30 08:52:12.202356
02515,0000,1209,106,2024-12-30 08:52:12.218348
24661,0000,1209,106,2024-12-30 08:52:12.234351
05367,0000,1209,106,2024-12-30 08:52:12.250354
04135,0000,1209,106,2024-12-30 08:52:12.266349
03769,0000,1209,106,2024-12-30 08:52:12.297812
00433,0000,1209,106,2024-12-30 08:52:12.314333
01366,0000,1209,106,2024-12-30 08:52:12.330322
02071,0000,1209,106,2024-12-30 08:52:12.346328
38496,0000,1209,106,2024-12-30 08:52:12.362322
16420,0000,1209,106,2024-12-30 08:52:12.378326
05613,0001,1209,106,2024-12-30 08:52:12.394314
40719,0000,1209,106,2024-12-30 08:52:12.410314
09849,0000,1209,106,2024-12-30 08:52:12.426309
04183,0000,1209,106,2024-12-30 08:52:12.442302
05209,0000,1209,106,2024-12-30 08:52:12.474195
04806,0000,1209,106,2024-12-30 08:52:12.490294
65139,0000,1209,106,2024-12-30 08:52:12.506302
23996,0000,1209,106,2024-12-30 08:52:12.522284
29093,0001,1209,106,2024-12-30 08:52:12.538285
53030,0000,1209,106,2024-12-30 08:52:12.554277
63529,0000,1209,106,2024-12-30 08:52:12.570278
05468,0000,1209,106,2024-12-30 08:52:12.586274
19404,0000,1209,106,2024-12-30 08:52:12.602278
18555,0001,1209,106,2024-12-30 08:52:12.633831
49978,0000,1209,106,2024-12-30 08:52:12.650263
01533,0000,1209,106,2024-12-30 08:52:12.666262
17028,0000,1209,106,2024-12-30 08:52:12.682260
14439,0001,1209,106,2024-12-30 08:52:12.698261
11884,0000,1209,106,2024-12-30 08:52:12.714259
25019,0000,1209,106,2024-12-30 08:52:12.730258
02005,0000,1209,106,2024-12-30 08:52:12.746256
01251,0000,1209,106,2024-12-30 08:52:12.762248
06883,0000,1209,106,2024-12-30 08:52:12.778251
05231,0000,1209,106,2024-12-30 08:52:12.810215
01867,0000,1209,106,2024-12-30 08:52:12.826257
02009,0000,1209,106,2024-12-30 08:52:12.842256
09825,0000,1209,106,2024-12-30 08:52:12.858261
24197,0000,1209,106,2024-12-30 08:52:12.874265
00344,0000,1209,106,2024-12-30 08:52:12.890262
05326,0000,1209,106,2024-12-30 08:52:12.906263
04000,0000,1209,106,2024-12-30 08:52:12.922267
03632,0000,1209,106,2024-12-30 08:52:12.938269
00619,0000,1209,106,2024-12-30 08:52:12.969827
29094,0000,1209,106,2024-12-30 08:52:12.986202
26661,0000,1209,106,2024-12-30 08:52:13.002190
40774,0000,1209,106,2024-12-30 08:52:13.018195
24485,0000,1209,106,2024-12-30 08:52:13.034190
01054,0000,1209,106,2024-12-30 08:52:13.050188
04470,0001,1209,106,2024-12-30 08:52:13.066187
05441,0000,1209,106,2024-12-30 08:52:13.082191
08234,0000,1209,106,2024-12-30 08:52:13.098178
00787,0000,1209,106,2024-12-30 08:52:13.129485
03222,0000,1209,106,2024-12-30 08:52:13.146168
06638,0000,1209,106,2024-12-30 08:52:13.162170
45722,0000,1209,106,2024-12-30 08:52:13.178160
02271,0000,1209,106,2024-12-30 08:52:13.194154
02948,0000,1209,106,2024-12-30 08:52:13.210151
31452,0000,1209,106,2024-12-30 08:52:13.226146
04103,0000,1209,106,2024-12-30 08:52:13.242154
25260,0000,1209,106,2024-12-30 08:52:13.258150
04452,0000,1209,106,2024-12-30 08:52:13.274145
02931,0000,1209,106,2024-12-30 08:52:13.305878
00966,0000,1209,106,2024-12-30 08:52:13.322135
03153,0001,1209,106,2024-12-30 08:52:13.338125
00459,0000,1209,106,2024-12-30 08:52:13.354140
21171,0000,1209,106,2024-12-30 08:52:13.370119
48313,0000,1209,106,2024-12-30 08:52:13.386128
05071,0000,1209,106,2024-12-30 08:52:13.402110
05634,0000,1209,106,2024-12-30 08:52:13.418118
21344,0000,1209,106,2024-12-30 08:52:13.434107
42989,0000,1210,106,2024-12-30 08:52:13.465527
58461,0000,1209,106,2024-12-30 08:52:13.482097
05133,0000,1209,106,2024-12-30 08:52:13.498098
02094,0000,1209,106,2024-12-30 08:52:13.514090
01888,0000,1209,106,2024-12-30 08:52:13.530099
27323,0000,1209,106,2024-12-30 08:52:13.546094
03442,0000,1209,106,2024-12-30 08:52:13.562098
01510,0000,1209,106,2024-12-30 08:52:13.578090
16507,0000,1209,106,2024-12-30 08:52:13.594087
14494,0000,1209,106,2024-12-30 08:52:13.610079
29849,0000,1209,106,2024-12-30 08:52:13.641909
25285,0000,1209,106,2024-12-30 08:52:13.658069
05443,0000,1209,106,2024-12-30 08:52:13.674069
03832,0000,1209,106,2024-12-30 08:52:13.690062
56480,0000,1209,106,2024-12-30 08:52:13.706061
26195,0000,1209,106,2024-12-30 08:52:13.722049
04362,0000,1209,106,2024-12-30 08:52:13.738053
30508,0000,1209,106,2024-12-30 08:52:13.754051
39996,0000,1209,106,2024-12-30 08:52:13.770051
38515,0000,1209,106,2024-12-30 08:52:13.801549
01364,0000,1209,106,2024-12-30 08:52:13.818029
40059,0000,1209,106,2024-12-30 08:52:13.834049
02294,0000,1209,106,2024-12-30 08:52:13.850030
24587,0000,1209,106,2024-12-30 08:52:13.866031
25872,0000,1209,106,2024-12-30 08:52:13.882020
28549,0000,1209,106,2024-12-30 08:52:13.898036
24001,0000,1209,106,2024-12-30 08:52:13.914019
20333,0000,1209,106,2024-12-30 08:52:13.930022
02022,0000,1209,106,2024-12-30 08:52:13.946020
19877,0000,1209,106,2024-12-30 08:52:13.977938
02549,0000,1209,106,2024-12-30 08:52:13.994010
24870,0000,1209,106,2024-12-30 08:52:14.010004
04699,0000,1209,106,2024-12-30 08:52:14.025990
09228,0000,1209,106,2024-12-30 08:52:14.041998
01224,0001,1209,106,2024-12-30 08:52:14.058004
04314,0000,1209,106,2024-12-30 08:52:14.073999
63666,0000,1209,106,2024-12-30 08:52:14.089985
02142,0000,1209,106,2024-12-30 08:52:14.105977
15087,0000,1209,106,2024-12-30 08:52:14.137566
04037,0000,1209,106,2024-12-30 08:52:14.153971
24556,0000,1209,106,2024-12-30 08:52:14.169959
27035,0000,1209,106,2024-12-30 08:52:14.185964
04521,0000,1209,106,2024-12-30 08:52:14.201955
17550,0000,1210,106,2024-12-30 08:52:14.217959
37860,0000,1209,106,2024-12-30 08:52:14.233945
01670,0000,1209,106,2024-12-30 08:52:14.249960
20823,0000,1209,106,2024-12-30 08:52:14.265938
35199,0000,1209,106,2024-12-30 08:52:14.281943
34556,0000,1209,106,2024-12-30 08:52:14.313946
02227,0000,1209,106,2024-12-30 08:52:14.329941
01367,0000,1209,106,2024-12-30 08:52:14.345941
02885,0000,1209,106,2024-12-30 08:52:14.361927
23062,0000,1209,106,2024-12-30 08:52:14.377913
12343,0000,1209,106,2024-12-30 08:52:14.393916
27708,0000,1209,106,2024-12-30 08:52:14.409907
02505,0000,1210,106,2024-12-30 08:52:14.425913
38331,0000,1210,106,2024-12-30 08:52:14.441911
00697,0000,1209,106,2024-12-30 08:52:14.473587
04630,0000,1210,106,2024-12-30 08:52:14.489900
13322,0000,1209,106,2024-12-30 08:52:14.505894
10804,0000,1209,106,2024-12-30 08:52:14.521903
22158,0000,1209,106,2024-12-30 08:52:14.537896
19300,0000,1210,106,2024-12-30 08:52:14.553890
03858,0000,1209,106,2024-12-30 08:52:14.569890
33107,0000,1210,106,2024-12-30 08:52:14.585884
21563,0000,1209,106,2024-12-30 08:52:14.601876
25174,0000,1209,106,2024-12-30 08:52:14.633244
00271,0000,1209,106,2024-12-30 08:52:14.649883
36366,0000,1209,106,2024-12-30 08:52:14.665864
28674,0000,1209,106,2024-12-30 08:52:14.681868
02824,0000,1209,106,2024-12-30 08:52:14.697860
01408,0000,1209,106,2024-12-30 08:52:14.713864
04254,0000,1209,106,2024-12-30 08:52:14.729864
23803,0000,1209,106,2024-12-30 08:52:14.745854
03531,0000,1209,106,2024-12-30 08:52:14.761854
08404,0000,1209,106,2024-12-30 08:52:14.777854
02110,0000,1209,106,2024-12-30 08:52:14.809631
04280,0000,1209,106,2024-12-30 08:52:14.825848
04625,0000,1209,106,2024-12-30 08:52:14.841839
02000,0000,1209,106,2024-12-30 08:52:14.857842
16219,0000,1209,106,2024-12-30 08:52:14.873830
00552,0000,1210,106,2024-12-30 08:52:14.889831
03928,0000,1210,106,2024-12-30 08:52:14.905820
05145,0000,1209,106,2024-12-30 08:52:14.921822
01290,0000,1210,106,2024-12-30 08:52:14.937815
30483,0000,1210,106,2024-12-30 08:52:14.969264
43013,0000,1210,106,2024-12-30 08:52:14.985810
03892,0000,1209,106,2024-12-30 08:52:15.001804
05184,0000,1209,106,2024-12-30 08:52:15.017797
02736,0000,1210,106,2024-12-30 08:52:15.033804
20749,0000,1209,106,2024-12-30 08:52:15.049799
43981,0000,1210,106,2024-12-30 08:52:15.065797
03298,0000,1209,106,2024-12-30 08:52:15.081788
04377,0000,1209,106,2024-12-30 08:52:15.097787
03162,0000,1209,106,2024-12-30 08:52:15.113791
29702,0000,1209,106,2024-12-30 08:52:15.145634
23867,0000,1210,106,2024-12-30 08:52:15.161783
01471,0000,1209,106,2024-12-30 08:52:15.177772
05348,0000,1209,106,2024-12-30 08:52:15.193771
37848,0000,1210,106,2024-12-30 08:52:15.209765
15373,0000,1210,106,2024-12-30 08:52:15.225770
31815,0000,1209,106,2024-12-30 08:52:15.241776
42269,0000,1210,106,2024-12-30 08:52:15.257766
01324,0000,1209,106,2024-12-30 08:52:15.273754
26821,0000,1210,106,2024-12-30 08:52:15.305294
24938,0000,1209,106,2024-12-30 08:52:15.321752
05037,0000,1210,106,2024-12-30 08:52:15.337769
03045,0000,1209,106,2024-12-30 08:52:15.353752
41761,0000,1210,106,2024-12-30 08:52:15.369740
08307,0001,1209,106,2024-12-30 08:52:15.385729
06990,0000,1210,106,2024-12-30 08:52:15.401727
26623,0000,1210,106,2024-12-30 08:52:15.417723
50006,0000,1210,106,2024-12-30 08:52:15.433725
00071,0000,1210,106,2024-12-30 08:52:15.449725
00574,0001,1210,106,2024-12-30 08:52:15.481666
54042,0000,1209,106,2024-12-30 08:52:15.497709
27962,0001,1210,106,2024-12-30 08:52:15.513709
01775,0000,1210,106,2024-12-30 08:52:15.529709
03831,0000,1209,106,2024-12-30 08:52:15.545693
63673,0001,1210,106,2024-12-30 08:52:15.561697
02920,0000,1210,106,2024-12-30 08:52:15.577688
19261,0001,1210,106,2024-12-30 08:52:15.593691
02856,0000,1209,106,2024-12-30 08:52:15.609685
24573,0000,1210,106,2024-12-30 08:52:15.641307
03895,0000,1210,106,2024-12-30 08:52:15.657688
07488,0000,1210,106,2024-12-30 08:52:15.673670
38256,0000,1209,106,2024-12-30 08:52:15.689675
18747,0000,1210,106,2024-12-30 08:52:15.705666
01254,0000,1210,106,2024-12-30 08:52:15.721659
13704,0000,1209,106,2024-12-30 08:52:15.737664
28205,0000,1210,106,2024-12-30 08:52:15.753657
04371,0000,1210,106,2024-12-30 08:52:15.769660
02102,0000,1210,106,2024-12-30 08:52:15.785651
04194,0000,1210,106,2024-12-30 08:52:15.817639
03787,0000,1210,106,2024-12-30 08:52:15.833636
01656,0000,1210,106,2024-12-30 08:52:15.849635
40902,0000,1210,106,2024-12-30 08:52:15.865637
03881,0000,1210,106,2024-12-30 08:52:15.881635
08532,0000,1210,106,2024-12-30 08:52:15.897624
04982,0000,1210,106,2024-12-30 08:52:15.913634
02295,0000,1210,106,2024-12-30 08:52:15.929631
03081,0000,1210,106,2024-12-30 08:52:15.945638
01538,0000,1210,106,2024-12-30 08:52:15.977361
58407,0000,1209,106,2024-12-30 08:52:15.993644
22636,0000,1210,106,2024-12-30 08:52:16.009646
03859,0000,1210,106,2024-12-30 08:52:16.025643
02499,0000,1210,106,2024-12-30 08:52:16.041652
02071,0000,1210,106,2024-12-30 08:52:16.057649
19664,0001,1210,106,2024-12-30 08:52:16.073653
03730,0000,1210,106,2024-12-30 08:52:16.089649
04579,0000,1210,106,2024-12-30 08:52:16.105584
05208,0000,1210,106,2024-12-30 08:52:16.136993
10521,0000,1210,106,2024-12-30 08:52:16.153580
00273,0000,1210,106,2024-12-30 08:52:16.169569
01308,0000,1210,106,2024-12-30 08:52:16.185577
13079,0000,1210,106,2024-12-30 08:52:16.201568
38801,0000,1210,106,2024-12-30 08:52:16.217575
04277,0000,1210,106,2024-12-30 08:52:16.233563
01451,0001,1210,106,2024-12-30 08:52:16.249578
02158,0000,1209,106,2024-12-30 08:52:16.265557
49085,0000,1210,106,2024-12-30 08:52:16.281559
02595,0000,1210,106,2024-12-30 08:52:16.313381
05531,0000,1210,106,2024-12-30 08:52:16.329553
27328,0000,1210,106,2024-12-30 08:52:16.345536
02169,0000,1210,106,2024-12-30 08:52:16.361550
07811,0000,1210,106,2024-12-30 08:52:16.377543
03041,0000,1210,106,2024-12-30 08:52:16.393544
20696,0000,1210,106,2024-12-30 08:52:16.409533
36079,0000,1210,106,2024-12-30 08:52:16.425542
27460,0000,1210,106,2024-12-30 08:52:16.441539
04117,0000,1210,106,2024-12-30 08:52:16.473010
09925,0000,1210,106,2024-12-30 08:52:16.489523
34693,0000,1210,106,2024-12-30 08:52:16.505512
41924,0000,1210,106,2024-12-30 08:52:16.521513
03622,0000,1210,106,2024-12-30 08:52:16.537506
02264,0000,1210,106,2024-12-30 08:52:16.553509
03870,0001,1210,106,2024-12-30 08:52:16.569499
03518,0000,1210,106,2024-12-30 08:52:16.585501
03801,0000,1210,106,2024-12-30 08:52:16.601495
24398,0000,1210,106,2024-12-30 08:52:16.617498
02905,0000,1210,106,2024-12-30 08:52:16.649399
35398,0000,1210,106,2024-12-30 08:52:16.665478
01506,0000,1210,106,2024-12-30 08:52:16.681491
03429,0000,1210,106,2024-12-30 08:52:16.697487
03474,0000,1210,106,2024-12-30 08:52:16.713470
28362,0000,1210,106,2024-12-30 08:52:16.729469
29280,0000,1210,106,2024-12-30 08:52:16.745470
02979,0000,1210,106,2024-12-30 08:52:16.761471
04438,0000,1210,106,2024-12-30 08:52:16.777461
14529,0000,1210,106,2024-12-30 08:52:16.809036
07519,0000,1210,106,2024-12-30 08:52:16.825459
22596,0000,1210,106,2024-12-30 08:52:16.841448
22597,0000,1210,106,2024-12-30 08:52:16.857445
04324,0000,1210,106,2024-12-30 08:52:16.873440
04276,0000,1210,106,2024-12-30 08:52:16.889443
25683,0000,1210,106,2024-12-30 08:52:16.905435
26437,0001,1210,106,2024-12-30 08:52:16.921434
00470,0000,1210,106,2024-12-30 08:52:16.937432
03516,0000,1210,106,2024-12-30 08:52:16.953421
51733,0000,1210,106,2024-12-30 08:52:16.985413
00748,0001,1210,106,2024-12-30 08:52:17.001417
39295,0001,1210,106,2024-12-30 08:52:17.017409
05489,0000,1210,106,2024-12-30 08:52:17.033411
08462,0000,1210,106,2024-12-30 08:52:17.049401
00159,0000,1210,106,2024-12-30 08:52:17.065410
02742,0000,1210,106,2024-12-30 08:52:17.081406
04561,0000,1210,106,2024-12-30 08:52:17.097408
01978,0000,1210,106,2024-12-30 08:52:17.113389
05145,0000,1210,106,2024-12-30 08:52:17.145055
40932,0000,1210,106,2024-12-30 08:52:17.161383
35621,0000,1210,106,2024-12-30 08:52:17.177382
03064,0000,1210,106,2024-12-30 08:52:17.193393
00729,0000,1210,106,2024-12-30 08:52:17.209380
01042,0000,1210,106,2024-12-30 08:52:17.225374
00352,0000,1210,106,2024-12-30 08:52:17.241376
01485,0000,1210,106,2024-12-30 08:52:17.257358
02290,0000,1210,106,2024-12-30 08:52:17.273362
01377,0000,1210,106,2024-12-30 08:52:17.304706
24642,0000,1210,106,2024-12-30 08:52:17.321355
03063,0000,1210,106,2024-12-30 08:52:17.337358
19787,0000,1210,106,2024-12-30 08:52:17.353351
04002,0000,1210,106,2024-12-30 08:52:17.369348
03770,0000,1210,106,2024-12-30 08:52:17.385349
09864,0000,1210,106,2024-12-30 08:52:17.401342
10915,0000,1210,106,2024-12-30 08:52:17.417336
19109,0000,1210,106,2024-12-30 08:52:17.433341
33233,0000,1210,106,2024-12-30 08:52:17.449331
04419,0000,1210,106,2024-12-30 08:52:17.481084
39965,0000,1210,106,2024-12-30 08:52:17.497316
01169,0000,1210,106,2024-12-30 08:52:17.513319
09545,0000,1210,106,2024-12-30 08:52:17.529313
17191,0000,1210,106,2024-12-30 08:52:17.545318
11636,0000,1210,106,2024-12-30 08:52:17.561303
05999,0000,1210,106,2024-12-30 08:52:17.577308
59900,0000,1210,106,2024-12-30 08:52:17.593308
05422,0000,1210,106,2024-12-30 08:52:17.609302
30737,0000,1210,106,2024-12-30 08:52:17.640709
21830,0000,1210,106,2024-12-30 08:52:17.657290
03105,0000,1210,106,2024-12-30 08:52:17.673280
54185,0000,1210,106,2024-12-30 08:52:17.689278
25009,0000,1210,106,2024-12-30 08:52:17.705271
01520,0000,1210,106,2024-12-30 08:52:17.721271
01781,0000,1210,106,2024-12-30 08:52:17.737268
05298,0000,1210,106,2024-12-30 08:52:17.753276
02906,0000,1210,106,2024-12-30 08:52:17.769258
03634,0000,1210,106,2024-12-30 08:52:17.785266
22315,0000,1210,106,2024-12-30 08:52:17.817115
28242,0000,1210,106,2024-12-30 08:52:17.833245
00363,0000,1210,106,2024-12-30 08:52:17.849254
05015,0000,1210,106,2024-12-30 08:52:17.865254
50820,0000,1210,106,2024-12-30 08:52:17.881238
31430,0000,1210,106,2024-12-30 08:52:17.897246
02887,0000,1210,106,2024-12-30 08:52:17.913234
04354,0000,1210,106,2024-12-30 08:52:17.929236
35258,0000,1210,106,2024-12-30 08:52:17.945224
10602,0000,1210,106,2024-12-30 08:52:17.976746
01289,0000,1210,106,2024-12-30 08:52:17.993235
03660,0000,1210,106,2024-12-30 08:52:18.009213
03006,0000,1210,106,2024-12-30 08:52:18.025212
05461,0000,1210,106,2024-12-30 08:52:18.041199
01488,0000,1210,106,2024-12-30 08:52:18.057206
10918,0000,1211,106,2024-12-30 08:52:18.073199
09742,0000,1210,106,2024-12-30 08:52:18.089207
16120,0000,1210,106,2024-12-30 08:52:18.105192
54015,0000,1210,106,2024-12-30 08:52:18.121190
04508,0000,1210,106,2024-12-30 08:52:18.153134
03132,0000,1210,106,2024-12-30 08:52:18.169180
32012,0000,1210,106,2024-12-30 08:52:18.185179
09516,0000,1210,106,2024-12-30 08:52:18.201178
22883,0000,1210,106,2024-12-30 08:52:18.217172
18211,0000,1210,106,2024-12-30 08:52:18.233179
00669,0000,1210,106,2024-12-30 08:52:18.249184
64097,0000,1210,106,2024-12-30 08:52:18.265175
56840,0000,1210,106,2024-12-30 08:52:18.281159
11968,0000,1210,106,2024-12-30 08:52:18.312775
12792,0000,1210,106,2024-12-30 08:52:18.329145
00780,0000,1210,106,2024-12-30 08:52:18.345148
23644,0000,1211,106,2024-12-30 08:52:18.361160
03852,0000,1210,106,2024-12-30 08:52:18.377147
02316,0000,1210,106,2024-12-30 08:52:18.393142
30302,0000,1210,106,2024-12-30 08:52:18.409140
15381,0000,1210,106,2024-12-30 08:52:18.425133
23852,0000,1210,106,2024-12-30 08:52:18.441143
01571,0000,1210,106,2024-12-30 08:52:18.457133
41698,0000,1210,106,2024-12-30 08:52:18.489135
01548,0000,1211,106,2024-12-30 08:52:18.505132
23837,0000,1210,106,2024-12-30 08:52:18.521121
15449,0000,1211,106,2024-12-30 08:52:18.537122
11711,0000,1211,106,2024-12-30 08:52:18.553118
04258,0000,1210,106,2024-12-30 08:52:18.569118
01994,0000,1210,106,2024-12-30 08:52:18.585106
43254,0000,1211,106,2024-12-30 08:52:18.601100
02226,0001,1210,106,2024-12-30 08:52:18.617099
18317,0000,1210,106,2024-12-30 08:52:18.648818
05481,0000,1210,106,2024-12-30 08:52:18.665088
02983,0000,1210,106,2024-12-30 08:52:18.681083
20617,0000,1210,106,2024-12-30 08:52:18.697076
01367,0000,1210,106,2024-12-30 08:52:18.713081
04673,0000,1210,106,2024-12-30 08:52:18.729069
00357,0000,1211,106,2024-12-30 08:52:18.745067
03260,0000,1210,106,2024-12-30 08:52:18.761075
24034,0001,1210,106,2024-12-30 08:52:18.777073
15461,0000,1210,106,2024-12-30 08:52:18.808453
54803,0000,1210,106,2024-12-30 08:52:18.825056
04121,0000,1211,106,2024-12-30 08:52:18.841054
04650,0000,1211,106,2024-12-30 08:52:18.857043
05326,0000,1210,106,2024-12-30 08:52:18.873043
02904,0000,1210,106,2024-12-30 08:52:18.889038
03608,0000,1211,106,2024-12-30 08:52:18.905046
01241,0000,1210,106,2024-12-30 08:52:18.921038
58525,0000,1211,106,2024-12-30 08:52:18.937040
02060,0000,1211,106,2024-12-30 08:52:18.953031
09814,0001,1210,106,2024-12-30 08:52:18.984832
25501,0000,1210,106,2024-12-30 08:52:19.001025
14173,0000,1211,106,2024-12-30 08:52:19.017028
05322,0000,1210,106,2024-12-30 08:52:19.033031
02330,0000,1211,106,2024-12-30 08:52:19.049024
18339,0000,1211,106,2024-12-30 08:52:19.065027
08365,0000,1210,106,2024-12-30 08:52:19.081037
54111,0000,1211,106,2024-12-30 08:52:19.097035
03485,0000,1211,106,2024-12-30 08:52:19.113028
55043,0000,1211,106,2024-12-30 08:52:19.144529
13573,0000,1211,106,2024-12-30 08:52:19.161038
21386,0000,1210,106,2024-12-30 08:52:19.177040
05657,0000,1210,106,2024-12-30 08:52:19.193049
21319,0000,1210,106,2024-12-30 08:52:19.209044
20369,0000,1210,106,2024-12-30 08:52:19.225038
53236,0000,1210,106,2024-12-30 08:52:19.240976
31845,0000,1211,106,2024-12-30 08:52:19.256978
33778,0000,1211,106,2024-12-30 08:52:19.272965
00325,0000,1210,106,2024-12-30 08:52:19.288965
58330,0000,1211,106,2024-12-30 08:52:19.320895
21804,0000,1211,106,2024-12-30 08:52:19.336960
05305,0001,1211,106,2024-12-30 08:52:19.352947
00122,0000,1211,106,2024-12-30 08:52:19.368948
49763,0000,1211,106,2024-12-30 08:52:19.385160
05378,0000,1211,106,2024-12-30 08:52:19.400972
05073,0000,1210,106,2024-12-30 08:52:19.416958
04448,0000,1211,106,2024-12-30 08:52:19.432963
02290,0000,1210,106,2024-12-30 08:52:19.448944
01536,0000,1210,106,2024-12-30 08:52:19.480528
05345,0000,1211,106,2024-12-30 08:52:19.496930
09793,0000,1211,106,2024-12-30 08:52:19.512929
15080,0000,1211,106,2024-12-30 08:52:19.528923
03132,0000,1211,106,2024-12-30 08:52:19.544932
25986,0000,1211,106,2024-12-30 08:52:19.560922
05861,0000,1211,106,2024-12-30 08:52:19.576915
04681,0000,1211,106,2024-12-30 08:52:19.592913
02141,0000,1211,106,2024-12-30 08:52:19.608907
02975,0000,1210,106,2024-12-30 08:52:19.624901
39311,0000,1211,106,2024-12-30 08:52:19.656894
06246,0000,1210,106,2024-12-30 08:52:19.672897
22132,0000,1211,106,2024-12-30 08:52:19.688887
05517,0000,1211,106,2024-12-30 08:52:19.704892
01504,0000,1211,106,2024-12-30 08:52:19.720885
09199,0000,1210,106,2024-12-30 08:52:19.736885
03875,0000,1211,106,2024-12-30 08:52:19.752875
03845,0000,1211,106,2024-12-30 08:52:19.768883
03501,0000,1211,106,2024-12-30 08:52:19.784871
41097,0000,1211,106,2024-12-30 08:52:19.816561
02267,0000,1211,106,2024-12-30 08:52:19.832872
22493,0000,1211,106,2024-12-30 08:52:19.848864
05200,0000,1211,106,2024-12-30 08:52:19.864849
03571,0000,1211,106,2024-12-30 08:52:19.880856
06114,0000,1211,106,2024-12-30 08:52:19.896850
04611,0000,1211,106,2024-12-30 08:52:19.912839
40235,0000,1211,106,2024-12-30 08:52:19.928840
00203,0000,1211,106,2024-12-30 08:52:19.944843
37080,0000,1211,106,2024-12-30 08:52:19.976188
00009,0000,1211,106,2024-12-30 08:52:19.992830
49958,0000,1211,106,2024-12-30 08:52:20.008827
12848,0000,1211,106,2024-12-30 08:52:20.024818
02548,0000,1211,106,2024-12-30 08:52:20.040827
59077,0000,1211,106,2024-12-30 08:52:20.056812
00654,0000,1211,106,2024-12-30 08:52:20.072813
14607,0000,1211,106,2024-12-30 08:52:20.088806
02775,0000,1211,106,2024-12-30 08:52:20.104798
20901,0000,1211,106,2024-12-30 08:52:20.120798
04807,0000,1211,106,2024-12-30 08:52:20.152586
05331,0000,1211,106,2024-12-30 08:52:20.168792
48898,0000,1211,106,2024-12-30 08:52:20.184789
00704,0000,1211,106,2024-12-30 08:52:20.200800
03795,0000,1211,106,2024-12-30 08:52:20.216799
07666,0000,1211,106,2024-12-30 08:52:20.232777
24108,0000,1211,106,2024-12-30 08:52:20.248786
03860,0001,1211,106,2024-12-30 08:52:20.264774
27688,0000,1211,106,2024-12-30 08:52:20.280782
01218,0000,1211,106,2024-12-30 08:52:20.312225
03460,0000,1211,106,2024-12-30 08:52:20.328769
18522,0000,1211,106,2024-12-30 08:52:20.344754
05198,0000,1211,106,2024-12-30 08:52:20.360750
09513,0000,1211,106,2024-12-30 08:52:20.376751
10752,0000,1211,106,2024-12-30 08:52:20.392746
01863,0000,1211,106,2024-12-30 08:52:20.408738
04635,0000,1210,106,2024-12-30 08:52:20.424741
43047,0000,1211,106,2024-12-30 08:52:20.440736
04449,0000,1211,106,2024-12-30 08:52:20.456742
56689,0000,1211,106,2024-12-30 08:52:20.488609
13189,0000,1211,106,2024-12-30 08:52:20.504734
07297,0000,1210,106,2024-12-30 08:52:20.520726
04480,0000,1211,106,2024-12-30 08:52:20.536715
40172,0000,1211,106,2024-12-30 08:52:20.552715
12783,0000,1211,106,2024-12-30 08:52:20.568716
03834,0000,1211,106,2024-12-30 08:52:20.584711
04241,0000,1211,106,2024-12-30 08:52:20.600719
40864,0000,1211,106,2024-12-30 08:52:20.616696
04972,0000,1211,106,2024-12-30 08:52:20.648247
02051,0000,1211,106,2024-12-30 08:52:20.664702
02315,0000,1211,106,2024-12-30 08:52:20.680689
32200,0000,1211,106,2024-12-30 08:52:20.696697
10952,0000,1211,106,2024-12-30 08:52:20.712685
04690,0000,1211,106,2024-12-30 08:52:20.728683
36243,0000,1211,106,2024-12-30 08:52:20.744675
06121,0000,1211,106,2024-12-30 08:52:20.760676
00704,0000,1211,106,2024-12-30 08:52:20.776664
30778,0000,1211,106,2024-12-30 08:52:20.792680
09263,0000,1211,106,2024-12-30 08:52:20.824618
31682,0000,1211,106,2024-12-30 08:52:20.840658
02756,0001,1211,106,2024-12-30 08:52:20.856668
01404,0000,1211,106,2024-12-30 08:52:20.872663
28875,0000,1211,106,2024-12-30 08:52:20.888650
61835,0000,1211,106,2024-12-30 08:52:20.904655
55726,0000,1211,106,2024-12-30 08:52:20.920646
52426,0000,1211,106,2024-12-30 08:52:20.936644
01387,0000,1211,106,2024-12-30 08:52:20.952648
06699,0000,1211,106,2024-12-30 08:52:20.984272
45635,0000,1211,106,2024-12-30 08:52:21.000626
01473,0000,1211,106,2024-12-30 08:52:21.016624
13725,0000,1211,106,2024-12-30 08:52:21.032624
01286,0000,1211,106,2024-12-30 08:52:21.048611
02142,0000,1211,106,2024-12-30 08:52:21.064618
05311,0000,1211,106,2024-12-30 08:52:21.080614
02547,0000,1211,106,2024-12-30 08:52:21.096612
01423,0000,1211,106,2024-12-30 08:52:21.112612
03146,0000,1211,106,2024-12-30 08:52:21.143923
02906,0000,1211,106,2024-12-30 08:52:21.160601
03564,0000,1211,106,2024-12-30 08:52:21.176601
01203,0000,1211,106,2024-12-30 08:52:21.192596
06826,0000,1211,106,2024-12-30 08:52:21.208601
06701,0000,1211,106,2024-12-30 08:52:21.224593
03668,0000,1211,106,2024-12-30 08:52:21.240602
04631,0000,1211,106,2024-12-30 08:52:21.256587
03455,0000,1211,106,2024-12-30 08:52:21.272584
01437,0000,1211,106,2024-12-30 08:52:21.288583
01532,0000,1211,106,2024-12-30 08:52:21.320290
05268,0000,1211,106,2024-12-30 08:52:21.336578
01379,0000,1211,106,2024-12-30 08:52:21.352590
07286,0000,1211,106,2024-12-30 08:52:21.368577
02297,0000,1211,106,2024-12-30 08:52:21.384577
02262,0000,1211,106,2024-12-30 08:52:21.400568
04406,0000,1211,106,2024-12-30 08:52:21.416554
41728,0000,1211,106,2024-12-30 08:52:21.432548
35496,0001,1211,106,2024-12-30 08:52:21.448542
02522,0000,1211,106,2024-12-30 08:52:21.479931
05270,0000,1211,106,2024-12-30 08:52:21.496539
04450,0000,1211,106,2024-12-30 08:52:21.512535
00671,0000,1211,106,2024-12-30 08:52:21.528522
01404,0000,1211,106,2024-12-30 08:52:21.544528
11674,0000,1211,106,2024-12-30 08:52:21.560518
01517,0000,1211,106,2024-12-30 08:52:21.576521
22219,0000,1211,106,2024-12-30 08:52:21.592522
05097,0000,1211,106,2024-12-30 08:52:21.608511
05692,0000,1211,106,2024-12-30 08:52:21.624507
02216,0000,1211,106,2024-12-30 08:52:21.656323
04420,0000,1211,106,2024-12-30 08:52:21.672510
04075,0000,1211,106,2024-12-30 08:52:21.688500
58331,0000,1211,106,2024-12-30 08:52:21.704508
38466,0000,1211,106,2024-12-30 08:52:21.720489
13311,0000,1211,106,2024-12-30 08:52:21.736485
01300,0001,1211,106,2024-12-30 08:52:21.752495
43350,0000,1211,106,2024-12-30 08:52:21.768495
37144,0000,1211,106,2024-12-30 08:52:21.784498
03182,0000,1211,106,2024-12-30 08:52:21.815969
45856,0000,1211,106,2024-12-30 08:52:21.832461
14489,0000,1211,106,2024-12-30 08:52:21.848465
13134,0000,1211,106,2024-12-30 08:52:21.864454
05052,0000,1211,106,2024-12-30 08:52:21.880459
25271,0000,1211,106,2024-12-30 08:52:21.896455
02303,0000,1211,106,2024-12-30 08:52:21.912454
26268,0000,1211,106,2024-12-30 08:52:21.928448
04613,0000,1211,106,2024-12-30 08:52:21.944455
05014,0000,1211,106,2024-12-30 08:52:21.960442
20223,0001,1211,106,2024-12-30 08:52:21.992328
23895,0001,1211,106,2024-12-30 08:52:22.008436
16241,0000,1211,106,2024-12-30 08:52:22.024426
01257,0000,1211,106,2024-12-30 08:52:22.040418
22306,0000,1211,106,2024-12-30 08:52:22.056424
44704,0000,1211,106,2024-12-30 08:52:22.072423
27222,0000,1212,106,2024-12-30 08:52:22.088427
12593,0000,1211,106,2024-12-30 08:52:22.104426
22357,0000,1211,106,2024-12-30 08:52:22.120423
22211,0000,1211,106,2024-12-30 08:52:22.151992
04506,0000,1211,106,2024-12-30 08:52:22.168420
28986,0000,1211,106,2024-12-30 08:52:22.184420
02466,0000,1211,106,2024-12-30 08:52:22.200418
04385,0000,1212,106,2024-12-30 08:52:22.216422
21791,0000,1211,106,2024-12-30 08:52:22.232422
15199,0000,1211,106,2024-12-30 08:52:22.248446
00541,0000,1211,106,2024-12-30 08:52:22.264428
35411,0000,1211,106,2024-12-30 08:52:22.280424
01953,0000,1211,106,2024-12-30 08:52:22.296430
59038,0000,1212,106,2024-12-30 08:52:22.328411
12473,0000,1211,106,2024-12-30 08:52:22.344434
01419,0000,1212,106,2024-12-30 08:52:22.360364
03024,0000,1211,106,2024-12-30 08:52:22.376362
17042,0001,1212,106,2024-12-30 08:52:22.392363
03139,0000,1212,106,2024-12-30 08:52:22.408353
03753,0000,1211,106,2024-12-30 08:52:22.424352
23440,0000,1211,106,2024-12-30 08:52:22.440352
33649,0000,1211,106,2024-12-30 08:52:22.456348
29847,0000,1211,106,2024-12-30 08:52:22.488005
05862,0000,1212,106,2024-12-30 08:52:22.504346
01317,0000,1212,106,2024-12-30 08:52:22.520336
01438,0000,1211,106,2024-12-30 08:52:22.536335
00603,0001,1211,106,2024-12-30 08:52:22.552341
13211,0000,1211,106,2024-12-30 08:52:22.568324
27935,0000,1212,106,2024-12-30 08:52:22.584319
24212,0000,1211,106,2024-12-30 08:52:22.600324
00267,0000,1212,106,2024-12-30 08:52:22.616322
06836,0000,1211,106,2024-12-30 08:52:22.647649
11892,0000,1211,106,2024-12-30 08:52:22.664308
26743,0000,1211,106,2024-12-30 08:52:22.680316
00179,0000,1211,106,2024-12-30 08:52:22.696297
02927,0000,1212,106,2024-12-30 08:52:22.712305
09880,0000,1211,106,2024-12-30 08:52:22.728296
01299,0000,1212,106,2024-12-30 08:52:22.744296
30352,0000,1212,106,2024-12-30 08:52:22.760288
23022,0000,1211,106,2024-12-30 08:52:22.776291
16891,0001,1211,106,2024-12-30 08:52:22.792278
29326,0001,1211,106,2024-12-30 08:52:22.824045
05261,0001,1212,106,2024-12-30 08:52:22.840273
03066,0000,1212,106,2024-12-30 08:52:22.856274
02004,0000,1211,106,2024-12-30 08:52:22.872268
35593,0000,1212,106,2024-12-30 08:52:22.888263
14567,0001,1212,106,2024-12-30 08:52:22.904258
12220,0000,1212,106,2024-12-30 08:52:22.920256
33806,0000,1211,106,2024-12-30 08:52:22.936258
30439,0000,1212,106,2024-12-30 08:52:22.952264
26581,0000,1212,106,2024-12-30 08:52:22.983684
01347,0000,1212,106,2024-12-30 08:52:23.000253
13043,0000,1211,106,2024-12-30 08:52:23.016242
53443,0000,1212,106,2024-12-30 08:52:23.032235
02269,0000,1212,106,2024-12-30 08:52:23.048235
00791,0000,1212,106,2024-12-30 08:52:23.064240
13226,0001,1211,106,2024-12-30 08:52:23.080229
23091,0000,1212,106,2024-12-30 08:52:23.096224
48072,0000,1212,106,2024-12-30 08:52:23.112214
34579,0000,1212,106,2024-12-30 08:52:23.128223
24617,0000,1211,106,2024-12-30 08:52:23.160065
04244,0000,1211,106,2024-12-30 08:52:23.176215
17604,0000,1212,106,2024-12-30 08:52:23.192205
02311,0000,1212,106,2024-12-30 08:52:23.208201
03030,0000,1212,106,2024-12-30 08:52:23.224192
51595,0000,1212,106,2024-12-30 08:52:23.240204
38692,0000,1212,106,2024-12-30 08:52:23.256194
63639,0000,1211,106,2024-12-30 08:52:23.272188
01772,0000,1211,106,2024-12-30 08:52:23.288186
09758,0000,1212,106,2024-12-30 08:52:23.319690
46515,0000,1212,106,2024-12-30 08:52:23.336188
04336,0000,1212,106,2024-12-30 08:52:23.352169
04135,0000,1212,106,2024-12-30 08:52:23.368186
00865,0000,1212,106,2024-12-30 08:52:23.384160
04437,0001,1212,106,2024-12-30 08:52:23.400170
03704,0000,1211,106,2024-12-30 08:52:23.416158
28664,0000,1211,106,2024-12-30 08:52:23.432160
42142,0000,1212,106,2024-12-30 08:52:23.448161
44172,0000,1212,106,2024-12-30 08:52:23.464164
16695,0000,1212,106,2024-12-30 08:52:23.496087
32282,0000,1212,106,2024-12-30 08:52:23.512144
41595,0000,1211,106,2024-12-30 08:52:23.528134
02752,0000,1211,106,2024-12-30 08:52:23.544144
03228,0000,1211,106,2024-12-30 08:52:23.560142
00666,0000,1212,106,2024-12-30 08:52:23.576131
04545,0000,1212,106,2024-12-30 08:52:23.592134
02906,0000,1212,106,2024-12-30 08:52:23.608137
04487,0001,1212,106,2024-12-30 08:52:23.624122
00717,0000,1212,106,2024-12-30 08:52:23.655723
13114,0000,1212,106,2024-12-30 08:52:23.672107
01979,0000,1212,106,2024-12-30 08:52:23.688103
02685,0000,1212,106,2024-12-30 08:52:23.704106
14433,0000,1212,106,2024-12-30 08:52:23.720107
09117,0000,1211,106,2024-12-30 08:52:23.736088
12337,0000,1212,106,2024-12-30 08:52:23.752097
19146,0000,1212,106,2024-12-30 08:52:23.768097
09747,0000,1212,106,2024-12-30 08:52:23.784092
05270,0000,1212,106,2024-12-30 08:52:23.800088
23997,0000,1212,106,2024-12-30 08:52:23.832081
11482,0000,1212,106,2024-12-30 08:52:23.848084
10172,0000,1212,106,2024-12-30 08:52:23.864072
32174,0000,1212,106,2024-12-30 08:52:23.880075
02336,0000,1212,106,2024-12-30 08:52:23.896068
23534,0000,1212,106,2024-12-30 08:52:23.912073
38390,0000,1212,106,2024-12-30 08:52:23.928058
37135,0000,1212,106,2024-12-30 08:52:23.944059
10891,0000,1211,106,2024-12-30 08:52:23.960061
34732,0000,1212,106,2024-12-30 08:52:23.991764
21156,0000,1212,106,2024-12-30 08:52:24.008040
00614,0000,1212,106,2024-12-30 08:52:24.024042
01337,0000,1212,106,2024-12-30 08:52:24.040037
00236,0000,1212,106,2024-12-30 08:52:24.056041
28629,0001,1212,106,2024-12-30 08:52:24.072024
41421,0000,1212,106,2024-12-30 08:52:24.088025
41678,0000,1212,106,2024-12-30 08:52:24.104032
05026,0000,1212,106,2024-12-30 08:52:24.120032
02237,0000,1212,106,2024-12-30 08:52:24.151404
09200,0000,1212,106,2024-12-30 08:52:24.168009
25543,0000,1212,106,2024-12-30 08:52:24.184016
40785,0000,1212,106,2024-12-30 08:52:24.200009
20528,0000,1212,106,2024-12-30 08:52:24.216007
26109,0000,1212,106,2024-12-30 08:52:24.232011
55551,0000,1212,106,2024-12-30 08:52:24.248017
19825,0001,1212,106,2024-12-30 08:52:24.263998
05158,0000,1212,106,2024-12-30 08:52:24.279986
27916,0000,1212,106,2024-12-30 08:52:24.295992
37537,0000,1212,106,2024-12-30 08:52:24.327789
40278,0000,1212,106,2024-12-30 08:52:24.343980
02596,0000,1212,106,2024-12-30 08:52:24.359980
09341,0000,1212,106,2024-12-30 08:52:24.375964
00504,0001,1212,106,2024-12-30 08:52:24.391963
28883,0000,1212,106,2024-12-30 08:52:24.407960
19900,0000,1212,106,2024-12-30 08:52:24.423956
16994,0000,1212,106,2024-12-30 08:52:24.439962
20796,0000,1212,106,2024-12-30 08:52:24.455963
04541,0000,1212,106,2024-12-30 08:52:24.487426
17102,0000,1212,106,2024-12-30 08:52:24.503948
07015,0000,1212,106,2024-12-30 08:52:24.519950
03018,0000,1212,106,2024-12-30 08:52:24.535937
19101,0000,1212,106,2024-12-30 08:52:24.551934
02762,0000,1212,106,2024-12-30 08:52:24.567936
19898,0000,1212,106,2024-12-30 08:52:24.583928
23714,0001,1212,106,2024-12-30 08:52:24.599929
37064,0000,1213,106,2024-12-30 08:52:24.615929
30106,0000,1212,106,2024-12-30 08:52:24.631931
00940,0000,1212,106,2024-12-30 08:52:24.663807
09407,0000,1212,106,2024-12-30 08:52:24.679915
53330,0000,1212,106,2024-12-30 08:52:24.695911
57589,0000,1212,106,2024-12-30 08:52:24.711900
04573,0000,1212,106,2024-12-30 08:52:24.727912
46324,0000,1212,106,2024-12-30 08:52:24.743898
30095,0000,1212,106,2024-12-30 08:52:24.759898
17057,0000,1212,106,2024-12-30 08:52:24.775891
01326,0000,1212,106,2024-12-30 08:52:24.791894
03873,0000,1212,106,2024-12-30 08:52:24.823468
03096,0000,1212,106,2024-12-30 08:52:24.839898
05259,0000,1212,106,2024-12-30 08:52:24.855875
26314,0000,1212,106,2024-12-30 08:52:24.871887
45829,0000,1212,106,2024-12-30 08:52:24.887882
00748,0000,1212,106,2024-12-30 08:52:24.903882
05276,0000,1212,106,2024-12-30 08:52:24.919865
03847,0000,1212,106,2024-12-30 08:52:24.935872
04982,0000,1212,106,2024-12-30 08:52:24.951863
10587,0000,1212,106,2024-12-30 08:52:24.967864
46505,0000,1212,106,2024-12-30 08:52:24.999864
04537,0000,1212,106,2024-12-30 08:52:25.015854
28268,0000,1212,106,2024-12-30 08:52:25.031860
46275,0000,1212,106,2024-12-30 08:52:25.047838
35254,0000,1212,106,2024-12-30 08:52:25.063826
04323,0000,1212,106,2024-12-30 08:52:25.079837
44846,0000,1212,106,2024-12-30 08:52:25.095827
02653,0000,1212,106,2024-12-30 08:52:25.111825
00240,0001,1212,106,2024-12-30 08:52:25.127821
05482,0000,1212,106,2024-12-30 08:52:25.159478
03501,0000,1212,106,2024-12-30 08:52:25.175817
04068,0000,1212,106,2024-12-30 08:52:25.191809
07283,0000,1212,106,2024-12-30 08:52:25.207811
02301,0000,1212,106,2024-12-30 08:52:25.223806
03668,0000,1212,106,2024-12-30 08:52:25.239814
19619,0001,1212,106,2024-12-30 08:52:25.255809
07034,0000,1212,106,2024-12-30 08:52:25.271802
07093,0000,1212,106,2024-12-30 08:52:25.287799
02215,0000,1212,106,2024-12-30 08:52:25.319139
04157,0000,1212,106,2024-12-30 08:52:25.335807
37937,0000,1212,106,2024-12-30 08:52:25.351810
27088,0000,1212,106,2024-12-30 08:52:25.367814
39915,0000,1212,106,2024-12-30 08:52:25.383811
35459,0000,1212,106,2024-12-30 08:52:25.399808
44655,0000,1212,106,2024-12-30 08:52:25.415818
03460,0000,1212,106,2024-12-30 08:52:25.431823
03158,0000,1213,106,2024-12-30 08:52:25.447833
01145,0001,1212,106,2024-12-30 08:52:25.463827
03088,0000,1212,106,2024-12-30 08:52:25.495508
20147,0000,1212,106,2024-12-30 08:52:25.511749
04450,0000,1212,106,2024-12-30 08:52:25.527751
24880,0000,1212,106,2024-12-30 08:52:25.543737
01843,0000,1212,106,2024-12-30 08:52:25.559741
41813,0000,1212,106,2024-12-30 08:52:25.575738
11318,0000,1212,106,2024-12-30 08:52:25.591734
01990,0000,1212,106,2024-12-30 08:52:25.607731
05449,0000,1212,106,2024-12-30 08:52:25.623723
12162,0000,1213,106,2024-12-30 08:52:25.655144
55551,0000,1212,106,2024-12-30 08:52:25.671732
04943,0000,1212,106,2024-12-30 08:52:25.687706
30374,0000,1212,106,2024-12-30 08:52:25.703726
07041,0000,1212,106,2024-12-30 08:52:25.719704
13397,0000,1212,106,2024-12-30 08:52:25.735711
39931,0000,1212,106,2024-12-30 08:52:25.751695
02011,0000,1212,106,2024-12-30 08:52:25.767701
23896,0000,1212,106,2024-12-30 08:52:25.783694
13740,0000,1212,106,2024-12-30 08:52:25.799700
32279,0000,1212,106,2024-12-30 08:52:25.831532
23289,0000,1212,106,2024-12-30 08:52:25.847680
05472,0000,1212,106,2024-12-30 08:52:25.863682
02287,0000,1212,106,2024-12-30 08:52:25.879670
12620,0000,1212,106,2024-12-30 08:52:25.895675
49120,0000,1212,106,2024-12-30 08:52:25.911670
09995,0000,1213,106,2024-12-30 08:52:25.927672
67668,0000,1212,106,2024-12-30 08:52:25.943660
03118,0000,1213,106,2024-12-30 08:52:25.959652
43677,0000,1212,106,2024-12-30 08:52:25.991156
00262,0000,1212,106,2024-12-30 08:52:26.007649
02255,0000,1212,106,2024-12-30 08:52:26.023643
40969,0000,1213,106,2024-12-30 08:52:26.039645
15558,0000,1213,106,2024-12-30 08:52:26.055651
05367,0000,1212,106,2024-12-30 08:52:26.071630
43835,0000,1212,106,2024-12-30 08:52:26.087633
48942,0000,1212,106,2024-12-30 08:52:26.103627
21583,0000,1213,106,2024-12-30 08:52:26.119626
03801,0000,1212,106,2024-12-30 08:52:26.135623
29872,0000,1212,106,2024-12-30 08:52:26.167567
20724,0000,1212,106,2024-12-30 08:52:26.183631
01286,0000,1213,106,2024-12-30 08:52:26.199609
46715,0000,1212,106,2024-12-30 08:52:26.215614
27274,0000,1212,106,2024-12-30 08:52:26.231606
20994,0000,1212,106,2024-12-30 08:52:26.247620
02726,0001,1212,106,2024-12-30 08:52:26.263603
01202,0000,1212,106,2024-12-30 08:52:26.279604
05291,0000,1213,106,2024-12-30 08:52:26.295588
12106,0000,1212,106,2024-12-30 08:52:26.327182
01362,0000,1212,106,2024-12-30 08:52:26.343589
04400,0000,1212,106,2024-12-30 08:52:26.359576
17107,0001,1213,106,2024-12-30 08:52:26.375577
06028,0000,1212,106,2024-12-30 08:52:26.391570
02894,0000,1212,106,2024-12-30 08:52:26.407578
05126,0000,1212,106,2024-12-30 08:52:26.423569
01666,0000,1212,106,2024-12-30 08:52:26.439574
12125,0000,1212,106,2024-12-30 08:52:26.455570
48901,0000,1212,106,2024-12-30 08:52:26.471555
62689,0000,1213,106,2024-12-30 08:52:26.503547
03306,0000,1213,106,2024-12-30 08:52:26.519550
27841,0000,1213,106,2024-12-30 08:52:26.535544
03493,0000,1213,106,2024-12-30 08:52:26.551541
02974,0000,1212,106,2024-12-30 08:52:26.567543
00671,0000,1213,106,2024-12-30 08:52:26.583530
06784,0000,1213,106,2024-12-30 08:52:26.599542
02968,0000,1213,106,2024-12-30 08:52:26.615532
03110,0000,1212,106,2024-12-30 08:52:26.631531
47502,0000,1213,106,2024-12-30 08:52:26.663220
58307,0000,1213,106,2024-12-30 08:52:26.679514
15359,0000,1213,106,2024-12-30 08:52:26.695513
41846,0000,1212,106,2024-12-30 08:52:26.711504
04603,0000,1212,106,2024-12-30 08:52:26.727509
37051,0000,1212,106,2024-12-30 08:52:26.743510
01479,0000,1213,106,2024-12-30 08:52:26.759498
61641,0000,1213,106,2024-12-30 08:52:26.775494
43442,0000,1213,106,2024-12-30 08:52:26.791506
04260,0000,1212,106,2024-12-30 08:52:26.822861
17789,0000,1213,106,2024-12-30 08:52:26.839502
06861,0001,1213,106,2024-12-30 08:52:26.855479
53911,0001,1213,106,2024-12-30 08:52:26.871478
00052,0000,1213,106,2024-12-30 08:52:26.887464
01309,0000,1213,106,2024-12-30 08:52:26.903479
00653,0000,1213,106,2024-12-30 08:52:26.919469
02326,0000,1212,106,2024-12-30 08:52:26.935469
01518,0000,1213,106,2024-12-30 08:52:26.951465
14932,0000,1213,106,2024-12-30 08:52:26.967464
05405,0000,1213,106,2024-12-30 08:52:26.999241
03539,0000,1213,106,2024-12-30 08:52:27.015444
25610,0000,1213,106,2024-12-30 08:52:27.031434
05084,0000,1212,106,2024-12-30 08:52:27.047443
66755,0000,1212,106,2024-12-30 08:52:27.063432
14802,0000,1213,106,2024-12-30 08:52:27.079433
01013,0000,1213,106,2024-12-30 08:52:27.095427
21518,0000,1212,106,2024-12-30 08:52:27.111424
04603,0000,1213,106,2024-12-30 08:52:27.127423
23109,0000,1212,106,2024-12-30 08:52:27.158873
03730,0000,1213,106,2024-12-30 08:52:27.175418
06958,0000,1213,106,2024-12-30 08:52:27.191413
54828,0000,1213,106,2024-12-30 08:52:27.207413
03847,0000,1213,106,2024-12-30 08:52:27.223421
52541,0000,1213,106,2024-12-30 08:52:27.239432
02791,0000,1212,106,2024-12-30 08:52:27.255408
08695,0000,1212,106,2024-12-30 08:52:27.271392
23876,0000,1213,106,2024-12-30 08:52:27.287399
03558,0000,1213,106,2024-12-30 08:52:27.303396
01242,0001,1213,106,2024-12-30 08:52:27.335290
53101,0000,1213,106,2024-12-30 08:52:27.351405
30328,0000,1213,106,2024-12-30 08:52:27.367402
28497,0000,1213,106,2024-12-30 08:52:27.383394
25841,0000,1213,106,2024-12-30 08:52:27.399379
09287,0000,1213,106,2024-12-30 08:52:27.415378
33254,0000,1213,106,2024-12-30 08:52:27.431369
05013,0000,1213,106,2024-12-30 08:52:27.447368
04181,0000,1213,106,2024-12-30 08:52:27.463360
45534,0000,1213,106,2024-12-30 08:52:27.494916
25667,0000,1213,106,2024-12-30 08:52:27.511358
04549,0000,1213,106,2024-12-30 08:52:27.527354
04833,0000,1213,106,2024-12-30 08:52:27.543351
00726,0000,1213,106,2024-12-30 08:52:27.559343
27272,0000,1213,106,2024-12-30 08:52:27.575343
18507,0000,1213,106,2024-12-30 08:52:27.591338
11128,0000,1213,106,2024-12-30 08:52:27.607341
42462,0000,1213,106,2024-12-30 08:52:27.623346
09785,0000,1213,106,2024-12-30 08:52:27.639324
01003,0000,1213,106,2024-12-30 08:52:27.671300
27359,0000,1213,106,2024-12-30 08:52:27.687320
61726,0000,1213,106,2024-12-30 08:52:27.703314
26017,0000,1213,106,2024-12-30 08:52:27.719309
02200,0000,1213,106,2024-12-30 08:52:27.735314
29716,0000,1213,106,2024-12-30 08:52:27.751310
26388,0000,1213,106,2024-12-30 08:52:27.767302
27492,0000,1213,106,2024-12-30 08:52:27.783302
27051,0001,1213,106,2024-12-30 08:52:27.799291
06028,0000,1213,106,2024-12-30 08:52:27.830938
05005,0000,1213,106,2024-12-30 08:52:27.847288
03379,0000,1213,106,2024-12-30 08:52:27.863286
15182,0000,1213,106,2024-12-30 08:52:27.879281
05459,0000,1213,106,2024-12-30 08:52:27.895279
44829,0000,1213,106,2024-12-30 08:52:27.911282
02821,0000,1213,106,2024-12-30 08:52:27.927276
25957,0000,1213,106,2024-12-30 08:52:27.943286
05195,0001,1213,106,2024-12-30 08:52:27.959272
00760,0000,1213,106,2024-12-30 08:52:27.990576
03869,0000,1213,106,2024-12-30 08:52:28.007264
05490,0000,1213,106,2024-12-30 08:52:28.023268
26949,0000,1213,106,2024-12-30 08:52:28.039250
03664,0000,1213,106,2024-12-30 08:52:28.055251
04679,0000,1213,106,2024-12-30 08:52:28.071244
44118,0000,1213,106,2024-12-30 08:52:28.087242
02099,0000,1213,106,2024-12-30 08:52:28.103238
03868,0000,1213,106,2024-12-30 08:52:28.119233
28525,0000,1213,106,2024-12-30 08:52:28.135239
00596,0000,1213,106,2024-12-30 08:52:28.166962
22801,0000,1213,106,2024-12-30 08:52:28.183223
02404,0000,1213,106,2024-12-30 08:52:28.199210
05961,0000,1213,106,2024-12-30 08:52:28.215215
15227,0000,1213,106,2024-12-30 08:52:28.231215
09756,0000,1213,106,2024-12-30 08:52:28.247212
03517,0000,1213,106,2024-12-30 08:52:28.263204
04535,0000,1213,106,2024-12-30 08:52:28.279198
26212,0000,1213,106,2024-12-30 08:52:28.295192
00632,0000,1213,106,2024-12-30 08:52:28.326603
04542,0000,1213,106,2024-12-30 08:52:28.343188
05243,0000,1213,106,2024-12-30 08:52:28.359193
01274,0000,1213,106,2024-12-30 08:52:28.375185
03030,0000,1213,106,2024-12-30 08:52:28.391180
03721,0000,1213,106,2024-12-30 08:52:28.407185
02988,0000,1213,106,2024-12-30 08:52:28.423190
26169,0000,1213,106,2024-12-30 08:52:28.439191
39029,0000,1213,106,2024-12-30 08:52:28.455190
00679,0000,1213,106,2024-12-30 08:52:28.471194
04447,0000,1213,106,2024-12-30 08:52:28.503003
39287,0000,1213,106,2024-12-30 08:52:28.519196
34810,0000,1213,106,2024-12-30 08:52:28.535199
15123,0000,1213,106,2024-12-30 08:52:28.551201
02181,0000,1213,106,2024-12-30 08:52:28.567202
30145,0000,1213,106,2024-12-30 08:52:28.583205
27979,0000,1213,106,2024-12-30 08:52:28.599131
05484,0000,1213,106,2024-12-30 08:52:28.615128
01376,0000,1213,106,2024-12-30 08:52:28.631135
03561,0000,1213,106,2024-12-30 08:52:28.662623
04534,0000,1213,106,2024-12-30 08:52:28.679124
00365,0000,1213,106,2024-12-30 08:52:28.695121
67769,0000,1213,106,2024-12-30 08:52:28.711122
00504,0000,1213,106,2024-12-30 08:52:28.727117
54029,0000,1213,106,2024-12-30 08:52:28.743118
03819,0000,1213,106,2024-12-30 08:52:28.759112
01545,0000,1213,106,2024-12-30 08:52:28.775112
18722,0000,1213,106,2024-12-30 08:52:28.791116
19247,0000,1213,106,2024-12-30 08:52:28.807106
05222,0000,1213,106,2024-12-30 08:52:28.839030
15359,0000,1213,106,2024-12-30 08:52:28.855090
05412,0000,1213,106,2024-12-30 08:52:28.871094
55102,0000,1213,106,2024-12-30 08:52:28.887088
03697,0000,1213,106,2024-12-30 08:52:28.903093
01708,0000,1213,106,2024-12-30 08:52:28.919089
20350,0000,1213,106,2024-12-30 08:52:28.935076
02464,0000,1213,106,2024-12-30 08:52:28.951078
11590,0000,1213,106,2024-12-30 08:52:28.967076
02786,0000,1213,106,2024-12-30 08:52:28.998648
09255,0000,1213,106,2024-12-30 08:52:29.015064
03620,0000,1213,106,2024-12-30 08:52:29.031056
18534,0000,1213,106,2024-12-30 08:52:29.047065
02286,0000,1213,106,2024-12-30 08:52:29.063056
03466,0000,1213,106,2024-12-30 08:52:29.079062
17686,0000,1213,106,2024-12-30 08:52:29.095047
22954,0001,1213,106,2024-12-30 08:52:29.111053
15248,0001,1213,106,2024-12-30 08:52:29.127046
10949,0001,1213,106,2024-12-30 08:52:29.143046
04796,0000,1213,106,2024-12-30 08:52:29.175044
05065,0000,1213,106,2024-12-30 08:52:29.191040
07396,0000,1214,106,2024-12-30 08:52:29.207027
06971,0000,1213,106,2024-12-30 08:52:29.223031
37062,0000,1213,106,2024-12-30 08:52:29.239033
10773,0000,1213,106,2024-12-30 08:52:29.255032
30783,0000,1213,106,2024-12-30 08:52:29.271016
02485,0000,1213,106,2024-12-30 08:52:29.287019
13822,0001,1213,106,2024-12-30 08:52:29.303041
32351,0000,1213,106,2024-12-30 08:52:29.334695
02917,0000,1213,106,2024-12-30 08:52:29.351010
44182,0000,1213,106,2024-12-30 08:52:29.367009
04381,0000,1213,106,2024-12-30 08:52:29.382993
02910,0000,1213,106,2024-12-30 08:52:29.398999
31953,0000,1213,106,2024-12-30 08:52:29.414988
02359,0000,1213,106,2024-12-30 08:52:29.430985
04302,0000,1213,106,2024-12-30 08:52:29.446974
05228,0000,1213,106,2024-12-30 08:52:29.462977
05327,0000,1213,106,2024-12-30 08:52:29.494319
37004,0000,1213,106,2024-12-30 08:52:29.510969
03876,0000,1214,106,2024-12-30 08:52:29.526971
03584,0000,1213,106,2024-12-30 08:52:29.542963
04551,0000,1213,106,2024-12-30 08:52:29.558967
39381,0001,1213,106,2024-12-30 08:52:29.574971
03783,0000,1213,106,2024-12-30 08:52:29.590963
42393,0000,1213,106,2024-12-30 08:52:29.606955
58214,0000,1214,106,2024-12-30 08:52:29.622948
53435,0000,1213,106,2024-12-30 08:52:29.638942
01346,0001,1213,106,2024-12-30 08:52:29.670720
04662,0000,1213,106,2024-12-30 08:52:29.686938
03017,0000,1213,106,2024-12-30 08:52:29.702946
00410,0000,1213,106,2024-12-30 08:52:29.718923
04624,0000,1213,106,2024-12-30 08:52:29.734923
01334,0000,1213,106,2024-12-30 08:52:29.750926
05118,0000,1213,106,2024-12-30 08:52:29.766936
05310,0000,1214,106,2024-12-30 08:52:29.782911
08419,0000,1213,106,2024-12-30 08:52:29.798917
38443,0000,1213,106,2024-12-30 08:52:29.830343
01443,0001,1213,106,2024-12-30 08:52:29.846904
16441,0000,1213,106,2024-12-30 08:52:29.862911
20686,0000,1213,106,2024-12-30 08:52:29.878901
32913,0000,1213,106,2024-12-30 08:52:29.894900
03811,0000,1213,106,2024-12-30 08:52:29.910891
09402,0000,1213,106,2024-12-30 08:52:29.926894
23439,0000,1213,106,2024-12-30 08:52:29.942881
20041,0000,1213,106,2024-12-30 08:52:29.958889
34115,0000,1213,106,2024-12-30 08:52:29.974889
05354,0000,1213,106,2024-12-30 08:52:30.006736
31287,0000,1213,106,2024-12-30 08:52:30.022871
01406,0000,1213,106,2024-12-30 08:52:30.038866
18466,0000,1213,106,2024-12-30 08:52:30.054859
00625,0000,1214,106,2024-12-30 08:52:30.070863
29942,0000,1213,106,2024-12-30 08:52:30.086857
02277,0000,1213,106,2024-12-30 08:52:30.102860
04274,0000,1213,106,2024-12-30 08:52:30.118842
05200,0000,1213,106,2024-12-30 08:52:30.134844
01464,0000,1213,106,2024-12-30 08:52:30.166364
25531,0000,1213,106,2024-12-30 08:52:30.182837
22566,0000,1214,106,2024-12-30 08:52:30.198840
04491,0000,1214,106,2024-12-30 08:52:30.214837
03573,0001,1214,106,2024-12-30 08:52:30.230839
17544,0000,1213,106,2024-12-30 08:52:30.246840
05432,0000,1213,106,2024-12-30 08:52:30.262823
17387,0000,1214,106,2024-12-30 08:52:30.278831
05715,0000,1214,106,2024-12-30 08:52:30.294823
64358,0000,1214,106,2024-12-30 08:52:30.310813
27377,0000,1214,106,2024-12-30 08:52:30.342773
00327,0000,1213,106,2024-12-30 08:52:30.358808
40073,0001,1214,106,2024-12-30 08:52:30.374817
11968,0000,1213,106,2024-12-30 08:52:30.390793
05469,0000,1213,106,2024-12-30 08:52:30.406796
10653,0000,1213,106,2024-12-30 08:52:30.422791
47335,0000,1213,106,2024-12-30 08:52:30.438792
01658,0000,1214,106,2024-12-30 08:52:30.454783
17402,0000,1214,106,2024-12-30 08:52:30.470783
03804,0000,1213,106,2024-12-30 08:52:30.502402
43329,0000,1214,106,2024-12-30 08:52:30.518770
23316,0000,1214,106,2024-12-30 08:52:30.534770
03104,0000,1213,106,2024-12-30 08:52:30.550766
67002,0000,1213,106,2024-12-30 08:52:30.566756
00510,0000,1213,106,2024-12-30 08:52:30.582763
04401,0000,1214,106,2024-12-30 08:52:30.598762
05366,0000,1214,106,2024-12-30 08:52:30.614760
57707,0000,1214,106,2024-12-30 08:52:30.630752
23003,0001,1214,106,2024-12-30 08:52:30.646754
04109,0000,1213,106,2024-12-30 08:52:30.678748
57624,0000,1213,106,2024-12-30 08:52:30.694743
25989,0000,1214,106,2024-12-30 08:52:30.710745
16578,0000,1213,106,2024-12-30 08:52:30.726736
30039,0000,1214,106,2024-12-30 08:52:30.742741
14579,0000,1213,106,2024-12-30 08:52:30.758736
03024,0000,1214,106,2024-12-30 08:52:30.774722
32298,0000,1214,106,2024-12-30 08:52:30.790724
02105,0000,1214,106,2024-12-30 08:52:30.806716
23189,0001,1214,106,2024-12-30 08:52:30.838427
32338,0000,1214,106,2024-12-30 08:52:30.854714
21538,0000,1213,106,2024-12-30 08:52:30.870721
03826,0000,1213,106,2024-12-30 08:52:30.886710
23345,0000,1214,106,2024-12-30 08:52:30.902706
06050,0000,1213,106,2024-12-30 08:52:30.918708
02071,0000,1214,106,2024-12-30 08:52:30.934690
03148,0000,1213,106,2024-12-30 08:52:30.950679
02059,0000,1214,106,2024-12-30 08:52:30.966694
29053,0000,1214,106,2024-12-30 08:52:30.998059
29230,0000,1213,106,2024-12-30 08:52:31.014668
04080,0000,1214,106,2024-12-30 08:52:31.030667
29158,0001,1214,106,2024-12-30 08:52:31.046669
35379,0000,1214,106,2024-12-30 08:52:31.062665
01274,0000,1214,106,2024-12-30 08:52:31.078664
03919,0000,1214,106,2024-12-30 08:52:31.094661
00522,0000,1214,106,2024-12-30 08:52:31.110662
04676,0000,1213,106,2024-12-30 08:52:31.126660
31605,0000,1213,106,2024-12-30 08:52:31.142659
05068,0000,1214,106,2024-12-30 08:52:31.174452
05366,0000,1213,106,2024-12-30 08:52:31.190641
18299,0000,1214,106,2024-12-30 08:52:31.206642
01545,0000,1213,106,2024-12-30 08:52:31.222632
03699,0000,1214,106,2024-12-30 08:52:31.238644
18042,0000,1214,106,2024-12-30 08:52:31.254630
11463,0000,1214,106,2024-12-30 08:52:31.270636
06780,0000,1214,106,2024-12-30 08:52:31.286621
10889,0000,1214,106,2024-12-30 08:52:31.302619
04484,0000,1214,106,2024-12-30 08:52:31.334082
20527,0000,1214,106,2024-12-30 08:52:31.350606
20655,0001,1214,106,2024-12-30 08:52:31.366609
12446,0001,1214,106,2024-12-30 08:52:31.382604
02101,0000,1214,106,2024-12-30 08:52:31.398606
00399,0001,1214,106,2024-12-30 08:52:31.414597
02674,0000,1214,106,2024-12-30 08:52:31.430602
27200,0000,1214,106,2024-12-30 08:52:31.446588
44690,0000,1214,106,2024-12-30 08:52:31.462595
20681,0000,1214,106,2024-12-30 08:52:31.478588
00749,0000,1214,106,2024-12-30 08:52:31.510473
14769,0000,1214,106,2024-12-30 08:52:31.526577
04548,0000,1214,106,2024-12-30 08:52:31.542578
37615,0000,1214,106,2024-12-30 08:52:31.558579
03654,0000,1214,106,2024-12-30 08:52:31.574588
02249,0001,1214,106,2024-12-30 08:52:31.590581
44678,0001,1214,106,2024-12-30 08:52:31.606586
20129,0000,1214,106,2024-12-30 08:52:31.622587
50884,0000,1214,106,2024-12-30 08:52:31.638588
27461,0000,1214,106,2024-12-30 08:52:31.670134
34778,0000,1214,106,2024-12-30 08:52:31.686598
03716,0001,1214,106,2024-12-30 08:52:31.702596
28566,0000,1214,106,2024-12-30 08:52:31.718608
05501,0000,1214,106,2024-12-30 08:52:31.735553
08792,0000,1214,106,2024-12-30 08:52:31.750585
16481,0000,1214,106,2024-12-30 08:52:31.766531
03701,0000,1214,106,2024-12-30 08:52:31.782533
40256,0000,1214,106,2024-12-30 08:52:31.798529
11288,0000,1214,106,2024-12-30 08:52:31.814526
31905,0000,1214,106,2024-12-30 08:52:31.846498
05072,0000,1214,106,2024-12-30 08:52:31.862511
39171,0000,1214,106,2024-12-30 08:52:31.878511
35586,0000,1214,106,2024-12-30 08:52:31.894508
05288,0000,1214,106,2024-12-30 08:52:31.910507
11016,0000,1214,106,2024-12-30 08:52:31.926512
07986,0000,1214,106,2024-12-30 08:52:31.942494
03368,0001,1213,106,2024-12-30 08:52:31.958489
02325,0000,1214,106,2024-12-30 08:52:31.974496
06302,0000,1214,106,2024-12-30 08:52:32.006146
00725,0000,1214,106,2024-12-30 08:52:32.022481
24714,0000,1214,106,2024-12-30 08:52:32.038479
03265,0000,1214,106,2024-12-30 08:52:32.054481
00230,0000,1214,106,2024-12-30 08:52:32.070463
00585,0000,1214,106,2024-12-30 08:52:32.086466
27127,0000,1214,106,2024-12-30 08:52:32.102460
21228,0000,1214,106,2024-12-30 08:52:32.118469
10505,0000,1214,106,2024-12-30 08:52:32.134457
15514,0000,1214,106,2024-12-30 08:52:32.165779
05428,0000,1214,106,2024-12-30 08:52:32.182437
04242,0000,1214,106,2024-12-30 08:52:32.198433
59308,0001,1214,106,2024-12-30 08:52:32.214436
01507,0000,1214,106,2024-12-30 08:52:32.230428
01461,0001,1214,106,2024-12-30 08:52:32.246440
24979,0000,1214,106,2024-12-30 08:52:32.262424
03075,0000,1214,106,2024-12-30 08:52:32.278413
13181,0000,1214,106,2024-12-30 08:52:32.294417
03794,0000,1214,106,2024-12-30 08:52:32.310435
29541,0000,1214,106,2024-12-30 08:52:32.342159
39240,0000,1214,106,2024-12-30 08:52:32.358393
02845,0000,1214,106,2024-12-30 08:52:32.374402
01716,0000,1214,106,2024-12-30 08:52:32.390393
51777,0000,1214,106,2024-12-30 08:52:32.406391
38303,0000,1214,106,2024-12-30 08:52:32.422402
00653,0000,1214,106,2024-12-30 08:52:32.438393
18864,0000,1214,106,2024-12-30 08:52:32.454386
09871,0000,1214,106,2024-12-30 08:52:32.470386
19066,0000,1214,106,2024-12-30 08:52:32.501801
04652,0000,1214,106,2024-12-30 08:52:32.518370
48056,0000,1214,106,2024-12-30 08:52:32.534381
03793,0000,1214,106,2024-12-30 08:52:32.550364
13014,0000,1214,106,2024-12-30 08:52:32.566370
23446,0000,1214,106,2024-12-30 08:52:32.582355
02339,0000,1214,106,2024-12-30 08:52:32.598349
04440,0000,1214,106,2024-12-30 08:52:32.614350
02959,0000,1214,106,2024-12-30 08:52:32.630346
05039,0000,1214,106,2024-12-30 08:52:32.646348
01295,0000,1214,106,2024-12-30 08:52:32.678199
21671,0000,1214,106,2024-12-30 08:52:32.694345
25044,0000,1214,106,2024-12-30 08:52:32.710350
09091,0000,1214,106,2024-12-30 08:52:32.726327
05815,0000,1214,106,2024-12-30 08:52:32.742332
36744,0000,1214,106,2024-12-30 08:52:32.758317
24487,0000,1214,106,2024-12-30 08:52:32.774316
05123,0000,1214,106,2024-12-30 08:52:32.790319
04647,0000,1214,106,2024-12-30 08:52:32.806314
00520,0000,1214,106,2024-12-30 08:52:32.837814
02813,0000,1214,106,2024-12-30 08:52:32.854307
03330,0000,1214,106,2024-12-30 08:52:32.870297
01971,0000,1214,106,2024-12-30 08:52:32.886302
03653,0000,1214,106,2024-12-30 08:52:32.902293
02779,0000,1214,106,2024-12-30 08:52:32.918302
58541,0000,1214,106,2024-12-30 08:52:32.934295
35622,0000,1214,106,2024-12-30 08:52:32.950300
03315,0000,1214,106,2024-12-30 08:52:32.966288
51716,0000,1215,106,2024-12-30 08:52:32.982289
03633,0000,1214,106,2024-12-30 08:52:33.014210
02318,0000,1214,106,2024-12-30 08:52:33.030279
08953,0000,1214,106,2024-12-30 08:52:33.046277
08564,0000,1214,106,2024-12-30 08:52:33.062271
01551,0000,1214,106,2024-12-30 08:52:33.078272
31607,0000,1214,106,2024-12-30 08:52:33.094274
03203,0000,1214,106,2024-12-30 08:52:33.110256
13050,0001,1214,106,2024-12-30 08:52:33.126258
04388,0000,1214,106,2024-12-30 08:52:33.142250
03910,0000,1214,106,2024-12-30 08:52:33.173865
05261,0000,1214,106,2024-12-30 08:52:33.190245
04314,0001,1214,106,2024-12-30 08:52:33.206239
59831,0000,1214,106,2024-12-30 08:52:33.222238
02313,0000,1214,106,2024-12-30 08:52:33.238236
05129,0000,1214,106,2024-12-30 08:52:33.254232
15484,0000,1214,106,2024-12-30 08:52:33.270221
36966,0001,1215,106,2024-12-30 08:52:33.286224
02090,0000,1214,106,2024-12-30 08:52:33.302229
12757,0000,1214,106,2024-12-30 08:52:33.318213
02738,0000,1214,106,2024-12-30 08:52:33.350202
19270,0000,1214,106,2024-12-30 08:52:33.366214
03913,0000,1214,106,2024-12-30 08:52:33.382237
07460,0000,1214,106,2024-12-30 08:52:33.398212
27281,0000,1214,106,2024-12-30 08:52:33.414193
50045,0000,1214,106,2024-12-30 08:52:33.430192
27475,0000,1214,106,2024-12-30 08:52:33.446192
03896,0000,1214,106,2024-12-30 08:52:33.462198
28112,0000,1215,106,2024-12-30 08:52:33.478196
00512,0000,1214,106,2024-12-30 08:52:33.509879
45605,0000,1214,106,2024-12-30 08:52:33.526176
04555,0000,1214,106,2024-12-30 08:52:33.542160
04285,0000,1214,106,2024-12-30 08:52:33.558160
02842,0000,1214,106,2024-12-30 08:52:33.574173
24459,0000,1214,106,2024-12-30 08:52:33.590165
00665,0000,1214,106,2024-12-30 08:52:33.606169
01747,0001,1214,106,2024-12-30 08:52:33.622161
02076,0000,1214,106,2024-12-30 08:52:33.638150
65163,0000,1214,106,2024-12-30 08:52:33.669519
46490,0000,1214,106,2024-12-30 08:52:33.686149
21750,0000,1214,106,2024-12-30 08:52:33.702151
02881,0000,1214,106,2024-12-30 08:52:33.718134
03327,0000,1214,106,2024-12-30 08:52:33.734134
11694,0000,1214,106,2024-12-30 08:52:33.750138
03786,0000,1214,106,2024-12-30 08:52:33.766137
00242,0000,1214,106,2024-12-30 08:52:33.782119
03222,0000,1214,106,2024-12-30 08:52:33.798131
35717,0000,1214,106,2024-12-30 08:52:33.814122
02909,0000,1214,106,2024-12-30 08:52:33.845909
07749,0000,1214,106,2024-12-30 08:52:33.862131
26822,0000,1214,106,2024-12-30 08:52:33.878130
02193,0000,1214,106,2024-12-30 08:52:33.894098
00525,0000,1215,106,2024-12-30 08:52:33.910104
23773,0000,1214,106,2024-12-30 08:52:33.926095
30048,0000,1214,106,2024-12-30 08:52:33.942096
02216,0000,1214,106,2024-12-30 08:52:33.958087
33237,0000,1214,106,2024-12-30 08:52:33.974098
20694,0000,1214,106,2024-12-30 08:52:34.005562
03189,0000,1214,106,2024-12-30 08:52:34.022085
49650,0000,1214,106,2024-12-30 08:52:34.038081
28076,0000,1214,106,2024-12-30 08:52:34.054081
58437,0000,1215,106,2024-12-30 08:52:34.070072
04335,0000,1214,106,2024-12-30 08:52:34.086064
00594,0000,1214,106,2024-12-30 08:52:34.102066
09229,0000,1214,106,2024-12-30 08:52:34.118060
01989,0000,1214,106,2024-12-30 08:52:34.134050
04114,0000,1214,106,2024-12-30 08:52:34.150059
06413,0001,1214,106,2024-12-30 08:52:34.181924
20909,0000,1214,106,2024-12-30 08:52:34.198037
10821,0000,1214,106,2024-12-30 08:52:34.214047
37803,0000,1214,106,2024-12-30 08:52:34.230038
01458,0000,1215,106,2024-12-30 08:52:34.246051
03802,0000,1215,106,2024-12-30 08:52:34.262039
36679,0001,1215,106,2024-12-30 08:52:34.278040
03085,0000,1215,106,2024-12-30 08:52:34.294019
02249,0000,1214,106,2024-12-30 08:52:34.310033
01118,0000,1214,106,2024-12-30 08:52:34.341570
21852,0000,1215,106,2024-12-30 08:52:34.358016
28536,0000,1215,106,2024-12-30 08:52:34.374019
00699,0001,1214,106,2024-12-30 08:52:34.390014
16807,0000,1215,106,2024-12-30 08:52:34.406025
15501,0000,1215,106,2024-12-30 08:52:34.422001
01205,0001,1215,106,2024-12-30 08:52:34.438002
19826,0000,1214,106,2024-12-30 08:52:34.453990
01549,0000,1215,106,2024-12-30 08:52:34.470003
02941,0000,1215,106,2024-12-30 08:52:34.485987
62512,0000,1214,106,2024-12-30 08:52:34.517966
04404,0000,1214,106,2024-12-30 08:52:34.533979
41868,0000,1214,106,2024-12-30 08:52:34.549980
61562,0000,1214,106,2024-12-30 08:52:34.565970
09957,0000,1214,106,2024-12-30 08:52:34.581972
02539,0000,1214,106,2024-12-30 08:52:34.597961
03640,0000,1215,106,2024-12-30 08:52:34.613966
01238,0000,1215,106,2024-12-30 08:52:34.629969
05784,0000,1215,106,2024-12-30 08:52:34.645959
04363,0000,1214,106,2024-12-30 08:52:34.677614
24596,0000,1215,106,2024-12-30 08:52:34.693969
27375,0000,1215,106,2024-12-30 08:52:34.709968
05412,0000,1215,106,2024-12-30 08:52:34.725972
35567,0000,1215,106,2024-12-30 08:52:34.741974
06909,0000,1214,106,2024-12-30 08:52:34.757969
01359,0000,1215,106,2024-12-30 08:52:34.773969
40373,0000,1214,106,2024-12-30 08:52:34.789978
12917,0000,1215,106,2024-12-30 08:52:34.805984
01533,0000,1214,106,2024-12-30 08:52:34.821978
24261,0000,1214,106,2024-12-30 08:52:34.853909
00705,0000,1214,106,2024-12-30 08:52:34.869911
02362,0000,1215,106,2024-12-30 08:52:34.885910
02228,0000,1215,106,2024-12-30 08:52:34.901905
01675,0000,1214,106,2024-12-30 08:52:34.917890
03355,0000,1215,106,2024-12-30 08:52:34.933899
18334,0000,1215,106,2024-12-30 08:52:34.949888
23951,0000,1214,106,2024-12-30 08:52:34.965890
05018,0001,1214,106,2024-12-30 08:52:34.981891
04646,0000,1215,106,2024-12-30 08:52:35.013600
03709,0000,1215,106,2024-12-30 08:52:35.029883
03817,0000,1214,106,2024-12-30 08:52:35.045879
00684,0000,1215,106,2024-12-30 08:52:35.061874
01285,0000,1214,106,2024-12-30 08:52:35.077877
17787,0000,1214,106,2024-12-30 08:52:35.093863
29556,0000,1215,106,2024-12-30 08:52:35.109879
53197,0000,1214,106,2024-12-30 08:52:35.125865
46632,0000,1215,106,2024-12-30 08:52:35.141866
00612,0000,1215,106,2024-12-30 08:52:35.173261
13208,0000,1215,106,2024-12-30 08:52:35.189851
06873,0000,1215,106,2024-12-30 08:52:35.205848
03038,0000,1215,106,2024-12-30 08:52:35.221840
06868,0000,1215,106,2024-12-30 08:52:35.237857
03829,0000,1214,106,2024-12-30 08:52:35.253841
00561,0000,1215,106,2024-12-30 08:52:35.269831
00971,0000,1215,106,2024-12-30 08:52:35.285833
05223,0000,1215,106,2024-12-30 08:52:35.301826
04725,0000,1215,106,2024-12-30 08:52:35.317819
04342,0000,1214,106,2024-12-30 08:52:35.349641
28612,0000,1215,106,2024-12-30 08:52:35.365811
22411,0000,1215,106,2024-12-30 08:52:35.381813
09465,0000,1215,106,2024-12-30 08:52:35.397806
00997,0000,1215,106,2024-12-30 08:52:35.413803
63670,0000,1215,106,2024-12-30 08:52:35.429805
31222,0000,1215,106,2024-12-30 08:52:35.445787
01575,0000,1215,106,2024-12-30 08:52:35.461794
16211,0000,1215,106,2024-12-30 08:52:35.477786
04428,0000,1215,106,2024-12-30 08:52:35.509273
02878,0000,1215,106,2024-12-30 08:52:35.525791
57567,0000,1215,106,2024-12-30 08:52:35.541782
46435,0000,1215,106,2024-12-30 08:52:35.557789
29404,0000,1215,106,2024-12-30 08:52:35.573765
19794,0000,1215,106,2024-12-30 08:52:35.589770
00400,0000,1215,106,2024-12-30 08:52:35.605765
05286,0000,1215,106,2024-12-30 08:52:35.621774
27525,0000,1215,106,2024-12-30 08:52:35.637771
04744,0001,1215,106,2024-12-30 08:52:35.653764
58245,0000,1215,106,2024-12-30 08:52:35.685681
06963,0000,1215,106,2024-12-30 08:52:35.701750
00541,0000,1215,106,2024-12-30 08:52:35.717741
05373,0000,1215,106,2024-12-30 08:52:35.733735
16240,0000,1215,106,2024-12-30 08:52:35.749739
01059,0000,1215,106,2024-12-30 08:52:35.765735
35539,0000,1215,106,2024-12-30 08:52:35.781722
20171,0000,1215,106,2024-12-30 08:52:35.797729
01985,0000,1215,106,2024-12-30 08:52:35.813732
00687,0000,1215,106,2024-12-30 08:52:35.845314
18707,0000,1215,106,2024-12-30 08:52:35.861724
62686,0000,1215,106,2024-12-30 08:52:35.877705
30085,0000,1215,106,2024-12-30 08:52:35.893717
17710,0000,1215,106,2024-12-30 08:52:35.909713
01911,0000,1215,106,2024-12-30 08:52:35.925708
04897,0000,1215,106,2024-12-30 08:52:35.941706
06325,0000,1215,106,2024-12-30 08:52:35.957687
00466,0000,1215,106,2024-12-30 08:52:35.973692
48793,0000,1215,106,2024-12-30 08:52:35.989688
01414,0000,1215,106,2024-12-30 08:52:36.021672
56585,0000,1215,106,2024-12-30 08:52:36.037679
02989,0001,1215,106,2024-12-30 08:52:36.053674
01296,0000,1215,106,2024-12-30 08:52:36.069674
30370,0000,1215,106,2024-12-30 08:52:36.085667
02271,0000,1215,106,2024-12-30 08:52:36.101669
11702,0000,1215,106,2024-12-30 08:52:36.117658
04348,0000,1215,106,2024-12-30 08:52:36.133669
22226,0000,1215,106,2024-12-30 08:52:36.149651
02750,0000,1215,106,2024-12-30 08:52:36.181332
02093,0000,1215,106,2024-12-30 08:52:36.197657
05220,0000,1215,106,2024-12-30 08:52:36.213650
30225,0000,1214,106,2024-12-30 08:52:36.229644
02275,0000,1215,106,2024-12-30 08:52:36.245647
14580,0000,1215,106,2024-12-30 08:52:36.261634
04991,0000,1215,106,2024-12-30 08:52:36.277635
50082,0000,1215,106,2024-12-30 08:52:36.293630
17762,0000,1215,106,2024-12-30 08:52:36.309646
28686,0000,1215,106,2024-12-30 08:52:36.340975
31305,0000,1215,106,2024-12-30 08:52:36.357615
00420,0000,1215,106,2024-12-30 08:52:36.373618
23673,0000,1215,106,2024-12-30 08:52:36.389617
00392,0000,1215,106,2024-12-30 08:52:36.405601
27008,0000,1215,106,2024-12-30 08:52:36.421611
03006,0001,1215,106,2024-12-30 08:52:36.437606
02828,0000,1215,106,2024-12-30 08:52:36.453598
15172,0000,1215,106,2024-12-30 08:52:36.469595
27744,0000,1215,106,2024-12-30 08:52:36.485594
01527,0000,1215,106,2024-12-30 08:52:36.517361
21368,0000,1215,106,2024-12-30 08:52:36.533598
24525,0000,1215,106,2024-12-30 08:52:36.549587
34038,0001,1215,106,2024-12-30 08:52:36.565579
01858,0000,1214,106,2024-12-30 08:52:36.581581
09259,0000,1215,106,2024-12-30 08:52:36.597582
15163,0000,1215,106,2024-12-30 08:52:36.613566
39132,0000,1215,106,2024-12-30 08:52:36.629570
58227,0000,1215,106,2024-12-30 08:52:36.645559
02097,0000,1215,106,2024-12-30 08:52:36.676995
10141,0000,1215,106,2024-12-30 08:52:36.693556
22735,0000,1215,106,2024-12-30 08:52:36.709555
40069,0000,1215,106,2024-12-30 08:52:36.725553
36192,0000,1215,106,2024-12-30 08:52:36.741538
01103,0000,1215,106,2024-12-30 08:52:36.757547
20170,0000,1215,106,2024-12-30 08:52:36.773539
55615,0000,1215,106,2024-12-30 08:52:36.789537
04331,0000,1215,106,2024-12-30 08:52:36.805534
30735,0000,1215,106,2024-12-30 08:52:36.821528
20117,0000,1215,106,2024-12-30 08:52:36.853376
21757,0000,1215,106,2024-12-30 08:52:36.869518
03466,0000,1215,106,2024-12-30 08:52:36.885515
02733,0000,1215,106,2024-12-30 08:52:36.901506
03697,0000,1215,106,2024-12-30 08:52:36.917508
07574,0000,1215,106,2024-12-30 08:52:36.933498
29753,0000,1215,106,2024-12-30 08:52:36.949502
07566,0000,1215,106,2024-12-30 08:52:36.965499
20926,0000,1215,106,2024-12-30 08:52:36.981494
00873,0000,1215,106,2024-12-30 08:52:37.013035
02917,0000,1215,106,2024-12-30 08:52:37.029484
59256,0000,1215,106,2024-12-30 08:52:37.045477
02077,0000,1215,106,2024-12-30 08:52:37.061480
03858,0000,1215,106,2024-12-30 08:52:37.077474
14060,0000,1215,106,2024-12-30 08:52:37.093468
43801,0000,1215,106,2024-12-30 08:52:37.109471
17588,0000,1215,106,2024-12-30 08:52:37.125458
35581,0000,1215,106,2024-12-30 08:52:37.141468
22581,0000,1215,106,2024-12-30 08:52:37.157459
02200,0000,1215,106,2024-12-30 08:52:37.189390
17880,0000,1215,106,2024-12-30 08:52:37.205451
54080,0000,1215,106,2024-12-30 08:52:37.221443
01144,0000,1215,106,2024-12-30 08:52:37.237452
43389,0000,1215,106,2024-12-30 08:52:37.253441
25425,0000,1215,106,2024-12-30 08:52:37.269439
00278,0000,1215,106,2024-12-30 08:52:37.285432
05347,0000,1215,106,2024-12-30 08:52:37.301443
21239,0000,1215,106,2024-12-30 08:52:37.317433
00515,0000,1215,106,2024-12-30 08:52:37.349031
20505,0001,1215,106,2024-12-30 08:52:37.365429
07335,0000,1215,106,2024-12-30 08:52:37.381427
39448,0000,1215,106,2024-12-30 08:52:37.397428
05315,0000,1215,106,2024-12-30 08:52:37.413412
15515,0000,1215,106,2024-12-30 08:52:37.429405
19905,0000,1215,106,2024-12-30 08:52:37.445411
02529,0000,1215,106,2024-12-30 08:52:37.461397
47059,0000,1215,106,2024-12-30 08:52:37.477397
41532,0000,1215,106,2024-12-30 08:52:37.493392
09333,0000,1215,106,2024-12-30 08:52:37.525383
61852,0000,1215,106,2024-12-30 08:52:37.541385
02410,0000,1215,106,2024-12-30 08:52:37.557380
01009,0000,1215,106,2024-12-30 08:52:37.573380
27897,0001,1215,106,2024-12-30 08:52:37.589374
04705,0000,1215,106,2024-12-30 08:52:37.605370
01732,0000,1215,106,2024-12-30 08:52:37.621361
02246,0000,1215,106,2024-12-30 08:52:37.637370
60713,0000,1215,106,2024-12-30 08:52:37.653361
03051,0000,1215,106,2024-12-30 08:52:37.685053
00829,0000,1215,106,2024-12-30 08:52:37.701356
56664,0000,1215,106,2024-12-30 08:52:37.717358
02997,0000,1216,106,2024-12-30 08:52:37.733349
00867,0000,1216,106,2024-12-30 08:52:37.749350
00274,0000,1215,106,2024-12-30 08:52:37.765349
36030,0000,1215,106,2024-12-30 08:52:37.781347
57411,0000,1216,106,2024-12-30 08:52:37.797345
21079,0000,1216,106,2024-12-30 08:52:37.813355
40382,0000,1216,106,2024-12-30 08:52:37.844725
05452,0000,1215,106,2024-12-30 08:52:37.861356
13222,0000,1215,106,2024-12-30 08:52:37.877401
13250,0000,1215,106,2024-12-30 08:52:37.893365
04690,0000,1216,106,2024-12-30 08:52:37.909360
02750,0000,1215,106,2024-12-30 08:52:37.925369
04087,0000,1216,106,2024-12-30 08:52:37.941370
49692,0001,1215,106,2024-12-30 08:52:37.957372
01986,0000,1215,106,2024-12-30 08:52:37.973304
05436,0000,1215,106,2024-12-30 08:52:37.989294
56045,0000,1215,106,2024-12-30 08:52:38.021106
13982,0000,1216,106,2024-12-30 08:52:38.037292
02106,0000,1215,106,2024-12-30 08:52:38.053285
04706,0000,1215,106,2024-12-30 08:52:38.069278
37816,0000,1215,106,2024-12-30 08:52:38.085280
29449,0000,1215,106,2024-12-30 08:52:38.101280
01886,0000,1215,106,2024-12-30 08:52:38.117281
02987,0000,1215,106,2024-12-30 08:52:38.133267
28717,0000,1215,106,2024-12-30 08:52:38.149270
21868,0000,1216,106,2024-12-30 08:52:38.180731
02270,0000,1216,106,2024-12-30 08:52:38.197264
04678,0000,1215,106,2024-12-30 08:52:38.213243
41694,0001,1215,106,2024-12-30 08:52:38.229248
40903,0000,1216,106,2024-12-30 08:52:38.245271
62521,0000,1216,106,2024-12-30 08:52:38.261251
06789,0000,1216,106,2024-12-30 08:52:38.277251
09376,0000,1216,106,2024-12-30 08:52:38.293235
27816,0001,1216,106,2024-12-30 08:52:38.309245
24819,0000,1215,106,2024-12-30 08:52:38.325236
04589,0001,1215,106,2024-12-30 08:52:38.357124
08060,0000,1216,106,2024-12-30 08:52:38.373222
05192,0000,1215,106,2024-12-30 08:52:38.389230
50781,0000,1216,106,2024-12-30 08:52:38.405225
19382,0000,1215,106,2024-12-30 08:52:38.421216
14882,0000,1216,106,2024-12-30 08:52:38.437213
03053,0000,1216,106,2024-12-30 08:52:38.453210
37074,0000,1216,106,2024-12-30 08:52:38.469205
00679,0000,1215,106,2024-12-30 08:52:38.485198
39830,0000,1216,106,2024-12-30 08:52:38.516753
30531,0000,1216,106,2024-12-30 08:52:38.533196
09255,0000,1215,106,2024-12-30 08:52:38.549194
18589,0000,1215,106,2024-12-30 08:52:38.565192
04586,0000,1215,106,2024-12-30 08:52:38.581184
13924,0000,1215,106,2024-12-30 08:52:38.597171
17137,0000,1215,106,2024-12-30 08:52:38.613176
04566,0001,1216,106,2024-12-30 08:52:38.629173
04698,0000,1216,106,2024-12-30 08:52:38.645173
15664,0000,1216,106,2024-12-30 08:52:38.661171
18604,0000,1215,106,2024-12-30 08:52:38.693138
10054,0000,1215,106,2024-12-30 08:52:38.709164
49200,0000,1216,106,2024-12-30 08:52:38.725151
01655,0000,1216,106,2024-12-30 08:52:38.741158
04105,0000,1216,106,2024-12-30 08:52:38.757140
54910,0000,1216,106,2024-12-30 08:52:38.773147
03750,0000,1216,106,2024-12-30 08:52:38.789138
23724,0000,1216,106,2024-12-30 08:52:38.805133
04856,0000,1216,106,2024-12-30 08:52:38.821132
03153,0000,1216,106,2024-12-30 08:52:38.852793
02879,0000,1216,106,2024-12-30 08:52:38.869120
02952,0000,1216,106,2024-12-30 08:52:38.885135
05446,0000,1216,106,2024-12-30 08:52:38.901115
18529,0000,1216,106,2024-12-30 08:52:38.917122
-0023,0000,1216,106,2024-12-30 08:52:38.933119
07747,0000,1216,106,2024-12-30 08:52:38.949103
00774,0000,1216,106,2024-12-30 08:52:38.965105
02237,0000,1216,106,2024-12-30 08:52:38.981099
26695,0000,1216,106,2024-12-30 08:52:39.012416
04566,0000,1216,106,2024-12-30 08:52:39.029094
58216,0000,1216,106,2024-12-30 08:52:39.045092
03769,0000,1215,106,2024-12-30 08:52:39.061092
04647,0000,1216,106,2024-12-30 08:52:39.077080
13946,0000,1216,106,2024-12-30 08:52:39.093081
07107,0000,1216,106,2024-12-30 08:52:39.109074
55610,0000,1216,106,2024-12-30 08:52:39.125074
02959,0000,1216,106,2024-12-30 08:52:39.141068
18659,0000,1216,106,2024-12-30 08:52:39.157072
26510,0000,1216,106,2024-12-30 08:52:39.188796
20109,0000,1216,106,2024-12-30 08:52:39.205056
11281,0000,1216,106,2024-12-30 08:52:39.221059
19482,0000,1216,106,2024-12-30 08:52:39.237059
00888,0000,1216,106,2024-12-30 08:52:39.253047
01737,0000,1216,106,2024-12-30 08:52:39.269049
00074,0000,1216,106,2024-12-30 08:52:39.285046
48273,0000,1216,106,2024-12-30 08:52:39.301038
34552,0000,1216,106,2024-12-30 08:52:39.317043
03026,0000,1216,106,2024-12-30 08:52:39.348431
00843,0000,1215,106,2024-12-30 08:52:39.365024
04385,0000,1216,106,2024-12-30 08:52:39.381029
52235,0000,1216,106,2024-12-30 08:52:39.397040
03898,0000,1216,106,2024-12-30 08:52:39.413027
10971,0000,1216,106,2024-12-30 08:52:39.429018
02211,0000,1216,106,2024-12-30 08:52:39.445010
01979,0000,1216,106,2024-12-30 08:52:39.461010
05418,0000,1216,106,2024-12-30 08:52:39.477008
16439,0000,1216,106,2024-12-30 08:52:39.493012
52366,0000,1216,106,2024-12-30 08:52:39.524845
05460,0000,1216,106,2024-12-30 08:52:39.540990
15686,0000,1216,106,2024-12-30 08:52:39.556990
13314,0000,1216,106,2024-12-30 08:52:39.572987
03676,0000,1216,106,2024-12-30 08:52:39.588982
04444,0000,1216,106,2024-12-30 08:52:39.604982
37670,0000,1216,106,2024-12-30 08:52:39.620979
06144,0000,1216,106,2024-12-30 08:52:39.636973
00257,0000,1216,106,2024-12-30 08:52:39.652969
54895,0000,1216,106,2024-12-30 08:52:39.684471
30633,0000,1216,106,2024-12-30 08:52:39.700970
04013,0000,1216,106,2024-12-30 08:52:39.716966
04519,0000,1216,106,2024-12-30 08:52:39.732972
04820,0000,1216,106,2024-12-30 08:52:39.748963
06263,0000,1216,106,2024-12-30 08:52:39.764948
40007,0000,1216,106,2024-12-30 08:52:39.780949
03947,0000,1216,106,2024-12-30 08:52:39.796941
19965,0000,1216,106,2024-12-30 08:52:39.812939
00873,0001,1216,106,2024-12-30 08:52:39.828939
03916,0000,1216,106,2024-12-30 08:52:39.860852
44624,0000,1216,106,2024-12-30 08:52:39.876931
13374,0000,1216,106,2024-12-30 08:52:39.892928
05521,0000,1216,106,2024-12-30 08:52:39.908927
01072,0000,1216,106,2024-12-30 08:52:39.924916
01570,0000,1216,106,2024-12-30 08:52:39.940917
14795,0000,1216,106,2024-12-30 08:52:39.956908
44084,0000,1216,106,2024-12-30 08:52:39.972912
04641,0000,1216,106,2024-12-30 08:52:39.988905
20942,0000,1216,106,2024-12-30 08:52:40.020512
03845,0000,1216,106,2024-12-30 08:52:40.036898
07648,0000,1216,106,2024-12-30 08:52:40.052893
02214,0000,1216,106,2024-12-30 08:52:40.068893
05504,0000,1216,106,2024-12-30 08:52:40.084885
03781,0001,1216,106,2024-12-30 08:52:40.100896
12406,0000,1216,106,2024-12-30 08:52:40.116890
02007,0000,1216,106,2024-12-30 08:52:40.132877
21093,0000,1216,106,2024-12-30 08:52:40.148878
18185,0000,1216,106,2024-12-30 08:52:40.164877
27655,0000,1216,106,2024-12-30 08:52:40.196863
00668,0000,1216,106,2024-12-30 08:52:40.212856
01658,0000,1216,106,2024-12-30 08:52:40.228855
05609,0000,1216,106,2024-12-30 08:52:40.244871
03749,0001,1216,106,2024-12-30 08:52:40.260854
39773,0000,1216,106,2024-12-30 08:52:40.276854
05394,0000,1216,106,2024-12-30 08:52:40.292844
04611,0000,1216,106,2024-12-30 08:52:40.308850
04648,0001,1216,106,2024-12-30 08:52:40.324837
04587,0000,1216,106,2024-12-30 08:52:40.356532
08545,0000,1216,106,2024-12-30 08:52:40.372837
03751,0001,1216,106,2024-12-30 08:52:40.388824
02842,0000,1216,106,2024-12-30 08:52:40.404816
04727,0000,1216,106,2024-12-30 08:52:40.420825
02112,0000,1216,106,2024-12-30 08:52:40.436814
05421,0000,1216,106,2024-12-30 08:52:40.452815
14732,0000,1216,106,2024-12-30 08:52:40.468809
04645,0000,1216,106,2024-12-30 08:52:40.484803
23097,0000,1216,106,2024-12-30 08:52:40.516184
36953,0000,1216,106,2024-12-30 08:52:40.532791
03856,0001,1216,106,2024-12-30 08:52:40.548785
03420,0000,1216,106,2024-12-30 08:52:40.564788
53972,0000,1216,106,2024-12-30 08:52:40.580793
08661,0000,1216,106,2024-12-30 08:52:40.596785
36350,0000,1216,106,2024-12-30 08:52:40.612796
10011,0000,1216,106,2024-12-30 08:52:40.628783
05526,0000,1216,106,2024-12-30 08:52:40.644770
50842,0000,1216,106,2024-12-30 08:52:40.660771
14677,0000,1216,106,2024-12-30 08:52:40.692554
24923,0000,1216,106,2024-12-30 08:52:40.708773
10119,0001,1216,106,2024-12-30 08:52:40.724763
29682,0000,1216,106,2024-12-30 08:52:40.740760
57676,0000,1216,106,2024-12-30 08:52:40.756755
05369,0000,1216,106,2024-12-30 08:52:40.772750
52520,0000,1216,106,2024-12-30 08:52:40.788748
03757,0000,1216,106,2024-12-30 08:52:40.804746
02180,0000,1216,106,2024-12-30 08:52:40.820740
04076,0000,1216,106,2024-12-30 08:52:40.852193
09962,0000,1216,106,2024-12-30 08:52:40.868738
61553,0000,1216,106,2024-12-30 08:52:40.884734
20068,0000,1216,106,2024-12-30 08:52:40.900735
01945,0000,1216,106,2024-12-30 08:52:40.916743
28888,0000,1216,106,2024-12-30 08:52:40.932745
54329,0000,1216,106,2024-12-30 08:52:40.948745
10062,0000,1216,106,2024-12-30 08:52:40.964742
23236,0001,1216,106,2024-12-30 08:52:40.980743
00957,0000,1216,106,2024-12-30 08:52:40.996748
20149,0000,1216,106,2024-12-30 08:52:41.028608
00587,0000,1216,106,2024-12-30 08:52:41.044756
17614,0000,1216,106,2024-12-30 08:52:41.060758
01010,0000,1216,106,2024-12-30 08:52:41.076757
13207,0000,1216,106,2024-12-30 08:52:41.092686
14027,0000,1216,106,2024-12-30 08:52:41.108682
19459,0000,1216,106,2024-12-30 08:52:41.124677
04780,0000,1216,106,2024-12-30 08:52:41.140685
53437,0000,1216,106,2024-12-30 08:52:41.156682
02476,0000,1216,106,2024-12-30 08:52:41.188210
05469,0000,1216,106,2024-12-30 08:52:41.204669
02987,0000,1216,106,2024-12-30 08:52:41.220659
43990,0000,1216,106,2024-12-30 08:52:41.236667
10020,0000,1216,106,2024-12-30 08:52:41.252656
30381,0000,1216,106,2024-12-30 08:52:41.268658
16329,0000,1216,106,2024-12-30 08:52:41.284658
04631,0000,1216,106,2024-12-30 08:52:41.300657
21317,0000,1216,106,2024-12-30 08:52:41.316652
05438,0000,1217,106,2024-12-30 08:52:41.332641
01632,0000,1216,106,2024-12-30 08:52:41.364614
29596,0000,1216,106,2024-12-30 08:52:41.380640
-0014,0000,1216,106,2024-12-30 08:52:41.396629
61084,0001,1216,106,2024-12-30 08:52:41.412635
04155,0000,1216,106,2024-12-30 08:52:41.428627
05553,0000,1216,106,2024-12-30 08:52:41.444621
18669,0000,1216,106,2024-12-30 08:52:41.460619
03742,0000,1217,106,2024-12-30 08:52:41.476626
02615,0000,1216,106,2024-12-30 08:52:41.492614
28597,0000,1216,106,2024-12-30 08:52:41.524231
59937,0000,1216,106,2024-12-30 08:52:41.540603
16563,0000,1216,106,2024-12-30 08:52:41.556600
15431,0000,1216,106,2024-12-30 08:52:41.572590
05450,0000,1216,106,2024-12-30 08:52:41.588592
61104,0000,1216,106,2024-12-30 08:52:41.604579
16362,0000,1216,106,2024-12-30 08:52:41.620582
58290,0000,1216,106,2024-12-30 08:52:41.636578
13880,0000,1216,106,2024-12-30 08:52:41.652581
02274,0000,1216,106,2024-12-30 08:52:41.668577
01539,0000,1216,106,2024-12-30 08:52:41.700561
07021,0000,1216,106,2024-12-30 08:52:41.716559
21791,0000,1216,106,2024-12-30 08:52:41.732562
03466,0000,1216,106,2024-12-30 08:52:41.748565
03724,0000,1216,106,2024-12-30 08:52:41.764554
36805,0000,1217,106,2024-12-30 08:52:41.780550
11035,0000,1216,106,2024-12-30 08:52:41.796552
29588,0000,1216,106,2024-12-30 08:52:41.812545
02972,0000,1216,106,2024-12-30 08:52:41.828541
10907,0000,1216,106,2024-12-30 08:52:41.860274
10218,0000,1216,106,2024-12-30 08:52:41.876535
01983,0000,1216,106,2024-12-30 08:52:41.892544
53898,0000,1216,106,2024-12-30 08:52:41.908521
25620,0000,1216,106,2024-12-30 08:52:41.924529
00116,0000,1216,106,2024-12-30 08:52:41.940528
01805,0000,1216,106,2024-12-30 08:52:41.956530
03793,0000,1216,106,2024-12-30 08:52:41.972516
54742,0000,1216,106,2024-12-30 08:52:41.988521
05421,0000,1216,106,2024-12-30 08:52:42.019918
43785,0000,1216,106,2024-12-30 08:52:42.036508
05441,0000,1216,106,2024-12-30 08:52:42.052510
04662,0000,1217,106,2024-12-30 08:52:42.068514
11837,0000,1217,106,2024-12-30 08:52:42.084492
21208,0001,1217,106,2024-12-30 08:52:42.100492
04624,0000,1216,106,2024-12-30 08:52:42.116482
03313,0000,1216,106,2024-12-30 08:52:42.132484
60705,0000,1217,106,2024-12-30 08:52:42.148476
03828,0000,1216,106,2024-12-30 08:52:42.164478
20379,0000,1216,106,2024-12-30 08:52:42.196280
63253,0000,1216,106,2024-12-30 08:52:42.212473
03785,0000,1216,106,2024-12-30 08:52:42.228468
56789,0000,1216,106,2024-12-30 08:52:42.244477
02560,0000,1216,106,2024-12-30 08:52:42.260455
36240,0000,1216,106,2024-12-30 08:52:42.276459
00926,0000,1216,106,2024-12-30 08:52:42.292457
04655,0000,1217,106,2024-12-30 08:52:42.308448
26649,0000,1217,106,2024-12-30 08:52:42.324443
04628,0000,1217,106,2024-12-30 08:52:42.355929
05443,0001,1216,106,2024-12-30 08:52:42.372442
08525,0000,1217,106,2024-12-30 08:52:42.388447
04559,0000,1216,106,2024-12-30 08:52:42.404434
04573,0000,1217,106,2024-12-30 08:52:42.420437
05413,0001,1216,106,2024-12-30 08:52:42.436429
03841,0001,1217,106,2024-12-30 08:52:42.452430
53224,0000,1217,106,2024-12-30 08:52:42.468435
14709,0000,1216,106,2024-12-30 08:52:42.484411
08697,0000,1216,106,2024-12-30 08:52:42.500420
00003,0000,1217,106,2024-12-30 08:52:42.532223
63698,0000,1216,106,2024-12-30 08:52:42.548402
05354,0000,1217,106,2024-12-30 08:52:42.564398
50837,0000,1216,106,2024-12-30 08:52:42.580396
01737,0000,1217,106,2024-12-30 08:52:42.596390
04669,0000,1217,106,2024-12-30 08:52:42.612385
02698,0000,1216,106,2024-12-30 08:52:42.628385
53121,0000,1217,106,2024-12-30 08:52:42.644386
00755,0000,1216,106,2024-12-30 08:52:42.660379
05454,0000,1216,106,2024-12-30 08:52:42.691950
10166,0000,1216,106,2024-12-30 08:52:42.708378
03782,0001,1216,106,2024-12-30 08:52:42.724361
15598,0000,1217,106,2024-12-30 08:52:42.740374
01901,0000,1217,106,2024-12-30 08:52:42.756363
05478,0000,1216,106,2024-12-30 08:52:42.772353
04616,0001,1216,106,2024-12-30 08:52:42.788357
03561,0000,1217,106,2024-12-30 08:52:42.804358
04777,0000,1217,106,2024-12-30 08:52:42.820358
06987,0000,1216,106,2024-12-30 08:52:42.836359
04594,0000,1217,106,2024-12-30 08:52:42.868346
06237,0001,1217,106,2024-12-30 08:52:42.884340
04993,0000,1216,106,2024-12-30 08:52:42.900334
28373,0000,1217,106,2024-12-30 08:52:42.916324
00689,0000,1217,106,2024-12-30 08:52:42.932325
03811,0001,1217,106,2024-12-30 08:52:42.948323
21085,0000,1217,106,2024-12-30 08:52:42.964326
26473,0000,1217,106,2024-12-30 08:52:42.980321
36166,0001,1216,106,2024-12-30 08:52:42.996317
16573,0000,1217,106,2024-12-30 08:52:43.027989
03202,0000,1217,106,2024-12-30 08:52:43.044308
46215,0000,1217,106,2024-12-30 08:52:43.060305
04695,0000,1217,106,2024-12-30 08:52:43.076295
19585,0000,1217,106,2024-12-30 08:52:43.092302
03635,0000,1217,106,2024-12-30 08:52:43.108292
00715,0000,1217,106,2024-12-30 08:52:43.124298
10096,0000,1217,106,2024-12-30 08:52:43.140289
25020,0000,1216,106,2024-12-30 08:52:43.156286
05482,0000,1217,106,2024-12-30 08:52:43.187633
11019,0000,1217,106,2024-12-30 08:52:43.204275
15510,0001,1217,106,2024-12-30 08:52:43.220275
50618,0000,1217,106,2024-12-30 08:52:43.236271
03096,0000,1217,106,2024-12-30 08:52:43.252281
00866,0000,1217,106,2024-12-30 08:52:43.268264
04644,0000,1217,106,2024-12-30 08:52:43.284265
14020,0000,1217,106,2024-12-30 08:52:43.300273
27302,0000,1217,106,2024-12-30 08:52:43.316250
35182,0000,1217,106,2024-12-30 08:52:43.332251
18767,0000,1217,106,2024-12-30 08:52:43.364000
04623,0000,1217,106,2024-12-30 08:52:43.380255
04676,0001,1217,106,2024-12-30 08:52:43.396252
28748,0001,1217,106,2024-12-30 08:52:43.412228
58205,0000,1217,106,2024-12-30 08:52:43.428233
04643,0000,1217,106,2024-12-30 08:52:43.444228
09159,0000,1217,106,2024-12-30 08:52:43.460231
05373,0000,1217,106,2024-12-30 08:52:43.476222
54049,0000,1217,106,2024-12-30 08:52:43.492227
03105,0000,1217,106,2024-12-30 08:52:43.523635
18303,0000,1217,106,2024-12-30 08:52:43.540209
03842,0000,1217,106,2024-12-30 08:52:43.556213
04631,0000,1217,106,2024-12-30 08:52:43.572195
62440,0000,1217,106,2024-12-30 08:52:43.588207
04509,0000,1216,106,2024-12-30 08:52:43.604195
49619,0001,1217,106,2024-12-30 08:52:43.620190
09336,0000,1217,106,2024-12-30 08:52:43.636194
34425,0000,1216,106,2024-12-30 08:52:43.652181
23405,0000,1217,106,2024-12-30 08:52:43.668183
47173,0001,1217,106,2024-12-30 08:52:43.700035
39932,0000,1217,106,2024-12-30 08:52:43.716170
24900,0001,1217,106,2024-12-30 08:52:43.732169
04804,0000,1217,106,2024-12-30 08:52:43.748182
25737,0000,1217,106,2024-12-30 08:52:43.764178
01763,0000,1217,106,2024-12-30 08:52:43.780162
37710,0000,1217,106,2024-12-30 08:52:43.796165
05476,0000,1217,106,2024-12-30 08:52:43.812156
59002,0000,1217,106,2024-12-30 08:52:43.828165
05500,0001,1217,106,2024-12-30 08:52:43.859678
21155,0000,1217,106,2024-12-30 08:52:43.876150
35496,0000,1217,106,2024-12-30 08:52:43.892154
40619,0000,1217,106,2024-12-30 08:52:43.908141
20382,0000,1217,106,2024-12-30 08:52:43.924146
35620,0000,1217,106,2024-12-30 08:52:43.940135
20163,0000,1217,106,2024-12-30 08:52:43.956142
24712,0000,1217,106,2024-12-30 08:52:43.972133
44892,0000,1217,106,2024-12-30 08:52:43.988133
00887,0000,1217,106,2024-12-30 08:52:44.004124
56465,0000,1217,106,2024-12-30 08:52:44.036069
01770,0000,1217,106,2024-12-30 08:52:44.052124
00763,0000,1217,106,2024-12-30 08:52:44.068131
06232,0000,1217,106,2024-12-30 08:52:44.084340
37131,0000,1217,106,2024-12-30 08:52:44.100152
03757,0000,1217,106,2024-12-30 08:52:44.116136
02885,0000,1217,106,2024-12-30 08:52:44.132136
02649,0000,1217,106,2024-12-30 08:52:44.148138
62785,0000,1217,106,2024-12-30 08:52:44.164133
44124,0000,1217,106,2024-12-30 08:52:44.195744
66993,0000,1217,106,2024-12-30 08:52:44.212146
04649,0001,1217,106,2024-12-30 08:52:44.228077
20125,0000,1217,106,2024-12-30 08:52:44.244096
04587,0000,1217,106,2024-12-30 08:52:44.260074
03819,0000,1217,106,2024-12-30 08:52:44.276075
05448,0000,1217,106,2024-12-30 08:52:44.292069
10933,0000,1217,106,2024-12-30 08:52:44.308080
58549,0000,1217,106,2024-12-30 08:52:44.324057
62654,0000,1217,106,2024-12-30 08:52:44.340059
06345,0001,1217,106,2024-12-30 08:52:44.372054
05143,0000,1217,106,2024-12-30 08:52:44.388049
47524,0000,1217,106,2024-12-30 08:52:44.404045
05447,0000,1217,106,2024-12-30 08:52:44.420049
01007,0000,1217,106,2024-12-30 08:52:44.436037
04549,0000,1217,106,2024-12-30 08:52:44.452033
54232,0000,1217,106,2024-12-30 08:52:44.468029
35155,0000,1217,106,2024-12-30 08:52:44.484027
53067,0000,1217,106,2024-12-30 08:52:44.500017
22008,0001,1217,106,2024-12-30 08:52:44.531721
52221,0000,1217,106,2024-12-30 08:52:44.548023
04673,0000,1217,106,2024-12-30 08:52:44.564012
43203,0000,1217,106,2024-12-30 08:52:44.580016
38568,0001,1217,106,2024-12-30 08:52:44.596005
03952,0000,1217,106,2024-12-30 08:52:44.611997
00604,0000,1217,106,2024-12-30 08:52:44.628003
03973,0000,1217,106,2024-12-30 08:52:44.643995
10906,0000,1217,106,2024-12-30 08:52:44.659994
04893,0000,1217,106,2024-12-30 08:52:44.691354
30888,0000,1217,106,2024-12-30 08:52:44.707983
62382,0000,1217,106,2024-12-30 08:52:44.723982
24768,0000,1217,106,2024-12-30 08:52:44.739977
19366,0000,1217,106,2024-12-30 08:52:44.755971
64492,0000,1217,106,2024-12-30 08:52:44.771965
01792,0001,1217,106,2024-12-30 08:52:44.787968
04560,0000,1217,106,2024-12-30 08:52:44.803967
43234,0000,1217,106,2024-12-30 08:52:44.819953
14820,0001,1217,106,2024-12-30 08:52:44.835954
04641,0001,1217,106,2024-12-30 08:52:44.867756
05435,0001,1217,106,2024-12-30 08:52:44.883940
09446,0000,1217,106,2024-12-30 08:52:44.899944
06200,0000,1217,106,2024-12-30 08:52:44.915943
02966,0000,1217,106,2024-12-30 08:52:44.931946
03979,0000,1217,106,2024-12-30 08:52:44.947931
48369,0001,1217,106,2024-12-30 08:52:44.963935
05042,0000,1217,106,2024-12-30 08:52:44.979920
02430,0000,1217,106,2024-12-30 08:52:44.995928
56762,0000,1217,106,2024-12-30 08:52:45.027398
04601,0000,1217,106,2024-12-30 08:52:45.043918
05404,0000,1217,106,2024-12-30 08:52:45.059914
30448,0001,1217,106,2024-12-30 08:52:45.075908
62451,0000,1217,106,2024-12-30 08:52:45.091899
63548,0000,1217,106,2024-12-30 08:52:45.107899
49074,0000,1217,106,2024-12-30 08:52:45.123894
00930,0000,1217,106,2024-12-30 08:52:45.139898
14987,0000,1217,106,2024-12-30 08:52:45.155887
03752,0000,1217,106,2024-12-30 08:52:45.171891
03620,0001,1217,106,2024-12-30 08:52:45.203791
05526,0000,1217,106,2024-12-30 08:52:45.219879
13935,0000,1217,106,2024-12-30 08:52:45.235886
03809,0000,1217,106,2024-12-30 08:52:45.251885
48762,0000,1217,106,2024-12-30 08:52:45.267873
19448,0000,1217,106,2024-12-30 08:52:45.283870
04579,0001,1217,106,2024-12-30 08:52:45.299881
02228,0000,1217,106,2024-12-30 08:52:45.315876
28694,0000,1217,106,2024-12-30 08:52:45.331860
34678,0000,1217,106,2024-12-30 08:52:45.363414
62741,0000,1217,106,2024-12-30 08:52:45.379853
04683,0000,1217,106,2024-12-30 08:52:45.395856
13925,0001,1217,106,2024-12-30 08:52:45.411866
03855,0000,1217,106,2024-12-30 08:52:45.427857
04579,0001,1217,106,2024-12-30 08:52:45.443850
43243,0001,1217,106,2024-12-30 08:52:45.459832
01652,0000,1217,106,2024-12-30 08:52:45.475837
03762,0000,1217,106,2024-12-30 08:52:45.491825
02742,0001,1217,106,2024-12-30 08:52:45.507831
00823,0000,1217,106,2024-12-30 08:52:45.539807
04603,0000,1217,106,2024-12-30 08:52:45.555818
01559,0000,1217,106,2024-12-30 08:52:45.571821
03727,0001,1217,106,2024-12-30 08:52:45.587823
01222,0000,1217,106,2024-12-30 08:52:45.603801
05361,0000,1217,106,2024-12-30 08:52:45.619809
02905,0000,1217,106,2024-12-30 08:52:45.635797
03732,0000,1217,106,2024-12-30 08:52:45.651802
05512,0000,1217,106,2024-12-30 08:52:45.667793
00884,0000,1217,106,2024-12-30 08:52:45.699436
03683,0000,1217,106,2024-12-30 08:52:45.715796
28647,0000,1217,106,2024-12-30 08:52:45.731788
10040,0000,1218,106,2024-12-30 08:52:45.747787
23326,0000,1217,106,2024-12-30 08:52:45.763773
56014,0000,1217,106,2024-12-30 08:52:45.779779
07011,0000,1218,106,2024-12-30 08:52:45.795775
54270,0000,1217,106,2024-12-30 08:52:45.811763
29437,0000,1217,106,2024-12-30 08:52:45.827765
22868,0000,1217,106,2024-12-30 08:52:45.859072
00421,0000,1217,106,2024-12-30 08:52:45.875758
61959,0000,1217,106,2024-12-30 08:52:45.891751
05615,0000,1217,106,2024-12-30 08:52:45.907749
04688,0000,1217,106,2024-12-30 08:52:45.923748
48848,0000,1217,106,2024-12-30 08:52:45.939750
03560,0000,1217,106,2024-12-30 08:52:45.955742
29574,0000,1217,106,2024-12-30 08:52:45.971746
01547,0000,1218,106,2024-12-30 08:52:45.987734
00010,0000,1217,106,2024-12-30 08:52:46.003727
30910,0000,1217,106,2024-12-30 08:52:46.035478
03783,0000,1217,106,2024-12-30 08:52:46.051730
22367,0000,1217,106,2024-12-30 08:52:46.067718
22660,0000,1218,106,2024-12-30 08:52:46.083719
00749,0000,1217,106,2024-12-30 08:52:46.099719
54228,0000,1218,106,2024-12-30 08:52:46.115703
06331,0000,1217,106,2024-12-30 08:52:46.131709
00757,0000,1217,106,2024-12-30 08:52:46.147702
40843,0000,1217,106,2024-12-30 08:52:46.163704
44852,0001,1217,106,2024-12-30 08:52:46.195115
56857,0000,1217,106,2024-12-30 08:52:46.211696
21092,0000,1217,106,2024-12-30 08:52:46.227697
03361,0000,1217,106,2024-12-30 08:52:46.243701
58527,0000,1217,106,2024-12-30 08:52:46.259690
29640,0000,1217,106,2024-12-30 08:52:46.275677
06137,0000,1218,106,2024-12-30 08:52:46.291674
01605,0000,1217,106,2024-12-30 08:52:46.307668
01713,0000,1218,106,2024-12-30 08:52:46.323672
20165,0001,1217,106,2024-12-30 08:52:46.339665
56767,0000,1217,106,2024-12-30 08:52:46.371504
01542,0000,1218,106,2024-12-30 08:52:46.387655
43262,0000,1217,106,2024-12-30 08:52:46.403656
13059,0000,1218,106,2024-12-30 08:52:46.419648
51367,0000,1218,106,2024-12-30 08:52:46.435647
02188,0000,1218,106,2024-12-30 08:52:46.451641
56622,0000,1217,106,2024-12-30 08:52:46.467641
02841,0000,1218,106,2024-12-30 08:52:46.483636
13280,0000,1217,106,2024-12-30 08:52:46.499642
51382,0000,1217,106,2024-12-30 08:52:46.531137
04680,0000,1218,106,2024-12-30 08:52:46.547621
09205,0000,1217,106,2024-12-30 08:52:46.563624
04551,0000,1218,106,2024-12-30 08:52:46.579616
22308,0000,1217,106,2024-12-30 08:52:46.595623
21974,0001,1218,106,2024-12-30 08:52:46.611613
05445,0000,1217,106,2024-12-30 08:52:46.627609
50655,0000,1218,106,2024-12-30 08:52:46.643603
23030,0001,1217,106,2024-12-30 08:52:46.659602
19512,0000,1217,106,2024-12-30 08:52:46.675596
18600,0000,1218,106,2024-12-30 08:52:46.707545
04738,0001,1218,106,2024-12-30 08:52:46.723588
62580,0000,1218,106,2024-12-30 08:52:46.739590
21161,0000,1217,106,2024-12-30 08:52:46.755594
20982,0000,1218,106,2024-12-30 08:52:46.771590
28619,0001,1217,106,2024-12-30 08:52:46.787572
02295,0000,1217,106,2024-12-30 08:52:46.803581
01514,0000,1217,106,2024-12-30 08:52:46.819571
00918,0000,1217,106,2024-12-30 08:52:46.835572
28836,0000,1217,106,2024-12-30 08:52:46.867152
19174,0000,1218,106,2024-12-30 08:52:46.883569
40826,0000,1218,106,2024-12-30 08:52:46.899566
54289,0000,1217,106,2024-12-30 08:52:46.915554
34499,0000,1218,106,2024-12-30 08:52:46.931553
63256,0000,1218,106,2024-12-30 08:52:46.947545
47064,0000,1218,106,2024-12-30 08:52:46.963542
04634,0000,1218,106,2024-12-30 08:52:46.979543
02069,0000,1217,106,2024-12-30 08:52:46.995547
09281,0001,1217,106,2024-12-30 08:52:47.011533
63677,0000,1218,106,2024-12-30 08:52:47.043525
02933,0001,1217,106,2024-12-30 08:52:47.059531
04589,0000,1218,106,2024-12-30 08:52:47.075535
09324,0000,1218,106,2024-12-30 08:52:47.091517
01955,0000,1218,106,2024-12-30 08:52:47.107515
58430,0000,1218,106,2024-12-30 08:52:47.123512
06258,0000,1218,106,2024-12-30 08:52:47.139508
10137,0000,1217,106,2024-12-30 08:52:47.155522
00766,0000,1218,106,2024-12-30 08:52:47.171517
03006,0000,1217,106,2024-12-30 08:52:47.203206
44176,0001,1218,106,2024-12-30 08:52:47.219521
12491,0000,1218,106,2024-12-30 08:52:47.235525
03832,0000,1217,106,2024-12-30 08:52:47.251539
12737,0001,1217,106,2024-12-30 08:52:47.267533
03056,0000,1218,106,2024-12-30 08:52:47.283528
05535,0000,1218,106,2024-12-30 08:52:47.299530
09314,0000,1217,106,2024-12-30 08:52:47.315536
04495,0000,1218,106,2024-12-30 08:52:47.331540
38225,0000,1218,106,2024-12-30 08:52:47.362798
51727,0000,1218,106,2024-12-30 08:52:47.379468
10182,0000,1218,106,2024-12-30 08:52:47.395463
01515,0000,1218,106,2024-12-30 08:52:47.411454
04662,0000,1217,106,2024-12-30 08:52:47.427455
03805,0000,1218,106,2024-12-30 08:52:47.443456
20361,0000,1217,106,2024-12-30 08:52:47.459453
05422,0000,1218,106,2024-12-30 08:52:47.475444
53986,0000,1218,106,2024-12-30 08:52:47.491440
08713,0000,1218,106,2024-12-30 08:52:47.507433
04632,0000,1218,106,2024-12-30 08:52:47.539225
04413,0000,1218,106,2024-12-30 08:52:47.555423
03684,0000,1218,106,2024-12-30 08:52:47.571421
02256,0000,1218,106,2024-12-30 08:52:47.587417
20995,0000,1218,106,2024-12-30 08:52:47.603422
15483,0000,1218,106,2024-12-30 08:52:47.619410
02833,0000,1217,106,2024-12-30 08:52:47.635412
60722,0000,1218,106,2024-12-30 08:52:47.651407
28676,0000,1218,106,2024-12-30 08:52:47.667410
35398,0000,1218,106,2024-12-30 08:52:47.698856
04695,0000,1218,106,2024-12-30 08:52:47.715396
58164,0000,1218,106,2024-12-30 08:52:47.731397
20306,0000,1217,106,2024-12-30 08:52:47.747390
08584,0000,1218,106,2024-12-30 08:52:47.763390
01928,0001,1218,106,2024-12-30 08:52:47.779385
02074,0000,1218,106,2024-12-30 08:52:47.795385
66151,0000,1218,106,2024-12-30 08:52:47.811375
17845,0000,1218,106,2024-12-30 08:52:47.827380
04561,0000,1218,106,2024-12-30 08:52:47.843369
37875,0000,1218,106,2024-12-30 08:52:47.875239
02866,0000,1218,106,2024-12-30 08:52:47.891364
00060,0000,1218,106,2024-12-30 08:52:47.907357
06986,0000,1217,106,2024-12-30 08:52:47.923362
05468,0000,1218,106,2024-12-30 08:52:47.939364
08620,0000,1218,106,2024-12-30 08:52:47.955348
05361,0000,1218,106,2024-12-30 08:52:47.971348
09167,0000,1218,106,2024-12-30 08:52:47.987345
39815,0000,1218,106,2024-12-30 08:52:48.003343
20095,0000,1218,106,2024-12-30 08:52:48.034876
03865,0000,1218,106,2024-12-30 08:52:48.051335
07626,0000,1218,106,2024-12-30 08:52:48.067341
47406,0000,1218,106,2024-12-30 08:52:48.083322
02747,0000,1218,106,2024-12-30 08:52:48.099321
03870,0000,1218,106,2024-12-30 08:52:48.115317
30476,0000,1218,106,2024-12-30 08:52:48.131312
03606,0000,1218,106,2024-12-30 08:52:48.147313
48889,0000,1218,106,2024-12-30 08:52:48.163322
09302,0000,1218,106,2024-12-30 08:52:48.179312
04684,0000,1218,106,2024-12-30 08:52:48.211266
19619,0000,1218,106,2024-12-30 08:52:48.227298
00917,0000,1218,106,2024-12-30 08:52:48.243310
03712,0000,1218,106,2024-12-30 08:52:48.259295
04639,0000,1218,106,2024-12-30 08:52:48.275294
01949,0000,1218,106,2024-12-30 08:52:48.291284
02720,0000,1218,106,2024-12-30 08:52:48.307296
21255,0000,1218,106,2024-12-30 08:52:48.323285
06344,0000,1218,106,2024-12-30 08:52:48.339268
00960,0000,1218,106,2024-12-30 08:52:48.370896
24186,0000,1218,106,2024-12-30 08:52:48.387272
02644,0001,1218,106,2024-12-30 08:52:48.403257
02257,0000,1218,106,2024-12-30 08:52:48.419261
17193,0000,1218,106,2024-12-30 08:52:48.435262
14821,0000,1218,106,2024-12-30 08:52:48.451264
29624,0000,1218,106,2024-12-30 08:52:48.467250
20931,0000,1218,106,2024-12-30 08:52:48.483252
26617,0000,1218,106,2024-12-30 08:52:48.499244
01514,0000,1218,106,2024-12-30 08:52:48.515247
29631,0000,1218,106,2024-12-30 08:52:48.547236
13415,0000,1218,106,2024-12-30 08:52:48.563230
18656,0000,1218,106,2024-12-30 08:52:48.579220
50027,0000,1218,106,2024-12-30 08:52:48.595223
25057,0000,1218,106,2024-12-30 08:52:48.611217
09372,0000,1218,106,2024-12-30 08:52:48.627216
04696,0000,1218,106,2024-12-30 08:52:48.643211
03206,0000,1218,106,2024-12-30 08:52:48.659215
18849,0000,1218,106,2024-12-30 08:52:48.675204
03495,0000,1218,106,2024-12-30 08:52:48.706949
02330,0000,1218,106,2024-12-30 08:52:48.723216
02764,0000,1218,106,2024-12-30 08:52:48.739196
20281,0001,1218,106,2024-12-30 08:52:48.755190
15493,0000,1218,106,2024-12-30 08:52:48.771187
15595,0000,1218,106,2024-12-30 08:52:48.787181
48771,0001,1218,106,2024-12-30 08:52:48.803184
03830,0001,1218,106,2024-12-30 08:52:48.819182
14627,0000,1218,106,2024-12-30 08:52:48.835183
43063,0000,1218,106,2024-12-30 08:52:48.866558
15746,0000,1218,106,2024-12-30 08:52:48.883168
07782,0000,1218,106,2024-12-30 08:52:48.899168
01834,0000,1218,106,2024-12-30 08:52:48.915157
17198,0001,1218,106,2024-12-30 08:52:48.931162
05479,0000,1218,106,2024-12-30 08:52:48.947153
16323,0000,1218,106,2024-12-30 08:52:48.963160
03766,0000,1218,106,2024-12-30 08:52:48.979147
15616,0000,1218,106,2024-12-30 08:52:48.995150
05526,0000,1218,106,2024-12-30 08:52:49.011142
41612,0000,1218,106,2024-12-30 08:52:49.042942
33902,0000,1218,106,2024-12-30 08:52:49.059135
00043,0000,1218,106,2024-12-30 08:52:49.075128
04149,0000,1218,106,2024-12-30 08:52:49.091133
03881,0000,1218,106,2024-12-30 08:52:49.107132
02368,0000,1218,106,2024-12-30 08:52:49.123129
11474,0000,1218,106,2024-12-30 08:52:49.139128
04511,0000,1218,106,2024-12-30 08:52:49.155123
36129,0001,1218,106,2024-12-30 08:52:49.171119
46392,0000,1218,106,2024-12-30 08:52:49.202611
45731,0000,1218,106,2024-12-30 08:52:49.219115
49734,0000,1218,106,2024-12-30 08:52:49.235100
27930,0000,1218,106,2024-12-30 08:52:49.251111
51316,0000,1218,106,2024-12-30 08:52:49.267092
16279,0000,1218,106,2024-12-30 08:52:49.283097
01320,0000,1218,106,2024-12-30 08:52:49.299091
04631,0000,1218,106,2024-12-30 08:52:49.315104
12527,0000,1218,106,2024-12-30 08:52:49.331088
05454,0000,1218,106,2024-12-30 08:52:49.347089
02641,0000,1218,106,2024-12-30 08:52:49.378997
01598,0000,1218,106,2024-12-30 08:52:49.395074
00783,0000,1218,106,2024-12-30 08:52:49.411070
05395,0000,1218,106,2024-12-30 08:52:49.427067
37820,0000,1218,106,2024-12-30 08:52:49.443067
04625,0000,1218,106,2024-12-30 08:52:49.459064
04836,0000,1218,106,2024-12-30 08:52:49.475062
14849,0000,1218,106,2024-12-30 08:52:49.491062
00086,0000,1218,106,2024-12-30 08:52:49.507044
38678,0000,1218,106,2024-12-30 08:52:49.538623
08579,0000,1218,106,2024-12-30 08:52:49.555053
04012,0000,1218,106,2024-12-30 08:52:49.571040
00276,0000,1218,106,2024-12-30 08:52:49.587044
05467,0000,1218,106,2024-12-30 08:52:49.603040
03919,0000,1218,106,2024-12-30 08:52:49.619024
03911,0000,1218,106,2024-12-30 08:52:49.635029
00112,0000,1218,106,2024-12-30 08:52:49.651027
00792,0000,1218,106,2024-12-30 08:52:49.667022
02957,0000,1218,106,2024-12-30 08:52:49.683018
03914,0000,1218,106,2024-12-30 08:52:49.715009
00745,0000,1218,106,2024-12-30 08:52:49.731007
03854,0001,1218,106,2024-12-30 08:52:49.747004
04606,0000,1218,106,2024-12-30 08:52:49.763000
03489,0000,1218,106,2024-12-30 08:52:49.779000
20346,0000,1218,106,2024-12-30 08:52:49.794998
01454,0000,1218,106,2024-12-30 08:52:49.810991
53338,0000,1218,106,2024-12-30 08:52:49.826987
47257,0000,1218,106,2024-12-30 08:52:49.842979
25776,0000,1218,106,2024-12-30 08:52:49.874675
03818,0000,1218,106,2024-12-30 08:52:49.890995
39539,0000,1218,106,2024-12-30 08:52:49.906968
03712,0000,1218,106,2024-12-30 08:52:49.922973
09620,0000,1218,106,2024-12-30 08:52:49.938961
03253,0000,1218,106,2024-12-30 08:52:49.954969
61613,0001,1218,106,2024-12-30 08:52:49.970960
23157,0000,1218,106,2024-12-30 08:52:49.986962
20155,0000,1218,106,2024-12-30 08:52:50.002958
05408,0001,1218,106,2024-12-30 08:52:50.034269
33202,0000,1218,106,2024-12-30 08:52:50.050940
66692,0000,1218,106,2024-12-30 08:52:50.066946
47043,0000,1218,106,2024-12-30 08:52:50.082935
00940,0000,1218,106,2024-12-30 08:52:50.098936
28097,0000,1218,106,2024-12-30 08:52:50.114935
12778,0000,1218,106,2024-12-30 08:52:50.130935
06078,0000,1218,106,2024-12-30 08:52:50.146928
01859,0000,1218,106,2024-12-30 08:52:50.162935
49778,0000,1218,106,2024-12-30 08:52:50.178917
05441,0001,1218,106,2024-12-30 08:52:50.210684
54277,0000,1218,106,2024-12-30 08:52:50.226909
19428,0000,1218,106,2024-12-30 08:52:50.242918
02588,0000,1218,106,2024-12-30 08:52:50.258906
00905,0001,1218,106,2024-12-30 08:52:50.274909
00588,0000,1218,106,2024-12-30 08:52:50.290911
15448,0000,1218,106,2024-12-30 08:52:50.306911
02329,0000,1218,106,2024-12-30 08:52:50.322913
23815,0001,1218,106,2024-12-30 08:52:50.338915
00139,0000,1218,106,2024-12-30 08:52:50.370333
18756,0000,1218,106,2024-12-30 08:52:50.386924
42467,0000,1218,106,2024-12-30 08:52:50.402922
49632,0000,1218,106,2024-12-30 08:52:50.418927
44674,0000,1218,106,2024-12-30 08:52:50.434927
25429,0000,1218,106,2024-12-30 08:52:50.450928
03716,0000,1218,106,2024-12-30 08:52:50.466853
01618,0000,1218,106,2024-12-30 08:52:50.482863
10972,0000,1218,106,2024-12-30 08:52:50.498854
01582,0000,1218,106,2024-12-30 08:52:50.514852
30299,0000,1218,106,2024-12-30 08:52:50.546708
04531,0000,1218,106,2024-12-30 08:52:50.562844
02721,0000,1218,106,2024-12-30 08:52:50.578842
05425,0000,1219,106,2024-12-30 08:52:50.594839
05404,0000,1218,106,2024-12-30 08:52:50.610836
12419,0000,1218,106,2024-12-30 08:52:50.626832
02582,0000,1218,106,2024-12-30 08:52:50.642831
03137,0000,1218,106,2024-12-30 08:52:50.658832
33193,0000,1219,106,2024-12-30 08:52:50.674812
49234,0001,1218,106,2024-12-30 08:52:50.706333
04629,0000,1218,106,2024-12-30 08:52:50.722816
02435,0001,1218,106,2024-12-30 08:52:50.738807
48375,0000,1218,106,2024-12-30 08:52:50.754805
57667,0000,1218,106,2024-12-30 08:52:50.770806
09296,0000,1218,106,2024-12-30 08:52:50.786804
00410,0000,1218,106,2024-12-30 08:52:50.802794
00796,0000,1218,106,2024-12-30 08:52:50.818797
04633,0001,1218,106,2024-12-30 08:52:50.834792
04583,0000,1218,106,2024-12-30 08:52:50.850792
06138,0000,1218,106,2024-12-30 08:52:50.882726
47442,0000,1219,106,2024-12-30 08:52:50.898779
37839,0000,1218,106,2024-12-30 08:52:50.914776
06967,0000,1219,106,2024-12-30 08:52:50.930772
03758,0000,1218,106,2024-12-30 08:52:50.946767
05492,0001,1218,106,2024-12-30 08:52:50.962771
14850,0000,1219,106,2024-12-30 08:52:50.978767
34441,0000,1218,106,2024-12-30 08:52:50.994761
04654,0000,1218,106,2024-12-30 08:52:51.010755
28697,0000,1218,106,2024-12-30 08:52:51.042375
04980,0000,1219,106,2024-12-30 08:52:51.058743
00210,0000,1219,106,2024-12-30 08:52:51.074740
02328,0000,1219,106,2024-12-30 08:52:51.090742
01832,0000,1219,106,2024-12-30 08:52:51.106735
08178,0000,1218,106,2024-12-30 08:52:51.122736
01569,0000,1219,106,2024-12-30 08:52:51.138735
-0002,0000,1219,106,2024-12-30 08:52:51.154731
02965,0000,1218,106,2024-12-30 08:52:51.170737
03864,0000,1219,106,2024-12-30 08:52:51.186725
03301,0000,1219,106,2024-12-30 08:52:51.218716
04564,0000,1218,106,2024-12-30 08:52:51.234716
03786,0000,1218,106,2024-12-30 08:52:51.250713
13271,0000,1218,106,2024-12-30 08:52:51.266710
02842,0000,1219,106,2024-12-30 08:52:51.282701
30335,0001,1219,106,2024-12-30 08:52:51.298702
14761,0000,1219,106,2024-12-30 08:52:51.314697
55591,0001,1218,106,2024-12-30 08:52:51.330686
10873,0000,1218,106,2024-12-30 08:52:51.346685
15454,0000,1219,106,2024-12-30 08:52:51.378389
29726,0000,1219,106,2024-12-30 08:52:51.394679
03413,0000,1219,106,2024-12-30 08:52:51.410696
03850,0000,1219,106,2024-12-30 08:52:51.426701
05526,0000,1219,106,2024-12-30 08:52:51.442695
05474,0000,1219,106,2024-12-30 08:52:51.458671
24782,0000,1219,106,2024-12-30 08:52:51.474669
00024,0000,1219,106,2024-12-30 08:52:51.490658
06310,0000,1218,106,2024-12-30 08:52:51.506651
54706,0000,1218,106,2024-12-30 08:52:51.538002
00894,0000,1218,106,2024-12-30 08:52:51.554653
01537,0000,1218,106,2024-12-30 08:52:51.570644
01394,0000,1219,106,2024-12-30 08:52:51.586643
30982,0000,1218,106,2024-12-30 08:52:51.602633
08245,0000,1219,106,2024-12-30 08:52:51.618636
03653,0000,1219,106,2024-12-30 08:52:51.634628
05445,0000,1219,106,2024-12-30 08:52:51.650626
66226,0001,1219,106,2024-12-30 08:52:51.666617
01297,0000,1218,106,2024-12-30 08:52:51.682625
00938,0000,1219,106,2024-12-30 08:52:51.714401
04692,0000,1219,106,2024-12-30 08:52:51.730608
01460,0000,1218,106,2024-12-30 08:52:51.746608
08441,0000,1219,106,2024-12-30 08:52:51.762609
03532,0000,1219,106,2024-12-30 08:52:51.778609
02804,0000,1219,106,2024-12-30 08:52:51.794601
04483,0000,1219,106,2024-12-30 08:52:51.810599
12242,0000,1219,106,2024-12-30 08:52:51.826608
45781,0000,1219,106,2024-12-30 08:52:51.842586
62784,0000,1219,106,2024-12-30 08:52:51.874053
01175,0000,1219,106,2024-12-30 08:52:51.890583
66002,0000,1218,106,2024-12-30 08:52:51.906572
01367,0000,1219,106,2024-12-30 08:52:51.922573
03920,0000,1219,106,2024-12-30 08:52:51.938575
58545,0000,1219,106,2024-12-30 08:52:51.954576
03086,0000,1219,106,2024-12-30 08:52:51.970559
49604,0000,1219,106,2024-12-30 08:52:51.986551
24920,0000,1219,106,2024-12-30 08:52:52.002549
00823,0000,1219,106,2024-12-30 08:52:52.018547
28649,0000,1219,106,2024-12-30 08:52:52.050426
03742,0000,1219,106,2024-12-30 08:52:52.066542
01339,0000,1219,106,2024-12-30 08:52:52.082538
18604,0000,1218,106,2024-12-30 08:52:52.098535
09279,0000,1219,106,2024-12-30 08:52:52.114529
00645,0000,1219,106,2024-12-30 08:52:52.130533
03753,0000,1219,106,2024-12-30 08:52:52.146521
01568,0000,1219,106,2024-12-30 08:52:52.162519
10003,0000,1219,106,2024-12-30 08:52:52.178518
21069,0000,1219,106,2024-12-30 08:52:52.210076
02874,0000,1218,106,2024-12-30 08:52:52.226506
27763,0000,1219,106,2024-12-30 08:52:52.242516
13888,0000,1219,106,2024-12-30 08:52:52.258499
03085,0000,1219,106,2024-12-30 08:52:52.274504
01232,0000,1219,106,2024-12-30 08:52:52.290495
04530,0000,1219,106,2024-12-30 08:52:52.306508
05460,0000,1219,106,2024-12-30 08:52:52.322496
17796,0000,1219,106,2024-12-30 08:52:52.338499
02682,0000,1219,106,2024-12-30 08:52:52.354484
03869,0000,1219,106,2024-12-30 08:52:52.386460
09273,0001,1219,106,2024-12-30 08:52:52.402485
30284,0000,1219,106,2024-12-30 08:52:52.418473
01690,0000,1219,106,2024-12-30 08:52:52.434469
02277,0000,1219,106,2024-12-30 08:52:52.450467
30472,0000,1219,106,2024-12-30 08:52:52.466457
02283,0000,1219,106,2024-12-30 08:52:52.482461
01060,0000,1219,106,2024-12-30 08:52:52.498451
54739,0000,1219,106,2024-12-30 08:52:52.514455
00945,0000,1219,106,2024-12-30 08:52:52.546093
56049,0000,1218,106,2024-12-30 08:52:52.562447
04573,0000,1219,106,2024-12-30 08:52:52.578446
03568,0000,1219,106,2024-12-30 08:52:52.594450
04350,0000,1219,106,2024-12-30 08:52:52.610450
24799,0000,1219,106,2024-12-30 08:52:52.626425
01696,0000,1219,106,2024-12-30 08:52:52.642414
03834,0000,1219,106,2024-12-30 08:52:52.658420
21096,0000,1219,106,2024-12-30 08:52:52.674419
09391,0000,1219,106,2024-12-30 08:52:52.705738
03906,0000,1219,106,2024-12-30 08:52:52.722410
01608,0000,1218,106,2024-12-30 08:52:52.738400
02860,0000,1219,106,2024-12-30 08:52:52.754400
43300,0001,1219,106,2024-12-30 08:52:52.770400
05135,0000,1219,106,2024-12-30 08:52:52.786396
03663,0000,1219,106,2024-12-30 08:52:52.802392
09366,0000,1219,106,2024-12-30 08:52:52.818384
25000,0001,1219,106,2024-12-30 08:52:52.834377
00776,0000,1219,106,2024-12-30 08:52:52.850379
03614,0001,1219,106,2024-12-30 08:52:52.882131
23781,0000,1219,106,2024-12-30 08:52:52.898372
36422,0000,1219,106,2024-12-30 08:52:52.914364
31545,0000,1219,106,2024-12-30 08:52:52.930366
41619,0000,1219,106,2024-12-30 08:52:52.946356
54285,0000,1219,106,2024-12-30 08:52:52.962360
23190,0000,1219,106,2024-12-30 08:52:52.978357
63412,0001,1219,106,2024-12-30 08:52:52.994361
01856,0000,1218,106,2024-12-30 08:52:53.010340
03829,0000,1219,106,2024-12-30 08:52:53.041753
35542,0000,1218,106,2024-12-30 08:52:53.058347
03637,0001,1219,106,2024-12-30 08:52:53.074331
01841,0000,1219,106,2024-12-30 08:52:53.090341
31517,0000,1219,106,2024-12-30 08:52:53.106339
10891,0000,1219,106,2024-12-30 08:52:53.122332
00739,0000,1219,106,2024-12-30 08:52:53.138322
03112,0000,1219,106,2024-12-30 08:52:53.154322
00164,0000,1219,106,2024-12-30 08:52:53.170313
02660,0000,1219,106,2024-12-30 08:52:53.186316
49154,0000,1219,106,2024-12-30 08:52:53.218156
01779,0000,1219,106,2024-12-30 08:52:53.234306
04640,0000,1219,106,2024-12-30 08:52:53.250308
03920,0000,1219,106,2024-12-30 08:52:53.266302
25603,0000,1219,106,2024-12-30 08:52:53.282291
29661,0000,1219,106,2024-12-30 08:52:53.298286
14961,0000,1219,106,2024-12-30 08:52:53.314290
00692,0000,1219,106,2024-12-30 08:52:53.330285
03918,0000,1219,106,2024-12-30 08:52:53.346277
05265,0000,1219,106,2024-12-30 08:52:53.377790
00078,0000,1219,106,2024-12-30 08:52:53.394286
20215,0001,1219,106,2024-12-30 08:52:53.410293
03801,0000,1219,106,2024-12-30 08:52:53.426287
05424,0000,1219,106,2024-12-30 08:52:53.442286
43800,0000,1219,106,2024-12-30 08:52:53.458296
03090,0000,1219,106,2024-12-30 08:52:53.474292
19197,0000,1219,106,2024-12-30 08:52:53.490299
13946,0000,1219,106,2024-12-30 08:52:53.506304
01549,0001,1219,106,2024-12-30 08:52:53.522300
03586,0000,1219,106,2024-12-30 08:52:53.554215
60226,0000,1219,106,2024-12-30 08:52:53.570236
-0005,0000,1219,106,2024-12-30 08:52:53.586237
22215,0001,1219,106,2024-12-30 08:52:53.602230
00659,0000,1219,106,2024-12-30 08:52:53.618228
05470,0000,1219,106,2024-12-30 08:52:53.634220
40841,0000,1219,106,2024-12-30 08:52:53.650226
07535,0001,1219,106,2024-12-30 08:52:53.666220
04683,0000,1219,106,2024-12-30 08:52:53.682223
53417,0000,1219,106,2024-12-30 08:52:53.713803
43274,0000,1219,106,2024-12-30 08:52:53.730205
25459,0000,1219,106,2024-12-30 08:52:53.746209
01830,0001,1219,106,2024-12-30 08:52:53.762208
20293,0000,1219,106,2024-12-30 08:52:53.778195
24880,0000,1219,106,2024-12-30 08:52:53.794197
09439,0000,1219,106,2024-12-30 08:52:53.810185
65163,0000,1219,106,2024-12-30 08:52:53.826187
29166,0001,1219,106,2024-12-30 08:52:53.842177
00125,0000,1219,106,2024-12-30 08:52:53.858179
25654,0000,1219,106,2024-12-30 08:52:53.890180
02530,0000,1219,106,2024-12-30 08:52:53.906168
27689,0000,1219,106,2024-12-30 08:52:53.922169
23157,0000,1219,106,2024-12-30 08:52:53.938159
01464,0000,1219,106,2024-12-30 08:52:53.954160
09237,0000,1219,106,2024-12-30 08:52:53.970157
38728,0000,1219,106,2024-12-30 08:52:53.986162
01810,0000,1219,106,2024-12-30 08:52:54.002152
04681,0000,1219,106,2024-12-30 08:52:54.018153
04643,0000,1219,106,2024-12-30 08:52:54.049843
14858,0000,1219,106,2024-12-30 08:52:54.066140
05442,0000,1219,106,2024-12-30 08:52:54.082139
40380,0000,1219,106,2024-12-30 08:52:54.098127
03493,0000,1219,106,2024-12-30 08:52:54.114125
33905,0000,1219,106,2024-12-30 08:52:54.130126
57740,0000,1219,106,2024-12-30 08:52:54.146129
01812,0000,1219,106,2024-12-30 08:52:54.162134
04550,0001,1219,106,2024-12-30 08:52:54.178120
01531,0000,1220,106,2024-12-30 08:52:54.209461
32422,0000,1219,106,2024-12-30 08:52:54.226113
24822,0000,1219,106,2024-12-30 08:52:54.242126
22740,0000,1219,106,2024-12-30 08:52:54.258104
27830,0000,1219,106,2024-12-30 08:52:54.274104
10693,0000,1219,106,2024-12-30 08:52:54.290092
43262,0000,1219,106,2024-12-30 08:52:54.306093
32256,0000,1219,106,2024-12-30 08:52:54.322084
04755,0000,1219,106,2024-12-30 08:52:54.338088
44749,0000,1219,106,2024-12-30 08:52:54.354078
04638,0000,1219,106,2024-12-30 08:52:54.385861
34757,0001,1219,106,2024-12-30 08:52:54.402082
04610,0000,1219,106,2024-12-30 08:52:54.418070
58535,0000,1219,106,2024-12-30 08:52:54.434070
13638,0000,1219,106,2024-12-30 08:52:54.450061
04629,0000,1219,106,2024-12-30 08:52:54.466064
04607,0000,1219,106,2024-12-30 08:52:54.482055
45514,0000,1219,106,2024-12-30 08:52:54.498055
04831,0000,1219,106,2024-12-30 08:52:54.514048
62601,0000,1219,106,2024-12-30 08:52:54.545507
31692,0000,1219,106,2024-12-30 08:52:54.562037
14006,0001,1219,106,2024-12-30 08:52:54.578042
00868,0000,1219,106,2024-12-30 08:52:54.594032
00921,0000,1219,106,2024-12-30 08:52:54.610030
05086,0000,1219,106,2024-12-30 08:52:54.626024
02641,0000,1219,106,2024-12-30 08:52:54.642031
10092,0000,1220,106,2024-12-30 08:52:54.658027
39800,0000,1219,106,2024-12-30 08:52:54.674027
58362,0000,1219,106,2024-12-30 08:52:54.690013
00732,0000,1219,106,2024-12-30 08:52:54.721880
05459,0000,1219,106,2024-12-30 08:52:54.738015
05423,0000,1219,106,2024-12-30 08:52:54.754008
42399,0000,1219,106,2024-12-30 08:52:54.770006
10018,0001,1220,106,2024-12-30 08:52:54.785998
02833,0000,1219,106,2024-12-30 08:52:54.801998
20035,0000,1219,106,2024-12-30 08:52:54.817983
24036,0000,1219,106,2024-12-30 08:52:54.833998
66796,0000,1219,106,2024-12-30 08:52:54.849990
03069,0000,1219,106,2024-12-30 08:52:54.881521
24522,0000,1220,106,2024-12-30 08:52:54.897967
51765,0000,1219,106,2024-12-30 08:52:54.913974
36795,0001,1219,106,2024-12-30 08:52:54.929977
11849,0000,1219,106,2024-12-30 08:52:54.945981
00357,0000,1219,106,2024-12-30 08:52:54.961963
31445,0000,1220,106,2024-12-30 08:52:54.977961
09217,0001,1219,106,2024-12-30 08:52:54.993957
04648,0000,1219,106,2024-12-30 08:52:55.009960
20369,0000,1219,106,2024-12-30 08:52:55.025949
03943,0000,1219,106,2024-12-30 08:52:55.057913
44220,0000,1219,106,2024-12-30 08:52:55.073952
06783,0000,1219,106,2024-12-30 08:52:55.089937
04636,0000,1219,106,2024-12-30 08:52:55.105932
04546,0000,1219,106,2024-12-30 08:52:55.121936
13891,0000,1219,106,2024-12-30 08:52:55.137924
35325,0000,1219,106,2024-12-30 08:52:55.153931
00054,0000,1219,106,2024-12-30 08:52:55.169921
17829,0000,1219,106,2024-12-30 08:52:55.185923
00780,0000,1220,106,2024-12-30 08:52:55.217565
45472,0000,1219,106,2024-12-30 08:52:55.233911
05517,0000,1219,106,2024-12-30 08:52:55.249922
38691,0000,1219,106,2024-12-30 08:52:55.265905
02016,0000,1219,106,2024-12-30 08:52:55.281906
29548,0000,1219,106,2024-12-30 08:52:55.297902
08458,0000,1219,106,2024-12-30 08:52:55.313902
03817,0001,1219,106,2024-12-30 08:52:55.329901
39915,0001,1219,106,2024-12-30 08:52:55.345888
43954,0000,1219,106,2024-12-30 08:52:55.377196
07037,0000,1219,106,2024-12-30 08:52:55.393880
10106,0000,1220,106,2024-12-30 08:52:55.409871
03764,0000,1219,106,2024-12-30 08:52:55.425871
58576,0001,1219,106,2024-12-30 08:52:55.441868
49671,0000,1219,106,2024-12-30 08:52:55.457875
00763,0000,1219,106,2024-12-30 08:52:55.473866
13205,0000,1220,106,2024-12-30 08:52:55.489868
15462,0000,1219,106,2024-12-30 08:52:55.505855
23083,0001,1220,106,2024-12-30 08:52:55.521855
00754,0000,1219,106,2024-12-30 08:52:55.553589
19446,0000,1219,106,2024-12-30 08:52:55.569845
01493,0000,1220,106,2024-12-30 08:52:55.585837
00856,0000,1219,106,2024-12-30 08:52:55.601838
29688,0000,1220,106,2024-12-30 08:52:55.617834
12672,0000,1220,106,2024-12-30 08:52:55.633834
21224,0000,1220,106,2024-12-30 08:52:55.649832
03102,0000,1219,106,2024-12-30 08:52:55.665828
04724,0000,1220,106,2024-12-30 08:52:55.681820
05336,0000,1219,106,2024-12-30 08:52:55.713228
05395,0000,1220,106,2024-12-30 08:52:55.729823
00001,0000,1219,106,2024-12-30 08:52:55.745814
09339,0000,1219,106,2024-12-30 08:52:55.761820
36084,0000,1219,106,2024-12-30 08:52:55.777804
00757,0000,1220,106,2024-12-30 08:52:55.793803
04599,0000,1220,106,2024-12-30 08:52:55.809799
01561,0000,1220,106,2024-12-30 08:52:55.825798
45003,0001,1219,106,2024-12-30 08:52:55.841796
08505,0000,1219,106,2024-12-30 08:52:55.857782
26737,0000,1220,106,2024-12-30 08:52:55.889606
12233,0000,1220,106,2024-12-30 08:52:55.905784
08429,0000,1220,106,2024-12-30 08:52:55.921778
02244,0000,1219,106,2024-12-30 08:52:55.937780
05375,0000,1220,106,2024-12-30 08:52:55.953767
02888,0001,1220,106,2024-12-30 08:52:55.969774
03834,0000,1219,106,2024-12-30 08:52:55.985756
44027,0001,1220,106,2024-12-30 08:52:56.001766
00725,0000,1219,106,2024-12-30 08:52:56.017759
04589,0000,1220,106,2024-12-30 08:52:56.049243
01526,0000,1220,106,2024-12-30 08:52:56.065751
01668,0000,1219,106,2024-12-30 08:52:56.081743
18572,0000,1220,106,2024-12-30 08:52:56.097741
58450,0000,1220,106,2024-12-30 08:52:56.113750
03350,0000,1220,106,2024-12-30 08:52:56.129732
22221,0000,1219,106,2024-12-30 08:52:56.145732
57377,0000,1220,106,2024-12-30 08:52:56.161726
43706,0000,1219,106,2024-12-30 08:52:56.177726
00576,0000,1220,106,2024-12-30 08:52:56.193716
04632,0000,1219,106,2024-12-30 08:52:56.225622
18013,0000,1220,106,2024-12-30 08:52:56.241741
03862,0001,1219,106,2024-12-30 08:52:56.257713
62562,0000,1220,106,2024-12-30 08:52:56.273709
48847,0000,1219,106,2024-12-30 08:52:56.289700
05080,0000,1220,106,2024-12-30 08:52:56.305712
59266,0000,1220,106,2024-12-30 08:52:56.321691
15515,0000,1220,106,2024-12-30 08:52:56.337691
05425,0000,1220,106,2024-12-30 08:52:56.353695
64476,0000,1220,106,2024-12-30 08:52:56.385268
48849,0000,1219,106,2024-12-30 08:52:56.401691
01744,0000,1220,106,2024-12-30 08:52:56.417679
04658,0000,1220,106,2024-12-30 08:52:56.433878
20975,0000,1220,106,2024-12-30 08:52:56.449691
10111,0000,1220,106,2024-12-30 08:52:56.465668
04737,0000,1220,106,2024-12-30 08:52:56.481675
02168,0000,1220,106,2024-12-30 08:52:56.497668
43271,0000,1220,106,2024-12-30 08:52:56.513671
63606,0000,1220,106,2024-12-30 08:52:56.529673
10841,0000,1220,106,2024-12-30 08:52:56.561675
05430,0000,1219,106,2024-12-30 08:52:56.577675
01840,0000,1220,106,2024-12-30 08:52:56.593677
15722,0000,1220,106,2024-12-30 08:52:56.609678
30722,0000,1220,106,2024-12-30 08:52:56.625680
15639,0000,1220,106,2024-12-30 08:52:56.641681
02271,0000,1220,106,2024-12-30 08:52:56.657684
44634,0000,1219,106,2024-12-30 08:52:56.673686
04657,0000,1220,106,2024-12-30 08:52:56.689688
63417,0000,1220,106,2024-12-30 08:52:56.721305
00041,0000,1220,106,2024-12-30 08:52:56.737619
01545,0000,1220,106,2024-12-30 08:52:56.753612
49952,0000,1220,106,2024-12-30 08:52:56.769606
20997,0000,1220,106,2024-12-30 08:52:56.785603
39411,0000,1220,106,2024-12-30 08:52:56.801601
00901,0000,1220,106,2024-12-30 08:52:56.817591
13153,0000,1220,106,2024-12-30 08:52:56.833597
05474,0001,1220,106,2024-12-30 08:52:56.849594
00099,0000,1220,106,2024-12-30 08:52:56.880929
63536,0000,1220,106,2024-12-30 08:52:56.897581
23078,0000,1220,106,2024-12-30 08:52:56.913580
28852,0000,1220,106,2024-12-30 08:52:56.929588
03231,0000,1220,106,2024-12-30 08:52:56.945576
00853,0000,1220,106,2024-12-30 08:52:56.961566
04699,0000,1220,106,2024-12-30 08:52:56.977574
00922,0000,1220,106,2024-12-30 08:52:56.993565
30394,0000,1220,106,2024-12-30 08:52:57.009563
05464,0000,1220,106,2024-12-30 08:52:57.025559
00675,0000,1220,106,2024-12-30 08:52:57.057318
05446,0000,1220,106,2024-12-30 08:52:57.073549
37870,0000,1220,106,2024-12-30 08:52:57.089539
07781,0001,1220,106,2024-12-30 08:52:57.105543
04761,0000,1219,106,2024-12-30 08:52:57.121535
09314,0000,1220,106,2024-12-30 08:52:57.137536
32888,0000,1220,106,2024-12-30 08:52:57.153529
10300,0000,1220,106,2024-12-30 08:52:57.169530
01620,0000,1220,106,2024-12-30 08:52:57.185528
53382,0000,1220,106,2024-12-30 08:52:57.216958
04667,0000,1220,106,2024-12-30 08:52:57.233518
43992,0000,1220,106,2024-12-30 08:52:57.249526
14768,0000,1220,106,2024-12-30 08:52:57.265521
30756,0000,1220,106,2024-12-30 08:52:57.281523
56637,0000,1220,106,2024-12-30 08:52:57.297507
03882,0000,1220,106,2024-12-30 08:52:57.313516
00348,0000,1220,106,2024-12-30 08:52:57.329497
57626,0000,1220,106,2024-12-30 08:52:57.345494
00184,0000,1220,106,2024-12-30 08:52:57.361488
20257,0000,1220,106,2024-12-30 08:52:57.393353
02303,0000,1220,106,2024-12-30 08:52:57.409482
01028,0000,1220,106,2024-12-30 08:52:57.425495
12349,0000,1220,106,2024-12-30 08:52:57.441493
15654,0000,1220,106,2024-12-30 08:52:57.457488
14049,0000,1219,106,2024-12-30 08:52:57.473467
04699,0000,1220,106,2024-12-30 08:52:57.489469
02750,0001,1220,106,2024-12-30 08:52:57.505463
02403,0000,1220,106,2024-12-30 08:52:57.521465
55568,0000,1220,106,2024-12-30 08:52:57.552979
00767,0000,1220,106,2024-12-30 08:52:57.569449
44062,0000,1220,106,2024-12-30 08:52:57.585451
55954,0000,1220,106,2024-12-30 08:52:57.601444
01526,0000,1220,106,2024-12-30 08:52:57.617445
52236,0000,1220,106,2024-12-30 08:52:57.633438
04587,0000,1220,106,2024-12-30 08:52:57.649439
08323,0000,1220,106,2024-12-30 08:52:57.665440
00086,0001,1220,106,2024-12-30 08:52:57.681422
02825,0000,1220,106,2024-12-30 08:52:57.697429
00737,0000,1220,106,2024-12-30 08:52:57.729368
01821,0000,1220,106,2024-12-30 08:52:57.745419
25795,0001,1220,106,2024-12-30 08:52:57.761413
15588,0000,1220,106,2024-12-30 08:52:57.777412
03589,0001,1220,106,2024-12-30 08:52:57.793407
25032,0000,1220,106,2024-12-30 08:52:57.809403
03325,0000,1220,106,2024-12-30 08:52:57.825410
04674,0000,1220,106,2024-12-30 08:52:57.841395
03623,0000,1220,106,2024-12-30 08:52:57.857396
00023,0001,1220,106,2024-12-30 08:52:57.889026
33038,0000,1220,106,2024-12-30 08:52:57.905386
03651,0000,1220,106,2024-12-30 08:52:57.921381
00852,0000,1220,106,2024-12-30 08:52:57.937383
00791,0000,1220,106,2024-12-30 08:52:57.953369
20125,0000,1220,106,2024-12-30 08:52:57.969371
02502,0000,1220,106,2024-12-30 08:52:57.985372
48840,0000,1220,106,2024-12-30 08:52:58.001363
41549,0000,1220,106,2024-12-30 08:52:58.017363
01467,0000,1220,106,2024-12-30 08:52:58.033362
19569,0001,1220,106,2024-12-30 08:52:58.065361
08528,0000,1220,106,2024-12-30 08:52:58.081343
64242,0000,1220,106,2024-12-30 08:52:58.097346
01403,0000,1220,106,2024-12-30 08:52:58.113343
24876,0000,1220,106,2024-12-30 08:52:58.129333
10145,0000,1220,106,2024-12-30 08:52:58.145334
43296,0000,1220,106,2024-12-30 08:52:58.161337
05166,0000,1220,106,2024-12-30 08:52:58.177341
26990,0000,1220,106,2024-12-30 08:52:58.193327
05252,0000,1220,106,2024-12-30 08:52:58.225042
03131,0000,1220,106,2024-12-30 08:52:58.241344
53398,0000,1220,106,2024-12-30 08:52:58.257326
05497,0000,1220,106,2024-12-30 08:52:58.273320
03589,0000,1220,106,2024-12-30 08:52:58.289308
04556,0000,1220,106,2024-12-30 08:52:58.305308
06279,0000,1220,106,2024-12-30 08:52:58.321303
09275,0000,1220,106,2024-12-30 08:52:58.337308
12283,0000,1220,106,2024-12-30 08:52:58.353295
17810,0000,1220,106,2024-12-30 08:52:58.384678
11766,0000,1220,106,2024-12-30 08:52:58.401305
03045,0000,1220,106,2024-12-30 08:52:58.417285
02785,0000,1220,106,2024-12-30 08:52:58.433283
04557,0000,1220,106,2024-12-30 08:52:58.449284
03035,0000,1220,106,2024-12-30 08:52:58.465271
16183,0000,1220,106,2024-12-30 08:52:58.481274
21729,0000,1220,106,2024-12-30 08:52:58.497267
20667,0000,1220,106,2024-12-30 08:52:58.513267
03099,0000,1220,106,2024-12-30 08:52:58.529266
04555,0000,1220,106,2024-12-30 08:52:58.561061
04692,0000,1220,106,2024-12-30 08:52:58.577260
11768,0000,1220,106,2024-12-30 08:52:58.593249
13725,0000,1220,106,2024-12-30 08:52:58.609253
31179,0000,1220,106,2024-12-30 08:52:58.625249
03792,0000,1220,106,2024-12-30 08:52:58.641245
03866,0000,1220,106,2024-12-30 08:52:58.657235
05889,0000,1220,106,2024-12-30 08:52:58.673238
04880,0000,1220,106,2024-12-30 08:52:58.689236
05445,0000,1220,106,2024-12-30 08:52:58.720696
15577,0000,1220,106,2024-12-30 08:52:58.737220
25098,0000,1220,106,2024-12-30 08:52:58.753223
26630,0000,1220,106,2024-12-30 08:52:58.769214
26509,0000,1220,106,2024-12-30 08:52:58.785210
00886,0001,1220,106,2024-12-30 08:52:58.801204
04661,0000,1220,106,2024-12-30 08:52:58.817211
05352,0000,1220,106,2024-12-30 08:52:58.833215
02896,0001,1220,106,2024-12-30 08:52:58.849210
54887,0000,1220,106,2024-12-30 08:52:58.865192
27688,0000,1220,106,2024-12-30 08:52:58.897099
43839,0000,1220,106,2024-12-30 08:52:58.913181
04619,0000,1220,106,2024-12-30 08:52:58.929182
09247,0000,1220,106,2024-12-30 08:52:58.945176
00713,0000,1220,106,2024-12-30 08:52:58.961177
25022,0000,1220,106,2024-12-30 08:52:58.977166
05439,0000,1220,106,2024-12-30 08:52:58.993169
07133,0000,1220,106,2024-12-30 08:52:59.009170
08441,0000,1221,106,2024-12-30 08:52:59.025167
08927,0000,1220,106,2024-12-30 08:52:59.056724
25644,0000,1220,106,2024-12-30 08:52:59.073154
10061,0001,1220,106,2024-12-30 08:52:59.089163
20304,0000,1220,106,2024-12-30 08:52:59.105153
18294,0000,1220,106,2024-12-30 08:52:59.121142
12635,0000,1220,106,2024-12-30 08:52:59.137134
04417,0000,1220,106,2024-12-30 08:52:59.153141
13083,0000,1220,106,2024-12-30 08:52:59.169132
63627,0000,1220,106,2024-12-30 08:52:59.185135
01789,0000,1220,106,2024-12-30 08:52:59.201138
56711,0000,1220,106,2024-12-30 08:52:59.233128
15393,0000,1220,106,2024-12-30 08:52:59.249143
01630,0000,1220,106,2024-12-30 08:52:59.265117
08308,0000,1220,106,2024-12-30 08:52:59.281125
61795,0000,1220,106,2024-12-30 08:52:59.297108
05435,0000,1220,106,2024-12-30 08:52:59.313102
05539,0000,1220,106,2024-12-30 08:52:59.329104
67801,0001,1220,106,2024-12-30 08:52:59.345105
58503,0001,1220,106,2024-12-30 08:52:59.361109
18176,0000,1220,106,2024-12-30 08:52:59.392748
20453,0000,1220,106,2024-12-30 08:52:59.409090
01669,0000,1220,106,2024-12-30 08:52:59.425092
35390,0000,1220,106,2024-12-30 08:52:59.441081
39337,0000,1221,106,2024-12-30 08:52:59.457081
09381,0000,1220,106,2024-12-30 08:52:59.473078
56458,0000,1221,106,2024-12-30 08:52:59.489078
01492,0000,1220,106,2024-12-30 08:52:59.505067
01841,0000,1220,106,2024-12-30 08:52:59.521067
03920,0000,1220,106,2024-12-30 08:52:59.552403
04015,0000,1220,106,2024-12-30 08:52:59.569056
03513,0001,1220,106,2024-12-30 08:52:59.585064
05403,0000,1221,106,2024-12-30 08:52:59.601050
16409,0000,1220,106,2024-12-30 08:52:59.617055
30552,0000,1220,106,2024-12-30 08:52:59.633054
02563,0000,1220,106,2024-12-30 08:52:59.649055
00351,0000,1220,106,2024-12-30 08:52:59.665055
17290,0000,1220,106,2024-12-30 08:52:59.681061
10079,0000,1220,106,2024-12-30 08:52:59.697063
63681,0001,1220,106,2024-12-30 08:52:59.728803
51360,0000,1220,106,2024-12-30 08:52:59.745072
05486,0000,1220,106,2024-12-30 08:52:59.761069
44056,0000,1220,106,2024-12-30 08:52:59.777068
03027,0000,1220,106,2024-12-30 08:52:59.793077
00782,0000,1220,106,2024-12-30 08:52:59.809072
03722,0000,1220,106,2024-12-30 08:52:59.825007
11741,0000,1220,106,2024-12-30 08:52:59.841002
04379,0000,1220,106,2024-12-30 08:52:59.857005
54218,0000,1220,106,2024-12-30 08:52:59.888416
08440,0000,1220,106,2024-12-30 08:52:59.904996
02713,0001,1220,106,2024-12-30 08:52:59.920993
18658,0000,1220,106,2024-12-30 08:52:59.936991
04307,0001,1220,106,2024-12-30 08:52:59.952991
06745,0000,1220,106,2024-12-30 08:52:59.968981
03889,0000,1220,106,2024-12-30 08:52:59.984982
03830,0001,1220,106,2024-12-30 08:53:00.000990
10860,0000,1221,106,2024-12-30 08:53:00.016983
57356,0000,1220,106,2024-12-30 08:53:00.032965
50807,0000,1220,106,2024-12-30 08:53:00.064801
00643,0000,1220,106,2024-12-30 08:53:00.080954
10977,0000,1220,106,2024-12-30 08:53:00.096959
30089,0000,1220,106,2024-12-30 08:53:00.112955
10785,0000,1220,106,2024-12-30 08:53:00.128953
03826,0000,1220,106,2024-12-30 08:53:00.144944
47509,0000,1220,106,2024-12-30 08:53:00.160943
18454,0000,1220,106,2024-12-30 08:53:00.176937
11695,0000,1220,106,2024-12-30 08:53:00.192941
00816,0001,1220,106,2024-12-30 08:53:00.224438
21977,0000,1221,106,2024-12-30 08:53:00.241118
65294,0000,1221,106,2024-12-30 08:53:00.256943
55120,0000,1220,106,2024-12-30 08:53:00.272922
39798,0000,1220,106,2024-12-30 08:53:00.288927
00846,0000,1220,106,2024-12-30 08:53:00.304930
36118,0000,1221,106,2024-12-30 08:53:00.320918
02267,0000,1221,106,2024-12-30 08:53:00.336908
03030,0000,1221,106,2024-12-30 08:53:00.352909
00096,0000,1220,106,2024-12-30 08:53:00.368901
00731,0000,1220,106,2024-12-30 08:53:00.400849
04716,0000,1220,106,2024-12-30 08:53:00.416899
01720,0000,1221,106,2024-12-30 08:53:00.432891
07796,0000,1220,106,2024-12-30 08:53:00.448889
01707,0000,1220,106,2024-12-30 08:53:00.464884
41478,0001,1220,106,2024-12-30 08:53:00.480881
00677,0000,1220,106,2024-12-30 08:53:00.496882
20276,0000,1221,106,2024-12-30 08:53:00.512879
47984,0000,1220,106,2024-12-30 08:53:00.528880
65340,0001,1220,106,2024-12-30 08:53:00.560482
-0022,0001,1221,106,2024-12-30 08:53:00.576864
35220,0000,1221,106,2024-12-30 08:53:00.592861
00823,0000,1221,106,2024-12-30 08:53:00.608851
26592,0000,1220,106,2024-12-30 08:53:00.624849
07102,0000,1220,106,2024-12-30 08:53:00.640847
02944,0000,1220,106,2024-12-30 08:53:00.656847
01897,0000,1220,106,2024-12-30 08:53:00.672842
27795,0000,1220,106,2024-12-30 08:53:00.688831
00762,0000,1221,106,2024-12-30 08:53:00.704835
21317,0000,1220,106,2024-12-30 08:53:00.736830
21141,0000,1220,106,2024-12-30 08:53:00.752830
04627,0000,1220,106,2024-12-30 08:53:00.768822
14953,0000,1221,106,2024-12-30 08:53:00.784825
09299,0000,1221,106,2024-12-30 08:53:00.800810
07709,0000,1220,106,2024-12-30 08:53:00.816814
64229,0001,1220,106,2024-12-30 08:53:00.832805
01722,0001,1220,106,2024-12-30 08:53:00.848810
37012,0000,1220,106,2024-12-30 08:53:00.864806
14862,0001,1221,106,2024-12-30 08:53:00.896513
04562,0000,1221,106,2024-12-30 08:53:00.912802
01125,0000,1220,106,2024-12-30 08:53:00.928800
59393,0000,1221,106,2024-12-30 08:53:00.944788
13880,0000,1220,106,2024-12-30 08:53:00.960785
04509,0000,1221,106,2024-12-30 08:53:00.976783
04539,0000,1220,106,2024-12-30 08:53:00.992783
43217,0000,1221,106,2024-12-30 08:53:01.008777
05442,0000,1221,106,2024-12-30 08:53:01.024767
24971,0000,1220,106,2024-12-30 08:53:01.056133
00741,0000,1220,106,2024-12-30 08:53:01.072770
04637,0000,1221,106,2024-12-30 08:53:01.088763
23203,0000,1221,106,2024-12-30 08:53:01.104755
53929,0001,1221,106,2024-12-30 08:53:01.120753
26156,0000,1221,106,2024-12-30 08:53:01.136751
55099,0000,1221,106,2024-12-30 08:53:01.152745
20044,0000,1221,106,2024-12-30 08:53:01.168745
03860,0000,1221,106,2024-12-30 08:53:01.184750
09364,0000,1221,106,2024-12-30 08:53:01.200734
04584,0000,1221,106,2024-12-30 08:53:01.232518
02849,0000,1220,106,2024-12-30 08:53:01.248747
10135,0000,1220,106,2024-12-30 08:53:01.264722
06961,0000,1220,106,2024-12-30 08:53:01.280721
14713,0001,1221,106,2024-12-30 08:53:01.296721
04662,0000,1221,106,2024-12-30 08:53:01.312744
02574,0000,1220,106,2024-12-30 08:53:01.328714
23208,0000,1220,106,2024-12-30 08:53:01.344708
02242,0000,1221,106,2024-12-30 08:53:01.360709
00919,0000,1220,106,2024-12-30 08:53:01.392155
04658,0000,1221,106,2024-12-30 08:53:01.408700
14767,0000,1221,106,2024-12-30 08:53:01.424694
64946,0000,1221,106,2024-12-30 08:53:01.440688
14820,0001,1221,106,2024-12-30 08:53:01.456690
03775,0000,1220,106,2024-12-30 08:53:01.472681
04574,0000,1221,106,2024-12-30 08:53:01.488683
51623,0000,1221,106,2024-12-30 08:53:01.504673
15625,0000,1220,106,2024-12-30 08:53:01.520676
09405,0000,1221,106,2024-12-30 08:53:01.536669
25129,0000,1221,106,2024-12-30 08:53:01.568545
01087,0000,1221,106,2024-12-30 08:53:01.584667
29442,0000,1221,106,2024-12-30 08:53:01.600668
05445,0000,1221,106,2024-12-30 08:53:01.616660
02488,0001,1221,106,2024-12-30 08:53:01.632659
19087,0000,1221,106,2024-12-30 08:53:01.648652
00898,0000,1221,106,2024-12-30 08:53:01.664649
00159,0000,1221,106,2024-12-30 08:53:01.680642
03825,0000,1221,106,2024-12-30 08:53:01.696644
24867,0000,1221,106,2024-12-30 08:53:01.728180
40304,0000,1221,106,2024-12-30 08:53:01.744642
23205,0001,1221,106,2024-12-30 08:53:01.760633
00084,0000,1221,106,2024-12-30 08:53:01.776623
26793,0000,1221,106,2024-12-30 08:53:01.792634
00868,0000,1220,106,2024-12-30 08:53:01.808626
04681,0000,1221,106,2024-12-30 08:53:01.824616
21045,0000,1221,106,2024-12-30 08:53:01.840608
06895,0000,1221,106,2024-12-30 08:53:01.856603
04562,0000,1221,106,2024-12-30 08:53:01.872603
52317,0000,1221,106,2024-12-30 08:53:01.904560
10281,0000,1221,106,2024-12-30 08:53:01.920596
12549,0000,1220,106,2024-12-30 08:53:01.936597
04633,0000,1221,106,2024-12-30 08:53:01.952605
31288,0000,1221,106,2024-12-30 08:53:01.968602
05408,0000,1221,106,2024-12-30 08:53:01.984584
16371,0000,1221,106,2024-12-30 08:53:02.000584
48367,0000,1221,106,2024-12-30 08:53:02.016576
02488,0000,1221,106,2024-12-30 08:53:02.032586
20201,0001,1221,106,2024-12-30 08:53:02.064199
08352,0000,1221,106,2024-12-30 08:53:02.080571
02305,0000,1221,106,2024-12-30 08:53:02.096573
19322,0001,1221,106,2024-12-30 08:53:02.112565
04643,0000,1221,106,2024-12-30 08:53:02.128564
23165,0001,1221,106,2024-12-30 08:53:02.144551
33846,0000,1221,106,2024-12-30 08:53:02.160550
00908,0000,1221,106,2024-12-30 08:53:02.176559
04684,0000,1221,106,2024-12-30 08:53:02.192542
10080,0000,1221,106,2024-12-30 08:53:02.208548
33805,0000,1221,106,2024-12-30 08:53:02.240552
03733,0000,1221,106,2024-12-30 08:53:02.256537
01737,0000,1220,106,2024-12-30 08:53:02.272533
04641,0000,1221,106,2024-12-30 08:53:02.288539
05440,0000,1221,106,2024-12-30 08:53:02.304528
04715,0000,1221,106,2024-12-30 08:53:02.320526
03895,0000,1221,106,2024-12-30 08:53:02.336522
03909,0000,1221,106,2024-12-30 08:53:02.352521
50000,0000,1221,106,2024-12-30 08:53:02.368502
04678,0001,1221,106,2024-12-30 08:53:02.400236
13209,0000,1221,106,2024-12-30 08:53:02.416506
24924,0000,1221,106,2024-12-30 08:53:02.432508
40982,0000,1221,106,2024-12-30 08:53:02.448498
01717,0000,1221,106,2024-12-30 08:53:02.464500
03613,0000,1221,106,2024-12-30 08:53:02.480501
00827,0000,1221,106,2024-12-30 08:53:02.496482
59200,0000,1221,106,2024-12-30 08:53:02.512482
03846,0000,1221,106,2024-12-30 08:53:02.528472
01411,0000,1221,106,2024-12-30 08:53:02.559872
02774,0000,1221,106,2024-12-30 08:53:02.576474
13106,0000,1221,106,2024-12-30 08:53:02.592470
03642,0001,1221,106,2024-12-30 08:53:02.608469
00903,0000,1221,106,2024-12-30 08:53:02.624462
02844,0001,1221,106,2024-12-30 08:53:02.640458
24134,0000,1221,106,2024-12-30 08:53:02.656455
49138,0000,1221,106,2024-12-30 08:53:02.672454
09266,0000,1221,106,2024-12-30 08:53:02.688448
04582,0000,1221,106,2024-12-30 08:53:02.704454
05330,0000,1221,106,2024-12-30 08:53:02.736264
04592,0000,1221,106,2024-12-30 08:53:02.752444
10878,0000,1221,106,2024-12-30 08:53:02.768447
61040,0000,1221,106,2024-12-30 08:53:02.784454
59097,0000,1221,106,2024-12-30 08:53:02.800449
46709,0000,1221,106,2024-12-30 08:53:02.816460
05468,0000,1221,106,2024-12-30 08:53:02.832456
02655,0000,1221,106,2024-12-30 08:53:02.848452
19470,0000,1221,106,2024-12-30 08:53:02.864464
03944,0000,1221,106,2024-12-30 08:53:02.895936
23365,0000,1221,106,2024-12-30 08:53:02.912464
43348,0000,1221,106,2024-12-30 08:53:02.928462
04073,0000,1221,106,2024-12-30 08:53:02.944394
03040,0000,1221,106,2024-12-30 08:53:02.960395
07232,0000,1221,106,2024-12-30 08:53:02.976389
36835,0000,1221,106,2024-12-30 08:53:02.992390
28554,0000,1221,106,2024-12-30 08:53:03.008385
25869,0000,1221,106,2024-12-30 08:53:03.024387
31309,0000,1221,106,2024-12-30 08:53:03.040378
53023,0000,1221,106,2024-12-30 08:53:03.072283
09946,0000,1221,106,2024-12-30 08:53:03.088373
19427,0000,1221,106,2024-12-30 08:53:03.104363
24041,0000,1221,106,2024-12-30 08:53:03.120364
53366,0000,1221,106,2024-12-30 08:53:03.136369
05581,0001,1221,106,2024-12-30 08:53:03.152349
61990,0000,1221,106,2024-12-30 08:53:03.168347
03831,0000,1221,106,2024-12-30 08:53:03.184343
00744,0000,1221,106,2024-12-30 08:53:03.200352
01717,0000,1221,106,2024-12-30 08:53:03.231950
04611,0001,1221,106,2024-12-30 08:53:03.248353
05312,0000,1222,106,2024-12-30 08:53:03.264343
00029,0000,1221,106,2024-12-30 08:53:03.280330
46227,0000,1221,106,2024-12-30 08:53:03.296326
09406,0000,1221,106,2024-12-30 08:53:03.312323
04501,0000,1221,106,2024-12-30 08:53:03.328326
05519,0000,1221,106,2024-12-30 08:53:03.344319
67772,0000,1221,106,2024-12-30 08:53:03.360322
11067,0000,1221,106,2024-12-30 08:53:03.376312
54989,0000,1221,106,2024-12-30 08:53:03.408319
03847,0000,1221,106,2024-12-30 08:53:03.424304
00604,0000,1221,106,2024-12-30 08:53:03.440320
10911,0000,1221,106,2024-12-30 08:53:03.456326
26506,0000,1221,106,2024-12-30 08:53:03.472314
03867,0000,1221,106,2024-12-30 08:53:03.488296
03675,0000,1221,106,2024-12-30 08:53:03.504290
03828,0000,1221,106,2024-12-30 08:53:03.520298
58323,0000,1221,106,2024-12-30 08:53:03.536299
11006,0000,1221,106,2024-12-30 08:53:03.567964
33242,0000,1221,106,2024-12-30 08:53:03.584279
47044,0000,1221,106,2024-12-30 08:53:03.600284
50041,0000,1221,106,2024-12-30 08:53:03.616273
23173,0000,1221,106,2024-12-30 08:53:03.632271
61592,0000,1221,106,2024-12-30 08:53:03.648268
13142,0000,1221,106,2024-12-30 08:53:03.664258
60707,0000,1221,106,2024-12-30 08:53:03.680254
01891,0000,1221,106,2024-12-30 08:53:03.696247
21728,0000,1221,106,2024-12-30 08:53:03.727574
14750,0000,1221,106,2024-12-30 08:53:03.744245
04627,0000,1221,106,2024-12-30 08:53:03.760237
-0010,0000,1221,106,2024-12-30 08:53:03.776235
16228,0000,1221,106,2024-12-30 08:53:03.792229
21098,0000,1221,106,2024-12-30 08:53:03.808233
04696,0000,1221,106,2024-12-30 08:53:03.824223
06861,0000,1221,106,2024-12-30 08:53:03.840229
48824,0000,1221,106,2024-12-30 08:53:03.856222
16388,0000,1221,106,2024-12-30 08:53:03.872227
04552,0000,1221,106,2024-12-30 08:53:03.903985
03886,0000,1221,106,2024-12-30 08:53:03.920220
57708,0000,1221,106,2024-12-30 08:53:03.936218
02764,0000,1221,106,2024-12-30 08:53:03.952206
03665,0000,1221,106,2024-12-30 08:53:03.968199
03837,0000,1221,106,2024-12-30 08:53:03.984199
14817,0001,1221,106,2024-12-30 08:53:04.000197
16307,0000,1221,106,2024-12-30 08:53:04.016194
03820,0000,1221,106,2024-12-30 08:53:04.032190
32432,0000,1221,106,2024-12-30 08:53:04.063617
44561,0000,1221,106,2024-12-30 08:53:04.080184
20458,0001,1221,106,2024-12-30 08:53:04.096171
05286,0000,1221,106,2024-12-30 08:53:04.112170
01086,0001,1221,106,2024-12-30 08:53:04.128169
