DIST,AMP,TEMP,VOLT,Timestamp
00002,0423,1190,106,2024-12-29 21:25:55.195296
-0009,0422,1190,106,2024-12-29 21:25:55.209893
03104,0001,1190,106,2024-12-29 21:25:55.225678
04844,0000,1190,106,2024-12-29 21:25:55.241362
42684,0000,1190,106,2024-12-29 21:25:55.257198
05393,0000,1190,106,2024-12-29 21:25:55.273177
02792,0000,1189,106,2024-12-29 21:25:55.291262
01487,0000,1190,106,2024-12-29 21:25:55.320603
01712,0000,1189,106,2024-12-29 21:25:55.337170
49124,0000,1190,106,2024-12-29 21:25:55.353160
42591,0000,1190,106,2024-12-29 21:25:55.369149
29762,0000,1190,106,2024-12-29 21:25:55.385140
38241,0000,1190,106,2024-12-29 21:25:55.401142
00619,0001,1189,106,2024-12-29 21:25:55.417132
03818,0000,1189,106,2024-12-29 21:25:55.433136
03076,0000,1189,106,2024-12-29 21:25:55.449135
02160,0000,1190,106,2024-12-29 21:25:55.465124
05002,0000,1190,106,2024-12-29 21:25:55.496929
05279,0000,1190,106,2024-12-29 21:25:55.513134
05075,0000,1190,106,2024-12-29 21:25:55.529131
32414,0000,1190,106,2024-12-29 21:25:55.545110
52507,0000,1190,106,2024-12-29 21:25:55.561116
10812,0000,1190,106,2024-12-29 21:25:55.577112
04510,0000,1189,106,2024-12-29 21:25:55.593118
00740,0000,1190,106,2024-12-29 21:25:55.609102
65814,0000,1190,106,2024-12-29 21:25:55.625100
12833,0000,1190,106,2024-12-29 21:25:55.656580
03575,0000,1190,106,2024-12-29 21:25:55.673091
13933,0000,1190,106,2024-12-29 21:25:55.689077
24960,0000,1189,106,2024-12-29 21:25:55.705114
03056,0000,1190,106,2024-12-29 21:25:55.721075
02258,0000,1190,106,2024-12-29 21:25:55.737076
18480,0000,1190,106,2024-12-29 21:25:55.753085
40955,0000,1190,106,2024-12-29 21:25:55.769078
10731,0000,1190,106,2024-12-29 21:25:55.785080
02994,0000,1189,106,2024-12-29 21:25:55.801074
22353,0000,1190,106,2024-12-29 21:25:55.832974
02325,0000,1190,106,2024-12-29 21:25:55.849055
44155,0000,1189,106,2024-12-29 21:25:55.865055
04356,0000,1190,106,2024-12-29 21:25:55.881044
02685,0000,1189,106,2024-12-29 21:25:55.897051
01259,0000,1190,106,2024-12-29 21:25:55.913051
01354,0000,1190,106,2024-12-29 21:25:55.929050
02325,0000,1190,106,2024-12-29 21:25:55.945053
05089,0000,1190,106,2024-12-29 21:25:55.961055
04743,0000,1189,106,2024-12-29 21:25:55.992621
39320,0000,1190,106,2024-12-29 21:25:56.009065
01327,0000,1190,106,2024-12-29 21:25:56.025069
12449,0000,1190,106,2024-12-29 21:25:56.041067
55643,0000,1189,106,2024-12-29 21:25:56.057066
01932,0000,1189,106,2024-12-29 21:25:56.073072
43842,0000,1190,106,2024-12-29 21:25:56.089073
17460,0000,1190,106,2024-12-29 21:25:56.105076
37622,0000,1189,106,2024-12-29 21:25:56.121007
65932,0000,1190,106,2024-12-29 21:25:56.137008
01015,0000,1190,106,2024-12-29 21:25:56.168992
22747,0000,1190,106,2024-12-29 21:25:56.184989
02288,0000,1189,106,2024-12-29 21:25:56.200986
00497,0000,1189,106,2024-12-29 21:25:56.216985
36882,0000,1190,106,2024-12-29 21:25:56.232986
05477,0000,1190,106,2024-12-29 21:25:56.249009
04066,0000,1189,106,2024-12-29 21:25:56.264972
07802,0000,1190,106,2024-12-29 21:25:56.280973
05446,0000,1189,106,2024-12-29 21:25:56.296978
01463,0000,1190,106,2024-12-29 21:25:56.328634
42603,0000,1189,106,2024-12-29 21:25:56.344964
03142,0000,1189,106,2024-12-29 21:25:56.360952
24272,0000,1189,106,2024-12-29 21:25:56.376956
01520,0000,1190,106,2024-12-29 21:25:56.392949
00683,0000,1190,106,2024-12-29 21:25:56.408949
08330,0000,1190,106,2024-12-29 21:25:56.424944
02041,0000,1189,106,2024-12-29 21:25:56.440934
40323,0001,1190,106,2024-12-29 21:25:56.456937
44842,0000,1189,106,2024-12-29 21:25:56.488268
04798,0000,1190,106,2024-12-29 21:25:56.504932
15284,0000,1189,106,2024-12-29 21:25:56.520929
30024,0000,1189,106,2024-12-29 21:25:56.536916
00873,0000,1190,106,2024-12-29 21:25:56.552919
13631,0000,1189,106,2024-12-29 21:25:56.568909
13875,0000,1189,106,2024-12-29 21:25:56.584920
23622,0000,1190,106,2024-12-29 21:25:56.600905
06807,0000,1189,106,2024-12-29 21:25:56.616909
58379,0000,1190,106,2024-12-29 21:25:56.632909
24043,0000,1189,106,2024-12-29 21:25:56.664647
21405,0000,1189,106,2024-12-29 21:25:56.680893
39396,0000,1189,106,2024-12-29 21:25:56.696903
00767,0000,1190,106,2024-12-29 21:25:56.712900
00366,0000,1189,106,2024-12-29 21:25:56.728884
02139,0000,1190,106,2024-12-29 21:25:56.744891
03713,0000,1190,106,2024-12-29 21:25:56.760877
00678,0000,1189,106,2024-12-29 21:25:56.776868
00427,0000,1189,106,2024-12-29 21:25:56.792874
60135,0000,1189,106,2024-12-29 21:25:56.824294
05078,0000,1189,106,2024-12-29 21:25:56.840863
59230,0000,1189,106,2024-12-29 21:25:56.856858
02355,0000,1190,106,2024-12-29 21:25:56.872860
01366,0000,1189,106,2024-12-29 21:25:56.888858
05396,0000,1190,106,2024-12-29 21:25:56.904851
34529,0000,1190,106,2024-12-29 21:25:56.920850
42494,0000,1189,106,2024-12-29 21:25:56.936838
02941,0000,1189,106,2024-12-29 21:25:56.952840
49933,0000,1189,106,2024-12-29 21:25:56.968835
02921,0000,1189,106,2024-12-29 21:25:57.000673
02796,0000,1190,106,2024-12-29 21:25:57.016832
06380,0000,1189,106,2024-12-29 21:25:57.032830
20002,0000,1189,106,2024-12-29 21:25:57.048828
04404,0000,1189,106,2024-12-29 21:25:57.064822
41645,0000,1189,106,2024-12-29 21:25:57.080820
01449,0000,1189,106,2024-12-29 21:25:57.096824
22759,0000,1189,106,2024-12-29 21:25:57.112805
02621,0000,1189,106,2024-12-29 21:25:57.128813
02185,0000,1189,106,2024-12-29 21:25:57.160335
03629,0000,1189,106,2024-12-29 21:25:57.176797
05083,0000,1189,106,2024-12-29 21:25:57.192798
14019,0000,1189,106,2024-12-29 21:25:57.208792
03245,0000,1190,106,2024-12-29 21:25:57.224803
01509,0000,1189,106,2024-12-29 21:25:57.240802
08275,0000,1189,106,2024-12-29 21:25:57.256790
57672,0000,1189,106,2024-12-29 21:25:57.272780
20448,0001,1189,106,2024-12-29 21:25:57.288781
15230,0000,1189,106,2024-12-29 21:25:57.304778
00668,0000,1189,106,2024-12-29 21:25:57.336696
33176,0000,1189,106,2024-12-29 21:25:57.352767
11105,0000,1190,106,2024-12-29 21:25:57.368768
01260,0000,1189,106,2024-12-29 21:25:57.384755
29808,0000,1189,106,2024-12-29 21:25:57.400755
04080,0000,1190,106,2024-12-29 21:25:57.416751
04429,0000,1190,106,2024-12-29 21:25:57.432746
10113,0000,1189,106,2024-12-29 21:25:57.448738
04635,0000,1189,106,2024-12-29 21:25:57.464744
01801,0000,1189,106,2024-12-29 21:25:57.496345
03599,0000,1189,106,2024-12-29 21:25:57.512733
02155,0000,1189,106,2024-12-29 21:25:57.528731
35457,0000,1189,106,2024-12-29 21:25:57.544725
03898,0000,1189,106,2024-12-29 21:25:57.560715
05264,0000,1189,106,2024-12-29 21:25:57.576720
34570,0000,1189,106,2024-12-29 21:25:57.592722
05239,0000,1189,106,2024-12-29 21:25:57.608714
18867,0000,1189,106,2024-12-29 21:25:57.624706
02997,0000,1189,106,2024-12-29 21:25:57.640707
01534,0000,1189,106,2024-12-29 21:25:57.672701
02607,0000,1189,106,2024-12-29 21:25:57.688694
02190,0000,1189,106,2024-12-29 21:25:57.704696
17907,0000,1189,106,2024-12-29 21:25:57.720686
09901,0000,1189,106,2024-12-29 21:25:57.736690
15824,0000,1189,106,2024-12-29 21:25:57.752691
05074,0000,1189,106,2024-12-29 21:25:57.768694
22817,0000,1189,106,2024-12-29 21:25:57.784689
01562,0000,1189,106,2024-12-29 21:25:57.800684
35653,0000,1189,106,2024-12-29 21:25:57.832397
22559,0000,1189,106,2024-12-29 21:25:57.848672
05891,0000,1189,106,2024-12-29 21:25:57.864670
01340,0000,1189,106,2024-12-29 21:25:57.880671
02201,0000,1189,106,2024-12-29 21:25:57.896652
02863,0000,1189,106,2024-12-29 21:25:57.912656
00929,0000,1189,106,2024-12-29 21:25:57.928648
05321,0000,1189,106,2024-12-29 21:25:57.944650
02992,0000,1189,106,2024-12-29 21:25:57.960640
26328,0000,1189,106,2024-12-29 21:25:57.992008
37653,0000,1189,106,2024-12-29 21:25:58.008650
08308,0001,1189,106,2024-12-29 21:25:58.024632
06315,0000,1189,106,2024-12-29 21:25:58.040635
45377,0000,1189,106,2024-12-29 21:25:58.056631
00298,0000,1190,106,2024-12-29 21:25:58.072628
04547,0000,1189,106,2024-12-29 21:25:58.088625
17848,0000,1189,106,2024-12-29 21:25:58.104618
04634,0000,1189,106,2024-12-29 21:25:58.120617
58519,0000,1189,106,2024-12-29 21:25:58.136611
02249,0000,1190,106,2024-12-29 21:25:58.168415
05125,0000,1189,106,2024-12-29 21:25:58.184601
48855,0000,1189,106,2024-12-29 21:25:58.200588
35459,0000,1189,106,2024-12-29 21:25:58.216596
22411,0000,1189,106,2024-12-29 21:25:58.232586
08692,0000,1189,106,2024-12-29 21:25:58.248625
02577,0000,1189,106,2024-12-29 21:25:58.264593
29103,0000,1189,106,2024-12-29 21:25:58.280579
04348,0000,1189,106,2024-12-29 21:25:58.296570
03527,0000,1189,106,2024-12-29 21:25:58.328038
13231,0000,1189,106,2024-12-29 21:25:58.344561
00700,0000,1189,106,2024-12-29 21:25:58.360567
14026,0000,1189,106,2024-12-29 21:25:58.376563
29153,0000,1189,106,2024-12-29 21:25:58.392567
14252,0000,1189,106,2024-12-29 21:25:58.408552
14549,0000,1189,106,2024-12-29 21:25:58.424558
53138,0000,1189,106,2024-12-29 21:25:58.440545
01663,0000,1189,106,2024-12-29 21:25:58.456552
04655,0000,1190,106,2024-12-29 21:25:58.472540
02027,0000,1189,106,2024-12-29 21:25:58.504416
22954,0000,1189,106,2024-12-29 21:25:58.520539
05256,0000,1189,106,2024-12-29 21:25:58.536530
12686,0000,1189,106,2024-12-29 21:25:58.552531
06270,0000,1189,106,2024-12-29 21:25:58.568524
30057,0000,1189,106,2024-12-29 21:25:58.584532
33239,0000,1189,106,2024-12-29 21:25:58.600523
32352,0000,1189,106,2024-12-29 21:25:58.616520
17987,0000,1189,106,2024-12-29 21:25:58.632515
03536,0000,1189,106,2024-12-29 21:25:58.664062
05189,0001,1189,106,2024-12-29 21:25:58.680516
00384,0000,1189,106,2024-12-29 21:25:58.696505
04753,0000,1189,106,2024-12-29 21:25:58.712504
14223,0000,1189,106,2024-12-29 21:25:58.728499
11661,0000,1189,106,2024-12-29 21:25:58.744517
28856,0000,1189,106,2024-12-29 21:25:58.760491
30327,0000,1189,106,2024-12-29 21:25:58.776491
00674,0000,1189,106,2024-12-29 21:25:58.792492
04699,0000,1189,106,2024-12-29 21:25:58.808482
12413,0000,1189,106,2024-12-29 21:25:58.840431
05179,0000,1189,106,2024-12-29 21:25:58.856478
06429,0000,1189,106,2024-12-29 21:25:58.872462
05478,0000,1189,106,2024-12-29 21:25:58.888468
43855,0000,1189,106,2024-12-29 21:25:58.904460
05151,0000,1189,106,2024-12-29 21:25:58.920462
12425,0000,1189,106,2024-12-29 21:25:58.936455
08748,0000,1189,106,2024-12-29 21:25:58.952458
38396,0000,1189,106,2024-12-29 21:25:58.968447
50099,0000,1189,106,2024-12-29 21:25:59.000090
00773,0000,1189,106,2024-12-29 21:25:59.016445
22328,0000,1189,106,2024-12-29 21:25:59.032440
04803,0000,1189,106,2024-12-29 21:25:59.048439
03742,0000,1189,106,2024-12-29 21:25:59.064448
14479,0000,1189,106,2024-12-29 21:25:59.080451
16319,0000,1189,106,2024-12-29 21:25:59.096447
04134,0000,1189,106,2024-12-29 21:25:59.112446
02626,0000,1189,106,2024-12-29 21:25:59.128445
02116,0000,1189,106,2024-12-29 21:25:59.144449
07602,0000,1189,106,2024-12-29 21:25:59.176451
02948,0000,1189,106,2024-12-29 21:25:59.192452
40166,0000,1189,106,2024-12-29 21:25:59.208460
02514,0000,1189,106,2024-12-29 21:25:59.224460
23790,0000,1189,106,2024-12-29 21:25:59.240484
24224,0000,1189,106,2024-12-29 21:25:59.256467
04144,0001,1189,106,2024-12-29 21:25:59.272399
28719,0000,1189,106,2024-12-29 21:25:59.288384
15936,0000,1189,106,2024-12-29 21:25:59.304384
00458,0000,1189,106,2024-12-29 21:25:59.336120
23763,0000,1189,106,2024-12-29 21:25:59.352372
02168,0000,1189,106,2024-12-29 21:25:59.368376
04317,0000,1189,106,2024-12-29 21:25:59.384370
01599,0000,1189,106,2024-12-29 21:25:59.400375
04833,0000,1189,106,2024-12-29 21:25:59.416369
01451,0000,1189,106,2024-12-29 21:25:59.432375
00546,0000,1189,106,2024-12-29 21:25:59.448372
16958,0000,1189,106,2024-12-29 21:25:59.464372
07005,0000,1189,106,2024-12-29 21:25:59.495758
04189,0000,1189,106,2024-12-29 21:25:59.512349
21564,0000,1189,106,2024-12-29 21:25:59.528338
05076,0000,1189,106,2024-12-29 21:25:59.544340
03681,0000,1189,106,2024-12-29 21:25:59.560340
10663,0000,1189,106,2024-12-29 21:25:59.576339
03724,0000,1189,106,2024-12-29 21:25:59.592339
33559,0000,1189,106,2024-12-29 21:25:59.608330
31639,0000,1189,106,2024-12-29 21:25:59.624319
00736,0000,1189,106,2024-12-29 21:25:59.640320
13974,0000,1189,106,2024-12-29 21:25:59.672174
30821,0000,1189,106,2024-12-29 21:25:59.688308
03850,0000,1189,106,2024-12-29 21:25:59.704315
01810,0000,1189,106,2024-12-29 21:25:59.720302
33753,0000,1189,106,2024-12-29 21:25:59.736301
40206,0000,1189,106,2024-12-29 21:25:59.752311
05265,0000,1189,106,2024-12-29 21:25:59.768302
10036,0000,1189,106,2024-12-29 21:25:59.784287
61123,0000,1189,106,2024-12-29 21:25:59.800288
05949,0000,1189,106,2024-12-29 21:25:59.831815
19155,0000,1189,106,2024-12-29 21:25:59.848294
25696,0000,1189,106,2024-12-29 21:25:59.864280
53306,0000,1189,106,2024-12-29 21:25:59.880280
31197,0000,1189,106,2024-12-29 21:25:59.896265
03058,0000,1189,106,2024-12-29 21:25:59.912273
43907,0001,1189,106,2024-12-29 21:25:59.928261
26620,0000,1189,106,2024-12-29 21:25:59.944261
01548,0000,1189,106,2024-12-29 21:25:59.960262
01238,0000,1189,106,2024-12-29 21:25:59.976264
19391,0000,1189,106,2024-12-29 21:26:00.008214
03103,0000,1189,106,2024-12-29 21:26:00.024245
35539,0000,1189,106,2024-12-29 21:26:00.040238
39362,0000,1189,106,2024-12-29 21:26:00.056235
31061,0000,1189,106,2024-12-29 21:26:00.072230
03703,0000,1189,106,2024-12-29 21:26:00.088232
26385,0000,1189,106,2024-12-29 21:26:00.104224
02027,0000,1189,106,2024-12-29 21:26:00.120222
00660,0000,1189,106,2024-12-29 21:26:00.136223
04646,0000,1189,106,2024-12-29 21:26:00.167841
03101,0000,1189,106,2024-12-29 21:26:00.184216
01519,0000,1189,106,2024-12-29 21:26:00.200203
04633,0001,1189,106,2024-12-29 21:26:00.216208
03324,0000,1189,106,2024-12-29 21:26:00.232213
03759,0000,1189,106,2024-12-29 21:26:00.248310
02770,0000,1189,106,2024-12-29 21:26:00.264211
08986,0000,1189,106,2024-12-29 21:26:00.280194
40145,0000,1189,106,2024-12-29 21:26:00.296199
31354,0000,1189,106,2024-12-29 21:26:00.312193
53976,0000,1189,106,2024-12-29 21:26:00.344181
09451,0000,1189,106,2024-12-29 21:26:00.360192
03181,0000,1189,106,2024-12-29 21:26:00.376177
02232,0000,1189,106,2024-12-29 21:26:00.392175
05355,0000,1189,106,2024-12-29 21:26:00.408169
03348,0000,1189,106,2024-12-29 21:26:00.424170
11923,0000,1189,106,2024-12-29 21:26:00.440164
00141,0000,1189,106,2024-12-29 21:26:00.456162
40075,0000,1189,106,2024-12-29 21:26:00.472157
04291,0000,1189,106,2024-12-29 21:26:00.503872
02825,0000,1189,106,2024-12-29 21:26:00.520153
00553,0000,1189,106,2024-12-29 21:26:00.536147
05411,0000,1189,106,2024-12-29 21:26:00.552148
49669,0000,1189,106,2024-12-29 21:26:00.568140
00007,0000,1189,106,2024-12-29 21:26:00.584151
20225,0000,1189,106,2024-12-29 21:26:00.600142
00494,0000,1189,106,2024-12-29 21:26:00.616141
13658,0000,1189,106,2024-12-29 21:26:00.632143
17479,0000,1189,106,2024-12-29 21:26:00.663512
43946,0000,1189,106,2024-12-29 21:26:00.680120
31821,0000,1189,106,2024-12-29 21:26:00.696120
30986,0000,1189,106,2024-12-29 21:26:00.712119
30056,0000,1189,106,2024-12-29 21:26:00.728112
00806,0000,1189,106,2024-12-29 21:26:00.744130
03750,0000,1189,106,2024-12-29 21:26:00.760106
39564,0000,1189,106,2024-12-29 21:26:00.776103
03590,0000,1189,106,2024-12-29 21:26:00.792094
03786,0000,1189,106,2024-12-29 21:26:00.808095
18591,0000,1189,106,2024-12-29 21:26:00.839896
11554,0000,1189,106,2024-12-29 21:26:00.856088
01413,0000,1189,106,2024-12-29 21:26:00.872081
00592,0000,1189,106,2024-12-29 21:26:00.888071
01852,0000,1189,106,2024-12-29 21:26:00.904075
10452,0000,1189,106,2024-12-29 21:26:00.920067
03229,0000,1189,106,2024-12-29 21:26:00.936065
39974,0000,1189,106,2024-12-29 21:26:00.952063
53878,0000,1189,106,2024-12-29 21:26:00.968066
28806,0000,1189,106,2024-12-29 21:26:00.999533
07782,0000,1189,106,2024-12-29 21:26:01.016060
03896,0000,1189,106,2024-12-29 21:26:01.032046
02119,0000,1189,106,2024-12-29 21:26:01.048043
04329,0000,1189,106,2024-12-29 21:26:01.064049
47221,0000,1189,106,2024-12-29 21:26:01.080043
03861,0000,1189,106,2024-12-29 21:26:01.096031
34725,0000,1189,106,2024-12-29 21:26:01.112038
00996,0000,1189,106,2024-12-29 21:26:01.128059
02954,0000,1189,106,2024-12-29 21:26:01.144035
01406,0000,1189,106,2024-12-29 21:26:01.175920
01322,0000,1189,106,2024-12-29 21:26:01.192021
00368,0000,1189,106,2024-12-29 21:26:01.208020
00717,0001,1189,106,2024-12-29 21:26:01.224009
25355,0000,1189,106,2024-12-29 21:26:01.240042
40711,0000,1189,106,2024-12-29 21:26:01.256003
11272,0000,1189,106,2024-12-29 21:26:01.272011
03110,0000,1189,106,2024-12-29 21:26:01.288006
34797,0000,1189,106,2024-12-29 21:26:01.304010
38429,0000,1189,106,2024-12-29 21:26:01.335575
03684,0000,1189,106,2024-12-29 21:26:01.351999
04455,0000,1189,106,2024-12-29 21:26:01.367998
23864,0000,1189,106,2024-12-29 21:26:01.383992
00330,0000,1189,106,2024-12-29 21:26:01.399991
28107,0000,1189,106,2024-12-29 21:26:01.415991
01371,0000,1189,106,2024-12-29 21:26:01.431973
27173,0000,1189,106,2024-12-29 21:26:01.447979
27185,0000,1189,106,2024-12-29 21:26:01.463976
32356,0000,1189,106,2024-12-29 21:26:01.479963
04442,0000,1189,106,2024-12-29 21:26:01.511967
27156,0000,1189,106,2024-12-29 21:26:01.527968
20088,0000,1189,106,2024-12-29 21:26:01.543961
16705,0000,1189,106,2024-12-29 21:26:01.559956
04711,0000,1189,106,2024-12-29 21:26:01.575950
16134,0000,1189,106,2024-12-29 21:26:01.591951
04371,0000,1189,106,2024-12-29 21:26:01.607953
48873,0000,1189,106,2024-12-29 21:26:01.623938
20965,0000,1189,106,2024-12-29 21:26:01.639931
49903,0000,1189,106,2024-12-29 21:26:01.671614
60228,0000,1189,106,2024-12-29 21:26:01.687927
02473,0000,1189,106,2024-12-29 21:26:01.703916
16001,0001,1189,106,2024-12-29 21:26:01.719919
18867,0000,1189,106,2024-12-29 21:26:01.735917
49650,0000,1189,106,2024-12-29 21:26:01.751927
39356,0000,1189,106,2024-12-29 21:26:01.767908
44752,0000,1189,106,2024-12-29 21:26:01.783910
36968,0000,1189,106,2024-12-29 21:26:01.799909
05990,0000,1189,106,2024-12-29 21:26:01.831246
05428,0000,1189,106,2024-12-29 21:26:01.847896
40388,0000,1189,106,2024-12-29 21:26:01.863896
30284,0000,1189,106,2024-12-29 21:26:01.879889
05384,0001,1189,106,2024-12-29 21:26:01.895876
09547,0000,1189,106,2024-12-29 21:26:01.911884
00605,0000,1189,106,2024-12-29 21:26:01.927881
32983,0000,1189,106,2024-12-29 21:26:01.943881
04960,0000,1189,106,2024-12-29 21:26:01.959865
03496,0000,1189,106,2024-12-29 21:26:01.975868
02281,0000,1189,106,2024-12-29 21:26:02.007626
54094,0000,1189,106,2024-12-29 21:26:02.023861
39319,0000,1189,106,2024-12-29 21:26:02.039861
01408,0000,1189,106,2024-12-29 21:26:02.055860
37575,0000,1189,106,2024-12-29 21:26:02.071848
01240,0000,1189,106,2024-12-29 21:26:02.087851
01465,0000,1189,106,2024-12-29 21:26:02.103853
14447,0000,1189,106,2024-12-29 21:26:02.119846
01463,0000,1189,106,2024-12-29 21:26:02.135839
05884,0000,1189,106,2024-12-29 21:26:02.167285
28881,0000,1189,106,2024-12-29 21:26:02.183839
01457,0000,1189,106,2024-12-29 21:26:02.199837
05921,0000,1189,106,2024-12-29 21:26:02.215834
27266,0001,1189,106,2024-12-29 21:26:02.231842
05112,0000,1189,106,2024-12-29 21:26:02.247865
02667,0000,1189,106,2024-12-29 21:26:02.263844
11179,0000,1189,106,2024-12-29 21:26:02.279843
18351,0000,1189,106,2024-12-29 21:26:02.295843
24979,0000,1189,106,2024-12-29 21:26:02.311849
02684,0000,1189,106,2024-12-29 21:26:02.343708
07528,0000,1189,106,2024-12-29 21:26:02.359851
04632,0000,1189,106,2024-12-29 21:26:02.375846
12291,0000,1189,106,2024-12-29 21:26:02.391850
03112,0000,1189,106,2024-12-29 21:26:02.407780
10701,0000,1189,106,2024-12-29 21:26:02.423784
01382,0000,1189,106,2024-12-29 21:26:02.439777
15215,0000,1189,106,2024-12-29 21:26:02.455780
04712,0000,1189,106,2024-12-29 21:26:02.471771
34452,0000,1189,106,2024-12-29 21:26:02.503305
03498,0000,1189,106,2024-12-29 21:26:02.519779
21740,0000,1189,106,2024-12-29 21:26:02.535757
04960,0000,1189,106,2024-12-29 21:26:02.551766
03744,0000,1189,106,2024-12-29 21:26:02.567752
00448,0000,1189,106,2024-12-29 21:26:02.583755
20207,0000,1189,106,2024-12-29 21:26:02.599766
04618,0001,1189,106,2024-12-29 21:26:02.615748
23499,0000,1189,106,2024-12-29 21:26:02.631743
02302,0000,1189,106,2024-12-29 21:26:02.647739
52419,0000,1189,106,2024-12-29 21:26:02.679713
40849,0000,1189,106,2024-12-29 21:26:02.695737
00513,0000,1189,106,2024-12-29 21:26:02.711728
03091,0000,1189,106,2024-12-29 21:26:02.727736
36142,0000,1189,106,2024-12-29 21:26:02.743737
00665,0000,1189,106,2024-12-29 21:26:02.759713
03893,0000,1189,106,2024-12-29 21:26:02.775723
05418,0000,1189,106,2024-12-29 21:26:02.791718
02071,0000,1189,106,2024-12-29 21:26:02.807710
46570,0000,1189,106,2024-12-29 21:26:02.839330
35362,0000,1189,106,2024-12-29 21:26:02.855705
47359,0000,1189,106,2024-12-29 21:26:02.871694
05261,0000,1189,106,2024-12-29 21:26:02.887691
05221,0000,1189,106,2024-12-29 21:26:02.903692
11812,0000,1189,106,2024-12-29 21:26:02.919684
05246,0000,1189,106,2024-12-29 21:26:02.935685
01546,0000,1189,106,2024-12-29 21:26:02.951679
17126,0000,1189,106,2024-12-29 21:26:02.967675
12798,0000,1189,106,2024-12-29 21:26:02.983679
01443,0000,1189,106,2024-12-29 21:26:03.015671
43297,0000,1189,106,2024-12-29 21:26:03.031660
30095,0000,1189,106,2024-12-29 21:26:03.047667
16599,0000,1189,106,2024-12-29 21:26:03.063655
04614,0000,1189,106,2024-12-29 21:26:03.079661
17699,0000,1189,106,2024-12-29 21:26:03.095648
03420,0000,1189,106,2024-12-29 21:26:03.111651
18464,0000,1189,106,2024-12-29 21:26:03.127641
30762,0000,1189,106,2024-12-29 21:26:03.143639
05289,0001,1189,106,2024-12-29 21:26:03.175356
30929,0000,1189,106,2024-12-29 21:26:03.191626
02955,0000,1189,106,2024-12-29 21:26:03.207630
14512,0000,1189,106,2024-12-29 21:26:03.223626
24133,0000,1189,106,2024-12-29 21:26:03.239643
01658,0000,1190,106,2024-12-29 21:26:03.255620
03448,0000,1189,106,2024-12-29 21:26:03.271621
17704,0000,1189,106,2024-12-29 21:26:03.287614
04825,0000,1189,106,2024-12-29 21:26:03.303617
29085,0000,1189,106,2024-12-29 21:26:03.334994
50915,0000,1190,106,2024-12-29 21:26:03.351594
01303,0000,1189,106,2024-12-29 21:26:03.367601
43862,0000,1189,106,2024-12-29 21:26:03.383600
03627,0000,1189,106,2024-12-29 21:26:03.399594
07169,0000,1189,106,2024-12-29 21:26:03.415597
12883,0000,1189,106,2024-12-29 21:26:03.431594
35569,0000,1189,106,2024-12-29 21:26:03.447593
41663,0000,1189,106,2024-12-29 21:26:03.463579
03377,0000,1189,106,2024-12-29 21:26:03.479582
06810,0000,1189,106,2024-12-29 21:26:03.511376
23682,0000,1189,106,2024-12-29 21:26:03.527573
03791,0000,1189,106,2024-12-29 21:26:03.543559
02564,0000,1189,106,2024-12-29 21:26:03.559565
03879,0000,1189,106,2024-12-29 21:26:03.575568
02898,0000,1189,106,2024-12-29 21:26:03.591565
01756,0000,1189,106,2024-12-29 21:26:03.607558
02872,0000,1189,106,2024-12-29 21:26:03.623550
01122,0000,1189,106,2024-12-29 21:26:03.639544
01615,0000,1189,106,2024-12-29 21:26:03.671034
05376,0000,1189,106,2024-12-29 21:26:03.687534
06249,0000,1189,106,2024-12-29 21:26:03.703526
03340,0000,1189,106,2024-12-29 21:26:03.719533
12747,0001,1189,106,2024-12-29 21:26:03.735519
20625,0000,1190,106,2024-12-29 21:26:03.751536
00559,0000,1189,106,2024-12-29 21:26:03.767528
46450,0000,1189,106,2024-12-29 21:26:03.783531
15394,0000,1189,106,2024-12-29 21:26:03.799513
03665,0000,1189,106,2024-12-29 21:26:03.815501
38595,0000,1189,106,2024-12-29 21:26:03.847393
52367,0000,1189,106,2024-12-29 21:26:03.863499
06717,0000,1189,106,2024-12-29 21:26:03.879497
09938,0000,1189,106,2024-12-29 21:26:03.895500
07847,0000,1189,106,2024-12-29 21:26:03.911485
06883,0000,1189,106,2024-12-29 21:26:03.927489
02982,0000,1189,106,2024-12-29 21:26:03.943481
03811,0000,1189,106,2024-12-29 21:26:03.959485
39292,0000,1189,106,2024-12-29 21:26:03.975475
15505,0000,1189,106,2024-12-29 21:26:04.007058
11138,0000,1189,106,2024-12-29 21:26:04.023472
29604,0000,1189,106,2024-12-29 21:26:04.039474
00180,0000,1189,106,2024-12-29 21:26:04.055466
04053,0000,1189,106,2024-12-29 21:26:04.071459
03027,0000,1189,106,2024-12-29 21:26:04.087459
00617,0000,1190,106,2024-12-29 21:26:04.103450
01217,0000,1190,106,2024-12-29 21:26:04.119454
15597,0000,1189,106,2024-12-29 21:26:04.135444
11297,0000,1189,106,2024-12-29 21:26:04.151448
05082,0000,1189,106,2024-12-29 21:26:04.183434
05199,0000,1189,106,2024-12-29 21:26:04.199445
26578,0000,1189,106,2024-12-29 21:26:04.215428
02782,0000,1189,106,2024-12-29 21:26:04.231432
02471,0000,1190,106,2024-12-29 21:26:04.247442
28542,0000,1190,106,2024-12-29 21:26:04.263430
00265,0000,1190,106,2024-12-29 21:26:04.279426
61782,0000,1189,106,2024-12-29 21:26:04.295423
29803,0000,1189,106,2024-12-29 21:26:04.311420
04393,0000,1189,106,2024-12-29 21:26:04.343071
14023,0000,1190,106,2024-12-29 21:26:04.359408
03856,0000,1189,106,2024-12-29 21:26:04.375399
00325,0000,1189,106,2024-12-29 21:26:04.391408
04976,0000,1189,106,2024-12-29 21:26:04.407392
05382,0000,1189,106,2024-12-29 21:26:04.423400
04418,0000,1190,106,2024-12-29 21:26:04.439393
18318,0000,1189,106,2024-12-29 21:26:04.455387
28192,0000,1190,106,2024-12-29 21:26:04.471385
02261,0000,1189,106,2024-12-29 21:26:04.502711
00732,0000,1189,106,2024-12-29 21:26:04.519367
01500,0000,1189,106,2024-12-29 21:26:04.535372
05223,0000,1190,106,2024-12-29 21:26:04.551368
13144,0000,1189,106,2024-12-29 21:26:04.567376
02784,0000,1190,106,2024-12-29 21:26:04.583361
05288,0001,1190,106,2024-12-29 21:26:04.599362
03819,0000,1189,106,2024-12-29 21:26:04.615354
36185,0000,1189,106,2024-12-29 21:26:04.631355
49858,0000,1189,106,2024-12-29 21:26:04.647349
15418,0000,1190,106,2024-12-29 21:26:04.679094
04199,0000,1190,106,2024-12-29 21:26:04.695351
31556,0000,1190,106,2024-12-29 21:26:04.711333
56792,0001,1190,106,2024-12-29 21:26:04.727335
00734,0000,1189,106,2024-12-29 21:26:04.743339
05226,0000,1189,106,2024-12-29 21:26:04.759327
33821,0000,1189,106,2024-12-29 21:26:04.775320
04980,0000,1190,106,2024-12-29 21:26:04.791312
03536,0000,1189,106,2024-12-29 21:26:04.807319
19795,0000,1189,106,2024-12-29 21:26:04.838750
03712,0000,1190,106,2024-12-29 21:26:04.855305
40150,0000,1189,106,2024-12-29 21:26:04.871302
17084,0000,1189,106,2024-12-29 21:26:04.887305
02830,0000,1189,106,2024-12-29 21:26:04.903298
55150,0000,1189,106,2024-12-29 21:26:04.919290
13211,0000,1189,106,2024-12-29 21:26:04.935299
00550,0000,1189,106,2024-12-29 21:26:04.951298
21800,0000,1189,106,2024-12-29 21:26:04.967298
13031,0000,1189,106,2024-12-29 21:26:04.983285
25870,0000,1190,106,2024-12-29 21:26:05.015116
21874,0000,1190,106,2024-12-29 21:26:05.031282
03477,0000,1189,106,2024-12-29 21:26:05.047267
03878,0001,1190,106,2024-12-29 21:26:05.063269
04250,0000,1190,106,2024-12-29 21:26:05.079277
02376,0000,1189,106,2024-12-29 21:26:05.095281
24472,0000,1190,106,2024-12-29 21:26:05.111261
06170,0000,1189,106,2024-12-29 21:26:05.127246
03719,0000,1190,106,2024-12-29 21:26:05.143255
01409,0000,1190,106,2024-12-29 21:26:05.174756
26049,0000,1189,106,2024-12-29 21:26:05.191248
58274,0000,1189,106,2024-12-29 21:26:05.207243
57521,0000,1189,106,2024-12-29 21:26:05.223234
03677,0000,1190,106,2024-12-29 21:26:05.239251
01923,0000,1190,106,2024-12-29 21:26:05.255224
03474,0000,1190,106,2024-12-29 21:26:05.271226
12000,0000,1189,106,2024-12-29 21:26:05.287231
00673,0000,1190,106,2024-12-29 21:26:05.303224
32344,0000,1190,106,2024-12-29 21:26:05.319216
03517,0000,1190,106,2024-12-29 21:26:05.351163
36218,0000,1190,106,2024-12-29 21:26:05.367220
00426,0000,1190,106,2024-12-29 21:26:05.383230
58283,0000,1190,106,2024-12-29 21:26:05.399219
01352,0001,1189,106,2024-12-29 21:26:05.415225
05181,0000,1190,106,2024-12-29 21:26:05.431228
04041,0000,1190,106,2024-12-29 21:26:05.447237
21028,0000,1190,106,2024-12-29 21:26:05.463236
18763,0000,1189,106,2024-12-29 21:26:05.479238
03536,0000,1190,106,2024-12-29 21:26:05.510818
13130,0001,1190,106,2024-12-29 21:26:05.527236
21995,0000,1190,106,2024-12-29 21:26:05.543172
00639,0000,1190,106,2024-12-29 21:26:05.559175
12384,0000,1190,106,2024-12-29 21:26:05.575166
23237,0000,1190,106,2024-12-29 21:26:05.591176
03645,0000,1190,106,2024-12-29 21:26:05.607157
12434,0000,1190,106,2024-12-29 21:26:05.623166
04137,0000,1189,106,2024-12-29 21:26:05.639155
02316,0000,1190,106,2024-12-29 21:26:05.655157
02784,0000,1190,106,2024-12-29 21:26:05.687148
61107,0000,1190,106,2024-12-29 21:26:05.703140
21495,0000,1190,106,2024-12-29 21:26:05.719142
00634,0000,1190,106,2024-12-29 21:26:05.735138
17018,0000,1190,106,2024-12-29 21:26:05.751139
03347,0000,1189,106,2024-12-29 21:26:05.767129
11616,0000,1190,106,2024-12-29 21:26:05.783130
22492,0000,1190,106,2024-12-29 21:26:05.799132
32963,0000,1190,106,2024-12-29 21:26:05.815126
28536,0000,1190,106,2024-12-29 21:26:05.846824
04417,0000,1190,106,2024-12-29 21:26:05.863125
51436,0000,1190,106,2024-12-29 21:26:05.879110
-0013,0000,1190,106,2024-12-29 21:26:05.895115
02159,0000,1190,106,2024-12-29 21:26:05.911105
03192,0000,1190,106,2024-12-29 21:26:05.927106
25223,0000,1189,106,2024-12-29 21:26:05.943106
11118,0000,1189,106,2024-12-29 21:26:05.959107
32450,0000,1190,106,2024-12-29 21:26:05.975096
18136,0000,1190,106,2024-12-29 21:26:06.006459
05325,0000,1190,106,2024-12-29 21:26:06.023097
00312,0000,1190,106,2024-12-29 21:26:06.039093
02982,0000,1190,106,2024-12-29 21:26:06.055074
03934,0000,1190,106,2024-12-29 21:26:06.071073
05350,0000,1189,106,2024-12-29 21:26:06.087077
04153,0000,1190,106,2024-12-29 21:26:06.103073
11593,0000,1190,106,2024-12-29 21:26:06.119082
47326,0000,1190,106,2024-12-29 21:26:06.135080
35375,0000,1190,106,2024-12-29 21:26:06.151067
30944,0000,1190,106,2024-12-29 21:26:06.182847
25128,0000,1190,106,2024-12-29 21:26:06.199058
06983,0000,1190,106,2024-12-29 21:26:06.215052
12964,0000,1190,106,2024-12-29 21:26:06.231055
00207,0000,1190,106,2024-12-29 21:26:06.247073
44851,0000,1190,106,2024-12-29 21:26:06.263055
17184,0000,1190,106,2024-12-29 21:26:06.279040
26223,0000,1190,106,2024-12-29 21:26:06.295046
05276,0000,1190,106,2024-12-29 21:26:06.311037
12389,0000,1190,106,2024-12-29 21:26:06.342489
29982,0000,1190,106,2024-12-29 21:26:06.359029
00427,0000,1190,106,2024-12-29 21:26:06.375015
03722,0000,1190,106,2024-12-29 21:26:06.391015
63278,0000,1190,106,2024-12-29 21:26:06.407016
36043,0000,1190,106,2024-12-29 21:26:06.423007
56595,0000,1190,106,2024-12-29 21:26:06.439019
16224,0000,1190,106,2024-12-29 21:26:06.455005
01236,0000,1190,106,2024-12-29 21:26:06.471002
03535,0000,1190,106,2024-12-29 21:26:06.486999
35632,0000,1189,106,2024-12-29 21:26:06.518894
00541,0000,1190,106,2024-12-29 21:26:06.534984
22671,0000,1190,106,2024-12-29 21:26:06.550983
22127,0000,1190,106,2024-12-29 21:26:06.566974
03882,0001,1190,106,2024-12-29 21:26:06.582980
01215,0000,1190,106,2024-12-29 21:26:06.598977
04516,0000,1190,106,2024-12-29 21:26:06.614976
08893,0000,1190,106,2024-12-29 21:26:06.630969
02857,0000,1190,106,2024-12-29 21:26:06.646972
09653,0000,1190,106,2024-12-29 21:26:06.678525
02183,0000,1190,106,2024-12-29 21:26:06.694957
04569,0000,1190,106,2024-12-29 21:26:06.710962
01342,0000,1190,106,2024-12-29 21:26:06.726955
22909,0000,1190,106,2024-12-29 21:26:06.742962
04140,0000,1190,106,2024-12-29 21:26:06.758949
09415,0000,1190,106,2024-12-29 21:26:06.774945
02259,0000,1190,106,2024-12-29 21:26:06.790939
19567,0000,1190,106,2024-12-29 21:26:06.806942
00648,0000,1190,106,2024-12-29 21:26:06.822929
31567,0000,1190,106,2024-12-29 21:26:06.854934
05210,0000,1190,106,2024-12-29 21:26:06.870919
01421,0000,1190,106,2024-12-29 21:26:06.886919
02965,0000,1190,106,2024-12-29 21:26:06.902924
07219,0000,1190,106,2024-12-29 21:26:06.918926
26440,0000,1190,106,2024-12-29 21:26:06.934905
05072,0000,1190,106,2024-12-29 21:26:06.950908
44786,0000,1190,106,2024-12-29 21:26:06.966900
12948,0000,1190,106,2024-12-29 21:26:06.982899
13209,0000,1190,106,2024-12-29 21:26:07.014576
29063,0000,1190,106,2024-12-29 21:26:07.030905
02972,0000,1190,106,2024-12-29 21:26:07.046883
03011,0000,1190,106,2024-12-29 21:26:07.062888
28425,0000,1190,106,2024-12-29 21:26:07.078885
26316,0000,1190,106,2024-12-29 21:26:07.094881
54032,0000,1190,106,2024-12-29 21:26:07.110876
32391,0000,1190,106,2024-12-29 21:26:07.126878
20445,0000,1190,106,2024-12-29 21:26:07.142868
18476,0000,1190,106,2024-12-29 21:26:07.174186
04520,0000,1190,106,2024-12-29 21:26:07.190864
02783,0000,1190,106,2024-12-29 21:26:07.206853
02722,0000,1190,106,2024-12-29 21:26:07.222854
58552,0000,1190,106,2024-12-29 21:26:07.238878
13800,0000,1189,106,2024-12-29 21:26:07.254848
28582,0000,1190,106,2024-12-29 21:26:07.270843
00360,0000,1190,106,2024-12-29 21:26:07.286846
04673,0000,1190,106,2024-12-29 21:26:07.302842
03880,0000,1190,106,2024-12-29 21:26:07.318830
03129,0000,1190,106,2024-12-29 21:26:07.350598
04626,0000,1190,106,2024-12-29 21:26:07.366823
55909,0000,1190,106,2024-12-29 21:26:07.382823
40956,0001,1190,106,2024-12-29 21:26:07.398819
39801,0000,1190,106,2024-12-29 21:26:07.414815
02698,0000,1190,106,2024-12-29 21:26:07.430816
04076,0000,1190,106,2024-12-29 21:26:07.446804
05165,0000,1190,106,2024-12-29 21:26:07.462816
48779,0000,1190,106,2024-12-29 21:26:07.478806
43212,0000,1190,106,2024-12-29 21:26:07.510226
03786,0000,1190,106,2024-12-29 21:26:07.526799
45703,0001,1190,106,2024-12-29 21:26:07.542789
04527,0000,1190,106,2024-12-29 21:26:07.558789
21546,0000,1190,106,2024-12-29 21:26:07.574783
03927,0000,1190,106,2024-12-29 21:26:07.590790
63469,0000,1190,106,2024-12-29 21:26:07.606776
46329,0000,1190,106,2024-12-29 21:26:07.622781
07150,0000,1190,106,2024-12-29 21:26:07.638776
05089,0000,1190,106,2024-12-29 21:26:07.654785
01254,0000,1190,106,2024-12-29 21:26:07.686645
56586,0000,1190,106,2024-12-29 21:26:07.702768
23343,0000,1190,106,2024-12-29 21:26:07.718773
01108,0000,1190,106,2024-12-29 21:26:07.734759
01370,0000,1190,106,2024-12-29 21:26:07.750754
16152,0000,1190,106,2024-12-29 21:26:07.766747
03104,0000,1190,106,2024-12-29 21:26:07.782754
05220,0000,1190,106,2024-12-29 21:26:07.798744
03865,0000,1190,106,2024-12-29 21:26:07.814744
03826,0000,1190,106,2024-12-29 21:26:07.846250
03057,0000,1190,106,2024-12-29 21:26:07.862731
03031,0000,1190,106,2024-12-29 21:26:07.878726
01406,0000,1190,106,2024-12-29 21:26:07.894717
05271,0000,1190,106,2024-12-29 21:26:07.910718
22081,0000,1190,106,2024-12-29 21:26:07.926709
27335,0000,1190,106,2024-12-29 21:26:07.942708
02052,0000,1190,106,2024-12-29 21:26:07.958706
16123,0000,1190,106,2024-12-29 21:26:07.974707
33252,0000,1190,106,2024-12-29 21:26:07.990709
55642,0000,1190,106,2024-12-29 21:26:08.022657
08994,0001,1190,106,2024-12-29 21:26:08.038702
09922,0000,1190,106,2024-12-29 21:26:08.054687
23374,0000,1190,106,2024-12-29 21:26:08.070693
10004,0000,1190,106,2024-12-29 21:26:08.086702
01086,0000,1190,106,2024-12-29 21:26:08.102694
02230,0000,1190,106,2024-12-29 21:26:08.118681
04034,0000,1190,106,2024-12-29 21:26:08.134681
01240,0000,1190,106,2024-12-29 21:26:08.150672
41767,0000,1190,106,2024-12-29 21:26:08.182290
08340,0000,1190,106,2024-12-29 21:26:08.198668
02109,0000,1190,106,2024-12-29 21:26:08.214667
03646,0000,1190,106,2024-12-29 21:26:08.230666
48884,0000,1191,106,2024-12-29 21:26:08.246673
04397,0000,1190,106,2024-12-29 21:26:08.262656
25658,0000,1190,106,2024-12-29 21:26:08.278643
05209,0000,1190,106,2024-12-29 21:26:08.294654
03724,0000,1190,106,2024-12-29 21:26:08.310639
02197,0000,1190,106,2024-12-29 21:26:08.326642
02725,0000,1190,106,2024-12-29 21:26:08.358629
19342,0000,1190,106,2024-12-29 21:26:08.374629
03051,0000,1190,106,2024-12-29 21:26:08.390622
05148,0000,1190,106,2024-12-29 21:26:08.406627
18086,0000,1190,106,2024-12-29 21:26:08.422621
03428,0000,1190,106,2024-12-29 21:26:08.438623
03259,0000,1190,106,2024-12-29 21:26:08.454610
02814,0000,1190,106,2024-12-29 21:26:08.470609
28147,0000,1190,106,2024-12-29 21:26:08.486617
42414,0000,1190,106,2024-12-29 21:26:08.518315
27211,0000,1190,106,2024-12-29 21:26:08.534624
12963,0000,1190,106,2024-12-29 21:26:08.550625
26828,0000,1190,106,2024-12-29 21:26:08.566632
16334,0000,1191,106,2024-12-29 21:26:08.582635
20866,0000,1190,106,2024-12-29 21:26:08.598639
04530,0000,1190,106,2024-12-29 21:26:08.614639
44145,0000,1190,106,2024-12-29 21:26:08.630637
05406,0000,1191,106,2024-12-29 21:26:08.646639
05339,0000,1190,106,2024-12-29 21:26:08.677985
22050,0000,1190,106,2024-12-29 21:26:08.694563
00608,0000,1190,106,2024-12-29 21:26:08.710559
02094,0000,1191,106,2024-12-29 21:26:08.726557
04638,0000,1190,106,2024-12-29 21:26:08.742561
02144,0000,1191,106,2024-12-29 21:26:08.758551
32075,0000,1190,106,2024-12-29 21:26:08.774560
03251,0000,1190,106,2024-12-29 21:26:08.790546
06012,0000,1191,106,2024-12-29 21:26:08.806542
01516,0000,1191,106,2024-12-29 21:26:08.822550
55960,0000,1190,106,2024-12-29 21:26:08.854357
29287,0000,1191,106,2024-12-29 21:26:08.870551
23527,0000,1190,106,2024-12-29 21:26:08.886532
27149,0000,1191,106,2024-12-29 21:26:08.902529
02814,0000,1190,106,2024-12-29 21:26:08.918533
27449,0000,1190,106,2024-12-29 21:26:08.934528
02455,0000,1190,106,2024-12-29 21:26:08.950509
04580,0000,1190,106,2024-12-29 21:26:08.966517
04230,0000,1190,106,2024-12-29 21:26:08.982517
34042,0000,1191,106,2024-12-29 21:26:09.013970
44767,0000,1190,106,2024-12-29 21:26:09.030506
01526,0000,1190,106,2024-12-29 21:26:09.046490
11019,0000,1191,106,2024-12-29 21:26:09.062492
30083,0000,1191,106,2024-12-29 21:26:09.078486
07237,0000,1190,106,2024-12-29 21:26:09.094495
20392,0000,1190,106,2024-12-29 21:26:09.110484
03072,0000,1190,106,2024-12-29 21:26:09.126484
00223,0000,1190,106,2024-12-29 21:26:09.142479
28287,0000,1191,106,2024-12-29 21:26:09.158480
01752,0000,1191,106,2024-12-29 21:26:09.190383
02018,0000,1191,106,2024-12-29 21:26:09.206473
25633,0000,1190,106,2024-12-29 21:26:09.222462
26186,0000,1191,106,2024-12-29 21:26:09.238491
27772,0000,1190,106,2024-12-29 21:26:09.254467
05128,0000,1191,106,2024-12-29 21:26:09.270468
02847,0000,1190,106,2024-12-29 21:26:09.286453
02708,0000,1191,106,2024-12-29 21:26:09.302459
49889,0000,1190,106,2024-12-29 21:26:09.318448
00434,0000,1191,106,2024-12-29 21:26:09.350020
48145,0000,1191,106,2024-12-29 21:26:09.366433
26444,0000,1191,106,2024-12-29 21:26:09.382424
19233,0001,1191,106,2024-12-29 21:26:09.398428
02300,0000,1191,106,2024-12-29 21:26:09.414424
04044,0000,1190,106,2024-12-29 21:26:09.430422
01203,0000,1190,106,2024-12-29 21:26:09.446419
30365,0000,1190,106,2024-12-29 21:26:09.462408
12155,0000,1191,106,2024-12-29 21:26:09.478410
02969,0000,1191,106,2024-12-29 21:26:09.494400
04202,0000,1190,106,2024-12-29 21:26:09.526402
06462,0000,1190,106,2024-12-29 21:26:09.542397
01920,0000,1190,106,2024-12-29 21:26:09.558394
01888,0000,1191,106,2024-12-29 21:26:09.574393
01257,0000,1191,106,2024-12-29 21:26:09.590389
44885,0000,1191,106,2024-12-29 21:26:09.606395
04505,0000,1191,106,2024-12-29 21:26:09.622381
15209,0000,1191,106,2024-12-29 21:26:09.638381
01282,0000,1191,106,2024-12-29 21:26:09.654380
21723,0000,1191,106,2024-12-29 21:26:09.686016
10051,0000,1191,106,2024-12-29 21:26:09.702364
58170,0000,1190,106,2024-12-29 21:26:09.718356
02261,0000,1190,106,2024-12-29 21:26:09.734354
02254,0000,1191,106,2024-12-29 21:26:09.750362
05212,0000,1191,106,2024-12-29 21:26:09.766355
59212,0000,1191,106,2024-12-29 21:26:09.782353
00406,0000,1191,106,2024-12-29 21:26:09.798340
08567,0000,1191,106,2024-12-29 21:26:09.814339
01664,0000,1191,106,2024-12-29 21:26:09.845672
04622,0000,1191,106,2024-12-29 21:26:09.862325
24775,0000,1191,106,2024-12-29 21:26:09.878327
46504,0000,1191,106,2024-12-29 21:26:09.894325
01509,0000,1191,106,2024-12-29 21:26:09.910320
17188,0000,1191,106,2024-12-29 21:26:09.926316
19855,0000,1191,106,2024-12-29 21:26:09.942317
23883,0000,1191,106,2024-12-29 21:26:09.958310
01046,0000,1191,106,2024-12-29 21:26:09.974311
03507,0000,1191,106,2024-12-29 21:26:09.990308
18676,0000,1191,106,2024-12-29 21:26:10.022048
08524,0000,1191,106,2024-12-29 21:26:10.038304
04390,0000,1191,106,2024-12-29 21:26:10.054303
01385,0000,1191,106,2024-12-29 21:26:10.070282
19238,0000,1191,106,2024-12-29 21:26:10.086291
11317,0001,1190,106,2024-12-29 21:26:10.102280
00483,0000,1191,106,2024-12-29 21:26:10.118279
13316,0000,1191,106,2024-12-29 21:26:10.134272
53033,0000,1191,106,2024-12-29 21:26:10.150275
11181,0000,1191,106,2024-12-29 21:26:10.181695
44905,0000,1191,106,2024-12-29 21:26:10.198262
02742,0000,1190,106,2024-12-29 21:26:10.214271
04581,0001,1191,106,2024-12-29 21:26:10.230255
25246,0000,1191,106,2024-12-29 21:26:10.246282
59365,0000,1191,106,2024-12-29 21:26:10.262255
23059,0000,1191,106,2024-12-29 21:26:10.278255
05402,0000,1190,106,2024-12-29 21:26:10.294246
03432,0000,1191,106,2024-12-29 21:26:10.310249
02848,0000,1191,106,2024-12-29 21:26:10.326240
44791,0000,1191,106,2024-12-29 21:26:10.358086
36994,0000,1191,106,2024-12-29 21:26:10.374233
04640,0000,1191,106,2024-12-29 21:26:10.390234
18403,0000,1191,106,2024-12-29 21:26:10.406219
00150,0000,1191,106,2024-12-29 21:26:10.422224
06493,0000,1191,106,2024-12-29 21:26:10.438218
05357,0000,1191,106,2024-12-29 21:26:10.454227
03525,0000,1191,106,2024-12-29 21:26:10.470208
01388,0000,1191,106,2024-12-29 21:26:10.486217
08562,0000,1191,106,2024-12-29 21:26:10.517721
04429,0000,1191,106,2024-12-29 21:26:10.534218
01365,0001,1191,106,2024-12-29 21:26:10.550198
04037,0000,1191,106,2024-12-29 21:26:10.566200
37501,0000,1191,106,2024-12-29 21:26:10.582202
05360,0000,1191,106,2024-12-29 21:26:10.598195
34554,0000,1191,106,2024-12-29 21:26:10.614192
09970,0000,1191,106,2024-12-29 21:26:10.630185
05032,0000,1191,106,2024-12-29 21:26:10.646172
14590,0000,1191,106,2024-12-29 21:26:10.662179
58353,0000,1191,106,2024-12-29 21:26:10.694115
01537,0000,1191,106,2024-12-29 21:26:10.710161
00997,0000,1191,106,2024-12-29 21:26:10.726166
02107,0000,1191,106,2024-12-29 21:26:10.742169
08478,0000,1191,106,2024-12-29 21:26:10.758161
01152,0001,1191,106,2024-12-29 21:26:10.774148
01961,0000,1191,106,2024-12-29 21:26:10.790148
05185,0000,1191,106,2024-12-29 21:26:10.806147
12902,0000,1191,106,2024-12-29 21:26:10.822149
01406,0000,1191,106,2024-12-29 21:26:10.853733
03812,0000,1191,106,2024-12-29 21:26:10.870141
01481,0000,1191,106,2024-12-29 21:26:10.886138
01443,0000,1191,106,2024-12-29 21:26:10.902136
04898,0000,1191,106,2024-12-29 21:26:10.918121
11930,0000,1191,106,2024-12-29 21:26:10.934120
19488,0000,1191,106,2024-12-29 21:26:10.950125
01202,0000,1191,106,2024-12-29 21:26:10.966124
05046,0000,1191,106,2024-12-29 21:26:10.982114
00405,0000,1191,106,2024-12-29 21:26:10.998115
02204,0000,1191,106,2024-12-29 21:26:11.030106
33151,0000,1191,106,2024-12-29 21:26:11.046102
04537,0000,1191,106,2024-12-29 21:26:11.062104
05395,0000,1191,106,2024-12-29 21:26:11.078100
38482,0000,1191,106,2024-12-29 21:26:11.094102
37969,0001,1191,106,2024-12-29 21:26:11.110096
54970,0000,1191,106,2024-12-29 21:26:11.126095
14521,0000,1191,106,2024-12-29 21:26:11.142098
05072,0000,1191,106,2024-12-29 21:26:11.158091
02273,0001,1191,106,2024-12-29 21:26:11.189781
64318,0000,1191,106,2024-12-29 21:26:11.206079
05186,0000,1191,106,2024-12-29 21:26:11.222080
00331,0000,1191,106,2024-12-29 21:26:11.238102
01746,0000,1191,106,2024-12-29 21:26:11.254063
11171,0000,1191,106,2024-12-29 21:26:11.270064
02333,0000,1191,106,2024-12-29 21:26:11.286055
41630,0000,1191,106,2024-12-29 21:26:11.302057
00464,0000,1191,106,2024-12-29 21:26:11.318052
38409,0000,1191,106,2024-12-29 21:26:11.349409
03849,0000,1191,106,2024-12-29 21:26:11.366049
03795,0000,1191,106,2024-12-29 21:26:11.382035
19147,0000,1191,106,2024-12-29 21:26:11.398037
24725,0000,1191,106,2024-12-29 21:26:11.414028
03689,0000,1191,106,2024-12-29 21:26:11.430033
09180,0000,1191,106,2024-12-29 21:26:11.446028
03112,0000,1191,106,2024-12-29 21:26:11.462024
02662,0000,1191,106,2024-12-29 21:26:11.478023
28486,0000,1191,106,2024-12-29 21:26:11.494018
02306,0000,1191,106,2024-12-29 21:26:11.525801
01354,0000,1191,106,2024-12-29 21:26:11.542007
04886,0000,1191,106,2024-12-29 21:26:11.558014
03752,0000,1191,106,2024-12-29 21:26:11.573997
17638,0000,1191,106,2024-12-29 21:26:11.589990
37539,0000,1191,106,2024-12-29 21:26:11.605996
02947,0000,1191,106,2024-12-29 21:26:11.621995
07666,0000,1191,106,2024-12-29 21:26:11.638000
15508,0000,1191,106,2024-12-29 21:26:11.654000
10472,0000,1191,106,2024-12-29 21:26:11.685462
01474,0000,1191,106,2024-12-29 21:26:11.702002
05023,0000,1191,106,2024-12-29 21:26:11.718009
02244,0000,1191,106,2024-12-29 21:26:11.734005
21283,0000,1191,106,2024-12-29 21:26:11.750021
03097,0000,1191,106,2024-12-29 21:26:11.766014
25890,0000,1191,106,2024-12-29 21:26:11.782018
04485,0000,1191,106,2024-12-29 21:26:11.798018
12255,0000,1191,106,2024-12-29 21:26:11.814021
00565,0000,1191,106,2024-12-29 21:26:11.829950
04442,0000,1191,106,2024-12-29 21:26:11.861818
12999,0000,1191,106,2024-12-29 21:26:11.877948
03771,0000,1192,106,2024-12-29 21:26:11.893936
06516,0000,1191,106,2024-12-29 21:26:11.909946
04364,0000,1191,106,2024-12-29 21:26:11.925934
18123,0000,1191,106,2024-12-29 21:26:11.941925
02222,0000,1191,106,2024-12-29 21:26:11.957927
02099,0000,1191,106,2024-12-29 21:26:11.973924
01321,0000,1191,106,2024-12-29 21:26:11.989924
26105,0000,1191,106,2024-12-29 21:26:12.021465
04591,0000,1191,106,2024-12-29 21:26:12.037912
04415,0000,1191,106,2024-12-29 21:26:12.053909
26589,0001,1191,106,2024-12-29 21:26:12.069904
02943,0000,1191,106,2024-12-29 21:26:12.085901
16923,0000,1191,106,2024-12-29 21:26:12.101895
17563,0000,1192,106,2024-12-29 21:26:12.117904
01333,0000,1191,106,2024-12-29 21:26:12.133900
28964,0000,1191,106,2024-12-29 21:26:12.149888
01927,0000,1191,106,2024-12-29 21:26:12.165891
11116,0000,1191,106,2024-12-29 21:26:12.197836
07662,0000,1191,106,2024-12-29 21:26:12.213871
52462,0000,1191,106,2024-12-29 21:26:12.229872
01420,0000,1191,106,2024-12-29 21:26:12.245881
01487,0000,1191,106,2024-12-29 21:26:12.261869
01588,0000,1191,106,2024-12-29 21:26:12.277866
02967,0000,1191,106,2024-12-29 21:26:12.293861
02277,0000,1191,106,2024-12-29 21:26:12.309857
04489,0000,1191,106,2024-12-29 21:26:12.325858
21259,0000,1191,106,2024-12-29 21:26:12.357481
49985,0000,1191,106,2024-12-29 21:26:12.373843
01402,0000,1191,106,2024-12-29 21:26:12.389844
07676,0000,1192,106,2024-12-29 21:26:12.405848
03123,0001,1191,106,2024-12-29 21:26:12.421825
05296,0000,1191,106,2024-12-29 21:26:12.437831
01972,0000,1192,106,2024-12-29 21:26:12.453826
25254,0000,1191,106,2024-12-29 21:26:12.469824
04990,0000,1191,106,2024-12-29 21:26:12.485816
38629,0000,1192,106,2024-12-29 21:26:12.517129
08784,0000,1191,106,2024-12-29 21:26:12.533825
04377,0000,1191,106,2024-12-29 21:26:12.549810
02239,0000,1192,106,2024-12-29 21:26:12.565807
03903,0001,1191,106,2024-12-29 21:26:12.581801
21595,0000,1192,106,2024-12-29 21:26:12.597812
04598,0000,1192,106,2024-12-29 21:26:12.613794
05891,0001,1191,106,2024-12-29 21:26:12.629786
36941,0000,1191,106,2024-12-29 21:26:12.645791
20795,0000,1191,106,2024-12-29 21:26:12.661782
27769,0000,1192,106,2024-12-29 21:26:12.693510
24142,0000,1191,106,2024-12-29 21:26:12.709777
33768,0000,1191,106,2024-12-29 21:26:12.725769
03097,0001,1191,106,2024-12-29 21:26:12.741779
00488,0000,1191,106,2024-12-29 21:26:12.757766
04652,0000,1191,106,2024-12-29 21:26:12.773767
12003,0000,1192,106,2024-12-29 21:26:12.789777
18762,0000,1191,106,2024-12-29 21:26:12.805756
23321,0000,1191,106,2024-12-29 21:26:12.821755
03843,0000,1191,106,2024-12-29 21:26:12.853164
03362,0000,1192,106,2024-12-29 21:26:12.869754
00475,0000,1192,106,2024-12-29 21:26:12.885750
04527,0000,1192,106,2024-12-29 21:26:12.901738
05916,0000,1191,106,2024-12-29 21:26:12.917743
10008,0000,1191,106,2024-12-29 21:26:12.933729
02309,0000,1192,106,2024-12-29 21:26:12.949729
02810,0000,1192,106,2024-12-29 21:26:12.965725
32085,0000,1191,106,2024-12-29 21:26:12.981728
00311,0000,1191,106,2024-12-29 21:26:12.997716
01922,0001,1191,106,2024-12-29 21:26:13.029536
02978,0000,1191,106,2024-12-29 21:26:13.045713
19848,0000,1191,106,2024-12-29 21:26:13.061710
02784,0000,1191,106,2024-12-29 21:26:13.077716
17300,0000,1192,106,2024-12-29 21:26:13.093698
29032,0000,1192,106,2024-12-29 21:26:13.109702
53393,0000,1191,106,2024-12-29 21:26:13.125695
35940,0000,1191,106,2024-12-29 21:26:13.141698
05423,0000,1192,106,2024-12-29 21:26:13.157694
05158,0000,1192,106,2024-12-29 21:26:13.189184
02936,0000,1192,106,2024-12-29 21:26:13.205677
01375,0000,1192,106,2024-12-29 21:26:13.221682
18006,0000,1192,106,2024-12-29 21:26:13.237697
33874,0000,1192,106,2024-12-29 21:26:13.253675
22325,0000,1192,106,2024-12-29 21:26:13.269671
06068,0000,1191,106,2024-12-29 21:26:13.285675
10753,0000,1191,106,2024-12-29 21:26:13.301671
02205,0000,1192,106,2024-12-29 21:26:13.317668
04395,0000,1191,106,2024-12-29 21:26:13.333661
32433,0000,1191,106,2024-12-29 21:26:13.365559
08615,0000,1191,106,2024-12-29 21:26:13.381639
07570,0000,1191,106,2024-12-29 21:26:13.397643
03756,0000,1192,106,2024-12-29 21:26:13.413635
05321,0000,1192,106,2024-12-29 21:26:13.429639
00476,0000,1192,106,2024-12-29 21:26:13.445627
02262,0000,1192,106,2024-12-29 21:26:13.461627
00970,0000,1192,106,2024-12-29 21:26:13.477626
27275,0000,1192,106,2024-12-29 21:26:13.493631
21739,0000,1192,106,2024-12-29 21:26:13.525197
00471,0000,1192,106,2024-12-29 21:26:13.541617
26625,0000,1192,106,2024-12-29 21:26:13.557617
04032,0000,1192,106,2024-12-29 21:26:13.573615
56677,0000,1191,106,2024-12-29 21:26:13.589612
03004,0000,1192,106,2024-12-29 21:26:13.605613
00729,0000,1192,106,2024-12-29 21:26:13.621594
05003,0000,1192,106,2024-12-29 21:26:13.637603
09056,0000,1192,106,2024-12-29 21:26:13.653589
40216,0000,1191,106,2024-12-29 21:26:13.669588
01952,0000,1192,106,2024-12-29 21:26:13.701591
28836,0000,1192,106,2024-12-29 21:26:13.717578
01728,0000,1192,106,2024-12-29 21:26:13.733581
23911,0000,1192,106,2024-12-29 21:26:13.749580
35474,0000,1192,106,2024-12-29 21:26:13.765576
03999,0000,1192,106,2024-12-29 21:26:13.781562
05312,0000,1192,106,2024-12-29 21:26:13.797566
11393,0000,1191,106,2024-12-29 21:26:13.813561
40880,0000,1192,106,2024-12-29 21:26:13.829557
03939,0000,1192,106,2024-12-29 21:26:13.861228
30787,0000,1192,106,2024-12-29 21:26:13.877552
28649,0000,1192,106,2024-12-29 21:26:13.893538
00015,0000,1192,106,2024-12-29 21:26:13.909545
26920,0000,1192,106,2024-12-29 21:26:13.925539
03893,0000,1192,106,2024-12-29 21:26:13.941540
16737,0000,1192,106,2024-12-29 21:26:13.957542
31593,0000,1192,106,2024-12-29 21:26:13.973543
03822,0000,1192,106,2024-12-29 21:26:13.989527
16214,0000,1191,106,2024-12-29 21:26:14.020866
02817,0000,1192,106,2024-12-29 21:26:14.037518
04934,0000,1192,106,2024-12-29 21:26:14.053510
10602,0000,1192,106,2024-12-29 21:26:14.069511
05058,0000,1192,106,2024-12-29 21:26:14.085515
12438,0000,1192,106,2024-12-29 21:26:14.101495
02595,0000,1192,106,2024-12-29 21:26:14.117497
03808,0000,1192,106,2024-12-29 21:26:14.133496
31495,0000,1192,106,2024-12-29 21:26:14.149499
22693,0000,1192,106,2024-12-29 21:26:14.165494
02276,0000,1192,106,2024-12-29 21:26:14.197251
03514,0000,1192,106,2024-12-29 21:26:14.213482
17988,0000,1192,106,2024-12-29 21:26:14.229472
02029,0000,1192,106,2024-12-29 21:26:14.245500
39198,0000,1192,106,2024-12-29 21:26:14.261467
08386,0000,1192,106,2024-12-29 21:26:14.277473
29221,0000,1192,106,2024-12-29 21:26:14.293464
03907,0000,1192,106,2024-12-29 21:26:14.309469
02325,0000,1192,106,2024-12-29 21:26:14.325460
22151,0000,1192,106,2024-12-29 21:26:14.356901
03063,0000,1192,106,2024-12-29 21:26:14.373464
03824,0000,1192,106,2024-12-29 21:26:14.389447
03736,0000,1192,106,2024-12-29 21:26:14.405438
33729,0000,1192,106,2024-12-29 21:26:14.421439
20933,0000,1192,106,2024-12-29 21:26:14.437436
04366,0000,1192,106,2024-12-29 21:26:14.453435
49743,0000,1192,106,2024-12-29 21:26:14.469434
04420,0000,1192,106,2024-12-29 21:26:14.485432
17949,0000,1192,106,2024-12-29 21:26:14.501423
05140,0000,1192,106,2024-12-29 21:26:14.533271
04437,0000,1192,106,2024-12-29 21:26:14.549414
02624,0000,1192,106,2024-12-29 21:26:14.565414
30912,0000,1192,106,2024-12-29 21:26:14.581418
33959,0000,1192,106,2024-12-29 21:26:14.597411
30356,0000,1192,106,2024-12-29 21:26:14.613415
07693,0000,1192,106,2024-12-29 21:26:14.629401
19347,0000,1192,106,2024-12-29 21:26:14.645403
34761,0000,1192,106,2024-12-29 21:26:14.661397
17527,0000,1192,106,2024-12-29 21:26:14.692930
56660,0000,1192,106,2024-12-29 21:26:14.709378
03069,0000,1192,106,2024-12-29 21:26:14.725386
50926,0000,1192,106,2024-12-29 21:26:14.741397
01423,0000,1192,106,2024-12-29 21:26:14.757384
09594,0000,1192,106,2024-12-29 21:26:14.773391
03729,0000,1192,106,2024-12-29 21:26:14.789392
24004,0000,1192,106,2024-12-29 21:26:14.805390
09883,0000,1192,106,2024-12-29 21:26:14.821399
19431,0000,1192,106,2024-12-29 21:26:14.837396
45512,0000,1192,106,2024-12-29 21:26:14.869344
36232,0000,1192,106,2024-12-29 21:26:14.885408
01479,0000,1192,106,2024-12-29 21:26:14.901401
17995,0000,1192,106,2024-12-29 21:26:14.917402
54255,0000,1192,106,2024-12-29 21:26:14.933408
05398,0000,1192,106,2024-12-29 21:26:14.949338
01738,0001,1192,106,2024-12-29 21:26:14.965335
39184,0000,1192,106,2024-12-29 21:26:14.981333
00479,0000,1192,106,2024-12-29 21:26:14.997321
30454,0000,1192,106,2024-12-29 21:26:15.028945
02066,0000,1192,106,2024-12-29 21:26:15.045320
13534,0000,1192,106,2024-12-29 21:26:15.061310
21039,0000,1192,106,2024-12-29 21:26:15.077315
05374,0000,1193,106,2024-12-29 21:26:15.093306
21415,0000,1192,106,2024-12-29 21:26:15.109310
00662,0000,1192,106,2024-12-29 21:26:15.125308
13878,0000,1192,106,2024-12-29 21:26:15.141313
64477,0000,1192,106,2024-12-29 21:26:15.157297
49742,0000,1192,106,2024-12-29 21:26:15.173296
05218,0000,1192,106,2024-12-29 21:26:15.205285
02568,0000,1192,106,2024-12-29 21:26:15.221286
35304,0000,1192,106,2024-12-29 21:26:15.237302
03145,0000,1192,106,2024-12-29 21:26:15.253284
01332,0000,1192,106,2024-12-29 21:26:15.269275
33837,0001,1192,106,2024-12-29 21:26:15.285277
00630,0000,1192,106,2024-12-29 21:26:15.301268
16016,0000,1192,106,2024-12-29 21:26:15.317274
36110,0000,1192,106,2024-12-29 21:26:15.333264
02163,0000,1192,106,2024-12-29 21:26:15.364968
00744,0000,1192,106,2024-12-29 21:26:15.381249
01891,0000,1192,106,2024-12-29 21:26:15.397251
39841,0000,1192,106,2024-12-29 21:26:15.413241
01536,0000,1192,106,2024-12-29 21:26:15.429237
01758,0000,1192,106,2024-12-29 21:26:15.445228
02751,0000,1192,106,2024-12-29 21:26:15.461239
47130,0000,1192,106,2024-12-29 21:26:15.477219
02028,0000,1192,106,2024-12-29 21:26:15.493228
44615,0000,1192,106,2024-12-29 21:26:15.524619
03142,0000,1192,106,2024-12-29 21:26:15.541220
06798,0000,1192,106,2024-12-29 21:26:15.557222
00531,0000,1192,106,2024-12-29 21:26:15.573212
04553,0000,1193,106,2024-12-29 21:26:15.589212
06088,0000,1193,106,2024-12-29 21:26:15.605215
40122,0000,1192,106,2024-12-29 21:26:15.621208
00093,0000,1192,106,2024-12-29 21:26:15.637205
62703,0000,1192,106,2024-12-29 21:26:15.653212
03129,0000,1192,106,2024-12-29 21:26:15.669195
05179,0000,1192,106,2024-12-29 21:26:15.700997
01480,0000,1192,106,2024-12-29 21:26:15.717182
10825,0000,1192,106,2024-12-29 21:26:15.733188
07961,0000,1193,106,2024-12-29 21:26:15.749190
13055,0000,1192,106,2024-12-29 21:26:15.765184
02964,0000,1192,106,2024-12-29 21:26:15.781174
05430,0000,1193,106,2024-12-29 21:26:15.797171
03872,0000,1192,106,2024-12-29 21:26:15.813166
03147,0000,1192,106,2024-12-29 21:26:15.829165
03043,0000,1193,106,2024-12-29 21:26:15.860635
10803,0000,1192,106,2024-12-29 21:26:15.877152
10480,0000,1192,106,2024-12-29 21:26:15.893155
05371,0000,1192,106,2024-12-29 21:26:15.909160
08371,0000,1192,106,2024-12-29 21:26:15.925140
00288,0000,1192,106,2024-12-29 21:26:15.941136
29074,0000,1192,106,2024-12-29 21:26:15.957137
09996,0000,1192,106,2024-12-29 21:26:15.973137
31553,0000,1192,106,2024-12-29 21:26:15.989130
09889,0001,1192,106,2024-12-29 21:26:16.005127
17720,0000,1192,106,2024-12-29 21:26:16.037024
02152,0000,1192,106,2024-12-29 21:26:16.053125
04344,0000,1193,106,2024-12-29 21:26:16.069114
10898,0000,1193,106,2024-12-29 21:26:16.085106
27228,0000,1192,106,2024-12-29 21:26:16.101113
36935,0000,1193,106,2024-12-29 21:26:16.117104
04169,0000,1192,106,2024-12-29 21:26:16.133103
16946,0000,1192,106,2024-12-29 21:26:16.149095
03577,0000,1192,106,2024-12-29 21:26:16.165099
26328,0000,1193,106,2024-12-29 21:26:16.196673
35905,0000,1192,106,2024-12-29 21:26:16.213085
00559,0000,1192,106,2024-12-29 21:26:16.229081
03347,0000,1193,106,2024-12-29 21:26:16.245104
15962,0000,1192,106,2024-12-29 21:26:16.261081
03032,0001,1193,106,2024-12-29 21:26:16.277078
27100,0000,1192,106,2024-12-29 21:26:16.293081
03536,0000,1193,106,2024-12-29 21:26:16.309084
09367,0000,1193,106,2024-12-29 21:26:16.325061
20129,0000,1193,106,2024-12-29 21:26:16.341069
20050,0000,1193,106,2024-12-29 21:26:16.373062
05467,0000,1192,106,2024-12-29 21:26:16.389056
29867,0000,1193,106,2024-12-29 21:26:16.405053
13536,0000,1192,106,2024-12-29 21:26:16.421059
00325,0000,1192,106,2024-12-29 21:26:16.437053
18544,0000,1192,106,2024-12-29 21:26:16.453045
37697,0001,1193,106,2024-12-29 21:26:16.469045
19354,0000,1192,106,2024-12-29 21:26:16.485038
33666,0000,1193,106,2024-12-29 21:26:16.501030
02506,0000,1192,106,2024-12-29 21:26:16.532696
13260,0000,1192,106,2024-12-29 21:26:16.549024
56054,0000,1193,106,2024-12-29 21:26:16.565018
18458,0000,1193,106,2024-12-29 21:26:16.581023
09613,0000,1193,106,2024-12-29 21:26:16.597008
17943,0000,1192,106,2024-12-29 21:26:16.613018
02363,0000,1193,106,2024-12-29 21:26:16.629013
02137,0000,1192,106,2024-12-29 21:26:16.645007
00544,0000,1193,106,2024-12-29 21:26:16.661001
04409,0000,1192,106,2024-12-29 21:26:16.692336
44854,0000,1193,106,2024-12-29 21:26:16.708989
00669,0001,1193,106,2024-12-29 21:26:16.724990
30276,0000,1192,106,2024-12-29 21:26:16.741003
44700,0000,1193,106,2024-12-29 21:26:16.756979
02727,0000,1192,106,2024-12-29 21:26:16.772979
23709,0000,1193,106,2024-12-29 21:26:16.788977
04220,0001,1193,106,2024-12-29 21:26:16.804976
13874,0000,1193,106,2024-12-29 21:26:16.820968
17291,0000,1192,106,2024-12-29 21:26:16.836962
39480,0000,1193,106,2024-12-29 21:26:16.868710
36956,0000,1192,106,2024-12-29 21:26:16.884959
32800,0000,1193,106,2024-12-29 21:26:16.900952
24598,0000,1193,106,2024-12-29 21:26:16.916949
18853,0000,1193,106,2024-12-29 21:26:16.932951
03056,0000,1193,106,2024-12-29 21:26:16.948946
02655,0000,1193,106,2024-12-29 21:26:16.964940
00508,0000,1193,106,2024-12-29 21:26:16.980941
03245,0000,1193,106,2024-12-29 21:26:16.996934
35580,0000,1193,106,2024-12-29 21:26:17.028333
16911,0000,1193,106,2024-12-29 21:26:17.044929
12505,0000,1193,106,2024-12-29 21:26:17.060924
25728,0000,1193,106,2024-12-29 21:26:17.076925
02438,0001,1193,106,2024-12-29 21:26:17.092929
19989,0000,1193,106,2024-12-29 21:26:17.108914
03107,0000,1193,106,2024-12-29 21:26:17.124925
01471,0000,1192,106,2024-12-29 21:26:17.140925
02849,0000,1193,106,2024-12-29 21:26:17.156926
02125,0000,1193,106,2024-12-29 21:26:17.172901
04426,0000,1193,106,2024-12-29 21:26:17.204730
54080,0000,1193,106,2024-12-29 21:26:17.220901
60070,0000,1193,106,2024-12-29 21:26:17.236906
24436,0000,1192,106,2024-12-29 21:26:17.252892
16695,0000,1193,106,2024-12-29 21:26:17.268877
15166,0000,1193,106,2024-12-29 21:26:17.284890
27798,0000,1193,106,2024-12-29 21:26:17.300875
25232,0001,1193,106,2024-12-29 21:26:17.316884
44756,0000,1193,106,2024-12-29 21:26:17.332873
36845,0000,1193,106,2024-12-29 21:26:17.364370
20703,0000,1193,106,2024-12-29 21:26:17.380869
31133,0000,1193,106,2024-12-29 21:26:17.396863
18051,0000,1193,106,2024-12-29 21:26:17.412861
01509,0000,1193,106,2024-12-29 21:26:17.428851
05473,0000,1193,106,2024-12-29 21:26:17.444853
29165,0000,1193,106,2024-12-29 21:26:17.460847
00249,0000,1193,106,2024-12-29 21:26:17.476846
17878,0000,1193,106,2024-12-29 21:26:17.492848
30214,0000,1193,106,2024-12-29 21:26:17.508832
39095,0000,1193,106,2024-12-29 21:26:17.540774
28776,0000,1193,106,2024-12-29 21:26:17.556830
20927,0000,1193,106,2024-12-29 21:26:17.572824
03692,0000,1193,106,2024-12-29 21:26:17.588830
40715,0000,1193,106,2024-12-29 21:26:17.604831
06776,0000,1193,106,2024-12-29 21:26:17.620821
39003,0000,1193,106,2024-12-29 21:26:17.636811
58383,0000,1193,106,2024-12-29 21:26:17.652809
10135,0000,1193,106,2024-12-29 21:26:17.668806
50003,0000,1193,106,2024-12-29 21:26:17.700393
01454,0000,1193,106,2024-12-29 21:26:17.716800
01209,0000,1193,106,2024-12-29 21:26:17.732790
43527,0000,1193,106,2024-12-29 21:26:17.748792
05584,0000,1193,106,2024-12-29 21:26:17.764782
31458,0000,1193,106,2024-12-29 21:26:17.780784
05152,0000,1193,106,2024-12-29 21:26:17.796785
02790,0000,1193,106,2024-12-29 21:26:17.812781
26757,0000,1193,106,2024-12-29 21:26:17.828768
05153,0000,1193,106,2024-12-29 21:26:17.844762
37116,0000,1193,106,2024-12-29 21:26:17.876760
02283,0000,1193,106,2024-12-29 21:26:17.892778
01367,0000,1193,106,2024-12-29 21:26:17.908765
13543,0000,1193,106,2024-12-29 21:26:17.924769
03558,0000,1193,106,2024-12-29 21:26:17.940778
01316,0000,1193,106,2024-12-29 21:26:17.956774
03509,0000,1193,106,2024-12-29 21:26:17.972779
01268,0000,1193,106,2024-12-29 21:26:17.988779
24527,0001,1193,106,2024-12-29 21:26:18.004787
23075,0000,1193,106,2024-12-29 21:26:18.036476
01240,0000,1193,106,2024-12-29 21:26:18.052788
36347,0000,1193,106,2024-12-29 21:26:18.068792
24404,0000,1193,106,2024-12-29 21:26:18.084720
02379,0001,1193,106,2024-12-29 21:26:18.100717
13182,0000,1193,106,2024-12-29 21:26:18.116712
16805,0000,1193,106,2024-12-29 21:26:18.132714
16242,0000,1193,106,2024-12-29 21:26:18.148707
04469,0000,1193,106,2024-12-29 21:26:18.164698
00655,0000,1193,106,2024-12-29 21:26:18.196074
03472,0000,1193,106,2024-12-29 21:26:18.212698
66219,0000,1193,106,2024-12-29 21:26:18.228696
16512,0000,1193,106,2024-12-29 21:26:18.244713
26176,0000,1193,106,2024-12-29 21:26:18.260691
29402,0000,1193,106,2024-12-29 21:26:18.276698
22301,0000,1193,106,2024-12-29 21:26:18.292686
24330,0000,1194,106,2024-12-29 21:26:18.308682
23138,0000,1193,106,2024-12-29 21:26:18.324675
17414,0000,1193,106,2024-12-29 21:26:18.340672
36241,0000,1193,106,2024-12-29 21:26:18.372448
01671,0001,1193,106,2024-12-29 21:26:18.388673
12573,0000,1193,106,2024-12-29 21:26:18.404646
03081,0000,1193,106,2024-12-29 21:26:18.420655
05256,0000,1193,106,2024-12-29 21:26:18.436647
02581,0000,1193,106,2024-12-29 21:26:18.452653
40206,0000,1193,106,2024-12-29 21:26:18.468646
28001,0000,1193,106,2024-12-29 21:26:18.484650
04237,0000,1193,106,2024-12-29 21:26:18.500643
01507,0000,1193,106,2024-12-29 21:26:18.532089
05044,0000,1193,106,2024-12-29 21:26:18.548639
21072,0000,1193,106,2024-12-29 21:26:18.564628
01525,0000,1193,106,2024-12-29 21:26:18.580627
21545,0000,1193,106,2024-12-29 21:26:18.596619
22352,0000,1193,106,2024-12-29 21:26:18.612626
11589,0000,1193,106,2024-12-29 21:26:18.628613
03792,0000,1193,106,2024-12-29 21:26:18.644614
13267,0000,1193,106,2024-12-29 21:26:18.660618
10108,0000,1193,106,2024-12-29 21:26:18.676601
13079,0000,1194,106,2024-12-29 21:26:18.708473
23064,0000,1193,106,2024-12-29 21:26:18.724607
32250,0000,1193,106,2024-12-29 21:26:18.740597
03770,0000,1193,106,2024-12-29 21:26:18.756596
01971,0000,1193,106,2024-12-29 21:26:18.772592
25219,0000,1193,106,2024-12-29 21:26:18.788592
24741,0000,1193,106,2024-12-29 21:26:18.804578
00373,0000,1193,106,2024-12-29 21:26:18.820574
32411,0000,1193,106,2024-12-29 21:26:18.836572
25298,0000,1193,106,2024-12-29 21:26:18.868109
00552,0000,1193,106,2024-12-29 21:26:18.884562
01386,0000,1193,106,2024-12-29 21:26:18.900557
04330,0000,1193,106,2024-12-29 21:26:18.916557
27354,0000,1193,106,2024-12-29 21:26:18.932551
03587,0000,1193,106,2024-12-29 21:26:18.948546
10535,0000,1193,106,2024-12-29 21:26:18.964553
16328,0000,1193,106,2024-12-29 21:26:18.980541
08711,0000,1193,106,2024-12-29 21:26:18.996542
30937,0000,1193,106,2024-12-29 21:26:19.012537
08187,0000,1193,106,2024-12-29 21:26:19.044500
16694,0000,1193,106,2024-12-29 21:26:19.060542
01213,0000,1193,106,2024-12-29 21:26:19.076530
20270,0000,1193,106,2024-12-29 21:26:19.092520
02208,0000,1193,106,2024-12-29 21:26:19.108527
36297,0000,1193,106,2024-12-29 21:26:19.124515
08983,0000,1193,106,2024-12-29 21:26:19.140522
02478,0000,1193,106,2024-12-29 21:26:19.156514
04618,0000,1193,106,2024-12-29 21:26:19.172524
35620,0000,1193,106,2024-12-29 21:26:19.204153
03079,0000,1193,106,2024-12-29 21:26:19.220505
03421,0000,1193,106,2024-12-29 21:26:19.236504
30659,0000,1193,106,2024-12-29 21:26:19.252502
65100,0000,1193,106,2024-12-29 21:26:19.268497
37791,0000,1194,106,2024-12-29 21:26:19.284486
04142,0000,1194,106,2024-12-29 21:26:19.300487
01001,0000,1193,106,2024-12-29 21:26:19.316479
05233,0000,1193,106,2024-12-29 21:26:19.332484
25776,0000,1193,106,2024-12-29 21:26:19.363795
05344,0000,1193,106,2024-12-29 21:26:19.380472
22507,0000,1194,106,2024-12-29 21:26:19.396476
11523,0000,1193,106,2024-12-29 21:26:19.412459
19197,0000,1194,106,2024-12-29 21:26:19.428465
01102,0000,1193,106,2024-12-29 21:26:19.444468
00472,0000,1194,106,2024-12-29 21:26:19.460453
44130,0000,1193,106,2024-12-29 21:26:19.476450
04159,0000,1194,106,2024-12-29 21:26:19.492450
25538,0000,1193,106,2024-12-29 21:26:19.508451
32251,0000,1193,106,2024-12-29 21:26:19.540176
05342,0000,1194,106,2024-12-29 21:26:19.556434
09028,0000,1194,106,2024-12-29 21:26:19.572435
47447,0000,1193,106,2024-12-29 21:26:19.588424
08780,0000,1193,106,2024-12-29 21:26:19.604432
05240,0000,1194,106,2024-12-29 21:26:19.620419
03262,0000,1194,106,2024-12-29 21:26:19.636420
00590,0000,1193,106,2024-12-29 21:26:19.652409
02517,0000,1193,106,2024-12-29 21:26:19.668415
03041,0000,1194,106,2024-12-29 21:26:19.699807
20752,0000,1194,106,2024-12-29 21:26:19.716408
04538,0000,1194,106,2024-12-29 21:26:19.732393
28645,0000,1194,106,2024-12-29 21:26:19.748407
01487,0000,1193,106,2024-12-29 21:26:19.764390
28582,0000,1193,106,2024-12-29 21:26:19.780391
01061,0000,1193,106,2024-12-29 21:26:19.796382
00605,0000,1194,106,2024-12-29 21:26:19.812387
10712,0000,1194,106,2024-12-29 21:26:19.828386
01522,0000,1194,106,2024-12-29 21:26:19.844394
09738,0000,1194,106,2024-12-29 21:26:19.876192
01292,0000,1194,106,2024-12-29 21:26:19.892365
18983,0000,1194,106,2024-12-29 21:26:19.908361
60762,0000,1194,106,2024-12-29 21:26:19.924353
00094,0000,1194,106,2024-12-29 21:26:19.940363
23393,0000,1194,106,2024-12-29 21:26:19.956358
00483,0000,1194,106,2024-12-29 21:26:19.972351
25348,0000,1194,106,2024-12-29 21:26:19.988345
32825,0000,1194,106,2024-12-29 21:26:20.004343
03870,0000,1194,106,2024-12-29 21:26:20.035832
06203,0000,1194,106,2024-12-29 21:26:20.052337
06336,0000,1194,106,2024-12-29 21:26:20.068330
00497,0000,1194,106,2024-12-29 21:26:20.084335
03851,0000,1193,106,2024-12-29 21:26:20.100327
31518,0000,1194,106,2024-12-29 21:26:20.116323
04677,0000,1194,106,2024-12-29 21:26:20.132330
27792,0000,1194,106,2024-12-29 21:26:20.148321
36082,0000,1193,106,2024-12-29 21:26:20.164308
49831,0000,1193,106,2024-12-29 21:26:20.180317
40901,0000,1194,106,2024-12-29 21:26:20.212222
10475,0000,1193,106,2024-12-29 21:26:20.228314
01389,0000,1194,106,2024-12-29 21:26:20.244329
00659,0000,1194,106,2024-12-29 21:26:20.260294
11796,0000,1193,106,2024-12-29 21:26:20.276294
21691,0000,1194,106,2024-12-29 21:26:20.292299
04949,0000,1194,106,2024-12-29 21:26:20.308287
43012,0000,1194,106,2024-12-29 21:26:20.324289
29149,0000,1194,106,2024-12-29 21:26:20.340282
03048,0000,1194,106,2024-12-29 21:26:20.371857
02902,0000,1194,106,2024-12-29 21:26:20.388274
18632,0000,1194,106,2024-12-29 21:26:20.404274
05237,0000,1194,106,2024-12-29 21:26:20.420270
00685,0000,1194,106,2024-12-29 21:26:20.436258
03465,0000,1194,106,2024-12-29 21:26:20.452264
18377,0000,1194,106,2024-12-29 21:26:20.468254
01522,0000,1194,106,2024-12-29 21:26:20.484260
59145,0000,1193,106,2024-12-29 21:26:20.500251
17168,0000,1194,106,2024-12-29 21:26:20.516239
47259,0000,1194,106,2024-12-29 21:26:20.548236
03736,0000,1194,106,2024-12-29 21:26:20.564236
01234,0000,1194,106,2024-12-29 21:26:20.580229
08788,0000,1194,106,2024-12-29 21:26:20.596231
04414,0001,1194,106,2024-12-29 21:26:20.612240
00489,0000,1194,106,2024-12-29 21:26:20.628227
01898,0000,1194,106,2024-12-29 21:26:20.644220
44875,0000,1194,106,2024-12-29 21:26:20.660218
03271,0000,1194,106,2024-12-29 21:26:20.676212
03339,0000,1194,106,2024-12-29 21:26:20.707881
02181,0000,1194,106,2024-12-29 21:26:20.724214
08270,0000,1194,106,2024-12-29 21:26:20.740220
04339,0000,1194,106,2024-12-29 21:26:20.756209
04412,0000,1194,106,2024-12-29 21:26:20.772198
02652,0000,1194,106,2024-12-29 21:26:20.788199
08053,0000,1194,106,2024-12-29 21:26:20.804191
01782,0000,1194,106,2024-12-29 21:26:20.820197
56617,0000,1194,106,2024-12-29 21:26:20.836187
21109,0001,1194,106,2024-12-29 21:26:20.867514
35586,0000,1194,106,2024-12-29 21:26:20.884170
16944,0000,1194,106,2024-12-29 21:26:20.900168
03561,0000,1194,106,2024-12-29 21:26:20.916160
06751,0000,1194,106,2024-12-29 21:26:20.932166
05448,0000,1194,106,2024-12-29 21:26:20.948153
31578,0000,1194,106,2024-12-29 21:26:20.964164
29918,0000,1194,106,2024-12-29 21:26:20.980147
26790,0000,1194,106,2024-12-29 21:26:20.996154
17253,0000,1194,106,2024-12-29 21:26:21.012155
04796,0000,1194,106,2024-12-29 21:26:21.043933
08616,0000,1194,106,2024-12-29 21:26:21.060159
00451,0000,1194,106,2024-12-29 21:26:21.076165
03804,0001,1194,106,2024-12-29 21:26:21.092164
26310,0000,1194,106,2024-12-29 21:26:21.108164
04153,0000,1194,106,2024-12-29 21:26:21.124170
03658,0000,1194,106,2024-12-29 21:26:21.140172
18919,0000,1194,106,2024-12-29 21:26:21.156175
01610,0000,1194,106,2024-12-29 21:26:21.172180
02853,0000,1194,106,2024-12-29 21:26:21.203529
24033,0000,1194,106,2024-12-29 21:26:21.220118
07474,0000,1194,106,2024-12-29 21:26:21.236100
15341,0000,1194,106,2024-12-29 21:26:21.252125
06851,0000,1194,106,2024-12-29 21:26:21.268093
24032,0001,1194,106,2024-12-29 21:26:21.284101
01442,0001,1194,106,2024-12-29 21:26:21.300099
04400,0000,1194,106,2024-12-29 21:26:21.316089
14965,0000,1194,106,2024-12-29 21:26:21.332083
24845,0000,1194,106,2024-12-29 21:26:21.348087
18725,0000,1194,106,2024-12-29 21:26:21.379936
38531,0000,1194,106,2024-12-29 21:26:21.396081
02332,0000,1194,106,2024-12-29 21:26:21.412080
03590,0000,1194,106,2024-12-29 21:26:21.428067
03350,0000,1194,106,2024-12-29 21:26:21.444062
56502,0000,1194,106,2024-12-29 21:26:21.460056
01328,0000,1194,106,2024-12-29 21:26:21.476055
29857,0000,1194,106,2024-12-29 21:26:21.492052
27731,0000,1194,106,2024-12-29 21:26:21.508051
17031,0000,1194,106,2024-12-29 21:26:21.539570
20137,0000,1194,106,2024-12-29 21:26:21.556039
29030,0000,1195,106,2024-12-29 21:26:21.572035
11592,0000,1194,106,2024-12-29 21:26:21.588034
06777,0000,1194,106,2024-12-29 21:26:21.604037
01419,0000,1194,106,2024-12-29 21:26:21.620029
04804,0000,1194,106,2024-12-29 21:26:21.636026
01266,0000,1194,106,2024-12-29 21:26:21.652035
00489,0000,1194,106,2024-12-29 21:26:21.668017
04530,0000,1194,106,2024-12-29 21:26:21.684019
03593,0000,1194,106,2024-12-29 21:26:21.715966
00524,0000,1194,106,2024-12-29 21:26:21.732013
41806,0000,1194,106,2024-12-29 21:26:21.748014
05232,0000,1194,106,2024-12-29 21:26:21.764001
53889,0000,1194,106,2024-12-29 21:26:21.780003
16001,0000,1194,106,2024-12-29 21:26:21.796006
02311,0000,1194,106,2024-12-29 21:26:21.811991
03541,0000,1194,106,2024-12-29 21:26:21.827985
04200,0000,1194,106,2024-12-29 21:26:21.843986
00542,0000,1194,106,2024-12-29 21:26:21.875593
05381,0000,1194,106,2024-12-29 21:26:21.891978
08368,0000,1194,106,2024-12-29 21:26:21.907979
03768,0000,1194,106,2024-12-29 21:26:21.923978
09878,0000,1194,106,2024-12-29 21:26:21.939963
26694,0000,1194,106,2024-12-29 21:26:21.955962
02838,0000,1194,106,2024-12-29 21:26:21.971957
07833,0000,1194,106,2024-12-29 21:26:21.987955
23499,0000,1194,106,2024-12-29 21:26:22.003957
12513,0000,1194,106,2024-12-29 21:26:22.019945
00522,0000,1194,106,2024-12-29 21:26:22.051942
02797,0000,1194,106,2024-12-29 21:26:22.067941
34552,0000,1194,106,2024-12-29 21:26:22.083933
05179,0000,1194,106,2024-12-29 21:26:22.099938
01401,0000,1194,106,2024-12-29 21:26:22.115933
02181,0000,1194,106,2024-12-29 21:26:22.131930
01251,0000,1194,106,2024-12-29 21:26:22.147924
00743,0000,1194,106,2024-12-29 21:26:22.163933
01361,0000,1194,106,2024-12-29 21:26:22.179929
02754,0000,1194,106,2024-12-29 21:26:22.211631
09976,0000,1194,106,2024-12-29 21:26:22.227911
22005,0000,1194,106,2024-12-29 21:26:22.243926
01231,0000,1194,106,2024-12-29 21:26:22.259902
03015,0000,1195,106,2024-12-29 21:26:22.275903
01272,0000,1194,106,2024-12-29 21:26:22.291896
03810,0000,1194,106,2024-12-29 21:26:22.307900
28725,0000,1194,106,2024-12-29 21:26:22.323888
08186,0000,1194,106,2024-12-29 21:26:22.339885
13778,0000,1194,106,2024-12-29 21:26:22.371277
23254,0000,1194,106,2024-12-29 21:26:22.387876
05131,0000,1194,106,2024-12-29 21:26:22.403864
13749,0000,1194,106,2024-12-29 21:26:22.419870
40107,0000,1194,106,2024-12-29 21:26:22.435867
25451,0000,1194,106,2024-12-29 21:26:22.451863
04451,0000,1194,106,2024-12-29 21:26:22.467859
06085,0000,1194,106,2024-12-29 21:26:22.483859
00103,0000,1194,106,2024-12-29 21:26:22.499857
02997,0000,1195,106,2024-12-29 21:26:22.515852
17227,0000,1195,106,2024-12-29 21:26:22.547651
02098,0000,1194,106,2024-12-29 21:26:22.563855
14900,0000,1194,106,2024-12-29 21:26:22.579837
02044,0000,1194,106,2024-12-29 21:26:22.595833
13131,0000,1194,106,2024-12-29 21:26:22.611835
04168,0000,1194,106,2024-12-29 21:26:22.627828
04394,0000,1194,106,2024-12-29 21:26:22.643820
01451,0000,1194,106,2024-12-29 21:26:22.659822
43264,0000,1194,106,2024-12-29 21:26:22.675819
03842,0000,1195,106,2024-12-29 21:26:22.707290
03671,0000,1194,106,2024-12-29 21:26:22.723812
03753,0000,1195,106,2024-12-29 21:26:22.739815
02028,0000,1194,106,2024-12-29 21:26:22.755811
02075,0000,1194,106,2024-12-29 21:26:22.771806
37965,0000,1194,106,2024-12-29 21:26:22.787803
07805,0000,1195,106,2024-12-29 21:26:22.803804
24822,0000,1194,106,2024-12-29 21:26:22.819798
02973,0000,1194,106,2024-12-29 21:26:22.835792
14154,0000,1194,106,2024-12-29 21:26:22.851789
12672,0000,1195,106,2024-12-29 21:26:22.883676
63452,0001,1194,106,2024-12-29 21:26:22.899779
09907,0000,1195,106,2024-12-29 21:26:22.915779
19744,0000,1194,106,2024-12-29 21:26:22.931769
14230,0000,1194,106,2024-12-29 21:26:22.947775
13706,0000,1195,106,2024-12-29 21:26:22.963775
01131,0000,1195,106,2024-12-29 21:26:22.979765
21024,0000,1195,106,2024-12-29 21:26:22.995772
41701,0000,1195,106,2024-12-29 21:26:23.011756
49139,0000,1194,106,2024-12-29 21:26:23.043322
54091,0000,1195,106,2024-12-29 21:26:23.059750
05044,0000,1194,106,2024-12-29 21:26:23.075744
00639,0000,1194,106,2024-12-29 21:26:23.091746
07602,0000,1194,106,2024-12-29 21:26:23.107738
02562,0000,1194,106,2024-12-29 21:26:23.123734
04637,0000,1194,106,2024-12-29 21:26:23.139743
00447,0000,1195,106,2024-12-29 21:26:23.155755
05148,0000,1194,106,2024-12-29 21:26:23.171743
01943,0000,1195,106,2024-12-29 21:26:23.187732
21990,0000,1194,106,2024-12-29 21:26:23.219724
15763,0000,1194,106,2024-12-29 21:26:23.235727
16817,0000,1195,106,2024-12-29 21:26:23.251723
18807,0000,1195,106,2024-12-29 21:26:23.267715
17742,0000,1194,106,2024-12-29 21:26:23.283702
28448,0000,1195,106,2024-12-29 21:26:23.299702
21123,0000,1195,106,2024-12-29 21:26:23.315698
10478,0000,1194,106,2024-12-29 21:26:23.331704
27351,0000,1195,106,2024-12-29 21:26:23.347702
05080,0000,1195,106,2024-12-29 21:26:23.379334
16110,0000,1194,106,2024-12-29 21:26:23.395677
07738,0000,1195,106,2024-12-29 21:26:23.411686
01327,0000,1195,106,2024-12-29 21:26:23.427675
01549,0000,1195,106,2024-12-29 21:26:23.443678
03573,0000,1195,106,2024-12-29 21:26:23.459677
16017,0000,1195,106,2024-12-29 21:26:23.475680
03801,0000,1195,106,2024-12-29 21:26:23.491663
03815,0000,1195,106,2024-12-29 21:26:23.507665
00516,0000,1195,106,2024-12-29 21:26:23.538974
02086,0000,1194,106,2024-12-29 21:26:23.555647
21791,0000,1195,106,2024-12-29 21:26:23.571645
02001,0000,1195,106,2024-12-29 21:26:23.587645
07545,0000,1195,106,2024-12-29 21:26:23.603640
56404,0000,1195,106,2024-12-29 21:26:23.619642
02281,0000,1194,106,2024-12-29 21:26:23.635640
02818,0000,1194,106,2024-12-29 21:26:23.651647
01407,0000,1195,106,2024-12-29 21:26:23.667630
34708,0000,1195,106,2024-12-29 21:26:23.683623
01484,0000,1195,106,2024-12-29 21:26:23.715372
03691,0000,1195,106,2024-12-29 21:26:23.731621
40940,0000,1195,106,2024-12-29 21:26:23.747644
02184,0000,1195,106,2024-12-29 21:26:23.763600
03107,0000,1195,106,2024-12-29 21:26:23.779603
30625,0000,1195,106,2024-12-29 21:26:23.795600
02950,0000,1195,106,2024-12-29 21:26:23.811606
03975,0000,1195,106,2024-12-29 21:26:23.827596
17002,0000,1195,106,2024-12-29 21:26:23.843609
01187,0000,1195,106,2024-12-29 21:26:23.875014
19197,0000,1195,106,2024-12-29 21:26:23.891592
25638,0000,1195,106,2024-12-29 21:26:23.907591
02196,0000,1195,106,2024-12-29 21:26:23.923583
30064,0000,1195,106,2024-12-29 21:26:23.939575
03471,0000,1195,106,2024-12-29 21:26:23.955572
05051,0000,1195,106,2024-12-29 21:26:23.971575
04391,0000,1195,106,2024-12-29 21:26:23.987564
03136,0000,1195,106,2024-12-29 21:26:24.003559
02248,0000,1195,106,2024-12-29 21:26:24.019559
06774,0000,1195,106,2024-12-29 21:26:24.051392
01803,0000,1195,106,2024-12-29 21:26:24.067551
17496,0000,1195,106,2024-12-29 21:26:24.083551
46401,0000,1195,106,2024-12-29 21:26:24.099537
04653,0000,1195,106,2024-12-29 21:26:24.115543
07160,0000,1195,106,2024-12-29 21:26:24.131547
02113,0000,1195,106,2024-12-29 21:26:24.147546
02145,0000,1195,106,2024-12-29 21:26:24.163548
43901,0000,1195,106,2024-12-29 21:26:24.179547
02569,0000,1195,106,2024-12-29 21:26:24.211062
03870,0000,1195,106,2024-12-29 21:26:24.227555
02860,0000,1195,106,2024-12-29 21:26:24.243570
29496,0000,1195,106,2024-12-29 21:26:24.259560
18379,0000,1195,106,2024-12-29 21:26:24.275557
11024,0000,1195,106,2024-12-29 21:26:24.291563
27708,0000,1195,106,2024-12-29 21:26:24.307568
02194,0001,1195,106,2024-12-29 21:26:24.323563
05267,0000,1195,106,2024-12-29 21:26:24.339496
26312,0000,1195,106,2024-12-29 21:26:24.355498
03044,0000,1195,106,2024-12-29 21:26:24.387405
35712,0000,1195,106,2024-12-29 21:26:24.403482
07258,0000,1195,106,2024-12-29 21:26:24.419473
06771,0000,1195,106,2024-12-29 21:26:24.435482
15434,0001,1195,106,2024-12-29 21:26:24.451469
01153,0000,1195,106,2024-12-29 21:26:24.467472
02244,0000,1195,106,2024-12-29 21:26:24.483458
00681,0000,1195,106,2024-12-29 21:26:24.499467
17116,0001,1195,106,2024-12-29 21:26:24.515467
24913,0000,1195,106,2024-12-29 21:26:24.547052
26605,0000,1195,106,2024-12-29 21:26:24.563445
02317,0000,1195,106,2024-12-29 21:26:24.579446
04581,0000,1195,106,2024-12-29 21:26:24.595448
03738,0000,1195,106,2024-12-29 21:26:24.611443
19302,0000,1195,106,2024-12-29 21:26:24.627435
47528,0000,1195,106,2024-12-29 21:26:24.643443
06109,0000,1195,106,2024-12-29 21:26:24.659435
22657,0000,1195,106,2024-12-29 21:26:24.675430
31475,0000,1195,106,2024-12-29 21:26:24.691423
51573,0000,1195,106,2024-12-29 21:26:24.723417
27535,0000,1195,106,2024-12-29 21:26:24.739421
42140,0000,1195,106,2024-12-29 21:26:24.755420
17939,0000,1195,106,2024-12-29 21:26:24.771411
30234,0000,1195,106,2024-12-29 21:26:24.787411
25903,0000,1195,106,2024-12-29 21:26:24.803411
04088,0000,1195,106,2024-12-29 21:26:24.819401
30448,0000,1195,106,2024-12-29 21:26:24.835401
23673,0000,1195,106,2024-12-29 21:26:24.851393
20449,0000,1195,106,2024-12-29 21:26:24.883072
02798,0000,1195,106,2024-12-29 21:26:24.899390
06919,0000,1195,106,2024-12-29 21:26:24.915389
04086,0000,1195,106,2024-12-29 21:26:24.931376
05216,0000,1195,106,2024-12-29 21:26:24.947377
15684,0000,1195,106,2024-12-29 21:26:24.963371
02080,0000,1195,106,2024-12-29 21:26:24.979372
19100,0000,1195,106,2024-12-29 21:26:24.995361
25304,0001,1195,106,2024-12-29 21:26:25.011362
22481,0000,1195,106,2024-12-29 21:26:25.042732
24953,0000,1195,106,2024-12-29 21:26:25.059355
26747,0000,1195,106,2024-12-29 21:26:25.075353
29852,0000,1195,106,2024-12-29 21:26:25.091343
01229,0000,1195,106,2024-12-29 21:26:25.107345
00479,0001,1195,106,2024-12-29 21:26:25.123342
21598,0000,1195,106,2024-12-29 21:26:25.139340
03507,0000,1195,106,2024-12-29 21:26:25.155335
49078,0000,1195,106,2024-12-29 21:26:25.171341
35423,0000,1195,106,2024-12-29 21:26:25.187334
27510,0000,1195,106,2024-12-29 21:26:25.219109
35506,0000,1195,106,2024-12-29 21:26:25.235317
05248,0000,1195,106,2024-12-29 21:26:25.251340
01889,0000,1195,106,2024-12-29 21:26:25.267311
26118,0000,1195,106,2024-12-29 21:26:25.283314
19383,0000,1195,106,2024-12-29 21:26:25.299316
48338,0000,1195,106,2024-12-29 21:26:25.315321
05090,0000,1195,106,2024-12-29 21:26:25.331309
28819,0000,1195,106,2024-12-29 21:26:25.347309
21056,0000,1195,106,2024-12-29 21:26:25.378761
40949,0000,1195,106,2024-12-29 21:26:25.395297
01501,0000,1195,106,2024-12-29 21:26:25.411284
25634,0000,1195,106,2024-12-29 21:26:25.427285
48976,0001,1195,106,2024-12-29 21:26:25.443278
60194,0000,1195,106,2024-12-29 21:26:25.459280
03831,0000,1195,106,2024-12-29 21:26:25.475274
25400,0000,1195,106,2024-12-29 21:26:25.491276
02036,0000,1195,106,2024-12-29 21:26:25.507261
00391,0000,1195,106,2024-12-29 21:26:25.523266
02314,0000,1195,106,2024-12-29 21:26:25.555135
31647,0000,1195,106,2024-12-29 21:26:25.571252
01965,0000,1195,106,2024-12-29 21:26:25.587254
01651,0000,1195,106,2024-12-29 21:26:25.603246
01264,0000,1195,106,2024-12-29 21:26:25.619261
00579,0000,1195,106,2024-12-29 21:26:25.635242
00431,0000,1195,106,2024-12-29 21:26:25.651244
03238,0000,1195,106,2024-12-29 21:26:25.667238
43144,0000,1195,106,2024-12-29 21:26:25.683247
09951,0000,1195,106,2024-12-29 21:26:25.714773
26496,0000,1195,106,2024-12-29 21:26:25.731226
04572,0000,1195,106,2024-12-29 21:26:25.747232
03461,0001,1195,106,2024-12-29 21:26:25.763227
55581,0000,1195,106,2024-12-29 21:26:25.779211
03672,0000,1195,106,2024-12-29 21:26:25.795213
41833,0000,1195,106,2024-12-29 21:26:25.811216
05300,0000,1196,106,2024-12-29 21:26:25.827207
63458,0000,1195,106,2024-12-29 21:26:25.843202
02858,0000,1195,106,2024-12-29 21:26:25.859202
29193,0000,1195,106,2024-12-29 21:26:25.891180
13045,0000,1195,106,2024-12-29 21:26:25.907190
07322,0000,1195,106,2024-12-29 21:26:25.923194
02649,0000,1195,106,2024-12-29 21:26:25.939185
13197,0000,1195,106,2024-12-29 21:26:25.955181
01245,0000,1195,106,2024-12-29 21:26:25.971183
03116,0000,1195,106,2024-12-29 21:26:25.987179
03084,0001,1195,106,2024-12-29 21:26:26.003175
01446,0000,1195,106,2024-12-29 21:26:26.019179
05961,0000,1195,106,2024-12-29 21:26:26.050806
28969,0000,1195,106,2024-12-29 21:26:26.067167
05394,0000,1195,106,2024-12-29 21:26:26.083161
00479,0000,1195,106,2024-12-29 21:26:26.099159
01137,0000,1195,106,2024-12-29 21:26:26.115153
28697,0000,1195,106,2024-12-29 21:26:26.131152
13829,0000,1195,106,2024-12-29 21:26:26.147152
00658,0000,1195,106,2024-12-29 21:26:26.163154
00376,0000,1195,106,2024-12-29 21:26:26.179137
00140,0000,1196,106,2024-12-29 21:26:26.210457
13701,0000,1196,106,2024-12-29 21:26:26.227127
03438,0000,1196,106,2024-12-29 21:26:26.243141
01342,0000,1196,106,2024-12-29 21:26:26.259128
03083,0000,1195,106,2024-12-29 21:26:26.275133
02154,0000,1195,106,2024-12-29 21:26:26.291117
05151,0000,1195,106,2024-12-29 21:26:26.307120
17166,0000,1195,106,2024-12-29 21:26:26.323115
07884,0000,1195,106,2024-12-29 21:26:26.339121
04686,0000,1196,106,2024-12-29 21:26:26.355119
17282,0001,1196,106,2024-12-29 21:26:26.386843
03555,0000,1196,106,2024-12-29 21:26:26.403106
30845,0000,1195,106,2024-12-29 21:26:26.419100
02787,0000,1195,106,2024-12-29 21:26:26.435102
04332,0000,1196,106,2024-12-29 21:26:26.451096
13915,0000,1195,106,2024-12-29 21:26:26.467092
20691,0000,1195,106,2024-12-29 21:26:26.483098
01452,0000,1195,106,2024-12-29 21:26:26.499088
04539,0000,1195,106,2024-12-29 21:26:26.515082
31762,0000,1195,106,2024-12-29 21:26:26.546491
57641,0000,1195,106,2024-12-29 21:26:26.563065
04087,0000,1196,106,2024-12-29 21:26:26.579068
03903,0000,1196,106,2024-12-29 21:26:26.595073
00439,0000,1196,106,2024-12-29 21:26:26.611087
01371,0000,1195,106,2024-12-29 21:26:26.627060
49004,0000,1195,106,2024-12-29 21:26:26.643057
10736,0000,1195,106,2024-12-29 21:26:26.659053
49099,0000,1195,106,2024-12-29 21:26:26.675055
00770,0000,1196,106,2024-12-29 21:26:26.691048
02048,0000,1196,106,2024-12-29 21:26:26.722872
14106,0000,1196,106,2024-12-29 21:26:26.739048
02485,0000,1196,106,2024-12-29 21:26:26.755027
07714,0000,1195,106,2024-12-29 21:26:26.771034
02287,0000,1195,106,2024-12-29 21:26:26.787025
07784,0000,1196,106,2024-12-29 21:26:26.803025
21448,0000,1196,106,2024-12-29 21:26:26.819020
20146,0000,1195,106,2024-12-29 21:26:26.835024
04467,0000,1196,106,2024-12-29 21:26:26.851020
23339,0000,1196,106,2024-12-29 21:26:26.882514
34685,0000,1195,106,2024-12-29 21:26:26.899003
19238,0000,1195,106,2024-12-29 21:26:26.915004
00003,0000,1196,106,2024-12-29 21:26:26.931001
20943,0000,1196,106,2024-12-29 21:26:26.946997
03096,0000,1196,106,2024-12-29 21:26:26.962985
05475,0000,1196,106,2024-12-29 21:26:26.978991
44939,0000,1196,106,2024-12-29 21:26:26.994989
00831,0000,1196,106,2024-12-29 21:26:27.010986
00522,0000,1195,106,2024-12-29 21:26:27.026976
03673,0000,1195,106,2024-12-29 21:26:27.058879
00211,0000,1196,106,2024-12-29 21:26:27.074974
40028,0000,1196,106,2024-12-29 21:26:27.090965
37988,0001,1196,106,2024-12-29 21:26:27.106968
33197,0000,1196,106,2024-12-29 21:26:27.122957
02265,0000,1196,106,2024-12-29 21:26:27.138960
51369,0000,1196,106,2024-12-29 21:26:27.154955
05445,0000,1195,106,2024-12-29 21:26:27.170954
58270,0000,1196,106,2024-12-29 21:26:27.186944
02814,0000,1196,106,2024-12-29 21:26:27.218525
43106,0000,1196,106,2024-12-29 21:26:27.234946
00553,0000,1196,106,2024-12-29 21:26:27.250953
05254,0000,1196,106,2024-12-29 21:26:27.266944
13050,0000,1196,106,2024-12-29 21:26:27.282939
01497,0000,1195,106,2024-12-29 21:26:27.298944
05300,0000,1196,106,2024-12-29 21:26:27.314946
52332,0000,1196,106,2024-12-29 21:26:27.330945
02073,0000,1196,106,2024-12-29 21:26:27.346954
04347,0000,1196,106,2024-12-29 21:26:27.362951
01525,0001,1196,106,2024-12-29 21:26:27.394934
05827,0000,1196,106,2024-12-29 21:26:27.410959
01394,0000,1196,106,2024-12-29 21:26:27.426960
54179,0000,1196,106,2024-12-29 21:26:27.442960
11632,0000,1195,106,2024-12-29 21:26:27.458970
09990,0000,1196,106,2024-12-29 21:26:27.474892
19807,0001,1196,106,2024-12-29 21:26:27.490897
52229,0000,1196,106,2024-12-29 21:26:27.506894
20904,0000,1196,106,2024-12-29 21:26:27.522894
03670,0000,1196,106,2024-12-29 21:26:27.554548
01778,0000,1196,106,2024-12-29 21:26:27.570871
40187,0000,1196,106,2024-12-29 21:26:27.586872
27286,0000,1196,106,2024-12-29 21:26:27.602860
01262,0000,1196,106,2024-12-29 21:26:27.618882
13114,0000,1196,106,2024-12-29 21:26:27.634859
01340,0000,1196,106,2024-12-29 21:26:27.650865
16911,0000,1196,106,2024-12-29 21:26:27.666867
17569,0000,1196,106,2024-12-29 21:26:27.682850
03771,0000,1196,106,2024-12-29 21:26:27.714172
54782,0000,1196,106,2024-12-29 21:26:27.730844
02258,0000,1196,106,2024-12-29 21:26:27.746844
21705,0000,1196,106,2024-12-29 21:26:27.762840
03345,0000,1196,106,2024-12-29 21:26:27.778842
05116,0000,1196,106,2024-12-29 21:26:27.794842
16472,0000,1196,106,2024-12-29 21:26:27.810833
02315,0000,1196,106,2024-12-29 21:26:27.826832
42443,0000,1196,106,2024-12-29 21:26:27.842818
07912,0000,1196,106,2024-12-29 21:26:27.858813
11477,0001,1196,106,2024-12-29 21:26:27.890580
17716,0000,1195,106,2024-12-29 21:26:27.906809
14845,0000,1196,106,2024-12-29 21:26:27.922801
29147,0000,1196,106,2024-12-29 21:26:27.938805
09030,0001,1196,106,2024-12-29 21:26:27.954794
49862,0000,1196,106,2024-12-29 21:26:27.970797
45528,0000,1196,106,2024-12-29 21:26:27.986793
48771,0000,1196,106,2024-12-29 21:26:28.002798
01488,0000,1196,106,2024-12-29 21:26:28.018787
02496,0000,1196,106,2024-12-29 21:26:28.050222
06300,0000,1196,106,2024-12-29 21:26:28.066787
42228,0000,1196,106,2024-12-29 21:26:28.082775
02315,0000,1196,106,2024-12-29 21:26:28.098779
28745,0000,1196,106,2024-12-29 21:26:28.114765
04987,0000,1196,106,2024-12-29 21:26:28.130758
05868,0000,1196,106,2024-12-29 21:26:28.146764
05301,0000,1196,106,2024-12-29 21:26:28.162763
23096,0000,1196,106,2024-12-29 21:26:28.178763
07138,0000,1196,106,2024-12-29 21:26:28.194759
35572,0000,1196,106,2024-12-29 21:26:28.226608
05327,0000,1196,106,2024-12-29 21:26:28.242764
18995,0000,1196,106,2024-12-29 21:26:28.258742
02214,0000,1196,106,2024-12-29 21:26:28.274735
04481,0000,1196,106,2024-12-29 21:26:28.290735
63241,0001,1196,106,2024-12-29 21:26:28.306736
04589,0000,1196,106,2024-12-29 21:26:28.322725
14786,0000,1196,106,2024-12-29 21:26:28.338730
28052,0000,1196,106,2024-12-29 21:26:28.354723
03780,0001,1196,106,2024-12-29 21:26:28.386231
09187,0000,1196,106,2024-12-29 21:26:28.402719
00802,0000,1196,106,2024-12-29 21:26:28.418709
12378,0000,1196,106,2024-12-29 21:26:28.434708
38394,0000,1196,106,2024-12-29 21:26:28.450715
38477,0000,1196,106,2024-12-29 21:26:28.466699
06890,0000,1196,106,2024-12-29 21:26:28.482707
04449,0000,1196,106,2024-12-29 21:26:28.498696
05738,0000,1197,106,2024-12-29 21:26:28.514700
20031,0000,1196,106,2024-12-29 21:26:28.530690
02825,0000,1196,106,2024-12-29 21:26:28.562638
05392,0000,1196,106,2024-12-29 21:26:28.578696
49867,0000,1196,106,2024-12-29 21:26:28.594679
03518,0000,1196,106,2024-12-29 21:26:28.610694
03061,0000,1196,106,2024-12-29 21:26:28.626681
04255,0000,1196,106,2024-12-29 21:26:28.642680
01453,0001,1196,106,2024-12-29 21:26:28.658669
25346,0000,1196,106,2024-12-29 21:26:28.674671
12255,0000,1196,106,2024-12-29 21:26:28.690660
17736,0000,1196,106,2024-12-29 21:26:28.722257
48084,0000,1196,106,2024-12-29 21:26:28.738653
02230,0000,1196,106,2024-12-29 21:26:28.754642
01250,0001,1196,106,2024-12-29 21:26:28.770679
16026,0000,1196,106,2024-12-29 21:26:28.786652
01703,0000,1196,106,2024-12-29 21:26:28.802636
02080,0000,1196,106,2024-12-29 21:26:28.818634
01019,0000,1196,106,2024-12-29 21:26:28.834638
02988,0000,1196,106,2024-12-29 21:26:28.850640
14174,0000,1196,106,2024-12-29 21:26:28.866628
11796,0000,1196,106,2024-12-29 21:26:28.898623
19618,0000,1196,106,2024-12-29 21:26:28.914626
20591,0000,1196,106,2024-12-29 21:26:28.930611
13008,0000,1196,106,2024-12-29 21:26:28.946621
05100,0000,1196,106,2024-12-29 21:26:28.962616
02136,0000,1197,106,2024-12-29 21:26:28.978622
05379,0000,1196,106,2024-12-29 21:26:28.994606
12308,0000,1196,106,2024-12-29 21:26:29.010606
49086,0000,1196,106,2024-12-29 21:26:29.026601
25653,0000,1196,106,2024-12-29 21:26:29.058303
01413,0000,1196,106,2024-12-29 21:26:29.074597
02967,0000,1196,106,2024-12-29 21:26:29.090584
14591,0000,1196,106,2024-12-29 21:26:29.106574
00405,0000,1196,106,2024-12-29 21:26:29.122573
03813,0000,1196,106,2024-12-29 21:26:29.138569
03954,0000,1196,106,2024-12-29 21:26:29.154584
06233,0000,1196,106,2024-12-29 21:26:29.170579
01389,0000,1196,106,2024-12-29 21:26:29.186578
16711,0000,1196,106,2024-12-29 21:26:29.217921
01294,0000,1196,106,2024-12-29 21:26:29.234569
19416,0000,1196,106,2024-12-29 21:26:29.250571
02273,0001,1196,106,2024-12-29 21:26:29.266549
36964,0000,1197,106,2024-12-29 21:26:29.282550
65973,0000,1196,106,2024-12-29 21:26:29.298548
03995,0000,1196,106,2024-12-29 21:26:29.314548
01560,0000,1196,106,2024-12-29 21:26:29.330545
03814,0000,1197,106,2024-12-29 21:26:29.346540
04674,0000,1196,106,2024-12-29 21:26:29.362540
03959,0000,1196,106,2024-12-29 21:26:29.394322
02292,0000,1196,106,2024-12-29 21:26:29.410519
12382,0000,1196,106,2024-12-29 21:26:29.426505
19339,0000,1197,106,2024-12-29 21:26:29.442505
10697,0000,1196,106,2024-12-29 21:26:29.458501
02209,0000,1196,106,2024-12-29 21:26:29.474507
17035,0000,1196,106,2024-12-29 21:26:29.490498
00595,0000,1196,106,2024-12-29 21:26:29.506498
40740,0000,1197,106,2024-12-29 21:26:29.522493
43468,0000,1196,106,2024-12-29 21:26:29.553933
05102,0000,1196,106,2024-12-29 21:26:29.570487
18591,0000,1196,106,2024-12-29 21:26:29.586475
01638,0000,1196,106,2024-12-29 21:26:29.602483
21995,0000,1196,106,2024-12-29 21:26:29.618493
03621,0000,1197,106,2024-12-29 21:26:29.634473
20130,0000,1197,106,2024-12-29 21:26:29.650467
29819,0000,1196,106,2024-12-29 21:26:29.666459
30178,0000,1196,106,2024-12-29 21:26:29.682463
01927,0000,1196,106,2024-12-29 21:26:29.698463
03766,0000,1196,106,2024-12-29 21:26:29.730343
37882,0000,1196,106,2024-12-29 21:26:29.746471
00692,0000,1197,106,2024-12-29 21:26:29.762440
04508,0000,1197,106,2024-12-29 21:26:29.778448
04550,0000,1196,106,2024-12-29 21:26:29.794437
00628,0000,1196,106,2024-12-29 21:26:29.810437
01468,0000,1197,106,2024-12-29 21:26:29.826434
09185,0000,1196,106,2024-12-29 21:26:29.842424
01437,0000,1196,106,2024-12-29 21:26:29.858419
05004,0000,1196,106,2024-12-29 21:26:29.889978
01420,0000,1197,106,2024-12-29 21:26:29.906420
04599,0000,1196,106,2024-12-29 21:26:29.922410
01330,0000,1197,106,2024-12-29 21:26:29.938408
04193,0000,1196,106,2024-12-29 21:26:29.954410
18228,0000,1196,106,2024-12-29 21:26:29.970391
02321,0000,1197,106,2024-12-29 21:26:29.986404
03118,0000,1197,106,2024-12-29 21:26:30.002405
11664,0000,1197,106,2024-12-29 21:26:30.018404
01445,0000,1197,106,2024-12-29 21:26:30.034384
05051,0000,1197,106,2024-12-29 21:26:30.066366
30306,0000,1197,106,2024-12-29 21:26:30.082378
05426,0000,1197,106,2024-12-29 21:26:30.098370
30392,0000,1197,106,2024-12-29 21:26:30.114378
50695,0000,1196,106,2024-12-29 21:26:30.130372
02364,0000,1196,106,2024-12-29 21:26:30.146374
02903,0000,1197,106,2024-12-29 21:26:30.162358
02246,0000,1197,106,2024-12-29 21:26:30.178362
02902,0000,1197,106,2024-12-29 21:26:30.194360
04677,0000,1197,106,2024-12-29 21:26:30.226014
11250,0001,1196,106,2024-12-29 21:26:30.242364
02254,0000,1196,106,2024-12-29 21:26:30.258342
18254,0000,1196,106,2024-12-29 21:26:30.274333
03791,0000,1196,106,2024-12-29 21:26:30.290334
03249,0000,1197,106,2024-12-29 21:26:30.306325
19685,0001,1197,106,2024-12-29 21:26:30.322324
28550,0000,1196,106,2024-12-29 21:26:30.338321
10646,0000,1197,106,2024-12-29 21:26:30.354324
25907,0000,1197,106,2024-12-29 21:26:30.385636
24056,0000,1196,106,2024-12-29 21:26:30.402415
02746,0000,1196,106,2024-12-29 21:26:30.418336
39083,0000,1197,106,2024-12-29 21:26:30.434406
05209,0000,1197,106,2024-12-29 21:26:30.450339
05288,0000,1197,106,2024-12-29 21:26:30.466329
36075,0000,1197,106,2024-12-29 21:26:30.482325
03126,0000,1197,106,2024-12-29 21:26:30.498330
35496,0000,1197,106,2024-12-29 21:26:30.514331
03265,0000,1197,106,2024-12-29 21:26:30.530337
01442,0000,1197,106,2024-12-29 21:26:30.562082
01976,0000,1197,106,2024-12-29 21:26:30.578345
05158,0000,1196,106,2024-12-29 21:26:30.594272
55834,0000,1197,106,2024-12-29 21:26:30.610277
19571,0000,1196,106,2024-12-29 21:26:30.626270
12111,0000,1197,106,2024-12-29 21:26:30.642264
05210,0000,1197,106,2024-12-29 21:26:30.658264
05166,0000,1197,106,2024-12-29 21:26:30.674264
05430,0000,1197,106,2024-12-29 21:26:30.690258
02196,0000,1197,106,2024-12-29 21:26:30.721671
20639,0000,1197,106,2024-12-29 21:26:30.738273
25262,0000,1196,106,2024-12-29 21:26:30.754248
01494,0000,1197,106,2024-12-29 21:26:30.770247
01170,0000,1197,106,2024-12-29 21:26:30.786252
15589,0001,1196,106,2024-12-29 21:26:30.802240
10863,0000,1197,106,2024-12-29 21:26:30.818241
21754,0000,1197,106,2024-12-29 21:26:30.834230
44738,0000,1197,106,2024-12-29 21:26:30.850236
03201,0000,1197,106,2024-12-29 21:26:30.866217
28400,0000,1197,106,2024-12-29 21:26:30.898066
33837,0000,1197,106,2024-12-29 21:26:30.914235
01206,0000,1197,106,2024-12-29 21:26:30.930217
02947,0000,1197,106,2024-12-29 21:26:30.946216
02697,0000,1197,106,2024-12-29 21:26:30.962210
01110,0000,1197,106,2024-12-29 21:26:30.978208
02989,0000,1197,106,2024-12-29 21:26:30.994203
02642,0000,1197,106,2024-12-29 21:26:31.010207
10065,0000,1197,106,2024-12-29 21:26:31.026198
01434,0000,1197,106,2024-12-29 21:26:31.057695
07026,0000,1197,106,2024-12-29 21:26:31.074183
02703,0000,1197,106,2024-12-29 21:26:31.090182
11400,0000,1197,106,2024-12-29 21:26:31.106184
25363,0000,1197,106,2024-12-29 21:26:31.122178
04525,0000,1197,106,2024-12-29 21:26:31.138166
00564,0000,1196,106,2024-12-29 21:26:31.154165
25003,0000,1197,106,2024-12-29 21:26:31.170168
22273,0000,1197,106,2024-12-29 21:26:31.186167
41627,0000,1197,106,2024-12-29 21:26:31.202157
34627,0000,1197,106,2024-12-29 21:26:31.234074
03562,0000,1197,106,2024-12-29 21:26:31.250169
12550,0000,1197,106,2024-12-29 21:26:31.266140
03083,0000,1197,106,2024-12-29 21:26:31.282137
04550,0000,1197,106,2024-12-29 21:26:31.298147
33894,0000,1197,106,2024-12-29 21:26:31.314134
07076,0000,1197,106,2024-12-29 21:26:31.330137
03531,0000,1197,106,2024-12-29 21:26:31.346123
46503,0000,1197,106,2024-12-29 21:26:31.362125
42685,0000,1197,106,2024-12-29 21:26:31.393717
04483,0000,1197,106,2024-12-29 21:26:31.410109
03706,0000,1197,106,2024-12-29 21:26:31.426111
17168,0000,1197,106,2024-12-29 21:26:31.442105
02782,0000,1197,106,2024-12-29 21:26:31.458104
00606,0000,1197,106,2024-12-29 21:26:31.474097
39204,0000,1197,106,2024-12-29 21:26:31.490098
37712,0000,1197,106,2024-12-29 21:26:31.506086
02743,0000,1197,106,2024-12-29 21:26:31.522092
05956,0000,1197,106,2024-12-29 21:26:31.538089
03598,0000,1197,106,2024-12-29 21:26:31.570098
26238,0000,1197,106,2024-12-29 21:26:31.586075
00362,0000,1197,106,2024-12-29 21:26:31.602079
01560,0000,1197,106,2024-12-29 21:26:31.618084
05616,0000,1197,106,2024-12-29 21:26:31.634077
20866,0000,1197,106,2024-12-29 21:26:31.650064
59085,0000,1197,106,2024-12-29 21:26:31.666073
57718,0000,1197,106,2024-12-29 21:26:31.682064
02096,0000,1197,106,2024-12-29 21:26:31.698078
11565,0000,1197,106,2024-12-29 21:26:31.729750
24638,0000,1197,106,2024-12-29 21:26:31.746061
03503,0000,1197,106,2024-12-29 21:26:31.762050
04641,0000,1197,106,2024-12-29 21:26:31.778050
25982,0000,1197,106,2024-12-29 21:26:31.794042
54187,0000,1197,106,2024-12-29 21:26:31.810038
01541,0000,1197,106,2024-12-29 21:26:31.826029
27157,0000,1197,106,2024-12-29 21:26:31.842035
57584,0000,1197,106,2024-12-29 21:26:31.858031
36288,0000,1197,106,2024-12-29 21:26:31.889384
03484,0000,1197,106,2024-12-29 21:26:31.906017
03037,0000,1197,106,2024-12-29 21:26:31.922011
05090,0000,1197,106,2024-12-29 21:26:31.938011
47233,0000,1197,106,2024-12-29 21:26:31.954013
02900,0000,1197,106,2024-12-29 21:26:31.970003
02306,0000,1197,106,2024-12-29 21:26:31.986000
37818,0000,1197,106,2024-12-29 21:26:32.001997
54849,0000,1197,106,2024-12-29 21:26:32.017999
24935,0000,1197,106,2024-12-29 21:26:32.033992
29454,0001,1197,106,2024-12-29 21:26:32.065766
10115,0000,1197,106,2024-12-29 21:26:32.081989
00148,0000,1197,106,2024-12-29 21:26:32.097975
02199,0000,1197,106,2024-12-29 21:26:32.113978
08475,0000,1197,106,2024-12-29 21:26:32.129974
23267,0000,1197,106,2024-12-29 21:26:32.145967
03903,0000,1197,106,2024-12-29 21:26:32.161965
16212,0000,1197,106,2024-12-29 21:26:32.177962
04454,0000,1197,106,2024-12-29 21:26:32.193962
02132,0000,1197,106,2024-12-29 21:26:32.225410
06796,0000,1197,106,2024-12-29 21:26:32.241961
01398,0000,1197,106,2024-12-29 21:26:32.257941
03439,0000,1197,106,2024-12-29 21:26:32.273938
28478,0000,1197,106,2024-12-29 21:26:32.289937
00636,0000,1197,106,2024-12-29 21:26:32.305927
03657,0001,1197,106,2024-12-29 21:26:32.321930
20891,0000,1197,106,2024-12-29 21:26:32.337938
26496,0000,1197,106,2024-12-29 21:26:32.353933
08191,0000,1197,106,2024-12-29 21:26:32.369917
02150,0000,1197,106,2024-12-29 21:26:32.401794
01898,0000,1197,106,2024-12-29 21:26:32.417916
26950,0000,1197,106,2024-12-29 21:26:32.433906
44982,0000,1197,106,2024-12-29 21:26:32.449907
23357,0000,1197,106,2024-12-29 21:26:32.465908
05297,0000,1197,106,2024-12-29 21:26:32.481901
02136,0000,1197,106,2024-12-29 21:26:32.497898
15237,0000,1197,106,2024-12-29 21:26:32.513888
03805,0000,1197,106,2024-12-29 21:26:32.529894
00379,0000,1197,106,2024-12-29 21:26:32.561431
00545,0000,1197,106,2024-12-29 21:26:32.577882
05228,0000,1197,106,2024-12-29 21:26:32.593870
01372,0000,1198,106,2024-12-29 21:26:32.609871
00479,0000,1197,106,2024-12-29 21:26:32.625884
12442,0000,1198,106,2024-12-29 21:26:32.641874
22852,0000,1197,106,2024-12-29 21:26:32.657867
02916,0000,1197,106,2024-12-29 21:26:32.673867
05185,0000,1197,106,2024-12-29 21:26:32.689860
01540,0000,1197,106,2024-12-29 21:26:32.705863
04397,0000,1197,106,2024-12-29 21:26:32.737840
42484,0000,1197,106,2024-12-29 21:26:32.753854
55738,0000,1197,106,2024-12-29 21:26:32.769841
03551,0000,1198,106,2024-12-29 21:26:32.785841
23299,0000,1198,106,2024-12-29 21:26:32.801838
01510,0000,1197,106,2024-12-29 21:26:32.817843
03545,0000,1197,106,2024-12-29 21:26:32.833832
05296,0000,1197,106,2024-12-29 21:26:32.849834
03722,0000,1197,106,2024-12-29 21:26:32.865829
26746,0000,1198,106,2024-12-29 21:26:32.897448
05198,0000,1197,106,2024-12-29 21:26:32.913897
28085,0000,1197,106,2024-12-29 21:26:32.929831
02955,0000,1198,106,2024-12-29 21:26:32.945813
20874,0000,1197,106,2024-12-29 21:26:32.961803
01326,0000,1197,106,2024-12-29 21:26:32.977807
05133,0000,1197,106,2024-12-29 21:26:32.993795
01197,0000,1197,106,2024-12-29 21:26:33.009801
05337,0000,1197,106,2024-12-29 21:26:33.025810
11230,0000,1198,106,2024-12-29 21:26:33.041797
02818,0001,1197,106,2024-12-29 21:26:33.073775
26057,0000,1197,106,2024-12-29 21:26:33.089782
05162,0000,1197,106,2024-12-29 21:26:33.105782
25474,0000,1197,106,2024-12-29 21:26:33.121783
05194,0000,1198,106,2024-12-29 21:26:33.137787
19379,0000,1197,106,2024-12-29 21:26:33.153772
39201,0000,1197,106,2024-12-29 21:26:33.169758
03114,0001,1198,106,2024-12-29 21:26:33.185767
01471,0000,1197,106,2024-12-29 21:26:33.201760
14103,0000,1197,106,2024-12-29 21:26:33.233491
05457,0000,1197,106,2024-12-29 21:26:33.249803
21795,0000,1197,106,2024-12-29 21:26:33.265755
37048,0000,1197,106,2024-12-29 21:26:33.281746
05448,0000,1197,106,2024-12-29 21:26:33.297743
09079,0000,1197,106,2024-12-29 21:26:33.313751
63653,0000,1197,106,2024-12-29 21:26:33.329735
16957,0000,1197,106,2024-12-29 21:26:33.345754
28155,0000,1198,106,2024-12-29 21:26:33.361734
02543,0000,1197,106,2024-12-29 21:26:33.393110
58521,0000,1197,106,2024-12-29 21:26:33.409725
41766,0000,1198,106,2024-12-29 21:26:33.425717
31181,0000,1197,106,2024-12-29 21:26:33.441732
42949,0000,1197,106,2024-12-29 21:26:33.457723
02687,0000,1198,106,2024-12-29 21:26:33.473705
09510,0000,1198,106,2024-12-29 21:26:33.489702
22295,0000,1198,106,2024-12-29 21:26:33.505709
34500,0001,1197,106,2024-12-29 21:26:33.521711
34511,0000,1197,106,2024-12-29 21:26:33.537927
03595,0000,1198,106,2024-12-29 21:26:33.569528
18584,0000,1197,106,2024-12-29 21:26:33.585723
43859,0000,1197,106,2024-12-29 21:26:33.601721
05327,0000,1198,106,2024-12-29 21:26:33.617737
08951,0000,1198,106,2024-12-29 21:26:33.633726
39181,0000,1197,106,2024-12-29 21:26:33.649752
30072,0000,1198,106,2024-12-29 21:26:33.665740
53289,0000,1197,106,2024-12-29 21:26:33.681732
03110,0000,1197,106,2024-12-29 21:26:33.697663
32276,0000,1198,106,2024-12-29 21:26:33.729142
03263,0000,1198,106,2024-12-29 21:26:33.745669
27221,0000,1197,106,2024-12-29 21:26:33.761662
00281,0000,1198,106,2024-12-29 21:26:33.777654
27817,0000,1198,106,2024-12-29 21:26:33.793640
02866,0000,1198,106,2024-12-29 21:26:33.809647
04606,0000,1198,106,2024-12-29 21:26:33.825640
02048,0000,1197,106,2024-12-29 21:26:33.841638
37034,0000,1198,106,2024-12-29 21:26:33.857649
53963,0000,1198,106,2024-12-29 21:26:33.873636
56615,0000,1197,106,2024-12-29 21:26:33.905530
04089,0000,1198,106,2024-12-29 21:26:33.921618
51502,0000,1198,106,2024-12-29 21:26:33.937610
02094,0000,1197,106,2024-12-29 21:26:33.953610
22512,0000,1198,106,2024-12-29 21:26:33.969623
30773,0000,1197,106,2024-12-29 21:26:33.985614
02866,0000,1198,106,2024-12-29 21:26:34.001611
03320,0000,1198,106,2024-12-29 21:26:34.017604
15474,0000,1198,106,2024-12-29 21:26:34.033595
13899,0000,1198,106,2024-12-29 21:26:34.065226
03702,0001,1197,106,2024-12-29 21:26:34.081593
03227,0000,1197,106,2024-12-29 21:26:34.097578
04956,0000,1197,106,2024-12-29 21:26:34.113573
53383,0000,1198,106,2024-12-29 21:26:34.129572
04141,0001,1197,106,2024-12-29 21:26:34.145584
29438,0000,1198,106,2024-12-29 21:26:34.161570
01327,0000,1198,106,2024-12-29 21:26:34.177582
12475,0000,1198,106,2024-12-29 21:26:34.193567
16995,0000,1198,106,2024-12-29 21:26:34.209553
01443,0000,1198,106,2024-12-29 21:26:34.241577
03324,0000,1198,106,2024-12-29 21:26:34.257554
26744,0000,1197,106,2024-12-29 21:26:34.273568
03874,0000,1198,106,2024-12-29 21:26:34.289548
01300,0000,1198,106,2024-12-29 21:26:34.305545
03663,0000,1198,106,2024-12-29 21:26:34.321537
03301,0000,1198,106,2024-12-29 21:26:34.337530
03608,0000,1198,106,2024-12-29 21:26:34.353532
02277,0000,1198,106,2024-12-29 21:26:34.369527
05097,0000,1197,106,2024-12-29 21:26:34.401224
07703,0000,1198,106,2024-12-29 21:26:34.417524
30476,0000,1198,106,2024-12-29 21:26:34.433517
02470,0000,1198,106,2024-12-29 21:26:34.449509
15300,0000,1198,106,2024-12-29 21:26:34.465509
08497,0000,1198,106,2024-12-29 21:26:34.481508
01759,0000,1198,106,2024-12-29 21:26:34.497550
01529,0000,1198,106,2024-12-29 21:26:34.513502
21497,0000,1198,106,2024-12-29 21:26:34.529493
11974,0000,1198,106,2024-12-29 21:26:34.560836
53076,0000,1197,106,2024-12-29 21:26:34.577488
45785,0000,1198,106,2024-12-29 21:26:34.593513
00457,0000,1198,106,2024-12-29 21:26:34.609479
03751,0001,1198,106,2024-12-29 21:26:34.625481
02233,0000,1198,106,2024-12-29 21:26:34.641477
04540,0000,1198,106,2024-12-29 21:26:34.657477
02122,0000,1197,106,2024-12-29 21:26:34.673464
04518,0001,1197,106,2024-12-29 21:26:34.689461
31579,0000,1198,106,2024-12-29 21:26:34.705477
39374,0000,1198,106,2024-12-29 21:26:34.737232
13836,0000,1198,106,2024-12-29 21:26:34.753467
02031,0000,1198,106,2024-12-29 21:26:34.769453
29881,0000,1198,106,2024-12-29 21:26:34.785458
02869,0000,1198,106,2024-12-29 21:26:34.801453
03024,0000,1198,106,2024-12-29 21:26:34.817437
31244,0001,1198,106,2024-12-29 21:26:34.833434
04470,0000,1198,106,2024-12-29 21:26:34.849436
20341,0000,1198,106,2024-12-29 21:26:34.865430
25675,0000,1198,106,2024-12-29 21:26:34.896859
02944,0000,1198,106,2024-12-29 21:26:34.913431
35491,0000,1198,106,2024-12-29 21:26:34.929421
05093,0000,1198,106,2024-12-29 21:26:34.945409
04611,0000,1198,106,2024-12-29 21:26:34.961407
27477,0000,1198,106,2024-12-29 21:26:34.977399
57334,0000,1198,106,2024-12-29 21:26:34.993396
26221,0000,1198,106,2024-12-29 21:26:35.009408
43734,0000,1198,106,2024-12-29 21:26:35.025393
15267,0000,1198,106,2024-12-29 21:26:35.041398
25469,0000,1198,106,2024-12-29 21:26:35.073220
12407,0000,1198,106,2024-12-29 21:26:35.089377
21756,0000,1198,106,2024-12-29 21:26:35.105382
05238,0000,1198,106,2024-12-29 21:26:35.121393
40023,0000,1198,106,2024-12-29 21:26:35.137372
03223,0000,1198,106,2024-12-29 21:26:35.153384
03430,0000,1198,106,2024-12-29 21:26:35.169386
05307,0000,1198,106,2024-12-29 21:26:35.185381
01003,0000,1198,106,2024-12-29 21:26:35.201382
03686,0000,1198,106,2024-12-29 21:26:35.232885
19077,0001,1198,106,2024-12-29 21:26:35.249376
02318,0000,1198,106,2024-12-29 21:26:35.265347
00784,0000,1198,106,2024-12-29 21:26:35.281343
03103,0000,1198,106,2024-12-29 21:26:35.297337
02341,0000,1198,106,2024-12-29 21:26:35.313343
07624,0000,1198,106,2024-12-29 21:26:35.329357
36331,0000,1198,106,2024-12-29 21:26:35.345331
17863,0000,1198,106,2024-12-29 21:26:35.361328
02993,0000,1198,106,2024-12-29 21:26:35.377330
33839,0000,1198,106,2024-12-29 21:26:35.409281
03295,0000,1198,106,2024-12-29 21:26:35.425343
03732,0000,1198,106,2024-12-29 21:26:35.441313
22556,0000,1198,106,2024-12-29 21:26:35.457315
05241,0000,1198,106,2024-12-29 21:26:35.473306
03619,0000,1198,106,2024-12-29 21:26:35.489301
34751,0000,1198,106,2024-12-29 21:26:35.505298
33204,0000,1198,106,2024-12-29 21:26:35.521298
02181,0000,1198,106,2024-12-29 21:26:35.537305
26534,0000,1198,106,2024-12-29 21:26:35.568914
14799,0000,1198,106,2024-12-29 21:26:35.585274
03074,0000,1198,106,2024-12-29 21:26:35.601274
23899,0000,1198,106,2024-12-29 21:26:35.617284
11368,0000,1198,106,2024-12-29 21:26:35.633300
04953,0000,1198,106,2024-12-29 21:26:35.649268
00701,0000,1198,106,2024-12-29 21:26:35.665272
63673,0000,1198,106,2024-12-29 21:26:35.681267
21865,0000,1198,106,2024-12-29 21:26:35.697260
41687,0000,1198,106,2024-12-29 21:26:35.713262
21634,0000,1198,106,2024-12-29 21:26:35.745281
18441,0000,1198,106,2024-12-29 21:26:35.761253
49940,0000,1198,106,2024-12-29 21:26:35.777248
04526,0000,1198,106,2024-12-29 21:26:35.793245
02284,0000,1198,106,2024-12-29 21:26:35.809245
04630,0000,1198,106,2024-12-29 21:26:35.825235
43662,0000,1198,106,2024-12-29 21:26:35.841249
01195,0000,1198,106,2024-12-29 21:26:35.857226
15779,0000,1198,106,2024-12-29 21:26:35.873226
05092,0000,1198,106,2024-12-29 21:26:35.904959
04591,0000,1198,106,2024-12-29 21:26:35.921214
00974,0000,1198,106,2024-12-29 21:26:35.937220
07534,0000,1198,106,2024-12-29 21:26:35.953220
34141,0000,1198,106,2024-12-29 21:26:35.969204
39847,0000,1198,106,2024-12-29 21:26:35.985199
00822,0000,1198,106,2024-12-29 21:26:36.001201
07606,0000,1198,106,2024-12-29 21:26:36.017194
30941,0000,1198,106,2024-12-29 21:26:36.033195
02380,0000,1198,106,2024-12-29 21:26:36.064586
05480,0000,1198,106,2024-12-29 21:26:36.081181
01973,0000,1198,106,2024-12-29 21:26:36.097170
08835,0000,1199,106,2024-12-29 21:26:36.113170
29189,0000,1198,106,2024-12-29 21:26:36.129168
01327,0000,1198,106,2024-12-29 21:26:36.145168
22793,0000,1198,106,2024-12-29 21:26:36.161174
44987,0000,1198,106,2024-12-29 21:26:36.177164
02020,0000,1198,106,2024-12-29 21:26:36.193161
35386,0000,1198,106,2024-12-29 21:26:36.209167
03215,0000,1198,106,2024-12-29 21:26:36.240988
00758,0000,1198,106,2024-12-29 21:26:36.257296
32409,0000,1198,106,2024-12-29 21:26:36.274650
25670,0000,1199,106,2024-12-29 21:26:36.289240
14843,0000,1198,106,2024-12-29 21:26:36.305148
02304,0000,1198,106,2024-12-29 21:26:36.321143
10478,0000,1198,106,2024-12-29 21:26:36.337127
14339,0000,1198,106,2024-12-29 21:26:36.353132
18714,0000,1198,106,2024-12-29 21:26:36.369121
01339,0000,1198,106,2024-12-29 21:26:36.400590
43823,0000,1199,106,2024-12-29 21:26:36.417118
22069,0000,1198,106,2024-12-29 21:26:36.433110
03870,0000,1198,106,2024-12-29 21:26:36.449115
07530,0000,1198,106,2024-12-29 21:26:36.465106
49064,0000,1198,106,2024-12-29 21:26:36.481130
04609,0000,1198,106,2024-12-29 21:26:36.497098
57618,0000,1199,106,2024-12-29 21:26:36.513106
27527,0000,1198,106,2024-12-29 21:26:36.529097
01510,0000,1198,106,2024-12-29 21:26:36.545090
20842,0000,1198,106,2024-12-29 21:26:36.577000
01527,0000,1199,106,2024-12-29 21:26:36.593085
01097,0000,1199,106,2024-12-29 21:26:36.609090
02201,0000,1198,106,2024-12-29 21:26:36.625098
23642,0000,1198,106,2024-12-29 21:26:36.641098
00370,0000,1199,106,2024-12-29 21:26:36.657092
02593,0000,1198,106,2024-12-29 21:26:36.673094
30034,0000,1198,106,2024-12-29 21:26:36.689098
04656,0000,1198,106,2024-12-29 21:26:36.705098
01373,0000,1198,106,2024-12-29 21:26:36.736653
03756,0000,1199,106,2024-12-29 21:26:36.753124
03748,0000,1199,106,2024-12-29 21:26:36.769111
02172,0000,1198,106,2024-12-29 21:26:36.785036
00529,0000,1198,106,2024-12-29 21:26:36.801039
02038,0000,1198,106,2024-12-29 21:26:36.817025
29096,0000,1198,106,2024-12-29 21:26:36.833022
02274,0000,1198,106,2024-12-29 21:26:36.849027
18460,0000,1198,106,2024-12-29 21:26:36.865022
25742,0000,1198,106,2024-12-29 21:26:36.881019
13889,0000,1198,106,2024-12-29 21:26:36.913016
00726,0001,1198,106,2024-12-29 21:26:36.929006
05274,0000,1198,106,2024-12-29 21:26:36.945004
17143,0000,1198,106,2024-12-29 21:26:36.961014
04351,0000,1198,106,2024-12-29 21:26:36.976992
08503,0000,1198,106,2024-12-29 21:26:36.992991
05311,0000,1199,106,2024-12-29 21:26:37.008988
05284,0000,1199,106,2024-12-29 21:26:37.024993
03700,0000,1198,106,2024-12-29 21:26:37.040978
04410,0000,1198,106,2024-12-29 21:26:37.072644
25399,0000,1198,106,2024-12-29 21:26:37.088984
02154,0000,1198,106,2024-12-29 21:26:37.104970
03669,0000,1198,106,2024-12-29 21:26:37.120976
34757,0000,1198,106,2024-12-29 21:26:37.136964
01504,0000,1199,106,2024-12-29 21:26:37.152969
00468,0000,1198,106,2024-12-29 21:26:37.168964
02180,0000,1198,106,2024-12-29 21:26:37.184963
22582,0000,1199,106,2024-12-29 21:26:37.200956
04680,0000,1199,106,2024-12-29 21:26:37.232283
04458,0000,1199,106,2024-12-29 21:26:37.248960
01649,0000,1199,106,2024-12-29 21:26:37.264939
03718,0000,1199,106,2024-12-29 21:26:37.280935
01915,0000,1199,106,2024-12-29 21:26:37.296934
01437,0000,1198,106,2024-12-29 21:26:37.312931
05444,0000,1198,106,2024-12-29 21:26:37.328932
00718,0000,1199,106,2024-12-29 21:26:37.344943
04448,0000,1198,106,2024-12-29 21:26:37.360921
02181,0000,1199,106,2024-12-29 21:26:37.376916
46632,0000,1199,106,2024-12-29 21:26:37.408688
04629,0000,1198,106,2024-12-29 21:26:37.424909
63262,0000,1199,106,2024-12-29 21:26:37.440911
29480,0000,1199,106,2024-12-29 21:26:37.456906
00759,0000,1199,106,2024-12-29 21:26:37.472905
15063,0000,1199,106,2024-12-29 21:26:37.488891
28217,0000,1199,106,2024-12-29 21:26:37.504893
03833,0000,1199,106,2024-12-29 21:26:37.520881
11745,0000,1199,106,2024-12-29 21:26:37.536890
08818,0000,1198,106,2024-12-29 21:26:37.568321
02038,0000,1198,106,2024-12-29 21:26:37.584874
03784,0000,1199,106,2024-12-29 21:26:37.600877
01998,0001,1199,106,2024-12-29 21:26:37.616867
04660,0000,1199,106,2024-12-29 21:26:37.632869
57257,0000,1199,106,2024-12-29 21:26:37.648865
01459,0000,1198,106,2024-12-29 21:26:37.664851
01470,0000,1199,106,2024-12-29 21:26:37.680859
32271,0000,1198,106,2024-12-29 21:26:37.696850
24081,0000,1199,106,2024-12-29 21:26:37.712853
15693,0000,1199,106,2024-12-29 21:26:37.744726
30223,0000,1199,106,2024-12-29 21:26:37.760841
26515,0000,1198,106,2024-12-29 21:26:37.776834
02281,0000,1199,106,2024-12-29 21:26:37.792831
05348,0000,1199,106,2024-12-29 21:26:37.808847
03673,0000,1199,106,2024-12-29 21:26:37.824825
04329,0000,1199,106,2024-12-29 21:26:37.840828
06000,0000,1199,106,2024-12-29 21:26:37.856832
05099,0000,1199,106,2024-12-29 21:26:37.872815
02988,0000,1199,106,2024-12-29 21:26:37.904340
02275,0000,1199,106,2024-12-29 21:26:37.920814
02457,0000,1199,106,2024-12-29 21:26:37.936802
24241,0000,1198,106,2024-12-29 21:26:37.952804
00588,0000,1199,106,2024-12-29 21:26:37.968798
30950,0000,1199,106,2024-12-29 21:26:37.984805
44704,0000,1199,106,2024-12-29 21:26:38.000794
05371,0000,1199,106,2024-12-29 21:26:38.016796
06305,0000,1199,106,2024-12-29 21:26:38.032784
58423,0000,1199,106,2024-12-29 21:26:38.048790
46322,0000,1199,106,2024-12-29 21:26:38.080730
22558,0000,1199,106,2024-12-29 21:26:38.096779
23041,0000,1199,106,2024-12-29 21:26:38.112779
02837,0000,1199,106,2024-12-29 21:26:38.128781
39346,0000,1199,106,2024-12-29 21:26:38.144765
04354,0000,1199,106,2024-12-29 21:26:38.160762
02114,0000,1199,106,2024-12-29 21:26:38.176763
00676,0000,1199,106,2024-12-29 21:26:38.192760
29477,0000,1199,106,2024-12-29 21:26:38.208755
14357,0000,1199,106,2024-12-29 21:26:38.240379
01130,0000,1199,106,2024-12-29 21:26:38.256754
09250,0000,1199,106,2024-12-29 21:26:38.272735
44789,0000,1199,106,2024-12-29 21:26:38.288735
15300,0000,1199,106,2024-12-29 21:26:38.304727
44062,0000,1199,106,2024-12-29 21:26:38.320742
06875,0000,1199,106,2024-12-29 21:26:38.336736
00603,0000,1199,106,2024-12-29 21:26:38.352731
60129,0000,1198,106,2024-12-29 21:26:38.368722
21538,0000,1199,106,2024-12-29 21:26:38.384719
35380,0000,1199,106,2024-12-29 21:26:38.416717
05371,0000,1198,106,2024-12-29 21:26:38.432711
02129,0000,1199,106,2024-12-29 21:26:38.448706
03824,0000,1199,106,2024-12-29 21:26:38.464702
25540,0000,1199,106,2024-12-29 21:26:38.480709
02343,0000,1199,106,2024-12-29 21:26:38.496703
16917,0000,1199,106,2024-12-29 21:26:38.512704
27817,0000,1199,106,2024-12-29 21:26:38.528703
04567,0000,1199,106,2024-12-29 21:26:38.544691
22401,0000,1199,106,2024-12-29 21:26:38.576379
02202,0000,1199,106,2024-12-29 21:26:38.592678
24449,0001,1199,106,2024-12-29 21:26:38.608668
06671,0000,1199,106,2024-12-29 21:26:38.624679
23766,0000,1199,106,2024-12-29 21:26:38.640674
05416,0000,1199,106,2024-12-29 21:26:38.656674
02958,0000,1199,106,2024-12-29 21:26:38.672663
13088,0000,1199,106,2024-12-29 21:26:38.688657
03071,0000,1199,106,2024-12-29 21:26:38.704658
20211,0000,1199,106,2024-12-29 21:26:38.736022
25448,0000,1199,106,2024-12-29 21:26:38.752650
28439,0000,1199,106,2024-12-29 21:26:38.768645
16386,0000,1199,106,2024-12-29 21:26:38.784636
23288,0000,1199,106,2024-12-29 21:26:38.800635
03751,0000,1199,106,2024-12-29 21:26:38.816631
02760,0000,1199,106,2024-12-29 21:26:38.832629
01480,0000,1199,106,2024-12-29 21:26:38.848627
40116,0000,1199,106,2024-12-29 21:26:38.864627
48820,0000,1199,106,2024-12-29 21:26:38.880621
04385,0000,1199,106,2024-12-29 21:26:38.912412
04682,0000,1199,106,2024-12-29 21:26:38.928624
10890,0000,1199,106,2024-12-29 21:26:38.944612
01416,0000,1199,106,2024-12-29 21:26:38.960617
03457,0000,1199,106,2024-12-29 21:26:38.976607
10740,0000,1199,106,2024-12-29 21:26:38.992596
23163,0000,1199,106,2024-12-29 21:26:39.008596
40195,0000,1199,106,2024-12-29 21:26:39.024595
26043,0000,1199,106,2024-12-29 21:26:39.040596
32048,0000,1199,106,2024-12-29 21:26:39.072060
03738,0000,1199,106,2024-12-29 21:26:39.088573
26366,0000,1199,106,2024-12-29 21:26:39.104574
03098,0000,1199,106,2024-12-29 21:26:39.120568
17791,0000,1199,106,2024-12-29 21:26:39.136574
04583,0000,1199,106,2024-12-29 21:26:39.152568
04219,0000,1199,106,2024-12-29 21:26:39.168573
02881,0000,1199,106,2024-12-29 21:26:39.184563
05915,0000,1199,106,2024-12-29 21:26:39.200555
02086,0000,1199,106,2024-12-29 21:26:39.216561
46441,0000,1199,106,2024-12-29 21:26:39.248462
02858,0000,1199,106,2024-12-29 21:26:39.264551
36147,0000,1199,106,2024-12-29 21:26:39.280540
41733,0000,1199,106,2024-12-29 21:26:39.296539
05275,0000,1199,106,2024-12-29 21:26:39.312544
39471,0000,1199,106,2024-12-29 21:26:39.328530
09542,0001,1199,106,2024-12-29 21:26:39.344526
08077,0000,1199,106,2024-12-29 21:26:39.360528
01396,0000,1199,106,2024-12-29 21:26:39.376531
00660,0000,1199,106,2024-12-29 21:26:39.408082
18431,0000,1199,106,2024-12-29 21:26:39.424514
03843,0000,1199,106,2024-12-29 21:26:39.440521
13732,0000,1199,106,2024-12-29 21:26:39.456508
02385,0000,1199,106,2024-12-29 21:26:39.472505
57362,0000,1199,106,2024-12-29 21:26:39.488498
21687,0001,1199,106,2024-12-29 21:26:39.504492
49148,0000,1199,106,2024-12-29 21:26:39.520497
01128,0000,1199,106,2024-12-29 21:26:39.536498
06155,0000,1199,106,2024-12-29 21:26:39.552484
00701,0000,1199,106,2024-12-29 21:26:39.584479
02801,0000,1199,106,2024-12-29 21:26:39.600469
16464,0000,1199,106,2024-12-29 21:26:39.616473
26386,0000,1199,106,2024-12-29 21:26:39.632471
02092,0000,1199,106,2024-12-29 21:26:39.648466
01477,0000,1199,106,2024-12-29 21:26:39.664463
05481,0000,1199,106,2024-12-29 21:26:39.680461
05297,0000,1199,106,2024-12-29 21:26:39.696470
16097,0001,1199,106,2024-12-29 21:26:39.712465
05221,0000,1199,106,2024-12-29 21:26:39.744133
15353,0000,1199,106,2024-12-29 21:26:39.760478
30391,0000,1199,106,2024-12-29 21:26:39.776480
60177,0000,1199,106,2024-12-29 21:26:39.792480
00262,0000,1199,106,2024-12-29 21:26:39.808478
03599,0000,1199,106,2024-12-29 21:26:39.824482
26257,0000,1199,106,2024-12-29 21:26:39.840484
15538,0000,1199,106,2024-12-29 21:26:39.856486
02639,0000,1199,106,2024-12-29 21:26:39.872490
12318,0000,1199,106,2024-12-29 21:26:39.903748
00475,0000,1199,106,2024-12-29 21:26:39.920411
04396,0000,1199,106,2024-12-29 21:26:39.936414
01473,0000,1199,106,2024-12-29 21:26:39.952408
04494,0001,1199,106,2024-12-29 21:26:39.968409
10871,0000,1199,106,2024-12-29 21:26:39.984401
03697,0000,1199,106,2024-12-29 21:26:40.000401
39463,0000,1199,106,2024-12-29 21:26:40.016395
03093,0000,1200,106,2024-12-29 21:26:40.032394
03612,0000,1199,106,2024-12-29 21:26:40.048387
04315,0000,1199,106,2024-12-29 21:26:40.080128
02106,0000,1200,106,2024-12-29 21:26:40.096384
08578,0000,1199,106,2024-12-29 21:26:40.112379
19500,0000,1199,106,2024-12-29 21:26:40.128379
14515,0000,1199,106,2024-12-29 21:26:40.144384
10689,0000,1199,106,2024-12-29 21:26:40.160363
23885,0001,1199,106,2024-12-29 21:26:40.176367
21241,0000,1199,106,2024-12-29 21:26:40.192371
30488,0000,1199,106,2024-12-29 21:26:40.208372
26579,0000,1199,106,2024-12-29 21:26:40.239781
01208,0000,1199,106,2024-12-29 21:26:40.256357
10747,0000,1199,106,2024-12-29 21:26:40.272356
02766,0000,1199,106,2024-12-29 21:26:40.288371
25639,0000,1199,106,2024-12-29 21:26:40.304355
28432,0000,1199,106,2024-12-29 21:26:40.320341
24671,0000,1199,106,2024-12-29 21:26:40.336343
02317,0000,1199,106,2024-12-29 21:26:40.352332
02945,0000,1199,106,2024-12-29 21:26:40.368336
00721,0000,1200,106,2024-12-29 21:26:40.384327
29751,0000,1199,106,2024-12-29 21:26:40.416144
06243,0000,1199,106,2024-12-29 21:26:40.432323
03369,0000,1199,106,2024-12-29 21:26:40.448310
02732,0000,1199,106,2024-12-29 21:26:40.464314
02098,0000,1199,106,2024-12-29 21:26:40.480318
01181,0000,1200,106,2024-12-29 21:26:40.496305
50672,0000,1199,106,2024-12-29 21:26:40.512302
08494,0000,1199,106,2024-12-29 21:26:40.528291
01547,0000,1199,106,2024-12-29 21:26:40.544294
58143,0000,1199,106,2024-12-29 21:26:40.575786
02920,0000,1199,106,2024-12-29 21:26:40.592291
02275,0000,1199,106,2024-12-29 21:26:40.608289
05275,0000,1199,106,2024-12-29 21:26:40.624294
03881,0000,1200,106,2024-12-29 21:26:40.640280
00398,0000,1199,106,2024-12-29 21:26:40.656277
13396,0000,1199,106,2024-12-29 21:26:40.672269
27252,0000,1199,106,2024-12-29 21:26:40.688267
02794,0000,1199,106,2024-12-29 21:26:40.704259
00524,0000,1199,106,2024-12-29 21:26:40.720267
45526,0000,1199,106,2024-12-29 21:26:40.752193
00696,0000,1199,106,2024-12-29 21:26:40.768250
03047,0000,1199,106,2024-12-29 21:26:40.784249
01652,0000,1199,106,2024-12-29 21:26:40.800246
00764,0000,1199,106,2024-12-29 21:26:40.816249
03700,0000,1199,106,2024-12-29 21:26:40.832236
02155,0000,1199,106,2024-12-29 21:26:40.848239
56510,0000,1199,106,2024-12-29 21:26:40.864237
18691,0000,1200,106,2024-12-29 21:26:40.880226
03009,0000,1200,106,2024-12-29 21:26:40.911817
07235,0000,1199,106,2024-12-29 21:26:40.928218
03207,0000,1199,106,2024-12-29 21:26:40.944209
04562,0001,1200,106,2024-12-29 21:26:40.960212
03277,0000,1199,106,2024-12-29 21:26:40.976208
64427,0000,1199,106,2024-12-29 21:26:40.992218
03435,0000,1199,106,2024-12-29 21:26:41.008208
32213,0000,1199,106,2024-12-29 21:26:41.024207
04550,0000,1200,106,2024-12-29 21:26:41.040197
25510,0000,1199,106,2024-12-29 21:26:41.056184
27536,0000,1200,106,2024-12-29 21:26:41.088189
02903,0000,1200,106,2024-12-29 21:26:41.104190
13173,0000,1200,106,2024-12-29 21:26:41.120174
51432,0000,1199,106,2024-12-29 21:26:41.136182
01863,0000,1200,106,2024-12-29 21:26:41.152173
00915,0000,1200,106,2024-12-29 21:26:41.168174
12790,0000,1200,106,2024-12-29 21:26:41.184177
02085,0000,1200,106,2024-12-29 21:26:41.200191
02141,0000,1199,106,2024-12-29 21:26:41.216175
25244,0000,1200,106,2024-12-29 21:26:41.247868
01492,0000,1199,106,2024-12-29 21:26:41.264149
01806,0000,1199,106,2024-12-29 21:26:41.280143
03577,0000,1200,106,2024-12-29 21:26:41.296147
01727,0000,1200,106,2024-12-29 21:26:41.312145
04539,0000,1200,106,2024-12-29 21:26:41.328135
04699,0000,1199,106,2024-12-29 21:26:41.344131
02121,0000,1200,106,2024-12-29 21:26:41.360134
31811,0000,1199,106,2024-12-29 21:26:41.376134
26932,0000,1200,106,2024-12-29 21:26:41.407479
42156,0000,1200,106,2024-12-29 21:26:41.424121
43969,0000,1199,106,2024-12-29 21:26:41.440124
25505,0000,1200,106,2024-12-29 21:26:41.456112
12302,0000,1200,106,2024-12-29 21:26:41.472116
06093,0000,1199,106,2024-12-29 21:26:41.488104
20235,0000,1199,106,2024-12-29 21:26:41.504104
04624,0000,1200,106,2024-12-29 21:26:41.520102
19598,0000,1199,106,2024-12-29 21:26:41.536092
53261,0000,1199,106,2024-12-29 21:26:41.552091
00692,0000,1200,106,2024-12-29 21:26:41.583857
11436,0000,1200,106,2024-12-29 21:26:41.600076
01328,0000,1200,106,2024-12-29 21:26:41.616087
05134,0000,1200,106,2024-12-29 21:26:41.632094
01128,0000,1200,106,2024-12-29 21:26:41.648087
21058,0000,1200,106,2024-12-29 21:26:41.664077
40936,0000,1200,106,2024-12-29 21:26:41.680067
12227,0000,1200,106,2024-12-29 21:26:41.696067
03601,0000,1200,106,2024-12-29 21:26:41.712062
48379,0000,1200,106,2024-12-29 21:26:41.743514
21608,0000,1200,106,2024-12-29 21:26:41.760058
33141,0000,1200,106,2024-12-29 21:26:41.776053
05378,0000,1200,106,2024-12-29 21:26:41.792054
00217,0000,1199,106,2024-12-29 21:26:41.808043
04263,0000,1200,106,2024-12-29 21:26:41.824041
04719,0000,1200,106,2024-12-29 21:26:41.840045
00184,0000,1200,106,2024-12-29 21:26:41.856046
02201,0000,1200,106,2024-12-29 21:26:41.872037
04345,0000,1200,106,2024-12-29 21:26:41.888039
40800,0000,1200,106,2024-12-29 21:26:41.919898
16645,0000,1199,106,2024-12-29 21:26:41.936023
25533,0000,1200,106,2024-12-29 21:26:41.952027
10114,0000,1199,106,2024-12-29 21:26:41.968013
49089,0000,1199,106,2024-12-29 21:26:41.984011
10023,0000,1200,106,2024-12-29 21:26:42.000003
00776,0000,1200,106,2024-12-29 21:26:42.016011
02909,0000,1200,106,2024-12-29 21:26:42.032008
49122,0000,1200,106,2024-12-29 21:26:42.047992
20269,0000,1200,106,2024-12-29 21:26:42.079535
03357,0000,1200,106,2024-12-29 21:26:42.095989
19074,0000,1200,106,2024-12-29 21:26:42.111982
01574,0000,1200,106,2024-12-29 21:26:42.127985
09848,0000,1199,106,2024-12-29 21:26:42.143986
30977,0000,1200,106,2024-12-29 21:26:42.159986
25420,0000,1200,106,2024-12-29 21:26:42.175970
02467,0000,1200,106,2024-12-29 21:26:42.191974
04584,0000,1199,106,2024-12-29 21:26:42.207967
05912,0000,1200,106,2024-12-29 21:26:42.223971
41685,0000,1200,106,2024-12-29 21:26:42.255921
33603,0000,1200,106,2024-12-29 21:26:42.271954
05227,0000,1200,106,2024-12-29 21:26:42.287953
22697,0000,1200,106,2024-12-29 21:26:42.303947
24406,0000,1200,106,2024-12-29 21:26:42.319944
16912,0000,1200,106,2024-12-29 21:26:42.335936
02795,0000,1200,106,2024-12-29 21:26:42.351927
03913,0000,1200,106,2024-12-29 21:26:42.367939
25614,0000,1200,106,2024-12-29 21:26:42.383932
20368,0000,1200,106,2024-12-29 21:26:42.415561
04246,0000,1200,106,2024-12-29 21:26:42.431930
21010,0000,1200,106,2024-12-29 21:26:42.447914
00455,0000,1200,106,2024-12-29 21:26:42.463915
04857,0000,1200,106,2024-12-29 21:26:42.479909
05104,0000,1200,106,2024-12-29 21:26:42.495913
51528,0000,1200,106,2024-12-29 21:26:42.511905
10041,0000,1200,106,2024-12-29 21:26:42.527903
25777,0000,1200,106,2024-12-29 21:26:42.543902
05621,0000,1200,106,2024-12-29 21:26:42.559891
00940,0000,1200,106,2024-12-29 21:26:42.591896
20911,0000,1200,106,2024-12-29 21:26:42.607885
04393,0000,1200,106,2024-12-29 21:26:42.623887
04472,0000,1200,106,2024-12-29 21:26:42.639890
01313,0000,1200,106,2024-12-29 21:26:42.655889
02520,0000,1200,106,2024-12-29 21:26:42.671875
53999,0000,1200,106,2024-12-29 21:26:42.687869
35546,0000,1200,106,2024-12-29 21:26:42.703875
19566,0000,1200,106,2024-12-29 21:26:42.719862
30212,0000,1200,106,2024-12-29 21:26:42.751605
04476,0000,1200,106,2024-12-29 21:26:42.767860
23208,0000,1200,106,2024-12-29 21:26:42.783851
09205,0000,1200,106,2024-12-29 21:26:42.799856
03885,0000,1200,106,2024-12-29 21:26:42.815865
23860,0000,1200,106,2024-12-29 21:26:42.831864
02814,0000,1200,106,2024-12-29 21:26:42.847863
26888,0000,1200,106,2024-12-29 21:26:42.863860
-0001,0000,1200,106,2024-12-29 21:26:42.879865
30836,0000,1200,106,2024-12-29 21:26:42.911241
16213,0000,1200,106,2024-12-29 21:26:42.927867
10016,0000,1200,106,2024-12-29 21:26:42.943872
17626,0000,1200,106,2024-12-29 21:26:42.959869
40880,0000,1201,106,2024-12-29 21:26:42.975872
02356,0001,1200,106,2024-12-29 21:26:42.991872
36429,0000,1200,106,2024-12-29 21:26:43.007878
21518,0000,1200,106,2024-12-29 21:26:43.023808
05304,0000,1199,106,2024-12-29 21:26:43.039810
26376,0000,1200,106,2024-12-29 21:26:43.055807
03855,0000,1200,106,2024-12-29 21:26:43.087617
00643,0000,1200,106,2024-12-29 21:26:43.103785
16419,0000,1200,106,2024-12-29 21:26:43.119792
24049,0001,1200,106,2024-12-29 21:26:43.135791
03522,0000,1200,106,2024-12-29 21:26:43.151783
09812,0000,1200,106,2024-12-29 21:26:43.167783
04237,0000,1200,106,2024-12-29 21:26:43.183778
01362,0000,1200,106,2024-12-29 21:26:43.199780
05299,0000,1200,106,2024-12-29 21:26:43.215787
02357,0000,1200,106,2024-12-29 21:26:43.247276
02234,0000,1200,106,2024-12-29 21:26:43.263762
54090,0000,1200,106,2024-12-29 21:26:43.279764
03403,0001,1200,106,2024-12-29 21:26:43.295758
04460,0000,1200,106,2024-12-29 21:26:43.311755
04193,0000,1200,106,2024-12-29 21:26:43.327749
11315,0000,1200,106,2024-12-29 21:26:43.343758
37858,0001,1200,106,2024-12-29 21:26:43.359744
03714,0000,1201,106,2024-12-29 21:26:43.375746
02679,0000,1200,106,2024-12-29 21:26:43.391740
01329,0000,1200,106,2024-12-29 21:26:43.423654
22591,0000,1200,106,2024-12-29 21:26:43.439728
61506,0000,1200,106,2024-12-29 21:26:43.455728
24532,0000,1200,106,2024-12-29 21:26:43.471723
05273,0000,1200,106,2024-12-29 21:26:43.487726
50693,0000,1200,106,2024-12-29 21:26:43.503716
00523,0000,1200,106,2024-12-29 21:26:43.519716
05239,0000,1200,106,2024-12-29 21:26:43.535706
06912,0000,1200,106,2024-12-29 21:26:43.551712
13478,0000,1200,106,2024-12-29 21:26:43.583283
04637,0000,1200,106,2024-12-29 21:26:43.599705
10894,0000,1200,106,2024-12-29 21:26:43.615708
00855,0000,1200,106,2024-12-29 21:26:43.631697
02941,0000,1200,106,2024-12-29 21:26:43.647686
25981,0000,1200,106,2024-12-29 21:26:43.663683
41403,0001,1200,106,2024-12-29 21:26:43.679677
22502,0000,1200,106,2024-12-29 21:26:43.695683
02599,0000,1200,106,2024-12-29 21:26:43.711678
00605,0000,1200,106,2024-12-29 21:26:43.727679
02765,0000,1200,106,2024-12-29 21:26:43.759677
01131,0000,1200,106,2024-12-29 21:26:43.775661
03825,0000,1200,106,2024-12-29 21:26:43.791662
03094,0000,1200,106,2024-12-29 21:26:43.807656
02399,0001,1200,106,2024-12-29 21:26:43.823660
28597,0000,1200,106,2024-12-29 21:26:43.839646
25279,0000,1200,106,2024-12-29 21:26:43.855649
24686,0000,1200,106,2024-12-29 21:26:43.871643
05412,0000,1200,106,2024-12-29 21:26:43.887645
00332,0001,1200,106,2024-12-29 21:26:43.919323
04227,0000,1200,106,2024-12-29 21:26:43.935626
10640,0000,1200,106,2024-12-29 21:26:43.951635
22996,0000,1200,106,2024-12-29 21:26:43.967624
00768,0000,1200,106,2024-12-29 21:26:43.983628
28626,0000,1200,106,2024-12-29 21:26:43.999630
17227,0000,1200,106,2024-12-29 21:26:44.015613
02249,0000,1200,106,2024-12-29 21:26:44.031616
46633,0000,1200,106,2024-12-29 21:26:44.047612
03813,0000,1201,106,2024-12-29 21:26:44.078937
03993,0000,1200,106,2024-12-29 21:26:44.095607
02912,0000,1200,106,2024-12-29 21:26:44.111602
01539,0000,1200,106,2024-12-29 21:26:44.127605
00640,0000,1200,106,2024-12-29 21:26:44.143588
01124,0000,1200,106,2024-12-29 21:26:44.159588
20702,0000,1200,106,2024-12-29 21:26:44.175586
02714,0001,1200,106,2024-12-29 21:26:44.191588
03676,0000,1200,106,2024-12-29 21:26:44.207580
30007,0000,1200,106,2024-12-29 21:26:44.223572
00586,0000,1200,106,2024-12-29 21:26:44.255321
00320,0000,1200,106,2024-12-29 21:26:44.271570
03739,0000,1200,106,2024-12-29 21:26:44.287565
13280,0000,1200,106,2024-12-29 21:26:44.303566
02145,0000,1200,106,2024-12-29 21:26:44.319562
23230,0000,1200,106,2024-12-29 21:26:44.335559
02339,0000,1200,106,2024-12-29 21:26:44.351548
01036,0000,1201,106,2024-12-29 21:26:44.367549
00491,0000,1200,106,2024-12-29 21:26:44.383557
21335,0000,1200,106,2024-12-29 21:26:44.414980
03804,0000,1201,106,2024-12-29 21:26:44.431528
32146,0000,1200,106,2024-12-29 21:26:44.447531
00624,0000,1200,106,2024-12-29 21:26:44.463514
15938,0000,1201,106,2024-12-29 21:26:44.479527
03041,0000,1200,106,2024-12-29 21:26:44.495521
03502,0000,1200,106,2024-12-29 21:26:44.511521
03022,0000,1200,106,2024-12-29 21:26:44.527513
08635,0000,1200,106,2024-12-29 21:26:44.543513
35217,0000,1200,106,2024-12-29 21:26:44.559501
40018,0000,1200,106,2024-12-29 21:26:44.591355
04635,0000,1201,106,2024-12-29 21:26:44.607504
12804,0000,1201,106,2024-12-29 21:26:44.623491
19753,0000,1200,106,2024-12-29 21:26:44.639509
04612,0000,1200,106,2024-12-29 21:26:44.655498
17120,0000,1200,106,2024-12-29 21:26:44.671483
38367,0000,1201,106,2024-12-29 21:26:44.687476
03412,0000,1200,106,2024-12-29 21:26:44.703480
01365,0000,1201,106,2024-12-29 21:26:44.719468
25636,0000,1200,106,2024-12-29 21:26:44.751004
41083,0000,1201,106,2024-12-29 21:26:44.767471
05546,0000,1200,106,2024-12-29 21:26:44.783472
03702,0000,1200,106,2024-12-29 21:26:44.799456
14037,0000,1200,106,2024-12-29 21:26:44.815466
02983,0000,1200,106,2024-12-29 21:26:44.831453
51361,0000,1200,106,2024-12-29 21:26:44.847455
12643,0000,1200,106,2024-12-29 21:26:44.863454
03278,0000,1200,106,2024-12-29 21:26:44.879455
27292,0000,1200,106,2024-12-29 21:26:44.895446
05557,0000,1201,106,2024-12-29 21:26:44.927378
00356,0000,1201,106,2024-12-29 21:26:44.943438
04556,0000,1200,106,2024-12-29 21:26:44.959433
09991,0000,1200,106,2024-12-29 21:26:44.975433
26866,0000,1201,106,2024-12-29 21:26:44.991425
03836,0000,1201,106,2024-12-29 21:26:45.007429
00606,0000,1201,106,2024-12-29 21:26:45.023421
01456,0000,1200,106,2024-12-29 21:26:45.039413
01884,0000,1201,106,2024-12-29 21:26:45.055419
03688,0000,1200,106,2024-12-29 21:26:45.087018
01832,0000,1201,106,2024-12-29 21:26:45.103399
49149,0000,1200,106,2024-12-29 21:26:45.119398
15652,0000,1201,106,2024-12-29 21:26:45.135396
00948,0000,1201,106,2024-12-29 21:26:45.151400
43173,0000,1201,106,2024-12-29 21:26:45.167391
00507,0001,1201,106,2024-12-29 21:26:45.183401
03628,0000,1200,106,2024-12-29 21:26:45.199384
00558,0000,1201,106,2024-12-29 21:26:45.215388
00663,0000,1201,106,2024-12-29 21:26:45.231377
21259,0000,1201,106,2024-12-29 21:26:45.263386
43515,0000,1201,106,2024-12-29 21:26:45.279374
02041,0000,1201,106,2024-12-29 21:26:45.295369
13800,0000,1201,106,2024-12-29 21:26:45.311369
01373,0000,1201,106,2024-12-29 21:26:45.327363
04583,0000,1201,106,2024-12-29 21:26:45.343362
04230,0000,1201,106,2024-12-29 21:26:45.359352
03511,0000,1201,106,2024-12-29 21:26:45.375356
05177,0000,1201,106,2024-12-29 21:26:45.391351
05283,0000,1201,106,2024-12-29 21:26:45.423041
01264,0000,1201,106,2024-12-29 21:26:45.439338
14938,0000,1201,106,2024-12-29 21:26:45.455338
04512,0000,1201,106,2024-12-29 21:26:45.471331
31986,0001,1201,106,2024-12-29 21:26:45.487326
30969,0000,1201,106,2024-12-29 21:26:45.503329
03118,0001,1201,106,2024-12-29 21:26:45.519327
01346,0000,1201,106,2024-12-29 21:26:45.535326
00049,0000,1201,106,2024-12-29 21:26:45.551333
04513,0000,1201,106,2024-12-29 21:26:45.582695
43103,0000,1201,106,2024-12-29 21:26:45.599309
00033,0000,1201,106,2024-12-29 21:26:45.615315
46411,0000,1201,106,2024-12-29 21:26:45.631307
48882,0000,1201,106,2024-12-29 21:26:45.647297
01401,0000,1201,106,2024-12-29 21:26:45.663295
15658,0000,1201,106,2024-12-29 21:26:45.679290
44840,0000,1201,106,2024-12-29 21:26:45.695290
04412,0000,1201,106,2024-12-29 21:26:45.711284
01701,0000,1201,106,2024-12-29 21:26:45.727283
04562,0001,1201,106,2024-12-29 21:26:45.759079
24572,0000,1201,106,2024-12-29 21:26:45.775272
02939,0000,1201,106,2024-12-29 21:26:45.791269
04561,0000,1201,106,2024-12-29 21:26:45.807262
19310,0000,1201,106,2024-12-29 21:26:45.823267
03856,0000,1201,106,2024-12-29 21:26:45.839260
04807,0000,1201,106,2024-12-29 21:26:45.855258
01311,0000,1201,106,2024-12-29 21:26:45.871258
15479,0000,1201,106,2024-12-29 21:26:45.887465
29403,0000,1201,106,2024-12-29 21:26:45.918729
03207,0000,1201,106,2024-12-29 21:26:45.935238
03857,0000,1201,106,2024-12-29 21:26:45.951249
02132,0000,1201,106,2024-12-29 21:26:45.967245
26230,0000,1201,106,2024-12-29 21:26:45.983249
11374,0001,1201,106,2024-12-29 21:26:45.999251
01390,0000,1201,106,2024-12-29 21:26:46.015251
09552,0000,1201,106,2024-12-29 21:26:46.031256
04535,0000,1201,106,2024-12-29 21:26:46.047258
00718,0000,1201,106,2024-12-29 21:26:46.063254
01419,0000,1201,106,2024-12-29 21:26:46.095138
50885,0000,1201,106,2024-12-29 21:26:46.111265
03888,0000,1201,106,2024-12-29 21:26:46.127266
04503,0000,1201,106,2024-12-29 21:26:46.143264
31864,0000,1201,106,2024-12-29 21:26:46.159196
44946,0000,1201,106,2024-12-29 21:26:46.175192
23021,0000,1201,106,2024-12-29 21:26:46.191192
11861,0000,1201,106,2024-12-29 21:26:46.207191
42562,0000,1201,106,2024-12-29 21:26:46.223182
04414,0000,1201,106,2024-12-29 21:26:46.254749
15140,0000,1201,106,2024-12-29 21:26:46.271184
07908,0000,1201,106,2024-12-29 21:26:46.287174
04984,0000,1201,106,2024-12-29 21:26:46.303175
07677,0000,1201,106,2024-12-29 21:26:46.319162
02078,0000,1201,106,2024-12-29 21:26:46.335165
19769,0000,1201,106,2024-12-29 21:26:46.351170
09952,0000,1201,106,2024-12-29 21:26:46.367160
05368,0000,1201,106,2024-12-29 21:26:46.383152
01461,0000,1201,106,2024-12-29 21:26:46.399152
03475,0000,1201,106,2024-12-29 21:26:46.431125
43330,0000,1201,106,2024-12-29 21:26:46.447146
49917,0000,1201,106,2024-12-29 21:26:46.463152
05295,0000,1201,106,2024-12-29 21:26:46.479125
00619,0000,1201,106,2024-12-29 21:26:46.495128
01499,0000,1201,106,2024-12-29 21:26:46.511121
33084,0000,1201,106,2024-12-29 21:26:46.527124
08943,0000,1201,106,2024-12-29 21:26:46.543123
36207,0000,1201,106,2024-12-29 21:26:46.559123
05231,0000,1201,106,2024-12-29 21:26:46.590771
02782,0000,1201,106,2024-12-29 21:26:46.607116
35551,0001,1201,106,2024-12-29 21:26:46.623110
04513,0000,1201,106,2024-12-29 21:26:46.639115
01505,0000,1201,106,2024-12-29 21:26:46.655114
04608,0000,1201,106,2024-12-29 21:26:46.671102
65941,0000,1201,106,2024-12-29 21:26:46.687109
45502,0000,1201,106,2024-12-29 21:26:46.703100
09659,0000,1201,106,2024-12-29 21:26:46.719102
01082,0001,1201,106,2024-12-29 21:26:46.750409
18240,0000,1201,106,2024-12-29 21:26:46.767089
46513,0000,1201,106,2024-12-29 21:26:46.783083
35386,0000,1201,106,2024-12-29 21:26:46.799083
05320,0000,1201,106,2024-12-29 21:26:46.815071
35328,0000,1201,106,2024-12-29 21:26:46.831071
02733,0000,1201,106,2024-12-29 21:26:46.847070
31505,0000,1201,106,2024-12-29 21:26:46.863072
09105,0000,1201,106,2024-12-29 21:26:46.879064
34524,0000,1201,106,2024-12-29 21:26:46.895063
30322,0000,1201,106,2024-12-29 21:26:46.926794
03590,0000,1201,106,2024-12-29 21:26:46.943056
00697,0000,1201,106,2024-12-29 21:26:46.959059
26056,0000,1201,106,2024-12-29 21:26:46.975046
40875,0000,1201,106,2024-12-29 21:26:46.991055
40788,0000,1201,106,2024-12-29 21:26:47.007041
03578,0000,1201,106,2024-12-29 21:26:47.023036
64252,0000,1201,106,2024-12-29 21:26:47.039038
44805,0000,1201,106,2024-12-29 21:26:47.055037
03505,0000,1201,106,2024-12-29 21:26:47.086427
02550,0000,1201,106,2024-12-29 21:26:47.103022
04520,0000,1201,106,2024-12-29 21:26:47.119023
05370,0000,1201,106,2024-12-29 21:26:47.135032
04685,0000,1201,106,2024-12-29 21:26:47.151018
10823,0000,1201,106,2024-12-29 21:26:47.167003
61641,0000,1201,106,2024-12-29 21:26:47.183004
02162,0001,1201,106,2024-12-29 21:26:47.199016
04994,0000,1201,106,2024-12-29 21:26:47.215015
28211,0000,1201,106,2024-12-29 21:26:47.231013
18393,0000,1201,106,2024-12-29 21:26:47.262820
22623,0000,1201,106,2024-12-29 21:26:47.278982
01424,0000,1201,106,2024-12-29 21:26:47.294978
00884,0000,1201,106,2024-12-29 21:26:47.310975
02037,0000,1201,106,2024-12-29 21:26:47.326970
60826,0000,1201,106,2024-12-29 21:26:47.342977
03663,0000,1201,106,2024-12-29 21:26:47.358971
01444,0000,1201,106,2024-12-29 21:26:47.374965
05470,0000,1201,106,2024-12-29 21:26:47.390968
03710,0000,1201,106,2024-12-29 21:26:47.422468
02340,0000,1201,106,2024-12-29 21:26:47.438952
17926,0000,1201,106,2024-12-29 21:26:47.454947
02149,0000,1201,106,2024-12-29 21:26:47.470948
04880,0000,1201,106,2024-12-29 21:26:47.486940
04642,0000,1201,106,2024-12-29 21:26:47.502938
62647,0000,1201,106,2024-12-29 21:26:47.518943
03880,0000,1201,106,2024-12-29 21:26:47.534922
08305,0000,1201,106,2024-12-29 21:26:47.550931
20735,0000,1201,106,2024-12-29 21:26:47.566930
01373,0000,1201,106,2024-12-29 21:26:47.598848
40679,0000,1201,106,2024-12-29 21:26:47.614919
39095,0000,1201,106,2024-12-29 21:26:47.630924
01405,0000,1201,106,2024-12-29 21:26:47.646906
03006,0000,1201,106,2024-12-29 21:26:47.662908
19167,0000,1201,106,2024-12-29 21:26:47.678907
17986,0000,1201,106,2024-12-29 21:26:47.694895
01482,0001,1201,106,2024-12-29 21:26:47.710891
00545,0000,1201,106,2024-12-29 21:26:47.726899
07299,0000,1201,106,2024-12-29 21:26:47.758490
04089,0000,1201,106,2024-12-29 21:26:47.774891
28522,0000,1201,106,2024-12-29 21:26:47.790891
01131,0000,1201,106,2024-12-29 21:26:47.806877
35489,0000,1201,106,2024-12-29 21:26:47.822878
00257,0000,1202,106,2024-12-29 21:26:47.838868
59074,0000,1201,106,2024-12-29 21:26:47.854868
01452,0000,1201,106,2024-12-29 21:26:47.870861
00429,0000,1201,106,2024-12-29 21:26:47.886860
05245,0000,1201,106,2024-12-29 21:26:47.902867
18584,0001,1201,106,2024-12-29 21:26:47.934848
27963,0000,1201,106,2024-12-29 21:26:47.950856
01402,0000,1201,106,2024-12-29 21:26:47.966846
04260,0000,1201,106,2024-12-29 21:26:47.982841
00419,0000,1201,106,2024-12-29 21:26:47.998841
16519,0000,1201,106,2024-12-29 21:26:48.014840
05638,0000,1201,106,2024-12-29 21:26:48.030841
19002,0000,1201,106,2024-12-29 21:26:48.046830
01752,0000,1201,106,2024-12-29 21:26:48.062831
05209,0000,1201,106,2024-12-29 21:26:48.094531
14864,0000,1201,106,2024-12-29 21:26:48.110811
45657,0000,1201,106,2024-12-29 21:26:48.126816
10092,0000,1202,106,2024-12-29 21:26:48.142805
05001,0000,1201,106,2024-12-29 21:26:48.158812
19906,0000,1201,106,2024-12-29 21:26:48.174807
01274,0000,1201,106,2024-12-29 21:26:48.190804
07927,0000,1202,106,2024-12-29 21:26:48.206803
02242,0000,1201,106,2024-12-29 21:26:48.222799
16356,0000,1201,106,2024-12-29 21:26:48.254147
29025,0000,1201,106,2024-12-29 21:26:48.270802
05362,0000,1201,106,2024-12-29 21:26:48.286800
17758,0000,1201,106,2024-12-29 21:26:48.302797
37108,0000,1201,106,2024-12-29 21:26:48.318776
03050,0000,1201,106,2024-12-29 21:26:48.334775
00437,0000,1201,106,2024-12-29 21:26:48.350767
26402,0001,1202,106,2024-12-29 21:26:48.366773
03619,0000,1201,106,2024-12-29 21:26:48.382762
40778,0000,1201,106,2024-12-29 21:26:48.398765
01537,0000,1201,106,2024-12-29 21:26:48.430532
01538,0000,1202,106,2024-12-29 21:26:48.446750
22948,0000,1201,106,2024-12-29 21:26:48.462757
00621,0000,1201,106,2024-12-29 21:26:48.478747
20979,0000,1201,106,2024-12-29 21:26:48.494757
24473,0001,1202,106,2024-12-29 21:26:48.510745
23417,0000,1202,106,2024-12-29 21:26:48.526747
13210,0000,1201,106,2024-12-29 21:26:48.542733
24802,0000,1201,106,2024-12-29 21:26:48.558737
28427,0000,1201,106,2024-12-29 21:26:48.590157
30288,0000,1202,106,2024-12-29 21:26:48.606731
01168,0000,1201,106,2024-12-29 21:26:48.622713
60738,0000,1201,106,2024-12-29 21:26:48.638720
04065,0000,1201,106,2024-12-29 21:26:48.654713
62567,0000,1201,106,2024-12-29 21:26:48.670713
21121,0000,1201,106,2024-12-29 21:26:48.686719
02269,0000,1202,106,2024-12-29 21:26:48.702717
05191,0000,1202,106,2024-12-29 21:26:48.718699
07326,0000,1202,106,2024-12-29 21:26:48.734700
01503,0000,1202,106,2024-12-29 21:26:48.766570
02426,0000,1202,106,2024-12-29 21:26:48.782684
42484,0000,1202,106,2024-12-29 21:26:48.798695
31111,0000,1201,106,2024-12-29 21:26:48.814685
23368,0000,1201,106,2024-12-29 21:26:48.830693
00342,0000,1202,106,2024-12-29 21:26:48.846675
02591,0000,1202,106,2024-12-29 21:26:48.862679
00398,0000,1202,106,2024-12-29 21:26:48.878667
60158,0000,1202,106,2024-12-29 21:26:48.894669
01573,0000,1202,106,2024-12-29 21:26:48.926194
00637,0000,1202,106,2024-12-29 21:26:48.942657
31669,0000,1201,106,2024-12-29 21:26:48.958661
26376,0000,1202,106,2024-12-29 21:26:48.974646
04446,0000,1201,106,2024-12-29 21:26:48.990651
49886,0000,1202,106,2024-12-29 21:26:49.006646
13287,0000,1202,106,2024-12-29 21:26:49.022640
50458,0000,1202,106,2024-12-29 21:26:49.038640
03828,0000,1202,106,2024-12-29 21:26:49.054635
08344,0000,1202,106,2024-12-29 21:26:49.070629
39362,0000,1202,106,2024-12-29 21:26:49.102597
48179,0000,1201,106,2024-12-29 21:26:49.118646
00213,0000,1202,106,2024-12-29 21:26:49.134643
03031,0000,1202,106,2024-12-29 21:26:49.150650
30709,0000,1201,106,2024-12-29 21:26:49.166651
03019,0000,1201,106,2024-12-29 21:26:49.182650
09762,0000,1202,106,2024-12-29 21:26:49.198652
04654,0000,1202,106,2024-12-29 21:26:49.214652
12092,0000,1202,106,2024-12-29 21:26:49.230652
03691,0000,1202,106,2024-12-29 21:26:49.262269
23806,0000,1201,106,2024-12-29 21:26:49.278592
14604,0000,1202,106,2024-12-29 21:26:49.294585
02833,0000,1202,106,2024-12-29 21:26:49.310594
35402,0000,1202,106,2024-12-29 21:26:49.326581
04836,0001,1201,106,2024-12-29 21:26:49.342587
05220,0000,1202,106,2024-12-29 21:26:49.358579
25585,0000,1202,106,2024-12-29 21:26:49.374567
03812,0000,1202,106,2024-12-29 21:26:49.390576
05264,0000,1202,106,2024-12-29 21:26:49.421880
12559,0000,1202,106,2024-12-29 21:26:49.438599
02266,0000,1202,106,2024-12-29 21:26:49.454564
06915,0000,1202,106,2024-12-29 21:26:49.470563
08255,0000,1202,106,2024-12-29 21:26:49.486568
00617,0000,1201,106,2024-12-29 21:26:49.502549
26961,0000,1202,106,2024-12-29 21:26:49.518549
14139,0000,1201,106,2024-12-29 21:26:49.534543
22428,0000,1202,106,2024-12-29 21:26:49.550536
12928,0000,1202,106,2024-12-29 21:26:49.566535
03127,0000,1202,106,2024-12-29 21:26:49.598243
01328,0000,1202,106,2024-12-29 21:26:49.614524
02592,0000,1202,106,2024-12-29 21:26:49.630525
50090,0000,1202,106,2024-12-29 21:26:49.646532
10731,0000,1202,106,2024-12-29 21:26:49.662519
06125,0000,1202,106,2024-12-29 21:26:49.678507
04697,0000,1202,106,2024-12-29 21:26:49.694511
32247,0000,1202,106,2024-12-29 21:26:49.710505
01494,0000,1201,106,2024-12-29 21:26:49.726507
38477,0000,1202,106,2024-12-29 21:26:49.757887
04490,0000,1202,106,2024-12-29 21:26:49.774500
01661,0000,1202,106,2024-12-29 21:26:49.790499
49930,0000,1202,106,2024-12-29 21:26:49.806491
04551,0000,1202,106,2024-12-29 21:26:49.822495
05054,0000,1202,106,2024-12-29 21:26:49.838484
52535,0000,1202,106,2024-12-29 21:26:49.854487
64457,0000,1202,106,2024-12-29 21:26:49.870492
00903,0000,1202,106,2024-12-29 21:26:49.886473
04921,0000,1202,106,2024-12-29 21:26:49.902473
18269,0000,1202,106,2024-12-29 21:26:49.934266
32520,0000,1202,106,2024-12-29 21:26:49.950462
12305,0000,1202,106,2024-12-29 21:26:49.966471
39228,0000,1202,106,2024-12-29 21:26:49.982461
10646,0000,1202,106,2024-12-29 21:26:49.998460
01400,0000,1202,106,2024-12-29 21:26:50.014460
03032,0000,1202,106,2024-12-29 21:26:50.030455
01384,0000,1202,106,2024-12-29 21:26:50.046440
01544,0000,1202,106,2024-12-29 21:26:50.062435
03939,0000,1202,106,2024-12-29 21:26:50.093923
02355,0000,1202,106,2024-12-29 21:26:50.110422
10260,0000,1202,106,2024-12-29 21:26:50.126413
01060,0000,1202,106,2024-12-29 21:26:50.142420
25346,0000,1202,106,2024-12-29 21:26:50.158406
18534,0000,1202,106,2024-12-29 21:26:50.174407
10080,0000,1202,106,2024-12-29 21:26:50.190397
33848,0000,1202,106,2024-12-29 21:26:50.206409
01499,0000,1202,106,2024-12-29 21:26:50.222401
22678,0000,1202,106,2024-12-29 21:26:50.238419
02068,0000,1202,106,2024-12-29 21:26:50.270319
02323,0000,1202,106,2024-12-29 21:26:50.286394
01406,0000,1202,106,2024-12-29 21:26:50.302389
02251,0000,1202,106,2024-12-29 21:26:50.318386
00622,0000,1202,106,2024-12-29 21:26:50.334373
24265,0000,1202,106,2024-12-29 21:26:50.350375
05501,0001,1202,106,2024-12-29 21:26:50.366379
27720,0001,1202,106,2024-12-29 21:26:50.382380
07574,0000,1202,106,2024-12-29 21:26:50.398363
03143,0000,1202,106,2024-12-29 21:26:50.429939
00217,0000,1202,106,2024-12-29 21:26:50.446365
00790,0001,1202,106,2024-12-29 21:26:50.462353
02936,0000,1202,106,2024-12-29 21:26:50.478357
02869,0000,1202,106,2024-12-29 21:26:50.494346
20047,0000,1202,106,2024-12-29 21:26:50.510344
34467,0000,1202,106,2024-12-29 21:26:50.526339
25817,0000,1202,106,2024-12-29 21:26:50.542332
05089,0000,1202,106,2024-12-29 21:26:50.558328
02578,0000,1202,106,2024-12-29 21:26:50.574332
05082,0000,1202,106,2024-12-29 21:26:50.606302
03280,0000,1202,106,2024-12-29 21:26:50.622324
24205,0000,1202,106,2024-12-29 21:26:50.638329
22052,0000,1202,106,2024-12-29 21:26:50.654309
24640,0001,1202,106,2024-12-29 21:26:50.670308
56509,0000,1202,106,2024-12-29 21:26:50.686311
14797,0000,1202,106,2024-12-29 21:26:50.702300
62678,0000,1202,106,2024-12-29 21:26:50.718303
43990,0000,1202,106,2024-12-29 21:26:50.734293
05144,0000,1202,106,2024-12-29 21:26:50.765960
05190,0000,1202,106,2024-12-29 21:26:50.782290
02784,0000,1202,106,2024-12-29 21:26:50.798291
38452,0000,1202,106,2024-12-29 21:26:50.814284
07225,0001,1202,106,2024-12-29 21:26:50.830280
00407,0000,1202,106,2024-12-29 21:26:50.846280
13040,0000,1202,106,2024-12-29 21:26:50.862281
03808,0000,1202,106,2024-12-29 21:26:50.878270
05092,0000,1202,106,2024-12-29 21:26:50.894266
48827,0000,1202,106,2024-12-29 21:26:50.925602
40842,0000,1202,106,2024-12-29 21:26:50.942259
27828,0000,1202,106,2024-12-29 21:26:50.958261
03014,0000,1202,106,2024-12-29 21:26:50.974254
01436,0000,1202,106,2024-12-29 21:26:50.990250
03123,0000,1202,106,2024-12-29 21:26:51.006240
44800,0000,1202,106,2024-12-29 21:26:51.022243
32930,0000,1202,106,2024-12-29 21:26:51.038246
24828,0000,1202,106,2024-12-29 21:26:51.054233
20794,0001,1202,106,2024-12-29 21:26:51.070237
04539,0000,1202,106,2024-12-29 21:26:51.102001
35605,0000,1202,106,2024-12-29 21:26:51.118219
04538,0000,1202,106,2024-12-29 21:26:51.134218
04396,0000,1202,106,2024-12-29 21:26:51.150224
04586,0000,1202,106,2024-12-29 21:26:51.166225
65966,0000,1202,106,2024-12-29 21:26:51.182210
25072,0000,1202,106,2024-12-29 21:26:51.198208
06677,0001,1202,106,2024-12-29 21:26:51.214197
04197,0000,1202,106,2024-12-29 21:26:51.230206
01968,0000,1202,106,2024-12-29 21:26:51.261624
01987,0000,1202,106,2024-12-29 21:26:51.278186
30971,0000,1202,106,2024-12-29 21:26:51.294189
13384,0000,1202,106,2024-12-29 21:26:51.310188
16663,0000,1202,106,2024-12-29 21:26:51.326181
47084,0000,1202,106,2024-12-29 21:26:51.342181
19007,0000,1202,106,2024-12-29 21:26:51.358173
01153,0000,1202,106,2024-12-29 21:26:51.374174
01232,0000,1202,106,2024-12-29 21:26:51.390174
26196,0000,1202,106,2024-12-29 21:26:51.406172
21245,0000,1202,106,2024-12-29 21:26:51.438014
34058,0000,1202,106,2024-12-29 21:26:51.454160
38527,0000,1202,106,2024-12-29 21:26:51.470155
11390,0000,1202,106,2024-12-29 21:26:51.486155
48834,0000,1202,106,2024-12-29 21:26:51.502151
00759,0000,1202,106,2024-12-29 21:26:51.518143
02708,0000,1202,106,2024-12-29 21:26:51.534142
08552,0000,1202,106,2024-12-29 21:26:51.550144
48237,0000,1202,106,2024-12-29 21:26:51.566136
44907,0000,1202,106,2024-12-29 21:26:51.597662
24050,0000,1202,106,2024-12-29 21:26:51.614135
08425,0000,1202,106,2024-12-29 21:26:51.630129
01409,0000,1202,106,2024-12-29 21:26:51.646134
39211,0000,1202,106,2024-12-29 21:26:51.662122
02678,0000,1202,106,2024-12-29 21:26:51.678119
02214,0000,1202,106,2024-12-29 21:26:51.694112
00749,0000,1202,106,2024-12-29 21:26:51.710120
55110,0000,1202,106,2024-12-29 21:26:51.726104
23468,0000,1202,106,2024-12-29 21:26:51.742113
03991,0000,1202,106,2024-12-29 21:26:51.774048
04202,0000,1202,106,2024-12-29 21:26:51.790097
02828,0000,1202,106,2024-12-29 21:26:51.806096
02173,0000,1202,106,2024-12-29 21:26:51.822095
10553,0000,1202,106,2024-12-29 21:26:51.838095
01321,0000,1202,106,2024-12-29 21:26:51.854076
04628,0000,1202,106,2024-12-29 21:26:51.870074
56651,0000,1202,106,2024-12-29 21:26:51.886072
00575,0000,1202,106,2024-12-29 21:26:51.902074
11519,0000,1202,106,2024-12-29 21:26:51.933675
22334,0000,1202,106,2024-12-29 21:26:51.950070
06524,0000,1202,106,2024-12-29 21:26:51.966048
04647,0000,1202,106,2024-12-29 21:26:51.982059
01794,0000,1202,106,2024-12-29 21:26:51.998046
00432,0000,1202,106,2024-12-29 21:26:52.014048
00188,0000,1202,106,2024-12-29 21:26:52.030041
03670,0000,1202,106,2024-12-29 21:26:52.046043
01442,0000,1202,106,2024-12-29 21:26:52.062034
20602,0000,1202,106,2024-12-29 21:26:52.078043
00232,0000,1202,106,2024-12-29 21:26:52.110028
40066,0000,1202,106,2024-12-29 21:26:52.126023
14865,0000,1202,106,2024-12-29 21:26:52.142020
01223,0000,1202,106,2024-12-29 21:26:52.158026
06763,0000,1202,106,2024-12-29 21:26:52.174008
36968,0000,1202,106,2024-12-29 21:26:52.190016
20419,0000,1202,106,2024-12-29 21:26:52.206016
13083,0000,1203,106,2024-12-29 21:26:52.222018
25941,0000,1202,106,2024-12-29 21:26:52.238032
05209,0000,1202,106,2024-12-29 21:26:52.269726
17844,0001,1202,106,2024-12-29 21:26:52.286023
05165,0000,1202,106,2024-12-29 21:26:52.302032
48989,0000,1202,106,2024-12-29 21:26:52.318032
23551,0000,1202,106,2024-12-29 21:26:52.334030
20159,0000,1203,106,2024-12-29 21:26:52.350034
37886,0000,1203,106,2024-12-29 21:26:52.366036
38734,0000,1202,106,2024-12-29 21:26:52.382034
23265,0000,1202,106,2024-12-29 21:26:52.398040
21048,0000,1202,106,2024-12-29 21:26:52.429362
01821,0000,1203,106,2024-12-29 21:26:52.445957
22287,0000,1202,106,2024-12-29 21:26:52.461963
23245,0000,1202,106,2024-12-29 21:26:52.477955
13165,0000,1203,106,2024-12-29 21:26:52.493956
01458,0000,1203,106,2024-12-29 21:26:52.509952
22769,0000,1202,106,2024-12-29 21:26:52.525954
54286,0000,1202,106,2024-12-29 21:26:52.541942
36251,0000,1202,106,2024-12-29 21:26:52.557937
03771,0000,1202,106,2024-12-29 21:26:52.573937
02890,0000,1202,106,2024-12-29 21:26:52.605746
10068,0000,1202,106,2024-12-29 21:26:52.621920
21573,0000,1202,106,2024-12-29 21:26:52.637928
02122,0000,1203,106,2024-12-29 21:26:52.653915
13421,0000,1202,106,2024-12-29 21:26:52.669909
39942,0000,1202,106,2024-12-29 21:26:52.685915
01537,0000,1202,106,2024-12-29 21:26:52.701909
19598,0000,1202,106,2024-12-29 21:26:52.717915
02193,0000,1202,106,2024-12-29 21:26:52.733898
26320,0001,1202,106,2024-12-29 21:26:52.765384
35373,0000,1202,106,2024-12-29 21:26:52.781906
52320,0000,1202,106,2024-12-29 21:26:52.797893
03086,0000,1203,106,2024-12-29 21:26:52.813897
03726,0000,1203,106,2024-12-29 21:26:52.829896
12239,0000,1202,106,2024-12-29 21:26:52.845886
00741,0000,1203,106,2024-12-29 21:26:52.861884
03543,0000,1202,106,2024-12-29 21:26:52.877882
00531,0000,1202,106,2024-12-29 21:26:52.893878
09991,0000,1202,106,2024-12-29 21:26:52.909879
19099,0000,1203,106,2024-12-29 21:26:52.941765
02859,0000,1202,106,2024-12-29 21:26:52.957861
26887,0000,1202,106,2024-12-29 21:26:52.973866
01447,0000,1203,106,2024-12-29 21:26:52.989863
04285,0000,1202,106,2024-12-29 21:26:53.005845
17609,0000,1202,106,2024-12-29 21:26:53.021852
13091,0000,1203,106,2024-12-29 21:26:53.037847
01309,0000,1202,106,2024-12-29 21:26:53.053841
07287,0000,1203,106,2024-12-29 21:26:53.069832
10676,0000,1203,106,2024-12-29 21:26:53.101396
16186,0000,1203,106,2024-12-29 21:26:53.117836
53146,0000,1203,106,2024-12-29 21:26:53.133827
23923,0000,1203,106,2024-12-29 21:26:53.149832
01301,0000,1203,106,2024-12-29 21:26:53.165823
05052,0000,1202,106,2024-12-29 21:26:53.181824
03880,0000,1203,106,2024-12-29 21:26:53.197813
03073,0000,1202,106,2024-12-29 21:26:53.213828
19954,0000,1203,106,2024-12-29 21:26:53.229828
04507,0000,1203,106,2024-12-29 21:26:53.245841
44862,0000,1203,106,2024-12-29 21:26:53.277789
03064,0000,1203,106,2024-12-29 21:26:53.293799
03800,0000,1203,106,2024-12-29 21:26:53.309807
05361,0000,1202,106,2024-12-29 21:26:53.325798
19300,0000,1203,106,2024-12-29 21:26:53.341787
02129,0000,1202,106,2024-12-29 21:26:53.357788
02258,0000,1203,106,2024-12-29 21:26:53.373791
12075,0000,1203,106,2024-12-29 21:26:53.389791
11341,0001,1203,106,2024-12-29 21:26:53.405776
59913,0000,1203,106,2024-12-29 21:26:53.437422
02963,0000,1203,106,2024-12-29 21:26:53.453776
00416,0000,1203,106,2024-12-29 21:26:53.469770
08259,0000,1203,106,2024-12-29 21:26:53.485767
03644,0000,1203,106,2024-12-29 21:26:53.501766
20809,0000,1203,106,2024-12-29 21:26:53.517768
10875,0000,1203,106,2024-12-29 21:26:53.533759
05384,0000,1203,106,2024-12-29 21:26:53.549745
04592,0000,1203,106,2024-12-29 21:26:53.565746
03658,0000,1203,106,2024-12-29 21:26:53.597060
25352,0000,1203,106,2024-12-29 21:26:53.613735
02750,0000,1203,106,2024-12-29 21:26:53.629742
11685,0000,1203,106,2024-12-29 21:26:53.645737
00458,0000,1203,106,2024-12-29 21:26:53.661737
00549,0000,1203,106,2024-12-29 21:26:53.677723
07655,0000,1203,106,2024-12-29 21:26:53.693718
63324,0000,1203,106,2024-12-29 21:26:53.709708
56781,0000,1203,106,2024-12-29 21:26:53.725712
02837,0000,1203,106,2024-12-29 21:26:53.741712
13452,0000,1203,106,2024-12-29 21:26:53.773467
13924,0000,1202,106,2024-12-29 21:26:53.789700
26964,0000,1203,106,2024-12-29 21:26:53.805695
01475,0000,1203,106,2024-12-29 21:26:53.821694
02947,0000,1203,106,2024-12-29 21:26:53.837695
03012,0000,1203,106,2024-12-29 21:26:53.853690
04346,0000,1203,106,2024-12-29 21:26:53.869692
07806,0000,1203,106,2024-12-29 21:26:53.885689
08607,0000,1203,106,2024-12-29 21:26:53.901688
25903,0000,1203,106,2024-12-29 21:26:53.933087
01766,0000,1202,106,2024-12-29 21:26:53.949670
16156,0000,1203,106,2024-12-29 21:26:53.965674
15420,0000,1202,106,2024-12-29 21:26:53.981666
14738,0000,1203,106,2024-12-29 21:26:53.997663
07473,0000,1203,106,2024-12-29 21:26:54.013650
17650,0000,1203,106,2024-12-29 21:26:54.029665
13429,0001,1203,106,2024-12-29 21:26:54.045658
38288,0001,1203,106,2024-12-29 21:26:54.061655
15054,0000,1203,106,2024-12-29 21:26:54.077647
04692,0000,1203,106,2024-12-29 21:26:54.109464
02494,0000,1203,106,2024-12-29 21:26:54.125634
03060,0000,1202,106,2024-12-29 21:26:54.141638
12526,0000,1203,106,2024-12-29 21:26:54.157637
05847,0000,1203,106,2024-12-29 21:26:54.173626
05208,0000,1203,106,2024-12-29 21:26:54.189626
54058,0000,1203,106,2024-12-29 21:26:54.205625
45438,0000,1203,106,2024-12-29 21:26:54.221612
12407,0000,1203,106,2024-12-29 21:26:54.237638
27014,0000,1203,106,2024-12-29 21:26:54.269115
25028,0000,1203,106,2024-12-29 21:26:54.285615
02862,0000,1203,106,2024-12-29 21:26:54.301605
05345,0000,1203,106,2024-12-29 21:26:54.317608
01135,0000,1203,106,2024-12-29 21:26:54.333591
04514,0000,1203,106,2024-12-29 21:26:54.349597
28417,0000,1203,106,2024-12-29 21:26:54.365594
25007,0000,1203,106,2024-12-29 21:26:54.381591
30117,0000,1203,106,2024-12-29 21:26:54.397581
05453,0000,1203,106,2024-12-29 21:26:54.413585
09871,0000,1203,106,2024-12-29 21:26:54.445503
04563,0000,1203,106,2024-12-29 21:26:54.461568
18363,0000,1203,106,2024-12-29 21:26:54.477570
10367,0000,1203,106,2024-12-29 21:26:54.493559
20609,0000,1203,106,2024-12-29 21:26:54.509562
30208,0000,1203,106,2024-12-29 21:26:54.525568
38462,0000,1203,106,2024-12-29 21:26:54.541566
00692,0000,1203,106,2024-12-29 21:26:54.557567
12990,0000,1203,106,2024-12-29 21:26:54.573550
24947,0000,1203,106,2024-12-29 21:26:54.605136
02092,0000,1203,106,2024-12-29 21:26:54.621535
01504,0000,1203,106,2024-12-29 21:26:54.637536
02456,0000,1203,106,2024-12-29 21:26:54.653528
31185,0000,1203,106,2024-12-29 21:26:54.669529
43226,0000,1203,106,2024-12-29 21:26:54.685529
03346,0000,1203,106,2024-12-29 21:26:54.701519
29572,0000,1203,106,2024-12-29 21:26:54.717521
45526,0001,1203,106,2024-12-29 21:26:54.733523
25347,0000,1203,106,2024-12-29 21:26:54.749534
09941,0000,1203,106,2024-12-29 21:26:54.781508
09663,0000,1203,106,2024-12-29 21:26:54.797505
04629,0000,1203,106,2024-12-29 21:26:54.813496
02945,0000,1203,106,2024-12-29 21:26:54.829494
00592,0000,1203,106,2024-12-29 21:26:54.845498
01189,0000,1203,106,2024-12-29 21:26:54.861487
01173,0000,1203,106,2024-12-29 21:26:54.877490
10722,0000,1203,106,2024-12-29 21:26:54.893485
02838,0000,1203,106,2024-12-29 21:26:54.909476
03268,0000,1203,106,2024-12-29 21:26:54.941186
02739,0000,1203,106,2024-12-29 21:26:54.957485
01054,0000,1203,106,2024-12-29 21:26:54.973465
30646,0000,1203,106,2024-12-29 21:26:54.989468
40226,0000,1203,106,2024-12-29 21:26:55.005457
03608,0001,1203,106,2024-12-29 21:26:55.021463
04053,0000,1203,106,2024-12-29 21:26:55.037452
61038,0000,1203,106,2024-12-29 21:26:55.053461
03879,0000,1203,106,2024-12-29 21:26:55.069454
48975,0000,1203,106,2024-12-29 21:26:55.100796
01410,0000,1203,106,2024-12-29 21:26:55.117449
01306,0000,1203,106,2024-12-29 21:26:55.133438
09297,0000,1203,106,2024-12-29 21:26:55.149433
01187,0000,1203,106,2024-12-29 21:26:55.165434
02872,0000,1203,106,2024-12-29 21:26:55.181429
00340,0000,1203,106,2024-12-29 21:26:55.197427
20832,0001,1203,106,2024-12-29 21:26:55.213419
26646,0000,1203,106,2024-12-29 21:26:55.229421
16265,0000,1203,106,2024-12-29 21:26:55.245439
28009,0000,1203,106,2024-12-29 21:26:55.277192
05434,0000,1203,106,2024-12-29 21:26:55.293415
07696,0000,1203,106,2024-12-29 21:26:55.309405
00639,0000,1203,106,2024-12-29 21:26:55.325406
52379,0000,1203,106,2024-12-29 21:26:55.341406
40894,0001,1203,106,2024-12-29 21:26:55.357405
58211,0000,1203,106,2024-12-29 21:26:55.373407
33782,0000,1203,106,2024-12-29 21:26:55.389411
01321,0000,1203,106,2024-12-29 21:26:55.405412
01185,0000,1203,106,2024-12-29 21:26:55.436843
06017,0000,1203,106,2024-12-29 21:26:55.453430
22611,0000,1203,106,2024-12-29 21:26:55.469423
02161,0000,1203,106,2024-12-29 21:26:55.485430
40744,0000,1203,106,2024-12-29 21:26:55.501425
02930,0000,1203,106,2024-12-29 21:26:55.517425
02156,0000,1203,106,2024-12-29 21:26:55.533425
02611,0000,1203,106,2024-12-29 21:26:55.549358
29157,0000,1203,106,2024-12-29 21:26:55.565352
03813,0000,1203,106,2024-12-29 21:26:55.581350
27966,0000,1203,106,2024-12-29 21:26:55.613199
07976,0000,1203,106,2024-12-29 21:26:55.629345
13051,0000,1203,106,2024-12-29 21:26:55.645345
49862,0000,1203,106,2024-12-29 21:26:55.661346
25918,0000,1203,106,2024-12-29 21:26:55.677329
06983,0000,1203,106,2024-12-29 21:26:55.693327
22025,0000,1203,106,2024-12-29 21:26:55.709332
52597,0000,1204,106,2024-12-29 21:26:55.725330
09958,0000,1203,106,2024-12-29 21:26:55.741343
64262,0000,1203,106,2024-12-29 21:26:55.772864
31553,0000,1203,106,2024-12-29 21:26:55.789316
36029,0000,1203,106,2024-12-29 21:26:55.805311
43995,0000,1204,106,2024-12-29 21:26:55.821310
01311,0000,1203,106,2024-12-29 21:26:55.837313
06121,0000,1203,106,2024-12-29 21:26:55.853306
03723,0000,1203,106,2024-12-29 21:26:55.869296
10262,0000,1203,106,2024-12-29 21:26:55.885300
37943,0000,1203,106,2024-12-29 21:26:55.901293
16186,0000,1204,106,2024-12-29 21:26:55.917292
03634,0000,1203,106,2024-12-29 21:26:55.949241
38316,0000,1203,106,2024-12-29 21:26:55.965289
54009,0000,1203,106,2024-12-29 21:26:55.981276
11659,0000,1203,106,2024-12-29 21:26:55.997269
28735,0000,1203,106,2024-12-29 21:26:56.013269
04208,0001,1204,106,2024-12-29 21:26:56.029263
30512,0000,1204,106,2024-12-29 21:26:56.045268
08688,0000,1203,106,2024-12-29 21:26:56.061263
03653,0000,1203,106,2024-12-29 21:26:56.077269
31158,0000,1203,106,2024-12-29 21:26:56.108903
48932,0000,1204,106,2024-12-29 21:26:56.125263
04556,0000,1203,106,2024-12-29 21:26:56.141248
11429,0000,1203,106,2024-12-29 21:26:56.157253
05418,0000,1204,106,2024-12-29 21:26:56.173233
00581,0000,1203,106,2024-12-29 21:26:56.189240
16482,0000,1203,106,2024-12-29 21:26:56.205228
05412,0000,1203,106,2024-12-29 21:26:56.221236
02251,0000,1203,106,2024-12-29 21:26:56.237247
12120,0000,1203,106,2024-12-29 21:26:56.253230
12332,0000,1203,106,2024-12-29 21:26:56.285221
02291,0000,1203,106,2024-12-29 21:26:56.301209
02029,0000,1203,106,2024-12-29 21:26:56.317214
05549,0000,1204,106,2024-12-29 21:26:56.333212
05012,0000,1203,106,2024-12-29 21:26:56.349213
04462,0000,1203,106,2024-12-29 21:26:56.365202
02827,0000,1203,106,2024-12-29 21:26:56.381205
02504,0000,1203,106,2024-12-29 21:26:56.397195
03631,0000,1203,106,2024-12-29 21:26:56.413188
13048,0000,1203,106,2024-12-29 21:26:56.444918
02786,0000,1203,106,2024-12-29 21:26:56.461182
22660,0000,1203,106,2024-12-29 21:26:56.477174
47276,0001,1203,106,2024-12-29 21:26:56.493171
02950,0000,1203,106,2024-12-29 21:26:56.509179
53068,0000,1203,106,2024-12-29 21:26:56.525178
04508,0000,1204,106,2024-12-29 21:26:56.541164
36137,0000,1203,106,2024-12-29 21:26:56.557168
32040,0000,1204,106,2024-12-29 21:26:56.573163
19281,0000,1203,106,2024-12-29 21:26:56.604561
04619,0000,1204,106,2024-12-29 21:26:56.621157
01902,0000,1203,106,2024-12-29 21:26:56.637150
34617,0000,1203,106,2024-12-29 21:26:56.653161
00498,0000,1203,106,2024-12-29 21:26:56.669139
01384,0000,1204,106,2024-12-29 21:26:56.685132
00462,0000,1203,106,2024-12-29 21:26:56.701131
24906,0000,1204,106,2024-12-29 21:26:56.717123
25555,0000,1203,106,2024-12-29 21:26:56.733125
26271,0000,1204,106,2024-12-29 21:26:56.749130
13588,0000,1204,106,2024-12-29 21:26:56.780941
05424,0000,1204,106,2024-12-29 21:26:56.797115
02484,0000,1203,106,2024-12-29 21:26:56.813104
00439,0000,1203,106,2024-12-29 21:26:56.829107
04509,0000,1203,106,2024-12-29 21:26:56.845106
04357,0000,1204,106,2024-12-29 21:26:56.861094
05256,0000,1203,106,2024-12-29 21:26:56.877104
27728,0000,1204,106,2024-12-29 21:26:56.893109
00256,0000,1203,106,2024-12-29 21:26:56.909107
02198,0000,1204,106,2024-12-29 21:26:56.940563
56659,0000,1204,106,2024-12-29 21:26:56.957073
07816,0000,1203,106,2024-12-29 21:26:56.973084
12515,0000,1203,106,2024-12-29 21:26:56.989071
01567,0000,1204,106,2024-12-29 21:26:57.005077
13893,0000,1203,106,2024-12-29 21:26:57.021070
23243,0000,1204,106,2024-12-29 21:26:57.037075
03125,0000,1203,106,2024-12-29 21:26:57.053063
03848,0000,1204,106,2024-12-29 21:26:57.069058
11121,0000,1203,106,2024-12-29 21:26:57.085054
02871,0000,1204,106,2024-12-29 21:26:57.116960
23623,0000,1203,106,2024-12-29 21:26:57.133044
05450,0000,1203,106,2024-12-29 21:26:57.149048
10564,0000,1203,106,2024-12-29 21:26:57.165038
67805,0000,1204,106,2024-12-29 21:26:57.181042
26222,0000,1203,106,2024-12-29 21:26:57.197030
02214,0000,1203,106,2024-12-29 21:26:57.213038
01056,0000,1204,106,2024-12-29 21:26:57.229033
18894,0000,1204,106,2024-12-29 21:26:57.245051
01276,0000,1204,106,2024-12-29 21:26:57.276607
00107,0000,1204,106,2024-12-29 21:26:57.293038
16737,0000,1204,106,2024-12-29 21:26:57.309018
05278,0000,1204,106,2024-12-29 21:26:57.325017
50863,0000,1203,106,2024-12-29 21:26:57.341008
01236,0000,1204,106,2024-12-29 21:26:57.357016
04692,0000,1204,106,2024-12-29 21:26:57.373004
01523,0000,1203,106,2024-12-29 21:26:57.389002
44806,0000,1204,106,2024-12-29 21:26:57.405001
39965,0000,1203,106,2024-12-29 21:26:57.420998
53335,0000,1203,106,2024-12-29 21:26:57.452995
04628,0000,1204,106,2024-12-29 21:26:57.468983
22218,0000,1204,106,2024-12-29 21:26:57.484985
13031,0000,1204,106,2024-12-29 21:26:57.500972
54009,0000,1204,106,2024-12-29 21:26:57.516973
01858,0000,1204,106,2024-12-29 21:26:57.532961
14767,0000,1203,106,2024-12-29 21:26:57.548964
01014,0000,1203,106,2024-12-29 21:26:57.564958
28525,0000,1204,106,2024-12-29 21:26:57.580950
20142,0000,1204,106,2024-12-29 21:26:57.612623
24161,0000,1204,106,2024-12-29 21:26:57.628953
03732,0000,1204,106,2024-12-29 21:26:57.644942
02154,0000,1204,106,2024-12-29 21:26:57.660942
53231,0000,1204,106,2024-12-29 21:26:57.676942
03652,0000,1204,106,2024-12-29 21:26:57.692945
01438,0001,1204,106,2024-12-29 21:26:57.708933
45614,0000,1204,106,2024-12-29 21:26:57.724928
02009,0000,1204,106,2024-12-29 21:26:57.740934
42989,0000,1204,106,2024-12-29 21:26:57.772276
24700,0000,1203,106,2024-12-29 21:26:57.788919
48155,0000,1204,106,2024-12-29 21:26:57.804913
37181,0001,1204,106,2024-12-29 21:26:57.820923
34756,0000,1204,106,2024-12-29 21:26:57.836916
19332,0000,1204,106,2024-12-29 21:26:57.852903
12133,0000,1204,106,2024-12-29 21:26:57.868906
60287,0000,1204,106,2024-12-29 21:26:57.884967
03770,0001,1204,106,2024-12-29 21:26:57.900907
62791,0000,1203,106,2024-12-29 21:26:57.916893
02211,0000,1204,106,2024-12-29 21:26:57.948656
21487,0000,1204,106,2024-12-29 21:26:57.964888
23953,0000,1203,106,2024-12-29 21:26:57.980875
03452,0000,1204,106,2024-12-29 21:26:57.996882
01709,0000,1204,106,2024-12-29 21:26:58.012869
18619,0000,1204,106,2024-12-29 21:26:58.028874
17034,0000,1204,106,2024-12-29 21:26:58.044868
10016,0000,1204,106,2024-12-29 21:26:58.060876
34808,0000,1204,106,2024-12-29 21:26:58.076877
03069,0000,1204,106,2024-12-29 21:26:58.108279
07740,0000,1204,106,2024-12-29 21:26:58.124848
04509,0000,1204,106,2024-12-29 21:26:58.140852
01199,0000,1204,106,2024-12-29 21:26:58.156840
02500,0000,1204,106,2024-12-29 21:26:58.172847
34676,0000,1204,106,2024-12-29 21:26:58.188851
02194,0000,1204,106,2024-12-29 21:26:58.204844
35541,0000,1204,106,2024-12-29 21:26:58.220831
01250,0000,1204,106,2024-12-29 21:26:58.237062
07802,0000,1204,106,2024-12-29 21:26:58.252841
61888,0000,1204,106,2024-12-29 21:26:58.284683
05255,0000,1204,106,2024-12-29 21:26:58.300828
00647,0000,1204,106,2024-12-29 21:26:58.316816
00726,0000,1204,106,2024-12-29 21:26:58.332825
29451,0000,1204,106,2024-12-29 21:26:58.348809
04490,0000,1204,106,2024-12-29 21:26:58.364809
17746,0001,1204,106,2024-12-29 21:26:58.380802
12466,0000,1204,106,2024-12-29 21:26:58.396811
23719,0001,1204,106,2024-12-29 21:26:58.412797
00735,0000,1204,106,2024-12-29 21:26:58.444322
38596,0000,1204,106,2024-12-29 21:26:58.460795
03447,0000,1204,106,2024-12-29 21:26:58.476789
05365,0000,1204,106,2024-12-29 21:26:58.492792
14635,0000,1203,106,2024-12-29 21:26:58.508796
29626,0000,1204,106,2024-12-29 21:26:58.524792
40153,0000,1204,106,2024-12-29 21:26:58.540801
01196,0000,1204,106,2024-12-29 21:26:58.556802
28880,0000,1204,106,2024-12-29 21:26:58.572803
02733,0000,1204,106,2024-12-29 21:26:58.588801
00590,0000,1204,106,2024-12-29 21:26:58.620733
02240,0001,1204,106,2024-12-29 21:26:58.636811
04429,0000,1204,106,2024-12-29 21:26:58.652820
16454,0000,1204,106,2024-12-29 21:26:58.668745
44674,0000,1204,106,2024-12-29 21:26:58.684744
06297,0000,1204,106,2024-12-29 21:26:58.700734
01414,0000,1204,106,2024-12-29 21:26:58.716739
43067,0000,1204,106,2024-12-29 21:26:58.732732
00311,0000,1204,106,2024-12-29 21:26:58.748751
04333,0000,1204,106,2024-12-29 21:26:58.780361
05518,0000,1204,106,2024-12-29 21:26:58.796722
20122,0000,1204,106,2024-12-29 21:26:58.812708
18096,0000,1204,106,2024-12-29 21:26:58.828712
09245,0000,1204,106,2024-12-29 21:26:58.844715
29420,0000,1204,106,2024-12-29 21:26:58.860715
03615,0000,1204,106,2024-12-29 21:26:58.876704
23284,0000,1204,106,2024-12-29 21:26:58.892702
04464,0000,1204,106,2024-12-29 21:26:58.908702
11701,0000,1204,106,2024-12-29 21:26:58.924696
21878,0000,1204,106,2024-12-29 21:26:58.956694
05152,0000,1204,106,2024-12-29 21:26:58.972683
03811,0000,1204,106,2024-12-29 21:26:58.988676
01773,0000,1204,106,2024-12-29 21:26:59.004678
66908,0000,1204,106,2024-12-29 21:26:59.020666
15248,0000,1204,106,2024-12-29 21:26:59.036672
02003,0000,1204,106,2024-12-29 21:26:59.052665
03813,0000,1204,106,2024-12-29 21:26:59.068673
19155,0000,1204,106,2024-12-29 21:26:59.084665
15988,0000,1204,106,2024-12-29 21:26:59.116391
12943,0000,1204,106,2024-12-29 21:26:59.132656
19209,0000,1204,106,2024-12-29 21:26:59.148650
00230,0000,1204,106,2024-12-29 21:26:59.164652
09079,0000,1204,106,2024-12-29 21:26:59.180640
49816,0000,1204,106,2024-12-29 21:26:59.196646
02841,0000,1204,106,2024-12-29 21:26:59.212637
27840,0000,1204,106,2024-12-29 21:26:59.228653
20987,0000,1204,106,2024-12-29 21:26:59.244682
00555,0000,1204,106,2024-12-29 21:26:59.276035
00545,0000,1204,106,2024-12-29 21:26:59.292620
49039,0000,1204,106,2024-12-29 21:26:59.308625
01975,0000,1204,106,2024-12-29 21:26:59.324610
24829,0000,1204,106,2024-12-29 21:26:59.340613
18656,0000,1204,106,2024-12-29 21:26:59.356625
02986,0000,1204,106,2024-12-29 21:26:59.372621
03007,0000,1204,106,2024-12-29 21:26:59.388598
29961,0000,1204,106,2024-12-29 21:26:59.404610
08638,0000,1204,106,2024-12-29 21:26:59.420600
02152,0000,1204,106,2024-12-29 21:26:59.452412
20971,0000,1204,106,2024-12-29 21:26:59.468592
01554,0000,1204,106,2024-12-29 21:26:59.484587
17022,0000,1204,106,2024-12-29 21:26:59.500583
55078,0000,1204,106,2024-12-29 21:26:59.516583
15009,0000,1204,106,2024-12-29 21:26:59.532575
36181,0000,1204,106,2024-12-29 21:26:59.548572
00373,0000,1204,106,2024-12-29 21:26:59.564568
03041,0000,1204,106,2024-12-29 21:26:59.580568
41714,0000,1204,106,2024-12-29 21:26:59.612054
08275,0000,1204,106,2024-12-29 21:26:59.628563
04949,0000,1204,106,2024-12-29 21:26:59.644569
54140,0000,1204,106,2024-12-29 21:26:59.660554
30606,0001,1204,106,2024-12-29 21:26:59.676552
22347,0000,1204,106,2024-12-29 21:26:59.692544
16010,0000,1204,106,2024-12-29 21:26:59.708535
05550,0000,1204,106,2024-12-29 21:26:59.724533
42956,0000,1204,106,2024-12-29 21:26:59.740544
24819,0000,1204,106,2024-12-29 21:26:59.756532
02324,0000,1204,106,2024-12-29 21:26:59.788457
09782,0000,1204,106,2024-12-29 21:26:59.804519
01467,0000,1204,106,2024-12-29 21:26:59.820517
14745,0000,1204,106,2024-12-29 21:26:59.836516
05271,0000,1204,106,2024-12-29 21:26:59.852515
09970,0000,1204,106,2024-12-29 21:26:59.868512
01114,0000,1204,106,2024-12-29 21:26:59.884510
45730,0000,1204,106,2024-12-29 21:26:59.900498
04594,0000,1204,106,2024-12-29 21:26:59.916504
24182,0000,1205,106,2024-12-29 21:26:59.948091
46300,0000,1204,106,2024-12-29 21:26:59.964490
04155,0000,1204,106,2024-12-29 21:26:59.980495
02640,0000,1204,106,2024-12-29 21:26:59.996491
01407,0000,1204,106,2024-12-29 21:27:00.012491
15494,0000,1204,106,2024-12-29 21:27:00.028487
00580,0001,1204,106,2024-12-29 21:27:00.044490
03674,0000,1204,106,2024-12-29 21:27:00.060480
01796,0000,1204,106,2024-12-29 21:27:00.076466
32154,0000,1204,106,2024-12-29 21:27:00.092472
13816,0000,1205,106,2024-12-29 21:27:00.124459
23132,0000,1204,106,2024-12-29 21:27:00.140458
03874,0001,1205,106,2024-12-29 21:27:00.156462
42417,0000,1204,106,2024-12-29 21:27:00.172448
28672,0001,1204,106,2024-12-29 21:27:00.188449
00596,0000,1204,106,2024-12-29 21:27:00.204442
06554,0000,1204,106,2024-12-29 21:27:00.220445
09737,0000,1204,106,2024-12-29 21:27:00.236437
04615,0000,1204,106,2024-12-29 21:27:00.252536
31556,0000,1204,106,2024-12-29 21:27:00.284096
40612,0000,1204,106,2024-12-29 21:27:00.300440
15566,0000,1204,106,2024-12-29 21:27:00.316419
12841,0000,1204,106,2024-12-29 21:27:00.332418
13977,0000,1204,106,2024-12-29 21:27:00.348411
00652,0000,1204,106,2024-12-29 21:27:00.364417
25618,0000,1204,106,2024-12-29 21:27:00.380415
01310,0000,1204,106,2024-12-29 21:27:00.396411
03123,0000,1204,106,2024-12-29 21:27:00.412415
02516,0000,1204,106,2024-12-29 21:27:00.443751
02769,0000,1205,106,2024-12-29 21:27:00.460399
02536,0000,1204,106,2024-12-29 21:27:00.476387
01529,0000,1204,106,2024-12-29 21:27:00.492381
32056,0000,1204,106,2024-12-29 21:27:00.508384
00552,0000,1205,106,2024-12-29 21:27:00.524377
03248,0000,1205,106,2024-12-29 21:27:00.540381
49694,0000,1204,106,2024-12-29 21:27:00.556370
03464,0000,1204,106,2024-12-29 21:27:00.572375
02611,0000,1204,106,2024-12-29 21:27:00.588365
04383,0000,1204,106,2024-12-29 21:27:00.620130
24655,0000,1204,106,2024-12-29 21:27:00.636368
07554,0000,1204,106,2024-12-29 21:27:00.652360
37900,0000,1204,106,2024-12-29 21:27:00.668364
01931,0000,1204,106,2024-12-29 21:27:00.684346
03177,0000,1204,106,2024-12-29 21:27:00.700353
01449,0000,1205,106,2024-12-29 21:27:00.716340
13282,0000,1204,106,2024-12-29 21:27:00.732343
67704,0000,1204,106,2024-12-29 21:27:00.748342
14264,0000,1205,106,2024-12-29 21:27:00.779775
45704,0000,1204,106,2024-12-29 21:27:00.796335
09876,0000,1204,106,2024-12-29 21:27:00.812336
11503,0000,1204,106,2024-12-29 21:27:00.828323
04507,0000,1204,106,2024-12-29 21:27:00.844323
15879,0000,1205,106,2024-12-29 21:27:00.860314
28519,0000,1205,106,2024-12-29 21:27:00.876318
16921,0000,1205,106,2024-12-29 21:27:00.892312
17895,0000,1204,106,2024-12-29 21:27:00.908311
36136,0001,1205,106,2024-12-29 21:27:00.924311
02694,0000,1204,106,2024-12-29 21:27:00.956154
37741,0000,1204,106,2024-12-29 21:27:00.972294
32138,0000,1205,106,2024-12-29 21:27:00.988288
01395,0000,1204,106,2024-12-29 21:27:01.004290
05287,0000,1204,106,2024-12-29 21:27:01.020278
25294,0001,1204,106,2024-12-29 21:27:01.036277
49034,0000,1204,106,2024-12-29 21:27:01.052273
03028,0000,1205,106,2024-12-29 21:27:01.068267
02090,0000,1204,106,2024-12-29 21:27:01.084272
30675,0000,1205,106,2024-12-29 21:27:01.115811
04756,0000,1205,106,2024-12-29 21:27:01.132260
02279,0001,1205,106,2024-12-29 21:27:01.148254
00985,0000,1204,106,2024-12-29 21:27:01.164254
03609,0000,1204,106,2024-12-29 21:27:01.180255
04677,0000,1205,106,2024-12-29 21:27:01.196252
03898,0000,1204,106,2024-12-29 21:27:01.212255
25112,0000,1204,106,2024-12-29 21:27:01.228235
49983,0000,1204,106,2024-12-29 21:27:01.244267
24667,0000,1204,106,2024-12-29 21:27:01.260235
09015,0000,1204,106,2024-12-29 21:27:01.292170
51373,0000,1204,106,2024-12-29 21:27:01.308241
16329,0000,1204,106,2024-12-29 21:27:01.324231
07028,0000,1204,106,2024-12-29 21:27:01.340233
25809,0000,1205,106,2024-12-29 21:27:01.356216
02238,0000,1204,106,2024-12-29 21:27:01.372221
03578,0000,1205,106,2024-12-29 21:27:01.388209
04287,0000,1204,106,2024-12-29 21:27:01.404213
22024,0000,1204,106,2024-12-29 21:27:01.420205
30287,0000,1204,106,2024-12-29 21:27:01.451832
17721,0000,1205,106,2024-12-29 21:27:01.468193
36229,0000,1205,106,2024-12-29 21:27:01.484195
03360,0000,1204,106,2024-12-29 21:27:01.500198
01125,0000,1205,106,2024-12-29 21:27:01.516186
06009,0000,1205,106,2024-12-29 21:27:01.532185
04832,0000,1205,106,2024-12-29 21:27:01.548186
15213,0000,1205,106,2024-12-29 21:27:01.564181
23549,0001,1205,106,2024-12-29 21:27:01.580183
00765,0000,1205,106,2024-12-29 21:27:01.596182
12433,0000,1205,106,2024-12-29 21:27:01.628182
01889,0000,1204,106,2024-12-29 21:27:01.644194
02863,0000,1205,106,2024-12-29 21:27:01.660187
00648,0000,1205,106,2024-12-29 21:27:01.676193
02575,0000,1205,106,2024-12-29 21:27:01.692194
20829,0000,1205,106,2024-12-29 21:27:01.708193
28912,0001,1204,106,2024-12-29 21:27:01.724197
08936,0000,1204,106,2024-12-29 21:27:01.740215
05496,0000,1205,106,2024-12-29 21:27:01.756201
09708,0000,1205,106,2024-12-29 21:27:01.787912
23677,0000,1205,106,2024-12-29 21:27:01.804133
31590,0000,1205,106,2024-12-29 21:27:01.820123
22536,0000,1205,106,2024-12-29 21:27:01.836129
02095,0000,1205,106,2024-12-29 21:27:01.852123
01230,0000,1205,106,2024-12-29 21:27:01.868123
02285,0000,1204,106,2024-12-29 21:27:01.884116
01537,0000,1205,106,2024-12-29 21:27:01.900120
35558,0000,1205,106,2024-12-29 21:27:01.916114
23342,0000,1205,106,2024-12-29 21:27:01.947490
03019,0000,1205,106,2024-12-29 21:27:01.964100
01393,0000,1205,106,2024-12-29 21:27:01.980104
08312,0000,1205,106,2024-12-29 21:27:01.996089
00197,0000,1205,106,2024-12-29 21:27:02.012088
42498,0000,1205,106,2024-12-29 21:27:02.028083
30593,0000,1205,106,2024-12-29 21:27:02.044088
03728,0000,1205,106,2024-12-29 21:27:02.060071
19806,0000,1204,106,2024-12-29 21:27:02.076079
03730,0000,1205,106,2024-12-29 21:27:02.092077
02878,0000,1205,106,2024-12-29 21:27:02.123849
51603,0000,1205,106,2024-12-29 21:27:02.140071
00413,0000,1205,106,2024-12-29 21:27:02.156057
00591,0000,1205,106,2024-12-29 21:27:02.172061
01490,0000,1205,106,2024-12-29 21:27:02.188048
47410,0000,1205,106,2024-12-29 21:27:02.204051
13684,0000,1205,106,2024-12-29 21:27:02.220047
00983,0000,1205,106,2024-12-29 21:27:02.236057
03657,0000,1205,106,2024-12-29 21:27:02.252058
38535,0000,1205,106,2024-12-29 21:27:02.283497
03738,0000,1205,106,2024-12-29 21:27:02.300045
16811,0000,1205,106,2024-12-29 21:27:02.316036
16361,0000,1205,106,2024-12-29 21:27:02.332044
02689,0000,1205,106,2024-12-29 21:27:02.348033
55050,0000,1205,106,2024-12-29 21:27:02.364033
19238,0000,1205,106,2024-12-29 21:27:02.380039
03435,0000,1205,106,2024-12-29 21:27:02.396015
39302,0000,1205,106,2024-12-29 21:27:02.412021
02757,0000,1205,106,2024-12-29 21:27:02.428015
05720,0000,1205,106,2024-12-29 21:27:02.459895
02348,0000,1205,106,2024-12-29 21:27:02.476001
16780,0000,1205,106,2024-12-29 21:27:02.492006
05017,0000,1205,106,2024-12-29 21:27:02.508003
00315,0000,1205,106,2024-12-29 21:27:02.523990
03108,0000,1205,106,2024-12-29 21:27:02.539993
02214,0001,1205,106,2024-12-29 21:27:02.555988
05205,0000,1205,106,2024-12-29 21:27:02.571991
04429,0000,1205,106,2024-12-29 21:27:02.587981
22982,0000,1205,106,2024-12-29 21:27:02.619552
03125,0000,1205,106,2024-12-29 21:27:02.635973
10660,0001,1205,106,2024-12-29 21:27:02.651982
14984,0000,1205,106,2024-12-29 21:27:02.667962
14685,0000,1205,106,2024-12-29 21:27:02.683965
03489,0000,1205,106,2024-12-29 21:27:02.699955
12393,0000,1205,106,2024-12-29 21:27:02.715955
03805,0000,1205,106,2024-12-29 21:27:02.731943
01474,0000,1205,106,2024-12-29 21:27:02.747963
05702,0000,1205,106,2024-12-29 21:27:02.763952
03708,0000,1205,106,2024-12-29 21:27:02.795915
02852,0000,1205,106,2024-12-29 21:27:02.811936
06738,0001,1205,106,2024-12-29 21:27:02.827929
11051,0000,1205,106,2024-12-29 21:27:02.843931
03037,0000,1205,106,2024-12-29 21:27:02.859922
03119,0000,1205,106,2024-12-29 21:27:02.875928
27414,0000,1205,106,2024-12-29 21:27:02.891925
01484,0000,1205,106,2024-12-29 21:27:02.907915
23375,0000,1205,106,2024-12-29 21:27:02.923918
17750,0000,1205,106,2024-12-29 21:27:02.955575
42395,0000,1205,106,2024-12-29 21:27:02.971899
48106,0000,1205,106,2024-12-29 21:27:02.987908
04149,0000,1205,106,2024-12-29 21:27:03.003893
06771,0000,1205,106,2024-12-29 21:27:03.019904
49913,0000,1205,106,2024-12-29 21:27:03.035890
56685,0000,1205,106,2024-12-29 21:27:03.051894
15319,0000,1205,106,2024-12-29 21:27:03.067886
01374,0000,1205,106,2024-12-29 21:27:03.083890
45651,0001,1205,106,2024-12-29 21:27:03.115217
28336,0000,1205,106,2024-12-29 21:27:03.131871
39931,0000,1205,106,2024-12-29 21:27:03.147873
19652,0000,1205,106,2024-12-29 21:27:03.163874
16940,0000,1205,106,2024-12-29 21:27:03.179859
30722,0000,1205,106,2024-12-29 21:27:03.195860
45625,0000,1205,106,2024-12-29 21:27:03.211850
37137,0000,1205,106,2024-12-29 21:27:03.227856
10355,0000,1205,106,2024-12-29 21:27:03.243866
10619,0000,1205,106,2024-12-29 21:27:03.259849
40163,0000,1205,106,2024-12-29 21:27:03.291599
05110,0000,1205,106,2024-12-29 21:27:03.307838
01962,0000,1205,106,2024-12-29 21:27:03.323851
44105,0000,1205,106,2024-12-29 21:27:03.339845
08994,0000,1205,106,2024-12-29 21:27:03.355823
22984,0000,1205,106,2024-12-29 21:27:03.371824
22941,0000,1205,106,2024-12-29 21:27:03.387818
07016,0000,1205,106,2024-12-29 21:27:03.403821
01022,0000,1205,106,2024-12-29 21:27:03.419809
01550,0000,1205,106,2024-12-29 21:27:03.451232
01145,0000,1205,106,2024-12-29 21:27:03.467817
16144,0000,1205,106,2024-12-29 21:27:03.483797
01315,0000,1205,106,2024-12-29 21:27:03.499802
58215,0000,1205,106,2024-12-29 21:27:03.515794
02284,0000,1205,106,2024-12-29 21:27:03.531792
31792,0000,1205,106,2024-12-29 21:27:03.547794
00306,0000,1205,106,2024-12-29 21:27:03.563780
22458,0000,1205,106,2024-12-29 21:27:03.579783
02637,0000,1205,106,2024-12-29 21:27:03.595781
05110,0000,1205,106,2024-12-29 21:27:03.627609
04198,0000,1205,106,2024-12-29 21:27:03.643766
47328,0000,1205,106,2024-12-29 21:27:03.659772
20820,0000,1205,106,2024-12-29 21:27:03.675769
03011,0000,1205,106,2024-12-29 21:27:03.691754
10186,0000,1205,106,2024-12-29 21:27:03.707760
01301,0000,1205,106,2024-12-29 21:27:03.723750
55131,0000,1205,106,2024-12-29 21:27:03.739769
18226,0000,1205,106,2024-12-29 21:27:03.755750
04678,0000,1205,106,2024-12-29 21:27:03.787254
01207,0000,1205,106,2024-12-29 21:27:03.803743
03720,0000,1205,106,2024-12-29 21:27:03.819739
05414,0000,1205,106,2024-12-29 21:27:03.835739
12892,0000,1205,106,2024-12-29 21:27:03.851735
35487,0000,1205,106,2024-12-29 21:27:03.867726
04987,0001,1205,106,2024-12-29 21:27:03.883726
17503,0000,1205,106,2024-12-29 21:27:03.899719
03867,0000,1205,106,2024-12-29 21:27:03.915721
20345,0000,1205,106,2024-12-29 21:27:03.931727
03079,0000,1206,106,2024-12-29 21:27:03.963637
05103,0000,1205,106,2024-12-29 21:27:03.979716
05338,0000,1205,106,2024-12-29 21:27:03.995702
34547,0000,1205,106,2024-12-29 21:27:04.011707
04694,0000,1205,106,2024-12-29 21:27:04.027700
20335,0000,1205,106,2024-12-29 21:27:04.043697
02008,0000,1205,106,2024-12-29 21:27:04.059697
25469,0000,1205,106,2024-12-29 21:27:04.075687
37712,0000,1205,106,2024-12-29 21:27:04.091687
01255,0000,1205,106,2024-12-29 21:27:04.123270
00614,0000,1205,106,2024-12-29 21:27:04.139668
16280,0000,1205,106,2024-12-29 21:27:04.155669
26519,0000,1205,106,2024-12-29 21:27:04.171666
01357,0000,1205,106,2024-12-29 21:27:04.187666
01818,0000,1205,106,2024-12-29 21:27:04.203658
15582,0000,1205,106,2024-12-29 21:27:04.219663
00607,0000,1205,106,2024-12-29 21:27:04.235653
15591,0000,1205,106,2024-12-29 21:27:04.251673
62801,0000,1205,106,2024-12-29 21:27:04.267650
50602,0000,1205,106,2024-12-29 21:27:04.299649
53321,0001,1206,106,2024-12-29 21:27:04.315640
36822,0000,1205,106,2024-12-29 21:27:04.331640
04216,0000,1205,106,2024-12-29 21:27:04.347647
28021,0000,1205,106,2024-12-29 21:27:04.363625
03179,0000,1205,106,2024-12-29 21:27:04.379630
41677,0000,1205,106,2024-12-29 21:27:04.395621
32444,0000,1205,106,2024-12-29 21:27:04.411621
43979,0000,1205,106,2024-12-29 21:27:04.427617
41718,0000,1205,106,2024-12-29 21:27:04.459312
33862,0000,1205,106,2024-12-29 21:27:04.475607
08413,0000,1205,106,2024-12-29 21:27:04.491614
02323,0000,1205,106,2024-12-29 21:27:04.507607
41523,0000,1205,106,2024-12-29 21:27:04.523603
18843,0000,1205,106,2024-12-29 21:27:04.539602
11369,0000,1205,106,2024-12-29 21:27:04.555600
50858,0000,1205,106,2024-12-29 21:27:04.571587
03682,0000,1205,106,2024-12-29 21:27:04.587589
02791,0000,1205,106,2024-12-29 21:27:04.618955
09486,0000,1205,106,2024-12-29 21:27:04.635582
02239,0000,1205,106,2024-12-29 21:27:04.651576
18613,0000,1206,106,2024-12-29 21:27:04.667569
23853,0000,1205,106,2024-12-29 21:27:04.683568
01380,0000,1205,106,2024-12-29 21:27:04.699567
13892,0000,1205,106,2024-12-29 21:27:04.715566
33773,0000,1205,106,2024-12-29 21:27:04.731561
03508,0000,1205,106,2024-12-29 21:27:04.747581
00838,0000,1205,106,2024-12-29 21:27:04.763570
31986,0000,1206,106,2024-12-29 21:27:04.795366
25866,0000,1205,106,2024-12-29 21:27:04.811584
40224,0000,1205,106,2024-12-29 21:27:04.827574
00496,0000,1205,106,2024-12-29 21:27:04.843575
50681,0000,1205,106,2024-12-29 21:27:04.859604
29333,0001,1206,106,2024-12-29 21:27:04.875598
03074,0000,1206,106,2024-12-29 21:27:04.891600
00410,0000,1205,106,2024-12-29 21:27:04.907591
03278,0000,1206,106,2024-12-29 21:27:04.923516
00153,0000,1205,106,2024-12-29 21:27:04.954970
18703,0000,1206,106,2024-12-29 21:27:04.971514
43198,0000,1205,106,2024-12-29 21:27:04.987512
24156,0000,1205,106,2024-12-29 21:27:05.003509
11757,0000,1206,106,2024-12-29 21:27:05.019502
01539,0000,1205,106,2024-12-29 21:27:05.035505
01241,0000,1205,106,2024-12-29 21:27:05.051497
03855,0000,1205,106,2024-12-29 21:27:05.067495
02885,0001,1206,106,2024-12-29 21:27:05.083492
02139,0000,1205,106,2024-12-29 21:27:05.099495
04986,0000,1205,106,2024-12-29 21:27:05.131365
14905,0000,1205,106,2024-12-29 21:27:05.147483
03339,0000,1206,106,2024-12-29 21:27:05.163463
23006,0000,1206,106,2024-12-29 21:27:05.179473
05279,0000,1205,106,2024-12-29 21:27:05.195462
03054,0000,1205,106,2024-12-29 21:27:05.211467
45653,0000,1206,106,2024-12-29 21:27:05.227464
49976,0000,1205,106,2024-12-29 21:27:05.243482
13531,0000,1205,106,2024-12-29 21:27:05.259476
33937,0000,1205,106,2024-12-29 21:27:05.291019
27068,0000,1206,106,2024-12-29 21:27:05.307452
02909,0000,1205,106,2024-12-29 21:27:05.323441
27419,0000,1205,106,2024-12-29 21:27:05.339431
18043,0000,1205,106,2024-12-29 21:27:05.355434
06042,0000,1205,106,2024-12-29 21:27:05.371427
07245,0000,1206,106,2024-12-29 21:27:05.387430
01370,0000,1206,106,2024-12-29 21:27:05.403428
02000,0000,1205,106,2024-12-29 21:27:05.419424
09406,0000,1205,106,2024-12-29 21:27:05.435411
07806,0000,1205,106,2024-12-29 21:27:05.467391
00670,0000,1206,106,2024-12-29 21:27:05.483414
23155,0001,1206,106,2024-12-29 21:27:05.499414
02022,0000,1206,106,2024-12-29 21:27:05.515404
09572,0000,1206,106,2024-12-29 21:27:05.531396
54055,0000,1205,106,2024-12-29 21:27:05.547390
48879,0000,1206,106,2024-12-29 21:27:05.563405
12972,0000,1206,106,2024-12-29 21:27:05.579385
26417,0000,1205,106,2024-12-29 21:27:05.595394
09537,0000,1205,106,2024-12-29 21:27:05.627036
01900,0000,1205,106,2024-12-29 21:27:05.643376
01287,0000,1206,106,2024-12-29 21:27:05.659386
04006,0000,1206,106,2024-12-29 21:27:05.675370
44797,0000,1205,106,2024-12-29 21:27:05.691370
03657,0000,1206,106,2024-12-29 21:27:05.707364
61083,0000,1206,106,2024-12-29 21:27:05.723367
00259,0000,1206,106,2024-12-29 21:27:05.739368
19962,0000,1205,106,2024-12-29 21:27:05.755356
02958,0000,1206,106,2024-12-29 21:27:05.786675
04708,0000,1206,106,2024-12-29 21:27:05.803343
17086,0000,1206,106,2024-12-29 21:27:05.819338
14567,0000,1206,106,2024-12-29 21:27:05.835342
04042,0000,1205,106,2024-12-29 21:27:05.851332
36973,0000,1206,106,2024-12-29 21:27:05.867334
01261,0000,1206,106,2024-12-29 21:27:05.883335
18888,0000,1205,106,2024-12-29 21:27:05.899334
03927,0000,1206,106,2024-12-29 21:27:05.915323
40237,0000,1206,106,2024-12-29 21:27:05.931324
