DIST,AMP,TEMP,VOLT,Timestamp
00004,0326,1189,106,2024-12-29 21:11:45.995283
15658,0330,1189,106,2024-12-29 21:11:46.007560
51595,0000,1189,106,2024-12-29 21:11:46.023477
43174,0000,1189,106,2024-12-29 21:11:46.039430
11392,0000,1189,106,2024-12-29 21:11:46.055385
00628,0000,1190,106,2024-12-29 21:11:46.086945
10714,0000,1190,106,2024-12-29 21:11:46.103648
33825,0000,1189,106,2024-12-29 21:11:46.119381
52341,0000,1190,106,2024-12-29 21:11:46.135353
21082,0000,1189,106,2024-12-29 21:11:46.151349
12268,0000,1190,106,2024-12-29 21:11:46.167352
04215,0000,1189,106,2024-12-29 21:11:46.183335
05250,0000,1189,106,2024-12-29 21:11:46.199336
49832,0000,1189,106,2024-12-29 21:11:46.215328
00292,0000,1189,106,2024-12-29 21:11:46.231329
04356,0000,1190,106,2024-12-29 21:11:46.263189
21118,0000,1189,106,2024-12-29 21:11:46.279331
30000,0001,1189,106,2024-12-29 21:11:46.295328
36247,0000,1189,106,2024-12-29 21:11:46.311316
01414,0000,1190,106,2024-12-29 21:11:46.327315
07285,0000,1190,106,2024-12-29 21:11:46.343307
05392,0000,1189,106,2024-12-29 21:11:46.359304
02234,0000,1189,106,2024-12-29 21:11:46.375297
05028,0000,1189,106,2024-12-29 21:11:46.391298
04273,0000,1190,106,2024-12-29 21:11:46.422828
59259,0000,1189,106,2024-12-29 21:11:46.439284
44931,0000,1189,106,2024-12-29 21:11:46.455295
21378,0000,1189,106,2024-12-29 21:11:46.471290
06809,0000,1189,106,2024-12-29 21:11:46.487278
05069,0000,1189,106,2024-12-29 21:11:46.503312
04481,0000,1189,106,2024-12-29 21:11:46.519272
23823,0000,1190,106,2024-12-29 21:11:46.535271
35336,0000,1190,106,2024-12-29 21:11:46.551277
38410,0000,1190,106,2024-12-29 21:11:46.567277
27365,0000,1189,106,2024-12-29 21:11:46.599209
10039,0000,1189,106,2024-12-29 21:11:46.615251
02720,0000,1190,106,2024-12-29 21:11:46.631251
05217,0000,1189,106,2024-12-29 21:11:46.647245
02105,0000,1189,106,2024-12-29 21:11:46.663246
05262,0000,1189,106,2024-12-29 21:11:46.679248
37815,0001,1189,106,2024-12-29 21:11:46.695245
54127,0000,1189,106,2024-12-29 21:11:46.711237
30421,0000,1189,106,2024-12-29 21:11:46.727247
05494,0000,1190,106,2024-12-29 21:11:46.758848
16702,0000,1189,106,2024-12-29 21:11:46.775226
00668,0000,1189,106,2024-12-29 21:11:46.791225
22823,0000,1189,106,2024-12-29 21:11:46.807218
42514,0001,1189,106,2024-12-29 21:11:46.823211
33130,0000,1189,106,2024-12-29 21:11:46.839210
04381,0000,1189,106,2024-12-29 21:11:46.855204
28111,0000,1190,106,2024-12-29 21:11:46.871202
06858,0000,1189,106,2024-12-29 21:11:46.887200
33031,0000,1189,106,2024-12-29 21:11:46.903197
20165,0000,1189,106,2024-12-29 21:11:46.935190
10706,0000,1189,106,2024-12-29 21:11:46.951205
00724,0000,1189,106,2024-12-29 21:11:46.967196
02861,0000,1189,106,2024-12-29 21:11:46.983186
01169,0000,1189,106,2024-12-29 21:11:46.999185
04165,0000,1189,106,2024-12-29 21:11:47.015172
02870,0000,1189,106,2024-12-29 21:11:47.031183
05394,0000,1189,106,2024-12-29 21:11:47.047173
49192,0000,1189,106,2024-12-29 21:11:47.063180
21746,0000,1189,106,2024-12-29 21:11:47.094888
22875,0000,1189,106,2024-12-29 21:11:47.111167
45663,0000,1189,106,2024-12-29 21:11:47.127157
03831,0000,1189,106,2024-12-29 21:11:47.143159
04965,0000,1189,106,2024-12-29 21:11:47.159152
29300,0000,1189,106,2024-12-29 21:11:47.175148
02918,0000,1189,106,2024-12-29 21:11:47.191141
02129,0000,1189,106,2024-12-29 21:11:47.207145
33753,0000,1189,106,2024-12-29 21:11:47.223137
03573,0001,1189,106,2024-12-29 21:11:47.254531
00601,0000,1189,106,2024-12-29 21:11:47.271137
42154,0000,1189,106,2024-12-29 21:11:47.287129
28228,0000,1189,106,2024-12-29 21:11:47.303127
08823,0000,1189,106,2024-12-29 21:11:47.319125
00713,0000,1189,106,2024-12-29 21:11:47.335129
06718,0000,1189,106,2024-12-29 21:11:47.351127
04911,0000,1189,106,2024-12-29 21:11:47.367129
19958,0000,1189,106,2024-12-29 21:11:47.383119
01348,0000,1189,106,2024-12-29 21:11:47.399116
09669,0000,1189,106,2024-12-29 21:11:47.430917
00464,0000,1189,106,2024-12-29 21:11:47.447106
01441,0000,1189,106,2024-12-29 21:11:47.463100
23012,0000,1189,106,2024-12-29 21:11:47.479099
12967,0000,1189,106,2024-12-29 21:11:47.495105
00061,0000,1189,106,2024-12-29 21:11:47.511090
02256,0000,1189,106,2024-12-29 21:11:47.527087
20833,0000,1189,106,2024-12-29 21:11:47.543082
02291,0000,1189,106,2024-12-29 21:11:47.559086
03519,0000,1189,106,2024-12-29 21:11:47.590551
01308,0001,1189,106,2024-12-29 21:11:47.607078
02164,0000,1189,106,2024-12-29 21:11:47.623077
05030,0000,1189,106,2024-12-29 21:11:47.639067
04255,0000,1189,106,2024-12-29 21:11:47.655068
03430,0000,1189,106,2024-12-29 21:11:47.671063
05088,0000,1189,106,2024-12-29 21:11:47.687065
03850,0000,1189,106,2024-12-29 21:11:47.703062
23002,0000,1189,106,2024-12-29 21:11:47.719047
01383,0000,1189,106,2024-12-29 21:11:47.735054
21958,0000,1189,106,2024-12-29 21:11:47.766961
10908,0000,1189,106,2024-12-29 21:11:47.783059
59059,0000,1189,106,2024-12-29 21:11:47.799055
33263,0000,1189,106,2024-12-29 21:11:47.815057
41021,0000,1189,106,2024-12-29 21:11:47.831061
00427,0000,1189,106,2024-12-29 21:11:47.847058
20841,0001,1189,106,2024-12-29 21:11:47.863068
37057,0000,1189,106,2024-12-29 21:11:47.879065
34524,0000,1189,106,2024-12-29 21:11:47.895069
11068,0000,1189,106,2024-12-29 21:11:47.926623
04605,0000,1189,106,2024-12-29 21:11:47.943078
04390,0000,1189,106,2024-12-29 21:11:47.959009
28858,0000,1189,106,2024-12-29 21:11:47.975012
16670,0000,1189,106,2024-12-29 21:11:47.990999
58344,0001,1189,106,2024-12-29 21:11:48.006998
15813,0000,1189,106,2024-12-29 21:11:48.022990
11594,0000,1189,106,2024-12-29 21:11:48.038991
60198,0001,1189,106,2024-12-29 21:11:48.054985
18873,0000,1189,106,2024-12-29 21:11:48.070990
01374,0000,1189,106,2024-12-29 21:11:48.102984
03707,0001,1189,106,2024-12-29 21:11:48.118971
03607,0000,1189,106,2024-12-29 21:11:48.134974
09273,0000,1189,106,2024-12-29 21:11:48.150984
25566,0000,1189,106,2024-12-29 21:11:48.166970
06846,0000,1189,106,2024-12-29 21:11:48.182956
03524,0000,1189,106,2024-12-29 21:11:48.198952
03025,0000,1189,106,2024-12-29 21:11:48.214958
27843,0000,1189,106,2024-12-29 21:11:48.230945
04566,0000,1189,106,2024-12-29 21:11:48.262622
40226,0000,1189,106,2024-12-29 21:11:48.278961
06918,0000,1189,106,2024-12-29 21:11:48.294948
13810,0000,1189,106,2024-12-29 21:11:48.310941
08523,0000,1189,106,2024-12-29 21:11:48.326943
47436,0000,1189,106,2024-12-29 21:11:48.342942
28821,0000,1189,106,2024-12-29 21:11:48.358934
26684,0000,1189,106,2024-12-29 21:11:48.374925
50591,0000,1189,106,2024-12-29 21:11:48.390927
41529,0000,1189,106,2024-12-29 21:11:48.422229
01162,0000,1189,106,2024-12-29 21:11:48.438912
00965,0000,1189,106,2024-12-29 21:11:48.454911
40012,0000,1189,106,2024-12-29 21:11:48.470901
02998,0000,1189,106,2024-12-29 21:11:48.486908
02096,0000,1189,106,2024-12-29 21:11:48.502901
02090,0000,1189,106,2024-12-29 21:11:48.518907
01146,0000,1189,106,2024-12-29 21:11:48.534905
17837,0000,1189,106,2024-12-29 21:11:48.550890
02722,0000,1189,106,2024-12-29 21:11:48.566894
17174,0000,1189,106,2024-12-29 21:11:48.598637
06646,0000,1189,106,2024-12-29 21:11:48.614879
23941,0000,1189,106,2024-12-29 21:11:48.630874
23912,0000,1189,106,2024-12-29 21:11:48.646878
01389,0000,1189,106,2024-12-29 21:11:48.662874
13347,0000,1189,106,2024-12-29 21:11:48.678865
01599,0000,1189,106,2024-12-29 21:11:48.694863
23658,0000,1189,106,2024-12-29 21:11:48.710858
34004,0000,1189,106,2024-12-29 21:11:48.726862
09948,0000,1189,106,2024-12-29 21:11:48.758253
13134,0000,1189,106,2024-12-29 21:11:48.774842
04005,0000,1189,106,2024-12-29 21:11:48.790854
02772,0000,1189,106,2024-12-29 21:11:48.806843
05095,0000,1189,106,2024-12-29 21:11:48.822852
18918,0000,1188,106,2024-12-29 21:11:48.838845
05211,0000,1189,106,2024-12-29 21:11:48.854839
02154,0000,1189,106,2024-12-29 21:11:48.870827
03850,0000,1189,106,2024-12-29 21:11:48.886832
28098,0000,1189,106,2024-12-29 21:11:48.902824
02168,0000,1189,106,2024-12-29 21:11:48.934677
04404,0000,1189,106,2024-12-29 21:11:48.950813
26081,0001,1189,106,2024-12-29 21:11:48.966821
20443,0000,1189,106,2024-12-29 21:11:48.982808
17009,0000,1189,106,2024-12-29 21:11:48.998808
02334,0000,1189,106,2024-12-29 21:11:49.014810
00908,0000,1189,106,2024-12-29 21:11:49.030821
04540,0000,1189,106,2024-12-29 21:11:49.046801
31471,0000,1189,106,2024-12-29 21:11:49.062796
03820,0000,1189,106,2024-12-29 21:11:49.094292
03829,0000,1189,106,2024-12-29 21:11:49.110787
28602,0000,1189,106,2024-12-29 21:11:49.126785
28436,0000,1189,106,2024-12-29 21:11:49.142776
08767,0000,1189,106,2024-12-29 21:11:49.158781
10862,0000,1189,106,2024-12-29 21:11:49.174773
01931,0000,1189,106,2024-12-29 21:11:49.190777
16043,0001,1189,106,2024-12-29 21:11:49.206769
01634,0000,1189,106,2024-12-29 21:11:49.222769
01423,0000,1189,106,2024-12-29 21:11:49.238772
24452,0000,1189,106,2024-12-29 21:11:49.270706
03144,0000,1189,106,2024-12-29 21:11:49.286747
12434,0001,1189,106,2024-12-29 21:11:49.302749
03645,0000,1189,106,2024-12-29 21:11:49.318748
03213,0000,1189,106,2024-12-29 21:11:49.334751
36253,0000,1189,106,2024-12-29 21:11:49.350756
41054,0000,1189,106,2024-12-29 21:11:49.366745
03739,0000,1189,106,2024-12-29 21:11:49.382731
03752,0000,1189,106,2024-12-29 21:11:49.398735
00564,0000,1189,106,2024-12-29 21:11:49.430316
00527,0000,1189,106,2024-12-29 21:11:49.446725
03595,0000,1189,106,2024-12-29 21:11:49.462707
14036,0000,1189,106,2024-12-29 21:11:49.478710
20080,0000,1189,106,2024-12-29 21:11:49.494711
21226,0000,1189,106,2024-12-29 21:11:49.510702
10755,0000,1189,106,2024-12-29 21:11:49.526702
04850,0000,1189,106,2024-12-29 21:11:49.542701
03835,0000,1189,106,2024-12-29 21:11:49.558693
28258,0001,1189,106,2024-12-29 21:11:49.574696
18538,0000,1189,106,2024-12-29 21:11:49.606688
16546,0000,1189,106,2024-12-29 21:11:49.622676
52483,0000,1189,106,2024-12-29 21:11:49.638682
00059,0000,1189,106,2024-12-29 21:11:49.654674
53304,0000,1189,106,2024-12-29 21:11:49.670671
08423,0000,1188,106,2024-12-29 21:11:49.686669
03220,0000,1189,106,2024-12-29 21:11:49.702668
03058,0000,1188,106,2024-12-29 21:11:49.718668
02157,0000,1189,106,2024-12-29 21:11:49.734681
05378,0000,1189,106,2024-12-29 21:11:49.766349
01378,0000,1189,106,2024-12-29 21:11:49.782653
01575,0000,1189,106,2024-12-29 21:11:49.798649
32301,0000,1189,106,2024-12-29 21:11:49.814642
12221,0000,1188,106,2024-12-29 21:11:49.830640
02555,0000,1189,106,2024-12-29 21:11:49.846643
12443,0000,1189,106,2024-12-29 21:11:49.862627
19483,0001,1188,106,2024-12-29 21:11:49.878628
03053,0000,1189,106,2024-12-29 21:11:49.894627
03110,0000,1189,106,2024-12-29 21:11:49.925985
03682,0000,1189,106,2024-12-29 21:11:49.942625
55849,0000,1189,106,2024-12-29 21:11:49.958616
08297,0000,1189,106,2024-12-29 21:11:49.974619
04706,0000,1189,106,2024-12-29 21:11:49.990605
04246,0000,1189,106,2024-12-29 21:11:50.006614
05270,0000,1189,106,2024-12-29 21:11:50.022607
36335,0000,1189,106,2024-12-29 21:11:50.038607
25900,0000,1189,106,2024-12-29 21:11:50.054606
00533,0000,1189,106,2024-12-29 21:11:50.070604
07234,0000,1189,106,2024-12-29 21:11:50.102372
45799,0000,1189,106,2024-12-29 21:11:50.118599
20033,0000,1189,106,2024-12-29 21:11:50.134580
07819,0000,1188,106,2024-12-29 21:11:50.150582
02695,0000,1189,106,2024-12-29 21:11:50.166572
29359,0000,1189,106,2024-12-29 21:11:50.182590
02985,0000,1189,106,2024-12-29 21:11:50.198574
01984,0000,1189,106,2024-12-29 21:11:50.214582
39355,0000,1189,106,2024-12-29 21:11:50.230570
07781,0000,1189,106,2024-12-29 21:11:50.262001
02424,0001,1189,106,2024-12-29 21:11:50.278568
08947,0000,1189,106,2024-12-29 21:11:50.294557
01373,0000,1188,106,2024-12-29 21:11:50.310557
39393,0000,1189,106,2024-12-29 21:11:50.326557
33222,0000,1189,106,2024-12-29 21:11:50.342548
27535,0000,1189,106,2024-12-29 21:11:50.358539
13264,0000,1189,106,2024-12-29 21:11:50.374538
04451,0000,1189,106,2024-12-29 21:11:50.390540
01419,0001,1189,106,2024-12-29 21:11:50.406535
09211,0000,1189,106,2024-12-29 21:11:50.438390
09823,0000,1189,106,2024-12-29 21:11:50.454525
29927,0001,1189,106,2024-12-29 21:11:50.470522
38544,0000,1189,106,2024-12-29 21:11:50.486516
27376,0000,1189,106,2024-12-29 21:11:50.502518
00700,0000,1189,106,2024-12-29 21:11:50.518521
09202,0000,1188,106,2024-12-29 21:11:50.534502
01382,0000,1189,106,2024-12-29 21:11:50.550503
50733,0000,1189,106,2024-12-29 21:11:50.566499
01278,0000,1189,106,2024-12-29 21:11:50.598028
00554,0000,1189,106,2024-12-29 21:11:50.614498
01180,0000,1189,106,2024-12-29 21:11:50.630499
36798,0000,1188,106,2024-12-29 21:11:50.646500
36379,0000,1189,106,2024-12-29 21:11:50.662485
03903,0000,1189,106,2024-12-29 21:11:50.678480
38686,0000,1189,106,2024-12-29 21:11:50.694477
02208,0000,1189,106,2024-12-29 21:11:50.710467
07967,0000,1188,106,2024-12-29 21:11:50.726472
09179,0000,1189,106,2024-12-29 21:11:50.742473
01217,0000,1189,106,2024-12-29 21:11:50.774408
26614,0000,1189,106,2024-12-29 21:11:50.790461
22859,0000,1189,106,2024-12-29 21:11:50.806459
00718,0000,1189,106,2024-12-29 21:11:50.822451
43778,0000,1189,106,2024-12-29 21:11:50.838432
21413,0000,1189,106,2024-12-29 21:11:50.854433
16896,0000,1188,106,2024-12-29 21:11:50.870426
06331,0000,1188,106,2024-12-29 21:11:50.886424
04605,0000,1188,106,2024-12-29 21:11:50.902428
27081,0000,1189,106,2024-12-29 21:11:50.934072
02225,0000,1189,106,2024-12-29 21:11:50.950435
02798,0000,1189,106,2024-12-29 21:11:50.966435
32204,0000,1189,106,2024-12-29 21:11:50.982439
20854,0000,1189,106,2024-12-29 21:11:50.998449
22967,0000,1189,106,2024-12-29 21:11:51.014447
03676,0000,1189,106,2024-12-29 21:11:51.030457
05340,0000,1189,106,2024-12-29 21:11:51.046456
37689,0000,1189,106,2024-12-29 21:11:51.062468
03906,0000,1189,106,2024-12-29 21:11:51.078466
06834,0000,1189,106,2024-12-29 21:11:51.110394
03705,0000,1188,106,2024-12-29 21:11:51.126388
25168,0000,1189,106,2024-12-29 21:11:51.142381
56830,0000,1188,106,2024-12-29 21:11:51.158385
16663,0000,1189,106,2024-12-29 21:11:51.174377
20354,0000,1189,106,2024-12-29 21:11:51.190372
00517,0000,1189,106,2024-12-29 21:11:51.206386
05270,0000,1189,106,2024-12-29 21:11:51.222363
23470,0000,1188,106,2024-12-29 21:11:51.238375
22294,0000,1189,106,2024-12-29 21:11:51.270099
19971,0000,1189,106,2024-12-29 21:11:51.286361
02250,0000,1189,106,2024-12-29 21:11:51.302364
17677,0000,1189,106,2024-12-29 21:11:51.318349
16271,0000,1188,106,2024-12-29 21:11:51.334347
20669,0000,1188,106,2024-12-29 21:11:51.350340
42598,0000,1189,106,2024-12-29 21:11:51.366343
01526,0000,1188,106,2024-12-29 21:11:51.382336
02981,0000,1189,106,2024-12-29 21:11:51.398346
01153,0001,1189,106,2024-12-29 21:11:51.429721
31872,0000,1189,106,2024-12-29 21:11:51.446322
21748,0000,1188,106,2024-12-29 21:11:51.462318
17043,0000,1189,106,2024-12-29 21:11:51.478319
03914,0000,1189,106,2024-12-29 21:11:51.494306
05409,0000,1189,106,2024-12-29 21:11:51.510315
07646,0000,1189,106,2024-12-29 21:11:51.526309
02957,0000,1188,106,2024-12-29 21:11:51.542309
23264,0000,1189,106,2024-12-29 21:11:51.558312
20448,0000,1189,106,2024-12-29 21:11:51.574302
40237,0000,1189,106,2024-12-29 21:11:51.606119
10127,0000,1189,106,2024-12-29 21:11:51.622285
57636,0000,1188,106,2024-12-29 21:11:51.638293
04514,0000,1189,106,2024-12-29 21:11:51.654285
03488,0000,1189,106,2024-12-29 21:11:51.670281
45644,0000,1189,106,2024-12-29 21:11:51.686280
00768,0000,1189,106,2024-12-29 21:11:51.702284
03574,0000,1189,106,2024-12-29 21:11:51.718271
25300,0000,1189,106,2024-12-29 21:11:51.734274
34064,0000,1189,106,2024-12-29 21:11:51.765750
23035,0000,1189,106,2024-12-29 21:11:51.782257
13497,0000,1189,106,2024-12-29 21:11:51.798257
30831,0000,1189,106,2024-12-29 21:11:51.814257
62625,0000,1189,106,2024-12-29 21:11:51.830242
61097,0000,1189,106,2024-12-29 21:11:51.846246
04410,0000,1189,106,2024-12-29 21:11:51.862242
03783,0000,1189,106,2024-12-29 21:11:51.878243
12550,0000,1189,106,2024-12-29 21:11:51.894236
18745,0001,1189,106,2024-12-29 21:11:51.910234
10065,0000,1189,106,2024-12-29 21:11:51.942149
17530,0000,1188,106,2024-12-29 21:11:51.958224
22277,0000,1189,106,2024-12-29 21:11:51.974229
29439,0000,1189,106,2024-12-29 21:11:51.990219
01593,0000,1189,106,2024-12-29 21:11:52.006217
10467,0000,1189,106,2024-12-29 21:11:52.022209
22929,0000,1189,106,2024-12-29 21:11:52.038212
04999,0000,1188,106,2024-12-29 21:11:52.054207
00710,0000,1189,106,2024-12-29 21:11:52.070206
00426,0000,1189,106,2024-12-29 21:11:52.101759
15474,0000,1189,106,2024-12-29 21:11:52.118200
10771,0000,1189,106,2024-12-29 21:11:52.134195
24143,0000,1189,106,2024-12-29 21:11:52.150189
07905,0000,1189,106,2024-12-29 21:11:52.166179
01990,0000,1188,106,2024-12-29 21:11:52.182189
00553,0000,1188,106,2024-12-29 21:11:52.198176
28068,0000,1189,106,2024-12-29 21:11:52.214180
27382,0000,1189,106,2024-12-29 21:11:52.230167
03185,0000,1189,106,2024-12-29 21:11:52.246183
02953,0000,1189,106,2024-12-29 21:11:52.278166
05302,0000,1189,106,2024-12-29 21:11:52.294161
00522,0000,1189,106,2024-12-29 21:11:52.310164
10797,0000,1189,106,2024-12-29 21:11:52.326163
01150,0000,1189,106,2024-12-29 21:11:52.342159
04396,0000,1189,106,2024-12-29 21:11:52.358143
35459,0000,1189,106,2024-12-29 21:11:52.374147
07880,0001,1189,106,2024-12-29 21:11:52.390146
51667,0000,1188,106,2024-12-29 21:11:52.406145
23791,0000,1189,106,2024-12-29 21:11:52.437805
01305,0000,1189,106,2024-12-29 21:11:52.454134
02973,0000,1189,106,2024-12-29 21:11:52.470128
09924,0000,1189,106,2024-12-29 21:11:52.486131
24693,0000,1189,106,2024-12-29 21:11:52.502118
53231,0000,1189,106,2024-12-29 21:11:52.518122
02167,0000,1189,106,2024-12-29 21:11:52.534117
02233,0000,1189,106,2024-12-29 21:11:52.550119
03126,0000,1189,106,2024-12-29 21:11:52.566101
24852,0000,1189,106,2024-12-29 21:11:52.597438
04391,0000,1189,106,2024-12-29 21:11:52.614110
02972,0000,1189,106,2024-12-29 21:11:52.630101
01462,0000,1189,106,2024-12-29 21:11:52.646099
45521,0000,1189,106,2024-12-29 21:11:52.662086
14312,0000,1189,106,2024-12-29 21:11:52.678093
36244,0000,1189,106,2024-12-29 21:11:52.694079
04226,0000,1188,106,2024-12-29 21:11:52.710070
03807,0000,1189,106,2024-12-29 21:11:52.726084
03139,0000,1189,106,2024-12-29 21:11:52.742069
44639,0000,1189,106,2024-12-29 21:11:52.773817
04297,0000,1189,106,2024-12-29 21:11:52.790066
03477,0000,1189,106,2024-12-29 21:11:52.806058
22933,0000,1189,106,2024-12-29 21:11:52.822055
06874,0000,1189,106,2024-12-29 21:11:52.838045
03159,0000,1189,106,2024-12-29 21:11:52.854055
05322,0000,1189,106,2024-12-29 21:11:52.870051
43149,0000,1189,106,2024-12-29 21:11:52.886038
03714,0000,1189,106,2024-12-29 21:11:52.902043
02888,0000,1189,106,2024-12-29 21:11:52.933467
02214,0000,1189,106,2024-12-29 21:11:52.950028
02272,0000,1189,106,2024-12-29 21:11:52.966029
50057,0000,1189,106,2024-12-29 21:11:52.982028
24596,0000,1189,106,2024-12-29 21:11:52.998034
03312,0000,1189,106,2024-12-29 21:11:53.014026
05129,0000,1189,106,2024-12-29 21:11:53.030019
22397,0000,1189,106,2024-12-29 21:11:53.046008
03099,0000,1189,106,2024-12-29 21:11:53.062011
00649,0000,1189,106,2024-12-29 21:11:53.077998
05294,0000,1189,106,2024-12-29 21:11:53.109856
04487,0000,1189,106,2024-12-29 21:11:53.126006
37639,0000,1188,106,2024-12-29 21:11:53.141992
01997,0000,1189,106,2024-12-29 21:11:53.157996
07007,0000,1188,106,2024-12-29 21:11:53.173987
06732,0000,1188,106,2024-12-29 21:11:53.189992
26056,0000,1189,106,2024-12-29 21:11:53.205981
03829,0000,1189,106,2024-12-29 21:11:53.221985
09551,0000,1189,106,2024-12-29 21:11:53.237983
17485,0000,1189,106,2024-12-29 21:11:53.269507
01349,0000,1189,106,2024-12-29 21:11:53.285970
04982,0000,1189,106,2024-12-29 21:11:53.301968
52616,0001,1189,106,2024-12-29 21:11:53.317962
02777,0000,1189,106,2024-12-29 21:11:53.333968
13319,0000,1189,106,2024-12-29 21:11:53.349954
07902,0000,1189,106,2024-12-29 21:11:53.365958
01442,0000,1189,106,2024-12-29 21:11:53.381949
16187,0000,1189,106,2024-12-29 21:11:53.397950
09262,0000,1189,106,2024-12-29 21:11:53.413954
03104,0000,1189,106,2024-12-29 21:11:53.445890
05094,0000,1189,106,2024-12-29 21:11:53.461940
02044,0000,1189,106,2024-12-29 21:11:53.477927
03135,0000,1189,106,2024-12-29 21:11:53.493934
01402,0000,1188,106,2024-12-29 21:11:53.509924
00515,0000,1189,106,2024-12-29 21:11:53.525926
00562,0000,1188,106,2024-12-29 21:11:53.541924
02203,0000,1189,106,2024-12-29 21:11:53.557919
02522,0000,1189,106,2024-12-29 21:11:53.573911
07410,0000,1189,106,2024-12-29 21:11:53.605524
01475,0000,1189,106,2024-12-29 21:11:53.621898
25570,0000,1189,106,2024-12-29 21:11:53.637904
01029,0000,1189,106,2024-12-29 21:11:53.653903
02233,0000,1189,106,2024-12-29 21:11:53.669903
02205,0000,1189,106,2024-12-29 21:11:53.685888
50863,0000,1189,106,2024-12-29 21:11:53.701890
18324,0000,1189,106,2024-12-29 21:11:53.717880
48875,0000,1189,106,2024-12-29 21:11:53.733881
13931,0000,1189,106,2024-12-29 21:11:53.749880
40053,0000,1189,106,2024-12-29 21:11:53.781877
04473,0000,1189,106,2024-12-29 21:11:53.797874
02751,0000,1189,106,2024-12-29 21:11:53.813862
03040,0000,1188,106,2024-12-29 21:11:53.829864
16925,0000,1189,106,2024-12-29 21:11:53.845853
00378,0000,1189,106,2024-12-29 21:11:53.861856
00748,0000,1189,106,2024-12-29 21:11:53.877853
07649,0000,1189,106,2024-12-29 21:11:53.893851
10227,0000,1189,106,2024-12-29 21:11:53.909841
00549,0000,1189,106,2024-12-29 21:11:53.941540
58379,0000,1189,106,2024-12-29 21:11:53.957841
11627,0000,1189,106,2024-12-29 21:11:53.973832
04429,0000,1189,106,2024-12-29 21:11:53.989827
04352,0000,1189,106,2024-12-29 21:11:54.005832
46237,0000,1189,106,2024-12-29 21:11:54.021820
21779,0000,1189,106,2024-12-29 21:11:54.037821
09807,0000,1189,106,2024-12-29 21:11:54.053820
12891,0000,1189,106,2024-12-29 21:11:54.069821
35340,0000,1189,106,2024-12-29 21:11:54.101201
17567,0000,1189,106,2024-12-29 21:11:54.117832
14399,0000,1189,106,2024-12-29 21:11:54.133829
19885,0000,1189,106,2024-12-29 21:11:54.149841
05217,0000,1189,106,2024-12-29 21:11:54.165838
24499,0000,1189,106,2024-12-29 21:11:54.181839
03157,0000,1189,106,2024-12-29 21:11:54.197842
36326,0000,1189,106,2024-12-29 21:11:54.213843
25572,0000,1189,106,2024-12-29 21:11:54.229849
01339,0000,1189,106,2024-12-29 21:11:54.245862
01482,0000,1189,106,2024-12-29 21:11:54.277584
04278,0000,1189,106,2024-12-29 21:11:54.293777
00256,0000,1189,106,2024-12-29 21:11:54.309769
02796,0001,1189,106,2024-12-29 21:11:54.325760
21621,0000,1189,106,2024-12-29 21:11:54.341768
02325,0000,1189,106,2024-12-29 21:11:54.357760
60135,0000,1189,106,2024-12-29 21:11:54.373760
04356,0000,1189,106,2024-12-29 21:11:54.389753
31150,0000,1189,106,2024-12-29 21:11:54.405745
04306,0000,1189,106,2024-12-29 21:11:54.437205
02089,0000,1189,106,2024-12-29 21:11:54.453751
04971,0000,1189,106,2024-12-29 21:11:54.469745
26618,0000,1189,106,2024-12-29 21:11:54.485735
15038,0000,1189,106,2024-12-29 21:11:54.501728
01232,0000,1189,106,2024-12-29 21:11:54.517734
25866,0000,1189,106,2024-12-29 21:11:54.533730
03608,0000,1189,106,2024-12-29 21:11:54.549729
01222,0000,1189,106,2024-12-29 21:11:54.565721
21869,0000,1189,106,2024-12-29 21:11:54.581727
39293,0000,1189,106,2024-12-29 21:11:54.613607
26134,0000,1189,106,2024-12-29 21:11:54.629712
43950,0000,1189,106,2024-12-29 21:11:54.645708
02691,0000,1189,106,2024-12-29 21:11:54.661705
30142,0000,1189,106,2024-12-29 21:11:54.677697
03064,0000,1189,106,2024-12-29 21:11:54.693692
10733,0000,1189,106,2024-12-29 21:11:54.709697
03838,0000,1189,106,2024-12-29 21:11:54.725685
45635,0000,1189,106,2024-12-29 21:11:54.741682
04411,0000,1189,106,2024-12-29 21:11:54.773238
63242,0000,1189,106,2024-12-29 21:11:54.789679
01885,0000,1189,106,2024-12-29 21:11:54.805671
41903,0000,1189,106,2024-12-29 21:11:54.821672
00549,0000,1189,106,2024-12-29 21:11:54.837674
02230,0000,1189,106,2024-12-29 21:11:54.853677
04268,0000,1189,106,2024-12-29 21:11:54.869660
02359,0000,1189,106,2024-12-29 21:11:54.885664
15383,0000,1189,106,2024-12-29 21:11:54.901658
26740,0000,1189,106,2024-12-29 21:11:54.917646
02222,0000,1189,106,2024-12-29 21:11:54.949627
57574,0000,1189,106,2024-12-29 21:11:54.965651
41692,0000,1189,106,2024-12-29 21:11:54.981641
02968,0000,1189,106,2024-12-29 21:11:54.997638
01472,0000,1189,106,2024-12-29 21:11:55.013633
47408,0000,1189,106,2024-12-29 21:11:55.029636
05145,0000,1189,106,2024-12-29 21:11:55.045623
01338,0000,1189,106,2024-12-29 21:11:55.061621
33095,0000,1189,106,2024-12-29 21:11:55.077619
23731,0000,1189,106,2024-12-29 21:11:55.109260
01862,0000,1189,106,2024-12-29 21:11:55.125615
02232,0000,1189,106,2024-12-29 21:11:55.141607
37468,0000,1189,106,2024-12-29 21:11:55.157610
03996,0000,1189,106,2024-12-29 21:11:55.173605
04761,0000,1189,106,2024-12-29 21:11:55.189600
44923,0000,1189,106,2024-12-29 21:11:55.205603
02401,0000,1189,106,2024-12-29 21:11:55.221595
45777,0000,1189,106,2024-12-29 21:11:55.237609
47327,0000,1189,106,2024-12-29 21:11:55.268924
20871,0000,1189,106,2024-12-29 21:11:55.285585
45035,0000,1189,106,2024-12-29 21:11:55.301580
01412,0000,1189,106,2024-12-29 21:11:55.317579
02292,0000,1189,106,2024-12-29 21:11:55.333567
18979,0000,1189,106,2024-12-29 21:11:55.349569
18656,0000,1189,106,2024-12-29 21:11:55.365573
03039,0000,1189,106,2024-12-29 21:11:55.381564
25219,0000,1189,106,2024-12-29 21:11:55.397559
05250,0000,1189,106,2024-12-29 21:11:55.413553
27336,0000,1189,106,2024-12-29 21:11:55.445285
01941,0000,1189,106,2024-12-29 21:11:55.461551
22008,0001,1189,106,2024-12-29 21:11:55.477543
00644,0000,1189,106,2024-12-29 21:11:55.493544
04620,0000,1189,106,2024-12-29 21:11:55.509536
30833,0000,1189,106,2024-12-29 21:11:55.525544
19313,0000,1189,106,2024-12-29 21:11:55.541530
00957,0000,1189,106,2024-12-29 21:11:55.557532
03958,0000,1189,106,2024-12-29 21:11:55.573533
29914,0000,1189,106,2024-12-29 21:11:55.604925
06126,0000,1189,106,2024-12-29 21:11:55.621526
02742,0000,1189,106,2024-12-29 21:11:55.637523
27851,0000,1189,106,2024-12-29 21:11:55.653507
04594,0000,1189,106,2024-12-29 21:11:55.669504
04397,0000,1189,106,2024-12-29 21:11:55.685506
04076,0000,1189,106,2024-12-29 21:11:55.701503
03689,0000,1189,106,2024-12-29 21:11:55.717499
47351,0000,1189,106,2024-12-29 21:11:55.733507
09715,0000,1189,106,2024-12-29 21:11:55.749507
02714,0000,1189,106,2024-12-29 21:11:55.781313
03656,0000,1189,106,2024-12-29 21:11:55.797488
18085,0000,1189,106,2024-12-29 21:11:55.813482
28693,0000,1189,106,2024-12-29 21:11:55.829476
18443,0000,1189,106,2024-12-29 21:11:55.845474
55656,0000,1189,106,2024-12-29 21:11:55.861469
24048,0000,1189,106,2024-12-29 21:11:55.877475
00246,0000,1189,106,2024-12-29 21:11:55.893464
02088,0001,1189,106,2024-12-29 21:11:55.909462
23600,0000,1189,106,2024-12-29 21:11:55.940964
02313,0000,1189,106,2024-12-29 21:11:55.957447
63490,0000,1189,106,2024-12-29 21:11:55.973449
03063,0000,1189,106,2024-12-29 21:11:55.989442
03800,0001,1189,106,2024-12-29 21:11:56.005436
03562,0000,1189,106,2024-12-29 21:11:56.021441
05371,0000,1189,106,2024-12-29 21:11:56.037432
14943,0000,1189,106,2024-12-29 21:11:56.053427
11568,0000,1189,106,2024-12-29 21:11:56.069433
02841,0000,1189,106,2024-12-29 21:11:56.085437
21684,0000,1189,106,2024-12-29 21:11:56.117351
04164,0000,1189,106,2024-12-29 21:11:56.133421
02563,0000,1189,106,2024-12-29 21:11:56.149416
28879,0000,1189,106,2024-12-29 21:11:56.165403
00664,0000,1189,106,2024-12-29 21:11:56.181406
02904,0000,1189,106,2024-12-29 21:11:56.197412
04904,0000,1189,106,2024-12-29 21:11:56.213403
01807,0000,1189,106,2024-12-29 21:11:56.229396
00272,0001,1189,106,2024-12-29 21:11:56.245408
05414,0000,1189,106,2024-12-29 21:11:56.276990
00724,0000,1189,106,2024-12-29 21:11:56.293388
01275,0000,1189,106,2024-12-29 21:11:56.309379
03897,0000,1189,106,2024-12-29 21:11:56.325382
04885,0000,1189,106,2024-12-29 21:11:56.341372
03094,0000,1189,106,2024-12-29 21:11:56.357375
12895,0000,1189,106,2024-12-29 21:11:56.373383
37591,0000,1189,106,2024-12-29 21:11:56.389364
29204,0000,1189,106,2024-12-29 21:11:56.405366
03386,0000,1189,106,2024-12-29 21:11:56.421376
05843,0000,1189,106,2024-12-29 21:11:56.453356
01645,0000,1189,106,2024-12-29 21:11:56.469345
30022,0000,1189,106,2024-12-29 21:11:56.485349
03677,0000,1189,106,2024-12-29 21:11:56.501343
26002,0000,1189,106,2024-12-29 21:11:56.517349
05190,0000,1189,106,2024-12-29 21:11:56.533348
52228,0000,1190,106,2024-12-29 21:11:56.549350
02614,0000,1189,106,2024-12-29 21:11:56.565336
07013,0000,1189,106,2024-12-29 21:11:56.581330
62640,0000,1189,106,2024-12-29 21:11:56.613005
38694,0001,1189,106,2024-12-29 21:11:56.629324
01635,0000,1189,106,2024-12-29 21:11:56.645316
01352,0000,1189,106,2024-12-29 21:11:56.661317
01962,0000,1189,106,2024-12-29 21:11:56.677310
02242,0000,1189,106,2024-12-29 21:11:56.693312
03554,0000,1189,106,2024-12-29 21:11:56.709302
21917,0001,1189,106,2024-12-29 21:11:56.725300
29555,0000,1189,106,2024-12-29 21:11:56.741302
05478,0000,1189,106,2024-12-29 21:11:56.772643
24767,0000,1189,106,2024-12-29 21:11:56.789287
02312,0000,1189,106,2024-12-29 21:11:56.805293
01241,0000,1189,106,2024-12-29 21:11:56.821288
16362,0000,1189,106,2024-12-29 21:11:56.837275
16963,0000,1189,106,2024-12-29 21:11:56.853268
05519,0000,1189,106,2024-12-29 21:11:56.869272
15430,0000,1190,106,2024-12-29 21:11:56.885260
59255,0000,1189,106,2024-12-29 21:11:56.901269
12239,0000,1190,106,2024-12-29 21:11:56.917261
12666,0000,1189,106,2024-12-29 21:11:56.949030
05052,0000,1190,106,2024-12-29 21:11:56.965257
42407,0000,1189,106,2024-12-29 21:11:56.981249
20817,0000,1189,106,2024-12-29 21:11:56.997250
00480,0000,1189,106,2024-12-29 21:11:57.013237
03070,0000,1189,106,2024-12-29 21:11:57.029249
26004,0001,1189,106,2024-12-29 21:11:57.045243
56857,0000,1189,106,2024-12-29 21:11:57.061241
00696,0000,1189,106,2024-12-29 21:11:57.077232
39273,0000,1189,106,2024-12-29 21:11:57.108663
03740,0000,1189,106,2024-12-29 21:11:57.125230
01437,0000,1189,106,2024-12-29 21:11:57.141217
09131,0000,1189,106,2024-12-29 21:11:57.157218
00686,0000,1190,106,2024-12-29 21:11:57.173212
57500,0000,1189,106,2024-12-29 21:11:57.189214
24377,0000,1189,106,2024-12-29 21:11:57.205216
26598,0000,1189,106,2024-12-29 21:11:57.221220
01344,0000,1189,106,2024-12-29 21:11:57.237221
02043,0000,1189,106,2024-12-29 21:11:57.253221
04061,0001,1189,106,2024-12-29 21:11:57.285070
28653,0000,1189,106,2024-12-29 21:11:57.301235
09485,0000,1190,106,2024-12-29 21:11:57.317232
03325,0000,1189,106,2024-12-29 21:11:57.333235
11620,0000,1189,106,2024-12-29 21:11:57.349234
26071,0000,1189,106,2024-12-29 21:11:57.365244
04209,0000,1190,106,2024-12-29 21:11:57.381238
27882,0000,1189,106,2024-12-29 21:11:57.397243
09649,0000,1189,106,2024-12-29 21:11:57.413170
03332,0000,1190,106,2024-12-29 21:11:57.444706
24904,0000,1189,106,2024-12-29 21:11:57.461163
02222,0000,1189,106,2024-12-29 21:11:57.477156
06027,0000,1190,106,2024-12-29 21:11:57.493148
03789,0000,1189,106,2024-12-29 21:11:57.509159
20248,0000,1189,106,2024-12-29 21:11:57.525152
24694,0000,1190,106,2024-12-29 21:11:57.541159
30146,0000,1190,106,2024-12-29 21:11:57.557148
01372,0000,1189,106,2024-12-29 21:11:57.573148
43508,0000,1189,106,2024-12-29 21:11:57.589140
33070,0001,1190,106,2024-12-29 21:11:57.621095
02124,0000,1190,106,2024-12-29 21:11:57.637125
00675,0000,1189,106,2024-12-29 21:11:57.653117
00000,0000,1189,106,2024-12-29 21:11:57.669113
03493,0000,1190,106,2024-12-29 21:11:57.685117
19194,0000,1190,106,2024-12-29 21:11:57.701115
28701,0000,1189,106,2024-12-29 21:11:57.717117
02941,0000,1190,106,2024-12-29 21:11:57.733112
08631,0000,1189,106,2024-12-29 21:11:57.749111
10637,0000,1189,106,2024-12-29 21:11:57.780732
11493,0000,1189,106,2024-12-29 21:11:57.797094
03122,0000,1189,106,2024-12-29 21:11:57.813099
21773,0000,1190,106,2024-12-29 21:11:57.829085
28781,0000,1189,106,2024-12-29 21:11:57.845086
00495,0000,1189,106,2024-12-29 21:11:57.861084
10097,0000,1189,106,2024-12-29 21:11:57.877135
28216,0000,1190,106,2024-12-29 21:11:57.893077
04729,0000,1189,106,2024-12-29 21:11:57.909076
01858,0000,1190,106,2024-12-29 21:11:57.940389
02245,0000,1190,106,2024-12-29 21:11:57.957059
05642,0000,1189,106,2024-12-29 21:11:57.973064
07563,0000,1189,106,2024-12-29 21:11:57.989066
02290,0000,1190,106,2024-12-29 21:11:58.005046
04249,0000,1189,106,2024-12-29 21:11:58.021049
04469,0000,1190,106,2024-12-29 21:11:58.037047
01757,0000,1189,106,2024-12-29 21:11:58.053041
04574,0000,1190,106,2024-12-29 21:11:58.069040
24257,0000,1190,106,2024-12-29 21:11:58.085037
02832,0000,1189,106,2024-12-29 21:11:58.116771
01412,0000,1189,106,2024-12-29 21:11:58.133023
04999,0000,1190,106,2024-12-29 21:11:58.149023
40856,0000,1190,106,2024-12-29 21:11:58.165018
17548,0000,1189,106,2024-12-29 21:11:58.181012
05465,0000,1190,106,2024-12-29 21:11:58.197015
09648,0000,1190,106,2024-12-29 21:11:58.213006
05305,0000,1190,106,2024-12-29 21:11:58.229010
05690,0000,1190,106,2024-12-29 21:11:58.245035
00756,0000,1190,106,2024-12-29 21:11:58.276402
22843,0000,1190,106,2024-12-29 21:11:58.292998
14432,0000,1190,106,2024-12-29 21:11:58.308996
03036,0000,1190,106,2024-12-29 21:11:58.324991
03053,0000,1189,106,2024-12-29 21:11:58.340983
05089,0000,1190,106,2024-12-29 21:11:58.356982
28063,0000,1190,106,2024-12-29 21:11:58.372988
17369,0000,1189,106,2024-12-29 21:11:58.388977
00933,0000,1190,106,2024-12-29 21:11:58.404979
01001,0000,1189,106,2024-12-29 21:11:58.420973
02707,0000,1190,106,2024-12-29 21:11:58.452790
21511,0000,1190,106,2024-12-29 21:11:58.468968
35434,0000,1189,106,2024-12-29 21:11:58.484963
40229,0000,1189,106,2024-12-29 21:11:58.500959
03862,0000,1190,106,2024-12-29 21:11:58.516959
50564,0000,1190,106,2024-12-29 21:11:58.532955
20555,0000,1190,106,2024-12-29 21:11:58.548938
16877,0000,1190,106,2024-12-29 21:11:58.564949
05490,0000,1190,106,2024-12-29 21:11:58.580933
28446,0000,1190,106,2024-12-29 21:11:58.612425
45670,0000,1190,106,2024-12-29 21:11:58.628927
53405,0000,1189,106,2024-12-29 21:11:58.644926
04893,0000,1190,106,2024-12-29 21:11:58.660925
23561,0001,1189,106,2024-12-29 21:11:58.676917
03282,0000,1190,106,2024-12-29 21:11:58.692923
03621,0000,1190,106,2024-12-29 21:11:58.708913
01397,0000,1190,106,2024-12-29 21:11:58.724919
02889,0000,1190,106,2024-12-29 21:11:58.740922
47349,0000,1190,106,2024-12-29 21:11:58.756914
37773,0000,1190,106,2024-12-29 21:11:58.788820
03445,0000,1190,106,2024-12-29 21:11:58.804898
40193,0000,1190,106,2024-12-29 21:11:58.820884
02557,0000,1190,106,2024-12-29 21:11:58.836895
01519,0000,1190,106,2024-12-29 21:11:58.852879
05380,0000,1190,106,2024-12-29 21:11:58.868881
02830,0000,1189,106,2024-12-29 21:11:58.884884
02744,0000,1189,106,2024-12-29 21:11:58.900883
03815,0000,1190,106,2024-12-29 21:11:58.916871
00613,0000,1190,106,2024-12-29 21:11:58.948448
05274,0000,1190,106,2024-12-29 21:11:58.964864
05098,0001,1190,106,2024-12-29 21:11:58.980864
06001,0000,1190,106,2024-12-29 21:11:58.996849
02884,0000,1190,106,2024-12-29 21:11:59.012853
48159,0000,1190,106,2024-12-29 21:11:59.028853
39769,0000,1190,106,2024-12-29 21:11:59.044843
29654,0000,1190,106,2024-12-29 21:11:59.060842
39440,0000,1190,106,2024-12-29 21:11:59.076841
00301,0000,1190,106,2024-12-29 21:11:59.092833
02104,0000,1190,106,2024-12-29 21:11:59.124825
05120,0000,1190,106,2024-12-29 21:11:59.140826
03523,0000,1190,106,2024-12-29 21:11:59.156831
03061,0000,1190,106,2024-12-29 21:11:59.172835
01527,0000,1190,106,2024-12-29 21:11:59.188821
29750,0000,1190,106,2024-12-29 21:11:59.204824
02218,0000,1190,106,2024-12-29 21:11:59.220819
02341,0000,1190,106,2024-12-29 21:11:59.236819
05261,0000,1190,106,2024-12-29 21:11:59.252814
32323,0000,1190,106,2024-12-29 21:11:59.284485
06934,0000,1190,106,2024-12-29 21:11:59.300814
03884,0000,1190,106,2024-12-29 21:11:59.316808
30132,0000,1190,106,2024-12-29 21:11:59.332799
03720,0000,1190,106,2024-12-29 21:11:59.348794
02072,0001,1190,106,2024-12-29 21:11:59.364783
02983,0000,1190,106,2024-12-29 21:11:59.380782
01495,0000,1190,106,2024-12-29 21:11:59.396775
02801,0000,1190,106,2024-12-29 21:11:59.412784
65891,0000,1190,106,2024-12-29 21:11:59.444126
27442,0001,1190,106,2024-12-29 21:11:59.460767
04406,0000,1190,106,2024-12-29 21:11:59.476774
04361,0000,1190,106,2024-12-29 21:11:59.492760
03789,0000,1190,106,2024-12-29 21:11:59.508764
06782,0001,1190,106,2024-12-29 21:11:59.524756
02476,0000,1190,106,2024-12-29 21:11:59.540766
29564,0000,1190,106,2024-12-29 21:11:59.556760
17470,0000,1190,106,2024-12-29 21:11:59.572756
00561,0000,1190,106,2024-12-29 21:11:59.588746
16921,0000,1190,106,2024-12-29 21:11:59.620508
01901,0000,1190,106,2024-12-29 21:11:59.636732
06102,0000,1190,106,2024-12-29 21:11:59.653013
07305,0000,1190,106,2024-12-29 21:11:59.668751
10750,0000,1190,106,2024-12-29 21:11:59.684735
56556,0000,1190,106,2024-12-29 21:11:59.700729
02179,0000,1190,106,2024-12-29 21:11:59.716717
26619,0000,1190,106,2024-12-29 21:11:59.732716
09061,0000,1190,106,2024-12-29 21:11:59.748714
01838,0001,1190,106,2024-12-29 21:11:59.780146
21630,0000,1190,106,2024-12-29 21:11:59.796702
13152,0000,1190,106,2024-12-29 21:11:59.812690
04314,0000,1190,106,2024-12-29 21:11:59.828690
40341,0000,1190,106,2024-12-29 21:11:59.844687
02187,0000,1190,106,2024-12-29 21:11:59.860683
06674,0000,1189,106,2024-12-29 21:11:59.876679
01215,0000,1190,106,2024-12-29 21:11:59.892687
04660,0000,1190,106,2024-12-29 21:11:59.908674
01519,0000,1190,106,2024-12-29 21:11:59.924674
02454,0000,1190,106,2024-12-29 21:11:59.956539
02283,0000,1190,106,2024-12-29 21:11:59.972667
04310,0000,1190,106,2024-12-29 21:11:59.988666
21707,0001,1190,106,2024-12-29 21:12:00.004655
04659,0000,1190,106,2024-12-29 21:12:00.020667
31383,0000,1190,106,2024-12-29 21:12:00.036657
20520,0000,1190,106,2024-12-29 21:12:00.052658
02180,0000,1190,106,2024-12-29 21:12:00.068659
01999,0000,1190,106,2024-12-29 21:12:00.084656
01939,0000,1190,106,2024-12-29 21:12:00.116168
02122,0000,1190,106,2024-12-29 21:12:00.132636
38604,0001,1190,106,2024-12-29 21:12:00.148641
21485,0000,1190,106,2024-12-29 21:12:00.164628
01334,0000,1190,106,2024-12-29 21:12:00.180633
39993,0000,1190,106,2024-12-29 21:12:00.196623
21478,0000,1190,106,2024-12-29 21:12:00.212616
23946,0001,1190,106,2024-12-29 21:12:00.228624
04446,0000,1190,106,2024-12-29 21:12:00.244706
05452,0000,1190,106,2024-12-29 21:12:00.260638
63511,0000,1190,106,2024-12-29 21:12:00.292570
07249,0000,1190,106,2024-12-29 21:12:00.308608
06860,0000,1190,106,2024-12-29 21:12:00.324607
25460,0000,1190,106,2024-12-29 21:12:00.340605
04555,0000,1190,106,2024-12-29 21:12:00.356610
09163,0000,1190,106,2024-12-29 21:12:00.372604
56684,0000,1190,106,2024-12-29 21:12:00.388609
00487,0000,1190,106,2024-12-29 21:12:00.404612
04368,0000,1190,106,2024-12-29 21:12:00.420612
03812,0000,1190,106,2024-12-29 21:12:00.452231
44800,0000,1190,106,2024-12-29 21:12:00.468620
10213,0000,1190,106,2024-12-29 21:12:00.484618
01419,0001,1190,106,2024-12-29 21:12:00.500621
03722,0000,1190,106,2024-12-29 21:12:00.516623
03100,0000,1190,106,2024-12-29 21:12:00.532627
08654,0000,1190,106,2024-12-29 21:12:00.548553
27607,0000,1190,106,2024-12-29 21:12:00.564552
04091,0000,1190,106,2024-12-29 21:12:00.580552
25423,0000,1190,106,2024-12-29 21:12:00.596548
12329,0000,1190,106,2024-12-29 21:12:00.628544
03659,0000,1190,106,2024-12-29 21:12:00.644540
26191,0000,1190,106,2024-12-29 21:12:00.660528
23832,0000,1190,106,2024-12-29 21:12:00.676529
35284,0000,1190,106,2024-12-29 21:12:00.692520
04689,0000,1190,106,2024-12-29 21:12:00.708528
00531,0000,1190,106,2024-12-29 21:12:00.724528
03556,0000,1190,106,2024-12-29 21:12:00.740539
05227,0000,1190,106,2024-12-29 21:12:00.756522
06489,0000,1190,106,2024-12-29 21:12:00.788228
25523,0000,1190,106,2024-12-29 21:12:00.804512
27937,0000,1190,106,2024-12-29 21:12:00.820505
00052,0000,1190,106,2024-12-29 21:12:00.836501
27012,0000,1190,106,2024-12-29 21:12:00.852504
00708,0000,1190,106,2024-12-29 21:12:00.868498
05055,0000,1190,106,2024-12-29 21:12:00.884495
23063,0000,1190,106,2024-12-29 21:12:00.900496
10615,0000,1190,106,2024-12-29 21:12:00.916482
03621,0000,1190,106,2024-12-29 21:12:00.947870
22284,0000,1190,106,2024-12-29 21:12:00.964469
05000,0000,1190,106,2024-12-29 21:12:00.980469
36360,0000,1190,106,2024-12-29 21:12:00.996469
21306,0000,1191,106,2024-12-29 21:12:01.012470
04406,0000,1190,106,2024-12-29 21:12:01.028471
00722,0000,1190,106,2024-12-29 21:12:01.044467
05081,0000,1190,106,2024-12-29 21:12:01.060453
29230,0000,1190,106,2024-12-29 21:12:01.076449
04597,0000,1190,106,2024-12-29 21:12:01.092446
20826,0000,1190,106,2024-12-29 21:12:01.124258
19996,0000,1190,106,2024-12-29 21:12:01.140449
08801,0000,1190,106,2024-12-29 21:12:01.156446
01850,0000,1190,106,2024-12-29 21:12:01.172447
02016,0000,1190,106,2024-12-29 21:12:01.188432
02253,0000,1190,106,2024-12-29 21:12:01.204428
33230,0000,1190,106,2024-12-29 21:12:01.220428
05391,0001,1190,106,2024-12-29 21:12:01.236427
30754,0000,1190,106,2024-12-29 21:12:01.252446
28224,0000,1190,106,2024-12-29 21:12:01.283915
13844,0000,1190,106,2024-12-29 21:12:01.300414
03578,0000,1190,106,2024-12-29 21:12:01.316414
06792,0000,1190,106,2024-12-29 21:12:01.332400
01156,0000,1191,106,2024-12-29 21:12:01.348402
14227,0000,1190,106,2024-12-29 21:12:01.364398
67650,0000,1190,106,2024-12-29 21:12:01.380396
03874,0000,1190,106,2024-12-29 21:12:01.396391
05180,0000,1190,106,2024-12-29 21:12:01.412383
16136,0000,1191,106,2024-12-29 21:12:01.428382
01424,0000,1190,106,2024-12-29 21:12:01.460289
25796,0000,1190,106,2024-12-29 21:12:01.476369
02222,0000,1190,106,2024-12-29 21:12:01.492376
17454,0000,1191,106,2024-12-29 21:12:01.508382
24170,0000,1190,106,2024-12-29 21:12:01.524382
03571,0000,1190,106,2024-12-29 21:12:01.540362
05400,0000,1191,106,2024-12-29 21:12:01.556355
03918,0000,1190,106,2024-12-29 21:12:01.572363
21793,0001,1191,106,2024-12-29 21:12:01.588355
02046,0000,1190,106,2024-12-29 21:12:01.619906
01285,0000,1191,106,2024-12-29 21:12:01.636354
09298,0000,1191,106,2024-12-29 21:12:01.652338
29638,0000,1190,106,2024-12-29 21:12:01.668343
01393,0000,1190,106,2024-12-29 21:12:01.684327
17653,0000,1190,106,2024-12-29 21:12:01.700338
04294,0000,1190,106,2024-12-29 21:12:01.716324
46512,0000,1191,106,2024-12-29 21:12:01.732327
11095,0000,1191,106,2024-12-29 21:12:01.748334
16331,0000,1191,106,2024-12-29 21:12:01.764323
37045,0000,1190,106,2024-12-29 21:12:01.796320
05111,0000,1190,106,2024-12-29 21:12:01.812307
04955,0000,1190,106,2024-12-29 21:12:01.828310
18978,0000,1191,106,2024-12-29 21:12:01.844301
48041,0000,1190,106,2024-12-29 21:12:01.860306
02983,0000,1191,106,2024-12-29 21:12:01.876302
54856,0000,1190,106,2024-12-29 21:12:01.892304
05425,0000,1191,106,2024-12-29 21:12:01.908310
03631,0000,1190,106,2024-12-29 21:12:01.924295
01432,0000,1191,106,2024-12-29 21:12:01.955964
09786,0000,1190,106,2024-12-29 21:12:01.972284
26063,0000,1190,106,2024-12-29 21:12:01.988280
00685,0000,1190,106,2024-12-29 21:12:02.004271
03501,0000,1190,106,2024-12-29 21:12:02.020275
03362,0000,1191,106,2024-12-29 21:12:02.036277
03576,0000,1191,106,2024-12-29 21:12:02.052266
02208,0000,1190,106,2024-12-29 21:12:02.068267
05165,0000,1191,106,2024-12-29 21:12:02.084264
06747,0000,1191,106,2024-12-29 21:12:02.115585
21651,0000,1190,106,2024-12-29 21:12:02.132249
03723,0000,1190,106,2024-12-29 21:12:02.148243
20372,0000,1190,106,2024-12-29 21:12:02.164243
61634,0000,1191,106,2024-12-29 21:12:02.180235
59902,0000,1191,106,2024-12-29 21:12:02.196228
57588,0000,1191,106,2024-12-29 21:12:02.212229
22633,0000,1191,106,2024-12-29 21:12:02.228229
02292,0000,1191,106,2024-12-29 21:12:02.244238
29838,0000,1190,106,2024-12-29 21:12:02.260225
02885,0000,1190,106,2024-12-29 21:12:02.291975
00630,0000,1191,106,2024-12-29 21:12:02.308224
03361,0000,1190,106,2024-12-29 21:12:02.324218
09111,0000,1191,106,2024-12-29 21:12:02.340215
01138,0000,1191,106,2024-12-29 21:12:02.356201
00263,0000,1191,106,2024-12-29 21:12:02.372210
04538,0000,1191,106,2024-12-29 21:12:02.388195
29730,0000,1191,106,2024-12-29 21:12:02.404197
05128,0000,1191,106,2024-12-29 21:12:02.420195
09309,0000,1191,106,2024-12-29 21:12:02.451611
20180,0000,1190,106,2024-12-29 21:12:02.468176
03071,0000,1190,106,2024-12-29 21:12:02.484182
04359,0000,1191,106,2024-12-29 21:12:02.500181
01319,0000,1191,106,2024-12-29 21:12:02.516178
05240,0000,1191,106,2024-12-29 21:12:02.532170
03922,0000,1190,106,2024-12-29 21:12:02.548174
31768,0000,1191,106,2024-12-29 21:12:02.564164
37714,0000,1191,106,2024-12-29 21:12:02.580171
00403,0000,1191,106,2024-12-29 21:12:02.596155
09122,0000,1191,106,2024-12-29 21:12:02.627985
21532,0000,1191,106,2024-12-29 21:12:02.644150
03665,0000,1191,106,2024-12-29 21:12:02.660143
01412,0000,1190,106,2024-12-29 21:12:02.676148
02192,0000,1191,106,2024-12-29 21:12:02.692152
28065,0000,1191,106,2024-12-29 21:12:02.708129
27954,0000,1191,106,2024-12-29 21:12:02.724135
39194,0000,1191,106,2024-12-29 21:12:02.740139
00499,0000,1191,106,2024-12-29 21:12:02.756129
00294,0000,1190,106,2024-12-29 21:12:02.787627
01381,0000,1191,106,2024-12-29 21:12:02.804122
02895,0000,1191,106,2024-12-29 21:12:02.820120
21753,0000,1191,106,2024-12-29 21:12:02.836111
04630,0000,1191,106,2024-12-29 21:12:02.852121
01258,0000,1191,106,2024-12-29 21:12:02.868105
02256,0000,1191,106,2024-12-29 21:12:02.884113
07819,0000,1191,106,2024-12-29 21:12:02.900110
11809,0000,1191,106,2024-12-29 21:12:02.916107
05369,0000,1191,106,2024-12-29 21:12:02.932089
10904,0000,1191,106,2024-12-29 21:12:02.964023
02732,0000,1191,106,2024-12-29 21:12:02.980093
08616,0000,1191,106,2024-12-29 21:12:02.996084
03855,0000,1191,106,2024-12-29 21:12:03.012079
05451,0000,1191,106,2024-12-29 21:12:03.028070
04182,0000,1191,106,2024-12-29 21:12:03.044064
46529,0000,1191,106,2024-12-29 21:12:03.060067
08463,0000,1191,106,2024-12-29 21:12:03.076066
14941,0000,1191,106,2024-12-29 21:12:03.092064
04917,0000,1191,106,2024-12-29 21:12:03.123666
02450,0001,1191,106,2024-12-29 21:12:03.140042
11902,0000,1191,106,2024-12-29 21:12:03.156046
30397,0000,1191,106,2024-12-29 21:12:03.172042
14839,0000,1191,106,2024-12-29 21:12:03.188049
59246,0000,1191,106,2024-12-29 21:12:03.204041
48864,0000,1191,106,2024-12-29 21:12:03.220040
23594,0000,1191,106,2024-12-29 21:12:03.236063
02121,0000,1191,106,2024-12-29 21:12:03.252049
02243,0000,1191,106,2024-12-29 21:12:03.268032
09295,0000,1191,106,2024-12-29 21:12:03.300017
24667,0000,1191,106,2024-12-29 21:12:03.316017
04476,0000,1191,106,2024-12-29 21:12:03.332011
14733,0000,1191,106,2024-12-29 21:12:03.348016
04565,0000,1191,106,2024-12-29 21:12:03.364005
22520,0000,1191,106,2024-12-29 21:12:03.380007
02114,0000,1191,106,2024-12-29 21:12:03.396000
56734,0000,1191,106,2024-12-29 21:12:03.412000
19198,0000,1191,106,2024-12-29 21:12:03.427995
01375,0000,1191,106,2024-12-29 21:12:03.459694
24438,0000,1191,106,2024-12-29 21:12:03.475989
05118,0000,1191,106,2024-12-29 21:12:03.491988
09923,0000,1191,106,2024-12-29 21:12:03.507998
02694,0000,1191,106,2024-12-29 21:12:03.523996
01531,0000,1191,106,2024-12-29 21:12:03.540001
27021,0000,1191,106,2024-12-29 21:12:03.556000
44554,0000,1191,106,2024-12-29 21:12:03.572004
01355,0000,1191,106,2024-12-29 21:12:03.588006
10838,0000,1191,106,2024-12-29 21:12:03.619361
03977,0000,1191,106,2024-12-29 21:12:03.636008
18577,0001,1191,106,2024-12-29 21:12:03.652011
26050,0000,1191,106,2024-12-29 21:12:03.668011
12525,0000,1191,106,2024-12-29 21:12:03.683948
10633,0000,1191,106,2024-12-29 21:12:03.699945
67742,0000,1191,106,2024-12-29 21:12:03.715941
00428,0000,1191,106,2024-12-29 21:12:03.731937
11345,0000,1191,106,2024-12-29 21:12:03.747940
59149,0001,1191,106,2024-12-29 21:12:03.763920
54884,0000,1191,106,2024-12-29 21:12:03.795705
05134,0000,1191,106,2024-12-29 21:12:03.811915
00600,0000,1191,106,2024-12-29 21:12:03.827917
12279,0000,1191,106,2024-12-29 21:12:03.843910
02123,0000,1191,106,2024-12-29 21:12:03.859919
00619,0000,1191,106,2024-12-29 21:12:03.875924
02970,0000,1191,106,2024-12-29 21:12:03.891903
54775,0000,1191,106,2024-12-29 21:12:03.907905
33894,0000,1191,106,2024-12-29 21:12:03.923888
01286,0000,1191,106,2024-12-29 21:12:03.955346
03919,0000,1191,106,2024-12-29 21:12:03.971888
21813,0000,1191,106,2024-12-29 21:12:03.987889
03383,0000,1191,106,2024-12-29 21:12:04.003875
02355,0000,1191,106,2024-12-29 21:12:04.019873
04514,0000,1191,106,2024-12-29 21:12:04.035871
01442,0000,1191,106,2024-12-29 21:12:04.051871
03333,0001,1191,106,2024-12-29 21:12:04.067864
25804,0000,1191,106,2024-12-29 21:12:04.083864
00543,0000,1191,106,2024-12-29 21:12:04.099861
04458,0000,1191,106,2024-12-29 21:12:04.131725
02939,0000,1191,106,2024-12-29 21:12:04.147852
15011,0000,1191,106,2024-12-29 21:12:04.163843
03704,0000,1191,106,2024-12-29 21:12:04.179852
44136,0000,1191,106,2024-12-29 21:12:04.195839
16868,0000,1191,106,2024-12-29 21:12:04.211849
06781,0000,1191,106,2024-12-29 21:12:04.227847
03882,0000,1192,106,2024-12-29 21:12:04.243847
05419,0000,1191,106,2024-12-29 21:12:04.259842
17066,0000,1191,106,2024-12-29 21:12:04.291376
05268,0000,1191,106,2024-12-29 21:12:04.307822
58151,0000,1191,106,2024-12-29 21:12:04.323820
01296,0000,1191,106,2024-12-29 21:12:04.339819
20983,0000,1191,106,2024-12-29 21:12:04.355809
02269,0000,1191,106,2024-12-29 21:12:04.371810
05040,0000,1191,106,2024-12-29 21:12:04.387813
30992,0000,1191,106,2024-12-29 21:12:04.403798
03565,0000,1191,106,2024-12-29 21:12:04.419792
23454,0000,1191,106,2024-12-29 21:12:04.435796
01113,0000,1191,106,2024-12-29 21:12:04.467762
20962,0000,1191,106,2024-12-29 21:12:04.483778
02218,0000,1191,106,2024-12-29 21:12:04.499778
03965,0000,1191,106,2024-12-29 21:12:04.515778
03816,0000,1191,106,2024-12-29 21:12:04.531777
04593,0000,1191,106,2024-12-29 21:12:04.547770
00669,0000,1191,106,2024-12-29 21:12:04.563768
00410,0000,1191,106,2024-12-29 21:12:04.579763
04173,0000,1191,106,2024-12-29 21:12:04.595767
02806,0000,1191,106,2024-12-29 21:12:04.627408
01381,0000,1191,106,2024-12-29 21:12:04.643767
02017,0000,1191,106,2024-12-29 21:12:04.659741
03688,0000,1191,106,2024-12-29 21:12:04.675741
13455,0000,1191,106,2024-12-29 21:12:04.691734
13485,0000,1191,106,2024-12-29 21:12:04.707743
01943,0000,1192,106,2024-12-29 21:12:04.723738
08252,0000,1191,106,2024-12-29 21:12:04.739744
05483,0000,1191,106,2024-12-29 21:12:04.755740
04495,0000,1191,106,2024-12-29 21:12:04.787044
03542,0000,1191,106,2024-12-29 21:12:04.803726
10981,0000,1192,106,2024-12-29 21:12:04.819717
30405,0000,1192,106,2024-12-29 21:12:04.835718
36222,0000,1191,106,2024-12-29 21:12:04.851709
04968,0000,1191,106,2024-12-29 21:12:04.867710
43984,0000,1192,106,2024-12-29 21:12:04.883702
02906,0000,1191,106,2024-12-29 21:12:04.899709
04173,0000,1191,106,2024-12-29 21:12:04.915701
44653,0000,1191,106,2024-12-29 21:12:04.931699
02112,0000,1192,106,2024-12-29 21:12:04.963430
03427,0000,1192,106,2024-12-29 21:12:04.979689
40933,0000,1191,106,2024-12-29 21:12:04.995688
00541,0000,1191,106,2024-12-29 21:12:05.011682
02878,0000,1192,106,2024-12-29 21:12:05.027682
36297,0000,1192,106,2024-12-29 21:12:05.043683
16015,0000,1192,106,2024-12-29 21:12:05.059669
19390,0000,1191,106,2024-12-29 21:12:05.075670
05385,0000,1191,106,2024-12-29 21:12:05.091661
04648,0000,1191,106,2024-12-29 21:12:05.123062
40183,0000,1192,106,2024-12-29 21:12:05.139662
03662,0000,1191,106,2024-12-29 21:12:05.155656
37721,0000,1191,106,2024-12-29 21:12:05.171662
22438,0000,1191,106,2024-12-29 21:12:05.187653
13224,0000,1191,106,2024-12-29 21:12:05.203657
10908,0000,1191,106,2024-12-29 21:12:05.219644
07624,0000,1192,106,2024-12-29 21:12:05.235637
39247,0000,1192,106,2024-12-29 21:12:05.251649
58386,0000,1192,106,2024-12-29 21:12:05.267626
02910,0000,1192,106,2024-12-29 21:12:05.299460
18571,0000,1191,106,2024-12-29 21:12:05.315636
05335,0000,1192,106,2024-12-29 21:12:05.331619
01279,0000,1192,106,2024-12-29 21:12:05.347631
05247,0000,1192,106,2024-12-29 21:12:05.363617
06776,0000,1191,106,2024-12-29 21:12:05.379613
12163,0000,1192,106,2024-12-29 21:12:05.395603
60012,0000,1192,106,2024-12-29 21:12:05.411611
01347,0000,1192,106,2024-12-29 21:12:05.427609
04966,0000,1191,106,2024-12-29 21:12:05.459106
05185,0000,1191,106,2024-12-29 21:12:05.475592
03453,0000,1192,106,2024-12-29 21:12:05.491596
03118,0000,1191,106,2024-12-29 21:12:05.507582
05290,0000,1192,106,2024-12-29 21:12:05.523587
29920,0000,1192,106,2024-12-29 21:12:05.539581
28625,0000,1192,106,2024-12-29 21:12:05.555583
21035,0000,1191,106,2024-12-29 21:12:05.571571
58155,0000,1192,106,2024-12-29 21:12:05.587570
02152,0000,1192,106,2024-12-29 21:12:05.603561
02107,0000,1192,106,2024-12-29 21:12:05.635472
03796,0000,1192,106,2024-12-29 21:12:05.651567
00442,0000,1192,106,2024-12-29 21:12:05.667560
47529,0000,1192,106,2024-12-29 21:12:05.683557
01540,0000,1192,106,2024-12-29 21:12:05.699546
05359,0000,1192,106,2024-12-29 21:12:05.715548
04940,0000,1192,106,2024-12-29 21:12:05.731545
09810,0000,1192,106,2024-12-29 21:12:05.747555
01490,0000,1192,106,2024-12-29 21:12:05.763534
05280,0000,1192,106,2024-12-29 21:12:05.795113
00499,0000,1192,106,2024-12-29 21:12:05.811539
16203,0001,1192,106,2024-12-29 21:12:05.827535
02237,0000,1192,106,2024-12-29 21:12:05.843519
02590,0000,1192,106,2024-12-29 21:12:05.859519
02219,0000,1192,106,2024-12-29 21:12:05.875511
10374,0000,1192,106,2024-12-29 21:12:05.891511
02092,0000,1192,106,2024-12-29 21:12:05.907507
03845,0000,1192,106,2024-12-29 21:12:05.923508
14533,0000,1191,106,2024-12-29 21:12:05.939506
21106,0001,1192,106,2024-12-29 21:12:05.971492
01134,0000,1192,106,2024-12-29 21:12:05.987492
14927,0000,1192,106,2024-12-29 21:12:06.003490
04269,0000,1192,106,2024-12-29 21:12:06.019491
17698,0000,1192,106,2024-12-29 21:12:06.035479
24163,0000,1192,106,2024-12-29 21:12:06.051490
23615,0000,1192,106,2024-12-29 21:12:06.067481
22128,0000,1192,106,2024-12-29 21:12:06.083474
28813,0000,1192,106,2024-12-29 21:12:06.099466
03827,0001,1192,106,2024-12-29 21:12:06.131144
58413,0000,1192,106,2024-12-29 21:12:06.147454
26217,0000,1192,106,2024-12-29 21:12:06.163459
05466,0000,1192,106,2024-12-29 21:12:06.179453
55925,0001,1192,106,2024-12-29 21:12:06.195460
25638,0000,1192,106,2024-12-29 21:12:06.211450
04519,0000,1192,106,2024-12-29 21:12:06.227466
00498,0000,1192,106,2024-12-29 21:12:06.243455
00664,0000,1192,106,2024-12-29 21:12:06.259442
05402,0000,1192,106,2024-12-29 21:12:06.290791
01438,0000,1192,106,2024-12-29 21:12:06.307432
37636,0000,1192,106,2024-12-29 21:12:06.323426
01405,0000,1192,106,2024-12-29 21:12:06.339426
39988,0000,1192,106,2024-12-29 21:12:06.355435
02664,0000,1192,106,2024-12-29 21:12:06.371416
40926,0000,1192,106,2024-12-29 21:12:06.387416
00546,0000,1192,106,2024-12-29 21:12:06.403415
05520,0000,1192,106,2024-12-29 21:12:06.419415
36991,0000,1192,106,2024-12-29 21:12:06.435414
18374,0000,1192,106,2024-12-29 21:12:06.467174
00816,0000,1192,106,2024-12-29 21:12:06.483408
16279,0000,1192,106,2024-12-29 21:12:06.499392
45433,0000,1192,106,2024-12-29 21:12:06.515390
23106,0000,1192,106,2024-12-29 21:12:06.531385
00484,0000,1192,106,2024-12-29 21:12:06.547380
01441,0000,1192,106,2024-12-29 21:12:06.563389
02126,0000,1192,106,2024-12-29 21:12:06.579377
02025,0000,1192,106,2024-12-29 21:12:06.595374
05387,0000,1192,106,2024-12-29 21:12:06.626822
04138,0000,1192,106,2024-12-29 21:12:06.643382
01484,0000,1192,106,2024-12-29 21:12:06.659387
34627,0000,1192,106,2024-12-29 21:12:06.675387
01454,0000,1192,106,2024-12-29 21:12:06.691388
01222,0000,1192,106,2024-12-29 21:12:06.707388
05408,0000,1192,106,2024-12-29 21:12:06.723389
00640,0000,1192,106,2024-12-29 21:12:06.739402
08121,0000,1192,106,2024-12-29 21:12:06.755400
39211,0000,1192,106,2024-12-29 21:12:06.771401
24405,0000,1192,106,2024-12-29 21:12:06.803246
00771,0000,1192,106,2024-12-29 21:12:06.819335
25526,0000,1193,106,2024-12-29 21:12:06.835340
14009,0000,1192,106,2024-12-29 21:12:06.851330
05147,0000,1192,106,2024-12-29 21:12:06.867327
44038,0000,1192,106,2024-12-29 21:12:06.883321
28114,0000,1192,106,2024-12-29 21:12:06.899318
08353,0000,1192,106,2024-12-29 21:12:06.915315
18040,0000,1192,106,2024-12-29 21:12:06.931314
03459,0000,1192,106,2024-12-29 21:12:06.962836
23779,0000,1192,106,2024-12-29 21:12:06.979302
54196,0000,1192,106,2024-12-29 21:12:06.995302
07692,0000,1192,106,2024-12-29 21:12:07.011312
01995,0000,1192,106,2024-12-29 21:12:07.027291
47358,0000,1192,106,2024-12-29 21:12:07.043292
28082,0000,1192,106,2024-12-29 21:12:07.059281
02125,0000,1192,106,2024-12-29 21:12:07.075291
17157,0000,1192,106,2024-12-29 21:12:07.091278
01912,0000,1192,106,2024-12-29 21:12:07.107277
16177,0000,1192,106,2024-12-29 21:12:07.139214
01282,0000,1192,106,2024-12-29 21:12:07.155272
04402,0000,1192,106,2024-12-29 21:12:07.171263
00336,0000,1192,106,2024-12-29 21:12:07.187265
16940,0001,1192,106,2024-12-29 21:12:07.203259
20644,0000,1192,106,2024-12-29 21:12:07.219264
05477,0001,1192,106,2024-12-29 21:12:07.235248
03584,0000,1192,106,2024-12-29 21:12:07.251259
26189,0000,1192,106,2024-12-29 21:12:07.267243
08586,0000,1192,106,2024-12-29 21:12:07.298867
07539,0000,1192,106,2024-12-29 21:12:07.315236
24466,0000,1192,106,2024-12-29 21:12:07.331236
20998,0000,1192,106,2024-12-29 21:12:07.347228
05481,0000,1192,106,2024-12-29 21:12:07.363226
13041,0000,1192,106,2024-12-29 21:12:07.379223
05435,0000,1192,106,2024-12-29 21:12:07.395226
03618,0000,1192,106,2024-12-29 21:12:07.411211
05014,0000,1192,106,2024-12-29 21:12:07.427218
04907,0000,1192,106,2024-12-29 21:12:07.443211
16631,0000,1192,106,2024-12-29 21:12:07.475209
05416,0000,1192,106,2024-12-29 21:12:07.491206
13407,0000,1192,106,2024-12-29 21:12:07.507201
29574,0000,1192,106,2024-12-29 21:12:07.523208
17939,0000,1192,106,2024-12-29 21:12:07.539197
03701,0000,1192,106,2024-12-29 21:12:07.555188
04805,0001,1192,106,2024-12-29 21:12:07.571186
01125,0000,1192,106,2024-12-29 21:12:07.587176
37649,0000,1192,106,2024-12-29 21:12:07.603182
00470,0000,1192,106,2024-12-29 21:12:07.634891
23030,0000,1192,106,2024-12-29 21:12:07.651168
05261,0000,1192,106,2024-12-29 21:12:07.667171
03056,0000,1192,106,2024-12-29 21:12:07.683159
04799,0000,1192,106,2024-12-29 21:12:07.699158
39424,0000,1192,106,2024-12-29 21:12:07.715156
26229,0000,1192,106,2024-12-29 21:12:07.731155
03034,0000,1192,106,2024-12-29 21:12:07.747159
36985,0000,1192,106,2024-12-29 21:12:07.763151
01850,0000,1193,106,2024-12-29 21:12:07.794528
04941,0000,1192,106,2024-12-29 21:12:07.811144
04131,0000,1192,106,2024-12-29 21:12:07.827132
04512,0000,1192,106,2024-12-29 21:12:07.843140
02912,0000,1192,106,2024-12-29 21:12:07.859129
02621,0000,1192,106,2024-12-29 21:12:07.875134
16985,0000,1192,106,2024-12-29 21:12:07.891126
05359,0000,1192,106,2024-12-29 21:12:07.907135
61019,0000,1192,106,2024-12-29 21:12:07.923131
28307,0000,1192,106,2024-12-29 21:12:07.939144
12019,0000,1192,106,2024-12-29 21:12:07.970938
05227,0000,1193,106,2024-12-29 21:12:07.987113
31516,0000,1192,106,2024-12-29 21:12:08.003120
13122,0000,1192,106,2024-12-29 21:12:08.019106
03797,0000,1192,106,2024-12-29 21:12:08.035099
04654,0000,1192,106,2024-12-29 21:12:08.051102
04249,0000,1192,106,2024-12-29 21:12:08.067105
44661,0000,1192,106,2024-12-29 21:12:08.083095
17243,0000,1193,106,2024-12-29 21:12:08.099085
05238,0000,1192,106,2024-12-29 21:12:08.130581
04631,0000,1192,106,2024-12-29 21:12:08.147078
32296,0000,1192,106,2024-12-29 21:12:08.163085
01213,0000,1192,106,2024-12-29 21:12:08.179093
19608,0001,1193,106,2024-12-29 21:12:08.195064
23912,0000,1192,106,2024-12-29 21:12:08.211078
05037,0000,1192,106,2024-12-29 21:12:08.227072
47029,0000,1192,106,2024-12-29 21:12:08.243074
20650,0000,1192,106,2024-12-29 21:12:08.259067
28905,0000,1192,106,2024-12-29 21:12:08.275059
03362,0000,1192,106,2024-12-29 21:12:08.306948
00726,0000,1192,106,2024-12-29 21:12:08.323049
26459,0000,1192,106,2024-12-29 21:12:08.339038
01332,0001,1192,106,2024-12-29 21:12:08.355041
08251,0000,1192,106,2024-12-29 21:12:08.371035
03669,0000,1192,106,2024-12-29 21:12:08.387033
37879,0000,1193,106,2024-12-29 21:12:08.403022
04342,0000,1192,106,2024-12-29 21:12:08.419026
05344,0000,1193,106,2024-12-29 21:12:08.435023
04575,0000,1192,106,2024-12-29 21:12:08.466598
00197,0001,1192,106,2024-12-29 21:12:08.483017
01438,0000,1192,106,2024-12-29 21:12:08.499004
02969,0000,1193,106,2024-12-29 21:12:08.515008
01290,0000,1192,106,2024-12-29 21:12:08.531001
03055,0000,1192,106,2024-12-29 21:12:08.547010
02673,0000,1192,106,2024-12-29 21:12:08.563005
01020,0000,1193,106,2024-12-29 21:12:08.578992
03652,0000,1192,106,2024-12-29 21:12:08.594992
19181,0000,1192,106,2024-12-29 21:12:08.610993
24918,0000,1192,106,2024-12-29 21:12:08.642977
09407,0000,1192,106,2024-12-29 21:12:08.658981
04545,0000,1193,106,2024-12-29 21:12:08.674974
01688,0000,1192,106,2024-12-29 21:12:08.690979
54321,0000,1192,106,2024-12-29 21:12:08.706972
04864,0000,1193,106,2024-12-29 21:12:08.722966
05209,0000,1192,106,2024-12-29 21:12:08.738964
11687,0000,1192,106,2024-12-29 21:12:08.754970
17158,0000,1193,106,2024-12-29 21:12:08.770956
01255,0000,1193,106,2024-12-29 21:12:08.802624
04506,0000,1193,106,2024-12-29 21:12:08.818958
01439,0000,1192,106,2024-12-29 21:12:08.834951
04548,0000,1193,106,2024-12-29 21:12:08.850951
53404,0000,1192,106,2024-12-29 21:12:08.866935
45341,0000,1192,106,2024-12-29 21:12:08.882928
02004,0000,1193,106,2024-12-29 21:12:08.898932
00481,0000,1192,106,2024-12-29 21:12:08.914930
22864,0000,1192,106,2024-12-29 21:12:08.930929
36953,0000,1193,106,2024-12-29 21:12:08.962240
02528,0000,1193,106,2024-12-29 21:12:08.978909
20788,0001,1193,106,2024-12-29 21:12:08.994922
12980,0000,1192,106,2024-12-29 21:12:09.010913
05262,0000,1192,106,2024-12-29 21:12:09.026911
13378,0000,1193,106,2024-12-29 21:12:09.042903
14818,0000,1193,106,2024-12-29 21:12:09.058900
01826,0000,1192,106,2024-12-29 21:12:09.074908
48963,0000,1193,106,2024-12-29 21:12:09.090894
02293,0000,1193,106,2024-12-29 21:12:09.106899
02068,0000,1193,106,2024-12-29 21:12:09.138643
05263,0000,1193,106,2024-12-29 21:12:09.154880
04409,0000,1192,106,2024-12-29 21:12:09.170883
09615,0000,1192,106,2024-12-29 21:12:09.186872
18507,0000,1193,106,2024-12-29 21:12:09.202878
41348,0000,1193,106,2024-12-29 21:12:09.218872
03777,0000,1193,106,2024-12-29 21:12:09.234864
44644,0000,1193,106,2024-12-29 21:12:09.250871
02537,0000,1193,106,2024-12-29 21:12:09.266864
00314,0000,1193,106,2024-12-29 21:12:09.298275
30620,0000,1193,106,2024-12-29 21:12:09.314854
34708,0000,1192,106,2024-12-29 21:12:09.330853
36340,0000,1193,106,2024-12-29 21:12:09.346852
43736,0000,1193,106,2024-12-29 21:12:09.362854
07690,0000,1193,106,2024-12-29 21:12:09.378840
35294,0000,1192,106,2024-12-29 21:12:09.394842
20945,0000,1192,106,2024-12-29 21:12:09.410832
54292,0000,1193,106,2024-12-29 21:12:09.426832
09188,0000,1192,106,2024-12-29 21:12:09.442829
01958,0000,1193,106,2024-12-29 21:12:09.474676
26909,0000,1193,106,2024-12-29 21:12:09.490811
01337,0000,1193,106,2024-12-29 21:12:09.506817
36701,0000,1193,106,2024-12-29 21:12:09.522802
03126,0000,1193,106,2024-12-29 21:12:09.538805
51638,0000,1192,106,2024-12-29 21:12:09.554802
06330,0000,1193,106,2024-12-29 21:12:09.570801
05247,0000,1193,106,2024-12-29 21:12:09.586794
45475,0000,1193,106,2024-12-29 21:12:09.602792
17479,0000,1193,106,2024-12-29 21:12:09.634291
05250,0000,1193,106,2024-12-29 21:12:09.650782
04379,0000,1193,106,2024-12-29 21:12:09.666779
24033,0000,1193,106,2024-12-29 21:12:09.682779
02944,0000,1193,106,2024-12-29 21:12:09.698774
38758,0000,1193,106,2024-12-29 21:12:09.714773
34719,0000,1193,106,2024-12-29 21:12:09.730769
02356,0000,1193,106,2024-12-29 21:12:09.746777
03843,0000,1193,106,2024-12-29 21:12:09.762776
02077,0000,1193,106,2024-12-29 21:12:09.778772
01479,0000,1193,106,2024-12-29 21:12:09.810716
49973,0000,1192,106,2024-12-29 21:12:09.826793
03844,0000,1193,106,2024-12-29 21:12:09.842789
15645,0000,1193,106,2024-12-29 21:12:09.858788
12773,0000,1193,106,2024-12-29 21:12:09.874792
21740,0000,1193,106,2024-12-29 21:12:09.890788
02974,0000,1193,106,2024-12-29 21:12:09.906796
13335,0000,1193,106,2024-12-29 21:12:09.922799
15401,0000,1193,106,2024-12-29 21:12:09.938729
02112,0001,1193,106,2024-12-29 21:12:09.970309
04469,0000,1193,106,2024-12-29 21:12:09.986730
02947,0000,1193,106,2024-12-29 21:12:10.002711
26085,0000,1193,106,2024-12-29 21:12:10.018724
32915,0000,1193,106,2024-12-29 21:12:10.034710
24818,0000,1193,106,2024-12-29 21:12:10.050714
49835,0000,1193,106,2024-12-29 21:12:10.066715
03700,0000,1193,106,2024-12-29 21:12:10.082694
02964,0000,1193,106,2024-12-29 21:12:10.098700
01979,0000,1193,106,2024-12-29 21:12:10.114704
07008,0000,1193,106,2024-12-29 21:12:10.146678
12861,0000,1193,106,2024-12-29 21:12:10.162688
00406,0000,1193,106,2024-12-29 21:12:10.178679
00736,0000,1193,106,2024-12-29 21:12:10.194683
08593,0000,1193,106,2024-12-29 21:12:10.210677
39379,0000,1193,106,2024-12-29 21:12:10.226672
30615,0000,1193,106,2024-12-29 21:12:10.242681
24557,0000,1193,106,2024-12-29 21:12:10.258673
57535,0000,1193,106,2024-12-29 21:12:10.274662
20827,0000,1193,106,2024-12-29 21:12:10.306353
42292,0000,1193,106,2024-12-29 21:12:10.322650
02960,0000,1193,106,2024-12-29 21:12:10.338649
02787,0000,1193,106,2024-12-29 21:12:10.354644
21877,0000,1193,106,2024-12-29 21:12:10.370644
03552,0000,1193,106,2024-12-29 21:12:10.386635
24476,0001,1193,106,2024-12-29 21:12:10.402640
02136,0000,1193,106,2024-12-29 21:12:10.418630
29283,0000,1193,106,2024-12-29 21:12:10.434633
02281,0000,1193,106,2024-12-29 21:12:10.465992
00586,0000,1193,106,2024-12-29 21:12:10.482624
40992,0000,1193,106,2024-12-29 21:12:10.498625
10495,0000,1193,106,2024-12-29 21:12:10.514626
11915,0000,1193,106,2024-12-29 21:12:10.530626
14149,0000,1193,106,2024-12-29 21:12:10.546611
03479,0000,1193,106,2024-12-29 21:12:10.562600
00310,0000,1193,106,2024-12-29 21:12:10.578597
30903,0000,1193,106,2024-12-29 21:12:10.594600
07542,0000,1193,106,2024-12-29 21:12:10.610601
04441,0000,1193,106,2024-12-29 21:12:10.642372
09953,0000,1193,106,2024-12-29 21:12:10.658588
04132,0000,1193,106,2024-12-29 21:12:10.674589
05285,0000,1193,106,2024-12-29 21:12:10.690580
02352,0001,1193,106,2024-12-29 21:12:10.706583
02188,0000,1193,106,2024-12-29 21:12:10.722576
02059,0000,1193,106,2024-12-29 21:12:10.738579
02947,0000,1193,106,2024-12-29 21:12:10.754580
01459,0000,1193,106,2024-12-29 21:12:10.770569
26575,0001,1193,106,2024-12-29 21:12:10.802011
33822,0000,1193,106,2024-12-29 21:12:10.818559
05432,0000,1193,106,2024-12-29 21:12:10.834564
02019,0000,1193,106,2024-12-29 21:12:10.850558
02876,0000,1193,106,2024-12-29 21:12:10.866554
44114,0000,1193,106,2024-12-29 21:12:10.882544
33735,0000,1193,106,2024-12-29 21:12:10.898550
17846,0000,1193,106,2024-12-29 21:12:10.914547
28117,0000,1193,106,2024-12-29 21:12:10.930533
02085,0000,1193,106,2024-12-29 21:12:10.946533
06226,0000,1193,106,2024-12-29 21:12:10.978393
31145,0000,1193,106,2024-12-29 21:12:10.994514
14863,0001,1193,106,2024-12-29 21:12:11.010513
16026,0000,1193,106,2024-12-29 21:12:11.026511
05019,0000,1193,106,2024-12-29 21:12:11.042521
09031,0000,1193,106,2024-12-29 21:12:11.058510
01501,0001,1193,106,2024-12-29 21:12:11.074513
05220,0000,1193,106,2024-12-29 21:12:11.090506
05055,0000,1193,106,2024-12-29 21:12:11.106496
02948,0000,1193,106,2024-12-29 21:12:11.138033
14192,0000,1193,106,2024-12-29 21:12:11.154489
41824,0000,1193,106,2024-12-29 21:12:11.170481
03699,0000,1193,106,2024-12-29 21:12:11.186481
00602,0000,1193,106,2024-12-29 21:12:11.202477
17780,0000,1193,106,2024-12-29 21:12:11.218473
02938,0001,1193,106,2024-12-29 21:12:11.234473
22126,0000,1193,106,2024-12-29 21:12:11.250474
02282,0000,1193,106,2024-12-29 21:12:11.266457
17594,0000,1193,106,2024-12-29 21:12:11.282467
12524,0000,1193,106,2024-12-29 21:12:11.314422
00106,0000,1193,106,2024-12-29 21:12:11.330457
04254,0000,1194,106,2024-12-29 21:12:11.346459
18428,0000,1193,106,2024-12-29 21:12:11.362448
03229,0000,1193,106,2024-12-29 21:12:11.378432
24963,0000,1193,106,2024-12-29 21:12:11.394434
04468,0000,1193,106,2024-12-29 21:12:11.410436
04579,0000,1193,106,2024-12-29 21:12:11.426438
10752,0000,1193,106,2024-12-29 21:12:11.442422
02745,0000,1193,106,2024-12-29 21:12:11.474068
00479,0001,1193,106,2024-12-29 21:12:11.490421
30837,0000,1193,106,2024-12-29 21:12:11.506410
29046,0000,1193,106,2024-12-29 21:12:11.522411
03116,0000,1194,106,2024-12-29 21:12:11.538407
02978,0000,1193,106,2024-12-29 21:12:11.554409
00549,0000,1193,106,2024-12-29 21:12:11.570400
01871,0000,1193,106,2024-12-29 21:12:11.586400
03903,0000,1193,106,2024-12-29 21:12:11.602394
17611,0000,1193,106,2024-12-29 21:12:11.633706
13814,0000,1193,106,2024-12-29 21:12:11.650391
24979,0000,1193,106,2024-12-29 21:12:11.666382
35593,0000,1193,106,2024-12-29 21:12:11.682384
00701,0000,1193,106,2024-12-29 21:12:11.698385
46517,0000,1193,106,2024-12-29 21:12:11.714372
26432,0000,1193,106,2024-12-29 21:12:11.730370
01311,0000,1193,106,2024-12-29 21:12:11.746367
04267,0000,1193,106,2024-12-29 21:12:11.762368
43274,0000,1193,106,2024-12-29 21:12:11.778358
04007,0001,1193,106,2024-12-29 21:12:11.810087
26415,0000,1193,106,2024-12-29 21:12:11.826360
01272,0000,1193,106,2024-12-29 21:12:11.842347
03377,0000,1193,106,2024-12-29 21:12:11.858347
01477,0000,1194,106,2024-12-29 21:12:11.874341
36198,0000,1193,106,2024-12-29 21:12:11.890345
01446,0000,1194,106,2024-12-29 21:12:11.906331
19645,0000,1193,106,2024-12-29 21:12:11.922326
14776,0000,1193,106,2024-12-29 21:12:11.938329
04181,0000,1194,106,2024-12-29 21:12:11.969738
00668,0000,1193,106,2024-12-29 21:12:11.986321
29093,0000,1194,106,2024-12-29 21:12:12.002537
11585,0000,1194,106,2024-12-29 21:12:12.018329
16595,0000,1193,106,2024-12-29 21:12:12.034316
01507,0000,1194,106,2024-12-29 21:12:12.050313
01199,0000,1193,106,2024-12-29 21:12:12.066315
05471,0000,1194,106,2024-12-29 21:12:12.082313
19351,0000,1193,106,2024-12-29 21:12:12.098312
02744,0000,1194,106,2024-12-29 21:12:12.114294
02800,0000,1193,106,2024-12-29 21:12:12.146111
02268,0000,1193,106,2024-12-29 21:12:12.162277
02037,0000,1193,106,2024-12-29 21:12:12.178273
33050,0000,1193,106,2024-12-29 21:12:12.194278
33995,0000,1194,106,2024-12-29 21:12:12.210282
17327,0000,1194,106,2024-12-29 21:12:12.226271
07939,0000,1194,106,2024-12-29 21:12:12.242281
28543,0000,1194,106,2024-12-29 21:12:12.258271
03057,0000,1193,106,2024-12-29 21:12:12.274264
21292,0000,1194,106,2024-12-29 21:12:12.305757
39300,0000,1194,106,2024-12-29 21:12:12.322258
03060,0000,1193,106,2024-12-29 21:12:12.338253
60019,0000,1193,106,2024-12-29 21:12:12.354245
08752,0000,1193,106,2024-12-29 21:12:12.370249
33094,0000,1193,106,2024-12-29 21:12:12.386235
37672,0000,1193,106,2024-12-29 21:12:12.402233
22925,0000,1194,106,2024-12-29 21:12:12.418237
20861,0000,1193,106,2024-12-29 21:12:12.434240
19142,0000,1194,106,2024-12-29 21:12:12.450232
04466,0000,1194,106,2024-12-29 21:12:12.482144
01893,0000,1194,106,2024-12-29 21:12:12.498239
14405,0000,1194,106,2024-12-29 21:12:12.514221
20726,0000,1193,106,2024-12-29 21:12:12.530212
02793,0000,1193,106,2024-12-29 21:12:12.546213
23737,0000,1194,106,2024-12-29 21:12:12.562206
11507,0000,1193,106,2024-12-29 21:12:12.578217
13141,0000,1194,106,2024-12-29 21:12:12.594203
14654,0000,1193,106,2024-12-29 21:12:12.610208
09279,0000,1194,106,2024-12-29 21:12:12.641790
01107,0000,1193,106,2024-12-29 21:12:12.658184
15539,0000,1193,106,2024-12-29 21:12:12.674184
31105,0000,1194,106,2024-12-29 21:12:12.690176
00300,0000,1194,106,2024-12-29 21:12:12.706180
05146,0000,1193,106,2024-12-29 21:12:12.722179
27096,0000,1193,106,2024-12-29 21:12:12.738177
09209,0000,1194,106,2024-12-29 21:12:12.754177
01638,0000,1194,106,2024-12-29 21:12:12.770171
00346,0000,1194,106,2024-12-29 21:12:12.786161
56671,0000,1194,106,2024-12-29 21:12:12.818154
00910,0000,1194,106,2024-12-29 21:12:12.834154
02344,0000,1194,106,2024-12-29 21:12:12.850151
04297,0000,1194,106,2024-12-29 21:12:12.866161
02097,0000,1194,106,2024-12-29 21:12:12.882164
01313,0000,1194,106,2024-12-29 21:12:12.898166
18493,0000,1194,106,2024-12-29 21:12:12.914163
04167,0000,1194,106,2024-12-29 21:12:12.930167
01679,0000,1194,106,2024-12-29 21:12:12.946163
04967,0000,1194,106,2024-12-29 21:12:12.977838
31718,0000,1194,106,2024-12-29 21:12:12.994171
24261,0000,1194,106,2024-12-29 21:12:13.010174
04939,0000,1194,106,2024-12-29 21:12:13.026174
00961,0000,1194,106,2024-12-29 21:12:13.042176
24030,0000,1194,106,2024-12-29 21:12:13.058177
27662,0000,1194,106,2024-12-29 21:12:13.074106
02069,0000,1194,106,2024-12-29 21:12:13.090112
02285,0000,1194,106,2024-12-29 21:12:13.106107
02101,0000,1194,106,2024-12-29 21:12:13.137429
01460,0000,1194,106,2024-12-29 21:12:13.154093
11964,0000,1194,106,2024-12-29 21:12:13.170085
45521,0000,1194,106,2024-12-29 21:12:13.186089
02142,0000,1194,106,2024-12-29 21:12:13.202078
01460,0000,1194,106,2024-12-29 21:12:13.218087
01931,0000,1194,106,2024-12-29 21:12:13.234071
17638,0000,1194,106,2024-12-29 21:12:13.250085
13561,0000,1194,106,2024-12-29 21:12:13.266079
09503,0000,1194,106,2024-12-29 21:12:13.282057
31548,0000,1194,106,2024-12-29 21:12:13.313829
03177,0000,1194,106,2024-12-29 21:12:13.330056
02006,0000,1194,106,2024-12-29 21:12:13.346056
00545,0000,1194,106,2024-12-29 21:12:13.362056
17850,0000,1194,106,2024-12-29 21:12:13.378050
02466,0000,1194,106,2024-12-29 21:12:13.394056
02537,0000,1194,106,2024-12-29 21:12:13.410042
56527,0000,1194,106,2024-12-29 21:12:13.426045
02942,0000,1194,106,2024-12-29 21:12:13.442037
26176,0000,1193,106,2024-12-29 21:12:13.473470
00744,0000,1194,106,2024-12-29 21:12:13.490024
05317,0000,1194,106,2024-12-29 21:12:13.506028
43225,0000,1194,106,2024-12-29 21:12:13.522020
05428,0000,1194,106,2024-12-29 21:12:13.538017
17943,0000,1194,106,2024-12-29 21:12:13.554011
27880,0000,1194,106,2024-12-29 21:12:13.570007
01879,0000,1194,106,2024-12-29 21:12:13.586009
02947,0000,1194,106,2024-12-29 21:12:13.602010
04518,0000,1194,106,2024-12-29 21:12:13.617997
02311,0000,1194,106,2024-12-29 21:12:13.649879
50806,0000,1194,106,2024-12-29 21:12:13.666011
04536,0000,1194,106,2024-12-29 21:12:13.681987
39290,0000,1194,106,2024-12-29 21:12:13.697990
01880,0000,1194,106,2024-12-29 21:12:13.713986
00679,0000,1194,106,2024-12-29 21:12:13.729980
27616,0000,1194,106,2024-12-29 21:12:13.745992
04212,0000,1194,106,2024-12-29 21:12:13.761976
40097,0000,1194,106,2024-12-29 21:12:13.777981
05104,0000,1194,106,2024-12-29 21:12:13.809496
04490,0000,1194,106,2024-12-29 21:12:13.825960
05102,0000,1194,106,2024-12-29 21:12:13.841960
14133,0000,1194,106,2024-12-29 21:12:13.857957
09836,0000,1194,106,2024-12-29 21:12:13.873955
01401,0000,1194,106,2024-12-29 21:12:13.889947
06054,0000,1194,106,2024-12-29 21:12:13.905956
23054,0000,1194,106,2024-12-29 21:12:13.921948
21170,0000,1194,106,2024-12-29 21:12:13.937958
36807,0000,1194,106,2024-12-29 21:12:13.953956
50674,0000,1194,106,2024-12-29 21:12:13.985909
07880,0000,1194,106,2024-12-29 21:12:14.001945
08144,0000,1194,106,2024-12-29 21:12:14.017923
02230,0000,1194,106,2024-12-29 21:12:14.033931
03254,0000,1194,106,2024-12-29 21:12:14.049938
17502,0000,1194,106,2024-12-29 21:12:14.065917
56626,0000,1194,106,2024-12-29 21:12:14.081914
27588,0000,1194,106,2024-12-29 21:12:14.097905
05088,0000,1194,106,2024-12-29 21:12:14.113908
05482,0000,1194,106,2024-12-29 21:12:14.145542
06585,0000,1194,106,2024-12-29 21:12:14.161899
18427,0000,1194,106,2024-12-29 21:12:14.177900
02289,0000,1194,106,2024-12-29 21:12:14.193884
27086,0000,1194,106,2024-12-29 21:12:14.209885
31718,0000,1194,106,2024-12-29 21:12:14.225883
02618,0000,1194,106,2024-12-29 21:12:14.241891
27615,0000,1194,106,2024-12-29 21:12:14.257876
14307,0000,1194,106,2024-12-29 21:12:14.273863
16158,0001,1194,106,2024-12-29 21:12:14.289873
29662,0000,1194,106,2024-12-29 21:12:14.321865
24511,0000,1194,106,2024-12-29 21:12:14.337859
01976,0000,1194,106,2024-12-29 21:12:14.353863
29205,0000,1194,106,2024-12-29 21:12:14.369853
00966,0000,1194,106,2024-12-29 21:12:14.385856
21728,0000,1194,106,2024-12-29 21:12:14.401848
53266,0000,1194,106,2024-12-29 21:12:14.417850
05424,0000,1194,106,2024-12-29 21:12:14.433854
03079,0000,1194,106,2024-12-29 21:12:14.449833
25200,0000,1194,106,2024-12-29 21:12:14.481546
17050,0000,1194,106,2024-12-29 21:12:14.497844
13541,0000,1194,106,2024-12-29 21:12:14.513825
02482,0000,1194,106,2024-12-29 21:12:14.529827
18619,0000,1194,106,2024-12-29 21:12:14.545822
01484,0000,1194,106,2024-12-29 21:12:14.561832
05190,0000,1194,106,2024-12-29 21:12:14.577811
61010,0000,1194,106,2024-12-29 21:12:14.593811
54251,0000,1194,106,2024-12-29 21:12:14.609803
12111,0000,1194,106,2024-12-29 21:12:14.641190
18630,0000,1194,106,2024-12-29 21:12:14.657810
14223,0000,1194,106,2024-12-29 21:12:14.673794
01986,0000,1194,106,2024-12-29 21:12:14.689796
17822,0000,1194,106,2024-12-29 21:12:14.705795
05000,0000,1194,106,2024-12-29 21:12:14.721795
34701,0000,1194,106,2024-12-29 21:12:14.737787
04681,0000,1194,106,2024-12-29 21:12:14.753786
06987,0000,1194,106,2024-12-29 21:12:14.769772
13127,0000,1194,106,2024-12-29 21:12:14.785778
10018,0000,1194,106,2024-12-29 21:12:14.817576
02221,0000,1194,106,2024-12-29 21:12:14.833778
06846,0000,1194,106,2024-12-29 21:12:14.849761
23015,0000,1195,106,2024-12-29 21:12:14.865757
02923,0000,1194,106,2024-12-29 21:12:14.881754
25149,0000,1194,106,2024-12-29 21:12:14.897750
17766,0000,1194,106,2024-12-29 21:12:14.913746
04553,0000,1194,106,2024-12-29 21:12:14.929746
05108,0000,1194,106,2024-12-29 21:12:14.945742
20388,0000,1194,106,2024-12-29 21:12:14.977212
03676,0000,1194,106,2024-12-29 21:12:14.993739
37605,0000,1194,106,2024-12-29 21:12:15.009740
28002,0000,1194,106,2024-12-29 21:12:15.025727
02895,0000,1194,106,2024-12-29 21:12:15.041722
04406,0000,1194,106,2024-12-29 21:12:15.057720
02496,0000,1194,106,2024-12-29 21:12:15.073721
23463,0000,1194,106,2024-12-29 21:12:15.089710
21810,0000,1195,106,2024-12-29 21:12:15.105718
02964,0000,1194,106,2024-12-29 21:12:15.121705
15078,0000,1194,106,2024-12-29 21:12:15.153588
01458,0000,1194,106,2024-12-29 21:12:15.169697
31328,0000,1194,106,2024-12-29 21:12:15.185689
01524,0000,1194,106,2024-12-29 21:12:15.201695
49817,0000,1194,106,2024-12-29 21:12:15.217702
16941,0000,1194,106,2024-12-29 21:12:15.233684
12742,0000,1194,106,2024-12-29 21:12:15.249691
41447,0000,1194,106,2024-12-29 21:12:15.265678
05401,0000,1195,106,2024-12-29 21:12:15.281677
01474,0001,1195,106,2024-12-29 21:12:15.313233
03645,0000,1194,106,2024-12-29 21:12:15.329675
01500,0000,1194,106,2024-12-29 21:12:15.345666
37135,0000,1194,106,2024-12-29 21:12:15.361662
01449,0000,1194,106,2024-12-29 21:12:15.377662
04858,0000,1194,106,2024-12-29 21:12:15.393654
02983,0000,1194,106,2024-12-29 21:12:15.409651
38568,0000,1194,106,2024-12-29 21:12:15.425653
02909,0000,1194,106,2024-12-29 21:12:15.441650
02869,0000,1194,106,2024-12-29 21:12:15.457647
21768,0000,1194,106,2024-12-29 21:12:15.489641
20581,0000,1195,106,2024-12-29 21:12:15.505635
23944,0000,1194,106,2024-12-29 21:12:15.521631
03079,0000,1194,106,2024-12-29 21:12:15.537633
01182,0000,1194,106,2024-12-29 21:12:15.553631
00923,0000,1194,106,2024-12-29 21:12:15.569617
19827,0000,1194,106,2024-12-29 21:12:15.585619
03418,0000,1194,106,2024-12-29 21:12:15.601628
40170,0000,1194,106,2024-12-29 21:12:15.617624
02134,0000,1194,106,2024-12-29 21:12:15.649276
20225,0000,1195,106,2024-12-29 21:12:15.665592
00689,0000,1194,106,2024-12-29 21:12:15.681592
01973,0000,1195,106,2024-12-29 21:12:15.697591
03568,0000,1194,106,2024-12-29 21:12:15.713592
01156,0000,1194,106,2024-12-29 21:12:15.729588
01901,0000,1194,106,2024-12-29 21:12:15.745586
02122,0000,1194,106,2024-12-29 21:12:15.761590
41947,0000,1194,106,2024-12-29 21:12:15.777574
21038,0000,1194,106,2024-12-29 21:12:15.808914
18525,0000,1194,106,2024-12-29 21:12:15.825567
53331,0000,1194,106,2024-12-29 21:12:15.841569
10727,0000,1194,106,2024-12-29 21:12:15.857572
03077,0000,1195,106,2024-12-29 21:12:15.873556
05310,0000,1195,106,2024-12-29 21:12:15.889561
04682,0000,1194,106,2024-12-29 21:12:15.905546
23853,0000,1195,106,2024-12-29 21:12:15.921555
20925,0000,1195,106,2024-12-29 21:12:15.937544
04561,0000,1195,106,2024-12-29 21:12:15.953549
25893,0000,1195,106,2024-12-29 21:12:15.985293
11431,0000,1194,106,2024-12-29 21:12:16.001539
02844,0000,1195,106,2024-12-29 21:12:16.017540
15136,0000,1195,106,2024-12-29 21:12:16.033546
02363,0000,1195,106,2024-12-29 21:12:16.049544
13187,0000,1195,106,2024-12-29 21:12:16.065547
23844,0000,1194,106,2024-12-29 21:12:16.081552
02330,0000,1195,106,2024-12-29 21:12:16.097552
01547,0000,1195,106,2024-12-29 21:12:16.113554
34722,0000,1194,106,2024-12-29 21:12:16.144964
02117,0000,1195,106,2024-12-29 21:12:16.161562
39416,0000,1195,106,2024-12-29 21:12:16.177565
03834,0000,1195,106,2024-12-29 21:12:16.193564
35727,0000,1194,106,2024-12-29 21:12:16.209491
04535,0000,1195,106,2024-12-29 21:12:16.225484
53156,0000,1195,106,2024-12-29 21:12:16.241499
01543,0000,1195,106,2024-12-29 21:12:16.257477
05384,0000,1194,106,2024-12-29 21:12:16.273484
04427,0000,1194,106,2024-12-29 21:12:16.289472
59066,0000,1195,106,2024-12-29 21:12:16.321312
15552,0000,1195,106,2024-12-29 21:12:16.337473
01295,0001,1195,106,2024-12-29 21:12:16.353468
05278,0000,1195,106,2024-12-29 21:12:16.369464
53176,0000,1195,106,2024-12-29 21:12:16.385467
26298,0000,1195,106,2024-12-29 21:12:16.401452
49102,0000,1194,106,2024-12-29 21:12:16.417450
06738,0000,1195,106,2024-12-29 21:12:16.433448
12081,0000,1194,106,2024-12-29 21:12:16.449452
03823,0000,1195,106,2024-12-29 21:12:16.480953
06401,0000,1195,106,2024-12-29 21:12:16.497447
05138,0000,1195,106,2024-12-29 21:12:16.513448
25510,0000,1195,106,2024-12-29 21:12:16.529432
05159,0000,1195,106,2024-12-29 21:12:16.545432
05083,0000,1195,106,2024-12-29 21:12:16.561425
49112,0000,1195,106,2024-12-29 21:12:16.577423
39901,0000,1194,106,2024-12-29 21:12:16.593423
15503,0000,1195,106,2024-12-29 21:12:16.609425
01472,0000,1195,106,2024-12-29 21:12:16.625410
27691,0000,1195,106,2024-12-29 21:12:16.657330
62466,0000,1195,106,2024-12-29 21:12:16.673418
03707,0000,1194,106,2024-12-29 21:12:16.689399
03879,0000,1195,106,2024-12-29 21:12:16.705396
21115,0000,1195,106,2024-12-29 21:12:16.721394
02308,0000,1195,106,2024-12-29 21:12:16.737399
16067,0000,1195,106,2024-12-29 21:12:16.753388
04491,0000,1195,106,2024-12-29 21:12:16.769385
04612,0000,1195,106,2024-12-29 21:12:16.785392
02860,0000,1195,106,2024-12-29 21:12:16.816974
01980,0000,1195,106,2024-12-29 21:12:16.833370
00474,0000,1195,106,2024-12-29 21:12:16.849372
04466,0000,1195,106,2024-12-29 21:12:16.865363
01474,0000,1195,106,2024-12-29 21:12:16.881363
03394,0000,1195,106,2024-12-29 21:12:16.897359
39346,0000,1195,106,2024-12-29 21:12:16.913367
10877,0000,1195,106,2024-12-29 21:12:16.929350
13160,0000,1195,106,2024-12-29 21:12:16.945343
15393,0000,1195,106,2024-12-29 21:12:16.961354
40859,0000,1195,106,2024-12-29 21:12:16.993347
59961,0000,1195,106,2024-12-29 21:12:17.009335
19941,0000,1195,106,2024-12-29 21:12:17.025338
31477,0000,1195,106,2024-12-29 21:12:17.041334
35494,0000,1195,106,2024-12-29 21:12:17.057331
02951,0000,1195,106,2024-12-29 21:12:17.073328
01289,0000,1195,106,2024-12-29 21:12:17.089326
43111,0000,1195,106,2024-12-29 21:12:17.105318
27272,0000,1195,106,2024-12-29 21:12:17.121318
01837,0000,1195,106,2024-12-29 21:12:17.153011
05192,0000,1195,106,2024-12-29 21:12:17.169319
01961,0001,1195,106,2024-12-29 21:12:17.185302
27815,0000,1195,106,2024-12-29 21:12:17.201302
17918,0000,1195,106,2024-12-29 21:12:17.217291
01515,0000,1195,106,2024-12-29 21:12:17.233302
26565,0000,1195,106,2024-12-29 21:12:17.249297
03005,0000,1194,106,2024-12-29 21:12:17.265295
02698,0000,1195,106,2024-12-29 21:12:17.281292
54883,0000,1195,106,2024-12-29 21:12:17.312648
27270,0000,1195,106,2024-12-29 21:12:17.329279
06146,0000,1195,106,2024-12-29 21:12:17.345274
31677,0000,1195,106,2024-12-29 21:12:17.361269
28893,0000,1195,106,2024-12-29 21:12:17.377266
31147,0000,1195,106,2024-12-29 21:12:17.393264
06229,0000,1195,106,2024-12-29 21:12:17.409265
00557,0000,1195,106,2024-12-29 21:12:17.425247
01447,0000,1195,106,2024-12-29 21:12:17.441253
00433,0000,1195,106,2024-12-29 21:12:17.457245
25211,0000,1195,106,2024-12-29 21:12:17.489024
06123,0000,1195,106,2024-12-29 21:12:17.505241
03043,0000,1195,106,2024-12-29 21:12:17.521232
03445,0000,1195,106,2024-12-29 21:12:17.537232
28872,0000,1195,106,2024-12-29 21:12:17.553239
04198,0000,1195,106,2024-12-29 21:12:17.569224
29936,0000,1195,106,2024-12-29 21:12:17.585228
20226,0000,1195,106,2024-12-29 21:12:17.601218
59888,0000,1195,106,2024-12-29 21:12:17.617221
02721,0000,1194,106,2024-12-29 21:12:17.648670
10001,0000,1195,106,2024-12-29 21:12:17.665219
04138,0000,1195,106,2024-12-29 21:12:17.681207
00988,0000,1195,106,2024-12-29 21:12:17.697199
13871,0000,1195,106,2024-12-29 21:12:17.713195
27459,0000,1195,106,2024-12-29 21:12:17.729188
02297,0001,1195,106,2024-12-29 21:12:17.745191
00587,0001,1195,106,2024-12-29 21:12:17.761193
02945,0000,1195,106,2024-12-29 21:12:17.777187
19406,0000,1195,106,2024-12-29 21:12:17.793170
25159,0000,1195,106,2024-12-29 21:12:17.825063
04324,0000,1195,106,2024-12-29 21:12:17.841178
02240,0000,1195,106,2024-12-29 21:12:17.857162
33837,0001,1195,106,2024-12-29 21:12:17.873170
03121,0000,1195,106,2024-12-29 21:12:17.889161
25276,0000,1195,106,2024-12-29 21:12:17.905159
49090,0001,1195,106,2024-12-29 21:12:17.921155
03732,0000,1195,106,2024-12-29 21:12:17.937157
00640,0001,1195,106,2024-12-29 21:12:17.953161
02893,0000,1195,106,2024-12-29 21:12:17.984690
02256,0000,1195,106,2024-12-29 21:12:18.001139
01992,0000,1195,106,2024-12-29 21:12:18.017140
08465,0000,1195,106,2024-12-29 21:12:18.033127
04649,0000,1195,106,2024-12-29 21:12:18.049133
17212,0000,1195,106,2024-12-29 21:12:18.065129
01421,0000,1195,106,2024-12-29 21:12:18.081120
40807,0000,1195,106,2024-12-29 21:12:18.097116
39187,0000,1195,106,2024-12-29 21:12:18.113113
09268,0000,1195,106,2024-12-29 21:12:18.129116
44062,0000,1196,106,2024-12-29 21:12:18.161088
05091,0000,1195,106,2024-12-29 21:12:18.177108
26318,0000,1195,106,2024-12-29 21:12:18.193104
04313,0000,1195,106,2024-12-29 21:12:18.209104
52394,0000,1195,106,2024-12-29 21:12:18.225096
49906,0000,1195,106,2024-12-29 21:12:18.241097
57363,0000,1195,106,2024-12-29 21:12:18.257096
17382,0000,1195,106,2024-12-29 21:12:18.273087
04459,0000,1195,106,2024-12-29 21:12:18.289087
55146,0000,1195,106,2024-12-29 21:12:18.320714
24435,0000,1195,106,2024-12-29 21:12:18.337082
03596,0000,1195,106,2024-12-29 21:12:18.353082
02033,0000,1195,106,2024-12-29 21:12:18.369069
03826,0000,1195,106,2024-12-29 21:12:18.385064
01206,0000,1195,106,2024-12-29 21:12:18.401056
03904,0000,1195,106,2024-12-29 21:12:18.417060
02924,0000,1195,106,2024-12-29 21:12:18.433053
42576,0000,1195,106,2024-12-29 21:12:18.449051
15608,0000,1195,106,2024-12-29 21:12:18.480363
16880,0000,1195,106,2024-12-29 21:12:18.497044
04477,0000,1195,106,2024-12-29 21:12:18.513035
38495,0000,1195,106,2024-12-29 21:12:18.529036
16446,0000,1195,106,2024-12-29 21:12:18.545034
05225,0000,1195,106,2024-12-29 21:12:18.561032
10649,0001,1195,106,2024-12-29 21:12:18.577031
01460,0000,1195,106,2024-12-29 21:12:18.593027
02141,0000,1196,106,2024-12-29 21:12:18.609023
01563,0000,1195,106,2024-12-29 21:12:18.625028
11300,0000,1195,106,2024-12-29 21:12:18.656733
49939,0000,1195,106,2024-12-29 21:12:18.673012
14411,0000,1195,106,2024-12-29 21:12:18.689013
01326,0000,1195,106,2024-12-29 21:12:18.705002
32267,0000,1195,106,2024-12-29 21:12:18.721003
35929,0000,1195,106,2024-12-29 21:12:18.737000
24774,0000,1195,106,2024-12-29 21:12:18.753010
40306,0000,1195,106,2024-12-29 21:12:18.768993
01554,0000,1195,106,2024-12-29 21:12:18.784986
20664,0000,1195,106,2024-12-29 21:12:18.816385
10357,0000,1195,106,2024-12-29 21:12:18.832982
33227,0000,1195,106,2024-12-29 21:12:18.848984
01304,0000,1195,106,2024-12-29 21:12:18.864985
02697,0000,1195,106,2024-12-29 21:12:18.880969
21832,0000,1195,106,2024-12-29 21:12:18.896969
44886,0000,1195,106,2024-12-29 21:12:18.912959
01860,0000,1195,106,2024-12-29 21:12:18.928963
00452,0000,1195,106,2024-12-29 21:12:18.944952
45617,0000,1195,106,2024-12-29 21:12:18.960957
05555,0000,1195,106,2024-12-29 21:12:18.992776
31362,0000,1195,106,2024-12-29 21:12:19.008947
21495,0001,1195,106,2024-12-29 21:12:19.024942
03633,0000,1195,106,2024-12-29 21:12:19.040942
24121,0000,1195,106,2024-12-29 21:12:19.056934
00298,0000,1195,106,2024-12-29 21:12:19.072938
00093,0000,1195,106,2024-12-29 21:12:19.088938
04971,0000,1196,106,2024-12-29 21:12:19.104926
50759,0000,1195,106,2024-12-29 21:12:19.120931
00812,0000,1195,106,2024-12-29 21:12:19.152424
02221,0000,1196,106,2024-12-29 21:12:19.168930
55901,0000,1195,106,2024-12-29 21:12:19.184931
02149,0000,1195,106,2024-12-29 21:12:19.200940
04555,0000,1195,106,2024-12-29 21:12:19.216945
02266,0000,1195,106,2024-12-29 21:12:19.232944
02963,0000,1195,106,2024-12-29 21:12:19.248957
20071,0000,1195,106,2024-12-29 21:12:19.264950
59835,0000,1195,106,2024-12-29 21:12:19.280951
04230,0000,1195,106,2024-12-29 21:12:19.296948
02111,0000,1195,106,2024-12-29 21:12:19.328778
02780,0000,1196,106,2024-12-29 21:12:19.344888
36063,0000,1195,106,2024-12-29 21:12:19.360878
19438,0000,1196,106,2024-12-29 21:12:19.376882
33776,0000,1195,106,2024-12-29 21:12:19.392869
53268,0000,1195,106,2024-12-29 21:12:19.408872
07848,0000,1195,106,2024-12-29 21:12:19.424865
02271,0000,1195,106,2024-12-29 21:12:19.440867
59349,0000,1196,106,2024-12-29 21:12:19.456860
01859,0000,1195,106,2024-12-29 21:12:19.488431
07288,0000,1196,106,2024-12-29 21:12:19.504850
24938,0000,1196,106,2024-12-29 21:12:19.520852
05456,0000,1195,106,2024-12-29 21:12:19.536835
04530,0000,1195,106,2024-12-29 21:12:19.552836
22278,0000,1196,106,2024-12-29 21:12:19.568833
32340,0000,1195,106,2024-12-29 21:12:19.584832
43435,0000,1196,106,2024-12-29 21:12:19.600825
22425,0000,1195,106,2024-12-29 21:12:19.616828
02053,0000,1196,106,2024-12-29 21:12:19.632820
00711,0000,1195,106,2024-12-29 21:12:19.664814
10789,0000,1195,106,2024-12-29 21:12:19.680819
01371,0000,1195,106,2024-12-29 21:12:19.696812
39144,0000,1196,106,2024-12-29 21:12:19.712808
00500,0000,1196,106,2024-12-29 21:12:19.728803
20679,0000,1196,106,2024-12-29 21:12:19.744807
04032,0000,1195,106,2024-12-29 21:12:19.760807
02201,0000,1196,106,2024-12-29 21:12:19.776791
05288,0000,1196,106,2024-12-29 21:12:19.792789
43131,0000,1196,106,2024-12-29 21:12:19.824469
01582,0000,1195,106,2024-12-29 21:12:19.840779
33010,0000,1196,106,2024-12-29 21:12:19.856777
13781,0000,1195,106,2024-12-29 21:12:19.872769
05282,0001,1195,106,2024-12-29 21:12:19.888769
03784,0000,1196,106,2024-12-29 21:12:19.904774
00691,0000,1196,106,2024-12-29 21:12:19.920761
05427,0000,1196,106,2024-12-29 21:12:19.936764
01355,0000,1196,106,2024-12-29 21:12:19.952765
20600,0000,1196,106,2024-12-29 21:12:19.984106
42619,0000,1195,106,2024-12-29 21:12:20.000764
03551,0000,1195,106,2024-12-29 21:12:20.016751
25683,0000,1195,106,2024-12-29 21:12:20.032751
09895,0000,1196,106,2024-12-29 21:12:20.048742
21941,0000,1196,106,2024-12-29 21:12:20.064740
00332,0000,1196,106,2024-12-29 21:12:20.080735
01782,0000,1196,106,2024-12-29 21:12:20.096737
05338,0000,1195,106,2024-12-29 21:12:20.112728
03903,0000,1196,106,2024-12-29 21:12:20.128724
03824,0000,1195,106,2024-12-29 21:12:20.160488
21542,0001,1196,106,2024-12-29 21:12:20.176712
17860,0000,1196,106,2024-12-29 21:12:20.192718
33194,0000,1196,106,2024-12-29 21:12:20.208708
00688,0000,1196,106,2024-12-29 21:12:20.224707
01371,0000,1196,106,2024-12-29 21:12:20.240709
15286,0000,1196,106,2024-12-29 21:12:20.256707
06100,0000,1196,106,2024-12-29 21:12:20.272696
33193,0000,1196,106,2024-12-29 21:12:20.288695
04467,0000,1196,106,2024-12-29 21:12:20.320108
04314,0000,1196,106,2024-12-29 21:12:20.336687
02287,0000,1196,106,2024-12-29 21:12:20.352674
05097,0001,1196,106,2024-12-29 21:12:20.368682
03327,0000,1196,106,2024-12-29 21:12:20.384668
01045,0000,1196,106,2024-12-29 21:12:20.400672
07728,0000,1196,106,2024-12-29 21:12:20.416672
05557,0000,1196,106,2024-12-29 21:12:20.432658
11729,0000,1196,106,2024-12-29 21:12:20.448660
12077,0000,1196,106,2024-12-29 21:12:20.464652
04197,0000,1196,106,2024-12-29 21:12:20.496507
61850,0000,1196,106,2024-12-29 21:12:20.512652
05062,0000,1196,106,2024-12-29 21:12:20.528642
19028,0000,1196,106,2024-12-29 21:12:20.544651
15220,0000,1196,106,2024-12-29 21:12:20.560637
26121,0000,1196,106,2024-12-29 21:12:20.576635
18431,0000,1196,106,2024-12-29 21:12:20.592628
04289,0000,1196,106,2024-12-29 21:12:20.608631
13160,0000,1196,106,2024-12-29 21:12:20.624621
07990,0000,1196,106,2024-12-29 21:12:20.656150
03524,0000,1196,106,2024-12-29 21:12:20.672625
04350,0000,1196,106,2024-12-29 21:12:20.688624
06757,0000,1196,106,2024-12-29 21:12:20.704613
17660,0000,1196,106,2024-12-29 21:12:20.720609
03195,0000,1196,106,2024-12-29 21:12:20.736602
30766,0000,1196,106,2024-12-29 21:12:20.752606
01282,0000,1196,106,2024-12-29 21:12:20.768601
06831,0000,1196,106,2024-12-29 21:12:20.784606
00523,0000,1196,106,2024-12-29 21:12:20.800603
02797,0000,1196,106,2024-12-29 21:12:20.832549
26169,0000,1196,106,2024-12-29 21:12:20.848598
25553,0000,1196,106,2024-12-29 21:12:20.864580
42143,0000,1196,106,2024-12-29 21:12:20.880590
21132,0000,1196,106,2024-12-29 21:12:20.896615
04683,0000,1196,106,2024-12-29 21:12:20.912600
29881,0000,1196,106,2024-12-29 21:12:20.928574
23668,0000,1196,106,2024-12-29 21:12:20.944576
04257,0000,1196,106,2024-12-29 21:12:20.960559
49676,0000,1196,106,2024-12-29 21:12:20.992191
01262,0001,1196,106,2024-12-29 21:12:21.008560
20155,0000,1196,106,2024-12-29 21:12:21.024559
03808,0000,1196,106,2024-12-29 21:12:21.040545
22872,0000,1196,106,2024-12-29 21:12:21.056548
22507,0000,1196,106,2024-12-29 21:12:21.072551
22689,0000,1196,106,2024-12-29 21:12:21.088545
03753,0000,1196,106,2024-12-29 21:12:21.104537
27347,0000,1196,106,2024-12-29 21:12:21.120535
02476,0000,1196,106,2024-12-29 21:12:21.136531
04484,0000,1196,106,2024-12-29 21:12:21.168525
02309,0000,1196,106,2024-12-29 21:12:21.184523
35410,0000,1196,106,2024-12-29 21:12:21.200522
04188,0000,1196,106,2024-12-29 21:12:21.216514
34577,0000,1196,106,2024-12-29 21:12:21.232509
40758,0000,1196,106,2024-12-29 21:12:21.248516
54844,0000,1196,106,2024-12-29 21:12:21.264515
44832,0000,1196,106,2024-12-29 21:12:21.280505
14292,0000,1196,106,2024-12-29 21:12:21.296494
03418,0000,1196,106,2024-12-29 21:12:21.328212
36312,0000,1196,106,2024-12-29 21:12:21.344488
01961,0000,1196,106,2024-12-29 21:12:21.360491
01473,0000,1196,106,2024-12-29 21:12:21.376479
01547,0000,1196,106,2024-12-29 21:12:21.392482
10931,0000,1196,106,2024-12-29 21:12:21.408475
05283,0000,1196,106,2024-12-29 21:12:21.424481
01122,0000,1196,106,2024-12-29 21:12:21.440473
01395,0000,1196,106,2024-12-29 21:12:21.456476
16931,0000,1196,106,2024-12-29 21:12:21.487846
02259,0000,1196,106,2024-12-29 21:12:21.504463
05140,0000,1196,106,2024-12-29 21:12:21.520456
10416,0000,1196,106,2024-12-29 21:12:21.536449
00520,0000,1196,106,2024-12-29 21:12:21.552454
03022,0000,1196,106,2024-12-29 21:12:21.568446
08144,0000,1196,106,2024-12-29 21:12:21.584447
59230,0000,1196,106,2024-12-29 21:12:21.600446
05919,0000,1196,106,2024-12-29 21:12:21.616436
05177,0000,1196,106,2024-12-29 21:12:21.632439
21056,0000,1196,106,2024-12-29 21:12:21.664240
37440,0000,1196,106,2024-12-29 21:12:21.680425
02220,0000,1196,106,2024-12-29 21:12:21.696420
16865,0000,1196,106,2024-12-29 21:12:21.712414
38521,0000,1196,106,2024-12-29 21:12:21.728407
02517,0000,1196,106,2024-12-29 21:12:21.744419
48969,0000,1196,106,2024-12-29 21:12:21.760416
05203,0000,1196,106,2024-12-29 21:12:21.776405
33851,0000,1196,106,2024-12-29 21:12:21.792402
03745,0000,1196,106,2024-12-29 21:12:21.823869
05337,0000,1196,106,2024-12-29 21:12:21.840395
15250,0000,1196,106,2024-12-29 21:12:21.856400
03593,0000,1196,106,2024-12-29 21:12:21.872400
49073,0000,1196,106,2024-12-29 21:12:21.888380
01530,0000,1196,106,2024-12-29 21:12:21.904384
17933,0000,1196,106,2024-12-29 21:12:21.920380
04164,0000,1196,106,2024-12-29 21:12:21.936376
00569,0000,1196,106,2024-12-29 21:12:21.952366
04297,0000,1196,106,2024-12-29 21:12:21.968364
03765,0000,1196,106,2024-12-29 21:12:22.000250
55837,0000,1196,106,2024-12-29 21:12:22.016356
03695,0000,1196,106,2024-12-29 21:12:22.032349
23650,0000,1196,106,2024-12-29 21:12:22.048352
16665,0000,1196,106,2024-12-29 21:12:22.064345
02267,0000,1196,106,2024-12-29 21:12:22.080351
30977,0000,1196,106,2024-12-29 21:12:22.096342
03566,0000,1196,106,2024-12-29 21:12:22.112342
26125,0000,1196,106,2024-12-29 21:12:22.128333
04356,0000,1196,106,2024-12-29 21:12:22.159889
04442,0000,1196,106,2024-12-29 21:12:22.176320
47150,0000,1196,106,2024-12-29 21:12:22.192320
48052,0000,1196,106,2024-12-29 21:12:22.208325
04775,0000,1196,106,2024-12-29 21:12:22.224316
25955,0000,1196,106,2024-12-29 21:12:22.240327
26816,0000,1196,106,2024-12-29 21:12:22.256319
40214,0000,1196,106,2024-12-29 21:12:22.272323
03297,0000,1197,106,2024-12-29 21:12:22.288321
14139,0000,1196,106,2024-12-29 21:12:22.304329
02442,0000,1196,106,2024-12-29 21:12:22.336291
23583,0000,1197,106,2024-12-29 21:12:22.352335
02034,0000,1197,106,2024-12-29 21:12:22.368336
03502,0000,1196,106,2024-12-29 21:12:22.384334
05170,0000,1196,106,2024-12-29 21:12:22.400337
64987,0000,1196,106,2024-12-29 21:12:22.416337
18147,0000,1196,106,2024-12-29 21:12:22.432341
17450,0000,1196,106,2024-12-29 21:12:22.448271
05291,0000,1196,106,2024-12-29 21:12:22.464272
25629,0000,1196,106,2024-12-29 21:12:22.495912
02823,0000,1196,106,2024-12-29 21:12:22.512260
00923,0000,1196,106,2024-12-29 21:12:22.528259
44802,0000,1196,106,2024-12-29 21:12:22.544249
40173,0000,1196,106,2024-12-29 21:12:22.560250
04511,0000,1196,106,2024-12-29 21:12:22.576247
01292,0000,1196,106,2024-12-29 21:12:22.592243
08690,0000,1196,106,2024-12-29 21:12:22.608240
02930,0000,1196,106,2024-12-29 21:12:22.624237
52237,0000,1196,106,2024-12-29 21:12:22.655545
49154,0001,1196,106,2024-12-29 21:12:22.672230
20070,0000,1196,106,2024-12-29 21:12:22.688223
00666,0000,1196,106,2024-12-29 21:12:22.704225
02242,0001,1196,106,2024-12-29 21:12:22.720217
23517,0000,1196,106,2024-12-29 21:12:22.736217
02617,0000,1197,106,2024-12-29 21:12:22.752218
16375,0000,1196,106,2024-12-29 21:12:22.768223
05430,0000,1196,106,2024-12-29 21:12:22.784203
00756,0000,1196,106,2024-12-29 21:12:22.800204
07247,0000,1196,106,2024-12-29 21:12:22.831937
12284,0000,1196,106,2024-12-29 21:12:22.848194
05433,0000,1196,106,2024-12-29 21:12:22.864179
01604,0000,1196,106,2024-12-29 21:12:22.880179
05534,0000,1197,106,2024-12-29 21:12:22.896176
02274,0000,1197,106,2024-12-29 21:12:22.912174
03666,0000,1196,106,2024-12-29 21:12:22.928170
02118,0000,1197,106,2024-12-29 21:12:22.944177
02945,0000,1196,106,2024-12-29 21:12:22.960167
14472,0000,1196,106,2024-12-29 21:12:22.991565
06267,0000,1196,106,2024-12-29 21:12:23.008160
27074,0000,1197,106,2024-12-29 21:12:23.024165
03005,0000,1197,106,2024-12-29 21:12:23.040146
01135,0000,1197,106,2024-12-29 21:12:23.056146
20681,0001,1197,106,2024-12-29 21:12:23.072140
04560,0000,1196,106,2024-12-29 21:12:23.088139
05446,0000,1196,106,2024-12-29 21:12:23.104136
46309,0000,1197,106,2024-12-29 21:12:23.120137
02152,0000,1196,106,2024-12-29 21:12:23.136143
20096,0000,1197,106,2024-12-29 21:12:23.167950
00700,0000,1197,106,2024-12-29 21:12:23.184130
02248,0000,1197,106,2024-12-29 21:12:23.200121
15411,0000,1196,106,2024-12-29 21:12:23.216121
02199,0000,1196,106,2024-12-29 21:12:23.232115
09191,0000,1196,106,2024-12-29 21:12:23.248121
01205,0000,1197,106,2024-12-29 21:12:23.264104
02279,0000,1196,106,2024-12-29 21:12:23.280106
45679,0000,1196,106,2024-12-29 21:12:23.296100
23801,0000,1197,106,2024-12-29 21:12:23.327608
41508,0000,1197,106,2024-12-29 21:12:23.344086
14208,0000,1197,106,2024-12-29 21:12:23.360089
01526,0000,1197,106,2024-12-29 21:12:23.376096
20021,0001,1196,106,2024-12-29 21:12:23.392084
11309,0000,1196,106,2024-12-29 21:12:23.408085
34741,0000,1196,106,2024-12-29 21:12:23.424086
01546,0000,1197,106,2024-12-29 21:12:23.440068
04657,0000,1197,106,2024-12-29 21:12:23.456075
01916,0000,1197,106,2024-12-29 21:12:23.472064
03079,0000,1196,106,2024-12-29 21:12:23.503985
05447,0000,1197,106,2024-12-29 21:12:23.520064
21499,0000,1197,106,2024-12-29 21:12:23.536063
54894,0000,1196,106,2024-12-29 21:12:23.552057
37583,0000,1196,106,2024-12-29 21:12:23.568048
22226,0000,1197,106,2024-12-29 21:12:23.584047
04272,0000,1197,106,2024-12-29 21:12:23.600043
03036,0000,1197,106,2024-12-29 21:12:23.616033
24561,0000,1196,106,2024-12-29 21:12:23.632038
31789,0000,1196,106,2024-12-29 21:12:23.663609
14503,0000,1197,106,2024-12-29 21:12:23.680029
35497,0000,1197,106,2024-12-29 21:12:23.696025
03642,0000,1197,106,2024-12-29 21:12:23.712020
03533,0000,1197,106,2024-12-29 21:12:23.728028
03710,0000,1197,106,2024-12-29 21:12:23.744015
01556,0000,1197,106,2024-12-29 21:12:23.760019
05427,0000,1197,106,2024-12-29 21:12:23.776011
06734,0001,1197,106,2024-12-29 21:12:23.792013
30131,0000,1197,106,2024-12-29 21:12:23.808009
53421,0000,1197,106,2024-12-29 21:12:23.840008
00495,0000,1197,106,2024-12-29 21:12:23.855991
03828,0000,1196,106,2024-12-29 21:12:23.871994
05320,0000,1197,106,2024-12-29 21:12:23.887986
15307,0000,1197,106,2024-12-29 21:12:23.903984
03306,0000,1196,106,2024-12-29 21:12:23.919985
03197,0000,1197,106,2024-12-29 21:12:23.935983
15002,0000,1196,106,2024-12-29 21:12:23.951971
00096,0000,1197,106,2024-12-29 21:12:23.967977
04472,0000,1197,106,2024-12-29 21:12:23.999649
20040,0000,1197,106,2024-12-29 21:12:24.015958
12352,0000,1197,106,2024-12-29 21:12:24.031965
02883,0000,1197,106,2024-12-29 21:12:24.047958
46450,0000,1197,106,2024-12-29 21:12:24.063954
03769,0000,1197,106,2024-12-29 21:12:24.079947
52135,0000,1197,106,2024-12-29 21:12:24.095939
03558,0000,1197,106,2024-12-29 21:12:24.111944
02548,0000,1197,106,2024-12-29 21:12:24.127937
03887,0000,1197,106,2024-12-29 21:12:24.159285
19971,0000,1196,106,2024-12-29 21:12:24.175929
13449,0000,1197,106,2024-12-29 21:12:24.191932
20336,0000,1197,106,2024-12-29 21:12:24.207931
03481,0000,1197,106,2024-12-29 21:12:24.223916
23941,0000,1197,106,2024-12-29 21:12:24.239930
28047,0000,1196,106,2024-12-29 21:12:24.255921
25320,0000,1197,106,2024-12-29 21:12:24.271915
30922,0000,1197,106,2024-12-29 21:12:24.287907
02767,0000,1197,106,2024-12-29 21:12:24.303910
03857,0000,1197,106,2024-12-29 21:12:24.335681
02682,0000,1196,106,2024-12-29 21:12:24.352100
04100,0000,1197,106,2024-12-29 21:12:24.367913
03775,0000,1197,106,2024-12-29 21:12:24.383897
04691,0000,1197,106,2024-12-29 21:12:24.399897
03802,0001,1197,106,2024-12-29 21:12:24.415889
31829,0000,1197,106,2024-12-29 21:12:24.431880
38662,0000,1197,106,2024-12-29 21:12:24.447881
27848,0000,1197,106,2024-12-29 21:12:24.463872
07805,0000,1197,106,2024-12-29 21:12:24.495307
02343,0000,1197,106,2024-12-29 21:12:24.511873
08381,0000,1197,106,2024-12-29 21:12:24.527868
05884,0000,1197,106,2024-12-29 21:12:24.543864
02277,0000,1197,106,2024-12-29 21:12:24.559859
04366,0000,1197,106,2024-12-29 21:12:24.575857
36391,0000,1197,106,2024-12-29 21:12:24.591855
18891,0000,1197,106,2024-12-29 21:12:24.607844
01435,0000,1197,106,2024-12-29 21:12:24.623849
05407,0000,1197,106,2024-12-29 21:12:24.639840
03718,0000,1197,106,2024-12-29 21:12:24.671693
02214,0000,1197,106,2024-12-29 21:12:24.687837
14476,0000,1197,106,2024-12-29 21:12:24.703835
35385,0000,1197,106,2024-12-29 21:12:24.719830
42926,0000,1197,106,2024-12-29 21:12:24.735820
00682,0001,1197,106,2024-12-29 21:12:24.751826
21944,0000,1197,106,2024-12-29 21:12:24.767819
23906,0000,1197,106,2024-12-29 21:12:24.783821
61006,0000,1197,106,2024-12-29 21:12:24.799811
40109,0000,1197,106,2024-12-29 21:12:24.831329
45670,0000,1197,106,2024-12-29 21:12:24.847800
02860,0000,1197,106,2024-12-29 21:12:24.863801
08546,0000,1197,106,2024-12-29 21:12:24.879795
06957,0000,1197,106,2024-12-29 21:12:24.895789
68711,0000,1197,106,2024-12-29 21:12:24.911791
02031,0000,1197,106,2024-12-29 21:12:24.927785
37729,0000,1197,106,2024-12-29 21:12:24.943789
03848,0000,1197,106,2024-12-29 21:12:24.959781
33644,0000,1197,106,2024-12-29 21:12:24.975777
14152,0000,1197,106,2024-12-29 21:12:25.007716
45673,0000,1197,106,2024-12-29 21:12:25.023779
06108,0000,1197,106,2024-12-29 21:12:25.039766
59217,0000,1197,106,2024-12-29 21:12:25.055771
00412,0000,1197,106,2024-12-29 21:12:25.071764
00516,0000,1197,106,2024-12-29 21:12:25.087757
01427,0000,1197,106,2024-12-29 21:12:25.103759
47496,0000,1197,106,2024-12-29 21:12:25.119760
29868,0000,1197,106,2024-12-29 21:12:25.135743
11447,0000,1197,106,2024-12-29 21:12:25.167365
14432,0000,1197,106,2024-12-29 21:12:25.183741
04569,0000,1197,106,2024-12-29 21:12:25.199727
08081,0000,1197,106,2024-12-29 21:12:25.215736
39252,0000,1197,106,2024-12-29 21:12:25.231725
02040,0000,1197,106,2024-12-29 21:12:25.247724
26518,0000,1197,106,2024-12-29 21:12:25.263719
20123,0000,1197,106,2024-12-29 21:12:25.279710
05187,0000,1197,106,2024-12-29 21:12:25.295714
06912,0000,1197,106,2024-12-29 21:12:25.311711
04567,0000,1197,106,2024-12-29 21:12:25.343697
12660,0000,1197,106,2024-12-29 21:12:25.359698
54294,0000,1197,106,2024-12-29 21:12:25.375708
21996,0000,1197,106,2024-12-29 21:12:25.391703
12504,0000,1197,106,2024-12-29 21:12:25.407709
44691,0000,1197,106,2024-12-29 21:12:25.423708
05242,0000,1197,106,2024-12-29 21:12:25.439712
00677,0000,1197,106,2024-12-29 21:12:25.455713
30723,0000,1197,106,2024-12-29 21:12:25.471718
44610,0000,1197,106,2024-12-29 21:12:25.503422
15318,0000,1197,106,2024-12-29 21:12:25.519720
10485,0000,1197,106,2024-12-29 21:12:25.535728
05406,0000,1197,106,2024-12-29 21:12:25.551726
15245,0000,1197,106,2024-12-29 21:12:25.567724
06200,0000,1197,106,2024-12-29 21:12:25.583651
02101,0000,1197,106,2024-12-29 21:12:25.599665
04396,0000,1197,106,2024-12-29 21:12:25.615653
40006,0000,1197,106,2024-12-29 21:12:25.631649
01419,0000,1197,106,2024-12-29 21:12:25.663026
20751,0000,1197,106,2024-12-29 21:12:25.679636
04709,0000,1197,106,2024-12-29 21:12:25.695625
03757,0000,1197,106,2024-12-29 21:12:25.711628
22428,0000,1197,106,2024-12-29 21:12:25.727620
18102,0000,1197,106,2024-12-29 21:12:25.743632
21810,0000,1197,106,2024-12-29 21:12:25.759631
05183,0000,1197,106,2024-12-29 21:12:25.775627
19623,0000,1197,106,2024-12-29 21:12:25.791618
30714,0000,1197,106,2024-12-29 21:12:25.807609
12775,0000,1197,106,2024-12-29 21:12:25.839411
00652,0000,1197,106,2024-12-29 21:12:25.855602
41871,0000,1197,106,2024-12-29 21:12:25.871596
00218,0000,1197,106,2024-12-29 21:12:25.887602
30823,0001,1197,106,2024-12-29 21:12:25.903590
01949,0000,1197,106,2024-12-29 21:12:25.919588
19797,0001,1197,106,2024-12-29 21:12:25.935585
31773,0001,1197,106,2024-12-29 21:12:25.951587
03060,0000,1197,106,2024-12-29 21:12:25.967589
15312,0000,1197,106,2024-12-29 21:12:25.999054
03479,0000,1197,106,2024-12-29 21:12:26.015611
06517,0000,1197,106,2024-12-29 21:12:26.031581
23885,0000,1197,106,2024-12-29 21:12:26.047573
05772,0000,1197,106,2024-12-29 21:12:26.063570
02253,0000,1197,106,2024-12-29 21:12:26.079572
55910,0000,1197,106,2024-12-29 21:12:26.095561
01341,0000,1197,106,2024-12-29 21:12:26.111561
02001,0000,1197,106,2024-12-29 21:12:26.127551
15622,0000,1197,106,2024-12-29 21:12:26.143553
01128,0000,1197,106,2024-12-29 21:12:26.175434
03784,0000,1197,106,2024-12-29 21:12:26.191543
05325,0000,1197,106,2024-12-29 21:12:26.207531
02274,0001,1197,106,2024-12-29 21:12:26.223537
54075,0000,1197,106,2024-12-29 21:12:26.239539
02889,0000,1197,106,2024-12-29 21:12:26.255532
02181,0000,1197,106,2024-12-29 21:12:26.271541
50543,0000,1197,106,2024-12-29 21:12:26.287524
62438,0000,1198,106,2024-12-29 21:12:26.303511
00665,0000,1197,106,2024-12-29 21:12:26.335088
01452,0000,1197,106,2024-12-29 21:12:26.351501
18680,0000,1197,106,2024-12-29 21:12:26.367496
02115,0000,1197,106,2024-12-29 21:12:26.383495
29094,0000,1197,106,2024-12-29 21:12:26.399496
04509,0000,1197,106,2024-12-29 21:12:26.415493
04551,0000,1198,106,2024-12-29 21:12:26.431497
44638,0000,1198,106,2024-12-29 21:12:26.447485
07413,0000,1197,106,2024-12-29 21:12:26.463484
03760,0000,1197,106,2024-12-29 21:12:26.479477
03631,0000,1197,106,2024-12-29 21:12:26.511472
41640,0000,1197,106,2024-12-29 21:12:26.527476
01597,0000,1197,106,2024-12-29 21:12:26.543475
04059,0000,1198,106,2024-12-29 21:12:26.559472
03067,0000,1197,106,2024-12-29 21:12:26.575464
05162,0000,1198,106,2024-12-29 21:12:26.591461
07054,0000,1198,106,2024-12-29 21:12:26.607463
21457,0000,1197,106,2024-12-29 21:12:26.623449
15897,0000,1197,106,2024-12-29 21:12:26.639446
29470,0000,1197,106,2024-12-29 21:12:26.671110
55738,0000,1198,106,2024-12-29 21:12:26.687435
04640,0001,1197,106,2024-12-29 21:12:26.703442
03345,0000,1197,106,2024-12-29 21:12:26.719431
00920,0000,1198,106,2024-12-29 21:12:26.735432
04568,0000,1197,106,2024-12-29 21:12:26.751435
04151,0000,1198,106,2024-12-29 21:12:26.767433
27862,0000,1197,106,2024-12-29 21:12:26.783423
04498,0000,1197,106,2024-12-29 21:12:26.799423
11660,0000,1197,106,2024-12-29 21:12:26.830751
06870,0000,1197,106,2024-12-29 21:12:26.847404
03580,0000,1197,106,2024-12-29 21:12:26.863413
02133,0000,1198,106,2024-12-29 21:12:26.879400
00344,0000,1197,106,2024-12-29 21:12:26.895401
36969,0000,1197,106,2024-12-29 21:12:26.911395
36942,0000,1198,106,2024-12-29 21:12:26.927396
20464,0000,1197,106,2024-12-29 21:12:26.943401
02187,0000,1197,106,2024-12-29 21:12:26.959378
04166,0001,1197,106,2024-12-29 21:12:26.975380
11211,0000,1198,106,2024-12-29 21:12:27.007134
16156,0000,1197,106,2024-12-29 21:12:27.023373
04588,0000,1197,106,2024-12-29 21:12:27.039375
05133,0000,1197,106,2024-12-29 21:12:27.055373
22649,0000,1197,106,2024-12-29 21:12:27.071376
01416,0000,1197,106,2024-12-29 21:12:27.087361
21355,0000,1197,106,2024-12-29 21:12:27.103360
04363,0000,1197,106,2024-12-29 21:12:27.119356
03857,0000,1197,106,2024-12-29 21:12:27.135358
05420,0000,1198,106,2024-12-29 21:12:27.166772
03225,0000,1197,106,2024-12-29 21:12:27.183351
03722,0000,1198,106,2024-12-29 21:12:27.199342
57382,0000,1198,106,2024-12-29 21:12:27.215339
02905,0000,1197,106,2024-12-29 21:12:27.231334
27661,0000,1198,106,2024-12-29 21:12:27.247343
43930,0000,1198,106,2024-12-29 21:12:27.263331
57679,0000,1198,106,2024-12-29 21:12:27.279334
28969,0000,1198,106,2024-12-29 21:12:27.295316
39348,0000,1197,106,2024-12-29 21:12:27.311322
05266,0000,1198,106,2024-12-29 21:12:27.343168
60248,0000,1198,106,2024-12-29 21:12:27.359312
03017,0000,1197,106,2024-12-29 21:12:27.375304
03897,0000,1198,106,2024-12-29 21:12:27.391302
06846,0000,1198,106,2024-12-29 21:12:27.407301
36183,0000,1198,106,2024-12-29 21:12:27.423305
05453,0000,1197,106,2024-12-29 21:12:27.439295
30081,0000,1198,106,2024-12-29 21:12:27.455293
03680,0000,1198,106,2024-12-29 21:12:27.471284
02294,0000,1198,106,2024-12-29 21:12:27.502788
02953,0000,1198,106,2024-12-29 21:12:27.519277
00584,0000,1198,106,2024-12-29 21:12:27.535272
09859,0000,1197,106,2024-12-29 21:12:27.551270
01746,0000,1198,106,2024-12-29 21:12:27.567266
00613,0000,1198,106,2024-12-29 21:12:27.583264
14255,0000,1197,106,2024-12-29 21:12:27.599263
18933,0001,1198,106,2024-12-29 21:12:27.615254
07665,0000,1197,106,2024-12-29 21:12:27.631256
02828,0000,1198,106,2024-12-29 21:12:27.647256
16716,0000,1198,106,2024-12-29 21:12:27.679177
03633,0000,1198,106,2024-12-29 21:12:27.695240
21935,0000,1197,106,2024-12-29 21:12:27.711241
17150,0000,1198,106,2024-12-29 21:12:27.727243
29932,0000,1198,106,2024-12-29 21:12:27.743244
18808,0000,1198,106,2024-12-29 21:12:27.759232
17206,0000,1198,106,2024-12-29 21:12:27.775226
01183,0000,1198,106,2024-12-29 21:12:27.791223
04466,0000,1198,106,2024-12-29 21:12:27.807212
19631,0000,1198,106,2024-12-29 21:12:27.838831
19102,0000,1198,106,2024-12-29 21:12:27.855221
06426,0000,1198,106,2024-12-29 21:12:27.871206
05185,0000,1198,106,2024-12-29 21:12:27.887207
00142,0001,1198,106,2024-12-29 21:12:27.903198
01164,0000,1198,106,2024-12-29 21:12:27.919206
16959,0000,1198,106,2024-12-29 21:12:27.935197
04211,0000,1198,106,2024-12-29 21:12:27.951198
01539,0000,1198,106,2024-12-29 21:12:27.967187
15583,0000,1198,106,2024-12-29 21:12:27.983187
06228,0000,1198,106,2024-12-29 21:12:28.015184
61803,0000,1198,106,2024-12-29 21:12:28.031179
64326,0000,1198,106,2024-12-29 21:12:28.047174
02587,0000,1198,106,2024-12-29 21:12:28.063177
01469,0000,1198,106,2024-12-29 21:12:28.079170
46306,0000,1198,106,2024-12-29 21:12:28.095171
01054,0000,1198,106,2024-12-29 21:12:28.111174
23219,0000,1198,106,2024-12-29 21:12:28.127171
05330,0000,1198,106,2024-12-29 21:12:28.143148
03241,0000,1198,106,2024-12-29 21:12:28.174849
02196,0000,1198,106,2024-12-29 21:12:28.191152
04705,0000,1198,106,2024-12-29 21:12:28.207147
21152,0001,1198,106,2024-12-29 21:12:28.223151
02285,0001,1198,106,2024-12-29 21:12:28.239157
55973,0000,1198,106,2024-12-29 21:12:28.255152
05901,0000,1198,106,2024-12-29 21:12:28.271130
00443,0000,1198,106,2024-12-29 21:12:28.287134
26626,0000,1198,106,2024-12-29 21:12:28.303122
04975,0000,1198,106,2024-12-29 21:12:28.334483
42580,0000,1198,106,2024-12-29 21:12:28.351117
53988,0000,1198,106,2024-12-29 21:12:28.367120
39144,0000,1198,106,2024-12-29 21:12:28.383119
02146,0000,1198,106,2024-12-29 21:12:28.399115
01134,0000,1198,106,2024-12-29 21:12:28.415110
01460,0000,1198,106,2024-12-29 21:12:28.431111
05015,0000,1198,106,2024-12-29 21:12:28.447116
02100,0000,1198,106,2024-12-29 21:12:28.463108
53434,0000,1198,106,2024-12-29 21:12:28.479095
35558,0000,1198,106,2024-12-29 21:12:28.510889
13120,0000,1198,106,2024-12-29 21:12:28.527107
21688,0000,1198,106,2024-12-29 21:12:28.543101
32393,0000,1198,106,2024-12-29 21:12:28.559103
27049,0000,1198,106,2024-12-29 21:12:28.575105
01687,0000,1198,106,2024-12-29 21:12:28.591115
00751,0000,1198,106,2024-12-29 21:12:28.607107
01359,0000,1198,106,2024-12-29 21:12:28.623112
02065,0000,1198,106,2024-12-29 21:12:28.639115
03715,0000,1198,106,2024-12-29 21:12:28.670542
34044,0000,1198,106,2024-12-29 21:12:28.687120
25664,0000,1198,106,2024-12-29 21:12:28.703118
31634,0000,1198,106,2024-12-29 21:12:28.719048
39522,0000,1198,106,2024-12-29 21:12:28.735051
05021,0000,1198,106,2024-12-29 21:12:28.751046
04455,0000,1198,106,2024-12-29 21:12:28.767044
02798,0000,1198,106,2024-12-29 21:12:28.783031
05188,0001,1198,106,2024-12-29 21:12:28.799030
05081,0000,1198,106,2024-12-29 21:12:28.815027
25489,0000,1198,106,2024-12-29 21:12:28.846919
02330,0000,1198,106,2024-12-29 21:12:28.863019
12150,0000,1198,106,2024-12-29 21:12:28.879018
13085,0000,1198,106,2024-12-29 21:12:28.895018
04319,0000,1198,106,2024-12-29 21:12:28.911022
00598,0000,1198,106,2024-12-29 21:12:28.927006
01414,0000,1198,106,2024-12-29 21:12:28.942996
00560,0000,1197,106,2024-12-29 21:12:28.958999
14767,0000,1198,106,2024-12-29 21:12:28.974994
35527,0000,1198,106,2024-12-29 21:12:29.006543
11872,0000,1198,106,2024-12-29 21:12:29.022991
22293,0000,1198,106,2024-12-29 21:12:29.038980
04394,0000,1198,106,2024-12-29 21:12:29.054982
01148,0000,1198,106,2024-12-29 21:12:29.070972
00709,0000,1198,106,2024-12-29 21:12:29.086982
34690,0000,1198,106,2024-12-29 21:12:29.102967
03636,0000,1198,106,2024-12-29 21:12:29.118979
02795,0000,1198,106,2024-12-29 21:12:29.134973
63583,0000,1198,106,2024-12-29 21:12:29.150967
04585,0000,1198,106,2024-12-29 21:12:29.182942
01432,0000,1198,106,2024-12-29 21:12:29.198948
00396,0000,1198,106,2024-12-29 21:12:29.214956
19190,0001,1198,106,2024-12-29 21:12:29.230945
23993,0000,1198,106,2024-12-29 21:12:29.246963
05106,0000,1198,106,2024-12-29 21:12:29.262941
25158,0000,1198,106,2024-12-29 21:12:29.278952
03794,0000,1198,106,2024-12-29 21:12:29.294945
01286,0000,1198,106,2024-12-29 21:12:29.310937
23496,0000,1198,106,2024-12-29 21:12:29.342601
01429,0000,1198,106,2024-12-29 21:12:29.358933
55070,0000,1198,106,2024-12-29 21:12:29.374924
04118,0000,1198,106,2024-12-29 21:12:29.390922
38497,0000,1198,106,2024-12-29 21:12:29.407023
37839,0000,1198,106,2024-12-29 21:12:29.423028
05434,0001,1198,106,2024-12-29 21:12:29.438919
00609,0000,1198,106,2024-12-29 21:12:29.454928
24416,0001,1198,106,2024-12-29 21:12:29.470910
24691,0000,1198,106,2024-12-29 21:12:29.486906
02197,0000,1198,106,2024-12-29 21:12:29.518907
45418,0000,1198,106,2024-12-29 21:12:29.534893
02686,0000,1198,106,2024-12-29 21:12:29.550888
16662,0000,1198,106,2024-12-29 21:12:29.566891
01307,0000,1198,106,2024-12-29 21:12:29.582887
32524,0000,1198,106,2024-12-29 21:12:29.598882
05293,0000,1198,106,2024-12-29 21:12:29.614880
15571,0000,1198,106,2024-12-29 21:12:29.630879
02914,0000,1198,106,2024-12-29 21:12:29.646877
03917,0000,1198,106,2024-12-29 21:12:29.678614
14069,0000,1198,106,2024-12-29 21:12:29.694880
14757,0000,1198,106,2024-12-29 21:12:29.710859
03320,0000,1198,106,2024-12-29 21:12:29.726851
23578,0000,1198,106,2024-12-29 21:12:29.742861
33761,0000,1198,106,2024-12-29 21:12:29.758851
09799,0000,1198,106,2024-12-29 21:12:29.774857
23388,0000,1198,106,2024-12-29 21:12:29.790844
03444,0000,1198,106,2024-12-29 21:12:29.806852
00582,0000,1198,106,2024-12-29 21:12:29.838235
03418,0000,1198,106,2024-12-29 21:12:29.854835
30061,0000,1198,106,2024-12-29 21:12:29.870836
03623,0000,1198,106,2024-12-29 21:12:29.886824
03579,0000,1198,106,2024-12-29 21:12:29.902842
25373,0000,1198,106,2024-12-29 21:12:29.918815
21917,0000,1198,106,2024-12-29 21:12:29.934819
07081,0000,1198,106,2024-12-29 21:12:29.950820
03814,0000,1198,106,2024-12-29 21:12:29.966802
40261,0000,1198,106,2024-12-29 21:12:29.982817
02289,0000,1198,106,2024-12-29 21:12:30.014642
62413,0000,1198,106,2024-12-29 21:12:30.030797
02575,0000,1198,106,2024-12-29 21:12:30.046808
03330,0000,1198,106,2024-12-29 21:12:30.062800
01308,0000,1199,106,2024-12-29 21:12:30.078795
35473,0000,1198,106,2024-12-29 21:12:30.094780
26344,0000,1198,106,2024-12-29 21:12:30.110771
04692,0000,1198,106,2024-12-29 21:12:30.126775
26278,0000,1198,106,2024-12-29 21:12:30.142772
03331,0000,1198,106,2024-12-29 21:12:30.174247
31662,0001,1198,106,2024-12-29 21:12:30.190766
04642,0000,1198,106,2024-12-29 21:12:30.206758
04911,0000,1199,106,2024-12-29 21:12:30.222756
05339,0000,1198,106,2024-12-29 21:12:30.238769
05200,0001,1198,106,2024-12-29 21:12:30.254754
29978,0000,1198,106,2024-12-29 21:12:30.270745
15361,0000,1198,106,2024-12-29 21:12:30.286745
20074,0000,1199,106,2024-12-29 21:12:30.302746
17348,0000,1198,106,2024-12-29 21:12:30.318737
03061,0000,1198,106,2024-12-29 21:12:30.350647
10457,0000,1199,106,2024-12-29 21:12:30.366729
04574,0000,1198,106,2024-12-29 21:12:30.382722
03588,0000,1198,106,2024-12-29 21:12:30.398715
10793,0000,1199,106,2024-12-29 21:12:30.414721
03482,0000,1198,106,2024-12-29 21:12:30.430720
09979,0001,1198,106,2024-12-29 21:12:30.446710
01439,0000,1198,106,2024-12-29 21:12:30.462722
01823,0001,1198,106,2024-12-29 21:12:30.478705
21462,0000,1198,106,2024-12-29 21:12:30.510286
04623,0000,1198,106,2024-12-29 21:12:30.526702
04417,0000,1199,106,2024-12-29 21:12:30.542690
14812,0000,1198,106,2024-12-29 21:12:30.558690
03610,0000,1198,106,2024-12-29 21:12:30.574691
01583,0000,1198,106,2024-12-29 21:12:30.590692
05167,0000,1198,106,2024-12-29 21:12:30.606685
06686,0000,1198,106,2024-12-29 21:12:30.622674
22135,0000,1198,106,2024-12-29 21:12:30.638680
26136,0000,1198,106,2024-12-29 21:12:30.654676
11508,0000,1198,106,2024-12-29 21:12:30.686681
31509,0000,1198,106,2024-12-29 21:12:30.702664
22168,0000,1199,106,2024-12-29 21:12:30.718658
00406,0000,1198,106,2024-12-29 21:12:30.734657
16210,0000,1198,106,2024-12-29 21:12:30.750656
10358,0000,1198,106,2024-12-29 21:12:30.766657
09386,0000,1199,106,2024-12-29 21:12:30.782645
03492,0000,1199,106,2024-12-29 21:12:30.798640
49639,0000,1198,106,2024-12-29 21:12:30.814633
00639,0000,1198,106,2024-12-29 21:12:30.846300
13697,0000,1199,106,2024-12-29 21:12:30.862623
36077,0000,1199,106,2024-12-29 21:12:30.878618
17241,0000,1199,106,2024-12-29 21:12:30.894616
07871,0000,1199,106,2024-12-29 21:12:30.910619
23159,0000,1198,106,2024-12-29 21:12:30.926613
31931,0000,1198,106,2024-12-29 21:12:30.942619
03225,0000,1198,106,2024-12-29 21:12:30.958610
27147,0000,1198,106,2024-12-29 21:12:30.974614
05073,0000,1198,106,2024-12-29 21:12:31.005957
31786,0000,1199,106,2024-12-29 21:12:31.022597
00650,0000,1199,106,2024-12-29 21:12:31.038602
05080,0000,1198,106,2024-12-29 21:12:31.054591
11672,0000,1198,106,2024-12-29 21:12:31.070592
41741,0000,1198,106,2024-12-29 21:12:31.086586
15838,0000,1199,106,2024-12-29 21:12:31.102578
26083,0000,1199,106,2024-12-29 21:12:31.118572
39311,0000,1199,106,2024-12-29 21:12:31.134581
16320,0000,1198,106,2024-12-29 21:12:31.150576
03448,0000,1199,106,2024-12-29 21:12:31.182328
00977,0000,1199,106,2024-12-29 21:12:31.198554
12911,0000,1199,106,2024-12-29 21:12:31.214556
63522,0000,1199,106,2024-12-29 21:12:31.230562
00751,0000,1199,106,2024-12-29 21:12:31.246579
47155,0000,1199,106,2024-12-29 21:12:31.262546
06032,0000,1198,106,2024-12-29 21:12:31.278549
00523,0000,1198,106,2024-12-29 21:12:31.294541
41512,0000,1198,106,2024-12-29 21:12:31.310542
42916,0000,1199,106,2024-12-29 21:12:31.341961
00803,0000,1199,106,2024-12-29 21:12:31.358536
04140,0000,1198,106,2024-12-29 21:12:31.374540
23617,0000,1199,106,2024-12-29 21:12:31.390522
00780,0000,1199,106,2024-12-29 21:12:31.406521
15024,0000,1199,106,2024-12-29 21:12:31.422518
55614,0000,1198,106,2024-12-29 21:12:31.438519
33780,0000,1199,106,2024-12-29 21:12:31.454504
14170,0000,1199,106,2024-12-29 21:12:31.470505
15371,0000,1198,106,2024-12-29 21:12:31.486505
01405,0000,1199,106,2024-12-29 21:12:31.518367
17258,0000,1199,106,2024-12-29 21:12:31.534493
04729,0000,1199,106,2024-12-29 21:12:31.550494
08028,0000,1199,106,2024-12-29 21:12:31.566482
01489,0000,1199,106,2024-12-29 21:12:31.582490
00790,0000,1199,106,2024-12-29 21:12:31.598485
05325,0000,1199,106,2024-12-29 21:12:31.614479
13692,0000,1199,106,2024-12-29 21:12:31.630484
30829,0000,1199,106,2024-12-29 21:12:31.646481
02873,0000,1199,106,2024-12-29 21:12:31.678008
40967,0000,1199,106,2024-12-29 21:12:31.694492
46508,0000,1198,106,2024-12-29 21:12:31.710495
28244,0000,1199,106,2024-12-29 21:12:31.726490
13834,0000,1199,106,2024-12-29 21:12:31.742499
25050,0000,1199,106,2024-12-29 21:12:31.758496
04850,0000,1199,106,2024-12-29 21:12:31.774504
03214,0000,1199,106,2024-12-29 21:12:31.790501
09862,0000,1199,106,2024-12-29 21:12:31.806504
20834,0000,1199,106,2024-12-29 21:12:31.822432
03722,0000,1199,106,2024-12-29 21:12:31.854383
22338,0000,1199,106,2024-12-29 21:12:31.870424
02293,0000,1199,106,2024-12-29 21:12:31.886416
03681,0000,1199,106,2024-12-29 21:12:31.902503
03657,0000,1199,106,2024-12-29 21:12:31.918428
00664,0000,1199,106,2024-12-29 21:12:31.934409
02947,0000,1199,106,2024-12-29 21:12:31.950406
17151,0000,1199,106,2024-12-29 21:12:31.966397
02839,0000,1199,106,2024-12-29 21:12:31.982418
20256,0000,1199,106,2024-12-29 21:12:32.014050
10146,0000,1199,106,2024-12-29 21:12:32.030418
16470,0000,1199,106,2024-12-29 21:12:32.046395
00648,0000,1199,106,2024-12-29 21:12:32.062384
11085,0000,1199,106,2024-12-29 21:12:32.078385
01124,0000,1199,106,2024-12-29 21:12:32.094378
00759,0000,1199,106,2024-12-29 21:12:32.110369
18283,0000,1199,106,2024-12-29 21:12:32.126390
02883,0000,1199,106,2024-12-29 21:12:32.142363
04691,0000,1198,106,2024-12-29 21:12:32.158363
02812,0000,1199,106,2024-12-29 21:12:32.190353
01034,0000,1199,106,2024-12-29 21:12:32.206347
02395,0000,1199,106,2024-12-29 21:12:32.222359
00564,0000,1199,106,2024-12-29 21:12:32.238387
02113,0000,1199,106,2024-12-29 21:12:32.254351
30402,0000,1199,106,2024-12-29 21:12:32.270341
29048,0000,1199,106,2024-12-29 21:12:32.286342
01009,0000,1199,106,2024-12-29 21:12:32.302339
02255,0000,1199,106,2024-12-29 21:12:32.318335
01937,0000,1199,106,2024-12-29 21:12:32.350054
18553,0000,1199,106,2024-12-29 21:12:32.366327
28033,0000,1199,106,2024-12-29 21:12:32.382325
44617,0000,1199,106,2024-12-29 21:12:32.398323
11644,0000,1199,106,2024-12-29 21:12:32.414307
03789,0000,1199,106,2024-12-29 21:12:32.430319
00470,0000,1199,106,2024-12-29 21:12:32.446328
02001,0000,1199,106,2024-12-29 21:12:32.462307
01218,0000,1199,106,2024-12-29 21:12:32.478301
47320,0000,1199,106,2024-12-29 21:12:32.509683
02217,0000,1199,106,2024-12-29 21:12:32.526301
00293,0000,1199,106,2024-12-29 21:12:32.542304
11326,0000,1199,106,2024-12-29 21:12:32.558285
17270,0000,1199,106,2024-12-29 21:12:32.574282
00473,0000,1199,106,2024-12-29 21:12:32.590275
05467,0000,1199,106,2024-12-29 21:12:32.606278
29253,0000,1199,106,2024-12-29 21:12:32.622272
11639,0000,1199,106,2024-12-29 21:12:32.638279
24889,0000,1199,106,2024-12-29 21:12:32.654284
10739,0000,1199,106,2024-12-29 21:12:32.686059
02937,0000,1199,106,2024-12-29 21:12:32.702260
39343,0000,1199,106,2024-12-29 21:12:32.718255
04247,0000,1199,106,2024-12-29 21:12:32.734255
53459,0000,1199,106,2024-12-29 21:12:32.750277
05418,0000,1199,106,2024-12-29 21:12:32.766260
29102,0000,1199,106,2024-12-29 21:12:32.782247
11267,0000,1199,106,2024-12-29 21:12:32.798251
36197,0000,1199,106,2024-12-29 21:12:32.814232
03839,0000,1199,106,2024-12-29 21:12:32.845735
04432,0000,1199,106,2024-12-29 21:12:32.862234
24167,0000,1199,106,2024-12-29 21:12:32.878221
37659,0001,1199,106,2024-12-29 21:12:32.894217
34526,0000,1199,106,2024-12-29 21:12:32.910222
05342,0000,1199,106,2024-12-29 21:12:32.926212
01962,0000,1199,106,2024-12-29 21:12:32.942214
01133,0001,1199,106,2024-12-29 21:12:32.958224
23258,0000,1199,106,2024-12-29 21:12:32.974211
15591,0000,1199,106,2024-12-29 21:12:32.990203
49655,0000,1199,106,2024-12-29 21:12:33.022101
06933,0000,1199,106,2024-12-29 21:12:33.038192
04415,0000,1199,106,2024-12-29 21:12:33.054221
00350,0000,1199,106,2024-12-29 21:12:33.070189
24412,0000,1199,106,2024-12-29 21:12:33.086186
18520,0000,1199,106,2024-12-29 21:12:33.102185
01362,0000,1199,106,2024-12-29 21:12:33.118179
09873,0000,1199,106,2024-12-29 21:12:33.134164
07038,0000,1199,106,2024-12-29 21:12:33.150169
41970,0000,1199,106,2024-12-29 21:12:33.181742
08499,0001,1199,106,2024-12-29 21:12:33.198161
10807,0000,1199,106,2024-12-29 21:12:33.214162
04775,0000,1199,106,2024-12-29 21:12:33.230149
04660,0000,1199,106,2024-12-29 21:12:33.246169
02977,0000,1199,106,2024-12-29 21:12:33.262155
27973,0000,1199,106,2024-12-29 21:12:33.278157
38390,0000,1199,106,2024-12-29 21:12:33.294148
00681,0000,1199,106,2024-12-29 21:12:33.310143
00993,0000,1199,106,2024-12-29 21:12:33.326132
31869,0000,1199,106,2024-12-29 21:12:33.358128
04459,0000,1199,106,2024-12-29 21:12:33.374141
04236,0000,1199,106,2024-12-29 21:12:33.390149
14692,0000,1199,106,2024-12-29 21:12:33.406128
07737,0000,1199,106,2024-12-29 21:12:33.422116
00681,0000,1199,106,2024-12-29 21:12:33.438108
09169,0000,1199,106,2024-12-29 21:12:33.454103
05111,0000,1199,106,2024-12-29 21:12:33.470105
58972,0000,1199,106,2024-12-29 21:12:33.486138
25188,0001,1199,106,2024-12-29 21:12:33.517758
01006,0000,1199,106,2024-12-29 21:12:33.534088
04022,0000,1199,106,2024-12-29 21:12:33.550091
14038,0000,1199,106,2024-12-29 21:12:33.566084
44815,0000,1199,106,2024-12-29 21:12:33.582101
18941,0000,1199,106,2024-12-29 21:12:33.598099
26392,0000,1199,106,2024-12-29 21:12:33.614086
02192,0000,1199,106,2024-12-29 21:12:33.630074
26492,0001,1199,106,2024-12-29 21:12:33.646079
05258,0000,1199,106,2024-12-29 21:12:33.677399
00475,0000,1199,106,2024-12-29 21:12:33.694079
26380,0000,1199,106,2024-12-29 21:12:33.710066
13799,0000,1199,106,2024-12-29 21:12:33.726057
04650,0000,1199,106,2024-12-29 21:12:33.742063
17801,0000,1199,106,2024-12-29 21:12:33.758055
54199,0000,1199,106,2024-12-29 21:12:33.774053
04665,0000,1200,106,2024-12-29 21:12:33.790068
05027,0000,1199,106,2024-12-29 21:12:33.806043
03484,0000,1199,106,2024-12-29 21:12:33.822037
38657,0000,1199,106,2024-12-29 21:12:33.853777
01361,0000,1200,106,2024-12-29 21:12:33.870017
12430,0000,1199,106,2024-12-29 21:12:33.886017
21381,0000,1199,106,2024-12-29 21:12:33.902039
02077,0000,1199,106,2024-12-29 21:12:33.918007
03965,0000,1199,106,2024-12-29 21:12:33.934014
20824,0000,1199,106,2024-12-29 21:12:33.950014
20769,0000,1199,106,2024-12-29 21:12:33.965996
04588,0000,1199,106,2024-12-29 21:12:33.982002
06722,0000,1199,106,2024-12-29 21:12:34.013432
05397,0000,1199,106,2024-12-29 21:12:34.029992
21481,0000,1199,106,2024-12-29 21:12:34.045989
03085,0000,1199,106,2024-12-29 21:12:34.061986
00310,0000,1199,106,2024-12-29 21:12:34.077992
02890,0000,1199,106,2024-12-29 21:12:34.093975
00904,0000,1199,106,2024-12-29 21:12:34.109997
03259,0000,1199,106,2024-12-29 21:12:34.125975
14486,0000,1199,106,2024-12-29 21:12:34.141983
48928,0000,1200,106,2024-12-29 21:12:34.157962
16357,0000,1199,106,2024-12-29 21:12:34.189812
04426,0000,1200,106,2024-12-29 21:12:34.205968
25714,0001,1200,106,2024-12-29 21:12:34.221956
27794,0000,1199,106,2024-12-29 21:12:34.237970
14196,0000,1199,106,2024-12-29 21:12:34.253954
05025,0000,1200,106,2024-12-29 21:12:34.269942
01532,0000,1199,106,2024-12-29 21:12:34.285946
19803,0000,1199,106,2024-12-29 21:12:34.301946
03158,0000,1199,106,2024-12-29 21:12:34.317964
22489,0000,1199,106,2024-12-29 21:12:34.349470
04626,0000,1199,106,2024-12-29 21:12:34.365922
17746,0000,1199,106,2024-12-29 21:12:34.381916
30575,0000,1200,106,2024-12-29 21:12:34.397920
01151,0000,1199,106,2024-12-29 21:12:34.413965
02357,0000,1199,106,2024-12-29 21:12:34.429921
34652,0000,1200,106,2024-12-29 21:12:34.445915
01485,0000,1199,106,2024-12-29 21:12:34.461914
02692,0001,1199,106,2024-12-29 21:12:34.477900
01391,0000,1199,106,2024-12-29 21:12:34.493899
05335,0000,1200,106,2024-12-29 21:12:34.525851
03747,0000,1200,106,2024-12-29 21:12:34.541900
03271,0000,1199,106,2024-12-29 21:12:34.557898
00326,0000,1199,106,2024-12-29 21:12:34.573882
17475,0001,1200,106,2024-12-29 21:12:34.589889
12593,0000,1199,106,2024-12-29 21:12:34.605879
26288,0000,1199,106,2024-12-29 21:12:34.621933
04433,0000,1199,106,2024-12-29 21:12:34.637881
03886,0000,1199,106,2024-12-29 21:12:34.653880
08687,0000,1199,106,2024-12-29 21:12:34.685496
04318,0000,1199,106,2024-12-29 21:12:34.701860
08430,0000,1199,106,2024-12-29 21:12:34.717859
13360,0000,1199,106,2024-12-29 21:12:34.733874
03717,0000,1199,106,2024-12-29 21:12:34.749877
24207,0000,1200,106,2024-12-29 21:12:34.765867
00748,0000,1200,106,2024-12-29 21:12:34.781868
05952,0000,1199,106,2024-12-29 21:12:34.797867
31856,0000,1200,106,2024-12-29 21:12:34.813869
39277,0000,1199,106,2024-12-29 21:12:34.829911
11087,0000,1199,106,2024-12-29 21:12:34.861882
26226,0000,1199,106,2024-12-29 21:12:34.877880
04353,0000,1199,106,2024-12-29 21:12:34.893882
01545,0001,1199,106,2024-12-29 21:12:34.909880
01024,0001,1199,106,2024-12-29 21:12:34.925810
02122,0000,1199,106,2024-12-29 21:12:34.941833
06820,0000,1199,106,2024-12-29 21:12:34.957814
31230,0000,1199,106,2024-12-29 21:12:34.973814
00392,0000,1199,106,2024-12-29 21:12:34.989799
04095,0000,1200,106,2024-12-29 21:12:35.021513
04529,0000,1199,106,2024-12-29 21:12:35.037830
54273,0000,1200,106,2024-12-29 21:12:35.053790
40825,0000,1200,106,2024-12-29 21:12:35.069793
04622,0000,1200,106,2024-12-29 21:12:35.085784
44016,0000,1199,106,2024-12-29 21:12:35.101788
02788,0000,1200,106,2024-12-29 21:12:35.117789
02245,0000,1199,106,2024-12-29 21:12:35.133765
04493,0000,1200,106,2024-12-29 21:12:35.149799
04890,0000,1199,106,2024-12-29 21:12:35.181137
55822,0000,1199,106,2024-12-29 21:12:35.197759
02883,0000,1199,106,2024-12-29 21:12:35.213760
03019,0001,1200,106,2024-12-29 21:12:35.229757
27310,0000,1200,106,2024-12-29 21:12:35.246563
46359,0000,1200,106,2024-12-29 21:12:35.261894
27568,0000,1200,106,2024-12-29 21:12:35.277842
16309,0000,1200,106,2024-12-29 21:12:35.293749
34602,0000,1200,106,2024-12-29 21:12:35.309738
40076,0000,1199,106,2024-12-29 21:12:35.325734
16170,0001,1199,106,2024-12-29 21:12:35.357536
38027,0000,1199,106,2024-12-29 21:12:35.373720
26467,0000,1200,106,2024-12-29 21:12:35.389726
03744,0000,1200,106,2024-12-29 21:12:35.405719
01218,0000,1200,106,2024-12-29 21:12:35.421726
20374,0000,1200,106,2024-12-29 21:12:35.437725
15726,0000,1200,106,2024-12-29 21:12:35.453719
05841,0000,1200,106,2024-12-29 21:12:35.469721
22544,0000,1200,106,2024-12-29 21:12:35.485709
00431,0001,1200,106,2024-12-29 21:12:35.517169
14402,0001,1200,106,2024-12-29 21:12:35.533696
05457,0000,1200,106,2024-12-29 21:12:35.549686
01091,0000,1199,106,2024-12-29 21:12:35.565685
27297,0000,1200,106,2024-12-29 21:12:35.581682
03985,0000,1200,106,2024-12-29 21:12:35.597681
01440,0000,1200,106,2024-12-29 21:12:35.613679
21167,0000,1200,106,2024-12-29 21:12:35.629680
02324,0000,1200,106,2024-12-29 21:12:35.645670
05138,0000,1200,106,2024-12-29 21:12:35.661671
04130,0000,1200,106,2024-12-29 21:12:35.693553
08062,0000,1200,106,2024-12-29 21:12:35.709657
28074,0000,1199,106,2024-12-29 21:12:35.725650
02099,0000,1200,106,2024-12-29 21:12:35.741662
14405,0000,1200,106,2024-12-29 21:12:35.757644
26849,0000,1200,106,2024-12-29 21:12:35.773656
02226,0000,1200,106,2024-12-29 21:12:35.789641
09651,0000,1200,106,2024-12-29 21:12:35.805638
03540,0000,1200,106,2024-12-29 21:12:35.821632
25848,0000,1200,106,2024-12-29 21:12:35.853171
12366,0000,1200,106,2024-12-29 21:12:35.869630
01369,0000,1200,106,2024-12-29 21:12:35.885629
30243,0000,1199,106,2024-12-29 21:12:35.901614
01485,0000,1200,106,2024-12-29 21:12:35.917620
24521,0001,1200,106,2024-12-29 21:12:35.933605
04237,0000,1200,106,2024-12-29 21:12:35.949614
22955,0000,1200,106,2024-12-29 21:12:35.965608
06313,0000,1200,106,2024-12-29 21:12:35.981603
08347,0000,1200,106,2024-12-29 21:12:35.997602
04161,0000,1200,106,2024-12-29 21:12:36.029573
03097,0000,1200,106,2024-12-29 21:12:36.045588
57642,0000,1200,106,2024-12-29 21:12:36.061590
22115,0000,1199,106,2024-12-29 21:12:36.077579
20913,0000,1199,106,2024-12-29 21:12:36.093580
05428,0000,1199,106,2024-12-29 21:12:36.109574
03743,0000,1200,106,2024-12-29 21:12:36.125581
12145,0000,1200,106,2024-12-29 21:12:36.141568
04474,0000,1200,106,2024-12-29 21:12:36.157564
18459,0000,1200,106,2024-12-29 21:12:36.189210
34505,0000,1200,106,2024-12-29 21:12:36.205554
00633,0000,1200,106,2024-12-29 21:12:36.221558
13523,0000,1200,106,2024-12-29 21:12:36.237565
32090,0000,1200,106,2024-12-29 21:12:36.253554
13533,0000,1200,106,2024-12-29 21:12:36.269550
26303,0000,1200,106,2024-12-29 21:12:36.285550
18963,0000,1200,106,2024-12-29 21:12:36.301543
20719,0000,1200,106,2024-12-29 21:12:36.317536
28396,0000,1200,106,2024-12-29 21:12:36.348848
51553,0000,1200,106,2024-12-29 21:12:36.365526
04564,0000,1200,106,2024-12-29 21:12:36.381518
05263,0000,1200,106,2024-12-29 21:12:36.397525
01887,0000,1200,106,2024-12-29 21:12:36.413512
03922,0000,1199,106,2024-12-29 21:12:36.429513
01431,0000,1199,106,2024-12-29 21:12:36.445508
02162,0000,1200,106,2024-12-29 21:12:36.461507
01267,0000,1200,106,2024-12-29 21:12:36.477500
62416,0000,1200,106,2024-12-29 21:12:36.493495
21895,0000,1200,106,2024-12-29 21:12:36.525241
35491,0000,1200,106,2024-12-29 21:12:36.541492
00577,0000,1200,106,2024-12-29 21:12:36.557482
03418,0000,1200,106,2024-12-29 21:12:36.573482
10350,0000,1200,106,2024-12-29 21:12:36.589476
20133,0000,1200,106,2024-12-29 21:12:36.605476
16983,0000,1200,106,2024-12-29 21:12:36.621471
15489,0000,1200,106,2024-12-29 21:12:36.637468
00405,0001,1200,106,2024-12-29 21:12:36.653471
00465,0000,1200,106,2024-12-29 21:12:36.684891
02822,0000,1200,106,2024-12-29 21:12:36.701657
40739,0000,1200,106,2024-12-29 21:12:36.717472
16072,0000,1200,106,2024-12-29 21:12:36.733449
02895,0000,1200,106,2024-12-29 21:12:36.749460
05185,0000,1200,106,2024-12-29 21:12:36.765454
02157,0000,1200,106,2024-12-29 21:12:36.781456
54182,0000,1200,106,2024-12-29 21:12:36.797442
04638,0000,1200,106,2024-12-29 21:12:36.813439
25127,0000,1200,106,2024-12-29 21:12:36.829435
02573,0000,1200,106,2024-12-29 21:12:36.861273
24365,0000,1200,106,2024-12-29 21:12:36.877431
04426,0000,1200,106,2024-12-29 21:12:36.893417
00786,0000,1200,106,2024-12-29 21:12:36.909420
27048,0000,1200,106,2024-12-29 21:12:36.925417
00658,0000,1200,106,2024-12-29 21:12:36.941416
01163,0000,1200,106,2024-12-29 21:12:36.957412
04146,0000,1200,106,2024-12-29 21:12:36.973415
23878,0000,1200,106,2024-12-29 21:12:36.989417
02963,0000,1200,106,2024-12-29 21:12:37.020908
02797,0000,1200,106,2024-12-29 21:12:37.037401
36506,0000,1200,106,2024-12-29 21:12:37.053403
21882,0000,1200,106,2024-12-29 21:12:37.069407
04464,0000,1200,106,2024-12-29 21:12:37.085386
15165,0000,1200,106,2024-12-29 21:12:37.101376
03804,0000,1200,106,2024-12-29 21:12:37.117379
01280,0000,1200,106,2024-12-29 21:12:37.133371
43152,0001,1200,106,2024-12-29 21:12:37.149377
30318,0000,1200,106,2024-12-29 21:12:37.165374
03677,0000,1200,106,2024-12-29 21:12:37.197287
01400,0000,1200,106,2024-12-29 21:12:37.213369
01245,0000,1200,106,2024-12-29 21:12:37.229355
01730,0000,1200,106,2024-12-29 21:12:37.245371
26129,0000,1200,106,2024-12-29 21:12:37.261361
01296,0000,1200,106,2024-12-29 21:12:37.277349
00266,0000,1200,106,2024-12-29 21:12:37.293345
02897,0000,1200,106,2024-12-29 21:12:37.309347
14614,0000,1200,106,2024-12-29 21:12:37.325338
49110,0000,1200,106,2024-12-29 21:12:37.356929
34790,0000,1200,106,2024-12-29 21:12:37.373330
62814,0000,1200,106,2024-12-29 21:12:37.389333
23641,0000,1200,106,2024-12-29 21:12:37.405328
36398,0000,1200,106,2024-12-29 21:12:37.421324
07158,0000,1200,106,2024-12-29 21:12:37.437327
01271,0000,1200,106,2024-12-29 21:12:37.453323
00479,0000,1200,106,2024-12-29 21:12:37.469324
17745,0000,1200,106,2024-12-29 21:12:37.485306
01403,0000,1200,106,2024-12-29 21:12:37.501298
07264,0000,1200,106,2024-12-29 21:12:37.533289
02291,0001,1200,106,2024-12-29 21:12:37.549294
05388,0000,1200,106,2024-12-29 21:12:37.565292
05358,0000,1201,106,2024-12-29 21:12:37.581295
00918,0000,1200,106,2024-12-29 21:12:37.597279
07807,0000,1200,106,2024-12-29 21:12:37.613285
04396,0000,1200,106,2024-12-29 21:12:37.629277
30915,0000,1200,106,2024-12-29 21:12:37.645279
02621,0000,1200,106,2024-12-29 21:12:37.661272
34529,0000,1200,106,2024-12-29 21:12:37.692948
39437,0000,1200,106,2024-12-29 21:12:37.709264
32556,0001,1200,106,2024-12-29 21:12:37.725257
60110,0000,1200,106,2024-12-29 21:12:37.741266
18793,0000,1200,106,2024-12-29 21:12:37.757262
03884,0001,1200,106,2024-12-29 21:12:37.773257
19423,0000,1200,106,2024-12-29 21:12:37.789255
48785,0000,1200,106,2024-12-29 21:12:37.805240
09539,0000,1200,106,2024-12-29 21:12:37.821245
02210,0000,1200,106,2024-12-29 21:12:37.852603
04664,0000,1200,106,2024-12-29 21:12:37.869247
20797,0000,1200,106,2024-12-29 21:12:37.885251
02673,0000,1200,106,2024-12-29 21:12:37.901251
02320,0000,1200,106,2024-12-29 21:12:37.917252
03012,0000,1200,106,2024-12-29 21:12:37.933259
04512,0000,1200,106,2024-12-29 21:12:37.949254
51795,0000,1200,106,2024-12-29 21:12:37.965259
21859,0000,1200,106,2024-12-29 21:12:37.981263
03946,0000,1200,106,2024-12-29 21:12:37.997271
36331,0000,1200,106,2024-12-29 21:12:38.029028
01615,0000,1200,106,2024-12-29 21:12:38.045211
00698,0000,1200,106,2024-12-29 21:12:38.061193
04248,0000,1200,106,2024-12-29 21:12:38.077191
03316,0000,1200,106,2024-12-29 21:12:38.093179
17808,0000,1200,106,2024-12-29 21:12:38.109187
29204,0000,1200,106,2024-12-29 21:12:38.125171
23006,0000,1200,106,2024-12-29 21:12:38.141179
00700,0000,1200,106,2024-12-29 21:12:38.157173
02455,0000,1200,106,2024-12-29 21:12:38.188606
01413,0000,1201,106,2024-12-29 21:12:38.205163
55095,0000,1200,106,2024-12-29 21:12:38.221166
42669,0000,1200,106,2024-12-29 21:12:38.237168
05563,0000,1200,106,2024-12-29 21:12:38.253157
04238,0001,1200,106,2024-12-29 21:12:38.269144
05423,0000,1200,106,2024-12-29 21:12:38.285144
03813,0000,1201,106,2024-12-29 21:12:38.301140
02247,0000,1200,106,2024-12-29 21:12:38.317140
06128,0000,1200,106,2024-12-29 21:12:38.333137
64357,0000,1200,106,2024-12-29 21:12:38.364984
04811,0000,1200,106,2024-12-29 21:12:38.381133
06724,0001,1200,106,2024-12-29 21:12:38.397123
04464,0000,1201,106,2024-12-29 21:12:38.413124
06866,0000,1201,106,2024-12-29 21:12:38.429114
01177,0000,1200,106,2024-12-29 21:12:38.445116
04196,0000,1200,106,2024-12-29 21:12:38.461107
30247,0000,1200,106,2024-12-29 21:12:38.477101
09994,0000,1200,106,2024-12-29 21:12:38.493103
09958,0000,1200,106,2024-12-29 21:12:38.524629
11013,0000,1201,106,2024-12-29 21:12:38.541096
27210,0000,1200,106,2024-12-29 21:12:38.557092
49039,0000,1201,106,2024-12-29 21:12:38.573087
00734,0000,1201,106,2024-12-29 21:12:38.589087
37829,0000,1201,106,2024-12-29 21:12:38.605088
05456,0000,1201,106,2024-12-29 21:12:38.621076
02120,0000,1200,106,2024-12-29 21:12:38.637073
04615,0000,1200,106,2024-12-29 21:12:38.653066
39958,0000,1200,106,2024-12-29 21:12:38.669074
22397,0000,1201,106,2024-12-29 21:12:38.701027
05728,0000,1200,106,2024-12-29 21:12:38.717059
18181,0001,1200,106,2024-12-29 21:12:38.733061
37657,0000,1200,106,2024-12-29 21:12:38.749051
16185,0000,1200,106,2024-12-29 21:12:38.765056
21902,0000,1200,106,2024-12-29 21:12:38.781051
09915,0000,1200,106,2024-12-29 21:12:38.797052
00709,0000,1200,106,2024-12-29 21:12:38.813048
47334,0000,1200,106,2024-12-29 21:12:38.829045
05331,0000,1201,106,2024-12-29 21:12:38.860690
10759,0000,1201,106,2024-12-29 21:12:38.877036
03763,0000,1201,106,2024-12-29 21:12:38.893032
03764,0000,1200,106,2024-12-29 21:12:38.909026
06905,0000,1201,106,2024-12-29 21:12:38.925021
05131,0000,1200,106,2024-12-29 21:12:38.941019
15704,0000,1200,106,2024-12-29 21:12:38.957024
02719,0000,1200,106,2024-12-29 21:12:38.973014
34484,0000,1200,106,2024-12-29 21:12:38.989013
18333,0000,1201,106,2024-12-29 21:12:39.005019
24542,0000,1200,106,2024-12-29 21:12:39.037006
50625,0000,1200,106,2024-12-29 21:12:39.052995
17222,0000,1200,106,2024-12-29 21:12:39.069001
01493,0000,1201,106,2024-12-29 21:12:39.084987
35534,0001,1200,106,2024-12-29 21:12:39.100990
03067,0000,1200,106,2024-12-29 21:12:39.116992
48056,0000,1200,106,2024-12-29 21:12:39.132992
02314,0000,1201,106,2024-12-29 21:12:39.148980
00296,0000,1200,106,2024-12-29 21:12:39.164979
01283,0000,1201,106,2024-12-29 21:12:39.196693
06930,0000,1201,106,2024-12-29 21:12:39.212968
05257,0000,1201,106,2024-12-29 21:12:39.228959
03005,0000,1201,106,2024-12-29 21:12:39.244972
03021,0000,1201,106,2024-12-29 21:12:39.260958
04681,0000,1201,106,2024-12-29 21:12:39.276955
17271,0000,1200,106,2024-12-29 21:12:39.292949
05346,0000,1201,106,2024-12-29 21:12:39.308949
17167,0000,1201,106,2024-12-29 21:12:39.324957
00666,0000,1201,106,2024-12-29 21:12:39.356329
63631,0000,1200,106,2024-12-29 21:12:39.372945
00628,0000,1201,106,2024-12-29 21:12:39.388938
01368,0000,1201,106,2024-12-29 21:12:39.404946
16992,0000,1201,106,2024-12-29 21:12:39.420924
02061,0000,1201,106,2024-12-29 21:12:39.436931
03402,0000,1200,106,2024-12-29 21:12:39.452919
38423,0000,1201,106,2024-12-29 21:12:39.468924
04481,0000,1201,106,2024-12-29 21:12:39.484916
00513,0000,1201,106,2024-12-29 21:12:39.500906
02750,0000,1201,106,2024-12-29 21:12:39.532724
00629,0000,1201,106,2024-12-29 21:12:39.548900
00281,0000,1201,106,2024-12-29 21:12:39.564892
52336,0000,1201,106,2024-12-29 21:12:39.580892
00631,0000,1201,106,2024-12-29 21:12:39.596889
11588,0000,1201,106,2024-12-29 21:12:39.612889
26831,0000,1201,106,2024-12-29 21:12:39.628880
10418,0000,1201,106,2024-12-29 21:12:39.644883
05524,0000,1201,106,2024-12-29 21:12:39.660876
21890,0000,1200,106,2024-12-29 21:12:39.692362
10874,0000,1201,106,2024-12-29 21:12:39.708870
56787,0000,1201,106,2024-12-29 21:12:39.724869
07993,0000,1200,106,2024-12-29 21:12:39.740870
03403,0001,1201,106,2024-12-29 21:12:39.756860
30519,0000,1201,106,2024-12-29 21:12:39.772862
31342,0000,1200,106,2024-12-29 21:12:39.788860
01397,0000,1201,106,2024-12-29 21:12:39.804844
34836,0000,1201,106,2024-12-29 21:12:39.820854
40736,0000,1201,106,2024-12-29 21:12:39.836840
01439,0000,1201,106,2024-12-29 21:12:39.868746
04547,0000,1201,106,2024-12-29 21:12:39.884836
18505,0000,1201,106,2024-12-29 21:12:39.900836
03952,0000,1201,106,2024-12-29 21:12:39.916836
05221,0000,1201,106,2024-12-29 21:12:39.932821
01157,0000,1201,106,2024-12-29 21:12:39.948827
40787,0000,1201,106,2024-12-29 21:12:39.964820
05164,0001,1201,106,2024-12-29 21:12:39.980813
28172,0000,1201,106,2024-12-29 21:12:39.996806
03090,0000,1201,106,2024-12-29 21:12:40.028384
02245,0000,1201,106,2024-12-29 21:12:40.044801
02924,0000,1201,106,2024-12-29 21:12:40.060804
14315,0000,1200,106,2024-12-29 21:12:40.076789
04087,0000,1201,106,2024-12-29 21:12:40.092791
58154,0000,1201,106,2024-12-29 21:12:40.108782
04975,0000,1201,106,2024-12-29 21:12:40.124791
03052,0000,1201,106,2024-12-29 21:12:40.140780
00937,0000,1201,106,2024-12-29 21:12:40.156784
05113,0000,1201,106,2024-12-29 21:12:40.172790
04171,0000,1201,106,2024-12-29 21:12:40.204772
20254,0000,1201,106,2024-12-29 21:12:40.220761
00446,0000,1201,106,2024-12-29 21:12:40.236766
04118,0000,1201,106,2024-12-29 21:12:40.252756
14717,0000,1201,106,2024-12-29 21:12:40.268759
29540,0000,1201,106,2024-12-29 21:12:40.284760
25361,0000,1201,106,2024-12-29 21:12:40.300758
49748,0000,1201,106,2024-12-29 21:12:40.316744
09451,0000,1201,106,2024-12-29 21:12:40.332747
04571,0001,1201,106,2024-12-29 21:12:40.364408
28541,0000,1201,106,2024-12-29 21:12:40.380731
01902,0000,1201,106,2024-12-29 21:12:40.396738
00377,0000,1201,106,2024-12-29 21:12:40.412728
19988,0001,1201,106,2024-12-29 21:12:40.428724
14726,0001,1201,106,2024-12-29 21:12:40.444716
25420,0001,1201,106,2024-12-29 21:12:40.460722
05074,0000,1201,106,2024-12-29 21:12:40.476713
03121,0000,1201,106,2024-12-29 21:12:40.492707
49212,0000,1201,106,2024-12-29 21:12:40.524058
14752,0000,1201,106,2024-12-29 21:12:40.540709
19134,0000,1201,106,2024-12-29 21:12:40.556706
03430,0000,1201,106,2024-12-29 21:12:40.572707
01392,0000,1201,106,2024-12-29 21:12:40.588689
01208,0000,1201,106,2024-12-29 21:12:40.604693
55967,0000,1201,106,2024-12-29 21:12:40.620684
41449,0000,1201,106,2024-12-29 21:12:40.636683
04472,0000,1201,106,2024-12-29 21:12:40.652676
30857,0000,1201,106,2024-12-29 21:12:40.668679
19418,0000,1201,106,2024-12-29 21:12:40.700445
02267,0000,1201,106,2024-12-29 21:12:40.716674
20128,0000,1201,106,2024-12-29 21:12:40.732677
10844,0000,1201,106,2024-12-29 21:12:40.748671
01793,0000,1201,106,2024-12-29 21:12:40.764668
29737,0000,1201,106,2024-12-29 21:12:40.780664
41780,0000,1201,106,2024-12-29 21:12:40.796664
01280,0000,1201,106,2024-12-29 21:12:40.812657
61655,0000,1201,106,2024-12-29 21:12:40.828646
04282,0000,1201,106,2024-12-29 21:12:40.860063
12344,0000,1201,106,2024-12-29 21:12:40.876645
51606,0000,1201,106,2024-12-29 21:12:40.892633
04283,0000,1201,106,2024-12-29 21:12:40.908640
03740,0000,1201,106,2024-12-29 21:12:40.924631
53402,0000,1201,106,2024-12-29 21:12:40.940628
02820,0000,1201,106,2024-12-29 21:12:40.956635
24515,0000,1201,106,2024-12-29 21:12:40.972638
06234,0000,1201,106,2024-12-29 21:12:40.988636
02679,0000,1201,106,2024-12-29 21:12:41.004642
00968,0001,1201,106,2024-12-29 21:12:41.036478
22378,0000,1201,106,2024-12-29 21:12:41.052641
05221,0000,1201,106,2024-12-29 21:12:41.068642
18429,0000,1201,106,2024-12-29 21:12:41.084649
58363,0000,1201,106,2024-12-29 21:12:41.100643
01415,0000,1201,106,2024-12-29 21:12:41.116650
03386,0000,1201,106,2024-12-29 21:12:41.132653
31623,0000,1201,106,2024-12-29 21:12:41.148651
00268,0000,1201,106,2024-12-29 21:12:41.164580
05074,0000,1201,106,2024-12-29 21:12:41.196104
16122,0000,1201,106,2024-12-29 21:12:41.212583
04376,0000,1201,106,2024-12-29 21:12:41.228567
27485,0000,1201,106,2024-12-29 21:12:41.244583
29369,0000,1201,106,2024-12-29 21:12:41.260567
06568,0000,1201,106,2024-12-29 21:12:41.276570
24253,0000,1201,106,2024-12-29 21:12:41.292558
13247,0000,1201,106,2024-12-29 21:12:41.308563
01171,0000,1201,106,2024-12-29 21:12:41.324559
24636,0000,1201,106,2024-12-29 21:12:41.340552
03679,0000,1201,106,2024-12-29 21:12:41.372489
04155,0000,1201,106,2024-12-29 21:12:41.388544
13374,0001,1201,106,2024-12-29 21:12:41.404533
00690,0000,1201,106,2024-12-29 21:12:41.420545
16995,0000,1201,106,2024-12-29 21:12:41.436539
27001,0000,1201,106,2024-12-29 21:12:41.452538
38440,0000,1201,106,2024-12-29 21:12:41.468534
22456,0000,1201,106,2024-12-29 21:12:41.484520
21456,0000,1201,106,2024-12-29 21:12:41.500523
05161,0000,1201,106,2024-12-29 21:12:41.532127
08461,0000,1201,106,2024-12-29 21:12:41.548511
07729,0000,1201,106,2024-12-29 21:12:41.564512
24459,0001,1201,106,2024-12-29 21:12:41.580500
07556,0000,1201,106,2024-12-29 21:12:41.596503
30926,0000,1201,106,2024-12-29 21:12:41.612491
45649,0000,1201,106,2024-12-29 21:12:41.628491
04240,0000,1201,106,2024-12-29 21:12:41.644485
16024,0000,1201,106,2024-12-29 21:12:41.660487
26302,0000,1201,106,2024-12-29 21:12:41.676480
05208,0000,1201,106,2024-12-29 21:12:41.708476
09147,0000,1201,106,2024-12-29 21:12:41.724475
04553,0000,1201,106,2024-12-29 21:12:41.740481
04447,0000,1201,106,2024-12-29 21:12:41.756479
03886,0000,1201,106,2024-12-29 21:12:41.772469
24167,0000,1201,106,2024-12-29 21:12:41.788460
05221,0000,1201,106,2024-12-29 21:12:41.804463
05223,0000,1201,106,2024-12-29 21:12:41.820457
02920,0000,1201,106,2024-12-29 21:12:41.836461
48787,0000,1201,106,2024-12-29 21:12:41.868167
02339,0000,1201,106,2024-12-29 21:12:41.884440
11522,0000,1201,106,2024-12-29 21:12:41.900441
16988,0000,1201,106,2024-12-29 21:12:41.916439
01357,0000,1202,106,2024-12-29 21:12:41.932443
10428,0000,1201,106,2024-12-29 21:12:41.948428
66944,0000,1201,106,2024-12-29 21:12:41.964427
01442,0000,1202,106,2024-12-29 21:12:41.980420
33203,0000,1201,106,2024-12-29 21:12:41.996433
20037,0000,1201,106,2024-12-29 21:12:42.027791
04829,0000,1201,106,2024-12-29 21:12:42.044411
24492,0000,1201,106,2024-12-29 21:12:42.060407
05369,0000,1202,106,2024-12-29 21:12:42.076410
12951,0000,1201,106,2024-12-29 21:12:42.092396
05323,0000,1201,106,2024-12-29 21:12:42.108402
36225,0000,1201,106,2024-12-29 21:12:42.124400
03477,0000,1202,106,2024-12-29 21:12:42.140407
33033,0000,1201,106,2024-12-29 21:12:42.156394
03136,0000,1201,106,2024-12-29 21:12:42.172391
03037,0000,1201,106,2024-12-29 21:12:42.204183
20493,0000,1202,106,2024-12-29 21:12:42.220373
03338,0000,1201,106,2024-12-29 21:12:42.236370
28581,0000,1202,106,2024-12-29 21:12:42.252386
49794,0000,1202,106,2024-12-29 21:12:42.268372
23955,0001,1201,106,2024-12-29 21:12:42.284366
03877,0000,1201,106,2024-12-29 21:12:42.300355
10872,0000,1201,106,2024-12-29 21:12:42.316359
13076,0000,1201,106,2024-12-29 21:12:42.332351
05997,0000,1201,106,2024-12-29 21:12:42.363823
02173,0000,1201,106,2024-12-29 21:12:42.380352
05326,0000,1201,106,2024-12-29 21:12:42.396347
35254,0000,1201,106,2024-12-29 21:12:42.412345
03865,0000,1201,106,2024-12-29 21:12:42.428341
05242,0000,1201,106,2024-12-29 21:12:42.444342
01442,0000,1201,106,2024-12-29 21:12:42.460338
02589,0000,1201,106,2024-12-29 21:12:42.476330
21816,0000,1201,106,2024-12-29 21:12:42.492332
26041,0000,1201,106,2024-12-29 21:12:42.508327
51481,0000,1201,106,2024-12-29 21:12:42.540202
08399,0000,1201,106,2024-12-29 21:12:42.556312
05097,0000,1201,106,2024-12-29 21:12:42.572305
00618,0000,1201,106,2024-12-29 21:12:42.588307
17656,0000,1202,106,2024-12-29 21:12:42.604299
18642,0000,1201,106,2024-12-29 21:12:42.620307
04424,0000,1201,106,2024-12-29 21:12:42.636298
02044,0000,1201,106,2024-12-29 21:12:42.652303
06729,0000,1201,106,2024-12-29 21:12:42.668300
02347,0000,1201,106,2024-12-29 21:12:42.699845
28997,0000,1202,106,2024-12-29 21:12:42.716290
01836,0000,1202,106,2024-12-29 21:12:42.732280
28235,0000,1201,106,2024-12-29 21:12:42.748277
17958,0000,1201,106,2024-12-29 21:12:42.764272
05416,0000,1202,106,2024-12-29 21:12:42.780269
01678,0000,1202,106,2024-12-29 21:12:42.796268
30782,0000,1202,106,2024-12-29 21:12:42.812265
17751,0000,1202,106,2024-12-29 21:12:42.828257
47935,0000,1201,106,2024-12-29 21:12:42.844253
01452,0000,1201,106,2024-12-29 21:12:42.876230
04074,0000,1202,106,2024-12-29 21:12:42.892247
00715,0000,1201,106,2024-12-29 21:12:42.908251
03785,0000,1202,106,2024-12-29 21:12:42.924236
03792,0000,1202,106,2024-12-29 21:12:42.940242
25355,0000,1201,106,2024-12-29 21:12:42.956232
05087,0000,1201,106,2024-12-29 21:12:42.972230
02113,0000,1202,106,2024-12-29 21:12:42.988232
26363,0000,1201,106,2024-12-29 21:12:43.004233
09062,0000,1201,106,2024-12-29 21:12:43.035871
48096,0000,1201,106,2024-12-29 21:12:43.052208
25736,0000,1202,106,2024-12-29 21:12:43.068211
03783,0000,1202,106,2024-12-29 21:12:43.084205
17718,0000,1202,106,2024-12-29 21:12:43.100204
47149,0000,1201,106,2024-12-29 21:12:43.116205
37131,0000,1202,106,2024-12-29 21:12:43.132198
42368,0000,1202,106,2024-12-29 21:12:43.148192
08748,0000,1201,106,2024-12-29 21:12:43.164203
02311,0000,1201,106,2024-12-29 21:12:43.195499
13025,0000,1202,106,2024-12-29 21:12:43.212188
42510,0000,1201,106,2024-12-29 21:12:43.228179
05462,0000,1202,106,2024-12-29 21:12:43.244195
49094,0000,1201,106,2024-12-29 21:12:43.260173
01544,0000,1201,106,2024-12-29 21:12:43.276176
00733,0000,1202,106,2024-12-29 21:12:43.292175
06688,0000,1201,106,2024-12-29 21:12:43.308183
02189,0000,1201,106,2024-12-29 21:12:43.324162
05187,0000,1201,106,2024-12-29 21:12:43.340168
22433,0000,1202,106,2024-12-29 21:12:43.371885
02950,0000,1202,106,2024-12-29 21:12:43.388151
45559,0000,1202,106,2024-12-29 21:12:43.404140
25431,0000,1202,106,2024-12-29 21:12:43.420148
15367,0000,1201,106,2024-12-29 21:12:43.436131
09975,0000,1202,106,2024-12-29 21:12:43.452136
27079,0000,1202,106,2024-12-29 21:12:43.468135
41074,0000,1201,106,2024-12-29 21:12:43.484128
20388,0000,1201,106,2024-12-29 21:12:43.500125
01846,0000,1202,106,2024-12-29 21:12:43.531540
02608,0000,1202,106,2024-12-29 21:12:43.548116
02281,0000,1201,106,2024-12-29 21:12:43.564119
01328,0000,1202,106,2024-12-29 21:12:43.580115
01380,0000,1202,106,2024-12-29 21:12:43.596105
07350,0000,1202,106,2024-12-29 21:12:43.612106
01370,0000,1202,106,2024-12-29 21:12:43.628101
01354,0000,1202,106,2024-12-29 21:12:43.644098
03393,0000,1201,106,2024-12-29 21:12:43.660092
24247,0000,1201,106,2024-12-29 21:12:43.676095
01527,0000,1202,106,2024-12-29 21:12:43.707937
03582,0000,1201,106,2024-12-29 21:12:43.724082
05274,0000,1202,106,2024-12-29 21:12:43.740079
02237,0000,1201,106,2024-12-29 21:12:43.756075
45574,0000,1201,106,2024-12-29 21:12:43.772069
05390,0000,1202,106,2024-12-29 21:12:43.788077
58233,0000,1201,106,2024-12-29 21:12:43.804066
27817,0000,1202,106,2024-12-29 21:12:43.820070
02666,0000,1202,106,2024-12-29 21:12:43.836056
03005,0000,1202,106,2024-12-29 21:12:43.867561
01024,0000,1202,106,2024-12-29 21:12:43.884055
00998,0000,1201,106,2024-12-29 21:12:43.900037
09558,0000,1202,106,2024-12-29 21:12:43.916045
01258,0000,1202,106,2024-12-29 21:12:43.932041
48205,0000,1201,106,2024-12-29 21:12:43.948041
03026,0000,1201,106,2024-12-29 21:12:43.964041
12677,0000,1202,106,2024-12-29 21:12:43.980038
21794,0000,1202,106,2024-12-29 21:12:43.996029
05122,0000,1201,106,2024-12-29 21:12:44.012039
02543,0000,1202,106,2024-12-29 21:12:44.043966
30901,0000,1202,106,2024-12-29 21:12:44.060026
06979,0001,1202,106,2024-12-29 21:12:44.076015
04328,0000,1202,106,2024-12-29 21:12:44.092018
04702,0000,1202,106,2024-12-29 21:12:44.108019
10700,0000,1201,106,2024-12-29 21:12:44.124020
03825,0000,1202,106,2024-12-29 21:12:44.140020
04367,0000,1202,106,2024-12-29 21:12:44.156023
29528,0000,1202,106,2024-12-29 21:12:44.172024
36850,0000,1201,106,2024-12-29 21:12:44.203611
41643,0000,1202,106,2024-12-29 21:12:44.220035
26935,0000,1202,106,2024-12-29 21:12:44.236041
00941,0000,1202,106,2024-12-29 21:12:44.252043
05402,0000,1202,106,2024-12-29 21:12:44.268041
00399,0000,1202,106,2024-12-29 21:12:44.283969
01581,0000,1201,106,2024-12-29 21:12:44.299972
10442,0000,1202,106,2024-12-29 21:12:44.315964
03566,0000,1202,106,2024-12-29 21:12:44.331969
21254,0000,1202,106,2024-12-29 21:12:44.347956
03502,0000,1202,106,2024-12-29 21:12:44.379948
06310,0000,1202,106,2024-12-29 21:12:44.395948
05081,0000,1202,106,2024-12-29 21:12:44.411939
04328,0000,1202,106,2024-12-29 21:12:44.427948
54113,0000,1202,106,2024-12-29 21:12:44.443939
04258,0001,1202,106,2024-12-29 21:12:44.459946
09596,0000,1202,106,2024-12-29 21:12:44.475950
01471,0000,1202,106,2024-12-29 21:12:44.491926
44745,0000,1202,106,2024-12-29 21:12:44.507938
48939,0000,1202,106,2024-12-29 21:12:44.539610
27944,0000,1202,106,2024-12-29 21:12:44.555919
11227,0000,1202,106,2024-12-29 21:12:44.571929
54743,0000,1202,106,2024-12-29 21:12:44.587916
03002,0000,1202,106,2024-12-29 21:12:44.603917
41081,0001,1202,106,2024-12-29 21:12:44.619907
27597,0000,1202,106,2024-12-29 21:12:44.635910
05388,0000,1202,106,2024-12-29 21:12:44.651898
49783,0000,1202,106,2024-12-29 21:12:44.667895
15548,0000,1202,106,2024-12-29 21:12:44.699238
01161,0000,1202,106,2024-12-29 21:12:44.715885
02972,0000,1202,106,2024-12-29 21:12:44.731880
03865,0000,1202,106,2024-12-29 21:12:44.747880
21886,0000,1202,106,2024-12-29 21:12:44.763874
38594,0000,1202,106,2024-12-29 21:12:44.779877
02202,0000,1202,106,2024-12-29 21:12:44.795873
02855,0000,1202,106,2024-12-29 21:12:44.811875
03575,0000,1202,106,2024-12-29 21:12:44.827875
32387,0000,1202,106,2024-12-29 21:12:44.843867
07254,0000,1202,106,2024-12-29 21:12:44.875623
03213,0000,1202,106,2024-12-29 21:12:44.891854
01950,0000,1202,106,2024-12-29 21:12:44.907841
03909,0000,1202,106,2024-12-29 21:12:44.923847
07599,0000,1202,106,2024-12-29 21:12:44.939835
10016,0000,1202,106,2024-12-29 21:12:44.955845
03767,0000,1202,106,2024-12-29 21:12:44.971837
02247,0000,1202,106,2024-12-29 21:12:44.987839
19232,0000,1202,106,2024-12-29 21:12:45.003831
03082,0000,1202,106,2024-12-29 21:12:45.035280
57425,0000,1202,106,2024-12-29 21:12:45.051826
00405,0000,1202,106,2024-12-29 21:12:45.067817
02172,0000,1202,106,2024-12-29 21:12:45.083821
40205,0000,1202,106,2024-12-29 21:12:45.099806
02084,0000,1202,106,2024-12-29 21:12:45.115816
02422,0000,1202,106,2024-12-29 21:12:45.131810
30817,0000,1202,106,2024-12-29 21:12:45.147805
06119,0000,1202,106,2024-12-29 21:12:45.163807
58439,0000,1202,106,2024-12-29 21:12:45.179798
53018,0000,1202,106,2024-12-29 21:12:45.211669
01390,0001,1202,106,2024-12-29 21:12:45.227791
21843,0001,1202,106,2024-12-29 21:12:45.243812
24836,0000,1202,106,2024-12-29 21:12:45.259790
04779,0000,1202,106,2024-12-29 21:12:45.275775
04209,0000,1202,106,2024-12-29 21:12:45.291782
00788,0000,1202,106,2024-12-29 21:12:45.307769
04239,0001,1202,106,2024-12-29 21:12:45.323771
23425,0000,1202,106,2024-12-29 21:12:45.339771
59298,0000,1202,106,2024-12-29 21:12:45.371304
19476,0000,1202,106,2024-12-29 21:12:45.387772
29215,0001,1202,106,2024-12-29 21:12:45.403754
36190,0000,1202,106,2024-12-29 21:12:45.419756
04620,0000,1202,106,2024-12-29 21:12:45.435753
50837,0000,1202,106,2024-12-29 21:12:45.451740
02114,0000,1202,106,2024-12-29 21:12:45.467742
03110,0000,1202,106,2024-12-29 21:12:45.483732
23808,0000,1202,106,2024-12-29 21:12:45.499732
25009,0000,1202,106,2024-12-29 21:12:45.515735
26140,0000,1202,106,2024-12-29 21:12:45.547683
01238,0000,1202,106,2024-12-29 21:12:45.563728
29497,0000,1202,106,2024-12-29 21:12:45.579716
08863,0000,1202,106,2024-12-29 21:12:45.595721
37096,0000,1202,106,2024-12-29 21:12:45.611712
02339,0000,1202,106,2024-12-29 21:12:45.627715
54822,0000,1202,106,2024-12-29 21:12:45.643711
02802,0000,1202,106,2024-12-29 21:12:45.659701
20141,0000,1202,106,2024-12-29 21:12:45.675701
31660,0000,1202,106,2024-12-29 21:12:45.707326
15559,0000,1202,106,2024-12-29 21:12:45.723686
01631,0000,1202,106,2024-12-29 21:12:45.739694
02745,0000,1202,106,2024-12-29 21:12:45.755686
19973,0000,1202,106,2024-12-29 21:12:45.771692
03517,0000,1202,106,2024-12-29 21:12:45.787702
30865,0000,1202,106,2024-12-29 21:12:45.803681
03090,0000,1202,106,2024-12-29 21:12:45.819667
20081,0000,1202,106,2024-12-29 21:12:45.835672
40205,0000,1202,106,2024-12-29 21:12:45.851665
09116,0000,1202,106,2024-12-29 21:12:45.883657
02101,0000,1202,106,2024-12-29 21:12:45.899659
13078,0000,1202,106,2024-12-29 21:12:45.915653
50732,0000,1202,106,2024-12-29 21:12:45.931650
21577,0000,1202,106,2024-12-29 21:12:45.947645
12016,0000,1202,106,2024-12-29 21:12:45.963648
28694,0000,1202,106,2024-12-29 21:12:45.979638
06691,0000,1202,106,2024-12-29 21:12:45.995631
02563,0000,1202,106,2024-12-29 21:12:46.011633
04098,0000,1202,106,2024-12-29 21:12:46.043354
50807,0000,1202,106,2024-12-29 21:12:46.059622
05344,0000,1202,106,2024-12-29 21:12:46.075617
26128,0000,1202,106,2024-12-29 21:12:46.091614
21595,0000,1202,106,2024-12-29 21:12:46.107624
01501,0000,1202,106,2024-12-29 21:12:46.123604
27472,0000,1202,106,2024-12-29 21:12:46.139611
49013,0000,1202,106,2024-12-29 21:12:46.155610
00254,0000,1202,106,2024-12-29 21:12:46.171595
11563,0000,1202,106,2024-12-29 21:12:46.202981
01943,0000,1202,106,2024-12-29 21:12:46.219592
02130,0000,1202,106,2024-12-29 21:12:46.235589
31000,0000,1202,106,2024-12-29 21:12:46.251594
25851,0000,1202,106,2024-12-29 21:12:46.267588
01119,0000,1202,106,2024-12-29 21:12:46.283586
25910,0000,1202,106,2024-12-29 21:12:46.299577
43122,0000,1202,106,2024-12-29 21:12:46.315578
44916,0000,1203,106,2024-12-29 21:12:46.331566
00751,0000,1202,106,2024-12-29 21:12:46.347569
19447,0000,1202,106,2024-12-29 21:12:46.379371
21526,0000,1202,106,2024-12-29 21:12:46.395552
15946,0000,1202,106,2024-12-29 21:12:46.411562
18052,0000,1202,106,2024-12-29 21:12:46.427567
03360,0001,1203,106,2024-12-29 21:12:46.443564
49036,0000,1202,106,2024-12-29 21:12:46.459552
02383,0000,1202,106,2024-12-29 21:12:46.475543
00437,0000,1202,106,2024-12-29 21:12:46.491540
02605,0000,1202,106,2024-12-29 21:12:46.507532
51530,0000,1202,106,2024-12-29 21:12:46.539005
03889,0000,1203,106,2024-12-29 21:12:46.555534
00793,0000,1202,106,2024-12-29 21:12:46.571528
28769,0000,1202,106,2024-12-29 21:12:46.587528
01842,0000,1202,106,2024-12-29 21:12:46.603514
03900,0000,1203,106,2024-12-29 21:12:46.619523
32565,0000,1203,106,2024-12-29 21:12:46.635512
34844,0000,1202,106,2024-12-29 21:12:46.651513
19710,0000,1202,106,2024-12-29 21:12:46.667504
53916,0000,1202,106,2024-12-29 21:12:46.683514
07728,0000,1202,106,2024-12-29 21:12:46.715403
27249,0000,1202,106,2024-12-29 21:12:46.731493
55071,0000,1202,106,2024-12-29 21:12:46.747504
06992,0000,1202,106,2024-12-29 21:12:46.763485
25567,0000,1202,106,2024-12-29 21:12:46.779479
02074,0000,1202,106,2024-12-29 21:12:46.795480
56495,0000,1202,106,2024-12-29 21:12:46.811481
45859,0000,1202,106,2024-12-29 21:12:46.827485
04065,0000,1202,106,2024-12-29 21:12:46.843461
26082,0000,1202,106,2024-12-29 21:12:46.875046
02880,0000,1202,106,2024-12-29 21:12:46.891463
24507,0000,1202,106,2024-12-29 21:12:46.907459
03725,0000,1202,106,2024-12-29 21:12:46.923458
28685,0000,1202,106,2024-12-29 21:12:46.939456
30287,0000,1202,106,2024-12-29 21:12:46.955460
28623,0000,1203,106,2024-12-29 21:12:46.971440
04692,0000,1202,106,2024-12-29 21:12:46.987444
11543,0000,1202,106,2024-12-29 21:12:47.003445
01568,0000,1202,106,2024-12-29 21:12:47.019434
00492,0000,1202,106,2024-12-29 21:12:47.051433
02232,0001,1203,106,2024-12-29 21:12:47.067431
00514,0000,1202,106,2024-12-29 21:12:47.083422
12850,0000,1202,106,2024-12-29 21:12:47.099418
12151,0000,1203,106,2024-12-29 21:12:47.115425
05090,0000,1203,106,2024-12-29 21:12:47.131414
04086,0000,1203,106,2024-12-29 21:12:47.147413
01333,0000,1202,106,2024-12-29 21:12:47.163416
00434,0000,1203,106,2024-12-29 21:12:47.179405
22568,0000,1203,106,2024-12-29 21:12:47.211074
04369,0000,1203,106,2024-12-29 21:12:47.227407
02043,0000,1202,106,2024-12-29 21:12:47.243419
40210,0000,1202,106,2024-12-29 21:12:47.259410
09831,0000,1202,106,2024-12-29 21:12:47.275411
03057,0000,1203,106,2024-12-29 21:12:47.291418
00608,0000,1202,106,2024-12-29 21:12:47.307417
27236,0000,1203,106,2024-12-29 21:12:47.323421
42161,0000,1202,106,2024-12-29 21:12:47.339417
00514,0001,1203,106,2024-12-29 21:12:47.370742
02169,0000,1203,106,2024-12-29 21:12:47.387434
13352,0000,1203,106,2024-12-29 21:12:47.403432
20268,0000,1202,106,2024-12-29 21:12:47.419360
20197,0000,1203,106,2024-12-29 21:12:47.435362
03624,0000,1203,106,2024-12-29 21:12:47.451350
02023,0000,1203,106,2024-12-29 21:12:47.467355
41620,0000,1202,106,2024-12-29 21:12:47.483346
12294,0000,1203,106,2024-12-29 21:12:47.499340
07278,0000,1203,106,2024-12-29 21:12:47.515338
02605,0000,1203,106,2024-12-29 21:12:47.547085
02113,0000,1202,106,2024-12-29 21:12:47.563324
19545,0000,1202,106,2024-12-29 21:12:47.579325
03081,0000,1203,106,2024-12-29 21:12:47.595331
26769,0000,1202,106,2024-12-29 21:12:47.611331
61563,0000,1203,106,2024-12-29 21:12:47.627313
31555,0000,1202,106,2024-12-29 21:12:47.643317
01834,0000,1203,106,2024-12-29 21:12:47.659303
02081,0000,1203,106,2024-12-29 21:12:47.675305
42554,0000,1203,106,2024-12-29 21:12:47.706732
03838,0000,1202,106,2024-12-29 21:12:47.723298
02436,0000,1203,106,2024-12-29 21:12:47.739295
02338,0000,1203,106,2024-12-29 21:12:47.755291
08781,0000,1202,106,2024-12-29 21:12:47.771289
27320,0000,1202,106,2024-12-29 21:12:47.787287
23919,0000,1202,106,2024-12-29 21:12:47.803281
16718,0000,1203,106,2024-12-29 21:12:47.819278
13549,0000,1203,106,2024-12-29 21:12:47.835271
15243,0000,1202,106,2024-12-29 21:12:47.851272
04260,0000,1202,106,2024-12-29 21:12:47.883127
02327,0000,1202,106,2024-12-29 21:12:47.899261
56545,0000,1203,106,2024-12-29 21:12:47.915268
06418,0000,1203,106,2024-12-29 21:12:47.931257
12245,0000,1202,106,2024-12-29 21:12:47.947258
02979,0000,1203,106,2024-12-29 21:12:47.963254
29797,0000,1203,106,2024-12-29 21:12:47.979252
05158,0000,1203,106,2024-12-29 21:12:47.995259
02137,0000,1203,106,2024-12-29 21:12:48.011240
01862,0000,1203,106,2024-12-29 21:12:48.042765
07407,0000,1203,106,2024-12-29 21:12:48.059238
18939,0000,1203,106,2024-12-29 21:12:48.075229
46375,0000,1202,106,2024-12-29 21:12:48.091238
13896,0000,1202,106,2024-12-29 21:12:48.107232
28433,0000,1203,106,2024-12-29 21:12:48.123225
00198,0000,1203,106,2024-12-29 21:12:48.139217
01332,0000,1203,106,2024-12-29 21:12:48.155217
28107,0000,1203,106,2024-12-29 21:12:48.171211
23576,0000,1203,106,2024-12-29 21:12:48.187208
03809,0000,1203,106,2024-12-29 21:12:48.219146
42359,0000,1203,106,2024-12-29 21:12:48.235196
03084,0001,1203,106,2024-12-29 21:12:48.251211
02312,0000,1203,106,2024-12-29 21:12:48.267196
02284,0000,1202,106,2024-12-29 21:12:48.283185
02920,0000,1202,106,2024-12-29 21:12:48.299195
02962,0000,1203,106,2024-12-29 21:12:48.315185
07885,0000,1203,106,2024-12-29 21:12:48.331180
10511,0000,1203,106,2024-12-29 21:12:48.347170
23149,0000,1203,106,2024-12-29 21:12:48.378793
25520,0000,1203,106,2024-12-29 21:12:48.395182
02776,0000,1203,106,2024-12-29 21:12:48.411170
19205,0000,1203,106,2024-12-29 21:12:48.427167
00683,0000,1203,106,2024-12-29 21:12:48.443159
04387,0000,1203,106,2024-12-29 21:12:48.459151
03002,0000,1202,106,2024-12-29 21:12:48.475162
02109,0000,1203,106,2024-12-29 21:12:48.491154
40178,0000,1203,106,2024-12-29 21:12:48.507149
01878,0000,1203,106,2024-12-29 21:12:48.523143
00452,0000,1203,106,2024-12-29 21:12:48.555134
03741,0000,1202,106,2024-12-29 21:12:48.571132
02099,0000,1203,106,2024-12-29 21:12:48.587128
18593,0000,1203,106,2024-12-29 21:12:48.603127
03690,0000,1203,106,2024-12-29 21:12:48.619126
02089,0000,1203,106,2024-12-29 21:12:48.635123
09014,0000,1203,106,2024-12-29 21:12:48.651127
07330,0000,1203,106,2024-12-29 21:12:48.667117
09087,0000,1203,106,2024-12-29 21:12:48.683117
09622,0000,1203,106,2024-12-29 21:12:48.714815
24477,0000,1203,106,2024-12-29 21:12:48.731119
02356,0000,1203,106,2024-12-29 21:12:48.747115
04443,0000,1203,106,2024-12-29 21:12:48.763153
02758,0000,1203,106,2024-12-29 21:12:48.779111
01388,0000,1203,106,2024-12-29 21:12:48.795096
22387,0000,1203,106,2024-12-29 21:12:48.811095
05460,0000,1203,106,2024-12-29 21:12:48.827090
03206,0000,1203,106,2024-12-29 21:12:48.843099
23962,0000,1203,106,2024-12-29 21:12:48.874455
01176,0000,1203,106,2024-12-29 21:12:48.891078
10629,0000,1203,106,2024-12-29 21:12:48.907080
56631,0000,1203,106,2024-12-29 21:12:48.923069
16747,0000,1203,106,2024-12-29 21:12:48.939064
04877,0000,1203,106,2024-12-29 21:12:48.955067
02557,0000,1203,106,2024-12-29 21:12:48.971064
03495,0000,1203,106,2024-12-29 21:12:48.987067
05164,0000,1203,106,2024-12-29 21:12:49.003052
09913,0000,1203,106,2024-12-29 21:12:49.019048
49810,0000,1203,106,2024-12-29 21:12:49.050876
03421,0000,1203,106,2024-12-29 21:12:49.067049
32442,0000,1203,106,2024-12-29 21:12:49.083048
02843,0000,1203,106,2024-12-29 21:12:49.099033
19612,0000,1203,106,2024-12-29 21:12:49.115034
02887,0000,1203,106,2024-12-29 21:12:49.131033
11516,0000,1203,106,2024-12-29 21:12:49.147032
01802,0000,1203,106,2024-12-29 21:12:49.163028
03608,0000,1202,106,2024-12-29 21:12:49.179022
02582,0000,1203,106,2024-12-29 21:12:49.210495
03043,0000,1203,106,2024-12-29 21:12:49.227011
23801,0000,1203,106,2024-12-29 21:12:49.243025
25530,0000,1203,106,2024-12-29 21:12:49.259005
01198,0000,1203,106,2024-12-29 21:12:49.275000
17065,0000,1203,106,2024-12-29 21:12:49.291004
20102,0000,1203,106,2024-12-29 21:12:49.306999
44520,0000,1203,106,2024-12-29 21:12:49.322995
42930,0000,1203,106,2024-12-29 21:12:49.338991
52370,0000,1203,106,2024-12-29 21:12:49.354992
04713,0000,1203,106,2024-12-29 21:12:49.386880
37711,0000,1203,106,2024-12-29 21:12:49.402975
09383,0000,1203,106,2024-12-29 21:12:49.418975
18422,0000,1203,106,2024-12-29 21:12:49.434966
25513,0000,1203,106,2024-12-29 21:12:49.450973
01042,0000,1203,106,2024-12-29 21:12:49.466963
02050,0000,1203,106,2024-12-29 21:12:49.482962
04551,0000,1203,106,2024-12-29 21:12:49.498960
04774,0000,1204,106,2024-12-29 21:12:49.514959
39834,0000,1203,106,2024-12-29 21:12:49.546520
04268,0000,1203,106,2024-12-29 21:12:49.562952
23475,0000,1203,106,2024-12-29 21:12:49.578936
02647,0000,1203,106,2024-12-29 21:12:49.594939
16162,0000,1203,106,2024-12-29 21:12:49.610930
19965,0000,1203,106,2024-12-29 21:12:49.626932
01572,0000,1203,106,2024-12-29 21:12:49.642924
26889,0000,1203,106,2024-12-29 21:12:49.658925
40064,0000,1203,106,2024-12-29 21:12:49.674923
26069,0000,1203,106,2024-12-29 21:12:49.690930
07400,0000,1203,106,2024-12-29 21:12:49.722889
16768,0000,1203,106,2024-12-29 21:12:49.738909
04559,0000,1203,106,2024-12-29 21:12:49.754908
02142,0000,1203,106,2024-12-29 21:12:49.770912
24016,0000,1203,106,2024-12-29 21:12:49.786905
11435,0000,1203,106,2024-12-29 21:12:49.802898
40140,0000,1203,106,2024-12-29 21:12:49.818897
02086,0000,1203,106,2024-12-29 21:12:49.834889
02799,0000,1203,106,2024-12-29 21:12:49.850887
48907,0000,1203,106,2024-12-29 21:12:49.882535
08755,0001,1203,106,2024-12-29 21:12:49.898889
14575,0000,1203,106,2024-12-29 21:12:49.914879
27679,0000,1203,106,2024-12-29 21:12:49.930883
49044,0000,1203,106,2024-12-29 21:12:49.946880
04266,0000,1203,106,2024-12-29 21:12:49.962864
12075,0000,1203,106,2024-12-29 21:12:49.978864
03485,0000,1203,106,2024-12-29 21:12:49.994865
05371,0000,1203,106,2024-12-29 21:12:50.010852
01508,0000,1203,106,2024-12-29 21:12:50.042162
28169,0000,1203,106,2024-12-29 21:12:50.058874
03482,0000,1203,106,2024-12-29 21:12:50.074872
46336,0000,1203,106,2024-12-29 21:12:50.090837
30232,0000,1203,106,2024-12-29 21:12:50.106838
00644,0000,1203,106,2024-12-29 21:12:50.122833
04556,0000,1203,106,2024-12-29 21:12:50.138831
07017,0000,1203,106,2024-12-29 21:12:50.154830
02234,0000,1203,106,2024-12-29 21:12:50.170829
05375,0000,1203,106,2024-12-29 21:12:50.186822
51524,0000,1203,106,2024-12-29 21:12:50.218555
02071,0000,1203,106,2024-12-29 21:12:50.234812
03834,0000,1203,106,2024-12-29 21:12:50.250814
00655,0000,1203,106,2024-12-29 21:12:50.266810
06179,0000,1203,106,2024-12-29 21:12:50.282807
05373,0000,1203,106,2024-12-29 21:12:50.298809
49015,0000,1203,106,2024-12-29 21:12:50.314796
00217,0000,1203,106,2024-12-29 21:12:50.330802
01495,0000,1203,106,2024-12-29 21:12:50.346803
04519,0000,1203,106,2024-12-29 21:12:50.378205
07473,0000,1203,106,2024-12-29 21:12:50.394808
12907,0000,1203,106,2024-12-29 21:12:50.410805
28842,0000,1203,106,2024-12-29 21:12:50.426810
41762,0000,1203,106,2024-12-29 21:12:50.442810
03021,0000,1203,106,2024-12-29 21:12:50.458816
31623,0000,1203,106,2024-12-29 21:12:50.474819
05603,0000,1203,106,2024-12-29 21:12:50.490821
39289,0000,1203,106,2024-12-29 21:12:50.506820
21679,0000,1203,106,2024-12-29 21:12:50.522822
32401,0000,1203,106,2024-12-29 21:12:50.554594
05333,0000,1203,106,2024-12-29 21:12:50.570747
00135,0000,1203,106,2024-12-29 21:12:50.586748
04446,0000,1203,106,2024-12-29 21:12:50.602745
50544,0001,1203,106,2024-12-29 21:12:50.618739
10566,0000,1203,106,2024-12-29 21:12:50.634732
34765,0000,1203,106,2024-12-29 21:12:50.650723
08405,0000,1203,106,2024-12-29 21:12:50.666724
00648,0000,1203,106,2024-12-29 21:12:50.682731
02164,0000,1203,106,2024-12-29 21:12:50.714225
12863,0000,1203,106,2024-12-29 21:12:50.730723
22970,0000,1203,106,2024-12-29 21:12:50.746717
23869,0000,1203,106,2024-12-29 21:12:50.762717
00642,0000,1203,106,2024-12-29 21:12:50.778761
13642,0000,1203,106,2024-12-29 21:12:50.794720
04271,0000,1203,106,2024-12-29 21:12:50.810701
01909,0000,1203,106,2024-12-29 21:12:50.826702
48267,0000,1203,106,2024-12-29 21:12:50.842700
49206,0000,1203,106,2024-12-29 21:12:50.858702
01376,0001,1203,106,2024-12-29 21:12:50.890622
04571,0000,1203,106,2024-12-29 21:12:50.906685
01352,0000,1203,106,2024-12-29 21:12:50.922671
04246,0000,1203,106,2024-12-29 21:12:50.938676
01500,0000,1204,106,2024-12-29 21:12:50.954677
04601,0000,1203,106,2024-12-29 21:12:50.970672
04537,0000,1203,106,2024-12-29 21:12:50.986669
01693,0000,1203,106,2024-12-29 21:12:51.002663
49839,0000,1203,106,2024-12-29 21:12:51.018655
04138,0000,1203,106,2024-12-29 21:12:51.050239
16630,0000,1203,106,2024-12-29 21:12:51.066650
01177,0000,1203,106,2024-12-29 21:12:51.082639
13391,0000,1203,106,2024-12-29 21:12:51.098641
03231,0000,1203,106,2024-12-29 21:12:51.114646
16919,0000,1203,106,2024-12-29 21:12:51.130651
01359,0000,1203,106,2024-12-29 21:12:51.146629
16278,0000,1203,106,2024-12-29 21:12:51.162624
17495,0000,1203,106,2024-12-29 21:12:51.178625
40913,0000,1204,106,2024-12-29 21:12:51.194621
11218,0000,1203,106,2024-12-29 21:12:51.226626
41091,0000,1203,106,2024-12-29 21:12:51.242629
31606,0000,1204,106,2024-12-29 21:12:51.258614
01928,0000,1203,106,2024-12-29 21:12:51.274613
00155,0000,1203,106,2024-12-29 21:12:51.290602
04652,0000,1203,106,2024-12-29 21:12:51.306606
27791,0000,1203,106,2024-12-29 21:12:51.322593
04287,0000,1203,106,2024-12-29 21:12:51.338597
24431,0000,1203,106,2024-12-29 21:12:51.354591
03693,0000,1204,106,2024-12-29 21:12:51.386263
03823,0000,1203,106,2024-12-29 21:12:51.402590
23172,0000,1203,106,2024-12-29 21:12:51.418583
16252,0000,1204,106,2024-12-29 21:12:51.434574
50873,0000,1204,106,2024-12-29 21:12:51.450572
21663,0000,1204,106,2024-12-29 21:12:51.466567
15415,0000,1203,106,2024-12-29 21:12:51.482569
02190,0000,1203,106,2024-12-29 21:12:51.498570
00542,0000,1203,106,2024-12-29 21:12:51.514577
10509,0000,1203,106,2024-12-29 21:12:51.545896
00526,0000,1203,106,2024-12-29 21:12:51.562551
20933,0000,1204,106,2024-12-29 21:12:51.578552
04348,0000,1203,106,2024-12-29 21:12:51.594550
05712,0000,1203,106,2024-12-29 21:12:51.610545
04456,0000,1203,106,2024-12-29 21:12:51.626550
04462,0000,1204,106,2024-12-29 21:12:51.642538
29920,0000,1203,106,2024-12-29 21:12:51.658546
04504,0000,1203,106,2024-12-29 21:12:51.674536
03650,0000,1204,106,2024-12-29 21:12:51.690544
18834,0000,1203,106,2024-12-29 21:12:51.722304
38633,0001,1204,106,2024-12-29 21:12:51.738523
01803,0000,1203,106,2024-12-29 21:12:51.754517
01406,0000,1203,106,2024-12-29 21:12:51.770511
60697,0000,1203,106,2024-12-29 21:12:51.786518
05281,0000,1204,106,2024-12-29 21:12:51.802505
61785,0000,1203,106,2024-12-29 21:12:51.818508
33304,0000,1204,106,2024-12-29 21:12:51.834499
19421,0000,1204,106,2024-12-29 21:12:51.850498
00290,0000,1204,106,2024-12-29 21:12:51.881961
04206,0000,1204,106,2024-12-29 21:12:51.898502
04508,0001,1203,106,2024-12-29 21:12:51.914480
01340,0000,1204,106,2024-12-29 21:12:51.930489
05778,0000,1203,106,2024-12-29 21:12:51.946474
05390,0000,1204,106,2024-12-29 21:12:51.962473
40910,0000,1204,106,2024-12-29 21:12:51.978467
29863,0000,1204,106,2024-12-29 21:12:51.994472
20506,0000,1204,106,2024-12-29 21:12:52.010474
07768,0000,1204,106,2024-12-29 21:12:52.026469
22336,0000,1203,106,2024-12-29 21:12:52.058328
36268,0000,1204,106,2024-12-29 21:12:52.074448
30360,0000,1203,106,2024-12-29 21:12:52.090436
44045,0000,1203,106,2024-12-29 21:12:52.106437
02934,0000,1204,106,2024-12-29 21:12:52.122431
02086,0000,1203,106,2024-12-29 21:12:52.138430
06771,0000,1204,106,2024-12-29 21:12:52.154426
63657,0000,1204,106,2024-12-29 21:12:52.170421
23425,0000,1204,106,2024-12-29 21:12:52.186416
04361,0000,1204,106,2024-12-29 21:12:52.217954
10837,0000,1204,106,2024-12-29 21:12:52.234410
25163,0000,1204,106,2024-12-29 21:12:52.250422
25789,0000,1203,106,2024-12-29 21:12:52.266414
03604,0000,1204,106,2024-12-29 21:12:52.282416
04943,0000,1203,106,2024-12-29 21:12:52.298415
00582,0000,1204,106,2024-12-29 21:12:52.314403
28972,0000,1204,106,2024-12-29 21:12:52.330394
04437,0000,1204,106,2024-12-29 21:12:52.346397
11564,0000,1204,106,2024-12-29 21:12:52.362388
04521,0001,1204,106,2024-12-29 21:12:52.394348
01245,0001,1204,106,2024-12-29 21:12:52.410382
02997,0000,1204,106,2024-12-29 21:12:52.426387
04100,0000,1204,106,2024-12-29 21:12:52.442375
01343,0000,1204,106,2024-12-29 21:12:52.458366
14471,0000,1204,106,2024-12-29 21:12:52.474374
01522,0000,1204,106,2024-12-29 21:12:52.490364
03332,0000,1204,106,2024-12-29 21:12:52.506361
01398,0000,1203,106,2024-12-29 21:12:52.522356
02359,0000,1204,106,2024-12-29 21:12:52.553979
36327,0000,1204,106,2024-12-29 21:12:52.570350
25473,0001,1204,106,2024-12-29 21:12:52.586349
16882,0000,1204,106,2024-12-29 21:12:52.602350
21277,0000,1204,106,2024-12-29 21:12:52.618339
49084,0000,1204,106,2024-12-29 21:12:52.634338
12077,0000,1204,106,2024-12-29 21:12:52.650334
27385,0000,1204,106,2024-12-29 21:12:52.666336
14603,0000,1204,106,2024-12-29 21:12:52.682340
00412,0000,1204,106,2024-12-29 21:12:52.698321
03332,0000,1204,106,2024-12-29 21:12:52.730323
04480,0000,1204,106,2024-12-29 21:12:52.746323
21942,0000,1204,106,2024-12-29 21:12:52.762308
19335,0000,1204,106,2024-12-29 21:12:52.778310
18255,0001,1204,106,2024-12-29 21:12:52.794317
30121,0000,1204,106,2024-12-29 21:12:52.810306
29540,0000,1203,106,2024-12-29 21:12:52.826293
53337,0000,1204,106,2024-12-29 21:12:52.842303
30140,0000,1204,106,2024-12-29 21:12:52.858291
20014,0001,1204,106,2024-12-29 21:12:52.890021
09684,0000,1204,106,2024-12-29 21:12:52.906279
00634,0000,1204,106,2024-12-29 21:12:52.922283
41029,0000,1204,106,2024-12-29 21:12:52.938281
18529,0000,1204,106,2024-12-29 21:12:52.954271
05131,0000,1204,106,2024-12-29 21:12:52.970269
00502,0000,1204,106,2024-12-29 21:12:52.986271
24186,0000,1203,106,2024-12-29 21:12:53.002260
00304,0000,1204,106,2024-12-29 21:12:53.018261
04516,0000,1204,106,2024-12-29 21:12:53.049661
03806,0000,1204,106,2024-12-29 21:12:53.066257
02912,0000,1204,106,2024-12-29 21:12:53.082253
20658,0000,1204,106,2024-12-29 21:12:53.098242
05102,0001,1204,106,2024-12-29 21:12:53.114244
20127,0000,1204,106,2024-12-29 21:12:53.130233
23397,0000,1204,106,2024-12-29 21:12:53.146239
02225,0000,1204,106,2024-12-29 21:12:53.162233
05232,0000,1204,106,2024-12-29 21:12:53.178227
00434,0000,1204,106,2024-12-29 21:12:53.194232
18475,0000,1204,106,2024-12-29 21:12:53.226038
66958,0000,1204,106,2024-12-29 21:12:53.242235
01974,0000,1204,106,2024-12-29 21:12:53.258211
00695,0000,1204,106,2024-12-29 21:12:53.274207
64952,0000,1204,106,2024-12-29 21:12:53.290209
43449,0000,1204,106,2024-12-29 21:12:53.306211
04627,0000,1204,106,2024-12-29 21:12:53.322206
03577,0000,1204,106,2024-12-29 21:12:53.338194
20803,0001,1204,106,2024-12-29 21:12:53.354197
16794,0000,1204,106,2024-12-29 21:12:53.385681
16942,0000,1204,106,2024-12-29 21:12:53.402185
16593,0000,1204,106,2024-12-29 21:12:53.418185
01476,0000,1204,106,2024-12-29 21:12:53.434178
15092,0000,1204,106,2024-12-29 21:12:53.450183
20079,0000,1204,106,2024-12-29 21:12:53.466182
04444,0000,1204,106,2024-12-29 21:12:53.482185
16217,0000,1204,106,2024-12-29 21:12:53.498188
00632,0000,1204,106,2024-12-29 21:12:53.514187
04599,0000,1204,106,2024-12-29 21:12:53.530193
17768,0000,1204,106,2024-12-29 21:12:53.562087
17604,0000,1204,106,2024-12-29 21:12:53.578191
21010,0000,1204,106,2024-12-29 21:12:53.594191
11428,0000,1204,106,2024-12-29 21:12:53.610194
58341,0000,1204,106,2024-12-29 21:12:53.626201
02264,0000,1204,106,2024-12-29 21:12:53.642203
17949,0000,1204,106,2024-12-29 21:12:53.658131
23020,0000,1204,106,2024-12-29 21:12:53.674135
14367,0000,1204,106,2024-12-29 21:12:53.690125
05075,0000,1204,106,2024-12-29 21:12:53.721697
47411,0000,1204,106,2024-12-29 21:12:53.738131
02521,0000,1204,106,2024-12-29 21:12:53.754110
02253,0000,1204,106,2024-12-29 21:12:53.770117
16220,0000,1204,106,2024-12-29 21:12:53.786109
26770,0000,1204,106,2024-12-29 21:12:53.802115
05390,0000,1204,106,2024-12-29 21:12:53.818100
08523,0000,1204,106,2024-12-29 21:12:53.834103
16830,0000,1204,106,2024-12-29 21:12:53.850110
02311,0000,1204,106,2024-12-29 21:12:53.866092
08473,0000,1204,106,2024-12-29 21:12:53.898085
02151,0000,1204,106,2024-12-29 21:12:53.914087
02197,0000,1204,106,2024-12-29 21:12:53.930082
29696,0000,1204,106,2024-12-29 21:12:53.946080
02310,0000,1204,106,2024-12-29 21:12:53.962080
05006,0001,1204,106,2024-12-29 21:12:53.978083
01388,0000,1204,106,2024-12-29 21:12:53.994069
06451,0000,1204,106,2024-12-29 21:12:54.010071
00295,0000,1204,106,2024-12-29 21:12:54.026061
03337,0000,1204,106,2024-12-29 21:12:54.057735
01423,0000,1204,106,2024-12-29 21:12:54.074052
58558,0000,1204,106,2024-12-29 21:12:54.090048
01045,0000,1204,106,2024-12-29 21:12:54.106041
19424,0000,1204,106,2024-12-29 21:12:54.122041
02009,0000,1204,106,2024-12-29 21:12:54.138034
15988,0000,1204,106,2024-12-29 21:12:54.154039
00967,0000,1204,106,2024-12-29 21:12:54.170025
00130,0000,1204,106,2024-12-29 21:12:54.186027
55161,0000,1204,106,2024-12-29 21:12:54.217376
02850,0000,1204,106,2024-12-29 21:12:54.234029
02530,0000,1204,106,2024-12-29 21:12:54.250025
01879,0000,1204,106,2024-12-29 21:12:54.266016
02127,0001,1204,106,2024-12-29 21:12:54.282002
40149,0000,1204,106,2024-12-29 21:12:54.298012
09047,0000,1204,106,2024-12-29 21:12:54.314001
03976,0000,1204,106,2024-12-29 21:12:54.330006
22571,0000,1204,106,2024-12-29 21:12:54.346002
05218,0000,1204,106,2024-12-29 21:12:54.362005
14326,0000,1204,106,2024-12-29 21:12:54.393763
04639,0000,1204,106,2024-12-29 21:12:54.409984
00618,0000,1204,106,2024-12-29 21:12:54.425987
05370,0000,1204,106,2024-12-29 21:12:54.441978
01177,0000,1204,106,2024-12-29 21:12:54.457968
05442,0000,1204,106,2024-12-29 21:12:54.473972
02739,0000,1204,106,2024-12-29 21:12:54.489963
05377,0000,1204,106,2024-12-29 21:12:54.505966
00619,0000,1204,106,2024-12-29 21:12:54.521965
16985,0000,1204,106,2024-12-29 21:12:54.553375
01383,0000,1204,106,2024-12-29 21:12:54.569962
01308,0000,1204,106,2024-12-29 21:12:54.585947
00755,0000,1204,106,2024-12-29 21:12:54.601947
04214,0000,1204,106,2024-12-29 21:12:54.617952
01255,0000,1204,106,2024-12-29 21:12:54.633954
04607,0001,1204,106,2024-12-29 21:12:54.649938
15831,0000,1204,106,2024-12-29 21:12:54.665938
03105,0000,1204,106,2024-12-29 21:12:54.681936
22243,0000,1204,106,2024-12-29 21:12:54.697924
19426,0000,1204,106,2024-12-29 21:12:54.729771
02796,0000,1204,106,2024-12-29 21:12:54.745934
09918,0000,1204,106,2024-12-29 21:12:54.761916
12811,0000,1204,106,2024-12-29 21:12:54.777916
43927,0000,1204,106,2024-12-29 21:12:54.793907
02028,0000,1204,106,2024-12-29 21:12:54.809909
17441,0000,1204,106,2024-12-29 21:12:54.825910
05413,0000,1204,106,2024-12-29 21:12:54.841902
04054,0000,1204,106,2024-12-29 21:12:54.857890
25976,0000,1204,106,2024-12-29 21:12:54.889415
06217,0000,1204,106,2024-12-29 21:12:54.905886
03815,0000,1204,106,2024-12-29 21:12:54.921881
05021,0000,1204,106,2024-12-29 21:12:54.937886
30890,0000,1204,106,2024-12-29 21:12:54.953876
24734,0000,1204,106,2024-12-29 21:12:54.969874
04419,0000,1204,106,2024-12-29 21:12:54.985866
09192,0000,1204,106,2024-12-29 21:12:55.001873
29165,0000,1205,106,2024-12-29 21:12:55.017872
10787,0000,1204,106,2024-12-29 21:12:55.033856
24681,0000,1204,106,2024-12-29 21:12:55.065793
10745,0000,1204,106,2024-12-29 21:12:55.081853
04560,0000,1204,106,2024-12-29 21:12:55.097844
42222,0000,1204,106,2024-12-29 21:12:55.113848
21830,0001,1204,106,2024-12-29 21:12:55.129845
02216,0000,1204,106,2024-12-29 21:12:55.145844
36386,0000,1204,106,2024-12-29 21:12:55.161838
03400,0000,1204,106,2024-12-29 21:12:55.177828
45458,0000,1204,106,2024-12-29 21:12:55.193830
03104,0000,1204,106,2024-12-29 21:12:55.225436
11527,0000,1204,106,2024-12-29 21:12:55.241819
25198,0000,1204,106,2024-12-29 21:12:55.257831
59250,0000,1204,106,2024-12-29 21:12:55.273813
01421,0000,1204,106,2024-12-29 21:12:55.289821
03104,0000,1204,106,2024-12-29 21:12:55.305808
59410,0000,1204,106,2024-12-29 21:12:55.321801
00693,0000,1205,106,2024-12-29 21:12:55.337799
22000,0000,1204,106,2024-12-29 21:12:55.353800
02947,0000,1204,106,2024-12-29 21:12:55.369791
04253,0000,1204,106,2024-12-29 21:12:55.401793
03913,0000,1204,106,2024-12-29 21:12:55.417786
30318,0000,1204,106,2024-12-29 21:12:55.433779
11421,0000,1204,106,2024-12-29 21:12:55.449776
04902,0000,1204,106,2024-12-29 21:12:55.465772
00851,0000,1204,106,2024-12-29 21:12:55.481770
19280,0000,1204,106,2024-12-29 21:12:55.497775
02425,0000,1204,106,2024-12-29 21:12:55.513765
06794,0000,1205,106,2024-12-29 21:12:55.529766
03101,0000,1204,106,2024-12-29 21:12:55.561459
08492,0000,1204,106,2024-12-29 21:12:55.577751
28015,0001,1204,106,2024-12-29 21:12:55.593753
02715,0000,1205,106,2024-12-29 21:12:55.609743
01581,0000,1204,106,2024-12-29 21:12:55.625739
02142,0000,1204,106,2024-12-29 21:12:55.641738
04364,0000,1204,106,2024-12-29 21:12:55.657732
00761,0000,1204,106,2024-12-29 21:12:55.673734
12115,0000,1204,106,2024-12-29 21:12:55.689725
21057,0000,1204,106,2024-12-29 21:12:55.721091
01955,0000,1204,106,2024-12-29 21:12:55.737727
01765,0000,1204,106,2024-12-29 21:12:55.753715
03974,0000,1204,106,2024-12-29 21:12:55.769721
06838,0001,1204,106,2024-12-29 21:12:55.785719
37019,0000,1204,106,2024-12-29 21:12:55.801732
00665,0000,1204,106,2024-12-29 21:12:55.817709
08443,0000,1205,106,2024-12-29 21:12:55.833710
02026,0000,1204,106,2024-12-29 21:12:55.849697
34643,0000,1204,106,2024-12-29 21:12:55.865706
30135,0000,1205,106,2024-12-29 21:12:55.897472
03923,0000,1204,106,2024-12-29 21:12:55.913695
17179,0000,1204,106,2024-12-29 21:12:55.929691
26001,0000,1204,106,2024-12-29 21:12:55.945680
02778,0000,1204,106,2024-12-29 21:12:55.961680
00570,0000,1204,106,2024-12-29 21:12:55.977679
02695,0000,1204,106,2024-12-29 21:12:55.993675
43937,0000,1204,106,2024-12-29 21:12:56.009672
03623,0000,1204,106,2024-12-29 21:12:56.025668
04330,0000,1205,106,2024-12-29 21:12:56.057138
35588,0000,1205,106,2024-12-29 21:12:56.073678
01238,0000,1204,106,2024-12-29 21:12:56.089671
30829,0000,1204,106,2024-12-29 21:12:56.105655
53983,0000,1204,106,2024-12-29 21:12:56.121643
04551,0000,1204,106,2024-12-29 21:12:56.137649
10625,0001,1204,106,2024-12-29 21:12:56.153638
37069,0000,1204,106,2024-12-29 21:12:56.169639
42537,0000,1205,106,2024-12-29 21:12:56.185643
01332,0000,1204,106,2024-12-29 21:12:56.201650
07125,0000,1204,106,2024-12-29 21:12:56.233517
47532,0000,1205,106,2024-12-29 21:12:56.249628
04766,0000,1205,106,2024-12-29 21:12:56.265618
18653,0000,1204,106,2024-12-29 21:12:56.281609
24764,0000,1204,106,2024-12-29 21:12:56.297613
09817,0000,1204,106,2024-12-29 21:12:56.313615
49780,0000,1204,106,2024-12-29 21:12:56.329601
07036,0000,1204,106,2024-12-29 21:12:56.345602
01489,0000,1204,106,2024-12-29 21:12:56.361592
00612,0000,1204,106,2024-12-29 21:12:56.393153
47110,0000,1204,106,2024-12-29 21:12:56.409591
01438,0000,1204,106,2024-12-29 21:12:56.425585
11417,0000,1205,106,2024-12-29 21:12:56.441585
05161,0000,1205,106,2024-12-29 21:12:56.457577
03092,0000,1204,106,2024-12-29 21:12:56.473587
37835,0000,1204,106,2024-12-29 21:12:56.489576
20294,0000,1205,106,2024-12-29 21:12:56.505578
00316,0000,1204,106,2024-12-29 21:12:56.521576
00974,0000,1205,106,2024-12-29 21:12:56.537566
02075,0000,1204,106,2024-12-29 21:12:56.569560
02502,0000,1204,106,2024-12-29 21:12:56.585572
03066,0000,1204,106,2024-12-29 21:12:56.601569
02103,0000,1204,106,2024-12-29 21:12:56.617574
03037,0000,1205,106,2024-12-29 21:12:56.633573
07737,0001,1204,106,2024-12-29 21:12:56.649573
54864,0000,1204,106,2024-12-29 21:12:56.665579
01775,0000,1205,106,2024-12-29 21:12:56.681583
09172,0000,1205,106,2024-12-29 21:12:56.697578
25026,0001,1205,106,2024-12-29 21:12:56.729214
09627,0000,1204,106,2024-12-29 21:12:56.745623
