DIST,AMP,TEMP,VOLT,Timestamp
00004,0397,1189,106,2024-12-29 22:24:53.523443
-0003,0409,1189,106,2024-12-29 22:24:53.539930
04268,0000,1189,106,2024-12-29 22:24:53.555400
17595,0000,1189,106,2024-12-29 22:24:53.571373
02228,0000,1188,106,2024-12-29 22:24:53.587311
22234,0000,1189,106,2024-12-29 22:24:53.603295
39823,0000,1189,106,2024-12-29 22:24:53.619436
03834,0000,1189,106,2024-12-29 22:24:53.635544
00642,0000,1189,106,2024-12-29 22:24:53.666765
05095,0000,1189,106,2024-12-29 22:24:53.683292
02029,0000,1189,106,2024-12-29 22:24:53.699265
07680,0000,1189,106,2024-12-29 22:24:53.715260
46569,0001,1189,106,2024-12-29 22:24:53.731256
22038,0000,1189,106,2024-12-29 22:24:53.747274
05938,0000,1189,106,2024-12-29 22:24:53.763258
40697,0000,1189,106,2024-12-29 22:24:53.779254
00591,0000,1189,106,2024-12-29 22:24:53.795253
05444,0000,1189,106,2024-12-29 22:24:53.811246
24677,0000,1189,106,2024-12-29 22:24:53.843095
40861,0001,1189,106,2024-12-29 22:24:53.859239
15577,0000,1189,106,2024-12-29 22:24:53.875239
30044,0000,1189,106,2024-12-29 22:24:53.891233
58315,0000,1189,106,2024-12-29 22:24:53.907232
03609,0000,1189,106,2024-12-29 22:24:53.923224
13130,0000,1189,106,2024-12-29 22:24:53.939223
05315,0001,1189,106,2024-12-29 22:24:53.955232
27983,0000,1189,106,2024-12-29 22:24:53.971218
18819,0000,1189,106,2024-12-29 22:24:54.002717
01525,0000,1189,106,2024-12-29 22:24:54.019211
07549,0000,1189,106,2024-12-29 22:24:54.035225
02315,0000,1189,106,2024-12-29 22:24:54.051203
03183,0000,1189,106,2024-12-29 22:24:54.067190
24528,0000,1189,106,2024-12-29 22:24:54.083197
16032,0000,1189,106,2024-12-29 22:24:54.099190
40753,0000,1189,106,2024-12-29 22:24:54.115207
13932,0000,1189,106,2024-12-29 22:24:54.131184
28307,0000,1189,106,2024-12-29 22:24:54.147183
04848,0000,1189,106,2024-12-29 22:24:54.179127
54822,0000,1189,106,2024-12-29 22:24:54.195175
39873,0000,1189,106,2024-12-29 22:24:54.211167
25458,0000,1189,106,2024-12-29 22:24:54.227177
28861,0000,1189,106,2024-12-29 22:24:54.243201
04564,0000,1189,106,2024-12-29 22:24:54.259182
19713,0000,1189,106,2024-12-29 22:24:54.275184
03380,0000,1189,106,2024-12-29 22:24:54.291182
34573,0000,1189,106,2024-12-29 22:24:54.307198
03840,0000,1189,106,2024-12-29 22:24:54.338785
01354,0000,1189,106,2024-12-29 22:24:54.355192
08296,0000,1189,106,2024-12-29 22:24:54.371191
20855,0000,1189,106,2024-12-29 22:24:54.387201
02859,0000,1189,106,2024-12-29 22:24:54.403200
19063,0000,1189,106,2024-12-29 22:24:54.419125
01421,0000,1189,106,2024-12-29 22:24:54.435131
00684,0000,1189,106,2024-12-29 22:24:54.451120
03988,0000,1189,106,2024-12-29 22:24:54.467136
02215,0000,1189,106,2024-12-29 22:24:54.483119
02056,0000,1189,106,2024-12-29 22:24:54.515115
06085,0000,1189,106,2024-12-29 22:24:54.531118
15379,0000,1189,106,2024-12-29 22:24:54.547116
25898,0000,1189,106,2024-12-29 22:24:54.563109
00696,0000,1189,106,2024-12-29 22:24:54.579112
11346,0000,1189,106,2024-12-29 22:24:54.595109
27657,0000,1189,106,2024-12-29 22:24:54.611106
26177,0000,1189,106,2024-12-29 22:24:54.627096
22288,0000,1189,106,2024-12-29 22:24:54.643102
16655,0000,1189,106,2024-12-29 22:24:54.674791
04574,0000,1189,106,2024-12-29 22:24:54.691081
03056,0000,1189,106,2024-12-29 22:24:54.707090
01299,0000,1189,106,2024-12-29 22:24:54.723082
00745,0000,1188,106,2024-12-29 22:24:54.739085
12957,0000,1189,106,2024-12-29 22:24:54.755076
07689,0000,1189,106,2024-12-29 22:24:54.771067
18911,0000,1189,106,2024-12-29 22:24:54.787068
40138,0000,1189,106,2024-12-29 22:24:54.803066
08558,0000,1189,106,2024-12-29 22:24:54.834420
03032,0000,1189,106,2024-12-29 22:24:54.851052
04386,0000,1189,106,2024-12-29 22:24:54.867055
05271,0001,1189,106,2024-12-29 22:24:54.883049
15379,0000,1189,106,2024-12-29 22:24:54.899048
00232,0000,1189,106,2024-12-29 22:24:54.915044
02654,0000,1188,106,2024-12-29 22:24:54.931047
61008,0000,1189,106,2024-12-29 22:24:54.947037
01489,0000,1189,106,2024-12-29 22:24:54.963034
53359,0000,1188,106,2024-12-29 22:24:54.979023
18648,0000,1189,106,2024-12-29 22:24:55.010822
00501,0000,1189,106,2024-12-29 22:24:55.027018
05056,0001,1189,106,2024-12-29 22:24:55.043021
31334,0000,1188,106,2024-12-29 22:24:55.059008
04500,0000,1189,106,2024-12-29 22:24:55.075011
43174,0000,1189,106,2024-12-29 22:24:55.090998
01527,0000,1189,106,2024-12-29 22:24:55.107011
01822,0000,1189,106,2024-12-29 22:24:55.123003
25688,0000,1189,106,2024-12-29 22:24:55.139012
02905,0000,1188,106,2024-12-29 22:24:55.170460
02075,0000,1189,106,2024-12-29 22:24:55.186989
06079,0000,1188,106,2024-12-29 22:24:55.202985
04779,0000,1188,106,2024-12-29 22:24:55.218979
07101,0000,1188,106,2024-12-29 22:24:55.234988
02243,0000,1189,106,2024-12-29 22:24:55.250991
43277,0000,1189,106,2024-12-29 22:24:55.266971
03918,0000,1188,106,2024-12-29 22:24:55.282971
36235,0000,1189,106,2024-12-29 22:24:55.298961
05441,0000,1189,106,2024-12-29 22:24:55.314966
03057,0001,1188,106,2024-12-29 22:24:55.346849
36710,0000,1188,106,2024-12-29 22:24:55.362952
46455,0000,1189,106,2024-12-29 22:24:55.378954
20729,0000,1188,106,2024-12-29 22:24:55.394948
44949,0000,1188,106,2024-12-29 22:24:55.410958
39395,0000,1189,106,2024-12-29 22:24:55.426935
23936,0001,1189,106,2024-12-29 22:24:55.442944
03079,0000,1188,106,2024-12-29 22:24:55.458931
00197,0000,1189,106,2024-12-29 22:24:55.474928
01489,0000,1189,106,2024-12-29 22:24:55.506469
02291,0000,1189,106,2024-12-29 22:24:55.522928
22493,0000,1189,106,2024-12-29 22:24:55.538918
03313,0000,1188,106,2024-12-29 22:24:55.554914
04614,0000,1189,106,2024-12-29 22:24:55.570920
02783,0000,1189,106,2024-12-29 22:24:55.586910
02427,0000,1188,106,2024-12-29 22:24:55.602906
09780,0000,1188,106,2024-12-29 22:24:55.618909
25354,0000,1188,106,2024-12-29 22:24:55.634902
02785,0000,1188,106,2024-12-29 22:24:55.650908
29361,0000,1188,106,2024-12-29 22:24:55.682885
04144,0000,1189,106,2024-12-29 22:24:55.698889
00461,0000,1189,106,2024-12-29 22:24:55.714895
49199,0000,1189,106,2024-12-29 22:24:55.730873
04077,0000,1188,106,2024-12-29 22:24:55.746889
02023,0000,1188,106,2024-12-29 22:24:55.762873
00625,0000,1188,106,2024-12-29 22:24:55.778872
01711,0000,1188,106,2024-12-29 22:24:55.794874
61973,0000,1188,106,2024-12-29 22:24:55.810876
06597,0000,1188,106,2024-12-29 22:24:55.842510
27350,0000,1188,106,2024-12-29 22:24:55.858860
36245,0000,1188,106,2024-12-29 22:24:55.874845
06723,0000,1189,106,2024-12-29 22:24:55.890852
01228,0000,1188,106,2024-12-29 22:24:55.906847
35399,0000,1189,106,2024-12-29 22:24:55.922850
28669,0000,1189,106,2024-12-29 22:24:55.938838
01277,0000,1189,106,2024-12-29 22:24:55.954841
05316,0000,1188,106,2024-12-29 22:24:55.970833
29193,0001,1189,106,2024-12-29 22:24:56.002137
21653,0000,1188,106,2024-12-29 22:24:56.018829
01029,0000,1189,106,2024-12-29 22:24:56.034822
05183,0000,1189,106,2024-12-29 22:24:56.050816
00682,0000,1189,106,2024-12-29 22:24:56.066810
05356,0000,1188,106,2024-12-29 22:24:56.082817
01347,0000,1188,106,2024-12-29 22:24:56.098802
28748,0000,1188,106,2024-12-29 22:24:56.114812
25383,0000,1188,106,2024-12-29 22:24:56.130803
10236,0000,1188,106,2024-12-29 22:24:56.146802
32184,0000,1188,106,2024-12-29 22:24:56.178555
00835,0000,1188,106,2024-12-29 22:24:56.194805
18383,0000,1188,106,2024-12-29 22:24:56.210787
43203,0000,1188,106,2024-12-29 22:24:56.226787
05624,0000,1189,106,2024-12-29 22:24:56.242792
25673,0000,1189,106,2024-12-29 22:24:56.258785
52415,0000,1188,106,2024-12-29 22:24:56.274788
02803,0000,1188,106,2024-12-29 22:24:56.290775
66063,0000,1188,106,2024-12-29 22:24:56.306773
56785,0000,1188,106,2024-12-29 22:24:56.338163
07086,0000,1188,106,2024-12-29 22:24:56.354780
26377,0000,1189,106,2024-12-29 22:24:56.370758
21248,0000,1188,106,2024-12-29 22:24:56.386764
33717,0000,1188,106,2024-12-29 22:24:56.402751
04662,0000,1188,106,2024-12-29 22:24:56.418750
02157,0000,1188,106,2024-12-29 22:24:56.434744
18352,0000,1189,106,2024-12-29 22:24:56.450750
02679,0000,1189,106,2024-12-29 22:24:56.466740
00369,0000,1188,106,2024-12-29 22:24:56.482747
42553,0000,1189,106,2024-12-29 22:24:56.514573
09427,0000,1188,106,2024-12-29 22:24:56.530730
37828,0000,1189,106,2024-12-29 22:24:56.546720
03822,0000,1188,106,2024-12-29 22:24:56.562726
22037,0000,1188,106,2024-12-29 22:24:56.578735
53897,0000,1188,106,2024-12-29 22:24:56.594730
30747,0000,1188,106,2024-12-29 22:24:56.610714
22693,0000,1188,106,2024-12-29 22:24:56.626714
29375,0000,1188,106,2024-12-29 22:24:56.642705
40713,0000,1188,106,2024-12-29 22:24:56.674202
30161,0000,1188,106,2024-12-29 22:24:56.690701
17626,0000,1188,106,2024-12-29 22:24:56.706698
01294,0000,1188,106,2024-12-29 22:24:56.722701
16117,0000,1188,106,2024-12-29 22:24:56.738688
01219,0001,1188,106,2024-12-29 22:24:56.754687
16159,0000,1188,106,2024-12-29 22:24:56.770684
03650,0000,1188,106,2024-12-29 22:24:56.786678
46480,0000,1188,106,2024-12-29 22:24:56.802682
08380,0000,1188,106,2024-12-29 22:24:56.818670
14279,0001,1188,106,2024-12-29 22:24:56.850602
11953,0000,1188,106,2024-12-29 22:24:56.866667
28485,0000,1188,106,2024-12-29 22:24:56.882664
03465,0000,1188,106,2024-12-29 22:24:56.898653
42493,0000,1188,106,2024-12-29 22:24:56.914648
01533,0000,1188,106,2024-12-29 22:24:56.930649
35639,0000,1188,106,2024-12-29 22:24:56.946650
02045,0000,1188,106,2024-12-29 22:24:56.962644
01150,0000,1188,106,2024-12-29 22:24:56.978651
18945,0000,1189,106,2024-12-29 22:24:57.010205
06006,0000,1189,106,2024-12-29 22:24:57.026636
01029,0000,1188,106,2024-12-29 22:24:57.042624
02238,0000,1189,106,2024-12-29 22:24:57.058629
01992,0000,1188,106,2024-12-29 22:24:57.074620
02002,0000,1188,106,2024-12-29 22:24:57.090624
01978,0000,1188,106,2024-12-29 22:24:57.106622
32458,0000,1188,106,2024-12-29 22:24:57.122627
36242,0000,1188,106,2024-12-29 22:24:57.138610
54092,0000,1188,106,2024-12-29 22:24:57.154606
36300,0000,1188,106,2024-12-29 22:24:57.186618
02042,0000,1188,106,2024-12-29 22:24:57.202597
20658,0000,1188,106,2024-12-29 22:24:57.218596
48828,0000,1188,106,2024-12-29 22:24:57.234594
07600,0000,1188,106,2024-12-29 22:24:57.250600
25993,0000,1188,106,2024-12-29 22:24:57.266593
12626,0000,1188,106,2024-12-29 22:24:57.282583
05386,0001,1188,106,2024-12-29 22:24:57.298579
04559,0001,1188,106,2024-12-29 22:24:57.314589
06041,0000,1188,106,2024-12-29 22:24:57.346243
04160,0000,1188,106,2024-12-29 22:24:57.362567
17796,0000,1188,106,2024-12-29 22:24:57.378578
09923,0000,1188,106,2024-12-29 22:24:57.394571
03724,0000,1188,106,2024-12-29 22:24:57.410569
04767,0000,1188,106,2024-12-29 22:24:57.426574
47494,0000,1188,106,2024-12-29 22:24:57.442572
01789,0000,1188,106,2024-12-29 22:24:57.458579
21827,0000,1188,106,2024-12-29 22:24:57.474580
35198,0000,1188,106,2024-12-29 22:24:57.505913
49836,0000,1188,106,2024-12-29 22:24:57.522589
03128,0000,1188,106,2024-12-29 22:24:57.538588
02531,0000,1188,106,2024-12-29 22:24:57.554586
53953,0000,1188,106,2024-12-29 22:24:57.570593
05298,0000,1189,106,2024-12-29 22:24:57.586522
36245,0000,1188,106,2024-12-29 22:24:57.602521
03083,0000,1188,106,2024-12-29 22:24:57.618515
18490,0000,1188,106,2024-12-29 22:24:57.634513
24574,0000,1188,106,2024-12-29 22:24:57.650509
04643,0000,1188,106,2024-12-29 22:24:57.682265
01481,0000,1188,106,2024-12-29 22:24:57.698504
07856,0000,1188,106,2024-12-29 22:24:57.714497
16180,0000,1188,106,2024-12-29 22:24:57.730503
05070,0000,1188,106,2024-12-29 22:24:57.746507
02998,0000,1188,106,2024-12-29 22:24:57.762503
29516,0000,1188,106,2024-12-29 22:24:57.778497
03358,0000,1189,106,2024-12-29 22:24:57.794491
23957,0000,1188,106,2024-12-29 22:24:57.810487
07857,0000,1188,106,2024-12-29 22:24:57.841918
02864,0000,1188,106,2024-12-29 22:24:57.858464
02188,0000,1188,106,2024-12-29 22:24:57.874515
16723,0001,1188,106,2024-12-29 22:24:57.890470
00217,0000,1188,106,2024-12-29 22:24:57.906467
36881,0000,1188,106,2024-12-29 22:24:57.922452
20365,0000,1188,106,2024-12-29 22:24:57.938458
14723,0000,1188,106,2024-12-29 22:24:57.954449
02085,0000,1188,106,2024-12-29 22:24:57.970446
11845,0000,1188,106,2024-12-29 22:24:57.986448
04573,0000,1188,106,2024-12-29 22:24:58.018316
05781,0000,1188,106,2024-12-29 22:24:58.034433
02119,0000,1188,106,2024-12-29 22:24:58.050427
19073,0000,1188,106,2024-12-29 22:24:58.066425
03088,0000,1188,106,2024-12-29 22:24:58.082426
03902,0000,1188,106,2024-12-29 22:24:58.098415
04920,0000,1188,106,2024-12-29 22:24:58.114417
38533,0000,1188,106,2024-12-29 22:24:58.130411
04874,0000,1188,106,2024-12-29 22:24:58.146415
44624,0000,1188,106,2024-12-29 22:24:58.177943
03487,0000,1188,106,2024-12-29 22:24:58.194404
01649,0000,1188,106,2024-12-29 22:24:58.210389
16978,0000,1188,106,2024-12-29 22:24:58.226392
04150,0000,1188,106,2024-12-29 22:24:58.242413
09176,0000,1188,106,2024-12-29 22:24:58.258390
01233,0000,1188,106,2024-12-29 22:24:58.274383
06171,0000,1189,106,2024-12-29 22:24:58.290387
02210,0000,1188,106,2024-12-29 22:24:58.306382
19504,0000,1188,106,2024-12-29 22:24:58.322382
34807,0000,1188,106,2024-12-29 22:24:58.354337
02142,0000,1188,106,2024-12-29 22:24:58.370363
02036,0000,1188,106,2024-12-29 22:24:58.386362
02250,0000,1188,106,2024-12-29 22:24:58.402365
39915,0000,1188,106,2024-12-29 22:24:58.418363
04182,0000,1188,106,2024-12-29 22:24:58.434350
01466,0000,1188,106,2024-12-29 22:24:58.450351
01287,0000,1188,106,2024-12-29 22:24:58.466347
03747,0000,1188,106,2024-12-29 22:24:58.482344
21879,0000,1188,106,2024-12-29 22:24:58.513972
00956,0000,1188,106,2024-12-29 22:24:58.530337
02772,0000,1188,106,2024-12-29 22:24:58.546338
45579,0000,1188,106,2024-12-29 22:24:58.562333
01072,0000,1188,106,2024-12-29 22:24:58.578322
03673,0000,1188,106,2024-12-29 22:24:58.594323
21624,0001,1188,106,2024-12-29 22:24:58.610319
17492,0000,1188,106,2024-12-29 22:24:58.626323
34062,0000,1188,106,2024-12-29 22:24:58.642315
05091,0000,1188,106,2024-12-29 22:24:58.673622
37216,0000,1188,106,2024-12-29 22:24:58.690317
03680,0000,1188,106,2024-12-29 22:24:58.706302
09441,0000,1188,106,2024-12-29 22:24:58.722303
37742,0000,1188,106,2024-12-29 22:24:58.738298
00369,0000,1188,106,2024-12-29 22:24:58.754289
24530,0000,1188,106,2024-12-29 22:24:58.770299
02340,0000,1188,106,2024-12-29 22:24:58.786289
52500,0000,1188,106,2024-12-29 22:24:58.802286
14890,0000,1188,106,2024-12-29 22:24:58.818277
10227,0000,1188,106,2024-12-29 22:24:58.850031
00691,0000,1188,106,2024-12-29 22:24:58.866279
04786,0000,1188,106,2024-12-29 22:24:58.882262
33679,0000,1188,106,2024-12-29 22:24:58.898271
04426,0000,1188,106,2024-12-29 22:24:58.914260
28341,0000,1188,106,2024-12-29 22:24:58.930264
18481,0000,1188,106,2024-12-29 22:24:58.946267
02515,0000,1188,106,2024-12-29 22:24:58.962261
27513,0000,1188,106,2024-12-29 22:24:58.978248
00774,0000,1188,106,2024-12-29 22:24:59.009655
60093,0000,1188,106,2024-12-29 22:24:59.026243
26213,0000,1188,106,2024-12-29 22:24:59.042233
34083,0000,1188,106,2024-12-29 22:24:59.058230
40123,0000,1188,106,2024-12-29 22:24:59.074243
02212,0000,1188,106,2024-12-29 22:24:59.090223
01943,0000,1188,106,2024-12-29 22:24:59.106221
26577,0000,1188,106,2024-12-29 22:24:59.122218
01899,0000,1188,106,2024-12-29 22:24:59.138220
02744,0000,1188,106,2024-12-29 22:24:59.154214
02006,0000,1188,106,2024-12-29 22:24:59.186050
22496,0000,1188,106,2024-12-29 22:24:59.202208
03796,0000,1188,106,2024-12-29 22:24:59.218195
16853,0000,1188,106,2024-12-29 22:24:59.234210
61054,0000,1188,106,2024-12-29 22:24:59.250204
30139,0000,1188,106,2024-12-29 22:24:59.266198
07044,0000,1188,106,2024-12-29 22:24:59.282189
03031,0000,1188,106,2024-12-29 22:24:59.298210
04223,0000,1188,106,2024-12-29 22:24:59.314187
03872,0000,1188,106,2024-12-29 22:24:59.345700
02973,0000,1188,106,2024-12-29 22:24:59.362172
23019,0000,1188,106,2024-12-29 22:24:59.378174
14641,0000,1188,106,2024-12-29 22:24:59.394177
09480,0000,1188,106,2024-12-29 22:24:59.410173
33233,0000,1188,106,2024-12-29 22:24:59.426167
07233,0000,1188,106,2024-12-29 22:24:59.442161
08863,0000,1188,106,2024-12-29 22:24:59.458162
03731,0000,1188,106,2024-12-29 22:24:59.474163
02163,0000,1188,106,2024-12-29 22:24:59.490149
28051,0000,1188,106,2024-12-29 22:24:59.522071
45621,0000,1188,106,2024-12-29 22:24:59.538153
00731,0000,1188,106,2024-12-29 22:24:59.554140
02315,0000,1188,106,2024-12-29 22:24:59.570131
02462,0000,1188,106,2024-12-29 22:24:59.586131
19852,0000,1188,106,2024-12-29 22:24:59.602124
07318,0000,1188,106,2024-12-29 22:24:59.618122
62796,0000,1188,106,2024-12-29 22:24:59.634118
38382,0000,1188,106,2024-12-29 22:24:59.650117
04351,0000,1188,106,2024-12-29 22:24:59.681708
01809,0000,1188,106,2024-12-29 22:24:59.698104
28465,0000,1188,106,2024-12-29 22:24:59.714106
01020,0000,1188,106,2024-12-29 22:24:59.730117
30868,0000,1188,106,2024-12-29 22:24:59.746109
02099,0000,1188,106,2024-12-29 22:24:59.762094
00654,0000,1188,106,2024-12-29 22:24:59.778095
13054,0000,1188,106,2024-12-29 22:24:59.794085
19420,0000,1188,106,2024-12-29 22:24:59.810091
01520,0000,1188,106,2024-12-29 22:24:59.826087
43034,0000,1188,106,2024-12-29 22:24:59.858082
27172,0000,1188,106,2024-12-29 22:24:59.874076
04274,0000,1188,106,2024-12-29 22:24:59.890073
20872,0000,1188,106,2024-12-29 22:24:59.906069
02286,0000,1188,106,2024-12-29 22:24:59.922064
10784,0000,1188,106,2024-12-29 22:24:59.938067
02135,0000,1188,106,2024-12-29 22:24:59.954057
35351,0000,1188,106,2024-12-29 22:24:59.970056
27813,0000,1188,106,2024-12-29 22:24:59.986058
16222,0000,1188,106,2024-12-29 22:25:00.017747
02542,0000,1188,106,2024-12-29 22:25:00.034049
27908,0000,1188,106,2024-12-29 22:25:00.050040
04369,0000,1188,106,2024-12-29 22:25:00.066032
06754,0000,1188,106,2024-12-29 22:25:00.082030
09730,0000,1188,106,2024-12-29 22:25:00.098031
04236,0000,1188,106,2024-12-29 22:25:00.114029
04231,0000,1188,106,2024-12-29 22:25:00.130034
05116,0000,1188,106,2024-12-29 22:25:00.146033
15427,0000,1188,106,2024-12-29 22:25:00.177381
03720,0000,1188,106,2024-12-29 22:25:00.194009
03117,0000,1188,106,2024-12-29 22:25:00.210010
31549,0000,1188,106,2024-12-29 22:25:00.226002
01241,0000,1188,106,2024-12-29 22:25:00.242188
02983,0000,1188,106,2024-12-29 22:25:00.258029
05268,0000,1188,106,2024-12-29 22:25:00.274013
04784,0000,1188,106,2024-12-29 22:25:00.289993
04328,0000,1188,106,2024-12-29 22:25:00.306002
03720,0000,1188,106,2024-12-29 22:25:00.321988
49102,0000,1188,106,2024-12-29 22:25:00.353796
03805,0000,1188,106,2024-12-29 22:25:00.369985
02900,0001,1188,106,2024-12-29 22:25:00.385974
49825,0000,1188,106,2024-12-29 22:25:00.401977
22989,0000,1188,106,2024-12-29 22:25:00.417972
44848,0000,1188,106,2024-12-29 22:25:00.433971
17738,0000,1188,106,2024-12-29 22:25:00.449971
00370,0000,1188,106,2024-12-29 22:25:00.465967
04626,0000,1188,106,2024-12-29 22:25:00.481964
23218,0000,1188,106,2024-12-29 22:25:00.513411
20837,0000,1189,106,2024-12-29 22:25:00.529956
04610,0000,1188,106,2024-12-29 22:25:00.545954
02286,0000,1188,106,2024-12-29 22:25:00.561957
41570,0000,1188,106,2024-12-29 22:25:00.577955
03242,0001,1188,106,2024-12-29 22:25:00.593961
01561,0000,1188,106,2024-12-29 22:25:00.609960
03104,0000,1188,106,2024-12-29 22:25:00.625964
03503,0000,1188,106,2024-12-29 22:25:00.641964
04150,0000,1188,106,2024-12-29 22:25:00.657968
00731,0000,1188,106,2024-12-29 22:25:00.689833
19410,0000,1188,106,2024-12-29 22:25:00.705974
48885,0000,1188,106,2024-12-29 22:25:00.721976
16440,0000,1188,106,2024-12-29 22:25:00.737910
04294,0000,1188,106,2024-12-29 22:25:00.753919
38662,0000,1189,106,2024-12-29 22:25:00.769901
23488,0000,1188,106,2024-12-29 22:25:00.785901
31640,0000,1188,106,2024-12-29 22:25:00.801892
04193,0000,1188,106,2024-12-29 22:25:00.817895
01530,0000,1188,106,2024-12-29 22:25:00.849435
09206,0000,1188,106,2024-12-29 22:25:00.865889
04634,0000,1188,106,2024-12-29 22:25:00.881886
04404,0000,1188,106,2024-12-29 22:25:00.897870
11933,0000,1188,106,2024-12-29 22:25:00.913882
00698,0000,1188,106,2024-12-29 22:25:00.929878
01450,0000,1188,106,2024-12-29 22:25:00.945865
03103,0000,1188,106,2024-12-29 22:25:00.961870
22538,0000,1188,106,2024-12-29 22:25:00.977860
11484,0000,1188,106,2024-12-29 22:25:00.993865
45460,0000,1188,106,2024-12-29 22:25:01.025834
01132,0000,1188,106,2024-12-29 22:25:01.041851
02974,0000,1188,106,2024-12-29 22:25:01.057854
22496,0000,1188,106,2024-12-29 22:25:01.073843
23173,0000,1188,106,2024-12-29 22:25:01.089846
02972,0000,1188,106,2024-12-29 22:25:01.105831
10303,0000,1188,106,2024-12-29 22:25:01.121842
10784,0000,1188,106,2024-12-29 22:25:01.137832
04763,0000,1188,106,2024-12-29 22:25:01.153836
00662,0000,1189,106,2024-12-29 22:25:01.185451
53035,0000,1188,106,2024-12-29 22:25:01.201822
01840,0000,1188,106,2024-12-29 22:25:01.217821
45402,0001,1188,106,2024-12-29 22:25:01.233814
14703,0000,1188,106,2024-12-29 22:25:01.249824
46293,0000,1188,106,2024-12-29 22:25:01.265824
12323,0000,1188,106,2024-12-29 22:25:01.281813
52619,0000,1188,106,2024-12-29 22:25:01.297805
32845,0000,1189,106,2024-12-29 22:25:01.313816
02762,0000,1189,106,2024-12-29 22:25:01.329809
36369,0000,1188,106,2024-12-29 22:25:01.361793
19236,0000,1188,106,2024-12-29 22:25:01.377789
03216,0000,1188,106,2024-12-29 22:25:01.393793
01980,0000,1188,106,2024-12-29 22:25:01.409786
11980,0000,1188,106,2024-12-29 22:25:01.425785
01360,0001,1188,106,2024-12-29 22:25:01.441779
07732,0000,1188,106,2024-12-29 22:25:01.457768
42183,0000,1188,106,2024-12-29 22:25:01.473775
04652,0000,1188,106,2024-12-29 22:25:01.489762
17157,0000,1188,106,2024-12-29 22:25:01.521495
23345,0000,1188,106,2024-12-29 22:25:01.537756
03851,0000,1188,106,2024-12-29 22:25:01.553756
01114,0000,1188,106,2024-12-29 22:25:01.569749
24582,0000,1188,106,2024-12-29 22:25:01.585738
02977,0000,1188,106,2024-12-29 22:25:01.601747
23241,0000,1188,106,2024-12-29 22:25:01.617736
39872,0000,1188,106,2024-12-29 22:25:01.633740
13501,0000,1188,106,2024-12-29 22:25:01.649731
09397,0000,1188,106,2024-12-29 22:25:01.681148
28944,0000,1188,106,2024-12-29 22:25:01.697729
00501,0000,1188,106,2024-12-29 22:25:01.713731
58528,0000,1188,106,2024-12-29 22:25:01.729715
37687,0000,1188,106,2024-12-29 22:25:01.745720
01222,0000,1188,106,2024-12-29 22:25:01.761711
08243,0000,1188,106,2024-12-29 22:25:01.777717
00085,0001,1188,106,2024-12-29 22:25:01.793700
01342,0000,1188,106,2024-12-29 22:25:01.809703
21296,0000,1188,106,2024-12-29 22:25:01.825697
11285,0000,1188,106,2024-12-29 22:25:01.857549
26129,0000,1189,106,2024-12-29 22:25:01.873695
03822,0000,1189,106,2024-12-29 22:25:01.889684
01429,0000,1188,106,2024-12-29 22:25:01.905689
35473,0001,1188,106,2024-12-29 22:25:01.921684
04814,0000,1189,106,2024-12-29 22:25:01.937670
44724,0000,1188,106,2024-12-29 22:25:01.953678
07442,0000,1189,106,2024-12-29 22:25:01.969675
06728,0000,1188,106,2024-12-29 22:25:01.985669
49027,0000,1189,106,2024-12-29 22:25:02.017186
00740,0000,1188,106,2024-12-29 22:25:02.033657
16563,0000,1188,106,2024-12-29 22:25:02.049652
04403,0000,1188,106,2024-12-29 22:25:02.065646
01400,0000,1188,106,2024-12-29 22:25:02.081647
01395,0000,1188,106,2024-12-29 22:25:02.097648
40079,0000,1188,106,2024-12-29 22:25:02.113659
22373,0000,1188,106,2024-12-29 22:25:02.129640
43909,0000,1189,106,2024-12-29 22:25:02.145639
05374,0000,1188,106,2024-12-29 22:25:02.161628
03998,0000,1189,106,2024-12-29 22:25:02.193583
02731,0000,1189,106,2024-12-29 22:25:02.209625
04020,0000,1188,106,2024-12-29 22:25:02.225630
18015,0000,1189,106,2024-12-29 22:25:02.241641
04268,0000,1188,106,2024-12-29 22:25:02.257617
42362,0000,1188,106,2024-12-29 22:25:02.273615
39474,0000,1189,106,2024-12-29 22:25:02.289613
04269,0000,1188,106,2024-12-29 22:25:02.305610
02945,0000,1189,106,2024-12-29 22:25:02.321611
02192,0000,1188,106,2024-12-29 22:25:02.353211
29501,0000,1189,106,2024-12-29 22:25:02.369596
08021,0000,1188,106,2024-12-29 22:25:02.385591
13326,0000,1189,106,2024-12-29 22:25:02.401588
08529,0001,1189,106,2024-12-29 22:25:02.417583
12336,0000,1189,106,2024-12-29 22:25:02.433582
05428,0000,1188,106,2024-12-29 22:25:02.449575
17776,0000,1189,106,2024-12-29 22:25:02.465572
07749,0000,1188,106,2024-12-29 22:25:02.481575
03545,0000,1188,106,2024-12-29 22:25:02.497582
36936,0000,1189,106,2024-12-29 22:25:02.529568
02312,0000,1188,106,2024-12-29 22:25:02.545548
03620,0000,1189,106,2024-12-29 22:25:02.561561
16612,0000,1188,106,2024-12-29 22:25:02.577550
02913,0000,1189,106,2024-12-29 22:25:02.593549
45505,0000,1189,106,2024-12-29 22:25:02.609548
14408,0000,1188,106,2024-12-29 22:25:02.625544
41881,0000,1189,106,2024-12-29 22:25:02.641539
24452,0000,1188,106,2024-12-29 22:25:02.657541
04341,0000,1188,106,2024-12-29 22:25:02.689232
07785,0000,1188,106,2024-12-29 22:25:02.705528
09241,0000,1188,106,2024-12-29 22:25:02.721531
05212,0000,1188,106,2024-12-29 22:25:02.737520
03046,0000,1189,106,2024-12-29 22:25:02.753524
05449,0000,1189,106,2024-12-29 22:25:02.769520
01546,0000,1189,106,2024-12-29 22:25:02.785513
03455,0000,1189,106,2024-12-29 22:25:02.801508
33676,0000,1188,106,2024-12-29 22:25:02.817506
59372,0000,1188,106,2024-12-29 22:25:02.848872
25095,0000,1188,106,2024-12-29 22:25:02.865494
31689,0000,1188,106,2024-12-29 22:25:02.881499
11537,0000,1188,106,2024-12-29 22:25:02.897498
22142,0000,1188,106,2024-12-29 22:25:02.913482
27785,0000,1189,106,2024-12-29 22:25:02.929484
04150,0000,1188,106,2024-12-29 22:25:02.945472
03761,0000,1189,106,2024-12-29 22:25:02.961477
02198,0000,1188,106,2024-12-29 22:25:02.977474
04499,0000,1189,106,2024-12-29 22:25:02.993475
03070,0001,1189,106,2024-12-29 22:25:03.025276
04763,0000,1188,106,2024-12-29 22:25:03.041461
20019,0000,1189,106,2024-12-29 22:25:03.057464
44157,0000,1189,106,2024-12-29 22:25:03.073452
25117,0000,1188,106,2024-12-29 22:25:03.089447
09767,0000,1189,106,2024-12-29 22:25:03.105447
17900,0000,1188,106,2024-12-29 22:25:03.121439
45702,0000,1189,106,2024-12-29 22:25:03.137437
12338,0000,1189,106,2024-12-29 22:25:03.153433
15544,0000,1189,106,2024-12-29 22:25:03.184906
04862,0000,1189,106,2024-12-29 22:25:03.201433
02947,0001,1189,106,2024-12-29 22:25:03.217437
38381,0000,1189,106,2024-12-29 22:25:03.233429
02071,0000,1188,106,2024-12-29 22:25:03.249435
03693,0000,1189,106,2024-12-29 22:25:03.265426
03927,0000,1189,106,2024-12-29 22:25:03.281431
41810,0000,1189,106,2024-12-29 22:25:03.297426
26486,0000,1189,106,2024-12-29 22:25:03.313407
57554,0000,1188,106,2024-12-29 22:25:03.329416
00312,0000,1189,106,2024-12-29 22:25:03.361286
01803,0000,1189,106,2024-12-29 22:25:03.377398
04644,0000,1189,106,2024-12-29 22:25:03.393401
02777,0000,1189,106,2024-12-29 22:25:03.409403
14005,0000,1189,106,2024-12-29 22:25:03.425409
05394,0000,1188,106,2024-12-29 22:25:03.441391
40027,0000,1188,106,2024-12-29 22:25:03.457395
02299,0000,1189,106,2024-12-29 22:25:03.473393
18378,0000,1189,106,2024-12-29 22:25:03.489376
39268,0000,1188,106,2024-12-29 22:25:03.520928
03249,0000,1189,106,2024-12-29 22:25:03.537372
04145,0000,1189,106,2024-12-29 22:25:03.553358
02336,0000,1189,106,2024-12-29 22:25:03.569360
24740,0000,1189,106,2024-12-29 22:25:03.585352
26732,0000,1189,106,2024-12-29 22:25:03.601353
50623,0000,1189,106,2024-12-29 22:25:03.617359
21523,0000,1189,106,2024-12-29 22:25:03.633349
03697,0000,1189,106,2024-12-29 22:25:03.649344
00650,0000,1189,106,2024-12-29 22:25:03.665353
23203,0000,1189,106,2024-12-29 22:25:03.697330
01406,0001,1189,106,2024-12-29 22:25:03.713356
06479,0000,1189,106,2024-12-29 22:25:03.729350
09650,0000,1189,106,2024-12-29 22:25:03.745364
46222,0001,1189,106,2024-12-29 22:25:03.761358
25401,0000,1188,106,2024-12-29 22:25:03.777354
07857,0000,1189,106,2024-12-29 22:25:03.793358
00709,0000,1189,106,2024-12-29 22:25:03.809361
16698,0000,1189,106,2024-12-29 22:25:03.825362
08917,0000,1189,106,2024-12-29 22:25:03.857000
14029,0000,1189,106,2024-12-29 22:25:03.873367
40157,0000,1189,106,2024-12-29 22:25:03.889301
54133,0000,1189,106,2024-12-29 22:25:03.905301
01599,0001,1189,106,2024-12-29 22:25:03.921300
01292,0000,1189,106,2024-12-29 22:25:03.937289
44022,0000,1189,106,2024-12-29 22:25:03.953286
27227,0000,1189,106,2024-12-29 22:25:03.969275
21137,0000,1189,106,2024-12-29 22:25:03.985278
04590,0000,1189,106,2024-12-29 22:25:04.016590
02633,0000,1189,106,2024-12-29 22:25:04.033270
13948,0000,1189,106,2024-12-29 22:25:04.049266
00523,0000,1189,106,2024-12-29 22:25:04.065269
32451,0001,1189,106,2024-12-29 22:25:04.081256
02181,0000,1189,106,2024-12-29 22:25:04.097264
03183,0000,1189,106,2024-12-29 22:25:04.113251
16734,0001,1189,106,2024-12-29 22:25:04.129251
03015,0000,1189,106,2024-12-29 22:25:04.145254
04387,0000,1189,106,2024-12-29 22:25:04.161242
00583,0000,1189,106,2024-12-29 22:25:04.192976
00556,0000,1189,106,2024-12-29 22:25:04.209232
04416,0000,1189,106,2024-12-29 22:25:04.225230
19250,0000,1189,106,2024-12-29 22:25:04.241234
01131,0000,1188,106,2024-12-29 22:25:04.257230
02864,0000,1189,106,2024-12-29 22:25:04.273219
32922,0000,1189,106,2024-12-29 22:25:04.289222
01877,0000,1189,106,2024-12-29 22:25:04.305218
01354,0000,1189,106,2024-12-29 22:25:04.321223
06776,0000,1189,106,2024-12-29 22:25:04.352647
04537,0000,1189,106,2024-12-29 22:25:04.369205
01989,0000,1189,106,2024-12-29 22:25:04.385209
04945,0000,1189,106,2024-12-29 22:25:04.401202
24612,0000,1189,106,2024-12-29 22:25:04.417199
03844,0000,1189,106,2024-12-29 22:25:04.433185
00783,0000,1189,106,2024-12-29 22:25:04.449190
18964,0000,1189,106,2024-12-29 22:25:04.465192
28872,0000,1189,106,2024-12-29 22:25:04.481198
05267,0000,1189,106,2024-12-29 22:25:04.497180
21885,0000,1189,106,2024-12-29 22:25:04.529014
47268,0000,1189,106,2024-12-29 22:25:04.545167
13959,0000,1189,106,2024-12-29 22:25:04.561172
00656,0000,1189,106,2024-12-29 22:25:04.577167
02730,0000,1189,106,2024-12-29 22:25:04.593167
49726,0000,1189,106,2024-12-29 22:25:04.609153
01855,0000,1189,106,2024-12-29 22:25:04.625158
04103,0000,1189,106,2024-12-29 22:25:04.641149
37017,0000,1189,106,2024-12-29 22:25:04.657151
00667,0000,1189,106,2024-12-29 22:25:04.688636
03034,0000,1189,106,2024-12-29 22:25:04.705140
12349,0000,1188,106,2024-12-29 22:25:04.721139
40897,0000,1189,106,2024-12-29 22:25:04.737136
01601,0000,1189,106,2024-12-29 22:25:04.753136
27201,0000,1189,106,2024-12-29 22:25:04.769129
13707,0000,1189,106,2024-12-29 22:25:04.785134
24830,0000,1189,106,2024-12-29 22:25:04.801121
05825,0000,1189,106,2024-12-29 22:25:04.817122
03115,0000,1189,106,2024-12-29 22:25:04.833116
49116,0000,1189,106,2024-12-29 22:25:04.865045
00259,0000,1189,106,2024-12-29 22:25:04.881103
00904,0000,1189,106,2024-12-29 22:25:04.897105
19453,0000,1189,106,2024-12-29 22:25:04.913103
02253,0000,1189,106,2024-12-29 22:25:04.929103
04504,0000,1189,106,2024-12-29 22:25:04.945096
41876,0000,1189,106,2024-12-29 22:25:04.961099
06114,0000,1189,106,2024-12-29 22:25:04.977094
05462,0000,1189,106,2024-12-29 22:25:04.993094
24696,0000,1189,106,2024-12-29 22:25:05.024680
01343,0000,1189,106,2024-12-29 22:25:05.041082
03726,0000,1189,106,2024-12-29 22:25:05.057079
27178,0000,1189,106,2024-12-29 22:25:05.073077
25315,0001,1189,106,2024-12-29 22:25:05.089068
10043,0000,1189,106,2024-12-29 22:25:05.105063
08158,0000,1189,106,2024-12-29 22:25:05.121052
09990,0000,1189,106,2024-12-29 22:25:05.137055
09337,0000,1189,106,2024-12-29 22:25:05.153044
10827,0000,1189,106,2024-12-29 22:25:05.169057
30967,0000,1189,106,2024-12-29 22:25:05.201046
54220,0000,1189,106,2024-12-29 22:25:05.217043
12967,0000,1189,106,2024-12-29 22:25:05.233042
17547,0000,1189,106,2024-12-29 22:25:05.249055
29949,0000,1189,106,2024-12-29 22:25:05.265043
13922,0000,1189,106,2024-12-29 22:25:05.281031
01964,0000,1189,106,2024-12-29 22:25:05.297029
04898,0000,1189,106,2024-12-29 22:25:05.313036
43343,0000,1189,106,2024-12-29 22:25:05.329018
01965,0000,1189,106,2024-12-29 22:25:05.360699
26705,0000,1189,106,2024-12-29 22:25:05.377023
02234,0000,1189,106,2024-12-29 22:25:05.393005
02670,0000,1189,106,2024-12-29 22:25:05.409010
16868,0000,1189,106,2024-12-29 22:25:05.424997
02316,0000,1189,106,2024-12-29 22:25:05.441004
06249,0000,1189,106,2024-12-29 22:25:05.456996
03879,0000,1189,106,2024-12-29 22:25:05.472995
09872,0000,1189,106,2024-12-29 22:25:05.488990
02154,0000,1189,106,2024-12-29 22:25:05.520331
05054,0000,1189,106,2024-12-29 22:25:05.536982
01297,0000,1189,106,2024-12-29 22:25:05.552973
23557,0000,1189,106,2024-12-29 22:25:05.568980
08182,0000,1189,106,2024-12-29 22:25:05.584966
30910,0000,1189,106,2024-12-29 22:25:05.600966
07044,0000,1189,106,2024-12-29 22:25:05.616958
04350,0000,1189,106,2024-12-29 22:25:05.632969
01633,0000,1189,106,2024-12-29 22:25:05.648966
00507,0000,1189,106,2024-12-29 22:25:05.664951
28369,0000,1189,106,2024-12-29 22:25:05.696717
04277,0000,1190,106,2024-12-29 22:25:05.712963
04363,0000,1189,106,2024-12-29 22:25:05.728943
04396,0000,1189,106,2024-12-29 22:25:05.744947
22743,0000,1189,106,2024-12-29 22:25:05.760941
14792,0001,1189,106,2024-12-29 22:25:05.776938
34684,0000,1189,106,2024-12-29 22:25:05.792928
04306,0000,1189,106,2024-12-29 22:25:05.808931
10725,0000,1189,106,2024-12-29 22:25:05.824923
01206,0001,1189,106,2024-12-29 22:25:05.856355
14002,0000,1189,106,2024-12-29 22:25:05.872916
00204,0000,1189,106,2024-12-29 22:25:05.888914
02343,0000,1189,106,2024-12-29 22:25:05.904910
03028,0001,1189,106,2024-12-29 22:25:05.920901
30584,0000,1189,106,2024-12-29 22:25:05.936899
11610,0000,1189,106,2024-12-29 22:25:05.952899
03721,0000,1189,106,2024-12-29 22:25:05.968892
54833,0000,1189,106,2024-12-29 22:25:05.984893
13965,0000,1189,106,2024-12-29 22:25:06.000893
01172,0000,1189,106,2024-12-29 22:25:06.032763
06869,0000,1189,106,2024-12-29 22:25:06.048892
02273,0000,1189,106,2024-12-29 22:25:06.064875
40016,0000,1189,106,2024-12-29 22:25:06.080873
01398,0000,1189,106,2024-12-29 22:25:06.096869
19423,0000,1189,106,2024-12-29 22:25:06.112868
25420,0000,1189,106,2024-12-29 22:25:06.128860
06719,0000,1189,106,2024-12-29 22:25:06.144864
03251,0000,1189,106,2024-12-29 22:25:06.160864
18045,0000,1189,106,2024-12-29 22:25:06.192396
03745,0000,1190,106,2024-12-29 22:25:06.208853
01456,0000,1189,106,2024-12-29 22:25:06.224846
17700,0000,1189,106,2024-12-29 22:25:06.240859
19748,0001,1189,106,2024-12-29 22:25:06.256839
02317,0000,1189,106,2024-12-29 22:25:06.272837
27520,0000,1189,106,2024-12-29 22:25:06.288835
19246,0000,1189,106,2024-12-29 22:25:06.304825
01382,0000,1189,106,2024-12-29 22:25:06.320828
05407,0000,1189,106,2024-12-29 22:25:06.336825
01546,0001,1189,106,2024-12-29 22:25:06.368785
03407,0000,1189,106,2024-12-29 22:25:06.384820
00908,0000,1189,106,2024-12-29 22:25:06.400813
20030,0000,1189,106,2024-12-29 22:25:06.416815
01533,0000,1189,106,2024-12-29 22:25:06.432813
05899,0000,1189,106,2024-12-29 22:25:06.448811
17183,0000,1189,106,2024-12-29 22:25:06.464800
04130,0000,1189,106,2024-12-29 22:25:06.480795
42375,0000,1189,106,2024-12-29 22:25:06.496790
02830,0000,1189,106,2024-12-29 22:25:06.528414
01353,0000,1189,106,2024-12-29 22:25:06.544786
04651,0000,1189,106,2024-12-29 22:25:06.560793
01369,0000,1189,106,2024-12-29 22:25:06.576791
43219,0000,1189,106,2024-12-29 22:25:06.592776
05301,0000,1189,106,2024-12-29 22:25:06.608774
01162,0000,1189,106,2024-12-29 22:25:06.624766
03241,0000,1189,106,2024-12-29 22:25:06.640759
66823,0000,1189,106,2024-12-29 22:25:06.656761
06998,0000,1189,106,2024-12-29 22:25:06.672754
09584,0000,1189,106,2024-12-29 22:25:06.704745
02195,0001,1189,106,2024-12-29 22:25:06.720751
01101,0000,1189,106,2024-12-29 22:25:06.736744
03599,0000,1189,106,2024-12-29 22:25:06.752748
01549,0000,1189,106,2024-12-29 22:25:06.768743
16260,0000,1189,106,2024-12-29 22:25:06.784741
05981,0000,1189,106,2024-12-29 22:25:06.800731
03875,0000,1189,106,2024-12-29 22:25:06.816729
37213,0000,1190,106,2024-12-29 22:25:06.832738
01791,0000,1189,106,2024-12-29 22:25:06.864459
03475,0000,1189,106,2024-12-29 22:25:06.880742
05216,0000,1189,106,2024-12-29 22:25:06.896748
62422,0000,1190,106,2024-12-29 22:25:06.912749
35390,0000,1190,106,2024-12-29 22:25:06.928749
02270,0000,1189,106,2024-12-29 22:25:06.944743
13401,0000,1190,106,2024-12-29 22:25:06.960752
04025,0000,1189,106,2024-12-29 22:25:06.976752
39378,0000,1189,106,2024-12-29 22:25:06.992755
00579,0000,1189,106,2024-12-29 22:25:07.024037
15390,0000,1190,106,2024-12-29 22:25:07.040688
01239,0000,1190,106,2024-12-29 22:25:07.056684
24629,0000,1189,106,2024-12-29 22:25:07.072682
41797,0000,1189,106,2024-12-29 22:25:07.088675
02953,0000,1189,106,2024-12-29 22:25:07.104674
40773,0000,1190,106,2024-12-29 22:25:07.120670
01235,0000,1189,106,2024-12-29 22:25:07.136665
01471,0000,1189,106,2024-12-29 22:25:07.152661
61819,0000,1189,106,2024-12-29 22:25:07.168942
02970,0000,1189,106,2024-12-29 22:25:07.200488
01794,0000,1189,106,2024-12-29 22:25:07.216664
00625,0000,1189,106,2024-12-29 22:25:07.232667
28203,0000,1189,106,2024-12-29 22:25:07.248659
02285,0000,1190,106,2024-12-29 22:25:07.264650
04630,0000,1189,106,2024-12-29 22:25:07.280639
05384,0000,1189,106,2024-12-29 22:25:07.296629
03803,0000,1189,106,2024-12-29 22:25:07.312632
02874,0000,1189,106,2024-12-29 22:25:07.328628
23613,0000,1189,106,2024-12-29 22:25:07.360096
00235,0000,1189,106,2024-12-29 22:25:07.376621
16116,0000,1189,106,2024-12-29 22:25:07.392611
01216,0000,1190,106,2024-12-29 22:25:07.408621
19234,0001,1190,106,2024-12-29 22:25:07.424614
00002,0000,1189,106,2024-12-29 22:25:07.440610
05134,0000,1190,106,2024-12-29 22:25:07.456601
22503,0000,1189,106,2024-12-29 22:25:07.472596
03453,0000,1189,106,2024-12-29 22:25:07.488597
02016,0000,1189,106,2024-12-29 22:25:07.504586
08918,0000,1189,106,2024-12-29 22:25:07.536477
24645,0000,1189,106,2024-12-29 22:25:07.552586
02865,0000,1190,106,2024-12-29 22:25:07.568580
04770,0000,1189,106,2024-12-29 22:25:07.584579
07301,0000,1189,106,2024-12-29 22:25:07.600589
04931,0000,1189,106,2024-12-29 22:25:07.616586
26429,0000,1189,106,2024-12-29 22:25:07.632570
43850,0000,1190,106,2024-12-29 22:25:07.648571
13114,0000,1189,106,2024-12-29 22:25:07.664570
49164,0000,1190,106,2024-12-29 22:25:07.696129
05202,0001,1190,106,2024-12-29 22:25:07.712565
02811,0000,1190,106,2024-12-29 22:25:07.728555
02992,0000,1189,106,2024-12-29 22:25:07.744567
06100,0000,1190,106,2024-12-29 22:25:07.760551
32806,0000,1190,106,2024-12-29 22:25:07.776537
65998,0000,1190,106,2024-12-29 22:25:07.792542
01764,0000,1190,106,2024-12-29 22:25:07.808537
37027,0000,1190,106,2024-12-29 22:25:07.824528
14255,0000,1190,106,2024-12-29 22:25:07.840526
13845,0000,1190,106,2024-12-29 22:25:07.872518
05313,0000,1190,106,2024-12-29 22:25:07.888518
14825,0001,1190,106,2024-12-29 22:25:07.904510
32960,0000,1189,106,2024-12-29 22:25:07.920510
24243,0000,1189,106,2024-12-29 22:25:07.936503
40035,0000,1190,106,2024-12-29 22:25:07.952506
00653,0000,1190,106,2024-12-29 22:25:07.968501
21411,0000,1190,106,2024-12-29 22:25:07.984499
03973,0000,1189,106,2024-12-29 22:25:08.000514
25669,0000,1190,106,2024-12-29 22:25:08.032159
05495,0000,1190,106,2024-12-29 22:25:08.048486
02176,0000,1190,106,2024-12-29 22:25:08.064488
30115,0000,1190,106,2024-12-29 22:25:08.080479
67685,0000,1190,106,2024-12-29 22:25:08.096478
02249,0000,1190,106,2024-12-29 22:25:08.112475
00698,0000,1190,106,2024-12-29 22:25:08.128476
24978,0000,1190,106,2024-12-29 22:25:08.144482
05215,0000,1190,106,2024-12-29 22:25:08.160472
02179,0000,1190,106,2024-12-29 22:25:08.191817
27604,0000,1190,106,2024-12-29 22:25:08.208455
12940,0000,1190,106,2024-12-29 22:25:08.224454
18864,0000,1190,106,2024-12-29 22:25:08.240458
02517,0000,1189,106,2024-12-29 22:25:08.256450
40804,0000,1190,106,2024-12-29 22:25:08.272444
01519,0000,1190,106,2024-12-29 22:25:08.288443
04540,0000,1190,106,2024-12-29 22:25:08.304439
04121,0000,1190,106,2024-12-29 22:25:08.320439
33143,0000,1190,106,2024-12-29 22:25:08.336431
02753,0000,1189,106,2024-12-29 22:25:08.368179
26574,0000,1190,106,2024-12-29 22:25:08.384427
02155,0000,1190,106,2024-12-29 22:25:08.400428
21785,0000,1190,106,2024-12-29 22:25:08.416409
30065,0000,1190,106,2024-12-29 22:25:08.432415
25544,0000,1190,106,2024-12-29 22:25:08.448413
00910,0000,1189,106,2024-12-29 22:25:08.464404
26463,0000,1190,106,2024-12-29 22:25:08.480404
23515,0000,1190,106,2024-12-29 22:25:08.496405
16108,0001,1190,106,2024-12-29 22:25:08.527838
01355,0000,1190,106,2024-12-29 22:25:08.544389
37073,0000,1190,106,2024-12-29 22:25:08.560391
11404,0000,1190,106,2024-12-29 22:25:08.576382
19875,0000,1190,106,2024-12-29 22:25:08.592388
05099,0000,1190,106,2024-12-29 22:25:08.608378
01323,0000,1190,106,2024-12-29 22:25:08.624380
29203,0000,1190,106,2024-12-29 22:25:08.640371
26964,0000,1190,106,2024-12-29 22:25:08.656383
36944,0000,1190,106,2024-12-29 22:25:08.672375
48269,0000,1190,106,2024-12-29 22:25:08.704224
05756,0000,1190,106,2024-12-29 22:25:08.720365
03636,0000,1190,106,2024-12-29 22:25:08.736366
07625,0000,1190,106,2024-12-29 22:25:08.752357
19627,0000,1190,106,2024-12-29 22:25:08.768352
04603,0000,1190,106,2024-12-29 22:25:08.784353
04168,0000,1190,106,2024-12-29 22:25:08.800356
18442,0000,1190,106,2024-12-29 22:25:08.816338
04325,0000,1190,106,2024-12-29 22:25:08.832341
19972,0000,1190,106,2024-12-29 22:25:08.863866
02531,0000,1190,106,2024-12-29 22:25:08.880322
03599,0000,1190,106,2024-12-29 22:25:08.896330
05164,0000,1190,106,2024-12-29 22:25:08.912322
30851,0000,1190,106,2024-12-29 22:25:08.928328
00425,0000,1190,106,2024-12-29 22:25:08.944313
28711,0000,1190,106,2024-12-29 22:25:08.960318
01304,0000,1190,106,2024-12-29 22:25:08.976303
03503,0000,1190,106,2024-12-29 22:25:08.992308
04208,0000,1190,106,2024-12-29 22:25:09.008300
00428,0001,1190,106,2024-12-29 22:25:09.040241
35147,0000,1190,106,2024-12-29 22:25:09.056292
04229,0000,1190,106,2024-12-29 22:25:09.072289
13315,0000,1190,106,2024-12-29 22:25:09.088284
00676,0000,1190,106,2024-12-29 22:25:09.104290
21532,0000,1190,106,2024-12-29 22:25:09.120278
01460,0000,1190,106,2024-12-29 22:25:09.136279
07539,0000,1190,106,2024-12-29 22:25:09.152281
01536,0001,1190,106,2024-12-29 22:25:09.168276
26337,0000,1190,106,2024-12-29 22:25:09.199876
00576,0000,1190,106,2024-12-29 22:25:09.216267
12667,0000,1190,106,2024-12-29 22:25:09.232265
05430,0000,1190,106,2024-12-29 22:25:09.248267
00180,0000,1190,106,2024-12-29 22:25:09.264251
04232,0000,1190,106,2024-12-29 22:25:09.280252
06928,0000,1190,106,2024-12-29 22:25:09.296251
15955,0000,1190,106,2024-12-29 22:25:09.312258
02186,0000,1190,106,2024-12-29 22:25:09.328239
02351,0000,1190,106,2024-12-29 22:25:09.344242
00566,0000,1190,106,2024-12-29 22:25:09.376235
04571,0000,1190,106,2024-12-29 22:25:09.392228
02209,0000,1190,106,2024-12-29 22:25:09.408228
39292,0000,1190,106,2024-12-29 22:25:09.424221
05215,0000,1190,106,2024-12-29 22:25:09.440227
02058,0000,1190,106,2024-12-29 22:25:09.456222
02628,0000,1190,106,2024-12-29 22:25:09.472228
04867,0000,1190,106,2024-12-29 22:25:09.488205
04372,0000,1190,106,2024-12-29 22:25:09.504215
14950,0000,1190,106,2024-12-29 22:25:09.535909
01399,0000,1190,106,2024-12-29 22:25:09.552207
67864,0001,1190,106,2024-12-29 22:25:09.568205
04229,0000,1190,106,2024-12-29 22:25:09.584211
08611,0000,1190,106,2024-12-29 22:25:09.600191
28921,0000,1190,106,2024-12-29 22:25:09.616189
13824,0000,1190,106,2024-12-29 22:25:09.632178
03000,0000,1190,106,2024-12-29 22:25:09.648181
16934,0000,1190,106,2024-12-29 22:25:09.664177
14436,0000,1191,106,2024-12-29 22:25:09.695556
01446,0000,1190,106,2024-12-29 22:25:09.712183
01913,0000,1190,106,2024-12-29 22:25:09.728162
03959,0000,1190,106,2024-12-29 22:25:09.744169
30696,0000,1190,106,2024-12-29 22:25:09.760156
03838,0000,1190,106,2024-12-29 22:25:09.776157
05281,0000,1190,106,2024-12-29 22:25:09.792153
03556,0000,1190,106,2024-12-29 22:25:09.808151
21367,0000,1190,106,2024-12-29 22:25:09.824145
03055,0000,1190,106,2024-12-29 22:25:09.840146
17106,0000,1190,106,2024-12-29 22:25:09.871947
36125,0000,1190,106,2024-12-29 22:25:09.888131
11497,0000,1190,106,2024-12-29 22:25:09.904135
11181,0000,1190,106,2024-12-29 22:25:09.920130
01933,0000,1190,106,2024-12-29 22:25:09.936130
61584,0000,1190,106,2024-12-29 22:25:09.952121
02875,0000,1190,106,2024-12-29 22:25:09.968125
01124,0000,1190,106,2024-12-29 22:25:09.984124
01197,0000,1190,106,2024-12-29 22:25:10.000126
06524,0000,1190,106,2024-12-29 22:25:10.031606
15240,0000,1190,106,2024-12-29 22:25:10.048137
09646,0000,1190,106,2024-12-29 22:25:10.064130
01312,0000,1190,106,2024-12-29 22:25:10.080143
01832,0000,1190,106,2024-12-29 22:25:10.096140
00985,0000,1190,106,2024-12-29 22:25:10.112141
45699,0000,1190,106,2024-12-29 22:25:10.128141
02035,0000,1190,106,2024-12-29 22:25:10.144142
00839,0000,1190,106,2024-12-29 22:25:10.160147
02173,0001,1190,106,2024-12-29 22:25:10.176086
30173,0000,1190,106,2024-12-29 22:25:10.207965
02052,0000,1190,106,2024-12-29 22:25:10.224074
33202,0000,1190,106,2024-12-29 22:25:10.240087
03686,0000,1190,106,2024-12-29 22:25:10.256067
00116,0000,1190,106,2024-12-29 22:25:10.272053
02302,0000,1190,106,2024-12-29 22:25:10.288060
13554,0000,1190,106,2024-12-29 22:25:10.304051
05112,0001,1190,106,2024-12-29 22:25:10.320053
24931,0000,1190,106,2024-12-29 22:25:10.336045
09603,0000,1190,106,2024-12-29 22:25:10.367614
05034,0000,1190,106,2024-12-29 22:25:10.384037
29677,0000,1191,106,2024-12-29 22:25:10.400037
05003,0000,1191,106,2024-12-29 22:25:10.416025
00716,0000,1190,106,2024-12-29 22:25:10.432029
13055,0000,1190,106,2024-12-29 22:25:10.448028
12427,0000,1190,106,2024-12-29 22:25:10.464027
48831,0000,1190,106,2024-12-29 22:25:10.480022
05475,0000,1191,106,2024-12-29 22:25:10.496035
11325,0000,1191,106,2024-12-29 22:25:10.512010
10666,0000,1190,106,2024-12-29 22:25:10.544007
13973,0000,1190,106,2024-12-29 22:25:10.559994
01143,0000,1191,106,2024-12-29 22:25:10.576001
17432,0000,1190,106,2024-12-29 22:25:10.591994
03009,0000,1190,106,2024-12-29 22:25:10.608002
02432,0000,1190,106,2024-12-29 22:25:10.623992
04238,0000,1190,106,2024-12-29 22:25:10.639986
05151,0000,1190,106,2024-12-29 22:25:10.655990
05037,0000,1190,106,2024-12-29 22:25:10.671986
00666,0000,1190,106,2024-12-29 22:25:10.703647
37099,0000,1190,106,2024-12-29 22:25:10.719970
02316,0000,1190,106,2024-12-29 22:25:10.735969
27261,0000,1190,106,2024-12-29 22:25:10.751983
26441,0000,1190,106,2024-12-29 22:25:10.767989
24453,0000,1190,106,2024-12-29 22:25:10.783964
00563,0000,1190,106,2024-12-29 22:25:10.799960
02004,0000,1191,106,2024-12-29 22:25:10.815951
05350,0000,1191,106,2024-12-29 22:25:10.831951
03098,0000,1190,106,2024-12-29 22:25:10.863257
03893,0000,1191,106,2024-12-29 22:25:10.879953
23640,0000,1190,106,2024-12-29 22:25:10.895936
36982,0000,1190,106,2024-12-29 22:25:10.911939
05092,0000,1190,106,2024-12-29 22:25:10.927939
25525,0000,1190,106,2024-12-29 22:25:10.943933
23175,0000,1190,106,2024-12-29 22:25:10.959931
39194,0000,1190,106,2024-12-29 22:25:10.975928
10486,0000,1190,106,2024-12-29 22:25:10.991918
51516,0000,1190,106,2024-12-29 22:25:11.007921
00931,0000,1191,106,2024-12-29 22:25:11.039667
04660,0000,1191,106,2024-12-29 22:25:11.055913
05220,0000,1191,106,2024-12-29 22:25:11.071914
30695,0000,1190,106,2024-12-29 22:25:11.087903
05970,0000,1191,106,2024-12-29 22:25:11.103906
02231,0001,1190,106,2024-12-29 22:25:11.119895
35508,0000,1191,106,2024-12-29 22:25:11.135897
46497,0000,1190,106,2024-12-29 22:25:11.151896
03806,0000,1190,106,2024-12-29 22:25:11.167882
02976,0000,1190,106,2024-12-29 22:25:11.199292
21035,0000,1191,106,2024-12-29 22:25:11.215881
26336,0001,1190,106,2024-12-29 22:25:11.231873
25134,0000,1190,106,2024-12-29 22:25:11.247878
08411,0000,1191,106,2024-12-29 22:25:11.263872
04162,0001,1191,106,2024-12-29 22:25:11.279887
05330,0000,1191,106,2024-12-29 22:25:11.295858
01334,0000,1190,106,2024-12-29 22:25:11.311863
01306,0000,1190,106,2024-12-29 22:25:11.327862
02351,0000,1190,106,2024-12-29 22:25:11.343861
27285,0000,1191,106,2024-12-29 22:25:11.375681
44726,0000,1190,106,2024-12-29 22:25:11.391847
37911,0000,1191,106,2024-12-29 22:25:11.407840
29207,0001,1191,106,2024-12-29 22:25:11.423834
17153,0000,1191,106,2024-12-29 22:25:11.439833
15383,0000,1191,106,2024-12-29 22:25:11.455834
01481,0000,1190,106,2024-12-29 22:25:11.471829
03064,0000,1190,106,2024-12-29 22:25:11.487826
02917,0000,1191,106,2024-12-29 22:25:11.503820
00312,0000,1191,106,2024-12-29 22:25:11.535331
01986,0000,1191,106,2024-12-29 22:25:11.551804
05120,0000,1190,106,2024-12-29 22:25:11.567817
05324,0000,1190,106,2024-12-29 22:25:11.583802
03119,0000,1191,106,2024-12-29 22:25:11.599799
20648,0000,1191,106,2024-12-29 22:25:11.615795
26440,0001,1191,106,2024-12-29 22:25:11.631794
06897,0000,1191,106,2024-12-29 22:25:11.647789
41643,0000,1190,106,2024-12-29 22:25:11.663791
21598,0000,1191,106,2024-12-29 22:25:11.679782
04638,0000,1191,106,2024-12-29 22:25:11.711719
52488,0000,1191,106,2024-12-29 22:25:11.727783
03589,0000,1191,106,2024-12-29 22:25:11.743771
02210,0000,1191,106,2024-12-29 22:25:11.759770
00354,0000,1191,106,2024-12-29 22:25:11.775765
00443,0000,1191,106,2024-12-29 22:25:11.791765
05242,0000,1190,106,2024-12-29 22:25:11.807756
22212,0000,1191,106,2024-12-29 22:25:11.823751
02326,0000,1191,106,2024-12-29 22:25:11.839760
05300,0000,1191,106,2024-12-29 22:25:11.871340
44777,0000,1190,106,2024-12-29 22:25:11.887738
04510,0000,1191,106,2024-12-29 22:25:11.903737
00692,0000,1191,106,2024-12-29 22:25:11.919744
02868,0000,1190,106,2024-12-29 22:25:11.935744
13417,0000,1190,106,2024-12-29 22:25:11.951725
11863,0000,1191,106,2024-12-29 22:25:11.967733
20929,0001,1190,106,2024-12-29 22:25:11.983719
04517,0000,1191,106,2024-12-29 22:25:11.999717
03139,0000,1191,106,2024-12-29 22:25:12.015721
05219,0000,1191,106,2024-12-29 22:25:12.047722
32999,0000,1191,106,2024-12-29 22:25:12.063707
05150,0000,1191,106,2024-12-29 22:25:12.079706
26872,0000,1191,106,2024-12-29 22:25:12.095699
02712,0000,1191,106,2024-12-29 22:25:12.111700
03701,0000,1191,106,2024-12-29 22:25:12.127699
33715,0000,1190,106,2024-12-29 22:25:12.143697
05401,0000,1191,106,2024-12-29 22:25:12.159690
05186,0000,1190,106,2024-12-29 22:25:12.175688
04945,0000,1191,106,2024-12-29 22:25:12.207387
06847,0000,1191,106,2024-12-29 22:25:12.223677
01558,0001,1191,106,2024-12-29 22:25:12.239686
00523,0000,1191,106,2024-12-29 22:25:12.255675
33827,0000,1191,106,2024-12-29 22:25:12.271673
00162,0000,1190,106,2024-12-29 22:25:12.287670
01487,0000,1191,106,2024-12-29 22:25:12.303673
02039,0000,1191,106,2024-12-29 22:25:12.319667
05254,0000,1191,106,2024-12-29 22:25:12.335647
01531,0000,1191,106,2024-12-29 22:25:12.366999
01848,0000,1191,106,2024-12-29 22:25:12.383642
01925,0000,1191,106,2024-12-29 22:25:12.399648
08205,0000,1191,106,2024-12-29 22:25:12.415645
04381,0000,1191,106,2024-12-29 22:25:12.431637
03850,0000,1191,106,2024-12-29 22:25:12.447639
10018,0000,1191,106,2024-12-29 22:25:12.463633
22997,0000,1191,106,2024-12-29 22:25:12.479632
03083,0000,1191,106,2024-12-29 22:25:12.495635
25345,0001,1191,106,2024-12-29 22:25:12.511625
05045,0001,1191,106,2024-12-29 22:25:12.543405
15561,0000,1191,106,2024-12-29 22:25:12.559611
03360,0000,1191,106,2024-12-29 22:25:12.575613
19148,0000,1191,106,2024-12-29 22:25:12.591604
09918,0000,1191,106,2024-12-29 22:25:12.607604
01075,0000,1191,106,2024-12-29 22:25:12.623598
24673,0000,1191,106,2024-12-29 22:25:12.639598
17739,0000,1191,106,2024-12-29 22:25:12.655592
22881,0000,1191,106,2024-12-29 22:25:12.671583
02351,0000,1191,106,2024-12-29 22:25:12.703046
01986,0000,1191,106,2024-12-29 22:25:12.719585
02193,0000,1191,106,2024-12-29 22:25:12.735574
04375,0000,1191,106,2024-12-29 22:25:12.751581
03776,0000,1191,106,2024-12-29 22:25:12.767569
44722,0001,1191,106,2024-12-29 22:25:12.783568
03670,0000,1191,106,2024-12-29 22:25:12.799559
11021,0000,1191,106,2024-12-29 22:25:12.815562
10640,0000,1191,106,2024-12-29 22:25:12.831558
42314,0000,1191,106,2024-12-29 22:25:12.847560
05340,0000,1191,106,2024-12-29 22:25:12.879428
02070,0000,1191,106,2024-12-29 22:25:12.895549
29192,0000,1191,106,2024-12-29 22:25:12.911549
00358,0000,1191,106,2024-12-29 22:25:12.927538
05776,0000,1191,106,2024-12-29 22:25:12.943531
43493,0001,1191,106,2024-12-29 22:25:12.959531
02692,0000,1191,106,2024-12-29 22:25:12.975534
30410,0000,1191,106,2024-12-29 22:25:12.991529
27797,0000,1191,106,2024-12-29 22:25:13.007528
00619,0000,1191,106,2024-12-29 22:25:13.039056
01961,0000,1191,106,2024-12-29 22:25:13.055516
00758,0000,1191,106,2024-12-29 22:25:13.071506
01753,0000,1191,106,2024-12-29 22:25:13.087513
29682,0000,1191,106,2024-12-29 22:25:13.103508
12550,0000,1191,106,2024-12-29 22:25:13.119517
02719,0000,1191,106,2024-12-29 22:25:13.135515
21497,0000,1191,106,2024-12-29 22:25:13.151520
12548,0000,1191,106,2024-12-29 22:25:13.167522
39205,0000,1191,106,2024-12-29 22:25:13.183522
25527,0000,1191,106,2024-12-29 22:25:13.215478
16238,0000,1191,106,2024-12-29 22:25:13.231532
04578,0000,1191,106,2024-12-29 22:25:13.247547
27760,0000,1191,106,2024-12-29 22:25:13.263534
51611,0000,1191,106,2024-12-29 22:25:13.279534
00297,0000,1191,106,2024-12-29 22:25:13.295532
04504,0000,1191,106,2024-12-29 22:25:13.311468
04519,0000,1191,106,2024-12-29 22:25:13.327469
35584,0000,1191,106,2024-12-29 22:25:13.343465
01325,0000,1191,106,2024-12-29 22:25:13.375084
05008,0000,1191,106,2024-12-29 22:25:13.391455
01602,0000,1191,106,2024-12-29 22:25:13.407442
06065,0000,1191,106,2024-12-29 22:25:13.423448
25694,0000,1191,106,2024-12-29 22:25:13.439443
32825,0000,1191,106,2024-12-29 22:25:13.455437
48996,0000,1191,106,2024-12-29 22:25:13.471431
12375,0000,1191,106,2024-12-29 22:25:13.487436
37927,0000,1192,106,2024-12-29 22:25:13.503439
32413,0000,1191,106,2024-12-29 22:25:13.519426
04085,0000,1192,106,2024-12-29 22:25:13.551415
36737,0000,1191,106,2024-12-29 22:25:13.567420
23485,0000,1191,106,2024-12-29 22:25:13.583417
32041,0000,1191,106,2024-12-29 22:25:13.599419
02298,0000,1191,106,2024-12-29 22:25:13.615412
02292,0000,1191,106,2024-12-29 22:25:13.631403
15144,0000,1191,106,2024-12-29 22:25:13.647405
02793,0000,1191,106,2024-12-29 22:25:13.663401
00525,0000,1191,106,2024-12-29 22:25:13.679397
20238,0000,1191,106,2024-12-29 22:25:13.711103
21793,0000,1191,106,2024-12-29 22:25:13.727383
04668,0000,1191,106,2024-12-29 22:25:13.743389
15864,0000,1191,106,2024-12-29 22:25:13.759380
02053,0000,1191,106,2024-12-29 22:25:13.775376
04343,0000,1191,106,2024-12-29 22:25:13.791376
00251,0000,1191,106,2024-12-29 22:25:13.807375
04689,0000,1191,106,2024-12-29 22:25:13.823377
01551,0000,1191,106,2024-12-29 22:25:13.839366
11892,0000,1191,106,2024-12-29 22:25:13.870765
01545,0000,1191,106,2024-12-29 22:25:13.887358
03421,0000,1191,106,2024-12-29 22:25:13.903363
03728,0000,1191,106,2024-12-29 22:25:13.919350
61903,0000,1191,106,2024-12-29 22:25:13.935352
04363,0000,1191,106,2024-12-29 22:25:13.951341
40706,0000,1192,106,2024-12-29 22:25:13.967344
00016,0000,1191,106,2024-12-29 22:25:13.983336
58539,0000,1191,106,2024-12-29 22:25:13.999335
06680,0000,1191,106,2024-12-29 22:25:14.015336
02581,0000,1191,106,2024-12-29 22:25:14.047149
21578,0001,1191,106,2024-12-29 22:25:14.063321
00812,0000,1191,106,2024-12-29 22:25:14.079323
29487,0000,1191,106,2024-12-29 22:25:14.095316
03544,0000,1191,106,2024-12-29 22:25:14.111323
27019,0000,1191,106,2024-12-29 22:25:14.127306
07819,0000,1191,106,2024-12-29 22:25:14.143310
04203,0000,1192,106,2024-12-29 22:25:14.159301
25150,0000,1192,106,2024-12-29 22:25:14.175305
03703,0000,1191,106,2024-12-29 22:25:14.206787
24900,0000,1191,106,2024-12-29 22:25:14.223287
04646,0000,1191,106,2024-12-29 22:25:14.239288
25357,0000,1191,106,2024-12-29 22:25:14.255296
18786,0001,1192,106,2024-12-29 22:25:14.271290
05120,0000,1191,106,2024-12-29 22:25:14.287292
02608,0000,1191,106,2024-12-29 22:25:14.303267
54197,0000,1191,106,2024-12-29 22:25:14.319273
02021,0000,1191,106,2024-12-29 22:25:14.335272
28731,0000,1191,106,2024-12-29 22:25:14.351271
03752,0000,1191,106,2024-12-29 22:25:14.383166
04395,0000,1191,106,2024-12-29 22:25:14.399258
02695,0000,1191,106,2024-12-29 22:25:14.415242
00192,0001,1191,106,2024-12-29 22:25:14.431247
14142,0000,1191,106,2024-12-29 22:25:14.447238
20270,0000,1192,106,2024-12-29 22:25:14.463243
12172,0000,1192,106,2024-12-29 22:25:14.479231
05349,0000,1191,106,2024-12-29 22:25:14.495239
27068,0000,1191,106,2024-12-29 22:25:14.511227
40860,0000,1191,106,2024-12-29 22:25:14.542800
08784,0000,1192,106,2024-12-29 22:25:14.559223
01940,0000,1191,106,2024-12-29 22:25:14.575217
03318,0000,1191,106,2024-12-29 22:25:14.591219
04134,0000,1191,106,2024-12-29 22:25:14.607206
48869,0000,1192,106,2024-12-29 22:25:14.623210
04513,0000,1192,106,2024-12-29 22:25:14.639201
02174,0000,1192,106,2024-12-29 22:25:14.655207
10929,0000,1191,106,2024-12-29 22:25:14.671208
21375,0000,1191,106,2024-12-29 22:25:14.687207
03436,0000,1192,106,2024-12-29 22:25:14.719181
17670,0000,1192,106,2024-12-29 22:25:14.735191
03001,0000,1192,106,2024-12-29 22:25:14.751191
21511,0000,1192,106,2024-12-29 22:25:14.767186
01968,0000,1191,106,2024-12-29 22:25:14.783180
05204,0000,1191,106,2024-12-29 22:25:14.799182
19934,0000,1192,106,2024-12-29 22:25:14.815173
10401,0000,1191,106,2024-12-29 22:25:14.831170
17917,0000,1192,106,2024-12-29 22:25:14.847163
01286,0000,1192,106,2024-12-29 22:25:14.878841
00943,0000,1192,106,2024-12-29 22:25:14.895157
25158,0000,1192,106,2024-12-29 22:25:14.911149
03698,0000,1192,106,2024-12-29 22:25:14.927156
01374,0000,1191,106,2024-12-29 22:25:14.943145
39456,0000,1192,106,2024-12-29 22:25:14.959149
00472,0000,1192,106,2024-12-29 22:25:14.975142
58397,0000,1192,106,2024-12-29 22:25:14.991144
06958,0000,1192,106,2024-12-29 22:25:15.007142
23780,0000,1191,106,2024-12-29 22:25:15.038469
00689,0000,1191,106,2024-12-29 22:25:15.055130
01445,0000,1191,106,2024-12-29 22:25:15.071135
02159,0000,1192,106,2024-12-29 22:25:15.087120
00505,0000,1192,106,2024-12-29 22:25:15.103129
03420,0000,1192,106,2024-12-29 22:25:15.119117
22445,0000,1192,106,2024-12-29 22:25:15.135120
30931,0000,1192,106,2024-12-29 22:25:15.151111
08314,0000,1191,106,2024-12-29 22:25:15.167108
01941,0000,1191,106,2024-12-29 22:25:15.183116
03946,0000,1192,106,2024-12-29 22:25:15.214877
03667,0000,1191,106,2024-12-29 22:25:15.231101
23424,0000,1192,106,2024-12-29 22:25:15.247107
52408,0000,1192,106,2024-12-29 22:25:15.263108
47149,0000,1191,106,2024-12-29 22:25:15.279086
04932,0000,1192,106,2024-12-29 22:25:15.295100
09892,0000,1191,106,2024-12-29 22:25:15.311087
35975,0000,1192,106,2024-12-29 22:25:15.327091
24628,0000,1192,106,2024-12-29 22:25:15.343079
08500,0000,1192,106,2024-12-29 22:25:15.374514
31488,0000,1192,106,2024-12-29 22:25:15.391068
06019,0000,1192,106,2024-12-29 22:25:15.407071
03716,0000,1192,106,2024-12-29 22:25:15.423064
00426,0000,1192,106,2024-12-29 22:25:15.439062
01754,0000,1192,106,2024-12-29 22:25:15.455076
00346,0000,1192,106,2024-12-29 22:25:15.471085
17610,0000,1192,106,2024-12-29 22:25:15.487060
01437,0000,1192,106,2024-12-29 22:25:15.503055
01397,0000,1192,106,2024-12-29 22:25:15.519042
05261,0000,1192,106,2024-12-29 22:25:15.550896
28880,0000,1192,106,2024-12-29 22:25:15.567037
01339,0000,1192,106,2024-12-29 22:25:15.583033
00530,0000,1192,106,2024-12-29 22:25:15.599020
01456,0000,1192,106,2024-12-29 22:25:15.615030
19603,0000,1192,106,2024-12-29 22:25:15.631017
01407,0000,1192,106,2024-12-29 22:25:15.647017
05229,0000,1192,106,2024-12-29 22:25:15.663008
02919,0000,1192,106,2024-12-29 22:25:15.679015
03602,0000,1192,106,2024-12-29 22:25:15.710540
47340,0000,1192,106,2024-12-29 22:25:15.727012
00273,0000,1192,106,2024-12-29 22:25:15.743007
43760,0001,1192,106,2024-12-29 22:25:15.759002
01035,0000,1192,106,2024-12-29 22:25:15.774992
03021,0000,1191,106,2024-12-29 22:25:15.790987
02599,0000,1192,106,2024-12-29 22:25:15.806994
02804,0000,1192,106,2024-12-29 22:25:15.822982
04558,0000,1192,106,2024-12-29 22:25:15.838987
27052,0000,1192,106,2024-12-29 22:25:15.854995
49118,0000,1192,106,2024-12-29 22:25:15.886929
01323,0001,1192,106,2024-12-29 22:25:15.902974
00702,0000,1192,106,2024-12-29 22:25:15.918974
01903,0000,1192,106,2024-12-29 22:25:15.934964
59312,0000,1192,106,2024-12-29 22:25:15.950953
02050,0001,1192,106,2024-12-29 22:25:15.966966
24628,0000,1192,106,2024-12-29 22:25:15.982955
02189,0000,1192,106,2024-12-29 22:25:15.998943
01401,0000,1192,106,2024-12-29 22:25:16.014949
30326,0000,1192,106,2024-12-29 22:25:16.046573
04388,0000,1192,106,2024-12-29 22:25:16.062942
28790,0000,1192,106,2024-12-29 22:25:16.078938
04376,0000,1192,106,2024-12-29 22:25:16.094926
02993,0000,1192,106,2024-12-29 22:25:16.110928
40282,0000,1192,106,2024-12-29 22:25:16.126916
13088,0000,1192,106,2024-12-29 22:25:16.142917
04675,0000,1192,106,2024-12-29 22:25:16.158915
01178,0000,1192,106,2024-12-29 22:25:16.174915
15323,0001,1192,106,2024-12-29 22:25:16.190909
10897,0000,1192,106,2024-12-29 22:25:16.222901
00330,0000,1192,106,2024-12-29 22:25:16.238907
01325,0001,1192,106,2024-12-29 22:25:16.254906
16140,0000,1192,106,2024-12-29 22:25:16.270907
56608,0000,1192,106,2024-12-29 22:25:16.286917
01838,0000,1192,106,2024-12-29 22:25:16.302918
08022,0000,1192,106,2024-12-29 22:25:16.318921
01391,0000,1192,106,2024-12-29 22:25:16.334919
04346,0000,1192,106,2024-12-29 22:25:16.350917
02965,0000,1192,106,2024-12-29 22:25:16.382605
17262,0000,1192,106,2024-12-29 22:25:16.398920
39109,0000,1192,106,2024-12-29 22:25:16.414925
15414,0000,1192,106,2024-12-29 22:25:16.430928
04538,0000,1192,106,2024-12-29 22:25:16.446867
05369,0000,1192,106,2024-12-29 22:25:16.462865
26191,0000,1192,106,2024-12-29 22:25:16.478854
05287,0000,1192,106,2024-12-29 22:25:16.494856
03501,0001,1192,106,2024-12-29 22:25:16.510843
34636,0001,1193,106,2024-12-29 22:25:16.542223
29845,0000,1192,106,2024-12-29 22:25:16.558846
05233,0000,1192,106,2024-12-29 22:25:16.574829
04619,0000,1192,106,2024-12-29 22:25:16.590837
52215,0000,1192,106,2024-12-29 22:25:16.606826
00333,0000,1192,106,2024-12-29 22:25:16.622832
01347,0000,1192,106,2024-12-29 22:25:16.638833
02944,0000,1192,106,2024-12-29 22:25:16.654818
03505,0000,1192,106,2024-12-29 22:25:16.670824
00388,0000,1192,106,2024-12-29 22:25:16.686816
49107,0000,1192,106,2024-12-29 22:25:16.718617
04561,0000,1192,106,2024-12-29 22:25:16.734810
18569,0000,1192,106,2024-12-29 22:25:16.750810
05480,0000,1192,106,2024-12-29 22:25:16.766811
17243,0000,1192,106,2024-12-29 22:25:16.782795
49774,0000,1192,106,2024-12-29 22:25:16.798800
44846,0000,1192,106,2024-12-29 22:25:16.814789
04573,0000,1192,106,2024-12-29 22:25:16.830787
08489,0000,1192,106,2024-12-29 22:25:16.846781
13869,0000,1192,106,2024-12-29 22:25:16.878245
08283,0000,1192,106,2024-12-29 22:25:16.894767
54707,0000,1192,106,2024-12-29 22:25:16.910766
06119,0000,1192,106,2024-12-29 22:25:16.926764
04682,0000,1192,106,2024-12-29 22:25:16.942763
07727,0000,1192,106,2024-12-29 22:25:16.958755
03574,0000,1192,106,2024-12-29 22:25:16.974757
01463,0000,1192,106,2024-12-29 22:25:16.990748
01645,0000,1192,106,2024-12-29 22:25:17.006747
38469,0000,1192,106,2024-12-29 22:25:17.022751
27898,0000,1192,106,2024-12-29 22:25:17.054633
03868,0000,1192,106,2024-12-29 22:25:17.070731
02168,0000,1192,106,2024-12-29 22:25:17.086737
63362,0000,1192,106,2024-12-29 22:25:17.102727
09403,0000,1192,106,2024-12-29 22:25:17.118730
01552,0000,1192,106,2024-12-29 22:25:17.134726
04544,0000,1192,106,2024-12-29 22:25:17.150725
18273,0000,1192,106,2024-12-29 22:25:17.166715
03689,0000,1192,106,2024-12-29 22:25:17.182727
03727,0000,1192,106,2024-12-29 22:25:17.214270
11787,0000,1192,106,2024-12-29 22:25:17.230708
02466,0000,1192,106,2024-12-29 22:25:17.246718
20449,0000,1192,106,2024-12-29 22:25:17.262701
23909,0000,1192,106,2024-12-29 22:25:17.278698
01614,0000,1192,106,2024-12-29 22:25:17.294698
06393,0000,1192,106,2024-12-29 22:25:17.310702
18914,0000,1192,106,2024-12-29 22:25:17.326689
07454,0000,1192,106,2024-12-29 22:25:17.342692
03878,0000,1192,106,2024-12-29 22:25:17.358681
36373,0000,1192,106,2024-12-29 22:25:17.390657
04343,0000,1192,106,2024-12-29 22:25:17.406677
31849,0000,1192,106,2024-12-29 22:25:17.422677
04248,0000,1192,106,2024-12-29 22:25:17.438660
02925,0000,1192,106,2024-12-29 22:25:17.454659
01314,0000,1192,106,2024-12-29 22:25:17.470653
33750,0000,1192,106,2024-12-29 22:25:17.486660
01463,0000,1192,106,2024-12-29 22:25:17.502650
58417,0000,1192,106,2024-12-29 22:25:17.518654
40891,0000,1192,106,2024-12-29 22:25:17.550295
04240,0000,1192,106,2024-12-29 22:25:17.566649
03824,0000,1192,106,2024-12-29 22:25:17.582639
37789,0000,1192,106,2024-12-29 22:25:17.598632
26494,0000,1192,106,2024-12-29 22:25:17.614632
00304,0000,1193,106,2024-12-29 22:25:17.630629
01211,0000,1192,106,2024-12-29 22:25:17.646629
00676,0000,1192,106,2024-12-29 22:25:17.662635
00698,0000,1192,106,2024-12-29 22:25:17.678623
31515,0000,1192,106,2024-12-29 22:25:17.709921
00519,0000,1192,106,2024-12-29 22:25:17.726618
04649,0000,1192,106,2024-12-29 22:25:17.742616
26050,0000,1192,106,2024-12-29 22:25:17.758603
28070,0000,1192,106,2024-12-29 22:25:17.774600
03882,0000,1192,106,2024-12-29 22:25:17.790598
00529,0000,1192,106,2024-12-29 22:25:17.806594
19961,0000,1192,106,2024-12-29 22:25:17.822599
43188,0000,1192,106,2024-12-29 22:25:17.838590
07822,0000,1192,106,2024-12-29 22:25:17.854597
39912,0000,1193,106,2024-12-29 22:25:17.886321
03625,0000,1192,106,2024-12-29 22:25:17.902579
43859,0000,1192,106,2024-12-29 22:25:17.918578
01031,0000,1193,106,2024-12-29 22:25:17.934572
01174,0000,1192,106,2024-12-29 22:25:17.950562
18568,0000,1192,106,2024-12-29 22:25:17.966563
57485,0000,1193,106,2024-12-29 22:25:17.982550
04635,0000,1192,106,2024-12-29 22:25:17.998563
04947,0000,1192,106,2024-12-29 22:25:18.014549
18418,0000,1192,106,2024-12-29 22:25:18.045945
27826,0000,1193,106,2024-12-29 22:25:18.062547
40285,0000,1192,106,2024-12-29 22:25:18.078544
53148,0000,1192,106,2024-12-29 22:25:18.094539
09080,0000,1192,106,2024-12-29 22:25:18.110536
46620,0000,1193,106,2024-12-29 22:25:18.126545
62623,0000,1192,106,2024-12-29 22:25:18.142527
00450,0000,1192,106,2024-12-29 22:25:18.158528
25881,0000,1192,106,2024-12-29 22:25:18.174523
01452,0000,1192,106,2024-12-29 22:25:18.190525
27169,0000,1193,106,2024-12-29 22:25:18.222327
42452,0000,1192,106,2024-12-29 22:25:18.238534
14147,0000,1193,106,2024-12-29 22:25:18.254515
15282,0000,1192,106,2024-12-29 22:25:18.270516
45478,0000,1193,106,2024-12-29 22:25:18.286504
03650,0000,1192,106,2024-12-29 22:25:18.302503
02209,0000,1193,106,2024-12-29 22:25:18.318497
17433,0000,1192,106,2024-12-29 22:25:18.334502
35351,0000,1192,106,2024-12-29 22:25:18.350486
27670,0000,1193,106,2024-12-29 22:25:18.381987
03842,0000,1193,106,2024-12-29 22:25:18.398471
16846,0000,1193,106,2024-12-29 22:25:18.414472
26302,0000,1193,106,2024-12-29 22:25:18.430465
00717,0000,1192,106,2024-12-29 22:25:18.446470
02160,0000,1192,106,2024-12-29 22:25:18.462461
17908,0000,1192,106,2024-12-29 22:25:18.478460
04170,0000,1192,106,2024-12-29 22:25:18.494456
40960,0000,1192,106,2024-12-29 22:25:18.510454
29743,0000,1193,106,2024-12-29 22:25:18.526449
01078,0000,1193,106,2024-12-29 22:25:18.558350
07518,0000,1192,106,2024-12-29 22:25:18.574451
04521,0000,1193,106,2024-12-29 22:25:18.590440
05124,0000,1193,106,2024-12-29 22:25:18.606429
03636,0000,1192,106,2024-12-29 22:25:18.622431
04853,0000,1192,106,2024-12-29 22:25:18.638422
31637,0000,1193,106,2024-12-29 22:25:18.654421
06975,0000,1193,106,2024-12-29 22:25:18.670419
01999,0001,1192,106,2024-12-29 22:25:18.686418
50631,0000,1192,106,2024-12-29 22:25:18.717991
02271,0000,1193,106,2024-12-29 22:25:18.734400
35621,0000,1193,106,2024-12-29 22:25:18.750406
03845,0000,1193,106,2024-12-29 22:25:18.766397
00555,0001,1193,106,2024-12-29 22:25:18.782401
08657,0000,1192,106,2024-12-29 22:25:18.798395
26325,0000,1193,106,2024-12-29 22:25:18.814389
08254,0000,1193,106,2024-12-29 22:25:18.830382
04624,0000,1193,106,2024-12-29 22:25:18.846383
00451,0000,1193,106,2024-12-29 22:25:18.862384
23741,0001,1193,106,2024-12-29 22:25:18.894372
00640,0000,1193,106,2024-12-29 22:25:18.910374
02167,0001,1192,106,2024-12-29 22:25:18.926365
04639,0000,1193,106,2024-12-29 22:25:18.942365
04646,0000,1193,106,2024-12-29 22:25:18.958363
03032,0000,1193,106,2024-12-29 22:25:18.974366
01315,0000,1193,106,2024-12-29 22:25:18.990365
03831,0000,1193,106,2024-12-29 22:25:19.006346
43788,0000,1192,106,2024-12-29 22:25:19.022353
05019,0000,1193,106,2024-12-29 22:25:19.054034
01268,0000,1192,106,2024-12-29 22:25:19.070337
48888,0000,1193,106,2024-12-29 22:25:19.086337
04534,0000,1193,106,2024-12-29 22:25:19.102336
11234,0000,1192,106,2024-12-29 22:25:19.118337
02456,0000,1193,106,2024-12-29 22:25:19.134326
02848,0000,1193,106,2024-12-29 22:25:19.150327
02188,0000,1193,106,2024-12-29 22:25:19.166320
02756,0000,1193,106,2024-12-29 22:25:19.182321
22377,0000,1193,106,2024-12-29 22:25:19.213652
06213,0000,1193,106,2024-12-29 22:25:19.230310
01458,0000,1193,106,2024-12-29 22:25:19.246309
06022,0000,1193,106,2024-12-29 22:25:19.262305
24184,0000,1193,106,2024-12-29 22:25:19.278296
03854,0000,1193,106,2024-12-29 22:25:19.294304
20312,0000,1193,106,2024-12-29 22:25:19.310292
05363,0000,1193,106,2024-12-29 22:25:19.326293
01539,0000,1193,106,2024-12-29 22:25:19.342278
18615,0000,1193,106,2024-12-29 22:25:19.358283
13904,0000,1193,106,2024-12-29 22:25:19.390062
08428,0000,1193,106,2024-12-29 22:25:19.406286
28649,0000,1193,106,2024-12-29 22:25:19.422290
03438,0000,1193,106,2024-12-29 22:25:19.438292
30090,0000,1193,106,2024-12-29 22:25:19.454298
01442,0000,1193,106,2024-12-29 22:25:19.470303
48783,0000,1193,106,2024-12-29 22:25:19.486302
25416,0000,1193,106,2024-12-29 22:25:19.502303
29884,0000,1193,106,2024-12-29 22:25:19.518540
28972,0000,1193,106,2024-12-29 22:25:19.549718
58470,0000,1193,106,2024-12-29 22:25:19.566307
01956,0000,1193,106,2024-12-29 22:25:19.582239
05798,0000,1193,106,2024-12-29 22:25:19.598241
13553,0000,1193,106,2024-12-29 22:25:19.614229
01154,0000,1193,106,2024-12-29 22:25:19.630236
01762,0000,1193,106,2024-12-29 22:25:19.646225
00180,0000,1193,106,2024-12-29 22:25:19.662219
03829,0000,1193,106,2024-12-29 22:25:19.678220
25181,0000,1193,106,2024-12-29 22:25:19.694216
05423,0000,1193,106,2024-12-29 22:25:19.726086
14764,0000,1193,106,2024-12-29 22:25:19.742217
05228,0000,1193,106,2024-12-29 22:25:19.758214
09885,0001,1193,106,2024-12-29 22:25:19.774219
00491,0000,1193,106,2024-12-29 22:25:19.790195
40022,0000,1193,106,2024-12-29 22:25:19.806196
09193,0000,1193,106,2024-12-29 22:25:19.822186
23145,0000,1193,106,2024-12-29 22:25:19.838191
07866,0001,1193,106,2024-12-29 22:25:19.854181
17066,0000,1193,106,2024-12-29 22:25:19.885725
30858,0000,1193,106,2024-12-29 22:25:19.902180
19304,0000,1193,106,2024-12-29 22:25:19.918179
43716,0000,1193,106,2024-12-29 22:25:19.934172
14758,0000,1193,106,2024-12-29 22:25:19.950171
18318,0000,1193,106,2024-12-29 22:25:19.966165
10505,0000,1193,106,2024-12-29 22:25:19.982169
04500,0000,1193,106,2024-12-29 22:25:19.998156
01031,0000,1193,106,2024-12-29 22:25:20.014159
20714,0000,1193,106,2024-12-29 22:25:20.030153
28006,0000,1193,106,2024-12-29 22:25:20.062111
02273,0000,1193,106,2024-12-29 22:25:20.078144
05319,0000,1193,106,2024-12-29 22:25:20.094136
04342,0000,1193,106,2024-12-29 22:25:20.110138
18941,0000,1193,106,2024-12-29 22:25:20.126131
02937,0000,1193,106,2024-12-29 22:25:20.142133
02389,0000,1193,106,2024-12-29 22:25:20.158134
39349,0000,1193,106,2024-12-29 22:25:20.174114
01484,0000,1193,106,2024-12-29 22:25:20.190127
05396,0000,1193,106,2024-12-29 22:25:20.221748
05140,0000,1193,106,2024-12-29 22:25:20.238117
02923,0000,1193,106,2024-12-29 22:25:20.254113
03525,0001,1193,106,2024-12-29 22:25:20.270105
04433,0000,1193,106,2024-12-29 22:25:20.286112
02114,0000,1193,106,2024-12-29 22:25:20.302099
27814,0000,1193,106,2024-12-29 22:25:20.318094
55005,0000,1193,106,2024-12-29 22:25:20.334088
03754,0000,1193,106,2024-12-29 22:25:20.350079
11568,0000,1193,106,2024-12-29 22:25:20.366089
50757,0000,1193,106,2024-12-29 22:25:20.398080
44799,0000,1193,106,2024-12-29 22:25:20.414078
51670,0000,1193,106,2024-12-29 22:25:20.430079
41625,0000,1193,106,2024-12-29 22:25:20.446061
08080,0000,1193,106,2024-12-29 22:25:20.462064
05316,0000,1193,106,2024-12-29 22:25:20.478056
09920,0001,1193,106,2024-12-29 22:25:20.494060
37590,0000,1193,106,2024-12-29 22:25:20.510050
03425,0000,1193,106,2024-12-29 22:25:20.526054
18499,0000,1193,106,2024-12-29 22:25:20.557759
00730,0000,1193,106,2024-12-29 22:25:20.574044
07712,0000,1193,106,2024-12-29 22:25:20.590039
15336,0001,1193,106,2024-12-29 22:25:20.606036
00285,0000,1193,106,2024-12-29 22:25:20.622030
00464,0000,1193,106,2024-12-29 22:25:20.638035
00303,0000,1193,106,2024-12-29 22:25:20.654027
04312,0000,1193,106,2024-12-29 22:25:20.670023
02239,0000,1193,106,2024-12-29 22:25:20.686017
04577,0000,1193,106,2024-12-29 22:25:20.717402
03275,0000,1193,106,2024-12-29 22:25:20.734027
32277,0000,1193,106,2024-12-29 22:25:20.750009
03626,0000,1193,106,2024-12-29 22:25:20.766008
03112,0000,1193,106,2024-12-29 22:25:20.781999
03029,0000,1193,106,2024-12-29 22:25:20.798003
02945,0000,1193,106,2024-12-29 22:25:20.813996
17889,0000,1193,106,2024-12-29 22:25:20.829994
22442,0000,1193,106,2024-12-29 22:25:20.845987
16276,0000,1194,106,2024-12-29 22:25:20.861990
01522,0000,1193,106,2024-12-29 22:25:20.893782
04402,0000,1193,106,2024-12-29 22:25:20.909980
05412,0000,1193,106,2024-12-29 22:25:20.925983
02029,0000,1193,106,2024-12-29 22:25:20.941979
05258,0000,1193,106,2024-12-29 22:25:20.957963
03629,0000,1193,106,2024-12-29 22:25:20.973967
06207,0000,1193,106,2024-12-29 22:25:20.989959
01491,0001,1193,106,2024-12-29 22:25:21.005953
03611,0000,1193,106,2024-12-29 22:25:21.021954
05476,0000,1193,106,2024-12-29 22:25:21.053425
03840,0000,1193,106,2024-12-29 22:25:21.069938
26399,0000,1193,106,2024-12-29 22:25:21.085945
24691,0000,1193,106,2024-12-29 22:25:21.101940
17228,0000,1194,106,2024-12-29 22:25:21.117938
40796,0000,1194,106,2024-12-29 22:25:21.133932
02360,0000,1194,106,2024-12-29 22:25:21.149935
04456,0000,1193,106,2024-12-29 22:25:21.165924
01538,0000,1193,106,2024-12-29 22:25:21.181929
30732,0000,1193,106,2024-12-29 22:25:21.197921
24917,0000,1193,106,2024-12-29 22:25:21.229824
03674,0000,1193,106,2024-12-29 22:25:21.245926
34705,0001,1193,106,2024-12-29 22:25:21.261913
47447,0000,1193,106,2024-12-29 22:25:21.277904
01324,0000,1193,106,2024-12-29 22:25:21.293913
00888,0000,1193,106,2024-12-29 22:25:21.309917
29370,0000,1193,106,2024-12-29 22:25:21.325917
20539,0000,1193,106,2024-12-29 22:25:21.341890
10116,0000,1193,106,2024-12-29 22:25:21.357893
20804,0000,1193,106,2024-12-29 22:25:21.389469
17761,0000,1193,106,2024-12-29 22:25:21.405880
36409,0000,1193,106,2024-12-29 22:25:21.421879
03802,0000,1193,106,2024-12-29 22:25:21.437877
06867,0000,1194,106,2024-12-29 22:25:21.453870
06231,0000,1194,106,2024-12-29 22:25:21.469874
20434,0000,1193,106,2024-12-29 22:25:21.485891
04548,0000,1193,106,2024-12-29 22:25:21.501872
53434,0000,1193,106,2024-12-29 22:25:21.517863
29255,0000,1194,106,2024-12-29 22:25:21.533853
25448,0000,1193,106,2024-12-29 22:25:21.565847
03429,0000,1193,106,2024-12-29 22:25:21.581843
09491,0000,1194,106,2024-12-29 22:25:21.597841
63649,0000,1193,106,2024-12-29 22:25:21.613844
04836,0000,1194,106,2024-12-29 22:25:21.629837
23098,0000,1194,106,2024-12-29 22:25:21.645832
01200,0000,1193,106,2024-12-29 22:25:21.661830
14147,0000,1194,106,2024-12-29 22:25:21.677826
57433,0000,1193,106,2024-12-29 22:25:21.693827
09840,0000,1193,106,2024-12-29 22:25:21.725461
49171,0000,1193,106,2024-12-29 22:25:21.741819
04620,0000,1193,106,2024-12-29 22:25:21.757817
18248,0000,1194,106,2024-12-29 22:25:21.773815
00009,0000,1193,106,2024-12-29 22:25:21.789807
19866,0000,1194,106,2024-12-29 22:25:21.805808
02557,0000,1193,106,2024-12-29 22:25:21.821807
15411,0000,1193,106,2024-12-29 22:25:21.837809
00566,0000,1194,106,2024-12-29 22:25:21.853794
30401,0000,1193,106,2024-12-29 22:25:21.885120
20381,0000,1194,106,2024-12-29 22:25:21.901786
16359,0000,1194,106,2024-12-29 22:25:21.917781
02837,0000,1193,106,2024-12-29 22:25:21.933786
39129,0000,1194,106,2024-12-29 22:25:21.949777
12183,0000,1193,106,2024-12-29 22:25:21.965783
59139,0000,1194,106,2024-12-29 22:25:21.981770
13008,0000,1194,106,2024-12-29 22:25:21.997767
01480,0000,1193,106,2024-12-29 22:25:22.013759
03827,0000,1194,106,2024-12-29 22:25:22.029765
04383,0000,1193,106,2024-12-29 22:25:22.061519
00563,0000,1193,106,2024-12-29 22:25:22.077752
03079,0000,1193,106,2024-12-29 22:25:22.093752
02272,0000,1194,106,2024-12-29 22:25:22.109757
00425,0000,1194,106,2024-12-29 22:25:22.125735
30454,0000,1194,106,2024-12-29 22:25:22.141741
01299,0000,1193,106,2024-12-29 22:25:22.157732
03749,0000,1193,106,2024-12-29 22:25:22.173739
02274,0000,1194,106,2024-12-29 22:25:22.189742
03815,0000,1194,106,2024-12-29 22:25:22.221142
47468,0000,1194,106,2024-12-29 22:25:22.237744
04394,0000,1194,106,2024-12-29 22:25:22.253725
00640,0000,1193,106,2024-12-29 22:25:22.269714
28854,0000,1193,106,2024-12-29 22:25:22.285712
26988,0000,1194,106,2024-12-29 22:25:22.301712
03130,0001,1193,106,2024-12-29 22:25:22.317706
04560,0000,1194,106,2024-12-29 22:25:22.333705
03639,0000,1193,106,2024-12-29 22:25:22.349704
10984,0000,1193,106,2024-12-29 22:25:22.365696
00648,0000,1194,106,2024-12-29 22:25:22.397549
01097,0000,1193,106,2024-12-29 22:25:22.413687
14062,0000,1194,106,2024-12-29 22:25:22.429684
00631,0000,1194,106,2024-12-29 22:25:22.445678
05173,0000,1194,106,2024-12-29 22:25:22.461675
03867,0000,1194,106,2024-12-29 22:25:22.477676
05217,0000,1194,106,2024-12-29 22:25:22.493674
00729,0000,1194,106,2024-12-29 22:25:22.509678
03674,0000,1194,106,2024-12-29 22:25:22.525675
00681,0000,1193,106,2024-12-29 22:25:22.557191
22580,0000,1194,106,2024-12-29 22:25:22.573681
16035,0000,1194,106,2024-12-29 22:25:22.589680
42489,0001,1194,106,2024-12-29 22:25:22.605690
05445,0000,1194,106,2024-12-29 22:25:22.621690
10806,0000,1194,106,2024-12-29 22:25:22.637695
29839,0000,1194,106,2024-12-29 22:25:22.653694
22883,0000,1194,106,2024-12-29 22:25:22.669693
20463,0000,1194,106,2024-12-29 22:25:22.685696
01844,0000,1194,106,2024-12-29 22:25:22.701627
30168,0000,1194,106,2024-12-29 22:25:22.733564
02719,0000,1194,106,2024-12-29 22:25:22.749615
05376,0000,1194,106,2024-12-29 22:25:22.765615
03087,0000,1194,106,2024-12-29 22:25:22.781607
11536,0000,1194,106,2024-12-29 22:25:22.797607
22831,0000,1194,106,2024-12-29 22:25:22.813600
13389,0000,1194,106,2024-12-29 22:25:22.829599
29177,0000,1194,106,2024-12-29 22:25:22.845599
17724,0000,1194,106,2024-12-29 22:25:22.861594
02662,0000,1194,106,2024-12-29 22:25:22.893211
31008,0000,1194,106,2024-12-29 22:25:22.909577
13263,0000,1194,106,2024-12-29 22:25:22.925583
21132,0000,1194,106,2024-12-29 22:25:22.941583
22729,0000,1194,106,2024-12-29 22:25:22.957582
05450,0000,1194,106,2024-12-29 22:25:22.973572
13148,0000,1194,106,2024-12-29 22:25:22.989571
44020,0000,1194,106,2024-12-29 22:25:23.005576
16962,0000,1194,106,2024-12-29 22:25:23.021560
03200,0000,1194,106,2024-12-29 22:25:23.037560
00586,0000,1194,106,2024-12-29 22:25:23.069551
02886,0000,1194,106,2024-12-29 22:25:23.085554
10862,0000,1194,106,2024-12-29 22:25:23.101551
02124,0000,1194,106,2024-12-29 22:25:23.117549
30202,0000,1194,106,2024-12-29 22:25:23.133549
03608,0000,1194,106,2024-12-29 22:25:23.149537
14294,0000,1194,106,2024-12-29 22:25:23.165542
03183,0000,1194,106,2024-12-29 22:25:23.181533
01835,0000,1194,106,2024-12-29 22:25:23.197543
02998,0000,1194,106,2024-12-29 22:25:23.229230
03290,0000,1194,106,2024-12-29 22:25:23.245528
43077,0000,1194,106,2024-12-29 22:25:23.261521
08555,0000,1194,106,2024-12-29 22:25:23.277526
04257,0000,1194,106,2024-12-29 22:25:23.293508
08289,0000,1194,106,2024-12-29 22:25:23.309505
15084,0000,1194,106,2024-12-29 22:25:23.325501
02195,0000,1194,106,2024-12-29 22:25:23.341503
04330,0000,1194,106,2024-12-29 22:25:23.357517
03274,0000,1194,106,2024-12-29 22:25:23.388863
29249,0000,1194,106,2024-12-29 22:25:23.405497
03021,0000,1194,106,2024-12-29 22:25:23.421485
05397,0000,1194,106,2024-12-29 22:25:23.437482
02337,0000,1194,106,2024-12-29 22:25:23.453480
21295,0000,1194,106,2024-12-29 22:25:23.469472
25754,0000,1194,106,2024-12-29 22:25:23.485475
01822,0000,1194,106,2024-12-29 22:25:23.501466
28804,0000,1194,106,2024-12-29 22:25:23.517474
02107,0000,1193,106,2024-12-29 22:25:23.533471
26208,0000,1194,106,2024-12-29 22:25:23.565261
21102,0000,1194,106,2024-12-29 22:25:23.581461
28004,0000,1194,106,2024-12-29 22:25:23.597450
02991,0000,1194,106,2024-12-29 22:25:23.613452
02240,0000,1194,106,2024-12-29 22:25:23.629445
02298,0000,1194,106,2024-12-29 22:25:23.645446
11087,0000,1194,106,2024-12-29 22:25:23.661448
61643,0000,1194,106,2024-12-29 22:25:23.677452
04565,0000,1194,106,2024-12-29 22:25:23.693435
31194,0000,1194,106,2024-12-29 22:25:23.724907
03103,0000,1194,106,2024-12-29 22:25:23.741418
10700,0000,1194,106,2024-12-29 22:25:23.757423
08612,0000,1194,106,2024-12-29 22:25:23.773418
06476,0000,1194,106,2024-12-29 22:25:23.789420
53951,0000,1194,106,2024-12-29 22:25:23.805414
04826,0000,1194,106,2024-12-29 22:25:23.821404
05655,0000,1194,106,2024-12-29 22:25:23.837400
04107,0001,1194,106,2024-12-29 22:25:23.853405
03757,0000,1194,106,2024-12-29 22:25:23.869402
10834,0000,1194,106,2024-12-29 22:25:23.901299
01529,0000,1194,106,2024-12-29 22:25:23.917396
02326,0000,1194,106,2024-12-29 22:25:23.933384
01277,0000,1194,106,2024-12-29 22:25:23.949376
01342,0000,1194,106,2024-12-29 22:25:23.965376
01062,0000,1194,106,2024-12-29 22:25:23.981381
05085,0000,1194,106,2024-12-29 22:25:23.997377
10111,0001,1194,106,2024-12-29 22:25:24.013378
41627,0000,1194,106,2024-12-29 22:25:24.029374
03397,0000,1194,106,2024-12-29 22:25:24.060912
00532,0000,1194,106,2024-12-29 22:25:24.077353
03958,0000,1194,106,2024-12-29 22:25:24.093359
03842,0000,1194,106,2024-12-29 22:25:24.109352
03810,0000,1194,106,2024-12-29 22:25:24.125346
46567,0000,1194,106,2024-12-29 22:25:24.141336
26359,0000,1194,106,2024-12-29 22:25:24.157342
35251,0000,1194,106,2024-12-29 22:25:24.173339
01368,0000,1194,106,2024-12-29 22:25:24.189350
05151,0000,1194,106,2024-12-29 22:25:24.205336
37861,0000,1194,106,2024-12-29 22:25:24.237313
28156,0000,1194,106,2024-12-29 22:25:24.253324
57613,0000,1194,106,2024-12-29 22:25:24.269320
16005,0000,1194,106,2024-12-29 22:25:24.285317
03669,0000,1194,106,2024-12-29 22:25:24.301310
04537,0000,1194,106,2024-12-29 22:25:24.317305
05246,0000,1194,106,2024-12-29 22:25:24.333304
14581,0000,1194,106,2024-12-29 22:25:24.349299
42435,0000,1194,106,2024-12-29 22:25:24.365303
23169,0000,1194,106,2024-12-29 22:25:24.396971
29900,0000,1194,106,2024-12-29 22:25:24.413292
01924,0000,1194,106,2024-12-29 22:25:24.429289
23014,0000,1194,106,2024-12-29 22:25:24.445287
06429,0000,1194,106,2024-12-29 22:25:24.461273
27563,0000,1194,106,2024-12-29 22:25:24.477278
03752,0000,1194,106,2024-12-29 22:25:24.493276
11822,0000,1194,106,2024-12-29 22:25:24.509270
25659,0000,1194,106,2024-12-29 22:25:24.525266
01851,0000,1194,106,2024-12-29 22:25:24.556578
05934,0000,1194,106,2024-12-29 22:25:24.573268
01271,0000,1194,106,2024-12-29 22:25:24.589256
04480,0000,1194,106,2024-12-29 22:25:24.605262
05386,0000,1194,106,2024-12-29 22:25:24.621251
05292,0000,1194,106,2024-12-29 22:25:24.637248
11668,0000,1194,106,2024-12-29 22:25:24.653240
21325,0000,1194,106,2024-12-29 22:25:24.669243
20887,0000,1194,106,2024-12-29 22:25:24.685238
59909,0000,1194,106,2024-12-29 22:25:24.701239
01247,0000,1194,106,2024-12-29 22:25:24.732972
06370,0000,1194,106,2024-12-29 22:25:24.749237
21763,0000,1194,106,2024-12-29 22:25:24.765229
10983,0000,1194,106,2024-12-29 22:25:24.781223
03046,0000,1194,106,2024-12-29 22:25:24.797218
24730,0000,1194,106,2024-12-29 22:25:24.813215
18565,0000,1194,106,2024-12-29 22:25:24.829226
03497,0000,1194,106,2024-12-29 22:25:24.845224
00401,0000,1194,106,2024-12-29 22:25:24.861202
02065,0000,1194,106,2024-12-29 22:25:24.892610
02986,0000,1195,106,2024-12-29 22:25:24.909204
31271,0000,1194,106,2024-12-29 22:25:24.925196
05487,0000,1194,106,2024-12-29 22:25:24.941202
05019,0000,1194,106,2024-12-29 22:25:24.957196
06842,0000,1194,106,2024-12-29 22:25:24.973192
20376,0000,1194,106,2024-12-29 22:25:24.989179
08947,0000,1194,106,2024-12-29 22:25:25.005176
03650,0000,1194,106,2024-12-29 22:25:25.021180
16334,0000,1195,106,2024-12-29 22:25:25.037164
06149,0000,1194,106,2024-12-29 22:25:25.069008
02317,0000,1194,106,2024-12-29 22:25:25.085167
48902,0000,1194,106,2024-12-29 22:25:25.101154
33179,0000,1194,106,2024-12-29 22:25:25.117159
19487,0001,1194,106,2024-12-29 22:25:25.133153
21758,0001,1194,106,2024-12-29 22:25:25.149148
02460,0000,1194,106,2024-12-29 22:25:25.165149
05171,0000,1194,106,2024-12-29 22:25:25.181148
02953,0000,1195,106,2024-12-29 22:25:25.197139
03105,0000,1194,106,2024-12-29 22:25:25.228646
04696,0000,1194,106,2024-12-29 22:25:25.245159
33857,0000,1195,106,2024-12-29 22:25:25.261125
05109,0000,1195,106,2024-12-29 22:25:25.277123
05452,0000,1195,106,2024-12-29 22:25:25.293123
00530,0000,1194,106,2024-12-29 22:25:25.309128
24541,0000,1195,106,2024-12-29 22:25:25.325112
19237,0000,1194,106,2024-12-29 22:25:25.341120
05458,0000,1195,106,2024-12-29 22:25:25.357119
02697,0000,1194,106,2024-12-29 22:25:25.373117
14713,0000,1194,106,2024-12-29 22:25:25.405025
05088,0000,1194,106,2024-12-29 22:25:25.421095
50743,0000,1194,106,2024-12-29 22:25:25.437087
03647,0000,1194,106,2024-12-29 22:25:25.453089
13723,0000,1195,106,2024-12-29 22:25:25.469080
03725,0000,1194,106,2024-12-29 22:25:25.485082
00390,0000,1194,106,2024-12-29 22:25:25.501076
34140,0000,1195,106,2024-12-29 22:25:25.517075
05377,0000,1194,106,2024-12-29 22:25:25.533076
06099,0000,1194,106,2024-12-29 22:25:25.564661
16583,0000,1194,106,2024-12-29 22:25:25.581066
02716,0000,1195,106,2024-12-29 22:25:25.597058
18575,0000,1194,106,2024-12-29 22:25:25.613058
01340,0000,1194,106,2024-12-29 22:25:25.629065
13092,0000,1194,106,2024-12-29 22:25:25.645063
00628,0000,1194,106,2024-12-29 22:25:25.661066
11615,0000,1194,106,2024-12-29 22:25:25.677068
33741,0000,1195,106,2024-12-29 22:25:25.693067
08177,0001,1194,106,2024-12-29 22:25:25.709074
24376,0000,1195,106,2024-12-29 22:25:25.741099
46676,0000,1195,106,2024-12-29 22:25:25.757082
03670,0000,1194,106,2024-12-29 22:25:25.773081
06042,0000,1195,106,2024-12-29 22:25:25.789090
03395,0000,1195,106,2024-12-29 22:25:25.805094
47380,0000,1194,106,2024-12-29 22:25:25.821022
29692,0000,1195,106,2024-12-29 22:25:25.837020
01310,0000,1195,106,2024-12-29 22:25:25.853014
03314,0000,1195,106,2024-12-29 22:25:25.869008
04697,0000,1194,106,2024-12-29 22:25:25.900710
24267,0000,1195,106,2024-12-29 22:25:25.916995
04696,0000,1195,106,2024-12-29 22:25:25.933000
01442,0000,1194,106,2024-12-29 22:25:25.948991
03802,0000,1194,106,2024-12-29 22:25:25.964993
04735,0000,1195,106,2024-12-29 22:25:25.980985
48971,0000,1195,106,2024-12-29 22:25:25.996990
04329,0000,1195,106,2024-12-29 22:25:26.012988
32140,0000,1195,106,2024-12-29 22:25:26.028974
04027,0000,1195,106,2024-12-29 22:25:26.060318
01431,0000,1195,106,2024-12-29 22:25:26.076969
00577,0000,1195,106,2024-12-29 22:25:26.092959
11981,0000,1195,106,2024-12-29 22:25:26.108965
03092,0000,1195,106,2024-12-29 22:25:26.124959
05316,0000,1195,106,2024-12-29 22:25:26.140959
22513,0000,1195,106,2024-12-29 22:25:26.156950
19952,0000,1195,106,2024-12-29 22:25:26.172947
03070,0000,1195,106,2024-12-29 22:25:26.188942
04705,0000,1195,106,2024-12-29 22:25:26.204958
01523,0000,1195,106,2024-12-29 22:25:26.236735
01346,0000,1195,106,2024-12-29 22:25:26.252943
27791,0000,1195,106,2024-12-29 22:25:26.268936
03398,0000,1195,106,2024-12-29 22:25:26.284926
46444,0000,1195,106,2024-12-29 22:25:26.300925
08374,0000,1195,106,2024-12-29 22:25:26.316918
01754,0000,1195,106,2024-12-29 22:25:26.332921
01345,0000,1195,106,2024-12-29 22:25:26.348916
02974,0000,1195,106,2024-12-29 22:25:26.364908
03876,0000,1195,106,2024-12-29 22:25:26.396368
59080,0000,1195,106,2024-12-29 22:25:26.412914
03888,0000,1195,106,2024-12-29 22:25:26.428902
01224,0000,1195,106,2024-12-29 22:25:26.444901
01520,0000,1195,106,2024-12-29 22:25:26.460893
16180,0000,1195,106,2024-12-29 22:25:26.476897
24933,0000,1195,106,2024-12-29 22:25:26.492887
05377,0000,1195,106,2024-12-29 22:25:26.508885
01356,0000,1195,106,2024-12-29 22:25:26.524884
06294,0001,1195,106,2024-12-29 22:25:26.540873
28365,0000,1195,106,2024-12-29 22:25:26.572740
23974,0000,1195,106,2024-12-29 22:25:26.588867
14306,0000,1195,106,2024-12-29 22:25:26.604859
07649,0000,1194,106,2024-12-29 22:25:26.620866
04993,0000,1195,106,2024-12-29 22:25:26.636857
02305,0000,1195,106,2024-12-29 22:25:26.652860
02217,0000,1195,106,2024-12-29 22:25:26.668850
01551,0000,1195,106,2024-12-29 22:25:26.684858
01371,0000,1195,106,2024-12-29 22:25:26.700841
04422,0000,1195,106,2024-12-29 22:25:26.732364
59442,0000,1195,106,2024-12-29 22:25:26.748849
05594,0000,1195,106,2024-12-29 22:25:26.764832
05449,0000,1195,106,2024-12-29 22:25:26.780831
04527,0000,1195,106,2024-12-29 22:25:26.796837
15313,0000,1195,106,2024-12-29 22:25:26.812818
06109,0000,1195,106,2024-12-29 22:25:26.828821
23364,0000,1194,106,2024-12-29 22:25:26.844811
07802,0000,1195,106,2024-12-29 22:25:26.860818
05399,0000,1195,106,2024-12-29 22:25:26.876810
02790,0000,1195,106,2024-12-29 22:25:26.908772
31340,0000,1195,106,2024-12-29 22:25:26.924809
05176,0000,1195,106,2024-12-29 22:25:26.940795
05282,0000,1195,106,2024-12-29 22:25:26.956797
14535,0000,1195,106,2024-12-29 22:25:26.972790
02966,0000,1195,106,2024-12-29 22:25:26.988801
31452,0000,1195,106,2024-12-29 22:25:27.004784
03909,0000,1195,106,2024-12-29 22:25:27.020791
00346,0000,1195,106,2024-12-29 22:25:27.036780
17571,0000,1195,106,2024-12-29 22:25:27.068403
16365,0000,1194,106,2024-12-29 22:25:27.084762
02301,0000,1195,106,2024-12-29 22:25:27.100764
45766,0000,1195,106,2024-12-29 22:25:27.116766
24030,0000,1195,106,2024-12-29 22:25:27.132761
09587,0000,1195,106,2024-12-29 22:25:27.148753
24696,0000,1195,106,2024-12-29 22:25:27.164757
01475,0000,1195,106,2024-12-29 22:25:27.180757
54038,0000,1195,106,2024-12-29 22:25:27.196769
05281,0000,1195,106,2024-12-29 22:25:27.212748
02304,0000,1195,106,2024-12-29 22:25:27.244746
15354,0000,1195,106,2024-12-29 22:25:27.260741
05019,0000,1195,106,2024-12-29 22:25:27.276736
04150,0000,1195,106,2024-12-29 22:25:27.292729
01380,0000,1195,106,2024-12-29 22:25:27.308733
00708,0000,1195,106,2024-12-29 22:25:27.324732
18908,0000,1195,106,2024-12-29 22:25:27.340721
00679,0000,1195,106,2024-12-29 22:25:27.356727
01952,0000,1195,106,2024-12-29 22:25:27.372715
36159,0000,1195,106,2024-12-29 22:25:27.404444
40124,0000,1195,106,2024-12-29 22:25:27.420701
25732,0000,1195,106,2024-12-29 22:25:27.436704
03052,0000,1195,106,2024-12-29 22:25:27.452695
23211,0000,1195,106,2024-12-29 22:25:27.468703
03840,0000,1195,106,2024-12-29 22:25:27.484705
34686,0000,1195,106,2024-12-29 22:25:27.500711
01533,0000,1195,106,2024-12-29 22:25:27.516700
27842,0000,1195,106,2024-12-29 22:25:27.532690
08540,0000,1195,106,2024-12-29 22:25:27.564068
29189,0000,1195,106,2024-12-29 22:25:27.580685
11857,0000,1195,106,2024-12-29 22:25:27.596668
04366,0000,1195,106,2024-12-29 22:25:27.612679
00733,0000,1195,106,2024-12-29 22:25:27.628676
05365,0000,1195,106,2024-12-29 22:25:27.644672
00545,0000,1195,106,2024-12-29 22:25:27.660667
24258,0000,1195,106,2024-12-29 22:25:27.676662
03542,0000,1195,106,2024-12-29 22:25:27.692659
56618,0000,1195,106,2024-12-29 22:25:27.708661
52346,0000,1195,106,2024-12-29 22:25:27.740456
06827,0000,1195,106,2024-12-29 22:25:27.756642
03343,0000,1195,106,2024-12-29 22:25:27.772634
04706,0000,1195,106,2024-12-29 22:25:27.788631
02587,0000,1195,106,2024-12-29 22:25:27.804631
19119,0000,1195,106,2024-12-29 22:25:27.820626
06680,0000,1195,106,2024-12-29 22:25:27.836623
04489,0000,1195,106,2024-12-29 22:25:27.852619
07327,0000,1195,106,2024-12-29 22:25:27.868623
22663,0000,1195,106,2024-12-29 22:25:27.900111
14792,0000,1195,106,2024-12-29 22:25:27.916603
04281,0000,1195,106,2024-12-29 22:25:27.932600
36038,0000,1195,106,2024-12-29 22:25:27.948602
03023,0000,1195,106,2024-12-29 22:25:27.964610
05460,0000,1195,106,2024-12-29 22:25:27.980600
21017,0001,1195,106,2024-12-29 22:25:27.996590
05420,0000,1195,106,2024-12-29 22:25:28.012590
02022,0000,1195,106,2024-12-29 22:25:28.028586
27001,0000,1195,106,2024-12-29 22:25:28.044585
16915,0000,1195,106,2024-12-29 22:25:28.076492
14596,0000,1195,106,2024-12-29 22:25:28.092587
13342,0000,1195,106,2024-12-29 22:25:28.108566
26199,0000,1195,106,2024-12-29 22:25:28.124567
22620,0000,1195,106,2024-12-29 22:25:28.140573
21996,0001,1196,106,2024-12-29 22:25:28.156560
06946,0000,1195,106,2024-12-29 22:25:28.172560
01314,0000,1195,106,2024-12-29 22:25:28.188551
01494,0001,1195,106,2024-12-29 22:25:28.204550
23388,0000,1195,106,2024-12-29 22:25:28.236122
34579,0000,1195,106,2024-12-29 22:25:28.252554
08290,0000,1195,106,2024-12-29 22:25:28.268543
04121,0000,1195,106,2024-12-29 22:25:28.284549
02120,0000,1195,106,2024-12-29 22:25:28.300546
04539,0000,1195,106,2024-12-29 22:25:28.316531
27031,0000,1195,106,2024-12-29 22:25:28.332522
27330,0000,1195,106,2024-12-29 22:25:28.348520
15639,0000,1195,106,2024-12-29 22:25:28.364531
26974,0001,1195,106,2024-12-29 22:25:28.380534
02956,0000,1195,106,2024-12-29 22:25:28.412511
14908,0000,1195,106,2024-12-29 22:25:28.428509
34726,0000,1195,106,2024-12-29 22:25:28.444516
01969,0000,1195,106,2024-12-29 22:25:28.460503
28895,0000,1195,106,2024-12-29 22:25:28.476512
04589,0000,1195,106,2024-12-29 22:25:28.492509
03596,0000,1195,106,2024-12-29 22:25:28.508492
17364,0000,1195,106,2024-12-29 22:25:28.524497
03298,0000,1195,106,2024-12-29 22:25:28.540487
03888,0001,1195,106,2024-12-29 22:25:28.572144
48983,0000,1196,106,2024-12-29 22:25:28.588483
55801,0000,1195,106,2024-12-29 22:25:28.604480
25889,0000,1196,106,2024-12-29 22:25:28.620469
02230,0000,1196,106,2024-12-29 22:25:28.636464
33202,0000,1195,106,2024-12-29 22:25:28.652468
02863,0001,1195,106,2024-12-29 22:25:28.668463
00627,0000,1196,106,2024-12-29 22:25:28.684461
02189,0000,1196,106,2024-12-29 22:25:28.700452
28291,0000,1195,106,2024-12-29 22:25:28.731798
06146,0000,1195,106,2024-12-29 22:25:28.748458
14642,0000,1195,106,2024-12-29 22:25:28.764450
02767,0000,1195,106,2024-12-29 22:25:28.780458
15214,0000,1196,106,2024-12-29 22:25:28.796459
40825,0000,1195,106,2024-12-29 22:25:28.812457
01102,0000,1195,106,2024-12-29 22:25:28.828459
21760,0000,1195,106,2024-12-29 22:25:28.844465
27081,0000,1195,106,2024-12-29 22:25:28.860465
01456,0000,1195,106,2024-12-29 22:25:28.876472
00732,0000,1195,106,2024-12-29 22:25:28.908205
60150,0000,1195,106,2024-12-29 22:25:28.924478
25621,0000,1196,106,2024-12-29 22:25:28.940479
54120,0001,1195,106,2024-12-29 22:25:28.956402
12822,0000,1196,106,2024-12-29 22:25:28.972405
20200,0000,1195,106,2024-12-29 22:25:28.988399
03663,0000,1195,106,2024-12-29 22:25:29.004397
02323,0000,1195,106,2024-12-29 22:25:29.020390
20041,0000,1196,106,2024-12-29 22:25:29.036394
22877,0000,1195,106,2024-12-29 22:25:29.067824
08864,0000,1196,106,2024-12-29 22:25:29.084380
19779,0000,1195,106,2024-12-29 22:25:29.100381
14337,0001,1196,106,2024-12-29 22:25:29.116376
30588,0000,1195,106,2024-12-29 22:25:29.132375
16858,0000,1195,106,2024-12-29 22:25:29.148375
15258,0000,1195,106,2024-12-29 22:25:29.164360
02937,0000,1195,106,2024-12-29 22:25:29.180364
00567,0000,1196,106,2024-12-29 22:25:29.196357
08743,0000,1196,106,2024-12-29 22:25:29.212356
02266,0000,1195,106,2024-12-29 22:25:29.244216
36258,0000,1196,106,2024-12-29 22:25:29.260345
30698,0000,1196,106,2024-12-29 22:25:29.276354
01807,0000,1196,106,2024-12-29 22:25:29.292341
03907,0000,1195,106,2024-12-29 22:25:29.308346
04249,0000,1196,106,2024-12-29 22:25:29.324331
08285,0000,1195,106,2024-12-29 22:25:29.340333
02948,0000,1196,106,2024-12-29 22:25:29.356330
00631,0000,1196,106,2024-12-29 22:25:29.372334
37846,0000,1195,106,2024-12-29 22:25:29.403847
01258,0000,1196,106,2024-12-29 22:25:29.420315
01698,0000,1196,106,2024-12-29 22:25:29.436325
00986,0000,1196,106,2024-12-29 22:25:29.452317
13332,0000,1195,106,2024-12-29 22:25:29.468306
06668,0000,1195,106,2024-12-29 22:25:29.484305
03726,0000,1195,106,2024-12-29 22:25:29.500301
05047,0000,1195,106,2024-12-29 22:25:29.516300
12280,0000,1195,106,2024-12-29 22:25:29.532305
19263,0000,1196,106,2024-12-29 22:25:29.548302
18560,0000,1195,106,2024-12-29 22:25:29.580233
04060,0000,1196,106,2024-12-29 22:25:29.596279
33657,0000,1196,106,2024-12-29 22:25:29.612282
31596,0000,1195,106,2024-12-29 22:25:29.628275
03804,0000,1195,106,2024-12-29 22:25:29.644272
04410,0000,1196,106,2024-12-29 22:25:29.660273
11156,0000,1195,106,2024-12-29 22:25:29.676261
19155,0000,1196,106,2024-12-29 22:25:29.692263
24646,0001,1196,106,2024-12-29 22:25:29.708256
12096,0000,1196,106,2024-12-29 22:25:29.739865
02045,0000,1196,106,2024-12-29 22:25:29.756253
63242,0001,1196,106,2024-12-29 22:25:29.772247
27027,0000,1195,106,2024-12-29 22:25:29.788243
00949,0000,1196,106,2024-12-29 22:25:29.804237
02625,0000,1196,106,2024-12-29 22:25:29.820241
01901,0000,1196,106,2024-12-29 22:25:29.836235
03108,0000,1196,106,2024-12-29 22:25:29.852238
01373,0000,1196,106,2024-12-29 22:25:29.868224
03585,0000,1196,106,2024-12-29 22:25:29.884231
01995,0000,1196,106,2024-12-29 22:25:29.916224
12346,0000,1196,106,2024-12-29 22:25:29.932232
26431,0000,1195,106,2024-12-29 22:25:29.948220
02946,0000,1196,106,2024-12-29 22:25:29.964212
54065,0000,1196,106,2024-12-29 22:25:29.980207
01486,0000,1196,106,2024-12-29 22:25:29.996213
04261,0000,1196,106,2024-12-29 22:25:30.012202
28457,0000,1196,106,2024-12-29 22:25:30.028204
60851,0000,1196,106,2024-12-29 22:25:30.044195
02156,0000,1196,106,2024-12-29 22:25:30.075884
04341,0000,1196,106,2024-12-29 22:25:30.092179
41677,0000,1196,106,2024-12-29 22:25:30.108180
03542,0000,1196,106,2024-12-29 22:25:30.124186
20175,0000,1196,106,2024-12-29 22:25:30.140182
03107,0000,1195,106,2024-12-29 22:25:30.156170
03423,0000,1196,106,2024-12-29 22:25:30.172173
03952,0000,1196,106,2024-12-29 22:25:30.188164
04573,0000,1196,106,2024-12-29 22:25:30.204171
02797,0000,1196,106,2024-12-29 22:25:30.235525
08870,0000,1196,106,2024-12-29 22:25:30.252171
02150,0000,1196,106,2024-12-29 22:25:30.268154
09357,0000,1196,106,2024-12-29 22:25:30.284142
15220,0000,1196,106,2024-12-29 22:25:30.300146
00494,0001,1196,106,2024-12-29 22:25:30.316146
41633,0000,1196,106,2024-12-29 22:25:30.332140
17872,0000,1196,106,2024-12-29 22:25:30.348141
20710,0000,1196,106,2024-12-29 22:25:30.364129
13010,0000,1196,106,2024-12-29 22:25:30.380132
30768,0000,1196,106,2024-12-29 22:25:30.411913
28445,0000,1195,106,2024-12-29 22:25:30.428120
23769,0000,1196,106,2024-12-29 22:25:30.444119
00399,0000,1196,106,2024-12-29 22:25:30.460109
04053,0000,1196,106,2024-12-29 22:25:30.476110
37623,0000,1196,106,2024-12-29 22:25:30.492102
01448,0000,1196,106,2024-12-29 22:25:30.508102
00911,0000,1196,106,2024-12-29 22:25:30.524095
15375,0000,1196,106,2024-12-29 22:25:30.540099
29996,0000,1197,106,2024-12-29 22:25:30.571567
39183,0000,1196,106,2024-12-29 22:25:30.588085
04527,0000,1196,106,2024-12-29 22:25:30.604076
27626,0000,1196,106,2024-12-29 22:25:30.620074
03690,0000,1196,106,2024-12-29 22:25:30.636071
04320,0000,1196,106,2024-12-29 22:25:30.652075
05258,0000,1195,106,2024-12-29 22:25:30.668066
04407,0000,1196,106,2024-12-29 22:25:30.684071
25056,0000,1196,106,2024-12-29 22:25:30.700066
01208,0001,1196,106,2024-12-29 22:25:30.716069
11464,0000,1196,106,2024-12-29 22:25:30.747952
13132,0000,1196,106,2024-12-29 22:25:30.764055
04096,0000,1196,106,2024-12-29 22:25:30.780050
17881,0000,1196,106,2024-12-29 22:25:30.796043
01352,0000,1196,106,2024-12-29 22:25:30.812044
00370,0001,1196,106,2024-12-29 22:25:30.828046
03492,0000,1196,106,2024-12-29 22:25:30.844033
33253,0000,1196,106,2024-12-29 22:25:30.860032
13890,0000,1196,106,2024-12-29 22:25:30.876029
21724,0000,1196,106,2024-12-29 22:25:30.907580
21300,0000,1196,106,2024-12-29 22:25:30.924015
02226,0000,1196,106,2024-12-29 22:25:30.940013
03140,0000,1196,106,2024-12-29 22:25:30.956013
04373,0001,1196,106,2024-12-29 22:25:30.972010
14530,0000,1196,106,2024-12-29 22:25:30.988009
25240,0000,1196,106,2024-12-29 22:25:31.004002
01408,0000,1196,106,2024-12-29 22:25:31.020005
17070,0000,1196,106,2024-12-29 22:25:31.035995
03806,0000,1196,106,2024-12-29 22:25:31.051998
00934,0000,1196,106,2024-12-29 22:25:31.083973
18505,0000,1196,106,2024-12-29 22:25:31.099995
03019,0000,1196,106,2024-12-29 22:25:31.115976
14507,0000,1196,106,2024-12-29 22:25:31.131983
10220,0000,1196,106,2024-12-29 22:25:31.147969
02840,0000,1196,106,2024-12-29 22:25:31.163977
02231,0000,1196,106,2024-12-29 22:25:31.179967
09431,0000,1196,106,2024-12-29 22:25:31.195973
44064,0000,1196,106,2024-12-29 22:25:31.211966
00684,0000,1196,106,2024-12-29 22:25:31.243609
19405,0000,1196,106,2024-12-29 22:25:31.259969
03093,0000,1196,106,2024-12-29 22:25:31.275951
33882,0000,1196,106,2024-12-29 22:25:31.291953
15571,0000,1196,106,2024-12-29 22:25:31.307952
04785,0000,1196,106,2024-12-29 22:25:31.323939
28532,0000,1196,106,2024-12-29 22:25:31.339938
20739,0000,1196,106,2024-12-29 22:25:31.355928
26581,0000,1196,106,2024-12-29 22:25:31.371933
00403,0000,1196,106,2024-12-29 22:25:31.403240
51697,0000,1196,106,2024-12-29 22:25:31.419916
23797,0000,1196,106,2024-12-29 22:25:31.435915
03705,0000,1196,106,2024-12-29 22:25:31.451908
20953,0000,1196,106,2024-12-29 22:25:31.467912
26177,0000,1196,106,2024-12-29 22:25:31.483910
12297,0000,1196,106,2024-12-29 22:25:31.499916
04065,0000,1196,106,2024-12-29 22:25:31.515903
01306,0000,1196,106,2024-12-29 22:25:31.531902
03797,0000,1196,106,2024-12-29 22:25:31.547898
01462,0000,1196,106,2024-12-29 22:25:31.579632
03126,0000,1196,106,2024-12-29 22:25:31.595888
32854,0000,1196,106,2024-12-29 22:25:31.611888
25893,0001,1196,106,2024-12-29 22:25:31.627889
17190,0000,1196,106,2024-12-29 22:25:31.643879
04550,0000,1196,106,2024-12-29 22:25:31.659882
28726,0000,1196,106,2024-12-29 22:25:31.675869
63411,0000,1196,106,2024-12-29 22:25:31.691872
12191,0000,1196,106,2024-12-29 22:25:31.707864
02443,0000,1196,106,2024-12-29 22:25:31.739264
51677,0000,1196,106,2024-12-29 22:25:31.755862
03223,0000,1196,106,2024-12-29 22:25:31.771858
28803,0000,1196,106,2024-12-29 22:25:31.787845
03013,0000,1196,106,2024-12-29 22:25:31.803851
02966,0000,1196,106,2024-12-29 22:25:31.819838
18687,0000,1196,106,2024-12-29 22:25:31.835839
01263,0000,1196,106,2024-12-29 22:25:31.851831
27279,0000,1196,106,2024-12-29 22:25:31.868033
00520,0000,1196,106,2024-12-29 22:25:31.883846
09770,0000,1196,106,2024-12-29 22:25:31.915686
05479,0000,1196,106,2024-12-29 22:25:31.931844
04949,0000,1196,106,2024-12-29 22:25:31.947842
33904,0000,1196,106,2024-12-29 22:25:31.963846
37598,0000,1196,106,2024-12-29 22:25:31.979850
10582,0000,1196,106,2024-12-29 22:25:31.995856
04387,0000,1196,106,2024-12-29 22:25:32.011857
14617,0000,1197,106,2024-12-29 22:25:32.027851
36247,0000,1196,106,2024-12-29 22:25:32.043854
40906,0001,1196,106,2024-12-29 22:25:32.075337
17967,0000,1196,106,2024-12-29 22:25:32.091789
00687,0000,1197,106,2024-12-29 22:25:32.107797
00128,0000,1196,106,2024-12-29 22:25:32.123787
27132,0000,1196,106,2024-12-29 22:25:32.139789
56482,0000,1196,106,2024-12-29 22:25:32.155794
17689,0000,1196,106,2024-12-29 22:25:32.171776
10909,0001,1196,106,2024-12-29 22:25:32.187772
33894,0001,1196,106,2024-12-29 22:25:32.203782
04837,0000,1196,106,2024-12-29 22:25:32.219766
00081,0000,1196,106,2024-12-29 22:25:32.251687
01783,0000,1196,106,2024-12-29 22:25:32.267765
60228,0000,1196,106,2024-12-29 22:25:32.283765
05086,0000,1196,106,2024-12-29 22:25:32.299760
29851,0000,1197,106,2024-12-29 22:25:32.315759
48767,0000,1196,106,2024-12-29 22:25:32.331743
04022,0000,1196,106,2024-12-29 22:25:32.347745
05240,0000,1197,106,2024-12-29 22:25:32.363734
28761,0000,1197,106,2024-12-29 22:25:32.379738
05249,0000,1197,106,2024-12-29 22:25:32.411306
24880,0000,1196,106,2024-12-29 22:25:32.427725
01296,0000,1196,106,2024-12-29 22:25:32.443722
50702,0000,1197,106,2024-12-29 22:25:32.459716
01236,0000,1196,106,2024-12-29 22:25:32.475723
07849,0000,1196,106,2024-12-29 22:25:32.491727
01406,0000,1196,106,2024-12-29 22:25:32.507704
03702,0000,1196,106,2024-12-29 22:25:32.523718
35418,0000,1196,106,2024-12-29 22:25:32.539704
04286,0000,1196,106,2024-12-29 22:25:32.555704
01266,0000,1197,106,2024-12-29 22:25:32.587698
02321,0000,1196,106,2024-12-29 22:25:32.603691
03111,0000,1197,106,2024-12-29 22:25:32.619698
04381,0000,1196,106,2024-12-29 22:25:32.635683
12809,0000,1197,106,2024-12-29 22:25:32.651685
02163,0000,1197,106,2024-12-29 22:25:32.667692
04687,0001,1197,106,2024-12-29 22:25:32.683676
11743,0000,1196,106,2024-12-29 22:25:32.699679
25588,0000,1196,106,2024-12-29 22:25:32.715675
03567,0000,1196,106,2024-12-29 22:25:32.747338
02218,0000,1197,106,2024-12-29 22:25:32.763664
27095,0000,1197,106,2024-12-29 22:25:32.779657
01352,0000,1197,106,2024-12-29 22:25:32.795658
10893,0000,1196,106,2024-12-29 22:25:32.811647
08059,0000,1197,106,2024-12-29 22:25:32.827651
04507,0000,1196,106,2024-12-29 22:25:32.843639
20310,0000,1197,106,2024-12-29 22:25:32.859644
10285,0000,1197,106,2024-12-29 22:25:32.875642
01364,0000,1197,106,2024-12-29 22:25:32.906965
44003,0000,1196,106,2024-12-29 22:25:32.923626
05172,0000,1196,106,2024-12-29 22:25:32.939630
02459,0000,1197,106,2024-12-29 22:25:32.955618
03717,0000,1196,106,2024-12-29 22:25:32.971617
26524,0000,1197,106,2024-12-29 22:25:32.987612
07896,0000,1197,106,2024-12-29 22:25:33.003617
54231,0000,1197,106,2024-12-29 22:25:33.019612
41673,0000,1197,106,2024-12-29 22:25:33.035614
10476,0000,1197,106,2024-12-29 22:25:33.051615
41635,0000,1197,106,2024-12-29 22:25:33.083368
48153,0000,1197,106,2024-12-29 22:25:33.099597
48927,0000,1197,106,2024-12-29 22:25:33.115591
47499,0001,1197,106,2024-12-29 22:25:33.131590
01815,0000,1197,106,2024-12-29 22:25:33.147582
01073,0001,1197,106,2024-12-29 22:25:33.163588
31382,0000,1197,106,2024-12-29 22:25:33.179589
04292,0000,1197,106,2024-12-29 22:25:33.195570
01318,0000,1197,106,2024-12-29 22:25:33.211586
15645,0000,1197,106,2024-12-29 22:25:33.242999
30805,0000,1197,106,2024-12-29 22:25:33.259563
47516,0000,1197,106,2024-12-29 22:25:33.275559
28553,0000,1197,106,2024-12-29 22:25:33.291553
03820,0000,1196,106,2024-12-29 22:25:33.307562
12434,0000,1197,106,2024-12-29 22:25:33.323546
40089,0000,1197,106,2024-12-29 22:25:33.339554
23217,0000,1197,106,2024-12-29 22:25:33.355545
00467,0000,1196,106,2024-12-29 22:25:33.371546
02363,0000,1197,106,2024-12-29 22:25:33.387534
41845,0000,1197,106,2024-12-29 22:25:33.419388
03464,0000,1196,106,2024-12-29 22:25:33.435534
01039,0000,1197,106,2024-12-29 22:25:33.451536
05950,0000,1197,106,2024-12-29 22:25:33.467514
02247,0000,1197,106,2024-12-29 22:25:33.483526
03018,0000,1197,106,2024-12-29 22:25:33.499520
12165,0001,1196,106,2024-12-29 22:25:33.515532
02634,0000,1197,106,2024-12-29 22:25:33.531522
01857,0000,1197,106,2024-12-29 22:25:33.547517
25214,0000,1197,106,2024-12-29 22:25:33.579028
13607,0000,1197,106,2024-12-29 22:25:33.595497
40124,0000,1197,106,2024-12-29 22:25:33.611497
25682,0000,1197,106,2024-12-29 22:25:33.627496
49186,0000,1197,106,2024-12-29 22:25:33.643496
01430,0000,1197,106,2024-12-29 22:25:33.659486
05197,0000,1197,106,2024-12-29 22:25:33.675483
01708,0000,1197,106,2024-12-29 22:25:33.691488
04032,0000,1197,106,2024-12-29 22:25:33.707477
23201,0000,1197,106,2024-12-29 22:25:33.723480
07091,0000,1197,106,2024-12-29 22:25:33.755414
41648,0000,1197,106,2024-12-29 22:25:33.771465
64994,0000,1197,106,2024-12-29 22:25:33.787466
04334,0000,1197,106,2024-12-29 22:25:33.803455
10640,0000,1197,106,2024-12-29 22:25:33.819459
04469,0000,1197,106,2024-12-29 22:25:33.835455
03637,0000,1197,106,2024-12-29 22:25:33.851440
11595,0000,1197,106,2024-12-29 22:25:33.867443
13766,0000,1197,106,2024-12-29 22:25:33.883435
05383,0000,1197,106,2024-12-29 22:25:33.915043
00402,0000,1197,106,2024-12-29 22:25:33.931427
04305,0000,1197,106,2024-12-29 22:25:33.947436
16460,0000,1197,106,2024-12-29 22:25:33.963430
30593,0000,1197,106,2024-12-29 22:25:33.979418
22258,0000,1197,106,2024-12-29 22:25:33.995420
28460,0000,1197,106,2024-12-29 22:25:34.011411
19042,0000,1197,106,2024-12-29 22:25:34.027416
04834,0000,1197,106,2024-12-29 22:25:34.043413
33883,0000,1197,106,2024-12-29 22:25:34.059411
57542,0000,1197,106,2024-12-29 22:25:34.091405
03026,0000,1197,106,2024-12-29 22:25:34.107403
23282,0000,1197,106,2024-12-29 22:25:34.123400
17780,0000,1197,106,2024-12-29 22:25:34.139391
27362,0000,1197,106,2024-12-29 22:25:34.155395
02214,0000,1197,106,2024-12-29 22:25:34.171389
28426,0001,1197,106,2024-12-29 22:25:34.187372
06369,0000,1197,106,2024-12-29 22:25:34.203392
17824,0000,1197,106,2024-12-29 22:25:34.219383
00691,0000,1196,106,2024-12-29 22:25:34.251091
01332,0000,1197,106,2024-12-29 22:25:34.267381
05356,0000,1197,106,2024-12-29 22:25:34.283362
30230,0000,1197,106,2024-12-29 22:25:34.299365
01615,0001,1197,106,2024-12-29 22:25:34.315354
24194,0000,1197,106,2024-12-29 22:25:34.331363
62731,0000,1197,106,2024-12-29 22:25:34.347355
06793,0000,1197,106,2024-12-29 22:25:34.363360
01082,0000,1197,106,2024-12-29 22:25:34.379346
06762,0000,1197,106,2024-12-29 22:25:34.410705
17745,0000,1197,106,2024-12-29 22:25:34.427337
02682,0000,1197,106,2024-12-29 22:25:34.443332
01011,0000,1197,106,2024-12-29 22:25:34.459323
04485,0000,1197,106,2024-12-29 22:25:34.475328
33188,0000,1197,106,2024-12-29 22:25:34.491317
23312,0000,1197,106,2024-12-29 22:25:34.507319
02324,0000,1197,106,2024-12-29 22:25:34.523320
06102,0000,1197,106,2024-12-29 22:25:34.539311
56751,0000,1197,106,2024-12-29 22:25:34.555311
02249,0000,1197,106,2024-12-29 22:25:34.587111
04806,0001,1197,106,2024-12-29 22:25:34.603308
02141,0000,1197,106,2024-12-29 22:25:34.619313
20909,0000,1197,106,2024-12-29 22:25:34.635304
00985,0000,1197,106,2024-12-29 22:25:34.651286
26807,0000,1197,106,2024-12-29 22:25:34.667291
03464,0000,1197,106,2024-12-29 22:25:34.683282
04186,0000,1197,106,2024-12-29 22:25:34.699281
03063,0000,1197,106,2024-12-29 22:25:34.715274
09181,0000,1197,106,2024-12-29 22:25:34.746749
44889,0000,1197,106,2024-12-29 22:25:34.763286
06042,0000,1197,106,2024-12-29 22:25:34.779266
03773,0000,1197,106,2024-12-29 22:25:34.795266
50493,0000,1197,106,2024-12-29 22:25:34.811263
39071,0000,1197,106,2024-12-29 22:25:34.827263
27293,0000,1197,106,2024-12-29 22:25:34.843267
25571,0000,1197,106,2024-12-29 22:25:34.859255
24150,0000,1197,106,2024-12-29 22:25:34.875250
22213,0000,1197,106,2024-12-29 22:25:34.891252
23748,0000,1197,106,2024-12-29 22:25:34.923131
13005,0000,1197,106,2024-12-29 22:25:34.939236
26319,0000,1197,106,2024-12-29 22:25:34.955236
12459,0000,1197,106,2024-12-29 22:25:34.971229
10655,0000,1197,106,2024-12-29 22:25:34.987225
03241,0001,1197,106,2024-12-29 22:25:35.003231
20968,0000,1197,106,2024-12-29 22:25:35.019228
01282,0000,1197,106,2024-12-29 22:25:35.035233
10603,0000,1198,106,2024-12-29 22:25:35.051230
21710,0000,1197,106,2024-12-29 22:25:35.082782
03581,0000,1197,106,2024-12-29 22:25:35.099235
27732,0000,1197,106,2024-12-29 22:25:35.115236
24404,0000,1197,106,2024-12-29 22:25:35.131241
03739,0000,1197,106,2024-12-29 22:25:35.147245
11061,0000,1197,106,2024-12-29 22:25:35.163242
00786,0000,1197,106,2024-12-29 22:25:35.179247
26479,0000,1197,106,2024-12-29 22:25:35.195253
04404,0000,1197,106,2024-12-29 22:25:35.211184
24083,0000,1197,106,2024-12-29 22:25:35.227183
35432,0000,1197,106,2024-12-29 22:25:35.259161
13783,0000,1197,106,2024-12-29 22:25:35.275168
02240,0000,1197,106,2024-12-29 22:25:35.291167
02704,0000,1197,106,2024-12-29 22:25:35.307156
27273,0000,1197,106,2024-12-29 22:25:35.323163
36861,0000,1197,106,2024-12-29 22:25:35.339153
33923,0000,1197,106,2024-12-29 22:25:35.355155
03684,0000,1197,106,2024-12-29 22:25:35.371152
25205,0000,1197,106,2024-12-29 22:25:35.387149
04229,0000,1197,106,2024-12-29 22:25:35.418814
54215,0000,1197,106,2024-12-29 22:25:35.435146
03069,0000,1197,106,2024-12-29 22:25:35.451129
02207,0000,1197,106,2024-12-29 22:25:35.467133
30016,0000,1197,106,2024-12-29 22:25:35.483132
01534,0000,1198,106,2024-12-29 22:25:35.499125
43208,0001,1197,106,2024-12-29 22:25:35.515126
00654,0000,1197,106,2024-12-29 22:25:35.531124
03710,0000,1197,106,2024-12-29 22:25:35.547122
04276,0000,1197,106,2024-12-29 22:25:35.578424
01968,0000,1197,106,2024-12-29 22:25:35.595118
00506,0000,1197,106,2024-12-29 22:25:35.611114
49979,0000,1198,106,2024-12-29 22:25:35.627110
03259,0000,1197,106,2024-12-29 22:25:35.643103
23117,0000,1197,106,2024-12-29 22:25:35.659098
39211,0000,1197,106,2024-12-29 22:25:35.675107
04664,0000,1197,106,2024-12-29 22:25:35.691101
24606,0000,1197,106,2024-12-29 22:25:35.707094
02996,0000,1197,106,2024-12-29 22:25:35.723094
00429,0000,1197,106,2024-12-29 22:25:35.754833
04589,0000,1197,106,2024-12-29 22:25:35.771085
21602,0000,1197,106,2024-12-29 22:25:35.787086
09782,0000,1197,106,2024-12-29 22:25:35.803076
01379,0000,1197,106,2024-12-29 22:25:35.819068
18135,0000,1197,106,2024-12-29 22:25:35.835062
05351,0000,1197,106,2024-12-29 22:25:35.851063
06162,0000,1197,106,2024-12-29 22:25:35.867053
66898,0001,1197,106,2024-12-29 22:25:35.883049
20609,0000,1197,106,2024-12-29 22:25:35.914476
36897,0000,1197,106,2024-12-29 22:25:35.931044
02307,0000,1197,106,2024-12-29 22:25:35.947056
16812,0000,1197,106,2024-12-29 22:25:35.963041
59139,0000,1197,106,2024-12-29 22:25:35.979042
39447,0000,1197,106,2024-12-29 22:25:35.995034
02095,0000,1197,106,2024-12-29 22:25:36.011027
27166,0001,1197,106,2024-12-29 22:25:36.027024
00743,0000,1197,106,2024-12-29 22:25:36.043025
06980,0000,1197,106,2024-12-29 22:25:36.059027
17757,0000,1197,106,2024-12-29 22:25:36.090877
45349,0000,1197,106,2024-12-29 22:25:36.107008
08114,0000,1197,106,2024-12-29 22:25:36.123010
36248,0000,1197,106,2024-12-29 22:25:36.138997
02100,0000,1197,106,2024-12-29 22:25:36.154998
05400,0000,1198,106,2024-12-29 22:25:36.171002
00728,0000,1197,106,2024-12-29 22:25:36.187005
34409,0000,1198,106,2024-12-29 22:25:36.202999
25654,0000,1197,106,2024-12-29 22:25:36.218990
27131,0000,1197,106,2024-12-29 22:25:36.250509
25657,0000,1197,106,2024-12-29 22:25:36.266986
28392,0000,1197,106,2024-12-29 22:25:36.282981
02178,0000,1197,106,2024-12-29 22:25:36.298988
04425,0000,1198,106,2024-12-29 22:25:36.314978
01264,0001,1197,106,2024-12-29 22:25:36.330975
13953,0000,1198,106,2024-12-29 22:25:36.346963
04237,0000,1198,106,2024-12-29 22:25:36.362972
01188,0000,1197,106,2024-12-29 22:25:36.378954
04680,0001,1198,106,2024-12-29 22:25:36.394952
01368,0000,1197,106,2024-12-29 22:25:36.426900
10914,0001,1197,106,2024-12-29 22:25:36.442947
01230,0000,1198,106,2024-12-29 22:25:36.458941
07672,0000,1197,106,2024-12-29 22:25:36.474937
19617,0000,1198,106,2024-12-29 22:25:36.490935
09314,0001,1197,106,2024-12-29 22:25:36.506930
02354,0000,1197,106,2024-12-29 22:25:36.522929
01663,0000,1197,106,2024-12-29 22:25:36.538921
21005,0000,1197,106,2024-12-29 22:25:36.554925
09885,0000,1197,106,2024-12-29 22:25:36.586511
01501,0000,1197,106,2024-12-29 22:25:36.602912
04538,0000,1197,106,2024-12-29 22:25:36.618912
20147,0000,1198,106,2024-12-29 22:25:36.634913
04364,0000,1198,106,2024-12-29 22:25:36.650907
13419,0000,1198,106,2024-12-29 22:25:36.666905
59119,0000,1197,106,2024-12-29 22:25:36.682905
02288,0000,1198,106,2024-12-29 22:25:36.698906
22339,0001,1197,106,2024-12-29 22:25:36.714890
28328,0000,1198,106,2024-12-29 22:25:36.730893
25218,0000,1197,106,2024-12-29 22:25:36.762890
47254,0000,1198,106,2024-12-29 22:25:36.778877
15383,0000,1198,106,2024-12-29 22:25:36.794883
02359,0000,1198,106,2024-12-29 22:25:36.810875
02209,0000,1198,106,2024-12-29 22:25:36.826880
03031,0000,1198,106,2024-12-29 22:25:36.842864
26523,0000,1198,106,2024-12-29 22:25:36.858857
11450,0000,1198,106,2024-12-29 22:25:36.874861
03362,0000,1198,106,2024-12-29 22:25:36.890850
02160,0000,1198,106,2024-12-29 22:25:36.922555
13158,0000,1197,106,2024-12-29 22:25:36.938851
37764,0000,1197,106,2024-12-29 22:25:36.954854
11597,0000,1198,106,2024-12-29 22:25:36.970840
28750,0000,1198,106,2024-12-29 22:25:36.986839
17484,0000,1198,106,2024-12-29 22:25:37.002829
20628,0000,1198,106,2024-12-29 22:25:37.018833
23360,0000,1197,106,2024-12-29 22:25:37.034825
03769,0000,1198,106,2024-12-29 22:25:37.050829
60785,0001,1198,106,2024-12-29 22:25:37.082177
56511,0000,1198,106,2024-12-29 22:25:37.098815
05354,0000,1198,106,2024-12-29 22:25:37.114817
28463,0000,1198,106,2024-12-29 22:25:37.130809
03075,0000,1198,106,2024-12-29 22:25:37.146809
06836,0000,1197,106,2024-12-29 22:25:37.162802
03320,0000,1198,106,2024-12-29 22:25:37.178802
04326,0000,1198,106,2024-12-29 22:25:37.194797
04686,0000,1197,106,2024-12-29 22:25:37.210805
42505,0000,1198,106,2024-12-29 22:25:37.226789
22656,0000,1198,106,2024-12-29 22:25:37.258574
04066,0000,1198,106,2024-12-29 22:25:37.274788
42229,0000,1197,106,2024-12-29 22:25:37.290779
29253,0000,1197,106,2024-12-29 22:25:37.306787
05094,0000,1198,106,2024-12-29 22:25:37.322772
04403,0000,1198,106,2024-12-29 22:25:37.338772
05325,0000,1198,106,2024-12-29 22:25:37.354773
02739,0000,1198,106,2024-12-29 22:25:37.370760
00484,0000,1198,106,2024-12-29 22:25:37.386758
07472,0000,1198,106,2024-12-29 22:25:37.418212
01366,0000,1198,106,2024-12-29 22:25:37.434789
02301,0000,1198,106,2024-12-29 22:25:37.450753
48129,0000,1197,106,2024-12-29 22:25:37.466753
50522,0000,1198,106,2024-12-29 22:25:37.482736
19155,0000,1198,106,2024-12-29 22:25:37.498737
09844,0000,1198,106,2024-12-29 22:25:37.514737
49135,0000,1198,106,2024-12-29 22:25:37.530733
46478,0000,1198,106,2024-12-29 22:25:37.546732
03109,0000,1198,106,2024-12-29 22:25:37.562730
04354,0000,1198,106,2024-12-29 22:25:37.594600
01471,0000,1198,106,2024-12-29 22:25:37.610722
04587,0000,1198,106,2024-12-29 22:25:37.626718
05534,0000,1198,106,2024-12-29 22:25:37.642706
02729,0000,1198,106,2024-12-29 22:25:37.658710
03839,0000,1198,106,2024-12-29 22:25:37.674702
04950,0000,1198,106,2024-12-29 22:25:37.690704
36053,0000,1198,106,2024-12-29 22:25:37.706699
16237,0000,1198,106,2024-12-29 22:25:37.722696
05039,0000,1198,106,2024-12-29 22:25:37.754234
03344,0000,1198,106,2024-12-29 22:25:37.770702
01250,0000,1197,106,2024-12-29 22:25:37.786684
00423,0000,1198,106,2024-12-29 22:25:37.802676
14316,0000,1198,106,2024-12-29 22:25:37.818671
04289,0000,1198,106,2024-12-29 22:25:37.834677
05903,0000,1198,106,2024-12-29 22:25:37.850672
00446,0000,1198,106,2024-12-29 22:25:37.866674
22308,0000,1198,106,2024-12-29 22:25:37.882690
19997,0000,1198,106,2024-12-29 22:25:37.898667
26447,0000,1198,106,2024-12-29 22:25:37.930649
24400,0001,1198,106,2024-12-29 22:25:37.946649
18203,0000,1198,106,2024-12-29 22:25:37.962653
03025,0000,1198,106,2024-12-29 22:25:37.978644
02009,0000,1198,106,2024-12-29 22:25:37.994639
01344,0000,1198,106,2024-12-29 22:25:38.010638
00539,0000,1198,106,2024-12-29 22:25:38.026636
23208,0000,1198,106,2024-12-29 22:25:38.042632
58281,0001,1198,106,2024-12-29 22:25:38.058634
00301,0000,1198,106,2024-12-29 22:25:38.090246
02247,0000,1198,106,2024-12-29 22:25:38.106621
06244,0000,1198,106,2024-12-29 22:25:38.122619
04623,0000,1198,106,2024-12-29 22:25:38.138625
26981,0000,1198,106,2024-12-29 22:25:38.154629
38779,0000,1198,106,2024-12-29 22:25:38.170626
50044,0000,1198,106,2024-12-29 22:25:38.186632
05334,0000,1198,106,2024-12-29 22:25:38.202632
07952,0000,1198,106,2024-12-29 22:25:38.218636
06145,0000,1198,106,2024-12-29 22:25:38.234631
03929,0000,1198,106,2024-12-29 22:25:38.266658
07743,0000,1198,106,2024-12-29 22:25:38.282646
55857,0000,1198,106,2024-12-29 22:25:38.298641
02916,0000,1198,106,2024-12-29 22:25:38.314645
37617,0001,1198,106,2024-12-29 22:25:38.330576
01540,0000,1198,106,2024-12-29 22:25:38.346579
43235,0000,1198,106,2024-12-29 22:25:38.362572
03843,0000,1198,106,2024-12-29 22:25:38.378569
02340,0000,1198,106,2024-12-29 22:25:38.394562
02943,0000,1198,106,2024-12-29 22:25:38.426285
43735,0000,1198,106,2024-12-29 22:25:38.442560
06360,0000,1198,106,2024-12-29 22:25:38.458553
02199,0000,1198,106,2024-12-29 22:25:38.474543
02935,0000,1198,106,2024-12-29 22:25:38.490544
00716,0000,1198,106,2024-12-29 22:25:38.506549
04409,0000,1198,106,2024-12-29 22:25:38.522550
16232,0000,1198,106,2024-12-29 22:25:38.538531
22918,0000,1198,106,2024-12-29 22:25:38.554532
03632,0000,1198,106,2024-12-29 22:25:38.585915
03887,0000,1198,106,2024-12-29 22:25:38.602518
29211,0000,1198,106,2024-12-29 22:25:38.618524
02847,0000,1198,106,2024-12-29 22:25:38.634519
00782,0000,1198,106,2024-12-29 22:25:38.650523
03126,0000,1198,106,2024-12-29 22:25:38.666506
02324,0000,1198,106,2024-12-29 22:25:38.682508
03105,0000,1198,106,2024-12-29 22:25:38.698503
13025,0000,1198,106,2024-12-29 22:25:38.714510
29158,0000,1198,106,2024-12-29 22:25:38.730499
01432,0000,1198,106,2024-12-29 22:25:38.762289
11661,0000,1198,106,2024-12-29 22:25:38.778484
00481,0000,1198,106,2024-12-29 22:25:38.794482
03650,0000,1198,106,2024-12-29 22:25:38.810470
03029,0000,1198,106,2024-12-29 22:25:38.826476
36939,0000,1198,106,2024-12-29 22:25:38.842468
62423,0000,1198,106,2024-12-29 22:25:38.858473
14532,0000,1198,106,2024-12-29 22:25:38.874462
05025,0000,1198,106,2024-12-29 22:25:38.890463
03094,0000,1198,106,2024-12-29 22:25:38.921953
00511,0000,1198,106,2024-12-29 22:25:38.938453
03757,0000,1198,106,2024-12-29 22:25:38.954439
15432,0000,1198,106,2024-12-29 22:25:38.970439
04778,0000,1198,106,2024-12-29 22:25:38.986435
01273,0001,1198,106,2024-12-29 22:25:39.002435
07268,0001,1198,106,2024-12-29 22:25:39.018434
04672,0000,1198,106,2024-12-29 22:25:39.034434
30793,0000,1198,106,2024-12-29 22:25:39.050421
32102,0000,1199,106,2024-12-29 22:25:39.066424
03814,0000,1198,106,2024-12-29 22:25:39.098331
01416,0000,1198,106,2024-12-29 22:25:39.114412
02853,0000,1198,106,2024-12-29 22:25:39.130415
02056,0001,1198,106,2024-12-29 22:25:39.146404
29077,0000,1198,106,2024-12-29 22:25:39.162410
00208,0000,1198,106,2024-12-29 22:25:39.178400
08126,0000,1198,106,2024-12-29 22:25:39.194403
10635,0000,1198,106,2024-12-29 22:25:39.210398
46615,0000,1198,106,2024-12-29 22:25:39.226393
30427,0000,1198,106,2024-12-29 22:25:39.257971
09813,0001,1198,106,2024-12-29 22:25:39.274386
04562,0000,1198,106,2024-12-29 22:25:39.290380
26300,0000,1198,106,2024-12-29 22:25:39.306384
04263,0000,1198,106,2024-12-29 22:25:39.322371
16768,0000,1198,106,2024-12-29 22:25:39.338371
30360,0000,1198,106,2024-12-29 22:25:39.354366
29103,0000,1198,106,2024-12-29 22:25:39.370373
03635,0000,1198,106,2024-12-29 22:25:39.386358
03798,0000,1198,106,2024-12-29 22:25:39.402363
04380,0000,1198,106,2024-12-29 22:25:39.434364
28209,0000,1198,106,2024-12-29 22:25:39.450350
21445,0000,1198,106,2024-12-29 22:25:39.466345
58335,0000,1198,106,2024-12-29 22:25:39.482339
15225,0000,1198,106,2024-12-29 22:25:39.498339
05384,0000,1198,106,2024-12-29 22:25:39.514350
22829,0000,1199,106,2024-12-29 22:25:39.530356
59235,0000,1198,106,2024-12-29 22:25:39.546352
01216,0000,1198,106,2024-12-29 22:25:39.562327
01323,0000,1198,106,2024-12-29 22:25:39.593996
03344,0000,1198,106,2024-12-29 22:25:39.610318
33317,0000,1198,106,2024-12-29 22:25:39.626308
10774,0000,1198,106,2024-12-29 22:25:39.642309
04301,0000,1198,106,2024-12-29 22:25:39.658301
26984,0000,1199,106,2024-12-29 22:25:39.674301
15386,0000,1199,106,2024-12-29 22:25:39.690307
08636,0001,1198,106,2024-12-29 22:25:39.706309
02333,0000,1198,106,2024-12-29 22:25:39.722292
55727,0000,1198,106,2024-12-29 22:25:39.753670
02479,0000,1198,106,2024-12-29 22:25:39.770287
01835,0000,1198,106,2024-12-29 22:25:39.786283
61626,0000,1198,106,2024-12-29 22:25:39.802285
01997,0000,1198,106,2024-12-29 22:25:39.818283
03492,0000,1198,106,2024-12-29 22:25:39.834270
49947,0000,1198,106,2024-12-29 22:25:39.850270
55613,0000,1198,106,2024-12-29 22:25:39.866265
05240,0000,1198,106,2024-12-29 22:25:39.882264
00190,0000,1198,106,2024-12-29 22:25:39.898259
05191,0000,1198,106,2024-12-29 22:25:39.930017
38537,0000,1198,106,2024-12-29 22:25:39.946256
14915,0000,1198,106,2024-12-29 22:25:39.962245
02905,0000,1198,106,2024-12-29 22:25:39.978248
20024,0000,1199,106,2024-12-29 22:25:39.994237
05877,0000,1199,106,2024-12-29 22:25:40.010240
03099,0000,1198,106,2024-12-29 22:25:40.026233
04692,0000,1198,106,2024-12-29 22:25:40.042240
04112,0000,1198,106,2024-12-29 22:25:40.058225
00242,0000,1198,106,2024-12-29 22:25:40.089670
09213,0000,1198,106,2024-12-29 22:25:40.106214
01407,0000,1198,106,2024-12-29 22:25:40.122221
02352,0000,1198,106,2024-12-29 22:25:40.138212
03801,0000,1198,106,2024-12-29 22:25:40.154213
03929,0000,1198,106,2024-12-29 22:25:40.170201
02352,0000,1198,106,2024-12-29 22:25:40.186204
30848,0000,1198,106,2024-12-29 22:25:40.202203
58528,0000,1199,106,2024-12-29 22:25:40.218215
18532,0000,1198,106,2024-12-29 22:25:40.234194
01804,0000,1199,106,2024-12-29 22:25:40.266072
05467,0000,1199,106,2024-12-29 22:25:40.282191
05240,0000,1199,106,2024-12-29 22:25:40.298184
06121,0000,1198,106,2024-12-29 22:25:40.314193
04496,0000,1198,106,2024-12-29 22:25:40.330179
24068,0000,1199,106,2024-12-29 22:25:40.346177
33846,0000,1199,106,2024-12-29 22:25:40.362177
24581,0000,1198,106,2024-12-29 22:25:40.378162
37859,0000,1198,106,2024-12-29 22:25:40.394170
03024,0000,1199,106,2024-12-29 22:25:40.425701
03644,0000,1199,106,2024-12-29 22:25:40.442154
04535,0000,1199,106,2024-12-29 22:25:40.458152
01559,0000,1198,106,2024-12-29 22:25:40.474154
27410,0001,1199,106,2024-12-29 22:25:40.490151
03675,0000,1199,106,2024-12-29 22:25:40.506139
24112,0000,1198,106,2024-12-29 22:25:40.522139
59134,0000,1198,106,2024-12-29 22:25:40.538132
00889,0000,1198,106,2024-12-29 22:25:40.554125
02652,0000,1199,106,2024-12-29 22:25:40.570128
12810,0000,1199,106,2024-12-29 22:25:40.602090
12158,0000,1198,106,2024-12-29 22:25:40.618133
04029,0000,1199,106,2024-12-29 22:25:40.634120
04288,0000,1199,106,2024-12-29 22:25:40.650110
05335,0000,1198,106,2024-12-29 22:25:40.666113
00171,0000,1199,106,2024-12-29 22:25:40.682104
01396,0001,1198,106,2024-12-29 22:25:40.698102
03382,0000,1199,106,2024-12-29 22:25:40.714109
02920,0000,1199,106,2024-12-29 22:25:40.730104
01541,0000,1199,106,2024-12-29 22:25:40.761726
28558,0000,1198,106,2024-12-29 22:25:40.778092
22658,0000,1199,106,2024-12-29 22:25:40.794092
03875,0000,1199,106,2024-12-29 22:25:40.810084
01983,0000,1198,106,2024-12-29 22:25:40.826083
22407,0000,1199,106,2024-12-29 22:25:40.842076
02250,0000,1198,106,2024-12-29 22:25:40.858079
03612,0000,1199,106,2024-12-29 22:25:40.874084
02072,0000,1198,106,2024-12-29 22:25:40.890083
32460,0000,1199,106,2024-12-29 22:25:40.921373
12305,0000,1199,106,2024-12-29 22:25:40.938063
53128,0000,1199,106,2024-12-29 22:25:40.954057
00638,0000,1199,106,2024-12-29 22:25:40.970051
08154,0000,1198,106,2024-12-29 22:25:40.986047
04761,0000,1199,106,2024-12-29 22:25:41.002057
02835,0000,1199,106,2024-12-29 22:25:41.018041
04584,0000,1199,106,2024-12-29 22:25:41.034042
31623,0000,1198,106,2024-12-29 22:25:41.050034
02382,0000,1199,106,2024-12-29 22:25:41.066033
26515,0000,1198,106,2024-12-29 22:25:41.097763
03068,0000,1199,106,2024-12-29 22:25:41.114018
43870,0000,1198,106,2024-12-29 22:25:41.130025
02660,0000,1199,106,2024-12-29 22:25:41.146020
01472,0000,1199,106,2024-12-29 22:25:41.162020
03503,0000,1199,106,2024-12-29 22:25:41.178013
36103,0000,1199,106,2024-12-29 22:25:41.194010
05432,0001,1198,106,2024-12-29 22:25:41.210011
27178,0000,1198,106,2024-12-29 22:25:41.226007
18051,0000,1199,106,2024-12-29 22:25:41.257403
12571,0000,1199,106,2024-12-29 22:25:41.273992
22759,0000,1199,106,2024-12-29 22:25:41.289996
02126,0000,1198,106,2024-12-29 22:25:41.306014
46564,0000,1199,106,2024-12-29 22:25:41.322012
06111,0000,1199,106,2024-12-29 22:25:41.338014
28841,0000,1199,106,2024-12-29 22:25:41.354008
01440,0000,1198,106,2024-12-29 22:25:41.370004
03172,0000,1199,106,2024-12-29 22:25:41.386018
05115,0000,1199,106,2024-12-29 22:25:41.402015
01315,0001,1199,106,2024-12-29 22:25:41.433809
03082,0000,1199,106,2024-12-29 22:25:41.450021
00332,0000,1199,106,2024-12-29 22:25:41.465947
01310,0000,1199,106,2024-12-29 22:25:41.481956
20943,0000,1199,106,2024-12-29 22:25:41.497952
43759,0000,1199,106,2024-12-29 22:25:41.513950
01158,0000,1199,106,2024-12-29 22:25:41.529938
21668,0000,1199,106,2024-12-29 22:25:41.545943
08440,0000,1199,106,2024-12-29 22:25:41.561937
27790,0000,1199,106,2024-12-29 22:25:41.593418
15111,0000,1199,106,2024-12-29 22:25:41.609932
02637,0000,1199,106,2024-12-29 22:25:41.625922
09140,0000,1199,106,2024-12-29 22:25:41.641922
27345,0000,1199,106,2024-12-29 22:25:41.657928
15870,0000,1199,106,2024-12-29 22:25:41.673930
04784,0000,1199,106,2024-12-29 22:25:41.689916
14754,0000,1199,106,2024-12-29 22:25:41.705915
22167,0000,1199,106,2024-12-29 22:25:41.721907
19994,0000,1199,106,2024-12-29 22:25:41.737903
01684,0000,1198,106,2024-12-29 22:25:41.769810
22434,0000,1199,106,2024-12-29 22:25:41.785900
24744,0000,1199,106,2024-12-29 22:25:41.801888
19514,0000,1199,106,2024-12-29 22:25:41.817887
20018,0000,1199,106,2024-12-29 22:25:41.833884
04643,0000,1199,106,2024-12-29 22:25:41.849882
29428,0000,1199,106,2024-12-29 22:25:41.865879
05012,0000,1199,106,2024-12-29 22:25:41.881880
26596,0000,1199,106,2024-12-29 22:25:41.897878
03048,0000,1199,106,2024-12-29 22:25:41.929443
04408,0000,1199,106,2024-12-29 22:25:41.945866
41546,0000,1199,106,2024-12-29 22:25:41.961856
05127,0000,1199,106,2024-12-29 22:25:41.977861
23969,0000,1199,106,2024-12-29 22:25:41.993844
04598,0000,1199,106,2024-12-29 22:25:42.009852
03995,0000,1199,106,2024-12-29 22:25:42.025848
33056,0000,1199,106,2024-12-29 22:25:42.041849
02261,0000,1199,106,2024-12-29 22:25:42.057853
20446,0000,1199,106,2024-12-29 22:25:42.073841
02227,0000,1199,106,2024-12-29 22:25:42.105826
39191,0000,1199,106,2024-12-29 22:25:42.121828
50558,0000,1199,106,2024-12-29 22:25:42.137821
06072,0000,1199,106,2024-12-29 22:25:42.153822
00199,0000,1199,106,2024-12-29 22:25:42.169825
04344,0000,1199,106,2024-12-29 22:25:42.185821
21698,0000,1199,106,2024-12-29 22:25:42.201806
04979,0000,1199,106,2024-12-29 22:25:42.217814
54195,0000,1199,106,2024-12-29 22:25:42.233805
01492,0000,1199,106,2024-12-29 22:25:42.265466
31759,0000,1199,106,2024-12-29 22:25:42.281800
49191,0000,1199,106,2024-12-29 22:25:42.297791
04248,0000,1199,106,2024-12-29 22:25:42.313795
27729,0001,1199,106,2024-12-29 22:25:42.329784
03001,0000,1199,106,2024-12-29 22:25:42.345787
16436,0000,1199,106,2024-12-29 22:25:42.361786
03388,0000,1199,106,2024-12-29 22:25:42.377787
02839,0000,1199,106,2024-12-29 22:25:42.393775
05535,0000,1199,106,2024-12-29 22:25:42.425105
17651,0000,1199,106,2024-12-29 22:25:42.441775
12303,0000,1199,106,2024-12-29 22:25:42.457771
04486,0000,1199,106,2024-12-29 22:25:42.473758
03949,0000,1199,106,2024-12-29 22:25:42.489757
00615,0000,1199,106,2024-12-29 22:25:42.505751
00308,0000,1199,106,2024-12-29 22:25:42.521753
02149,0000,1199,106,2024-12-29 22:25:42.537747
02782,0000,1199,106,2024-12-29 22:25:42.553744
18621,0000,1199,106,2024-12-29 22:25:42.569740
29905,0000,1199,106,2024-12-29 22:25:42.601487
05394,0000,1199,106,2024-12-29 22:25:42.617726
19635,0000,1199,106,2024-12-29 22:25:42.633728
24500,0000,1199,106,2024-12-29 22:25:42.649720
04422,0000,1199,106,2024-12-29 22:25:42.665722
20677,0000,1199,106,2024-12-29 22:25:42.681713
17860,0000,1199,106,2024-12-29 22:25:42.697722
33815,0000,1199,106,2024-12-29 22:25:42.713708
00083,0000,1199,106,2024-12-29 22:25:42.729710
03673,0000,1199,106,2024-12-29 22:25:42.761145
03085,0000,1199,106,2024-12-29 22:25:42.777698
03740,0000,1199,106,2024-12-29 22:25:42.793696
02936,0000,1199,106,2024-12-29 22:25:42.809690
03750,0000,1199,106,2024-12-29 22:25:42.825689
02791,0000,1199,106,2024-12-29 22:25:42.841695
00564,0000,1199,106,2024-12-29 22:25:42.857680
04013,0000,1199,106,2024-12-29 22:25:42.873678
01836,0000,1199,106,2024-12-29 22:25:42.889671
16072,0000,1199,106,2024-12-29 22:25:42.905673
00608,0000,1199,106,2024-12-29 22:25:42.937525
04418,0000,1199,106,2024-12-29 22:25:42.953670
00603,0001,1199,106,2024-12-29 22:25:42.969668
05966,0001,1199,106,2024-12-29 22:25:42.985661
00998,0000,1199,106,2024-12-29 22:25:43.001659
46456,0000,1199,106,2024-12-29 22:25:43.017651
01544,0001,1199,106,2024-12-29 22:25:43.033651
31730,0001,1199,106,2024-12-29 22:25:43.049649
02798,0000,1199,106,2024-12-29 22:25:43.065647
20041,0000,1199,106,2024-12-29 22:25:43.097165
26304,0000,1199,106,2024-12-29 22:25:43.113636
27294,0000,1199,106,2024-12-29 22:25:43.129636
03691,0000,1199,106,2024-12-29 22:25:43.145628
38426,0000,1199,106,2024-12-29 22:25:43.161634
18729,0000,1199,106,2024-12-29 22:25:43.177619
03366,0000,1199,106,2024-12-29 22:25:43.193616
03695,0000,1199,106,2024-12-29 22:25:43.209623
17205,0000,1199,106,2024-12-29 22:25:43.225616
32243,0000,1199,106,2024-12-29 22:25:43.241626
22547,0000,1199,106,2024-12-29 22:25:43.273554
25171,0000,1199,106,2024-12-29 22:25:43.289597
41010,0001,1199,106,2024-12-29 22:25:43.305608
15177,0000,1199,106,2024-12-29 22:25:43.321594
07049,0000,1199,106,2024-12-29 22:25:43.337592
11695,0000,1199,106,2024-12-29 22:25:43.353589
04542,0000,1199,106,2024-12-29 22:25:43.369587
19582,0000,1199,106,2024-12-29 22:25:43.385582
00761,0000,1199,106,2024-12-29 22:25:43.401572
01848,0000,1199,106,2024-12-29 22:25:43.433181
14142,0000,1199,106,2024-12-29 22:25:43.449573
06041,0001,1199,106,2024-12-29 22:25:43.465568
24336,0000,1199,106,2024-12-29 22:25:43.481563
21329,0000,1199,106,2024-12-29 22:25:43.497559
07544,0000,1199,106,2024-12-29 22:25:43.513559
04254,0000,1199,106,2024-12-29 22:25:43.529558
00591,0000,1199,106,2024-12-29 22:25:43.545559
03708,0000,1199,106,2024-12-29 22:25:43.561548
29581,0000,1199,106,2024-12-29 22:25:43.577551
00348,0000,1199,106,2024-12-29 22:25:43.609541
10310,0000,1200,106,2024-12-29 22:25:43.625605
09855,0000,1199,106,2024-12-29 22:25:43.641540
16343,0000,1199,106,2024-12-29 22:25:43.657533
06828,0000,1199,106,2024-12-29 22:25:43.673523
26158,0000,1199,106,2024-12-29 22:25:43.689524
03300,0000,1199,106,2024-12-29 22:25:43.705515
05348,0000,1199,106,2024-12-29 22:25:43.721520
10074,0000,1199,106,2024-12-29 22:25:43.737525
20421,0000,1199,106,2024-12-29 22:25:43.769212
09789,0000,1199,106,2024-12-29 22:25:43.785505
04315,0000,1199,106,2024-12-29 22:25:43.801501
03457,0000,1199,106,2024-12-29 22:25:43.817497
01315,0000,1199,106,2024-12-29 22:25:43.833499
39194,0000,1199,106,2024-12-29 22:25:43.849500
02294,0000,1199,106,2024-12-29 22:25:43.865493
04450,0000,1199,106,2024-12-29 22:25:43.881493
01155,0000,1199,106,2024-12-29 22:25:43.897487
03941,0000,1200,106,2024-12-29 22:25:43.928844
08583,0000,1199,106,2024-12-29 22:25:43.945473
31370,0000,1199,106,2024-12-29 22:25:43.961468
02310,0000,1199,106,2024-12-29 22:25:43.977469
02172,0000,1199,106,2024-12-29 22:25:43.993467
03669,0000,1199,106,2024-12-29 22:25:44.009462
03485,0000,1199,106,2024-12-29 22:25:44.025464
03537,0000,1199,106,2024-12-29 22:25:44.041453
03784,0000,1199,106,2024-12-29 22:25:44.057454
03683,0000,1199,106,2024-12-29 22:25:44.073444
58392,0000,1199,106,2024-12-29 22:25:44.105226
03738,0000,1199,106,2024-12-29 22:25:44.121443
15783,0000,1199,106,2024-12-29 22:25:44.137440
30596,0000,1199,106,2024-12-29 22:25:44.153440
48974,0001,1199,106,2024-12-29 22:25:44.169426
26228,0000,1199,106,2024-12-29 22:25:44.185433
38461,0000,1199,106,2024-12-29 22:25:44.201423
49062,0000,1199,106,2024-12-29 22:25:44.219025
02937,0000,1199,106,2024-12-29 22:25:44.233470
03561,0000,1199,106,2024-12-29 22:25:44.264878
09994,0000,1199,106,2024-12-29 22:25:44.281414
03055,0000,1200,106,2024-12-29 22:25:44.297407
06963,0000,1199,106,2024-12-29 22:25:44.313410
02851,0000,1199,106,2024-12-29 22:25:44.329398
00408,0000,1199,106,2024-12-29 22:25:44.345392
00504,0000,1199,106,2024-12-29 22:25:44.361396
03706,0000,1200,106,2024-12-29 22:25:44.377381
19952,0000,1200,106,2024-12-29 22:25:44.393382
00695,0000,1199,106,2024-12-29 22:25:44.409392
01972,0000,1199,106,2024-12-29 22:25:44.441271
11615,0000,1200,106,2024-12-29 22:25:44.457394
38392,0000,1200,106,2024-12-29 22:25:44.473395
27715,0000,1199,106,2024-12-29 22:25:44.489405
05415,0000,1199,106,2024-12-29 22:25:44.505397
55139,0000,1199,106,2024-12-29 22:25:44.521399
30875,0000,1199,106,2024-12-29 22:25:44.537405
04401,0000,1200,106,2024-12-29 22:25:44.553401
02992,0000,1199,106,2024-12-29 22:25:44.569404
05135,0000,1199,106,2024-12-29 22:25:44.600864
04654,0000,1199,106,2024-12-29 22:25:44.617337
00518,0000,1199,106,2024-12-29 22:25:44.633330
19242,0000,1200,106,2024-12-29 22:25:44.649333
08963,0000,1200,106,2024-12-29 22:25:44.665327
26692,0000,1199,106,2024-12-29 22:25:44.681330
00374,0000,1200,106,2024-12-29 22:25:44.697322
08716,0000,1200,106,2024-12-29 22:25:44.713318
03370,0000,1199,106,2024-12-29 22:25:44.729316
13944,0000,1200,106,2024-12-29 22:25:44.745326
05022,0001,1200,106,2024-12-29 22:25:44.777279
03798,0000,1200,106,2024-12-29 22:25:44.793322
04001,0000,1199,106,2024-12-29 22:25:44.809312
01992,0000,1199,106,2024-12-29 22:25:44.825305
29061,0000,1199,106,2024-12-29 22:25:44.841292
05246,0000,1199,106,2024-12-29 22:25:44.857292
02293,0000,1200,106,2024-12-29 22:25:44.873290
03512,0000,1199,106,2024-12-29 22:25:44.889291
15636,0000,1200,106,2024-12-29 22:25:44.905286
03544,0000,1200,106,2024-12-29 22:25:44.936925
16802,0000,1199,106,2024-12-29 22:25:44.953281
48081,0000,1199,106,2024-12-29 22:25:44.969268
05118,0000,1200,106,2024-12-29 22:25:44.985266
40097,0000,1200,106,2024-12-29 22:25:45.001259
33824,0000,1199,106,2024-12-29 22:25:45.017266
03790,0000,1200,106,2024-12-29 22:25:45.033250
02306,0001,1199,106,2024-12-29 22:25:45.049254
30224,0000,1199,106,2024-12-29 22:25:45.065250
01278,0000,1199,106,2024-12-29 22:25:45.081252
07565,0000,1199,106,2024-12-29 22:25:45.113249
05358,0000,1199,106,2024-12-29 22:25:45.129239
00657,0000,1199,106,2024-12-29 22:25:45.145240
14450,0000,1200,106,2024-12-29 22:25:45.161228
29634,0000,1200,106,2024-12-29 22:25:45.177233
03875,0000,1199,106,2024-12-29 22:25:45.193242
02955,0000,1200,106,2024-12-29 22:25:45.209220
02051,0000,1199,106,2024-12-29 22:25:45.225225
04336,0000,1199,106,2024-12-29 22:25:45.241230
29624,0000,1200,106,2024-12-29 22:25:45.272936
24132,0000,1200,106,2024-12-29 22:25:45.289212
27381,0000,1200,106,2024-12-29 22:25:45.305216
02863,0000,1200,106,2024-12-29 22:25:45.321209
02195,0000,1200,106,2024-12-29 22:25:45.337200
04755,0000,1200,106,2024-12-29 22:25:45.353202
08343,0000,1200,106,2024-12-29 22:25:45.369194
10335,0000,1200,106,2024-12-29 22:25:45.385187
14748,0000,1200,106,2024-12-29 22:25:45.401184
01190,0000,1199,106,2024-12-29 22:25:45.432571
11045,0000,1200,106,2024-12-29 22:25:45.449171
00479,0000,1199,106,2024-12-29 22:25:45.465176
21574,0000,1199,106,2024-12-29 22:25:45.481168
01303,0000,1199,106,2024-12-29 22:25:45.497167
23706,0000,1200,106,2024-12-29 22:25:45.513173
08575,0000,1200,106,2024-12-29 22:25:45.529176
37088,0000,1200,106,2024-12-29 22:25:45.545173
05484,0000,1200,106,2024-12-29 22:25:45.561168
04406,0000,1200,106,2024-12-29 22:25:45.577165
35408,0000,1200,106,2024-12-29 22:25:45.608969
00299,0000,1199,106,2024-12-29 22:25:45.625133
01214,0000,1200,106,2024-12-29 22:25:45.641140
00465,0000,1199,106,2024-12-29 22:25:45.657132
05172,0000,1200,106,2024-12-29 22:25:45.673138
30909,0000,1200,106,2024-12-29 22:25:45.689132
00696,0000,1200,106,2024-12-29 22:25:45.705132
10598,0000,1200,106,2024-12-29 22:25:45.721119
59248,0000,1200,106,2024-12-29 22:25:45.737127
02864,0000,1200,106,2024-12-29 22:25:45.768598
59175,0000,1200,106,2024-12-29 22:25:45.785107
03647,0000,1200,106,2024-12-29 22:25:45.801111
02244,0000,1200,106,2024-12-29 22:25:45.817099
00636,0000,1200,106,2024-12-29 22:25:45.833096
02810,0000,1200,106,2024-12-29 22:25:45.849100
01979,0000,1200,106,2024-12-29 22:25:45.865089
03646,0000,1200,106,2024-12-29 22:25:45.881090
02111,0000,1200,106,2024-12-29 22:25:45.897082
03556,0000,1200,106,2024-12-29 22:25:45.913082
36342,0000,1200,106,2024-12-29 22:25:45.945001
01469,0000,1200,106,2024-12-29 22:25:45.961084
24166,0000,1200,106,2024-12-29 22:25:45.977066
53383,0000,1200,106,2024-12-29 22:25:45.993065
05069,0000,1200,106,2024-12-29 22:25:46.009062
02155,0001,1199,106,2024-12-29 22:25:46.025062
16883,0000,1200,106,2024-12-29 22:25:46.041054
05489,0000,1200,106,2024-12-29 22:25:46.057058
26701,0000,1200,106,2024-12-29 22:25:46.073053
00622,0000,1200,106,2024-12-29 22:25:46.104630
47077,0000,1200,106,2024-12-29 22:25:46.121044
03728,0000,1200,106,2024-12-29 22:25:46.137033
05162,0000,1200,106,2024-12-29 22:25:46.153036
17904,0000,1200,106,2024-12-29 22:25:46.169028
01896,0000,1200,106,2024-12-29 22:25:46.185033
01516,0000,1200,106,2024-12-29 22:25:46.201026
02487,0000,1200,106,2024-12-29 22:25:46.217031
05177,0000,1200,106,2024-12-29 22:25:46.233022
54067,0000,1200,106,2024-12-29 22:25:46.249044
10073,0000,1200,106,2024-12-29 22:25:46.281014
01440,0000,1200,106,2024-12-29 22:25:46.297008
44810,0000,1200,106,2024-12-29 22:25:46.313022
03022,0000,1200,106,2024-12-29 22:25:46.329007
47350,0000,1200,106,2024-12-29 22:25:46.345008
34544,0000,1200,106,2024-12-29 22:25:46.361010
26413,0001,1200,106,2024-12-29 22:25:46.376995
02686,0000,1200,106,2024-12-29 22:25:46.392988
05106,0000,1200,106,2024-12-29 22:25:46.408986
09540,0000,1200,106,2024-12-29 22:25:46.440653
00418,0001,1200,106,2024-12-29 22:25:46.456978
43048,0000,1200,106,2024-12-29 22:25:46.472978
33840,0000,1200,106,2024-12-29 22:25:46.488978
03044,0000,1200,106,2024-12-29 22:25:46.504966
02198,0001,1200,106,2024-12-29 22:25:46.520964
27329,0000,1200,106,2024-12-29 22:25:46.536967
24799,0000,1200,106,2024-12-29 22:25:46.552954
39227,0000,1200,106,2024-12-29 22:25:46.568956
43968,0000,1200,106,2024-12-29 22:25:46.600287
03403,0000,1200,106,2024-12-29 22:25:46.616943
05956,0000,1200,106,2024-12-29 22:25:46.632937
11833,0000,1200,106,2024-12-29 22:25:46.648932
26415,0000,1200,106,2024-12-29 22:25:46.664932
03873,0000,1200,106,2024-12-29 22:25:46.680928
02125,0000,1200,106,2024-12-29 22:25:46.696929
06305,0000,1200,106,2024-12-29 22:25:46.712920
19829,0000,1200,106,2024-12-29 22:25:46.728925
38826,0000,1200,106,2024-12-29 22:25:46.744927
01764,0000,1199,106,2024-12-29 22:25:46.776682
28990,0001,1200,106,2024-12-29 22:25:46.792903
21438,0000,1200,106,2024-12-29 22:25:46.808905
33749,0000,1200,106,2024-12-29 22:25:46.824904
03644,0000,1200,106,2024-12-29 22:25:46.840904
22772,0000,1200,106,2024-12-29 22:25:46.856902
03556,0000,1200,106,2024-12-29 22:25:46.872900
02097,0001,1200,106,2024-12-29 22:25:46.888905
12216,0000,1200,106,2024-12-29 22:25:46.904895
00726,0000,1200,106,2024-12-29 22:25:46.936327
15589,0000,1200,106,2024-12-29 22:25:46.952883
29268,0000,1200,106,2024-12-29 22:25:46.968877
02085,0000,1200,106,2024-12-29 22:25:46.984867
54882,0000,1200,106,2024-12-29 22:25:47.000875
06194,0000,1200,106,2024-12-29 22:25:47.016864
02985,0000,1200,106,2024-12-29 22:25:47.032865
07354,0000,1200,106,2024-12-29 22:25:47.048870
24748,0000,1200,106,2024-12-29 22:25:47.064859
01497,0000,1200,106,2024-12-29 22:25:47.080855
00588,0000,1200,106,2024-12-29 22:25:47.112707
01951,0000,1200,106,2024-12-29 22:25:47.128860
17580,0000,1200,106,2024-12-29 22:25:47.144854
11143,0000,1200,106,2024-12-29 22:25:47.160854
01197,0000,1200,106,2024-12-29 22:25:47.176836
44991,0000,1200,106,2024-12-29 22:25:47.192830
01570,0000,1200,106,2024-12-29 22:25:47.208833
56753,0000,1200,106,2024-12-29 22:25:47.224828
02143,0000,1200,106,2024-12-29 22:25:47.240840
00597,0000,1200,106,2024-12-29 22:25:47.272351
05457,0000,1200,106,2024-12-29 22:25:47.288813
16803,0000,1200,106,2024-12-29 22:25:47.304814
03835,0001,1200,106,2024-12-29 22:25:47.320802
17744,0000,1200,106,2024-12-29 22:25:47.336806
20983,0000,1200,106,2024-12-29 22:25:47.352794
15658,0000,1200,106,2024-12-29 22:25:47.368809
03184,0000,1200,106,2024-12-29 22:25:47.384791
30190,0000,1200,106,2024-12-29 22:25:47.400795
16693,0000,1200,106,2024-12-29 22:25:47.416786
02055,0000,1200,106,2024-12-29 22:25:47.448735
04067,0001,1200,106,2024-12-29 22:25:47.464784
02188,0000,1200,106,2024-12-29 22:25:47.480780
39979,0001,1200,106,2024-12-29 22:25:47.496787
01203,0000,1200,106,2024-12-29 22:25:47.512773
00164,0000,1200,106,2024-12-29 22:25:47.528775
33872,0000,1200,106,2024-12-29 22:25:47.544780
03553,0000,1200,106,2024-12-29 22:25:47.560778
04524,0000,1200,106,2024-12-29 22:25:47.576778
32359,0000,1200,106,2024-12-29 22:25:47.608401
01995,0000,1200,106,2024-12-29 22:25:47.624788
00322,0000,1200,106,2024-12-29 22:25:47.640791
14182,0000,1200,106,2024-12-29 22:25:47.656788
19830,0000,1200,106,2024-12-29 22:25:47.672785
51441,0000,1200,106,2024-12-29 22:25:47.688791
21983,0000,1200,106,2024-12-29 22:25:47.704795
01557,0000,1200,106,2024-12-29 22:25:47.720794
24314,0000,1200,106,2024-12-29 22:25:47.736723
00241,0000,1200,106,2024-12-29 22:25:47.752728
27197,0000,1200,106,2024-12-29 22:25:47.784722
24660,0000,1200,106,2024-12-29 22:25:47.800724
01162,0000,1200,106,2024-12-29 22:25:47.816721
04534,0000,1200,106,2024-12-29 22:25:47.832710
04120,0000,1200,106,2024-12-29 22:25:47.848712
11227,0000,1200,106,2024-12-29 22:25:47.864701
31589,0000,1200,106,2024-12-29 22:25:47.880704
00651,0000,1200,106,2024-12-29 22:25:47.896694
00366,0000,1200,106,2024-12-29 22:25:47.912702
09796,0000,1200,106,2024-12-29 22:25:47.944385
66974,0000,1200,106,2024-12-29 22:25:47.960689
04072,0000,1200,106,2024-12-29 22:25:47.976674
01973,0000,1200,106,2024-12-29 22:25:47.992679
02948,0000,1200,106,2024-12-29 22:25:48.008672
44802,0000,1200,106,2024-12-29 22:25:48.024678
04893,0000,1200,106,2024-12-29 22:25:48.040669
02148,0000,1200,106,2024-12-29 22:25:48.056673
21565,0000,1200,106,2024-12-29 22:25:48.072663
03837,0000,1200,106,2024-12-29 22:25:48.104046
19365,0000,1200,106,2024-12-29 22:25:48.120660
32425,0000,1200,106,2024-12-29 22:25:48.136649
05300,0000,1200,106,2024-12-29 22:25:48.152659
27101,0000,1200,106,2024-12-29 22:25:48.168649
01882,0000,1200,106,2024-12-29 22:25:48.184635
09338,0000,1201,106,2024-12-29 22:25:48.200636
65173,0001,1201,106,2024-12-29 22:25:48.216639
03444,0000,1200,106,2024-12-29 22:25:48.232628
04481,0000,1200,106,2024-12-29 22:25:48.248631
25821,0000,1201,106,2024-12-29 22:25:48.280430
04013,0000,1200,106,2024-12-29 22:25:48.296618
02143,0000,1200,106,2024-12-29 22:25:48.312617
02187,0000,1200,106,2024-12-29 22:25:48.328620
38273,0000,1200,106,2024-12-29 22:25:48.344612
33898,0001,1200,106,2024-12-29 22:25:48.360600
05536,0000,1201,106,2024-12-29 22:25:48.376598
45778,0000,1200,106,2024-12-29 22:25:48.392608
44739,0000,1200,106,2024-12-29 22:25:48.408593
22563,0000,1201,106,2024-12-29 22:25:48.440069
02090,0000,1200,106,2024-12-29 22:25:48.456585
18012,0001,1200,106,2024-12-29 22:25:48.472588
02344,0000,1200,106,2024-12-29 22:25:48.488589
03843,0000,1201,106,2024-12-29 22:25:48.504581
01341,0000,1200,106,2024-12-29 22:25:48.520571
01431,0000,1200,106,2024-12-29 22:25:48.536572
10854,0000,1201,106,2024-12-29 22:25:48.552570
56694,0000,1200,106,2024-12-29 22:25:48.568570
24134,0000,1200,106,2024-12-29 22:25:48.584566
37730,0000,1200,106,2024-12-29 22:25:48.616446
04823,0000,1200,106,2024-12-29 22:25:48.632565
01392,0000,1200,106,2024-12-29 22:25:48.648550
02715,0000,1200,106,2024-12-29 22:25:48.664549
04654,0000,1201,106,2024-12-29 22:25:48.680546
35404,0000,1200,106,2024-12-29 22:25:48.696547
01207,0000,1201,106,2024-12-29 22:25:48.712551
01613,0000,1200,106,2024-12-29 22:25:48.728528
03099,0000,1201,106,2024-12-29 22:25:48.744535
22651,0000,1200,106,2024-12-29 22:25:48.776091
37875,0000,1201,106,2024-12-29 22:25:48.792525
04915,0000,1201,106,2024-12-29 22:25:48.808522
17895,0000,1200,106,2024-12-29 22:25:48.824516
05231,0000,1200,106,2024-12-29 22:25:48.840520
03069,0000,1200,106,2024-12-29 22:25:48.856513
11989,0000,1201,106,2024-12-29 22:25:48.872512
06746,0000,1201,106,2024-12-29 22:25:48.888503
29850,0000,1200,106,2024-12-29 22:25:48.904506
17216,0000,1200,106,2024-12-29 22:25:48.920496
12553,0000,1201,106,2024-12-29 22:25:48.952491
31374,0001,1200,106,2024-12-29 22:25:48.968496
05624,0000,1201,106,2024-12-29 22:25:48.984486
02033,0000,1201,106,2024-12-29 22:25:49.000487
28092,0000,1201,106,2024-12-29 22:25:49.016477
04497,0000,1201,106,2024-12-29 22:25:49.032482
01562,0000,1200,106,2024-12-29 22:25:49.048472
44599,0000,1200,106,2024-12-29 22:25:49.064473
00776,0000,1201,106,2024-12-29 22:25:49.080467
24135,0000,1200,106,2024-12-29 22:25:49.112121
14096,0000,1201,106,2024-12-29 22:25:49.128454
09512,0000,1201,106,2024-12-29 22:25:49.144457
03058,0001,1201,106,2024-12-29 22:25:49.160449
47464,0000,1200,106,2024-12-29 22:25:49.176449
01921,0000,1201,106,2024-12-29 22:25:49.192442
17501,0000,1201,106,2024-12-29 22:25:49.208446
10897,0000,1201,106,2024-12-29 22:25:49.224443
47092,0000,1200,106,2024-12-29 22:25:49.240454
21704,0000,1201,106,2024-12-29 22:25:49.271745
03837,0000,1201,106,2024-12-29 22:25:49.288435
36270,0000,1201,106,2024-12-29 22:25:49.304427
01451,0000,1201,106,2024-12-29 22:25:49.320422
04164,0000,1200,106,2024-12-29 22:25:49.336412
18918,0000,1201,106,2024-12-29 22:25:49.352420
21594,0000,1201,106,2024-12-29 22:25:49.368407
51592,0000,1201,106,2024-12-29 22:25:49.384403
10192,0000,1200,106,2024-12-29 22:25:49.400402
48844,0000,1201,106,2024-12-29 22:25:49.416403
03120,0000,1200,106,2024-12-29 22:25:49.448152
24579,0001,1201,106,2024-12-29 22:25:49.464394
28661,0000,1201,106,2024-12-29 22:25:49.480388
05330,0000,1201,106,2024-12-29 22:25:49.496395
20161,0000,1201,106,2024-12-29 22:25:49.512393
07969,0000,1201,106,2024-12-29 22:25:49.528378
66058,0000,1201,106,2024-12-29 22:25:49.544373
41771,0000,1201,106,2024-12-29 22:25:49.560389
17721,0000,1201,106,2024-12-29 22:25:49.576372
01218,0000,1201,106,2024-12-29 22:25:49.607769
30702,0000,1201,106,2024-12-29 22:25:49.624370
37151,0000,1200,106,2024-12-29 22:25:49.640371
01948,0000,1201,106,2024-12-29 22:25:49.656357
04547,0000,1201,106,2024-12-29 22:25:49.672354
10513,0000,1200,106,2024-12-29 22:25:49.688352
01945,0000,1201,106,2024-12-29 22:25:49.704346
27566,0000,1201,106,2024-12-29 22:25:49.720343
19547,0000,1201,106,2024-12-29 22:25:49.736337
01295,0000,1200,106,2024-12-29 22:25:49.752344
37036,0000,1201,106,2024-12-29 22:25:49.784174
23093,0000,1200,106,2024-12-29 22:25:49.800332
25496,0000,1201,106,2024-12-29 22:25:49.816319
06845,0000,1201,106,2024-12-29 22:25:49.832321
05193,0000,1201,106,2024-12-29 22:25:49.848313
15177,0000,1201,106,2024-12-29 22:25:49.864313
04680,0000,1201,106,2024-12-29 22:25:49.880313
27143,0000,1201,106,2024-12-29 22:25:49.896318
05429,0000,1201,106,2024-12-29 22:25:49.912303
04345,0000,1201,106,2024-12-29 22:25:49.943811
51454,0000,1200,106,2024-12-29 22:25:49.960294
03662,0000,1201,106,2024-12-29 22:25:49.976288
13301,0000,1201,106,2024-12-29 22:25:49.992298
26282,0000,1201,106,2024-12-29 22:25:50.008295
03600,0000,1201,106,2024-12-29 22:25:50.024277
33643,0000,1201,106,2024-12-29 22:25:50.040282
04040,0000,1201,106,2024-12-29 22:25:50.056277
16952,0000,1201,106,2024-12-29 22:25:50.072270
09905,0000,1201,106,2024-12-29 22:25:50.088272
01016,0000,1201,106,2024-12-29 22:25:50.120206
00197,0000,1201,106,2024-12-29 22:25:50.136262
13703,0001,1200,106,2024-12-29 22:25:50.152256
01537,0000,1201,106,2024-12-29 22:25:50.168254
04854,0000,1201,106,2024-12-29 22:25:50.184251
28473,0000,1201,106,2024-12-29 22:25:50.200250
25767,0000,1201,106,2024-12-29 22:25:50.216252
00891,0000,1201,106,2024-12-29 22:25:50.232248
28726,0000,1201,106,2024-12-29 22:25:50.248265
10878,0000,1201,106,2024-12-29 22:25:50.279856
64414,0000,1201,106,2024-12-29 22:25:50.296245
03344,0000,1201,106,2024-12-29 22:25:50.312227
14680,0000,1201,106,2024-12-29 22:25:50.328226
05087,0000,1201,106,2024-12-29 22:25:50.344218
28691,0000,1201,106,2024-12-29 22:25:50.360213
01036,0000,1201,106,2024-12-29 22:25:50.376217
02843,0000,1201,106,2024-12-29 22:25:50.392212
01422,0000,1201,106,2024-12-29 22:25:50.408217
02993,0000,1201,106,2024-12-29 22:25:50.424204
02149,0000,1201,106,2024-12-29 22:25:50.456201
01507,0000,1201,106,2024-12-29 22:25:50.472198
15082,0000,1201,106,2024-12-29 22:25:50.488193
03650,0000,1201,106,2024-12-29 22:25:50.504191
04599,0000,1201,106,2024-12-29 22:25:50.520185
03896,0000,1201,106,2024-12-29 22:25:50.536187
04443,0000,1201,106,2024-12-29 22:25:50.552178
03877,0000,1201,106,2024-12-29 22:25:50.568180
03438,0000,1201,106,2024-12-29 22:25:50.584172
09845,0000,1201,106,2024-12-29 22:25:50.615849
05239,0000,1201,106,2024-12-29 22:25:50.632169
03852,0000,1201,106,2024-12-29 22:25:50.648160
31212,0000,1201,106,2024-12-29 22:25:50.664162
01425,0000,1201,106,2024-12-29 22:25:50.680161
12352,0001,1201,106,2024-12-29 22:25:50.696169
20897,0000,1201,106,2024-12-29 22:25:50.712166
62789,0000,1201,106,2024-12-29 22:25:50.728168
34016,0000,1201,106,2024-12-29 22:25:50.744171
13444,0000,1201,106,2024-12-29 22:25:50.775528
04602,0000,1200,106,2024-12-29 22:25:50.792182
30597,0000,1201,106,2024-12-29 22:25:50.808182
25400,0000,1201,106,2024-12-29 22:25:50.824184
04406,0000,1201,106,2024-12-29 22:25:50.840183
00472,0000,1201,106,2024-12-29 22:25:50.856185
40957,0000,1201,106,2024-12-29 22:25:50.872117
13729,0000,1201,106,2024-12-29 22:25:50.888114
20671,0000,1201,106,2024-12-29 22:25:50.904113
01380,0000,1201,106,2024-12-29 22:25:50.920110
02724,0000,1201,106,2024-12-29 22:25:50.951889
01860,0000,1201,106,2024-12-29 22:25:50.968098
42183,0000,1201,106,2024-12-29 22:25:50.984098
03769,0000,1201,106,2024-12-29 22:25:51.000086
59098,0000,1201,106,2024-12-29 22:25:51.016082
04156,0000,1201,106,2024-12-29 22:25:51.032084
02210,0001,1201,106,2024-12-29 22:25:51.048087
03132,0000,1201,106,2024-12-29 22:25:51.064097
49164,0000,1201,106,2024-12-29 22:25:51.080071
00235,0000,1201,106,2024-12-29 22:25:51.111533
02846,0000,1201,106,2024-12-29 22:25:51.128066
21643,0000,1201,106,2024-12-29 22:25:51.144060
01066,0000,1201,106,2024-12-29 22:25:51.160060
10697,0000,1201,106,2024-12-29 22:25:51.176058
09370,0000,1201,106,2024-12-29 22:25:51.192045
03692,0000,1201,106,2024-12-29 22:25:51.208048
05008,0000,1201,106,2024-12-29 22:25:51.224053
03920,0000,1201,106,2024-12-29 22:25:51.240050
09205,0000,1201,106,2024-12-29 22:25:51.256034
48889,0001,1201,106,2024-12-29 22:25:51.287900
04644,0000,1201,106,2024-12-29 22:25:51.304025
05461,0000,1201,106,2024-12-29 22:25:51.320029
35359,0000,1201,106,2024-12-29 22:25:51.336025
05854,0000,1201,106,2024-12-29 22:25:51.352014
00355,0000,1201,106,2024-12-29 22:25:51.368018
24829,0000,1201,106,2024-12-29 22:25:51.384011
25833,0000,1201,106,2024-12-29 22:25:51.400015
49180,0000,1201,106,2024-12-29 22:25:51.416004
01975,0000,1201,106,2024-12-29 22:25:51.447556
25399,0000,1201,106,2024-12-29 22:25:51.463996
03679,0000,1201,106,2024-12-29 22:25:51.479993
26426,0000,1201,106,2024-12-29 22:25:51.495996
13221,0000,1201,106,2024-12-29 22:25:51.511990
13249,0000,1201,106,2024-12-29 22:25:51.527985
24458,0000,1201,106,2024-12-29 22:25:51.543994
01480,0000,1201,106,2024-12-29 22:25:51.560000
21416,0000,1201,106,2024-12-29 22:25:51.576003
01107,0000,1201,106,2024-12-29 22:25:51.591970
02133,0000,1201,106,2024-12-29 22:25:51.623925
02960,0000,1201,106,2024-12-29 22:25:51.639970
07647,0000,1201,106,2024-12-29 22:25:51.655962
02327,0000,1201,106,2024-12-29 22:25:51.671964
58178,0000,1201,106,2024-12-29 22:25:51.687957
04103,0000,1201,106,2024-12-29 22:25:51.703956
01284,0000,1201,106,2024-12-29 22:25:51.719948
01535,0000,1201,106,2024-12-29 22:25:51.735950
03376,0000,1201,106,2024-12-29 22:25:51.751952
12340,0000,1201,106,2024-12-29 22:25:51.783585
25564,0000,1202,106,2024-12-29 22:25:51.799939
36101,0000,1201,106,2024-12-29 22:25:51.815929
00687,0000,1201,106,2024-12-29 22:25:51.831931
08986,0000,1201,106,2024-12-29 22:25:51.847934
00568,0000,1201,106,2024-12-29 22:25:51.863913
01374,0000,1201,106,2024-12-29 22:25:51.879919
02761,0000,1201,106,2024-12-29 22:25:51.895918
30034,0000,1201,106,2024-12-29 22:25:51.911919
01834,0000,1201,106,2024-12-29 22:25:51.927907
05270,0000,1201,106,2024-12-29 22:25:51.959910
04319,0000,1201,106,2024-12-29 22:25:51.975899
03463,0000,1201,106,2024-12-29 22:25:51.991900
02312,0000,1201,106,2024-12-29 22:25:52.007896
04488,0000,1201,106,2024-12-29 22:25:52.023896
37676,0000,1201,106,2024-12-29 22:25:52.039881
19317,0000,1201,106,2024-12-29 22:25:52.055883
15147,0000,1201,106,2024-12-29 22:25:52.071883
00493,0001,1201,106,2024-12-29 22:25:52.087879
03021,0000,1201,106,2024-12-29 22:25:52.119591
24224,0000,1201,106,2024-12-29 22:25:52.135862
05403,0000,1201,106,2024-12-29 22:25:52.151868
00709,0000,1201,106,2024-12-29 22:25:52.167860
03833,0000,1201,106,2024-12-29 22:25:52.183860
21982,0000,1201,106,2024-12-29 22:25:52.199857
15637,0000,1201,106,2024-12-29 22:25:52.215855
07710,0000,1201,106,2024-12-29 22:25:52.231866
09774,0000,1201,106,2024-12-29 22:25:52.247862
32165,0000,1201,106,2024-12-29 22:25:52.279254
04551,0000,1201,106,2024-12-29 22:25:52.295844
44710,0000,1202,106,2024-12-29 22:25:52.311835
18688,0000,1202,106,2024-12-29 22:25:52.327834
26046,0000,1201,106,2024-12-29 22:25:52.343831
03814,0000,1201,106,2024-12-29 22:25:52.359833
12470,0000,1201,106,2024-12-29 22:25:52.375818
40053,0000,1201,106,2024-12-29 22:25:52.391826
23088,0001,1201,106,2024-12-29 22:25:52.407814
01965,0000,1201,106,2024-12-29 22:25:52.423824
33936,0000,1201,106,2024-12-29 22:25:52.455633
07542,0000,1202,106,2024-12-29 22:25:52.471803
21738,0000,1201,106,2024-12-29 22:25:52.487809
02928,0000,1201,106,2024-12-29 22:25:52.503797
01181,0000,1201,106,2024-12-29 22:25:52.519796
28013,0000,1201,106,2024-12-29 22:25:52.535788
19109,0000,1201,106,2024-12-29 22:25:52.551792
00776,0000,1202,106,2024-12-29 22:25:52.567787
40255,0000,1202,106,2024-12-29 22:25:52.583777
39303,0000,1201,106,2024-12-29 22:25:52.615290
02843,0000,1201,106,2024-12-29 22:25:52.631784
27713,0000,1201,106,2024-12-29 22:25:52.647772
13024,0000,1201,106,2024-12-29 22:25:52.663765
24835,0000,1201,106,2024-12-29 22:25:52.679765
05391,0000,1201,106,2024-12-29 22:25:52.695762
03826,0000,1201,106,2024-12-29 22:25:52.711761
04389,0000,1202,106,2024-12-29 22:25:52.727753
02682,0000,1202,106,2024-12-29 22:25:52.743757
20489,0000,1201,106,2024-12-29 22:25:52.759759
28042,0000,1201,106,2024-12-29 22:25:52.791656
06706,0000,1201,106,2024-12-29 22:25:52.807739
13046,0000,1201,106,2024-12-29 22:25:52.823726
24094,0000,1201,106,2024-12-29 22:25:52.839731
04431,0000,1201,106,2024-12-29 22:25:52.855726
03044,0000,1201,106,2024-12-29 22:25:52.871729
20393,0000,1201,106,2024-12-29 22:25:52.887718
49046,0000,1201,106,2024-12-29 22:25:52.903725
04275,0000,1201,106,2024-12-29 22:25:52.919713
04120,0000,1201,106,2024-12-29 22:25:52.951286
03038,0000,1202,106,2024-12-29 22:25:52.967708
34518,0000,1201,106,2024-12-29 22:25:52.983705
00211,0000,1201,106,2024-12-29 22:25:52.999704
66754,0000,1201,106,2024-12-29 22:25:53.015705
37880,0000,1201,106,2024-12-29 22:25:53.031693
40958,0000,1201,106,2024-12-29 22:25:53.047688
14649,0001,1202,106,2024-12-29 22:25:53.063692
02615,0000,1201,106,2024-12-29 22:25:53.079686
29378,0000,1201,106,2024-12-29 22:25:53.095694
01987,0000,1201,106,2024-12-29 22:25:53.127675
00303,0000,1202,106,2024-12-29 22:25:53.143679
06775,0000,1201,106,2024-12-29 22:25:53.159683
04251,0000,1201,106,2024-12-29 22:25:53.175674
05085,0000,1202,106,2024-12-29 22:25:53.191665
45548,0000,1202,106,2024-12-29 22:25:53.207664
02462,0000,1201,106,2024-12-29 22:25:53.223661
16791,0000,1202,106,2024-12-29 22:25:53.239676
54070,0000,1201,106,2024-12-29 22:25:53.255662
36244,0000,1202,106,2024-12-29 22:25:53.287312
00388,0000,1202,106,2024-12-29 22:25:53.303649
04376,0000,1202,106,2024-12-29 22:25:53.319636
24751,0000,1202,106,2024-12-29 22:25:53.335630
02988,0000,1202,106,2024-12-29 22:25:53.351628
01337,0000,1201,106,2024-12-29 22:25:53.367630
03729,0000,1202,106,2024-12-29 22:25:53.383626
24003,0000,1201,106,2024-12-29 22:25:53.399627
02813,0000,1201,106,2024-12-29 22:25:53.415624
04052,0001,1202,106,2024-12-29 22:25:53.446954
49091,0000,1202,106,2024-12-29 22:25:53.463608
03960,0000,1201,106,2024-12-29 22:25:53.479605
51604,0000,1202,106,2024-12-29 22:25:53.495593
02679,0000,1202,106,2024-12-29 22:25:53.511606
18665,0000,1201,106,2024-12-29 22:25:53.527600
01236,0000,1201,106,2024-12-29 22:25:53.543602
33314,0000,1202,106,2024-12-29 22:25:53.559587
01960,0000,1201,106,2024-12-29 22:25:53.575589
03058,0000,1201,106,2024-12-29 22:25:53.591582
31557,0000,1202,106,2024-12-29 22:25:53.623348
01538,0000,1202,106,2024-12-29 22:25:53.639577
60882,0000,1202,106,2024-12-29 22:25:53.655569
30518,0000,1202,106,2024-12-29 22:25:53.671573
27794,0000,1201,106,2024-12-29 22:25:53.687569
05035,0000,1201,106,2024-12-29 22:25:53.703560
04513,0000,1201,106,2024-12-29 22:25:53.719562
02830,0000,1202,106,2024-12-29 22:25:53.735556
03591,0000,1202,106,2024-12-29 22:25:53.751560
04217,0000,1202,106,2024-12-29 22:25:53.782991
39981,0000,1202,106,2024-12-29 22:25:53.799554
03309,0000,1202,106,2024-12-29 22:25:53.815558
48264,0000,1202,106,2024-12-29 22:25:53.831556
54954,0000,1202,106,2024-12-29 22:25:53.847551
17787,0000,1202,106,2024-12-29 22:25:53.863558
05142,0001,1201,106,2024-12-29 22:25:53.879562
05119,0000,1201,106,2024-12-29 22:25:53.895567
26588,0000,1202,106,2024-12-29 22:25:53.911571
26846,0000,1202,106,2024-12-29 22:25:53.927574
02097,0000,1202,106,2024-12-29 22:25:53.959414
01419,0000,1202,106,2024-12-29 22:25:53.975571
67803,0000,1202,106,2024-12-29 22:25:53.991577
02271,0000,1202,106,2024-12-29 22:25:54.007501
35707,0000,1202,106,2024-12-29 22:25:54.023509
04522,0000,1202,106,2024-12-29 22:25:54.039497
14669,0000,1202,106,2024-12-29 22:25:54.055489
04125,0000,1202,106,2024-12-29 22:25:54.071491
14249,0001,1202,106,2024-12-29 22:25:54.087482
26353,0000,1202,106,2024-12-29 22:25:54.119004
00401,0000,1202,106,2024-12-29 22:25:54.135481
05128,0000,1202,106,2024-12-29 22:25:54.151473
00412,0000,1202,106,2024-12-29 22:25:54.167474
44167,0000,1202,106,2024-12-29 22:25:54.183475
00762,0000,1202,106,2024-12-29 22:25:54.199463
50865,0000,1202,106,2024-12-29 22:25:54.215468
01329,0000,1202,106,2024-12-29 22:25:54.231454
55719,0000,1202,106,2024-12-29 22:25:54.247486
04377,0000,1202,106,2024-12-29 22:25:54.263462
03788,0000,1202,106,2024-12-29 22:25:54.295394
28925,0000,1202,106,2024-12-29 22:25:54.311453
34562,0000,1202,106,2024-12-29 22:25:54.327445
03614,0000,1202,106,2024-12-29 22:25:54.343436
05272,0000,1202,106,2024-12-29 22:25:54.359428
13079,0000,1202,106,2024-12-29 22:25:54.375434
10004,0000,1202,106,2024-12-29 22:25:54.391425
03644,0000,1202,106,2024-12-29 22:25:54.407428
04593,0000,1202,106,2024-12-29 22:25:54.423419
04082,0001,1202,106,2024-12-29 22:25:54.455030
16497,0000,1202,106,2024-12-29 22:25:54.471418
02214,0000,1202,106,2024-12-29 22:25:54.487412
02826,0000,1202,106,2024-12-29 22:25:54.503412
02234,0001,1202,106,2024-12-29 22:25:54.519405
04467,0000,1202,106,2024-12-29 22:25:54.535412
17322,0000,1202,106,2024-12-29 22:25:54.551396
01427,0000,1202,106,2024-12-29 22:25:54.567400
05495,0000,1202,106,2024-12-29 22:25:54.583403
03530,0000,1202,106,2024-12-29 22:25:54.599387
01547,0000,1202,106,2024-12-29 22:25:54.631381
52989,0000,1202,106,2024-12-29 22:25:54.647381
32444,0000,1202,106,2024-12-29 22:25:54.663380
21514,0000,1202,106,2024-12-29 22:25:54.679377
45540,0000,1202,106,2024-12-29 22:25:54.695376
07220,0000,1202,106,2024-12-29 22:25:54.711379
01421,0000,1202,106,2024-12-29 22:25:54.727366
48860,0000,1202,106,2024-12-29 22:25:54.743366
00497,0000,1202,106,2024-12-29 22:25:54.759357
54938,0000,1202,106,2024-12-29 22:25:54.791072
05077,0000,1202,106,2024-12-29 22:25:54.807359
00899,0001,1202,106,2024-12-29 22:25:54.823343
22955,0000,1202,106,2024-12-29 22:25:54.839349
42366,0000,1202,106,2024-12-29 22:25:54.855338
48816,0000,1202,106,2024-12-29 22:25:54.871339
14410,0000,1202,106,2024-12-29 22:25:54.887334
03643,0000,1202,106,2024-12-29 22:25:54.903334
30064,0000,1202,106,2024-12-29 22:25:54.919328
16115,0000,1202,106,2024-12-29 22:25:54.950710
02123,0000,1202,106,2024-12-29 22:25:54.967327
00569,0000,1202,106,2024-12-29 22:25:54.983325
03617,0001,1202,106,2024-12-29 22:25:54.999306
05154,0000,1202,106,2024-12-29 22:25:55.015314
04333,0000,1202,106,2024-12-29 22:25:55.031303
40147,0000,1202,106,2024-12-29 22:25:55.047303
10725,0000,1202,106,2024-12-29 22:25:55.063296
04416,0000,1202,106,2024-12-29 22:25:55.079294
35318,0000,1202,106,2024-12-29 22:25:55.095297
01901,0000,1202,106,2024-12-29 22:25:55.127091
19906,0000,1202,106,2024-12-29 22:25:55.143287
01452,0001,1202,106,2024-12-29 22:25:55.159282
02258,0000,1202,106,2024-12-29 22:25:55.175274
03137,0000,1202,106,2024-12-29 22:25:55.191272
53086,0000,1202,106,2024-12-29 22:25:55.207268
02103,0000,1202,106,2024-12-29 22:25:55.223276
03344,0000,1202,106,2024-12-29 22:25:55.239281
04083,0000,1202,106,2024-12-29 22:25:55.255264
05347,0000,1202,106,2024-12-29 22:25:55.286736
11490,0000,1202,106,2024-12-29 22:25:55.303252
44877,0000,1202,106,2024-12-29 22:25:55.319254
23022,0000,1202,106,2024-12-29 22:25:55.335243
06192,0000,1202,106,2024-12-29 22:25:55.351250
32936,0000,1202,106,2024-12-29 22:25:55.367248
20857,0000,1202,106,2024-12-29 22:25:55.383231
09155,0000,1202,106,2024-12-29 22:25:55.399236
05403,0000,1202,106,2024-12-29 22:25:55.415228
02224,0000,1202,106,2024-12-29 22:25:55.431228
32862,0000,1202,106,2024-12-29 22:25:55.463113
11097,0000,1202,106,2024-12-29 22:25:55.479223
02300,0000,1202,106,2024-12-29 22:25:55.495223
22258,0000,1202,106,2024-12-29 22:25:55.511210
03610,0000,1202,106,2024-12-29 22:25:55.527209
33080,0000,1202,106,2024-12-29 22:25:55.543201
01403,0000,1202,106,2024-12-29 22:25:55.559212
08466,0000,1202,106,2024-12-29 22:25:55.575196
22419,0000,1202,106,2024-12-29 22:25:55.591203
26199,0000,1202,106,2024-12-29 22:25:55.622758
02159,0001,1202,106,2024-12-29 22:25:55.639180
02170,0000,1202,106,2024-12-29 22:25:55.655182
02089,0000,1202,106,2024-12-29 22:25:55.671179
10787,0000,1202,106,2024-12-29 22:25:55.687178
33073,0000,1201,106,2024-12-29 22:25:55.703176
01737,0000,1202,106,2024-12-29 22:25:55.719186
56758,0000,1202,106,2024-12-29 22:25:55.735169
00272,0000,1202,106,2024-12-29 22:25:55.751174
07352,0000,1202,106,2024-12-29 22:25:55.767181
01400,0000,1202,106,2024-12-29 22:25:55.799133
05238,0000,1202,106,2024-12-29 22:25:55.815151
42567,0000,1202,106,2024-12-29 22:25:55.831150
32902,0000,1202,106,2024-12-29 22:25:55.847140
35685,0000,1202,106,2024-12-29 22:25:55.863143
01079,0000,1202,106,2024-12-29 22:25:55.879143
43802,0000,1202,106,2024-12-29 22:25:55.895143
03163,0000,1202,106,2024-12-29 22:25:55.911132
36359,0000,1202,106,2024-12-29 22:25:55.927133
03032,0000,1202,106,2024-12-29 22:25:55.958778
62419,0000,1202,106,2024-12-29 22:25:55.975131
05426,0000,1202,106,2024-12-29 22:25:55.991115
03633,0001,1202,106,2024-12-29 22:25:56.007120
27888,0000,1202,106,2024-12-29 22:25:56.023115
26748,0000,1202,106,2024-12-29 22:25:56.039114
01063,0000,1202,106,2024-12-29 22:25:56.055115
03059,0000,1202,106,2024-12-29 22:25:56.071122
11013,0000,1202,106,2024-12-29 22:25:56.087103
35396,0000,1202,106,2024-12-29 22:25:56.118406
03868,0000,1202,106,2024-12-29 22:25:56.135100
04549,0000,1202,106,2024-12-29 22:25:56.151101
25168,0000,1202,106,2024-12-29 22:25:56.167080
41012,0001,1202,106,2024-12-29 22:25:56.183088
12778,0000,1202,106,2024-12-29 22:25:56.199088
03771,0000,1202,106,2024-12-29 22:25:56.215086
03864,0000,1202,106,2024-12-29 22:25:56.231081
28487,0000,1202,106,2024-12-29 22:25:56.247090
01242,0000,1202,106,2024-12-29 22:25:56.263081
42254,0000,1202,106,2024-12-29 22:25:56.294825
05366,0000,1202,106,2024-12-29 22:25:56.311075
02234,0000,1202,106,2024-12-29 22:25:56.327065
29123,0000,1202,106,2024-12-29 22:25:56.343056
27184,0000,1202,106,2024-12-29 22:25:56.359054
07695,0000,1202,106,2024-12-29 22:25:56.375044
05221,0000,1202,106,2024-12-29 22:25:56.391046
25439,0000,1202,106,2024-12-29 22:25:56.407043
02638,0000,1202,106,2024-12-29 22:25:56.423042
02224,0000,1202,106,2024-12-29 22:25:56.454433
05223,0000,1202,106,2024-12-29 22:25:56.471032
01382,0000,1202,106,2024-12-29 22:25:56.487029
09066,0000,1202,106,2024-12-29 22:25:56.503023
05157,0000,1202,106,2024-12-29 22:25:56.519022
09196,0000,1202,106,2024-12-29 22:25:56.535016
05082,0000,1202,106,2024-12-29 22:25:56.551025
04286,0000,1202,106,2024-12-29 22:25:56.567215
59202,0001,1202,106,2024-12-29 22:25:56.583033
12870,0000,1202,106,2024-12-29 22:25:56.599007
27514,0000,1202,106,2024-12-29 22:25:56.630827
04674,0000,1202,106,2024-12-29 22:25:56.646989
00659,0000,1202,106,2024-12-29 22:25:56.662993
22927,0000,1202,106,2024-12-29 22:25:56.678980
28843,0000,1202,106,2024-12-29 22:25:56.694983
05134,0000,1202,106,2024-12-29 22:25:56.710972
44661,0000,1202,106,2024-12-29 22:25:56.726983
40928,0000,1203,106,2024-12-29 22:25:56.742974
55063,0000,1202,106,2024-12-29 22:25:56.758972
13781,0000,1202,106,2024-12-29 22:25:56.790481
13972,0000,1202,106,2024-12-29 22:25:56.806962
02219,0000,1202,106,2024-12-29 22:25:56.822958
25867,0000,1202,106,2024-12-29 22:25:56.838960
01244,0000,1202,106,2024-12-29 22:25:56.854957
04649,0000,1202,106,2024-12-29 22:25:56.870949
01339,0000,1202,106,2024-12-29 22:25:56.886948
29214,0000,1202,106,2024-12-29 22:25:56.902944
11821,0000,1202,106,2024-12-29 22:25:56.918940
04758,0000,1202,106,2024-12-29 22:25:56.934941
21202,0000,1202,106,2024-12-29 22:25:56.966881
20629,0000,1202,106,2024-12-29 22:25:56.982949
02114,0000,1202,106,2024-12-29 22:25:56.998952
03023,0000,1202,106,2024-12-29 22:25:57.014953
01073,0000,1202,106,2024-12-29 22:25:57.030950
14459,0000,1202,106,2024-12-29 22:25:57.046953
04598,0000,1202,106,2024-12-29 22:25:57.062957
03708,0000,1202,106,2024-12-29 22:25:57.078959
05208,0000,1202,106,2024-12-29 22:25:57.094961
21602,0000,1202,106,2024-12-29 22:25:57.126473
13383,0000,1202,106,2024-12-29 22:25:57.142897
28338,0000,1203,106,2024-12-29 22:25:57.158887
25148,0000,1202,106,2024-12-29 22:25:57.174891
22214,0000,1202,106,2024-12-29 22:25:57.190888
00724,0000,1202,106,2024-12-29 22:25:57.206886
02982,0000,1202,106,2024-12-29 22:25:57.222885
15340,0000,1202,106,2024-12-29 22:25:57.238901
02923,0000,1203,106,2024-12-29 22:25:57.254872
02916,0000,1202,106,2024-12-29 22:25:57.270876
00432,0000,1203,106,2024-12-29 22:25:57.302878
05437,0000,1202,106,2024-12-29 22:25:57.318883
04394,0000,1203,106,2024-12-29 22:25:57.334860
01673,0000,1202,106,2024-12-29 22:25:57.350855
03848,0000,1203,106,2024-12-29 22:25:57.366864
16728,0000,1203,106,2024-12-29 22:25:57.382852
01546,0000,1202,106,2024-12-29 22:25:57.398844
04462,0000,1203,106,2024-12-29 22:25:57.414847
29292,0001,1202,106,2024-12-29 22:25:57.430838
00264,0000,1203,106,2024-12-29 22:25:57.462539
00265,0000,1203,106,2024-12-29 22:25:57.478832
25235,0000,1202,106,2024-12-29 22:25:57.494821
24088,0000,1202,106,2024-12-29 22:25:57.510827
00701,0000,1202,106,2024-12-29 22:25:57.526817
01544,0000,1202,106,2024-12-29 22:25:57.542823
23557,0000,1202,106,2024-12-29 22:25:57.558822
18219,0000,1202,106,2024-12-29 22:25:57.574836
32473,0000,1202,106,2024-12-29 22:25:57.590825
05175,0000,1202,106,2024-12-29 22:25:57.622150
03527,0000,1203,106,2024-12-29 22:25:57.638808
30108,0000,1202,106,2024-12-29 22:25:57.654808
00654,0000,1203,106,2024-12-29 22:25:57.670810
59163,0000,1202,106,2024-12-29 22:25:57.686790
20986,0000,1202,106,2024-12-29 22:25:57.702803
05121,0000,1202,106,2024-12-29 22:25:57.718802
05347,0000,1202,106,2024-12-29 22:25:57.734781
21843,0000,1203,106,2024-12-29 22:25:57.750788
30812,0000,1203,106,2024-12-29 22:25:57.766778
28665,0000,1203,106,2024-12-29 22:25:57.798560
03923,0000,1202,106,2024-12-29 22:25:57.814775
46485,0000,1202,106,2024-12-29 22:25:57.830770
27076,0000,1203,106,2024-12-29 22:25:57.846778
02176,0000,1203,106,2024-12-29 22:25:57.862762
08004,0000,1203,106,2024-12-29 22:25:57.878764
02059,0000,1202,106,2024-12-29 22:25:57.894755
04184,0000,1203,106,2024-12-29 22:25:57.910747
66793,0000,1203,106,2024-12-29 22:25:57.926754
04385,0000,1203,106,2024-12-29 22:25:57.958190
35513,0000,1202,106,2024-12-29 22:25:57.974738
04009,0000,1202,106,2024-12-29 22:25:57.990742
05393,0000,1203,106,2024-12-29 22:25:58.006725
01751,0000,1202,106,2024-12-29 22:25:58.022736
19321,0000,1203,106,2024-12-29 22:25:58.038725
21295,0000,1203,106,2024-12-29 22:25:58.054727
02880,0000,1202,106,2024-12-29 22:25:58.070722
21920,0000,1203,106,2024-12-29 22:25:58.086720
04627,0000,1203,106,2024-12-29 22:25:58.102725
27984,0000,1202,106,2024-12-29 22:25:58.134589
40058,0000,1202,106,2024-12-29 22:25:58.150706
37699,0000,1203,106,2024-12-29 22:25:58.166701
01433,0000,1202,106,2024-12-29 22:25:58.182691
05829,0000,1203,106,2024-12-29 22:25:58.198696
04557,0000,1203,106,2024-12-29 22:25:58.214690
03793,0000,1203,106,2024-12-29 22:25:58.230694
22610,0000,1203,106,2024-12-29 22:25:58.246706
12769,0000,1203,106,2024-12-29 22:25:58.262684
14970,0000,1203,106,2024-12-29 22:25:58.294213
24429,0000,1202,106,2024-12-29 22:25:58.310677
02195,0000,1203,106,2024-12-29 22:25:58.326674
15602,0000,1203,106,2024-12-29 22:25:58.342665
05350,0000,1203,106,2024-12-29 22:25:58.358655
48840,0000,1202,106,2024-12-29 22:25:58.374659
45802,0000,1203,106,2024-12-29 22:25:58.390650
25951,0000,1203,106,2024-12-29 22:25:58.406651
26384,0000,1203,106,2024-12-29 22:25:58.422649
15375,0000,1203,106,2024-12-29 22:25:58.438649
04536,0000,1203,106,2024-12-29 22:25:58.470603
00264,0000,1203,106,2024-12-29 22:25:58.486641
03609,0000,1203,106,2024-12-29 22:25:58.502649
30044,0000,1203,106,2024-12-29 22:25:58.518629
25957,0000,1203,106,2024-12-29 22:25:58.534622
35639,0000,1203,106,2024-12-29 22:25:58.550622
07213,0000,1203,106,2024-12-29 22:25:58.566625
05055,0000,1203,106,2024-12-29 22:25:58.582617
00524,0001,1202,106,2024-12-29 22:25:58.598610
04160,0000,1203,106,2024-12-29 22:25:58.630248
19982,0000,1202,106,2024-12-29 22:25:58.646605
02345,0000,1202,106,2024-12-29 22:25:58.662600
29338,0000,1203,106,2024-12-29 22:25:58.678599
25108,0000,1203,106,2024-12-29 22:25:58.694592
01432,0000,1202,106,2024-12-29 22:25:58.710599
04511,0000,1203,106,2024-12-29 22:25:58.726587
45506,0000,1203,106,2024-12-29 22:25:58.742592
00424,0000,1203,106,2024-12-29 22:25:58.758581
14021,0000,1203,106,2024-12-29 22:25:58.774585
02354,0000,1203,106,2024-12-29 22:25:58.806575
42650,0000,1202,106,2024-12-29 22:25:58.822569
27497,0000,1203,106,2024-12-29 22:25:58.838576
03495,0000,1203,106,2024-12-29 22:25:58.854564
54068,0000,1203,106,2024-12-29 22:25:58.870564
28555,0000,1203,106,2024-12-29 22:25:58.886561
48756,0000,1203,106,2024-12-29 22:25:58.902551
03109,0000,1203,106,2024-12-29 22:25:58.918552
44052,0000,1203,106,2024-12-29 22:25:58.934552
41074,0000,1203,106,2024-12-29 22:25:58.966256
36309,0000,1202,106,2024-12-29 22:25:58.982550
04414,0000,1203,106,2024-12-29 22:25:58.998544
11595,0000,1203,106,2024-12-29 22:25:59.014540
01048,0000,1203,106,2024-12-29 22:25:59.030531
20208,0000,1203,106,2024-12-29 22:25:59.046525
03819,0000,1203,106,2024-12-29 22:25:59.062523
63362,0000,1203,106,2024-12-29 22:25:59.078518
06076,0000,1203,106,2024-12-29 22:25:59.094516
00255,0000,1203,106,2024-12-29 22:25:59.125889
05330,0000,1203,106,2024-12-29 22:25:59.142504
01483,0000,1203,106,2024-12-29 22:25:59.158503
00647,0000,1202,106,2024-12-29 22:25:59.174499
02727,0000,1203,106,2024-12-29 22:25:59.190502
05332,0000,1203,106,2024-12-29 22:25:59.206492
19593,0000,1203,106,2024-12-29 22:25:59.222497
28179,0000,1203,106,2024-12-29 22:25:59.238510
23170,0000,1203,106,2024-12-29 22:25:59.254489
11810,0000,1203,106,2024-12-29 22:25:59.270487
20861,0000,1203,106,2024-12-29 22:25:59.302309
06966,0000,1203,106,2024-12-29 22:25:59.318471
05087,0000,1203,106,2024-12-29 22:25:59.334467
01260,0000,1203,106,2024-12-29 22:25:59.350464
01534,0000,1203,106,2024-12-29 22:25:59.366458
00662,0000,1203,106,2024-12-29 22:25:59.382453
11325,0000,1203,106,2024-12-29 22:25:59.398464
02913,0000,1203,106,2024-12-29 22:25:59.414446
02233,0000,1203,106,2024-12-29 22:25:59.430457
14074,0000,1203,106,2024-12-29 22:25:59.461929
28812,0000,1203,106,2024-12-29 22:25:59.478434
04823,0000,1203,106,2024-12-29 22:25:59.494431
40158,0000,1203,106,2024-12-29 22:25:59.510425
02170,0000,1203,106,2024-12-29 22:25:59.526428
03761,0000,1203,106,2024-12-29 22:25:59.542417
34069,0000,1203,106,2024-12-29 22:25:59.558421
21766,0000,1203,106,2024-12-29 22:25:59.574419
05235,0000,1203,106,2024-12-29 22:25:59.590405
02610,0000,1203,106,2024-12-29 22:25:59.606405
17224,0000,1203,106,2024-12-29 22:25:59.638330
02124,0001,1203,106,2024-12-29 22:25:59.654406
02149,0000,1203,106,2024-12-29 22:25:59.670404
03140,0000,1203,106,2024-12-29 22:25:59.686394
25585,0000,1203,106,2024-12-29 22:25:59.702390
47165,0000,1203,106,2024-12-29 22:25:59.718380
13884,0000,1203,106,2024-12-29 22:25:59.734383
05171,0000,1203,106,2024-12-29 22:25:59.750380
01659,0000,1203,106,2024-12-29 22:25:59.766374
04206,0000,1203,106,2024-12-29 22:25:59.797954
05966,0000,1203,106,2024-12-29 22:25:59.814366
43862,0000,1203,106,2024-12-29 22:25:59.830365
01941,0000,1203,106,2024-12-29 22:25:59.846361
00435,0000,1203,106,2024-12-29 22:25:59.862363
05407,0000,1203,106,2024-12-29 22:25:59.878350
05294,0000,1203,106,2024-12-29 22:25:59.894351
04518,0000,1203,106,2024-12-29 22:25:59.910346
31211,0000,1203,106,2024-12-29 22:25:59.926352
46318,0000,1203,106,2024-12-29 22:25:59.942341
40924,0000,1203,106,2024-12-29 22:25:59.974331
00723,0000,1203,106,2024-12-29 22:25:59.990328
02075,0001,1203,106,2024-12-29 22:26:00.006328
05104,0000,1202,106,2024-12-29 22:26:00.022316
13022,0000,1203,106,2024-12-29 22:26:00.038322
43190,0000,1203,106,2024-12-29 22:26:00.054323
01946,0000,1203,106,2024-12-29 22:26:00.070328
06257,0000,1203,106,2024-12-29 22:26:00.086325
04658,0000,1203,106,2024-12-29 22:26:00.102338
04597,0000,1203,106,2024-12-29 22:26:00.133985
34773,0000,1203,106,2024-12-29 22:26:00.150330
23196,0000,1203,106,2024-12-29 22:26:00.166333
43060,0000,1203,106,2024-12-29 22:26:00.182337
31973,0000,1203,106,2024-12-29 22:26:00.198339
01625,0001,1203,106,2024-12-29 22:26:00.214342
00514,0000,1203,106,2024-12-29 22:26:00.230352
01927,0000,1203,106,2024-12-29 22:26:00.246440
04079,0000,1203,106,2024-12-29 22:26:00.262290
04203,0000,1203,106,2024-12-29 22:26:00.293629
03693,0000,1203,106,2024-12-29 22:26:00.310268
53085,0000,1203,106,2024-12-29 22:26:00.326268
09877,0000,1203,106,2024-12-29 22:26:00.342259
03058,0000,1203,106,2024-12-29 22:26:00.358266
05330,0001,1203,106,2024-12-29 22:26:00.374250
19544,0000,1203,106,2024-12-29 22:26:00.390251
00692,0000,1203,106,2024-12-29 22:26:00.406242
01139,0000,1203,106,2024-12-29 22:26:00.422245
00172,0000,1203,106,2024-12-29 22:26:00.438248
03001,0000,1203,106,2024-12-29 22:26:00.470009
05165,0001,1203,106,2024-12-29 22:26:00.486224
37501,0000,1203,106,2024-12-29 22:26:00.502227
03038,0000,1203,106,2024-12-29 22:26:00.518220
02631,0000,1203,106,2024-12-29 22:26:00.534222
32345,0000,1203,106,2024-12-29 22:26:00.550228
33013,0000,1203,106,2024-12-29 22:26:00.566226
19857,0000,1203,106,2024-12-29 22:26:00.582212
29560,0000,1203,106,2024-12-29 22:26:00.598214
35377,0000,1203,106,2024-12-29 22:26:00.629646
02144,0000,1203,106,2024-12-29 22:26:00.646201
22237,0000,1203,106,2024-12-29 22:26:00.662193
03903,0000,1203,106,2024-12-29 22:26:00.678196
05361,0000,1203,106,2024-12-29 22:26:00.694191
04447,0001,1203,106,2024-12-29 22:26:00.710184
05191,0000,1203,106,2024-12-29 22:26:00.726177
25026,0000,1203,106,2024-12-29 22:26:00.742188
00126,0000,1203,106,2024-12-29 22:26:00.758176
18715,0000,1203,106,2024-12-29 22:26:00.774179
29486,0000,1203,106,2024-12-29 22:26:00.806027
19305,0000,1203,106,2024-12-29 22:26:00.822169
02868,0000,1203,106,2024-12-29 22:26:00.838176
30604,0000,1203,106,2024-12-29 22:26:00.854158
04100,0000,1204,106,2024-12-29 22:26:00.870150
19894,0000,1203,106,2024-12-29 22:26:00.886161
14498,0000,1203,106,2024-12-29 22:26:00.902148
03108,0000,1203,106,2024-12-29 22:26:00.918146
03585,0000,1203,106,2024-12-29 22:26:00.934143
04495,0000,1203,106,2024-12-29 22:26:00.965657
01075,0000,1203,106,2024-12-29 22:26:00.982141
01072,0000,1203,106,2024-12-29 22:26:00.998128
22509,0000,1203,106,2024-12-29 22:26:01.014136
05238,0000,1203,106,2024-12-29 22:26:01.030131
02939,0000,1203,106,2024-12-29 22:26:01.046122
12734,0000,1203,106,2024-12-29 22:26:01.062115
01955,0000,1203,106,2024-12-29 22:26:01.078115
01068,0000,1203,106,2024-12-29 22:26:01.094105
44839,0000,1203,106,2024-12-29 22:26:01.110105
00965,0000,1203,106,2024-12-29 22:26:01.142050
35677,0000,1204,106,2024-12-29 22:26:01.158098
01559,0000,1203,106,2024-12-29 22:26:01.174089
08951,0000,1203,106,2024-12-29 22:26:01.190096
54956,0000,1203,106,2024-12-29 22:26:01.206094
04479,0000,1203,106,2024-12-29 22:26:01.222098
30962,0000,1203,106,2024-12-29 22:26:01.238098
07602,0000,1203,106,2024-12-29 22:26:01.254087
32414,0000,1203,106,2024-12-29 22:26:01.270074
40056,0000,1203,106,2024-12-29 22:26:01.301685
03732,0000,1203,106,2024-12-29 22:26:01.318079
05400,0000,1203,106,2024-12-29 22:26:01.334075
10685,0000,1203,106,2024-12-29 22:26:01.350058
27002,0000,1203,106,2024-12-29 22:26:01.366056
04551,0000,1203,106,2024-12-29 22:26:01.382059
49846,0000,1203,106,2024-12-29 22:26:01.398051
00713,0000,1204,106,2024-12-29 22:26:01.414047
55875,0001,1203,106,2024-12-29 22:26:01.430049
34486,0000,1203,106,2024-12-29 22:26:01.446044
15170,0000,1204,106,2024-12-29 22:26:01.478033
05080,0000,1203,106,2024-12-29 22:26:01.494035
02281,0000,1203,106,2024-12-29 22:26:01.510030
00390,0000,1203,106,2024-12-29 22:26:01.526023
02062,0000,1203,106,2024-12-29 22:26:01.542019
16993,0000,1203,106,2024-12-29 22:26:01.558022
00796,0000,1203,106,2024-12-29 22:26:01.574012
27108,0000,1203,106,2024-12-29 22:26:01.590016
58290,0000,1203,106,2024-12-29 22:26:01.606020
53944,0000,1203,106,2024-12-29 22:26:01.637712
43305,0000,1203,106,2024-12-29 22:26:01.653999
51592,0000,1204,106,2024-12-29 22:26:01.670000
05281,0000,1203,106,2024-12-29 22:26:01.685995
05432,0000,1203,106,2024-12-29 22:26:01.702001
35541,0000,1203,106,2024-12-29 22:26:01.717990
04726,0000,1204,106,2024-12-29 22:26:01.733990
04599,0000,1204,106,2024-12-29 22:26:01.749991
10543,0000,1203,106,2024-12-29 22:26:01.765990
03871,0000,1203,106,2024-12-29 22:26:01.797368
49047,0000,1203,106,2024-12-29 22:26:01.813966
01958,0000,1204,106,2024-12-29 22:26:01.829969
29554,0000,1203,106,2024-12-29 22:26:01.845959
03078,0001,1203,106,2024-12-29 22:26:01.861960
10104,0000,1204,106,2024-12-29 22:26:01.877966
21558,0000,1204,106,2024-12-29 22:26:01.893951
03058,0000,1203,106,2024-12-29 22:26:01.909959
01456,0000,1203,106,2024-12-29 22:26:01.925948
17992,0000,1204,106,2024-12-29 22:26:01.941946
26555,0000,1203,106,2024-12-29 22:26:01.973740
06836,0000,1203,106,2024-12-29 22:26:01.989944
05293,0000,1203,106,2024-12-29 22:26:02.005945
03606,0000,1203,106,2024-12-29 22:26:02.021927
04434,0000,1203,106,2024-12-29 22:26:02.037922
29774,0000,1204,106,2024-12-29 22:26:02.053922
22329,0000,1203,106,2024-12-29 22:26:02.069917
00764,0000,1204,106,2024-12-29 22:26:02.085915
03900,0000,1204,106,2024-12-29 22:26:02.101911
05200,0000,1203,106,2024-12-29 22:26:02.133379
28551,0000,1203,106,2024-12-29 22:26:02.149909
02645,0000,1203,106,2024-12-29 22:26:02.165896
02797,0000,1203,106,2024-12-29 22:26:02.181901
25479,0000,1204,106,2024-12-29 22:26:02.197893
25472,0000,1203,106,2024-12-29 22:26:02.213890
26727,0000,1204,106,2024-12-29 22:26:02.229890
16911,0000,1203,106,2024-12-29 22:26:02.245908
20304,0000,1203,106,2024-12-29 22:26:02.261887
48146,0000,1204,106,2024-12-29 22:26:02.277875
03878,0000,1203,106,2024-12-29 22:26:02.309789
13270,0000,1204,106,2024-12-29 22:26:02.325868
01504,0000,1204,106,2024-12-29 22:26:02.341867
02747,0000,1204,106,2024-12-29 22:26:02.357861
13475,0000,1204,106,2024-12-29 22:26:02.373862
08850,0001,1203,106,2024-12-29 22:26:02.389867
27871,0000,1203,106,2024-12-29 22:26:02.405858
01070,0000,1203,106,2024-12-29 22:26:02.421855
10328,0000,1204,106,2024-12-29 22:26:02.437846
00613,0000,1203,106,2024-12-29 22:26:02.469403
26467,0000,1203,106,2024-12-29 22:26:02.485840
23956,0000,1203,106,2024-12-29 22:26:02.501841
03570,0000,1203,106,2024-12-29 22:26:02.517845
03813,0000,1203,106,2024-12-29 22:26:02.533830
27230,0000,1204,106,2024-12-29 22:26:02.549830
04509,0000,1204,106,2024-12-29 22:26:02.565824
27456,0000,1204,106,2024-12-29 22:26:02.581826
31711,0000,1203,106,2024-12-29 22:26:02.597821
02804,0000,1204,106,2024-12-29 22:26:02.613812
25913,0000,1204,106,2024-12-29 22:26:02.645809
53050,0000,1204,106,2024-12-29 22:26:02.661804
10003,0000,1204,106,2024-12-29 22:26:02.677798
01065,0000,1204,106,2024-12-29 22:26:02.693797
20610,0000,1204,106,2024-12-29 22:26:02.709796
22544,0000,1203,106,2024-12-29 22:26:02.725803
28325,0000,1204,106,2024-12-29 22:26:02.741792
01511,0000,1204,106,2024-12-29 22:26:02.757794
25516,0000,1203,106,2024-12-29 22:26:02.773796
00118,0000,1203,106,2024-12-29 22:26:02.805441
04467,0000,1204,106,2024-12-29 22:26:02.821783
01110,0000,1203,106,2024-12-29 22:26:02.837777
26365,0000,1204,106,2024-12-29 22:26:02.853772
00331,0000,1204,106,2024-12-29 22:26:02.869763
01347,0000,1204,106,2024-12-29 22:26:02.885763
01592,0000,1204,106,2024-12-29 22:26:02.901762
12108,0000,1204,106,2024-12-29 22:26:02.917768
08267,0000,1204,106,2024-12-29 22:26:02.933750
02216,0000,1203,106,2024-12-29 22:26:02.965079
30360,0000,1204,106,2024-12-29 22:26:02.981742
27175,0000,1204,106,2024-12-29 22:26:02.997740
01456,0000,1204,106,2024-12-29 22:26:03.013731
14111,0000,1204,106,2024-12-29 22:26:03.029731
57322,0000,1204,106,2024-12-29 22:26:03.045724
01989,0000,1204,106,2024-12-29 22:26:03.061722
17417,0000,1203,106,2024-12-29 22:26:03.077717
02940,0000,1204,106,2024-12-29 22:26:03.093718
53080,0000,1204,106,2024-12-29 22:26:03.109712
00200,0000,1203,106,2024-12-29 22:26:03.141454
25307,0000,1204,106,2024-12-29 22:26:03.157708
07143,0000,1203,106,2024-12-29 22:26:03.173706
00300,0000,1204,106,2024-12-29 22:26:03.189714
00515,0000,1204,106,2024-12-29 22:26:03.205710
04219,0000,1204,106,2024-12-29 22:26:03.221715
02155,0000,1204,106,2024-12-29 22:26:03.237737
13978,0000,1204,106,2024-12-29 22:26:03.253720
48804,0000,1204,106,2024-12-29 22:26:03.269720
25366,0000,1204,106,2024-12-29 22:26:03.301135
02850,0000,1204,106,2024-12-29 22:26:03.317735
50750,0000,1204,106,2024-12-29 22:26:03.333732
18539,0000,1204,106,2024-12-29 22:26:03.349737
01218,0000,1204,106,2024-12-29 22:26:03.365670
00650,0000,1204,106,2024-12-29 22:26:03.381670
09210,0000,1204,106,2024-12-29 22:26:03.397665
03587,0000,1204,106,2024-12-29 22:26:03.413664
08474,0000,1204,106,2024-12-29 22:26:03.429657
02182,0000,1204,106,2024-12-29 22:26:03.445658
05227,0000,1204,106,2024-12-29 22:26:03.477484
02809,0000,1204,106,2024-12-29 22:26:03.493637
08951,0000,1204,106,2024-12-29 22:26:03.509637
03051,0000,1204,106,2024-12-29 22:26:03.525633
00423,0000,1204,106,2024-12-29 22:26:03.541635
03345,0000,1204,106,2024-12-29 22:26:03.557642
03942,0000,1204,106,2024-12-29 22:26:03.573634
02995,0000,1204,106,2024-12-29 22:26:03.589647
00417,0000,1204,106,2024-12-29 22:26:03.605633
02041,0000,1204,106,2024-12-29 22:26:03.637137
28491,0000,1204,106,2024-12-29 22:26:03.653605
02510,0000,1204,106,2024-12-29 22:26:03.669610
02582,0000,1204,106,2024-12-29 22:26:03.685612
02488,0000,1204,106,2024-12-29 22:26:03.701600
01464,0000,1204,106,2024-12-29 22:26:03.717610
04511,0000,1204,106,2024-12-29 22:26:03.733597
01255,0000,1204,106,2024-12-29 22:26:03.749598
00750,0000,1204,106,2024-12-29 22:26:03.765583
32159,0000,1204,106,2024-12-29 22:26:03.781590
12378,0000,1204,106,2024-12-29 22:26:03.813527
04843,0000,1204,106,2024-12-29 22:26:03.829577
54236,0000,1204,106,2024-12-29 22:26:03.845565
05361,0000,1204,106,2024-12-29 22:26:03.861571
53988,0000,1204,106,2024-12-29 22:26:03.877562
23314,0000,1204,106,2024-12-29 22:26:03.893560
03632,0000,1204,106,2024-12-29 22:26:03.909555
01433,0000,1204,106,2024-12-29 22:26:03.925557
40152,0000,1203,106,2024-12-29 22:26:03.941556
09396,0000,1204,106,2024-12-29 22:26:03.973160
01497,0000,1204,106,2024-12-29 22:26:03.989547
02694,0000,1204,106,2024-12-29 22:26:04.005540
11394,0000,1204,106,2024-12-29 22:26:04.021530
02546,0000,1204,106,2024-12-29 22:26:04.037538
05148,0000,1204,106,2024-12-29 22:26:04.053530
49989,0000,1204,106,2024-12-29 22:26:04.069530
24074,0000,1204,106,2024-12-29 22:26:04.085523
01176,0000,1204,106,2024-12-29 22:26:04.101522
33976,0000,1204,106,2024-12-29 22:26:04.117514
03551,0000,1204,106,2024-12-29 22:26:04.149506
18721,0000,1204,106,2024-12-29 22:26:04.165516
04116,0000,1204,106,2024-12-29 22:26:04.181504
21096,0000,1204,106,2024-12-29 22:26:04.197503
23269,0000,1204,106,2024-12-29 22:26:04.213498
13510,0001,1204,106,2024-12-29 22:26:04.229502
59237,0000,1204,106,2024-12-29 22:26:04.245498
52990,0000,1204,106,2024-12-29 22:26:04.261493
