DIST,AMP,TEMP,VOLT,Timestamp
-0004,1672,1199,106,2024-12-30 05:54:13.854360
05502,1676,1199,106,2024-12-30 05:54:13.870408
23313,0000,1199,106,2024-12-30 05:54:13.886300
02026,0000,1199,106,2024-12-30 05:54:13.902261
27240,0000,1199,106,2024-12-30 05:54:13.918213
44902,0000,1198,106,2024-12-30 05:54:13.934193
00761,0000,1198,106,2024-12-30 05:54:13.950330
20427,0000,1199,106,2024-12-30 05:54:13.966316
03092,0000,1199,106,2024-12-30 05:54:13.982278
17986,0000,1198,106,2024-12-30 05:54:14.014182
03118,0000,1199,106,2024-12-30 05:54:14.030177
39341,0000,1199,106,2024-12-30 05:54:14.046174
02544,0000,1199,106,2024-12-30 05:54:14.062158
02000,0000,1199,106,2024-12-30 05:54:14.078158
00942,0000,1199,106,2024-12-30 05:54:14.094160
30433,0000,1199,106,2024-12-30 05:54:14.110153
25831,0000,1199,106,2024-12-30 05:54:14.126152
20627,0000,1199,106,2024-12-30 05:54:14.142149
64174,0000,1199,106,2024-12-30 05:54:14.173870
10085,0000,1199,106,2024-12-30 05:54:14.190139
66644,0000,1198,106,2024-12-30 05:54:14.206129
35538,0000,1199,106,2024-12-30 05:54:14.222131
36822,0000,1199,106,2024-12-30 05:54:14.238150
44196,0000,1199,106,2024-12-30 05:54:14.254120
01392,0000,1199,106,2024-12-30 05:54:14.270114
39475,0000,1198,106,2024-12-30 05:54:14.286113
05378,0001,1199,106,2024-12-30 05:54:14.302111
02718,0000,1198,106,2024-12-30 05:54:14.333514
59003,0000,1199,106,2024-12-30 05:54:14.350107
18750,0000,1199,106,2024-12-30 05:54:14.366127
04084,0000,1199,106,2024-12-30 05:54:14.382100
04542,0000,1199,106,2024-12-30 05:54:14.398089
60243,0000,1198,106,2024-12-30 05:54:14.414093
02904,0000,1199,106,2024-12-30 05:54:14.430098
36903,0000,1198,106,2024-12-30 05:54:14.446091
04705,0000,1198,106,2024-12-30 05:54:14.462084
04691,0000,1199,106,2024-12-30 05:54:14.478071
12331,0000,1199,106,2024-12-30 05:54:14.509893
17095,0000,1199,106,2024-12-30 05:54:14.526073
01555,0000,1199,106,2024-12-30 05:54:14.542065
09327,0000,1199,106,2024-12-30 05:54:14.558070
01819,0000,1198,106,2024-12-30 05:54:14.574055
00659,0000,1199,106,2024-12-30 05:54:14.590059
45854,0000,1199,106,2024-12-30 05:54:14.606058
04910,0000,1198,106,2024-12-30 05:54:14.622053
05462,0000,1198,106,2024-12-30 05:54:14.638052
18549,0000,1198,106,2024-12-30 05:54:14.669533
03724,0000,1198,106,2024-12-30 05:54:14.686051
00015,0000,1198,106,2024-12-30 05:54:14.702039
05287,0000,1199,106,2024-12-30 05:54:14.718038
02897,0001,1199,106,2024-12-30 05:54:14.734036
44468,0000,1198,106,2024-12-30 05:54:14.750040
15603,0000,1198,106,2024-12-30 05:54:14.766028
25800,0000,1199,106,2024-12-30 05:54:14.782028
06829,0000,1198,106,2024-12-30 05:54:14.798019
21959,0000,1198,106,2024-12-30 05:54:14.814020
08459,0000,1198,106,2024-12-30 05:54:14.845913
02905,0000,1198,106,2024-12-30 05:54:14.862008
49659,0000,1199,106,2024-12-30 05:54:14.877998
10028,0000,1198,106,2024-12-30 05:54:14.894003
15474,0001,1199,106,2024-12-30 05:54:14.909996
48925,0000,1199,106,2024-12-30 05:54:14.925989
04533,0000,1198,106,2024-12-30 05:54:14.941993
01062,0000,1198,106,2024-12-30 05:54:14.957995
02678,0000,1198,106,2024-12-30 05:54:14.973983
41673,0000,1198,106,2024-12-30 05:54:15.005560
36821,0000,1198,106,2024-12-30 05:54:15.021979
15871,0000,1198,106,2024-12-30 05:54:15.037967
07003,0000,1199,106,2024-12-30 05:54:15.053971
03071,0000,1198,106,2024-12-30 05:54:15.069965
52618,0000,1199,106,2024-12-30 05:54:15.085958
08472,0000,1199,106,2024-12-30 05:54:15.101953
03547,0000,1198,106,2024-12-30 05:54:15.117946
49064,0000,1198,106,2024-12-30 05:54:15.133946
53040,0000,1198,106,2024-12-30 05:54:15.149937
09957,0000,1198,106,2024-12-30 05:54:15.181931
26432,0000,1198,106,2024-12-30 05:54:15.197939
39343,0000,1198,106,2024-12-30 05:54:15.213942
24031,0000,1198,106,2024-12-30 05:54:15.229945
11649,0000,1198,106,2024-12-30 05:54:15.245935
02751,0000,1199,106,2024-12-30 05:54:15.261929
04588,0000,1199,106,2024-12-30 05:54:15.277927
27905,0000,1198,106,2024-12-30 05:54:15.293917
29394,0000,1198,106,2024-12-30 05:54:15.309916
04633,0000,1199,106,2024-12-30 05:54:15.341576
02806,0000,1198,106,2024-12-30 05:54:15.357916
63288,0000,1198,106,2024-12-30 05:54:15.373905
00715,0000,1198,106,2024-12-30 05:54:15.389894
13148,0000,1198,106,2024-12-30 05:54:15.405898
02273,0001,1198,106,2024-12-30 05:54:15.421889
25908,0000,1198,106,2024-12-30 05:54:15.437890
01573,0000,1198,106,2024-12-30 05:54:15.453884
42471,0000,1198,106,2024-12-30 05:54:15.469887
01899,0000,1198,106,2024-12-30 05:54:15.501236
03692,0000,1198,106,2024-12-30 05:54:15.517874
00950,0000,1198,106,2024-12-30 05:54:15.533871
13409,0000,1198,106,2024-12-30 05:54:15.549867
04609,0000,1198,106,2024-12-30 05:54:15.565867
42206,0000,1198,106,2024-12-30 05:54:15.581861
59889,0000,1198,106,2024-12-30 05:54:15.597866
00034,0000,1198,106,2024-12-30 05:54:15.613872
05015,0000,1198,106,2024-12-30 05:54:15.629851
09904,0000,1199,106,2024-12-30 05:54:15.645852
53109,0000,1198,106,2024-12-30 05:54:15.677619
25531,0000,1198,106,2024-12-30 05:54:15.693856
00778,0000,1198,106,2024-12-30 05:54:15.709848
00149,0000,1198,106,2024-12-30 05:54:15.725847
16914,0000,1198,106,2024-12-30 05:54:15.741847
04118,0000,1198,106,2024-12-30 05:54:15.757827
28693,0000,1199,106,2024-12-30 05:54:15.773830
23419,0000,1198,106,2024-12-30 05:54:15.789828
02527,0000,1198,106,2024-12-30 05:54:15.805823
24044,0000,1198,106,2024-12-30 05:54:15.837259
00475,0001,1198,106,2024-12-30 05:54:15.853807
14731,0001,1199,106,2024-12-30 05:54:15.869808
01558,0000,1198,106,2024-12-30 05:54:15.885797
49676,0000,1199,106,2024-12-30 05:54:15.901801
21109,0000,1198,106,2024-12-30 05:54:15.917794
00687,0000,1198,106,2024-12-30 05:54:15.933797
04146,0000,1198,106,2024-12-30 05:54:15.949790
17578,0001,1198,106,2024-12-30 05:54:15.965791
03211,0000,1198,106,2024-12-30 05:54:15.981785
01554,0000,1198,106,2024-12-30 05:54:16.013644
17365,0000,1198,106,2024-12-30 05:54:16.029795
18013,0000,1198,106,2024-12-30 05:54:16.045795
48761,0000,1198,106,2024-12-30 05:54:16.061790
57759,0000,1198,106,2024-12-30 05:54:16.077793
03774,0000,1198,106,2024-12-30 05:54:16.093794
06762,0000,1198,106,2024-12-30 05:54:16.109797
05497,0000,1198,106,2024-12-30 05:54:16.125795
16737,0000,1198,106,2024-12-30 05:54:16.141806
45784,0000,1198,106,2024-12-30 05:54:16.173317
00496,0000,1198,106,2024-12-30 05:54:16.189810
43220,0000,1198,106,2024-12-30 05:54:16.205809
13875,0000,1198,106,2024-12-30 05:54:16.221741
33852,0000,1198,106,2024-12-30 05:54:16.237751
47991,0000,1198,106,2024-12-30 05:54:16.253730
04845,0000,1198,106,2024-12-30 05:54:16.269727
02644,0000,1198,106,2024-12-30 05:54:16.285725
36226,0000,1198,106,2024-12-30 05:54:16.301730
02870,0001,1198,106,2024-12-30 05:54:16.317722
40733,0000,1198,106,2024-12-30 05:54:16.349663
09269,0000,1198,106,2024-12-30 05:54:16.365714
01514,0000,1198,106,2024-12-30 05:54:16.381713
06230,0000,1198,106,2024-12-30 05:54:16.397712
00590,0000,1198,106,2024-12-30 05:54:16.413714
24667,0000,1198,106,2024-12-30 05:54:16.429695
00373,0000,1198,106,2024-12-30 05:54:16.445705
02650,0000,1198,106,2024-12-30 05:54:16.461693
55083,0000,1198,106,2024-12-30 05:54:16.477696
06413,0000,1198,106,2024-12-30 05:54:16.509302
05215,0000,1198,106,2024-12-30 05:54:16.525686
04887,0000,1198,106,2024-12-30 05:54:16.541678
14073,0000,1198,106,2024-12-30 05:54:16.557676
05446,0000,1198,106,2024-12-30 05:54:16.573672
06265,0000,1198,106,2024-12-30 05:54:16.589665
04562,0000,1198,106,2024-12-30 05:54:16.605659
07733,0000,1198,106,2024-12-30 05:54:16.621662
04653,0000,1198,106,2024-12-30 05:54:16.637654
01739,0000,1198,106,2024-12-30 05:54:16.653658
04783,0000,1198,106,2024-12-30 05:54:16.685651
00690,0000,1198,106,2024-12-30 05:54:16.701643
59908,0001,1198,106,2024-12-30 05:54:16.717647
24333,0000,1198,106,2024-12-30 05:54:16.733645
21667,0000,1198,106,2024-12-30 05:54:16.749641
04491,0000,1198,106,2024-12-30 05:54:16.765633
18750,0000,1198,106,2024-12-30 05:54:16.781633
11368,0000,1198,106,2024-12-30 05:54:16.797638
24001,0000,1198,106,2024-12-30 05:54:16.813622
01486,0000,1198,106,2024-12-30 05:54:16.845338
21062,0000,1198,106,2024-12-30 05:54:16.861623
04661,0000,1198,106,2024-12-30 05:54:16.877613
55987,0000,1198,106,2024-12-30 05:54:16.893615
44197,0000,1198,106,2024-12-30 05:54:16.909613
03422,0000,1198,106,2024-12-30 05:54:16.925616
02070,0000,1198,106,2024-12-30 05:54:16.941601
02506,0000,1198,106,2024-12-30 05:54:16.957600
01680,0000,1198,106,2024-12-30 05:54:16.973591
03913,0000,1198,106,2024-12-30 05:54:17.004959
48166,0000,1198,106,2024-12-30 05:54:17.021590
05519,0000,1198,106,2024-12-30 05:54:17.037580
27354,0000,1198,106,2024-12-30 05:54:17.053588
51750,0000,1198,106,2024-12-30 05:54:17.069581
21033,0000,1198,106,2024-12-30 05:54:17.085582
04574,0000,1198,106,2024-12-30 05:54:17.101575
43195,0000,1198,106,2024-12-30 05:54:17.117573
57454,0000,1198,106,2024-12-30 05:54:17.133567
19231,0000,1198,106,2024-12-30 05:54:17.149560
09698,0000,1198,106,2024-12-30 05:54:17.181367
01919,0000,1198,106,2024-12-30 05:54:17.197564
20920,0000,1198,106,2024-12-30 05:54:17.213551
03755,0000,1198,106,2024-12-30 05:54:17.229548
25538,0000,1198,106,2024-12-30 05:54:17.245559
05439,0000,1198,106,2024-12-30 05:54:17.261543
66061,0000,1198,106,2024-12-30 05:54:17.277538
49150,0000,1198,106,2024-12-30 05:54:17.293541
02721,0000,1198,106,2024-12-30 05:54:17.309549
29755,0000,1198,106,2024-12-30 05:54:17.341020
62534,0000,1198,106,2024-12-30 05:54:17.357523
35682,0000,1198,106,2024-12-30 05:54:17.373525
39965,0000,1198,106,2024-12-30 05:54:17.389513
21666,0000,1198,106,2024-12-30 05:54:17.405515
17366,0000,1198,106,2024-12-30 05:54:17.421509
24185,0000,1198,106,2024-12-30 05:54:17.437508
04558,0000,1198,106,2024-12-30 05:54:17.453498
25764,0000,1198,106,2024-12-30 05:54:17.469500
44941,0000,1198,106,2024-12-30 05:54:17.485491
25031,0001,1198,106,2024-12-30 05:54:17.517381
19166,0000,1198,106,2024-12-30 05:54:17.533494
67718,0000,1198,106,2024-12-30 05:54:17.549479
54000,0000,1198,106,2024-12-30 05:54:17.565485
02849,0000,1199,106,2024-12-30 05:54:17.581490
09423,0000,1198,106,2024-12-30 05:54:17.597472
06318,0000,1198,106,2024-12-30 05:54:17.613481
05434,0000,1198,106,2024-12-30 05:54:17.629480
00757,0000,1198,106,2024-12-30 05:54:17.645473
24825,0000,1198,106,2024-12-30 05:54:17.677019
22772,0000,1198,106,2024-12-30 05:54:17.693454
47999,0000,1198,106,2024-12-30 05:54:17.709457
02144,0000,1198,106,2024-12-30 05:54:17.725445
01789,0000,1198,106,2024-12-30 05:54:17.741445
01872,0000,1198,106,2024-12-30 05:54:17.757453
00596,0000,1198,106,2024-12-30 05:54:17.773441
04350,0000,1198,106,2024-12-30 05:54:17.789438
03036,0000,1198,106,2024-12-30 05:54:17.805433
02181,0000,1198,106,2024-12-30 05:54:17.821436
00696,0000,1198,106,2024-12-30 05:54:17.853401
16867,0000,1198,106,2024-12-30 05:54:17.869428
03787,0000,1198,106,2024-12-30 05:54:17.885466
00643,0000,1198,106,2024-12-30 05:54:17.901424
03752,0000,1198,106,2024-12-30 05:54:17.917412
00138,0000,1198,106,2024-12-30 05:54:17.933413
04482,0000,1198,106,2024-12-30 05:54:17.949405
30465,0000,1198,106,2024-12-30 05:54:17.965403
61802,0000,1198,106,2024-12-30 05:54:17.981410
26972,0000,1198,106,2024-12-30 05:54:18.013069
02665,0001,1198,106,2024-12-30 05:54:18.029391
49205,0000,1198,106,2024-12-30 05:54:18.045391
32260,0000,1198,106,2024-12-30 05:54:18.061385
04630,0000,1198,106,2024-12-30 05:54:18.077395
23953,0001,1198,106,2024-12-30 05:54:18.093395
31657,0000,1198,106,2024-12-30 05:54:18.109393
09990,0000,1198,106,2024-12-30 05:54:18.125374
02777,0000,1198,106,2024-12-30 05:54:18.141371
58522,0000,1198,106,2024-12-30 05:54:18.172695
40839,0000,1198,106,2024-12-30 05:54:18.189363
04564,0001,1198,106,2024-12-30 05:54:18.205361
27743,0000,1198,106,2024-12-30 05:54:18.221357
20880,0000,1198,106,2024-12-30 05:54:18.237366
29421,0000,1198,106,2024-12-30 05:54:18.253352
01771,0000,1198,106,2024-12-30 05:54:18.269348
19487,0000,1198,106,2024-12-30 05:54:18.285344
02367,0000,1198,106,2024-12-30 05:54:18.301337
14752,0000,1198,106,2024-12-30 05:54:18.317333
03031,0000,1198,106,2024-12-30 05:54:18.349085
19096,0000,1198,106,2024-12-30 05:54:18.365343
06019,0000,1198,106,2024-12-30 05:54:18.381347
24170,0000,1198,106,2024-12-30 05:54:18.397322
00776,0001,1198,106,2024-12-30 05:54:18.413326
03787,0000,1198,106,2024-12-30 05:54:18.429321
17851,0000,1198,106,2024-12-30 05:54:18.445318
03060,0000,1198,106,2024-12-30 05:54:18.461311
20562,0000,1198,106,2024-12-30 05:54:18.477309
07621,0000,1198,106,2024-12-30 05:54:18.508720
00602,0000,1198,106,2024-12-30 05:54:18.525296
23332,0000,1198,106,2024-12-30 05:54:18.541297
07740,0000,1198,106,2024-12-30 05:54:18.557287
27424,0000,1198,106,2024-12-30 05:54:18.573287
24037,0000,1198,106,2024-12-30 05:54:18.589280
46233,0000,1198,106,2024-12-30 05:54:18.605276
45753,0000,1198,106,2024-12-30 05:54:18.621276
03959,0000,1198,106,2024-12-30 05:54:18.637277
05309,0000,1198,106,2024-12-30 05:54:18.653265
40839,0000,1198,106,2024-12-30 05:54:18.685103
21387,0001,1198,106,2024-12-30 05:54:18.701258
04386,0000,1198,106,2024-12-30 05:54:18.717251
02050,0000,1198,106,2024-12-30 05:54:18.733258
07662,0000,1198,106,2024-12-30 05:54:18.749260
29011,0000,1198,106,2024-12-30 05:54:18.765258
42942,0000,1198,106,2024-12-30 05:54:18.781262
46283,0000,1198,106,2024-12-30 05:54:18.797242
44765,0000,1198,106,2024-12-30 05:54:18.813245
48953,0000,1198,106,2024-12-30 05:54:18.844755
02844,0000,1198,106,2024-12-30 05:54:18.861231
63286,0000,1198,106,2024-12-30 05:54:18.877239
61989,0000,1198,106,2024-12-30 05:54:18.893234
19479,0000,1198,106,2024-12-30 05:54:18.909246
05252,0000,1198,106,2024-12-30 05:54:18.925223
20949,0000,1198,106,2024-12-30 05:54:18.941213
00642,0000,1198,106,2024-12-30 05:54:18.957219
17622,0000,1198,106,2024-12-30 05:54:18.973204
08182,0000,1198,106,2024-12-30 05:54:18.989208
03199,0000,1198,106,2024-12-30 05:54:19.021147
60753,0000,1198,106,2024-12-30 05:54:19.037196
02730,0000,1198,106,2024-12-30 05:54:19.053193
32949,0000,1198,106,2024-12-30 05:54:19.069189
03226,0000,1198,106,2024-12-30 05:54:19.085186
09140,0000,1198,106,2024-12-30 05:54:19.101188
00762,0000,1198,106,2024-12-30 05:54:19.117186
09371,0000,1198,106,2024-12-30 05:54:19.133180
36927,0000,1198,106,2024-12-30 05:54:19.149179
30931,0000,1198,106,2024-12-30 05:54:19.180813
42503,0000,1198,106,2024-12-30 05:54:19.197187
51727,0000,1198,106,2024-12-30 05:54:19.213187
13167,0000,1198,106,2024-12-30 05:54:19.229188
02343,0000,1198,106,2024-12-30 05:54:19.245202
11822,0000,1198,106,2024-12-30 05:54:19.261190
01018,0000,1198,106,2024-12-30 05:54:19.277201
03419,0000,1198,106,2024-12-30 05:54:19.293199
43992,0000,1198,106,2024-12-30 05:54:19.309200
05424,0000,1198,106,2024-12-30 05:54:19.325199
44524,0000,1198,106,2024-12-30 05:54:19.357201
05353,0000,1198,106,2024-12-30 05:54:19.373132
02201,0000,1198,106,2024-12-30 05:54:19.389136
32286,0000,1198,106,2024-12-30 05:54:19.405133
01569,0001,1198,106,2024-12-30 05:54:19.421131
10704,0000,1198,106,2024-12-30 05:54:19.437126
17828,0000,1198,106,2024-12-30 05:54:19.453112
05428,0000,1198,106,2024-12-30 05:54:19.469118
50638,0000,1198,106,2024-12-30 05:54:19.485108
14167,0000,1198,106,2024-12-30 05:54:19.516802
02829,0000,1198,106,2024-12-30 05:54:19.533105
05465,0001,1198,106,2024-12-30 05:54:19.549109
02279,0000,1198,106,2024-12-30 05:54:19.565112
10001,0000,1198,106,2024-12-30 05:54:19.581090
44107,0000,1198,106,2024-12-30 05:54:19.597095
13554,0000,1198,106,2024-12-30 05:54:19.613088
04525,0000,1198,106,2024-12-30 05:54:19.629092
04548,0000,1198,106,2024-12-30 05:54:19.645081
03854,0000,1198,106,2024-12-30 05:54:19.676445
03784,0000,1198,106,2024-12-30 05:54:19.693072
31650,0000,1198,106,2024-12-30 05:54:19.709072
01265,0000,1198,106,2024-12-30 05:54:19.725078
09277,0001,1198,106,2024-12-30 05:54:19.741061
19240,0000,1198,106,2024-12-30 05:54:19.757062
53345,0000,1198,106,2024-12-30 05:54:19.773055
09138,0000,1198,106,2024-12-30 05:54:19.789050
03751,0000,1198,106,2024-12-30 05:54:19.805053
43241,0000,1198,106,2024-12-30 05:54:19.821043
20892,0000,1198,106,2024-12-30 05:54:19.852825
00747,0000,1198,106,2024-12-30 05:54:19.869045
23318,0001,1198,106,2024-12-30 05:54:19.885032
02882,0000,1198,106,2024-12-30 05:54:19.901033
20418,0000,1198,106,2024-12-30 05:54:19.917025
17704,0000,1198,106,2024-12-30 05:54:19.933027
43057,0000,1198,106,2024-12-30 05:54:19.949025
01363,0000,1198,106,2024-12-30 05:54:19.965008
27336,0000,1198,106,2024-12-30 05:54:19.981017
45743,0000,1198,106,2024-12-30 05:54:20.012475
01516,0000,1198,106,2024-12-30 05:54:20.029004
02806,0000,1198,106,2024-12-30 05:54:20.045003
36099,0000,1198,106,2024-12-30 05:54:20.061002
56817,0000,1198,106,2024-12-30 05:54:20.077006
00051,0000,1198,106,2024-12-30 05:54:20.092994
02062,0001,1198,106,2024-12-30 05:54:20.108994
02099,0000,1198,106,2024-12-30 05:54:20.124997
18210,0000,1198,106,2024-12-30 05:54:20.140988
00664,0000,1198,106,2024-12-30 05:54:20.156977
09935,0000,1198,106,2024-12-30 05:54:20.188849
37760,0000,1198,106,2024-12-30 05:54:20.204974
05403,0000,1198,106,2024-12-30 05:54:20.220972
00891,0000,1198,106,2024-12-30 05:54:20.236981
27583,0000,1198,106,2024-12-30 05:54:20.252968
15541,0000,1198,106,2024-12-30 05:54:20.268969
15919,0000,1198,106,2024-12-30 05:54:20.284959
01939,0000,1198,106,2024-12-30 05:54:20.300984
01296,0000,1198,106,2024-12-30 05:54:20.316969
03109,0000,1198,106,2024-12-30 05:54:20.348497
14023,0000,1198,106,2024-12-30 05:54:20.364939
01419,0000,1198,106,2024-12-30 05:54:20.380943
03505,0000,1198,106,2024-12-30 05:54:20.396936
69257,0000,1198,106,2024-12-30 05:54:20.412933
13100,0000,1198,106,2024-12-30 05:54:20.428930
61950,0000,1198,106,2024-12-30 05:54:20.444927
05331,0000,1198,106,2024-12-30 05:54:20.460923
03982,0000,1198,106,2024-12-30 05:54:20.476925
55633,0000,1198,106,2024-12-30 05:54:20.492916
03633,0000,1198,106,2024-12-30 05:54:20.524867
01083,0000,1198,106,2024-12-30 05:54:20.540904
04636,0000,1198,106,2024-12-30 05:54:20.556908
58257,0000,1198,106,2024-12-30 05:54:20.572900
32147,0000,1198,106,2024-12-30 05:54:20.588897
13894,0001,1198,106,2024-12-30 05:54:20.604890
37775,0000,1198,106,2024-12-30 05:54:20.620894
03965,0000,1198,106,2024-12-30 05:54:20.636887
14148,0000,1198,106,2024-12-30 05:54:20.652892
26774,0000,1198,106,2024-12-30 05:54:20.684508
03759,0000,1198,106,2024-12-30 05:54:20.700877
24065,0000,1198,106,2024-12-30 05:54:20.716874
08330,0000,1198,106,2024-12-30 05:54:20.732878
05003,0000,1198,106,2024-12-30 05:54:20.748882
13630,0000,1198,106,2024-12-30 05:54:20.764864
04794,0000,1199,106,2024-12-30 05:54:20.780858
46657,0000,1198,106,2024-12-30 05:54:20.796855
04693,0000,1198,106,2024-12-30 05:54:20.812850
50800,0000,1198,106,2024-12-30 05:54:20.828853
15685,0000,1198,106,2024-12-30 05:54:20.860850
00917,0000,1198,106,2024-12-30 05:54:20.876834
04478,0000,1198,106,2024-12-30 05:54:20.892838
28634,0000,1198,106,2024-12-30 05:54:20.908828
02888,0000,1198,106,2024-12-30 05:54:20.924835
04811,0000,1198,106,2024-12-30 05:54:20.940824
02526,0000,1198,106,2024-12-30 05:54:20.956826
05208,0000,1198,106,2024-12-30 05:54:20.972829
03199,0000,1198,106,2024-12-30 05:54:20.988820
08287,0000,1198,106,2024-12-30 05:54:21.020534
55593,0000,1198,106,2024-12-30 05:54:21.036805
27003,0000,1198,106,2024-12-30 05:54:21.052811
17772,0000,1198,106,2024-12-30 05:54:21.068802
36038,0000,1198,106,2024-12-30 05:54:21.084794
10430,0000,1198,106,2024-12-30 05:54:21.100796
05134,0000,1198,106,2024-12-30 05:54:21.116803
01831,0000,1198,106,2024-12-30 05:54:21.132804
08442,0000,1198,106,2024-12-30 05:54:21.148792
02787,0000,1198,106,2024-12-30 05:54:21.180177
04643,0000,1198,106,2024-12-30 05:54:21.196775
57342,0000,1198,106,2024-12-30 05:54:21.212777
15496,0000,1198,106,2024-12-30 05:54:21.228775
02728,0000,1198,106,2024-12-30 05:54:21.244785
00664,0000,1198,106,2024-12-30 05:54:21.260759
03691,0000,1198,106,2024-12-30 05:54:21.276769
04624,0000,1198,106,2024-12-30 05:54:21.292759
00041,0000,1198,106,2024-12-30 05:54:21.308772
03828,0000,1198,106,2024-12-30 05:54:21.324756
33298,0000,1198,106,2024-12-30 05:54:21.356566
31081,0000,1198,106,2024-12-30 05:54:21.372745
02699,0000,1198,106,2024-12-30 05:54:21.388737
18254,0000,1198,106,2024-12-30 05:54:21.404738
04680,0001,1198,106,2024-12-30 05:54:21.420727
03921,0000,1198,106,2024-12-30 05:54:21.436737
01321,0000,1198,106,2024-12-30 05:54:21.452726
02479,0000,1198,106,2024-12-30 05:54:21.468727
30333,0000,1198,106,2024-12-30 05:54:21.484719
02233,0000,1198,106,2024-12-30 05:54:21.516218
01565,0000,1198,106,2024-12-30 05:54:21.532723
09328,0000,1198,106,2024-12-30 05:54:21.548704
13511,0000,1198,106,2024-12-30 05:54:21.564704
03890,0000,1198,106,2024-12-30 05:54:21.580707
01445,0000,1198,106,2024-12-30 05:54:21.596698
15140,0000,1198,106,2024-12-30 05:54:21.612697
54281,0000,1198,106,2024-12-30 05:54:21.628694
00473,0000,1198,106,2024-12-30 05:54:21.644696
44068,0000,1198,106,2024-12-30 05:54:21.660689
05498,0000,1198,106,2024-12-30 05:54:21.692608
08586,0001,1198,106,2024-12-30 05:54:21.708682
03398,0000,1198,106,2024-12-30 05:54:21.724673
04531,0000,1198,106,2024-12-30 05:54:21.740675
05341,0000,1198,106,2024-12-30 05:54:21.756665
11008,0000,1198,106,2024-12-30 05:54:21.772668
01029,0000,1198,106,2024-12-30 05:54:21.788662
36048,0001,1198,106,2024-12-30 05:54:21.804661
40841,0000,1198,106,2024-12-30 05:54:21.820655
12952,0000,1198,106,2024-12-30 05:54:21.852232
38487,0000,1198,106,2024-12-30 05:54:21.868653
05363,0000,1198,106,2024-12-30 05:54:21.884649
22995,0000,1198,106,2024-12-30 05:54:21.900651
27866,0000,1198,106,2024-12-30 05:54:21.916649
21047,0000,1198,106,2024-12-30 05:54:21.932631
12448,0000,1198,106,2024-12-30 05:54:21.948638
13777,0000,1198,106,2024-12-30 05:54:21.964626
14723,0000,1198,106,2024-12-30 05:54:21.980633
23382,0000,1198,106,2024-12-30 05:54:21.996619
00525,0000,1198,106,2024-12-30 05:54:22.028621
01470,0000,1198,106,2024-12-30 05:54:22.044622
28633,0000,1198,106,2024-12-30 05:54:22.060608
03427,0000,1198,106,2024-12-30 05:54:22.076609
59360,0000,1198,106,2024-12-30 05:54:22.092604
00568,0000,1198,106,2024-12-30 05:54:22.108599
12460,0000,1198,106,2024-12-30 05:54:22.124599
04597,0000,1198,106,2024-12-30 05:54:22.140595
01362,0000,1198,106,2024-12-30 05:54:22.156592
28817,0000,1198,106,2024-12-30 05:54:22.188266
02842,0000,1198,106,2024-12-30 05:54:22.204579
13857,0000,1198,106,2024-12-30 05:54:22.220576
26542,0000,1198,106,2024-12-30 05:54:22.236580
35194,0000,1198,106,2024-12-30 05:54:22.252579
04664,0000,1198,106,2024-12-30 05:54:22.268563
10095,0000,1198,106,2024-12-30 05:54:22.284568
03631,0000,1198,106,2024-12-30 05:54:22.300569
28770,0000,1198,106,2024-12-30 05:54:22.316572
04854,0000,1198,106,2024-12-30 05:54:22.347911
00740,0000,1198,106,2024-12-30 05:54:22.364578
01160,0000,1198,106,2024-12-30 05:54:22.380571
02139,0000,1198,106,2024-12-30 05:54:22.396579
03888,0000,1198,106,2024-12-30 05:54:22.412588
09059,0000,1198,106,2024-12-30 05:54:22.428583
04688,0000,1198,106,2024-12-30 05:54:22.444588
15633,0000,1198,106,2024-12-30 05:54:22.460593
47180,0001,1198,106,2024-12-30 05:54:22.476588
26480,0000,1198,106,2024-12-30 05:54:22.492517
33128,0000,1198,106,2024-12-30 05:54:22.524265
01612,0000,1198,106,2024-12-30 05:54:22.540516
41681,0000,1198,106,2024-12-30 05:54:22.556505
02914,0001,1198,106,2024-12-30 05:54:22.572506
54733,0000,1198,106,2024-12-30 05:54:22.588501
23330,0000,1198,106,2024-12-30 05:54:22.604505
03750,0000,1198,106,2024-12-30 05:54:22.620492
63296,0000,1198,106,2024-12-30 05:54:22.636503
27076,0000,1198,106,2024-12-30 05:54:22.652495
21019,0000,1198,106,2024-12-30 05:54:22.683917
06170,0000,1198,106,2024-12-30 05:54:22.700483
49970,0000,1198,106,2024-12-30 05:54:22.716481
01749,0000,1198,106,2024-12-30 05:54:22.732484
05473,0000,1198,106,2024-12-30 05:54:22.748477
04470,0000,1198,106,2024-12-30 05:54:22.764478
14546,0000,1198,106,2024-12-30 05:54:22.780467
03584,0001,1198,106,2024-12-30 05:54:22.796469
04387,0000,1199,106,2024-12-30 05:54:22.812471
04279,0000,1198,106,2024-12-30 05:54:22.828458
17382,0001,1198,106,2024-12-30 05:54:22.860309
30076,0000,1198,106,2024-12-30 05:54:22.876464
04646,0000,1198,106,2024-12-30 05:54:22.892450
02007,0000,1198,106,2024-12-30 05:54:22.908444
04548,0000,1198,106,2024-12-30 05:54:22.924439
01823,0000,1198,106,2024-12-30 05:54:22.940441
54975,0000,1198,106,2024-12-30 05:54:22.956435
35614,0000,1198,106,2024-12-30 05:54:22.972430
50485,0000,1198,106,2024-12-30 05:54:22.988426
03876,0000,1198,106,2024-12-30 05:54:23.019929
01011,0000,1198,106,2024-12-30 05:54:23.036425
23294,0000,1198,106,2024-12-30 05:54:23.052412
20285,0000,1198,106,2024-12-30 05:54:23.068417
24297,0000,1199,106,2024-12-30 05:54:23.084417
00681,0000,1198,106,2024-12-30 05:54:23.100400
62641,0000,1198,106,2024-12-30 05:54:23.116404
04518,0000,1199,106,2024-12-30 05:54:23.132396
03050,0001,1198,106,2024-12-30 05:54:23.148398
42526,0000,1198,106,2024-12-30 05:54:23.164388
15709,0000,1198,106,2024-12-30 05:54:23.196340
03788,0000,1198,106,2024-12-30 05:54:23.212393
04682,0001,1198,106,2024-12-30 05:54:23.228385
44920,0001,1198,106,2024-12-30 05:54:23.244392
08432,0001,1198,106,2024-12-30 05:54:23.260377
00521,0000,1198,106,2024-12-30 05:54:23.276364
07448,0000,1199,106,2024-12-30 05:54:23.292365
05440,0000,1198,106,2024-12-30 05:54:23.308360
10954,0000,1198,106,2024-12-30 05:54:23.324357
01700,0000,1198,106,2024-12-30 05:54:23.355969
02074,0000,1198,106,2024-12-30 05:54:23.372352
04621,0000,1198,106,2024-12-30 05:54:23.388358
07975,0000,1198,106,2024-12-30 05:54:23.404345
04594,0000,1198,106,2024-12-30 05:54:23.420345
04432,0000,1198,106,2024-12-30 05:54:23.436338
37070,0000,1198,106,2024-12-30 05:54:23.452336
29469,0000,1199,106,2024-12-30 05:54:23.468339
04695,0000,1198,106,2024-12-30 05:54:23.484326
19342,0000,1198,106,2024-12-30 05:54:23.500328
04546,0000,1198,106,2024-12-30 05:54:23.532330
09699,0000,1198,106,2024-12-30 05:54:23.548314
05434,0000,1198,106,2024-12-30 05:54:23.564315
02202,0000,1199,106,2024-12-30 05:54:23.580311
36247,0000,1198,106,2024-12-30 05:54:23.596313
02945,0000,1198,106,2024-12-30 05:54:23.612312
04926,0000,1198,106,2024-12-30 05:54:23.628316
05455,0000,1198,106,2024-12-30 05:54:23.644307
34041,0000,1198,106,2024-12-30 05:54:23.660303
05439,0000,1199,106,2024-12-30 05:54:23.692011
05652,0000,1198,106,2024-12-30 05:54:23.708284
04096,0000,1199,106,2024-12-30 05:54:23.724281
02253,0000,1198,106,2024-12-30 05:54:23.740291
24899,0000,1198,106,2024-12-30 05:54:23.756273
49040,0000,1198,106,2024-12-30 05:54:23.772279
15445,0000,1198,106,2024-12-30 05:54:23.788286
01425,0000,1198,106,2024-12-30 05:54:23.804272
19540,0000,1198,106,2024-12-30 05:54:23.820262
05986,0000,1198,106,2024-12-30 05:54:23.851633
25032,0000,1198,106,2024-12-30 05:54:23.868253
04264,0000,1199,106,2024-12-30 05:54:23.884246
04479,0000,1198,106,2024-12-30 05:54:23.900250
15652,0000,1198,106,2024-12-30 05:54:23.916250
14658,0000,1198,106,2024-12-30 05:54:23.932246
02666,0000,1198,106,2024-12-30 05:54:23.948247
04665,0000,1198,106,2024-12-30 05:54:23.964243
01520,0000,1198,106,2024-12-30 05:54:23.980240
45604,0000,1198,106,2024-12-30 05:54:23.996224
00659,0000,1198,106,2024-12-30 05:54:24.028028
05390,0000,1198,106,2024-12-30 05:54:24.044227
02665,0000,1198,106,2024-12-30 05:54:24.060216
08385,0000,1199,106,2024-12-30 05:54:24.076223
48314,0000,1199,106,2024-12-30 05:54:24.092209
00848,0000,1199,106,2024-12-30 05:54:24.108209
23131,0000,1198,106,2024-12-30 05:54:24.124202
29523,0000,1198,106,2024-12-30 05:54:24.140206
02249,0000,1199,106,2024-12-30 05:54:24.156204
04701,0000,1199,106,2024-12-30 05:54:24.187667
45410,0000,1199,106,2024-12-30 05:54:24.204202
14016,0000,1198,106,2024-12-30 05:54:24.220186
03844,0000,1199,106,2024-12-30 05:54:24.236192
05413,0000,1198,106,2024-12-30 05:54:24.252198
15477,0000,1198,106,2024-12-30 05:54:24.268170
06921,0000,1198,106,2024-12-30 05:54:24.284178
30360,0000,1198,106,2024-12-30 05:54:24.300187
30326,0000,1199,106,2024-12-30 05:54:24.316174
05693,0000,1198,106,2024-12-30 05:54:24.332161
24145,0000,1199,106,2024-12-30 05:54:24.364060
02987,0000,1199,106,2024-12-30 05:54:24.380164
11683,0000,1198,106,2024-12-30 05:54:24.396153
05389,0000,1199,106,2024-12-30 05:54:24.412166
01724,0000,1199,106,2024-12-30 05:54:24.428150
12645,0000,1199,106,2024-12-30 05:54:24.444143
04659,0000,1199,106,2024-12-30 05:54:24.460143
53339,0000,1199,106,2024-12-30 05:54:24.476149
00578,0000,1199,106,2024-12-30 05:54:24.492141
08446,0000,1199,106,2024-12-30 05:54:24.523694
01048,0001,1198,106,2024-12-30 05:54:24.540133
19442,0000,1199,106,2024-12-30 05:54:24.556115
10778,0000,1199,106,2024-12-30 05:54:24.572113
10119,0000,1199,106,2024-12-30 05:54:24.588114
15499,0000,1199,106,2024-12-30 05:54:24.604114
01612,0000,1199,106,2024-12-30 05:54:24.620106
54275,0000,1198,106,2024-12-30 05:54:24.636114
03201,0000,1198,106,2024-12-30 05:54:24.652098
02800,0000,1199,106,2024-12-30 05:54:24.668097
36937,0000,1199,106,2024-12-30 05:54:24.700069
05174,0000,1199,106,2024-12-30 05:54:24.716089
01693,0000,1199,106,2024-12-30 05:54:24.732085
23925,0000,1199,106,2024-12-30 05:54:24.748092
01084,0000,1198,106,2024-12-30 05:54:24.764086
10791,0000,1198,106,2024-12-30 05:54:24.780069
09883,0001,1199,106,2024-12-30 05:54:24.796071
02274,0000,1198,106,2024-12-30 05:54:24.812070
05303,0000,1198,106,2024-12-30 05:54:24.828069
00479,0000,1199,106,2024-12-30 05:54:24.859711
14853,0000,1198,106,2024-12-30 05:54:24.876055
09540,0000,1199,106,2024-12-30 05:54:24.892055
22981,0000,1199,106,2024-12-30 05:54:24.908049
08417,0001,1199,106,2024-12-30 05:54:24.924054
32377,0000,1198,106,2024-12-30 05:54:24.940039
04793,0000,1199,106,2024-12-30 05:54:24.956044
31424,0000,1199,106,2024-12-30 05:54:24.972036
02285,0000,1199,106,2024-12-30 05:54:24.988031
04692,0000,1199,106,2024-12-30 05:54:25.019351
04835,0000,1199,106,2024-12-30 05:54:25.036039
08314,0000,1199,106,2024-12-30 05:54:25.052035
00067,0000,1199,106,2024-12-30 05:54:25.068023
02937,0000,1199,106,2024-12-30 05:54:25.084013
08658,0000,1199,106,2024-12-30 05:54:25.100013
00159,0000,1199,106,2024-12-30 05:54:25.116001
31778,0000,1199,106,2024-12-30 05:54:25.132004
51688,0000,1199,106,2024-12-30 05:54:25.148008
04006,0000,1199,106,2024-12-30 05:54:25.164007
11666,0000,1199,106,2024-12-30 05:54:25.195748
44106,0000,1199,106,2024-12-30 05:54:25.211988
20312,0000,1199,106,2024-12-30 05:54:25.227993
05354,0000,1199,106,2024-12-30 05:54:25.243997
20190,0000,1199,106,2024-12-30 05:54:25.259991
31419,0000,1199,106,2024-12-30 05:54:25.275981
03631,0000,1199,106,2024-12-30 05:54:25.291986
02285,0000,1199,106,2024-12-30 05:54:25.307987
01503,0000,1199,106,2024-12-30 05:54:25.323977
17790,0000,1199,106,2024-12-30 05:54:25.355381
29630,0000,1199,106,2024-12-30 05:54:25.371965
46193,0000,1199,106,2024-12-30 05:54:25.387952
24037,0000,1199,106,2024-12-30 05:54:25.403955
01289,0001,1199,106,2024-12-30 05:54:25.419962
24217,0000,1199,106,2024-12-30 05:54:25.435966
00782,0000,1199,106,2024-12-30 05:54:25.451962
39291,0000,1199,106,2024-12-30 05:54:25.467960
00736,0000,1199,106,2024-12-30 05:54:25.483965
05368,0000,1199,106,2024-12-30 05:54:25.499964
29063,0000,1199,106,2024-12-30 05:54:25.531795
03735,0000,1199,106,2024-12-30 05:54:25.547979
01862,0001,1199,106,2024-12-30 05:54:25.563972
14584,0000,1199,106,2024-12-30 05:54:25.579977
27339,0000,1199,106,2024-12-30 05:54:25.595977
22972,0000,1199,106,2024-12-30 05:54:25.611978
01363,0000,1199,106,2024-12-30 05:54:25.627912
07747,0000,1199,106,2024-12-30 05:54:25.643909
00018,0000,1199,106,2024-12-30 05:54:25.659905
04625,0000,1199,106,2024-12-30 05:54:25.691406
05478,0000,1199,106,2024-12-30 05:54:25.707901
06333,0000,1199,106,2024-12-30 05:54:25.723893
10129,0000,1198,106,2024-12-30 05:54:25.739897
01344,0000,1199,106,2024-12-30 05:54:25.755881
41494,0000,1199,106,2024-12-30 05:54:25.771877
29729,0000,1199,106,2024-12-30 05:54:25.787880
48315,0000,1199,106,2024-12-30 05:54:25.803882
04641,0000,1199,106,2024-12-30 05:54:25.819886
54110,0000,1199,106,2024-12-30 05:54:25.835878
44865,0000,1199,106,2024-12-30 05:54:25.867813
41551,0000,1199,106,2024-12-30 05:54:25.883867
36235,0000,1199,106,2024-12-30 05:54:25.899858
00033,0000,1199,106,2024-12-30 05:54:25.915864
21869,0000,1199,106,2024-12-30 05:54:25.931858
12960,0000,1199,106,2024-12-30 05:54:25.947858
02118,0000,1199,106,2024-12-30 05:54:25.963844
04379,0000,1199,106,2024-12-30 05:54:25.979839
20917,0000,1199,106,2024-12-30 05:54:25.995841
01972,0000,1199,106,2024-12-30 05:54:26.027430
36244,0000,1199,106,2024-12-30 05:54:26.043829
04516,0000,1199,106,2024-12-30 05:54:26.059831
01555,0000,1199,106,2024-12-30 05:54:26.075826
00352,0000,1199,106,2024-12-30 05:54:26.091824
60256,0000,1199,106,2024-12-30 05:54:26.107819
15718,0000,1199,106,2024-12-30 05:54:26.123820
20120,0000,1199,106,2024-12-30 05:54:26.139810
03858,0001,1199,106,2024-12-30 05:54:26.155814
14812,0000,1199,106,2024-12-30 05:54:26.171806
17113,0000,1199,106,2024-12-30 05:54:26.203809
06927,0000,1199,106,2024-12-30 05:54:26.219787
24079,0000,1199,106,2024-12-30 05:54:26.235794
36904,0001,1199,106,2024-12-30 05:54:26.251796
14557,0000,1199,106,2024-12-30 05:54:26.267792
16388,0000,1199,106,2024-12-30 05:54:26.283791
10969,0000,1199,106,2024-12-30 05:54:26.299791
41559,0000,1199,106,2024-12-30 05:54:26.315779
22094,0000,1199,106,2024-12-30 05:54:26.331784
10133,0000,1199,106,2024-12-30 05:54:26.363453
34412,0000,1199,106,2024-12-30 05:54:26.379765
21140,0000,1199,106,2024-12-30 05:54:26.395767
20126,0000,1199,106,2024-12-30 05:54:26.411755
04248,0000,1199,106,2024-12-30 05:54:26.427758
01741,0000,1199,106,2024-12-30 05:54:26.443757
10064,0001,1199,106,2024-12-30 05:54:26.459757
27296,0000,1199,106,2024-12-30 05:54:26.475748
05107,0000,1199,106,2024-12-30 05:54:26.491745
10767,0000,1199,106,2024-12-30 05:54:26.523091
02923,0000,1199,106,2024-12-30 05:54:26.539735
07599,0000,1199,106,2024-12-30 05:54:26.555739
58485,0000,1199,106,2024-12-30 05:54:26.571729
00080,0000,1199,106,2024-12-30 05:54:26.587733
08412,0000,1199,106,2024-12-30 05:54:26.603736
05426,0000,1199,106,2024-12-30 05:54:26.619722
09293,0000,1199,106,2024-12-30 05:54:26.635724
05471,0000,1199,106,2024-12-30 05:54:26.651712
21999,0000,1199,106,2024-12-30 05:54:26.667715
11878,0000,1199,106,2024-12-30 05:54:26.699481
00819,0000,1199,106,2024-12-30 05:54:26.715699
02351,0000,1199,106,2024-12-30 05:54:26.731706
04523,0000,1199,106,2024-12-30 05:54:26.747696
04556,0000,1199,106,2024-12-30 05:54:26.763695
17758,0001,1199,106,2024-12-30 05:54:26.779685
10845,0000,1199,106,2024-12-30 05:54:26.795691
21711,0001,1199,106,2024-12-30 05:54:26.811682
09351,0000,1199,106,2024-12-30 05:54:26.827678
09911,0000,1199,106,2024-12-30 05:54:26.859106
03723,0000,1199,106,2024-12-30 05:54:26.875676
29908,0000,1199,106,2024-12-30 05:54:26.891667
30935,0000,1199,106,2024-12-30 05:54:26.907662
07328,0000,1199,106,2024-12-30 05:54:26.923655
20211,0000,1199,106,2024-12-30 05:54:26.939657
03783,0000,1199,106,2024-12-30 05:54:26.955649
23236,0000,1199,106,2024-12-30 05:54:26.971648
56438,0000,1199,106,2024-12-30 05:54:26.987655
10959,0000,1199,106,2024-12-30 05:54:27.003660
12959,0000,1199,106,2024-12-30 05:54:27.035518
02912,0001,1199,106,2024-12-30 05:54:27.051644
14608,0000,1199,106,2024-12-30 05:54:27.067640
33856,0000,1199,106,2024-12-30 05:54:27.083624
22570,0000,1199,106,2024-12-30 05:54:27.099620
28823,0000,1199,106,2024-12-30 05:54:27.115626
08355,0000,1199,106,2024-12-30 05:54:27.131613
03377,0000,1199,106,2024-12-30 05:54:27.147614
15659,0000,1199,106,2024-12-30 05:54:27.163606
04536,0000,1199,106,2024-12-30 05:54:27.195154
13161,0000,1199,106,2024-12-30 05:54:27.211611
49003,0000,1199,106,2024-12-30 05:54:27.227606
00700,0000,1199,106,2024-12-30 05:54:27.243617
11088,0001,1199,106,2024-12-30 05:54:27.259600
17587,0000,1199,106,2024-12-30 05:54:27.275597
06066,0000,1199,106,2024-12-30 05:54:27.291591
13288,0000,1199,106,2024-12-30 05:54:27.307593
61057,0000,1199,106,2024-12-30 05:54:27.323585
02121,0000,1198,106,2024-12-30 05:54:27.339584
01506,0000,1199,106,2024-12-30 05:54:27.371531
32192,0000,1199,106,2024-12-30 05:54:27.387582
03483,0000,1199,106,2024-12-30 05:54:27.403563
03540,0000,1199,106,2024-12-30 05:54:27.419559
04549,0000,1199,106,2024-12-30 05:54:27.435559
03159,0000,1199,106,2024-12-30 05:54:27.451556
26819,0000,1199,106,2024-12-30 05:54:27.467552
03252,0000,1199,106,2024-12-30 05:54:27.483555
04987,0000,1199,106,2024-12-30 05:54:27.499821
01079,0000,1199,106,2024-12-30 05:54:27.531173
13711,0000,1199,106,2024-12-30 05:54:27.547542
03665,0000,1199,106,2024-12-30 05:54:27.563534
57611,0000,1199,106,2024-12-30 05:54:27.579540
43356,0000,1199,106,2024-12-30 05:54:27.595528
27812,0000,1199,106,2024-12-30 05:54:27.611531
28787,0000,1199,106,2024-12-30 05:54:27.627525
17938,0000,1199,106,2024-12-30 05:54:27.643513
15526,0000,1199,106,2024-12-30 05:54:27.659517
05398,0000,1199,106,2024-12-30 05:54:27.690826
27273,0000,1199,106,2024-12-30 05:54:27.707506
03056,0000,1199,106,2024-12-30 05:54:27.723505
23036,0000,1199,106,2024-12-30 05:54:27.739502
03104,0000,1199,106,2024-12-30 05:54:27.755506
66133,0000,1199,106,2024-12-30 05:54:27.771500
05385,0000,1199,106,2024-12-30 05:54:27.787502
05489,0000,1199,106,2024-12-30 05:54:27.803482
06761,0000,1199,106,2024-12-30 05:54:27.819489
28885,0000,1199,106,2024-12-30 05:54:27.835485
48964,0000,1199,106,2024-12-30 05:54:27.867200
10856,0000,1199,106,2024-12-30 05:54:27.883477
00201,0000,1200,106,2024-12-30 05:54:27.899475
23310,0000,1199,106,2024-12-30 05:54:27.915461
09143,0000,1199,106,2024-12-30 05:54:27.931467
30819,0000,1199,106,2024-12-30 05:54:27.947464
02917,0000,1199,106,2024-12-30 05:54:27.963464
31047,0000,1199,106,2024-12-30 05:54:27.979450
03716,0000,1199,106,2024-12-30 05:54:27.995454
01770,0000,1199,106,2024-12-30 05:54:28.026835
00962,0000,1199,106,2024-12-30 05:54:28.043446
21878,0000,1199,106,2024-12-30 05:54:28.059439
03555,0000,1199,106,2024-12-30 05:54:28.075438
02930,0000,1199,106,2024-12-30 05:54:28.091434
03660,0000,1199,106,2024-12-30 05:54:28.107428
20267,0000,1199,106,2024-12-30 05:54:28.123436
13931,0001,1199,106,2024-12-30 05:54:28.139424
04696,0000,1199,106,2024-12-30 05:54:28.155421
03677,0000,1199,106,2024-12-30 05:54:28.171423
00650,0000,1199,106,2024-12-30 05:54:28.203232
29402,0000,1199,106,2024-12-30 05:54:28.219412
03136,0000,1199,106,2024-12-30 05:54:28.235406
05474,0000,1199,106,2024-12-30 05:54:28.251414
05244,0000,1199,106,2024-12-30 05:54:28.267405
30100,0000,1199,106,2024-12-30 05:54:28.283394
03042,0000,1199,106,2024-12-30 05:54:28.299397
03780,0000,1199,106,2024-12-30 05:54:28.315399
15784,0000,1199,106,2024-12-30 05:54:28.331390
02510,0000,1199,106,2024-12-30 05:54:28.362873
02276,0000,1199,106,2024-12-30 05:54:28.379375
06903,0000,1200,106,2024-12-30 05:54:28.395380
13857,0000,1199,106,2024-12-30 05:54:28.411365
13984,0000,1200,106,2024-12-30 05:54:28.427371
23164,0000,1199,106,2024-12-30 05:54:28.443366
04557,0000,1200,106,2024-12-30 05:54:28.459368
03852,0000,1199,106,2024-12-30 05:54:28.475357
04677,0000,1199,106,2024-12-30 05:54:28.491357
49619,0000,1199,106,2024-12-30 05:54:28.507354
50795,0000,1200,106,2024-12-30 05:54:28.539250
16977,0000,1199,106,2024-12-30 05:54:28.555344
01911,0000,1199,106,2024-12-30 05:54:28.571346
17146,0000,1199,106,2024-12-30 05:54:28.587355
02324,0000,1199,106,2024-12-30 05:54:28.603350
33970,0000,1199,106,2024-12-30 05:54:28.619349
05470,0000,1199,106,2024-12-30 05:54:28.635355
00789,0000,1200,106,2024-12-30 05:54:28.651356
15575,0000,1199,106,2024-12-30 05:54:28.667358
13096,0000,1200,106,2024-12-30 05:54:28.698909
47438,0000,1199,106,2024-12-30 05:54:28.715369
20815,0000,1199,106,2024-12-30 05:54:28.731364
44669,0000,1199,106,2024-12-30 05:54:28.747373
41650,0000,1200,106,2024-12-30 05:54:28.763296
01623,0001,1200,106,2024-12-30 05:54:28.779300
05323,0000,1199,106,2024-12-30 05:54:28.795289
01373,0000,1200,106,2024-12-30 05:54:28.811294
23622,0000,1200,106,2024-12-30 05:54:28.827285
00624,0000,1199,106,2024-12-30 05:54:28.843290
04624,0000,1200,106,2024-12-30 05:54:28.875283
01455,0000,1199,106,2024-12-30 05:54:28.891274
24056,0000,1200,106,2024-12-30 05:54:28.907278
00881,0000,1199,106,2024-12-30 05:54:28.923268
00763,0000,1199,106,2024-12-30 05:54:28.939274
10749,0000,1200,106,2024-12-30 05:54:28.955272
23835,0000,1200,106,2024-12-30 05:54:28.971254
20290,0000,1200,106,2024-12-30 05:54:28.987260
07056,0000,1200,106,2024-12-30 05:54:29.003255
55885,0000,1200,106,2024-12-30 05:54:29.034935
02995,0000,1200,106,2024-12-30 05:54:29.051253
04701,0000,1200,106,2024-12-30 05:54:29.067249
04633,0000,1200,106,2024-12-30 05:54:29.083246
20382,0000,1200,106,2024-12-30 05:54:29.099236
06410,0000,1199,106,2024-12-30 05:54:29.115239
15079,0000,1199,106,2024-12-30 05:54:29.131234
34481,0000,1199,106,2024-12-30 05:54:29.147226
34047,0000,1199,106,2024-12-30 05:54:29.163225
24928,0000,1200,106,2024-12-30 05:54:29.194552
05384,0000,1200,106,2024-12-30 05:54:29.211209
40104,0000,1199,106,2024-12-30 05:54:29.227213
09166,0000,1200,106,2024-12-30 05:54:29.243219
10972,0000,1200,106,2024-12-30 05:54:29.259204
04627,0000,1199,106,2024-12-30 05:54:29.275193
15593,0000,1200,106,2024-12-30 05:54:29.291203
04731,0000,1200,106,2024-12-30 05:54:29.307203
19338,0000,1200,106,2024-12-30 05:54:29.323195
02025,0000,1200,106,2024-12-30 05:54:29.339197
06944,0000,1200,106,2024-12-30 05:54:29.370936
03404,0000,1200,106,2024-12-30 05:54:29.387182
02881,0000,1199,106,2024-12-30 05:54:29.403173
48056,0000,1200,106,2024-12-30 05:54:29.419163
03901,0000,1200,106,2024-12-30 05:54:29.435170
13141,0000,1200,106,2024-12-30 05:54:29.451167
12388,0000,1200,106,2024-12-30 05:54:29.467176
29576,0000,1200,106,2024-12-30 05:54:29.483155
48126,0000,1200,106,2024-12-30 05:54:29.499161
20375,0000,1199,106,2024-12-30 05:54:29.530605
14420,0000,1200,106,2024-12-30 05:54:29.547154
09118,0000,1200,106,2024-12-30 05:54:29.563149
31707,0000,1200,106,2024-12-30 05:54:29.579139
04691,0000,1200,106,2024-12-30 05:54:29.595139
04569,0000,1200,106,2024-12-30 05:54:29.611135
36856,0000,1200,106,2024-12-30 05:54:29.627141
02142,0000,1200,106,2024-12-30 05:54:29.643130
00040,0000,1200,106,2024-12-30 05:54:29.659132
28011,0000,1200,106,2024-12-30 05:54:29.675138
41576,0000,1200,106,2024-12-30 05:54:29.706983
10169,0000,1200,106,2024-12-30 05:54:29.723126
03015,0000,1200,106,2024-12-30 05:54:29.739141
02237,0000,1200,106,2024-12-30 05:54:29.755123
07763,0000,1200,106,2024-12-30 05:54:29.771129
63477,0000,1200,106,2024-12-30 05:54:29.787125
04648,0000,1200,106,2024-12-30 05:54:29.803120
01997,0000,1200,106,2024-12-30 05:54:29.819107
28204,0000,1200,106,2024-12-30 05:54:29.835096
00771,0000,1200,106,2024-12-30 05:54:29.866613
10817,0000,1200,106,2024-12-30 05:54:29.883085
55715,0000,1200,106,2024-12-30 05:54:29.899081
28594,0000,1200,106,2024-12-30 05:54:29.915080
07724,0000,1200,106,2024-12-30 05:54:29.931082
03001,0000,1200,106,2024-12-30 05:54:29.947095
02996,0000,1200,106,2024-12-30 05:54:29.963069
00733,0000,1200,106,2024-12-30 05:54:29.979077
01758,0000,1200,106,2024-12-30 05:54:29.995066
03519,0000,1200,106,2024-12-30 05:54:30.011069
02951,0000,1200,106,2024-12-30 05:54:30.043010
03672,0000,1200,106,2024-12-30 05:54:30.059054
04645,0000,1200,106,2024-12-30 05:54:30.075050
04040,0000,1200,106,2024-12-30 05:54:30.091050
03706,0000,1200,106,2024-12-30 05:54:30.107047
00152,0000,1200,106,2024-12-30 05:54:30.123048
01651,0000,1200,106,2024-12-30 05:54:30.139032
01556,0000,1200,106,2024-12-30 05:54:30.155038
02955,0000,1200,106,2024-12-30 05:54:30.171025
03654,0000,1200,106,2024-12-30 05:54:30.202654
27797,0000,1200,106,2024-12-30 05:54:30.219019
04667,0000,1200,106,2024-12-30 05:54:30.235022
02405,0001,1200,106,2024-12-30 05:54:30.251041
67911,0000,1200,106,2024-12-30 05:54:30.267008
05469,0000,1200,106,2024-12-30 05:54:30.283009
36003,0000,1200,106,2024-12-30 05:54:30.299001
23374,0000,1200,106,2024-12-30 05:54:30.315006
04528,0000,1200,106,2024-12-30 05:54:30.330997
23073,0000,1200,106,2024-12-30 05:54:30.346998
30371,0000,1200,106,2024-12-30 05:54:30.378999
12887,0000,1200,106,2024-12-30 05:54:30.394985
16435,0000,1200,106,2024-12-30 05:54:30.410978
16261,0000,1200,106,2024-12-30 05:54:30.426983
46615,0000,1200,106,2024-12-30 05:54:30.442985
01292,0000,1200,106,2024-12-30 05:54:30.458976
05454,0000,1200,106,2024-12-30 05:54:30.474967
59057,0000,1200,106,2024-12-30 05:54:30.490972
28436,0000,1200,106,2024-12-30 05:54:30.506969
22580,0000,1200,106,2024-12-30 05:54:30.538662
11675,0000,1200,106,2024-12-30 05:54:30.554958
53298,0000,1200,106,2024-12-30 05:54:30.570956
20144,0000,1199,106,2024-12-30 05:54:30.586954
67010,0000,1200,106,2024-12-30 05:54:30.602947
02196,0000,1200,106,2024-12-30 05:54:30.618949
03615,0000,1200,106,2024-12-30 05:54:30.634946
20651,0000,1200,106,2024-12-30 05:54:30.650940
20108,0000,1200,106,2024-12-30 05:54:30.666945
38515,0000,1200,106,2024-12-30 05:54:30.698292
04442,0000,1200,106,2024-12-30 05:54:30.714925
12410,0000,1200,106,2024-12-30 05:54:30.730924
04865,0000,1200,106,2024-12-30 05:54:30.746924
06093,0000,1200,106,2024-12-30 05:54:30.762923
24389,0000,1200,106,2024-12-30 05:54:30.778916
00949,0000,1200,106,2024-12-30 05:54:30.794915
11836,0000,1200,106,2024-12-30 05:54:30.810905
10966,0000,1200,106,2024-12-30 05:54:30.826911
11547,0000,1200,106,2024-12-30 05:54:30.842907
52159,0000,1200,106,2024-12-30 05:54:30.874699
20504,0000,1200,106,2024-12-30 05:54:30.890894
04701,0000,1200,106,2024-12-30 05:54:30.906892
14630,0000,1200,106,2024-12-30 05:54:30.922880
01452,0000,1200,106,2024-12-30 05:54:30.938884
09043,0000,1200,106,2024-12-30 05:54:30.954877
20517,0000,1200,106,2024-12-30 05:54:30.970898
02050,0000,1200,106,2024-12-30 05:54:30.986869
47248,0000,1200,106,2024-12-30 05:54:31.002878
63331,0000,1200,106,2024-12-30 05:54:31.034331
01023,0000,1200,106,2024-12-30 05:54:31.050859
09918,0000,1200,106,2024-12-30 05:54:31.066861
52217,0000,1200,106,2024-12-30 05:54:31.082852
08979,0000,1200,106,2024-12-30 05:54:31.098856
14658,0000,1200,106,2024-12-30 05:54:31.114845
05486,0000,1200,106,2024-12-30 05:54:31.130848
43137,0000,1200,106,2024-12-30 05:54:31.146842
20996,0000,1200,106,2024-12-30 05:54:31.162836
05421,0000,1200,106,2024-12-30 05:54:31.178835
31340,0000,1200,106,2024-12-30 05:54:31.210725
19293,0000,1200,106,2024-12-30 05:54:31.226825
39397,0000,1200,106,2024-12-30 05:54:31.242833
03410,0000,1200,106,2024-12-30 05:54:31.258828
04942,0000,1200,106,2024-12-30 05:54:31.274814
04652,0000,1200,106,2024-12-30 05:54:31.290822
03117,0000,1200,106,2024-12-30 05:54:31.306818
19052,0000,1200,106,2024-12-30 05:54:31.322802
00590,0000,1200,106,2024-12-30 05:54:31.338806
24145,0000,1200,106,2024-12-30 05:54:31.370355
23965,0000,1200,106,2024-12-30 05:54:31.386793
29980,0001,1200,106,2024-12-30 05:54:31.402796
42476,0000,1200,106,2024-12-30 05:54:31.418794
52398,0000,1200,106,2024-12-30 05:54:31.434795
03750,0000,1200,106,2024-12-30 05:54:31.450778
29569,0000,1200,106,2024-12-30 05:54:31.466783
00638,0000,1200,106,2024-12-30 05:54:31.482776
02201,0000,1200,106,2024-12-30 05:54:31.498776
10144,0000,1200,106,2024-12-30 05:54:31.514770
42307,0000,1200,106,2024-12-30 05:54:31.546748
13073,0000,1200,106,2024-12-30 05:54:31.562761
02268,0000,1200,106,2024-12-30 05:54:31.578753
31463,0000,1200,106,2024-12-30 05:54:31.594755
12241,0000,1200,106,2024-12-30 05:54:31.610743
60962,0000,1200,106,2024-12-30 05:54:31.626748
35295,0000,1200,106,2024-12-30 05:54:31.642748
24943,0000,1200,106,2024-12-30 05:54:31.658733
09471,0000,1200,106,2024-12-30 05:54:31.674731
05467,0000,1200,106,2024-12-30 05:54:31.706381
06994,0000,1200,106,2024-12-30 05:54:31.722745
00757,0001,1200,106,2024-12-30 05:54:31.738756
19417,0000,1201,106,2024-12-30 05:54:31.754751
01352,0000,1200,106,2024-12-30 05:54:31.770752
07535,0000,1200,106,2024-12-30 05:54:31.786750
03840,0000,1200,106,2024-12-30 05:54:31.802749
04023,0000,1200,106,2024-12-30 05:54:31.818758
45412,0000,1200,106,2024-12-30 05:54:31.834760
56504,0001,1200,106,2024-12-30 05:54:31.850759
04733,0000,1201,106,2024-12-30 05:54:31.882761
08427,0000,1200,106,2024-12-30 05:54:31.898693
05362,0000,1200,106,2024-12-30 05:54:31.914692
03720,0000,1200,106,2024-12-30 05:54:31.930682
25835,0000,1200,106,2024-12-30 05:54:31.946686
17258,0000,1200,106,2024-12-30 05:54:31.962682
14020,0000,1200,106,2024-12-30 05:54:31.978680
18015,0000,1200,106,2024-12-30 05:54:31.994692
05293,0000,1200,106,2024-12-30 05:54:32.010669
03911,0000,1200,106,2024-12-30 05:54:32.042408
15529,0000,1200,106,2024-12-30 05:54:32.058670
40596,0000,1200,106,2024-12-30 05:54:32.074675
30599,0000,1200,106,2024-12-30 05:54:32.090670
26495,0000,1201,106,2024-12-30 05:54:32.106655
05882,0000,1200,106,2024-12-30 05:54:32.122655
04605,0000,1201,106,2024-12-30 05:54:32.138645
14549,0000,1200,106,2024-12-30 05:54:32.154646
04662,0000,1200,106,2024-12-30 05:54:32.170646
00017,0000,1200,106,2024-12-30 05:54:32.201946
61529,0000,1200,106,2024-12-30 05:54:32.218639
37632,0000,1200,106,2024-12-30 05:54:32.234623
00701,0000,1200,106,2024-12-30 05:54:32.250634
44157,0000,1200,106,2024-12-30 05:54:32.266630
03851,0000,1200,106,2024-12-30 05:54:32.282619
02000,0000,1201,106,2024-12-30 05:54:32.298626
12667,0000,1201,106,2024-12-30 05:54:32.314627
03889,0000,1201,106,2024-12-30 05:54:32.330618
22442,0000,1200,106,2024-12-30 05:54:32.346617
05479,0000,1200,106,2024-12-30 05:54:32.378431
07767,0000,1201,106,2024-12-30 05:54:32.394599
05454,0000,1200,106,2024-12-30 05:54:32.410591
15430,0000,1201,106,2024-12-30 05:54:32.426597
02788,0000,1200,106,2024-12-30 05:54:32.442584
03053,0000,1201,106,2024-12-30 05:54:32.458584
19425,0000,1200,106,2024-12-30 05:54:32.474589
05178,0000,1200,106,2024-12-30 05:54:32.490573
00671,0000,1200,106,2024-12-30 05:54:32.506579
10112,0000,1201,106,2024-12-30 05:54:32.538077
08230,0000,1201,106,2024-12-30 05:54:32.554559
00880,0000,1201,106,2024-12-30 05:54:32.570567
04789,0000,1200,106,2024-12-30 05:54:32.586560
03644,0000,1201,106,2024-12-30 05:54:32.602566
63336,0000,1201,106,2024-12-30 05:54:32.618559
27009,0000,1201,106,2024-12-30 05:54:32.634552
09178,0000,1200,106,2024-12-30 05:54:32.650549
03673,0000,1200,106,2024-12-30 05:54:32.666535
02065,0000,1200,106,2024-12-30 05:54:32.682540
65775,0000,1201,106,2024-12-30 05:54:32.714461
09318,0000,1201,106,2024-12-30 05:54:32.730525
03092,0000,1200,106,2024-12-30 05:54:32.746530
04626,0000,1200,106,2024-12-30 05:54:32.762524
08501,0000,1200,106,2024-12-30 05:54:32.778522
42375,0000,1200,106,2024-12-30 05:54:32.794514
03819,0001,1201,106,2024-12-30 05:54:32.810520
21251,0000,1201,106,2024-12-30 05:54:32.826509
27788,0000,1201,106,2024-12-30 05:54:32.842509
09915,0000,1201,106,2024-12-30 05:54:32.874070
54043,0000,1200,106,2024-12-30 05:54:32.890503
40370,0000,1200,106,2024-12-30 05:54:32.906492
52204,0000,1201,106,2024-12-30 05:54:32.922494
21717,0000,1201,106,2024-12-30 05:54:32.938486
06173,0000,1201,106,2024-12-30 05:54:32.954491
20173,0000,1201,106,2024-12-30 05:54:32.970486
15598,0000,1200,106,2024-12-30 05:54:32.986484
01224,0000,1201,106,2024-12-30 05:54:33.002474
22454,0000,1201,106,2024-12-30 05:54:33.018492
03832,0000,1201,106,2024-12-30 05:54:33.050467
04682,0000,1201,106,2024-12-30 05:54:33.066459
21660,0000,1201,106,2024-12-30 05:54:33.082456
00057,0000,1201,106,2024-12-30 05:54:33.098453
40112,0000,1201,106,2024-12-30 05:54:33.114448
04497,0000,1201,106,2024-12-30 05:54:33.130437
03592,0000,1200,106,2024-12-30 05:54:33.146451
65025,0000,1201,106,2024-12-30 05:54:33.162439
00706,0000,1201,106,2024-12-30 05:54:33.178435
01892,0000,1201,106,2024-12-30 05:54:33.210122
04235,0000,1201,106,2024-12-30 05:54:33.226426
43886,0000,1201,106,2024-12-30 05:54:33.242435
47116,0000,1201,106,2024-12-30 05:54:33.258431
00709,0000,1201,106,2024-12-30 05:54:33.274411
04511,0001,1201,106,2024-12-30 05:54:33.290414
01246,0000,1201,106,2024-12-30 05:54:33.306415
55642,0000,1201,106,2024-12-30 05:54:33.322416
36121,0000,1201,106,2024-12-30 05:54:33.338406
24772,0000,1200,106,2024-12-30 05:54:33.369767
02190,0000,1201,106,2024-12-30 05:54:33.386409
00902,0000,1201,106,2024-12-30 05:54:33.402394
26020,0000,1201,106,2024-12-30 05:54:33.418383
04437,0000,1201,106,2024-12-30 05:54:33.434378
52261,0000,1201,106,2024-12-30 05:54:33.450376
02861,0000,1201,106,2024-12-30 05:54:33.466377
03841,0000,1201,106,2024-12-30 05:54:33.482374
04688,0000,1201,106,2024-12-30 05:54:33.498378
02658,0000,1201,106,2024-12-30 05:54:33.514368
07387,0000,1201,106,2024-12-30 05:54:33.546149
04854,0000,1201,106,2024-12-30 05:54:33.562365
03906,0000,1201,106,2024-12-30 05:54:33.578354
09334,0000,1201,106,2024-12-30 05:54:33.594357
03076,0000,1201,106,2024-12-30 05:54:33.610349
04908,0000,1201,106,2024-12-30 05:54:33.626352
33158,0000,1201,106,2024-12-30 05:54:33.642351
03860,0000,1201,106,2024-12-30 05:54:33.658342
52616,0001,1201,106,2024-12-30 05:54:33.674336
14564,0000,1201,106,2024-12-30 05:54:33.705797
05420,0000,1201,106,2024-12-30 05:54:33.722327
23279,0000,1201,106,2024-12-30 05:54:33.738328
26360,0000,1201,106,2024-12-30 05:54:33.754323
03567,0000,1200,106,2024-12-30 05:54:33.770322
04607,0000,1201,106,2024-12-30 05:54:33.786312
02730,0001,1201,106,2024-12-30 05:54:33.802314
20924,0000,1200,106,2024-12-30 05:54:33.818305
39212,0001,1201,106,2024-12-30 05:54:33.834306
54103,0000,1201,106,2024-12-30 05:54:33.850300
03515,0000,1201,106,2024-12-30 05:54:33.882169
00916,0000,1201,106,2024-12-30 05:54:33.898300
12342,0000,1201,106,2024-12-30 05:54:33.914286
58528,0000,1201,106,2024-12-30 05:54:33.930289
02013,0000,1201,106,2024-12-30 05:54:33.946281
00751,0000,1201,106,2024-12-30 05:54:33.962283
13716,0000,1201,106,2024-12-30 05:54:33.978274
00607,0000,1201,106,2024-12-30 05:54:33.994273
06262,0000,1201,106,2024-12-30 05:54:34.010267
01627,0000,1201,106,2024-12-30 05:54:34.041818
26393,0000,1201,106,2024-12-30 05:54:34.058259
27006,0000,1201,106,2024-12-30 05:54:34.074260
02527,0000,1201,106,2024-12-30 05:54:34.090248
20273,0000,1201,106,2024-12-30 05:54:34.106250
02275,0000,1201,106,2024-12-30 05:54:34.122244
04312,0000,1201,106,2024-12-30 05:54:34.138247
02882,0000,1201,106,2024-12-30 05:54:34.154244
01551,0000,1201,106,2024-12-30 05:54:34.170252
04681,0000,1201,106,2024-12-30 05:54:34.186235
19387,0000,1201,106,2024-12-30 05:54:34.218192
01642,0000,1201,106,2024-12-30 05:54:34.234236
12370,0000,1201,106,2024-12-30 05:54:34.250238
12321,0000,1201,106,2024-12-30 05:54:34.266220
03756,0000,1201,106,2024-12-30 05:54:34.282222
63526,0000,1201,106,2024-12-30 05:54:34.298213
01532,0000,1201,106,2024-12-30 05:54:34.314215
14583,0001,1201,106,2024-12-30 05:54:34.330208
59429,0000,1201,106,2024-12-30 05:54:34.346215
06937,0000,1201,106,2024-12-30 05:54:34.377834
02087,0000,1201,106,2024-12-30 05:54:34.394195
43927,0000,1201,106,2024-12-30 05:54:34.410201
03791,0000,1201,106,2024-12-30 05:54:34.426201
59377,0001,1201,106,2024-12-30 05:54:34.442209
04755,0000,1201,106,2024-12-30 05:54:34.458190
27562,0000,1201,106,2024-12-30 05:54:34.474195
36008,0000,1201,106,2024-12-30 05:54:34.490179
04024,0000,1201,106,2024-12-30 05:54:34.506168
04637,0000,1201,106,2024-12-30 05:54:34.522175
22464,0000,1201,106,2024-12-30 05:54:34.554175
02195,0000,1201,106,2024-12-30 05:54:34.570183
03879,0000,1201,106,2024-12-30 05:54:34.586165
02802,0000,1201,106,2024-12-30 05:54:34.602157
26376,0000,1201,106,2024-12-30 05:54:34.618163
03890,0000,1201,106,2024-12-30 05:54:34.634160
21828,0000,1201,106,2024-12-30 05:54:34.650150
01439,0000,1201,106,2024-12-30 05:54:34.666148
64130,0000,1201,106,2024-12-30 05:54:34.682149
22544,0000,1201,106,2024-12-30 05:54:34.713853
04655,0000,1201,106,2024-12-30 05:54:34.730131
53046,0000,1201,106,2024-12-30 05:54:34.746133
21947,0000,1201,106,2024-12-30 05:54:34.762124
16369,0000,1201,106,2024-12-30 05:54:34.778126
03293,0000,1201,106,2024-12-30 05:54:34.794113
52353,0000,1201,106,2024-12-30 05:54:34.810120
01364,0000,1201,106,2024-12-30 05:54:34.826121
04617,0000,1201,106,2024-12-30 05:54:34.842124
18471,0000,1201,106,2024-12-30 05:54:34.873516
57299,0000,1201,106,2024-12-30 05:54:34.890128
61097,0000,1201,106,2024-12-30 05:54:34.906126
44180,0000,1201,106,2024-12-30 05:54:34.922131
40089,0000,1201,106,2024-12-30 05:54:34.938134
23131,0000,1201,106,2024-12-30 05:54:34.954138
13893,0000,1201,106,2024-12-30 05:54:34.970140
02522,0000,1201,106,2024-12-30 05:54:34.986144
01450,0000,1201,106,2024-12-30 05:54:35.002142
03921,0000,1201,106,2024-12-30 05:54:35.018071
04525,0000,1201,106,2024-12-30 05:54:35.049899
02689,0000,1201,106,2024-12-30 05:54:35.066071
45589,0000,1201,106,2024-12-30 05:54:35.082062
02047,0000,1202,106,2024-12-30 05:54:35.098059
11700,0000,1202,106,2024-12-30 05:54:35.114047
00073,0000,1202,106,2024-12-30 05:54:35.130052
14714,0000,1201,106,2024-12-30 05:54:35.146046
05481,0000,1201,106,2024-12-30 05:54:35.162048
04676,0000,1201,106,2024-12-30 05:54:35.178043
05214,0000,1201,106,2024-12-30 05:54:35.209522
66080,0000,1201,106,2024-12-30 05:54:35.226050
04475,0000,1201,106,2024-12-30 05:54:35.242042
03051,0000,1201,106,2024-12-30 05:54:35.258039
07533,0000,1202,106,2024-12-30 05:54:35.274027
63283,0000,1201,106,2024-12-30 05:54:35.290026
22007,0000,1202,106,2024-12-30 05:54:35.306032
04599,0000,1202,106,2024-12-30 05:54:35.322022
58197,0000,1201,106,2024-12-30 05:54:35.338019
05362,0000,1201,106,2024-12-30 05:54:35.354010
21693,0000,1201,106,2024-12-30 05:54:35.385907
03863,0000,1201,106,2024-12-30 05:54:35.402002
40038,0000,1201,106,2024-12-30 05:54:35.417997
18586,0000,1201,106,2024-12-30 05:54:35.433993
02022,0000,1201,106,2024-12-30 05:54:35.449986
00221,0000,1202,106,2024-12-30 05:54:35.465993
15526,0000,1201,106,2024-12-30 05:54:35.481982
47248,0000,1201,106,2024-12-30 05:54:35.497984
04739,0000,1201,106,2024-12-30 05:54:35.513977
16284,0000,1202,106,2024-12-30 05:54:35.545566
02158,0000,1201,106,2024-12-30 05:54:35.561974
00994,0000,1201,106,2024-12-30 05:54:35.577964
03880,0000,1201,106,2024-12-30 05:54:35.593968
03049,0000,1201,106,2024-12-30 05:54:35.609967
00186,0000,1201,106,2024-12-30 05:54:35.625954
12203,0000,1201,106,2024-12-30 05:54:35.641955
02910,0000,1201,106,2024-12-30 05:54:35.657948
62398,0000,1201,106,2024-12-30 05:54:35.673951
58964,0000,1202,106,2024-12-30 05:54:35.689955
05419,0000,1201,106,2024-12-30 05:54:35.721942
03818,0000,1202,106,2024-12-30 05:54:35.737944
35990,0000,1201,106,2024-12-30 05:54:35.753932
03720,0000,1202,106,2024-12-30 05:54:35.769939
21055,0000,1201,106,2024-12-30 05:54:35.785934
09424,0000,1201,106,2024-12-30 05:54:35.801947
07769,0000,1201,106,2024-12-30 05:54:35.817935
05501,0000,1201,106,2024-12-30 05:54:35.833937
00695,0001,1201,106,2024-12-30 05:54:35.849918
01011,0000,1201,106,2024-12-30 05:54:35.881576
25830,0000,1202,106,2024-12-30 05:54:35.897904
05452,0000,1202,106,2024-12-30 05:54:35.913904
60899,0000,1202,106,2024-12-30 05:54:35.929907
10589,0000,1202,106,2024-12-30 05:54:35.945893
03460,0000,1202,106,2024-12-30 05:54:35.961889
00528,0000,1201,106,2024-12-30 05:54:35.977892
03475,0000,1202,106,2024-12-30 05:54:35.993897
58110,0000,1202,106,2024-12-30 05:54:36.009899
06760,0000,1202,106,2024-12-30 05:54:36.041220
05424,0000,1202,106,2024-12-30 05:54:36.057875
24042,0000,1201,106,2024-12-30 05:54:36.073873
19387,0000,1201,106,2024-12-30 05:54:36.089864
00100,0001,1201,106,2024-12-30 05:54:36.105863
00679,0000,1202,106,2024-12-30 05:54:36.121870
04565,0000,1202,106,2024-12-30 05:54:36.137854
04401,0000,1202,106,2024-12-30 05:54:36.153857
03344,0000,1202,106,2024-12-30 05:54:36.169844
02105,0000,1201,106,2024-12-30 05:54:36.185848
18796,0000,1201,106,2024-12-30 05:54:36.217600
-0012,0000,1202,106,2024-12-30 05:54:36.233842
26458,0001,1201,106,2024-12-30 05:54:36.249849
19459,0000,1201,106,2024-12-30 05:54:36.265841
04172,0000,1202,106,2024-12-30 05:54:36.281836
05434,0000,1202,106,2024-12-30 05:54:36.297824
02740,0000,1202,106,2024-12-30 05:54:36.313833
02246,0000,1202,106,2024-12-30 05:54:36.329816
06140,0000,1201,106,2024-12-30 05:54:36.345821
03661,0000,1202,106,2024-12-30 05:54:36.377257
10965,0000,1201,106,2024-12-30 05:54:36.393815
50913,0000,1202,106,2024-12-30 05:54:36.409802
48943,0000,1202,106,2024-12-30 05:54:36.425801
16940,0000,1202,106,2024-12-30 05:54:36.441794
00632,0000,1201,106,2024-12-30 05:54:36.457797
25877,0000,1202,106,2024-12-30 05:54:36.473790
22010,0000,1202,106,2024-12-30 05:54:36.489793
11831,0000,1202,106,2024-12-30 05:54:36.505791
37677,0001,1201,106,2024-12-30 05:54:36.521792
03125,0000,1202,106,2024-12-30 05:54:36.553639
21108,0000,1201,106,2024-12-30 05:54:36.569771
09841,0000,1202,106,2024-12-30 05:54:36.585768
04532,0000,1201,106,2024-12-30 05:54:36.601764
01512,0000,1202,106,2024-12-30 05:54:36.617771
46625,0000,1202,106,2024-12-30 05:54:36.633762
01949,0000,1202,106,2024-12-30 05:54:36.649764
43414,0000,1202,106,2024-12-30 05:54:36.665753
28710,0000,1202,106,2024-12-30 05:54:36.681757
12876,0000,1202,106,2024-12-30 05:54:36.713280
00088,0000,1202,106,2024-12-30 05:54:36.729746
37685,0000,1202,106,2024-12-30 05:54:36.745740
05295,0000,1202,106,2024-12-30 05:54:36.761741
10005,0000,1202,106,2024-12-30 05:54:36.777740
16767,0000,1202,106,2024-12-30 05:54:36.793739
02309,0000,1202,106,2024-12-30 05:54:36.809725
03950,0000,1202,106,2024-12-30 05:54:36.825725
25506,0000,1202,106,2024-12-30 05:54:36.841723
26582,0000,1202,106,2024-12-30 05:54:36.857727
00917,0000,1202,106,2024-12-30 05:54:36.889680
25818,0001,1202,106,2024-12-30 05:54:36.905715
00033,0000,1202,106,2024-12-30 05:54:36.921715
11430,0000,1202,106,2024-12-30 05:54:36.937703
04589,0000,1202,106,2024-12-30 05:54:36.953707
00851,0000,1202,106,2024-12-30 05:54:36.969696
08474,0000,1202,106,2024-12-30 05:54:36.985691
44683,0000,1202,106,2024-12-30 05:54:37.001689
56017,0000,1202,106,2024-12-30 05:54:37.017686
50583,0000,1202,106,2024-12-30 05:54:37.049300
03008,0000,1202,106,2024-12-30 05:54:37.065683
41838,0000,1202,106,2024-12-30 05:54:37.081676
30750,0000,1202,106,2024-12-30 05:54:37.097681
16723,0000,1202,106,2024-12-30 05:54:37.113672
03803,0000,1202,106,2024-12-30 05:54:37.129669
23588,0000,1202,106,2024-12-30 05:54:37.145666
00932,0000,1202,106,2024-12-30 05:54:37.161666
13918,0000,1202,106,2024-12-30 05:54:37.177664
48022,0000,1201,106,2024-12-30 05:54:37.193662
03710,0000,1202,106,2024-12-30 05:54:37.225639
04109,0000,1202,106,2024-12-30 05:54:37.241649
56821,0000,1202,106,2024-12-30 05:54:37.257636
30687,0000,1202,106,2024-12-30 05:54:37.273644
20268,0000,1202,106,2024-12-30 05:54:37.289636
17872,0000,1202,106,2024-12-30 05:54:37.305656
15422,0000,1202,106,2024-12-30 05:54:37.321635
66945,0000,1202,106,2024-12-30 05:54:37.337630
04907,0000,1202,106,2024-12-30 05:54:37.353634
22133,0000,1202,106,2024-12-30 05:54:37.385320
01577,0000,1202,106,2024-12-30 05:54:37.401621
37743,0001,1202,106,2024-12-30 05:54:37.417616
19435,0000,1202,106,2024-12-30 05:54:37.433616
62398,0000,1202,106,2024-12-30 05:54:37.449613
05421,0000,1202,106,2024-12-30 05:54:37.465610
04683,0000,1202,106,2024-12-30 05:54:37.481607
07591,0000,1202,106,2024-12-30 05:54:37.497606
07015,0000,1202,106,2024-12-30 05:54:37.513600
09910,0000,1202,106,2024-12-30 05:54:37.544957
45851,0000,1202,106,2024-12-30 05:54:37.561594
02638,0000,1202,106,2024-12-30 05:54:37.577593
05187,0000,1202,106,2024-12-30 05:54:37.593572
30570,0000,1202,106,2024-12-30 05:54:37.609576
01423,0000,1202,106,2024-12-30 05:54:37.625573
56532,0000,1202,106,2024-12-30 05:54:37.641570
16293,0000,1202,106,2024-12-30 05:54:37.657566
30887,0000,1202,106,2024-12-30 05:54:37.673564
28720,0000,1202,106,2024-12-30 05:54:37.689562
00656,0000,1202,106,2024-12-30 05:54:37.721339
09346,0000,1202,106,2024-12-30 05:54:37.737560
02956,0000,1202,106,2024-12-30 05:54:37.753546
05466,0000,1202,106,2024-12-30 05:54:37.769548
04644,0000,1202,106,2024-12-30 05:54:37.785540
02769,0000,1202,106,2024-12-30 05:54:37.801537
21179,0000,1202,106,2024-12-30 05:54:37.817533
06301,0000,1202,106,2024-12-30 05:54:37.833534
55753,0000,1202,106,2024-12-30 05:54:37.849527
23785,0000,1202,106,2024-12-30 05:54:37.880998
24123,0000,1202,106,2024-12-30 05:54:37.897525
14677,0000,1202,106,2024-12-30 05:54:37.913517
00997,0000,1202,106,2024-12-30 05:54:37.929515
01381,0000,1202,106,2024-12-30 05:54:37.945508
40670,0000,1202,106,2024-12-30 05:54:37.961510
05281,0000,1202,106,2024-12-30 05:54:37.977513
01408,0000,1202,106,2024-12-30 05:54:37.993512
60105,0000,1202,106,2024-12-30 05:54:38.009517
00772,0000,1202,106,2024-12-30 05:54:38.025519
02291,0000,1202,106,2024-12-30 05:54:38.057420
04620,0000,1202,106,2024-12-30 05:54:38.073527
00698,0000,1202,106,2024-12-30 05:54:38.089527
38737,0000,1202,106,2024-12-30 05:54:38.105528
02596,0000,1202,106,2024-12-30 05:54:38.121531
04164,0000,1202,106,2024-12-30 05:54:38.137528
48004,0000,1202,106,2024-12-30 05:54:38.153532
22184,0000,1202,106,2024-12-30 05:54:38.169458
00743,0000,1202,106,2024-12-30 05:54:38.185459
16582,0000,1202,106,2024-12-30 05:54:38.217021
06216,0000,1202,106,2024-12-30 05:54:38.233446
08539,0000,1202,106,2024-12-30 05:54:38.249470
07039,0000,1202,106,2024-12-30 05:54:38.265441
02301,0000,1202,106,2024-12-30 05:54:38.281442
03897,0000,1202,106,2024-12-30 05:54:38.297434
13808,0000,1202,106,2024-12-30 05:54:38.313430
59347,0000,1202,106,2024-12-30 05:54:38.329431
56862,0000,1202,106,2024-12-30 05:54:38.345433
04978,0000,1202,106,2024-12-30 05:54:38.361438
04634,0000,1202,106,2024-12-30 05:54:38.393400
02326,0000,1202,106,2024-12-30 05:54:38.409418
13746,0000,1202,106,2024-12-30 05:54:38.425419
04670,0000,1202,106,2024-12-30 05:54:38.441414
43333,0000,1202,106,2024-12-30 05:54:38.457413
67596,0000,1202,106,2024-12-30 05:54:38.473410
42380,0000,1202,106,2024-12-30 05:54:38.489410
05286,0000,1202,106,2024-12-30 05:54:38.505399
03560,0000,1202,106,2024-12-30 05:54:38.521400
02300,0000,1202,106,2024-12-30 05:54:38.553045
12491,0000,1202,106,2024-12-30 05:54:38.569390
31308,0000,1202,106,2024-12-30 05:54:38.585380
48045,0000,1202,106,2024-12-30 05:54:38.601379
02959,0000,1202,106,2024-12-30 05:54:38.617370
10823,0000,1202,106,2024-12-30 05:54:38.633378
02856,0000,1202,106,2024-12-30 05:54:38.649367
23295,0000,1202,106,2024-12-30 05:54:38.665368
20943,0000,1202,106,2024-12-30 05:54:38.681363
20295,0000,1202,106,2024-12-30 05:54:38.712672
06937,0000,1202,106,2024-12-30 05:54:38.729365
07890,0000,1202,106,2024-12-30 05:54:38.745373
08882,0001,1202,106,2024-12-30 05:54:38.761348
04686,0000,1202,106,2024-12-30 05:54:38.777350
01112,0000,1202,106,2024-12-30 05:54:38.793343
47560,0000,1202,106,2024-12-30 05:54:38.809344
03555,0000,1202,106,2024-12-30 05:54:38.825329
15702,0000,1202,106,2024-12-30 05:54:38.841334
25780,0000,1202,106,2024-12-30 05:54:38.857333
03762,0001,1202,106,2024-12-30 05:54:38.889057
02797,0000,1202,106,2024-12-30 05:54:38.905322
03734,0000,1202,106,2024-12-30 05:54:38.921320
00132,0000,1202,106,2024-12-30 05:54:38.937319
20274,0000,1202,106,2024-12-30 05:54:38.953311
36816,0000,1202,106,2024-12-30 05:54:38.969316
10964,0000,1202,106,2024-12-30 05:54:38.985302
10896,0000,1202,106,2024-12-30 05:54:39.001309
04670,0000,1202,106,2024-12-30 05:54:39.017305
01378,0000,1202,106,2024-12-30 05:54:39.048698
28043,0000,1202,106,2024-12-30 05:54:39.065283
01041,0000,1202,106,2024-12-30 05:54:39.081287
11753,0000,1202,106,2024-12-30 05:54:39.097285
23985,0000,1202,106,2024-12-30 05:54:39.113284
18451,0000,1202,106,2024-12-30 05:54:39.129285
14765,0000,1202,106,2024-12-30 05:54:39.145289
09219,0000,1202,106,2024-12-30 05:54:39.161274
36047,0000,1202,106,2024-12-30 05:54:39.177265
12194,0000,1203,106,2024-12-30 05:54:39.193266
02799,0001,1202,106,2024-12-30 05:54:39.225097
01371,0000,1202,106,2024-12-30 05:54:39.241271
63576,0000,1203,106,2024-12-30 05:54:39.257256
00752,0000,1202,106,2024-12-30 05:54:39.273259
02791,0000,1202,106,2024-12-30 05:54:39.289243
67520,0001,1202,106,2024-12-30 05:54:39.305243
01564,0001,1202,106,2024-12-30 05:54:39.321237
29335,0000,1202,106,2024-12-30 05:54:39.337232
61013,0000,1202,106,2024-12-30 05:54:39.353234
29486,0000,1202,106,2024-12-30 05:54:39.384740
53937,0000,1202,106,2024-12-30 05:54:39.401219
51437,0000,1202,106,2024-12-30 05:54:39.417221
60982,0000,1202,106,2024-12-30 05:54:39.433220
19414,0000,1202,106,2024-12-30 05:54:39.449220
01103,0000,1202,106,2024-12-30 05:54:39.465211
01336,0000,1203,106,2024-12-30 05:54:39.481215
04601,0000,1203,106,2024-12-30 05:54:39.497202
36354,0000,1202,106,2024-12-30 05:54:39.513206
05366,0000,1202,106,2024-12-30 05:54:39.529213
15650,0001,1202,106,2024-12-30 05:54:39.561125
04719,0000,1203,106,2024-12-30 05:54:39.577188
29960,0000,1202,106,2024-12-30 05:54:39.593195
09282,0001,1203,106,2024-12-30 05:54:39.609184
37490,0000,1202,106,2024-12-30 05:54:39.625187
45672,0000,1203,106,2024-12-30 05:54:39.641185
02281,0000,1202,106,2024-12-30 05:54:39.657184
46653,0000,1202,106,2024-12-30 05:54:39.673168
06323,0000,1202,106,2024-12-30 05:54:39.689180
03849,0000,1203,106,2024-12-30 05:54:39.720764
05011,0000,1203,106,2024-12-30 05:54:39.737165
20213,0000,1202,106,2024-12-30 05:54:39.753170
34875,0000,1202,106,2024-12-30 05:54:39.769151
40882,0001,1203,106,2024-12-30 05:54:39.785157
05369,0001,1203,106,2024-12-30 05:54:39.801151
01053,0000,1202,106,2024-12-30 05:54:39.817151
04472,0000,1203,106,2024-12-30 05:54:39.833142
01287,0000,1202,106,2024-12-30 05:54:39.849365
28450,0000,1203,106,2024-12-30 05:54:39.865159
30937,0000,1202,106,2024-12-30 05:54:39.897137
03903,0000,1203,106,2024-12-30 05:54:39.913135
19200,0000,1203,106,2024-12-30 05:54:39.929136
00515,0000,1203,106,2024-12-30 05:54:39.945122
00637,0000,1202,106,2024-12-30 05:54:39.961121
05417,0000,1203,106,2024-12-30 05:54:39.977110
54257,0000,1202,106,2024-12-30 05:54:39.993117
54796,0000,1202,106,2024-12-30 05:54:40.009106
13653,0000,1203,106,2024-12-30 05:54:40.025105
21447,0000,1203,106,2024-12-30 05:54:40.056777
09461,0000,1203,106,2024-12-30 05:54:40.073099
41624,0000,1203,106,2024-12-30 05:54:40.089100
00159,0000,1202,106,2024-12-30 05:54:40.105093
07669,0001,1202,106,2024-12-30 05:54:40.121083
11137,0000,1202,106,2024-12-30 05:54:40.137086
05452,0000,1203,106,2024-12-30 05:54:40.153084
03893,0000,1202,106,2024-12-30 05:54:40.169079
04706,0000,1203,106,2024-12-30 05:54:40.185071
14098,0000,1202,106,2024-12-30 05:54:40.216433
14763,0000,1203,106,2024-12-30 05:54:40.233065
03641,0000,1203,106,2024-12-30 05:54:40.249067
20944,0000,1203,106,2024-12-30 05:54:40.265060
25696,0000,1203,106,2024-12-30 05:54:40.281050
40023,0000,1203,106,2024-12-30 05:54:40.297058
01984,0000,1202,106,2024-12-30 05:54:40.313068
05412,0000,1203,106,2024-12-30 05:54:40.329044
13846,0000,1203,106,2024-12-30 05:54:40.345041
24092,0000,1203,106,2024-12-30 05:54:40.361034
64100,0000,1202,106,2024-12-30 05:54:40.392824
02253,0000,1203,106,2024-12-30 05:54:40.409038
02990,0000,1203,106,2024-12-30 05:54:40.425031
04724,0000,1203,106,2024-12-30 05:54:40.441032
50759,0000,1203,106,2024-12-30 05:54:40.457028
07630,0000,1203,106,2024-12-30 05:54:40.473019
04202,0001,1203,106,2024-12-30 05:54:40.489024
10843,0000,1203,106,2024-12-30 05:54:40.505014
03718,0000,1203,106,2024-12-30 05:54:40.521006
30477,0000,1203,106,2024-12-30 05:54:40.552455
64433,0000,1203,106,2024-12-30 05:54:40.569001
49664,0000,1203,106,2024-12-30 05:54:40.584995
02656,0000,1203,106,2024-12-30 05:54:40.600996
03060,0000,1203,106,2024-12-30 05:54:40.616992
45477,0000,1203,106,2024-12-30 05:54:40.632993
11371,0000,1203,106,2024-12-30 05:54:40.648988
12321,0000,1203,106,2024-12-30 05:54:40.664993
39919,0000,1203,106,2024-12-30 05:54:40.680982
05396,0000,1203,106,2024-12-30 05:54:40.696984
65028,0000,1203,106,2024-12-30 05:54:40.728839
04310,0000,1203,106,2024-12-30 05:54:40.744976
05494,0001,1203,106,2024-12-30 05:54:40.760964
17555,0000,1203,106,2024-12-30 05:54:40.776961
01612,0000,1203,106,2024-12-30 05:54:40.792947
23928,0000,1203,106,2024-12-30 05:54:40.808952
03553,0000,1203,106,2024-12-30 05:54:40.824948
50081,0000,1203,106,2024-12-30 05:54:40.840948
14672,0000,1203,106,2024-12-30 05:54:40.856937
57590,0000,1203,106,2024-12-30 05:54:40.888475
23704,0000,1203,106,2024-12-30 05:54:40.904930
27888,0000,1203,106,2024-12-30 05:54:40.920930
06942,0000,1203,106,2024-12-30 05:54:40.936931
20249,0000,1203,106,2024-12-30 05:54:40.952922
03790,0000,1203,106,2024-12-30 05:54:40.968918
05325,0000,1203,106,2024-12-30 05:54:40.984914
55780,0000,1203,106,2024-12-30 05:54:41.000919
52361,0000,1203,106,2024-12-30 05:54:41.016907
31566,0000,1203,106,2024-12-30 05:54:41.032909
05404,0000,1203,106,2024-12-30 05:54:41.064868
53020,0000,1203,106,2024-12-30 05:54:41.080901
12579,0000,1203,106,2024-12-30 05:54:41.096898
01682,0000,1203,106,2024-12-30 05:54:41.112901
06084,0000,1203,106,2024-12-30 05:54:41.128903
12124,0001,1203,106,2024-12-30 05:54:41.144906
02976,0000,1203,106,2024-12-30 05:54:41.160904
39325,0000,1203,106,2024-12-30 05:54:41.176908
21783,0000,1203,106,2024-12-30 05:54:41.192909
05407,0000,1203,106,2024-12-30 05:54:41.224530
03537,0000,1203,106,2024-12-30 05:54:41.240930
22722,0000,1203,106,2024-12-30 05:54:41.256920
04641,0000,1203,106,2024-12-30 05:54:41.272921
05446,0000,1203,106,2024-12-30 05:54:41.288926
05014,0000,1203,106,2024-12-30 05:54:41.304867
20319,0000,1203,106,2024-12-30 05:54:41.320859
44066,0000,1203,106,2024-12-30 05:54:41.336848
02284,0000,1203,106,2024-12-30 05:54:41.352850
20903,0000,1203,106,2024-12-30 05:54:41.368844
04631,0000,1204,106,2024-12-30 05:54:41.400841
05391,0000,1203,106,2024-12-30 05:54:41.416837
01725,0000,1203,106,2024-12-30 05:54:41.432829
20902,0000,1203,106,2024-12-30 05:54:41.448826
28937,0000,1203,106,2024-12-30 05:54:41.464828
02190,0000,1203,106,2024-12-30 05:54:41.480832
55149,0000,1203,106,2024-12-30 05:54:41.496830
13966,0000,1203,106,2024-12-30 05:54:41.512814
51657,0000,1203,106,2024-12-30 05:54:41.528815
52526,0000,1203,106,2024-12-30 05:54:41.560526
02225,0000,1203,106,2024-12-30 05:54:41.576801
10826,0000,1203,106,2024-12-30 05:54:41.592806
03692,0000,1203,106,2024-12-30 05:54:41.608799
28757,0001,1203,106,2024-12-30 05:54:41.624806
23005,0001,1203,106,2024-12-30 05:54:41.640795
54978,0000,1203,106,2024-12-30 05:54:41.656789
20153,0000,1203,106,2024-12-30 05:54:41.672788
07168,0000,1203,106,2024-12-30 05:54:41.688781
06182,0000,1203,106,2024-12-30 05:54:41.720175
23486,0000,1203,106,2024-12-30 05:54:41.736774
29639,0000,1203,106,2024-12-30 05:54:41.752774
02979,0000,1203,106,2024-12-30 05:54:41.768769
02390,0000,1203,106,2024-12-30 05:54:41.784761
02971,0000,1204,106,2024-12-30 05:54:41.800772
14407,0000,1203,106,2024-12-30 05:54:41.816773
29391,0000,1203,106,2024-12-30 05:54:41.832766
01459,0000,1203,106,2024-12-30 05:54:41.848750
01767,0000,1203,106,2024-12-30 05:54:41.864753
00437,0000,1203,106,2024-12-30 05:54:41.896555
32903,0000,1203,106,2024-12-30 05:54:41.912734
08548,0000,1203,106,2024-12-30 05:54:41.928727
12361,0000,1203,106,2024-12-30 05:54:41.944726
05252,0000,1203,106,2024-12-30 05:54:41.960717
04683,0001,1203,106,2024-12-30 05:54:41.976721
20334,0000,1203,106,2024-12-30 05:54:41.992715
04932,0000,1203,106,2024-12-30 05:54:42.008723
02929,0000,1203,106,2024-12-30 05:54:42.024709
03971,0000,1203,106,2024-12-30 05:54:42.056180
16727,0000,1203,106,2024-12-30 05:54:42.072704
05446,0000,1203,106,2024-12-30 05:54:42.088701
02157,0000,1203,106,2024-12-30 05:54:42.104698
04655,0000,1203,106,2024-12-30 05:54:42.120692
47450,0000,1203,106,2024-12-30 05:54:42.136693
34672,0000,1203,106,2024-12-30 05:54:42.152686
10910,0000,1203,106,2024-12-30 05:54:42.168690
03680,0001,1203,106,2024-12-30 05:54:42.184679
04365,0000,1203,106,2024-12-30 05:54:42.200683
02226,0000,1203,106,2024-12-30 05:54:42.232590
04601,0000,1203,106,2024-12-30 05:54:42.248689
08119,0000,1203,106,2024-12-30 05:54:42.264672
03735,0000,1203,106,2024-12-30 05:54:42.280681
10136,0000,1203,106,2024-12-30 05:54:42.296659
16770,0000,1203,106,2024-12-30 05:54:42.312662
12539,0000,1203,106,2024-12-30 05:54:42.328657
03074,0000,1203,106,2024-12-30 05:54:42.344654
07876,0000,1203,106,2024-12-30 05:54:42.360646
10861,0000,1203,106,2024-12-30 05:54:42.392222
23069,0000,1204,106,2024-12-30 05:54:42.408652
05433,0000,1203,106,2024-12-30 05:54:42.424634
18581,0000,1203,106,2024-12-30 05:54:42.440628
48859,0000,1203,106,2024-12-30 05:54:42.456628
02452,0000,1203,106,2024-12-30 05:54:42.472627
00726,0000,1203,106,2024-12-30 05:54:42.488624
05390,0000,1203,106,2024-12-30 05:54:42.504616
54331,0000,1203,106,2024-12-30 05:54:42.520619
04339,0000,1203,106,2024-12-30 05:54:42.536614
17099,0000,1203,106,2024-12-30 05:54:42.568607
04491,0000,1203,106,2024-12-30 05:54:42.584617
10963,0000,1203,106,2024-12-30 05:54:42.600597
25805,0000,1203,106,2024-12-30 05:54:42.616599
63484,0000,1203,106,2024-12-30 05:54:42.632589
49200,0000,1203,106,2024-12-30 05:54:42.648592
20126,0000,1203,106,2024-12-30 05:54:42.664591
03995,0000,1204,106,2024-12-30 05:54:42.680594
49007,0000,1203,106,2024-12-30 05:54:42.696578
03783,0000,1203,106,2024-12-30 05:54:42.728242
03969,0000,1204,106,2024-12-30 05:54:42.744573
24033,0000,1204,106,2024-12-30 05:54:42.760570
01550,0000,1203,106,2024-12-30 05:54:42.776569
54798,0000,1203,106,2024-12-30 05:54:42.792571
53935,0001,1203,106,2024-12-30 05:54:42.808565
05348,0000,1203,106,2024-12-30 05:54:42.824558
53369,0000,1203,106,2024-12-30 05:54:42.840551
04606,0000,1204,106,2024-12-30 05:54:42.856553
01467,0000,1203,106,2024-12-30 05:54:42.887883
21288,0000,1203,106,2024-12-30 05:54:42.904539
39271,0000,1203,106,2024-12-30 05:54:42.920538
13921,0000,1203,106,2024-12-30 05:54:42.936532
01569,0000,1203,106,2024-12-30 05:54:42.952531
04635,0000,1203,106,2024-12-30 05:54:42.968531
04566,0001,1203,106,2024-12-30 05:54:42.984526
01986,0000,1204,106,2024-12-30 05:54:43.000518
05359,0000,1203,106,2024-12-30 05:54:43.016509
30961,0000,1203,106,2024-12-30 05:54:43.032513
29542,0001,1204,106,2024-12-30 05:54:43.064271
53075,0000,1203,106,2024-12-30 05:54:43.080502
01528,0001,1203,106,2024-12-30 05:54:43.096502
01760,0000,1204,106,2024-12-30 05:54:43.112494
08625,0000,1204,106,2024-12-30 05:54:43.128498
18537,0000,1204,106,2024-12-30 05:54:43.144490
55554,0000,1204,106,2024-12-30 05:54:43.160492
03927,0000,1204,106,2024-12-30 05:54:43.176487
11720,0000,1204,106,2024-12-30 05:54:43.192495
54009,0000,1204,106,2024-12-30 05:54:43.223921
00748,0000,1204,106,2024-12-30 05:54:43.240490
43275,0000,1204,106,2024-12-30 05:54:43.256468
19464,0000,1204,106,2024-12-30 05:54:43.272477
29810,0000,1204,106,2024-12-30 05:54:43.288460
30955,0000,1203,106,2024-12-30 05:54:43.304460
18658,0000,1204,106,2024-12-30 05:54:43.320454
04652,0001,1203,106,2024-12-30 05:54:43.336457
32455,0000,1204,106,2024-12-30 05:54:43.352450
61836,0000,1203,106,2024-12-30 05:54:43.368453
02232,0000,1203,106,2024-12-30 05:54:43.400301
20177,0000,1204,106,2024-12-30 05:54:43.416434
59346,0000,1204,106,2024-12-30 05:54:43.432440
52654,0000,1203,106,2024-12-30 05:54:43.448439
45766,0000,1204,106,2024-12-30 05:54:43.464428
58238,0000,1204,106,2024-12-30 05:54:43.480426
52997,0000,1204,106,2024-12-30 05:54:43.496415
09422,0000,1204,106,2024-12-30 05:54:43.512417
27094,0000,1204,106,2024-12-30 05:54:43.528413
17976,0000,1204,106,2024-12-30 05:54:43.559935
05454,0000,1204,106,2024-12-30 05:54:43.576414
24899,0000,1204,106,2024-12-30 05:54:43.592402
53301,0000,1203,106,2024-12-30 05:54:43.608403
58120,0000,1204,106,2024-12-30 05:54:43.624408
02028,0000,1203,106,2024-12-30 05:54:43.640404
48890,0000,1204,106,2024-12-30 05:54:43.656391
00374,0000,1203,106,2024-12-30 05:54:43.672393
03056,0000,1204,106,2024-12-30 05:54:43.688391
20363,0000,1204,106,2024-12-30 05:54:43.704384
00810,0000,1204,106,2024-12-30 05:54:43.736325
03025,0000,1204,106,2024-12-30 05:54:43.752382
00015,0000,1204,106,2024-12-30 05:54:43.768374
31434,0000,1203,106,2024-12-30 05:54:43.784367
05192,0000,1204,106,2024-12-30 05:54:43.800366
01230,0000,1204,106,2024-12-30 05:54:43.816367
05383,0000,1204,106,2024-12-30 05:54:43.832363
52462,0000,1204,106,2024-12-30 05:54:43.848369
61619,0000,1204,106,2024-12-30 05:54:43.864350
31193,0000,1204,106,2024-12-30 05:54:43.895959
04617,0000,1204,106,2024-12-30 05:54:43.912352
04758,0001,1204,106,2024-12-30 05:54:43.928339
01951,0000,1204,106,2024-12-30 05:54:43.944341
34686,0000,1204,106,2024-12-30 05:54:43.960339
23082,0000,1204,106,2024-12-30 05:54:43.976337
29512,0000,1204,106,2024-12-30 05:54:43.992332
02960,0000,1204,106,2024-12-30 05:54:44.008329
00415,0000,1204,106,2024-12-30 05:54:44.024316
46639,0000,1204,106,2024-12-30 05:54:44.040325
53138,0000,1204,106,2024-12-30 05:54:44.072318
22314,0000,1204,106,2024-12-30 05:54:44.088314
24056,0000,1203,106,2024-12-30 05:54:44.104313
08412,0000,1204,106,2024-12-30 05:54:44.120304
10701,0000,1204,106,2024-12-30 05:54:44.136302
03980,0000,1204,106,2024-12-30 05:54:44.152297
02994,0000,1204,106,2024-12-30 05:54:44.168297
57584,0000,1204,106,2024-12-30 05:54:44.184292
02293,0000,1204,106,2024-12-30 05:54:44.200283
26795,0000,1204,106,2024-12-30 05:54:44.231987
05027,0000,1204,106,2024-12-30 05:54:44.248299
35262,0000,1204,106,2024-12-30 05:54:44.264293
04678,0000,1204,106,2024-12-30 05:54:44.280290
03365,0000,1204,106,2024-12-30 05:54:44.296288
05207,0000,1204,106,2024-12-30 05:54:44.312306
00986,0000,1204,106,2024-12-30 05:54:44.328300
04754,0000,1204,106,2024-12-30 05:54:44.344302
05456,0000,1204,106,2024-12-30 05:54:44.360308
02857,0000,1204,106,2024-12-30 05:54:44.391645
09566,0000,1204,106,2024-12-30 05:54:44.408310
44483,0000,1204,106,2024-12-30 05:54:44.424307
30880,0000,1204,106,2024-12-30 05:54:44.440235
19186,0000,1204,106,2024-12-30 05:54:44.456244
02346,0000,1204,106,2024-12-30 05:54:44.472236
22283,0000,1204,106,2024-12-30 05:54:44.488239
-0020,0000,1204,106,2024-12-30 05:54:44.504224
31675,0000,1204,106,2024-12-30 05:54:44.520280
01714,0000,1204,106,2024-12-30 05:54:44.536228
03514,0000,1204,106,2024-12-30 05:54:44.568006
55880,0000,1204,106,2024-12-30 05:54:44.584218
28394,0000,1204,106,2024-12-30 05:54:44.600209
25600,0000,1204,106,2024-12-30 05:54:44.616210
22286,0000,1204,106,2024-12-30 05:54:44.632219
03517,0000,1204,106,2024-12-30 05:54:44.648191
25087,0000,1204,106,2024-12-30 05:54:44.664202
24152,0000,1204,106,2024-12-30 05:54:44.680191
06260,0000,1204,106,2024-12-30 05:54:44.696193
00734,0000,1204,106,2024-12-30 05:54:44.727638
03869,0001,1204,106,2024-12-30 05:54:44.744195
10644,0000,1204,106,2024-12-30 05:54:44.760171
04703,0000,1204,106,2024-12-30 05:54:44.776173
04028,0000,1204,106,2024-12-30 05:54:44.792164
20109,0000,1205,106,2024-12-30 05:54:44.808168
02220,0000,1204,106,2024-12-30 05:54:44.824162
55632,0000,1204,106,2024-12-30 05:54:44.840157
30362,0000,1204,106,2024-12-30 05:54:44.856154
23242,0000,1204,106,2024-12-30 05:54:44.872159
24547,0000,1204,106,2024-12-30 05:54:44.904044
10675,0000,1204,106,2024-12-30 05:54:44.920152
01858,0000,1204,106,2024-12-30 05:54:44.936149
00839,0000,1204,106,2024-12-30 05:54:44.952139
63255,0000,1204,106,2024-12-30 05:54:44.968137
23999,0001,1204,106,2024-12-30 05:54:44.984135
02331,0000,1204,106,2024-12-30 05:54:45.000138
45377,0000,1204,106,2024-12-30 05:54:45.016136
04649,0000,1204,106,2024-12-30 05:54:45.032118
00718,0000,1204,106,2024-12-30 05:54:45.063663
23898,0000,1204,106,2024-12-30 05:54:45.080119
50829,0000,1204,106,2024-12-30 05:54:45.096111
03721,0000,1204,106,2024-12-30 05:54:45.112107
00908,0000,1204,106,2024-12-30 05:54:45.128106
01439,0000,1204,106,2024-12-30 05:54:45.144114
02274,0000,1204,106,2024-12-30 05:54:45.160102
23890,0001,1204,106,2024-12-30 05:54:45.176102
05022,0000,1204,106,2024-12-30 05:54:45.192091
19237,0000,1204,106,2024-12-30 05:54:45.208098
03652,0001,1204,106,2024-12-30 05:54:45.240078
54198,0000,1204,106,2024-12-30 05:54:45.256092
05390,0000,1205,106,2024-12-30 05:54:45.272081
00074,0000,1204,106,2024-12-30 05:54:45.288077
03187,0000,1204,106,2024-12-30 05:54:45.304084
44981,0000,1204,106,2024-12-30 05:54:45.320075
21168,0000,1204,106,2024-12-30 05:54:45.336074
20724,0000,1204,106,2024-12-30 05:54:45.352066
03229,0000,1204,106,2024-12-30 05:54:45.368057
00771,0000,1204,106,2024-12-30 05:54:45.399709
04482,0000,1204,106,2024-12-30 05:54:45.416062
13833,0000,1204,106,2024-12-30 05:54:45.432053
01302,0000,1204,106,2024-12-30 05:54:45.448057
11016,0000,1204,106,2024-12-30 05:54:45.464043
04531,0000,1204,106,2024-12-30 05:54:45.480036
32198,0000,1204,106,2024-12-30 05:54:45.496036
13864,0000,1204,106,2024-12-30 05:54:45.512041
04441,0000,1204,106,2024-12-30 05:54:45.528036
01503,0000,1204,106,2024-12-30 05:54:45.559342
48350,0000,1204,106,2024-12-30 05:54:45.576017
04627,0000,1204,106,2024-12-30 05:54:45.592013
28757,0000,1204,106,2024-12-30 05:54:45.608009
30385,0000,1204,106,2024-12-30 05:54:45.624010
30905,0000,1204,106,2024-12-30 05:54:45.640003
00842,0000,1204,106,2024-12-30 05:54:45.656005
16302,0000,1204,106,2024-12-30 05:54:45.671994
36912,0000,1204,106,2024-12-30 05:54:45.688000
24198,0000,1204,106,2024-12-30 05:54:45.703989
27955,0000,1205,106,2024-12-30 05:54:45.735725
05345,0000,1204,106,2024-12-30 05:54:45.751993
05526,0000,1204,106,2024-12-30 05:54:45.767983
40115,0000,1204,106,2024-12-30 05:54:45.783980
63643,0000,1204,106,2024-12-30 05:54:45.799984
19440,0000,1204,106,2024-12-30 05:54:45.815969
03644,0000,1204,106,2024-12-30 05:54:45.831972
19282,0000,1204,106,2024-12-30 05:54:45.847969
10950,0000,1204,106,2024-12-30 05:54:45.863965
23614,0000,1204,106,2024-12-30 05:54:45.895366
08245,0000,1204,106,2024-12-30 05:54:45.911958
03694,0000,1204,106,2024-12-30 05:54:45.927946
03942,0000,1204,106,2024-12-30 05:54:45.943943
08596,0000,1204,106,2024-12-30 05:54:45.959940
03814,0001,1204,106,2024-12-30 05:54:45.975941
18088,0001,1205,106,2024-12-30 05:54:45.991932
20236,0000,1205,106,2024-12-30 05:54:46.007938
19473,0000,1204,106,2024-12-30 05:54:46.023926
17448,0000,1204,106,2024-12-30 05:54:46.039929
02657,0000,1204,106,2024-12-30 05:54:46.071766
26892,0000,1205,106,2024-12-30 05:54:46.087913
23558,0000,1204,106,2024-12-30 05:54:46.103924
01542,0000,1205,106,2024-12-30 05:54:46.119913
01570,0000,1205,106,2024-12-30 05:54:46.135911
34509,0000,1204,106,2024-12-30 05:54:46.151908
03487,0000,1204,106,2024-12-30 05:54:46.167905
23425,0000,1204,106,2024-12-30 05:54:46.183908
26263,0000,1205,106,2024-12-30 05:54:46.199887
01526,0000,1204,106,2024-12-30 05:54:46.231383
13249,0000,1204,106,2024-12-30 05:54:46.247905
48094,0000,1204,106,2024-12-30 05:54:46.263885
47914,0000,1205,106,2024-12-30 05:54:46.279883
22364,0000,1205,106,2024-12-30 05:54:46.295872
19514,0000,1204,106,2024-12-30 05:54:46.311879
10182,0000,1204,106,2024-12-30 05:54:46.327872
01399,0000,1204,106,2024-12-30 05:54:46.343878
03920,0000,1205,106,2024-12-30 05:54:46.359865
13106,0000,1204,106,2024-12-30 05:54:46.375867
29393,0000,1204,106,2024-12-30 05:54:46.407766
03611,0000,1204,106,2024-12-30 05:54:46.423853
02574,0000,1204,106,2024-12-30 05:54:46.439855
01131,0000,1204,106,2024-12-30 05:54:46.455845
26551,0000,1204,106,2024-12-30 05:54:46.471848
01693,0000,1205,106,2024-12-30 05:54:46.487841
50033,0000,1204,106,2024-12-30 05:54:46.503832
19584,0000,1204,106,2024-12-30 05:54:46.519834
16449,0000,1205,106,2024-12-30 05:54:46.535830
04421,0000,1205,106,2024-12-30 05:54:46.567410
16405,0000,1205,106,2024-12-30 05:54:46.583837
06209,0000,1205,106,2024-12-30 05:54:46.599814
04372,0000,1205,106,2024-12-30 05:54:46.615820
16253,0000,1204,106,2024-12-30 05:54:46.631814
45574,0000,1204,106,2024-12-30 05:54:46.647806
53428,0000,1204,106,2024-12-30 05:54:46.663805
38507,0001,1205,106,2024-12-30 05:54:46.679801
17722,0001,1205,106,2024-12-30 05:54:46.695807
17974,0001,1205,106,2024-12-30 05:54:46.711808
11742,0000,1204,106,2024-12-30 05:54:46.743789
04781,0000,1204,106,2024-12-30 05:54:46.759793
07045,0000,1205,106,2024-12-30 05:54:46.775781
64135,0000,1205,106,2024-12-30 05:54:46.791783
04707,0000,1204,106,2024-12-30 05:54:46.807778
07335,0000,1205,106,2024-12-30 05:54:46.823775
09193,0000,1205,106,2024-12-30 05:54:46.839768
62815,0000,1205,106,2024-12-30 05:54:46.855772
15351,0000,1204,106,2024-12-30 05:54:46.871767
01088,0000,1204,106,2024-12-30 05:54:46.903434
53323,0000,1205,106,2024-12-30 05:54:46.919761
28693,0000,1205,106,2024-12-30 05:54:46.935756
01766,0000,1205,106,2024-12-30 05:54:46.951757
05460,0000,1204,106,2024-12-30 05:54:46.967754
24124,0000,1205,106,2024-12-30 05:54:46.983751
28746,0000,1205,106,2024-12-30 05:54:46.999737
05331,0000,1205,106,2024-12-30 05:54:47.015741
11770,0000,1205,106,2024-12-30 05:54:47.031734
61092,0001,1205,106,2024-12-30 05:54:47.063079
22847,0000,1205,106,2024-12-30 05:54:47.079733
04676,0000,1204,106,2024-12-30 05:54:47.095732
14748,0000,1204,106,2024-12-30 05:54:47.111729
08539,0000,1205,106,2024-12-30 05:54:47.127714
53334,0000,1205,106,2024-12-30 05:54:47.143717
02028,0000,1205,106,2024-12-30 05:54:47.159710
03408,0000,1205,106,2024-12-30 05:54:47.175697
02547,0000,1205,106,2024-12-30 05:54:47.191701
49047,0000,1205,106,2024-12-30 05:54:47.207698
01155,0000,1205,106,2024-12-30 05:54:47.239479
02082,0000,1205,106,2024-12-30 05:54:47.255699
61538,0001,1204,106,2024-12-30 05:54:47.271683
05222,0000,1205,106,2024-12-30 05:54:47.287684
49158,0000,1204,106,2024-12-30 05:54:47.303676
59356,0000,1205,106,2024-12-30 05:54:47.319678
46514,0000,1205,106,2024-12-30 05:54:47.335671
10882,0000,1205,106,2024-12-30 05:54:47.351674
50807,0000,1205,106,2024-12-30 05:54:47.367675
00753,0000,1205,106,2024-12-30 05:54:47.399120
03084,0000,1205,106,2024-12-30 05:54:47.415675
02267,0000,1204,106,2024-12-30 05:54:47.431680
03790,0000,1205,106,2024-12-30 05:54:47.447683
25099,0000,1205,106,2024-12-30 05:54:47.463686
14768,0000,1205,106,2024-12-30 05:54:47.479689
04287,0000,1205,106,2024-12-30 05:54:47.495695
19347,0000,1205,106,2024-12-30 05:54:47.511695
08354,0000,1205,106,2024-12-30 05:54:47.527692
03532,0000,1205,106,2024-12-30 05:54:47.543699
04077,0000,1205,106,2024-12-30 05:54:47.575500
26375,0000,1205,106,2024-12-30 05:54:47.591630
13241,0000,1205,106,2024-12-30 05:54:47.607621
28210,0000,1205,106,2024-12-30 05:54:47.623614
05469,0001,1205,106,2024-12-30 05:54:47.639611
36797,0000,1205,106,2024-12-30 05:54:47.655609
06372,0000,1205,106,2024-12-30 05:54:47.671617
03882,0000,1205,106,2024-12-30 05:54:47.687611
60924,0000,1205,106,2024-12-30 05:54:47.703612
20500,0000,1205,106,2024-12-30 05:54:47.735143
45776,0000,1205,106,2024-12-30 05:54:47.751606
02123,0000,1205,106,2024-12-30 05:54:47.767590
31708,0001,1205,106,2024-12-30 05:54:47.783588
04603,0000,1205,106,2024-12-30 05:54:47.799583
02647,0000,1205,106,2024-12-30 05:54:47.815591
10063,0000,1205,106,2024-12-30 05:54:47.831589
02662,0000,1205,106,2024-12-30 05:54:47.847586
05041,0000,1205,106,2024-12-30 05:54:47.863579
04489,0000,1205,106,2024-12-30 05:54:47.879572
25747,0000,1205,106,2024-12-30 05:54:47.911523
01622,0000,1205,106,2024-12-30 05:54:47.927555
08965,0000,1205,106,2024-12-30 05:54:47.943562
20146,0000,1205,106,2024-12-30 05:54:47.959554
03867,0000,1205,106,2024-12-30 05:54:47.975556
20787,0000,1205,106,2024-12-30 05:54:47.991547
03807,0000,1205,106,2024-12-30 05:54:48.007549
04873,0000,1205,106,2024-12-30 05:54:48.023539
03873,0000,1205,106,2024-12-30 05:54:48.039535
06605,0000,1205,106,2024-12-30 05:54:48.071155
01658,0000,1205,106,2024-12-30 05:54:48.087530
02514,0000,1205,106,2024-12-30 05:54:48.103534
51715,0000,1205,106,2024-12-30 05:54:48.119522
23762,0000,1205,106,2024-12-30 05:54:48.135526
02793,0000,1205,106,2024-12-30 05:54:48.151530
03857,0000,1205,106,2024-12-30 05:54:48.167511
03739,0000,1205,106,2024-12-30 05:54:48.183502
00148,0000,1205,106,2024-12-30 05:54:48.199504
49214,0000,1205,106,2024-12-30 05:54:48.215505
02212,0000,1205,106,2024-12-30 05:54:48.247508
16179,0000,1205,106,2024-12-30 05:54:48.263497
01682,0000,1205,106,2024-12-30 05:54:48.279480
60178,0000,1205,106,2024-12-30 05:54:48.295486
06089,0000,1205,106,2024-12-30 05:54:48.311493
31636,0000,1205,106,2024-12-30 05:54:48.327482
00637,0000,1205,106,2024-12-30 05:54:48.343471
12118,0000,1205,106,2024-12-30 05:54:48.359475
05481,0000,1205,106,2024-12-30 05:54:48.375466
21639,0000,1205,106,2024-12-30 05:54:48.407177
04891,0000,1205,106,2024-12-30 05:54:48.423471
25438,0000,1205,106,2024-12-30 05:54:48.439460
00764,0000,1205,106,2024-12-30 05:54:48.455464
19287,0000,1205,106,2024-12-30 05:54:48.471454
60241,0000,1205,106,2024-12-30 05:54:48.487460
04648,0000,1205,106,2024-12-30 05:54:48.503451
02772,0000,1205,106,2024-12-30 05:54:48.519458
00229,0000,1205,106,2024-12-30 05:54:48.535452
03692,0000,1205,106,2024-12-30 05:54:48.566824
56433,0000,1205,106,2024-12-30 05:54:48.583432
24922,0001,1205,106,2024-12-30 05:54:48.599435
05465,0000,1205,106,2024-12-30 05:54:48.615420
39880,0000,1205,106,2024-12-30 05:54:48.631424
02201,0000,1205,106,2024-12-30 05:54:48.647424
24742,0000,1205,106,2024-12-30 05:54:48.663426
00083,0000,1205,106,2024-12-30 05:54:48.679410
02145,0000,1205,106,2024-12-30 05:54:48.695416
43815,0000,1205,106,2024-12-30 05:54:48.711407
53102,0000,1205,106,2024-12-30 05:54:48.743207
04005,0000,1205,106,2024-12-30 05:54:48.759405
26775,0000,1205,106,2024-12-30 05:54:48.775402
09152,0000,1206,106,2024-12-30 05:54:48.791398
04827,0000,1205,106,2024-12-30 05:54:48.807391
26699,0000,1205,106,2024-12-30 05:54:48.823383
02090,0000,1205,106,2024-12-30 05:54:48.839384
37806,0000,1205,106,2024-12-30 05:54:48.855385
17716,0000,1205,106,2024-12-30 05:54:48.871382
59238,0000,1205,106,2024-12-30 05:54:48.902861
40997,0000,1205,106,2024-12-30 05:54:48.919375
04683,0000,1205,106,2024-12-30 05:54:48.935369
01725,0001,1205,106,2024-12-30 05:54:48.951356
01691,0000,1205,106,2024-12-30 05:54:48.967356
28599,0000,1205,106,2024-12-30 05:54:48.983350
04514,0000,1205,106,2024-12-30 05:54:48.999338
19939,0000,1205,106,2024-12-30 05:54:49.015337
02332,0000,1205,106,2024-12-30 05:54:49.031343
04679,0000,1205,106,2024-12-30 05:54:49.047341
37037,0000,1205,106,2024-12-30 05:54:49.079239
15412,0000,1205,106,2024-12-30 05:54:49.095322
21970,0000,1205,106,2024-12-30 05:54:49.111330
02242,0000,1205,106,2024-12-30 05:54:49.127322
03970,0000,1205,106,2024-12-30 05:54:49.143318
03887,0000,1206,106,2024-12-30 05:54:49.159312
39474,0000,1205,106,2024-12-30 05:54:49.175309
05453,0000,1205,106,2024-12-30 05:54:49.191306
02897,0000,1205,106,2024-12-30 05:54:49.207310
03838,0000,1205,106,2024-12-30 05:54:49.238872
48956,0000,1206,106,2024-12-30 05:54:49.255294
05327,0000,1205,106,2024-12-30 05:54:49.271297
01533,0000,1205,106,2024-12-30 05:54:49.287291
03671,0001,1205,106,2024-12-30 05:54:49.303303
04512,0000,1205,106,2024-12-30 05:54:49.319294
03030,0000,1205,106,2024-12-30 05:54:49.335279
03738,0001,1205,106,2024-12-30 05:54:49.351283
09172,0000,1205,106,2024-12-30 05:54:49.367274
08419,0000,1205,106,2024-12-30 05:54:49.383278
03858,0000,1205,106,2024-12-30 05:54:49.415267
03835,0000,1206,106,2024-12-30 05:54:49.431266
03112,0000,1205,106,2024-12-30 05:54:49.447269
03258,0000,1205,106,2024-12-30 05:54:49.463253
03592,0000,1205,106,2024-12-30 05:54:49.479263
02823,0000,1205,106,2024-12-30 05:54:49.495250
48104,0000,1205,106,2024-12-30 05:54:49.511259
24059,0000,1205,106,2024-12-30 05:54:49.527247
00809,0000,1206,106,2024-12-30 05:54:49.543249
03061,0000,1205,106,2024-12-30 05:54:49.574901
04589,0001,1205,106,2024-12-30 05:54:49.591228
03863,0000,1205,106,2024-12-30 05:54:49.607238
00895,0001,1205,106,2024-12-30 05:54:49.623230
04465,0000,1205,106,2024-12-30 05:54:49.639240
02994,0000,1205,106,2024-12-30 05:54:49.655224
08436,0000,1205,106,2024-12-30 05:54:49.671213
36974,0000,1205,106,2024-12-30 05:54:49.687216
18500,0000,1205,106,2024-12-30 05:54:49.703217
10986,0000,1205,106,2024-12-30 05:54:49.734544
05330,0000,1206,106,2024-12-30 05:54:49.751215
58987,0000,1205,106,2024-12-30 05:54:49.767199
00773,0000,1205,106,2024-12-30 05:54:49.783201
46391,0000,1205,106,2024-12-30 05:54:49.799201
02532,0000,1206,106,2024-12-30 05:54:49.815190
33192,0000,1205,106,2024-12-30 05:54:49.831199
39371,0000,1205,106,2024-12-30 05:54:49.847196
01779,0000,1205,106,2024-12-30 05:54:49.863179
05317,0000,1205,106,2024-12-30 05:54:49.879184
28662,0000,1205,106,2024-12-30 05:54:49.910932
44125,0000,1205,106,2024-12-30 05:54:49.927170
15589,0000,1205,106,2024-12-30 05:54:49.943164
15694,0000,1206,106,2024-12-30 05:54:49.959163
12953,0000,1205,106,2024-12-30 05:54:49.975159
03005,0000,1206,106,2024-12-30 05:54:49.991159
30234,0000,1205,106,2024-12-30 05:54:50.007163
02652,0000,1206,106,2024-12-30 05:54:50.023157
36150,0000,1205,106,2024-12-30 05:54:50.039144
56403,0000,1205,106,2024-12-30 05:54:50.070583
16466,0000,1205,106,2024-12-30 05:54:50.087141
28713,0000,1205,106,2024-12-30 05:54:50.103147
04277,0000,1206,106,2024-12-30 05:54:50.119132
05237,0000,1206,106,2024-12-30 05:54:50.135132
00914,0000,1206,106,2024-12-30 05:54:50.151145
61776,0000,1205,106,2024-12-30 05:54:50.167128
05449,0000,1206,106,2024-12-30 05:54:50.183127
05374,0000,1206,106,2024-12-30 05:54:50.199128
01850,0000,1206,106,2024-12-30 05:54:50.215130
22977,0001,1205,106,2024-12-30 05:54:50.246997
02405,0000,1206,106,2024-12-30 05:54:50.263122
10011,0000,1205,106,2024-12-30 05:54:50.279122
02220,0000,1205,106,2024-12-30 05:54:50.295115
05384,0000,1205,106,2024-12-30 05:54:50.311106
50733,0000,1205,106,2024-12-30 05:54:50.327112
03128,0000,1205,106,2024-12-30 05:54:50.343103
54218,0000,1206,106,2024-12-30 05:54:50.359103
02715,0000,1206,106,2024-12-30 05:54:50.375092
49892,0000,1206,106,2024-12-30 05:54:50.406610
00550,0000,1206,106,2024-12-30 05:54:50.423091
09346,0000,1205,106,2024-12-30 05:54:50.439073
04507,0000,1206,106,2024-12-30 05:54:50.455078
05296,0000,1205,106,2024-12-30 05:54:50.471068
63667,0000,1205,106,2024-12-30 05:54:50.487062
01890,0000,1205,106,2024-12-30 05:54:50.503076
03362,0000,1205,106,2024-12-30 05:54:50.519080
01757,0000,1206,106,2024-12-30 05:54:50.535087
23976,0000,1205,106,2024-12-30 05:54:50.551076
28504,0000,1206,106,2024-12-30 05:54:50.583020
16359,0000,1206,106,2024-12-30 05:54:50.599087
04519,0000,1206,106,2024-12-30 05:54:50.615090
03593,0000,1205,106,2024-12-30 05:54:50.631092
00765,0000,1206,106,2024-12-30 05:54:50.647100
09122,0000,1206,106,2024-12-30 05:54:50.663101
03818,0000,1206,106,2024-12-30 05:54:50.679104
01740,0000,1206,106,2024-12-30 05:54:50.695029
51734,0000,1205,106,2024-12-30 05:54:50.711027
10516,0000,1205,106,2024-12-30 05:54:50.742643
09482,0000,1206,106,2024-12-30 05:54:50.759013
00598,0000,1205,106,2024-12-30 05:54:50.775013
29130,0000,1206,106,2024-12-30 05:54:50.791006
03903,0000,1206,106,2024-12-30 05:54:50.807008
59272,0000,1206,106,2024-12-30 05:54:50.823004
00945,0000,1206,106,2024-12-30 05:54:50.839006
01834,0000,1206,106,2024-12-30 05:54:50.854998
50539,0000,1206,106,2024-12-30 05:54:50.871002
17314,0000,1206,106,2024-12-30 05:54:50.887003
04701,0000,1205,106,2024-12-30 05:54:50.918987
66709,0000,1206,106,2024-12-30 05:54:50.934981
01134,0000,1206,106,2024-12-30 05:54:50.950986
56750,0000,1206,106,2024-12-30 05:54:50.966971
02404,0000,1206,106,2024-12-30 05:54:50.982976
17812,0000,1205,106,2024-12-30 05:54:50.998974
17127,0000,1206,106,2024-12-30 05:54:51.014963
20245,0000,1206,106,2024-12-30 05:54:51.030961
05270,0000,1206,106,2024-12-30 05:54:51.046963
16933,0000,1206,106,2024-12-30 05:54:51.078649
02845,0000,1206,106,2024-12-30 05:54:51.094952
22572,0000,1206,106,2024-12-30 05:54:51.110947
29558,0000,1206,106,2024-12-30 05:54:51.126945
12517,0000,1206,106,2024-12-30 05:54:51.142937
32946,0000,1206,106,2024-12-30 05:54:51.158938
18404,0000,1206,106,2024-12-30 05:54:51.174930
03683,0000,1206,106,2024-12-30 05:54:51.190932
04085,0000,1206,106,2024-12-30 05:54:51.206926
39507,0000,1206,106,2024-12-30 05:54:51.238287
03747,0000,1206,106,2024-12-30 05:54:51.254923
06385,0000,1206,106,2024-12-30 05:54:51.270919
01625,0000,1206,106,2024-12-30 05:54:51.286901
05549,0000,1206,106,2024-12-30 05:54:51.302904
27430,0000,1206,106,2024-12-30 05:54:51.318901
02207,0000,1205,106,2024-12-30 05:54:51.334894
52234,0000,1206,106,2024-12-30 05:54:51.350897
25520,0000,1206,106,2024-12-30 05:54:51.366898
03730,0000,1206,106,2024-12-30 05:54:51.382892
04888,0000,1206,106,2024-12-30 05:54:51.414669
03697,0000,1206,106,2024-12-30 05:54:51.430883
31766,0000,1206,106,2024-12-30 05:54:51.446875
14750,0000,1206,106,2024-12-30 05:54:51.462883
02299,0000,1206,106,2024-12-30 05:54:51.478869
32295,0001,1206,106,2024-12-30 05:54:51.494873
04608,0000,1206,106,2024-12-30 05:54:51.510860
16865,0000,1206,106,2024-12-30 05:54:51.526866
13959,0000,1206,106,2024-12-30 05:54:51.542859
27588,0000,1206,106,2024-12-30 05:54:51.574324
53401,0000,1206,106,2024-12-30 05:54:51.590846
05422,0000,1206,106,2024-12-30 05:54:51.606849
00416,0000,1206,106,2024-12-30 05:54:51.622839
33741,0000,1206,106,2024-12-30 05:54:51.638841
04650,0000,1206,106,2024-12-30 05:54:51.654844
17132,0000,1206,106,2024-12-30 05:54:51.670840
01401,0000,1206,106,2024-12-30 05:54:51.686832
19395,0001,1206,106,2024-12-30 05:54:51.702830
36206,0000,1205,106,2024-12-30 05:54:51.718825
04923,0000,1206,106,2024-12-30 05:54:51.750700
42517,0000,1206,106,2024-12-30 05:54:51.766820
02227,0000,1206,106,2024-12-30 05:54:51.782818
02961,0000,1206,106,2024-12-30 05:54:51.798803
04632,0000,1206,106,2024-12-30 05:54:51.814804
15656,0000,1206,106,2024-12-30 05:54:51.830794
14669,0000,1206,106,2024-12-30 05:54:51.846798
06267,0001,1206,106,2024-12-30 05:54:51.862790
01078,0000,1206,106,2024-12-30 05:54:51.878796
06228,0000,1206,106,2024-12-30 05:54:51.910322
04641,0000,1206,106,2024-12-30 05:54:51.926783
21199,0000,1206,106,2024-12-30 05:54:51.942782
02908,0000,1206,106,2024-12-30 05:54:51.958776
11131,0000,1206,106,2024-12-30 05:54:51.974776
03643,0000,1206,106,2024-12-30 05:54:51.990765
05159,0000,1206,106,2024-12-30 05:54:52.006773
00737,0000,1206,106,2024-12-30 05:54:52.022766
05238,0000,1206,106,2024-12-30 05:54:52.038766
03875,0000,1206,106,2024-12-30 05:54:52.054767
03138,0000,1206,106,2024-12-30 05:54:52.086735
07917,0000,1206,106,2024-12-30 05:54:52.102743
32352,0001,1206,106,2024-12-30 05:54:52.118744
03294,0000,1206,106,2024-12-30 05:54:52.134740
29551,0000,1206,106,2024-12-30 05:54:52.150740
04642,0000,1206,106,2024-12-30 05:54:52.166736
03071,0000,1206,106,2024-12-30 05:54:52.182740
04309,0000,1206,106,2024-12-30 05:54:52.198925
03637,0000,1206,106,2024-12-30 05:54:52.214746
03095,0000,1206,106,2024-12-30 05:54:52.246377
33855,0000,1206,106,2024-12-30 05:54:52.262723
05429,0000,1206,106,2024-12-30 05:54:52.278719
01831,0000,1206,106,2024-12-30 05:54:52.294720
23417,0000,1206,106,2024-12-30 05:54:52.310723
47043,0000,1206,106,2024-12-30 05:54:52.326707
04520,0000,1207,106,2024-12-30 05:54:52.342709
60867,0000,1206,106,2024-12-30 05:54:52.358702
04116,0000,1206,106,2024-12-30 05:54:52.374694
05438,0000,1206,106,2024-12-30 05:54:52.405998
02878,0000,1206,106,2024-12-30 05:54:52.422701
01839,0000,1206,106,2024-12-30 05:54:52.438696
08659,0000,1206,106,2024-12-30 05:54:52.454700
02534,0000,1206,106,2024-12-30 05:54:52.470686
40882,0000,1206,106,2024-12-30 05:54:52.486684
21888,0000,1206,106,2024-12-30 05:54:52.502673
34518,0000,1206,106,2024-12-30 05:54:52.518667
01576,0000,1206,106,2024-12-30 05:54:52.534667
04482,0000,1206,106,2024-12-30 05:54:52.550665
58360,0000,1206,106,2024-12-30 05:54:52.582399
09238,0000,1206,106,2024-12-30 05:54:52.598655
00657,0000,1206,106,2024-12-30 05:54:52.614654
01154,0000,1206,106,2024-12-30 05:54:52.630650
03068,0000,1206,106,2024-12-30 05:54:52.646642
01989,0000,1206,106,2024-12-30 05:54:52.662642
04667,0000,1206,106,2024-12-30 05:54:52.678631
26952,0000,1206,106,2024-12-30 05:54:52.694636
03647,0000,1206,106,2024-12-30 05:54:52.710628
03659,0000,1206,106,2024-12-30 05:54:52.742024
00624,0000,1206,106,2024-12-30 05:54:52.758626
03393,0000,1206,106,2024-12-30 05:54:52.774614
03081,0000,1206,106,2024-12-30 05:54:52.790618
03844,0000,1206,106,2024-12-30 05:54:52.806608
32318,0000,1206,106,2024-12-30 05:54:52.822611
12341,0000,1206,106,2024-12-30 05:54:52.838615
01421,0000,1206,106,2024-12-30 05:54:52.854616
07161,0000,1206,106,2024-12-30 05:54:52.870599
03690,0000,1206,106,2024-12-30 05:54:52.886592
23286,0000,1206,106,2024-12-30 05:54:52.918406
60802,0000,1207,106,2024-12-30 05:54:52.934589
09432,0000,1206,106,2024-12-30 05:54:52.950586
09703,0001,1206,106,2024-12-30 05:54:52.966587
39812,0000,1206,106,2024-12-30 05:54:52.982589
03856,0000,1206,106,2024-12-30 05:54:52.998574
01451,0000,1206,106,2024-12-30 05:54:53.014568
24107,0000,1206,106,2024-12-30 05:54:53.030567
55572,0000,1206,106,2024-12-30 05:54:53.046563
06196,0000,1206,106,2024-12-30 05:54:53.078044
02993,0000,1206,106,2024-12-30 05:54:53.094558
31394,0000,1206,106,2024-12-30 05:54:53.110552
04435,0000,1206,106,2024-12-30 05:54:53.126550
35492,0000,1206,106,2024-12-30 05:54:53.142541
25638,0000,1206,106,2024-12-30 05:54:53.158538
17856,0000,1206,106,2024-12-30 05:54:53.174534
00236,0000,1206,106,2024-12-30 05:54:53.190532
03650,0000,1206,106,2024-12-30 05:54:53.206530
00629,0000,1206,106,2024-12-30 05:54:53.222535
03744,0000,1206,106,2024-12-30 05:54:53.254456
04505,0000,1206,106,2024-12-30 05:54:53.270524
66144,0000,1206,106,2024-12-30 05:54:53.286516
01514,0000,1206,106,2024-12-30 05:54:53.302515
18655,0000,1206,106,2024-12-30 05:54:53.318508
23905,0000,1206,106,2024-12-30 05:54:53.334506
29439,0000,1206,106,2024-12-30 05:54:53.350514
20677,0000,1207,106,2024-12-30 05:54:53.366511
01761,0000,1206,106,2024-12-30 05:54:53.382500
02021,0000,1206,106,2024-12-30 05:54:53.414067
11546,0000,1206,106,2024-12-30 05:54:53.430499
04572,0000,1206,106,2024-12-30 05:54:53.446482
33304,0000,1206,106,2024-12-30 05:54:53.462476
03180,0000,1207,106,2024-12-30 05:54:53.478478
05600,0000,1206,106,2024-12-30 05:54:53.494468
32397,0000,1207,106,2024-12-30 05:54:53.510469
04720,0000,1206,106,2024-12-30 05:54:53.526462
00764,0000,1206,106,2024-12-30 05:54:53.542472
20260,0000,1207,106,2024-12-30 05:54:53.558454
26395,0000,1206,106,2024-12-30 05:54:53.590461
45579,0000,1206,106,2024-12-30 05:54:53.606452
06820,0000,1207,106,2024-12-30 05:54:53.622458
07342,0000,1206,106,2024-12-30 05:54:53.638458
01529,0000,1207,106,2024-12-30 05:54:53.654467
14841,0000,1206,106,2024-12-30 05:54:53.670466
01990,0000,1207,106,2024-12-30 05:54:53.686468
05018,0000,1206,106,2024-12-30 05:54:53.702466
03815,0001,1206,106,2024-12-30 05:54:53.718465
09579,0000,1206,106,2024-12-30 05:54:53.750135
02291,0001,1207,106,2024-12-30 05:54:53.766479
44239,0000,1207,106,2024-12-30 05:54:53.782478
43193,0000,1207,106,2024-12-30 05:54:53.798480
02062,0000,1207,106,2024-12-30 05:54:53.814401
13972,0000,1207,106,2024-12-30 05:54:53.830415
09936,0000,1207,106,2024-12-30 05:54:53.846415
42494,0000,1206,106,2024-12-30 05:54:53.862415
24192,0000,1206,106,2024-12-30 05:54:53.878394
18570,0000,1206,106,2024-12-30 05:54:53.909735
18767,0000,1207,106,2024-12-30 05:54:53.926392
00617,0000,1207,106,2024-12-30 05:54:53.942386
01325,0001,1207,106,2024-12-30 05:54:53.958387
30934,0000,1206,106,2024-12-30 05:54:53.974376
04632,0000,1207,106,2024-12-30 05:54:53.990378
12429,0000,1207,106,2024-12-30 05:54:54.006390
00650,0000,1207,106,2024-12-30 05:54:54.022370
21019,0000,1206,106,2024-12-30 05:54:54.038370
19875,0000,1207,106,2024-12-30 05:54:54.054356
00575,0000,1207,106,2024-12-30 05:54:54.086128
04153,0000,1207,106,2024-12-30 05:54:54.102360
04021,0000,1206,106,2024-12-30 05:54:54.118356
04326,0000,1206,106,2024-12-30 05:54:54.134356
31228,0000,1207,106,2024-12-30 05:54:54.150349
02362,0000,1207,106,2024-12-30 05:54:54.166346
05416,0000,1207,106,2024-12-30 05:54:54.182337
05369,0000,1207,106,2024-12-30 05:54:54.198342
12227,0000,1207,106,2024-12-30 05:54:54.214333
00763,0000,1207,106,2024-12-30 05:54:54.245770
47258,0000,1207,106,2024-12-30 05:54:54.262334
33151,0000,1206,106,2024-12-30 05:54:54.278318
02262,0000,1207,106,2024-12-30 05:54:54.294319
30998,0000,1207,106,2024-12-30 05:54:54.310314
25904,0001,1207,106,2024-12-30 05:54:54.326318
12372,0000,1207,106,2024-12-30 05:54:54.342308
00094,0001,1207,106,2024-12-30 05:54:54.358304
49807,0000,1207,106,2024-12-30 05:54:54.374305
25914,0000,1207,106,2024-12-30 05:54:54.390303
05467,0000,1207,106,2024-12-30 05:54:54.422163
19333,0000,1206,106,2024-12-30 05:54:54.438295
29520,0001,1207,106,2024-12-30 05:54:54.454285
09366,0001,1207,106,2024-12-30 05:54:54.470283
58402,0000,1206,106,2024-12-30 05:54:54.486277
48342,0001,1207,106,2024-12-30 05:54:54.502273
49969,0000,1207,106,2024-12-30 05:54:54.518266
14707,0000,1207,106,2024-12-30 05:54:54.534262
01893,0000,1207,106,2024-12-30 05:54:54.550262
04386,0001,1207,106,2024-12-30 05:54:54.581800
11595,0000,1207,106,2024-12-30 05:54:54.598254
15809,0000,1207,106,2024-12-30 05:54:54.614253
00615,0000,1207,106,2024-12-30 05:54:54.630249
05559,0000,1207,106,2024-12-30 05:54:54.646249
02617,0000,1207,106,2024-12-30 05:54:54.662234
19496,0000,1207,106,2024-12-30 05:54:54.678240
28666,0000,1207,106,2024-12-30 05:54:54.694236
44143,0000,1207,106,2024-12-30 05:54:54.710234
17904,0000,1207,106,2024-12-30 05:54:54.726237
02612,0000,1207,106,2024-12-30 05:54:54.758189
23965,0000,1207,106,2024-12-30 05:54:54.774230
05401,0000,1207,106,2024-12-30 05:54:54.790223
09381,0000,1207,106,2024-12-30 05:54:54.806217
08405,0000,1207,106,2024-12-30 05:54:54.822211
05340,0000,1207,106,2024-12-30 05:54:54.838208
16441,0000,1207,106,2024-12-30 05:54:54.854213
45329,0000,1207,106,2024-12-30 05:54:54.870203
45528,0000,1207,106,2024-12-30 05:54:54.886205
11891,0000,1207,106,2024-12-30 05:54:54.917823
19370,0000,1207,106,2024-12-30 05:54:54.934191
01324,0000,1207,106,2024-12-30 05:54:54.950198
05520,0000,1207,106,2024-12-30 05:54:54.966185
02430,0000,1207,106,2024-12-30 05:54:54.982186
50030,0000,1207,106,2024-12-30 05:54:54.998175
04382,0000,1207,106,2024-12-30 05:54:55.014180
03123,0000,1207,106,2024-12-30 05:54:55.030175
10228,0000,1207,106,2024-12-30 05:54:55.046179
40981,0000,1207,106,2024-12-30 05:54:55.062169
08540,0000,1207,106,2024-12-30 05:54:55.094163
01853,0000,1207,106,2024-12-30 05:54:55.110158
01316,0000,1207,106,2024-12-30 05:54:55.126156
04463,0000,1207,106,2024-12-30 05:54:55.142153
05373,0000,1207,106,2024-12-30 05:54:55.158152
23204,0000,1207,106,2024-12-30 05:54:55.174158
27841,0000,1207,106,2024-12-30 05:54:55.190154
21761,0000,1207,106,2024-12-30 05:54:55.206141
24737,0000,1207,106,2024-12-30 05:54:55.222145
50517,0000,1207,106,2024-12-30 05:54:55.253867
16376,0000,1207,106,2024-12-30 05:54:55.270134
07825,0000,1207,106,2024-12-30 05:54:55.286134
05214,0000,1207,106,2024-12-30 05:54:55.302121
04741,0000,1207,106,2024-12-30 05:54:55.318110
36798,0000,1207,106,2024-12-30 05:54:55.334116
01474,0000,1207,106,2024-12-30 05:54:55.350122
49162,0000,1207,106,2024-12-30 05:54:55.366112
07035,0001,1207,106,2024-12-30 05:54:55.382102
03076,0000,1207,106,2024-12-30 05:54:55.413480
05393,0000,1207,106,2024-12-30 05:54:55.430094
05263,0000,1207,106,2024-12-30 05:54:55.446081
03206,0000,1207,106,2024-12-30 05:54:55.462084
26388,0000,1207,106,2024-12-30 05:54:55.478075
43890,0000,1207,106,2024-12-30 05:54:55.494082
53123,0000,1207,106,2024-12-30 05:54:55.510076
03718,0000,1207,106,2024-12-30 05:54:55.526079
09996,0000,1207,106,2024-12-30 05:54:55.542074
00724,0000,1207,106,2024-12-30 05:54:55.558078
58118,0000,1207,106,2024-12-30 05:54:55.589880
04609,0000,1207,106,2024-12-30 05:54:55.606061
27864,0000,1207,106,2024-12-30 05:54:55.622057
17620,0000,1207,106,2024-12-30 05:54:55.638052
56694,0000,1207,106,2024-12-30 05:54:55.654046
03339,0000,1207,106,2024-12-30 05:54:55.670045
18363,0000,1207,106,2024-12-30 05:54:55.686041
03040,0000,1207,106,2024-12-30 05:54:55.702047
12925,0000,1207,106,2024-12-30 05:54:55.718033
49983,0001,1207,106,2024-12-30 05:54:55.749520
00033,0000,1207,106,2024-12-30 05:54:55.766025
17095,0000,1207,106,2024-12-30 05:54:55.782017
25682,0000,1207,106,2024-12-30 05:54:55.798025
04680,0000,1207,106,2024-12-30 05:54:55.814013
42357,0000,1207,106,2024-12-30 05:54:55.830011
01702,0001,1207,106,2024-12-30 05:54:55.846013
00439,0000,1207,106,2024-12-30 05:54:55.862012
55022,0000,1207,106,2024-12-30 05:54:55.878002
03053,0000,1207,106,2024-12-30 05:54:55.894000
26021,0000,1207,106,2024-12-30 05:54:55.925912
00969,0000,1207,106,2024-12-30 05:54:55.941997
03259,0000,1207,106,2024-12-30 05:54:55.957994
00728,0000,1207,106,2024-12-30 05:54:55.974001
30684,0000,1207,106,2024-12-30 05:54:55.989975
09238,0000,1207,106,2024-12-30 05:54:56.005981
01562,0001,1207,106,2024-12-30 05:54:56.021972
01621,0000,1207,106,2024-12-30 05:54:56.037974
22142,0000,1207,106,2024-12-30 05:54:56.053967
13842,0001,1207,106,2024-12-30 05:54:56.085543
02219,0000,1207,106,2024-12-30 05:54:56.101972
04506,0000,1207,106,2024-12-30 05:54:56.117957
32089,0000,1207,106,2024-12-30 05:54:56.133963
40770,0000,1207,106,2024-12-30 05:54:56.149949
01356,0000,1207,106,2024-12-30 05:54:56.165949
15435,0000,1207,106,2024-12-30 05:54:56.181943
07812,0000,1207,106,2024-12-30 05:54:56.197935
17911,0000,1207,106,2024-12-30 05:54:56.213937
00915,0001,1207,106,2024-12-30 05:54:56.229928
04592,0000,1207,106,2024-12-30 05:54:56.261929
03989,0000,1207,106,2024-12-30 05:54:56.277929
02552,0000,1207,106,2024-12-30 05:54:56.293918
04439,0000,1207,106,2024-12-30 05:54:56.309929
20689,0000,1207,106,2024-12-30 05:54:56.325915
23090,0000,1207,106,2024-12-30 05:54:56.341912
19260,0000,1207,106,2024-12-30 05:54:56.357922
00909,0000,1207,106,2024-12-30 05:54:56.373922
03728,0000,1207,106,2024-12-30 05:54:56.389897
12945,0000,1207,106,2024-12-30 05:54:56.421580
08435,0000,1208,106,2024-12-30 05:54:56.437885
14014,0000,1207,106,2024-12-30 05:54:56.453891
02917,0000,1207,106,2024-12-30 05:54:56.469891
01513,0000,1207,106,2024-12-30 05:54:56.485885
22381,0000,1207,106,2024-12-30 05:54:56.501895
04057,0000,1207,106,2024-12-30 05:54:56.517878
04724,0000,1207,106,2024-12-30 05:54:56.533876
18727,0000,1207,106,2024-12-30 05:54:56.549873
06988,0000,1207,106,2024-12-30 05:54:56.581204
10128,0000,1207,106,2024-12-30 05:54:56.597863
19408,0000,1207,106,2024-12-30 05:54:56.613861
02907,0001,1207,106,2024-12-30 05:54:56.629861
19500,0000,1207,106,2024-12-30 05:54:56.645859
02936,0000,1208,106,2024-12-30 05:54:56.661847
22654,0000,1207,106,2024-12-30 05:54:56.677851
50876,0000,1208,106,2024-12-30 05:54:56.693835
63578,0001,1207,106,2024-12-30 05:54:56.709845
27828,0000,1207,106,2024-12-30 05:54:56.725836
17524,0000,1207,106,2024-12-30 05:54:56.757611
16298,0000,1207,106,2024-12-30 05:54:56.773843
04640,0000,1207,106,2024-12-30 05:54:56.789841
23925,0000,1207,106,2024-12-30 05:54:56.805847
44045,0000,1207,106,2024-12-30 05:54:56.821851
20827,0000,1207,106,2024-12-30 05:54:56.837855
02920,0000,1207,106,2024-12-30 05:54:56.853854
10957,0000,1208,106,2024-12-30 05:54:56.869859
00231,0000,1208,106,2024-12-30 05:54:56.885861
00747,0001,1208,106,2024-12-30 05:54:56.917266
00955,0000,1207,106,2024-12-30 05:54:56.933862
54102,0000,1207,106,2024-12-30 05:54:56.949864
18512,0000,1207,106,2024-12-30 05:54:56.965795
42430,0000,1207,106,2024-12-30 05:54:56.981799
04129,0000,1207,106,2024-12-30 05:54:56.997798
13183,0000,1207,106,2024-12-30 05:54:57.013798
01773,0001,1207,106,2024-12-30 05:54:57.029780
26652,0000,1207,106,2024-12-30 05:54:57.045789
02804,0000,1207,106,2024-12-30 05:54:57.061772
22075,0000,1207,106,2024-12-30 05:54:57.093622
27885,0000,1207,106,2024-12-30 05:54:57.109767
58130,0000,1208,106,2024-12-30 05:54:57.125767
02460,0000,1207,106,2024-12-30 05:54:57.141766
07225,0000,1207,106,2024-12-30 05:54:57.157756
05285,0000,1208,106,2024-12-30 05:54:57.173761
13864,0000,1207,106,2024-12-30 05:54:57.189766
08595,0000,1207,106,2024-12-30 05:54:57.205757
04601,0000,1208,106,2024-12-30 05:54:57.221738
01764,0000,1207,106,2024-12-30 05:54:57.253261
19420,0000,1208,106,2024-12-30 05:54:57.269746
04523,0000,1208,106,2024-12-30 05:54:57.285731
55804,0000,1207,106,2024-12-30 05:54:57.301741
14002,0000,1207,106,2024-12-30 05:54:57.317725
16484,0000,1207,106,2024-12-30 05:54:57.333730
01747,0000,1208,106,2024-12-30 05:54:57.349723
03877,0000,1207,106,2024-12-30 05:54:57.365722
08372,0000,1208,106,2024-12-30 05:54:57.381713
04727,0000,1207,106,2024-12-30 05:54:57.397716
06062,0000,1207,106,2024-12-30 05:54:57.429647
60952,0000,1207,106,2024-12-30 05:54:57.445709
04564,0000,1207,106,2024-12-30 05:54:57.461704
03648,0000,1207,106,2024-12-30 05:54:57.477692
28807,0000,1207,106,2024-12-30 05:54:57.493696
07887,0000,1207,106,2024-12-30 05:54:57.509683
01469,0000,1208,106,2024-12-30 05:54:57.525690
41526,0000,1208,106,2024-12-30 05:54:57.541688
04623,0000,1208,106,2024-12-30 05:54:57.557677
39946,0000,1208,106,2024-12-30 05:54:57.589285
04506,0000,1208,106,2024-12-30 05:54:57.605677
08558,0000,1207,106,2024-12-30 05:54:57.621666
02595,0000,1207,106,2024-12-30 05:54:57.637662
01531,0000,1208,106,2024-12-30 05:54:57.653659
04667,0000,1208,106,2024-12-30 05:54:57.669665
01487,0000,1208,106,2024-12-30 05:54:57.685654
13201,0000,1207,106,2024-12-30 05:54:57.701655
29442,0000,1207,106,2024-12-30 05:54:57.717644
40020,0000,1208,106,2024-12-30 05:54:57.733646
02647,0001,1207,106,2024-12-30 05:54:57.765654
46371,0000,1208,106,2024-12-30 05:54:57.781636
21485,0000,1207,106,2024-12-30 05:54:57.797634
29969,0000,1207,106,2024-12-30 05:54:57.813633
00497,0000,1207,106,2024-12-30 05:54:57.829631
03358,0000,1207,106,2024-12-30 05:54:57.845621
15781,0000,1208,106,2024-12-30 05:54:57.861617
03794,0000,1208,106,2024-12-30 05:54:57.877665
04712,0000,1208,106,2024-12-30 05:54:57.893626
16388,0000,1208,106,2024-12-30 05:54:57.925319
20902,0000,1208,106,2024-12-30 05:54:57.941616
06394,0000,1208,106,2024-12-30 05:54:57.957601
03188,0000,1208,106,2024-12-30 05:54:57.973605
47080,0000,1208,106,2024-12-30 05:54:57.989594
28736,0000,1208,106,2024-12-30 05:54:58.005605
09263,0000,1208,106,2024-12-30 05:54:58.021593
16979,0000,1207,106,2024-12-30 05:54:58.037600
03789,0000,1207,106,2024-12-30 05:54:58.053589
03578,0000,1208,106,2024-12-30 05:54:58.084966
19442,0000,1208,106,2024-12-30 05:54:58.101577
61578,0000,1207,106,2024-12-30 05:54:58.117572
03715,0000,1208,106,2024-12-30 05:54:58.133580
18630,0000,1208,106,2024-12-30 05:54:58.149570
03906,0000,1208,106,2024-12-30 05:54:58.165558
20811,0000,1208,106,2024-12-30 05:54:58.181563
41622,0000,1208,106,2024-12-30 05:54:58.197556
03831,0000,1208,106,2024-12-30 05:54:58.213561
09591,0000,1208,106,2024-12-30 05:54:58.229552
27691,0000,1208,106,2024-12-30 05:54:58.261347
22677,0000,1208,106,2024-12-30 05:54:58.277555
22300,0000,1208,106,2024-12-30 05:54:58.293537
19349,0000,1208,106,2024-12-30 05:54:58.309539
01765,0000,1208,106,2024-12-30 05:54:58.325545
56867,0000,1208,106,2024-12-30 05:54:58.341524
15665,0000,1208,106,2024-12-30 05:54:58.357530
04494,0000,1208,106,2024-12-30 05:54:58.373521
04564,0000,1208,106,2024-12-30 05:54:58.389524
47984,0000,1207,106,2024-12-30 05:54:58.420968
13831,0000,1208,106,2024-12-30 05:54:58.437507
45670,0000,1208,106,2024-12-30 05:54:58.453512
25669,0000,1208,106,2024-12-30 05:54:58.469498
02341,0000,1208,106,2024-12-30 05:54:58.485501
30486,0001,1208,106,2024-12-30 05:54:58.501498
13237,0000,1208,106,2024-12-30 05:54:58.517498
26393,0000,1208,106,2024-12-30 05:54:58.533493
00464,0000,1208,106,2024-12-30 05:54:58.549492
03577,0000,1208,106,2024-12-30 05:54:58.565482
31590,0000,1208,106,2024-12-30 05:54:58.597369
05115,0000,1208,106,2024-12-30 05:54:58.613480
04796,0000,1208,106,2024-12-30 05:54:58.629478
57638,0000,1208,106,2024-12-30 05:54:58.645466
01341,0000,1208,106,2024-12-30 05:54:58.661465
02840,0000,1208,106,2024-12-30 05:54:58.677457
13805,0000,1208,106,2024-12-30 05:54:58.693461
03996,0000,1208,106,2024-12-30 05:54:58.709466
57400,0000,1208,106,2024-12-30 05:54:58.725465
54193,0000,1208,106,2024-12-30 05:54:58.757010
53051,0000,1208,106,2024-12-30 05:54:58.773447
01956,0000,1208,106,2024-12-30 05:54:58.789439
05296,0000,1208,106,2024-12-30 05:54:58.805452
58440,0000,1208,106,2024-12-30 05:54:58.821444
53204,0000,1208,106,2024-12-30 05:54:58.837438
03817,0000,1207,106,2024-12-30 05:54:58.853445
03895,0000,1208,106,2024-12-30 05:54:58.869433
19823,0000,1208,106,2024-12-30 05:54:58.885425
06434,0000,1208,106,2024-12-30 05:54:58.901421
54996,0000,1208,106,2024-12-30 05:54:58.933389
-0018,0001,1208,106,2024-12-30 05:54:58.949409
03624,0000,1208,106,2024-12-30 05:54:58.965409
04633,0001,1208,106,2024-12-30 05:54:58.981399
04586,0000,1208,106,2024-12-30 05:54:58.997405
02247,0000,1208,106,2024-12-30 05:54:59.013397
05362,0000,1208,106,2024-12-30 05:54:59.029397
37090,0000,1208,106,2024-12-30 05:54:59.045392
00865,0000,1208,106,2024-12-30 05:54:59.061400
05305,0000,1208,106,2024-12-30 05:54:59.093032
00725,0000,1208,106,2024-12-30 05:54:59.109386
00577,0000,1208,106,2024-12-30 05:54:59.125369
14867,0000,1208,106,2024-12-30 05:54:59.141379
03794,0000,1208,106,2024-12-30 05:54:59.157368
03462,0000,1208,106,2024-12-30 05:54:59.173369
02022,0000,1208,106,2024-12-30 05:54:59.189357
15591,0000,1208,106,2024-12-30 05:54:59.205362
04675,0000,1208,106,2024-12-30 05:54:59.221358
53435,0000,1208,106,2024-12-30 05:54:59.252667
24247,0001,1208,106,2024-12-30 05:54:59.269347
03111,0000,1208,106,2024-12-30 05:54:59.285344
53454,0000,1208,106,2024-12-30 05:54:59.301337
05360,0000,1208,106,2024-12-30 05:54:59.317338
00822,0000,1208,106,2024-12-30 05:54:59.333338
00155,0000,1208,106,2024-12-30 05:54:59.349331
10231,0000,1208,106,2024-12-30 05:54:59.365339
04999,0000,1208,106,2024-12-30 05:54:59.381330
21856,0000,1208,106,2024-12-30 05:54:59.397323
20367,0000,1208,106,2024-12-30 05:54:59.429051
13495,0000,1208,106,2024-12-30 05:54:59.445322
01812,0000,1208,106,2024-12-30 05:54:59.461311
21396,0000,1208,106,2024-12-30 05:54:59.477308
05064,0000,1208,106,2024-12-30 05:54:59.493317
00759,0000,1208,106,2024-12-30 05:54:59.509309
23780,0000,1208,106,2024-12-30 05:54:59.525292
02956,0000,1208,106,2024-12-30 05:54:59.541304
04990,0000,1208,106,2024-12-30 05:54:59.557298
19402,0000,1208,106,2024-12-30 05:54:59.588684
00123,0000,1208,106,2024-12-30 05:54:59.605281
00933,0000,1208,106,2024-12-30 05:54:59.621285
04757,0001,1208,106,2024-12-30 05:54:59.637284
05992,0000,1208,106,2024-12-30 05:54:59.653270
46406,0000,1208,106,2024-12-30 05:54:59.669274
07041,0000,1208,106,2024-12-30 05:54:59.685271
23930,0000,1208,106,2024-12-30 05:54:59.701266
04776,0001,1208,106,2024-12-30 05:54:59.717262
01159,0000,1208,106,2024-12-30 05:54:59.733267
04540,0000,1208,106,2024-12-30 05:54:59.765078
05392,0001,1208,106,2024-12-30 05:54:59.781252
14835,0000,1208,106,2024-12-30 05:54:59.797239
05364,0000,1208,106,2024-12-30 05:54:59.813243
02995,0000,1208,106,2024-12-30 05:54:59.829234
02856,0000,1208,106,2024-12-30 05:54:59.845245
11559,0000,1208,106,2024-12-30 05:54:59.861243
04883,0000,1208,106,2024-12-30 05:54:59.877240
18630,0000,1208,106,2024-12-30 05:54:59.893237
-0010,0000,1208,106,2024-12-30 05:54:59.924638
24769,0000,1208,106,2024-12-30 05:54:59.941238
05513,0000,1208,106,2024-12-30 05:54:59.957242
06244,0000,1208,106,2024-12-30 05:54:59.973234
02965,0000,1208,106,2024-12-30 05:54:59.989240
15633,0000,1208,106,2024-12-30 05:55:00.005233
41722,0000,1208,106,2024-12-30 05:55:00.021245
22979,0000,1208,106,2024-12-30 05:55:00.037242
13193,0000,1208,106,2024-12-30 05:55:00.053251
12237,0000,1208,106,2024-12-30 05:55:00.069249
00639,0000,1208,106,2024-12-30 05:55:00.101071
10618,0000,1208,106,2024-12-30 05:55:00.117172
24894,0000,1208,106,2024-12-30 05:55:00.133174
18758,0000,1208,106,2024-12-30 05:55:00.149164
05486,0000,1208,106,2024-12-30 05:55:00.165173
12892,0000,1208,106,2024-12-30 05:55:00.181164
30524,0000,1208,106,2024-12-30 05:55:00.197165
38589,0000,1208,106,2024-12-30 05:55:00.213152
05423,0000,1208,106,2024-12-30 05:55:00.229158
17989,0000,1208,106,2024-12-30 05:55:00.260762
03808,0000,1208,106,2024-12-30 05:55:00.277162
62726,0000,1209,106,2024-12-30 05:55:00.293160
02217,0000,1208,106,2024-12-30 05:55:00.309159
02284,0000,1208,106,2024-12-30 05:55:00.325145
04587,0000,1208,106,2024-12-30 05:55:00.341136
04571,0000,1208,106,2024-12-30 05:55:00.357138
09366,0000,1208,106,2024-12-30 05:55:00.373132
19383,0000,1208,106,2024-12-30 05:55:00.389131
28679,0000,1208,106,2024-12-30 05:55:00.405129
03696,0000,1208,106,2024-12-30 05:55:00.437121
36436,0001,1208,106,2024-12-30 05:55:00.453115
25156,0000,1208,106,2024-12-30 05:55:00.469111
40646,0000,1208,106,2024-12-30 05:55:00.485105
00605,0000,1208,106,2024-12-30 05:55:00.501107
04623,0000,1208,106,2024-12-30 05:55:00.517098
27966,0000,1208,106,2024-12-30 05:55:00.533098
02209,0000,1208,106,2024-12-30 05:55:00.549093
00931,0000,1208,106,2024-12-30 05:55:00.565100
67661,0000,1208,106,2024-12-30 05:55:00.596772
02861,0000,1209,106,2024-12-30 05:55:00.613080
53978,0000,1208,106,2024-12-30 05:55:00.629085
43112,0000,1208,106,2024-12-30 05:55:00.645073
24644,0000,1208,106,2024-12-30 05:55:00.661076
02905,0000,1208,106,2024-12-30 05:55:00.677081
59353,0000,1208,106,2024-12-30 05:55:00.693061
30960,0000,1208,106,2024-12-30 05:55:00.709056
02258,0000,1209,106,2024-12-30 05:55:00.725059
24853,0000,1208,106,2024-12-30 05:55:00.756406
33866,0000,1209,106,2024-12-30 05:55:00.773052
01216,0000,1208,106,2024-12-30 05:55:00.789054
07538,0000,1208,106,2024-12-30 05:55:00.805050
46638,0000,1208,106,2024-12-30 05:55:00.821036
18380,0000,1208,106,2024-12-30 05:55:00.837039
38481,0000,1208,106,2024-12-30 05:55:00.853033
05022,0001,1208,106,2024-12-30 05:55:00.869026
17180,0000,1208,106,2024-12-30 05:55:00.885028
00601,0000,1208,106,2024-12-30 05:55:00.901014
04571,0000,1208,106,2024-12-30 05:55:00.932763
02340,0000,1209,106,2024-12-30 05:55:00.949021
04192,0000,1208,106,2024-12-30 05:55:00.965001
43847,0000,1209,106,2024-12-30 05:55:00.981010
04386,0000,1208,106,2024-12-30 05:55:00.996999
01030,0000,1209,106,2024-12-30 05:55:01.013005
06399,0000,1208,106,2024-12-30 05:55:01.028996
43306,0000,1208,106,2024-12-30 05:55:01.045001
59273,0000,1209,106,2024-12-30 05:55:01.061006
50059,0000,1208,106,2024-12-30 05:55:01.092430
06260,0000,1208,106,2024-12-30 05:55:01.108977
05430,0001,1209,106,2024-12-30 05:55:01.124980
08480,0000,1209,106,2024-12-30 05:55:01.140972
08553,0000,1209,106,2024-12-30 05:55:01.156977
11972,0000,1208,106,2024-12-30 05:55:01.172971
34778,0000,1209,106,2024-12-30 05:55:01.188981
13557,0000,1209,106,2024-12-30 05:55:01.204965
33173,0000,1209,106,2024-12-30 05:55:01.220963
12682,0000,1209,106,2024-12-30 05:55:01.236961
63496,0000,1209,106,2024-12-30 05:55:01.268827
17195,0000,1208,106,2024-12-30 05:55:01.284960
02834,0000,1208,106,2024-12-30 05:55:01.300959
44963,0001,1209,106,2024-12-30 05:55:01.316948
56872,0001,1208,106,2024-12-30 05:55:01.332940
35554,0000,1208,106,2024-12-30 05:55:01.348938
30303,0000,1208,106,2024-12-30 05:55:01.364939
00894,0000,1208,106,2024-12-30 05:55:01.380929
09999,0000,1208,106,2024-12-30 05:55:01.396931
06030,0000,1208,106,2024-12-30 05:55:01.428465
21092,0001,1208,106,2024-12-30 05:55:01.444926
01676,0000,1208,106,2024-12-30 05:55:01.460927
04622,0000,1209,106,2024-12-30 05:55:01.476913
01564,0000,1209,106,2024-12-30 05:55:01.492930
36176,0000,1209,106,2024-12-30 05:55:01.508906
00835,0000,1209,106,2024-12-30 05:55:01.524913
02464,0000,1208,106,2024-12-30 05:55:01.540893
50888,0000,1208,106,2024-12-30 05:55:01.556896
05284,0000,1208,106,2024-12-30 05:55:01.572895
13918,0000,1209,106,2024-12-30 05:55:01.604845
33168,0000,1208,106,2024-12-30 05:55:01.620876
07459,0000,1208,106,2024-12-30 05:55:01.636872
45761,0000,1209,106,2024-12-30 05:55:01.652869
11130,0000,1209,106,2024-12-30 05:55:01.668869
35617,0000,1208,106,2024-12-30 05:55:01.684866
20078,0000,1208,106,2024-12-30 05:55:01.700868
04691,0000,1209,106,2024-12-30 05:55:01.716873
55960,0000,1209,106,2024-12-30 05:55:01.732866
23918,0000,1208,106,2024-12-30 05:55:01.764487
46280,0000,1209,106,2024-12-30 05:55:01.780848
12365,0000,1209,106,2024-12-30 05:55:01.796854
01498,0000,1209,106,2024-12-30 05:55:01.812843
03758,0000,1208,106,2024-12-30 05:55:01.828843
24860,0000,1209,106,2024-12-30 05:55:01.844844
05273,0000,1208,106,2024-12-30 05:55:01.860850
09372,0001,1208,106,2024-12-30 05:55:01.876834
28665,0000,1209,106,2024-12-30 05:55:01.892825
18502,0000,1209,106,2024-12-30 05:55:01.908825
47148,0000,1209,106,2024-12-30 05:55:01.940827
57663,0000,1209,106,2024-12-30 05:55:01.956821
01457,0000,1209,106,2024-12-30 05:55:01.972828
03699,0000,1209,106,2024-12-30 05:55:01.988811
53954,0000,1208,106,2024-12-30 05:55:02.004813
04995,0000,1209,106,2024-12-30 05:55:02.020804
01914,0000,1209,106,2024-12-30 05:55:02.036807
01119,0000,1209,106,2024-12-30 05:55:02.052798
65374,0000,1209,106,2024-12-30 05:55:02.068786
10807,0000,1208,106,2024-12-30 05:55:02.100500
02313,0000,1209,106,2024-12-30 05:55:02.116787
00733,0000,1209,106,2024-12-30 05:55:02.132787
20971,0000,1208,106,2024-12-30 05:55:02.148791
02567,0000,1208,106,2024-12-30 05:55:02.164784
24065,0000,1209,106,2024-12-30 05:55:02.180781
48836,0000,1209,106,2024-12-30 05:55:02.196772
01800,0000,1209,106,2024-12-30 05:55:02.212776
58263,0000,1209,106,2024-12-30 05:55:02.228771
07569,0001,1209,106,2024-12-30 05:55:02.260150
05465,0000,1209,106,2024-12-30 05:55:02.276761
35703,0000,1209,106,2024-12-30 05:55:02.292750
26606,0000,1208,106,2024-12-30 05:55:02.308753
09322,0000,1208,106,2024-12-30 05:55:02.324748
58593,0000,1209,106,2024-12-30 05:55:02.340740
26749,0000,1209,106,2024-12-30 05:55:02.356747
28782,0000,1209,106,2024-12-30 05:55:02.372740
23349,0000,1208,106,2024-12-30 05:55:02.388734
03548,0000,1209,106,2024-12-30 05:55:02.404733
37712,0000,1209,106,2024-12-30 05:55:02.436530
01160,0000,1209,106,2024-12-30 05:55:02.452722
21156,0001,1209,106,2024-12-30 05:55:02.468719
25608,0000,1209,106,2024-12-30 05:55:02.484722
03140,0000,1209,106,2024-12-30 05:55:02.500711
07088,0000,1209,106,2024-12-30 05:55:02.516713
04625,0000,1209,106,2024-12-30 05:55:02.532711
05263,0001,1209,106,2024-12-30 05:55:02.548707
00735,0000,1209,106,2024-12-30 05:55:02.564703
22302,0000,1209,106,2024-12-30 05:55:02.596169
00791,0000,1209,106,2024-12-30 05:55:02.612695
09386,0000,1209,106,2024-12-30 05:55:02.628696
22413,0000,1209,106,2024-12-30 05:55:02.644705
02737,0000,1209,106,2024-12-30 05:55:02.660680
34871,0000,1209,106,2024-12-30 05:55:02.676677
00062,0000,1209,106,2024-12-30 05:55:02.692674
39246,0000,1209,106,2024-12-30 05:55:02.708666
26719,0000,1209,106,2024-12-30 05:55:02.724668
12378,0000,1209,106,2024-12-30 05:55:02.740668
64321,0000,1209,106,2024-12-30 05:55:02.772541
32466,0000,1209,106,2024-12-30 05:55:02.788656
22375,0000,1209,106,2024-12-30 05:55:02.804645
50689,0000,1209,106,2024-12-30 05:55:02.820651
23925,0001,1209,106,2024-12-30 05:55:02.836643
03671,0000,1209,106,2024-12-30 05:55:02.852652
03663,0000,1209,106,2024-12-30 05:55:02.868637
09956,0000,1209,106,2024-12-30 05:55:02.884640
21115,0000,1209,106,2024-12-30 05:55:02.900632
03898,0000,1209,106,2024-12-30 05:55:02.932204
02247,0000,1209,106,2024-12-30 05:55:02.948629
00316,0000,1209,106,2024-12-30 05:55:02.964617
13958,0000,1209,106,2024-12-30 05:55:02.980620
03694,0000,1209,106,2024-12-30 05:55:02.996615
30951,0000,1209,106,2024-12-30 05:55:03.012612
68345,0000,1209,106,2024-12-30 05:55:03.028613
04579,0000,1209,106,2024-12-30 05:55:03.044614
03151,0001,1209,106,2024-12-30 05:55:03.060622
22860,0000,1209,106,2024-12-30 05:55:03.076626
21370,0000,1209,106,2024-12-30 05:55:03.108604
47173,0000,1209,106,2024-12-30 05:55:03.124629
14738,0000,1209,106,2024-12-30 05:55:03.140635
33014,0000,1209,106,2024-12-30 05:55:03.156638
01577,0000,1209,106,2024-12-30 05:55:03.172633
10247,0000,1209,106,2024-12-30 05:55:03.188638
42304,0000,1209,106,2024-12-30 05:55:03.204637
05586,0000,1209,106,2024-12-30 05:55:03.220564
03320,0000,1209,106,2024-12-30 05:55:03.236578
20342,0000,1209,106,2024-12-30 05:55:03.268228
00708,0000,1209,106,2024-12-30 05:55:03.284558
18417,0000,1209,106,2024-12-30 05:55:03.300563
05104,0000,1209,106,2024-12-30 05:55:03.316553
03060,0000,1209,106,2024-12-30 05:55:03.332553
00499,0000,1209,106,2024-12-30 05:55:03.348543
04564,0000,1209,106,2024-12-30 05:55:03.364541
24212,0000,1209,106,2024-12-30 05:55:03.380534
56423,0001,1209,106,2024-12-30 05:55:03.396547
07582,0000,1209,106,2024-12-30 05:55:03.427863
54915,0000,1209,106,2024-12-30 05:55:03.444529
12124,0000,1209,106,2024-12-30 05:55:03.460528
30380,0000,1209,106,2024-12-30 05:55:03.476521
03007,0000,1209,106,2024-12-30 05:55:03.492515
08369,0000,1209,106,2024-12-30 05:55:03.508514
12627,0000,1209,106,2024-12-30 05:55:03.524513
28603,0001,1209,106,2024-12-30 05:55:03.540516
38626,0001,1209,106,2024-12-30 05:55:03.556508
27681,0000,1209,106,2024-12-30 05:55:03.572500
04705,0000,1209,106,2024-12-30 05:55:03.604251
00689,0000,1209,106,2024-12-30 05:55:03.620486
44227,0000,1209,106,2024-12-30 05:55:03.636484
54052,0000,1209,106,2024-12-30 05:55:03.652484
16345,0000,1209,106,2024-12-30 05:55:03.668478
43245,0000,1209,106,2024-12-30 05:55:03.684477
09994,0000,1209,106,2024-12-30 05:55:03.700467
23970,0000,1209,106,2024-12-30 05:55:03.716470
37832,0000,1209,106,2024-12-30 05:55:03.732464
05224,0000,1209,106,2024-12-30 05:55:03.763885
14001,0000,1209,106,2024-12-30 05:55:03.780468
66649,0000,1209,106,2024-12-30 05:55:03.796467
25214,0000,1209,106,2024-12-30 05:55:03.812469
03362,0000,1209,106,2024-12-30 05:55:03.828456
03095,0000,1209,106,2024-12-30 05:55:03.844454
23281,0000,1209,106,2024-12-30 05:55:03.860451
04636,0000,1209,106,2024-12-30 05:55:03.876453
02259,0000,1209,106,2024-12-30 05:55:03.892437
24587,0000,1209,106,2024-12-30 05:55:03.908432
00540,0001,1209,106,2024-12-30 05:55:03.940265
42246,0000,1209,106,2024-12-30 05:55:03.956433
05352,0000,1209,106,2024-12-30 05:55:03.972415
04651,0000,1209,106,2024-12-30 05:55:03.988422
03887,0000,1209,106,2024-12-30 05:55:04.004426
44866,0000,1209,106,2024-12-30 05:55:04.020416
18680,0000,1209,106,2024-12-30 05:55:04.036415
32868,0000,1209,106,2024-12-30 05:55:04.052416
47577,0000,1209,106,2024-12-30 05:55:04.068401
19399,0000,1209,106,2024-12-30 05:55:04.099906
15525,0000,1209,106,2024-12-30 05:55:04.116401
28602,0000,1209,106,2024-12-30 05:55:04.132392
04320,0001,1209,106,2024-12-30 05:55:04.148393
03985,0000,1209,106,2024-12-30 05:55:04.164390
11811,0000,1209,106,2024-12-30 05:55:04.180396
01108,0000,1209,106,2024-12-30 05:55:04.196394
29345,0000,1209,106,2024-12-30 05:55:04.212378
03061,0000,1209,106,2024-12-30 05:55:04.228381
24845,0000,1209,106,2024-12-30 05:55:04.244382
24774,0000,1209,106,2024-12-30 05:55:04.276288
12774,0000,1209,106,2024-12-30 05:55:04.292363
04588,0000,1210,106,2024-12-30 05:55:04.308369
06186,0000,1209,106,2024-12-30 05:55:04.324361
04617,0000,1209,106,2024-12-30 05:55:04.340352
03813,0000,1209,106,2024-12-30 05:55:04.356358
08437,0000,1209,106,2024-12-30 05:55:04.372346
22896,0000,1209,106,2024-12-30 05:55:04.388348
04309,0000,1210,106,2024-12-30 05:55:04.404340
05175,0000,1209,106,2024-12-30 05:55:04.435946
36949,0000,1209,106,2024-12-30 05:55:04.452339
36826,0000,1209,106,2024-12-30 05:55:04.468323
31202,0000,1209,106,2024-12-30 05:55:04.484321
09354,0000,1209,106,2024-12-30 05:55:04.500320
10225,0000,1209,106,2024-12-30 05:55:04.516321
03850,0000,1209,106,2024-12-30 05:55:04.532313
04621,0000,1209,106,2024-12-30 05:55:04.548521
02272,0000,1209,106,2024-12-30 05:55:04.564330
02885,0001,1209,106,2024-12-30 05:55:04.580325
09087,0000,1209,106,2024-12-30 05:55:04.612302
15536,0000,1209,106,2024-12-30 05:55:04.628303
01380,0000,1209,106,2024-12-30 05:55:04.644288
53922,0000,1210,106,2024-12-30 05:55:04.660297
13825,0001,1209,106,2024-12-30 05:55:04.676289
21036,0000,1209,106,2024-12-30 05:55:04.692291
28421,0000,1210,106,2024-12-30 05:55:04.708290
14004,0000,1209,106,2024-12-30 05:55:04.724275
59111,0000,1209,106,2024-12-30 05:55:04.740291
29752,0000,1209,106,2024-12-30 05:55:04.771975
63690,0000,1210,106,2024-12-30 05:55:04.788262
04411,0000,1210,106,2024-12-30 05:55:04.804267
53371,0000,1209,106,2024-12-30 05:55:04.820260
34673,0000,1209,106,2024-12-30 05:55:04.836259
03026,0000,1209,106,2024-12-30 05:55:04.852254
00156,0000,1210,106,2024-12-30 05:55:04.868257
06273,0000,1209,106,2024-12-30 05:55:04.884242
06144,0000,1209,106,2024-12-30 05:55:04.900251
05236,0000,1209,106,2024-12-30 05:55:04.931612
04715,0000,1210,106,2024-12-30 05:55:04.948235
00713,0000,1210,106,2024-12-30 05:55:04.964231
05510,0000,1209,106,2024-12-30 05:55:04.980233
03627,0000,1210,106,2024-12-30 05:55:04.996235
02321,0000,1210,106,2024-12-30 05:55:05.012226
03834,0000,1209,106,2024-12-30 05:55:05.028215
04709,0000,1210,106,2024-12-30 05:55:05.044218
02796,0000,1210,106,2024-12-30 05:55:05.060214
00341,0000,1209,106,2024-12-30 05:55:05.076210
02965,0000,1209,106,2024-12-30 05:55:05.107992
31176,0000,1210,106,2024-12-30 05:55:05.124203
36060,0000,1209,106,2024-12-30 05:55:05.140201
09262,0000,1209,106,2024-12-30 05:55:05.156192
25091,0000,1210,106,2024-12-30 05:55:05.172191
49994,0000,1209,106,2024-12-30 05:55:05.188187
16377,0001,1210,106,2024-12-30 05:55:05.204190
02252,0000,1210,106,2024-12-30 05:55:05.220180
32123,0000,1209,106,2024-12-30 05:55:05.236192
05380,0000,1210,106,2024-12-30 05:55:05.267633
65975,0000,1210,106,2024-12-30 05:55:05.284178
44757,0000,1209,106,2024-12-30 05:55:05.300187
26353,0000,1209,106,2024-12-30 05:55:05.316169
55599,0000,1209,106,2024-12-30 05:55:05.332172
04490,0000,1210,106,2024-12-30 05:55:05.348163
01278,0000,1210,106,2024-12-30 05:55:05.364164
06289,0000,1210,106,2024-12-30 05:55:05.380166
01667,0000,1210,106,2024-12-30 05:55:05.396144
43159,0000,1209,106,2024-12-30 05:55:05.412145
03001,0000,1210,106,2024-12-30 05:55:05.444031
18621,0000,1209,106,2024-12-30 05:55:05.460131
04584,0000,1209,106,2024-12-30 05:55:05.476135
02797,0000,1210,106,2024-12-30 05:55:05.492133
04532,0000,1209,106,2024-12-30 05:55:05.508138
30469,0000,1209,106,2024-12-30 05:55:05.524124
04677,0000,1210,106,2024-12-30 05:55:05.540128
05554,0000,1209,106,2024-12-30 05:55:05.556118
01826,0000,1210,106,2024-12-30 05:55:05.572119
05520,0000,1209,106,2024-12-30 05:55:05.603645
09492,0000,1209,106,2024-12-30 05:55:05.620097
05382,0000,1209,106,2024-12-30 05:55:05.636095
14750,0000,1209,106,2024-12-30 05:55:05.652095
40125,0000,1210,106,2024-12-30 05:55:05.668094
10018,0000,1210,106,2024-12-30 05:55:05.684085
04357,0000,1210,106,2024-12-30 05:55:05.700083
25815,0000,1209,106,2024-12-30 05:55:05.716085
03701,0000,1210,106,2024-12-30 05:55:05.732077
02539,0000,1209,106,2024-12-30 05:55:05.748087
09418,0000,1209,106,2024-12-30 05:55:05.780049
01481,0000,1209,106,2024-12-30 05:55:05.796079
00605,0000,1210,106,2024-12-30 05:55:05.812072
29475,0000,1210,106,2024-12-30 05:55:05.828066
02333,0000,1209,106,2024-12-30 05:55:05.844073
56441,0000,1210,106,2024-12-30 05:55:05.860082
02967,0000,1210,106,2024-12-30 05:55:05.876079
50662,0000,1210,106,2024-12-30 05:55:05.892088
62779,0000,1210,106,2024-12-30 05:55:05.908053
04547,0000,1210,106,2024-12-30 05:55:05.939668
01253,0000,1210,106,2024-12-30 05:55:05.956040
00988,0000,1210,106,2024-12-30 05:55:05.972030
56817,0000,1209,106,2024-12-30 05:55:05.988034
02201,0000,1209,106,2024-12-30 05:55:06.004031
44915,0000,1210,106,2024-12-30 05:55:06.020030
19798,0000,1210,106,2024-12-30 05:55:06.036021
55168,0000,1210,106,2024-12-30 05:55:06.052019
04696,0000,1210,106,2024-12-30 05:55:06.068017
25714,0000,1210,106,2024-12-30 05:55:06.099325
19350,0000,1210,106,2024-12-30 05:55:06.116016
31384,0000,1209,106,2024-12-30 05:55:06.132005
28624,0000,1210,106,2024-12-30 05:55:06.148006
14947,0000,1210,106,2024-12-30 05:55:06.164002
03241,0000,1210,106,2024-12-30 05:55:06.180005
33802,0000,1210,106,2024-12-30 05:55:06.196009
09366,0000,1210,106,2024-12-30 05:55:06.212009
00690,0000,1210,106,2024-12-30 05:55:06.228013
00626,0000,1210,106,2024-12-30 05:55:06.244029
00263,0000,1210,106,2024-12-30 05:55:06.275740
21593,0000,1210,106,2024-12-30 05:55:06.292022
24165,0000,1210,106,2024-12-30 05:55:06.308026
15595,0000,1210,106,2024-12-30 05:55:06.324030
03865,0000,1210,106,2024-12-30 05:55:06.340026
58567,0000,1210,106,2024-12-30 05:55:06.355961
03952,0000,1210,106,2024-12-30 05:55:06.371957
17406,0000,1210,106,2024-12-30 05:55:06.387955
04432,0000,1210,106,2024-12-30 05:55:06.403953
02890,0000,1209,106,2024-12-30 05:55:06.435354
04705,0000,1210,106,2024-12-30 05:55:06.451944
28247,0000,1210,106,2024-12-30 05:55:06.467943
40088,0000,1210,106,2024-12-30 05:55:06.483939
10158,0000,1209,106,2024-12-30 05:55:06.499941
43273,0000,1210,106,2024-12-30 05:55:06.515930
31180,0000,1210,106,2024-12-30 05:55:06.531934
44169,0000,1210,106,2024-12-30 05:55:06.547933
08687,0000,1210,106,2024-12-30 05:55:06.563917
02321,0000,1210,106,2024-12-30 05:55:06.579917
03935,0000,1210,106,2024-12-30 05:55:06.611732
13318,0000,1209,106,2024-12-30 05:55:06.627908
19665,0000,1210,106,2024-12-30 05:55:06.643909
01211,0000,1210,106,2024-12-30 05:55:06.659905
03572,0000,1210,106,2024-12-30 05:55:06.675905
02190,0000,1210,106,2024-12-30 05:55:06.691898
59219,0000,1210,106,2024-12-30 05:55:06.707900
57480,0000,1210,106,2024-12-30 05:55:06.723891
23293,0000,1210,106,2024-12-30 05:55:06.739892
16700,0000,1210,106,2024-12-30 05:55:06.771393
18007,0000,1210,106,2024-12-30 05:55:06.787873
00781,0000,1210,106,2024-12-30 05:55:06.803877
25947,0000,1210,106,2024-12-30 05:55:06.819868
04423,0000,1210,106,2024-12-30 05:55:06.835870
35994,0000,1210,106,2024-12-30 05:55:06.851860
55065,0000,1210,106,2024-12-30 05:55:06.867853
42352,0000,1210,106,2024-12-30 05:55:06.883857
34448,0000,1210,106,2024-12-30 05:55:06.899850
05393,0000,1210,106,2024-12-30 05:55:06.915852
01048,0000,1210,106,2024-12-30 05:55:06.947763
00743,0001,1210,106,2024-12-30 05:55:06.963838
02668,0000,1209,106,2024-12-30 05:55:06.979839
03860,0000,1210,106,2024-12-30 05:55:06.995834
01192,0000,1210,106,2024-12-30 05:55:07.011835
42717,0000,1210,106,2024-12-30 05:55:07.027827
12330,0000,1210,106,2024-12-30 05:55:07.043827
32953,0000,1210,106,2024-12-30 05:55:07.059825
23951,0000,1210,106,2024-12-30 05:55:07.075828
48253,0000,1210,106,2024-12-30 05:55:07.107398
04587,0000,1210,106,2024-12-30 05:55:07.123808
04658,0000,1210,106,2024-12-30 05:55:07.139808
03897,0000,1210,106,2024-12-30 05:55:07.155806
25699,0000,1210,106,2024-12-30 05:55:07.171796
05400,0000,1210,106,2024-12-30 05:55:07.187798
04527,0000,1210,106,2024-12-30 05:55:07.203792
04633,0000,1210,106,2024-12-30 05:55:07.219793
04276,0000,1210,106,2024-12-30 05:55:07.235790
02331,0000,1210,106,2024-12-30 05:55:07.251793
36161,0000,1210,106,2024-12-30 05:55:07.283782
07489,0000,1210,106,2024-12-30 05:55:07.299771
02994,0000,1210,106,2024-12-30 05:55:07.315775
00883,0000,1210,106,2024-12-30 05:55:07.331776
04582,0001,1209,106,2024-12-30 05:55:07.347766
05196,0000,1210,106,2024-12-30 05:55:07.363765
36042,0000,1210,106,2024-12-30 05:55:07.379759
00747,0000,1210,106,2024-12-30 05:55:07.395760
15511,0000,1210,106,2024-12-30 05:55:07.411748
11394,0000,1210,106,2024-12-30 05:55:07.443430
01950,0000,1210,106,2024-12-30 05:55:07.459757
03781,0001,1210,106,2024-12-30 05:55:07.475746
05419,0000,1210,106,2024-12-30 05:55:07.491743
04598,0000,1210,106,2024-12-30 05:55:07.507733
04610,0000,1210,106,2024-12-30 05:55:07.523737
23115,0000,1210,106,2024-12-30 05:55:07.539728
09255,0000,1210,106,2024-12-30 05:55:07.555725
21151,0000,1210,106,2024-12-30 05:55:07.571724
17929,0000,1210,106,2024-12-30 05:55:07.603068
13947,0000,1210,106,2024-12-30 05:55:07.619716
21636,0000,1210,106,2024-12-30 05:55:07.635718
04601,0000,1210,106,2024-12-30 05:55:07.651716
11788,0000,1210,106,2024-12-30 05:55:07.667708
05333,0000,1210,106,2024-12-30 05:55:07.683702
24094,0000,1210,106,2024-12-30 05:55:07.699702
02593,0000,1210,106,2024-12-30 05:55:07.715705
28496,0000,1210,106,2024-12-30 05:55:07.731700
24206,0000,1210,106,2024-12-30 05:55:07.747685
03844,0000,1210,106,2024-12-30 05:55:07.779456
20218,0000,1210,106,2024-12-30 05:55:07.795680
40937,0000,1210,106,2024-12-30 05:55:07.811675
04933,0000,1210,106,2024-12-30 05:55:07.827675
06261,0000,1210,106,2024-12-30 05:55:07.843675
19581,0000,1210,106,2024-12-30 05:55:07.859659
08326,0000,1210,106,2024-12-30 05:55:07.875664
03373,0000,1210,106,2024-12-30 05:55:07.891661
03553,0000,1210,106,2024-12-30 05:55:07.907660
00682,0000,1210,106,2024-12-30 05:55:07.939093
19334,0000,1210,106,2024-12-30 05:55:07.955647
04681,0000,1210,106,2024-12-30 05:55:07.971642
03608,0000,1210,106,2024-12-30 05:55:07.987639
03634,0000,1210,106,2024-12-30 05:55:08.003637
03046,0000,1210,106,2024-12-30 05:55:08.019630
01450,0000,1210,106,2024-12-30 05:55:08.035635
18083,0000,1210,106,2024-12-30 05:55:08.051629
48966,0000,1210,106,2024-12-30 05:55:08.067628
12251,0000,1210,106,2024-12-30 05:55:08.083620
06402,0000,1211,106,2024-12-30 05:55:08.115479
58390,0000,1210,106,2024-12-30 05:55:08.131608
10886,0000,1210,106,2024-12-30 05:55:08.147605
03749,0000,1210,106,2024-12-30 05:55:08.163601
50670,0000,1210,106,2024-12-30 05:55:08.179596
56893,0000,1210,106,2024-12-30 05:55:08.195598
03149,0000,1210,106,2024-12-30 05:55:08.211598
02710,0000,1210,106,2024-12-30 05:55:08.227592
03596,0000,1210,106,2024-12-30 05:55:08.243609
05324,0000,1210,106,2024-12-30 05:55:08.275115
19223,0000,1210,106,2024-12-30 05:55:08.291583
13898,0000,1210,106,2024-12-30 05:55:08.307599
05329,0000,1210,106,2024-12-30 05:55:08.323581
03051,0000,1210,106,2024-12-30 05:55:08.339580
34931,0001,1210,106,2024-12-30 05:55:08.355574
16933,0000,1210,106,2024-12-30 05:55:08.371561
05260,0000,1210,106,2024-12-30 05:55:08.387565
33797,0000,1210,106,2024-12-30 05:55:08.403556
07138,0000,1210,106,2024-12-30 05:55:08.419557
06168,0000,1210,106,2024-12-30 05:55:08.451514
02923,0000,1210,106,2024-12-30 05:55:08.467556
13859,0000,1211,106,2024-12-30 05:55:08.483544
16446,0000,1210,106,2024-12-30 05:55:08.499547
22787,0000,1210,106,2024-12-30 05:55:08.515549
05464,0000,1210,106,2024-12-30 05:55:08.531530
12302,0000,1210,106,2024-12-30 05:55:08.547532
00102,0000,1211,106,2024-12-30 05:55:08.563525
14743,0000,1210,106,2024-12-30 05:55:08.579526
02158,0000,1210,106,2024-12-30 05:55:08.611144
59415,0000,1210,106,2024-12-30 05:55:08.627520
01585,0000,1210,106,2024-12-30 05:55:08.643518
39508,0000,1210,106,2024-12-30 05:55:08.659513
00089,0000,1210,106,2024-12-30 05:55:08.675508
00742,0000,1210,106,2024-12-30 05:55:08.691510
02080,0000,1210,106,2024-12-30 05:55:08.707501
67496,0000,1210,106,2024-12-30 05:55:08.723500
00901,0000,1210,106,2024-12-30 05:55:08.739495
10973,0000,1210,106,2024-12-30 05:55:08.755485
02187,0000,1210,106,2024-12-30 05:55:08.787487
23310,0000,1210,106,2024-12-30 05:55:08.803484
03339,0000,1210,106,2024-12-30 05:55:08.819477
01503,0000,1210,106,2024-12-30 05:55:08.835475
22591,0000,1210,106,2024-12-30 05:55:08.851472
05476,0000,1211,106,2024-12-30 05:55:08.867465
03816,0000,1210,106,2024-12-30 05:55:08.883468
05121,0000,1210,106,2024-12-30 05:55:08.899467
03621,0000,1210,106,2024-12-30 05:55:08.915475
50661,0000,1210,106,2024-12-30 05:55:08.947176
04595,0000,1210,106,2024-12-30 05:55:08.963454
53144,0000,1211,106,2024-12-30 05:55:08.979446
04639,0000,1210,106,2024-12-30 05:55:08.995453
32104,0000,1210,106,2024-12-30 05:55:09.011445
15805,0000,1210,106,2024-12-30 05:55:09.027453
05444,0000,1210,106,2024-12-30 05:55:09.043435
65282,0001,1210,106,2024-12-30 05:55:09.059438
00693,0000,1210,106,2024-12-30 05:55:09.075425
04592,0000,1210,106,2024-12-30 05:55:09.106809
04689,0001,1210,106,2024-12-30 05:55:09.123430
44909,0000,1210,106,2024-12-30 05:55:09.139412
54825,0000,1210,106,2024-12-30 05:55:09.155413
58220,0000,1210,106,2024-12-30 05:55:09.171415
26576,0000,1210,106,2024-12-30 05:55:09.187412
09145,0000,1210,106,2024-12-30 05:55:09.203404
19235,0000,1210,106,2024-12-30 05:55:09.219406
11484,0000,1211,106,2024-12-30 05:55:09.235396
15559,0000,1211,106,2024-12-30 05:55:09.251407
23888,0000,1210,106,2024-12-30 05:55:09.283207
04034,0000,1210,106,2024-12-30 05:55:09.299399
01190,0000,1211,106,2024-12-30 05:55:09.315408
14622,0000,1210,106,2024-12-30 05:55:09.331394
01354,0000,1211,106,2024-12-30 05:55:09.347408
07804,0000,1210,106,2024-12-30 05:55:09.363400
48976,0000,1210,106,2024-12-30 05:55:09.379413
01486,0000,1211,106,2024-12-30 05:55:09.395409
02659,0000,1211,106,2024-12-30 05:55:09.411414
14799,0000,1211,106,2024-12-30 05:55:09.442854
13665,0000,1210,106,2024-12-30 05:55:09.459415
01955,0000,1211,106,2024-12-30 05:55:09.475420
03850,0000,1210,106,2024-12-30 05:55:09.491342
27550,0001,1211,106,2024-12-30 05:55:09.507348
02258,0000,1210,106,2024-12-30 05:55:09.523336
03651,0000,1210,106,2024-12-30 05:55:09.539339
21717,0000,1211,106,2024-12-30 05:55:09.555337
01023,0000,1211,106,2024-12-30 05:55:09.571336
01813,0000,1210,106,2024-12-30 05:55:09.587337
20613,0000,1211,106,2024-12-30 05:55:09.619222
00855,0000,1210,106,2024-12-30 05:55:09.635329
01484,0000,1211,106,2024-12-30 05:55:09.651322
13816,0000,1210,106,2024-12-30 05:55:09.667315
28388,0000,1210,106,2024-12-30 05:55:09.683318
04695,0000,1210,106,2024-12-30 05:55:09.699306
54259,0000,1211,106,2024-12-30 05:55:09.715307
09421,0000,1211,106,2024-12-30 05:55:09.731296
04560,0000,1210,106,2024-12-30 05:55:09.747298
03202,0000,1210,106,2024-12-30 05:55:09.778863
00063,0000,1210,106,2024-12-30 05:55:09.795289
24711,0000,1211,106,2024-12-30 05:55:09.811278
20119,0000,1211,106,2024-12-30 05:55:09.827281
03415,0001,1211,106,2024-12-30 05:55:09.843272
23401,0000,1211,106,2024-12-30 05:55:09.859278
03352,0000,1211,106,2024-12-30 05:55:09.875264
37728,0000,1210,106,2024-12-30 05:55:09.891278
09196,0000,1210,106,2024-12-30 05:55:09.907259
66064,0000,1211,106,2024-12-30 05:55:09.923259
08661,0000,1211,106,2024-12-30 05:55:09.955254
05390,0000,1211,106,2024-12-30 05:55:09.971252
05424,0000,1210,106,2024-12-30 05:55:09.987248
02295,0000,1211,106,2024-12-30 05:55:10.003242
04448,0000,1211,106,2024-12-30 05:55:10.019245
52541,0000,1210,106,2024-12-30 05:55:10.035236
28798,0000,1211,106,2024-12-30 05:55:10.051243
01531,0000,1210,106,2024-12-30 05:55:10.067243
01869,0000,1211,106,2024-12-30 05:55:10.083229
05224,0000,1211,106,2024-12-30 05:55:10.114871
04436,0000,1210,106,2024-12-30 05:55:10.131224
02251,0000,1211,106,2024-12-30 05:55:10.147220
09220,0000,1211,106,2024-12-30 05:55:10.163220
35562,0000,1211,106,2024-12-30 05:55:10.179218
19598,0000,1211,106,2024-12-30 05:55:10.195214
09255,0000,1210,106,2024-12-30 05:55:10.211206
01273,0000,1211,106,2024-12-30 05:55:10.227209
04656,0000,1211,106,2024-12-30 05:55:10.243212
04017,0000,1211,106,2024-12-30 05:55:10.274529
04485,0000,1211,106,2024-12-30 05:55:10.291192
53228,0000,1211,106,2024-12-30 05:55:10.307190
11015,0000,1211,106,2024-12-30 05:55:10.323181
53912,0000,1211,106,2024-12-30 05:55:10.339178
00873,0000,1211,106,2024-12-30 05:55:10.355173
07557,0000,1211,106,2024-12-30 05:55:10.371185
02524,0000,1211,106,2024-12-30 05:55:10.387165
27147,0000,1211,106,2024-12-30 05:55:10.403173
02717,0000,1211,106,2024-12-30 05:55:10.419168
10898,0000,1211,106,2024-12-30 05:55:10.450919
34626,0000,1211,106,2024-12-30 05:55:10.467150
23985,0000,1211,106,2024-12-30 05:55:10.483148
04425,0000,1211,106,2024-12-30 05:55:10.499147
54196,0000,1211,106,2024-12-30 05:55:10.515146
66235,0000,1211,106,2024-12-30 05:55:10.531151
02320,0000,1211,106,2024-12-30 05:55:10.547146
04367,0000,1211,106,2024-12-30 05:55:10.563137
03034,0000,1211,106,2024-12-30 05:55:10.579134
22122,0001,1211,106,2024-12-30 05:55:10.610559
10147,0000,1211,106,2024-12-30 05:55:10.627125
03481,0001,1211,106,2024-12-30 05:55:10.643120
46210,0000,1211,106,2024-12-30 05:55:10.659116
03064,0000,1211,106,2024-12-30 05:55:10.675117
02205,0000,1211,106,2024-12-30 05:55:10.691119
15361,0000,1211,106,2024-12-30 05:55:10.707119
50776,0000,1211,106,2024-12-30 05:55:10.723106
03154,0000,1211,106,2024-12-30 05:55:10.739117
01868,0000,1211,106,2024-12-30 05:55:10.755101
02927,0000,1211,106,2024-12-30 05:55:10.786943
11706,0000,1211,106,2024-12-30 05:55:10.803100
03565,0000,1211,106,2024-12-30 05:55:10.819090
21901,0000,1211,106,2024-12-30 05:55:10.835094
67565,0000,1211,106,2024-12-30 05:55:10.851095
34668,0000,1211,106,2024-12-30 05:55:10.867086
02380,0000,1211,106,2024-12-30 05:55:10.883083
01104,0000,1211,106,2024-12-30 05:55:10.899075
40121,0000,1211,106,2024-12-30 05:55:10.915070
18600,0000,1211,106,2024-12-30 05:55:10.946582
02874,0001,1211,106,2024-12-30 05:55:10.963066
03707,0000,1211,106,2024-12-30 05:55:10.979067
30271,0000,1211,106,2024-12-30 05:55:10.995055
44824,0000,1211,106,2024-12-30 05:55:11.011067
03446,0000,1211,106,2024-12-30 05:55:11.027051
13955,0000,1211,106,2024-12-30 05:55:11.043064
58563,0000,1211,106,2024-12-30 05:55:11.059055
09275,0000,1211,106,2024-12-30 05:55:11.075062
30624,0000,1211,106,2024-12-30 05:55:11.091047
07752,0000,1211,106,2024-12-30 05:55:11.122975
04657,0000,1211,106,2024-12-30 05:55:11.139041
06280,0000,1211,106,2024-12-30 05:55:11.155029
02959,0000,1211,106,2024-12-30 05:55:11.171025
16398,0000,1211,106,2024-12-30 05:55:11.187027
05507,0000,1211,106,2024-12-30 05:55:11.203017
45386,0000,1211,106,2024-12-30 05:55:11.219017
04543,0001,1211,106,2024-12-30 05:55:11.235017
07046,0000,1211,106,2024-12-30 05:55:11.251034
42271,0000,1211,106,2024-12-30 05:55:11.282603
28991,0000,1211,106,2024-12-30 05:55:11.299000
00753,0000,1211,106,2024-12-30 05:55:11.314995
04510,0000,1211,106,2024-12-30 05:55:11.331000
48927,0000,1211,106,2024-12-30 05:55:11.346993
58167,0000,1211,106,2024-12-30 05:55:11.362988
02289,0000,1211,106,2024-12-30 05:55:11.378977
15652,0000,1212,106,2024-12-30 05:55:11.394981
17910,0000,1211,106,2024-12-30 05:55:11.410986
04567,0000,1211,106,2024-12-30 05:55:11.426983
63411,0001,1211,106,2024-12-30 05:55:11.458979
06036,0000,1211,106,2024-12-30 05:55:11.474961
21680,0000,1211,106,2024-12-30 05:55:11.490963
04273,0000,1211,106,2024-12-30 05:55:11.506954
17498,0000,1211,106,2024-12-30 05:55:11.522963
29705,0000,1211,106,2024-12-30 05:55:11.538952
02099,0000,1211,106,2024-12-30 05:55:11.554943
01538,0000,1211,106,2024-12-30 05:55:11.570945
03746,0001,1211,106,2024-12-30 05:55:11.586951
04647,0000,1211,106,2024-12-30 05:55:11.618645
03800,0000,1211,106,2024-12-30 05:55:11.634949
04268,0000,1211,106,2024-12-30 05:55:11.650925
58515,0000,1211,106,2024-12-30 05:55:11.666931
10978,0000,1211,106,2024-12-30 05:55:11.682925
17364,0000,1211,106,2024-12-30 05:55:11.698924
01729,0000,1211,106,2024-12-30 05:55:11.714919
20794,0000,1211,106,2024-12-30 05:55:11.730914
13358,0000,1211,106,2024-12-30 05:55:11.746924
05438,0000,1211,106,2024-12-30 05:55:11.778267
06102,0000,1211,106,2024-12-30 05:55:11.794892
01705,0000,1211,106,2024-12-30 05:55:11.810897
23628,0000,1211,106,2024-12-30 05:55:11.826894
01574,0000,1211,106,2024-12-30 05:55:11.842893
10217,0001,1211,106,2024-12-30 05:55:11.858889
02058,0000,1211,106,2024-12-30 05:55:11.874900
03863,0000,1211,106,2024-12-30 05:55:11.890896
12448,0000,1211,106,2024-12-30 05:55:11.906891
02403,0000,1211,106,2024-12-30 05:55:11.922883
13886,0000,1211,106,2024-12-30 05:55:11.954658
05471,0000,1211,106,2024-12-30 05:55:11.970871
30843,0000,1211,106,2024-12-30 05:55:11.986865
05437,0001,1211,106,2024-12-30 05:55:12.002860
00898,0000,1211,106,2024-12-30 05:55:12.018868
01814,0000,1211,106,2024-12-30 05:55:12.034867
41655,0000,1211,106,2024-12-30 05:55:12.050851
30954,0000,1211,106,2024-12-30 05:55:12.066854
05597,0000,1211,106,2024-12-30 05:55:12.082839
03787,0000,1211,106,2024-12-30 05:55:12.114289
16652,0001,1211,106,2024-12-30 05:55:12.130846
03064,0000,1211,106,2024-12-30 05:55:12.146834
02197,0000,1211,106,2024-12-30 05:55:12.162831
41649,0000,1211,106,2024-12-30 05:55:12.178826
39451,0000,1211,106,2024-12-30 05:55:12.194820
40036,0000,1211,106,2024-12-30 05:55:12.210820
23235,0000,1211,106,2024-12-30 05:55:12.226812
02620,0000,1211,106,2024-12-30 05:55:12.242821
47507,0000,1211,106,2024-12-30 05:55:12.258807
58208,0000,1211,106,2024-12-30 05:55:12.290697
04626,0000,1212,106,2024-12-30 05:55:12.306822
04507,0000,1211,106,2024-12-30 05:55:12.322799
45350,0000,1211,106,2024-12-30 05:55:12.338806
00713,0000,1211,106,2024-12-30 05:55:12.354799
01494,0000,1211,106,2024-12-30 05:55:12.370793
53857,0000,1211,106,2024-12-30 05:55:12.386782
19623,0000,1211,106,2024-12-30 05:55:12.402787
00918,0000,1211,106,2024-12-30 05:55:12.418787
12466,0000,1211,106,2024-12-30 05:55:12.450331
22250,0000,1211,106,2024-12-30 05:55:12.466787
15633,0000,1211,106,2024-12-30 05:55:12.482796
25057,0000,1211,106,2024-12-30 05:55:12.498794
20051,0000,1211,106,2024-12-30 05:55:12.514800
44016,0000,1211,106,2024-12-30 05:55:12.530803
03550,0000,1211,106,2024-12-30 05:55:12.546805
04596,0000,1211,106,2024-12-30 05:55:12.562805
55109,0000,1211,106,2024-12-30 05:55:12.578810
28208,0000,1211,106,2024-12-30 05:55:12.594812
03769,0001,1211,106,2024-12-30 05:55:12.626728
26514,0000,1211,106,2024-12-30 05:55:12.642740
04642,0001,1211,106,2024-12-30 05:55:12.658740
54112,0000,1211,106,2024-12-30 05:55:12.674725
02893,0000,1211,106,2024-12-30 05:55:12.690728
25969,0000,1211,106,2024-12-30 05:55:12.706723
01816,0000,1211,106,2024-12-30 05:55:12.722726
20514,0000,1211,106,2024-12-30 05:55:12.738715
24967,0000,1211,106,2024-12-30 05:55:12.754720
64982,0000,1211,106,2024-12-30 05:55:12.786352
61633,0000,1211,106,2024-12-30 05:55:12.802716
16551,0000,1211,106,2024-12-30 05:55:12.818698
04877,0000,1211,106,2024-12-30 05:55:12.834698
03704,0000,1212,106,2024-12-30 05:55:12.850690
06290,0000,1211,106,2024-12-30 05:55:12.866693
03585,0000,1211,106,2024-12-30 05:55:12.882682
23207,0000,1211,106,2024-12-30 05:55:12.898689
30128,0000,1211,106,2024-12-30 05:55:12.914689
01006,0000,1211,106,2024-12-30 05:55:12.945986
10011,0000,1211,106,2024-12-30 05:55:12.962676
40842,0000,1211,106,2024-12-30 05:55:12.978674
20438,0000,1211,106,2024-12-30 05:55:12.994668
04586,0000,1211,106,2024-12-30 05:55:13.010671
00907,0000,1211,106,2024-12-30 05:55:13.026665
40687,0000,1211,106,2024-12-30 05:55:13.042659
08466,0000,1211,106,2024-12-30 05:55:13.058661
03697,0000,1212,106,2024-12-30 05:55:13.074651
04830,0000,1212,106,2024-12-30 05:55:13.090649
58548,0001,1211,106,2024-12-30 05:55:13.122368
28673,0000,1211,106,2024-12-30 05:55:13.138636
11707,0000,1211,106,2024-12-30 05:55:13.154631
21975,0000,1211,106,2024-12-30 05:55:13.170631
26037,0000,1211,106,2024-12-30 05:55:13.186641
03698,0000,1211,106,2024-12-30 05:55:13.202646
45506,0000,1211,106,2024-12-30 05:55:13.218621
31380,0000,1211,106,2024-12-30 05:55:13.234626
03806,0000,1211,106,2024-12-30 05:55:13.250632
05464,0000,1212,106,2024-12-30 05:55:13.282012
05195,0000,1211,106,2024-12-30 05:55:13.298609
26791,0000,1211,106,2024-12-30 05:55:13.314621
00091,0000,1212,106,2024-12-30 05:55:13.330600
25337,0000,1212,106,2024-12-30 05:55:13.346598
41471,0000,1211,106,2024-12-30 05:55:13.362594
49136,0000,1212,106,2024-12-30 05:55:13.378604
49090,0000,1212,106,2024-12-30 05:55:13.394586
00856,0000,1211,106,2024-12-30 05:55:13.410591
46666,0000,1211,106,2024-12-30 05:55:13.426585
01916,0000,1211,106,2024-12-30 05:55:13.458407
05384,0000,1211,106,2024-12-30 05:55:13.474584
03003,0000,1211,106,2024-12-30 05:55:13.490582
28764,0000,1211,106,2024-12-30 05:55:13.506572
06282,0000,1212,106,2024-12-30 05:55:13.522564
04765,0000,1212,106,2024-12-30 05:55:13.538570
28523,0000,1211,106,2024-12-30 05:55:13.554563
13792,0000,1212,106,2024-12-30 05:55:13.570564
03770,0000,1212,106,2024-12-30 05:55:13.586560
04641,0001,1212,106,2024-12-30 05:55:13.618030
04500,0000,1211,106,2024-12-30 05:55:13.634543
19654,0000,1212,106,2024-12-30 05:55:13.650541
41626,0000,1211,106,2024-12-30 05:55:13.666528
19610,0000,1211,106,2024-12-30 05:55:13.682535
03683,0000,1212,106,2024-12-30 05:55:13.698533
05448,0000,1212,106,2024-12-30 05:55:13.714533
05360,0000,1212,106,2024-12-30 05:55:13.730518
04579,0001,1212,106,2024-12-30 05:55:13.746517
09143,0000,1211,106,2024-12-30 05:55:13.762520
00101,0000,1211,106,2024-12-30 05:55:13.794429
14807,0000,1212,106,2024-12-30 05:55:13.810510
13946,0000,1211,106,2024-12-30 05:55:13.826510
46457,0000,1212,106,2024-12-30 05:55:13.842499
02314,0000,1211,106,2024-12-30 05:55:13.858498
02668,0000,1212,106,2024-12-30 05:55:13.874487
03722,0000,1212,106,2024-12-30 05:55:13.890490
04469,0000,1212,106,2024-12-30 05:55:13.906480
05379,0000,1212,106,2024-12-30 05:55:13.922483
00734,0000,1212,106,2024-12-30 05:55:13.954069
01256,0000,1212,106,2024-12-30 05:55:13.970486
04704,0000,1211,106,2024-12-30 05:55:13.986469
02305,0000,1211,106,2024-12-30 05:55:14.002465
25285,0000,1211,106,2024-12-30 05:55:14.018460
61571,0000,1211,106,2024-12-30 05:55:14.034463
01731,0000,1211,106,2024-12-30 05:55:14.050454
31630,0000,1212,106,2024-12-30 05:55:14.066461
02162,0000,1212,106,2024-12-30 05:55:14.082462
01273,0000,1212,106,2024-12-30 05:55:14.098468
00144,0000,1211,106,2024-12-30 05:55:14.130448
02550,0000,1211,106,2024-12-30 05:55:14.146447
04616,0000,1212,106,2024-12-30 05:55:14.162446
12430,0000,1212,106,2024-12-30 05:55:14.178435
03771,0000,1212,106,2024-12-30 05:55:14.194437
12537,0000,1212,106,2024-12-30 05:55:14.210424
24708,0000,1212,106,2024-12-30 05:55:14.226418
03718,0000,1211,106,2024-12-30 05:55:14.242430
00223,0000,1212,106,2024-12-30 05:55:14.258410
06979,0000,1212,106,2024-12-30 05:55:14.290095
03153,0000,1212,106,2024-12-30 05:55:14.306402
62717,0000,1212,106,2024-12-30 05:55:14.322403
-0007,0000,1212,106,2024-12-30 05:55:14.338398
03731,0000,1212,106,2024-12-30 05:55:14.354403
08260,0000,1212,106,2024-12-30 05:55:14.370390
05289,0000,1212,106,2024-12-30 05:55:14.386389
03539,0001,1212,106,2024-12-30 05:55:14.402387
46453,0000,1212,106,2024-12-30 05:55:14.418392
04400,0001,1212,106,2024-12-30 05:55:14.449725
02967,0000,1212,106,2024-12-30 05:55:14.466376
02658,0000,1212,106,2024-12-30 05:55:14.482369
18507,0000,1212,106,2024-12-30 05:55:14.498373
03222,0000,1212,106,2024-12-30 05:55:14.514369
05393,0000,1212,106,2024-12-30 05:55:14.530361
03134,0000,1212,106,2024-12-30 05:55:14.546354
05354,0000,1212,106,2024-12-30 05:55:14.562348
49240,0000,1212,106,2024-12-30 05:55:14.578356
04585,0001,1212,106,2024-12-30 05:55:14.594345
03835,0000,1212,106,2024-12-30 05:55:14.626103
04331,0000,1212,106,2024-12-30 05:55:14.642346
02148,0000,1212,106,2024-12-30 05:55:14.658333
00729,0000,1212,106,2024-12-30 05:55:14.674335
04564,0001,1212,106,2024-12-30 05:55:14.690324
00757,0000,1212,106,2024-12-30 05:55:14.706324
07963,0000,1212,106,2024-12-30 05:55:14.722317
03641,0000,1212,106,2024-12-30 05:55:14.738323
02183,0000,1212,106,2024-12-30 05:55:14.754319
03791,0000,1212,106,2024-12-30 05:55:14.785748
35366,0000,1211,106,2024-12-30 05:55:14.802303
15482,0001,1212,106,2024-12-30 05:55:14.818306
06020,0000,1212,106,2024-12-30 05:55:14.834297
13085,0000,1212,106,2024-12-30 05:55:14.850300
03659,0000,1211,106,2024-12-30 05:55:14.866295
09430,0000,1212,106,2024-12-30 05:55:14.882299
27280,0000,1212,106,2024-12-30 05:55:14.898285
09305,0000,1212,106,2024-12-30 05:55:14.914292
47166,0000,1212,106,2024-12-30 05:55:14.930278
03415,0000,1212,106,2024-12-30 05:55:14.962112
02830,0000,1212,106,2024-12-30 05:55:14.978271
45836,0000,1212,106,2024-12-30 05:55:14.994268
23427,0000,1212,106,2024-12-30 05:55:15.010275
27963,0000,1212,106,2024-12-30 05:55:15.026261
02852,0000,1212,106,2024-12-30 05:55:15.042264
02302,0000,1212,106,2024-12-30 05:55:15.058261
03067,0000,1212,106,2024-12-30 05:55:15.074255
30854,0000,1212,106,2024-12-30 05:55:15.090249
02766,0000,1212,106,2024-12-30 05:55:15.121771
18578,0000,1212,106,2024-12-30 05:55:15.138246
54157,0000,1212,106,2024-12-30 05:55:15.154250
04665,0000,1212,106,2024-12-30 05:55:15.170234
03799,0000,1211,106,2024-12-30 05:55:15.186230
01887,0000,1212,106,2024-12-30 05:55:15.202225
04487,0000,1212,106,2024-12-30 05:55:15.218230
01668,0000,1212,106,2024-12-30 05:55:15.234223
47397,0000,1212,106,2024-12-30 05:55:15.250231
10079,0001,1212,106,2024-12-30 05:55:15.266224
03050,0000,1212,106,2024-12-30 05:55:15.298171
04705,0000,1212,106,2024-12-30 05:55:15.314211
23759,0000,1212,106,2024-12-30 05:55:15.330205
30271,0000,1212,106,2024-12-30 05:55:15.346203
02543,0000,1212,106,2024-12-30 05:55:15.362196
03380,0000,1212,106,2024-12-30 05:55:15.378198
05242,0000,1212,106,2024-12-30 05:55:15.394187
05434,0000,1212,106,2024-12-30 05:55:15.410183
03314,0000,1212,106,2024-12-30 05:55:15.426188
04502,0000,1212,106,2024-12-30 05:55:15.457790
03147,0000,1212,106,2024-12-30 05:55:15.474168
11610,0000,1212,106,2024-12-30 05:55:15.490170
24803,0000,1211,106,2024-12-30 05:55:15.506161
01043,0000,1212,106,2024-12-30 05:55:15.522171
48984,0000,1212,106,2024-12-30 05:55:15.538168
04625,0000,1212,106,2024-12-30 05:55:15.554171
16764,0000,1212,106,2024-12-30 05:55:15.570174
04540,0000,1212,106,2024-12-30 05:55:15.586175
03865,0000,1212,106,2024-12-30 05:55:15.602180
14256,0000,1212,106,2024-12-30 05:55:15.634181
10950,0000,1212,106,2024-12-30 05:55:15.650188
03284,0000,1212,106,2024-12-30 05:55:15.666184
06390,0000,1212,106,2024-12-30 05:55:15.682185
58549,0000,1212,106,2024-12-30 05:55:15.698186
00710,0000,1212,106,2024-12-30 05:55:15.714190
03129,0000,1212,106,2024-12-30 05:55:15.730192
50633,0000,1212,106,2024-12-30 05:55:15.746130
00732,0000,1212,106,2024-12-30 05:55:15.762115
10217,0000,1212,106,2024-12-30 05:55:15.793819
00060,0000,1212,106,2024-12-30 05:55:15.810106
14907,0000,1212,106,2024-12-30 05:55:15.826096
03044,0000,1212,106,2024-12-30 05:55:15.842100
35615,0000,1212,106,2024-12-30 05:55:15.858091
00837,0000,1212,106,2024-12-30 05:55:15.874104
00111,0000,1212,106,2024-12-30 05:55:15.890086
00132,0001,1212,106,2024-12-30 05:55:15.906095
14832,0000,1212,106,2024-12-30 05:55:15.922091
03504,0000,1212,106,2024-12-30 05:55:15.953468
49215,0000,1212,106,2024-12-30 05:55:15.970087
56454,0000,1212,106,2024-12-30 05:55:15.986072
01760,0000,1212,106,2024-12-30 05:55:16.002073
00961,0000,1212,106,2024-12-30 05:55:16.018065
02633,0000,1212,106,2024-12-30 05:55:16.034066
03615,0001,1212,106,2024-12-30 05:55:16.050067
27637,0000,1212,106,2024-12-30 05:55:16.066058
26527,0000,1212,106,2024-12-30 05:55:16.082050
03874,0000,1212,106,2024-12-30 05:55:16.098045
03624,0000,1212,106,2024-12-30 05:55:16.129845
50104,0000,1212,106,2024-12-30 05:55:16.146044
40854,0000,1212,106,2024-12-30 05:55:16.162035
03087,0000,1212,106,2024-12-30 05:55:16.178037
02081,0000,1212,106,2024-12-30 05:55:16.194028
14362,0000,1212,106,2024-12-30 05:55:16.210032
34728,0000,1212,106,2024-12-30 05:55:16.226031
15676,0000,1212,106,2024-12-30 05:55:16.242043
00521,0000,1212,106,2024-12-30 05:55:16.258025
21256,0000,1212,106,2024-12-30 05:55:16.289492
03107,0000,1212,106,2024-12-30 05:55:16.306027
00956,0000,1212,106,2024-12-30 05:55:16.322020
13002,0000,1212,106,2024-12-30 05:55:16.337999
58182,0000,1212,106,2024-12-30 05:55:16.354011
00748,0000,1212,106,2024-12-30 05:55:16.369997
25680,0000,1212,106,2024-12-30 05:55:16.385997
14734,0000,1212,106,2024-12-30 05:55:16.401995
53283,0000,1213,106,2024-12-30 05:55:16.417997
04594,0001,1212,106,2024-12-30 05:55:16.433988
23331,0000,1212,106,2024-12-30 05:55:16.465874
27814,0000,1212,106,2024-12-30 05:55:16.481973
27416,0000,1212,106,2024-12-30 05:55:16.497973
43996,0000,1212,106,2024-12-30 05:55:16.513961
01577,0000,1213,106,2024-12-30 05:55:16.529969
02701,0000,1212,106,2024-12-30 05:55:16.545965
05440,0000,1212,106,2024-12-30 05:55:16.561965
04734,0000,1212,106,2024-12-30 05:55:16.577958
09059,0000,1212,106,2024-12-30 05:55:16.593959
04244,0000,1212,106,2024-12-30 05:55:16.625515
45509,0000,1212,106,2024-12-30 05:55:16.641941
30406,0000,1212,106,2024-12-30 05:55:16.657943
18043,0000,1213,106,2024-12-30 05:55:16.673934
48983,0000,1212,106,2024-12-30 05:55:16.689942
03619,0000,1212,106,2024-12-30 05:55:16.705945
23095,0001,1212,106,2024-12-30 05:55:16.721924
04004,0001,1212,106,2024-12-30 05:55:16.737929
00746,0000,1212,106,2024-12-30 05:55:16.753921
19344,0000,1212,106,2024-12-30 05:55:16.769925
15818,0000,1212,106,2024-12-30 05:55:16.801891
17802,0000,1212,106,2024-12-30 05:55:16.817915
14002,0000,1212,106,2024-12-30 05:55:16.833917
62436,0000,1212,106,2024-12-30 05:55:16.849901
02484,0000,1212,106,2024-12-30 05:55:16.865905
40801,0000,1212,106,2024-12-30 05:55:16.881891
02926,0000,1212,106,2024-12-30 05:55:16.898111
06001,0000,1212,106,2024-12-30 05:55:16.913898
00748,0000,1212,106,2024-12-30 05:55:16.929895
05497,0000,1212,106,2024-12-30 05:55:16.961539
50129,0000,1212,106,2024-12-30 05:55:16.977878
02442,0000,1212,106,2024-12-30 05:55:16.993883
03702,0000,1212,106,2024-12-30 05:55:17.009868
10818,0000,1212,106,2024-12-30 05:55:17.025875
04322,0000,1212,106,2024-12-30 05:55:17.041864
29932,0000,1212,106,2024-12-30 05:55:17.057863
09319,0000,1212,106,2024-12-30 05:55:17.073861
01766,0000,1212,106,2024-12-30 05:55:17.089864
01981,0001,1213,106,2024-12-30 05:55:17.121169
52528,0000,1212,106,2024-12-30 05:55:17.137855
19520,0000,1212,106,2024-12-30 05:55:17.153846
04422,0000,1212,106,2024-12-30 05:55:17.169852
04003,0000,1212,106,2024-12-30 05:55:17.185834
02709,0000,1212,106,2024-12-30 05:55:17.201837
04627,0000,1213,106,2024-12-30 05:55:17.217836
23020,0000,1212,106,2024-12-30 05:55:17.233844
33759,0001,1212,106,2024-12-30 05:55:17.249842
65886,0000,1212,106,2024-12-30 05:55:17.265819
00743,0000,1213,106,2024-12-30 05:55:17.297574
02544,0000,1212,106,2024-12-30 05:55:17.313829
01562,0000,1213,106,2024-12-30 05:55:17.329805
03339,0000,1212,106,2024-12-30 05:55:17.345802
05399,0000,1213,106,2024-12-30 05:55:17.361801
58218,0000,1213,106,2024-12-30 05:55:17.377801
21688,0000,1213,106,2024-12-30 05:55:17.393793
14853,0000,1213,106,2024-12-30 05:55:17.409792
18646,0000,1213,106,2024-12-30 05:55:17.425788
67846,0000,1212,106,2024-12-30 05:55:17.457207
02822,0000,1212,106,2024-12-30 05:55:17.473788
55946,0000,1212,106,2024-12-30 05:55:17.489785
01130,0000,1213,106,2024-12-30 05:55:17.505769
01446,0000,1212,106,2024-12-30 05:55:17.521776
04142,0000,1213,106,2024-12-30 05:55:17.537767
43283,0001,1212,106,2024-12-30 05:55:17.553762
00708,0000,1212,106,2024-12-30 05:55:17.569760
33787,0000,1212,106,2024-12-30 05:55:17.585760
04616,0000,1213,106,2024-12-30 05:55:17.601757
36096,0000,1213,106,2024-12-30 05:55:17.633587
02505,0000,1213,106,2024-12-30 05:55:17.649744
23219,0000,1213,106,2024-12-30 05:55:17.665742
02939,0000,1213,106,2024-12-30 05:55:17.681743
00083,0000,1212,106,2024-12-30 05:55:17.697738
63257,0000,1212,106,2024-12-30 05:55:17.713737
03809,0000,1213,106,2024-12-30 05:55:17.729730
00774,0000,1213,106,2024-12-30 05:55:17.745737
02997,0000,1212,106,2024-12-30 05:55:17.761729
02641,0000,1213,106,2024-12-30 05:55:17.793228
05121,0000,1213,106,2024-12-30 05:55:17.809719
19368,0000,1212,106,2024-12-30 05:55:17.825709
35429,0000,1213,106,2024-12-30 05:55:17.841709
24071,0000,1213,106,2024-12-30 05:55:17.857705
37735,0000,1212,106,2024-12-30 05:55:17.873707
10109,0000,1213,106,2024-12-30 05:55:17.889725
15547,0000,1213,106,2024-12-30 05:55:17.905712
26970,0000,1212,106,2024-12-30 05:55:17.921708
04911,0000,1213,106,2024-12-30 05:55:17.937690
06310,0000,1212,106,2024-12-30 05:55:17.969606
04616,0000,1213,106,2024-12-30 05:55:17.985681
24042,0000,1213,106,2024-12-30 05:55:18.001679
01756,0000,1213,106,2024-12-30 05:55:18.017679
06809,0000,1213,106,2024-12-30 05:55:18.033668
05401,0000,1213,106,2024-12-30 05:55:18.049669
03061,0000,1213,106,2024-12-30 05:55:18.065658
06871,0000,1212,106,2024-12-30 05:55:18.081661
02995,0000,1213,106,2024-12-30 05:55:18.097663
49181,0000,1213,106,2024-12-30 05:55:18.129248
03834,0000,1213,106,2024-12-30 05:55:18.145645
00925,0000,1213,106,2024-12-30 05:55:18.161643
00746,0000,1213,106,2024-12-30 05:55:18.177653
03902,0000,1212,106,2024-12-30 05:55:18.193639
02633,0000,1213,106,2024-12-30 05:55:18.209644
38616,0000,1213,106,2024-12-30 05:55:18.225636
55922,0000,1213,106,2024-12-30 05:55:18.241648
00161,0000,1213,106,2024-12-30 05:55:18.257633
56487,0001,1213,106,2024-12-30 05:55:18.273642
15683,0000,1212,106,2024-12-30 05:55:18.305615
03786,0000,1213,106,2024-12-30 05:55:18.321616
35284,0000,1213,106,2024-12-30 05:55:18.337605
03722,0000,1213,106,2024-12-30 05:55:18.353609
02511,0000,1213,106,2024-12-30 05:55:18.369602
04592,0000,1213,106,2024-12-30 05:55:18.385608
02450,0000,1213,106,2024-12-30 05:55:18.401605
03127,0000,1213,106,2024-12-30 05:55:18.417610
28124,0000,1213,106,2024-12-30 05:55:18.433590
11238,0000,1212,106,2024-12-30 05:55:18.465274
05383,0000,1213,106,2024-12-30 05:55:18.481588
60066,0000,1213,106,2024-12-30 05:55:18.497583
20218,0000,1213,106,2024-12-30 05:55:18.513575
10933,0001,1213,106,2024-12-30 05:55:18.529577
35215,0000,1213,106,2024-12-30 05:55:18.545567
05440,0000,1212,106,2024-12-30 05:55:18.561571
32800,0000,1213,106,2024-12-30 05:55:18.577559
00845,0000,1213,106,2024-12-30 05:55:18.593561
30078,0000,1213,106,2024-12-30 05:55:18.624929
57668,0000,1213,106,2024-12-30 05:55:18.641546
16979,0000,1213,106,2024-12-30 05:55:18.657554
03780,0000,1213,106,2024-12-30 05:55:18.673557
49257,0000,1213,106,2024-12-30 05:55:18.689551
10976,0000,1213,106,2024-12-30 05:55:18.705553
09089,0000,1213,106,2024-12-30 05:55:18.721552
37837,0000,1213,106,2024-12-30 05:55:18.737554
10866,0000,1213,106,2024-12-30 05:55:18.753566
03814,0001,1213,106,2024-12-30 05:55:18.769565
00919,0001,1212,106,2024-12-30 05:55:18.801338
30185,0001,1213,106,2024-12-30 05:55:18.817569
00747,0000,1213,106,2024-12-30 05:55:18.833568
55157,0000,1213,106,2024-12-30 05:55:18.849572
06916,0000,1213,106,2024-12-30 05:55:18.865504
01891,0001,1213,106,2024-12-30 05:55:18.881507
03251,0000,1213,106,2024-12-30 05:55:18.897494
28724,0000,1213,106,2024-12-30 05:55:18.913497
02010,0001,1213,106,2024-12-30 05:55:18.929493
21039,0000,1213,106,2024-12-30 05:55:18.960943
02758,0000,1213,106,2024-12-30 05:55:18.977495
16738,0000,1213,106,2024-12-30 05:55:18.993480
31269,0000,1213,106,2024-12-30 05:55:19.009480
60677,0000,1213,106,2024-12-30 05:55:19.025478
56764,0000,1213,106,2024-12-30 05:55:19.041479
04343,0000,1213,106,2024-12-30 05:55:19.057485
26678,0000,1213,106,2024-12-30 05:55:19.073481
36471,0000,1213,106,2024-12-30 05:55:19.089466
23379,0000,1213,106,2024-12-30 05:55:19.105464
35351,0000,1213,106,2024-12-30 05:55:19.137329
29482,0001,1213,106,2024-12-30 05:55:19.153457
00962,0000,1213,106,2024-12-30 05:55:19.169453
38534,0000,1213,106,2024-12-30 05:55:19.185459
05423,0000,1213,106,2024-12-30 05:55:19.201450
22677,0000,1213,106,2024-12-30 05:55:19.217450
04550,0000,1213,106,2024-12-30 05:55:19.233440
24169,0000,1213,106,2024-12-30 05:55:19.249448
00987,0000,1213,106,2024-12-30 05:55:19.265438
03179,0000,1213,106,2024-12-30 05:55:19.296969
25853,0000,1213,106,2024-12-30 05:55:19.313426
11635,0000,1213,106,2024-12-30 05:55:19.329419
20369,0000,1213,106,2024-12-30 05:55:19.345419
03003,0000,1213,106,2024-12-30 05:55:19.361410
04851,0000,1213,106,2024-12-30 05:55:19.377417
18087,0000,1213,106,2024-12-30 05:55:19.393405
04281,0000,1213,106,2024-12-30 05:55:19.409409
04588,0000,1213,106,2024-12-30 05:55:19.425402
03789,0000,1213,106,2024-12-30 05:55:19.441405
65851,0000,1213,106,2024-12-30 05:55:19.473347
33029,0000,1212,106,2024-12-30 05:55:19.489395
05364,0000,1213,106,2024-12-30 05:55:19.505383
19067,0000,1213,106,2024-12-30 05:55:19.521391
03939,0000,1213,106,2024-12-30 05:55:19.537379
05458,0000,1213,106,2024-12-30 05:55:19.553381
49664,0000,1213,106,2024-12-30 05:55:19.569376
05437,0000,1213,106,2024-12-30 05:55:19.585378
51363,0000,1213,106,2024-12-30 05:55:19.601365
03836,0000,1213,106,2024-12-30 05:55:19.632988
00586,0000,1213,106,2024-12-30 05:55:19.649355
55024,0000,1213,106,2024-12-30 05:55:19.665358
46647,0000,1213,106,2024-12-30 05:55:19.681357
49161,0000,1213,106,2024-12-30 05:55:19.697350
47992,0000,1213,106,2024-12-30 05:55:19.713353
48231,0000,1213,106,2024-12-30 05:55:19.729346
34082,0001,1213,106,2024-12-30 05:55:19.745344
53356,0000,1213,106,2024-12-30 05:55:19.761337
03820,0000,1213,106,2024-12-30 05:55:19.777338
31217,0000,1213,106,2024-12-30 05:55:19.809325
58987,0000,1213,106,2024-12-30 05:55:19.825324
57358,0000,1213,106,2024-12-30 05:55:19.841328
04632,0000,1213,106,2024-12-30 05:55:19.857333
03820,0000,1213,106,2024-12-30 05:55:19.873313
51740,0001,1213,106,2024-12-30 05:55:19.889317
02163,0000,1213,106,2024-12-30 05:55:19.905310
03578,0000,1213,106,2024-12-30 05:55:19.921309
45465,0000,1213,106,2024-12-30 05:55:19.937304
03599,0000,1213,106,2024-12-30 05:55:19.969012
03756,0000,1213,106,2024-12-30 05:55:19.985296
03772,0000,1213,106,2024-12-30 05:55:20.001290
32432,0000,1213,106,2024-12-30 05:55:20.017280
20863,0000,1213,106,2024-12-30 05:55:20.033282
03242,0000,1213,106,2024-12-30 05:55:20.049278
00649,0000,1213,106,2024-12-30 05:55:20.065282
04916,0000,1213,106,2024-12-30 05:55:20.081275
03989,0000,1213,106,2024-12-30 05:55:20.097271
00680,0000,1213,106,2024-12-30 05:55:20.128678
13317,0000,1213,106,2024-12-30 05:55:20.145256
04501,0000,1213,106,2024-12-30 05:55:20.161265
00483,0000,1213,106,2024-12-30 05:55:20.177256
02697,0000,1213,106,2024-12-30 05:55:20.193254
35135,0001,1213,106,2024-12-30 05:55:20.209250
05401,0000,1213,106,2024-12-30 05:55:20.225256
09166,0000,1213,106,2024-12-30 05:55:20.241258
02866,0000,1213,106,2024-12-30 05:55:20.257236
10158,0000,1213,106,2024-12-30 05:55:20.273236
02242,0000,1213,106,2024-12-30 05:55:20.305069
31085,0000,1213,106,2024-12-30 05:55:20.321221
48276,0000,1213,106,2024-12-30 05:55:20.337225
19248,0000,1213,106,2024-12-30 05:55:20.353223
04531,0000,1213,106,2024-12-30 05:55:20.369226
01661,0000,1213,106,2024-12-30 05:55:20.385213
56585,0000,1213,106,2024-12-30 05:55:20.401222
54334,0000,1214,106,2024-12-30 05:55:20.417214
01305,0000,1213,106,2024-12-30 05:55:20.433214
58213,0000,1214,106,2024-12-30 05:55:20.464698
04403,0000,1213,106,2024-12-30 05:55:20.481200
05597,0001,1213,106,2024-12-30 05:55:20.497188
04718,0000,1213,106,2024-12-30 05:55:20.513189
04704,0000,1213,106,2024-12-30 05:55:20.529179
03400,0000,1213,106,2024-12-30 05:55:20.545191
01569,0000,1213,106,2024-12-30 05:55:20.561173
03840,0000,1213,106,2024-12-30 05:55:20.577172
00654,0000,1213,106,2024-12-30 05:55:20.593175
04645,0001,1214,106,2024-12-30 05:55:20.609175
03797,0000,1213,106,2024-12-30 05:55:20.641069
04659,0000,1214,106,2024-12-30 05:55:20.657166
04175,0000,1213,106,2024-12-30 05:55:20.673161
22314,0000,1213,106,2024-12-30 05:55:20.689153
03904,0000,1213,106,2024-12-30 05:55:20.705147
36950,0000,1213,106,2024-12-30 05:55:20.721144
01639,0000,1214,106,2024-12-30 05:55:20.737160
06275,0000,1213,106,2024-12-30 05:55:20.753150
04181,0000,1213,106,2024-12-30 05:55:20.769148
13942,0000,1213,106,2024-12-30 05:55:20.800711
04537,0000,1213,106,2024-12-30 05:55:20.817133
17540,0000,1213,106,2024-12-30 05:55:20.833123
53114,0000,1213,106,2024-12-30 05:55:20.849122
02967,0000,1213,106,2024-12-30 05:55:20.865132
14571,0001,1213,106,2024-12-30 05:55:20.881122
55080,0000,1213,106,2024-12-30 05:55:20.897113
06061,0000,1213,106,2024-12-30 05:55:20.913113
19410,0000,1213,106,2024-12-30 05:55:20.929107
09222,0000,1214,106,2024-12-30 05:55:20.945104
01230,0000,1213,106,2024-12-30 05:55:20.977107
45771,0000,1213,106,2024-12-30 05:55:20.993097
29353,0000,1213,106,2024-12-30 05:55:21.009095
03827,0000,1213,106,2024-12-30 05:55:21.025095
27458,0000,1214,106,2024-12-30 05:55:21.041083
64153,0000,1213,106,2024-12-30 05:55:21.057079
12112,0000,1213,106,2024-12-30 05:55:21.073075
00344,0000,1213,106,2024-12-30 05:55:21.089075
43369,0000,1213,106,2024-12-30 05:55:21.105074
04642,0000,1213,106,2024-12-30 05:55:21.136732
19436,0000,1213,106,2024-12-30 05:55:21.153073
07125,0001,1213,106,2024-12-30 05:55:21.169054
22051,0001,1213,106,2024-12-30 05:55:21.185049
03807,0001,1214,106,2024-12-30 05:55:21.201047
29712,0000,1213,106,2024-12-30 05:55:21.217041
02829,0001,1213,106,2024-12-30 05:55:21.233044
00740,0000,1213,106,2024-12-30 05:55:21.249059
53923,0000,1214,106,2024-12-30 05:55:21.265041
05483,0000,1213,106,2024-12-30 05:55:21.296393
05280,0000,1213,106,2024-12-30 05:55:21.313042
40583,0000,1213,106,2024-12-30 05:55:21.329031
38561,0000,1214,106,2024-12-30 05:55:21.345030
03841,0000,1213,106,2024-12-30 05:55:21.361031
02723,0000,1213,106,2024-12-30 05:55:21.377022
01455,0000,1214,106,2024-12-30 05:55:21.393019
12496,0000,1213,106,2024-12-30 05:55:21.409021
39478,0000,1214,106,2024-12-30 05:55:21.425008
44932,0000,1213,106,2024-12-30 05:55:21.441003
04888,0000,1213,106,2024-12-30 05:55:21.472774
32216,0000,1213,106,2024-12-30 05:55:21.488988
05365,0000,1214,106,2024-12-30 05:55:21.504994
11161,0000,1213,106,2024-12-30 05:55:21.521001
04473,0000,1213,106,2024-12-30 05:55:21.536998
45325,0000,1213,106,2024-12-30 05:55:21.552980
00708,0000,1214,106,2024-12-30 05:55:21.568991
24076,0000,1214,106,2024-12-30 05:55:21.584978
03464,0000,1213,106,2024-12-30 05:55:21.600980
50898,0000,1213,106,2024-12-30 05:55:21.632396
05369,0000,1213,106,2024-12-30 05:55:21.648970
22526,0001,1214,106,2024-12-30 05:55:21.664968
02429,0000,1213,106,2024-12-30 05:55:21.680960
39183,0000,1213,106,2024-12-30 05:55:21.696964
21095,0000,1214,106,2024-12-30 05:55:21.712955
27640,0000,1214,106,2024-12-30 05:55:21.728957
13304,0000,1213,106,2024-12-30 05:55:21.744955
03740,0000,1213,106,2024-12-30 05:55:21.760954
37806,0000,1213,106,2024-12-30 05:55:21.776944
01537,0000,1214,106,2024-12-30 05:55:21.808782
14875,0000,1214,106,2024-12-30 05:55:21.824950
05013,0000,1214,106,2024-12-30 05:55:21.840948
04502,0000,1214,106,2024-12-30 05:55:21.856953
39161,0000,1213,106,2024-12-30 05:55:21.872957
26642,0000,1214,106,2024-12-30 05:55:21.888953
01605,0000,1213,106,2024-12-30 05:55:21.904958
00320,0000,1213,106,2024-12-30 05:55:21.920959
57338,0000,1213,106,2024-12-30 05:55:21.936964
23935,0000,1214,106,2024-12-30 05:55:21.968476
23050,0000,1214,106,2024-12-30 05:55:21.984967
05684,0000,1214,106,2024-12-30 05:55:22.000899
37072,0000,1214,106,2024-12-30 05:55:22.016901
04677,0000,1213,106,2024-12-30 05:55:22.032890
00847,0000,1213,106,2024-12-30 05:55:22.048891
36324,0000,1213,106,2024-12-30 05:55:22.064887
14657,0000,1214,106,2024-12-30 05:55:22.080892
05667,0000,1214,106,2024-12-30 05:55:22.096882
18682,0000,1213,106,2024-12-30 05:55:22.112880
56768,0000,1214,106,2024-12-30 05:55:22.144817
24807,0000,1214,106,2024-12-30 05:55:22.160862
39909,0000,1213,106,2024-12-30 05:55:22.176864
16940,0000,1214,106,2024-12-30 05:55:22.192869
18672,0000,1213,106,2024-12-30 05:55:22.208853
03143,0000,1214,106,2024-12-30 05:55:22.224862
01450,0000,1213,106,2024-12-30 05:55:22.240864
08518,0000,1213,106,2024-12-30 05:55:22.256856
05461,0001,1214,106,2024-12-30 05:55:22.272854
19508,0000,1214,106,2024-12-30 05:55:22.304454
01037,0000,1213,106,2024-12-30 05:55:22.320846
30624,0000,1214,106,2024-12-30 05:55:22.336837
19292,0000,1214,106,2024-12-30 05:55:22.352832
03968,0000,1214,106,2024-12-30 05:55:22.368827
00533,0000,1213,106,2024-12-30 05:55:22.384826
04614,0000,1214,106,2024-12-30 05:55:22.400823
07038,0000,1214,106,2024-12-30 05:55:22.416821
15409,0000,1213,106,2024-12-30 05:55:22.432811
53980,0000,1214,106,2024-12-30 05:55:22.448813
37151,0000,1214,106,2024-12-30 05:55:22.480810
22038,0000,1214,106,2024-12-30 05:55:22.496802
03034,0000,1213,106,2024-12-30 05:55:22.512799
21779,0000,1214,106,2024-12-30 05:55:22.528794
05350,0000,1214,106,2024-12-30 05:55:22.544788
48735,0000,1214,106,2024-12-30 05:55:22.560789
03797,0000,1214,106,2024-12-30 05:55:22.576794
20114,0000,1213,106,2024-12-30 05:55:22.592800
53917,0000,1214,106,2024-12-30 05:55:22.608773
27711,0000,1214,106,2024-12-30 05:55:22.640490
04615,0000,1213,106,2024-12-30 05:55:22.656773
23397,0000,1214,106,2024-12-30 05:55:22.672763
23064,0000,1214,106,2024-12-30 05:55:22.688765
03527,0000,1214,106,2024-12-30 05:55:22.704758
14619,0000,1214,106,2024-12-30 05:55:22.720750
53018,0000,1214,106,2024-12-30 05:55:22.736753
02533,0000,1214,106,2024-12-30 05:55:22.752746
09357,0000,1214,106,2024-12-30 05:55:22.768748
10075,0000,1214,106,2024-12-30 05:55:22.800115
13505,0000,1214,106,2024-12-30 05:55:22.816746
15562,0000,1214,106,2024-12-30 05:55:22.832734
16186,0000,1214,106,2024-12-30 05:55:22.848728
19344,0000,1214,106,2024-12-30 05:55:22.864728
03831,0000,1214,106,2024-12-30 05:55:22.880728
08560,0000,1214,106,2024-12-30 05:55:22.896725
05426,0000,1214,106,2024-12-30 05:55:22.912718
08406,0000,1214,106,2024-12-30 05:55:22.928722
33905,0000,1214,106,2024-12-30 05:55:22.944715
46318,0000,1214,106,2024-12-30 05:55:22.976521
17053,0000,1214,106,2024-12-30 05:55:22.992695
17721,0000,1213,106,2024-12-30 05:55:23.008697
62705,0000,1214,106,2024-12-30 05:55:23.024693
06917,0000,1214,106,2024-12-30 05:55:23.040691
25713,0000,1214,106,2024-12-30 05:55:23.056687
32109,0000,1214,106,2024-12-30 05:55:23.072689
17458,0000,1214,106,2024-12-30 05:55:23.088687
06309,0000,1214,106,2024-12-30 05:55:23.104687
01535,0000,1214,106,2024-12-30 05:55:23.136158
23889,0000,1214,106,2024-12-30 05:55:23.152678
00728,0000,1214,106,2024-12-30 05:55:23.168674
08442,0000,1214,106,2024-12-30 05:55:23.184668
18503,0000,1214,106,2024-12-30 05:55:23.200664
07690,0000,1214,106,2024-12-30 05:55:23.216656
03865,0000,1214,106,2024-12-30 05:55:23.232654
04600,0000,1214,106,2024-12-30 05:55:23.248664
21323,0000,1214,106,2024-12-30 05:55:23.264656
04579,0000,1214,106,2024-12-30 05:55:23.280645
00995,0000,1214,106,2024-12-30 05:55:23.312537
05194,0000,1214,106,2024-12-30 05:55:23.328642
17131,0000,1214,106,2024-12-30 05:55:23.344634
19069,0000,1214,106,2024-12-30 05:55:23.360639
34663,0000,1214,106,2024-12-30 05:55:23.376641
65226,0000,1214,106,2024-12-30 05:55:23.392625
50682,0000,1214,106,2024-12-30 05:55:23.408626
04937,0000,1214,106,2024-12-30 05:55:23.424610
34427,0000,1214,106,2024-12-30 05:55:23.440616
04460,0000,1214,106,2024-12-30 05:55:23.472176
20224,0001,1214,106,2024-12-30 05:55:23.488617
21406,0000,1214,106,2024-12-30 05:55:23.504601
35325,0001,1214,106,2024-12-30 05:55:23.520605
05418,0000,1214,106,2024-12-30 05:55:23.536596
02500,0000,1214,106,2024-12-30 05:55:23.552601
02052,0000,1214,106,2024-12-30 05:55:23.568589
00731,0000,1214,106,2024-12-30 05:55:23.584600
08566,0000,1214,106,2024-12-30 05:55:23.600582
63641,0000,1214,106,2024-12-30 05:55:23.616591
37888,0000,1214,106,2024-12-30 05:55:23.648554
04582,0000,1214,106,2024-12-30 05:55:23.664575
53301,0000,1214,106,2024-12-30 05:55:23.680572
49193,0001,1214,106,2024-12-30 05:55:23.696565
03812,0000,1214,106,2024-12-30 05:55:23.712567
00662,0000,1214,106,2024-12-30 05:55:23.728561
00830,0000,1214,106,2024-12-30 05:55:23.744562
39933,0000,1214,106,2024-12-30 05:55:23.760563
64135,0000,1214,106,2024-12-30 05:55:23.776546
16510,0000,1214,106,2024-12-30 05:55:23.808191
31530,0000,1214,106,2024-12-30 05:55:23.824542
02844,0000,1214,106,2024-12-30 05:55:23.840534
43344,0000,1214,106,2024-12-30 05:55:23.856528
06204,0000,1214,106,2024-12-30 05:55:23.872539
15601,0000,1214,106,2024-12-30 05:55:23.888541
08917,0000,1214,106,2024-12-30 05:55:23.904538
45745,0001,1214,106,2024-12-30 05:55:23.920539
53184,0000,1214,106,2024-12-30 05:55:23.936525
05467,0000,1214,106,2024-12-30 05:55:23.967833
23378,0000,1214,106,2024-12-30 05:55:23.984512
48181,0000,1214,106,2024-12-30 05:55:24.000506
20368,0000,1214,106,2024-12-30 05:55:24.016496
00815,0000,1214,106,2024-12-30 05:55:24.032503
02665,0000,1214,106,2024-12-30 05:55:24.048495
00646,0000,1214,106,2024-12-30 05:55:24.064492
01340,0000,1214,106,2024-12-30 05:55:24.080487
02743,0000,1214,106,2024-12-30 05:55:24.096485
21147,0000,1214,106,2024-12-30 05:55:24.112481
43100,0000,1214,106,2024-12-30 05:55:24.144221
02876,0001,1214,106,2024-12-30 05:55:24.160487
04631,0001,1214,106,2024-12-30 05:55:24.176465
04599,0001,1214,106,2024-12-30 05:55:24.192469
39311,0000,1214,106,2024-12-30 05:55:24.208463
04378,0000,1214,106,2024-12-30 05:55:24.224468
12411,0000,1214,106,2024-12-30 05:55:24.240462
02299,0000,1214,106,2024-12-30 05:55:24.256458
66185,0000,1214,106,2024-12-30 05:55:24.272461
02878,0000,1214,106,2024-12-30 05:55:24.303884
08357,0000,1214,106,2024-12-30 05:55:24.320448
04456,0000,1214,106,2024-12-30 05:55:24.336449
00210,0000,1214,106,2024-12-30 05:55:24.352435
10182,0000,1214,106,2024-12-30 05:55:24.368436
02974,0000,1214,106,2024-12-30 05:55:24.384436
02878,0000,1214,106,2024-12-30 05:55:24.400438
00974,0000,1214,106,2024-12-30 05:55:24.416420
04111,0000,1215,106,2024-12-30 05:55:24.432429
20290,0000,1214,106,2024-12-30 05:55:24.448413
03087,0000,1214,106,2024-12-30 05:55:24.480250
29602,0000,1214,106,2024-12-30 05:55:24.496405
32353,0000,1214,106,2024-12-30 05:55:24.512410
00862,0000,1214,106,2024-12-30 05:55:24.528407
01021,0000,1214,106,2024-12-30 05:55:24.544415
34502,0000,1214,106,2024-12-30 05:55:24.560390
31481,0000,1214,106,2024-12-30 05:55:24.576396
52262,0000,1214,106,2024-12-30 05:55:24.592380
