DIST,AMP,TEMP,VOLT,Timestamp
00496,0000,1211,106,2024-12-30 05:31:50.812964
04811,0000,1212,106,2024-12-30 05:31:50.813736
25827,0000,1212,106,2024-12-30 05:31:50.814440
23402,0000,1211,106,2024-12-30 05:31:50.815181
54289,0000,1212,106,2024-12-30 05:31:50.815884
02701,0001,1211,106,2024-12-30 05:31:50.816589
04816,0000,1211,106,2024-12-30 05:31:50.817296
11751,0000,1212,106,2024-12-30 05:31:50.818001
05408,0000,1211,106,2024-12-30 05:31:50.818716
05411,0000,1212,106,2024-12-30 05:31:50.819423
23367,0001,1212,106,2024-12-30 05:31:50.820125
38518,0000,1212,106,2024-12-30 05:31:50.820830
14957,0001,1212,106,2024-12-30 05:31:50.821532
24894,0000,1212,106,2024-12-30 05:31:50.822237
00779,0000,1212,106,2024-12-30 05:31:50.822962
00761,0000,1212,106,2024-12-30 05:31:50.823696
39975,0000,1211,106,2024-12-30 05:31:50.824404
17076,0000,1211,106,2024-12-30 05:31:50.825116
31930,0000,1211,106,2024-12-30 05:31:50.825823
02409,0000,1212,106,2024-12-30 05:31:50.826544
21857,0000,1212,106,2024-12-30 05:31:50.827250
25686,0000,1212,106,2024-12-30 05:31:50.827958
09299,0001,1212,106,2024-12-30 05:31:50.828660
01816,0000,1212,106,2024-12-30 05:31:50.829362
05425,0000,1212,106,2024-12-30 05:31:50.830067
31474,0000,1212,106,2024-12-30 05:31:50.830781
16385,0000,1212,106,2024-12-30 05:31:50.831487
03854,0000,1212,106,2024-12-30 05:31:50.832189
04406,0000,1212,106,2024-12-30 05:31:50.832888
03850,0000,1212,106,2024-12-30 05:31:50.833590
28939,0001,1212,106,2024-12-30 05:31:50.834292
09279,0000,1212,106,2024-12-30 05:31:50.835003
16648,0000,1212,106,2024-12-30 05:31:50.835712
03045,0000,1212,106,2024-12-30 05:31:50.836412
00786,0000,1212,106,2024-12-30 05:31:50.837113
21417,0000,1212,106,2024-12-30 05:31:50.837813
09563,0000,1212,106,2024-12-30 05:31:50.838541
37725,0001,1212,106,2024-12-30 05:31:50.839268
28891,0000,1212,106,2024-12-30 05:31:50.839988
01350,0000,1212,106,2024-12-30 05:31:50.840736
19350,0000,1212,106,2024-12-30 05:31:50.841532
18713,0000,1212,106,2024-12-30 05:31:50.842501
10076,0000,1212,106,2024-12-30 05:31:50.843244
05042,0000,1211,106,2024-12-30 05:31:50.843949
02353,0000,1212,106,2024-12-30 05:31:50.844661
04696,0000,1212,106,2024-12-30 05:31:50.845426
01711,0000,1212,106,2024-12-30 05:31:50.846131
23884,0000,1212,106,2024-12-30 05:31:50.846858
11630,0000,1212,106,2024-12-30 05:31:50.847565
05083,0000,1212,106,2024-12-30 05:31:50.848268
02675,0001,1212,106,2024-12-30 05:31:50.848967
03773,0000,1212,106,2024-12-30 05:31:50.849667
00253,0000,1212,106,2024-12-30 05:31:50.850366
04535,0000,1212,106,2024-12-30 05:31:50.851082
04647,0000,1212,106,2024-12-30 05:31:50.851786
04143,0000,1212,106,2024-12-30 05:31:50.852484
13887,0000,1211,106,2024-12-30 05:31:50.853185
50864,0000,1212,106,2024-12-30 05:31:50.853886
02871,0000,1212,106,2024-12-30 05:31:50.854596
02119,0000,1212,106,2024-12-30 05:31:50.855298
04506,0000,1212,106,2024-12-30 05:31:50.855998
53240,0000,1212,106,2024-12-30 05:31:50.856697
00905,0000,1212,106,2024-12-30 05:31:50.857399
04685,0000,1212,106,2024-12-30 05:31:50.858103
42603,0000,1212,106,2024-12-30 05:31:50.858820
22322,0001,1212,106,2024-12-30 05:31:50.859528
05427,0001,1212,106,2024-12-30 05:31:50.860230
03419,0000,1212,106,2024-12-30 05:31:50.860932
27757,0000,1212,106,2024-12-30 05:31:50.861635
05399,0000,1212,106,2024-12-30 05:31:50.862334
51297,0000,1212,106,2024-12-30 05:31:50.863044
01456,0000,1212,106,2024-12-30 05:31:50.863736
08387,0000,1212,106,2024-12-30 05:31:50.864432
03731,0000,1212,106,2024-12-30 05:31:50.865127
00084,0000,1212,106,2024-12-30 05:31:50.865822
27323,0000,1212,106,2024-12-30 05:31:50.866527
01361,0000,1212,106,2024-12-30 05:31:50.867227
21618,0000,1212,106,2024-12-30 05:31:50.867929
21210,0000,1212,106,2024-12-30 05:31:50.868626
41665,0000,1212,106,2024-12-30 05:31:50.869322
04623,0000,1212,106,2024-12-30 05:31:50.870024
00834,0000,1212,106,2024-12-30 05:31:50.870735
09371,0000,1212,106,2024-12-30 05:31:50.871432
00919,0000,1212,106,2024-12-30 05:31:50.872127
05401,0000,1212,106,2024-12-30 05:31:50.872822
15468,0000,1212,106,2024-12-30 05:31:50.873519
-0015,2130,1212,106,2024-12-30 05:31:50.874217
-0015,2125,1212,106,2024-12-30 05:31:50.874933
-0015,2123,1212,106,2024-12-30 05:31:50.882239
-0015,2143,1212,106,2024-12-30 05:31:50.898229
-0016,2131,1212,106,2024-12-30 05:31:50.914227
-0017,2126,1212,106,2024-12-30 05:31:50.930226
-0015,2137,1212,106,2024-12-30 05:31:50.946232
-0015,2142,1212,106,2024-12-30 05:31:50.962227
-0016,2130,1212,106,2024-12-30 05:31:50.978212
-0016,2136,1211,106,2024-12-30 05:31:51.010001
-0016,2131,1212,106,2024-12-30 05:31:51.026218
-0015,2121,1212,106,2024-12-30 05:31:51.042216
-0016,2132,1212,106,2024-12-30 05:31:51.058204
-0015,2145,1212,106,2024-12-30 05:31:51.074210
-0015,2144,1212,106,2024-12-30 05:31:51.090194
-0015,2134,1212,106,2024-12-30 05:31:51.106210
-0015,2147,1212,106,2024-12-30 05:31:51.122190
-0015,2153,1212,106,2024-12-30 05:31:51.138186
-0015,2136,1212,106,2024-12-30 05:31:51.169577
-0016,2140,1212,106,2024-12-30 05:31:51.186170
-0015,2134,1212,106,2024-12-30 05:31:51.202173
-0016,2139,1212,106,2024-12-30 05:31:51.218165
-0016,2140,1212,106,2024-12-30 05:31:51.234156
-0015,2140,1212,106,2024-12-30 05:31:51.250172
-0015,2138,1212,106,2024-12-30 05:31:51.266158
-0015,2142,1212,106,2024-12-30 05:31:51.282144
-0016,2137,1212,106,2024-12-30 05:31:51.298145
-0015,2126,1212,106,2024-12-30 05:31:51.314170
-0016,2140,1212,106,2024-12-30 05:31:51.345921
-0015,2132,1212,106,2024-12-30 05:31:51.362128
-0015,2136,1212,106,2024-12-30 05:31:51.378127
-0016,2144,1212,106,2024-12-30 05:31:51.394124
-0016,2128,1212,106,2024-12-30 05:31:51.410129
-0016,2134,1212,106,2024-12-30 05:31:51.426129
-0016,2141,1212,106,2024-12-30 05:31:51.442132
-0016,2143,1212,106,2024-12-30 05:31:51.458138
-0015,2140,1212,106,2024-12-30 05:31:51.474140
-0015,2156,1212,106,2024-12-30 05:31:51.505533
-0015,2140,1212,106,2024-12-30 05:31:51.522157
-0015,2147,1212,106,2024-12-30 05:31:51.538146
-0015,2161,1212,106,2024-12-30 05:31:51.554147
-0016,2139,1212,106,2024-12-30 05:31:51.570152
-0016,2152,1212,106,2024-12-30 05:31:51.586079
-0015,2146,1212,106,2024-12-30 05:31:51.602087
-0016,2142,1212,106,2024-12-30 05:31:51.618075
-0016,2130,1212,106,2024-12-30 05:31:51.634077
-0015,2133,1212,106,2024-12-30 05:31:51.650071
-0015,2137,1212,106,2024-12-30 05:31:51.681849
-0015,2150,1212,106,2024-12-30 05:31:51.698064
-0015,2141,1212,106,2024-12-30 05:31:51.714063
-0015,2130,1212,106,2024-12-30 05:31:51.730049
-0016,2141,1212,106,2024-12-30 05:31:51.746058
-0015,2144,1212,106,2024-12-30 05:31:51.762056
-0015,2130,1212,106,2024-12-30 05:31:51.778041
-0016,2138,1212,106,2024-12-30 05:31:51.794041
-0015,2141,1212,106,2024-12-30 05:31:51.810034
-0015,2143,1212,106,2024-12-30 05:31:51.841413
-0015,2133,1212,106,2024-12-30 05:31:51.858027
-0016,2155,1212,106,2024-12-30 05:31:51.874028
-0016,2139,1212,106,2024-12-30 05:31:51.890028
-0016,2151,1212,106,2024-12-30 05:31:51.906018
-0016,2133,1212,106,2024-12-30 05:31:51.922006
-0015,2134,1212,106,2024-12-30 05:31:51.938013
-0016,2130,1212,106,2024-12-30 05:31:51.954009
-0016,2127,1212,106,2024-12-30 05:31:51.970004
-0015,2141,1212,106,2024-12-30 05:31:51.985994
-0015,2151,1212,106,2024-12-30 05:31:52.017761
-0016,2140,1212,106,2024-12-30 05:31:52.033980
-0015,2133,1212,106,2024-12-30 05:31:52.049987
-0015,2154,1212,106,2024-12-30 05:31:52.065977
-0015,2140,1212,106,2024-12-30 05:31:52.081978
-0015,2136,1212,106,2024-12-30 05:31:52.097970
-0016,2153,1212,106,2024-12-30 05:31:52.113971
-0016,2127,1212,106,2024-12-30 05:31:52.129980
-0015,2127,1212,106,2024-12-30 05:31:52.145963
-0015,2135,1212,106,2024-12-30 05:31:52.177366
-0015,2127,1212,106,2024-12-30 05:31:52.193961
-0015,2114,1212,106,2024-12-30 05:31:52.209953
-0016,2138,1212,106,2024-12-30 05:31:52.225954
-0015,2141,1212,106,2024-12-30 05:31:52.241963
-0014,2133,1212,106,2024-12-30 05:31:52.257942
-0015,2120,1212,106,2024-12-30 05:31:52.273943
-0015,2114,1212,106,2024-12-30 05:31:52.289939
-0015,2137,1213,106,2024-12-30 05:31:52.305950
-0016,2128,1212,106,2024-12-30 05:31:52.321927
-0015,2129,1212,106,2024-12-30 05:31:52.353688
-0015,2123,1212,106,2024-12-30 05:31:52.369911
-0015,2122,1212,106,2024-12-30 05:31:52.385914
-0015,2126,1212,106,2024-12-30 05:31:52.401899
-0015,2115,1212,106,2024-12-30 05:31:52.417901
-0015,2119,1212,106,2024-12-30 05:31:52.433898
-0015,2123,1212,106,2024-12-30 05:31:52.449884
-0016,2106,1212,106,2024-12-30 05:31:52.465889
-0015,2129,1212,106,2024-12-30 05:31:52.481889
-0015,2116,1212,106,2024-12-30 05:31:52.513266
-0015,2122,1212,106,2024-12-30 05:31:52.529875
-0015,2129,1213,106,2024-12-30 05:31:52.545881
-0015,2106,1212,106,2024-12-30 05:31:52.561873
-0015,2124,1212,106,2024-12-30 05:31:52.577868
-0015,2109,1212,106,2024-12-30 05:31:52.593868
-0015,2129,1212,106,2024-12-30 05:31:52.609853
-0015,2118,1212,106,2024-12-30 05:31:52.625857
-0015,2112,1212,106,2024-12-30 05:31:52.641854
-0016,2123,1212,106,2024-12-30 05:31:52.657854
-0015,2124,1212,106,2024-12-30 05:31:52.689616
-0015,2111,1212,106,2024-12-30 05:31:52.705839
-0016,2115,1212,106,2024-12-30 05:31:52.721837
-0015,2124,1212,106,2024-12-30 05:31:52.737839
-0015,2123,1212,106,2024-12-30 05:31:52.753825
-0015,2113,1212,106,2024-12-30 05:31:52.769818
-0015,2124,1212,106,2024-12-30 05:31:52.785817
-0015,2122,1212,106,2024-12-30 05:31:52.801816
-0015,2118,1212,106,2024-12-30 05:31:52.817810
-0016,2128,1213,106,2024-12-30 05:31:52.849200
-0016,2129,1212,106,2024-12-30 05:31:52.865795
-0015,2110,1212,106,2024-12-30 05:31:52.881805
-0015,2117,1212,106,2024-12-30 05:31:52.897793
-0015,2131,1213,106,2024-12-30 05:31:52.913779
-0015,2109,1212,106,2024-12-30 05:31:52.929789
-0014,2118,1212,106,2024-12-30 05:31:52.945782
-0015,2121,1212,106,2024-12-30 05:31:52.961784
-0014,2126,1212,106,2024-12-30 05:31:52.977771
-0016,2101,1212,106,2024-12-30 05:31:52.993771
-0015,2124,1212,106,2024-12-30 05:31:53.025535
-0015,2114,1212,106,2024-12-30 05:31:53.041766
-0015,2137,1213,106,2024-12-30 05:31:53.057765
-0016,2113,1212,106,2024-12-30 05:31:53.073763
-0015,2113,1212,106,2024-12-30 05:31:53.089745
-0015,2133,1213,106,2024-12-30 05:31:53.105750
-0015,2109,1212,106,2024-12-30 05:31:53.121742
-0016,2113,1212,106,2024-12-30 05:31:53.137742
-0015,2124,1212,106,2024-12-30 05:31:53.153740
-0016,2128,1212,106,2024-12-30 05:31:53.185117
-0015,2138,1212,106,2024-12-30 05:31:53.201735
-0014,2122,1212,106,2024-12-30 05:31:53.217739
-0015,2116,1213,106,2024-12-30 05:31:53.233722
-0014,2128,1212,106,2024-12-30 05:31:53.249741
-0015,2126,1212,106,2024-12-30 05:31:53.265716
-0015,2109,1212,106,2024-12-30 05:31:53.281719
-0015,2125,1212,106,2024-12-30 05:31:53.297702
-0016,2115,1212,106,2024-12-30 05:31:53.313720
-0014,2130,1212,106,2024-12-30 05:31:53.329707
-0015,2134,1212,106,2024-12-30 05:31:53.361468
-0014,2125,1212,106,2024-12-30 05:31:53.377688
-0016,2116,1212,106,2024-12-30 05:31:53.393693
-0015,2115,1212,106,2024-12-30 05:31:53.409683
-0014,2128,1212,106,2024-12-30 05:31:53.425681
-0015,2129,1212,106,2024-12-30 05:31:53.441677
-0016,2114,1212,106,2024-12-30 05:31:53.457679
-0015,2130,1212,106,2024-12-30 05:31:53.473673
-0016,2136,1212,106,2024-12-30 05:31:53.489664
-0015,2120,1212,106,2024-12-30 05:31:53.521045
-0015,2138,1212,106,2024-12-30 05:31:53.537663
-0015,2116,1212,106,2024-12-30 05:31:53.553661
-0015,2124,1212,106,2024-12-30 05:31:53.569665
-0016,2124,1212,106,2024-12-30 05:31:53.585666
-0015,2118,1213,106,2024-12-30 05:31:53.601638
-0015,2144,1212,106,2024-12-30 05:31:53.617642
-0015,2127,1212,106,2024-12-30 05:31:53.633631
-0015,2127,1212,106,2024-12-30 05:31:53.649633
-0015,2129,1212,106,2024-12-30 05:31:53.665624
-0015,2135,1212,106,2024-12-30 05:31:53.697374
-0015,2123,1213,106,2024-12-30 05:31:53.713635
-0015,2145,1212,106,2024-12-30 05:31:53.729617
-0014,2137,1212,106,2024-12-30 05:31:53.745614
-0016,2141,1212,106,2024-12-30 05:31:53.761612
-0015,2129,1213,106,2024-12-30 05:31:53.777602
-0015,2121,1213,106,2024-12-30 05:31:53.793592
-0015,2134,1212,106,2024-12-30 05:31:53.809596
-0014,2130,1212,106,2024-12-30 05:31:53.825588
-0015,2125,1213,106,2024-12-30 05:31:53.856971
-0015,2134,1212,106,2024-12-30 05:31:53.873582
-0015,2142,1213,106,2024-12-30 05:31:53.889580
-0014,2122,1212,106,2024-12-30 05:31:53.905575
-0015,2118,1213,106,2024-12-30 05:31:53.921566
-0016,2133,1212,106,2024-12-30 05:31:53.937582
-0015,2134,1213,106,2024-12-30 05:31:53.953576
-0015,2148,1212,106,2024-12-30 05:31:53.969571
-0015,2126,1212,106,2024-12-30 05:31:53.985558
-0015,2156,1212,106,2024-12-30 05:31:54.001549
-0015,2146,1212,106,2024-12-30 05:31:54.033289
-0015,2129,1212,106,2024-12-30 05:31:54.049547
-0015,2130,1213,106,2024-12-30 05:31:54.065563
-0015,2130,1213,106,2024-12-30 05:31:54.081556
-0015,2130,1213,106,2024-12-30 05:31:54.097549
-0015,2151,1212,106,2024-12-30 05:31:54.113536
-0016,2147,1212,106,2024-12-30 05:31:54.129530
-0015,2132,1213,106,2024-12-30 05:31:54.145520
-0014,2133,1213,106,2024-12-30 05:31:54.161521
-0015,2142,1213,106,2024-12-30 05:31:54.192898
-0015,2151,1213,106,2024-12-30 05:31:54.209514
-0015,2139,1213,106,2024-12-30 05:31:54.225504
-0015,2134,1212,106,2024-12-30 05:31:54.241520
-0015,2149,1212,106,2024-12-30 05:31:54.257505
-0014,2131,1212,106,2024-12-30 05:31:54.273506
-0016,2133,1212,106,2024-12-30 05:31:54.289492
-0014,2117,1213,106,2024-12-30 05:31:54.305494
-0015,2150,1213,106,2024-12-30 05:31:54.321497
-0015,2135,1212,106,2024-12-30 05:31:54.337498
-0015,2146,1213,106,2024-12-30 05:31:54.369235
-0015,2153,1213,106,2024-12-30 05:31:54.385506
-0015,2128,1212,106,2024-12-30 05:31:54.401509
-0015,2148,1213,106,2024-12-30 05:31:54.417509
-0015,2131,1212,106,2024-12-30 05:31:54.433506
-0015,2158,1213,106,2024-12-30 05:31:54.449514
-0016,2130,1213,106,2024-12-30 05:31:54.465511
-0016,2138,1212,106,2024-12-30 05:31:54.481513
-0015,2135,1213,106,2024-12-30 05:31:54.497450
-0015,2142,1212,106,2024-12-30 05:31:54.528805
-0016,2142,1212,106,2024-12-30 05:31:54.545441
-0015,2138,1212,106,2024-12-30 05:31:54.561434
-0015,2132,1212,106,2024-12-30 05:31:54.577431
-0015,2129,1213,106,2024-12-30 05:31:54.593432
-0014,2164,1213,106,2024-12-30 05:31:54.609425
-0015,2150,1213,106,2024-12-30 05:31:54.625419
-0014,2138,1213,106,2024-12-30 05:31:54.641413
-0016,2133,1212,106,2024-12-30 05:31:54.657411
-0016,2141,1212,106,2024-12-30 05:31:54.673412
-0015,2131,1212,106,2024-12-30 05:31:54.705135
-0014,2154,1213,106,2024-12-30 05:31:54.721393
-0015,2151,1212,106,2024-12-30 05:31:54.737403
-0015,2136,1213,106,2024-12-30 05:31:54.753387
-0015,2134,1213,106,2024-12-30 05:31:54.769390
-0015,2154,1212,106,2024-12-30 05:31:54.785387
-0016,2157,1213,106,2024-12-30 05:31:54.801388
-0016,2158,1213,106,2024-12-30 05:31:54.817379
-0014,2154,1213,106,2024-12-30 05:31:54.833384
-0016,2136,1213,106,2024-12-30 05:31:54.864730
-0015,2143,1213,106,2024-12-30 05:31:54.881369
-0015,2153,1213,106,2024-12-30 05:31:54.897364
-0015,2132,1213,106,2024-12-30 05:31:54.913365
-0015,2147,1213,106,2024-12-30 05:31:54.929349
-0015,2131,1213,106,2024-12-30 05:31:54.945345
-0015,2127,1213,106,2024-12-30 05:31:54.961344
-0016,2134,1213,106,2024-12-30 05:31:54.977336
-0015,2144,1213,106,2024-12-30 05:31:54.993338
-0015,2145,1213,106,2024-12-30 05:31:55.009335
-0015,2148,1213,106,2024-12-30 05:31:55.041089
-0015,2137,1212,106,2024-12-30 05:31:55.057321
-0015,2149,1213,106,2024-12-30 05:31:55.073333
-0015,2145,1212,106,2024-12-30 05:31:55.089324
-0015,2135,1213,106,2024-12-30 05:31:55.105324
-0015,2130,1213,106,2024-12-30 05:31:55.121319
-0016,2141,1212,106,2024-12-30 05:31:55.137311
-0015,2159,1213,106,2024-12-30 05:31:55.153319
-0015,2149,1212,106,2024-12-30 05:31:55.169322
-0015,2159,1213,106,2024-12-30 05:31:55.200661
-0016,2167,1213,106,2024-12-30 05:31:55.217295
-0015,2153,1212,106,2024-12-30 05:31:55.233288
-0015,2138,1212,106,2024-12-30 05:31:55.249301
-0015,2131,1213,106,2024-12-30 05:31:55.265281
-0015,2149,1213,106,2024-12-30 05:31:55.281282
-0015,2137,1213,106,2024-12-30 05:31:55.297276
-0015,2143,1213,106,2024-12-30 05:31:55.313270
-0016,2140,1212,106,2024-12-30 05:31:55.329267
-0015,2135,1213,106,2024-12-30 05:31:55.345264
-0015,2153,1212,106,2024-12-30 05:31:55.376988
-0015,2158,1213,106,2024-12-30 05:31:55.393257
-0015,2136,1212,106,2024-12-30 05:31:55.409255
-0016,2135,1212,106,2024-12-30 05:31:55.425240
-0015,2155,1213,106,2024-12-30 05:31:55.441239
-0015,2156,1212,106,2024-12-30 05:31:55.457236
-0015,2142,1213,106,2024-12-30 05:31:55.473235
-0015,2135,1212,106,2024-12-30 05:31:55.489229
-0015,2163,1212,106,2024-12-30 05:31:55.505226
-0015,2154,1212,106,2024-12-30 05:31:55.536584
-0016,2138,1213,106,2024-12-30 05:31:55.553223
-0015,2160,1212,106,2024-12-30 05:31:55.569211
-0016,2149,1212,106,2024-12-30 05:31:55.585207
-0016,2154,1213,106,2024-12-30 05:31:55.601216
-0015,2138,1212,106,2024-12-30 05:31:55.617208
-0014,2132,1213,106,2024-12-30 05:31:55.633199
-0016,2149,1213,106,2024-12-30 05:31:55.649195
-0015,2152,1213,106,2024-12-30 05:31:55.665190
-0016,2139,1213,106,2024-12-30 05:31:55.681183
-0016,2134,1213,106,2024-12-30 05:31:55.712889
-0015,2163,1213,106,2024-12-30 05:31:55.729169
-0015,2147,1213,106,2024-12-30 05:31:55.745176
-0015,2171,1213,106,2024-12-30 05:31:55.761180
-0016,2158,1213,106,2024-12-30 05:31:55.777168
-0016,2149,1213,106,2024-12-30 05:31:55.793167
-0016,2154,1213,106,2024-12-30 05:31:55.809154
-0015,2145,1213,106,2024-12-30 05:31:55.825156
-0016,2146,1213,106,2024-12-30 05:31:55.841142
-0015,2165,1213,106,2024-12-30 05:31:55.872493
-0015,2141,1213,106,2024-12-30 05:31:55.889138
-0015,2145,1213,106,2024-12-30 05:31:55.905136
-0016,2137,1213,106,2024-12-30 05:31:55.921127
-0015,2161,1213,106,2024-12-30 05:31:55.937131
-0015,2153,1213,106,2024-12-30 05:31:55.953125
-0016,2148,1213,106,2024-12-30 05:31:55.969112
-0016,2145,1212,106,2024-12-30 05:31:55.985111
-0016,2141,1213,106,2024-12-30 05:31:56.001116
-0015,2156,1213,106,2024-12-30 05:31:56.017113
-0016,2141,1213,106,2024-12-30 05:31:56.048841
-0015,2148,1212,106,2024-12-30 05:31:56.065101
-0015,2144,1213,106,2024-12-30 05:31:56.081097
-0015,2145,1212,106,2024-12-30 05:31:56.097090
-0016,2144,1213,106,2024-12-30 05:31:56.113092
-0015,2145,1213,106,2024-12-30 05:31:56.129094
-0016,2154,1213,106,2024-12-30 05:31:56.145092
-0015,2159,1213,106,2024-12-30 05:31:56.161080
-0015,2142,1213,106,2024-12-30 05:31:56.177071
-0016,2146,1213,106,2024-12-30 05:31:56.208419
-0015,2141,1212,106,2024-12-30 05:31:56.225079
-0016,2172,1213,106,2024-12-30 05:31:56.241075
-0016,2160,1213,106,2024-12-30 05:31:56.257054
-0016,2153,1213,106,2024-12-30 05:31:56.273057
-0016,2150,1213,106,2024-12-30 05:31:56.289050
-0016,2160,1213,106,2024-12-30 05:31:56.305064
-0016,2154,1213,106,2024-12-30 05:31:56.321057
-0016,2179,1213,106,2024-12-30 05:31:56.337047
-0016,2158,1212,106,2024-12-30 05:31:56.353039
-0016,2154,1212,106,2024-12-30 05:31:56.384770
-0015,2169,1213,106,2024-12-30 05:31:56.401029
-0016,2183,1213,106,2024-12-30 05:31:56.417034
-0016,2165,1213,106,2024-12-30 05:31:56.433020
-0015,2149,1213,106,2024-12-30 05:31:56.449022
-0015,2150,1212,106,2024-12-30 05:31:56.465015
-0016,2167,1213,106,2024-12-30 05:31:56.481014
-0015,2167,1213,106,2024-12-30 05:31:56.497017
-0015,2153,1213,106,2024-12-30 05:31:56.513002
-0015,2145,1213,106,2024-12-30 05:31:56.544346
-0016,2146,1213,106,2024-12-30 05:31:56.560998
-0015,2147,1213,106,2024-12-30 05:31:56.576982
-0016,2175,1213,106,2024-12-30 05:31:56.592989
-0016,2161,1213,106,2024-12-30 05:31:56.608990
-0016,2160,1213,106,2024-12-30 05:31:56.624993
-0016,2167,1213,106,2024-12-30 05:31:56.640980
-0016,2151,1213,106,2024-12-30 05:31:56.656978
-0015,2154,1213,106,2024-12-30 05:31:56.672978
-0017,2146,1213,106,2024-12-30 05:31:56.688965
-0016,2162,1213,106,2024-12-30 05:31:56.720700
-0015,2144,1213,106,2024-12-30 05:31:56.736964
-0016,2181,1213,106,2024-12-30 05:31:56.752956
-0016,2156,1213,106,2024-12-30 05:31:56.768943
-0016,2169,1213,106,2024-12-30 05:31:56.784939
-0016,2156,1212,106,2024-12-30 05:31:56.800938
-0015,2176,1212,106,2024-12-30 05:31:56.816940
-0016,2145,1213,106,2024-12-30 05:31:56.832934
-0015,2153,1213,106,2024-12-30 05:31:56.848935
-0016,2173,1213,106,2024-12-30 05:31:56.880273
-0015,2154,1213,106,2024-12-30 05:31:56.896925
-0015,2179,1212,106,2024-12-30 05:31:56.912909
-0016,2155,1213,106,2024-12-30 05:31:56.928913
-0016,2168,1212,106,2024-12-30 05:31:56.944910
-0016,2160,1213,106,2024-12-30 05:31:56.960910
-0016,2177,1213,106,2024-12-30 05:31:56.976908
-0015,2154,1213,106,2024-12-30 05:31:56.992894
-0016,2165,1212,106,2024-12-30 05:31:57.008895
-0015,2158,1213,106,2024-12-30 05:31:57.024884
-0015,2182,1212,106,2024-12-30 05:31:57.056579
-0015,2172,1213,106,2024-12-30 05:31:57.072889
-0015,2151,1213,106,2024-12-30 05:31:57.088882
-0016,2178,1213,106,2024-12-30 05:31:57.104879
-0016,2149,1213,106,2024-12-30 05:31:57.120872
-0016,2175,1213,106,2024-12-30 05:31:57.136862
-0016,2158,1213,106,2024-12-30 05:31:57.152866
-0015,2159,1212,106,2024-12-30 05:31:57.168857
-0016,2162,1212,106,2024-12-30 05:31:57.184858
-0017,2157,1213,106,2024-12-30 05:31:57.216185
-0016,2158,1213,106,2024-12-30 05:31:57.232869
-0015,2161,1213,106,2024-12-30 05:31:57.248875
-0015,2172,1212,106,2024-12-30 05:31:57.264865
-0016,2171,1213,106,2024-12-30 05:31:57.280871
-0015,2160,1213,106,2024-12-30 05:31:57.296864
-0016,2154,1213,106,2024-12-30 05:31:57.312876
-0016,2167,1213,106,2024-12-30 05:31:57.328876
-0016,2155,1212,106,2024-12-30 05:31:57.344877
-0016,2154,1213,106,2024-12-30 05:31:57.360872
-0015,2154,1213,106,2024-12-30 05:31:57.392560
-0016,2166,1213,106,2024-12-30 05:31:57.408878
-0016,2154,1212,106,2024-12-30 05:31:57.424806
-0015,2164,1212,106,2024-12-30 05:31:57.440796
-0014,2182,1212,106,2024-12-30 05:31:57.456797
-0015,2180,1213,106,2024-12-30 05:31:57.472792
-0016,2162,1213,106,2024-12-30 05:31:57.488791
-0015,2168,1213,106,2024-12-30 05:31:57.504783
-0015,2185,1213,106,2024-12-30 05:31:57.520787
-0016,2164,1213,106,2024-12-30 05:31:57.552116
-0016,2154,1212,106,2024-12-30 05:31:57.568776
-0015,2160,1212,106,2024-12-30 05:31:57.584779
-0016,2176,1213,106,2024-12-30 05:31:57.600783
-0015,2178,1213,106,2024-12-30 05:31:57.616765
-0017,2160,1213,106,2024-12-30 05:31:57.632765
-0016,2166,1213,106,2024-12-30 05:31:57.648755
-0016,2159,1212,106,2024-12-30 05:31:57.664751
-0016,2155,1212,106,2024-12-30 05:31:57.680748
-0015,2157,1213,106,2024-12-30 05:31:57.696745
-0016,2153,1212,106,2024-12-30 05:31:57.728454
-0015,2178,1212,106,2024-12-30 05:31:57.744744
-0015,2176,1212,106,2024-12-30 05:31:57.760733
-0016,2172,1213,106,2024-12-30 05:31:57.776725
-0016,2159,1213,106,2024-12-30 05:31:57.792722
-0016,2167,1213,106,2024-12-30 05:31:57.808721
-0015,2150,1212,106,2024-12-30 05:31:57.824722
-0016,2167,1212,106,2024-12-30 05:31:57.840715
-0016,2172,1213,106,2024-12-30 05:31:57.856718
-0016,2150,1212,106,2024-12-30 05:31:57.888042
-0015,2171,1213,106,2024-12-30 05:31:57.904705
-0016,2190,1213,106,2024-12-30 05:31:57.920704
-0016,2173,1212,106,2024-12-30 05:31:57.936697
-0016,2183,1213,106,2024-12-30 05:31:57.952701
-0016,2157,1213,106,2024-12-30 05:31:57.968699
-0016,2158,1213,106,2024-12-30 05:31:57.984693
-0016,2154,1213,106,2024-12-30 05:31:58.000674
-0015,2166,1212,106,2024-12-30 05:31:58.016680
-0016,2169,1213,106,2024-12-30 05:31:58.032669
-0016,2144,1213,106,2024-12-30 05:31:58.064386
-0016,2144,1213,106,2024-12-30 05:31:58.080675
-0016,2144,1212,106,2024-12-30 05:31:58.096663
-0016,2152,1212,106,2024-12-30 05:31:58.112667
-0015,2158,1212,106,2024-12-30 05:31:58.128650
-0015,2149,1213,106,2024-12-30 05:31:58.144643
-0016,2166,1213,106,2024-12-30 05:31:58.160646
-0016,2144,1212,106,2024-12-30 05:31:58.176639
-0016,2150,1213,106,2024-12-30 05:31:58.192642
-0016,2157,1212,106,2024-12-30 05:31:58.223950
-0016,2149,1212,106,2024-12-30 05:31:58.240653
-0016,2176,1212,106,2024-12-30 05:31:58.256622
-0015,2149,1213,106,2024-12-30 05:31:58.272625
-0016,2146,1212,106,2024-12-30 05:31:58.288614
-0016,2152,1212,106,2024-12-30 05:31:58.304621
-0015,2149,1212,106,2024-12-30 05:31:58.320622
-0015,2172,1212,106,2024-12-30 05:31:58.336604
-0015,2147,1212,106,2024-12-30 05:31:58.352603
-0015,2163,1213,106,2024-12-30 05:31:58.368599
-0016,2168,1213,106,2024-12-30 05:31:58.400282
-0016,2157,1212,106,2024-12-30 05:31:58.416594
-0015,2163,1212,106,2024-12-30 05:31:58.432589
-0015,2181,1213,106,2024-12-30 05:31:58.448588
-0016,2172,1213,106,2024-12-30 05:31:58.464581
-0016,2167,1212,106,2024-12-30 05:31:58.480571
-0016,2171,1213,106,2024-12-30 05:31:58.496573
-0016,2153,1212,106,2024-12-30 05:31:58.512565
-0016,2161,1213,106,2024-12-30 05:31:58.528564
-0016,2147,1212,106,2024-12-30 05:31:58.559876
-0016,2146,1212,106,2024-12-30 05:31:58.576557
-0015,2159,1212,106,2024-12-30 05:31:58.592555
-0016,2138,1212,106,2024-12-30 05:31:58.608549
-0016,2152,1212,106,2024-12-30 05:31:58.624536
-0016,2170,1212,106,2024-12-30 05:31:58.640539
-0016,2154,1212,106,2024-12-30 05:31:58.656532
-0016,2154,1212,106,2024-12-30 05:31:58.672534
-0016,2158,1212,106,2024-12-30 05:31:58.688545
-0016,2167,1212,106,2024-12-30 05:31:58.704541
-0016,2162,1213,106,2024-12-30 05:31:58.736215
-0016,2155,1212,106,2024-12-30 05:31:58.752528
-0016,2152,1212,106,2024-12-30 05:31:58.768510
-0015,2150,1212,106,2024-12-30 05:31:58.784509
-0016,2166,1212,106,2024-12-30 05:31:58.800511
-0016,2146,1212,106,2024-12-30 05:31:58.816515
-0016,2174,1212,106,2024-12-30 05:31:58.832495
-0016,2149,1212,106,2024-12-30 05:31:58.848490
-0015,2171,1212,106,2024-12-30 05:31:58.864491
-0016,2149,1212,106,2024-12-30 05:31:58.895821
-0015,2152,1213,106,2024-12-30 05:31:58.912476
-0016,2167,1213,106,2024-12-30 05:31:58.928478
-0016,2160,1212,106,2024-12-30 05:31:58.944474
-0015,2164,1212,106,2024-12-30 05:31:58.960462
-0016,2173,1212,106,2024-12-30 05:31:58.976462
-0016,2147,1212,106,2024-12-30 05:31:58.992456
-0016,2153,1212,106,2024-12-30 05:31:59.008465
-0015,2163,1212,106,2024-12-30 05:31:59.024454
-0016,2146,1213,106,2024-12-30 05:31:59.040450
-0016,2161,1212,106,2024-12-30 05:31:59.072144
-0016,2164,1212,106,2024-12-30 05:31:59.088458
-0016,2172,1212,106,2024-12-30 05:31:59.104447
-0016,2155,1212,106,2024-12-30 05:31:59.120437
-0015,2145,1212,106,2024-12-30 05:31:59.136434
-0015,2168,1212,106,2024-12-30 05:31:59.152427
-0016,2146,1212,106,2024-12-30 05:31:59.168431
-0017,2143,1213,106,2024-12-30 05:31:59.184416
-0016,2159,1212,106,2024-12-30 05:31:59.200427
-0016,2161,1213,106,2024-12-30 05:31:59.231729
-0016,2168,1212,106,2024-12-30 05:31:59.248427
-0016,2154,1212,106,2024-12-30 05:31:59.264415
-0017,2159,1212,106,2024-12-30 05:31:59.280410
-0016,2149,1213,106,2024-12-30 05:31:59.296401
-0016,2160,1212,106,2024-12-30 05:31:59.312397
-0016,2170,1213,106,2024-12-30 05:31:59.328384
-0016,2160,1212,106,2024-12-30 05:31:59.344386
-0016,2174,1212,106,2024-12-30 05:31:59.360377
-0016,2166,1212,106,2024-12-30 05:31:59.376380
-0016,2176,1212,106,2024-12-30 05:31:59.408065
-0016,2138,1212,106,2024-12-30 05:31:59.424380
-0016,2155,1212,106,2024-12-30 05:31:59.440364
-0015,2159,1212,106,2024-12-30 05:31:59.456364
-0016,2156,1213,106,2024-12-30 05:31:59.472355
-0016,2141,1212,106,2024-12-30 05:31:59.488358
-0015,2152,1213,106,2024-12-30 05:31:59.504350
-0015,2167,1212,106,2024-12-30 05:31:59.520345
-0016,2167,1212,106,2024-12-30 05:31:59.536344
-0016,2141,1212,106,2024-12-30 05:31:59.552337
-0016,2157,1212,106,2024-12-30 05:31:59.584332
-0015,2166,1212,106,2024-12-30 05:31:59.600335
-0015,2149,1213,106,2024-12-30 05:31:59.616322
-0016,2147,1212,106,2024-12-30 05:31:59.632317
-0016,2142,1213,106,2024-12-30 05:31:59.648318
-0015,2155,1213,106,2024-12-30 05:31:59.664308
-0015,2171,1212,106,2024-12-30 05:31:59.680316
-0016,2157,1212,106,2024-12-30 05:31:59.696305
-0015,2147,1213,106,2024-12-30 05:31:59.712308
-0015,2153,1212,106,2024-12-30 05:31:59.743991
-0016,2146,1212,106,2024-12-30 05:31:59.760294
-0016,2174,1212,106,2024-12-30 05:31:59.776302
-0015,2159,1213,106,2024-12-30 05:31:59.792297
-0016,2143,1213,106,2024-12-30 05:31:59.808286
-0016,2149,1212,106,2024-12-30 05:31:59.824285
-0016,2152,1212,106,2024-12-30 05:31:59.840272
-0017,2139,1212,106,2024-12-30 05:31:59.856281
-0016,2155,1212,106,2024-12-30 05:31:59.872263
-0015,2169,1212,106,2024-12-30 05:31:59.903581
-0015,2165,1212,106,2024-12-30 05:31:59.920251
-0016,2162,1212,106,2024-12-30 05:31:59.936261
-0015,2157,1212,106,2024-12-30 05:31:59.952255
-0016,2157,1213,106,2024-12-30 05:31:59.968258
-0016,2158,1212,106,2024-12-30 05:31:59.984247
-0015,2153,1212,106,2024-12-30 05:32:00.000239
-0015,2162,1212,106,2024-12-30 05:32:00.016240
-0016,2157,1212,106,2024-12-30 05:32:00.032234
-0016,2142,1212,106,2024-12-30 05:32:00.048235
-0016,2144,1212,106,2024-12-30 05:32:00.079908
-0015,2143,1212,106,2024-12-30 05:32:00.096217
-0016,2162,1212,106,2024-12-30 05:32:00.112205
-0015,2163,1212,106,2024-12-30 05:32:00.128213
-0016,2141,1212,106,2024-12-30 05:32:00.144219
-0015,2165,1212,106,2024-12-30 05:32:00.160217
-0015,2145,1212,106,2024-12-30 05:32:00.176215
-0016,2141,1212,106,2024-12-30 05:32:00.192216
-0016,2146,1212,106,2024-12-30 05:32:00.208221
-0016,2142,1212,106,2024-12-30 05:32:00.224226
-0016,2135,1212,106,2024-12-30 05:32:00.256320
-0016,2145,1212,106,2024-12-30 05:32:00.272239
-0016,2130,1212,106,2024-12-30 05:32:00.288238
-0015,2151,1212,106,2024-12-30 05:32:00.304248
-0016,2137,1213,106,2024-12-30 05:32:00.320243
-0016,2149,1212,106,2024-12-30 05:32:00.336164
-0015,2156,1212,106,2024-12-30 05:32:00.352166
-0015,2150,1212,106,2024-12-30 05:32:00.368152
-0016,2143,1212,106,2024-12-30 05:32:00.384153
-0016,2148,1212,106,2024-12-30 05:32:00.415813
-0015,2165,1212,106,2024-12-30 05:32:00.432150
-0016,2145,1212,106,2024-12-30 05:32:00.448143
-0016,2156,1212,106,2024-12-30 05:32:00.464133
-0016,2157,1213,106,2024-12-30 05:32:00.480134
-0015,2142,1212,106,2024-12-30 05:32:00.496141
-0015,2158,1212,106,2024-12-30 05:32:00.512121
-0016,2173,1212,106,2024-12-30 05:32:00.528124
-0015,2145,1212,106,2024-12-30 05:32:00.544115
-0015,2148,1212,106,2024-12-30 05:32:00.575425
-0015,2149,1213,106,2024-12-30 05:32:00.592111
-0016,2132,1212,106,2024-12-30 05:32:00.608114
-0015,2154,1212,106,2024-12-30 05:32:00.624096
-0015,2136,1212,106,2024-12-30 05:32:00.640099
-0015,2150,1212,106,2024-12-30 05:32:00.656089
-0015,2152,1212,106,2024-12-30 05:32:00.672088
-0016,2132,1212,106,2024-12-30 05:32:00.688081
-0016,2135,1212,106,2024-12-30 05:32:00.704090
-0015,2135,1212,106,2024-12-30 05:32:00.720084
-0016,2163,1212,106,2024-12-30 05:32:00.751745
-0016,2141,1212,106,2024-12-30 05:32:00.768068
-0015,2140,1212,106,2024-12-30 05:32:00.784063
-0015,2153,1212,106,2024-12-30 05:32:00.800053
-0016,2134,1212,106,2024-12-30 05:32:00.816059
-0015,2139,1212,106,2024-12-30 05:32:00.832050
-0016,2143,1212,106,2024-12-30 05:32:00.848057
-0016,2145,1212,106,2024-12-30 05:32:00.864061
-0016,2157,1212,106,2024-12-30 05:32:00.880042
-0015,2133,1213,106,2024-12-30 05:32:00.896049
-0015,2149,1212,106,2024-12-30 05:32:00.928035
-0015,2146,1212,106,2024-12-30 05:32:00.944025
-0016,2134,1212,106,2024-12-30 05:32:00.960031
-0016,2149,1212,106,2024-12-30 05:32:00.976031
-0015,2153,1212,106,2024-12-30 05:32:00.992020
-0016,2149,1212,106,2024-12-30 05:32:01.008017
-0016,2145,1212,106,2024-12-30 05:32:01.024015
-0016,2138,1212,106,2024-12-30 05:32:01.040007
-0015,2150,1212,106,2024-12-30 05:32:01.056011
-0015,2139,1212,106,2024-12-30 05:32:01.087668
-0016,2131,1212,106,2024-12-30 05:32:01.103998
-0015,2153,1212,106,2024-12-30 05:32:01.119997
-0016,2132,1212,106,2024-12-30 05:32:01.135990
-0016,2137,1212,106,2024-12-30 05:32:01.151992
-0015,2142,1212,106,2024-12-30 05:32:01.167985
-0016,2133,1212,106,2024-12-30 05:32:01.183983
-0015,2140,1212,106,2024-12-30 05:32:01.199981
-0015,2149,1212,106,2024-12-30 05:32:01.215982
-0015,2135,1212,106,2024-12-30 05:32:01.231969
-0016,2135,1212,106,2024-12-30 05:32:01.263968
-0016,2126,1212,106,2024-12-30 05:32:01.279961
-0015,2139,1212,106,2024-12-30 05:32:01.295949
-0016,2129,1212,106,2024-12-30 05:32:01.311963
-0015,2146,1212,106,2024-12-30 05:32:01.327953
-0015,2140,1212,106,2024-12-30 05:32:01.343953
-0016,2129,1212,106,2024-12-30 05:32:01.359942
-0016,2138,1212,106,2024-12-30 05:32:01.375944
-0015,2139,1212,106,2024-12-30 05:32:01.391928
-0016,2153,1212,106,2024-12-30 05:32:01.423592
-0016,2128,1212,106,2024-12-30 05:32:01.439922
-0015,2133,1212,106,2024-12-30 05:32:01.455926
-0015,2150,1212,106,2024-12-30 05:32:01.471918
-0016,2131,1212,106,2024-12-30 05:32:01.487911
-0015,2142,1212,106,2024-12-30 05:32:01.503913
-0015,2143,1212,106,2024-12-30 05:32:01.519904
-0015,2129,1212,106,2024-12-30 05:32:01.535903
-0015,2130,1212,106,2024-12-30 05:32:01.551896
-0015,2140,1212,106,2024-12-30 05:32:01.567896
-0015,2139,1212,106,2024-12-30 05:32:01.599874
-0016,2141,1212,106,2024-12-30 05:32:01.615883
-0016,2146,1212,106,2024-12-30 05:32:01.631875
-0016,2122,1212,106,2024-12-30 05:32:01.647880
-0015,2138,1212,106,2024-12-30 05:32:01.663870
-0016,2148,1212,106,2024-12-30 05:32:01.679874
-0016,2133,1212,106,2024-12-30 05:32:01.695875
-0015,2144,1212,106,2024-12-30 05:32:01.711868
-0016,2140,1212,106,2024-12-30 05:32:01.727862
-0016,2140,1212,106,2024-12-30 05:32:01.759505
-0016,2133,1212,106,2024-12-30 05:32:01.775847
-0016,2128,1212,106,2024-12-30 05:32:01.791853
-0016,2145,1212,106,2024-12-30 05:32:01.807844
-0016,2153,1212,106,2024-12-30 05:32:01.823838
-0016,2117,1212,106,2024-12-30 05:32:01.839828
-0016,2142,1212,106,2024-12-30 05:32:01.855821
-0016,2122,1212,106,2024-12-30 05:32:01.871820
-0016,2128,1212,106,2024-12-30 05:32:01.887812
-0015,2144,1212,106,2024-12-30 05:32:01.903821
-0015,2144,1212,106,2024-12-30 05:32:01.935821
-0015,2153,1212,106,2024-12-30 05:32:01.951824
-0016,2111,1212,106,2024-12-30 05:32:01.967804
-0015,2147,1212,106,2024-12-30 05:32:01.983799
-0015,2126,1212,106,2024-12-30 05:32:01.999793
-0015,2134,1212,106,2024-12-30 05:32:02.015791
-0015,2151,1212,106,2024-12-30 05:32:02.031787
-0015,2125,1212,106,2024-12-30 05:32:02.047782
-0015,2120,1212,106,2024-12-30 05:32:02.063784
-0015,2126,1212,106,2024-12-30 05:32:02.095430
-0016,2119,1212,106,2024-12-30 05:32:02.111766
-0015,2130,1212,106,2024-12-30 05:32:02.127768
-0015,2133,1212,106,2024-12-30 05:32:02.143766
-0015,2149,1212,106,2024-12-30 05:32:02.159766
-0015,2126,1212,106,2024-12-30 05:32:02.175750
-0015,2128,1212,106,2024-12-30 05:32:02.191751
-0015,2120,1212,106,2024-12-30 05:32:02.207754
-0016,2147,1212,106,2024-12-30 05:32:02.223739
-0016,2132,1212,106,2024-12-30 05:32:02.239761
-0015,2123,1212,106,2024-12-30 05:32:02.271742
-0015,2130,1212,106,2024-12-30 05:32:02.287732
-0015,2148,1212,106,2024-12-30 05:32:02.303738
-0015,2137,1212,106,2024-12-30 05:32:02.319732
-0016,2122,1212,106,2024-12-30 05:32:02.335717
-0015,2140,1212,106,2024-12-30 05:32:02.351721
-0015,2141,1212,106,2024-12-30 05:32:02.367714
-0015,2153,1212,106,2024-12-30 05:32:02.383701
-0015,2133,1212,106,2024-12-30 05:32:02.399708
-0014,2139,1212,106,2024-12-30 05:32:02.431369
-0016,2127,1212,106,2024-12-30 05:32:02.447693
-0016,2129,1212,106,2024-12-30 05:32:02.463698
-0015,2117,1212,106,2024-12-30 05:32:02.479690
-0016,2120,1212,106,2024-12-30 05:32:02.495685
-0015,2150,1212,106,2024-12-30 05:32:02.511687
-0016,2148,1212,106,2024-12-30 05:32:02.527678
-0015,2142,1212,106,2024-12-30 05:32:02.543687
-0015,2134,1212,106,2024-12-30 05:32:02.559683
-0016,2133,1212,106,2024-12-30 05:32:02.575671
-0015,2142,1212,106,2024-12-30 05:32:02.607668
-0016,2124,1212,106,2024-12-30 05:32:02.623666
-0015,2121,1212,106,2024-12-30 05:32:02.639658
-0015,2141,1212,106,2024-12-30 05:32:02.655654
-0016,2140,1212,106,2024-12-30 05:32:02.671654
-0015,2131,1212,106,2024-12-30 05:32:02.687667
-0015,2133,1212,106,2024-12-30 05:32:02.703643
-0015,2136,1212,106,2024-12-30 05:32:02.719645
-0016,2143,1212,106,2024-12-30 05:32:02.735637
-0015,2132,1212,106,2024-12-30 05:32:02.767293
-0015,2144,1212,106,2024-12-30 05:32:02.783638
-0015,2121,1211,106,2024-12-30 05:32:02.799627
-0015,2145,1212,106,2024-12-30 05:32:02.815624
-0015,2145,1212,106,2024-12-30 05:32:02.831621
-0015,2139,1212,106,2024-12-30 05:32:02.847614
-0015,2139,1212,106,2024-12-30 05:32:02.863612
-0015,2127,1212,106,2024-12-30 05:32:02.879606
-0016,2117,1212,106,2024-12-30 05:32:02.895613
-0015,2133,1212,106,2024-12-30 05:32:02.911594
-0015,2140,1212,106,2024-12-30 05:32:02.943599
-0015,2145,1212,106,2024-12-30 05:32:02.959582
-0015,2139,1211,106,2024-12-30 05:32:02.975856
-0015,2142,1212,106,2024-12-30 05:32:02.991594
-0015,2124,1212,106,2024-12-30 05:32:03.007588
-0015,2136,1212,106,2024-12-30 05:32:03.023580
-0016,2144,1211,106,2024-12-30 05:32:03.039576
-0015,2129,1212,106,2024-12-30 05:32:03.055578
-0015,2149,1212,106,2024-12-30 05:32:03.071580
-0016,2142,1212,106,2024-12-30 05:32:03.103199
-0015,2125,1212,106,2024-12-30 05:32:03.119586
-0015,2143,1212,106,2024-12-30 05:32:03.135583
-0016,2139,1212,106,2024-12-30 05:32:03.151583
-0016,2141,1211,106,2024-12-30 05:32:03.167583
-0016,2131,1212,106,2024-12-30 05:32:03.183590
-0016,2144,1212,106,2024-12-30 05:32:03.199596
-0015,2122,1212,106,2024-12-30 05:32:03.215593
-0015,2142,1212,106,2024-12-30 05:32:03.231525
-0015,2131,1212,106,2024-12-30 05:32:03.247537
-0016,2123,1212,106,2024-12-30 05:32:03.279525
-0016,2122,1212,106,2024-12-30 05:32:03.295509
-0015,2126,1212,106,2024-12-30 05:32:03.311517
-0015,2121,1212,106,2024-12-30 05:32:03.327510
-0015,2139,1212,106,2024-12-30 05:32:03.343508
-0015,2121,1211,106,2024-12-30 05:32:03.359500
-0016,2136,1211,106,2024-12-30 05:32:03.375490
-0016,2129,1212,106,2024-12-30 05:32:03.391495
-0015,2132,1212,106,2024-12-30 05:32:03.407499
-0015,2116,1212,106,2024-12-30 05:32:03.439115
-0015,2139,1212,106,2024-12-30 05:32:03.455486
-0016,2138,1212,106,2024-12-30 05:32:03.471483
-0015,2127,1211,106,2024-12-30 05:32:03.487478
-0015,2148,1212,106,2024-12-30 05:32:03.503471
-0016,2128,1211,106,2024-12-30 05:32:03.519473
-0016,2126,1212,106,2024-12-30 05:32:03.535468
-0015,2138,1211,106,2024-12-30 05:32:03.551461
-0015,2122,1212,106,2024-12-30 05:32:03.567461
-0015,2145,1211,106,2024-12-30 05:32:03.583455
-0016,2132,1211,106,2024-12-30 05:32:03.615450
-0016,2128,1212,106,2024-12-30 05:32:03.631446
-0015,2117,1212,106,2024-12-30 05:32:03.647440
-0016,2119,1212,106,2024-12-30 05:32:03.663429
-0015,2130,1211,106,2024-12-30 05:32:03.679439
-0015,2146,1211,106,2024-12-30 05:32:03.695427
-0016,2141,1212,106,2024-12-30 05:32:03.711431
-0016,2139,1212,106,2024-12-30 05:32:03.727421
-0015,2137,1212,106,2024-12-30 05:32:03.743428
-0015,2143,1211,106,2024-12-30 05:32:03.775046
-0016,2140,1211,106,2024-12-30 05:32:03.791416
-0015,2139,1212,106,2024-12-30 05:32:03.807406
-0015,2131,1211,106,2024-12-30 05:32:03.823404
-0015,2138,1211,106,2024-12-30 05:32:03.839401
-0016,2143,1211,106,2024-12-30 05:32:03.855387
-0015,2126,1212,106,2024-12-30 05:32:03.871386
-0015,2136,1211,106,2024-12-30 05:32:03.887383
-0015,2130,1212,106,2024-12-30 05:32:03.903390
-0015,2133,1212,106,2024-12-30 05:32:03.919379
-0015,2133,1212,106,2024-12-30 05:32:03.951373
-0015,2136,1212,106,2024-12-30 05:32:03.967374
-0015,2124,1211,106,2024-12-30 05:32:03.983365
-0015,2137,1212,106,2024-12-30 05:32:03.999364
-0015,2140,1212,106,2024-12-30 05:32:04.015356
-0015,2125,1211,106,2024-12-30 05:32:04.031351
-0015,2129,1211,106,2024-12-30 05:32:04.047359
-0016,2141,1212,106,2024-12-30 05:32:04.063345
-0016,2122,1212,106,2024-12-30 05:32:04.079350
-0015,2121,1211,106,2024-12-30 05:32:04.110974
-0015,2127,1212,106,2024-12-30 05:32:04.127339
-0015,2124,1211,106,2024-12-30 05:32:04.143338
-0015,2135,1211,106,2024-12-30 05:32:04.159336
-0015,2120,1211,106,2024-12-30 05:32:04.175322
-0015,2131,1211,106,2024-12-30 05:32:04.191332
-0016,2138,1211,106,2024-12-30 05:32:04.207324
-0016,2123,1211,106,2024-12-30 05:32:04.223308
-0015,2134,1212,106,2024-12-30 05:32:04.239319
-0016,2152,1211,106,2024-12-30 05:32:04.255312
-0014,2145,1211,106,2024-12-30 05:32:04.287300
-0015,2126,1211,106,2024-12-30 05:32:04.303319
-0015,2120,1211,106,2024-12-30 05:32:04.319293
-0015,2135,1211,106,2024-12-30 05:32:04.335287
-0016,2132,1211,106,2024-12-30 05:32:04.351290
-0015,2126,1211,106,2024-12-30 05:32:04.367284
-0016,2121,1211,106,2024-12-30 05:32:04.383280
-0015,2140,1211,106,2024-12-30 05:32:04.399276
-0015,2129,1211,106,2024-12-30 05:32:04.415284
-0015,2123,1211,106,2024-12-30 05:32:04.446903
-0015,2129,1211,106,2024-12-30 05:32:04.463263
-0015,2133,1211,106,2024-12-30 05:32:04.479258
-0015,2128,1211,106,2024-12-30 05:32:04.495261
-0015,2120,1211,106,2024-12-30 05:32:04.511271
-0015,2145,1211,106,2024-12-30 05:32:04.527257
-0016,2124,1211,106,2024-12-30 05:32:04.543242
-0015,2122,1211,106,2024-12-30 05:32:04.559241
-0015,2144,1211,106,2024-12-30 05:32:04.575239
-0016,2122,1211,106,2024-12-30 05:32:04.591227
-0015,2123,1211,106,2024-12-30 05:32:04.623227
-0015,2133,1211,106,2024-12-30 05:32:04.639231
-0015,2125,1211,106,2024-12-30 05:32:04.655217
-0016,2127,1211,106,2024-12-30 05:32:04.671211
-0015,2132,1211,106,2024-12-30 05:32:04.687221
-0016,2141,1211,106,2024-12-30 05:32:04.703212
-0016,2122,1211,106,2024-12-30 05:32:04.719212
-0015,2129,1211,106,2024-12-30 05:32:04.735208
-0015,2129,1212,106,2024-12-30 05:32:04.751198
-0016,2133,1211,106,2024-12-30 05:32:04.782816
-0016,2134,1211,106,2024-12-30 05:32:04.799196
-0016,2128,1211,106,2024-12-30 05:32:04.815179
-0015,2133,1211,106,2024-12-30 05:32:04.831180
-0015,2120,1211,106,2024-12-30 05:32:04.847174
-0016,2139,1211,106,2024-12-30 05:32:04.863176
-0015,2137,1211,106,2024-12-30 05:32:04.879177
-0015,2122,1211,106,2024-12-30 05:32:04.895161
-0015,2141,1211,106,2024-12-30 05:32:04.911158
-0015,2141,1211,106,2024-12-30 05:32:04.927153
-0015,2137,1211,106,2024-12-30 05:32:04.959153
-0016,2125,1211,106,2024-12-30 05:32:04.975145
-0016,2134,1211,106,2024-12-30 05:32:04.991155
-0015,2136,1211,106,2024-12-30 05:32:05.007140
-0015,2117,1211,106,2024-12-30 05:32:05.023142
-0016,2145,1211,106,2024-12-30 05:32:05.039137
-0015,2130,1211,106,2024-12-30 05:32:05.055134
-0015,2136,1211,106,2024-12-30 05:32:05.071124
-0015,2124,1211,106,2024-12-30 05:32:05.087139
-0015,2113,1211,106,2024-12-30 05:32:05.118753
-0015,2122,1211,106,2024-12-30 05:32:05.135117
-0015,2124,1211,106,2024-12-30 05:32:05.151109
-0015,2128,1211,106,2024-12-30 05:32:05.167110
-0015,2132,1211,106,2024-12-30 05:32:05.183113
-0015,2131,1211,106,2024-12-30 05:32:05.199104
-0016,2128,1211,106,2024-12-30 05:32:05.215098
-0016,2124,1211,106,2024-12-30 05:32:05.231100
-0015,2119,1211,106,2024-12-30 05:32:05.247118
-0015,2117,1211,106,2024-12-30 05:32:05.263114
-0016,2131,1211,106,2024-12-30 05:32:05.295085
-0015,2117,1211,106,2024-12-30 05:32:05.311094
-0016,2136,1211,106,2024-12-30 05:32:05.327078
-0015,2130,1211,106,2024-12-30 05:32:05.343082
-0016,2135,1211,106,2024-12-30 05:32:05.359081
-0016,2120,1211,106,2024-12-30 05:32:05.375077
-0015,2120,1211,106,2024-12-30 05:32:05.391072
-0015,2126,1211,106,2024-12-30 05:32:05.407067
-0015,2117,1211,106,2024-12-30 05:32:05.423065
-0016,2123,1211,106,2024-12-30 05:32:05.454683
-0015,2143,1211,106,2024-12-30 05:32:05.471053
-0015,2122,1211,106,2024-12-30 05:32:05.487053
-0016,2138,1211,106,2024-12-30 05:32:05.503053
-0015,2141,1211,106,2024-12-30 05:32:05.519036
-0015,2125,1211,106,2024-12-30 05:32:05.535039
-0015,2117,1211,106,2024-12-30 05:32:05.551026
-0015,2129,1211,106,2024-12-30 05:32:05.567033
-0016,2124,1211,106,2024-12-30 05:32:05.583025
-0016,2116,1211,106,2024-12-30 05:32:05.599021
-0015,2119,1211,106,2024-12-30 05:32:05.631007
-0016,2125,1211,106,2024-12-30 05:32:05.647008
-0015,2119,1211,106,2024-12-30 05:32:05.663006
-0015,2128,1211,106,2024-12-30 05:32:05.679007
-0015,2119,1211,106,2024-12-30 05:32:05.694998
-0015,2139,1211,106,2024-12-30 05:32:05.711004
-0015,2131,1211,106,2024-12-30 05:32:05.727004
-0015,2128,1211,106,2024-12-30 05:32:05.742996
-0015,2120,1211,106,2024-12-30 05:32:05.758985
-0016,2139,1211,106,2024-12-30 05:32:05.790635
-0016,2116,1211,106,2024-12-30 05:32:05.806971
-0015,2134,1211,106,2024-12-30 05:32:05.822973
-0015,2122,1211,106,2024-12-30 05:32:05.838961
-0016,2126,1211,106,2024-12-30 05:32:05.854972
-0016,2132,1211,106,2024-12-30 05:32:05.870963
-0015,2123,1211,106,2024-12-30 05:32:05.886969
-0017,2139,1211,106,2024-12-30 05:32:05.902955
-0015,2120,1211,106,2024-12-30 05:32:05.918959
-0015,2130,1211,106,2024-12-30 05:32:05.934949
-0016,2130,1211,106,2024-12-30 05:32:05.966948
-0016,2120,1211,106,2024-12-30 05:32:05.982953
-0016,2135,1211,106,2024-12-30 05:32:05.998948
-0015,2133,1211,106,2024-12-30 05:32:06.014950
-0015,2138,1211,106,2024-12-30 05:32:06.030950
-0015,2141,1211,106,2024-12-30 05:32:06.046952
-0015,2128,1211,106,2024-12-30 05:32:06.062960
-0015,2133,1211,106,2024-12-30 05:32:06.078966
-0015,2141,1211,106,2024-12-30 05:32:06.094965
-0015,2127,1211,106,2024-12-30 05:32:06.126581
-0016,2127,1211,106,2024-12-30 05:32:06.142972
-0014,2122,1211,106,2024-12-30 05:32:06.158965
-0016,2126,1211,106,2024-12-30 05:32:06.174944
-0015,2124,1211,106,2024-12-30 05:32:06.190920
-0015,2110,1211,106,2024-12-30 05:32:06.206898
-0015,2108,1211,106,2024-12-30 05:32:06.222895
-0015,2138,1211,106,2024-12-30 05:32:06.238910
-0015,2115,1211,106,2024-12-30 05:32:06.254882
-0015,2117,1211,106,2024-12-30 05:32:06.270889
-0016,2117,1211,106,2024-12-30 05:32:06.302872
-0015,2135,1211,106,2024-12-30 05:32:06.318872
-0016,2129,1211,106,2024-12-30 05:32:06.334872
-0016,2129,1211,106,2024-12-30 05:32:06.350870
-0015,2131,1211,106,2024-12-30 05:32:06.366857
-0015,2127,1211,106,2024-12-30 05:32:06.382850
-0015,2115,1211,106,2024-12-30 05:32:06.398847
-0016,2133,1211,106,2024-12-30 05:32:06.414845
-0015,2134,1211,106,2024-12-30 05:32:06.430841
-0016,2144,1211,106,2024-12-30 05:32:06.462471
-0016,2129,1211,106,2024-12-30 05:32:06.478827
-0015,2110,1211,106,2024-12-30 05:32:06.494829
-0015,2126,1211,106,2024-12-30 05:32:06.510824
-0016,2122,1211,106,2024-12-30 05:32:06.526830
-0015,2115,1211,106,2024-12-30 05:32:06.542819
-0015,2133,1211,106,2024-12-30 05:32:06.558827
-0015,2132,1211,106,2024-12-30 05:32:06.574809
-0015,2132,1211,106,2024-12-30 05:32:06.590801
-0015,2119,1211,106,2024-12-30 05:32:06.606807
-0016,2116,1211,106,2024-12-30 05:32:06.638796
-0016,2117,1211,106,2024-12-30 05:32:06.654787
-0015,2107,1211,106,2024-12-30 05:32:06.670792
-0015,2124,1211,106,2024-12-30 05:32:06.686784
-0015,2121,1211,106,2024-12-30 05:32:06.702788
-0015,2125,1211,106,2024-12-30 05:32:06.718794
-0015,2112,1211,106,2024-12-30 05:32:06.734775
-0016,2119,1210,106,2024-12-30 05:32:06.750781
-0015,2113,1210,106,2024-12-30 05:32:06.766767
-0014,2134,1211,106,2024-12-30 05:32:06.798394
-0015,2117,1211,106,2024-12-30 05:32:06.814756
-0016,2112,1211,106,2024-12-30 05:32:06.830760
-0015,2101,1211,106,2024-12-30 05:32:06.846756
-0015,2123,1211,106,2024-12-30 05:32:06.862753
-0015,2106,1211,106,2024-12-30 05:32:06.878741
-0015,2127,1211,106,2024-12-30 05:32:06.894740
-0015,2121,1211,106,2024-12-30 05:32:06.910732
-0015,2125,1211,106,2024-12-30 05:32:06.926740
-0015,2120,1211,106,2024-12-30 05:32:06.942728
-0016,2106,1211,106,2024-12-30 05:32:06.974725
-0015,2110,1211,106,2024-12-30 05:32:06.990717
-0015,2105,1211,106,2024-12-30 05:32:07.006723
-0015,2127,1211,106,2024-12-30 05:32:07.022717
-0015,2112,1211,106,2024-12-30 05:32:07.038710
-0016,2115,1210,106,2024-12-30 05:32:07.054709
-0015,2115,1211,106,2024-12-30 05:32:07.070713
-0015,2109,1211,106,2024-12-30 05:32:07.086715
-0016,2112,1211,106,2024-12-30 05:32:07.102694
-0015,2118,1211,106,2024-12-30 05:32:07.134333
-0015,2134,1211,106,2024-12-30 05:32:07.150687
-0015,2130,1210,106,2024-12-30 05:32:07.166684
-0015,2114,1211,106,2024-12-30 05:32:07.182675
-0015,2134,1210,106,2024-12-30 05:32:07.198682
-0015,2113,1210,106,2024-12-30 05:32:07.214677
-0016,2110,1210,106,2024-12-30 05:32:07.230668
-0015,2132,1210,106,2024-12-30 05:32:07.246666
-0015,2124,1211,106,2024-12-30 05:32:07.262659
-0015,2111,1211,106,2024-12-30 05:32:07.278651
-0015,2102,1210,106,2024-12-30 05:32:07.310649
-0015,2119,1211,106,2024-12-30 05:32:07.326645
-0015,2114,1211,106,2024-12-30 05:32:07.342639
-0015,2115,1210,106,2024-12-30 05:32:07.358640
-0015,2118,1210,106,2024-12-30 05:32:07.374639
-0015,2102,1211,106,2024-12-30 05:32:07.390625
-0016,2123,1211,106,2024-12-30 05:32:07.406632
-0015,2115,1210,106,2024-12-30 05:32:07.422629
-0015,2107,1211,106,2024-12-30 05:32:07.438628
-0015,2110,1210,106,2024-12-30 05:32:07.470239
-0015,2121,1211,106,2024-12-30 05:32:07.486636
-0015,2121,1211,106,2024-12-30 05:32:07.502610
-0016,2102,1210,106,2024-12-30 05:32:07.518615
-0016,2120,1211,106,2024-12-30 05:32:07.534602
-0016,2115,1210,106,2024-12-30 05:32:07.550608
-0015,2108,1211,106,2024-12-30 05:32:07.566598
-0015,2115,1210,106,2024-12-30 05:32:07.582591
-0015,2107,1210,106,2024-12-30 05:32:07.598591
-0015,2114,1211,106,2024-12-30 05:32:07.614583
-0015,2123,1210,106,2024-12-30 05:32:07.646584
-0016,2107,1211,106,2024-12-30 05:32:07.662583
-0015,2106,1210,106,2024-12-30 05:32:07.678575
-0015,2114,1210,106,2024-12-30 05:32:07.694568
-0015,2099,1210,106,2024-12-30 05:32:07.710568
-0015,2118,1211,106,2024-12-30 05:32:07.726557
-0015,2115,1211,106,2024-12-30 05:32:07.742569
-0015,2099,1211,106,2024-12-30 05:32:07.758552
-0015,2109,1210,106,2024-12-30 05:32:07.774554
-0016,2104,1210,106,2024-12-30 05:32:07.806191
-0015,2114,1210,106,2024-12-30 05:32:07.822553
-0015,2097,1210,106,2024-12-30 05:32:07.838533
-0016,2116,1210,106,2024-12-30 05:32:07.854533
-0016,2119,1210,106,2024-12-30 05:32:07.870728
-0015,2116,1210,106,2024-12-30 05:32:07.886530
-0015,2113,1210,106,2024-12-30 05:32:07.902529
-0016,2100,1211,106,2024-12-30 05:32:07.918521
-0016,2107,1210,106,2024-12-30 05:32:07.934525
-0015,2096,1210,106,2024-12-30 05:32:07.950508
-0015,2106,1210,106,2024-12-30 05:32:07.982508
-0016,2109,1211,106,2024-12-30 05:32:07.998503
-0015,2101,1210,106,2024-12-30 05:32:08.014497
-0016,2103,1210,106,2024-12-30 05:32:08.030486
-0015,2102,1210,106,2024-12-30 05:32:08.046492
-0016,2117,1211,106,2024-12-30 05:32:08.062484
-0015,2112,1210,106,2024-12-30 05:32:08.078493
-0015,2098,1210,106,2024-12-30 05:32:08.094487
-0015,2107,1210,106,2024-12-30 05:32:08.110483
-0015,2099,1210,106,2024-12-30 05:32:08.142117
-0015,2098,1210,106,2024-12-30 05:32:08.158474
-0015,2117,1210,106,2024-12-30 05:32:08.174468
-0014,2103,1210,106,2024-12-30 05:32:08.190471
-0015,2095,1210,106,2024-12-30 05:32:08.206462
-0016,2099,1210,106,2024-12-30 05:32:08.222455
-0015,2107,1210,106,2024-12-30 05:32:08.238452
-0016,2107,1210,106,2024-12-30 05:32:08.254451
-0015,2099,1210,106,2024-12-30 05:32:08.270446
-0016,2106,1210,106,2024-12-30 05:32:08.286436
-0015,2115,1211,106,2024-12-30 05:32:08.318428
-0015,2102,1210,106,2024-12-30 05:32:08.334425
-0015,2095,1210,106,2024-12-30 05:32:08.350415
-0016,2106,1210,106,2024-12-30 05:32:08.366420
-0015,2097,1210,106,2024-12-30 05:32:08.382406
-0015,2100,1211,106,2024-12-30 05:32:08.398419
-0014,2093,1210,106,2024-12-30 05:32:08.414405
-0014,2096,1210,106,2024-12-30 05:32:08.430408
-0015,2109,1210,106,2024-12-30 05:32:08.446399
-0015,2100,1210,106,2024-12-30 05:32:08.478047
-0014,2107,1210,106,2024-12-30 05:32:08.494388
-0015,2095,1210,106,2024-12-30 05:32:08.510392
-0015,2097,1210,106,2024-12-30 05:32:08.526387
-0016,2104,1210,106,2024-12-30 05:32:08.542379
-0015,2111,1210,106,2024-12-30 05:32:08.558381
-0015,2102,1210,106,2024-12-30 05:32:08.574384
-0014,2101,1210,106,2024-12-30 05:32:08.590368
-0015,2093,1210,106,2024-12-30 05:32:08.606373
-0015,2095,1210,106,2024-12-30 05:32:08.622360
-0015,2110,1210,106,2024-12-30 05:32:08.654356
-0016,2108,1210,106,2024-12-30 05:32:08.670355
-0015,2093,1210,106,2024-12-30 05:32:08.686365
-0016,2085,1210,106,2024-12-30 05:32:08.702343
-0015,2104,1210,106,2024-12-30 05:32:08.718346
-0015,2099,1210,106,2024-12-30 05:32:08.734337
-0015,2091,1210,106,2024-12-30 05:32:08.750340
-0015,2098,1210,106,2024-12-30 05:32:08.766332
-0015,2094,1210,106,2024-12-30 05:32:08.782322
-0015,2092,1210,106,2024-12-30 05:32:08.813949
-0016,2100,1210,106,2024-12-30 05:32:08.830330
-0016,2101,1210,106,2024-12-30 05:32:08.846309
-0015,2098,1210,106,2024-12-30 05:32:08.862317
-0016,2096,1210,106,2024-12-30 05:32:08.878304
-0015,2094,1210,106,2024-12-30 05:32:08.894311
-0014,2104,1210,106,2024-12-30 05:32:08.910298
-0015,2104,1210,106,2024-12-30 05:32:08.926303
-0015,2100,1210,106,2024-12-30 05:32:08.942302
-0015,2095,1210,106,2024-12-30 05:32:08.958302
-0015,2096,1210,106,2024-12-30 05:32:08.990314
-0015,2091,1210,106,2024-12-30 05:32:09.006314
-0016,2104,1210,106,2024-12-30 05:32:09.022319
-0015,2100,1210,106,2024-12-30 05:32:09.038313
-0015,2106,1210,106,2024-12-30 05:32:09.054316
-0015,2109,1210,106,2024-12-30 05:32:09.070321
-0015,2107,1210,106,2024-12-30 05:32:09.086329
-0015,2100,1211,106,2024-12-30 05:32:09.102320
-0015,2086,1210,106,2024-12-30 05:32:09.118250
-0015,2101,1210,106,2024-12-30 05:32:09.149875
-0015,2098,1210,106,2024-12-30 05:32:09.166247
-0014,2091,1210,106,2024-12-30 05:32:09.182241
-0015,2099,1210,106,2024-12-30 05:32:09.198243
-0015,2101,1210,106,2024-12-30 05:32:09.214234
-0015,2104,1210,106,2024-12-30 05:32:09.230222
-0015,2101,1210,106,2024-12-30 05:32:09.246240
-0015,2089,1210,106,2024-12-30 05:32:09.262225
-0015,2092,1210,106,2024-12-30 05:32:09.278223
-0015,2095,1210,106,2024-12-30 05:32:09.294227
-0015,2095,1210,106,2024-12-30 05:32:09.326223
-0015,2094,1210,106,2024-12-30 05:32:09.342204
-0015,2088,1210,106,2024-12-30 05:32:09.358206
-0015,2096,1210,106,2024-12-30 05:32:09.374196
-0015,2092,1210,106,2024-12-30 05:32:09.390201
-0015,2093,1210,106,2024-12-30 05:32:09.406197
-0015,2092,1210,106,2024-12-30 05:32:09.422180
-0015,2085,1210,106,2024-12-30 05:32:09.438180
-0015,2099,1210,106,2024-12-30 05:32:09.454183
-0016,2103,1210,106,2024-12-30 05:32:09.485822
-0016,2097,1210,106,2024-12-30 05:32:09.502175
-0015,2104,1210,106,2024-12-30 05:32:09.518167
-0016,2090,1210,106,2024-12-30 05:32:09.534176
-0015,2087,1210,106,2024-12-30 05:32:09.550162
-0015,2082,1210,106,2024-12-30 05:32:09.566160
-0015,2093,1210,106,2024-12-30 05:32:09.582158
-0015,2087,1210,106,2024-12-30 05:32:09.598156
-0015,2092,1210,106,2024-12-30 05:32:09.614146
-0015,2094,1210,106,2024-12-30 05:32:09.630137
-0015,2104,1210,106,2024-12-30 05:32:09.662146
-0016,2080,1210,106,2024-12-30 05:32:09.678126
-0015,2107,1210,106,2024-12-30 05:32:09.694128
-0016,2086,1210,106,2024-12-30 05:32:09.710125
-0015,2089,1210,106,2024-12-30 05:32:09.726129
-0015,2099,1210,106,2024-12-30 05:32:09.742122
-0016,2088,1210,106,2024-12-30 05:32:09.758123
-0016,2092,1210,106,2024-12-30 05:32:09.774112
-0015,2089,1210,106,2024-12-30 05:32:09.790120
-0014,2089,1210,106,2024-12-30 05:32:09.821752
-0015,2105,1210,106,2024-12-30 05:32:09.838102
-0015,2088,1210,106,2024-12-30 05:32:09.854093
-0016,2082,1210,106,2024-12-30 05:32:09.870092
-0015,2085,1210,106,2024-12-30 05:32:09.886087
-0015,2081,1210,106,2024-12-30 05:32:09.902091
-0016,2096,1210,106,2024-12-30 05:32:09.918089
-0015,2086,1210,106,2024-12-30 05:32:09.934091
-0015,2086,1210,106,2024-12-30 05:32:09.950077
-0015,2081,1210,106,2024-12-30 05:32:09.966085
-0015,2092,1210,106,2024-12-30 05:32:09.998065
-0014,2094,1210,106,2024-12-30 05:32:10.014070
-0015,2080,1210,106,2024-12-30 05:32:10.030067
-0015,2097,1210,106,2024-12-30 05:32:10.046069
-0015,2090,1210,106,2024-12-30 05:32:10.062059
-0016,2096,1210,106,2024-12-30 05:32:10.078053
-0015,2098,1209,106,2024-12-30 05:32:10.094045
-0015,2092,1210,106,2024-12-30 05:32:10.110042
-0015,2088,1210,106,2024-12-30 05:32:10.126043
-0015,2103,1210,106,2024-12-30 05:32:10.157672
-0015,2094,1210,106,2024-12-30 05:32:10.174037
-0014,2089,1210,106,2024-12-30 05:32:10.190033
-0015,2084,1210,106,2024-12-30 05:32:10.206022
-0016,2095,1210,106,2024-12-30 05:32:10.222028
-0016,2080,1210,106,2024-12-30 05:32:10.238031
-0015,2096,1210,106,2024-12-30 05:32:10.254020
-0015,2090,1210,106,2024-12-30 05:32:10.270014
-0015,2081,1210,106,2024-12-30 05:32:10.286002
-0015,2081,1210,106,2024-12-30 05:32:10.302005
-0015,2094,1210,106,2024-12-30 05:32:10.333999
-0015,2093,1210,106,2024-12-30 05:32:10.349990
-0015,2093,1210,106,2024-12-30 05:32:10.365997
-0015,2093,1210,106,2024-12-30 05:32:10.381984
-0015,2094,1210,106,2024-12-30 05:32:10.397985
-0015,2093,1210,106,2024-12-30 05:32:10.413991
-0015,2082,1209,106,2024-12-30 05:32:10.429972
-0015,2091,1210,106,2024-12-30 05:32:10.445980
-0016,2099,1210,106,2024-12-30 05:32:10.461976
-0015,2080,1210,106,2024-12-30 05:32:10.493618
-0015,2096,1210,106,2024-12-30 05:32:10.509956
-0015,2091,1209,106,2024-12-30 05:32:10.525957
-0015,2097,1210,106,2024-12-30 05:32:10.541948
-0015,2101,1209,106,2024-12-30 05:32:10.557953
-0016,2087,1210,106,2024-12-30 05:32:10.573945
-0015,2098,1210,106,2024-12-30 05:32:10.589942
-0015,2089,1210,106,2024-12-30 05:32:10.605945
-0015,2085,1210,106,2024-12-30 05:32:10.621939
-0016,2096,1210,106,2024-12-30 05:32:10.637930
-0016,2092,1210,106,2024-12-30 05:32:10.669922
-0015,2082,1210,106,2024-12-30 05:32:10.685919
-0016,2081,1209,106,2024-12-30 05:32:10.701920
-0015,2086,1209,106,2024-12-30 05:32:10.717908
-0015,2088,1210,106,2024-12-30 05:32:10.733911
-0016,2091,1210,106,2024-12-30 05:32:10.749907
-0015,2082,1209,106,2024-12-30 05:32:10.765908
-0015,2087,1210,106,2024-12-30 05:32:10.781909
-0016,2089,1210,106,2024-12-30 05:32:10.797892
-0015,2089,1210,106,2024-12-30 05:32:10.829540
-0014,2081,1210,106,2024-12-30 05:32:10.845887
-0015,2085,1210,106,2024-12-30 05:32:10.861885
-0016,2086,1210,106,2024-12-30 05:32:10.877869
-0015,2087,1209,106,2024-12-30 05:32:10.893874
-0015,2084,1210,106,2024-12-30 05:32:10.909862
-0014,2096,1210,106,2024-12-30 05:32:10.925867
-0015,2088,1210,106,2024-12-30 05:32:10.941859
-0015,2093,1209,106,2024-12-30 05:32:10.957865
-0015,2091,1210,106,2024-12-30 05:32:10.973858
-0015,2095,1210,106,2024-12-30 05:32:11.005846
-0015,2095,1209,106,2024-12-30 05:32:11.021840
-0015,2086,1210,106,2024-12-30 05:32:11.037845
-0015,2095,1209,106,2024-12-30 05:32:11.053836
-0015,2097,1210,106,2024-12-30 05:32:11.069841
-0015,2085,1210,106,2024-12-30 05:32:11.085831
-0015,2075,1210,106,2024-12-30 05:32:11.101834
-0015,2081,1210,106,2024-12-30 05:32:11.117823
-0015,2082,1210,106,2024-12-30 05:32:11.133824
-0015,2090,1209,106,2024-12-30 05:32:11.165448
-0015,2087,1210,106,2024-12-30 05:32:11.181816
-0015,2083,1209,106,2024-12-30 05:32:11.197808
-0015,2084,1209,106,2024-12-30 05:32:11.213809
-0015,2094,1210,106,2024-12-30 05:32:11.229807
-0015,2090,1210,106,2024-12-30 05:32:11.245823
-0016,2090,1210,106,2024-12-30 05:32:11.261824
-0015,2080,1210,106,2024-12-30 05:32:11.277806
-0014,2091,1210,106,2024-12-30 05:32:11.293803
-0015,2088,1209,106,2024-12-30 05:32:11.309786
-0016,2076,1210,106,2024-12-30 05:32:11.341778
-0015,2090,1209,106,2024-12-30 05:32:11.357774
-0015,2091,1210,106,2024-12-30 05:32:11.373778
-0016,2081,1210,106,2024-12-30 05:32:11.389762
-0015,2082,1209,106,2024-12-30 05:32:11.405763
-0015,2085,1209,106,2024-12-30 05:32:11.421761
-0015,2096,1210,106,2024-12-30 05:32:11.437755
-0016,2085,1209,106,2024-12-30 05:32:11.453756
-0015,2092,1209,106,2024-12-30 05:32:11.469750
-0015,2087,1209,106,2024-12-30 05:32:11.501380
-0015,2085,1209,106,2024-12-30 05:32:11.517753
-0016,2089,1209,106,2024-12-30 05:32:11.533730
-0015,2099,1210,106,2024-12-30 05:32:11.549734
-0014,2087,1209,106,2024-12-30 05:32:11.565726
-0014,2078,1210,106,2024-12-30 05:32:11.581733
-0015,2079,1210,106,2024-12-30 05:32:11.597727
-0015,2084,1210,106,2024-12-30 05:32:11.613721
-0015,2089,1210,106,2024-12-30 05:32:11.629724
-0015,2071,1209,106,2024-12-30 05:32:11.645702
-0015,2084,1209,106,2024-12-30 05:32:11.677696
-0015,2083,1210,106,2024-12-30 05:32:11.693709
-0015,2083,1209,106,2024-12-30 05:32:11.709699
-0015,2086,1210,106,2024-12-30 05:32:11.725700
-0015,2082,1210,106,2024-12-30 05:32:11.741694
-0015,2090,1210,106,2024-12-30 05:32:11.757682
-0015,2074,1209,106,2024-12-30 05:32:11.773686
-0015,2089,1209,106,2024-12-30 05:32:11.789680
-0016,2082,1209,106,2024-12-30 05:32:11.805680
-0016,2081,1209,106,2024-12-30 05:32:11.837321
-0016,2086,1209,106,2024-12-30 05:32:11.853663
-0015,2091,1209,106,2024-12-30 05:32:11.869669
-0015,2087,1210,106,2024-12-30 05:32:11.885667
-0015,2090,1210,106,2024-12-30 05:32:11.901667
-0014,2087,1209,106,2024-12-30 05:32:11.917675
-0015,2084,1209,106,2024-12-30 05:32:11.933672
-0015,2092,1209,106,2024-12-30 05:32:11.949676
-0015,2080,1209,106,2024-12-30 05:32:11.965678
-0015,2087,1209,106,2024-12-30 05:32:11.981676
-0015,2081,1209,106,2024-12-30 05:32:12.013683
-0015,2079,1209,106,2024-12-30 05:32:12.029684
-0015,2082,1209,106,2024-12-30 05:32:12.045687
-0015,2079,1209,106,2024-12-30 05:32:12.061616
-0015,2090,1209,106,2024-12-30 05:32:12.077618
-0015,2078,1209,106,2024-12-30 05:32:12.093609
-0015,2079,1209,106,2024-12-30 05:32:12.109604
-0015,2079,1209,106,2024-12-30 05:32:12.125604
-0015,2090,1209,106,2024-12-30 05:32:12.141594
-0014,2080,1209,106,2024-12-30 05:32:12.173243
-0015,2079,1209,106,2024-12-30 05:32:12.189598
-0015,2104,1210,106,2024-12-30 05:32:12.205586
-0015,2080,1209,106,2024-12-30 05:32:12.221588
-0015,2087,1209,106,2024-12-30 05:32:12.237599
-0015,2084,1209,106,2024-12-30 05:32:12.253571
-0015,2083,1209,106,2024-12-30 05:32:12.269579
-0015,2080,1209,106,2024-12-30 05:32:12.285560
-0014,2086,1209,106,2024-12-30 05:32:12.301581
-0015,2082,1209,106,2024-12-30 05:32:12.317560
-0016,2084,1209,106,2024-12-30 05:32:12.349561
-0015,2080,1209,106,2024-12-30 05:32:12.365564
-0015,2083,1209,106,2024-12-30 05:32:12.381553
-0015,2083,1209,106,2024-12-30 05:32:12.397541
-0015,2088,1209,106,2024-12-30 05:32:12.413548
-0015,2080,1209,106,2024-12-30 05:32:12.429535
-0015,2076,1209,106,2024-12-30 05:32:12.445539
-0015,2076,1209,106,2024-12-30 05:32:12.461534
-0016,2076,1209,106,2024-12-30 05:32:12.477534
-0016,2081,1209,106,2024-12-30 05:32:12.509179
-0015,2074,1209,106,2024-12-30 05:32:12.525517
-0014,2070,1209,106,2024-12-30 05:32:12.541520
-0015,2086,1209,106,2024-12-30 05:32:12.557512
-0016,2089,1209,106,2024-12-30 05:32:12.573504
-0015,2077,1209,106,2024-12-30 05:32:12.589510
-0015,2083,1209,106,2024-12-30 05:32:12.605519
-0015,2071,1209,106,2024-12-30 05:32:12.621500
-0015,2067,1209,106,2024-12-30 05:32:12.637499
-0015,2085,1209,106,2024-12-30 05:32:12.653485
-0016,2075,1209,106,2024-12-30 05:32:12.685479
-0015,2071,1209,106,2024-12-30 05:32:12.701479
-0016,2078,1209,106,2024-12-30 05:32:12.717486
-0015,2082,1209,106,2024-12-30 05:32:12.733470
-0015,2075,1209,106,2024-12-30 05:32:12.749479
-0015,2083,1209,106,2024-12-30 05:32:12.765468
-0015,2076,1209,106,2024-12-30 05:32:12.781468
-0015,2084,1209,106,2024-12-30 05:32:12.797464
-0016,2082,1209,106,2024-12-30 05:32:12.813454
-0015,2072,1209,106,2024-12-30 05:32:12.845094
-0015,2084,1209,106,2024-12-30 05:32:12.861448
-0016,2087,1209,106,2024-12-30 05:32:12.877443
-0016,2072,1209,106,2024-12-30 05:32:12.893441
-0015,2077,1209,106,2024-12-30 05:32:12.909435
-0015,2081,1209,106,2024-12-30 05:32:12.925437
-0015,2078,1209,106,2024-12-30 05:32:12.941433
-0015,2070,1209,106,2024-12-30 05:32:12.957430
-0016,2083,1209,106,2024-12-30 05:32:12.973437
-0015,2092,1209,106,2024-12-30 05:32:12.989416
-0015,2086,1209,106,2024-12-30 05:32:13.021420
-0015,2085,1209,106,2024-12-30 05:32:13.037411
-0015,2076,1209,106,2024-12-30 05:32:13.053409
-0015,2075,1209,106,2024-12-30 05:32:13.069403
-0015,2076,1209,106,2024-12-30 05:32:13.085407
-0015,2085,1209,106,2024-12-30 05:32:13.101391
-0015,2087,1209,106,2024-12-30 05:32:13.117396
-0015,2077,1209,106,2024-12-30 05:32:13.133379
-0015,2080,1209,106,2024-12-30 05:32:13.149374
-0015,2077,1209,106,2024-12-30 05:32:13.181032
-0015,2080,1209,106,2024-12-30 05:32:13.197379
-0015,2087,1209,106,2024-12-30 05:32:13.213364
-0015,2084,1209,106,2024-12-30 05:32:13.229362
-0015,2079,1209,106,2024-12-30 05:32:13.245373
-0015,2077,1209,106,2024-12-30 05:32:13.261368
-0015,2083,1209,106,2024-12-30 05:32:13.277350
-0015,2079,1209,106,2024-12-30 05:32:13.293350
-0015,2074,1209,106,2024-12-30 05:32:13.309361
-0016,2076,1209,106,2024-12-30 05:32:13.325364
-0015,2083,1209,106,2024-12-30 05:32:13.357359
-0016,2089,1209,106,2024-12-30 05:32:13.373340
-0015,2077,1209,106,2024-12-30 05:32:13.389335
-0014,2079,1209,106,2024-12-30 05:32:13.405321
-0015,2086,1209,106,2024-12-30 05:32:13.421331
-0016,2072,1209,106,2024-12-30 05:32:13.437325
-0015,2083,1209,106,2024-12-30 05:32:13.453323
-0014,2081,1209,106,2024-12-30 05:32:13.469309
-0015,2082,1209,106,2024-12-30 05:32:13.485309
-0015,2071,1209,106,2024-12-30 05:32:13.516950
-0015,2071,1209,106,2024-12-30 05:32:13.533301
-0016,2069,1209,106,2024-12-30 05:32:13.549291
-0015,2085,1209,106,2024-12-30 05:32:13.565290
-0015,2069,1209,106,2024-12-30 05:32:13.581285
-0015,2068,1209,106,2024-12-30 05:32:13.597286
-0016,2081,1209,106,2024-12-30 05:32:13.613275
-0015,2078,1209,106,2024-12-30 05:32:13.629283
-0015,2083,1209,106,2024-12-30 05:32:13.645272
-0015,2065,1209,106,2024-12-30 05:32:13.661262
-0015,2078,1209,106,2024-12-30 05:32:13.693271
-0015,2077,1209,106,2024-12-30 05:32:13.709274
-0015,2071,1209,106,2024-12-30 05:32:13.725259
-0015,2075,1209,106,2024-12-30 05:32:13.741255
-0015,2083,1209,106,2024-12-30 05:32:13.757249
-0014,2087,1209,106,2024-12-30 05:32:13.773251
-0015,2075,1209,106,2024-12-30 05:32:13.789251
-0015,2075,1209,106,2024-12-30 05:32:13.805246
-0014,2072,1209,106,2024-12-30 05:32:13.821242
-0015,2078,1209,106,2024-12-30 05:32:13.852887
-0015,2078,1209,106,2024-12-30 05:32:13.869223
-0015,2085,1209,106,2024-12-30 05:32:13.885217
-0015,2075,1209,106,2024-12-30 05:32:13.901218
-0016,2088,1209,106,2024-12-30 05:32:13.917213
-0014,2084,1209,106,2024-12-30 05:32:13.933218
-0014,2081,1209,106,2024-12-30 05:32:13.949211
-0016,2073,1209,106,2024-12-30 05:32:13.965205
-0015,2085,1209,106,2024-12-30 05:32:13.981204
-0015,2076,1209,106,2024-12-30 05:32:13.997204
-0015,2081,1209,106,2024-12-30 05:32:14.029189
-0015,2081,1209,106,2024-12-30 05:32:14.045190
-0015,2077,1209,106,2024-12-30 05:32:14.061192
-0015,2071,1209,106,2024-12-30 05:32:14.077192
-0015,2073,1208,106,2024-12-30 05:32:14.093190
-0014,2080,1209,106,2024-12-30 05:32:14.109165
-0015,2082,1208,106,2024-12-30 05:32:14.125167
-0015,2077,1208,106,2024-12-30 05:32:14.141161
-0015,2082,1209,106,2024-12-30 05:32:14.157162
-0015,2077,1209,106,2024-12-30 05:32:14.188829
-0015,2083,1209,106,2024-12-30 05:32:14.205149
-0015,2076,1209,106,2024-12-30 05:32:14.221156
-0015,2084,1209,106,2024-12-30 05:32:14.237171
-0015,2085,1208,106,2024-12-30 05:32:14.253152
-0015,2073,1208,106,2024-12-30 05:32:14.269136
-0015,2082,1209,106,2024-12-30 05:32:14.285142
-0015,2078,1209,106,2024-12-30 05:32:14.301141
-0015,2078,1209,106,2024-12-30 05:32:14.317134
-0015,2083,1209,106,2024-12-30 05:32:14.333128
-0016,2070,1209,106,2024-12-30 05:32:14.365126
-0015,2085,1209,106,2024-12-30 05:32:14.381126
-0014,2079,1209,106,2024-12-30 05:32:14.397124
-0015,2079,1209,106,2024-12-30 05:32:14.413119
-0015,2076,1208,106,2024-12-30 05:32:14.429114
-0014,2082,1208,106,2024-12-30 05:32:14.445113
-0015,2077,1209,106,2024-12-30 05:32:14.461101
-0015,2073,1208,106,2024-12-30 05:32:14.477100
-0015,2069,1208,106,2024-12-30 05:32:14.493096
-0015,2071,1209,106,2024-12-30 05:32:14.524759
-0015,2074,1209,106,2024-12-30 05:32:14.541091
-0015,2072,1208,106,2024-12-30 05:32:14.557095
-0014,2072,1209,106,2024-12-30 05:32:14.573091
-0015,2074,1209,106,2024-12-30 05:32:14.589078
-0015,2064,1208,106,2024-12-30 05:32:14.605072
-0014,2081,1209,106,2024-12-30 05:32:14.621074
-0016,2072,1209,106,2024-12-30 05:32:14.637065
-0015,2062,1208,106,2024-12-30 05:32:14.653066
-0015,2069,1208,106,2024-12-30 05:32:14.669054
-0015,2087,1208,106,2024-12-30 05:32:14.701047
-0015,2071,1208,106,2024-12-30 05:32:14.717049
-0015,2064,1208,106,2024-12-30 05:32:14.733040
-0015,2076,1208,106,2024-12-30 05:32:14.749039
-0015,2074,1208,106,2024-12-30 05:32:14.765037
-0014,2063,1208,106,2024-12-30 05:32:14.781025
-0015,2072,1208,106,2024-12-30 05:32:14.797031
-0015,2078,1209,106,2024-12-30 05:32:14.813029
-0015,2078,1208,106,2024-12-30 05:32:14.829032
-0015,2071,1208,106,2024-12-30 05:32:14.860670
-0014,2071,1209,106,2024-12-30 05:32:14.877045
-0015,2066,1208,106,2024-12-30 05:32:14.893042
-0015,2082,1209,106,2024-12-30 05:32:14.909044
-0015,2070,1208,106,2024-12-30 05:32:14.925038
-0015,2072,1209,106,2024-12-30 05:32:14.941041
-0016,2068,1209,106,2024-12-30 05:32:14.957048
-0016,2075,1209,106,2024-12-30 05:32:14.973050
-0015,2070,1208,106,2024-12-30 05:32:14.989049
-0015,2073,1209,106,2024-12-30 05:32:15.004984
-0015,2071,1208,106,2024-12-30 05:32:15.036977
-0015,2075,1208,106,2024-12-30 05:32:15.052963
-0015,2077,1208,106,2024-12-30 05:32:15.068968
-0014,2072,1208,106,2024-12-30 05:32:15.084970
-0015,2072,1209,106,2024-12-30 05:32:15.100963
-0015,2061,1208,106,2024-12-30 05:32:15.116952
-0016,2070,1208,106,2024-12-30 05:32:15.132958
-0015,2075,1209,106,2024-12-30 05:32:15.148947
-0014,2069,1208,106,2024-12-30 05:32:15.164949
-0015,2063,1208,106,2024-12-30 05:32:15.196568
-0015,2064,1208,106,2024-12-30 05:32:15.212940
-0014,2067,1208,106,2024-12-30 05:32:15.228938
-0015,2067,1208,106,2024-12-30 05:32:15.244946
-0015,2057,1209,106,2024-12-30 05:32:15.260932
-0015,2060,1208,106,2024-12-30 05:32:15.276924
-0015,2058,1208,106,2024-12-30 05:32:15.292931
-0015,2066,1208,106,2024-12-30 05:32:15.309128
-0015,2066,1209,106,2024-12-30 05:32:15.324942
-0015,2061,1208,106,2024-12-30 05:32:15.340912
-0015,2067,1208,106,2024-12-30 05:32:15.372907
-0015,2060,1208,106,2024-12-30 05:32:15.388905
-0015,2056,1208,106,2024-12-30 05:32:15.404903
-0015,2066,1208,106,2024-12-30 05:32:15.420895
-0015,2070,1209,106,2024-12-30 05:32:15.436896
-0014,2075,1208,106,2024-12-30 05:32:15.452884
-0015,2073,1208,106,2024-12-30 05:32:15.468890
-0015,2078,1208,106,2024-12-30 05:32:15.484877
-0015,2067,1208,106,2024-12-30 05:32:15.500877
-0015,2067,1209,106,2024-12-30 05:32:15.532525
-0016,2067,1208,106,2024-12-30 05:32:15.548874
-0015,2069,1208,106,2024-12-30 05:32:15.564865
-0015,2073,1208,106,2024-12-30 05:32:15.580866
-0014,2067,1208,106,2024-12-30 05:32:15.596850
-0015,2067,1209,106,2024-12-30 05:32:15.612851
-0015,2063,1209,106,2024-12-30 05:32:15.628843
-0014,2076,1208,106,2024-12-30 05:32:15.644849
-0014,2084,1208,106,2024-12-30 05:32:15.660847
-0016,2073,1208,106,2024-12-30 05:32:15.676855
-0014,2068,1208,106,2024-12-30 05:32:15.708831
-0015,2066,1208,106,2024-12-30 05:32:15.724831
-0015,2073,1208,106,2024-12-30 05:32:15.740829
-0015,2072,1208,106,2024-12-30 05:32:15.756820
-0015,2077,1208,106,2024-12-30 05:32:15.772818
-0015,2070,1208,106,2024-12-30 05:32:15.788818
-0014,2063,1208,106,2024-12-30 05:32:15.804814
-0015,2064,1208,106,2024-12-30 05:32:15.820813
-0016,2070,1208,106,2024-12-30 05:32:15.836805
-0015,2062,1208,106,2024-12-30 05:32:15.868427
-0015,2065,1208,106,2024-12-30 05:32:15.884796
-0015,2067,1208,106,2024-12-30 05:32:15.900792
-0015,2066,1208,106,2024-12-30 05:32:15.916797
-0014,2074,1208,106,2024-12-30 05:32:15.932780
-0015,2076,1208,106,2024-12-30 05:32:15.948777
-0014,2070,1208,106,2024-12-30 05:32:15.964769
-0015,2068,1208,106,2024-12-30 05:32:15.980779
-0014,2080,1208,106,2024-12-30 05:32:15.996774
-0015,2060,1208,106,2024-12-30 05:32:16.012766
-0015,2068,1208,106,2024-12-30 05:32:16.044739
-0015,2059,1208,106,2024-12-30 05:32:16.060758
-0015,2064,1208,106,2024-12-30 05:32:16.076750
-0015,2081,1208,106,2024-12-30 05:32:16.092752
-0015,2070,1208,106,2024-12-30 05:32:16.108746
-0015,2071,1208,106,2024-12-30 05:32:16.124745
-0015,2072,1208,106,2024-12-30 05:32:16.140734
-0015,2062,1208,106,2024-12-30 05:32:16.156739
-0015,2060,1208,106,2024-12-30 05:32:16.172732
-0016,2063,1208,106,2024-12-30 05:32:16.204339
-0015,2067,1208,106,2024-12-30 05:32:16.220719
-0015,2084,1208,106,2024-12-30 05:32:16.236727
-0015,2061,1208,106,2024-12-30 05:32:16.252715
-0015,2072,1208,106,2024-12-30 05:32:16.268713
-0015,2071,1208,106,2024-12-30 05:32:16.284724
-0015,2064,1208,106,2024-12-30 05:32:16.300714
-0015,2075,1208,106,2024-12-30 05:32:16.316701
-0015,2069,1208,106,2024-12-30 05:32:16.332694
-0015,2067,1208,106,2024-12-30 05:32:16.348690
-0015,2069,1208,106,2024-12-30 05:32:16.380685
-0015,2060,1208,106,2024-12-30 05:32:16.396683
-0015,2053,1208,106,2024-12-30 05:32:16.412692
-0014,2070,1208,106,2024-12-30 05:32:16.428693
-0014,2057,1208,106,2024-12-30 05:32:16.444674
-0015,2070,1208,106,2024-12-30 05:32:16.460676
-0015,2060,1208,106,2024-12-30 05:32:16.476669
-0015,2070,1208,106,2024-12-30 05:32:16.492665
-0015,2071,1208,106,2024-12-30 05:32:16.508661
-0015,2062,1208,106,2024-12-30 05:32:16.540266
-0015,2060,1208,106,2024-12-30 05:32:16.556656
-0014,2071,1208,106,2024-12-30 05:32:16.572645
-0015,2070,1208,106,2024-12-30 05:32:16.588650
-0015,2068,1208,106,2024-12-30 05:32:16.604643
-0015,2059,1208,106,2024-12-30 05:32:16.620638
-0015,2072,1208,106,2024-12-30 05:32:16.636633
-0014,2058,1208,106,2024-12-30 05:32:16.652636
-0015,2065,1208,106,2024-12-30 05:32:16.668636
-0015,2062,1208,106,2024-12-30 05:32:16.684627
-0015,2065,1208,106,2024-12-30 05:32:16.716616
-0015,2065,1208,106,2024-12-30 05:32:16.732617
-0015,2072,1208,106,2024-12-30 05:32:16.748617
-0015,2056,1208,106,2024-12-30 05:32:16.764608
-0015,2061,1208,106,2024-12-30 05:32:16.780610
-0015,2063,1208,106,2024-12-30 05:32:16.796598
-0015,2065,1208,106,2024-12-30 05:32:16.812589
-0015,2066,1208,106,2024-12-30 05:32:16.828593
-0016,2067,1208,106,2024-12-30 05:32:16.844587
-0016,2058,1208,106,2024-12-30 05:32:16.876190
-0016,2056,1208,106,2024-12-30 05:32:16.892582
-0015,2060,1208,106,2024-12-30 05:32:16.908571
-0015,2057,1208,106,2024-12-30 05:32:16.924570
-0015,2062,1208,106,2024-12-30 05:32:16.940566
-0015,2063,1208,106,2024-12-30 05:32:16.956559
-0015,2069,1208,106,2024-12-30 05:32:16.972560
-0015,2067,1208,106,2024-12-30 05:32:16.988553
-0015,2060,1208,106,2024-12-30 05:32:17.004557
-0015,2056,1208,106,2024-12-30 05:32:17.020561
-0015,2065,1208,106,2024-12-30 05:32:17.052537
-0015,2059,1208,106,2024-12-30 05:32:17.068534
-0016,2068,1208,106,2024-12-30 05:32:17.084544
-0015,2066,1208,106,2024-12-30 05:32:17.100528
-0015,2055,1208,106,2024-12-30 05:32:17.116540
-0015,2064,1208,106,2024-12-30 05:32:17.132534
-0015,2058,1208,106,2024-12-30 05:32:17.148530
-0015,2045,1208,106,2024-12-30 05:32:17.164520
-0015,2063,1208,106,2024-12-30 05:32:17.180526
-0014,2064,1208,106,2024-12-30 05:32:17.212119
-0015,2069,1208,106,2024-12-30 05:32:17.228502
-0015,2074,1207,106,2024-12-30 05:32:17.244514
-0015,2061,1208,106,2024-12-30 05:32:17.260516
-0015,2067,1208,106,2024-12-30 05:32:17.276510
-0015,2055,1208,106,2024-12-30 05:32:17.292500
-0015,2069,1208,106,2024-12-30 05:32:17.308505
-0014,2066,1208,106,2024-12-30 05:32:17.324481
-0015,2058,1208,106,2024-12-30 05:32:17.340487
-0015,2057,1208,106,2024-12-30 05:32:17.356479
-0014,2069,1208,106,2024-12-30 05:32:17.388436
-0015,2062,1208,106,2024-12-30 05:32:17.404487
-0014,2065,1208,106,2024-12-30 05:32:17.420463
-0015,2068,1208,106,2024-12-30 05:32:17.436455
-0016,2054,1208,106,2024-12-30 05:32:17.452457
-0015,2062,1208,106,2024-12-30 05:32:17.468452
-0015,2067,1208,106,2024-12-30 05:32:17.484450
-0015,2066,1208,106,2024-12-30 05:32:17.500449
-0015,2066,1208,106,2024-12-30 05:32:17.516449
-0015,2071,1208,106,2024-12-30 05:32:17.548028
-0015,2059,1208,106,2024-12-30 05:32:17.564437
-0015,2070,1208,106,2024-12-30 05:32:17.580423
-0015,2059,1208,106,2024-12-30 05:32:17.596431
-0014,2058,1208,106,2024-12-30 05:32:17.612421
-0016,2062,1208,106,2024-12-30 05:32:17.628428
-0014,2052,1208,106,2024-12-30 05:32:17.644416
-0015,2063,1208,106,2024-12-30 05:32:17.660408
-0015,2068,1208,106,2024-12-30 05:32:17.676409
-0015,2061,1208,106,2024-12-30 05:32:17.692413
-0015,2057,1208,106,2024-12-30 05:32:17.724381
-0014,2064,1208,106,2024-12-30 05:32:17.740398
-0015,2072,1207,106,2024-12-30 05:32:17.756395
-0015,2058,1208,106,2024-12-30 05:32:17.772398
-0015,2055,1208,106,2024-12-30 05:32:17.788400
-0015,2065,1208,106,2024-12-30 05:32:17.804398
-0015,2064,1207,106,2024-12-30 05:32:17.820401
-0015,2068,1208,106,2024-12-30 05:32:17.836409
-0014,2064,1208,106,2024-12-30 05:32:17.852414
-0015,2066,1207,106,2024-12-30 05:32:17.883993
-0014,2045,1207,106,2024-12-30 05:32:17.900414
-0015,2064,1208,106,2024-12-30 05:32:17.916412
-0016,2058,1208,106,2024-12-30 05:32:17.932417
-0015,2056,1208,106,2024-12-30 05:32:17.948345
-0015,2060,1208,106,2024-12-30 05:32:17.964347
-0015,2058,1208,106,2024-12-30 05:32:17.980338
-0014,2060,1208,106,2024-12-30 05:32:17.996339
-0015,2066,1208,106,2024-12-30 05:32:18.012340
-0014,2063,1208,106,2024-12-30 05:32:18.028332
-0015,2073,1207,106,2024-12-30 05:32:18.060298
-0015,2063,1208,106,2024-12-30 05:32:18.076326
-0015,2062,1208,106,2024-12-30 05:32:18.092320
-0015,2065,1207,106,2024-12-30 05:32:18.108318
-0015,2060,1207,106,2024-12-30 05:32:18.124321
-0015,2065,1208,106,2024-12-30 05:32:18.140305
-0015,2065,1207,106,2024-12-30 05:32:18.156309
-0015,2058,1208,106,2024-12-30 05:32:18.172297
-0015,2070,1208,106,2024-12-30 05:32:18.188298
-0015,2069,1208,106,2024-12-30 05:32:18.219880
-0015,2061,1207,106,2024-12-30 05:32:18.236303
-0014,2064,1207,106,2024-12-30 05:32:18.252288
-0015,2055,1207,106,2024-12-30 05:32:18.268283
-0015,2053,1207,106,2024-12-30 05:32:18.284270
-0015,2061,1207,106,2024-12-30 05:32:18.300277
-0015,2053,1207,106,2024-12-30 05:32:18.316264
-0015,2053,1208,106,2024-12-30 05:32:18.332255
-0015,2066,1208,106,2024-12-30 05:32:18.348259
-0015,2058,1207,106,2024-12-30 05:32:18.364250
-0015,2068,1207,106,2024-12-30 05:32:18.396223
-0014,2061,1208,106,2024-12-30 05:32:18.412246
-0015,2067,1207,106,2024-12-30 05:32:18.428240
-0015,2063,1208,106,2024-12-30 05:32:18.444236
-0014,2059,1208,106,2024-12-30 05:32:18.460227
-0014,2052,1207,106,2024-12-30 05:32:18.476232
-0014,2059,1208,106,2024-12-30 05:32:18.492234
-0015,2061,1207,106,2024-12-30 05:32:18.508216
-0016,2053,1207,106,2024-12-30 05:32:18.524219
-0014,2067,1208,106,2024-12-30 05:32:18.555816
-0014,2064,1207,106,2024-12-30 05:32:18.572212
-0015,2064,1207,106,2024-12-30 05:32:18.588206
-0015,2059,1207,106,2024-12-30 05:32:18.604209
-0015,2062,1208,106,2024-12-30 05:32:18.620199
-0015,2062,1208,106,2024-12-30 05:32:18.636198
-0014,2053,1207,106,2024-12-30 05:32:18.652191
-0015,2053,1207,106,2024-12-30 05:32:18.668195
-0015,2061,1207,106,2024-12-30 05:32:18.684188
-0015,2056,1207,106,2024-12-30 05:32:18.700186
-0015,2063,1207,106,2024-12-30 05:32:18.732142
-0015,2066,1207,106,2024-12-30 05:32:18.748187
-0015,2071,1207,106,2024-12-30 05:32:18.764177
-0015,2058,1207,106,2024-12-30 05:32:18.780173
-0015,2062,1207,106,2024-12-30 05:32:18.796170
-0014,2060,1207,106,2024-12-30 05:32:18.812167
-0015,2063,1207,106,2024-12-30 05:32:18.828158
-0015,2062,1208,106,2024-12-30 05:32:18.844164
-0014,2063,1207,106,2024-12-30 05:32:18.860160
-0014,2067,1207,106,2024-12-30 05:32:18.891745
-0015,2072,1207,106,2024-12-30 05:32:18.908143
-0015,2060,1207,106,2024-12-30 05:32:18.924139
-0015,2064,1207,106,2024-12-30 05:32:18.940140
-0014,2060,1207,106,2024-12-30 05:32:18.956132
-0014,2057,1207,106,2024-12-30 05:32:18.972130
-0015,2065,1208,106,2024-12-30 05:32:18.988134
-0015,2066,1207,106,2024-12-30 05:32:19.004128
-0015,2057,1207,106,2024-12-30 05:32:19.020116
-0014,2057,1207,106,2024-12-30 05:32:19.036118
-0015,2057,1207,106,2024-12-30 05:32:19.068097
-0015,2061,1207,106,2024-12-30 05:32:19.084106
-0014,2067,1207,106,2024-12-30 05:32:19.100106
-0014,2067,1207,106,2024-12-30 05:32:19.116097
-0015,2057,1207,106,2024-12-30 05:32:19.132104
-0015,2061,1207,106,2024-12-30 05:32:19.148094
-0015,2056,1207,106,2024-12-30 05:32:19.164096
-0015,2052,1207,106,2024-12-30 05:32:19.180086
-0015,2057,1207,106,2024-12-30 05:32:19.196079
-0015,2064,1207,106,2024-12-30 05:32:19.227676
-0014,2066,1207,106,2024-12-30 05:32:19.244095
-0014,2067,1207,106,2024-12-30 05:32:19.260071
-0015,2062,1207,106,2024-12-30 05:32:19.276056
-0015,2078,1207,106,2024-12-30 05:32:19.292055
-0015,2068,1207,106,2024-12-30 05:32:19.308061
-0015,2059,1207,106,2024-12-30 05:32:19.324058
-0014,2068,1207,106,2024-12-30 05:32:19.340051
-0015,2057,1207,106,2024-12-30 05:32:19.356058
-0015,2070,1207,106,2024-12-30 05:32:19.372047
-0015,2058,1207,106,2024-12-30 05:32:19.403993
-0015,2061,1207,106,2024-12-30 05:32:19.420031
-0014,2066,1207,106,2024-12-30 05:32:19.436030
-0014,2069,1207,106,2024-12-30 05:32:19.452019
-0014,2053,1207,106,2024-12-30 05:32:19.468021
-0015,2058,1207,106,2024-12-30 05:32:19.484019
-0015,2057,1207,106,2024-12-30 05:32:19.500020
-0015,2071,1207,106,2024-12-30 05:32:19.516010
-0015,2059,1207,106,2024-12-30 05:32:19.532014
-0015,2068,1207,106,2024-12-30 05:32:19.563601
-0015,2065,1207,106,2024-12-30 05:32:19.579996
-0015,2065,1207,106,2024-12-30 05:32:19.595998
-0015,2053,1207,106,2024-12-30 05:32:19.612002
-0015,2062,1207,106,2024-12-30 05:32:19.627988
-0015,2062,1207,106,2024-12-30 05:32:19.643992
-0015,2066,1207,106,2024-12-30 05:32:19.659984
-0015,2059,1207,106,2024-12-30 05:32:19.675976
-0015,2057,1207,106,2024-12-30 05:32:19.691974
-0015,2056,1207,106,2024-12-30 05:32:19.707977
-0015,2062,1207,106,2024-12-30 05:32:19.739925
-0015,2066,1207,106,2024-12-30 05:32:19.755967
-0015,2058,1207,106,2024-12-30 05:32:19.771958
-0015,2052,1207,106,2024-12-30 05:32:19.787950
-0015,2066,1207,106,2024-12-30 05:32:19.803956
-0015,2067,1207,106,2024-12-30 05:32:19.819950
-0016,2063,1207,106,2024-12-30 05:32:19.835948
-0015,2069,1207,106,2024-12-30 05:32:19.851935
-0015,2055,1207,106,2024-12-30 05:32:19.867941
-0014,2059,1207,106,2024-12-30 05:32:19.899524
-0015,2064,1207,106,2024-12-30 05:32:19.915929
-0015,2064,1207,106,2024-12-30 05:32:19.931928
-0015,2068,1207,106,2024-12-30 05:32:19.947914
-0014,2062,1207,106,2024-12-30 05:32:19.963919
-0015,2065,1207,106,2024-12-30 05:32:19.979919
-0015,2059,1207,106,2024-12-30 05:32:19.995907
-0014,2059,1207,106,2024-12-30 05:32:20.011908
-0015,2060,1207,106,2024-12-30 05:32:20.027908
-0015,2060,1207,106,2024-12-30 05:32:20.043898
-0015,2058,1207,106,2024-12-30 05:32:20.075874
-0015,2063,1207,106,2024-12-30 05:32:20.091899
-0014,2048,1207,106,2024-12-30 05:32:20.107882
-0015,2063,1207,106,2024-12-30 05:32:20.123882
-0014,2055,1207,106,2024-12-30 05:32:20.139874
-0015,2065,1207,106,2024-12-30 05:32:20.155880
-0014,2066,1207,106,2024-12-30 05:32:20.171875
-0015,2065,1207,106,2024-12-30 05:32:20.187861
-0015,2063,1207,106,2024-12-30 05:32:20.203863
-0015,2055,1207,106,2024-12-30 05:32:20.235456
-0015,2077,1207,106,2024-12-30 05:32:20.251865
-0015,2056,1207,106,2024-12-30 05:32:20.267851
-0016,2057,1207,106,2024-12-30 05:32:20.283845
-0015,2064,1207,106,2024-12-30 05:32:20.299860
-0015,2058,1207,106,2024-12-30 05:32:20.315839
-0014,2059,1207,106,2024-12-30 05:32:20.331841
-0015,2068,1207,106,2024-12-30 05:32:20.347843
-0015,2065,1207,106,2024-12-30 05:32:20.363847
-0015,2054,1207,106,2024-12-30 05:32:20.379837
-0015,2062,1207,106,2024-12-30 05:32:20.411800
-0014,2059,1207,106,2024-12-30 05:32:20.427816
-0015,2059,1207,106,2024-12-30 05:32:20.443819
-0015,2053,1207,106,2024-12-30 05:32:20.459811
-0015,2057,1207,106,2024-12-30 05:32:20.475817
-0014,2072,1207,106,2024-12-30 05:32:20.491803
-0015,2059,1207,106,2024-12-30 05:32:20.507801
-0015,2063,1207,106,2024-12-30 05:32:20.523797
-0016,2060,1207,106,2024-12-30 05:32:20.539796
-0015,2065,1207,106,2024-12-30 05:32:20.571379
-0015,2067,1206,106,2024-12-30 05:32:20.587785
-0015,2059,1207,106,2024-12-30 05:32:20.603774
-0015,2060,1207,106,2024-12-30 05:32:20.619776
-0015,2065,1207,106,2024-12-30 05:32:20.635768
-0015,2055,1207,106,2024-12-30 05:32:20.651769
-0015,2064,1207,106,2024-12-30 05:32:20.667767
-0014,2062,1207,106,2024-12-30 05:32:20.683763
-0015,2065,1207,106,2024-12-30 05:32:20.699761
-0015,2062,1207,106,2024-12-30 05:32:20.715769
-0015,2060,1207,106,2024-12-30 05:32:20.747739
-0016,2059,1207,106,2024-12-30 05:32:20.763774
-0015,2063,1207,106,2024-12-30 05:32:20.779775
-0015,2062,1207,106,2024-12-30 05:32:20.795769
-0014,2063,1207,106,2024-12-30 05:32:20.811776
-0015,2064,1207,106,2024-12-30 05:32:20.827774
-0015,2061,1207,106,2024-12-30 05:32:20.843774
-0014,2054,1206,106,2024-12-30 05:32:20.859781
-0015,2060,1207,106,2024-12-30 05:32:20.875782
-0015,2053,1207,106,2024-12-30 05:32:20.907274
-0016,2062,1207,106,2024-12-30 05:32:20.923717
-0015,2062,1207,106,2024-12-30 05:32:20.939704
-0015,2065,1207,106,2024-12-30 05:32:20.955709
-0014,2059,1206,106,2024-12-30 05:32:20.971702
-0015,2072,1207,106,2024-12-30 05:32:20.987700
-0015,2054,1207,106,2024-12-30 05:32:21.003693
-0015,2060,1207,106,2024-12-30 05:32:21.019690
-0015,2061,1207,106,2024-12-30 05:32:21.035691
-0015,2066,1206,106,2024-12-30 05:32:21.051677
-0015,2059,1207,106,2024-12-30 05:32:21.083644
-0015,2066,1206,106,2024-12-30 05:32:21.099684
-0015,2065,1207,106,2024-12-30 05:32:21.115679
-0014,2061,1207,106,2024-12-30 05:32:21.131664
-0015,2064,1207,106,2024-12-30 05:32:21.147669
-0015,2072,1207,106,2024-12-30 05:32:21.163670
-0015,2066,1206,106,2024-12-30 05:32:21.179667
-0015,2061,1207,106,2024-12-30 05:32:21.195656
-0014,2067,1207,106,2024-12-30 05:32:21.211662
-0015,2067,1207,106,2024-12-30 05:32:21.243246
-0016,2058,1206,106,2024-12-30 05:32:21.259639
-0015,2055,1207,106,2024-12-30 05:32:21.275634
-0015,2067,1207,106,2024-12-30 05:32:21.291634
-0015,2066,1207,106,2024-12-30 05:32:21.307640
-0015,2076,1207,106,2024-12-30 05:32:21.323634
-0015,2068,1207,106,2024-12-30 05:32:21.339625
-0015,2059,1207,106,2024-12-30 05:32:21.355622
-0014,2064,1206,106,2024-12-30 05:32:21.371614
-0015,2058,1207,106,2024-12-30 05:32:21.387614
-0015,2069,1206,106,2024-12-30 05:32:21.419582
-0016,2059,1207,106,2024-12-30 05:32:21.435604
-0015,2060,1207,106,2024-12-30 05:32:21.451601
-0015,2065,1206,106,2024-12-30 05:32:21.467591
-0015,2065,1206,106,2024-12-30 05:32:21.483594
-0015,2063,1207,106,2024-12-30 05:32:21.499586
-0015,2070,1206,106,2024-12-30 05:32:21.515585
-0015,2065,1206,106,2024-12-30 05:32:21.531628
-0016,2063,1206,106,2024-12-30 05:32:21.547593
-0014,2070,1207,106,2024-12-30 05:32:21.579192
-0015,2065,1207,106,2024-12-30 05:32:21.595570
-0015,2067,1206,106,2024-12-30 05:32:21.611560
-0015,2074,1207,106,2024-12-30 05:32:21.627562
-0015,2074,1206,106,2024-12-30 05:32:21.643555
-0015,2055,1206,106,2024-12-30 05:32:21.659552
-0016,2063,1206,106,2024-12-30 05:32:21.675547
-0015,2075,1206,106,2024-12-30 05:32:21.691545
-0015,2066,1207,106,2024-12-30 05:32:21.707543
-0016,2082,1207,106,2024-12-30 05:32:21.723546
-0015,2070,1206,106,2024-12-30 05:32:21.755499
-0014,2068,1206,106,2024-12-30 05:32:21.771531
-0015,2062,1206,106,2024-12-30 05:32:21.787519
-0015,2053,1206,106,2024-12-30 05:32:21.803524
-0015,2065,1206,106,2024-12-30 05:32:21.819528
-0014,2067,1207,106,2024-12-30 05:32:21.835527
-0014,2071,1206,106,2024-12-30 05:32:21.851518
-0016,2064,1207,106,2024-12-30 05:32:21.867506
-0015,2066,1206,106,2024-12-30 05:32:21.883505
-0015,2072,1206,106,2024-12-30 05:32:21.915096
-0015,2065,1206,106,2024-12-30 05:32:21.931497
-0015,2059,1207,106,2024-12-30 05:32:21.947499
-0016,2067,1207,106,2024-12-30 05:32:21.963482
-0014,2065,1206,106,2024-12-30 05:32:21.979492
-0014,2058,1206,106,2024-12-30 05:32:21.995485
-0014,2067,1206,106,2024-12-30 05:32:22.011486
-0015,2068,1207,106,2024-12-30 05:32:22.027477
-0015,2062,1207,106,2024-12-30 05:32:22.043470
-0015,2072,1206,106,2024-12-30 05:32:22.059468
-0015,2068,1206,106,2024-12-30 05:32:22.091432
-0015,2067,1206,106,2024-12-30 05:32:22.107457
-0014,2066,1206,106,2024-12-30 05:32:22.123457
-0015,2063,1206,106,2024-12-30 05:32:22.139453
-0014,2069,1206,106,2024-12-30 05:32:22.155451
-0015,2070,1206,106,2024-12-30 05:32:22.171445
-0014,2055,1207,106,2024-12-30 05:32:22.187452
-0015,2061,1206,106,2024-12-30 05:32:22.203450
-0015,2069,1206,106,2024-12-30 05:32:22.219432
-0015,2070,1206,106,2024-12-30 05:32:22.251044
-0015,2065,1206,106,2024-12-30 05:32:22.267427
-0015,2053,1206,106,2024-12-30 05:32:22.283418
-0015,2064,1206,106,2024-12-30 05:32:22.299417
-0015,2067,1206,106,2024-12-30 05:32:22.315422
-0014,2063,1206,106,2024-12-30 05:32:22.331408
-0015,2067,1206,106,2024-12-30 05:32:22.347400
-0014,2070,1206,106,2024-12-30 05:32:22.363404
-0015,2077,1206,106,2024-12-30 05:32:22.379397
-0015,2061,1206,106,2024-12-30 05:32:22.395395
-0015,2072,1207,106,2024-12-30 05:32:22.427374
-0016,2069,1206,106,2024-12-30 05:32:22.443381
-0015,2069,1206,106,2024-12-30 05:32:22.459391
-0014,2066,1206,106,2024-12-30 05:32:22.475383
-0015,2064,1206,106,2024-12-30 05:32:22.491383
-0016,2071,1206,106,2024-12-30 05:32:22.507371
-0015,2061,1206,106,2024-12-30 05:32:22.523366
-0015,2071,1206,106,2024-12-30 05:32:22.539371
-0015,2063,1207,106,2024-12-30 05:32:22.555365
-0015,2065,1206,106,2024-12-30 05:32:22.586952
-0016,2064,1206,106,2024-12-30 05:32:22.603346
-0015,2076,1206,106,2024-12-30 05:32:22.619346
-0016,2059,1206,106,2024-12-30 05:32:22.635343
-0015,2073,1206,106,2024-12-30 05:32:22.651340
-0015,2069,1206,106,2024-12-30 05:32:22.667339
-0015,2062,1206,106,2024-12-30 05:32:22.683338
-0016,2075,1206,106,2024-12-30 05:32:22.699339
-0015,2067,1206,106,2024-12-30 05:32:22.715329
-0015,2060,1206,106,2024-12-30 05:32:22.731315
-0015,2069,1206,106,2024-12-30 05:32:22.763294
-0015,2059,1206,106,2024-12-30 05:32:22.779306
-0015,2063,1206,106,2024-12-30 05:32:22.795309
-0015,2063,1206,106,2024-12-30 05:32:22.811308
-0015,2073,1206,106,2024-12-30 05:32:22.827303
-0015,2066,1206,106,2024-12-30 05:32:22.843303
-0016,2071,1206,106,2024-12-30 05:32:22.859290
-0015,2056,1206,106,2024-12-30 05:32:22.875290
-0014,2054,1206,106,2024-12-30 05:32:22.891290
-0015,2064,1206,106,2024-12-30 05:32:22.922883
-0015,2070,1206,106,2024-12-30 05:32:22.939276
-0016,2068,1206,106,2024-12-30 05:32:22.955276
-0015,2062,1206,106,2024-12-30 05:32:22.971262
-0015,2064,1206,106,2024-12-30 05:32:22.987264
-0015,2066,1206,106,2024-12-30 05:32:23.003264
-0015,2075,1206,106,2024-12-30 05:32:23.019258
-0015,2074,1206,106,2024-12-30 05:32:23.035259
-0015,2068,1206,106,2024-12-30 05:32:23.051259
-0016,2070,1206,106,2024-12-30 05:32:23.067247
-0015,2072,1206,106,2024-12-30 05:32:23.099225
-0015,2071,1206,106,2024-12-30 05:32:23.115248
-0015,2063,1206,106,2024-12-30 05:32:23.131237
-0015,2062,1206,106,2024-12-30 05:32:23.147229
-0015,2071,1206,106,2024-12-30 05:32:23.163231
-0015,2060,1206,106,2024-12-30 05:32:23.179227
-0015,2059,1206,106,2024-12-30 05:32:23.195231
-0015,2056,1206,106,2024-12-30 05:32:23.211221
-0015,2066,1206,106,2024-12-30 05:32:23.227210
-0015,2071,1206,106,2024-12-30 05:32:23.258817
-0015,2067,1206,106,2024-12-30 05:32:23.275214
-0015,2064,1206,106,2024-12-30 05:32:23.291227
-0015,2059,1206,106,2024-12-30 05:32:23.307215
-0015,2065,1206,106,2024-12-30 05:32:23.323195
-0016,2069,1206,106,2024-12-30 05:32:23.339193
-0015,2067,1206,106,2024-12-30 05:32:23.355184
-0015,2071,1206,106,2024-12-30 05:32:23.371186
-0015,2071,1206,106,2024-12-30 05:32:23.387183
-0015,2067,1206,106,2024-12-30 05:32:23.403183
-0015,2067,1206,106,2024-12-30 05:32:23.435147
-0016,2062,1206,106,2024-12-30 05:32:23.451175
-0015,2066,1206,106,2024-12-30 05:32:23.467161
-0015,2068,1206,106,2024-12-30 05:32:23.483162
-0015,2063,1206,106,2024-12-30 05:32:23.499154
-0015,2066,1206,106,2024-12-30 05:32:23.515159
-0015,2072,1206,106,2024-12-30 05:32:23.531150
-0015,2060,1206,106,2024-12-30 05:32:23.547141
-0015,2061,1206,106,2024-12-30 05:32:23.563145
-0015,2066,1206,106,2024-12-30 05:32:23.594737
-0015,2062,1206,106,2024-12-30 05:32:23.611128
-0015,2068,1206,106,2024-12-30 05:32:23.627134
-0015,2070,1206,106,2024-12-30 05:32:23.643123
-0016,2072,1206,106,2024-12-30 05:32:23.659121
-0016,2060,1206,106,2024-12-30 05:32:23.675127
-0015,2065,1206,106,2024-12-30 05:32:23.691125
-0016,2060,1206,106,2024-12-30 05:32:23.707128
-0015,2073,1206,106,2024-12-30 05:32:23.723132
-0015,2070,1206,106,2024-12-30 05:32:23.739134
-0015,2063,1206,106,2024-12-30 05:32:23.771099
-0015,2066,1206,106,2024-12-30 05:32:23.787144
-0015,2060,1206,106,2024-12-30 05:32:23.803143
-0016,2055,1206,106,2024-12-30 05:32:23.819139
-0015,2075,1206,106,2024-12-30 05:32:23.835145
-0015,2073,1206,106,2024-12-30 05:32:23.851081
-0015,2060,1206,106,2024-12-30 05:32:23.867110
-0015,2061,1206,106,2024-12-30 05:32:23.883077
-0016,2060,1206,106,2024-12-30 05:32:23.899084
-0016,2066,1206,106,2024-12-30 05:32:23.930691
-0015,2057,1206,106,2024-12-30 05:32:23.947066
-0015,2073,1206,106,2024-12-30 05:32:23.963070
-0015,2060,1206,106,2024-12-30 05:32:23.979059
-0016,2069,1206,106,2024-12-30 05:32:23.995060
-0016,2062,1206,106,2024-12-30 05:32:24.011053
-0015,2069,1206,106,2024-12-30 05:32:24.027054
-0015,2070,1206,106,2024-12-30 05:32:24.043062
-0015,2059,1206,106,2024-12-30 05:32:24.059044
-0015,2065,1206,106,2024-12-30 05:32:24.075044
-0015,2063,1206,106,2024-12-30 05:32:24.107008
-0015,2072,1206,106,2024-12-30 05:32:24.123032
-0015,2068,1206,106,2024-12-30 05:32:24.139026
-0016,2062,1206,106,2024-12-30 05:32:24.155031
-0015,2058,1206,106,2024-12-30 05:32:24.171014
-0015,2069,1206,106,2024-12-30 05:32:24.187020
-0015,2066,1206,106,2024-12-30 05:32:24.203012
-0015,2059,1206,106,2024-12-30 05:32:24.219006
-0016,2067,1206,106,2024-12-30 05:32:24.235005
-0015,2059,1206,106,2024-12-30 05:32:24.266621
-0015,2063,1206,106,2024-12-30 05:32:24.282997
-0015,2068,1205,106,2024-12-30 05:32:24.298998
-0015,2055,1206,106,2024-12-30 05:32:24.314996
-0016,2067,1205,106,2024-12-30 05:32:24.330985
-0015,2055,1206,106,2024-12-30 05:32:24.346988
-0015,2074,1205,106,2024-12-30 05:32:24.362976
-0015,2066,1206,106,2024-12-30 05:32:24.378971
-0015,2064,1206,106,2024-12-30 05:32:24.394981
-0015,2063,1206,106,2024-12-30 05:32:24.410965
-0015,2063,1206,106,2024-12-30 05:32:24.442941
-0016,2072,1206,106,2024-12-30 05:32:24.458966
-0015,2067,1205,106,2024-12-30 05:32:24.474952
-0015,2066,1206,106,2024-12-30 05:32:24.490951
-0015,2060,1206,106,2024-12-30 05:32:24.506954
-0014,2071,1206,106,2024-12-30 05:32:24.522958
-0015,2069,1206,106,2024-12-30 05:32:24.538943
-0015,2057,1206,106,2024-12-30 05:32:24.554936
-0014,2060,1206,106,2024-12-30 05:32:24.570930
-0015,2072,1205,106,2024-12-30 05:32:24.602526
-0015,2065,1206,106,2024-12-30 05:32:24.618927
-0016,2065,1206,106,2024-12-30 05:32:24.634920
-0015,2057,1206,106,2024-12-30 05:32:24.650915
-0015,2062,1206,106,2024-12-30 05:32:24.666902
-0016,2058,1206,106,2024-12-30 05:32:24.682907
-0015,2067,1205,106,2024-12-30 05:32:24.698899
-0016,2070,1206,106,2024-12-30 05:32:24.714898
-0015,2065,1206,106,2024-12-30 05:32:24.730891
-0015,2063,1206,106,2024-12-30 05:32:24.746900
-0015,2058,1206,106,2024-12-30 05:32:24.778849
-0016,2066,1206,106,2024-12-30 05:32:24.794896
-0015,2071,1206,106,2024-12-30 05:32:24.810878
-0016,2054,1206,106,2024-12-30 05:32:24.826886
-0015,2057,1206,106,2024-12-30 05:32:24.842868
-0015,2062,1206,106,2024-12-30 05:32:24.858863
-0015,2057,1206,106,2024-12-30 05:32:24.874869
-0015,2062,1206,106,2024-12-30 05:32:24.890878
-0015,2061,1205,106,2024-12-30 05:32:24.906861
-0015,2060,1205,106,2024-12-30 05:32:24.938470
-0015,2068,1206,106,2024-12-30 05:32:24.954848
-0015,2061,1206,106,2024-12-30 05:32:24.970846
-0015,2077,1206,106,2024-12-30 05:32:24.986837
-0016,2067,1206,106,2024-12-30 05:32:25.002835
-0015,2060,1206,106,2024-12-30 05:32:25.018835
-0015,2062,1205,106,2024-12-30 05:32:25.034832
-0015,2062,1206,106,2024-12-30 05:32:25.050824
-0015,2057,1206,106,2024-12-30 05:32:25.066819
-0015,2066,1206,106,2024-12-30 05:32:25.082823
-0015,2057,1205,106,2024-12-30 05:32:25.114801
-0015,2054,1205,106,2024-12-30 05:32:25.130823
-0015,2069,1206,106,2024-12-30 05:32:25.146804
-0015,2060,1206,106,2024-12-30 05:32:25.162810
-0016,2072,1205,106,2024-12-30 05:32:25.178804
-0016,2068,1205,106,2024-12-30 05:32:25.194800
-0015,2065,1206,106,2024-12-30 05:32:25.210800
-0015,2062,1205,106,2024-12-30 05:32:25.226790
-0015,2062,1206,106,2024-12-30 05:32:25.242802
-0016,2052,1206,106,2024-12-30 05:32:25.274388
-0015,2060,1205,106,2024-12-30 05:32:25.290781
-0014,2066,1206,106,2024-12-30 05:32:25.306785
-0015,2064,1205,106,2024-12-30 05:32:25.322766
-0016,2060,1205,106,2024-12-30 05:32:25.338764
-0016,2056,1205,106,2024-12-30 05:32:25.354757
-0015,2064,1205,106,2024-12-30 05:32:25.370749
-0015,2062,1206,106,2024-12-30 05:32:25.386760
-0015,2066,1206,106,2024-12-30 05:32:25.402754
-0015,2056,1206,106,2024-12-30 05:32:25.418755
-0016,2065,1206,106,2024-12-30 05:32:25.450731
-0015,2059,1206,106,2024-12-30 05:32:25.466744
-0015,2065,1205,106,2024-12-30 05:32:25.482740
-0015,2060,1205,106,2024-12-30 05:32:25.498743
-0016,2057,1205,106,2024-12-30 05:32:25.514724
-0015,2066,1206,106,2024-12-30 05:32:25.530733
-0015,2065,1206,106,2024-12-30 05:32:25.546717
-0015,2070,1205,106,2024-12-30 05:32:25.562719
-0015,2062,1206,106,2024-12-30 05:32:25.578718
-0015,2057,1205,106,2024-12-30 05:32:25.610296
-0015,2059,1206,106,2024-12-30 05:32:25.626693
-0015,2058,1206,106,2024-12-30 05:32:25.642706
-0015,2063,1205,106,2024-12-30 05:32:25.658692
-0015,2056,1205,106,2024-12-30 05:32:25.674693
-0015,2057,1205,106,2024-12-30 05:32:25.690686
-0015,2056,1206,106,2024-12-30 05:32:25.706690
-0015,2057,1205,106,2024-12-30 05:32:25.722679
-0015,2052,1205,106,2024-12-30 05:32:25.738689
-0015,2054,1205,106,2024-12-30 05:32:25.754680
-0015,2063,1206,106,2024-12-30 05:32:25.786639
-0015,2069,1205,106,2024-12-30 05:32:25.802669
-0016,2054,1205,106,2024-12-30 05:32:25.818671
-0016,2069,1205,106,2024-12-30 05:32:25.834659
-0015,2055,1205,106,2024-12-30 05:32:25.850656
-0015,2059,1205,106,2024-12-30 05:32:25.866664
-0015,2047,1205,106,2024-12-30 05:32:25.882663
-0015,2063,1206,106,2024-12-30 05:32:25.898642
-0015,2059,1206,106,2024-12-30 05:32:25.914656
-0015,2067,1205,106,2024-12-30 05:32:25.946223
-0015,2052,1205,106,2024-12-30 05:32:25.962641
-0015,2060,1206,106,2024-12-30 05:32:25.978626
-0015,2047,1206,106,2024-12-30 05:32:25.994634
-0015,2055,1205,106,2024-12-30 05:32:26.010620
-0016,2053,1205,106,2024-12-30 05:32:26.026628
-0015,2058,1205,106,2024-12-30 05:32:26.042622
-0015,2061,1205,106,2024-12-30 05:32:26.058613
-0015,2062,1205,106,2024-12-30 05:32:26.074615
-0016,2062,1205,106,2024-12-30 05:32:26.090610
-0016,2051,1205,106,2024-12-30 05:32:26.122591
-0016,2055,1205,106,2024-12-30 05:32:26.138603
-0015,2059,1205,106,2024-12-30 05:32:26.154603
-0015,2064,1205,106,2024-12-30 05:32:26.170598
-0015,2063,1205,106,2024-12-30 05:32:26.186589
-0015,2065,1205,106,2024-12-30 05:32:26.202589
-0015,2064,1205,106,2024-12-30 05:32:26.218581
-0015,2054,1205,106,2024-12-30 05:32:26.234585
-0016,2058,1205,106,2024-12-30 05:32:26.250593
-0015,2072,1205,106,2024-12-30 05:32:26.282179
-0015,2060,1205,106,2024-12-30 05:32:26.298561
-0015,2062,1205,106,2024-12-30 05:32:26.314566
-0016,2062,1205,106,2024-12-30 05:32:26.330563
-0015,2049,1205,106,2024-12-30 05:32:26.346564
-0014,2064,1206,106,2024-12-30 05:32:26.362564
-0016,2058,1205,106,2024-12-30 05:32:26.378565
-0015,2059,1205,106,2024-12-30 05:32:26.394543
-0015,2056,1205,106,2024-12-30 05:32:26.410544
-0015,2063,1205,106,2024-12-30 05:32:26.426540
-0016,2055,1205,106,2024-12-30 05:32:26.458514
-0015,2055,1205,106,2024-12-30 05:32:26.474520
-0015,2059,1205,106,2024-12-30 05:32:26.490527
-0015,2055,1205,106,2024-12-30 05:32:26.506519
-0015,2058,1205,106,2024-12-30 05:32:26.522522
-0015,2066,1205,106,2024-12-30 05:32:26.538520
-0015,2073,1205,106,2024-12-30 05:32:26.554505
-0016,2060,1205,106,2024-12-30 05:32:26.570505
-0015,2069,1205,106,2024-12-30 05:32:26.586505
-0016,2055,1205,106,2024-12-30 05:32:26.618091
-0015,2054,1205,106,2024-12-30 05:32:26.634502
-0015,2056,1205,106,2024-12-30 05:32:26.650508
-0015,2062,1205,106,2024-12-30 05:32:26.666508
-0015,2051,1205,106,2024-12-30 05:32:26.682509
-0015,2062,1205,106,2024-12-30 05:32:26.698513
-0015,2055,1205,106,2024-12-30 05:32:26.714519
-0016,2061,1205,106,2024-12-30 05:32:26.730514
-0016,2049,1205,106,2024-12-30 05:32:26.746518
-0016,2060,1205,106,2024-12-30 05:32:26.762520
-0015,2053,1205,106,2024-12-30 05:32:26.794477
-0015,2053,1205,106,2024-12-30 05:32:26.810448
-0015,2051,1205,106,2024-12-30 05:32:26.826438
-0015,2057,1205,106,2024-12-30 05:32:26.842437
-0016,2054,1205,106,2024-12-30 05:32:26.858429
-0015,2054,1205,106,2024-12-30 05:32:26.874434
-0015,2048,1205,106,2024-12-30 05:32:26.890423
-0015,2057,1205,106,2024-12-30 05:32:26.906425
-0016,2057,1205,106,2024-12-30 05:32:26.922417
-0016,2058,1205,106,2024-12-30 05:32:26.954009
-0015,2053,1205,106,2024-12-30 05:32:26.970419
-0015,2058,1205,106,2024-12-30 05:32:26.986422
-0016,2046,1205,106,2024-12-30 05:32:27.002405
-0015,2044,1205,106,2024-12-30 05:32:27.018402
-0015,2055,1205,106,2024-12-30 05:32:27.034393
-0015,2056,1205,106,2024-12-30 05:32:27.050390
-0015,2058,1205,106,2024-12-30 05:32:27.066383
-0016,2046,1205,106,2024-12-30 05:32:27.082383
-0015,2059,1205,106,2024-12-30 05:32:27.098384
-0015,2055,1205,106,2024-12-30 05:32:27.130357
-0015,2042,1205,106,2024-12-30 05:32:27.146370
-0015,2051,1205,106,2024-12-30 05:32:27.162370
-0015,2054,1205,106,2024-12-30 05:32:27.178384
-0015,2057,1205,106,2024-12-30 05:32:27.194358
-0015,2056,1205,106,2024-12-30 05:32:27.210358
-0015,2049,1205,106,2024-12-30 05:32:27.226350
-0016,2058,1205,106,2024-12-30 05:32:27.242371
-0015,2058,1205,106,2024-12-30 05:32:27.258348
-0015,2048,1205,106,2024-12-30 05:32:27.289955
-0015,2048,1205,106,2024-12-30 05:32:27.306342
-0015,2067,1205,106,2024-12-30 05:32:27.322336
-0016,2054,1205,106,2024-12-30 05:32:27.338335
-0014,2056,1205,106,2024-12-30 05:32:27.354331
-0015,2059,1205,106,2024-12-30 05:32:27.370324
-0015,2049,1205,106,2024-12-30 05:32:27.386321
-0016,2061,1205,106,2024-12-30 05:32:27.402316
-0015,2044,1205,106,2024-12-30 05:32:27.418308
-0016,2051,1205,106,2024-12-30 05:32:27.434311
-0015,2054,1205,106,2024-12-30 05:32:27.466313
-0016,2053,1205,106,2024-12-30 05:32:27.482298
-0016,2063,1205,106,2024-12-30 05:32:27.498300
-0015,2047,1205,106,2024-12-30 05:32:27.514285
-0016,2057,1205,106,2024-12-30 05:32:27.530293
-0015,2048,1205,106,2024-12-30 05:32:27.546283
-0016,2059,1205,106,2024-12-30 05:32:27.562282
-0015,2059,1205,106,2024-12-30 05:32:27.578280
-0015,2056,1205,106,2024-12-30 05:32:27.594271
-0016,2054,1205,106,2024-12-30 05:32:27.625879
-0016,2061,1205,106,2024-12-30 05:32:27.642268
-0015,2060,1205,106,2024-12-30 05:32:27.658473
-0015,2053,1205,106,2024-12-30 05:32:27.674282
-0015,2051,1205,106,2024-12-30 05:32:27.690263
-0015,2051,1205,106,2024-12-30 05:32:27.706262
-0016,2057,1205,106,2024-12-30 05:32:27.722259
-0015,2044,1205,106,2024-12-30 05:32:27.738253
-0015,2046,1205,106,2024-12-30 05:32:27.754249
-0015,2043,1205,106,2024-12-30 05:32:27.770238
-0015,2057,1205,106,2024-12-30 05:32:27.802214
-0015,2057,1205,106,2024-12-30 05:32:27.818231
-0015,2053,1205,106,2024-12-30 05:32:27.834228
-0016,2048,1205,106,2024-12-30 05:32:27.850216
-0015,2060,1205,106,2024-12-30 05:32:27.866217
-0016,2051,1205,106,2024-12-30 05:32:27.882224
-0015,2057,1205,106,2024-12-30 05:32:27.898220
-0015,2055,1205,106,2024-12-30 05:32:27.914206
-0015,2067,1205,106,2024-12-30 05:32:27.930201
-0016,2068,1205,106,2024-12-30 05:32:27.961808
-0016,2061,1205,106,2024-12-30 05:32:27.978195
-0016,2061,1205,106,2024-12-30 05:32:27.994185
-0016,2042,1205,106,2024-12-30 05:32:28.010192
-0015,2062,1205,106,2024-12-30 05:32:28.026179
-0015,2053,1205,106,2024-12-30 05:32:28.042174
-0016,2051,1205,106,2024-12-30 05:32:28.058175
-0015,2055,1205,106,2024-12-30 05:32:28.074176
-0016,2060,1205,106,2024-12-30 05:32:28.090177
-0015,2063,1205,106,2024-12-30 05:32:28.106169
-0015,2063,1205,106,2024-12-30 05:32:28.138134
-0016,2054,1205,106,2024-12-30 05:32:28.154147
-0016,2057,1205,106,2024-12-30 05:32:28.170145
-0015,2063,1205,106,2024-12-30 05:32:28.186153
-0016,2052,1205,106,2024-12-30 05:32:28.202149
-0015,2046,1205,106,2024-12-30 05:32:28.218142
-0015,2055,1205,106,2024-12-30 05:32:28.234141
-0015,2047,1205,106,2024-12-30 05:32:28.250155
-0016,2056,1205,106,2024-12-30 05:32:28.266134
-0016,2054,1205,106,2024-12-30 05:32:28.297742
-0015,2050,1205,106,2024-12-30 05:32:28.314133
-0015,2048,1205,106,2024-12-30 05:32:28.330123
-0015,2053,1205,106,2024-12-30 05:32:28.346115
-0015,2057,1205,106,2024-12-30 05:32:28.362109
-0015,2051,1205,106,2024-12-30 05:32:28.378108
-0015,2051,1205,106,2024-12-30 05:32:28.394111
-0015,2043,1205,106,2024-12-30 05:32:28.410100
-0015,2052,1205,106,2024-12-30 05:32:28.426093
-0016,2044,1205,106,2024-12-30 05:32:28.442096
-0015,2023,1205,106,2024-12-30 05:32:28.474065
-0015,2048,1205,106,2024-12-30 05:32:28.490084
-0016,2043,1205,106,2024-12-30 05:32:28.506078
-0015,2055,1204,106,2024-12-30 05:32:28.522075
-0015,2048,1205,106,2024-12-30 05:32:28.538067
-0015,2053,1204,106,2024-12-30 05:32:28.554069
-0015,2054,1204,106,2024-12-30 05:32:28.570071
-0016,2050,1205,106,2024-12-30 05:32:28.586061
-0015,2052,1204,106,2024-12-30 05:32:28.602058
-0016,2050,1205,106,2024-12-30 05:32:28.633668
-0015,2056,1205,106,2024-12-30 05:32:28.650049
-0015,2054,1205,106,2024-12-30 05:32:28.666040
-0016,2048,1205,106,2024-12-30 05:32:28.682043
-0016,2052,1205,106,2024-12-30 05:32:28.698030
-0015,2040,1204,106,2024-12-30 05:32:28.714041
-0016,2046,1204,106,2024-12-30 05:32:28.730032
-0015,2056,1205,106,2024-12-30 05:32:28.746035
-0015,2050,1205,106,2024-12-30 05:32:28.762025
-0015,2055,1204,106,2024-12-30 05:32:28.778030
-0015,2046,1204,106,2024-12-30 05:32:28.810028
-0015,2046,1205,106,2024-12-30 05:32:28.826032
-0015,2042,1204,106,2024-12-30 05:32:28.842010
-0016,2045,1205,106,2024-12-30 05:32:28.858011
-0015,2052,1205,106,2024-12-30 05:32:28.874000
-0016,2047,1204,106,2024-12-30 05:32:28.889998
-0016,2054,1204,106,2024-12-30 05:32:28.905996
-0015,2051,1205,106,2024-12-30 05:32:28.921994
-0016,2053,1204,106,2024-12-30 05:32:28.937995
-0015,2050,1205,106,2024-12-30 05:32:28.969597
-0015,2039,1204,106,2024-12-30 05:32:28.985977
-0015,2039,1204,106,2024-12-30 05:32:29.001978
-0015,2048,1204,106,2024-12-30 05:32:29.017970
-0015,2048,1205,106,2024-12-30 05:32:29.033966
-0015,2053,1205,106,2024-12-30 05:32:29.049964
-0016,2051,1205,106,2024-12-30 05:32:29.065953
-0015,2038,1205,106,2024-12-30 05:32:29.081956
-0015,2061,1204,106,2024-12-30 05:32:29.097957
-0015,2052,1204,106,2024-12-30 05:32:29.113944
-0015,2058,1205,106,2024-12-30 05:32:29.145937
-0015,2059,1204,106,2024-12-30 05:32:29.161934
-0015,2047,1204,106,2024-12-30 05:32:29.177934
-0014,2050,1204,106,2024-12-30 05:32:29.193939
-0015,2051,1205,106,2024-12-30 05:32:29.209922
-0015,2059,1204,106,2024-12-30 05:32:29.225925
-0015,2049,1204,106,2024-12-30 05:32:29.241928
-0016,2053,1204,106,2024-12-30 05:32:29.257913
-0015,2051,1204,106,2024-12-30 05:32:29.273926
-0016,2048,1204,106,2024-12-30 05:32:29.305534
-0015,2053,1205,106,2024-12-30 05:32:29.321916
-0015,2050,1204,106,2024-12-30 05:32:29.337903
-0015,2043,1205,106,2024-12-30 05:32:29.353889
-0015,2054,1204,106,2024-12-30 05:32:29.369895
-0016,2051,1204,106,2024-12-30 05:32:29.385885
-0015,2044,1204,106,2024-12-30 05:32:29.401880
-0015,2052,1204,106,2024-12-30 05:32:29.417885
-0016,2052,1204,106,2024-12-30 05:32:29.433872
-0016,2049,1204,106,2024-12-30 05:32:29.449874
-0015,2045,1204,106,2024-12-30 05:32:29.481848
-0016,2059,1204,106,2024-12-30 05:32:29.497865
-0015,2050,1204,106,2024-12-30 05:32:29.513863
-0016,2044,1204,106,2024-12-30 05:32:29.529859
-0015,2054,1204,106,2024-12-30 05:32:29.545863
-0015,2040,1205,106,2024-12-30 05:32:29.561857
-0016,2049,1204,106,2024-12-30 05:32:29.577859
-0015,2037,1204,106,2024-12-30 05:32:29.593861
-0016,2043,1204,106,2024-12-30 05:32:29.609870
-0014,2051,1205,106,2024-12-30 05:32:29.641465
-0016,2057,1204,106,2024-12-30 05:32:29.657871
-0015,2042,1204,106,2024-12-30 05:32:29.673877
-0015,2039,1204,106,2024-12-30 05:32:29.689874
-0015,2053,1204,106,2024-12-30 05:32:29.705879
-0017,2050,1204,106,2024-12-30 05:32:29.721880
-0015,2045,1204,106,2024-12-30 05:32:29.737891
-0015,2050,1204,106,2024-12-30 05:32:29.753813
-0015,2048,1204,106,2024-12-30 05:32:29.769812
-0015,2052,1204,106,2024-12-30 05:32:29.785799
-0015,2049,1204,106,2024-12-30 05:32:29.817796
-0015,2039,1204,106,2024-12-30 05:32:29.833800
-0016,2049,1204,106,2024-12-30 05:32:29.849794
-0015,2052,1204,106,2024-12-30 05:32:29.865781
-0016,2050,1204,106,2024-12-30 05:32:29.881781
-0016,2042,1204,106,2024-12-30 05:32:29.897777
-0016,2052,1204,106,2024-12-30 05:32:29.913781
-0016,2052,1204,106,2024-12-30 05:32:29.929780
-0015,2046,1204,106,2024-12-30 05:32:29.945764
-0015,2042,1204,106,2024-12-30 05:32:29.977374
-0015,2049,1204,106,2024-12-30 05:32:29.993763
-0015,2045,1204,106,2024-12-30 05:32:30.009748
-0015,2040,1204,106,2024-12-30 05:32:30.025757
-0015,2041,1204,106,2024-12-30 05:32:30.041753
-0016,2046,1204,106,2024-12-30 05:32:30.057744
-0015,2037,1204,106,2024-12-30 05:32:30.073742
-0015,2038,1204,106,2024-12-30 05:32:30.089733
-0016,2049,1204,106,2024-12-30 05:32:30.105746
-0015,2035,1204,106,2024-12-30 05:32:30.121732
-0015,2049,1204,106,2024-12-30 05:32:30.153725
-0015,2041,1204,106,2024-12-30 05:32:30.169718
-0016,2054,1204,106,2024-12-30 05:32:30.185726
-0016,2050,1204,106,2024-12-30 05:32:30.201712
-0015,2049,1204,106,2024-12-30 05:32:30.217713
-0015,2044,1204,106,2024-12-30 05:32:30.233705
-0015,2044,1204,106,2024-12-30 05:32:30.249725
-0016,2051,1204,106,2024-12-30 05:32:30.265700
-0016,2043,1204,106,2024-12-30 05:32:30.281704
-0015,2049,1204,106,2024-12-30 05:32:30.313304
-0015,2042,1204,106,2024-12-30 05:32:30.329691
-0015,2027,1204,106,2024-12-30 05:32:30.345683
-0014,2049,1204,106,2024-12-30 05:32:30.361673
-0015,2046,1204,106,2024-12-30 05:32:30.377680
-0015,2047,1204,106,2024-12-30 05:32:30.393676
-0015,2034,1204,106,2024-12-30 05:32:30.409679
-0015,2042,1204,106,2024-12-30 05:32:30.425664
-0016,2048,1204,106,2024-12-30 05:32:30.441668
-0015,2039,1204,106,2024-12-30 05:32:30.457657
-0015,2039,1204,106,2024-12-30 05:32:30.489638
-0016,2041,1204,106,2024-12-30 05:32:30.505647
-0015,2041,1204,106,2024-12-30 05:32:30.521645
-0015,2044,1204,106,2024-12-30 05:32:30.537637
-0015,2042,1204,106,2024-12-30 05:32:30.553642
-0015,2042,1204,106,2024-12-30 05:32:30.569635
-0015,2040,1204,106,2024-12-30 05:32:30.585633
-0016,2039,1204,106,2024-12-30 05:32:30.601629
-0016,2045,1204,106,2024-12-30 05:32:30.617633
-0016,2039,1204,106,2024-12-30 05:32:30.649235
-0016,2045,1204,106,2024-12-30 05:32:30.665631
-0015,2037,1204,106,2024-12-30 05:32:30.681610
-0015,2034,1204,106,2024-12-30 05:32:30.697614
-0015,2037,1204,106,2024-12-30 05:32:30.713599
-0015,2032,1204,106,2024-12-30 05:32:30.729600
-0015,2040,1204,106,2024-12-30 05:32:30.745605
-0015,2033,1204,106,2024-12-30 05:32:30.761595
-0015,2036,1204,106,2024-12-30 05:32:30.777595
-0015,2035,1204,106,2024-12-30 05:32:30.793579
-0016,2040,1204,106,2024-12-30 05:32:30.825555
-0016,2038,1204,106,2024-12-30 05:32:30.841581
-0015,2038,1204,106,2024-12-30 05:32:30.857571
-0016,2044,1204,106,2024-12-30 05:32:30.873560
-0015,2030,1204,106,2024-12-30 05:32:30.889569
-0015,2043,1204,106,2024-12-30 05:32:30.905555
-0015,2036,1204,106,2024-12-30 05:32:30.921557
-0016,2031,1204,106,2024-12-30 05:32:30.937554
-0015,2042,1204,106,2024-12-30 05:32:30.953553
-0015,2039,1204,106,2024-12-30 05:32:30.985149
-0015,2039,1204,106,2024-12-30 05:32:31.001540
-0015,2035,1204,106,2024-12-30 05:32:31.017537
-0015,2045,1204,106,2024-12-30 05:32:31.033542
-0015,2035,1204,106,2024-12-30 05:32:31.049528
-0015,2030,1204,106,2024-12-30 05:32:31.065530
-0015,2034,1204,106,2024-12-30 05:32:31.081520
-0015,2037,1204,106,2024-12-30 05:32:31.097516
-0016,2027,1204,106,2024-12-30 05:32:31.113517
-0015,2039,1204,106,2024-12-30 05:32:31.129517
-0015,2026,1204,106,2024-12-30 05:32:31.161501
-0015,2038,1204,106,2024-12-30 05:32:31.177503
-0015,2038,1204,106,2024-12-30 05:32:31.193497
-0016,2025,1204,106,2024-12-30 05:32:31.209504
-0015,2035,1204,106,2024-12-30 05:32:31.225493
-0015,2030,1204,106,2024-12-30 05:32:31.241503
-0015,2021,1204,106,2024-12-30 05:32:31.257490
-0016,2029,1204,106,2024-12-30 05:32:31.273475
-0016,2025,1204,106,2024-12-30 05:32:31.289480
-0015,2039,1204,106,2024-12-30 05:32:31.321087
-0015,2026,1204,106,2024-12-30 05:32:31.337467
-0015,2041,1204,106,2024-12-30 05:32:31.353463
-0016,2025,1204,106,2024-12-30 05:32:31.369459
-0016,2034,1204,106,2024-12-30 05:32:31.385463
-0015,2025,1204,106,2024-12-30 05:32:31.401468
-0016,2029,1204,106,2024-12-30 05:32:31.417446
-0016,2041,1204,106,2024-12-30 05:32:31.433453
-0016,2034,1204,106,2024-12-30 05:32:31.449442
-0015,2047,1204,106,2024-12-30 05:32:31.465433
-0015,2032,1204,106,2024-12-30 05:32:31.497411
-0015,2034,1203,106,2024-12-30 05:32:31.513440
-0015,2033,1204,106,2024-12-30 05:32:31.529424
-0015,2039,1204,106,2024-12-30 05:32:31.545430
-0015,2023,1204,106,2024-12-30 05:32:31.561418
-0015,2018,1204,106,2024-12-30 05:32:31.577417
-0015,2017,1204,106,2024-12-30 05:32:31.593411
-0016,2022,1204,106,2024-12-30 05:32:31.609401
-0016,2022,1204,106,2024-12-30 05:32:31.625403
-0016,2026,1204,106,2024-12-30 05:32:31.657008
-0015,2028,1204,106,2024-12-30 05:32:31.673393
-0016,2048,1204,106,2024-12-30 05:32:31.689392
-0016,2035,1204,106,2024-12-30 05:32:31.705382
-0015,2025,1203,106,2024-12-30 05:32:31.721380
-0016,2025,1204,106,2024-12-30 05:32:31.737380
-0016,2036,1204,106,2024-12-30 05:32:31.753382
-0015,2038,1204,106,2024-12-30 05:32:31.769381
-0015,2040,1204,106,2024-12-30 05:32:31.785370
-0016,2029,1204,106,2024-12-30 05:32:31.801356
-0016,2023,1204,106,2024-12-30 05:32:31.833337
-0015,2020,1204,106,2024-12-30 05:32:31.849354
-0015,2028,1204,106,2024-12-30 05:32:31.865351
-0016,2034,1204,106,2024-12-30 05:32:31.881351
-0015,2030,1204,106,2024-12-30 05:32:31.897362
-0016,2018,1204,106,2024-12-30 05:32:31.913336
-0015,2017,1204,106,2024-12-30 05:32:31.929337
-0015,2024,1203,106,2024-12-30 05:32:31.945337
-0016,2029,1204,106,2024-12-30 05:32:31.961334
-0015,2030,1204,106,2024-12-30 05:32:31.992936
-0015,2033,1204,106,2024-12-30 05:32:32.009319
-0016,2040,1204,106,2024-12-30 05:32:32.025323
-0014,2022,1204,106,2024-12-30 05:32:32.041308
-0015,2030,1204,106,2024-12-30 05:32:32.057310
-0015,2029,1204,106,2024-12-30 05:32:32.073304
-0015,2017,1204,106,2024-12-30 05:32:32.089311
-0015,2026,1204,106,2024-12-30 05:32:32.105304
-0015,2033,1204,106,2024-12-30 05:32:32.121305
-0015,2022,1204,106,2024-12-30 05:32:32.137303
-0015,2025,1204,106,2024-12-30 05:32:32.169290
-0015,2018,1204,106,2024-12-30 05:32:32.185278
-0016,2028,1204,106,2024-12-30 05:32:32.201279
-0016,2026,1204,106,2024-12-30 05:32:32.217270
-0015,2020,1203,106,2024-12-30 05:32:32.233272
-0015,2029,1203,106,2024-12-30 05:32:32.249282
-0015,2029,1204,106,2024-12-30 05:32:32.265264
-0015,2022,1204,106,2024-12-30 05:32:32.281264
-0015,2033,1204,106,2024-12-30 05:32:32.297252
-0016,2018,1204,106,2024-12-30 05:32:32.328882
-0016,2028,1204,106,2024-12-30 05:32:32.345251
-0015,2027,1204,106,2024-12-30 05:32:32.361242
-0015,2045,1203,106,2024-12-30 05:32:32.377244
-0015,2028,1203,106,2024-12-30 05:32:32.393233
-0016,2018,1203,106,2024-12-30 05:32:32.409231
-0015,2026,1203,106,2024-12-30 05:32:32.425233
-0016,2031,1204,106,2024-12-30 05:32:32.441225
-0016,2019,1203,106,2024-12-30 05:32:32.457231
-0016,2026,1204,106,2024-12-30 05:32:32.473214
-0015,2035,1204,106,2024-12-30 05:32:32.505223
-0015,2020,1204,106,2024-12-30 05:32:32.521223
-0016,2023,1204,106,2024-12-30 05:32:32.537230
-0015,2020,1203,106,2024-12-30 05:32:32.553231
-0016,2030,1204,106,2024-12-30 05:32:32.569228
-0016,2037,1204,106,2024-12-30 05:32:32.585232
-0015,2028,1204,106,2024-12-30 05:32:32.601230
-0015,2022,1204,106,2024-12-30 05:32:32.617237
-0015,2027,1204,106,2024-12-30 05:32:32.633231
-0016,2035,1204,106,2024-12-30 05:32:32.664840
-0015,2019,1204,106,2024-12-30 05:32:32.681174
-0015,2017,1203,106,2024-12-30 05:32:32.697177
-0016,2029,1203,106,2024-12-30 05:32:32.713163
-0015,2032,1204,106,2024-12-30 05:32:32.729166
-0015,2034,1203,106,2024-12-30 05:32:32.745165
-0016,2027,1203,106,2024-12-30 05:32:32.761161
-0016,2018,1204,106,2024-12-30 05:32:32.777151
-0015,2025,1204,106,2024-12-30 05:32:32.793158
-0016,2019,1203,106,2024-12-30 05:32:32.809147
-0015,2018,1203,106,2024-12-30 05:32:32.841143
-0015,2038,1203,106,2024-12-30 05:32:32.857143
-0015,2031,1203,106,2024-12-30 05:32:32.873144
-0016,2029,1203,106,2024-12-30 05:32:32.889135
-0015,2014,1204,106,2024-12-30 05:32:32.905124
-0015,2036,1203,106,2024-12-30 05:32:32.921117
-0015,2021,1203,106,2024-12-30 05:32:32.937120
-0015,2009,1203,106,2024-12-30 05:32:32.953118
-0015,2007,1203,106,2024-12-30 05:32:32.969112
-0015,2024,1203,106,2024-12-30 05:32:33.000721
-0016,2032,1203,106,2024-12-30 05:32:33.017107
-0014,2026,1203,106,2024-12-30 05:32:33.033101
-0015,2030,1203,106,2024-12-30 05:32:33.049108
-0015,2015,1204,106,2024-12-30 05:32:33.065092
-0015,2025,1203,106,2024-12-30 05:32:33.081095
-0016,2023,1203,106,2024-12-30 05:32:33.097095
-0015,2033,1203,106,2024-12-30 05:32:33.113088
-0016,2030,1203,106,2024-12-30 05:32:33.129080
-0016,2025,1203,106,2024-12-30 05:32:33.145081
-0015,2014,1203,106,2024-12-30 05:32:33.177067
-0015,2013,1203,106,2024-12-30 05:32:33.193077
-0016,2023,1203,106,2024-12-30 05:32:33.209071
-0016,2033,1203,106,2024-12-30 05:32:33.225067
-0015,2033,1203,106,2024-12-30 05:32:33.241072
-0016,2019,1203,106,2024-12-30 05:32:33.257055
-0016,2020,1203,106,2024-12-30 05:32:33.273050
-0015,2035,1203,106,2024-12-30 05:32:33.289047
-0015,2030,1203,106,2024-12-30 05:32:33.305059
-0016,2032,1203,106,2024-12-30 05:32:33.336657
-0015,2019,1203,106,2024-12-30 05:32:33.353046
-0015,2029,1204,106,2024-12-30 05:32:33.369030
-0015,2021,1203,106,2024-12-30 05:32:33.385024
-0016,2027,1203,106,2024-12-30 05:32:33.401018
-0016,2025,1203,106,2024-12-30 05:32:33.417023
-0015,2038,1203,106,2024-12-30 05:32:33.433014
-0015,2029,1203,106,2024-12-30 05:32:33.449013
-0016,2027,1203,106,2024-12-30 05:32:33.465007
-0015,2036,1203,106,2024-12-30 05:32:33.481010
-0016,2030,1203,106,2024-12-30 05:32:33.512997
-0015,2024,1203,106,2024-12-30 05:32:33.528999
-0015,2030,1203,106,2024-12-30 05:32:33.544988
-0016,2022,1203,106,2024-12-30 05:32:33.560998
-0015,2020,1203,106,2024-12-30 05:32:33.576984
-0016,2027,1203,106,2024-12-30 05:32:33.592989
-0015,2031,1203,106,2024-12-30 05:32:33.608990
-0015,2029,1203,106,2024-12-30 05:32:33.624975
-0016,2019,1203,106,2024-12-30 05:32:33.640976
-0016,2037,1204,106,2024-12-30 05:32:33.672601
-0016,2018,1203,106,2024-12-30 05:32:33.688970
-0016,2023,1203,106,2024-12-30 05:32:33.704974
-0016,2019,1203,106,2024-12-30 05:32:33.720957
-0015,2018,1203,106,2024-12-30 05:32:33.736964
-0016,2025,1203,106,2024-12-30 05:32:33.752953
-0015,2025,1203,106,2024-12-30 05:32:33.768944
-0016,2022,1203,106,2024-12-30 05:32:33.784949
-0015,2035,1203,106,2024-12-30 05:32:33.800936
-0015,2012,1203,106,2024-12-30 05:32:33.816938
-0015,2030,1203,106,2024-12-30 05:32:33.848932
-0016,2028,1203,106,2024-12-30 05:32:33.864925
-0016,2026,1203,106,2024-12-30 05:32:33.880922
-0015,2030,1203,106,2024-12-30 05:32:33.896918
-0015,2031,1203,106,2024-12-30 05:32:33.912908
-0015,2025,1203,106,2024-12-30 05:32:33.928914
-0015,2032,1203,106,2024-12-30 05:32:33.944902
-0015,2024,1203,106,2024-12-30 05:32:33.960903
-0015,2027,1203,106,2024-12-30 05:32:33.976906
-0015,2023,1203,106,2024-12-30 05:32:34.008527
-0015,2021,1203,106,2024-12-30 05:32:34.024884
-0015,2024,1203,106,2024-12-30 05:32:34.040887
-0015,2020,1203,106,2024-12-30 05:32:34.056880
-0015,2027,1203,106,2024-12-30 05:32:34.072885
-0015,2029,1203,106,2024-12-30 05:32:34.088880
-0016,2034,1203,106,2024-12-30 05:32:34.104890
-0016,2020,1203,106,2024-12-30 05:32:34.120879
-0015,2017,1203,106,2024-12-30 05:32:34.136869
-0015,2031,1203,106,2024-12-30 05:32:34.152864
-0015,2030,1203,106,2024-12-30 05:32:34.184861
-0014,2032,1203,106,2024-12-30 05:32:34.200852
-0015,2025,1204,106,2024-12-30 05:32:34.216851
-0016,2022,1203,106,2024-12-30 05:32:34.232843
-0016,2026,1203,106,2024-12-30 05:32:34.248860
-0016,2021,1203,106,2024-12-30 05:32:34.264845
-0015,2028,1203,106,2024-12-30 05:32:34.280836
-0015,2028,1203,106,2024-12-30 05:32:34.296836
-0015,2030,1203,106,2024-12-30 05:32:34.312826
-0015,2022,1203,106,2024-12-30 05:32:34.344443
-0015,2025,1203,106,2024-12-30 05:32:34.360813
-0015,2026,1203,106,2024-12-30 05:32:34.376816
-0016,2031,1203,106,2024-12-30 05:32:34.392809
-0016,2030,1203,106,2024-12-30 05:32:34.408806
-0015,2031,1203,106,2024-12-30 05:32:34.424814
-0015,2033,1203,106,2024-12-30 05:32:34.440814
-0015,2035,1203,106,2024-12-30 05:32:34.456812
-0015,2028,1203,106,2024-12-30 05:32:34.472809
-0015,2029,1203,106,2024-12-30 05:32:34.488802
-0015,2032,1203,106,2024-12-30 05:32:34.520795
-0015,2026,1203,106,2024-12-30 05:32:34.536790
-0015,2026,1203,106,2024-12-30 05:32:34.552786
-0016,2028,1203,106,2024-12-30 05:32:34.568775
-0016,2019,1203,106,2024-12-30 05:32:34.584780
-0015,2030,1203,106,2024-12-30 05:32:34.600778
-0015,2032,1203,106,2024-12-30 05:32:34.616774
-0015,2026,1203,106,2024-12-30 05:32:34.632764
-0015,2031,1203,106,2024-12-30 05:32:34.648757
-0015,2039,1203,106,2024-12-30 05:32:34.680376
-0015,2033,1203,106,2024-12-30 05:32:34.696751
-0015,2035,1203,106,2024-12-30 05:32:34.712748
-0015,2018,1203,106,2024-12-30 05:32:34.728737
-0015,2022,1203,106,2024-12-30 05:32:34.744736
-0015,2021,1203,106,2024-12-30 05:32:34.760730
-0015,2013,1203,106,2024-12-30 05:32:34.776728
-0016,2016,1203,106,2024-12-30 05:32:34.792719
-0014,2020,1203,106,2024-12-30 05:32:34.808723
-0016,2030,1202,106,2024-12-30 05:32:34.824730
-0016,2012,1203,106,2024-12-30 05:32:34.856711
-0015,2029,1203,106,2024-12-30 05:32:34.872701
-0016,2019,1203,106,2024-12-30 05:32:34.888705
-0015,2022,1203,106,2024-12-30 05:32:34.904696
-0015,2025,1203,106,2024-12-30 05:32:34.920701
-0015,2020,1203,106,2024-12-30 05:32:34.936689
-0015,2016,1203,106,2024-12-30 05:32:34.952695
-0015,2019,1203,106,2024-12-30 05:32:34.968689
-0015,2028,1203,106,2024-12-30 05:32:34.984680
-0015,2014,1203,106,2024-12-30 05:32:35.016303
-0016,2021,1203,106,2024-12-30 05:32:35.032675
-0015,2028,1203,106,2024-12-30 05:32:35.048667
-0015,2017,1203,106,2024-12-30 05:32:35.064673
-0015,2023,1203,106,2024-12-30 05:32:35.080668
-0016,2022,1203,106,2024-12-30 05:32:35.096674
-0015,2021,1203,106,2024-12-30 05:32:35.112661
-0015,2022,1203,106,2024-12-30 05:32:35.128659
-0016,2014,1203,106,2024-12-30 05:32:35.144652
-0015,2013,1203,106,2024-12-30 05:32:35.160657
-0016,2014,1203,106,2024-12-30 05:32:35.192642
-0015,2002,1203,106,2024-12-30 05:32:35.208639
-0015,2016,1203,106,2024-12-30 05:32:35.224631
-0015,2027,1203,106,2024-12-30 05:32:35.240644
-0015,2021,1203,106,2024-12-30 05:32:35.256627
-0016,2024,1203,106,2024-12-30 05:32:35.272624
-0015,2018,1203,106,2024-12-30 05:32:35.288626
-0015,2015,1203,106,2024-12-30 05:32:35.304638
-0015,2019,1203,106,2024-12-30 05:32:35.320628
-0014,2013,1203,106,2024-12-30 05:32:35.352237
-0015,2017,1203,106,2024-12-30 05:32:35.368599
-0015,2010,1203,106,2024-12-30 05:32:35.384616
-0015,2012,1203,106,2024-12-30 05:32:35.400597
-0015,2031,1203,106,2024-12-30 05:32:35.416594
-0015,2027,1203,106,2024-12-30 05:32:35.432586
-0015,2020,1203,106,2024-12-30 05:32:35.448588
-0015,2032,1203,106,2024-12-30 05:32:35.464593
-0016,2019,1202,106,2024-12-30 05:32:35.480593
-0015,2018,1202,106,2024-12-30 05:32:35.496599
-0015,2021,1203,106,2024-12-30 05:32:35.528581
-0015,2024,1203,106,2024-12-30 05:32:35.544605
-0015,2013,1203,106,2024-12-30 05:32:35.560606
-0015,2001,1202,106,2024-12-30 05:32:35.576601
-0015,2014,1203,106,2024-12-30 05:32:35.592606
-0015,2014,1203,106,2024-12-30 05:32:35.608611
-0015,2011,1203,106,2024-12-30 05:32:35.624666
-0016,2022,1203,106,2024-12-30 05:32:35.640547
-0015,2024,1202,106,2024-12-30 05:32:35.656543
-0014,2019,1203,106,2024-12-30 05:32:35.688164
-0016,2025,1203,106,2024-12-30 05:32:35.704531
-0015,2022,1203,106,2024-12-30 05:32:35.720523
-0015,2016,1203,106,2024-12-30 05:32:35.736523
-0015,2021,1202,106,2024-12-30 05:32:35.752525
-0016,2035,1203,106,2024-12-30 05:32:35.768519
-0015,2027,1203,106,2024-12-30 05:32:35.784507
-0015,2020,1203,106,2024-12-30 05:32:35.800510
-0015,2033,1203,106,2024-12-30 05:32:35.816511
-0015,2011,1203,106,2024-12-30 05:32:35.832498
-0015,2009,1203,106,2024-12-30 05:32:35.864491
-0015,2002,1202,106,2024-12-30 05:32:35.880486
-0016,2032,1202,106,2024-12-30 05:32:35.896488
-0015,2025,1203,106,2024-12-30 05:32:35.912483
-0015,2027,1203,106,2024-12-30 05:32:35.928479
-0015,2021,1203,106,2024-12-30 05:32:35.944476
-0016,2025,1203,106,2024-12-30 05:32:35.960480
-0015,2017,1203,106,2024-12-30 05:32:35.976476
-0015,2020,1203,106,2024-12-30 05:32:35.992471
-0014,2004,1203,106,2024-12-30 05:32:36.024083
-0015,2023,1202,106,2024-12-30 05:32:36.040460
-0016,2022,1203,106,2024-12-30 05:32:36.056451
-0015,2014,1202,106,2024-12-30 05:32:36.072456
-0015,2016,1203,106,2024-12-30 05:32:36.088440
-0015,2025,1203,106,2024-12-30 05:32:36.104450
-0016,2028,1203,106,2024-12-30 05:32:36.120431
-0016,2016,1202,106,2024-12-30 05:32:36.136428
-0016,2014,1203,106,2024-12-30 05:32:36.152427
-0016,2017,1202,106,2024-12-30 05:32:36.168437
-0015,2021,1203,106,2024-12-30 05:32:36.200421
-0016,2018,1202,106,2024-12-30 05:32:36.216414
-0015,2030,1202,106,2024-12-30 05:32:36.232412
-0015,2010,1202,106,2024-12-30 05:32:36.248415
-0014,2013,1203,106,2024-12-30 05:32:36.264416
-0015,2023,1203,106,2024-12-30 05:32:36.280398
-0016,2024,1202,106,2024-12-30 05:32:36.296401
-0015,2029,1202,106,2024-12-30 05:32:36.312400
-0015,2022,1203,106,2024-12-30 05:32:36.328396
-0015,2024,1203,106,2024-12-30 05:32:36.360017
-0016,2021,1203,106,2024-12-30 05:32:36.376378
-0016,2026,1203,106,2024-12-30 05:32:36.392372
-0016,2033,1203,106,2024-12-30 05:32:36.408377
-0015,2008,1202,106,2024-12-30 05:32:36.424365
-0015,2015,1203,106,2024-12-30 05:32:36.440368
-0015,2014,1202,106,2024-12-30 05:32:36.456361
-0014,2015,1202,106,2024-12-30 05:32:36.472361
-0016,2027,1202,106,2024-12-30 05:32:36.488358
-0016,2013,1202,106,2024-12-30 05:32:36.504359
-0015,2011,1202,106,2024-12-30 05:32:36.536351
-0014,2007,1203,106,2024-12-30 05:32:36.552357
-0016,2011,1203,106,2024-12-30 05:32:36.568346
-0015,2013,1203,106,2024-12-30 05:32:36.584341
-0015,2018,1203,106,2024-12-30 05:32:36.600343
-0016,2017,1202,106,2024-12-30 05:32:36.616330
-0016,2022,1202,106,2024-12-30 05:32:36.632333
-0014,2014,1202,106,2024-12-30 05:32:36.648330
-0015,2008,1202,106,2024-12-30 05:32:36.664333
-0016,2025,1203,106,2024-12-30 05:32:36.695946
-0015,2026,1202,106,2024-12-30 05:32:36.712316
-0015,2004,1202,106,2024-12-30 05:32:36.728313
-0015,2022,1203,106,2024-12-30 05:32:36.744306
-0016,2007,1202,106,2024-12-30 05:32:36.760297
-0015,2008,1202,106,2024-12-30 05:32:36.776296
-0015,2014,1202,106,2024-12-30 05:32:36.792290
-0015,2029,1202,106,2024-12-30 05:32:36.808286
-0016,2020,1202,106,2024-12-30 05:32:36.824284
-0015,2022,1202,106,2024-12-30 05:32:36.840286
-0016,2019,1202,106,2024-12-30 05:32:36.872280
-0015,2010,1202,106,2024-12-30 05:32:36.888270
-0015,2009,1202,106,2024-12-30 05:32:36.904271
-0015,2009,1202,106,2024-12-30 05:32:36.920277
-0015,2019,1203,106,2024-12-30 05:32:36.936261
-0015,2005,1202,106,2024-12-30 05:32:36.952263
-0016,2026,1202,106,2024-12-30 05:32:36.968256
-0016,2013,1202,106,2024-12-30 05:32:36.984252
-0016,2013,1202,106,2024-12-30 05:32:37.000241
-0014,2028,1202,106,2024-12-30 05:32:37.031869
-0015,2005,1202,106,2024-12-30 05:32:37.048244
-0016,2026,1202,106,2024-12-30 05:32:37.064229
-0016,2002,1202,106,2024-12-30 05:32:37.080227
-0015,2011,1202,106,2024-12-30 05:32:37.096225
-0015,2019,1203,106,2024-12-30 05:32:37.112226
-0016,2010,1202,106,2024-12-30 05:32:37.128226
-0015,2011,1202,106,2024-12-30 05:32:37.144212
-0016,2010,1203,106,2024-12-30 05:32:37.160216
-0015,2006,1203,106,2024-12-30 05:32:37.176203
-0015,2030,1202,106,2024-12-30 05:32:37.208211
-0015,2023,1202,106,2024-12-30 05:32:37.224209
-0015,2015,1202,106,2024-12-30 05:32:37.240217
-0015,2013,1202,106,2024-12-30 05:32:37.256195
-0016,2017,1202,106,2024-12-30 05:32:37.272197
-0015,2015,1202,106,2024-12-30 05:32:37.288197
-0016,2011,1202,106,2024-12-30 05:32:37.304205
-0015,2006,1202,106,2024-12-30 05:32:37.320188
-0015,2003,1202,106,2024-12-30 05:32:37.336182
-0015,2008,1202,106,2024-12-30 05:32:37.367809
-0015,2028,1202,106,2024-12-30 05:32:37.384172
-0015,2021,1202,106,2024-12-30 05:32:37.400164
-0015,2031,1202,106,2024-12-30 05:32:37.416170
-0015,2006,1202,106,2024-12-30 05:32:37.432159
-0015,2019,1202,106,2024-12-30 05:32:37.448163
-0014,2002,1202,106,2024-12-30 05:32:37.464152
-0015,2016,1202,106,2024-12-30 05:32:37.480149
-0015,2007,1202,106,2024-12-30 05:32:37.496147
-0015,2022,1202,106,2024-12-30 05:32:37.512141
-0015,2014,1202,106,2024-12-30 05:32:37.544128
-0015,2016,1202,106,2024-12-30 05:32:37.560133
-0016,2006,1202,106,2024-12-30 05:32:37.576127
-0015,2005,1202,106,2024-12-30 05:32:37.592132
-0016,2013,1202,106,2024-12-30 05:32:37.608123
-0015,2002,1202,106,2024-12-30 05:32:37.624112
-0015,2017,1202,106,2024-12-30 05:32:37.640114
-0016,1998,1202,106,2024-12-30 05:32:37.656108
-0015,2064,1202,106,2024-12-30 05:32:37.672113
-0015,2055,1202,106,2024-12-30 05:32:37.703718
-0015,2068,1202,106,2024-12-30 05:32:37.720098
-0015,2061,1202,106,2024-12-30 05:32:37.736091
-0015,2061,1202,106,2024-12-30 05:32:37.752098
-0015,2067,1202,106,2024-12-30 05:32:37.768086
-0015,2056,1202,106,2024-12-30 05:32:37.784094
-0015,2048,1202,106,2024-12-30 05:32:37.800082
-0016,2060,1202,106,2024-12-30 05:32:37.816090
-0015,2062,1202,106,2024-12-30 05:32:37.832080
-0015,2055,1202,106,2024-12-30 05:32:37.848084
-0015,2063,1202,106,2024-12-30 05:32:37.880071
-0015,2051,1203,106,2024-12-30 05:32:37.896060
-0016,2067,1202,106,2024-12-30 05:32:37.912055
-0015,2055,1202,106,2024-12-30 05:32:37.928055
-0015,2063,1202,106,2024-12-30 05:32:37.944055
-0016,2063,1202,106,2024-12-30 05:32:37.960050
-0016,2048,1202,106,2024-12-30 05:32:37.976046
-0016,2053,1202,106,2024-12-30 05:32:37.992050
-0015,2051,1202,106,2024-12-30 05:32:38.008038
-0015,2053,1202,106,2024-12-30 05:32:38.039665
-0015,2058,1202,106,2024-12-30 05:32:38.056020
-0015,2066,1202,106,2024-12-30 05:32:38.072025
-0015,2057,1202,106,2024-12-30 05:32:38.088023
-0015,2062,1202,106,2024-12-30 05:32:38.104019
-0015,2043,1202,106,2024-12-30 05:32:38.120016
-0015,2054,1202,106,2024-12-30 05:32:38.136013
-0015,2063,1202,106,2024-12-30 05:32:38.152006
-0014,2054,1202,106,2024-12-30 05:32:38.168006
-0016,2053,1202,106,2024-12-30 05:32:38.184001
-0015,2065,1202,106,2024-12-30 05:32:38.215988
-0015,2056,1202,106,2024-12-30 05:32:38.231991
-0015,2059,1202,106,2024-12-30 05:32:38.248000
-0015,2046,1202,106,2024-12-30 05:32:38.263987
-0015,2058,1202,106,2024-12-30 05:32:38.279975
-0015,2064,1202,106,2024-12-30 05:32:38.295972
-0015,2066,1202,106,2024-12-30 05:32:38.311971
-0015,2049,1202,106,2024-12-30 05:32:38.327963
-0015,2059,1202,106,2024-12-30 05:32:38.343965
-0015,2074,1202,106,2024-12-30 05:32:38.375596
-0015,2064,1202,106,2024-12-30 05:32:38.391950
-0014,2058,1202,106,2024-12-30 05:32:38.407957
-0015,2058,1202,106,2024-12-30 05:32:38.423950
-0015,2059,1202,106,2024-12-30 05:32:38.439958
-0015,2053,1202,106,2024-12-30 05:32:38.455961
-0015,2063,1202,106,2024-12-30 05:32:38.471964
-0015,2057,1202,106,2024-12-30 05:32:38.487968
-0014,2064,1202,106,2024-12-30 05:32:38.503971
-0016,2059,1202,106,2024-12-30 05:32:38.519966
-0016,2056,1202,106,2024-12-30 05:32:38.551955
-0015,2061,1202,106,2024-12-30 05:32:38.567979
-0015,2060,1202,106,2024-12-30 05:32:38.583976
-0015,2048,1202,106,2024-12-30 05:32:38.599909
-0015,2060,1202,106,2024-12-30 05:32:38.615906
-0015,2048,1202,106,2024-12-30 05:32:38.631900
-0014,2067,1202,106,2024-12-30 05:32:38.647905
-0015,2070,1202,106,2024-12-30 05:32:38.663892
-0015,2060,1202,106,2024-12-30 05:32:38.679894
-0015,2067,1202,106,2024-12-30 05:32:38.711509
-0015,2050,1202,106,2024-12-30 05:32:38.727883
-0015,2052,1202,106,2024-12-30 05:32:38.743883
-0015,2056,1202,106,2024-12-30 05:32:38.759885
-0015,2060,1202,106,2024-12-30 05:32:38.775885
-0015,2070,1202,106,2024-12-30 05:32:38.791865
-0015,2054,1202,106,2024-12-30 05:32:38.807862
-0016,2055,1202,106,2024-12-30 05:32:38.823855
-0015,2049,1202,106,2024-12-30 05:32:38.839855
-0015,2065,1202,106,2024-12-30 05:32:38.855850
-0015,2057,1202,106,2024-12-30 05:32:38.887847
-0015,2051,1201,106,2024-12-30 05:32:38.903849
-0015,2059,1202,106,2024-12-30 05:32:38.919839
-0015,2060,1202,106,2024-12-30 05:32:38.935835
-0015,2062,1202,106,2024-12-30 05:32:38.951833
-0014,2057,1202,106,2024-12-30 05:32:38.967825
-0015,2060,1202,106,2024-12-30 05:32:38.983828
-0015,2059,1202,106,2024-12-30 05:32:38.999823
-0015,2054,1202,106,2024-12-30 05:32:39.015823
-0015,2064,1202,106,2024-12-30 05:32:39.047429
-0016,2063,1202,106,2024-12-30 05:32:39.063811
-0016,2051,1202,106,2024-12-30 05:32:39.079801
-0014,2070,1202,106,2024-12-30 05:32:39.095798
-0015,2058,1202,106,2024-12-30 05:32:39.111795
-0015,2060,1202,106,2024-12-30 05:32:39.127794
-0015,2061,1202,106,2024-12-30 05:32:39.143798
-0015,2059,1202,106,2024-12-30 05:32:39.159779
-0015,2051,1202,106,2024-12-30 05:32:39.175780
-0016,2067,1202,106,2024-12-30 05:32:39.191776
-0015,2063,1202,106,2024-12-30 05:32:39.223769
-0015,2059,1202,106,2024-12-30 05:32:39.239785
-0015,2064,1202,106,2024-12-30 05:32:39.255770
-0015,2062,1202,106,2024-12-30 05:32:39.271757
-0014,2056,1202,106,2024-12-30 05:32:39.287758
-0016,2063,1202,106,2024-12-30 05:32:39.303747
-0016,2047,1202,106,2024-12-30 05:32:39.319750
-0015,2057,1202,106,2024-12-30 05:32:39.335747
-0015,2058,1202,106,2024-12-30 05:32:39.351743
-0016,2054,1202,106,2024-12-30 05:32:39.383372
-0016,2057,1202,106,2024-12-30 05:32:39.399739
-0016,2060,1202,106,2024-12-30 05:32:39.415736
-0015,2054,1201,106,2024-12-30 05:32:39.431725
-0015,2056,1202,106,2024-12-30 05:32:39.447727
-0015,2050,1202,106,2024-12-30 05:32:39.463722
-0015,2050,1202,106,2024-12-30 05:32:39.479712
-0015,2069,1202,106,2024-12-30 05:32:39.495714
-0015,2061,1202,106,2024-12-30 05:32:39.511718
-0016,2063,1202,106,2024-12-30 05:32:39.527705
-0015,2058,1202,106,2024-12-30 05:32:39.559691
-0015,2061,1202,106,2024-12-30 05:32:39.575695
-0016,2061,1202,106,2024-12-30 05:32:39.591686
-0016,2054,1202,106,2024-12-30 05:32:39.607692
-0015,2061,1202,106,2024-12-30 05:32:39.623687
-0015,2049,1202,106,2024-12-30 05:32:39.639689
-0014,2065,1202,106,2024-12-30 05:32:39.655689
-0015,2056,1202,106,2024-12-30 05:32:39.671684
-0015,2065,1202,106,2024-12-30 05:32:39.687672
-0016,2057,1201,106,2024-12-30 05:32:39.719298
-0016,2055,1202,106,2024-12-30 05:32:39.735666
-0016,2058,1202,106,2024-12-30 05:32:39.751664
-0016,2058,1202,106,2024-12-30 05:32:39.767650
-0015,2059,1201,106,2024-12-30 05:32:39.783657
-0014,2050,1202,106,2024-12-30 05:32:39.799648
-0015,2065,1201,106,2024-12-30 05:32:39.815648
-0015,2049,1202,106,2024-12-30 05:32:39.831642
-0015,2058,1201,106,2024-12-30 05:32:39.847641
-0015,2060,1202,106,2024-12-30 05:32:39.863635
-0015,2059,1202,106,2024-12-30 05:32:39.895646
-0016,2062,1202,106,2024-12-30 05:32:39.911628
-0014,2052,1202,106,2024-12-30 05:32:39.927615
-0015,2061,1202,106,2024-12-30 05:32:39.943618
-0015,2053,1202,106,2024-12-30 05:32:39.959611
-0015,2049,1201,106,2024-12-30 05:32:39.975616
-0014,2061,1202,106,2024-12-30 05:32:39.991823
-0015,2064,1202,106,2024-12-30 05:32:40.007637
-0016,2058,1202,106,2024-12-30 05:32:40.023613
-0015,2053,1202,106,2024-12-30 05:32:40.055214
-0015,2054,1202,106,2024-12-30 05:32:40.071591
-0015,2045,1201,106,2024-12-30 05:32:40.087589
-0015,2057,1202,106,2024-12-30 05:32:40.103581
-0015,2058,1201,106,2024-12-30 05:32:40.119589
-0015,2062,1202,106,2024-12-30 05:32:40.135575
-0015,2055,1202,106,2024-12-30 05:32:40.151583
-0015,2047,1202,106,2024-12-30 05:32:40.167570
-0015,2055,1201,106,2024-12-30 05:32:40.183576
-0015,2055,1202,106,2024-12-30 05:32:40.199567
-0015,2045,1202,106,2024-12-30 05:32:40.231558
-0015,2061,1202,106,2024-12-30 05:32:40.247580
-0015,2051,1201,106,2024-12-30 05:32:40.263550
-0015,2045,1201,106,2024-12-30 05:32:40.279548
-0015,2057,1202,106,2024-12-30 05:32:40.295540
-0015,2052,1201,106,2024-12-30 05:32:40.311555
-0015,2044,1202,106,2024-12-30 05:32:40.327534
-0015,2051,1202,106,2024-12-30 05:32:40.343527
-0015,2051,1201,106,2024-12-30 05:32:40.359535
-0015,2056,1202,106,2024-12-30 05:32:40.391154
-0015,2051,1201,106,2024-12-30 05:32:40.407513
-0016,2055,1201,106,2024-12-30 05:32:40.423524
-0015,2058,1202,106,2024-12-30 05:32:40.439511
-0015,2050,1201,106,2024-12-30 05:32:40.455505
-0015,2075,1201,106,2024-12-30 05:32:40.471502
-0015,2045,1202,106,2024-12-30 05:32:40.487497
-0015,2051,1201,106,2024-12-30 05:32:40.503494
-0016,2055,1201,106,2024-12-30 05:32:40.519500
-0015,2059,1202,106,2024-12-30 05:32:40.535489
-0015,2055,1202,106,2024-12-30 05:32:40.567490
-0016,2061,1201,106,2024-12-30 05:32:40.583481
-0016,2059,1201,106,2024-12-30 05:32:40.599479
-0015,2056,1201,106,2024-12-30 05:32:40.615474
-0015,2050,1201,106,2024-12-30 05:32:40.631482
-0015,2051,1201,106,2024-12-30 05:32:40.647463
-0015,2050,1201,106,2024-12-30 05:32:40.663464
-0015,2047,1202,106,2024-12-30 05:32:40.679459
-0015,2061,1201,106,2024-12-30 05:32:40.695450
-0015,2060,1201,106,2024-12-30 05:32:40.727083
-0016,2060,1201,106,2024-12-30 05:32:40.743461
-0015,2063,1202,106,2024-12-30 05:32:40.759441
-0015,2058,1201,106,2024-12-30 05:32:40.775440
-0015,2043,1201,106,2024-12-30 05:32:40.791430
-0015,2054,1201,106,2024-12-30 05:32:40.807439
-0015,2051,1202,106,2024-12-30 05:32:40.823429
-0015,2046,1202,106,2024-12-30 05:32:40.839423
-0016,2056,1201,106,2024-12-30 05:32:40.855418
-0015,2053,1202,106,2024-12-30 05:32:40.871418
-0015,2064,1201,106,2024-12-30 05:32:40.903406
-0015,2055,1201,106,2024-12-30 05:32:40.919404
-0015,2057,1201,106,2024-12-30 05:32:40.935401
-0015,2050,1201,106,2024-12-30 05:32:40.951405
-0015,2056,1201,106,2024-12-30 05:32:40.967391
-0015,2042,1201,106,2024-12-30 05:32:40.983402
-0016,2056,1202,106,2024-12-30 05:32:40.999403
-0016,2052,1201,106,2024-12-30 05:32:41.015384
-0015,2054,1201,106,2024-12-30 05:32:41.031385
-0016,2047,1201,106,2024-12-30 05:32:41.063014
-0016,2066,1201,106,2024-12-30 05:32:41.079375
-0015,2041,1201,106,2024-12-30 05:32:41.095375
-0014,2054,1202,106,2024-12-30 05:32:41.111382
-0016,2047,1201,106,2024-12-30 05:32:41.127359
-0015,2054,1201,106,2024-12-30 05:32:41.143360
-0015,2054,1201,106,2024-12-30 05:32:41.159357
-0015,2055,1201,106,2024-12-30 05:32:41.175358
-0015,2053,1201,106,2024-12-30 05:32:41.191346
-0015,2053,1201,106,2024-12-30 05:32:41.207353
-0014,2046,1201,106,2024-12-30 05:32:41.239353
-0015,2045,1202,106,2024-12-30 05:32:41.255336
-0015,2049,1201,106,2024-12-30 05:32:41.271339
-0015,2055,1201,106,2024-12-30 05:32:41.287338
-0014,2052,1201,106,2024-12-30 05:32:41.303356
-0015,2054,1201,106,2024-12-30 05:32:41.319348
-0015,2062,1201,106,2024-12-30 05:32:41.335335
-0015,2051,1201,106,2024-12-30 05:32:41.351328
-0016,2057,1201,106,2024-12-30 05:32:41.367327
-0015,2048,1201,106,2024-12-30 05:32:41.398940
-0015,2054,1201,106,2024-12-30 05:32:41.415327
-0016,2054,1201,106,2024-12-30 05:32:41.431336
-0015,2041,1201,106,2024-12-30 05:32:41.447341
-0015,2048,1201,106,2024-12-30 05:32:41.463343
-0015,2036,1201,106,2024-12-30 05:32:41.479343
-0015,2043,1201,106,2024-12-30 05:32:41.495338
-0015,2054,1201,106,2024-12-30 05:32:41.511342
-0015,2042,1201,106,2024-12-30 05:32:41.527339
-0015,2050,1201,106,2024-12-30 05:32:41.543341
-0015,2053,1201,106,2024-12-30 05:32:41.575275
-0015,2048,1201,106,2024-12-30 05:32:41.591269
-0015,2049,1201,106,2024-12-30 05:32:41.607270
-0016,2042,1201,106,2024-12-30 05:32:41.623266
-0015,2051,1201,106,2024-12-30 05:32:41.639267
-0015,2054,1201,106,2024-12-30 05:32:41.655257
-0015,2044,1201,106,2024-12-30 05:32:41.671266
-0015,2054,1201,106,2024-12-30 05:32:41.687255
-0015,2042,1201,106,2024-12-30 05:32:41.703258
-0016,2061,1201,106,2024-12-30 05:32:41.734880
-0015,2050,1201,106,2024-12-30 05:32:41.751252
-0015,2049,1201,106,2024-12-30 05:32:41.767246
-0015,2058,1201,106,2024-12-30 05:32:41.783229
-0015,2054,1201,106,2024-12-30 05:32:41.799232
-0015,2057,1201,106,2024-12-30 05:32:41.815223
-0015,2058,1201,106,2024-12-30 05:32:41.831224
-0015,2057,1201,106,2024-12-30 05:32:41.847221
-0015,2045,1201,106,2024-12-30 05:32:41.863226
-0015,2056,1201,106,2024-12-30 05:32:41.879208
-0016,2046,1201,106,2024-12-30 05:32:41.911211
-0015,2040,1201,106,2024-12-30 05:32:41.927204
-0015,2045,1201,106,2024-12-30 05:32:41.943200
-0014,2055,1201,106,2024-12-30 05:32:41.959198
-0015,2051,1201,106,2024-12-30 05:32:41.975197
-0015,2047,1201,106,2024-12-30 05:32:41.991195
-0016,2056,1201,106,2024-12-30 05:32:42.007187
-0015,2053,1201,106,2024-12-30 05:32:42.023192
-0015,2059,1201,106,2024-12-30 05:32:42.039180
-0016,2059,1201,106,2024-12-30 05:32:42.070802
-0015,2051,1201,106,2024-12-30 05:32:42.087169
-0015,2049,1201,106,2024-12-30 05:32:42.103166
-0015,2048,1201,106,2024-12-30 05:32:42.119176
-0015,2043,1201,106,2024-12-30 05:32:42.135149
-0015,2038,1201,106,2024-12-30 05:32:42.151159
-0015,2043,1201,106,2024-12-30 05:32:42.167146
-0015,2035,1201,106,2024-12-30 05:32:42.183154
-0015,2049,1201,106,2024-12-30 05:32:42.199146
-0015,2054,1201,106,2024-12-30 05:32:42.215142
-0015,2050,1201,106,2024-12-30 05:32:42.247155
-0015,2054,1201,106,2024-12-30 05:32:42.263134
-0015,2037,1201,106,2024-12-30 05:32:42.279133
-0015,2047,1201,106,2024-12-30 05:32:42.295133
-0015,2055,1201,106,2024-12-30 05:32:42.311131
-0016,2052,1201,106,2024-12-30 05:32:42.327134
-0016,2047,1201,106,2024-12-30 05:32:42.343125
-0015,2049,1201,106,2024-12-30 05:32:42.359124
-0015,2059,1201,106,2024-12-30 05:32:42.375125
-0015,2053,1201,106,2024-12-30 05:32:42.406756
-0016,2043,1201,106,2024-12-30 05:32:42.423103
-0016,2044,1201,106,2024-12-30 05:32:42.439109
-0015,2053,1201,106,2024-12-30 05:32:42.455101
-0015,2048,1201,106,2024-12-30 05:32:42.471104
-0015,2043,1201,106,2024-12-30 05:32:42.487098
-0015,2049,1201,106,2024-12-30 05:32:42.503081
-0015,2043,1201,106,2024-12-30 05:32:42.519083
-0015,2042,1201,106,2024-12-30 05:32:42.535071
-0015,2042,1201,106,2024-12-30 05:32:42.551069
-0015,2043,1201,106,2024-12-30 05:32:42.583069
-0015,2049,1201,106,2024-12-30 05:32:42.599062
-0015,2044,1201,106,2024-12-30 05:32:42.615052
-0014,2036,1201,106,2024-12-30 05:32:42.631053
-0015,2039,1201,106,2024-12-30 05:32:42.647050
-0015,2041,1201,106,2024-12-30 05:32:42.663049
-0015,2037,1200,106,2024-12-30 05:32:42.679040
-0015,2044,1201,106,2024-12-30 05:32:42.695043
-0015,2054,1201,106,2024-12-30 05:32:42.711045
-0015,2044,1201,106,2024-12-30 05:32:42.742672
-0015,2034,1201,106,2024-12-30 05:32:42.759027
-0014,2045,1201,106,2024-12-30 05:32:42.775027
-0015,2045,1201,106,2024-12-30 05:32:42.791020
-0016,2040,1201,106,2024-12-30 05:32:42.807019
-0015,2047,1201,106,2024-12-30 05:32:42.823014
-0015,2044,1201,106,2024-12-30 05:32:42.839015
-0015,2037,1201,106,2024-12-30 05:32:42.855015
-0015,2033,1201,106,2024-12-30 05:32:42.871000
-0016,2051,1201,106,2024-12-30 05:32:42.886999
-0015,2037,1201,106,2024-12-30 05:32:42.919001
-0015,2039,1201,106,2024-12-30 05:32:42.934985
-0015,2042,1201,106,2024-12-30 05:32:42.950991
-0015,2053,1201,106,2024-12-30 05:32:42.966987
-0015,2047,1201,106,2024-12-30 05:32:42.982990
-0015,2042,1201,106,2024-12-30 05:32:42.998976
-0015,2047,1201,106,2024-12-30 05:32:43.014966
-0015,2053,1201,106,2024-12-30 05:32:43.030971
-0016,2043,1201,106,2024-12-30 05:32:43.046965
-0015,2042,1201,106,2024-12-30 05:32:43.078592
-0015,2024,1200,106,2024-12-30 05:32:43.094964
-0015,2048,1201,106,2024-12-30 05:32:43.110960
-0015,2044,1201,106,2024-12-30 05:32:43.126952
-0015,2047,1201,106,2024-12-30 05:32:43.142955
-0015,2040,1201,106,2024-12-30 05:32:43.158945
-0015,2040,1201,106,2024-12-30 05:32:43.174944
-0015,2044,1201,106,2024-12-30 05:32:43.190946
-0016,2054,1201,106,2024-12-30 05:32:43.206944
-0015,2031,1201,106,2024-12-30 05:32:43.222941
-0015,2051,1201,106,2024-12-30 05:32:43.254940
-0016,2041,1201,106,2024-12-30 05:32:43.270923
-0015,2041,1201,106,2024-12-30 05:32:43.286931
-0015,2030,1201,106,2024-12-30 05:32:43.302907
-0014,2044,1201,106,2024-12-30 05:32:43.318914
-0015,2049,1201,106,2024-12-30 05:32:43.334909
-0015,2041,1201,106,2024-12-30 05:32:43.350918
-0015,2037,1201,106,2024-12-30 05:32:43.366900
-0016,2034,1201,106,2024-12-30 05:32:43.382890
-0015,2039,1201,106,2024-12-30 05:32:43.414531
-0015,2044,1201,106,2024-12-30 05:32:43.430899
-0015,2033,1201,106,2024-12-30 05:32:43.446886
-0014,2044,1200,106,2024-12-30 05:32:43.462881
-0015,2046,1200,106,2024-12-30 05:32:43.478874
-0016,2046,1201,106,2024-12-30 05:32:43.494877
-0016,2046,1201,106,2024-12-30 05:32:43.510866
-0015,2043,1200,106,2024-12-30 05:32:43.526860
-0016,2043,1200,106,2024-12-30 05:32:43.542859
-0016,2048,1201,106,2024-12-30 05:32:43.558855
-0015,2054,1200,106,2024-12-30 05:32:43.590856
-0015,2047,1200,106,2024-12-30 05:32:43.606842
-0015,2042,1200,106,2024-12-30 05:32:43.622840
-0015,2038,1201,106,2024-12-30 05:32:43.638837
-0015,2035,1201,106,2024-12-30 05:32:43.654833
-0016,2046,1200,106,2024-12-30 05:32:43.670836
-0015,2047,1201,106,2024-12-30 05:32:43.686832
-0015,2046,1200,106,2024-12-30 05:32:43.702837
-0016,2052,1201,106,2024-12-30 05:32:43.718829
-0016,2048,1200,106,2024-12-30 05:32:43.750429
-0015,2049,1201,106,2024-12-30 05:32:43.766810
-0015,2036,1200,106,2024-12-30 05:32:43.782805
-0015,2038,1201,106,2024-12-30 05:32:43.798807
-0015,2043,1201,106,2024-12-30 05:32:43.814797
-0015,2040,1201,106,2024-12-30 05:32:43.830800
-0015,2042,1201,106,2024-12-30 05:32:43.846797
-0015,2032,1201,106,2024-12-30 05:32:43.862790
-0016,2042,1201,106,2024-12-30 05:32:43.878790
-0015,2048,1201,106,2024-12-30 05:32:43.894788
-0016,2045,1201,106,2024-12-30 05:32:43.926782
-0016,2036,1200,106,2024-12-30 05:32:43.942778
-0015,2043,1201,106,2024-12-30 05:32:43.958775
-0015,2040,1200,106,2024-12-30 05:32:43.974780
-0015,2038,1201,106,2024-12-30 05:32:43.990765
-0015,2047,1200,106,2024-12-30 05:32:44.006771
-0015,2037,1201,106,2024-12-30 05:32:44.022758
-0015,2039,1201,106,2024-12-30 05:32:44.038757
-0015,2040,1201,106,2024-12-30 05:32:44.054747
-0015,2036,1201,106,2024-12-30 05:32:44.086367
-0015,2027,1201,106,2024-12-30 05:32:44.102752
-0015,2044,1200,106,2024-12-30 05:32:44.118741
-0015,2049,1200,106,2024-12-30 05:32:44.134741
-0016,2043,1201,106,2024-12-30 05:32:44.150730
-0015,2050,1200,106,2024-12-30 05:32:44.166725
-0015,2037,1200,106,2024-12-30 05:32:44.182734
-0015,2043,1201,106,2024-12-30 05:32:44.198722
-0015,2027,1200,106,2024-12-30 05:32:44.214724
-0015,2039,1200,106,2024-12-30 05:32:44.230717
-0015,2051,1200,106,2024-12-30 05:32:44.262711
-0015,2040,1200,106,2024-12-30 05:32:44.278710
-0015,2041,1201,106,2024-12-30 05:32:44.294707
-0015,2043,1200,106,2024-12-30 05:32:44.310708
-0016,2030,1200,106,2024-12-30 05:32:44.326700
-0015,2041,1201,106,2024-12-30 05:32:44.342701
-0015,2038,1200,106,2024-12-30 05:32:44.358706
-0014,2033,1201,106,2024-12-30 05:32:44.374700
-0015,2029,1200,106,2024-12-30 05:32:44.390711
-0015,2041,1200,106,2024-12-30 05:32:44.422319
-0016,2032,1200,106,2024-12-30 05:32:44.438712
-0016,2051,1200,106,2024-12-30 05:32:44.454713
-0015,2042,1200,106,2024-12-30 05:32:44.470715
-0015,2033,1201,106,2024-12-30 05:32:44.486712
-0015,2036,1201,106,2024-12-30 05:32:44.502719
-0016,2036,1200,106,2024-12-30 05:32:44.518722
-0015,2036,1200,106,2024-12-30 05:32:44.534651
-0015,2035,1200,106,2024-12-30 05:32:44.550660
-0014,2052,1200,106,2024-12-30 05:32:44.566647
-0014,2041,1200,106,2024-12-30 05:32:44.598639
-0015,2040,1200,106,2024-12-30 05:32:44.614632
-0015,2024,1201,106,2024-12-30 05:32:44.630636
-0015,2037,1201,106,2024-12-30 05:32:44.646624
-0015,2047,1200,106,2024-12-30 05:32:44.662627
-0015,2050,1200,106,2024-12-30 05:32:44.678619
-0015,2051,1200,106,2024-12-30 05:32:44.694625
-0015,2042,1201,106,2024-12-30 05:32:44.710624
-0016,2048,1200,106,2024-12-30 05:32:44.726607
-0015,2044,1200,106,2024-12-30 05:32:44.758211
-0015,2038,1201,106,2024-12-30 05:32:44.774612
-0015,2036,1200,106,2024-12-30 05:32:44.790589
-0015,2043,1200,106,2024-12-30 05:32:44.806600
-0015,2030,1200,106,2024-12-30 05:32:44.822601
-0016,2033,1200,106,2024-12-30 05:32:44.838595
-0015,2031,1201,106,2024-12-30 05:32:44.854586
-0015,2039,1201,106,2024-12-30 05:32:44.870584
-0016,2040,1200,106,2024-12-30 05:32:44.886591
-0015,2041,1200,106,2024-12-30 05:32:44.902574
-0016,2034,1200,106,2024-12-30 05:32:44.934564
-0016,2037,1200,106,2024-12-30 05:32:44.950566
-0015,2030,1200,106,2024-12-30 05:32:44.966562
-0015,2031,1200,106,2024-12-30 05:32:44.982562
-0015,2033,1200,106,2024-12-30 05:32:44.998552
-0016,2042,1201,106,2024-12-30 05:32:45.014554
-0015,2037,1200,106,2024-12-30 05:32:45.030547
-0015,2041,1200,106,2024-12-30 05:32:45.046545
-0014,2045,1200,106,2024-12-30 05:32:45.062543
-0015,2032,1200,106,2024-12-30 05:32:45.094136
-0016,2027,1201,106,2024-12-30 05:32:45.110533
-0016,2037,1200,106,2024-12-30 05:32:45.126535
-0015,2044,1200,106,2024-12-30 05:32:45.142527
-0015,2038,1200,106,2024-12-30 05:32:45.158519
-0015,2039,1200,106,2024-12-30 05:32:45.174523
-0015,2031,1200,106,2024-12-30 05:32:45.190512
-0015,2038,1200,106,2024-12-30 05:32:45.206522
-0014,2047,1200,106,2024-12-30 05:32:45.222509
-0015,2031,1200,106,2024-12-30 05:32:45.238522
-0015,2034,1200,106,2024-12-30 05:32:45.270496
-0014,2037,1200,106,2024-12-30 05:32:45.286497
-0015,2046,1200,106,2024-12-30 05:32:45.302494
-0015,2030,1200,106,2024-12-30 05:32:45.318488
-0016,2049,1200,106,2024-12-30 05:32:45.334482
-0015,2043,1200,106,2024-12-30 05:32:45.350482
-0015,2036,1200,106,2024-12-30 05:32:45.366470
-0015,2037,1200,106,2024-12-30 05:32:45.382476
-0015,2025,1200,106,2024-12-30 05:32:45.398469
-0015,2022,1200,106,2024-12-30 05:32:45.430084
-0015,2031,1200,106,2024-12-30 05:32:45.446462
-0015,2043,1200,106,2024-12-30 05:32:45.462460
-0015,2026,1200,106,2024-12-30 05:32:45.478439
-0015,2027,1200,106,2024-12-30 05:32:45.494437
-0015,2037,1200,106,2024-12-30 05:32:45.510433
-0015,2037,1200,106,2024-12-30 05:32:45.526429
-0015,2030,1200,106,2024-12-30 05:32:45.542429
-0015,2040,1200,106,2024-12-30 05:32:45.558425
-0015,2037,1200,106,2024-12-30 05:32:45.574430
-0015,2038,1200,106,2024-12-30 05:32:45.606415
-0015,2041,1200,106,2024-12-30 05:32:45.622412
-0015,2028,1200,106,2024-12-30 05:32:45.638413
-0015,2033,1200,106,2024-12-30 05:32:45.654405
-0015,2027,1200,106,2024-12-30 05:32:45.670404
-0015,2026,1200,106,2024-12-30 05:32:45.686398
-0015,2046,1200,106,2024-12-30 05:32:45.702390
-0015,2018,1200,106,2024-12-30 05:32:45.718393
-0016,2037,1200,106,2024-12-30 05:32:45.734383
-0014,2033,1200,106,2024-12-30 05:32:45.766008
-0015,2026,1200,106,2024-12-30 05:32:45.782380
-0015,2028,1200,106,2024-12-30 05:32:45.798374
-0016,2030,1200,106,2024-12-30 05:32:45.814375
-0014,2048,1200,106,2024-12-30 05:32:45.830380
-0015,2039,1200,106,2024-12-30 05:32:45.846364
-0015,2019,1200,106,2024-12-30 05:32:45.862363
-0015,2027,1200,106,2024-12-30 05:32:45.878353
-0015,2041,1200,106,2024-12-30 05:32:45.894356
-0015,2038,1200,106,2024-12-30 05:32:45.910349
-0015,2045,1200,106,2024-12-30 05:32:45.942346
-0015,2038,1200,106,2024-12-30 05:32:45.958340
-0016,2037,1200,106,2024-12-30 05:32:45.974343
-0015,2031,1200,106,2024-12-30 05:32:45.990340
-0015,2038,1200,106,2024-12-30 05:32:46.006331
-0015,2041,1200,106,2024-12-30 05:32:46.022321
-0015,2019,1200,106,2024-12-30 05:32:46.038325
-0016,2032,1200,106,2024-12-30 05:32:46.054316
-0015,2033,1200,106,2024-12-30 05:32:46.070321
-0015,2020,1200,106,2024-12-30 05:32:46.101919
-0015,2036,1200,106,2024-12-30 05:32:46.118311
-0014,2041,1200,106,2024-12-30 05:32:46.134299
-0015,2029,1200,106,2024-12-30 05:32:46.150301
-0016,2032,1200,106,2024-12-30 05:32:46.166298
-0015,2029,1200,106,2024-12-30 05:32:46.182295
-0015,2042,1200,106,2024-12-30 05:32:46.198297
-0015,2030,1200,106,2024-12-30 05:32:46.214299
-0015,2041,1200,106,2024-12-30 05:32:46.230284
-0015,2028,1200,106,2024-12-30 05:32:46.246286
-0015,2036,1200,106,2024-12-30 05:32:46.278271
-0014,2036,1200,106,2024-12-30 05:32:46.294270
-0015,2034,1200,106,2024-12-30 05:32:46.310265
-0015,2029,1200,106,2024-12-30 05:32:46.326273
-0015,2046,1200,106,2024-12-30 05:32:46.342261
-0015,2042,1200,106,2024-12-30 05:32:46.358266
-0015,2037,1200,106,2024-12-30 05:32:46.374261
-0015,2029,1200,106,2024-12-30 05:32:46.390250
-0015,2026,1200,106,2024-12-30 05:32:46.406255
-0015,2029,1200,106,2024-12-30 05:32:46.437877
-0015,2026,1200,106,2024-12-30 05:32:46.454247
-0015,2044,1200,106,2024-12-30 05:32:46.470244
-0015,2039,1200,106,2024-12-30 05:32:46.486237
-0015,2028,1201,106,2024-12-30 05:32:46.502238
-0014,2018,1200,106,2024-12-30 05:32:46.518222
-0014,2036,1200,106,2024-12-30 05:32:46.534219
-0015,2037,1200,106,2024-12-30 05:32:46.550218
-0015,2036,1200,106,2024-12-30 05:32:46.566222
-0015,2035,1200,106,2024-12-30 05:32:46.582224
-0015,2037,1200,106,2024-12-30 05:32:46.614213
-0015,2036,1200,106,2024-12-30 05:32:46.630211
-0015,2031,1200,106,2024-12-30 05:32:46.646201
-0014,2032,1200,106,2024-12-30 05:32:46.662198
-0015,2038,1200,106,2024-12-30 05:32:46.678192
-0015,2028,1200,106,2024-12-30 05:32:46.694192
-0015,2034,1200,106,2024-12-30 05:32:46.710199
-0015,2030,1200,106,2024-12-30 05:32:46.726186
-0015,2047,1200,106,2024-12-30 05:32:46.742178
-0015,2037,1200,106,2024-12-30 05:32:46.773801
-0015,2040,1200,106,2024-12-30 05:32:46.790172
-0015,2036,1200,106,2024-12-30 05:32:46.806161
-0015,2041,1200,106,2024-12-30 05:32:46.822160
-0015,2027,1200,106,2024-12-30 05:32:46.838158
-0015,2036,1200,106,2024-12-30 05:32:46.854163
-0015,2028,1200,106,2024-12-30 05:32:46.870157
-0015,2033,1200,106,2024-12-30 05:32:46.886155
-0015,2028,1200,106,2024-12-30 05:32:46.902148
-0015,2037,1200,106,2024-12-30 05:32:46.918135
-0015,2022,1200,106,2024-12-30 05:32:46.950140
-0015,2030,1200,106,2024-12-30 05:32:46.966121
-0015,2027,1200,106,2024-12-30 05:32:46.982128
-0015,2034,1200,106,2024-12-30 05:32:46.998125
-0016,2036,1200,106,2024-12-30 05:32:47.014120
-0016,2036,1200,106,2024-12-30 05:32:47.030111
-0015,2037,1200,106,2024-12-30 05:32:47.046112
-0015,2043,1200,106,2024-12-30 05:32:47.062119
-0016,2034,1200,106,2024-12-30 05:32:47.078112
-0015,2033,1200,106,2024-12-30 05:32:47.109731
-0014,2028,1200,106,2024-12-30 05:32:47.126102
-0015,2033,1200,106,2024-12-30 05:32:47.142095
-0015,2025,1200,106,2024-12-30 05:32:47.158094
-0016,2037,1200,106,2024-12-30 05:32:47.174080
-0014,2042,1200,106,2024-12-30 05:32:47.190094
-0016,2043,1200,106,2024-12-30 05:32:47.206078
-0015,2031,1200,106,2024-12-30 05:32:47.222079
-0015,2030,1200,106,2024-12-30 05:32:47.238080
-0015,2045,1200,106,2024-12-30 05:32:47.254077
-0015,2036,1200,106,2024-12-30 05:32:47.286055
-0015,2035,1200,106,2024-12-30 05:32:47.302063
-0014,2029,1200,106,2024-12-30 05:32:47.318074
-0015,2047,1200,106,2024-12-30 05:32:47.334080
-0015,2041,1200,106,2024-12-30 05:32:47.350073
-0016,2033,1200,106,2024-12-30 05:32:47.366072
-0015,2047,1200,106,2024-12-30 05:32:47.382067
-0015,2037,1200,106,2024-12-30 05:32:47.398064
-0015,2037,1200,106,2024-12-30 05:32:47.414077
-0015,2036,1200,106,2024-12-30 05:32:47.445689
-0015,2034,1200,106,2024-12-30 05:32:47.462077
-0015,2029,1200,106,2024-12-30 05:32:47.478081
-0015,2036,1200,106,2024-12-30 05:32:47.494078
-0016,2030,1200,106,2024-12-30 05:32:47.510013
-0015,2031,1200,106,2024-12-30 05:32:47.526015
-0015,2027,1200,106,2024-12-30 05:32:47.542007
-0014,2032,1200,106,2024-12-30 05:32:47.557996
-0015,2039,1200,106,2024-12-30 05:32:47.574005
-0016,2036,1200,106,2024-12-30 05:32:47.590003
-0015,2043,1200,106,2024-12-30 05:32:47.621988
-0015,2027,1200,106,2024-12-30 05:32:47.637989
-0015,2035,1200,106,2024-12-30 05:32:47.653981
-0015,2043,1200,106,2024-12-30 05:32:47.669980
-0015,2024,1200,106,2024-12-30 05:32:47.685988
-0016,2036,1200,106,2024-12-30 05:32:47.701967
-0015,2033,1200,106,2024-12-30 05:32:47.717975
-0016,2044,1200,106,2024-12-30 05:32:47.733964
-0015,2037,1199,106,2024-12-30 05:32:47.749973
-0015,2032,1200,106,2024-12-30 05:32:47.781581
-0015,2030,1200,106,2024-12-30 05:32:47.797961
-0016,2035,1200,106,2024-12-30 05:32:47.813942
-0015,2047,1200,106,2024-12-30 05:32:47.829937
-0015,2038,1199,106,2024-12-30 05:32:47.845935
-0015,2024,1200,106,2024-12-30 05:32:47.861935
-0015,2046,1199,106,2024-12-30 05:32:47.877933
-0015,2031,1200,106,2024-12-30 05:32:47.893920
-0015,2036,1200,106,2024-12-30 05:32:47.909924
-0015,2024,1200,106,2024-12-30 05:32:47.925916
-0016,2034,1200,106,2024-12-30 05:32:47.957908
-0015,2032,1199,106,2024-12-30 05:32:47.973908
-0015,2036,1200,106,2024-12-30 05:32:47.989908
-0015,2033,1200,106,2024-12-30 05:32:48.005907
-0015,2021,1199,106,2024-12-30 05:32:48.021903
-0015,2038,1200,106,2024-12-30 05:32:48.037897
-0015,2038,1200,106,2024-12-30 05:32:48.053896
-0016,2031,1199,106,2024-12-30 05:32:48.069883
-0015,2039,1199,106,2024-12-30 05:32:48.085888
-0015,2035,1199,106,2024-12-30 05:32:48.117504
-0016,2027,1199,106,2024-12-30 05:32:48.133874
-0016,2032,1199,106,2024-12-30 05:32:48.149875
-0015,2041,1200,106,2024-12-30 05:32:48.165875
-0015,2031,1200,106,2024-12-30 05:32:48.181864
-0016,2024,1199,106,2024-12-30 05:32:48.197867
-0016,2030,1199,106,2024-12-30 05:32:48.213859
-0015,2026,1199,106,2024-12-30 05:32:48.229858
-0016,2040,1200,106,2024-12-30 05:32:48.245861
-0015,2032,1200,106,2024-12-30 05:32:48.261840
-0015,2032,1199,106,2024-12-30 05:32:48.293834
-0015,2035,1200,106,2024-12-30 05:32:48.309852
-0015,2039,1199,106,2024-12-30 05:32:48.325829
-0015,2032,1200,106,2024-12-30 05:32:48.341829
-0015,2032,1199,106,2024-12-30 05:32:48.357823
-0015,2038,1200,106,2024-12-30 05:32:48.373827
-0016,2040,1199,106,2024-12-30 05:32:48.389819
-0016,2034,1199,106,2024-12-30 05:32:48.405819
-0016,2045,1200,106,2024-12-30 05:32:48.421825
-0015,2028,1200,106,2024-12-30 05:32:48.453444
-0015,2034,1199,106,2024-12-30 05:32:48.469805
-0015,2035,1200,106,2024-12-30 05:32:48.485800
-0016,2045,1200,106,2024-12-30 05:32:48.501789
-0015,2033,1199,106,2024-12-30 05:32:48.517793
-0015,2032,1200,106,2024-12-30 05:32:48.533797
-0015,2023,1200,106,2024-12-30 05:32:48.549789
-0015,2043,1199,106,2024-12-30 05:32:48.565783
-0016,2027,1199,106,2024-12-30 05:32:48.581780
-0016,2040,1199,106,2024-12-30 05:32:48.597772
-0015,2027,1199,106,2024-12-30 05:32:48.629769
-0015,2035,1199,106,2024-12-30 05:32:48.645770
-0015,2033,1199,106,2024-12-30 05:32:48.661756
-0015,2036,1200,106,2024-12-30 05:32:48.677766
-0015,2029,1199,106,2024-12-30 05:32:48.693752
-0015,2036,1199,106,2024-12-30 05:32:48.709749
-0015,2030,1199,106,2024-12-30 05:32:48.725745
-0016,2039,1199,106,2024-12-30 05:32:48.741746
-0015,2034,1199,106,2024-12-30 05:32:48.757742
-0015,2039,1199,106,2024-12-30 05:32:48.789357
-0015,2043,1200,106,2024-12-30 05:32:48.805736
-0015,2031,1200,106,2024-12-30 05:32:48.821729
-0015,2040,1199,106,2024-12-30 05:32:48.837726
-0015,2023,1199,106,2024-12-30 05:32:48.853709
-0015,2034,1200,106,2024-12-30 05:32:48.869717
-0016,2041,1200,106,2024-12-30 05:32:48.885711
-0015,2039,1199,106,2024-12-30 05:32:48.901715
-0016,2046,1199,106,2024-12-30 05:32:48.917704
-0015,2025,1199,106,2024-12-30 05:32:48.933708
-0015,2030,1199,106,2024-12-30 05:32:48.965704
-0015,2021,1199,106,2024-12-30 05:32:48.981696
-0015,2039,1199,106,2024-12-30 05:32:48.997695
-0015,2040,1199,106,2024-12-30 05:32:49.013697
-0016,2025,1199,106,2024-12-30 05:32:49.029683
-0015,2038,1199,106,2024-12-30 05:32:49.045690
-0015,2041,1199,106,2024-12-30 05:32:49.061680
-0015,2032,1199,106,2024-12-30 05:32:49.077688
-0015,2027,1199,106,2024-12-30 05:32:49.093668
-0015,2039,1199,106,2024-12-30 05:32:49.125281
-0015,2026,1199,106,2024-12-30 05:32:49.141672
-0014,2037,1199,106,2024-12-30 05:32:49.157654
-0015,2040,1199,106,2024-12-30 05:32:49.173656
-0016,2025,1199,106,2024-12-30 05:32:49.189652
-0015,2033,1200,106,2024-12-30 05:32:49.205647
-0016,2033,1199,106,2024-12-30 05:32:49.221641
-0016,2014,1199,106,2024-12-30 05:32:49.237645
-0016,2020,1199,106,2024-12-30 05:32:49.253639
-0015,2031,1199,106,2024-12-30 05:32:49.269627
-0015,2028,1199,106,2024-12-30 05:32:49.301628
-0015,2033,1199,106,2024-12-30 05:32:49.317628
-0015,2028,1199,106,2024-12-30 05:32:49.333622
-0015,2032,1199,106,2024-12-30 05:32:49.349622
-0015,2036,1199,106,2024-12-30 05:32:49.365604
-0015,2026,1199,106,2024-12-30 05:32:49.381607
-0015,2031,1199,106,2024-12-30 05:32:49.397601
-0015,2041,1199,106,2024-12-30 05:32:49.413599
-0015,2026,1199,106,2024-12-30 05:32:49.429595
-0016,2027,1199,106,2024-12-30 05:32:49.461203
-0015,2029,1199,106,2024-12-30 05:32:49.477583
-0016,2027,1199,106,2024-12-30 05:32:49.493584
-0015,2019,1199,106,2024-12-30 05:32:49.509581
-0015,2029,1199,106,2024-12-30 05:32:49.525582
-0016,2036,1199,106,2024-12-30 05:32:49.541567
-0016,2033,1199,106,2024-12-30 05:32:49.557560
-0015,2028,1199,106,2024-12-30 05:32:49.573574
-0015,2034,1199,106,2024-12-30 05:32:49.589562
-0015,2030,1199,106,2024-12-30 05:32:49.605558
-0015,2030,1199,106,2024-12-30 05:32:49.637541
-0015,2041,1199,106,2024-12-30 05:32:49.653543
-0016,2043,1199,106,2024-12-30 05:32:49.669546
-0015,2018,1199,106,2024-12-30 05:32:49.685539
-0015,2025,1199,106,2024-12-30 05:32:49.701530
-0015,2016,1199,106,2024-12-30 05:32:49.717526
-0015,2027,1199,106,2024-12-30 05:32:49.733532
-0015,2036,1199,106,2024-12-30 05:32:49.749529
-0016,2032,1199,106,2024-12-30 05:32:49.765513
-0015,2042,1199,106,2024-12-30 05:32:49.797123
-0015,2043,1200,106,2024-12-30 05:32:49.813510
-0015,2027,1199,106,2024-12-30 05:32:49.829508
-0015,2012,1199,106,2024-12-30 05:32:49.845502
-0014,2024,1199,106,2024-12-30 05:32:49.861504
-0014,1954,1199,106,2024-12-30 05:32:49.877505
-0014,2011,1199,106,2024-12-30 05:32:49.893512
-0015,2078,1199,106,2024-12-30 05:32:49.909496
-0015,2018,1199,106,2024-12-30 05:32:49.925493
-0014,1967,1199,106,2024-12-30 05:32:49.941486
-0014,1990,1199,106,2024-12-30 05:32:49.973482
-0013,2043,1199,106,2024-12-30 05:32:49.989477
-0014,1993,1199,106,2024-12-30 05:32:50.005479
-0014,2039,1199,106,2024-12-30 05:32:50.021466
-0015,2001,1199,106,2024-12-30 05:32:50.037472
-0015,2064,1199,106,2024-12-30 05:32:50.053456
-0013,2008,1199,106,2024-12-30 05:32:50.069451
-0012,1970,1200,106,2024-12-30 05:32:50.085449
-0012,1910,1199,106,2024-12-30 05:32:50.101443
-0010,1897,1199,106,2024-12-30 05:32:50.133088
-0011,1909,1199,106,2024-12-30 05:32:50.149444
-0011,1935,1199,106,2024-12-30 05:32:50.165431
-0010,1830,1199,106,2024-12-30 05:32:50.181433
-0010,1815,1199,106,2024-12-30 05:32:50.197427
-0010,1835,1199,106,2024-12-30 05:32:50.213412
-0009,1827,1199,106,2024-12-30 05:32:50.229420
-0009,1829,1199,106,2024-12-30 05:32:50.245430
-0010,1816,1199,106,2024-12-30 05:32:50.261419
-0009,1830,1199,106,2024-12-30 05:32:50.277418
-0009,1827,1199,106,2024-12-30 05:32:50.309426
-0010,1780,1199,106,2024-12-30 05:32:50.325425
-0008,1783,1199,106,2024-12-30 05:32:50.341425
-0009,1779,1199,106,2024-12-30 05:32:50.357427
-0009,1751,1199,106,2024-12-30 05:32:50.373437
-0008,1765,1199,106,2024-12-30 05:32:50.389436
-0008,1752,1199,106,2024-12-30 05:32:50.405440
-0009,1733,1199,106,2024-12-30 05:32:50.421437
-0008,1735,1199,106,2024-12-30 05:32:50.437372
-0008,1725,1199,106,2024-12-30 05:32:50.469102
-0009,1731,1199,106,2024-12-30 05:32:50.485373
-0009,1722,1199,106,2024-12-30 05:32:50.501358
-0009,1733,1199,106,2024-12-30 05:32:50.517347
-0008,1731,1199,106,2024-12-30 05:32:50.533353
-0009,1740,1199,106,2024-12-30 05:32:50.549347
-0009,1736,1199,106,2024-12-30 05:32:50.565348
-0009,1734,1199,106,2024-12-30 05:32:50.581333
-0009,1733,1199,106,2024-12-30 05:32:50.597341
-0009,1745,1199,106,2024-12-30 05:32:50.628751
-0009,1733,1199,106,2024-12-30 05:32:50.645327
-0009,1735,1199,106,2024-12-30 05:32:50.661318
-0008,1724,1199,106,2024-12-30 05:32:50.677322
-0009,1742,1199,106,2024-12-30 05:32:50.693315
-0009,1728,1199,106,2024-12-30 05:32:50.709315
-0008,1743,1199,106,2024-12-30 05:32:50.725316
-0009,1729,1199,106,2024-12-30 05:32:50.741308
-0009,1727,1199,106,2024-12-30 05:32:50.757309
-0009,1735,1199,106,2024-12-30 05:32:50.773295
-0009,1746,1199,106,2024-12-30 05:32:50.805151
-0009,1727,1199,106,2024-12-30 05:32:50.821296
-0009,1748,1199,106,2024-12-30 05:32:50.837285
-0009,1728,1199,106,2024-12-30 05:32:50.853287
-0009,1738,1199,106,2024-12-30 05:32:50.869280
-0008,1738,1199,106,2024-12-30 05:32:50.885273
-0009,1744,1199,106,2024-12-30 05:32:50.901274
-0009,1748,1199,106,2024-12-30 05:32:50.917269
-0009,1737,1199,106,2024-12-30 05:32:50.933268
-0009,1736,1199,106,2024-12-30 05:32:50.964772
-0009,1738,1199,106,2024-12-30 05:32:50.981266
-0009,1743,1199,106,2024-12-30 05:32:50.997244
-0009,1758,1199,106,2024-12-30 05:32:51.013246
-0009,1740,1199,106,2024-12-30 05:32:51.029238
-0009,1749,1199,106,2024-12-30 05:32:51.045241
-0009,1749,1199,106,2024-12-30 05:32:51.061236
-0009,1753,1199,106,2024-12-30 05:32:51.077239
-0010,1726,1199,106,2024-12-30 05:32:51.093238
-0009,1740,1199,106,2024-12-30 05:32:51.109226
-0009,1718,1199,106,2024-12-30 05:32:51.141163
-0009,1722,1199,106,2024-12-30 05:32:51.157219
-0009,1747,1199,106,2024-12-30 05:32:51.173212
-0008,1753,1199,106,2024-12-30 05:32:51.189213
-0009,1759,1199,106,2024-12-30 05:32:51.205207
-0009,1743,1199,106,2024-12-30 05:32:51.221202
-0009,1736,1199,106,2024-12-30 05:32:51.237209
-0009,1740,1199,106,2024-12-30 05:32:51.253194
-0009,1749,1199,106,2024-12-30 05:32:51.269193
-0009,1739,1199,106,2024-12-30 05:32:51.300805
-0009,1736,1199,106,2024-12-30 05:32:51.317181
-0009,1721,1199,106,2024-12-30 05:32:51.333183
-0009,1748,1199,106,2024-12-30 05:32:51.349187
-0009,1745,1199,106,2024-12-30 05:32:51.365171
-0008,1753,1199,106,2024-12-30 05:32:51.381175
-0010,1739,1199,106,2024-12-30 05:32:51.397167
-0009,1745,1199,106,2024-12-30 05:32:51.413168
-0009,1760,1198,106,2024-12-30 05:32:51.429159
-0009,1752,1199,106,2024-12-30 05:32:51.445157
-0009,1744,1199,106,2024-12-30 05:32:51.477144
-0008,1756,1199,106,2024-12-30 05:32:51.493146
-0009,1748,1198,106,2024-12-30 05:32:51.509137
-0009,1754,1198,106,2024-12-30 05:32:51.525140
-0009,1761,1199,106,2024-12-30 05:32:51.541132
-0008,1724,1199,106,2024-12-30 05:32:51.557139
-0009,1753,1199,106,2024-12-30 05:32:51.573130
-0009,1732,1199,106,2024-12-30 05:32:51.589119
-0009,1741,1199,106,2024-12-30 05:32:51.605120
-0009,1749,1199,106,2024-12-30 05:32:51.636816
-0009,1742,1199,106,2024-12-30 05:32:51.653110
-0008,1743,1199,106,2024-12-30 05:32:51.669112
-0008,1751,1199,106,2024-12-30 05:32:51.685103
-0009,1753,1198,106,2024-12-30 05:32:51.701104
-0009,1745,1199,106,2024-12-30 05:32:51.717101
-0009,1754,1199,106,2024-12-30 05:32:51.733087
-0008,1742,1199,106,2024-12-30 05:32:51.749096
-0009,1762,1199,106,2024-12-30 05:32:51.765084
-0010,1754,1199,106,2024-12-30 05:32:51.796448
-0009,1740,1199,106,2024-12-30 05:32:51.813077
-0010,1728,1199,106,2024-12-30 05:32:51.829078
-0009,1736,1199,106,2024-12-30 05:32:51.845067
-0009,1735,1199,106,2024-12-30 05:32:51.861065
-0009,1736,1199,106,2024-12-30 05:32:51.877059
-0010,1753,1199,106,2024-12-30 05:32:51.893064
-0009,1727,1199,106,2024-12-30 05:32:51.909054
-0009,1734,1199,106,2024-12-30 05:32:51.925060
-0008,1748,1199,106,2024-12-30 05:32:51.941053
-0009,1732,1199,106,2024-12-30 05:32:51.972829
-0009,1751,1199,106,2024-12-30 05:32:51.989034
-0009,1751,1199,106,2024-12-30 05:32:52.005039
-0009,1744,1198,106,2024-12-30 05:32:52.021028
-0009,1736,1199,106,2024-12-30 05:32:52.037027
-0008,1750,1199,106,2024-12-30 05:32:52.053023
-0009,1756,1199,106,2024-12-30 05:32:52.069021
-0009,1756,1199,106,2024-12-30 05:32:52.085029
-0010,1748,1199,106,2024-12-30 05:32:52.101011
-0009,1736,1199,106,2024-12-30 05:32:52.132472
-0009,1736,1199,106,2024-12-30 05:32:52.149006
-0008,1752,1199,106,2024-12-30 05:32:52.164997
-0009,1748,1199,106,2024-12-30 05:32:52.181002
-0009,1737,1198,106,2024-12-30 05:32:52.196998
-0009,1705,1199,106,2024-12-30 05:32:52.212998
-0009,1738,1198,106,2024-12-30 05:32:52.228986
-0010,1732,1198,106,2024-12-30 05:32:52.244992
-0009,1737,1199,106,2024-12-30 05:32:52.260990
-0010,1738,1199,106,2024-12-30 05:32:52.276984
-0009,1725,1199,106,2024-12-30 05:32:52.308858
-0009,1729,1199,106,2024-12-30 05:32:52.324981
-0009,1742,1198,106,2024-12-30 05:32:52.341167
-0009,1737,1199,106,2024-12-30 05:32:52.356984
-0009,1729,1199,106,2024-12-30 05:32:52.372961
-0009,1731,1199,106,2024-12-30 05:32:52.388960
-0009,1739,1199,106,2024-12-30 05:32:52.404957
-0010,1741,1199,106,2024-12-30 05:32:52.420949
-0009,1722,1199,106,2024-12-30 05:32:52.436947
-0009,1729,1199,106,2024-12-30 05:32:52.468498
-0009,1733,1198,106,2024-12-30 05:32:52.484937
-0009,1745,1199,106,2024-12-30 05:32:52.500930
-0009,1729,1199,106,2024-12-30 05:32:52.516928
-0009,1723,1198,106,2024-12-30 05:32:52.532921
-0009,1738,1198,106,2024-12-30 05:32:52.548923
-0009,1727,1198,106,2024-12-30 05:32:52.564918
-0009,1726,1199,106,2024-12-30 05:32:52.580918
-0008,1727,1198,106,2024-12-30 05:32:52.596909
-0009,1725,1198,106,2024-12-30 05:32:52.612902
-0009,1741,1198,106,2024-12-30 05:32:52.644904
-0009,1732,1198,106,2024-12-30 05:32:52.660900
-0009,1744,1198,106,2024-12-30 05:32:52.676897
-0009,1725,1199,106,2024-12-30 05:32:52.692890
-0009,1732,1199,106,2024-12-30 05:32:52.708886
-0009,1743,1198,106,2024-12-30 05:32:52.724885
-0008,1734,1199,106,2024-12-30 05:32:52.740881
-0009,1732,1198,106,2024-12-30 05:32:52.756880
-0009,1726,1198,106,2024-12-30 05:32:52.772868
-0009,1736,1198,106,2024-12-30 05:32:52.804530
-0010,1730,1198,106,2024-12-30 05:32:52.820860
-0009,1733,1199,106,2024-12-30 05:32:52.836863
-0009,1741,1198,106,2024-12-30 05:32:52.852853
-0009,1746,1198,106,2024-12-30 05:32:52.868852
-0009,1735,1198,106,2024-12-30 05:32:52.884843
-0009,1733,1198,106,2024-12-30 05:32:52.900846
-0008,1746,1198,106,2024-12-30 05:32:52.916843
-0009,1734,1198,106,2024-12-30 05:32:52.932836
-0009,1719,1198,106,2024-12-30 05:32:52.964166
-0008,1725,1198,106,2024-12-30 05:32:52.980830
-0009,1725,1199,106,2024-12-30 05:32:52.996824
-0009,1742,1199,106,2024-12-30 05:32:53.012821
-0009,1734,1198,106,2024-12-30 05:32:53.028816
-0009,1729,1199,106,2024-12-30 05:32:53.044822
-0009,1733,1198,106,2024-12-30 05:32:53.060819
-0009,1728,1198,106,2024-12-30 05:32:53.076803
-0008,1754,1199,106,2024-12-30 05:32:53.092800
-0009,1717,1198,106,2024-12-30 05:32:53.108797
-0009,1733,1199,106,2024-12-30 05:32:53.140544
-0010,1733,1199,106,2024-12-30 05:32:53.156797
-0010,1724,1199,106,2024-12-30 05:32:53.172783
-0009,1708,1198,106,2024-12-30 05:32:53.188785
-0009,1714,1198,106,2024-12-30 05:32:53.204789
-0009,1742,1198,106,2024-12-30 05:32:53.220789
-0009,1726,1198,106,2024-12-30 05:32:53.236805
-0009,1741,1199,106,2024-12-30 05:32:53.252792
-0008,1732,1198,106,2024-12-30 05:32:53.268788
-0009,1746,1199,106,2024-12-30 05:32:53.300230
-0009,1721,1198,106,2024-12-30 05:32:53.316805
-0009,1750,1198,106,2024-12-30 05:32:53.332814
-0009,1726,1198,106,2024-12-30 05:32:53.348820
-0008,1733,1198,106,2024-12-30 05:32:53.364819
-0009,1737,1198,106,2024-12-30 05:32:53.380811
-0009,1737,1198,106,2024-12-30 05:32:53.396745
-0009,1735,1198,106,2024-12-30 05:32:53.412740
-0010,1730,1199,106,2024-12-30 05:32:53.428729
-0008,1726,1199,106,2024-12-30 05:32:53.444721
-0009,1742,1198,106,2024-12-30 05:32:53.476558
-0008,1739,1199,106,2024-12-30 05:32:53.492724
-0009,1747,1198,106,2024-12-30 05:32:53.508715
-0009,1734,1198,106,2024-12-30 05:32:53.524713
-0009,1740,1198,106,2024-12-30 05:32:53.540708
-0009,1736,1198,106,2024-12-30 05:32:53.556706
-0009,1737,1198,106,2024-12-30 05:32:53.572707
-0009,1736,1198,106,2024-12-30 05:32:53.588693
-0009,1736,1198,106,2024-12-30 05:32:53.604697
-0009,1735,1198,106,2024-12-30 05:32:53.636191
-0009,1729,1198,106,2024-12-30 05:32:53.652689
-0009,1749,1198,106,2024-12-30 05:32:53.668680
-0009,1741,1198,106,2024-12-30 05:32:53.684685
-0009,1737,1198,106,2024-12-30 05:32:53.700668
-0009,1723,1198,106,2024-12-30 05:32:53.716672
-0010,1724,1198,106,2024-12-30 05:32:53.732665
-0009,1718,1198,106,2024-12-30 05:32:53.748666
-0009,1734,1198,106,2024-12-30 05:32:53.764657
-0009,1728,1198,106,2024-12-30 05:32:53.780657
-0009,1741,1198,106,2024-12-30 05:32:53.812581
-0009,1722,1198,106,2024-12-30 05:32:53.828652
-0009,1757,1198,106,2024-12-30 05:32:53.844652
-0009,1745,1198,106,2024-12-30 05:32:53.860639
-0009,1729,1198,106,2024-12-30 05:32:53.876633
-0008,1738,1198,106,2024-12-30 05:32:53.892633
-0009,1733,1198,106,2024-12-30 05:32:53.908626
-0009,1741,1198,106,2024-12-30 05:32:53.924628
-0009,1741,1199,106,2024-12-30 05:32:53.940629
-0009,1728,1198,106,2024-12-30 05:32:53.972232
-0009,1724,1198,106,2024-12-30 05:32:53.988611
-0009,1735,1198,106,2024-12-30 05:32:54.004608
-0008,1736,1198,106,2024-12-30 05:32:54.020605
-0009,1732,1198,106,2024-12-30 05:32:54.036607
-0009,1733,1198,106,2024-12-30 05:32:54.052604
-0009,1738,1199,106,2024-12-30 05:32:54.068609
-0009,1735,1198,106,2024-12-30 05:32:54.084597
-0009,1739,1198,106,2024-12-30 05:32:54.100593
-0009,1721,1198,106,2024-12-30 05:32:54.116586
-0009,1717,1198,106,2024-12-30 05:32:54.148584
-0008,1725,1198,106,2024-12-30 05:32:54.164573
-0008,1729,1198,106,2024-12-30 05:32:54.180575
-0009,1735,1198,106,2024-12-30 05:32:54.196563
-0009,1738,1198,106,2024-12-30 05:32:54.212568
-0009,1735,1198,106,2024-12-30 05:32:54.228556
-0009,1721,1198,106,2024-12-30 05:32:54.244562
-0009,1730,1198,106,2024-12-30 05:32:54.260560
-0009,1727,1198,106,2024-12-30 05:32:54.276545
-0009,1732,1198,106,2024-12-30 05:32:54.308253
-0009,1735,1198,106,2024-12-30 05:32:54.324537
-0009,1736,1198,106,2024-12-30 05:32:54.340540
-0009,1724,1198,106,2024-12-30 05:32:54.356534
-0009,1741,1198,106,2024-12-30 05:32:54.372535
-0009,1744,1198,106,2024-12-30 05:32:54.388518
-0009,1741,1199,106,2024-12-30 05:32:54.404526
-0009,1732,1198,106,2024-12-30 05:32:54.420519
-0009,1737,1198,106,2024-12-30 05:32:54.436524
-0009,1737,1198,106,2024-12-30 05:32:54.467904
-0009,1754,1198,106,2024-12-30 05:32:54.484502
-0009,1732,1198,106,2024-12-30 05:32:54.500492
-0009,1742,1198,106,2024-12-30 05:32:54.516497
-0009,1740,1198,106,2024-12-30 05:32:54.532501
-0009,1734,1198,106,2024-12-30 05:32:54.548506
-0009,1742,1197,106,2024-12-30 05:32:54.564487
-0008,1795,1198,106,2024-12-30 05:32:54.580491
-0009,1747,1198,106,2024-12-30 05:32:54.596484
-0009,1732,1198,106,2024-12-30 05:32:54.612483
-0009,1747,1198,106,2024-12-30 05:32:54.644272
-0008,1740,1198,106,2024-12-30 05:32:54.660467
-0009,1741,1198,106,2024-12-30 05:32:54.676477
-0009,1731,1198,106,2024-12-30 05:32:54.692476
-0009,1732,1198,106,2024-12-30 05:32:54.708462
-0009,1732,1198,106,2024-12-30 05:32:54.724449
-0009,1752,1198,106,2024-12-30 05:32:54.740454
-0009,1741,1198,106,2024-12-30 05:32:54.756447
-0010,1733,1198,106,2024-12-30 05:32:54.772450
-0010,1738,1198,106,2024-12-30 05:32:54.803918
-0009,1723,1198,106,2024-12-30 05:32:54.820434
-0010,1736,1198,106,2024-12-30 05:32:54.836428
-0009,1743,1198,106,2024-12-30 05:32:54.852431
-0009,1732,1198,106,2024-12-30 05:32:54.868423
-0009,1722,1198,106,2024-12-30 05:32:54.884418
-0009,1737,1198,106,2024-12-30 05:32:54.900416
-0009,1739,1198,106,2024-12-30 05:32:54.916416
-0008,1738,1198,106,2024-12-30 05:32:54.932411
-0009,1731,1198,106,2024-12-30 05:32:54.948411
-0009,1731,1198,106,2024-12-30 05:32:54.980287
-0008,1750,1198,106,2024-12-30 05:32:54.996403
-0008,1742,1198,106,2024-12-30 05:32:55.012396
-0009,1739,1198,106,2024-12-30 05:32:55.028389
-0009,1738,1198,106,2024-12-30 05:32:55.044393
-0009,1741,1198,106,2024-12-30 05:32:55.060393
-0009,1756,1198,106,2024-12-30 05:32:55.076377
-0009,1747,1198,106,2024-12-30 05:32:55.092373
-0008,1748,1198,106,2024-12-30 05:32:55.108374
-0009,1754,1198,106,2024-12-30 05:32:55.139949
-0009,1731,1198,106,2024-12-30 05:32:55.156360
-0009,1736,1198,106,2024-12-30 05:32:55.172364
-0010,1733,1198,106,2024-12-30 05:32:55.188353
-0009,1726,1198,106,2024-12-30 05:32:55.204357
-0009,1735,1198,106,2024-12-30 05:32:55.220348
-0009,1749,1198,106,2024-12-30 05:32:55.236350
-0009,1745,1198,106,2024-12-30 05:32:55.252346
-0008,1745,1198,106,2024-12-30 05:32:55.268338
-0008,1727,1198,106,2024-12-30 05:32:55.284336
-0009,1754,1198,106,2024-12-30 05:32:55.316314
-0009,1750,1198,106,2024-12-30 05:32:55.332319
-0009,1735,1198,106,2024-12-30 05:32:55.348324
-0009,1730,1198,106,2024-12-30 05:32:55.364316
-0009,1728,1198,106,2024-12-30 05:32:55.380309
-0009,1735,1198,106,2024-12-30 05:32:55.396311
-0009,1738,1198,106,2024-12-30 05:32:55.412311
-0009,1745,1198,106,2024-12-30 05:32:55.428315
-0010,1756,1198,106,2024-12-30 05:32:55.444305
-0010,1754,1198,106,2024-12-30 05:32:55.475942
-0009,1741,1198,106,2024-12-30 05:32:55.492288
-0009,1732,1198,106,2024-12-30 05:32:55.508287
-0009,1721,1198,106,2024-12-30 05:32:55.524281
-0009,1745,1198,106,2024-12-30 05:32:55.540290
-0009,1739,1198,106,2024-12-30 05:32:55.556272
-0009,1733,1198,106,2024-12-30 05:32:55.572273
-0009,1746,1198,106,2024-12-30 05:32:55.588266
-0009,1748,1198,106,2024-12-30 05:32:55.604269
-0009,1735,1198,106,2024-12-30 05:32:55.635592
-0009,1740,1198,106,2024-12-30 05:32:55.652256
-0009,1734,1198,106,2024-12-30 05:32:55.668248
-0009,1756,1198,106,2024-12-30 05:32:55.684247
-0009,1754,1198,106,2024-12-30 05:32:55.700243
-0009,1744,1198,106,2024-12-30 05:32:55.716239
-0008,1758,1198,106,2024-12-30 05:32:55.732236
-0009,1761,1198,106,2024-12-30 05:32:55.748237
-0009,1750,1198,106,2024-12-30 05:32:55.764228
-0009,1738,1197,106,2024-12-30 05:32:55.780234
-0009,1815,1198,106,2024-12-30 05:32:55.811954
-0009,1754,1197,106,2024-12-30 05:32:55.828221
-0009,1812,1198,106,2024-12-30 05:32:55.844209
-0009,1744,1198,106,2024-12-30 05:32:55.860212
-0009,1740,1198,106,2024-12-30 05:32:55.876207
-0009,1746,1198,106,2024-12-30 05:32:55.892206
-0009,1756,1198,106,2024-12-30 05:32:55.908213
-0009,1746,1198,106,2024-12-30 05:32:55.924206
-0009,1748,1198,106,2024-12-30 05:32:55.940196
-0009,1767,1198,106,2024-12-30 05:32:55.971613
-0009,1751,1198,106,2024-12-30 05:32:55.988197
-0009,1753,1198,106,2024-12-30 05:32:56.004187
-0008,1746,1198,106,2024-12-30 05:32:56.020184
-0010,1744,1198,106,2024-12-30 05:32:56.036181
-0008,1725,1198,106,2024-12-30 05:32:56.052174
-0009,1761,1198,106,2024-12-30 05:32:56.068168
-0009,1749,1198,106,2024-12-30 05:32:56.084158
-0009,1745,1198,106,2024-12-30 05:32:56.100170
-0009,1747,1198,106,2024-12-30 05:32:56.116156
-0009,1741,1198,106,2024-12-30 05:32:56.147998
-0009,1750,1198,106,2024-12-30 05:32:56.164157
-0009,1734,1198,106,2024-12-30 05:32:56.180160
-0009,1746,1198,106,2024-12-30 05:32:56.196158
-0010,1747,1198,106,2024-12-30 05:32:56.212164
-0009,1751,1198,106,2024-12-30 05:32:56.228170
-0009,1738,1198,106,2024-12-30 05:32:56.244176
-0008,1741,1198,106,2024-12-30 05:32:56.260166
-0009,1740,1198,106,2024-12-30 05:32:56.276170
-0010,1731,1197,106,2024-12-30 05:32:56.307695
-0008,1815,1198,106,2024-12-30 05:32:56.324176
-0008,1759,1198,106,2024-12-30 05:32:56.340180
-0009,1735,1198,106,2024-12-30 05:32:56.356178
-0009,1743,1197,106,2024-12-30 05:32:56.372111
-0008,1827,1198,106,2024-12-30 05:32:56.388100
-0009,1733,1197,106,2024-12-30 05:32:56.404105
-0009,1823,1198,106,2024-12-30 05:32:56.420094
-0009,1763,1198,106,2024-12-30 05:32:56.436104
-0009,1753,1198,106,2024-12-30 05:32:56.452096
-0009,1755,1198,106,2024-12-30 05:32:56.484026
-0009,1748,1198,106,2024-12-30 05:32:56.500072
-0009,1753,1198,106,2024-12-30 05:32:56.516073
-0009,1748,1198,106,2024-12-30 05:32:56.532077
-0009,1761,1197,106,2024-12-30 05:32:56.548079
-0008,1822,1198,106,2024-12-30 05:32:56.564063
-0009,1748,1198,106,2024-12-30 05:32:56.580058
-0010,1749,1198,106,2024-12-30 05:32:56.596058
-0009,1746,1198,106,2024-12-30 05:32:56.612045
-0009,1738,1197,106,2024-12-30 05:32:56.643660
-0008,1799,1197,106,2024-12-30 05:32:56.660048
-0009,1791,1197,106,2024-12-30 05:32:56.676042
-0008,1813,1198,106,2024-12-30 05:32:56.692041
-0009,1732,1198,106,2024-12-30 05:32:56.708034
-0010,1730,1197,106,2024-12-30 05:32:56.724030
-0009,1807,1197,106,2024-12-30 05:32:56.740042
-0008,1791,1197,106,2024-12-30 05:32:56.756020
-0009,1797,1198,106,2024-12-30 05:32:56.772021
-0009,1725,1198,106,2024-12-30 05:32:56.788015
-0009,1725,1198,106,2024-12-30 05:32:56.820012
-0009,1744,1198,106,2024-12-30 05:32:56.836005
-0009,1738,1198,106,2024-12-30 05:32:56.852001
-0009,1732,1198,106,2024-12-30 05:32:56.867995
-0009,1736,1197,106,2024-12-30 05:32:56.883995
-0008,1798,1198,106,2024-12-30 05:32:56.899996
-0009,1732,1198,106,2024-12-30 05:32:56.916001
-0010,1732,1197,106,2024-12-30 05:32:56.931987
-0009,1800,1198,106,2024-12-30 05:32:56.947986
-0009,1741,1198,106,2024-12-30 05:32:56.979695
-0008,1726,1197,106,2024-12-30 05:32:56.995974
-0008,1814,1198,106,2024-12-30 05:32:57.011972
-0008,1742,1198,106,2024-12-30 05:32:57.027971
-0009,1733,1198,106,2024-12-30 05:32:57.043961
-0009,1730,1197,106,2024-12-30 05:32:57.059953
-0009,1794,1197,106,2024-12-30 05:32:57.075952
-0009,1806,1198,106,2024-12-30 05:32:57.091945
-0009,1724,1197,106,2024-12-30 05:32:57.107948
-0008,1808,1197,106,2024-12-30 05:32:57.139318
-0009,1800,1198,106,2024-12-30 05:32:57.155934
-0008,1723,1197,106,2024-12-30 05:32:57.171936
-0008,1798,1197,106,2024-12-30 05:32:57.187929
-0009,1801,1198,106,2024-12-30 05:32:57.203928
-0009,1738,1198,106,2024-12-30 05:32:57.219921
-0009,1734,1197,106,2024-12-30 05:32:57.235914
-0009,1795,1197,106,2024-12-30 05:32:57.251931
-0008,1790,1197,106,2024-12-30 05:32:57.267921
-0009,1800,1197,106,2024-12-30 05:32:57.283906
-0009,1799,1197,106,2024-12-30 05:32:57.315704
-0009,1804,1197,106,2024-12-30 05:32:57.331902
-0008,1783,1198,106,2024-12-30 05:32:57.347891
-0009,1716,1197,106,2024-12-30 05:32:57.363894
-0009,1793,1198,106,2024-12-30 05:32:57.379906
-0010,1731,1197,106,2024-12-30 05:32:57.395894
-0008,1800,1198,106,2024-12-30 05:32:57.411884
-0010,1720,1197,106,2024-12-30 05:32:57.427878
-0008,1799,1197,106,2024-12-30 05:32:57.443874
-0009,1784,1198,106,2024-12-30 05:32:57.475344
-0008,1725,1198,106,2024-12-30 05:32:57.491867
-0009,1722,1197,106,2024-12-30 05:32:57.507863
-0008,1797,1197,106,2024-12-30 05:32:57.523854
-0008,1808,1197,106,2024-12-30 05:32:57.539858
-0008,1806,1197,106,2024-12-30 05:32:57.555849
-0010,1783,1197,106,2024-12-30 05:32:57.571848
-0008,1796,1198,106,2024-12-30 05:32:57.587842
-0009,1760,1197,106,2024-12-30 05:32:57.603848
-0008,1781,1198,106,2024-12-30 05:32:57.619836
-0009,1730,1198,106,2024-12-30 05:32:57.651734
-0009,1725,1197,106,2024-12-30 05:32:57.667825
-0009,1787,1198,106,2024-12-30 05:32:57.683837
-0009,1739,1197,106,2024-12-30 05:32:57.699824
-0008,1784,1197,106,2024-12-30 05:32:57.715816
-0009,1819,1198,106,2024-12-30 05:32:57.731809
-0009,1734,1197,106,2024-12-30 05:32:57.747809
-0009,1799,1197,106,2024-12-30 05:32:57.763811
-0009,1811,1197,106,2024-12-30 05:32:57.779796
-0009,1801,1197,106,2024-12-30 05:32:57.811359
-0009,1791,1197,106,2024-12-30 05:32:57.827792
-0008,1793,1197,106,2024-12-30 05:32:57.843786
-0009,1805,1197,106,2024-12-30 05:32:57.859790
-0008,1776,1197,106,2024-12-30 05:32:57.875833
-0009,1792,1197,106,2024-12-30 05:32:57.891776
-0009,1808,1197,106,2024-12-30 05:32:57.907774
-0009,1802,1198,106,2024-12-30 05:32:57.923765
-0010,1741,1197,106,2024-12-30 05:32:57.939771
-0008,1806,1197,106,2024-12-30 05:32:57.955764
-0009,1792,1197,106,2024-12-30 05:32:57.987741
-0009,1809,1197,106,2024-12-30 05:32:58.003760
-0010,1794,1197,106,2024-12-30 05:32:58.019764
-0009,1810,1197,106,2024-12-30 05:32:58.035751
-0009,1819,1197,106,2024-12-30 05:32:58.051749
-0008,1803,1197,106,2024-12-30 05:32:58.067740
-0009,1789,1197,106,2024-12-30 05:32:58.083735
-0008,1805,1197,106,2024-12-30 05:32:58.099731
-0009,1801,1197,106,2024-12-30 05:32:58.115733
-0009,1801,1197,106,2024-12-30 05:32:58.147389
-0009,1793,1197,106,2024-12-30 05:32:58.163732
-0008,1803,1197,106,2024-12-30 05:32:58.179720
-0008,1816,1197,106,2024-12-30 05:32:58.195722
-0009,1799,1197,106,2024-12-30 05:32:58.211708
-0009,1806,1197,106,2024-12-30 05:32:58.227713
-0009,1793,1197,106,2024-12-30 05:32:58.243726
-0008,1790,1197,106,2024-12-30 05:32:58.259696
-0009,1796,1197,106,2024-12-30 05:32:58.275709
-0009,1800,1197,106,2024-12-30 05:32:58.307030
-0009,1800,1197,106,2024-12-30 05:32:58.323686
-0009,1803,1197,106,2024-12-30 05:32:58.339685
-0009,1798,1197,106,2024-12-30 05:32:58.355675
-0009,1783,1197,106,2024-12-30 05:32:58.371681
-0008,1777,1197,106,2024-12-30 05:32:58.387683
-0009,1796,1197,106,2024-12-30 05:32:58.403670
-0008,1797,1197,106,2024-12-30 05:32:58.419669
-0009,1776,1197,106,2024-12-30 05:32:58.435658
-0009,1784,1197,106,2024-12-30 05:32:58.451660
-0008,1776,1197,106,2024-12-30 05:32:58.483416
-0008,1794,1197,106,2024-12-30 05:32:58.499652
-0009,1787,1197,106,2024-12-30 05:32:58.515652
-0009,1781,1197,106,2024-12-30 05:32:58.531641
-0009,1795,1197,106,2024-12-30 05:32:58.547643
-0009,1800,1197,106,2024-12-30 05:32:58.563639
-0009,1783,1197,106,2024-12-30 05:32:58.579638
-0008,1792,1197,106,2024-12-30 05:32:58.595638
-0009,1806,1197,106,2024-12-30 05:32:58.611626
-0008,1795,1197,106,2024-12-30 05:32:58.643046
-0008,1783,1197,106,2024-12-30 05:32:58.659618
-0009,1789,1197,106,2024-12-30 05:32:58.675618
-0008,1781,1197,106,2024-12-30 05:32:58.691619
-0009,1811,1197,106,2024-12-30 05:32:58.707607
-0009,1796,1197,106,2024-12-30 05:32:58.723599
-0009,1789,1197,106,2024-12-30 05:32:58.739600
-0009,1780,1197,106,2024-12-30 05:32:58.755603
-0008,1802,1198,106,2024-12-30 05:32:58.771602
-0009,1740,1197,106,2024-12-30 05:32:58.787586
-0009,1787,1197,106,2024-12-30 05:32:58.819437
-0008,1786,1197,106,2024-12-30 05:32:58.835585
-0008,1782,1197,106,2024-12-30 05:32:58.851579
-0008,1793,1197,106,2024-12-30 05:32:58.867575
-0008,1791,1197,106,2024-12-30 05:32:58.883578
-0009,1784,1197,106,2024-12-30 05:32:58.899562
-0009,1789,1197,106,2024-12-30 05:32:58.915566
-0009,1788,1197,106,2024-12-30 05:32:58.931558
-0008,1793,1197,106,2024-12-30 05:32:58.947561
-0009,1781,1197,106,2024-12-30 05:32:58.979062
-0009,1785,1197,106,2024-12-30 05:32:58.995543
-0008,1786,1197,106,2024-12-30 05:32:59.011546
-0009,1789,1197,106,2024-12-30 05:32:59.027537
-0008,1786,1197,106,2024-12-30 05:32:59.043537
-0009,1775,1197,106,2024-12-30 05:32:59.059531
-0009,1783,1197,106,2024-12-30 05:32:59.075523
-0008,1778,1197,106,2024-12-30 05:32:59.091527
-0009,1778,1197,106,2024-12-30 05:32:59.107519
-0009,1783,1197,106,2024-12-30 05:32:59.123520
-0008,1788,1197,106,2024-12-30 05:32:59.155468
-0009,1802,1197,106,2024-12-30 05:32:59.171523
-0009,1803,1197,106,2024-12-30 05:32:59.187528
-0009,1798,1197,106,2024-12-30 05:32:59.203528
-0009,1792,1197,106,2024-12-30 05:32:59.219531
-0009,1805,1197,106,2024-12-30 05:32:59.235530
-0009,1805,1197,106,2024-12-30 05:32:59.251551
-0008,1800,1197,106,2024-12-30 05:32:59.267539
-0009,1784,1197,106,2024-12-30 05:32:59.283541
-0009,1791,1197,106,2024-12-30 05:32:59.315126
-0009,1779,1197,106,2024-12-30 05:32:59.331476
-0009,1784,1197,106,2024-12-30 05:32:59.347488
-0008,1787,1197,106,2024-12-30 05:32:59.363484
-0008,1787,1197,106,2024-12-30 05:32:59.379482
-0008,1792,1197,106,2024-12-30 05:32:59.395465
-0008,1796,1197,106,2024-12-30 05:32:59.411460
-0009,1796,1197,106,2024-12-30 05:32:59.427456
-0009,1788,1197,106,2024-12-30 05:32:59.443454
-0008,1781,1197,106,2024-12-30 05:32:59.459454
-0009,1808,1197,106,2024-12-30 05:32:59.491449
-0008,1783,1197,106,2024-12-30 05:32:59.507450
-0009,1792,1197,106,2024-12-30 05:32:59.523437
-0009,1795,1197,106,2024-12-30 05:32:59.539437
-0008,1784,1197,106,2024-12-30 05:32:59.555424
-0008,1781,1197,106,2024-12-30 05:32:59.571428
-0009,1790,1197,106,2024-12-30 05:32:59.587424
-0009,1800,1197,106,2024-12-30 05:32:59.603426
-0009,1799,1197,106,2024-12-30 05:32:59.619423
-0009,1775,1197,106,2024-12-30 05:32:59.651109
-0008,1794,1197,106,2024-12-30 05:32:59.667400
-0008,1774,1197,106,2024-12-30 05:32:59.683405
-0008,1786,1197,106,2024-12-30 05:32:59.699392
-0009,1786,1197,106,2024-12-30 05:32:59.715402
-0009,1793,1197,106,2024-12-30 05:32:59.731391
-0008,1777,1197,106,2024-12-30 05:32:59.747392
-0008,1788,1197,106,2024-12-30 05:32:59.763384
-0008,1789,1197,106,2024-12-30 05:32:59.779385
-0008,1796,1197,106,2024-12-30 05:32:59.810740
-0009,1794,1197,106,2024-12-30 05:32:59.827374
-0008,1790,1197,106,2024-12-30 05:32:59.843359
-0009,1795,1197,106,2024-12-30 05:32:59.859369
-0009,1788,1197,106,2024-12-30 05:32:59.875368
-0008,1775,1197,106,2024-12-30 05:32:59.891356
-0009,1793,1197,106,2024-12-30 05:32:59.907356
-0009,1778,1197,106,2024-12-30 05:32:59.923344
-0008,1798,1197,106,2024-12-30 05:32:59.939348
-0008,1781,1197,106,2024-12-30 05:32:59.955343
-0009,1793,1197,106,2024-12-30 05:32:59.987143
-0008,1784,1197,106,2024-12-30 05:33:00.003326
-0009,1780,1197,106,2024-12-30 05:33:00.019330
-0008,1804,1197,106,2024-12-30 05:33:00.035334
