DIST,AMP,TEMP,VOLT,Timestamp
00001,0388,1140,106,2024-12-29 19:42:07.557755
10034,0007,1140,106,2024-12-29 19:42:07.589651
41035,0001,1139,106,2024-12-29 19:42:07.605775
10729,0000,1139,106,2024-12-29 19:42:07.621729
01955,0001,1139,106,2024-12-29 19:42:07.637685
02988,0001,1139,106,2024-12-29 19:42:07.653772
25551,0001,1139,106,2024-12-29 19:42:07.669687
23219,0001,1140,106,2024-12-29 19:42:07.685611
04267,0001,1139,106,2024-12-29 19:42:07.701621
03732,0000,1139,106,2024-12-29 19:42:07.717606
04363,0001,1140,106,2024-12-29 19:42:07.749041
02829,0000,1139,106,2024-12-29 19:42:07.765607
06913,0001,1140,106,2024-12-29 19:42:07.781593
01857,0001,1139,106,2024-12-29 19:42:07.797598
19896,0000,1140,106,2024-12-29 19:42:07.813585
16111,0001,1139,106,2024-12-29 19:42:07.829589
43321,0001,1139,106,2024-12-29 19:42:07.845584
04392,0000,1139,106,2024-12-29 19:42:07.861580
27052,0000,1139,106,2024-12-29 19:42:07.877585
12776,0001,1139,106,2024-12-29 19:42:07.893569
44974,0002,1139,106,2024-12-29 19:42:07.925436
26048,0001,1139,106,2024-12-29 19:42:07.941561
01980,0000,1139,106,2024-12-29 19:42:07.957550
21562,0000,1139,106,2024-12-29 19:42:07.973560
02117,0001,1139,106,2024-12-29 19:42:07.989551
05351,0001,1139,106,2024-12-29 19:42:08.005550
01293,0000,1139,106,2024-12-29 19:42:08.021538
02023,0002,1139,106,2024-12-29 19:42:08.037548
18533,0001,1139,106,2024-12-29 19:42:08.053539
49076,0000,1139,106,2024-12-29 19:42:08.085058
00543,0000,1139,106,2024-12-29 19:42:08.101540
09536,0002,1140,106,2024-12-29 19:42:08.117523
19314,0001,1139,106,2024-12-29 19:42:08.133517
04626,0001,1140,106,2024-12-29 19:42:08.149525
05940,0001,1139,106,2024-12-29 19:42:08.165507
16322,0001,1140,106,2024-12-29 19:42:08.181511
39316,0000,1139,106,2024-12-29 19:42:08.197512
13429,0001,1139,106,2024-12-29 19:42:08.213500
04136,0001,1139,106,2024-12-29 19:42:08.229507
32330,0001,1139,106,2024-12-29 19:42:08.261451
04963,0000,1139,106,2024-12-29 19:42:08.277508
27182,0000,1139,106,2024-12-29 19:42:08.293494
15297,0000,1139,106,2024-12-29 19:42:08.309491
06805,0000,1139,106,2024-12-29 19:42:08.325481
12402,0001,1139,106,2024-12-29 19:42:08.341484
04494,0000,1139,106,2024-12-29 19:42:08.357475
01045,0001,1139,106,2024-12-29 19:42:08.373468
50589,0001,1139,106,2024-12-29 19:42:08.389471
08157,0000,1139,106,2024-12-29 19:42:08.421077
04494,0001,1139,106,2024-12-29 19:42:08.437454
21683,0001,1139,106,2024-12-29 19:42:08.453455
01319,0000,1139,106,2024-12-29 19:42:08.469449
02996,0002,1139,106,2024-12-29 19:42:08.485451
01514,0000,1139,106,2024-12-29 19:42:08.501441
02469,0000,1139,106,2024-12-29 19:42:08.517451
03625,0001,1140,106,2024-12-29 19:42:08.533434
11307,0001,1139,106,2024-12-29 19:42:08.549434
26664,0001,1139,106,2024-12-29 19:42:08.565429
01976,0001,1139,106,2024-12-29 19:42:08.597423
04453,0001,1139,106,2024-12-29 19:42:08.613424
01776,0002,1139,106,2024-12-29 19:42:08.629417
22152,0000,1139,106,2024-12-29 19:42:08.645417
27185,0000,1139,106,2024-12-29 19:42:08.661422
02290,0001,1139,106,2024-12-29 19:42:08.677403
05948,0000,1139,106,2024-12-29 19:42:08.693404
04399,0000,1139,106,2024-12-29 19:42:08.709398
00716,0001,1139,106,2024-12-29 19:42:08.725400
25270,0001,1139,106,2024-12-29 19:42:08.757120
03343,0000,1139,106,2024-12-29 19:42:08.773391
48356,0001,1139,106,2024-12-29 19:42:08.789397
29876,0000,1139,106,2024-12-29 19:42:08.805374
01343,0001,1139,106,2024-12-29 19:42:08.821381
26931,0000,1139,106,2024-12-29 19:42:08.837376
45636,0001,1139,106,2024-12-29 19:42:08.853373
05415,0001,1139,106,2024-12-29 19:42:08.869367
39994,0001,1139,106,2024-12-29 19:42:08.885368
03664,0001,1139,106,2024-12-29 19:42:08.916756
08667,0001,1139,106,2024-12-29 19:42:08.933360
38541,0000,1139,106,2024-12-29 19:42:08.949360
28460,0000,1139,106,2024-12-29 19:42:08.965362
02779,0000,1139,106,2024-12-29 19:42:08.981351
00206,0000,1139,106,2024-12-29 19:42:08.997341
04287,0000,1139,106,2024-12-29 19:42:09.013334
09029,0001,1139,106,2024-12-29 19:42:09.029337
02654,0001,1139,106,2024-12-29 19:42:09.045340
10735,0001,1139,106,2024-12-29 19:42:09.061344
03991,0001,1139,106,2024-12-29 19:42:09.093131
33057,0000,1139,106,2024-12-29 19:42:09.109323
26091,0001,1139,106,2024-12-29 19:42:09.125323
37991,0000,1139,106,2024-12-29 19:42:09.141314
00454,0000,1139,106,2024-12-29 19:42:09.157313
26017,0000,1139,106,2024-12-29 19:42:09.173311
00253,0002,1139,106,2024-12-29 19:42:09.189314
12519,0001,1139,106,2024-12-29 19:42:09.205295
04375,0000,1139,106,2024-12-29 19:42:09.221304
21872,0000,1139,106,2024-12-29 19:42:09.252782
15710,0000,1139,106,2024-12-29 19:42:09.269303
50838,0000,1139,106,2024-12-29 19:42:09.285279
27147,0001,1139,106,2024-12-29 19:42:09.301306
22291,0000,1139,106,2024-12-29 19:42:09.317384
31530,0000,1139,106,2024-12-29 19:42:09.333290
03488,0001,1139,106,2024-12-29 19:42:09.349278
44031,0000,1139,106,2024-12-29 19:42:09.365271
05251,0001,1139,106,2024-12-29 19:42:09.381267
33102,0000,1139,106,2024-12-29 19:42:09.397268
23218,0001,1139,106,2024-12-29 19:42:09.429158
11863,0000,1139,106,2024-12-29 19:42:09.445258
05086,0001,1139,106,2024-12-29 19:42:09.461240
40171,0002,1139,106,2024-12-29 19:42:09.477249
23128,0000,1139,106,2024-12-29 19:42:09.493236
21824,0000,1139,106,2024-12-29 19:42:09.509241
03379,0000,1139,106,2024-12-29 19:42:09.525240
30134,0001,1139,106,2024-12-29 19:42:09.541231
55739,0000,1139,106,2024-12-29 19:42:09.557234
08182,0000,1139,106,2024-12-29 19:42:09.588785
09890,0000,1139,106,2024-12-29 19:42:09.605230
02129,0000,1139,106,2024-12-29 19:42:09.621216
06627,0000,1139,106,2024-12-29 19:42:09.637220
02210,0001,1139,106,2024-12-29 19:42:09.653215
57628,0001,1139,106,2024-12-29 19:42:09.669209
14404,0000,1139,106,2024-12-29 19:42:09.685206
63476,0000,1139,106,2024-12-29 19:42:09.701205
05296,0000,1139,106,2024-12-29 19:42:09.717201
03466,0000,1139,106,2024-12-29 19:42:09.733200
28025,0001,1139,106,2024-12-29 19:42:09.765173
08651,0000,1139,106,2024-12-29 19:42:09.781190
30022,0000,1139,106,2024-12-29 19:42:09.797191
08528,0001,1139,106,2024-12-29 19:42:09.813184
25296,0000,1139,106,2024-12-29 19:42:09.829183
19848,0001,1139,106,2024-12-29 19:42:09.845183
19660,0000,1139,106,2024-12-29 19:42:09.861163
01545,0000,1139,106,2024-12-29 19:42:09.877166
04221,0000,1139,106,2024-12-29 19:42:09.893158
17096,0000,1139,106,2024-12-29 19:42:09.924811
02805,0001,1139,106,2024-12-29 19:42:09.941153
25316,0001,1139,106,2024-12-29 19:42:09.957149
00387,0001,1139,106,2024-12-29 19:42:09.973155
33862,0000,1139,106,2024-12-29 19:42:09.989145
02159,0001,1139,106,2024-12-29 19:42:10.005144
43865,0000,1139,106,2024-12-29 19:42:10.021137
27157,0001,1139,106,2024-12-29 19:42:10.037132
33778,0000,1139,106,2024-12-29 19:42:10.053131
26388,0001,1139,106,2024-12-29 19:42:10.084448
11652,0000,1139,106,2024-12-29 19:42:10.101120
04433,0000,1139,106,2024-12-29 19:42:10.117117
01215,0002,1139,106,2024-12-29 19:42:10.133105
01222,0001,1139,106,2024-12-29 19:42:10.149114
03706,0001,1139,106,2024-12-29 19:42:10.165108
15252,0001,1139,106,2024-12-29 19:42:10.181102
03073,0000,1139,106,2024-12-29 19:42:10.197097
03723,0001,1139,106,2024-12-29 19:42:10.213094
04443,0000,1139,106,2024-12-29 19:42:10.229093
17687,0001,1139,106,2024-12-29 19:42:10.260841
01497,0000,1139,106,2024-12-29 19:42:10.277096
21414,0000,1139,106,2024-12-29 19:42:10.293076
24317,0000,1139,106,2024-12-29 19:42:10.309069
05387,0001,1139,106,2024-12-29 19:42:10.325069
04946,0000,1139,106,2024-12-29 19:42:10.341068
05147,0000,1139,106,2024-12-29 19:42:10.357076
01295,0001,1139,106,2024-12-29 19:42:10.373078
03623,0000,1139,106,2024-12-29 19:42:10.389059
02643,0000,1139,106,2024-12-29 19:42:10.420477
31721,0000,1139,106,2024-12-29 19:42:10.437059
09896,0000,1139,106,2024-12-29 19:42:10.453049
00664,0000,1139,106,2024-12-29 19:42:10.469041
27107,0001,1139,106,2024-12-29 19:42:10.485045
03690,0002,1139,106,2024-12-29 19:42:10.501034
46310,0000,1139,106,2024-12-29 19:42:10.517035
02186,0000,1139,106,2024-12-29 19:42:10.533028
56625,0002,1139,106,2024-12-29 19:42:10.549025
14011,0001,1138,106,2024-12-29 19:42:10.565018
37106,0001,1139,106,2024-12-29 19:42:10.596855
11263,0002,1139,106,2024-12-29 19:42:10.613014
03517,0001,1138,106,2024-12-29 19:42:10.629015
04527,0000,1139,106,2024-12-29 19:42:10.645023
02983,0002,1139,106,2024-12-29 19:42:10.661027
39156,0001,1139,106,2024-12-29 19:42:10.677030
18054,0001,1139,106,2024-12-29 19:42:10.693038
33027,0001,1139,106,2024-12-29 19:42:10.709028
04570,0000,1139,106,2024-12-29 19:42:10.725028
00330,0000,1139,106,2024-12-29 19:42:10.756529
01490,0001,1138,106,2024-12-29 19:42:10.773045
41614,0002,1139,106,2024-12-29 19:42:10.789043
44301,0001,1139,106,2024-12-29 19:42:10.805040
05241,0001,1139,106,2024-12-29 19:42:10.821039
34766,0001,1139,106,2024-12-29 19:42:10.836966
02218,0001,1139,106,2024-12-29 19:42:10.852966
58399,0001,1139,106,2024-12-29 19:42:10.868969
09721,0000,1139,106,2024-12-29 19:42:10.884969
02824,0001,1139,106,2024-12-29 19:42:10.900959
18252,0000,1139,106,2024-12-29 19:42:10.932892
35538,0000,1139,106,2024-12-29 19:42:10.948950
02327,0002,1139,106,2024-12-29 19:42:10.964941
11416,0002,1138,106,2024-12-29 19:42:10.980951
42263,0000,1139,106,2024-12-29 19:42:10.996943
17711,0001,1139,106,2024-12-29 19:42:11.012939
03621,0001,1139,106,2024-12-29 19:42:11.028936
04239,0000,1139,106,2024-12-29 19:42:11.044930
19495,0000,1139,106,2024-12-29 19:42:11.060929
02987,0000,1138,106,2024-12-29 19:42:11.092522
04445,0001,1139,106,2024-12-29 19:42:11.108913
02884,0001,1139,106,2024-12-29 19:42:11.124917
20922,0001,1139,106,2024-12-29 19:42:11.140911
03225,0000,1139,106,2024-12-29 19:42:11.156910
54091,0001,1139,106,2024-12-29 19:42:11.172909
02050,0000,1139,106,2024-12-29 19:42:11.188894
04768,0001,1138,106,2024-12-29 19:42:11.204897
13825,0001,1139,106,2024-12-29 19:42:11.220902
07947,0001,1139,106,2024-12-29 19:42:11.236902
04632,0000,1139,106,2024-12-29 19:42:11.268893
47547,0001,1139,106,2024-12-29 19:42:11.284879
08095,0001,1139,106,2024-12-29 19:42:11.300884
03858,0000,1139,106,2024-12-29 19:42:11.316867
03004,0001,1139,106,2024-12-29 19:42:11.332875
05327,0000,1139,106,2024-12-29 19:42:11.348866
28507,0000,1139,106,2024-12-29 19:42:11.364869
16215,0002,1139,106,2024-12-29 19:42:11.380859
06374,0000,1139,106,2024-12-29 19:42:11.396862
01045,0000,1139,106,2024-12-29 19:42:11.428548
46448,0000,1139,106,2024-12-29 19:42:11.444852
04806,0000,1139,106,2024-12-29 19:42:11.460845
01375,0000,1139,106,2024-12-29 19:42:11.476845
02977,0000,1139,106,2024-12-29 19:42:11.492845
28470,0001,1139,106,2024-12-29 19:42:11.508841
01515,0000,1139,106,2024-12-29 19:42:11.524840
00620,0001,1139,106,2024-12-29 19:42:11.540843
24852,0001,1139,106,2024-12-29 19:42:11.556822
02075,0001,1139,106,2024-12-29 19:42:11.588169
28290,0000,1139,106,2024-12-29 19:42:11.604830
03820,0000,1139,106,2024-12-29 19:42:11.620818
06961,0001,1139,106,2024-12-29 19:42:11.636816
07018,0001,1139,106,2024-12-29 19:42:11.652804
26457,0002,1139,106,2024-12-29 19:42:11.668808
27964,0000,1139,106,2024-12-29 19:42:11.684800
21231,0000,1139,106,2024-12-29 19:42:11.700802
00174,0001,1139,106,2024-12-29 19:42:11.716790
22684,0000,1139,106,2024-12-29 19:42:11.732792
12983,0000,1139,106,2024-12-29 19:42:11.764579
40100,0000,1139,106,2024-12-29 19:42:11.780783
27276,0000,1139,106,2024-12-29 19:42:11.796784
00653,0001,1139,106,2024-12-29 19:42:11.812781
07715,0000,1139,106,2024-12-29 19:42:11.828762
01135,0002,1139,106,2024-12-29 19:42:11.844774
17272,0002,1139,106,2024-12-29 19:42:11.860763
00682,0000,1139,106,2024-12-29 19:42:11.876768
00593,0000,1139,106,2024-12-29 19:42:11.892759
34492,0000,1139,106,2024-12-29 19:42:11.924208
02811,0000,1139,106,2024-12-29 19:42:11.940752
00635,0000,1139,106,2024-12-29 19:42:11.956749
01143,0000,1138,106,2024-12-29 19:42:11.972745
43313,0000,1139,106,2024-12-29 19:42:11.988737
05275,0000,1139,106,2024-12-29 19:42:12.004744
02184,0000,1139,106,2024-12-29 19:42:12.020734
05130,0000,1139,106,2024-12-29 19:42:12.036725
57640,0001,1139,106,2024-12-29 19:42:12.052731
00329,0001,1139,106,2024-12-29 19:42:12.068715
02034,0000,1139,106,2024-12-29 19:42:12.100607
02926,0000,1139,106,2024-12-29 19:42:12.116720
41609,0000,1139,106,2024-12-29 19:42:12.132718
00625,0001,1139,106,2024-12-29 19:42:12.148704
04644,0001,1139,106,2024-12-29 19:42:12.164705
03059,0001,1139,106,2024-12-29 19:42:12.180706
27745,0001,1139,106,2024-12-29 19:42:12.196709
27491,0001,1138,106,2024-12-29 19:42:12.212703
03468,0000,1139,106,2024-12-29 19:42:12.228687
22002,0000,1139,106,2024-12-29 19:42:12.260228
05122,0000,1139,106,2024-12-29 19:42:12.276678
12115,0002,1139,106,2024-12-29 19:42:12.292675
14692,0000,1139,106,2024-12-29 19:42:12.308675
01963,0000,1139,106,2024-12-29 19:42:12.324675
13123,0001,1139,106,2024-12-29 19:42:12.340665
03625,0001,1139,106,2024-12-29 19:42:12.356659
08519,0000,1139,106,2024-12-29 19:42:12.372661
02196,0001,1139,106,2024-12-29 19:42:12.388659
30778,0000,1139,106,2024-12-29 19:42:12.404649
58353,0000,1139,106,2024-12-29 19:42:12.436604
29435,0000,1139,106,2024-12-29 19:42:12.452649
29696,0000,1139,106,2024-12-29 19:42:12.468639
48827,0002,1138,106,2024-12-29 19:42:12.484645
49826,0000,1139,106,2024-12-29 19:42:12.500636
00612,0001,1139,106,2024-12-29 19:42:12.516640
03511,0002,1139,106,2024-12-29 19:42:12.532631
00187,0000,1139,106,2024-12-29 19:42:12.548634
00401,0001,1139,106,2024-12-29 19:42:12.564621
03068,0001,1139,106,2024-12-29 19:42:12.596275
03221,0001,1139,106,2024-12-29 19:42:12.612617
01467,0000,1139,106,2024-12-29 19:42:12.628613
03799,0000,1139,106,2024-12-29 19:42:12.644677
33227,0000,1139,106,2024-12-29 19:42:12.660633
04358,0001,1139,106,2024-12-29 19:42:12.676597
05032,0001,1139,106,2024-12-29 19:42:12.692599
20861,0001,1139,106,2024-12-29 19:42:12.708596
00466,0000,1139,106,2024-12-29 19:42:12.724596
50625,0000,1139,106,2024-12-29 19:42:12.755907
37126,0000,1139,106,2024-12-29 19:42:12.772580
01231,0000,1139,106,2024-12-29 19:42:12.788583
01407,0001,1139,106,2024-12-29 19:42:12.804573
21740,0000,1139,106,2024-12-29 19:42:12.820571
03401,0001,1139,106,2024-12-29 19:42:12.836567
18520,0000,1139,106,2024-12-29 19:42:12.852558
35167,0000,1139,106,2024-12-29 19:42:12.868553
30396,0000,1139,106,2024-12-29 19:42:12.884551
07727,0001,1139,106,2024-12-29 19:42:12.900553
02775,0000,1139,106,2024-12-29 19:42:12.932267
27253,0001,1139,106,2024-12-29 19:42:12.948535
52455,0000,1138,106,2024-12-29 19:42:12.964539
01557,0000,1139,106,2024-12-29 19:42:12.980542
00553,0000,1139,106,2024-12-29 19:42:12.996545
11922,0000,1139,106,2024-12-29 19:42:13.012530
07805,0001,1139,106,2024-12-29 19:42:13.028527
25985,0000,1139,106,2024-12-29 19:42:13.044518
02094,0000,1139,106,2024-12-29 19:42:13.060521
09358,0002,1139,106,2024-12-29 19:42:13.091923
42536,0000,1139,106,2024-12-29 19:42:13.108519
03550,0000,1139,106,2024-12-29 19:42:13.124500
01091,0000,1139,106,2024-12-29 19:42:13.140496
00937,0000,1139,106,2024-12-29 19:42:13.156494
10208,0000,1139,106,2024-12-29 19:42:13.172503
09080,0000,1139,106,2024-12-29 19:42:13.188489
24673,0001,1139,106,2024-12-29 19:42:13.204491
40619,0000,1139,106,2024-12-29 19:42:13.220495
03771,0000,1139,106,2024-12-29 19:42:13.236480
44727,0001,1139,106,2024-12-29 19:42:13.268299
18357,0001,1139,106,2024-12-29 19:42:13.284468
09595,0000,1139,106,2024-12-29 19:42:13.300480
33211,0001,1139,106,2024-12-29 19:42:13.316465
03036,0001,1139,106,2024-12-29 19:42:13.332470
02877,0000,1139,106,2024-12-29 19:42:13.348465
01470,0000,1139,106,2024-12-29 19:42:13.364463
20906,0000,1139,106,2024-12-29 19:42:13.380465
05363,0002,1139,106,2024-12-29 19:42:13.396470
05439,0000,1139,106,2024-12-29 19:42:13.427941
37907,0001,1139,106,2024-12-29 19:42:13.444439
00945,0000,1139,106,2024-12-29 19:42:13.460442
34585,0001,1139,106,2024-12-29 19:42:13.476438
05410,0000,1139,106,2024-12-29 19:42:13.492437
04440,0000,1139,106,2024-12-29 19:42:13.508435
58273,0000,1139,106,2024-12-29 19:42:13.524415
03002,0002,1139,106,2024-12-29 19:42:13.540426
02887,0001,1139,106,2024-12-29 19:42:13.556422
02204,0001,1139,106,2024-12-29 19:42:13.572418
03301,0000,1139,106,2024-12-29 19:42:13.604324
43114,0002,1139,106,2024-12-29 19:42:13.620399
05237,0001,1139,106,2024-12-29 19:42:13.636402
38652,0000,1139,106,2024-12-29 19:42:13.652392
19314,0000,1139,106,2024-12-29 19:42:13.668393
03889,0001,1139,106,2024-12-29 19:42:13.684392
03541,0001,1139,106,2024-12-29 19:42:13.700389
27398,0001,1139,106,2024-12-29 19:42:13.716383
03531,0000,1139,106,2024-12-29 19:42:13.732385
09522,0001,1139,106,2024-12-29 19:42:13.763957
06036,0001,1139,106,2024-12-29 19:42:13.780381
19940,0000,1139,106,2024-12-29 19:42:13.796384
02285,0001,1139,106,2024-12-29 19:42:13.812385
03635,0000,1139,106,2024-12-29 19:42:13.828386
01934,0000,1139,106,2024-12-29 19:42:13.844381
41657,0000,1139,106,2024-12-29 19:42:13.860393
04290,0000,1139,106,2024-12-29 19:42:13.876392
22315,0001,1139,106,2024-12-29 19:42:13.892393
11640,0000,1139,106,2024-12-29 19:42:13.908392
36903,0001,1139,106,2024-12-29 19:42:13.940376
03740,0000,1139,106,2024-12-29 19:42:13.956396
02097,0000,1139,106,2024-12-29 19:42:13.972326
00589,0001,1139,106,2024-12-29 19:42:13.988330
04310,0000,1138,106,2024-12-29 19:42:14.004317
47380,0002,1139,106,2024-12-29 19:42:14.020325
58537,0001,1139,106,2024-12-29 19:42:14.036319
00450,0001,1139,106,2024-12-29 19:42:14.052314
57650,0000,1139,106,2024-12-29 19:42:14.068306
02480,0000,1139,106,2024-12-29 19:42:14.099971
14431,0000,1139,106,2024-12-29 19:42:14.116305
17858,0000,1139,106,2024-12-29 19:42:14.132294
04454,0000,1139,106,2024-12-29 19:42:14.148301
00445,0001,1139,106,2024-12-29 19:42:14.164301
17076,0001,1139,106,2024-12-29 19:42:14.180283
02272,0000,1139,106,2024-12-29 19:42:14.196279
10360,0002,1139,106,2024-12-29 19:42:14.212283
02131,0001,1139,106,2024-12-29 19:42:14.228278
14348,0001,1139,106,2024-12-29 19:42:14.259632
25032,0001,1139,106,2024-12-29 19:42:14.276266
05379,0000,1139,106,2024-12-29 19:42:14.292275
04647,0000,1139,106,2024-12-29 19:42:14.308258
40073,0001,1139,106,2024-12-29 19:42:14.324258
02204,0000,1139,106,2024-12-29 19:42:14.340248
49768,0001,1139,106,2024-12-29 19:42:14.356257
04491,0001,1139,106,2024-12-29 19:42:14.372249
03077,0001,1139,106,2024-12-29 19:42:14.388258
01182,0001,1139,106,2024-12-29 19:42:14.404244
01335,0001,1139,106,2024-12-29 19:42:14.436005
03901,0000,1139,106,2024-12-29 19:42:14.452237
15320,0000,1139,106,2024-12-29 19:42:14.468227
04551,0000,1139,106,2024-12-29 19:42:14.484233
20344,0000,1139,106,2024-12-29 19:42:14.500224
00424,0001,1139,106,2024-12-29 19:42:14.516212
46522,0001,1139,106,2024-12-29 19:42:14.532210
48313,0000,1139,106,2024-12-29 19:42:14.548216
28428,0000,1139,106,2024-12-29 19:42:14.564212
20623,0000,1139,106,2024-12-29 19:42:14.595647
04638,0000,1139,106,2024-12-29 19:42:14.612204
27302,0002,1139,106,2024-12-29 19:42:14.628196
03347,0001,1139,106,2024-12-29 19:42:14.644193
26064,0001,1139,106,2024-12-29 19:42:14.660187
11763,0001,1139,106,2024-12-29 19:42:14.676194
45783,0001,1139,106,2024-12-29 19:42:14.692176
25879,0000,1139,106,2024-12-29 19:42:14.708181
04474,0001,1139,106,2024-12-29 19:42:14.724174
05371,0000,1139,106,2024-12-29 19:42:14.740170
00519,0001,1139,106,2024-12-29 19:42:14.772023
16360,0001,1139,106,2024-12-29 19:42:14.788164
03021,0000,1139,106,2024-12-29 19:42:14.804153
22652,0001,1139,106,2024-12-29 19:42:14.820154
05176,0002,1139,106,2024-12-29 19:42:14.836153
26956,0001,1139,106,2024-12-29 19:42:14.852143
35355,0002,1139,106,2024-12-29 19:42:14.868149
48101,0001,1139,106,2024-12-29 19:42:14.884175
02848,0000,1139,106,2024-12-29 19:42:14.900146
05233,0000,1139,106,2024-12-29 19:42:14.931730
40796,0000,1139,106,2024-12-29 19:42:14.948152
37173,0001,1139,106,2024-12-29 19:42:14.964124
01375,0000,1139,106,2024-12-29 19:42:14.980129
05165,0001,1139,106,2024-12-29 19:42:14.996117
02004,0000,1139,106,2024-12-29 19:42:15.012121
12355,0002,1139,106,2024-12-29 19:42:15.028115
55879,0000,1139,106,2024-12-29 19:42:15.044114
13954,0000,1139,106,2024-12-29 19:42:15.060113
24547,0000,1139,106,2024-12-29 19:42:15.076112
05976,0000,1139,106,2024-12-29 19:42:15.108056
28197,0000,1139,106,2024-12-29 19:42:15.124102
04093,0001,1139,106,2024-12-29 19:42:15.140102
08700,0000,1139,106,2024-12-29 19:42:15.156093
19527,0000,1139,106,2024-12-29 19:42:15.172101
03892,0001,1139,106,2024-12-29 19:42:15.188094
14791,0000,1139,106,2024-12-29 19:42:15.204096
01511,0000,1139,106,2024-12-29 19:42:15.220088
32516,0000,1139,106,2024-12-29 19:42:15.236082
02303,0001,1139,106,2024-12-29 19:42:15.267696
02188,0001,1139,106,2024-12-29 19:42:15.284083
23720,0000,1139,106,2024-12-29 19:42:15.300081
53410,0000,1139,106,2024-12-29 19:42:15.316186
06273,0000,1139,106,2024-12-29 19:42:15.332087
19161,0001,1139,106,2024-12-29 19:42:15.348090
01480,0001,1139,106,2024-12-29 19:42:15.364073
03300,0001,1139,106,2024-12-29 19:42:15.380065
48237,0001,1140,106,2024-12-29 19:42:15.396071
09849,0000,1139,106,2024-12-29 19:42:15.412074
03412,0001,1139,106,2024-12-29 19:42:15.444059
03845,0000,1139,106,2024-12-29 19:42:15.460065
09994,0000,1139,106,2024-12-29 19:42:15.476046
06990,0001,1139,106,2024-12-29 19:42:15.492049
40137,0000,1139,106,2024-12-29 19:42:15.508042
03711,0002,1139,106,2024-12-29 19:42:15.524047
25654,0000,1139,106,2024-12-29 19:42:15.540037
20650,0000,1139,106,2024-12-29 19:42:15.556043
05358,0000,1139,106,2024-12-29 19:42:15.572038
01251,0000,1139,106,2024-12-29 19:42:15.603756
22671,0001,1139,106,2024-12-29 19:42:15.620038
02278,0000,1139,106,2024-12-29 19:42:15.636026
31076,0001,1139,106,2024-12-29 19:42:15.652034
18564,0001,1139,106,2024-12-29 19:42:15.668028
33353,0001,1140,106,2024-12-29 19:42:15.684030
02311,0000,1139,106,2024-12-29 19:42:15.700021
02941,0001,1139,106,2024-12-29 19:42:15.716020
02340,0001,1139,106,2024-12-29 19:42:15.732023
00745,0000,1139,106,2024-12-29 19:42:15.763403
02884,0001,1139,106,2024-12-29 19:42:15.780009
01578,0000,1139,106,2024-12-29 19:42:15.796009
13832,0001,1139,106,2024-12-29 19:42:15.812002
20764,0000,1139,106,2024-12-29 19:42:15.828007
01239,0001,1139,106,2024-12-29 19:42:15.844005
28120,0001,1139,106,2024-12-29 19:42:15.860002
00044,0001,1139,106,2024-12-29 19:42:15.876000
34747,0000,1139,106,2024-12-29 19:42:15.891993
25699,0001,1139,106,2024-12-29 19:42:15.907994
03730,0000,1139,106,2024-12-29 19:42:15.939772
03037,0000,1139,106,2024-12-29 19:42:15.955981
03207,0000,1139,106,2024-12-29 19:42:15.971980
04294,0000,1139,106,2024-12-29 19:42:15.987980
02929,0000,1139,106,2024-12-29 19:42:16.003980
03013,0001,1139,106,2024-12-29 19:42:16.019974
00469,0000,1139,106,2024-12-29 19:42:16.035972
59147,0001,1139,106,2024-12-29 19:42:16.051990
42451,0001,1139,106,2024-12-29 19:42:16.067991
04501,0001,1139,106,2024-12-29 19:42:16.099445
03487,0000,1139,106,2024-12-29 19:42:16.115972
15797,0000,1139,106,2024-12-29 19:42:16.131969
37446,0001,1139,106,2024-12-29 19:42:16.147948
02836,0001,1139,106,2024-12-29 19:42:16.163955
27432,0000,1139,106,2024-12-29 19:42:16.179947
02731,0002,1139,106,2024-12-29 19:42:16.195948
04662,0001,1139,106,2024-12-29 19:42:16.211945
05245,0000,1139,106,2024-12-29 19:42:16.227942
00861,0000,1139,106,2024-12-29 19:42:16.243965
21474,0001,1139,106,2024-12-29 19:42:16.275829
39990,0000,1139,106,2024-12-29 19:42:16.291931
15738,0000,1139,106,2024-12-29 19:42:16.307934
01519,0000,1140,106,2024-12-29 19:42:16.323927
02916,0001,1140,106,2024-12-29 19:42:16.339924
04244,0000,1139,106,2024-12-29 19:42:16.355923
16005,0001,1139,106,2024-12-29 19:42:16.371922
31716,0001,1139,106,2024-12-29 19:42:16.387915
03788,0001,1139,106,2024-12-29 19:42:16.403918
54881,0002,1139,106,2024-12-29 19:42:16.435483
05440,0000,1139,106,2024-12-29 19:42:16.451915
11696,0001,1140,106,2024-12-29 19:42:16.467907
01162,0000,1140,106,2024-12-29 19:42:16.483903
05442,0001,1139,106,2024-12-29 19:42:16.499904
03024,0000,1139,106,2024-12-29 19:42:16.515907
00593,0000,1139,106,2024-12-29 19:42:16.531890
25493,0001,1139,106,2024-12-29 19:42:16.547897
13355,0001,1139,106,2024-12-29 19:42:16.563889
01174,0001,1139,106,2024-12-29 19:42:16.579893
01839,0001,1139,106,2024-12-29 19:42:16.611876
06819,0001,1139,106,2024-12-29 19:42:16.627892
04166,0001,1139,106,2024-12-29 19:42:16.643884
01205,0000,1139,106,2024-12-29 19:42:16.659877
04381,0000,1139,106,2024-12-29 19:42:16.675879
47032,0000,1139,106,2024-12-29 19:42:16.691877
02263,0000,1139,106,2024-12-29 19:42:16.707878
00401,0000,1140,106,2024-12-29 19:42:16.723870
02663,0000,1140,106,2024-12-29 19:42:16.739873
05071,0000,1140,106,2024-12-29 19:42:16.771521
19840,0001,1139,106,2024-12-29 19:42:16.787862
00663,0001,1139,106,2024-12-29 19:42:16.803864
17807,0001,1139,106,2024-12-29 19:42:16.819852
11236,0002,1139,106,2024-12-29 19:42:16.835858
01303,0000,1139,106,2024-12-29 19:42:16.851855
01970,0000,1140,106,2024-12-29 19:42:16.867852
06865,0001,1139,106,2024-12-29 19:42:16.883848
03759,0001,1139,106,2024-12-29 19:42:16.899851
48937,0001,1139,106,2024-12-29 19:42:16.931197
21499,0001,1139,106,2024-12-29 19:42:16.947855
05452,0000,1139,106,2024-12-29 19:42:16.963855
10867,0001,1140,106,2024-12-29 19:42:16.979863
21589,0000,1140,106,2024-12-29 19:42:16.995867
03498,0001,1140,106,2024-12-29 19:42:17.011869
12361,0000,1140,106,2024-12-29 19:42:17.027870
12359,0000,1139,106,2024-12-29 19:42:17.043872
04151,0001,1139,106,2024-12-29 19:42:17.059874
01574,0000,1140,106,2024-12-29 19:42:17.075883
17415,0000,1140,106,2024-12-29 19:42:17.107534
01768,0001,1140,106,2024-12-29 19:42:17.123825
26927,0000,1139,106,2024-12-29 19:42:17.139810
10844,0000,1140,106,2024-12-29 19:42:17.155813
02191,0000,1140,106,2024-12-29 19:42:17.171805
20657,0000,1140,106,2024-12-29 19:42:17.187809
05020,0000,1139,106,2024-12-29 19:42:17.203806
02799,0001,1140,106,2024-12-29 19:42:17.219803
18484,0000,1140,106,2024-12-29 19:42:17.235801
03480,0001,1140,106,2024-12-29 19:42:17.267224
00529,0001,1140,106,2024-12-29 19:42:17.283795
27689,0001,1139,106,2024-12-29 19:42:17.299807
01189,0000,1140,106,2024-12-29 19:42:17.315786
52222,0000,1140,106,2024-12-29 19:42:17.331789
22623,0001,1139,106,2024-12-29 19:42:17.347781
43822,0001,1140,106,2024-12-29 19:42:17.363787
05038,0001,1140,106,2024-12-29 19:42:17.379777
17132,0001,1140,106,2024-12-29 19:42:17.395780
41480,0001,1140,106,2024-12-29 19:42:17.411776
45474,0001,1140,106,2024-12-29 19:42:17.443637
01274,0000,1139,106,2024-12-29 19:42:17.459781
26351,0001,1139,106,2024-12-29 19:42:17.475771
02479,0000,1139,106,2024-12-29 19:42:17.491771
03349,0000,1139,106,2024-12-29 19:42:17.507762
03549,0000,1140,106,2024-12-29 19:42:17.523764
26812,0001,1140,106,2024-12-29 19:42:17.539758
27776,0001,1140,106,2024-12-29 19:42:17.555747
16849,0000,1140,106,2024-12-29 19:42:17.571756
37095,0000,1140,106,2024-12-29 19:42:17.603264
24191,0000,1140,106,2024-12-29 19:42:17.619748
05374,0000,1140,106,2024-12-29 19:42:17.635751
19117,0000,1139,106,2024-12-29 19:42:17.651754
02967,0000,1140,106,2024-12-29 19:42:17.667757
03411,0001,1140,106,2024-12-29 19:42:17.683751
20115,0001,1140,106,2024-12-29 19:42:17.699749
04461,0001,1140,106,2024-12-29 19:42:17.715742
02182,0000,1139,106,2024-12-29 19:42:17.731741
04407,0000,1140,106,2024-12-29 19:42:17.747732
04096,0000,1140,106,2024-12-29 19:42:17.779658
00471,0001,1139,106,2024-12-29 19:42:17.795729
02906,0001,1140,106,2024-12-29 19:42:17.811728
03104,0001,1140,106,2024-12-29 19:42:17.827713
01453,0000,1140,106,2024-12-29 19:42:17.843719
00685,0000,1140,106,2024-12-29 19:42:17.859708
08779,0000,1140,106,2024-12-29 19:42:17.875715
16295,0001,1140,106,2024-12-29 19:42:17.891706
02113,0000,1140,106,2024-12-29 19:42:17.907713
08535,0000,1140,106,2024-12-29 19:42:17.939321
12220,0000,1140,106,2024-12-29 19:42:17.955698
25105,0000,1140,106,2024-12-29 19:42:17.971701
10060,0001,1140,106,2024-12-29 19:42:17.987693
41520,0001,1140,106,2024-12-29 19:42:18.003698
20751,0000,1140,106,2024-12-29 19:42:18.019700
04411,0000,1140,106,2024-12-29 19:42:18.035698
02198,0002,1140,106,2024-12-29 19:42:18.051692
00490,0001,1140,106,2024-12-29 19:42:18.067690
48180,0001,1139,106,2024-12-29 19:42:18.083694
05289,0000,1140,106,2024-12-29 19:42:18.115681
03146,0000,1140,106,2024-12-29 19:42:18.131676
26186,0000,1140,106,2024-12-29 19:42:18.147675
48023,0001,1140,106,2024-12-29 19:42:18.163673
04763,0001,1140,106,2024-12-29 19:42:18.179675
03584,0000,1139,106,2024-12-29 19:42:18.195669
18188,0000,1140,106,2024-12-29 19:42:18.211673
29959,0001,1140,106,2024-12-29 19:42:18.227667
28407,0001,1140,106,2024-12-29 19:42:18.243691
03772,0000,1140,106,2024-12-29 19:42:18.275367
10598,0000,1140,106,2024-12-29 19:42:18.291663
02169,0000,1140,106,2024-12-29 19:42:18.307659
41026,0000,1140,106,2024-12-29 19:42:18.323655
04375,0000,1140,106,2024-12-29 19:42:18.339653
33056,0000,1140,106,2024-12-29 19:42:18.355650
02489,0000,1140,106,2024-12-29 19:42:18.371649
03996,0002,1140,106,2024-12-29 19:42:18.387640
02798,0001,1140,106,2024-12-29 19:42:18.403633
01057,0000,1140,106,2024-12-29 19:42:18.434969
01820,0003,1140,106,2024-12-29 19:42:18.451632
08487,0001,1140,106,2024-12-29 19:42:18.467634
02833,0001,1140,106,2024-12-29 19:42:18.483639
01107,0000,1140,106,2024-12-29 19:42:18.499627
31609,0001,1140,106,2024-12-29 19:42:18.515628
01415,0000,1140,106,2024-12-29 19:42:18.531622
24067,0001,1140,106,2024-12-29 19:42:18.547624
02833,0000,1140,106,2024-12-29 19:42:18.563609
04470,0001,1140,106,2024-12-29 19:42:18.579616
22655,0001,1140,106,2024-12-29 19:42:18.611383
04013,0000,1140,106,2024-12-29 19:42:18.627612
53253,0001,1140,106,2024-12-29 19:42:18.643610
34511,0000,1140,106,2024-12-29 19:42:18.659604
37901,0001,1140,106,2024-12-29 19:42:18.675598
04160,0001,1140,106,2024-12-29 19:42:18.691595
32985,0001,1139,106,2024-12-29 19:42:18.707596
30088,0001,1140,106,2024-12-29 19:42:18.723595
02747,0001,1140,106,2024-12-29 19:42:18.739596
01108,0000,1140,106,2024-12-29 19:42:18.771043
04139,0002,1140,106,2024-12-29 19:42:18.787597
01675,0000,1140,106,2024-12-29 19:42:18.803574
03861,0001,1140,106,2024-12-29 19:42:18.819588
05373,0002,1140,106,2024-12-29 19:42:18.835572
23872,0000,1140,106,2024-12-29 19:42:18.851572
02904,0001,1140,106,2024-12-29 19:42:18.867587
50842,0000,1140,106,2024-12-29 19:42:18.883564
53227,0000,1140,106,2024-12-29 19:42:18.899565
00395,0000,1140,106,2024-12-29 19:42:18.915567
04469,0001,1140,106,2024-12-29 19:42:18.947428
02731,0001,1140,106,2024-12-29 19:42:18.963562
21847,0001,1140,106,2024-12-29 19:42:18.979558
24299,0002,1140,106,2024-12-29 19:42:18.995562
05461,0000,1140,106,2024-12-29 19:42:19.011551
03847,0001,1140,106,2024-12-29 19:42:19.027558
03745,0000,1140,106,2024-12-29 19:42:19.043543
17866,0000,1140,106,2024-12-29 19:42:19.059548
01316,0000,1140,106,2024-12-29 19:42:19.075540
24357,0001,1140,106,2024-12-29 19:42:19.107084
04492,0001,1140,106,2024-12-29 19:42:19.123537
23429,0000,1140,106,2024-12-29 19:42:19.139536
19803,0000,1140,106,2024-12-29 19:42:19.155540
25876,0001,1140,106,2024-12-29 19:42:19.171533
07913,0002,1141,106,2024-12-29 19:42:19.187532
04884,0000,1141,106,2024-12-29 19:42:19.203525
33792,0000,1140,106,2024-12-29 19:42:19.219526
09365,0001,1140,106,2024-12-29 19:42:19.235523
20363,0000,1140,106,2024-12-29 19:42:19.251545
03547,0001,1140,106,2024-12-29 19:42:19.283483
12436,0001,1140,106,2024-12-29 19:42:19.299519
01680,0001,1140,106,2024-12-29 19:42:19.315506
00454,0001,1140,106,2024-12-29 19:42:19.331511
17712,0000,1140,106,2024-12-29 19:42:19.347501
08446,0000,1140,106,2024-12-29 19:42:19.363499
36997,0000,1140,106,2024-12-29 19:42:19.379503
24144,0000,1140,106,2024-12-29 19:42:19.395505
09250,0001,1140,106,2024-12-29 19:42:19.411491
36225,0000,1140,106,2024-12-29 19:42:19.443125
02375,0000,1140,106,2024-12-29 19:42:19.459497
14717,0001,1140,106,2024-12-29 19:42:19.475485
10109,0000,1140,106,2024-12-29 19:42:19.491484
02916,0002,1141,106,2024-12-29 19:42:19.507486
11096,0000,1140,106,2024-12-29 19:42:19.523488
23645,0001,1140,106,2024-12-29 19:42:19.539478
05313,0000,1140,106,2024-12-29 19:42:19.555479
54184,0000,1140,106,2024-12-29 19:42:19.571472
20548,0001,1140,106,2024-12-29 19:42:19.602791
23115,0000,1140,106,2024-12-29 19:42:19.619463
00701,0001,1140,106,2024-12-29 19:42:19.635470
53283,0000,1140,106,2024-12-29 19:42:19.651464
27962,0001,1140,106,2024-12-29 19:42:19.667476
49819,0000,1140,106,2024-12-29 19:42:19.683457
03384,0000,1140,106,2024-12-29 19:42:19.699470
23462,0000,1140,106,2024-12-29 19:42:19.715455
00986,0000,1140,106,2024-12-29 19:42:19.731459
58321,0002,1140,106,2024-12-29 19:42:19.747454
24196,0001,1140,106,2024-12-29 19:42:19.779182
48115,0001,1140,106,2024-12-29 19:42:19.795454
30018,0000,1140,106,2024-12-29 19:42:19.811449
40627,0001,1140,106,2024-12-29 19:42:19.827453
19248,0002,1140,106,2024-12-29 19:42:19.843436
05312,0001,1140,106,2024-12-29 19:42:19.859436
16463,0001,1140,106,2024-12-29 19:42:19.875433
03063,0001,1140,106,2024-12-29 19:42:19.891434
42342,0000,1140,106,2024-12-29 19:42:19.907429
04473,0001,1140,106,2024-12-29 19:42:19.938833
07369,0000,1140,106,2024-12-29 19:42:19.955428
13061,0001,1140,106,2024-12-29 19:42:19.971418
01446,0000,1140,106,2024-12-29 19:42:19.987433
04702,0001,1140,106,2024-12-29 19:42:20.003421
22455,0002,1140,106,2024-12-29 19:42:20.019422
02854,0002,1140,106,2024-12-29 19:42:20.035411
17056,0000,1140,106,2024-12-29 19:42:20.051411
37887,0001,1140,106,2024-12-29 19:42:20.067435
02109,0002,1140,106,2024-12-29 19:42:20.083422
01090,0002,1140,106,2024-12-29 19:42:20.115249
01661,0000,1140,106,2024-12-29 19:42:20.131429
07659,0002,1140,106,2024-12-29 19:42:20.147421
01297,0000,1140,106,2024-12-29 19:42:20.163428
22557,0001,1140,106,2024-12-29 19:42:20.179434
04790,0001,1140,106,2024-12-29 19:42:20.195443
22342,0001,1140,106,2024-12-29 19:42:20.211439
55009,0000,1140,106,2024-12-29 19:42:20.227446
45596,0002,1140,106,2024-12-29 19:42:20.243464
04637,0001,1140,106,2024-12-29 19:42:20.274876
55117,0001,1141,106,2024-12-29 19:42:20.291371
02866,0000,1140,106,2024-12-29 19:42:20.307379
27086,0001,1140,106,2024-12-29 19:42:20.323367
25658,0001,1140,106,2024-12-29 19:42:20.339373
00368,0000,1140,106,2024-12-29 19:42:20.355361
25352,0000,1140,106,2024-12-29 19:42:20.371364
32303,0001,1140,106,2024-12-29 19:42:20.387355
23048,0001,1140,106,2024-12-29 19:42:20.403352
00501,0000,1140,106,2024-12-29 19:42:20.419350
02005,0001,1140,106,2024-12-29 19:42:20.451272
45707,0000,1140,106,2024-12-29 19:42:20.467345
17710,0000,1140,106,2024-12-29 19:42:20.483349
30170,0000,1140,106,2024-12-29 19:42:20.499343
02848,0001,1140,106,2024-12-29 19:42:20.515347
29098,0000,1140,106,2024-12-29 19:42:20.531340
26928,0000,1140,106,2024-12-29 19:42:20.547335
68414,0001,1140,106,2024-12-29 19:42:20.563339
15332,0001,1140,106,2024-12-29 19:42:20.579337
02844,0001,1140,106,2024-12-29 19:42:20.610924
12053,0001,1140,106,2024-12-29 19:42:20.627327
20392,0000,1141,106,2024-12-29 19:42:20.643317
41744,0000,1140,106,2024-12-29 19:42:20.659319
26538,0001,1140,106,2024-12-29 19:42:20.675316
10173,0000,1140,106,2024-12-29 19:42:20.691320
05328,0000,1140,106,2024-12-29 19:42:20.707308
18804,0000,1140,106,2024-12-29 19:42:20.723317
30124,0000,1140,106,2024-12-29 19:42:20.739311
02242,0001,1140,106,2024-12-29 19:42:20.755311
03121,0001,1140,106,2024-12-29 19:42:20.787303
04958,0001,1140,106,2024-12-29 19:42:20.803297
16261,0001,1140,106,2024-12-29 19:42:20.819294
28535,0001,1141,106,2024-12-29 19:42:20.835304
10468,0000,1141,106,2024-12-29 19:42:20.851283
01466,0002,1140,106,2024-12-29 19:42:20.867289
48799,0000,1141,106,2024-12-29 19:42:20.883277
03871,0000,1140,106,2024-12-29 19:42:20.899283
21440,0000,1141,106,2024-12-29 19:42:20.915280
14424,0002,1140,106,2024-12-29 19:42:20.946962
03399,0000,1140,106,2024-12-29 19:42:20.963280
01218,0001,1141,106,2024-12-29 19:42:20.979279
05431,0000,1141,106,2024-12-29 19:42:20.995278
05323,0001,1141,106,2024-12-29 19:42:21.011269
07274,0001,1140,106,2024-12-29 19:42:21.027278
01646,0001,1140,106,2024-12-29 19:42:21.043267
08504,0000,1141,106,2024-12-29 19:42:21.059267
02685,0001,1141,106,2024-12-29 19:42:21.075262
01216,0001,1140,106,2024-12-29 19:42:21.106613
21588,0000,1140,106,2024-12-29 19:42:21.123248
10714,0001,1140,106,2024-12-29 19:42:21.139253
02981,0000,1141,106,2024-12-29 19:42:21.155244
05378,0001,1140,106,2024-12-29 19:42:21.171247
33912,0002,1140,106,2024-12-29 19:42:21.187245
03761,0001,1141,106,2024-12-29 19:42:21.203250
03927,0000,1141,106,2024-12-29 19:42:21.219507
35510,0001,1141,106,2024-12-29 19:42:21.235256
05305,0000,1141,106,2024-12-29 19:42:21.251268
03447,0000,1141,106,2024-12-29 19:42:21.283004
03891,0001,1141,106,2024-12-29 19:42:21.299247
04038,0001,1140,106,2024-12-29 19:42:21.315321
10316,0001,1141,106,2024-12-29 19:42:21.331229
02818,0001,1141,106,2024-12-29 19:42:21.347228
03614,0001,1141,106,2024-12-29 19:42:21.363215
49143,0000,1141,106,2024-12-29 19:42:21.379215
01355,0001,1141,106,2024-12-29 19:42:21.395213
02321,0001,1141,106,2024-12-29 19:42:21.411214
03060,0001,1141,106,2024-12-29 19:42:21.442641
13673,0001,1141,106,2024-12-29 19:42:21.459202
23703,0001,1141,106,2024-12-29 19:42:21.475209
44852,0000,1141,106,2024-12-29 19:42:21.491197
01344,0000,1141,106,2024-12-29 19:42:21.507206
26530,0001,1141,106,2024-12-29 19:42:21.523194
22995,0000,1141,106,2024-12-29 19:42:21.539201
02245,0001,1141,106,2024-12-29 19:42:21.555183
01298,0001,1141,106,2024-12-29 19:42:21.571196
49749,0000,1141,106,2024-12-29 19:42:21.587182
00046,0002,1140,106,2024-12-29 19:42:21.619031
00722,0001,1141,106,2024-12-29 19:42:21.635177
03751,0001,1141,106,2024-12-29 19:42:21.651181
04677,0002,1141,106,2024-12-29 19:42:21.667169
02010,0001,1141,106,2024-12-29 19:42:21.683181
03649,0000,1141,106,2024-12-29 19:42:21.699178
13183,0000,1140,106,2024-12-29 19:42:21.715175
32366,0001,1141,106,2024-12-29 19:42:21.731174
28639,0001,1141,106,2024-12-29 19:42:21.747161
10887,0000,1141,106,2024-12-29 19:42:21.778684
03031,0000,1141,106,2024-12-29 19:42:21.795151
03767,0000,1141,106,2024-12-29 19:42:21.811151
08910,0000,1141,106,2024-12-29 19:42:21.827154
22719,0001,1141,106,2024-12-29 19:42:21.843143
32060,0002,1141,106,2024-12-29 19:42:21.859149
01944,0001,1141,106,2024-12-29 19:42:21.875143
01956,0000,1141,106,2024-12-29 19:42:21.891148
25775,0000,1141,106,2024-12-29 19:42:21.907138
15564,0001,1141,106,2024-12-29 19:42:21.923142
35472,0000,1141,106,2024-12-29 19:42:21.955083
01295,0001,1141,106,2024-12-29 19:42:21.971127
02723,0000,1141,106,2024-12-29 19:42:21.987133
48240,0001,1141,106,2024-12-29 19:42:22.003138
02252,0001,1141,106,2024-12-29 19:42:22.019118
15144,0000,1141,106,2024-12-29 19:42:22.035123
03106,0000,1141,106,2024-12-29 19:42:22.051133
16991,0001,1141,106,2024-12-29 19:42:22.067135
18958,0001,1141,106,2024-12-29 19:42:22.083137
04635,0001,1141,106,2024-12-29 19:42:22.114739
13098,0000,1141,106,2024-12-29 19:42:22.131132
01945,0000,1141,106,2024-12-29 19:42:22.147117
28536,0000,1141,106,2024-12-29 19:42:22.163118
08437,0002,1141,106,2024-12-29 19:42:22.179105
05132,0000,1141,106,2024-12-29 19:42:22.195104
23686,0001,1141,106,2024-12-29 19:42:22.211113
10062,0000,1141,106,2024-12-29 19:42:22.227096
15903,0001,1141,106,2024-12-29 19:42:22.243138
02922,0000,1141,106,2024-12-29 19:42:22.259099
02349,0000,1141,106,2024-12-29 19:42:22.291097
63520,0000,1141,106,2024-12-29 19:42:22.307095
11690,0000,1141,106,2024-12-29 19:42:22.323088
01301,0001,1141,106,2024-12-29 19:42:22.339092
05569,0000,1141,106,2024-12-29 19:42:22.355094
02862,0000,1141,106,2024-12-29 19:42:22.371090
43952,0001,1140,106,2024-12-29 19:42:22.387083
35475,0001,1141,106,2024-12-29 19:42:22.403071
11323,0000,1141,106,2024-12-29 19:42:22.419077
04530,0000,1141,106,2024-12-29 19:42:22.450796
04340,0000,1141,106,2024-12-29 19:42:22.467066
02639,0001,1141,106,2024-12-29 19:42:22.483067
02276,0000,1141,106,2024-12-29 19:42:22.499064
00335,0002,1141,106,2024-12-29 19:42:22.515068
03644,0000,1141,106,2024-12-29 19:42:22.531060
09679,0000,1141,106,2024-12-29 19:42:22.547060
54183,0001,1141,106,2024-12-29 19:42:22.563054
23386,0000,1141,106,2024-12-29 19:42:22.579054
01214,0001,1141,106,2024-12-29 19:42:22.610416
03787,0001,1141,106,2024-12-29 19:42:22.627050
03556,0000,1141,106,2024-12-29 19:42:22.643050
06159,0001,1141,106,2024-12-29 19:42:22.659042
02109,0001,1141,106,2024-12-29 19:42:22.675039
03612,0001,1141,106,2024-12-29 19:42:22.691035
15158,0000,1141,106,2024-12-29 19:42:22.707035
28104,0001,1141,106,2024-12-29 19:42:22.723039
05113,0000,1141,106,2024-12-29 19:42:22.739040
03653,0001,1141,106,2024-12-29 19:42:22.755031
02165,0001,1141,106,2024-12-29 19:42:22.786843
18568,0002,1141,106,2024-12-29 19:42:22.803021
05066,0000,1141,106,2024-12-29 19:42:22.819014
05464,0001,1141,106,2024-12-29 19:42:22.835015
00417,0000,1141,106,2024-12-29 19:42:22.851018
05447,0000,1141,106,2024-12-29 19:42:22.867010
15866,0001,1141,106,2024-12-29 19:42:22.883012
00035,0000,1141,106,2024-12-29 19:42:22.899015
05304,0001,1141,106,2024-12-29 19:42:22.915014
04571,0000,1141,106,2024-12-29 19:42:22.946484
01996,0000,1141,106,2024-12-29 19:42:22.963000
19027,0000,1141,106,2024-12-29 19:42:22.978996
03667,0001,1141,106,2024-12-29 19:42:22.994997
40694,0001,1141,106,2024-12-29 19:42:23.010992
02870,0002,1141,106,2024-12-29 19:42:23.026988
62711,0001,1141,106,2024-12-29 19:42:23.042991
05147,0001,1142,106,2024-12-29 19:42:23.058983
03477,0001,1141,106,2024-12-29 19:42:23.074982
19759,0000,1141,106,2024-12-29 19:42:23.090984
14604,0001,1141,106,2024-12-29 19:42:23.122888
03743,0000,1141,106,2024-12-29 19:42:23.138972
16155,0001,1141,106,2024-12-29 19:42:23.154968
13001,0000,1141,106,2024-12-29 19:42:23.170972
04395,0000,1141,106,2024-12-29 19:42:23.186976
09612,0001,1141,106,2024-12-29 19:42:23.202981
29832,0000,1141,106,2024-12-29 19:42:23.218985
01411,0001,1141,106,2024-12-29 19:42:23.234985
27385,0000,1141,106,2024-12-29 19:42:23.251008
13194,0000,1141,106,2024-12-29 19:42:23.282546
03235,0000,1141,106,2024-12-29 19:42:23.299004
23032,0000,1141,106,2024-12-29 19:42:23.315001
02964,0002,1141,106,2024-12-29 19:42:23.331003
04472,0000,1141,106,2024-12-29 19:42:23.347002
27032,0001,1141,106,2024-12-29 19:42:23.363008
00694,0000,1141,106,2024-12-29 19:42:23.378936
57385,0000,1141,106,2024-12-29 19:42:23.394942
01286,0001,1142,106,2024-12-29 19:42:23.410935
05163,0000,1141,106,2024-12-29 19:42:23.426940
03204,0000,1141,106,2024-12-29 19:42:23.458935
10795,0000,1142,106,2024-12-29 19:42:23.474925
01081,0001,1141,106,2024-12-29 19:42:23.490931
40044,0000,1141,106,2024-12-29 19:42:23.506924
54262,0001,1141,106,2024-12-29 19:42:23.522922
06171,0000,1141,106,2024-12-29 19:42:23.538921
02281,0000,1141,106,2024-12-29 19:42:23.554918
02944,0001,1141,106,2024-12-29 19:42:23.570924
00405,0000,1142,106,2024-12-29 19:42:23.586914
00021,0000,1141,106,2024-12-29 19:42:23.618578
03862,0000,1141,106,2024-12-29 19:42:23.634907
63403,0000,1141,106,2024-12-29 19:42:23.650898
03700,0001,1141,106,2024-12-29 19:42:23.666899
01594,0000,1141,106,2024-12-29 19:42:23.682903
57652,0000,1141,106,2024-12-29 19:42:23.698892
54226,0000,1141,106,2024-12-29 19:42:23.714895
41443,0000,1141,106,2024-12-29 19:42:23.730889
23765,0000,1142,106,2024-12-29 19:42:23.746893
18242,0001,1141,106,2024-12-29 19:42:23.778215
09970,0000,1141,106,2024-12-29 19:42:23.794877
05019,0001,1141,106,2024-12-29 19:42:23.810882
00715,0000,1141,106,2024-12-29 19:42:23.826873
13586,0001,1141,106,2024-12-29 19:42:23.842882
53268,0001,1142,106,2024-12-29 19:42:23.858876
19648,0000,1141,106,2024-12-29 19:42:23.874876
43134,0001,1141,106,2024-12-29 19:42:23.890866
01469,0001,1142,106,2024-12-29 19:42:23.906874
01977,0000,1142,106,2024-12-29 19:42:23.922867
41771,0000,1141,106,2024-12-29 19:42:23.954622
35247,0000,1142,106,2024-12-29 19:42:23.970854
27003,0001,1141,106,2024-12-29 19:42:23.986852
16408,0000,1142,106,2024-12-29 19:42:24.002854
12228,0001,1141,106,2024-12-29 19:42:24.018852
01449,0000,1142,106,2024-12-29 19:42:24.034844
44832,0001,1142,106,2024-12-29 19:42:24.050848
05295,0000,1142,106,2024-12-29 19:42:24.066846
22736,0000,1141,106,2024-12-29 19:42:24.082843
03357,0000,1141,106,2024-12-29 19:42:24.114272
05146,0000,1142,106,2024-12-29 19:42:24.130832
29408,0001,1142,106,2024-12-29 19:42:24.146837
02242,0000,1141,106,2024-12-29 19:42:24.162827
03996,0002,1141,106,2024-12-29 19:42:24.178832
02171,0000,1141,106,2024-12-29 19:42:24.194818
25652,0001,1142,106,2024-12-29 19:42:24.210828
01286,0000,1141,106,2024-12-29 19:42:24.226818
00898,0002,1142,106,2024-12-29 19:42:24.242844
24289,0002,1142,106,2024-12-29 19:42:24.258817
09883,0001,1142,106,2024-12-29 19:42:24.290655
10629,0000,1142,106,2024-12-29 19:42:24.306818
17928,0001,1141,106,2024-12-29 19:42:24.322813
34490,0001,1142,106,2024-12-29 19:42:24.338811
01481,0001,1141,106,2024-12-29 19:42:24.354818
36984,0000,1142,106,2024-12-29 19:42:24.370803
49211,0000,1142,106,2024-12-29 19:42:24.386806
02944,0000,1142,106,2024-12-29 19:42:24.402793
01421,0001,1142,106,2024-12-29 19:42:24.418792
02236,0001,1142,106,2024-12-29 19:42:24.450313
09865,0001,1141,106,2024-12-29 19:42:24.466792
03926,0000,1141,106,2024-12-29 19:42:24.482779
40829,0000,1142,106,2024-12-29 19:42:24.498786
03554,0000,1142,106,2024-12-29 19:42:24.514780
05778,0000,1142,106,2024-12-29 19:42:24.530774
22030,0000,1141,106,2024-12-29 19:42:24.546773
09208,0001,1141,106,2024-12-29 19:42:24.562772
19137,0000,1142,106,2024-12-29 19:42:24.578767
04468,0000,1142,106,2024-12-29 19:42:24.594770
49841,0000,1141,106,2024-12-29 19:42:24.626709
08524,0001,1141,106,2024-12-29 19:42:24.642759
19426,0001,1142,106,2024-12-29 19:42:24.658765
13071,0000,1142,106,2024-12-29 19:42:24.674752
00413,0001,1142,106,2024-12-29 19:42:24.690756
22485,0002,1142,106,2024-12-29 19:42:24.706749
01147,0001,1142,106,2024-12-29 19:42:24.722755
26643,0000,1142,106,2024-12-29 19:42:24.738759
24739,0001,1142,106,2024-12-29 19:42:24.754742
04024,0002,1141,106,2024-12-29 19:42:24.786344
11967,0001,1141,106,2024-12-29 19:42:24.802743
05453,0000,1142,106,2024-12-29 19:42:24.818738
20075,0000,1142,106,2024-12-29 19:42:24.834737
04591,0000,1142,106,2024-12-29 19:42:24.850735
51553,0000,1141,106,2024-12-29 19:42:24.866737
09310,0001,1142,106,2024-12-29 19:42:24.882731
25808,0000,1142,106,2024-12-29 19:42:24.898728
03369,0001,1142,106,2024-12-29 19:42:24.914724
01490,0000,1142,106,2024-12-29 19:42:24.930721
17277,0000,1142,106,2024-12-29 19:42:24.962718
01288,0001,1142,106,2024-12-29 19:42:24.978718
30511,0000,1142,106,2024-12-29 19:42:24.994713
02144,0000,1142,106,2024-12-29 19:42:25.010710
26590,0001,1142,106,2024-12-29 19:42:25.026710
00490,0001,1142,106,2024-12-29 19:42:25.042708
16758,0001,1142,106,2024-12-29 19:42:25.058703
15230,0002,1142,106,2024-12-29 19:42:25.074697
16672,0000,1142,106,2024-12-29 19:42:25.090697
02400,0000,1142,106,2024-12-29 19:42:25.122393
05396,0000,1142,106,2024-12-29 19:42:25.138709
05429,0001,1142,106,2024-12-29 19:42:25.154686
10410,0001,1142,106,2024-12-29 19:42:25.170686
11190,0001,1142,106,2024-12-29 19:42:25.186687
25743,0000,1142,106,2024-12-29 19:42:25.202684
03736,0000,1142,106,2024-12-29 19:42:25.218675
10700,0000,1142,106,2024-12-29 19:42:25.234687
05159,0000,1141,106,2024-12-29 19:42:25.250709
02930,0000,1142,106,2024-12-29 19:42:25.282039
23688,0000,1142,106,2024-12-29 19:42:25.298677
01464,0000,1142,106,2024-12-29 19:42:25.314672
40942,0000,1142,106,2024-12-29 19:42:25.330668
02228,0000,1142,106,2024-12-29 19:42:25.346665
16750,0000,1142,106,2024-12-29 19:42:25.362660
24078,0000,1142,106,2024-12-29 19:42:25.378656
37103,0000,1142,106,2024-12-29 19:42:25.394653
03040,0001,1142,106,2024-12-29 19:42:25.410656
31211,0001,1142,106,2024-12-29 19:42:25.426649
09252,0000,1142,106,2024-12-29 19:42:25.458456
28795,0000,1142,106,2024-12-29 19:42:25.474642
03339,0001,1142,106,2024-12-29 19:42:25.490639
33944,0000,1142,106,2024-12-29 19:42:25.506643
13181,0001,1142,106,2024-12-29 19:42:25.522646
36984,0000,1142,106,2024-12-29 19:42:25.538649
30493,0000,1142,106,2024-12-29 19:42:25.554634
00701,0000,1142,106,2024-12-29 19:42:25.570621
34852,0000,1142,106,2024-12-29 19:42:25.586626
44551,0000,1142,106,2024-12-29 19:42:25.618091
06408,0000,1142,106,2024-12-29 19:42:25.634622
03789,0000,1142,106,2024-12-29 19:42:25.650623
47482,0000,1142,106,2024-12-29 19:42:25.666628
40941,0000,1142,106,2024-12-29 19:42:25.682608
01106,0001,1142,106,2024-12-29 19:42:25.698604
05239,0001,1142,106,2024-12-29 19:42:25.714611
20961,0001,1142,106,2024-12-29 19:42:25.730607
02206,0000,1142,106,2024-12-29 19:42:25.746612
03668,0001,1142,106,2024-12-29 19:42:25.762604
09234,0000,1142,106,2024-12-29 19:42:25.794486
29424,0001,1142,106,2024-12-29 19:42:25.810596
22673,0000,1142,106,2024-12-29 19:42:25.826599
16675,0000,1142,106,2024-12-29 19:42:25.842587
00968,0001,1142,106,2024-12-29 19:42:25.858587
01441,0001,1142,106,2024-12-29 19:42:25.874589
23362,0000,1142,106,2024-12-29 19:42:25.890577
21721,0000,1142,106,2024-12-29 19:42:25.906584
27291,0002,1142,106,2024-12-29 19:42:25.922590
32330,0000,1142,106,2024-12-29 19:42:25.954129
09805,0000,1142,106,2024-12-29 19:42:25.970581
01494,0000,1142,106,2024-12-29 19:42:25.986570
31803,0001,1142,106,2024-12-29 19:42:26.002569
08612,0000,1142,106,2024-12-29 19:42:26.018564
01124,0001,1142,106,2024-12-29 19:42:26.034566
04220,0002,1142,106,2024-12-29 19:42:26.050570
01327,0001,1142,106,2024-12-29 19:42:26.066552
41731,0001,1142,106,2024-12-29 19:42:26.082558
21521,0000,1142,106,2024-12-29 19:42:26.098553
09416,0001,1142,106,2024-12-29 19:42:26.130531
27396,0001,1142,106,2024-12-29 19:42:26.146554
55797,0000,1142,106,2024-12-29 19:42:26.162541
03544,0000,1142,106,2024-12-29 19:42:26.178543
16473,0000,1142,106,2024-12-29 19:42:26.194536
11580,0001,1143,106,2024-12-29 19:42:26.210537
03061,0000,1142,106,2024-12-29 19:42:26.226536
30652,0001,1142,106,2024-12-29 19:42:26.242569
15486,0001,1142,106,2024-12-29 19:42:26.258534
12965,0000,1142,106,2024-12-29 19:42:26.290152
45728,0001,1142,106,2024-12-29 19:42:26.306535
01081,0001,1142,106,2024-12-29 19:42:26.322533
38392,0001,1142,106,2024-12-29 19:42:26.338533
04622,0000,1142,106,2024-12-29 19:42:26.354543
02367,0001,1143,106,2024-12-29 19:42:26.370540
03094,0000,1142,106,2024-12-29 19:42:26.386549
09257,0000,1142,106,2024-12-29 19:42:26.402553
42537,0000,1142,106,2024-12-29 19:42:26.418548
03769,0000,1142,106,2024-12-29 19:42:26.434556
20118,0001,1142,106,2024-12-29 19:42:26.466558
03108,0000,1142,106,2024-12-29 19:42:26.482560
14877,0000,1142,106,2024-12-29 19:42:26.498565
37884,0000,1142,106,2024-12-29 19:42:26.514497
02483,0001,1142,106,2024-12-29 19:42:26.530500
05092,0001,1142,106,2024-12-29 19:42:26.546487
26301,0000,1142,106,2024-12-29 19:42:26.562489
01211,0001,1142,106,2024-12-29 19:42:26.578480
18482,0000,1142,106,2024-12-29 19:42:26.594488
32132,0001,1142,106,2024-12-29 19:42:26.626228
01547,0001,1142,106,2024-12-29 19:42:26.642475
00880,0001,1142,106,2024-12-29 19:42:26.658487
01290,0001,1142,106,2024-12-29 19:42:26.674475
02894,0000,1142,106,2024-12-29 19:42:26.690474
30788,0001,1142,106,2024-12-29 19:42:26.706477
61786,0001,1142,106,2024-12-29 19:42:26.722459
29135,0000,1142,106,2024-12-29 19:42:26.738465
48066,0001,1143,106,2024-12-29 19:42:26.754458
03015,0000,1142,106,2024-12-29 19:42:26.785870
03130,0002,1143,106,2024-12-29 19:42:26.802456
01597,0001,1142,106,2024-12-29 19:42:26.818454
27231,0001,1142,106,2024-12-29 19:42:26.834453
05032,0000,1142,106,2024-12-29 19:42:26.850434
04696,0000,1143,106,2024-12-29 19:42:26.866439
16963,0001,1142,106,2024-12-29 19:42:26.882436
07100,0002,1142,106,2024-12-29 19:42:26.898432
04567,0000,1142,106,2024-12-29 19:42:26.914432
08161,0000,1142,106,2024-12-29 19:42:26.930434
04631,0001,1142,106,2024-12-29 19:42:26.962246
23472,0000,1142,106,2024-12-29 19:42:26.978417
20057,0000,1143,106,2024-12-29 19:42:26.994414
00501,0001,1142,106,2024-12-29 19:42:27.010417
44761,0001,1142,106,2024-12-29 19:42:27.026414
22806,0000,1142,106,2024-12-29 19:42:27.042416
07357,0000,1142,106,2024-12-29 19:42:27.058412
60202,0000,1142,106,2024-12-29 19:42:27.074408
03105,0000,1143,106,2024-12-29 19:42:27.090411
45407,0000,1142,106,2024-12-29 19:42:27.121891
00132,0000,1142,106,2024-12-29 19:42:27.138403
00585,0001,1143,106,2024-12-29 19:42:27.154400
26753,0001,1142,106,2024-12-29 19:42:27.170398
02300,0001,1142,106,2024-12-29 19:42:27.186391
03173,0000,1142,106,2024-12-29 19:42:27.202391
01976,0000,1142,106,2024-12-29 19:42:27.218392
09099,0000,1142,106,2024-12-29 19:42:27.234392
04465,0001,1142,106,2024-12-29 19:42:27.250403
33178,0000,1143,106,2024-12-29 19:42:27.266376
26388,0000,1143,106,2024-12-29 19:42:27.298306
01223,0001,1143,106,2024-12-29 19:42:27.314496
04636,0000,1143,106,2024-12-29 19:42:27.330379
05387,0000,1143,106,2024-12-29 19:42:27.346372
02122,0001,1143,106,2024-12-29 19:42:27.362370
01570,0000,1143,106,2024-12-29 19:42:27.378365
16098,0000,1142,106,2024-12-29 19:42:27.394361
09899,0000,1143,106,2024-12-29 19:42:27.410361
04454,0001,1142,106,2024-12-29 19:42:27.426353
21010,0001,1142,106,2024-12-29 19:42:27.457965
09516,0000,1143,106,2024-12-29 19:42:27.474361
09269,0001,1143,106,2024-12-29 19:42:27.490363
04587,0000,1143,106,2024-12-29 19:42:27.506344
04323,0001,1142,106,2024-12-29 19:42:27.522350
01291,0001,1143,106,2024-12-29 19:42:27.538340
21198,0001,1143,106,2024-12-29 19:42:27.554345
24567,0002,1142,106,2024-12-29 19:42:27.570333
04365,0000,1143,106,2024-12-29 19:42:27.586334
04457,0000,1143,106,2024-12-29 19:42:27.602336
02025,0001,1142,106,2024-12-29 19:42:27.634320
24000,0001,1143,106,2024-12-29 19:42:27.650321
20873,0001,1143,106,2024-12-29 19:42:27.666321
05200,0001,1143,106,2024-12-29 19:42:27.682325
19523,0000,1142,106,2024-12-29 19:42:27.698315
01147,0000,1142,106,2024-12-29 19:42:27.714317
59325,0001,1143,106,2024-12-29 19:42:27.730310
34751,0000,1143,106,2024-12-29 19:42:27.746325
10410,0001,1143,106,2024-12-29 19:42:27.762310
00664,0000,1143,106,2024-12-29 19:42:27.793989
15455,0000,1143,106,2024-12-29 19:42:27.810312
02768,0000,1143,106,2024-12-29 19:42:27.826297
01884,0000,1143,106,2024-12-29 19:42:27.842299
12677,0000,1143,106,2024-12-29 19:42:27.858290
03046,0001,1143,106,2024-12-29 19:42:27.874298
52370,0001,1143,106,2024-12-29 19:42:27.890301
02248,0000,1143,106,2024-12-29 19:42:27.906283
41526,0001,1143,106,2024-12-29 19:42:27.922285
03810,0001,1143,106,2024-12-29 19:42:27.953650
08548,0001,1143,106,2024-12-29 19:42:27.970277
10019,0000,1143,106,2024-12-29 19:42:27.986279
00460,0000,1143,106,2024-12-29 19:42:28.002302
03100,0001,1143,106,2024-12-29 19:42:28.018286
17275,0001,1143,106,2024-12-29 19:42:28.034271
02097,0001,1143,106,2024-12-29 19:42:28.050271
56735,0001,1143,106,2024-12-29 19:42:28.066267
44870,0000,1143,106,2024-12-29 19:42:28.082281
01444,0000,1143,106,2024-12-29 19:42:28.098279
04322,0000,1143,106,2024-12-29 19:42:28.130033
24481,0001,1142,106,2024-12-29 19:42:28.146251
01860,0001,1143,106,2024-12-29 19:42:28.162248
26669,0003,1143,106,2024-12-29 19:42:28.178251
25245,0000,1143,106,2024-12-29 19:42:28.194247
41070,0000,1143,106,2024-12-29 19:42:28.210255
13685,0001,1143,106,2024-12-29 19:42:28.226248
03096,0001,1143,106,2024-12-29 19:42:28.242261
03450,0001,1143,106,2024-12-29 19:42:28.258244
30563,0000,1143,106,2024-12-29 19:42:28.289690
00507,0000,1143,106,2024-12-29 19:42:28.306237
03817,0001,1142,106,2024-12-29 19:42:28.322230
61952,0000,1143,106,2024-12-29 19:42:28.338221
16307,0001,1143,106,2024-12-29 19:42:28.354225
01350,0000,1143,106,2024-12-29 19:42:28.370214
11251,0001,1143,106,2024-12-29 19:42:28.386222
06132,0000,1143,106,2024-12-29 19:42:28.402230
01882,0000,1143,106,2024-12-29 19:42:28.418225
02120,0000,1143,106,2024-12-29 19:42:28.434216
42521,0000,1143,106,2024-12-29 19:42:28.466070
48989,0000,1143,106,2024-12-29 19:42:28.482207
01876,0000,1143,106,2024-12-29 19:42:28.498205
51677,0000,1143,106,2024-12-29 19:42:28.514201
01758,0001,1143,106,2024-12-29 19:42:28.530202
02959,0001,1143,106,2024-12-29 19:42:28.546193
28393,0000,1143,106,2024-12-29 19:42:28.562202
60957,0000,1143,106,2024-12-29 19:42:28.578191
01239,0001,1143,106,2024-12-29 19:42:28.594191
03078,0000,1143,106,2024-12-29 19:42:28.625717
33663,0000,1143,106,2024-12-29 19:42:28.642183
28383,0001,1143,106,2024-12-29 19:42:28.658180
01421,0000,1143,106,2024-12-29 19:42:28.674184
43871,0001,1143,106,2024-12-29 19:42:28.690170
04184,0001,1143,106,2024-12-29 19:42:28.706175
00565,0001,1143,106,2024-12-29 19:42:28.722168
05163,0001,1142,106,2024-12-29 19:42:28.738169
38752,0001,1143,106,2024-12-29 19:42:28.754162
02094,0000,1143,106,2024-12-29 19:42:28.770164
01267,0000,1143,106,2024-12-29 19:42:28.802129
23192,0000,1143,106,2024-12-29 19:42:28.818159
04545,0000,1143,106,2024-12-29 19:42:28.834156
00473,0000,1143,106,2024-12-29 19:42:28.850156
58480,0000,1143,106,2024-12-29 19:42:28.866152
04478,0000,1143,106,2024-12-29 19:42:28.882155
32873,0000,1143,106,2024-12-29 19:42:28.898155
42984,0001,1143,106,2024-12-29 19:42:28.914150
02746,0000,1143,106,2024-12-29 19:42:28.930146
05211,0001,1143,106,2024-12-29 19:42:28.961775
05215,0000,1143,106,2024-12-29 19:42:28.978132
06216,0000,1143,106,2024-12-29 19:42:28.994132
31832,0001,1143,106,2024-12-29 19:42:29.010131
01346,0002,1143,106,2024-12-29 19:42:29.026125
02442,0000,1143,106,2024-12-29 19:42:29.042126
04311,0002,1143,106,2024-12-29 19:42:29.058130
27653,0000,1143,106,2024-12-29 19:42:29.074139
28482,0002,1143,106,2024-12-29 19:42:29.090135
04924,0000,1143,106,2024-12-29 19:42:29.106121
05318,0001,1143,106,2024-12-29 19:42:29.138112
21515,0000,1143,106,2024-12-29 19:42:29.154106
01020,0001,1143,106,2024-12-29 19:42:29.170111
01543,0001,1143,106,2024-12-29 19:42:29.186110
01817,0000,1143,106,2024-12-29 19:42:29.202109
01475,0001,1143,106,2024-12-29 19:42:29.218099
00514,0001,1143,106,2024-12-29 19:42:29.234101
03799,0000,1143,106,2024-12-29 19:42:29.250116
27131,0001,1143,106,2024-12-29 19:42:29.266102
39374,0001,1143,106,2024-12-29 19:42:29.297811
09520,0000,1143,106,2024-12-29 19:42:29.314099
01926,0000,1143,106,2024-12-29 19:42:29.330097
02973,0000,1143,106,2024-12-29 19:42:29.346083
01324,0000,1143,106,2024-12-29 19:42:29.362090
56734,0000,1143,106,2024-12-29 19:42:29.378075
03612,0001,1143,106,2024-12-29 19:42:29.394085
02896,0001,1143,106,2024-12-29 19:42:29.410078
58278,0000,1143,106,2024-12-29 19:42:29.426082
03848,0001,1143,106,2024-12-29 19:42:29.457464
25986,0000,1143,106,2024-12-29 19:42:29.474079
33782,0000,1143,106,2024-12-29 19:42:29.490083
08471,0000,1143,106,2024-12-29 19:42:29.506083
05153,0000,1143,106,2024-12-29 19:42:29.522086
11322,0001,1143,106,2024-12-29 19:42:29.538090
25324,0001,1144,106,2024-12-29 19:42:29.554087
03008,0000,1143,106,2024-12-29 19:42:29.570099
00703,0000,1143,106,2024-12-29 19:42:29.586093
26384,0001,1143,106,2024-12-29 19:42:29.602094
15571,0001,1143,106,2024-12-29 19:42:29.633891
44629,0000,1143,106,2024-12-29 19:42:29.650105
61661,0000,1143,106,2024-12-29 19:42:29.666035
27098,0000,1143,106,2024-12-29 19:42:29.682040
00743,0000,1143,106,2024-12-29 19:42:29.698037
16519,0000,1143,106,2024-12-29 19:42:29.714030
01956,0001,1143,106,2024-12-29 19:42:29.730030
05326,0000,1144,106,2024-12-29 19:42:29.746032
01991,0001,1143,106,2024-12-29 19:42:29.762026
33974,0001,1143,106,2024-12-29 19:42:29.793497
44831,0001,1143,106,2024-12-29 19:42:29.810017
03998,0000,1143,106,2024-12-29 19:42:29.826017
36301,0000,1143,106,2024-12-29 19:42:29.842019
04034,0000,1143,106,2024-12-29 19:42:29.858022
02151,0000,1143,106,2024-12-29 19:42:29.874008
35236,0000,1143,106,2024-12-29 19:42:29.890013
03110,0002,1144,106,2024-12-29 19:42:29.905998
02122,0001,1143,106,2024-12-29 19:42:29.922003
49744,0000,1143,106,2024-12-29 19:42:29.937996
04701,0001,1144,106,2024-12-29 19:42:29.969896
23755,0001,1143,106,2024-12-29 19:42:29.985997
04539,0000,1143,106,2024-12-29 19:42:30.002003
10063,0000,1143,106,2024-12-29 19:42:30.017995
17269,0000,1143,106,2024-12-29 19:42:30.033986
09288,0001,1143,106,2024-12-29 19:42:30.049981
03072,0000,1143,106,2024-12-29 19:42:30.065985
09806,0001,1143,106,2024-12-29 19:42:30.081975
04641,0000,1143,106,2024-12-29 19:42:30.097986
12991,0000,1143,106,2024-12-29 19:42:30.129539
02447,0000,1143,106,2024-12-29 19:42:30.145973
03770,0000,1143,106,2024-12-29 19:42:30.161972
19803,0000,1144,106,2024-12-29 19:42:30.177964
15238,0001,1144,106,2024-12-29 19:42:30.193963
04645,0001,1143,106,2024-12-29 19:42:30.209959
36063,0001,1143,106,2024-12-29 19:42:30.225963
09965,0001,1144,106,2024-12-29 19:42:30.241999
04435,0001,1143,106,2024-12-29 19:42:30.257961
19336,0000,1144,106,2024-12-29 19:42:30.273955
04242,0000,1144,106,2024-12-29 19:42:30.305949
21468,0001,1143,106,2024-12-29 19:42:30.321942
03841,0000,1144,106,2024-12-29 19:42:30.337945
48799,0001,1144,106,2024-12-29 19:42:30.353938
15384,0001,1144,106,2024-12-29 19:42:30.369947
02675,0000,1143,106,2024-12-29 19:42:30.385939
04219,0000,1143,106,2024-12-29 19:42:30.401938
02993,0001,1144,106,2024-12-29 19:42:30.417930
04463,0000,1144,106,2024-12-29 19:42:30.433928
03883,0001,1143,106,2024-12-29 19:42:30.465593
25232,0000,1143,106,2024-12-29 19:42:30.481917
26194,0000,1144,106,2024-12-29 19:42:30.497923
02304,0000,1144,106,2024-12-29 19:42:30.513915
17874,0000,1144,106,2024-12-29 19:42:30.529923
14989,0000,1144,106,2024-12-29 19:42:30.545914
39202,0001,1143,106,2024-12-29 19:42:30.561915
24678,0001,1144,106,2024-12-29 19:42:30.577912
36088,0000,1144,106,2024-12-29 19:42:30.593916
33691,0002,1143,106,2024-12-29 19:42:30.625242
03922,0002,1144,106,2024-12-29 19:42:30.641907
00777,0001,1144,106,2024-12-29 19:42:30.657899
05109,0000,1144,106,2024-12-29 19:42:30.673900
22446,0001,1144,106,2024-12-29 19:42:30.689891
02951,0000,1144,106,2024-12-29 19:42:30.705889
13286,0001,1144,106,2024-12-29 19:42:30.721883
15767,0001,1144,106,2024-12-29 19:42:30.737887
20112,0001,1143,106,2024-12-29 19:42:30.753887
03672,0001,1144,106,2024-12-29 19:42:30.769886
01142,0001,1144,106,2024-12-29 19:42:30.801632
33124,0001,1143,106,2024-12-29 19:42:30.817869
26130,0000,1144,106,2024-12-29 19:42:30.833874
07553,0001,1144,106,2024-12-29 19:42:30.849867
27107,0000,1144,106,2024-12-29 19:42:30.865875
22191,0000,1144,106,2024-12-29 19:42:30.881870
16152,0001,1143,106,2024-12-29 19:42:30.897872
50799,0001,1144,106,2024-12-29 19:42:30.913862
04883,0001,1144,106,2024-12-29 19:42:30.929861
33008,0000,1144,106,2024-12-29 19:42:30.961274
04605,0000,1144,106,2024-12-29 19:42:30.977851
09038,0001,1144,106,2024-12-29 19:42:30.993844
09915,0001,1144,106,2024-12-29 19:42:31.009849
40846,0000,1143,106,2024-12-29 19:42:31.025851
49910,0001,1144,106,2024-12-29 19:42:31.041851
02158,0000,1144,106,2024-12-29 19:42:31.057839
00763,0000,1144,106,2024-12-29 19:42:31.073837
44071,0000,1144,106,2024-12-29 19:42:31.089832
24760,0001,1144,106,2024-12-29 19:42:31.105832
33225,0000,1144,106,2024-12-29 19:42:31.137673
01173,0000,1144,106,2024-12-29 19:42:31.153834
52223,0000,1144,106,2024-12-29 19:42:31.169828
11904,0001,1144,106,2024-12-29 19:42:31.185821
14297,0000,1144,106,2024-12-29 19:42:31.201808
03919,0000,1143,106,2024-12-29 19:42:31.217816
02130,0000,1144,106,2024-12-29 19:42:31.233810
09191,0000,1144,106,2024-12-29 19:42:31.249830
04706,0002,1144,106,2024-12-29 19:42:31.265806
01282,0000,1144,106,2024-12-29 19:42:31.297330
57708,0000,1144,106,2024-12-29 19:42:31.313802
04811,0001,1143,106,2024-12-29 19:42:31.329796
12452,0000,1144,106,2024-12-29 19:42:31.345800
02341,0001,1144,106,2024-12-29 19:42:31.361791
04623,0000,1144,106,2024-12-29 19:42:31.377800
03042,0001,1144,106,2024-12-29 19:42:31.393787
02322,0001,1144,106,2024-12-29 19:42:31.409788
02372,0000,1144,106,2024-12-29 19:42:31.425785
03403,0001,1144,106,2024-12-29 19:42:31.441782
04515,0000,1144,106,2024-12-29 19:42:31.473721
00721,0000,1144,106,2024-12-29 19:42:31.489782
12205,0001,1144,106,2024-12-29 19:42:31.505779
24211,0001,1144,106,2024-12-29 19:42:31.521778
24438,0000,1144,106,2024-12-29 19:42:31.537769
18491,0001,1144,106,2024-12-29 19:42:31.553776
29422,0000,1144,106,2024-12-29 19:42:31.569763
07065,0001,1144,106,2024-12-29 19:42:31.585769
39432,0000,1144,106,2024-12-29 19:42:31.601764
55903,0002,1144,106,2024-12-29 19:42:31.633370
35514,0000,1144,106,2024-12-29 19:42:31.649755
00495,0000,1144,106,2024-12-29 19:42:31.665756
03118,0002,1144,106,2024-12-29 19:42:31.681750
04496,0000,1144,106,2024-12-29 19:42:31.697752
11879,0001,1144,106,2024-12-29 19:42:31.713753
15544,0000,1144,106,2024-12-29 19:42:31.729742
03618,0000,1144,106,2024-12-29 19:42:31.745743
26584,0000,1144,106,2024-12-29 19:42:31.761747
02153,0001,1144,106,2024-12-29 19:42:31.777745
11571,0000,1144,106,2024-12-29 19:42:31.809740
06852,0002,1144,106,2024-12-29 19:42:31.825743
04314,0001,1144,106,2024-12-29 19:42:31.841729
37948,0000,1144,106,2024-12-29 19:42:31.857726
52263,0001,1144,106,2024-12-29 19:42:31.873721
29686,0000,1144,106,2024-12-29 19:42:31.889722
10829,0000,1144,106,2024-12-29 19:42:31.905716
40676,0001,1144,106,2024-12-29 19:42:31.921721
03431,0001,1144,106,2024-12-29 19:42:31.937719
04663,0000,1144,106,2024-12-29 19:42:31.969409
02145,0000,1144,106,2024-12-29 19:42:31.985711
13705,0001,1144,106,2024-12-29 19:42:32.001706
28083,0000,1144,106,2024-12-29 19:42:32.017697
05049,0001,1144,106,2024-12-29 19:42:32.033700
33689,0001,1144,106,2024-12-29 19:42:32.049696
01415,0001,1144,106,2024-12-29 19:42:32.065698
15454,0001,1144,106,2024-12-29 19:42:32.081687
30166,0001,1144,106,2024-12-29 19:42:32.097689
49063,0000,1144,106,2024-12-29 19:42:32.129058
26263,0001,1144,106,2024-12-29 19:42:32.145682
51695,0000,1144,106,2024-12-29 19:42:32.161682
42327,0000,1144,106,2024-12-29 19:42:32.177682
03773,0000,1144,106,2024-12-29 19:42:32.193682
00573,0000,1144,106,2024-12-29 19:42:32.209687
03098,0001,1144,106,2024-12-29 19:42:32.225686
51660,0001,1144,106,2024-12-29 19:42:32.241680
15425,0000,1145,106,2024-12-29 19:42:32.257675
03312,0001,1144,106,2024-12-29 19:42:32.273662
28531,0000,1144,106,2024-12-29 19:42:32.305457
20409,0000,1144,106,2024-12-29 19:42:32.321660
16213,0000,1144,106,2024-12-29 19:42:32.337668
02036,0002,1144,106,2024-12-29 19:42:32.353671
04911,0000,1144,106,2024-12-29 19:42:32.369653
02435,0001,1144,106,2024-12-29 19:42:32.385645
02277,0000,1144,106,2024-12-29 19:42:32.401649
54355,0000,1144,106,2024-12-29 19:42:32.417651
40778,0000,1144,106,2024-12-29 19:42:32.433641
04638,0000,1144,106,2024-12-29 19:42:32.465097
05215,0001,1144,106,2024-12-29 19:42:32.481631
14411,0001,1144,106,2024-12-29 19:42:32.497635
02113,0001,1144,106,2024-12-29 19:42:32.513636
25652,0000,1145,106,2024-12-29 19:42:32.529632
00868,0000,1144,106,2024-12-29 19:42:32.545624
03524,0001,1145,106,2024-12-29 19:42:32.561627
04482,0001,1144,106,2024-12-29 19:42:32.577622
32165,0001,1144,106,2024-12-29 19:42:32.593623
12984,0001,1144,106,2024-12-29 19:42:32.609627
03693,0001,1144,106,2024-12-29 19:42:32.641504
09304,0000,1144,106,2024-12-29 19:42:32.657633
31558,0001,1144,106,2024-12-29 19:42:32.673637
46343,0000,1144,106,2024-12-29 19:42:32.689642
22709,0001,1144,106,2024-12-29 19:42:32.705644
24048,0001,1144,106,2024-12-29 19:42:32.721644
46412,0002,1144,106,2024-12-29 19:42:32.737642
01629,0001,1144,106,2024-12-29 19:42:32.753648
03655,0000,1144,106,2024-12-29 19:42:32.769650
33176,0000,1144,106,2024-12-29 19:42:32.801112
30255,0000,1144,106,2024-12-29 19:42:32.817586
05291,0000,1144,106,2024-12-29 19:42:32.833576
30310,0000,1145,106,2024-12-29 19:42:32.849575
04534,0001,1144,106,2024-12-29 19:42:32.865570
49918,0001,1144,106,2024-12-29 19:42:32.881577
60912,0001,1144,106,2024-12-29 19:42:32.897568
44968,0001,1144,106,2024-12-29 19:42:32.913568
31801,0001,1144,106,2024-12-29 19:42:32.929565
05128,0000,1144,106,2024-12-29 19:42:32.945573
03538,0000,1145,106,2024-12-29 19:42:32.977554
03081,0000,1144,106,2024-12-29 19:42:32.993566
44020,0000,1145,106,2024-12-29 19:42:33.009567
02643,0001,1145,106,2024-12-29 19:42:33.025559
03007,0000,1144,106,2024-12-29 19:42:33.041556
43390,0001,1144,106,2024-12-29 19:42:33.057554
04637,0000,1144,106,2024-12-29 19:42:33.073547
05370,0001,1144,106,2024-12-29 19:42:33.089550
04423,0000,1144,106,2024-12-29 19:42:33.105541
16920,0000,1144,106,2024-12-29 19:42:33.137187
01832,0000,1145,106,2024-12-29 19:42:33.153537
09909,0000,1145,106,2024-12-29 19:42:33.169528
15813,0000,1144,106,2024-12-29 19:42:33.185534
10414,0000,1144,106,2024-12-29 19:42:33.201530
05373,0000,1144,106,2024-12-29 19:42:33.217525
64178,0000,1145,106,2024-12-29 19:42:33.233521
59292,0000,1144,106,2024-12-29 19:42:33.249541
05064,0000,1144,106,2024-12-29 19:42:33.265522
20742,0000,1145,106,2024-12-29 19:42:33.296837
01397,0000,1145,106,2024-12-29 19:42:33.313624
02725,0000,1144,106,2024-12-29 19:42:33.329520
29911,0000,1145,106,2024-12-29 19:42:33.345511
39233,0000,1145,106,2024-12-29 19:42:33.361517
36952,0000,1145,106,2024-12-29 19:42:33.377508
40976,0001,1145,106,2024-12-29 19:42:33.393515
02059,0000,1145,106,2024-12-29 19:42:33.409497
02313,0000,1145,106,2024-12-29 19:42:33.425499
18374,0001,1144,106,2024-12-29 19:42:33.441491
45845,0001,1145,106,2024-12-29 19:42:33.473235
16828,0000,1145,106,2024-12-29 19:42:33.489492
58588,0000,1145,106,2024-12-29 19:42:33.505492
05209,0000,1145,106,2024-12-29 19:42:33.521494
20466,0001,1145,106,2024-12-29 19:42:33.537477
61938,0001,1145,106,2024-12-29 19:42:33.553482
05127,0000,1145,106,2024-12-29 19:42:33.569662
02361,0000,1145,106,2024-12-29 19:42:33.585481
13156,0001,1145,106,2024-12-29 19:42:33.601475
17730,0001,1145,106,2024-12-29 19:42:33.632882
58995,0000,1144,106,2024-12-29 19:42:33.649471
05314,0000,1145,106,2024-12-29 19:42:33.665461
14095,0000,1145,106,2024-12-29 19:42:33.681461
16156,0000,1145,106,2024-12-29 19:42:33.697458
29536,0000,1145,106,2024-12-29 19:42:33.713457
02258,0000,1145,106,2024-12-29 19:42:33.729462
07435,0000,1145,106,2024-12-29 19:42:33.745451
03656,0001,1145,106,2024-12-29 19:42:33.761455
03240,0001,1145,106,2024-12-29 19:42:33.777453
53121,0001,1145,106,2024-12-29 19:42:33.809271
16741,0001,1145,106,2024-12-29 19:42:33.825453
00659,0000,1144,106,2024-12-29 19:42:33.841441
08008,0000,1145,106,2024-12-29 19:42:33.857441
04590,0001,1145,106,2024-12-29 19:42:33.873439
00979,0001,1145,106,2024-12-29 19:42:33.889439
33178,0000,1145,106,2024-12-29 19:42:33.905437
53037,0001,1145,106,2024-12-29 19:42:33.921428
53855,0000,1145,106,2024-12-29 19:42:33.937426
46380,0000,1145,106,2024-12-29 19:42:33.968918
15780,0000,1145,106,2024-12-29 19:42:33.985417
17354,0001,1145,106,2024-12-29 19:42:34.001419
01403,0000,1145,106,2024-12-29 19:42:34.017417
02768,0000,1145,106,2024-12-29 19:42:34.033419
10621,0000,1144,106,2024-12-29 19:42:34.049412
04285,0000,1145,106,2024-12-29 19:42:34.065405
03019,0001,1145,106,2024-12-29 19:42:34.081405
01363,0000,1145,106,2024-12-29 19:42:34.097419
28705,0001,1144,106,2024-12-29 19:42:34.113411
03647,0001,1145,106,2024-12-29 19:42:34.145322
34087,0001,1145,106,2024-12-29 19:42:34.161406
22735,0000,1145,106,2024-12-29 19:42:34.177399
22409,0001,1145,106,2024-12-29 19:42:34.193384
05448,0001,1145,106,2024-12-29 19:42:34.209387
39206,0001,1145,106,2024-12-29 19:42:34.225379
07059,0002,1145,106,2024-12-29 19:42:34.241419
41104,0001,1145,106,2024-12-29 19:42:34.257385
02766,0001,1145,106,2024-12-29 19:42:34.273381
05003,0001,1145,106,2024-12-29 19:42:34.304963
29617,0000,1145,106,2024-12-29 19:42:34.321374
33220,0000,1145,106,2024-12-29 19:42:34.337375
00526,0001,1145,106,2024-12-29 19:42:34.353364
02735,0001,1145,106,2024-12-29 19:42:34.369363
00601,0000,1145,106,2024-12-29 19:42:34.385356
04616,0002,1145,106,2024-12-29 19:42:34.401351
02348,0000,1145,106,2024-12-29 19:42:34.417356
00949,0001,1145,106,2024-12-29 19:42:34.433349
26872,0000,1145,106,2024-12-29 19:42:34.449352
02734,0000,1145,106,2024-12-29 19:42:34.481347
26932,0001,1145,106,2024-12-29 19:42:34.497345
24734,0000,1145,106,2024-12-29 19:42:34.513351
30288,0000,1145,106,2024-12-29 19:42:34.529338
03789,0001,1145,106,2024-12-29 19:42:34.545340
19396,0001,1145,106,2024-12-29 19:42:34.561345
04524,0000,1145,106,2024-12-29 19:42:34.577347
05335,0000,1145,106,2024-12-29 19:42:34.593330
04430,0001,1145,106,2024-12-29 19:42:34.609333
04681,0000,1145,106,2024-12-29 19:42:34.641013
34718,0000,1145,106,2024-12-29 19:42:34.657312
28680,0000,1145,106,2024-12-29 19:42:34.673321
02650,0000,1145,106,2024-12-29 19:42:34.689324
05416,0000,1145,106,2024-12-29 19:42:34.705311
05662,0000,1145,106,2024-12-29 19:42:34.721311
25630,0001,1145,106,2024-12-29 19:42:34.737309
00213,0001,1145,106,2024-12-29 19:42:34.753318
02171,0001,1145,106,2024-12-29 19:42:34.769314
00406,0000,1145,106,2024-12-29 19:42:34.800652
24915,0001,1145,106,2024-12-29 19:42:34.817306
13658,0001,1145,106,2024-12-29 19:42:34.833293
03951,0000,1145,106,2024-12-29 19:42:34.849292
20286,0000,1145,106,2024-12-29 19:42:34.865290
25874,0000,1145,106,2024-12-29 19:42:34.881289
58468,0000,1145,106,2024-12-29 19:42:34.897289
16421,0001,1145,106,2024-12-29 19:42:34.913290
26375,0001,1145,106,2024-12-29 19:42:34.929282
01417,0000,1145,106,2024-12-29 19:42:34.945290
55159,0001,1145,106,2024-12-29 19:42:34.977040
21244,0000,1145,106,2024-12-29 19:42:34.993273
00596,0001,1145,106,2024-12-29 19:42:35.009264
06719,0000,1145,106,2024-12-29 19:42:35.025274
42350,0001,1145,106,2024-12-29 19:42:35.041259
44057,0000,1145,106,2024-12-29 19:42:35.057265
55694,0001,1145,106,2024-12-29 19:42:35.073263
30677,0000,1145,106,2024-12-29 19:42:35.089266
04358,0000,1145,106,2024-12-29 19:42:35.105256
29283,0000,1145,106,2024-12-29 19:42:35.136690
01358,0000,1145,106,2024-12-29 19:42:35.153255
03755,0001,1145,106,2024-12-29 19:42:35.169245
07678,0000,1145,106,2024-12-29 19:42:35.185241
36984,0000,1145,106,2024-12-29 19:42:35.201246
13787,0000,1145,106,2024-12-29 19:42:35.217235
35537,0001,1145,106,2024-12-29 19:42:35.233242
00832,0000,1145,106,2024-12-29 19:42:35.249261
06817,0002,1145,106,2024-12-29 19:42:35.265238
22443,0000,1145,106,2024-12-29 19:42:35.281233
03869,0000,1145,106,2024-12-29 19:42:35.313103
01024,0000,1145,106,2024-12-29 19:42:35.329230
44892,0001,1146,106,2024-12-29 19:42:35.345228
23277,0001,1145,106,2024-12-29 19:42:35.361230
20537,0001,1145,106,2024-12-29 19:42:35.377217
23905,0002,1145,106,2024-12-29 19:42:35.393209
26349,0002,1145,106,2024-12-29 19:42:35.409217
00719,0000,1145,106,2024-12-29 19:42:35.425206
05317,0001,1145,106,2024-12-29 19:42:35.441208
01344,0001,1145,106,2024-12-29 19:42:35.472731
02885,0000,1145,106,2024-12-29 19:42:35.489191
36489,0000,1145,106,2024-12-29 19:42:35.505195
28055,0001,1145,106,2024-12-29 19:42:35.521195
42528,0001,1145,106,2024-12-29 19:42:35.537194
00499,0000,1145,106,2024-12-29 19:42:35.553186
03591,0000,1145,106,2024-12-29 19:42:35.569192
00495,0001,1146,106,2024-12-29 19:42:35.585182
50517,0000,1145,106,2024-12-29 19:42:35.601184
14516,0001,1145,106,2024-12-29 19:42:35.617185
06199,0001,1145,106,2024-12-29 19:42:35.649117
41773,0001,1145,106,2024-12-29 19:42:35.665184
03889,0000,1145,106,2024-12-29 19:42:35.681170
00535,0001,1145,106,2024-12-29 19:42:35.697171
03666,0000,1145,106,2024-12-29 19:42:35.713164
03090,0001,1146,106,2024-12-29 19:42:35.729168
03173,0000,1145,106,2024-12-29 19:42:35.745171
40999,0001,1145,106,2024-12-29 19:42:35.761172
00256,0002,1145,106,2024-12-29 19:42:35.777178
04659,0002,1145,106,2024-12-29 19:42:35.808797
05457,0000,1145,106,2024-12-29 19:42:35.825186
03576,0001,1146,106,2024-12-29 19:42:35.841189
30242,0000,1145,106,2024-12-29 19:42:35.857197
04344,0001,1145,106,2024-12-29 19:42:35.873197
20932,0000,1145,106,2024-12-29 19:42:35.889194
03084,0002,1145,106,2024-12-29 19:42:35.905195
00922,0000,1145,106,2024-12-29 19:42:35.921199
07652,0000,1146,106,2024-12-29 19:42:35.937142
43307,0001,1145,106,2024-12-29 19:42:35.953133
00705,0001,1146,106,2024-12-29 19:42:35.985126
09847,0000,1145,106,2024-12-29 19:42:36.001120
03445,0000,1145,106,2024-12-29 19:42:36.017128
01676,0000,1146,106,2024-12-29 19:42:36.033117
01924,0001,1145,106,2024-12-29 19:42:36.049118
05419,0001,1145,106,2024-12-29 19:42:36.065121
05121,0000,1146,106,2024-12-29 19:42:36.081109
53887,0001,1146,106,2024-12-29 19:42:36.097114
05054,0000,1145,106,2024-12-29 19:42:36.113122
04559,0000,1146,106,2024-12-29 19:42:36.144801
53130,0001,1145,106,2024-12-29 19:42:36.161106
11072,0001,1145,106,2024-12-29 19:42:36.177095
31688,0000,1145,106,2024-12-29 19:42:36.193095
24681,0000,1145,106,2024-12-29 19:42:36.209095
02009,0001,1146,106,2024-12-29 19:42:36.225093
03432,0001,1145,106,2024-12-29 19:42:36.241110
12092,0000,1146,106,2024-12-29 19:42:36.257083
53973,0001,1146,106,2024-12-29 19:42:36.273088
02153,0001,1146,106,2024-12-29 19:42:36.304475
07993,0000,1146,106,2024-12-29 19:42:36.321078
49804,0000,1145,106,2024-12-29 19:42:36.337075
50491,0002,1145,106,2024-12-29 19:42:36.353077
16427,0000,1146,106,2024-12-29 19:42:36.369072
04016,0001,1146,106,2024-12-29 19:42:36.385064
16489,0000,1146,106,2024-12-29 19:42:36.401066
51575,0001,1145,106,2024-12-29 19:42:36.417061
02913,0001,1145,106,2024-12-29 19:42:36.433062
28764,0001,1146,106,2024-12-29 19:42:36.449057
01407,0000,1146,106,2024-12-29 19:42:36.480860
34798,0000,1146,106,2024-12-29 19:42:36.497057
34648,0001,1146,106,2024-12-29 19:42:36.513058
45787,0001,1146,106,2024-12-29 19:42:36.529046
04998,0001,1146,106,2024-12-29 19:42:36.545049
25366,0000,1146,106,2024-12-29 19:42:36.561041
01384,0000,1146,106,2024-12-29 19:42:36.577048
04076,0001,1146,106,2024-12-29 19:42:36.593035
40882,0001,1146,106,2024-12-29 19:42:36.609037
34920,0000,1146,106,2024-12-29 19:42:36.640510
35478,0000,1145,106,2024-12-29 19:42:36.657029
04079,0001,1146,106,2024-12-29 19:42:36.673030
03650,0000,1146,106,2024-12-29 19:42:36.689022
00510,0001,1145,106,2024-12-29 19:42:36.705028
20021,0000,1146,106,2024-12-29 19:42:36.721022
25637,0000,1146,106,2024-12-29 19:42:36.737023
04164,0001,1146,106,2024-12-29 19:42:36.753015
02425,0000,1146,106,2024-12-29 19:42:36.769019
05134,0001,1146,106,2024-12-29 19:42:36.785014
04497,0000,1146,106,2024-12-29 19:42:36.816898
24391,0001,1146,106,2024-12-29 19:42:36.833009
03414,0000,1146,106,2024-12-29 19:42:36.849004
09093,0001,1146,106,2024-12-29 19:42:36.865000
15371,0000,1146,106,2024-12-29 19:42:36.880996
01341,0002,1146,106,2024-12-29 19:42:36.896998
02821,0001,1146,106,2024-12-29 19:42:36.913000
06900,0000,1146,106,2024-12-29 19:42:36.928990
36746,0001,1146,106,2024-12-29 19:42:36.944992
22401,0002,1146,106,2024-12-29 19:42:36.976534
17331,0000,1146,106,2024-12-29 19:42:36.992978
01504,0001,1146,106,2024-12-29 19:42:37.008982
02167,0000,1146,106,2024-12-29 19:42:37.024981
03649,0001,1146,106,2024-12-29 19:42:37.040971
01580,0000,1145,106,2024-12-29 19:42:37.056969
03702,0000,1146,106,2024-12-29 19:42:37.072977
23931,0000,1146,106,2024-12-29 19:42:37.088964
01370,0001,1146,106,2024-12-29 19:42:37.104960
05399,0000,1146,106,2024-12-29 19:42:37.120960
28120,0001,1146,106,2024-12-29 19:42:37.152934
05435,0001,1146,106,2024-12-29 19:42:37.168953
25709,0000,1146,106,2024-12-29 19:42:37.184953
03747,0001,1146,106,2024-12-29 19:42:37.200949
22397,0000,1146,106,2024-12-29 19:42:37.216949
04014,0001,1145,106,2024-12-29 19:42:37.232942
27935,0001,1146,106,2024-12-29 19:42:37.248959
04036,0000,1146,106,2024-12-29 19:42:37.264936
05982,0000,1146,106,2024-12-29 19:42:37.280939
23985,0000,1146,106,2024-12-29 19:42:37.312600
03246,0000,1146,106,2024-12-29 19:42:37.328931
01979,0001,1146,106,2024-12-29 19:42:37.344922
09886,0000,1146,106,2024-12-29 19:42:37.360924
01702,0002,1146,106,2024-12-29 19:42:37.376918
24942,0000,1146,106,2024-12-29 19:42:37.392923
15771,0000,1146,106,2024-12-29 19:42:37.408920
53434,0001,1146,106,2024-12-29 19:42:37.424929
09537,0001,1146,106,2024-12-29 19:42:37.440917
53322,0000,1146,106,2024-12-29 19:42:37.472228
20684,0000,1146,106,2024-12-29 19:42:37.488915
12498,0000,1146,106,2024-12-29 19:42:37.504907
27762,0001,1146,106,2024-12-29 19:42:37.520905
03071,0000,1146,106,2024-12-29 19:42:37.536897
05426,0000,1146,106,2024-12-29 19:42:37.552906
16846,0000,1146,106,2024-12-29 19:42:37.568896
05080,0000,1146,106,2024-12-29 19:42:37.584891
30307,0001,1146,106,2024-12-29 19:42:37.600897
43093,0002,1146,106,2024-12-29 19:42:37.616890
31562,0001,1146,106,2024-12-29 19:42:37.648642
04645,0001,1146,106,2024-12-29 19:42:37.664892
48776,0000,1146,106,2024-12-29 19:42:37.680884
04430,0000,1146,106,2024-12-29 19:42:37.696888
01232,0001,1146,106,2024-12-29 19:42:37.712880
04341,0001,1146,106,2024-12-29 19:42:37.728881
05485,0000,1146,106,2024-12-29 19:42:37.744868
00658,0001,1147,106,2024-12-29 19:42:37.760875
07819,0000,1146,106,2024-12-29 19:42:37.776868
02945,0000,1146,106,2024-12-29 19:42:37.808269
01405,0000,1146,106,2024-12-29 19:42:37.824856
01964,0000,1146,106,2024-12-29 19:42:37.840855
03134,0001,1146,106,2024-12-29 19:42:37.856859
03570,0000,1146,106,2024-12-29 19:42:37.872855
00913,0001,1146,106,2024-12-29 19:42:37.888846
06189,0000,1147,106,2024-12-29 19:42:37.904848
00534,0001,1146,106,2024-12-29 19:42:37.920847
04872,0000,1146,106,2024-12-29 19:42:37.936844
44689,0001,1146,106,2024-12-29 19:42:37.952834
02015,0000,1146,106,2024-12-29 19:42:37.984659
02902,0000,1146,106,2024-12-29 19:42:38.000832
00591,0002,1146,106,2024-12-29 19:42:38.016833
28099,0001,1146,106,2024-12-29 19:42:38.032828
03036,0001,1146,106,2024-12-29 19:42:38.048821
12378,0000,1146,106,2024-12-29 19:42:38.064826
09940,0000,1146,106,2024-12-29 19:42:38.080828
21582,0000,1146,106,2024-12-29 19:42:38.096811
43456,0001,1146,106,2024-12-29 19:42:38.112818
26845,0000,1146,106,2024-12-29 19:42:38.144328
19857,0001,1146,106,2024-12-29 19:42:38.160809
17241,0000,1146,106,2024-12-29 19:42:38.176808
31758,0001,1146,106,2024-12-29 19:42:38.192807
02538,0001,1146,106,2024-12-29 19:42:38.208808
14310,0001,1146,106,2024-12-29 19:42:38.224798
37824,0000,1146,106,2024-12-29 19:42:38.240820
05344,0001,1146,106,2024-12-29 19:42:38.256794
01895,0000,1146,106,2024-12-29 19:42:38.272798
01712,0001,1146,106,2024-12-29 19:42:38.288788
25828,0001,1146,106,2024-12-29 19:42:38.320714
01422,0001,1146,106,2024-12-29 19:42:38.336788
10360,0001,1146,106,2024-12-29 19:42:38.352785
15328,0001,1146,106,2024-12-29 19:42:38.368783
14510,0001,1146,106,2024-12-29 19:42:38.384784
04126,0001,1146,106,2024-12-29 19:42:38.400775
11066,0000,1146,106,2024-12-29 19:42:38.416772
05069,0000,1146,106,2024-12-29 19:42:38.432765
03156,0001,1146,106,2024-12-29 19:42:38.448769
39493,0001,1146,106,2024-12-29 19:42:38.480370
00424,0001,1146,106,2024-12-29 19:42:38.496758
21595,0001,1146,106,2024-12-29 19:42:38.512761
20667,0000,1146,106,2024-12-29 19:42:38.528755
19910,0000,1146,106,2024-12-29 19:42:38.544755
03551,0001,1146,106,2024-12-29 19:42:38.560753
24202,0001,1146,106,2024-12-29 19:42:38.576752
03052,0001,1146,106,2024-12-29 19:42:38.592750
08325,0001,1146,106,2024-12-29 19:42:38.608756
34756,0000,1147,106,2024-12-29 19:42:38.624743
01530,0001,1146,106,2024-12-29 19:42:38.656737
31295,0001,1146,106,2024-12-29 19:42:38.672730
19733,0000,1146,106,2024-12-29 19:42:38.688733
26047,0002,1146,106,2024-12-29 19:42:38.704721
21062,0000,1146,106,2024-12-29 19:42:38.720731
45774,0001,1146,106,2024-12-29 19:42:38.736721
09958,0001,1146,106,2024-12-29 19:42:38.752725
29118,0000,1146,106,2024-12-29 19:42:38.768718
04635,0000,1146,106,2024-12-29 19:42:38.784728
03755,0000,1146,106,2024-12-29 19:42:38.816399
07757,0001,1146,106,2024-12-29 19:42:38.832712
04651,0001,1146,106,2024-12-29 19:42:38.848712
-0008,0000,1146,106,2024-12-29 19:42:38.864715
03624,0000,1146,106,2024-12-29 19:42:38.880719
02158,0001,1146,106,2024-12-29 19:42:38.896717
01519,0001,1146,106,2024-12-29 19:42:38.912719
03679,0000,1146,106,2024-12-29 19:42:38.928725
03222,0000,1146,106,2024-12-29 19:42:38.944730
35110,0001,1147,106,2024-12-29 19:42:38.976089
03000,0001,1146,106,2024-12-29 19:42:38.992737
32336,0000,1147,106,2024-12-29 19:42:39.008735
14361,0000,1146,106,2024-12-29 19:42:39.024744
03067,0001,1147,106,2024-12-29 19:42:39.040747
26506,0000,1147,106,2024-12-29 19:42:39.056747
05470,0001,1146,106,2024-12-29 19:42:39.072676
16354,0000,1147,106,2024-12-29 19:42:39.088681
04851,0000,1147,106,2024-12-29 19:42:39.104670
01354,0000,1146,106,2024-12-29 19:42:39.120666
11398,0001,1147,106,2024-12-29 19:42:39.152429
14917,0001,1146,106,2024-12-29 19:42:39.168665
18382,0000,1147,106,2024-12-29 19:42:39.184657
04685,0001,1147,106,2024-12-29 19:42:39.200661
27942,0001,1146,106,2024-12-29 19:42:39.216656
02358,0001,1146,106,2024-12-29 19:42:39.232658
07340,0000,1147,106,2024-12-29 19:42:39.248674
07966,0001,1147,106,2024-12-29 19:42:39.264663
00044,0000,1147,106,2024-12-29 19:42:39.280646
05311,0001,1146,106,2024-12-29 19:42:39.312204
47984,0000,1146,106,2024-12-29 19:42:39.328646
25792,0001,1147,106,2024-12-29 19:42:39.344643
25803,0001,1146,106,2024-12-29 19:42:39.360636
25902,0001,1146,106,2024-12-29 19:42:39.376637
01968,0001,1146,106,2024-12-29 19:42:39.392626
01874,0001,1147,106,2024-12-29 19:42:39.408626
01489,0000,1147,106,2024-12-29 19:42:39.424623
02808,0002,1146,106,2024-12-29 19:42:39.440628
02765,0000,1147,106,2024-12-29 19:42:39.456622
02323,0000,1147,106,2024-12-29 19:42:39.488489
20326,0001,1146,106,2024-12-29 19:42:39.504617
03442,0000,1146,106,2024-12-29 19:42:39.520614
00714,0002,1146,106,2024-12-29 19:42:39.536613
21367,0001,1146,106,2024-12-29 19:42:39.552604
36159,0002,1147,106,2024-12-29 19:42:39.568610
18908,0000,1146,106,2024-12-29 19:42:39.584597
17944,0002,1147,106,2024-12-29 19:42:39.600600
03093,0001,1147,106,2024-12-29 19:42:39.616594
12057,0001,1147,106,2024-12-29 19:42:39.648130
41743,0000,1147,106,2024-12-29 19:42:39.664586
01238,0001,1147,106,2024-12-29 19:42:39.680585
03527,0000,1147,106,2024-12-29 19:42:39.696580
02824,0001,1147,106,2024-12-29 19:42:39.712591
11439,0000,1147,106,2024-12-29 19:42:39.728582
34001,0000,1147,106,2024-12-29 19:42:39.744590
00647,0001,1147,106,2024-12-29 19:42:39.760577
16483,0000,1146,106,2024-12-29 19:42:39.776582
13229,0000,1147,106,2024-12-29 19:42:39.792572
-0011,0000,1146,106,2024-12-29 19:42:39.824444
23592,0000,1147,106,2024-12-29 19:42:39.840571
18566,0000,1147,106,2024-12-29 19:42:39.856569
49143,0000,1147,106,2024-12-29 19:42:39.872558
43028,0001,1146,106,2024-12-29 19:42:39.888561
15297,0001,1147,106,2024-12-29 19:42:39.904555
13332,0000,1147,106,2024-12-29 19:42:39.920556
37060,0001,1147,106,2024-12-29 19:42:39.936559
05306,0001,1147,106,2024-12-29 19:42:39.952553
20044,0001,1147,106,2024-12-29 19:42:39.984199
57303,0001,1146,106,2024-12-29 19:42:40.000550
49782,0002,1147,106,2024-12-29 19:42:40.016547
04937,0001,1147,106,2024-12-29 19:42:40.032546
03036,0000,1147,106,2024-12-29 19:42:40.048524
32421,0001,1147,106,2024-12-29 19:42:40.064534
05023,0000,1147,106,2024-12-29 19:42:40.080531
31466,0000,1147,106,2024-12-29 19:42:40.096528
25234,0000,1146,106,2024-12-29 19:42:40.112537
39804,0000,1147,106,2024-12-29 19:42:40.128551
02939,0001,1147,106,2024-12-29 19:42:40.160533
04353,0000,1147,106,2024-12-29 19:42:40.176517
14684,0000,1147,106,2024-12-29 19:42:40.192511
02290,0001,1147,106,2024-12-29 19:42:40.208503
20438,0000,1147,106,2024-12-29 19:42:40.224501
00524,0001,1147,106,2024-12-29 19:42:40.240522
39131,0002,1147,106,2024-12-29 19:42:40.256505
32319,0000,1147,106,2024-12-29 19:42:40.272498
02029,0001,1147,106,2024-12-29 19:42:40.288498
25354,0000,1147,106,2024-12-29 19:42:40.320205
24615,0000,1147,106,2024-12-29 19:42:40.336495
00768,0000,1147,106,2024-12-29 19:42:40.352477
13896,0000,1147,106,2024-12-29 19:42:40.368484
10948,0001,1147,106,2024-12-29 19:42:40.384475
03106,0000,1147,106,2024-12-29 19:42:40.400479
11551,0001,1147,106,2024-12-29 19:42:40.416485
00569,0001,1147,106,2024-12-29 19:42:40.432489
02971,0000,1147,106,2024-12-29 19:42:40.448468
05989,0002,1147,106,2024-12-29 19:42:40.479881
04476,0001,1147,106,2024-12-29 19:42:40.496471
03850,0000,1147,106,2024-12-29 19:42:40.512459
03298,0000,1147,106,2024-12-29 19:42:40.528468
01814,0001,1147,106,2024-12-29 19:42:40.544457
29257,0001,1147,106,2024-12-29 19:42:40.560450
28155,0001,1147,106,2024-12-29 19:42:40.576453
03681,0000,1147,106,2024-12-29 19:42:40.592441
26162,0000,1147,106,2024-12-29 19:42:40.608445
08529,0000,1147,106,2024-12-29 19:42:40.624439
14831,0000,1147,106,2024-12-29 19:42:40.656262
29100,0000,1147,106,2024-12-29 19:42:40.672434
51600,0000,1147,106,2024-12-29 19:42:40.688424
02178,0000,1147,106,2024-12-29 19:42:40.704430
05819,0000,1147,106,2024-12-29 19:42:40.720427
03008,0000,1147,106,2024-12-29 19:42:40.736436
25821,0000,1147,106,2024-12-29 19:42:40.752418
06742,0001,1147,106,2024-12-29 19:42:40.768425
02123,0000,1147,106,2024-12-29 19:42:40.784419
05146,0001,1147,106,2024-12-29 19:42:40.815919
19322,0001,1147,106,2024-12-29 19:42:40.832401
41004,0001,1147,106,2024-12-29 19:42:40.848410
09320,0000,1147,106,2024-12-29 19:42:40.864407
08210,0000,1147,106,2024-12-29 19:42:40.880406
26452,0000,1147,106,2024-12-29 19:42:40.896397
27125,0000,1147,106,2024-12-29 19:42:40.912399
01508,0000,1147,106,2024-12-29 19:42:40.928402
02340,0001,1147,106,2024-12-29 19:42:40.944404
20271,0000,1147,106,2024-12-29 19:42:40.960405
01022,0000,1147,106,2024-12-29 19:42:40.992304
14190,0000,1147,106,2024-12-29 19:42:41.008390
05400,0000,1147,106,2024-12-29 19:42:41.024381
04566,0001,1147,106,2024-12-29 19:42:41.040386
37596,0000,1147,106,2024-12-29 19:42:41.056386
03479,0001,1147,106,2024-12-29 19:42:41.072373
00714,0001,1147,106,2024-12-29 19:42:41.088373
18580,0002,1147,106,2024-12-29 19:42:41.104369
22057,0000,1147,106,2024-12-29 19:42:41.120362
32228,0000,1147,106,2024-12-29 19:42:41.151931
02757,0000,1147,106,2024-12-29 19:42:41.168357
02885,0000,1147,106,2024-12-29 19:42:41.184359
04498,0000,1147,106,2024-12-29 19:42:41.200360
20445,0000,1147,106,2024-12-29 19:42:41.216376
49756,0001,1147,106,2024-12-29 19:42:41.232355
02311,0000,1147,106,2024-12-29 19:42:41.248380
07056,0000,1147,106,2024-12-29 19:42:41.264353
31577,0000,1147,106,2024-12-29 19:42:41.280353
03656,0001,1147,106,2024-12-29 19:42:41.296349
03454,0000,1147,106,2024-12-29 19:42:41.328352
03519,0000,1147,106,2024-12-29 19:42:41.344348
05209,0000,1147,106,2024-12-29 19:42:41.360336
45490,0001,1147,106,2024-12-29 19:42:41.376331
04051,0002,1147,106,2024-12-29 19:42:41.392335
35588,0001,1147,106,2024-12-29 19:42:41.408324
02793,0000,1147,106,2024-12-29 19:42:41.424331
18494,0001,1147,106,2024-12-29 19:42:41.440326
08263,0000,1147,106,2024-12-29 19:42:41.456330
29758,0000,1147,106,2024-12-29 19:42:41.487988
07633,0001,1147,106,2024-12-29 19:42:41.504314
03024,0000,1147,106,2024-12-29 19:42:41.520315
00754,0001,1147,106,2024-12-29 19:42:41.536310
44727,0002,1147,106,2024-12-29 19:42:41.552318
04423,0001,1147,106,2024-12-29 19:42:41.568303
49737,0000,1147,106,2024-12-29 19:42:41.584304
04440,0001,1147,106,2024-12-29 19:42:41.600307
22912,0000,1147,106,2024-12-29 19:42:41.616310
30920,0000,1147,106,2024-12-29 19:42:41.647659
03705,0000,1147,106,2024-12-29 19:42:41.664291
28553,0000,1147,106,2024-12-29 19:42:41.680297
05352,0000,1147,106,2024-12-29 19:42:41.696293
32306,0000,1147,106,2024-12-29 19:42:41.712292
09642,0001,1147,106,2024-12-29 19:42:41.728287
07587,0000,1148,106,2024-12-29 19:42:41.744286
02114,0001,1147,106,2024-12-29 19:42:41.760283
17970,0001,1147,106,2024-12-29 19:42:41.776273
35506,0001,1147,106,2024-12-29 19:42:41.792277
01993,0001,1147,106,2024-12-29 19:42:41.824037
07580,0002,1147,106,2024-12-29 19:42:41.840259
51629,0000,1147,106,2024-12-29 19:42:41.856271
01550,0000,1147,106,2024-12-29 19:42:41.872253
31493,0000,1147,106,2024-12-29 19:42:41.888261
05500,0000,1147,106,2024-12-29 19:42:41.904257
03014,0001,1147,106,2024-12-29 19:42:41.920255
02069,0000,1147,106,2024-12-29 19:42:41.936251
03542,0001,1147,106,2024-12-29 19:42:41.952256
20233,0000,1147,106,2024-12-29 19:42:41.983694
36330,0001,1147,106,2024-12-29 19:42:42.000254
18751,0000,1148,106,2024-12-29 19:42:42.016256
03739,0000,1148,106,2024-12-29 19:42:42.032258
05203,0001,1148,106,2024-12-29 19:42:42.048258
06164,0000,1147,106,2024-12-29 19:42:42.064267
04648,0001,1148,106,2024-12-29 19:42:42.080264
01332,0000,1147,106,2024-12-29 19:42:42.096267
02945,0001,1147,106,2024-12-29 19:42:42.112270
43858,0002,1148,106,2024-12-29 19:42:42.128269
03028,0000,1147,106,2024-12-29 19:42:42.160119
05457,0000,1148,106,2024-12-29 19:42:42.176286
00504,0001,1147,106,2024-12-29 19:42:42.192211
65072,0001,1147,106,2024-12-29 19:42:42.208211
29126,0002,1147,106,2024-12-29 19:42:42.224210
01715,0000,1147,106,2024-12-29 19:42:42.240238
03712,0000,1147,106,2024-12-29 19:42:42.256201
01524,0001,1147,106,2024-12-29 19:42:42.272211
46226,0001,1147,106,2024-12-29 19:42:42.288197
12953,0001,1148,106,2024-12-29 19:42:42.319762
00716,0001,1147,106,2024-12-29 19:42:42.336197
13732,0000,1147,106,2024-12-29 19:42:42.352190
00599,0000,1148,106,2024-12-29 19:42:42.368185
04813,0000,1147,106,2024-12-29 19:42:42.384196
02393,0000,1147,106,2024-12-29 19:42:42.400176
12876,0001,1147,106,2024-12-29 19:42:42.416181
01220,0000,1148,106,2024-12-29 19:42:42.432177
30044,0000,1147,106,2024-12-29 19:42:42.448176
58539,0001,1148,106,2024-12-29 19:42:42.464170
09188,0001,1148,106,2024-12-29 19:42:42.496153
21897,0000,1148,106,2024-12-29 19:42:42.512174
04605,0001,1147,106,2024-12-29 19:42:42.528158
01234,0001,1148,106,2024-12-29 19:42:42.544170
03000,0000,1147,106,2024-12-29 19:42:42.560159
15433,0001,1148,106,2024-12-29 19:42:42.576161
05188,0000,1148,106,2024-12-29 19:42:42.592163
50454,0001,1148,106,2024-12-29 19:42:42.608154
12436,0000,1147,106,2024-12-29 19:42:42.624153
05284,0000,1147,106,2024-12-29 19:42:42.655798
02972,0002,1148,106,2024-12-29 19:42:42.672146
17608,0000,1148,106,2024-12-29 19:42:42.688148
02945,0001,1147,106,2024-12-29 19:42:42.704143
22337,0001,1148,106,2024-12-29 19:42:42.720149
02338,0000,1148,106,2024-12-29 19:42:42.736150
04444,0001,1147,106,2024-12-29 19:42:42.752134
10556,0000,1148,106,2024-12-29 19:42:42.768132
13745,0000,1148,106,2024-12-29 19:42:42.784146
01220,0000,1147,106,2024-12-29 19:42:42.815450
02263,0001,1147,106,2024-12-29 19:42:42.832115
05215,0001,1148,106,2024-12-29 19:42:42.848120
04907,0000,1148,106,2024-12-29 19:42:42.864113
05070,0001,1148,106,2024-12-29 19:42:42.880115
53945,0000,1148,106,2024-12-29 19:42:42.896118
09358,0000,1148,106,2024-12-29 19:42:42.912114
30359,0000,1148,106,2024-12-29 19:42:42.928103
37863,0000,1148,106,2024-12-29 19:42:42.944096
08420,0000,1148,106,2024-12-29 19:42:42.960106
24731,0001,1148,106,2024-12-29 19:42:42.991850
02283,0001,1148,106,2024-12-29 19:42:43.008091
17612,0000,1148,106,2024-12-29 19:42:43.024100
19436,0000,1148,106,2024-12-29 19:42:43.040085
14759,0000,1148,106,2024-12-29 19:42:43.056096
05107,0000,1148,106,2024-12-29 19:42:43.072082
01059,0000,1148,106,2024-12-29 19:42:43.088086
01220,0000,1148,106,2024-12-29 19:42:43.104085
41723,0000,1148,106,2024-12-29 19:42:43.120076
11682,0000,1148,106,2024-12-29 19:42:43.151505
03630,0000,1148,106,2024-12-29 19:42:43.168081
27193,0001,1148,106,2024-12-29 19:42:43.184061
04411,0001,1148,106,2024-12-29 19:42:43.200070
03641,0000,1148,106,2024-12-29 19:42:43.216066
56759,0000,1148,106,2024-12-29 19:42:43.232065
23248,0000,1148,106,2024-12-29 19:42:43.248079
21190,0000,1148,106,2024-12-29 19:42:43.264059
02579,0001,1148,106,2024-12-29 19:42:43.280054
28664,0000,1148,106,2024-12-29 19:42:43.296060
48299,0001,1148,106,2024-12-29 19:42:43.327908
01918,0001,1147,106,2024-12-29 19:42:43.344043
03763,0002,1148,106,2024-12-29 19:42:43.360045
04023,0001,1148,106,2024-12-29 19:42:43.376039
11380,0001,1148,106,2024-12-29 19:42:43.392034
03362,0001,1148,106,2024-12-29 19:42:43.408028
00667,0000,1147,106,2024-12-29 19:42:43.424039
39114,0000,1148,106,2024-12-29 19:42:43.440029
25905,0001,1148,106,2024-12-29 19:42:43.456025
46279,0001,1148,106,2024-12-29 19:42:43.487550
05054,0001,1148,106,2024-12-29 19:42:43.504021
00477,0001,1148,106,2024-12-29 19:42:43.520011
02209,0001,1148,106,2024-12-29 19:42:43.536015
52194,0000,1148,106,2024-12-29 19:42:43.552019
28687,0000,1148,106,2024-12-29 19:42:43.568018
02760,0002,1148,106,2024-12-29 19:42:43.584002
03782,0000,1148,106,2024-12-29 19:42:43.600011
33205,0001,1148,106,2024-12-29 19:42:43.616000
06055,0001,1148,106,2024-12-29 19:42:43.632004
02316,0000,1148,106,2024-12-29 19:42:43.663930
09319,0001,1148,106,2024-12-29 19:42:43.680003
02850,0000,1148,106,2024-12-29 19:42:43.695989
03695,0000,1148,106,2024-12-29 19:42:43.711987
01349,0001,1148,106,2024-12-29 19:42:43.727982
15697,0001,1148,106,2024-12-29 19:42:43.743987
00140,0001,1148,106,2024-12-29 19:42:43.759978
05289,0002,1148,106,2024-12-29 19:42:43.775984
51592,0000,1148,106,2024-12-29 19:42:43.791981
03277,0001,1148,106,2024-12-29 19:42:43.823588
03628,0000,1148,106,2024-12-29 19:42:43.839977
00547,0001,1148,106,2024-12-29 19:42:43.855967
00723,0000,1148,106,2024-12-29 19:42:43.871974
43852,0000,1148,106,2024-12-29 19:42:43.887964
04613,0000,1148,106,2024-12-29 19:42:43.903959
04070,0000,1148,106,2024-12-29 19:42:43.919958
05380,0000,1148,106,2024-12-29 19:42:43.935965
02305,0002,1148,106,2024-12-29 19:42:43.951966
03665,0000,1148,106,2024-12-29 19:42:43.967952
02997,0000,1148,106,2024-12-29 19:42:43.999941
34691,0000,1148,106,2024-12-29 19:42:44.015953
08166,0000,1148,106,2024-12-29 19:42:44.031940
57593,0000,1148,106,2024-12-29 19:42:44.047947
13313,0001,1148,106,2024-12-29 19:42:44.063938
28388,0001,1148,106,2024-12-29 19:42:44.079947
22575,0001,1148,106,2024-12-29 19:42:44.095928
02451,0000,1148,106,2024-12-29 19:42:44.111935
32415,0001,1148,106,2024-12-29 19:42:44.127927
34756,0001,1148,106,2024-12-29 19:42:44.159625
01560,0001,1148,106,2024-12-29 19:42:44.175926
03613,0000,1148,106,2024-12-29 19:42:44.191920
17070,0001,1148,106,2024-12-29 19:42:44.207920
49801,0001,1148,106,2024-12-29 19:42:44.223913
15429,0000,1148,106,2024-12-29 19:42:44.239937
66646,0001,1148,106,2024-12-29 19:42:44.255913
34642,0000,1148,106,2024-12-29 19:42:44.271904
53290,0000,1148,106,2024-12-29 19:42:44.287908
01987,0000,1148,106,2024-12-29 19:42:44.319280
21065,0001,1148,106,2024-12-29 19:42:44.335905
48058,0000,1148,106,2024-12-29 19:42:44.351908
67717,0001,1148,106,2024-12-29 19:42:44.367890
03952,0001,1148,106,2024-12-29 19:42:44.383892
03692,0001,1148,106,2024-12-29 19:42:44.399885
03784,0000,1148,106,2024-12-29 19:42:44.415889
58555,0001,1148,106,2024-12-29 19:42:44.431879
25259,0000,1148,106,2024-12-29 19:42:44.447880
05463,0000,1148,106,2024-12-29 19:42:44.463884
05462,0001,1149,106,2024-12-29 19:42:44.495666
01501,0000,1148,106,2024-12-29 19:42:44.511881
26121,0000,1148,106,2024-12-29 19:42:44.527872
19081,0001,1148,106,2024-12-29 19:42:44.543860
36793,0000,1148,106,2024-12-29 19:42:44.559864
41600,0001,1148,106,2024-12-29 19:42:44.575866
29772,0001,1148,106,2024-12-29 19:42:44.591867
01301,0000,1148,106,2024-12-29 19:42:44.607855
57294,0000,1148,106,2024-12-29 19:42:44.623853
19398,0000,1148,106,2024-12-29 19:42:44.655312
15815,0000,1148,106,2024-12-29 19:42:44.671851
02127,0003,1148,106,2024-12-29 19:42:44.687852
13325,0000,1148,106,2024-12-29 19:42:44.703852
52251,0001,1148,106,2024-12-29 19:42:44.719846
01419,0001,1148,106,2024-12-29 19:42:44.735855
00563,0001,1148,106,2024-12-29 19:42:44.751829
02246,0000,1148,106,2024-12-29 19:42:44.767836
08291,0002,1148,106,2024-12-29 19:42:44.783839
01512,0000,1148,106,2024-12-29 19:42:44.799825
27311,0000,1149,106,2024-12-29 19:42:44.831702
02123,0000,1148,106,2024-12-29 19:42:44.847826
25815,0000,1148,106,2024-12-29 19:42:44.863834
07308,0000,1149,106,2024-12-29 19:42:44.879821
02788,0002,1148,106,2024-12-29 19:42:44.895820
11200,0001,1148,106,2024-12-29 19:42:44.911812
16227,0001,1148,106,2024-12-29 19:42:44.927821
01319,0000,1149,106,2024-12-29 19:42:44.943812
48046,0000,1148,106,2024-12-29 19:42:44.959810
03774,0000,1148,106,2024-12-29 19:42:44.991371
02239,0000,1148,106,2024-12-29 19:42:45.007796
05171,0000,1148,106,2024-12-29 19:42:45.023807
41517,0003,1148,106,2024-12-29 19:42:45.039796
05251,0000,1148,106,2024-12-29 19:42:45.055801
02007,0001,1148,106,2024-12-29 19:42:45.071803
03634,0000,1148,106,2024-12-29 19:42:45.087792
01500,0001,1148,106,2024-12-29 19:42:45.103789
16948,0002,1149,106,2024-12-29 19:42:45.119787
01482,0001,1148,106,2024-12-29 19:42:45.135790
04025,0001,1148,106,2024-12-29 19:42:45.167771
27261,0000,1148,106,2024-12-29 19:42:45.183805
08919,0001,1148,106,2024-12-29 19:42:45.199806
13014,0002,1148,106,2024-12-29 19:42:45.215805
04545,0003,1148,106,2024-12-29 19:42:45.231810
29343,0000,1149,106,2024-12-29 19:42:45.247822
35671,0001,1148,106,2024-12-29 19:42:45.263814
03016,0000,1149,106,2024-12-29 19:42:45.279819
26245,0001,1149,106,2024-12-29 19:42:45.295821
15435,0001,1148,106,2024-12-29 19:42:45.327377
01958,0000,1148,106,2024-12-29 19:42:45.343767
16431,0001,1148,106,2024-12-29 19:42:45.359760
02132,0000,1148,106,2024-12-29 19:42:45.375752
02068,0001,1148,106,2024-12-29 19:42:45.391744
21751,0000,1148,106,2024-12-29 19:42:45.407751
44533,0000,1148,106,2024-12-29 19:42:45.423739
15613,0001,1149,106,2024-12-29 19:42:45.439740
01379,0001,1148,106,2024-12-29 19:42:45.455740
01287,0000,1148,106,2024-12-29 19:42:45.471739
59200,0000,1149,106,2024-12-29 19:42:45.503728
00707,0001,1148,106,2024-12-29 19:42:45.519736
02924,0001,1148,106,2024-12-29 19:42:45.535715
37044,0001,1149,106,2024-12-29 19:42:45.551729
19745,0001,1149,106,2024-12-29 19:42:45.567715
24012,0000,1148,106,2024-12-29 19:42:45.583720
22240,0001,1149,106,2024-12-29 19:42:45.599718
03702,0000,1149,106,2024-12-29 19:42:45.615721
02848,0002,1149,106,2024-12-29 19:42:45.631713
03935,0001,1149,106,2024-12-29 19:42:45.663441
14800,0000,1149,106,2024-12-29 19:42:45.679705
24024,0001,1149,106,2024-12-29 19:42:45.695701
04963,0001,1148,106,2024-12-29 19:42:45.711703
05227,0001,1149,106,2024-12-29 19:42:45.727692
04353,0000,1149,106,2024-12-29 19:42:45.743700
00762,0000,1149,106,2024-12-29 19:42:45.759689
21146,0000,1149,106,2024-12-29 19:42:45.775699
40889,0000,1149,106,2024-12-29 19:42:45.791691
19508,0000,1149,106,2024-12-29 19:42:45.823094
10248,0000,1148,106,2024-12-29 19:42:45.839681
19671,0000,1149,106,2024-12-29 19:42:45.855677
26261,0000,1149,106,2024-12-29 19:42:45.871677
01522,0000,1148,106,2024-12-29 19:42:45.887673
31752,0001,1149,106,2024-12-29 19:42:45.903674
02804,0001,1148,106,2024-12-29 19:42:45.919882
02596,0000,1149,106,2024-12-29 19:42:45.935674
03107,0001,1149,106,2024-12-29 19:42:45.951672
45525,0001,1149,106,2024-12-29 19:42:45.967662
03706,0001,1148,106,2024-12-29 19:42:45.999485
04198,0000,1149,106,2024-12-29 19:42:46.015652
45798,0001,1149,106,2024-12-29 19:42:46.031663
05381,0000,1149,106,2024-12-29 19:42:46.047660
50021,0000,1149,106,2024-12-29 19:42:46.063650
03044,0001,1149,106,2024-12-29 19:42:46.079654
01322,0000,1148,106,2024-12-29 19:42:46.095644
02085,0001,1148,106,2024-12-29 19:42:46.111643
49886,0000,1149,106,2024-12-29 19:42:46.127652
24256,0001,1149,106,2024-12-29 19:42:46.159154
45720,0000,1149,106,2024-12-29 19:42:46.175643
23430,0000,1149,106,2024-12-29 19:42:46.191636
05068,0001,1149,106,2024-12-29 19:42:46.207626
22208,0001,1148,106,2024-12-29 19:42:46.223628
02195,0001,1149,106,2024-12-29 19:42:46.239654
02171,0002,1148,106,2024-12-29 19:42:46.255630
15858,0002,1149,106,2024-12-29 19:42:46.271615
00322,0000,1149,106,2024-12-29 19:42:46.287616
05037,0000,1149,106,2024-12-29 19:42:46.303632
02818,0000,1149,106,2024-12-29 19:42:46.335522
04633,0000,1149,106,2024-12-29 19:42:46.351613
04897,0000,1149,106,2024-12-29 19:42:46.367613
08473,0001,1148,106,2024-12-29 19:42:46.383594
00241,0000,1149,106,2024-12-29 19:42:46.399603
01538,0000,1149,106,2024-12-29 19:42:46.415606
48791,0000,1149,106,2024-12-29 19:42:46.431599
66653,0001,1149,106,2024-12-29 19:42:46.447590
02184,0001,1149,106,2024-12-29 19:42:46.463596
01952,0001,1149,106,2024-12-29 19:42:46.495187
02541,0001,1149,106,2024-12-29 19:42:46.511582
47128,0000,1149,106,2024-12-29 19:42:46.527586
22995,0001,1149,106,2024-12-29 19:42:46.543572
21440,0000,1149,106,2024-12-29 19:42:46.559580
02067,0000,1149,106,2024-12-29 19:42:46.575572
31168,0000,1149,106,2024-12-29 19:42:46.591575
12199,0000,1149,106,2024-12-29 19:42:46.607575
02310,0001,1149,106,2024-12-29 19:42:46.623569
33015,0001,1149,106,2024-12-29 19:42:46.639564
25340,0001,1149,106,2024-12-29 19:42:46.671558
01350,0001,1149,106,2024-12-29 19:42:46.687565
48950,0001,1149,106,2024-12-29 19:42:46.703572
17086,0000,1149,106,2024-12-29 19:42:46.719550
30091,0001,1149,106,2024-12-29 19:42:46.735551
04795,0001,1149,106,2024-12-29 19:42:46.751548
05229,0001,1149,106,2024-12-29 19:42:46.767546
01399,0000,1149,106,2024-12-29 19:42:46.783544
23349,0001,1149,106,2024-12-29 19:42:46.799544
08371,0002,1149,106,2024-12-29 19:42:46.831223
01092,0002,1149,106,2024-12-29 19:42:46.847531
36340,0000,1149,106,2024-12-29 19:42:46.863525
05229,0000,1149,106,2024-12-29 19:42:46.879531
00317,0001,1149,106,2024-12-29 19:42:46.895525
26974,0001,1149,106,2024-12-29 19:42:46.911526
34706,0000,1149,106,2024-12-29 19:42:46.927521
32166,0001,1149,106,2024-12-29 19:42:46.943520
05303,0002,1149,106,2024-12-29 19:42:46.959511
01486,0000,1149,106,2024-12-29 19:42:46.990864
24121,0000,1149,106,2024-12-29 19:42:47.007519
44769,0002,1149,106,2024-12-29 19:42:47.023501
03813,0001,1149,106,2024-12-29 19:42:47.039511
03743,0001,1149,106,2024-12-29 19:42:47.055503
02235,0000,1149,106,2024-12-29 19:42:47.071501
03793,0000,1149,106,2024-12-29 19:42:47.087513
26092,0000,1149,106,2024-12-29 19:42:47.103500
03449,0000,1149,106,2024-12-29 19:42:47.119495
32468,0000,1149,106,2024-12-29 19:42:47.135491
01069,0001,1149,106,2024-12-29 19:42:47.167259
03389,0000,1149,106,2024-12-29 19:42:47.183485
24891,0001,1149,106,2024-12-29 19:42:47.199484
47142,0001,1149,106,2024-12-29 19:42:47.215489
27325,0000,1149,106,2024-12-29 19:42:47.231477
25409,0001,1149,106,2024-12-29 19:42:47.247500
13882,0000,1149,106,2024-12-29 19:42:47.263477
02859,0000,1149,106,2024-12-29 19:42:47.279478
00663,0001,1149,106,2024-12-29 19:42:47.295467
12041,0000,1149,106,2024-12-29 19:42:47.326910
35438,0001,1149,106,2024-12-29 19:42:47.343470
01440,0001,1149,106,2024-12-29 19:42:47.359462
02972,0002,1149,106,2024-12-29 19:42:47.375454
32328,0000,1149,106,2024-12-29 19:42:47.391454
00686,0001,1149,106,2024-12-29 19:42:47.407460
03001,0001,1149,106,2024-12-29 19:42:47.423449
14196,0000,1149,106,2024-12-29 19:42:47.439443
23057,0000,1149,106,2024-12-29 19:42:47.455439
03543,0001,1149,106,2024-12-29 19:42:47.471463
46689,0000,1149,106,2024-12-29 19:42:47.503299
03604,0000,1149,106,2024-12-29 19:42:47.519441
44884,0001,1149,106,2024-12-29 19:42:47.535431
03062,0001,1149,106,2024-12-29 19:42:47.551433
14127,0001,1149,106,2024-12-29 19:42:47.567428
01120,0001,1149,106,2024-12-29 19:42:47.583434
46462,0000,1149,106,2024-12-29 19:42:47.599429
05866,0001,1149,106,2024-12-29 19:42:47.615428
00397,0000,1149,106,2024-12-29 19:42:47.631417
10130,0001,1149,106,2024-12-29 19:42:47.662959
46397,0000,1149,106,2024-12-29 19:42:47.679409
03759,0001,1149,106,2024-12-29 19:42:47.695410
02951,0000,1149,106,2024-12-29 19:42:47.711401
28958,0001,1149,106,2024-12-29 19:42:47.727405
48840,0002,1149,106,2024-12-29 19:42:47.743403
02331,0001,1149,106,2024-12-29 19:42:47.759395
03707,0002,1149,106,2024-12-29 19:42:47.775400
02095,0000,1149,106,2024-12-29 19:42:47.791407
28818,0001,1149,106,2024-12-29 19:42:47.807403
02273,0001,1149,106,2024-12-29 19:42:47.839338
49894,0000,1149,106,2024-12-29 19:42:47.855388
39968,0000,1149,106,2024-12-29 19:42:47.871395
17092,0002,1149,106,2024-12-29 19:42:47.887392
03622,0000,1149,106,2024-12-29 19:42:47.903388
34632,0001,1149,106,2024-12-29 19:42:47.919379
03827,0000,1149,106,2024-12-29 19:42:47.935374
02767,0000,1149,106,2024-12-29 19:42:47.951373
01857,0002,1149,106,2024-12-29 19:42:47.967372
04579,0001,1149,106,2024-12-29 19:42:47.998993
19835,0000,1149,106,2024-12-29 19:42:48.015366
11932,0000,1149,106,2024-12-29 19:42:48.031370
11453,0001,1149,106,2024-12-29 19:42:48.047363
02254,0001,1149,106,2024-12-29 19:42:48.063366
52421,0000,1149,106,2024-12-29 19:42:48.079356
03781,0000,1149,106,2024-12-29 19:42:48.095361
56429,0000,1149,106,2024-12-29 19:42:48.111348
25755,0000,1149,106,2024-12-29 19:42:48.127355
08391,0000,1149,106,2024-12-29 19:42:48.143344
09988,0001,1150,106,2024-12-29 19:42:48.175343
13277,0001,1149,106,2024-12-29 19:42:48.191342
45068,0000,1149,106,2024-12-29 19:42:48.207333
04571,0000,1149,106,2024-12-29 19:42:48.223339
03833,0001,1149,106,2024-12-29 19:42:48.239346
07750,0001,1149,106,2024-12-29 19:42:48.255337
39990,0001,1149,106,2024-12-29 19:42:48.271335
04673,0000,1149,106,2024-12-29 19:42:48.287341
03144,0000,1149,106,2024-12-29 19:42:48.303346
30758,0001,1149,106,2024-12-29 19:42:48.335051
23799,0000,1150,106,2024-12-29 19:42:48.351345
09016,0002,1149,106,2024-12-29 19:42:48.367353
00650,0000,1149,106,2024-12-29 19:42:48.383356
02771,0001,1149,106,2024-12-29 19:42:48.399358
16690,0000,1149,106,2024-12-29 19:42:48.415358
42215,0001,1149,106,2024-12-29 19:42:48.431360
14919,0000,1149,106,2024-12-29 19:42:48.447365
03697,0000,1149,106,2024-12-29 19:42:48.463294
01565,0000,1149,106,2024-12-29 19:42:48.494679
03382,0000,1149,106,2024-12-29 19:42:48.511295
02331,0001,1149,106,2024-12-29 19:42:48.527288
03097,0000,1149,106,2024-12-29 19:42:48.543287
09973,0001,1149,106,2024-12-29 19:42:48.559279
04641,0001,1150,106,2024-12-29 19:42:48.575283
05308,0000,1149,106,2024-12-29 19:42:48.591277
36817,0000,1149,106,2024-12-29 19:42:48.607283
30619,0001,1150,106,2024-12-29 19:42:48.623275
00658,0000,1149,106,2024-12-29 19:42:48.639278
28192,0001,1149,106,2024-12-29 19:42:48.671069
52373,0000,1149,106,2024-12-29 19:42:48.687267
25410,0001,1149,106,2024-12-29 19:42:48.703258
32103,0000,1149,106,2024-12-29 19:42:48.719261
16522,0001,1149,106,2024-12-29 19:42:48.735257
01472,0000,1149,106,2024-12-29 19:42:48.751256
17048,0000,1150,106,2024-12-29 19:42:48.767255
17022,0001,1150,106,2024-12-29 19:42:48.783244
27538,0001,1149,106,2024-12-29 19:42:48.799249
09788,0001,1149,106,2024-12-29 19:42:48.830734
05914,0001,1149,106,2024-12-29 19:42:48.847237
39494,0000,1150,106,2024-12-29 19:42:48.863237
02157,0001,1149,106,2024-12-29 19:42:48.879227
-0009,0001,1149,106,2024-12-29 19:42:48.895229
08319,0001,1149,106,2024-12-29 19:42:48.911222
01089,0001,1149,106,2024-12-29 19:42:48.927228
04499,0001,1150,106,2024-12-29 19:42:48.943223
25583,0001,1149,106,2024-12-29 19:42:48.959224
40095,0001,1149,106,2024-12-29 19:42:48.975214
67730,0002,1150,106,2024-12-29 19:42:49.007120
04716,0001,1149,106,2024-12-29 19:42:49.023214
06482,0001,1150,106,2024-12-29 19:42:49.039221
51471,0001,1149,106,2024-12-29 19:42:49.055201
02127,0000,1149,106,2024-12-29 19:42:49.071206
25351,0000,1149,106,2024-12-29 19:42:49.087197
05209,0000,1149,106,2024-12-29 19:42:49.103210
02092,0000,1150,106,2024-12-29 19:42:49.119191
21076,0000,1149,106,2024-12-29 19:42:49.135189
00689,0000,1150,106,2024-12-29 19:42:49.166773
02616,0000,1150,106,2024-12-29 19:42:49.183193
04716,0000,1149,106,2024-12-29 19:42:49.199190
47102,0000,1150,106,2024-12-29 19:42:49.215182
44830,0001,1150,106,2024-12-29 19:42:49.231183
02183,0002,1150,106,2024-12-29 19:42:49.247186
24424,0001,1149,106,2024-12-29 19:42:49.263184
59199,0000,1150,106,2024-12-29 19:42:49.279173
11330,0000,1150,106,2024-12-29 19:42:49.295175
27269,0000,1150,106,2024-12-29 19:42:49.311171
41552,0000,1150,106,2024-12-29 19:42:49.343167
37746,0000,1149,106,2024-12-29 19:42:49.359154
01710,0000,1150,106,2024-12-29 19:42:49.375161
02973,0000,1150,106,2024-12-29 19:42:49.391164
04526,0000,1150,106,2024-12-29 19:42:49.407156
33286,0000,1150,106,2024-12-29 19:42:49.423156
28913,0001,1150,106,2024-12-29 19:42:49.439162
03713,0000,1150,106,2024-12-29 19:42:49.455148
35359,0000,1150,106,2024-12-29 19:42:49.471154
22486,0000,1149,106,2024-12-29 19:42:49.502816
36144,0001,1150,106,2024-12-29 19:42:49.519145
29065,0001,1150,106,2024-12-29 19:42:49.535146
01332,0000,1150,106,2024-12-29 19:42:49.551143
25075,0000,1150,106,2024-12-29 19:42:49.567127
13995,0001,1150,106,2024-12-29 19:42:49.583132
66864,0000,1150,106,2024-12-29 19:42:49.599127
04340,0000,1150,106,2024-12-29 19:42:49.615122
01944,0001,1150,106,2024-12-29 19:42:49.631119
01944,0002,1150,106,2024-12-29 19:42:49.662433
03166,0000,1150,106,2024-12-29 19:42:49.679123
34598,0001,1150,106,2024-12-29 19:42:49.695116
01278,0002,1150,106,2024-12-29 19:42:49.711118
13217,0000,1150,106,2024-12-29 19:42:49.727109
25410,0001,1150,106,2024-12-29 19:42:49.743113
25312,0000,1150,106,2024-12-29 19:42:49.759108
52257,0001,1150,106,2024-12-29 19:42:49.775112
04511,0001,1149,106,2024-12-29 19:42:49.791105
22364,0000,1149,106,2024-12-29 19:42:49.807109
25661,0001,1150,106,2024-12-29 19:42:49.838848
00346,0000,1150,106,2024-12-29 19:42:49.855097
03029,0001,1150,106,2024-12-29 19:42:49.871087
06296,0001,1150,106,2024-12-29 19:42:49.887090
32380,0000,1150,106,2024-12-29 19:42:49.903085
20447,0000,1150,106,2024-12-29 19:42:49.919088
01985,0001,1150,106,2024-12-29 19:42:49.935090
02202,0001,1150,106,2024-12-29 19:42:49.951094
36260,0001,1150,106,2024-12-29 19:42:49.967082
00249,0001,1150,106,2024-12-29 19:42:49.998500
20639,0001,1150,106,2024-12-29 19:42:50.015085
00725,0001,1150,106,2024-12-29 19:42:50.031065
01044,0001,1150,106,2024-12-29 19:42:50.047064
48773,0000,1150,106,2024-12-29 19:42:50.063060
00451,0001,1150,106,2024-12-29 19:42:50.079058
29728,0000,1150,106,2024-12-29 19:42:50.095059
21195,0000,1149,106,2024-12-29 19:42:50.111066
35354,0002,1150,106,2024-12-29 19:42:50.127050
00557,0002,1150,106,2024-12-29 19:42:50.143045
00565,0000,1150,106,2024-12-29 19:42:50.174895
00897,0000,1150,106,2024-12-29 19:42:50.191040
00578,0001,1150,106,2024-12-29 19:42:50.207046
05172,0001,1150,106,2024-12-29 19:42:50.223048
03030,0002,1150,106,2024-12-29 19:42:50.239055
20910,0001,1150,106,2024-12-29 19:42:50.255031
03755,0001,1150,106,2024-12-29 19:42:50.271030
28610,0000,1150,106,2024-12-29 19:42:50.287025
30906,0001,1150,106,2024-12-29 19:42:50.303026
02754,0000,1150,106,2024-12-29 19:42:50.334562
40196,0000,1150,106,2024-12-29 19:42:50.351022
01454,0000,1150,106,2024-12-29 19:42:50.367014
30120,0000,1150,106,2024-12-29 19:42:50.383018
04627,0001,1150,106,2024-12-29 19:42:50.399017
04410,0000,1150,106,2024-12-29 19:42:50.415011
04670,0001,1150,106,2024-12-29 19:42:50.431011
53390,0001,1150,106,2024-12-29 19:42:50.447007
02853,0000,1150,106,2024-12-29 19:42:50.463007
15259,0002,1150,106,2024-12-29 19:42:50.479000
19534,0001,1150,106,2024-12-29 19:42:50.510946
05082,0001,1150,106,2024-12-29 19:42:50.526996
03184,0001,1150,106,2024-12-29 19:42:50.542987
17577,0000,1150,106,2024-12-29 19:42:50.558993
22673,0000,1150,106,2024-12-29 19:42:50.574982
01986,0000,1150,106,2024-12-29 19:42:50.590986
05247,0000,1150,106,2024-12-29 19:42:50.606987
58376,0001,1150,106,2024-12-29 19:42:50.622990
05446,0000,1150,106,2024-12-29 19:42:50.638977
02265,0001,1150,106,2024-12-29 19:42:50.670590
19192,0001,1150,106,2024-12-29 19:42:50.686963
09626,0000,1150,106,2024-12-29 19:42:50.702964
00594,0001,1150,106,2024-12-29 19:42:50.718968
03432,0002,1150,106,2024-12-29 19:42:50.734965
03519,0000,1150,106,2024-12-29 19:42:50.750953
04715,0002,1150,106,2024-12-29 19:42:50.766956
26330,0000,1150,106,2024-12-29 19:42:50.782952
28846,0000,1150,106,2024-12-29 19:42:50.798952
53144,0000,1150,106,2024-12-29 19:42:50.814949
01399,0001,1150,106,2024-12-29 19:42:50.846944
01405,0000,1150,106,2024-12-29 19:42:50.862933
04502,0001,1150,106,2024-12-29 19:42:50.878942
05351,0000,1150,106,2024-12-29 19:42:50.894937
10056,0000,1150,106,2024-12-29 19:42:50.910935
02222,0001,1150,106,2024-12-29 19:42:50.926931
02912,0000,1150,106,2024-12-29 19:42:50.942930
01937,0001,1150,106,2024-12-29 19:42:50.958927
17730,0000,1150,106,2024-12-29 19:42:50.974928
17746,0000,1150,106,2024-12-29 19:42:51.006636
18234,0000,1150,106,2024-12-29 19:42:51.022921
36346,0000,1150,106,2024-12-29 19:42:51.038919
34502,0000,1150,106,2024-12-29 19:42:51.054915
03152,0001,1150,106,2024-12-29 19:42:51.070910
00323,0001,1150,106,2024-12-29 19:42:51.086908
03875,0001,1150,106,2024-12-29 19:42:51.102910
48783,0000,1150,106,2024-12-29 19:42:51.118909
03856,0001,1150,106,2024-12-29 19:42:51.134911
05528,0001,1150,106,2024-12-29 19:42:51.166268
16878,0001,1150,106,2024-12-29 19:42:51.182894
22462,0000,1150,106,2024-12-29 19:42:51.198887
00448,0001,1150,106,2024-12-29 19:42:51.214887
02696,0000,1150,106,2024-12-29 19:42:51.230897
00979,0000,1150,106,2024-12-29 19:42:51.246906
14832,0002,1150,106,2024-12-29 19:42:51.262879
48250,0001,1150,106,2024-12-29 19:42:51.278885
25484,0000,1150,106,2024-12-29 19:42:51.294876
03452,0002,1150,106,2024-12-29 19:42:51.310994
50836,0000,1150,106,2024-12-29 19:42:51.342668
04015,0001,1150,106,2024-12-29 19:42:51.358872
53485,0001,1150,106,2024-12-29 19:42:51.374866
29580,0001,1150,106,2024-12-29 19:42:51.390868
29641,0000,1151,106,2024-12-29 19:42:51.406876
31782,0000,1150,106,2024-12-29 19:42:51.422880
33688,0001,1150,106,2024-12-29 19:42:51.438883
01476,0000,1150,106,2024-12-29 19:42:51.454882
09968,0000,1151,106,2024-12-29 19:42:51.470888
48089,0000,1151,106,2024-12-29 19:42:51.502328
05097,0001,1150,106,2024-12-29 19:42:51.518895
15517,0001,1151,106,2024-12-29 19:42:51.534899
31387,0001,1150,106,2024-12-29 19:42:51.550899
05023,0000,1150,106,2024-12-29 19:42:51.566903
53108,0001,1150,106,2024-12-29 19:42:51.582906
00516,0001,1150,106,2024-12-29 19:42:51.598837
09638,0000,1150,106,2024-12-29 19:42:51.614839
01893,0001,1150,106,2024-12-29 19:42:51.630834
12699,0000,1150,106,2024-12-29 19:42:51.646827
15252,0000,1150,106,2024-12-29 19:42:51.678706
01917,0001,1150,106,2024-12-29 19:42:51.694820
02983,0000,1151,106,2024-12-29 19:42:51.710822
05208,0000,1150,106,2024-12-29 19:42:51.726821
01558,0001,1150,106,2024-12-29 19:42:51.742809
18472,0000,1150,106,2024-12-29 19:42:51.758816
05060,0000,1150,106,2024-12-29 19:42:51.774817
19079,0001,1150,106,2024-12-29 19:42:51.790802
18617,0000,1150,106,2024-12-29 19:42:51.806806
03396,0001,1150,106,2024-12-29 19:42:51.838342
01364,0000,1151,106,2024-12-29 19:42:51.854795
48282,0000,1150,106,2024-12-29 19:42:51.870795
04345,0000,1150,106,2024-12-29 19:42:51.886798
33890,0000,1150,106,2024-12-29 19:42:51.902804
25798,0001,1150,106,2024-12-29 19:42:51.918789
00318,0001,1150,106,2024-12-29 19:42:51.934794
01431,0001,1150,106,2024-12-29 19:42:51.950778
05329,0001,1151,106,2024-12-29 19:42:51.966783
01155,0001,1150,106,2024-12-29 19:42:51.982776
37449,0001,1151,106,2024-12-29 19:42:52.014732
05409,0000,1151,106,2024-12-29 19:42:52.030773
02955,0000,1151,106,2024-12-29 19:42:52.046768
16183,0000,1151,106,2024-12-29 19:42:52.062766
21558,0000,1151,106,2024-12-29 19:42:52.078764
09023,0000,1151,106,2024-12-29 19:42:52.094768
02090,0001,1151,106,2024-12-29 19:42:52.110757
04267,0001,1150,106,2024-12-29 19:42:52.126764
04442,0001,1151,106,2024-12-29 19:42:52.142772
28829,0000,1151,106,2024-12-29 19:42:52.174412
06349,0000,1151,106,2024-12-29 19:42:52.190761
14822,0001,1150,106,2024-12-29 19:42:52.206752
02888,0000,1151,106,2024-12-29 19:42:52.222739
49641,0001,1150,106,2024-12-29 19:42:52.238758
04744,0002,1151,106,2024-12-29 19:42:52.254741
00433,0000,1151,106,2024-12-29 19:42:52.270739
02729,0002,1151,106,2024-12-29 19:42:52.286733
25327,0000,1151,106,2024-12-29 19:42:52.302743
02032,0000,1151,106,2024-12-29 19:42:52.318728
04624,0002,1151,106,2024-12-29 19:42:52.350722
27645,0001,1151,106,2024-12-29 19:42:52.366718
15581,0000,1151,106,2024-12-29 19:42:52.382717
34817,0000,1151,106,2024-12-29 19:42:52.398708
02055,0000,1151,106,2024-12-29 19:42:52.414716
17006,0001,1151,106,2024-12-29 19:42:52.430709
00948,0001,1151,106,2024-12-29 19:42:52.446710
27183,0000,1151,106,2024-12-29 19:42:52.462702
01381,0000,1150,106,2024-12-29 19:42:52.478702
09768,0000,1151,106,2024-12-29 19:42:52.510431
31537,0000,1151,106,2024-12-29 19:42:52.526700
03047,0001,1151,106,2024-12-29 19:42:52.542694
03006,0001,1151,106,2024-12-29 19:42:52.558698
26038,0000,1150,106,2024-12-29 19:42:52.574701
05097,0000,1151,106,2024-12-29 19:42:52.590691
20237,0001,1151,106,2024-12-29 19:42:52.606683
20843,0001,1151,106,2024-12-29 19:42:52.622682
03039,0001,1151,106,2024-12-29 19:42:52.638674
08357,0000,1150,106,2024-12-29 19:42:52.670074
02178,0000,1151,106,2024-12-29 19:42:52.686676
05228,0001,1151,106,2024-12-29 19:42:52.702672
04881,0002,1151,106,2024-12-29 19:42:52.718665
01971,0001,1151,106,2024-12-29 19:42:52.734657
18377,0001,1151,106,2024-12-29 19:42:52.750661
21899,0000,1151,106,2024-12-29 19:42:52.766657
43356,0000,1151,106,2024-12-29 19:42:52.782663
17690,0001,1150,106,2024-12-29 19:42:52.798655
18865,0000,1151,106,2024-12-29 19:42:52.814665
02038,0000,1151,106,2024-12-29 19:42:52.846477
04644,0000,1151,106,2024-12-29 19:42:52.862648
11562,0000,1151,106,2024-12-29 19:42:52.878646
15495,0001,1151,106,2024-12-29 19:42:52.894640
03330,0000,1151,106,2024-12-29 19:42:52.910645
03147,0000,1151,106,2024-12-29 19:42:52.926637
02007,0001,1151,106,2024-12-29 19:42:52.942639
05439,0001,1151,106,2024-12-29 19:42:52.958642
17720,0000,1151,106,2024-12-29 19:42:52.974628
03098,0000,1151,106,2024-12-29 19:42:53.006115
07565,0000,1151,106,2024-12-29 19:42:53.022624
10033,0001,1151,106,2024-12-29 19:42:53.038617
49871,0000,1151,106,2024-12-29 19:42:53.054616
09164,0002,1151,106,2024-12-29 19:42:53.070619
14253,0002,1151,106,2024-12-29 19:42:53.086619
16862,0000,1151,106,2024-12-29 19:42:53.102609
05331,0001,1151,106,2024-12-29 19:42:53.118600
04492,0000,1151,106,2024-12-29 19:42:53.134605
02002,0001,1151,106,2024-12-29 19:42:53.150598
21112,0000,1151,106,2024-12-29 19:42:53.182503
01260,0000,1151,106,2024-12-29 19:42:53.198593
29074,0001,1151,106,2024-12-29 19:42:53.214590
28371,0001,1151,106,2024-12-29 19:42:53.230592
02170,0002,1151,106,2024-12-29 19:42:53.246603
29994,0000,1151,106,2024-12-29 19:42:53.262583
04689,0001,1151,106,2024-12-29 19:42:53.278583
03349,0001,1151,106,2024-12-29 19:42:53.294580
02230,0001,1151,106,2024-12-29 19:42:53.310579
03443,0001,1151,106,2024-12-29 19:42:53.342139
43950,0000,1151,106,2024-12-29 19:42:53.358565
28858,0001,1151,106,2024-12-29 19:42:53.374562
00141,0001,1151,106,2024-12-29 19:42:53.390560
10068,0002,1151,106,2024-12-29 19:42:53.406563
63239,0000,1151,106,2024-12-29 19:42:53.422549
22271,0001,1151,106,2024-12-29 19:42:53.438562
28389,0001,1151,106,2024-12-29 19:42:53.454554
48153,0002,1151,106,2024-12-29 19:42:53.470557
11617,0001,1151,106,2024-12-29 19:42:53.486546
03667,0000,1151,106,2024-12-29 19:42:53.518544
37638,0000,1151,106,2024-12-29 19:42:53.534544
03427,0000,1151,106,2024-12-29 19:42:53.550540
36198,0000,1151,106,2024-12-29 19:42:53.566543
28468,0002,1151,106,2024-12-29 19:42:53.582533
02463,0000,1151,106,2024-12-29 19:42:53.598537
05272,0000,1151,106,2024-12-29 19:42:53.614531
02436,0001,1151,106,2024-12-29 19:42:53.630532
36267,0001,1151,106,2024-12-29 19:42:53.646524
11411,0001,1151,106,2024-12-29 19:42:53.678199
01873,0000,1151,106,2024-12-29 19:42:53.694511
11886,0000,1151,106,2024-12-29 19:42:53.710520
22501,0000,1151,106,2024-12-29 19:42:53.726523
01636,0001,1151,106,2024-12-29 19:42:53.742523
01323,0001,1151,106,2024-12-29 19:42:53.758502
11366,0000,1151,106,2024-12-29 19:42:53.774508
25529,0000,1151,106,2024-12-29 19:42:53.790502
15487,0000,1151,106,2024-12-29 19:42:53.806507
39942,0000,1151,106,2024-12-29 19:42:53.837854
01757,0000,1151,106,2024-12-29 19:42:53.854502
40018,0000,1151,106,2024-12-29 19:42:53.870501
50454,0000,1151,106,2024-12-29 19:42:53.886487
00204,0002,1151,106,2024-12-29 19:42:53.902492
04143,0001,1151,106,2024-12-29 19:42:53.918485
05461,0000,1151,106,2024-12-29 19:42:53.934485
18909,0000,1151,106,2024-12-29 19:42:53.950484
02207,0000,1151,106,2024-12-29 19:42:53.966473
29042,0000,1151,106,2024-12-29 19:42:53.982481
02234,0000,1151,106,2024-12-29 19:42:54.014234
18285,0000,1151,106,2024-12-29 19:42:54.030467
45588,0001,1151,106,2024-12-29 19:42:54.046474
05014,0002,1151,106,2024-12-29 19:42:54.062455
41582,0000,1151,106,2024-12-29 19:42:54.078460
30017,0000,1151,106,2024-12-29 19:42:54.094463
45614,0001,1151,106,2024-12-29 19:42:54.110458
02038,0002,1151,106,2024-12-29 19:42:54.126452
21347,0001,1151,106,2024-12-29 19:42:54.142465
01505,0001,1152,106,2024-12-29 19:42:54.173895
02192,0000,1151,106,2024-12-29 19:42:54.190434
08353,0001,1151,106,2024-12-29 19:42:54.206440
05446,0000,1151,106,2024-12-29 19:42:54.222436
20440,0001,1151,106,2024-12-29 19:42:54.238474
00476,0001,1151,106,2024-12-29 19:42:54.254448
03739,0000,1151,106,2024-12-29 19:42:54.270440
18057,0000,1151,106,2024-12-29 19:42:54.286423
02313,0000,1151,106,2024-12-29 19:42:54.302427
04360,0001,1151,106,2024-12-29 19:42:54.318425
03564,0000,1151,106,2024-12-29 19:42:54.350282
04459,0000,1151,106,2024-12-29 19:42:54.366413
01397,0000,1152,106,2024-12-29 19:42:54.382416
27732,0000,1151,106,2024-12-29 19:42:54.398401
36185,0001,1151,106,2024-12-29 19:42:54.414409
25386,0000,1152,106,2024-12-29 19:42:54.430401
00767,0000,1152,106,2024-12-29 19:42:54.446402
23178,0000,1151,106,2024-12-29 19:42:54.462397
10749,0001,1152,106,2024-12-29 19:42:54.478399
05339,0000,1151,106,2024-12-29 19:42:54.509924
34603,0001,1151,106,2024-12-29 19:42:54.526400
10291,0000,1151,106,2024-12-29 19:42:54.542401
50794,0000,1152,106,2024-12-29 19:42:54.558399
01129,0001,1152,106,2024-12-29 19:42:54.574408
14060,0000,1151,106,2024-12-29 19:42:54.590407
04018,0001,1151,106,2024-12-29 19:42:54.606410
00536,0000,1152,106,2024-12-29 19:42:54.622421
04382,0001,1151,106,2024-12-29 19:42:54.638416
03921,0000,1151,106,2024-12-29 19:42:54.654416
01568,0000,1151,106,2024-12-29 19:42:54.686362
02987,0000,1151,106,2024-12-29 19:42:54.702425
19979,0001,1151,106,2024-12-29 19:42:54.718351
23988,0001,1151,106,2024-12-29 19:42:54.734360
05144,0001,1152,106,2024-12-29 19:42:54.750356
65907,0001,1151,106,2024-12-29 19:42:54.766351
02312,0000,1152,106,2024-12-29 19:42:54.782344
01726,0001,1152,106,2024-12-29 19:42:54.798350
53315,0000,1152,106,2024-12-29 19:42:54.814340
48882,0001,1152,106,2024-12-29 19:42:54.845951
31353,0000,1151,106,2024-12-29 19:42:54.862340
08964,0000,1151,106,2024-12-29 19:42:54.878333
04626,0001,1152,106,2024-12-29 19:42:54.894337
04117,0000,1152,106,2024-12-29 19:42:54.910338
05432,0000,1152,106,2024-12-29 19:42:54.926323
03069,0001,1151,106,2024-12-29 19:42:54.942318
01449,0000,1152,106,2024-12-29 19:42:54.958317
02240,0001,1151,106,2024-12-29 19:42:54.974323
30939,0000,1152,106,2024-12-29 19:42:54.990318
23703,0001,1152,106,2024-12-29 19:42:55.022311
03701,0001,1152,106,2024-12-29 19:42:55.038316
03813,0000,1152,106,2024-12-29 19:42:55.054312
41516,0001,1152,106,2024-12-29 19:42:55.070313
33241,0000,1152,106,2024-12-29 19:42:55.086302
05195,0000,1152,106,2024-12-29 19:42:55.102304
02871,0001,1151,106,2024-12-29 19:42:55.118305
29304,0003,1151,106,2024-12-29 19:42:55.134300
28059,0000,1152,106,2024-12-29 19:42:55.150292
10936,0000,1151,106,2024-12-29 19:42:55.182009
48017,0000,1152,106,2024-12-29 19:42:55.198284
03726,0001,1151,106,2024-12-29 19:42:55.214285
24937,0000,1152,106,2024-12-29 19:42:55.230287
13774,0001,1152,106,2024-12-29 19:42:55.246298
02338,0001,1152,106,2024-12-29 19:42:55.262273
19785,0001,1152,106,2024-12-29 19:42:55.278274
03561,0001,1152,106,2024-12-29 19:42:55.294280
15383,0000,1152,106,2024-12-29 19:42:55.310279
46380,0000,1151,106,2024-12-29 19:42:55.341681
01182,0001,1152,106,2024-12-29 19:42:55.358260
17031,0001,1151,106,2024-12-29 19:42:55.374271
48866,0000,1152,106,2024-12-29 19:42:55.390264
06286,0000,1151,106,2024-12-29 19:42:55.406258
01947,0001,1152,106,2024-12-29 19:42:55.422262
04579,0000,1152,106,2024-12-29 19:42:55.438261
20068,0001,1151,106,2024-12-29 19:42:55.454246
11776,0000,1151,106,2024-12-29 19:42:55.470251
29593,0002,1152,106,2024-12-29 19:42:55.486245
00607,0001,1152,106,2024-12-29 19:42:55.518048
09156,0001,1152,106,2024-12-29 19:42:55.534240
02221,0001,1152,106,2024-12-29 19:42:55.550233
22047,0000,1152,106,2024-12-29 19:42:55.566223
15288,0000,1152,106,2024-12-29 19:42:55.582231
00130,0001,1152,106,2024-12-29 19:42:55.598223
23037,0001,1152,106,2024-12-29 19:42:55.614223
01588,0000,1152,106,2024-12-29 19:42:55.630219
02992,0000,1152,106,2024-12-29 19:42:55.646223
13510,0001,1152,106,2024-12-29 19:42:55.677702
08005,0000,1152,106,2024-12-29 19:42:55.694223
02761,0000,1152,106,2024-12-29 19:42:55.710224
08494,0001,1152,106,2024-12-29 19:42:55.726209
01931,0000,1152,106,2024-12-29 19:42:55.742210
25532,0000,1152,106,2024-12-29 19:42:55.758206
01475,0001,1152,106,2024-12-29 19:42:55.774205
01887,0000,1152,106,2024-12-29 19:42:55.790199
01081,0002,1152,106,2024-12-29 19:42:55.806200
04592,0000,1152,106,2024-12-29 19:42:55.822197
05877,0000,1152,106,2024-12-29 19:42:55.854084
26417,0001,1152,106,2024-12-29 19:42:55.870186
00195,0000,1152,106,2024-12-29 19:42:55.886190
24802,0001,1152,106,2024-12-29 19:42:55.902182
22452,0000,1152,106,2024-12-29 19:42:55.918185
27981,0000,1152,106,2024-12-29 19:42:55.934177
03048,0000,1152,106,2024-12-29 19:42:55.950176
03490,0001,1152,106,2024-12-29 19:42:55.966182
15224,0002,1152,106,2024-12-29 19:42:55.982174
10993,0001,1152,106,2024-12-29 19:42:56.013754
01445,0001,1152,106,2024-12-29 19:42:56.030167
00784,0001,1152,106,2024-12-29 19:42:56.046168
38498,0000,1152,106,2024-12-29 19:42:56.062159
11329,0001,1152,106,2024-12-29 19:42:56.078161
02946,0001,1152,106,2024-12-29 19:42:56.094160
04303,0000,1152,106,2024-12-29 19:42:56.110149
26265,0000,1152,106,2024-12-29 19:42:56.126151
04444,0002,1152,106,2024-12-29 19:42:56.142147
31326,0000,1152,106,2024-12-29 19:42:56.158145
04449,0001,1152,106,2024-12-29 19:42:56.190142
01424,0000,1152,106,2024-12-29 19:42:56.206140
17908,0001,1152,106,2024-12-29 19:42:56.222143
05438,0001,1152,106,2024-12-29 19:42:56.238151
02209,0000,1152,106,2024-12-29 19:42:56.254138
35561,0001,1152,106,2024-12-29 19:42:56.270129
01255,0000,1152,106,2024-12-29 19:42:56.286130
05365,0000,1152,106,2024-12-29 19:42:56.302123
01926,0002,1152,106,2024-12-29 19:42:56.318116
03036,0000,1152,106,2024-12-29 19:42:56.349770
05434,0001,1152,106,2024-12-29 19:42:56.366115
18840,0000,1152,106,2024-12-29 19:42:56.382108
11644,0001,1152,106,2024-12-29 19:42:56.398108
39433,0000,1152,106,2024-12-29 19:42:56.414106
01044,0000,1152,106,2024-12-29 19:42:56.430108
03778,0001,1152,106,2024-12-29 19:42:56.446101
02109,0000,1152,106,2024-12-29 19:42:56.462096
29459,0001,1152,106,2024-12-29 19:42:56.478107
44697,0001,1152,106,2024-12-29 19:42:56.509419
04614,0001,1152,106,2024-12-29 19:42:56.526093
03651,0001,1152,106,2024-12-29 19:42:56.542084
43227,0001,1152,106,2024-12-29 19:42:56.558079
19434,0000,1152,106,2024-12-29 19:42:56.574080
03845,0000,1152,106,2024-12-29 19:42:56.590080
27898,0000,1152,106,2024-12-29 19:42:56.606083
23740,0000,1152,106,2024-12-29 19:42:56.622085
31214,0000,1152,106,2024-12-29 19:42:56.638078
02320,0000,1152,106,2024-12-29 19:42:56.654068
00222,0000,1152,106,2024-12-29 19:42:56.685819
14584,0000,1152,106,2024-12-29 19:42:56.702072
11416,0000,1152,106,2024-12-29 19:42:56.718065
28687,0001,1152,106,2024-12-29 19:42:56.734063
04243,0000,1152,106,2024-12-29 19:42:56.750062
16157,0000,1152,106,2024-12-29 19:42:56.766065
20509,0000,1152,106,2024-12-29 19:42:56.782047
30056,0000,1152,106,2024-12-29 19:42:56.798052
01201,0000,1152,106,2024-12-29 19:42:56.814046
03842,0000,1152,106,2024-12-29 19:42:56.845472
15382,0001,1152,106,2024-12-29 19:42:56.862048
02518,0001,1152,106,2024-12-29 19:42:56.878046
11599,0001,1152,106,2024-12-29 19:42:56.894034
58546,0001,1152,106,2024-12-29 19:42:56.910039
05358,0000,1152,106,2024-12-29 19:42:56.926028
05305,0001,1153,106,2024-12-29 19:42:56.942027
06384,0000,1152,106,2024-12-29 19:42:56.958027
03756,0002,1152,106,2024-12-29 19:42:56.974028
01219,0001,1152,106,2024-12-29 19:42:56.990025
02310,0000,1152,106,2024-12-29 19:42:57.021857
05712,0000,1152,106,2024-12-29 19:42:57.038023
19510,0000,1152,106,2024-12-29 19:42:57.054009
30314,0001,1152,106,2024-12-29 19:42:57.070013
04956,0001,1152,106,2024-12-29 19:42:57.086010
32369,0001,1152,106,2024-12-29 19:42:57.102000
01789,0001,1152,106,2024-12-29 19:42:57.118005
04688,0000,1152,106,2024-12-29 19:42:57.134009
02328,0002,1152,106,2024-12-29 19:42:57.149998
22499,0002,1152,106,2024-12-29 19:42:57.181523
01728,0002,1152,106,2024-12-29 19:42:57.197992
04434,0000,1152,106,2024-12-29 19:42:57.213984
32402,0001,1152,106,2024-12-29 19:42:57.229983
03720,0000,1152,106,2024-12-29 19:42:57.246004
02765,0001,1152,106,2024-12-29 19:42:57.261991
02166,0000,1153,106,2024-12-29 19:42:57.277990
16301,0000,1152,106,2024-12-29 19:42:57.293978
17428,0000,1152,106,2024-12-29 19:42:57.310026
17834,0000,1152,106,2024-12-29 19:42:57.325980
05433,0000,1152,106,2024-12-29 19:42:57.357915
01492,0001,1152,106,2024-12-29 19:42:57.373974
31622,0001,1152,106,2024-12-29 19:42:57.389967
47176,0000,1152,106,2024-12-29 19:42:57.405975
05230,0000,1152,106,2024-12-29 19:42:57.421954
02210,0001,1152,106,2024-12-29 19:42:57.437970
33965,0002,1152,106,2024-12-29 19:42:57.453954
06066,0001,1152,106,2024-12-29 19:42:57.469952
03384,0001,1152,106,2024-12-29 19:42:57.485963
01843,0001,1152,106,2024-12-29 19:42:57.517563
26747,0000,1152,106,2024-12-29 19:42:57.533940
08482,0000,1152,106,2024-12-29 19:42:57.549938
23875,0001,1152,106,2024-12-29 19:42:57.565934
00717,0000,1152,106,2024-12-29 19:42:57.581930
03022,0000,1152,106,2024-12-29 19:42:57.597927
00511,0001,1152,106,2024-12-29 19:42:57.613930
04267,0000,1152,106,2024-12-29 19:42:57.629923
01429,0002,1152,106,2024-12-29 19:42:57.645923
09886,0000,1153,106,2024-12-29 19:42:57.661932
26014,0001,1152,106,2024-12-29 19:42:57.693926
03896,0000,1152,106,2024-12-29 19:42:57.709936
01164,0001,1153,106,2024-12-29 19:42:57.725941
13836,0001,1152,106,2024-12-29 19:42:57.741946
04311,0000,1152,106,2024-12-29 19:42:57.757948
24565,0001,1152,106,2024-12-29 19:42:57.773947
30982,0001,1152,106,2024-12-29 19:42:57.789954
43262,0001,1153,106,2024-12-29 19:42:57.805952
22316,0001,1152,106,2024-12-29 19:42:57.821957
13064,0000,1152,106,2024-12-29 19:42:57.853651
03204,0000,1152,106,2024-12-29 19:42:57.869905
02225,0002,1152,106,2024-12-29 19:42:57.885905
04155,0001,1152,106,2024-12-29 19:42:57.901895
56720,0001,1153,106,2024-12-29 19:42:57.917884
13202,0000,1152,106,2024-12-29 19:42:57.933887
30221,0000,1152,106,2024-12-29 19:42:57.949885
00725,0001,1152,106,2024-12-29 19:42:57.965886
41669,0000,1152,106,2024-12-29 19:42:57.981874
63472,0000,1152,106,2024-12-29 19:42:58.013243
20596,0001,1152,106,2024-12-29 19:42:58.029882
27144,0000,1152,106,2024-12-29 19:42:58.045872
21105,0001,1152,106,2024-12-29 19:42:58.061872
01867,0001,1152,106,2024-12-29 19:42:58.077866
01727,0001,1152,106,2024-12-29 19:42:58.093861
52604,0001,1152,106,2024-12-29 19:42:58.109857
03908,0000,1152,106,2024-12-29 19:42:58.125852
02365,0001,1152,106,2024-12-29 19:42:58.141858
35131,0000,1152,106,2024-12-29 19:42:58.157860
39966,0000,1153,106,2024-12-29 19:42:58.189643
31434,0001,1152,106,2024-12-29 19:42:58.205865
11111,0000,1153,106,2024-12-29 19:42:58.221845
04546,0000,1152,106,2024-12-29 19:42:58.237878
03107,0000,1153,106,2024-12-29 19:42:58.253835
02987,0001,1153,106,2024-12-29 19:42:58.270009
02801,0001,1153,106,2024-12-29 19:42:58.285841
06258,0000,1153,106,2024-12-29 19:42:58.301839
02865,0000,1153,106,2024-12-29 19:42:58.317825
04234,0001,1153,106,2024-12-29 19:42:58.349287
01131,0000,1153,106,2024-12-29 19:42:58.365824
09977,0000,1153,106,2024-12-29 19:42:58.381814
13908,0001,1152,106,2024-12-29 19:42:58.397812
24513,0001,1153,106,2024-12-29 19:42:58.413811
04773,0001,1152,106,2024-12-29 19:42:58.429811
18090,0001,1153,106,2024-12-29 19:42:58.445817
27658,0000,1153,106,2024-12-29 19:42:58.461807
25079,0001,1152,106,2024-12-29 19:42:58.477803
15723,0000,1153,106,2024-12-29 19:42:58.493801
12928,0001,1152,106,2024-12-29 19:42:58.525671
03786,0000,1153,106,2024-12-29 19:42:58.541794
03905,0000,1153,106,2024-12-29 19:42:58.557793
22829,0000,1153,106,2024-12-29 19:42:58.573794
01120,0000,1153,106,2024-12-29 19:42:58.589783
09238,0001,1152,106,2024-12-29 19:42:58.605783
03896,0001,1153,106,2024-12-29 19:42:58.621778
01436,0001,1153,106,2024-12-29 19:42:58.637776
06786,0001,1153,106,2024-12-29 19:42:58.653776
58160,0000,1153,106,2024-12-29 19:42:58.685339
03718,0000,1153,106,2024-12-29 19:42:58.701767
29896,0000,1153,106,2024-12-29 19:42:58.717769
08523,0000,1153,106,2024-12-29 19:42:58.733766
03648,0000,1152,106,2024-12-29 19:42:58.749759
47513,0000,1153,106,2024-12-29 19:42:58.765762
15250,0000,1153,106,2024-12-29 19:42:58.781759
03519,0001,1152,106,2024-12-29 19:42:58.797754
20405,0001,1153,106,2024-12-29 19:42:58.813756
16126,0001,1153,106,2024-12-29 19:42:58.829757
40035,0001,1153,106,2024-12-29 19:42:58.861708
02882,0001,1153,106,2024-12-29 19:42:58.877746
01258,0001,1152,106,2024-12-29 19:42:58.893738
03330,0000,1152,106,2024-12-29 19:42:58.909736
03929,0001,1153,106,2024-12-29 19:42:58.925742
02139,0000,1153,106,2024-12-29 19:42:58.941740
05870,0001,1153,106,2024-12-29 19:42:58.957736
25794,0001,1153,106,2024-12-29 19:42:58.973725
50711,0001,1152,106,2024-12-29 19:42:58.989728
26799,0000,1153,106,2024-12-29 19:42:59.021376
26177,0001,1153,106,2024-12-29 19:42:59.037715
01190,0000,1153,106,2024-12-29 19:42:59.053722
11218,0002,1153,106,2024-12-29 19:42:59.069713
00629,0002,1153,106,2024-12-29 19:42:59.085713
29942,0002,1153,106,2024-12-29 19:42:59.101709
16067,0001,1153,106,2024-12-29 19:42:59.117715
00584,0000,1153,106,2024-12-29 19:42:59.133710
28907,0001,1153,106,2024-12-29 19:42:59.149710
16936,0000,1153,106,2024-12-29 19:42:59.165697
04401,0001,1153,106,2024-12-29 19:42:59.197695
14663,0000,1153,106,2024-12-29 19:42:59.213702
04431,0001,1153,106,2024-12-29 19:42:59.229700
00924,0002,1153,106,2024-12-29 19:42:59.245709
02260,0001,1153,106,2024-12-29 19:42:59.261693
02018,0000,1153,106,2024-12-29 19:42:59.277681
00289,0000,1153,106,2024-12-29 19:42:59.293685
09752,0001,1153,106,2024-12-29 19:42:59.309676
10786,0000,1153,106,2024-12-29 19:42:59.325682
01556,0001,1153,106,2024-12-29 19:42:59.357415
03520,0001,1153,106,2024-12-29 19:42:59.373671
04110,0001,1153,106,2024-12-29 19:42:59.389659
01310,0000,1153,106,2024-12-29 19:42:59.405667
00458,0001,1153,106,2024-12-29 19:42:59.421668
02837,0001,1153,106,2024-12-29 19:42:59.437662
28471,0000,1153,106,2024-12-29 19:42:59.453653
25026,0001,1153,106,2024-12-29 19:42:59.469661
00173,0000,1153,106,2024-12-29 19:42:59.485649
03874,0001,1153,106,2024-12-29 19:42:59.517052
27251,0001,1153,106,2024-12-29 19:42:59.533646
46628,0000,1153,106,2024-12-29 19:42:59.549643
00649,0000,1153,106,2024-12-29 19:42:59.565647
01988,0000,1153,106,2024-12-29 19:42:59.581637
32449,0001,1153,106,2024-12-29 19:42:59.597639
02314,0001,1153,106,2024-12-29 19:42:59.613648
03622,0002,1153,106,2024-12-29 19:42:59.629641
02955,0000,1153,106,2024-12-29 19:42:59.645625
04560,0001,1153,106,2024-12-29 19:42:59.661628
01122,0000,1153,106,2024-12-29 19:42:59.693442
34813,0001,1153,106,2024-12-29 19:42:59.709619
00597,0000,1153,106,2024-12-29 19:42:59.725620
00970,0000,1153,106,2024-12-29 19:42:59.741619
01375,0000,1153,106,2024-12-29 19:42:59.757611
03810,0002,1153,106,2024-12-29 19:42:59.773612
04180,0001,1153,106,2024-12-29 19:42:59.789605
02213,0001,1153,106,2024-12-29 19:42:59.805609
05107,0000,1153,106,2024-12-29 19:42:59.821600
61683,0000,1153,106,2024-12-29 19:42:59.853092
28517,0000,1153,106,2024-12-29 19:42:59.869605
28780,0000,1153,106,2024-12-29 19:42:59.885591
19229,0000,1153,106,2024-12-29 19:42:59.901595
03962,0001,1153,106,2024-12-29 19:42:59.917588
24859,0001,1153,106,2024-12-29 19:42:59.933593
02041,0000,1153,106,2024-12-29 19:42:59.949586
39398,0000,1153,106,2024-12-29 19:42:59.965580
07056,0001,1153,106,2024-12-29 19:42:59.981581
45645,0001,1153,106,2024-12-29 19:42:59.997584
10166,0001,1153,106,2024-12-29 19:43:00.029514
01271,0000,1153,106,2024-12-29 19:43:00.045583
58428,0000,1153,106,2024-12-29 19:43:00.061569
09049,0001,1153,106,2024-12-29 19:43:00.077575
13735,0001,1153,106,2024-12-29 19:43:00.093561
04333,0000,1153,106,2024-12-29 19:43:00.109564
01368,0001,1153,106,2024-12-29 19:43:00.125565
06052,0001,1153,106,2024-12-29 19:43:00.141549
01466,0000,1153,106,2024-12-29 19:43:00.157548
02040,0000,1153,106,2024-12-29 19:43:00.189142
03855,0000,1153,106,2024-12-29 19:43:00.205542
02247,0000,1153,106,2024-12-29 19:43:00.221544
00811,0000,1153,106,2024-12-29 19:43:00.238070
13849,0001,1153,106,2024-12-29 19:43:00.253637
49666,0001,1153,106,2024-12-29 19:43:00.269589
04464,0000,1153,106,2024-12-29 19:43:00.285553
03209,0002,1153,106,2024-12-29 19:43:00.301540
62594,0001,1153,106,2024-12-29 19:43:00.317534
05142,0002,1153,106,2024-12-29 19:43:00.333527
38421,0001,1153,106,2024-12-29 19:43:00.365524
00760,0000,1153,106,2024-12-29 19:43:00.381522
03710,0001,1153,106,2024-12-29 19:43:00.397524
04476,0001,1153,106,2024-12-29 19:43:00.413528
22183,0001,1153,106,2024-12-29 19:43:00.429513
17563,0000,1153,106,2024-12-29 19:43:00.445517
01994,0000,1153,106,2024-12-29 19:43:00.461507
01343,0000,1153,106,2024-12-29 19:43:00.477501
03063,0000,1153,106,2024-12-29 19:43:00.493503
16561,0000,1153,106,2024-12-29 19:43:00.525182
63521,0000,1153,106,2024-12-29 19:43:00.541492
32436,0000,1153,106,2024-12-29 19:43:00.557492
43818,0001,1153,106,2024-12-29 19:43:00.573489
19637,0001,1153,106,2024-12-29 19:43:00.589490
41722,0000,1153,106,2024-12-29 19:43:00.605482
05162,0001,1153,106,2024-12-29 19:43:00.621485
00593,0002,1154,106,2024-12-29 19:43:00.637484
04029,0000,1153,106,2024-12-29 19:43:00.653479
06165,0000,1153,106,2024-12-29 19:43:00.684829
26370,0001,1153,106,2024-12-29 19:43:00.701469
19302,0000,1153,106,2024-12-29 19:43:00.717469
00973,0002,1153,106,2024-12-29 19:43:00.733460
03018,0002,1154,106,2024-12-29 19:43:00.749455
02421,0001,1153,106,2024-12-29 19:43:00.765454
48253,0000,1154,106,2024-12-29 19:43:00.781459
03396,0001,1153,106,2024-12-29 19:43:00.797462
35419,0000,1153,106,2024-12-29 19:43:00.813462
13474,0001,1153,106,2024-12-29 19:43:00.829464
19551,0000,1153,106,2024-12-29 19:43:00.861247
19637,0001,1153,106,2024-12-29 19:43:00.877471
26116,0001,1153,106,2024-12-29 19:43:00.893481
02312,0000,1153,106,2024-12-29 19:43:00.909483
22822,0000,1153,106,2024-12-29 19:43:00.925489
51311,0000,1153,106,2024-12-29 19:43:00.941487
04378,0001,1153,106,2024-12-29 19:43:00.957488
29404,0000,1153,106,2024-12-29 19:43:00.973491
02257,0000,1153,106,2024-12-29 19:43:00.989420
01370,0001,1153,106,2024-12-29 19:43:01.020861
49075,0000,1153,106,2024-12-29 19:43:01.037419
02778,0001,1153,106,2024-12-29 19:43:01.053412
22884,0000,1154,106,2024-12-29 19:43:01.069418
24880,0000,1154,106,2024-12-29 19:43:01.085406
04586,0000,1153,106,2024-12-29 19:43:01.101411
05244,0001,1153,106,2024-12-29 19:43:01.117403
04920,0000,1153,106,2024-12-29 19:43:01.133409
05144,0000,1153,106,2024-12-29 19:43:01.149401
01219,0000,1153,106,2024-12-29 19:43:01.165404
29506,0000,1154,106,2024-12-29 19:43:01.197248
00703,0001,1153,106,2024-12-29 19:43:01.213394
38613,0002,1153,106,2024-12-29 19:43:01.229389
31094,0000,1153,106,2024-12-29 19:43:01.245418
03685,0001,1153,106,2024-12-29 19:43:01.261379
04212,0002,1153,106,2024-12-29 19:43:01.277384
00977,0001,1154,106,2024-12-29 19:43:01.293387
01380,0000,1153,106,2024-12-29 19:43:01.309378
51285,0001,1153,106,2024-12-29 19:43:01.325382
03844,0000,1154,106,2024-12-29 19:43:01.356918
01538,0001,1153,106,2024-12-29 19:43:01.373379
02952,0001,1153,106,2024-12-29 19:43:01.389370
31318,0001,1153,106,2024-12-29 19:43:01.405359
24144,0001,1154,106,2024-12-29 19:43:01.421362
09920,0001,1153,106,2024-12-29 19:43:01.437356
45504,0000,1154,106,2024-12-29 19:43:01.453355
29136,0000,1154,106,2024-12-29 19:43:01.469357
07416,0000,1153,106,2024-12-29 19:43:01.485361
00424,0000,1153,106,2024-12-29 19:43:01.501346
01459,0001,1154,106,2024-12-29 19:43:01.533302
01935,0001,1153,106,2024-12-29 19:43:01.549344
23384,0001,1153,106,2024-12-29 19:43:01.565343
08231,0000,1154,106,2024-12-29 19:43:01.581333
02770,0001,1153,106,2024-12-29 19:43:01.597333
28132,0000,1153,106,2024-12-29 19:43:01.613326
40187,0000,1153,106,2024-12-29 19:43:01.629331
03047,0001,1153,106,2024-12-29 19:43:01.645322
00604,0000,1153,106,2024-12-29 19:43:01.661322
36318,0001,1153,106,2024-12-29 19:43:01.692950
16878,0001,1154,106,2024-12-29 19:43:01.709313
01599,0000,1154,106,2024-12-29 19:43:01.725316
02783,0000,1153,106,2024-12-29 19:43:01.741312
22116,0000,1154,106,2024-12-29 19:43:01.757310
27741,0000,1154,106,2024-12-29 19:43:01.773306
02162,0000,1153,106,2024-12-29 19:43:01.789299
29258,0000,1153,106,2024-12-29 19:43:01.805302
03717,0001,1153,106,2024-12-29 19:43:01.821295
34663,0001,1153,106,2024-12-29 19:43:01.837301
28134,0000,1154,106,2024-12-29 19:43:01.869290
05366,0000,1153,106,2024-12-29 19:43:01.885284
14972,0000,1153,106,2024-12-29 19:43:01.901287
35450,0001,1153,106,2024-12-29 19:43:01.917278
03041,0001,1154,106,2024-12-29 19:43:01.933279
24542,0002,1154,106,2024-12-29 19:43:01.949285
02223,0001,1154,106,2024-12-29 19:43:01.965287
03767,0000,1154,106,2024-12-29 19:43:01.981270
02779,0000,1153,106,2024-12-29 19:43:01.997274
16137,0001,1154,106,2024-12-29 19:43:02.028991
03673,0000,1154,106,2024-12-29 19:43:02.045273
32408,0001,1154,106,2024-12-29 19:43:02.061269
48378,0002,1153,106,2024-12-29 19:43:02.077267
00586,0001,1154,106,2024-12-29 19:43:02.093254
02284,0000,1153,106,2024-12-29 19:43:02.109256
01550,0001,1154,106,2024-12-29 19:43:02.125251
07051,0001,1154,106,2024-12-29 19:43:02.141248
37716,0001,1154,106,2024-12-29 19:43:02.157246
17138,0001,1153,106,2024-12-29 19:43:02.188632
44507,0001,1154,106,2024-12-29 19:43:02.205245
24609,0001,1154,106,2024-12-29 19:43:02.221243
01744,0001,1154,106,2024-12-29 19:43:02.237384
02034,0000,1154,106,2024-12-29 19:43:02.253248
04686,0000,1154,106,2024-12-29 19:43:02.269238
00599,0000,1153,106,2024-12-29 19:43:02.285228
17912,0001,1153,106,2024-12-29 19:43:02.301230
61731,0000,1154,106,2024-12-29 19:43:02.317223
02912,0000,1154,106,2024-12-29 19:43:02.333231
00684,0001,1154,106,2024-12-29 19:43:02.365018
04036,0001,1153,106,2024-12-29 19:43:02.381215
22162,0000,1154,106,2024-12-29 19:43:02.397207
41084,0001,1154,106,2024-12-29 19:43:02.413211
44721,0001,1154,106,2024-12-29 19:43:02.429200
19702,0001,1154,106,2024-12-29 19:43:02.445205
01757,0000,1154,106,2024-12-29 19:43:02.461202
04357,0000,1154,106,2024-12-29 19:43:02.477203
37102,0001,1154,106,2024-12-29 19:43:02.493200
22718,0002,1153,106,2024-12-29 19:43:02.524685
01306,0000,1154,106,2024-12-29 19:43:02.541180
48058,0000,1154,106,2024-12-29 19:43:02.557183
12181,0000,1154,106,2024-12-29 19:43:02.573174
49816,0000,1154,106,2024-12-29 19:43:02.589174
37740,0000,1154,106,2024-12-29 19:43:02.605173
15978,0002,1154,106,2024-12-29 19:43:02.621173
04683,0000,1154,106,2024-12-29 19:43:02.637168
03042,0001,1154,106,2024-12-29 19:43:02.653170
04537,0000,1154,106,2024-12-29 19:43:02.669161
33792,0001,1154,106,2024-12-29 19:43:02.701072
03805,0000,1154,106,2024-12-29 19:43:02.717166
00746,0001,1154,106,2024-12-29 19:43:02.733169
33836,0000,1154,106,2024-12-29 19:43:02.749151
01174,0001,1154,106,2024-12-29 19:43:02.765148
20940,0001,1154,106,2024-12-29 19:43:02.781144
32152,0000,1154,106,2024-12-29 19:43:02.797149
01395,0001,1154,106,2024-12-29 19:43:02.813144
30653,0001,1154,106,2024-12-29 19:43:02.829145
02979,0000,1154,106,2024-12-29 19:43:02.860724
37059,0000,1154,106,2024-12-29 19:43:02.877137
02841,0001,1154,106,2024-12-29 19:43:02.893137
00023,0000,1154,106,2024-12-29 19:43:02.909124
00196,0001,1154,106,2024-12-29 19:43:02.925122
09593,0000,1154,106,2024-12-29 19:43:02.941120
03637,0001,1154,106,2024-12-29 19:43:02.957131
10757,0000,1154,106,2024-12-29 19:43:02.973123
01113,0000,1154,106,2024-12-29 19:43:02.989114
27989,0001,1154,106,2024-12-29 19:43:03.005115
01331,0000,1154,106,2024-12-29 19:43:03.037119
03062,0001,1154,106,2024-12-29 19:43:03.053099
04299,0001,1154,106,2024-12-29 19:43:03.069103
04510,0001,1154,106,2024-12-29 19:43:03.085099
49695,0001,1154,106,2024-12-29 19:43:03.101101
05660,0002,1154,106,2024-12-29 19:43:03.117104
04682,0001,1154,106,2024-12-29 19:43:03.133089
02937,0001,1154,106,2024-12-29 19:43:03.149087
24115,0000,1154,106,2024-12-29 19:43:03.165084
21022,0000,1154,106,2024-12-29 19:43:03.196759
04903,0000,1154,106,2024-12-29 19:43:03.213085
43819,0001,1154,106,2024-12-29 19:43:03.229085
15999,0000,1154,106,2024-12-29 19:43:03.245105
02211,0000,1154,106,2024-12-29 19:43:03.261088
18801,0001,1154,106,2024-12-29 19:43:03.277077
01972,0000,1154,106,2024-12-29 19:43:03.293077
39255,0001,1154,106,2024-12-29 19:43:03.309115
05422,0001,1154,106,2024-12-29 19:43:03.325069
28294,0002,1154,106,2024-12-29 19:43:03.356402
02098,0001,1154,106,2024-12-29 19:43:03.373066
09765,0000,1154,106,2024-12-29 19:43:03.389059
06205,0001,1154,106,2024-12-29 19:43:03.405062
05507,0001,1154,106,2024-12-29 19:43:03.421053
28097,0001,1154,106,2024-12-29 19:43:03.437049
06694,0000,1154,106,2024-12-29 19:43:03.453045
04456,0000,1154,106,2024-12-29 19:43:03.469043
30370,0000,1154,106,2024-12-29 19:43:03.485042
12574,0000,1154,106,2024-12-29 19:43:03.501046
67764,0001,1154,106,2024-12-29 19:43:03.532784
19457,0001,1154,106,2024-12-29 19:43:03.549032
11792,0000,1154,106,2024-12-29 19:43:03.565027
07555,0000,1154,106,2024-12-29 19:43:03.581031
04491,0000,1154,106,2024-12-29 19:43:03.597025
15424,0001,1154,106,2024-12-29 19:43:03.613030
27282,0000,1154,106,2024-12-29 19:43:03.629028
02999,0000,1154,106,2024-12-29 19:43:03.645033
07662,0001,1154,106,2024-12-29 19:43:03.661010
34914,0001,1154,106,2024-12-29 19:43:03.692435
04625,0001,1154,106,2024-12-29 19:43:03.709011
04368,0000,1154,106,2024-12-29 19:43:03.725007
01556,0000,1154,106,2024-12-29 19:43:03.741010
01456,0001,1154,106,2024-12-29 19:43:03.757001
04240,0000,1154,106,2024-12-29 19:43:03.773007
00536,0001,1154,106,2024-12-29 19:43:03.788999
21034,0000,1154,106,2024-12-29 19:43:03.804999
01810,0002,1154,106,2024-12-29 19:43:03.820996
02083,0001,1154,106,2024-12-29 19:43:03.836994
00683,0002,1154,106,2024-12-29 19:43:03.868819
49864,0001,1154,106,2024-12-29 19:43:03.884987
65898,0002,1154,106,2024-12-29 19:43:03.900986
28369,0001,1154,106,2024-12-29 19:43:03.916991
20791,0000,1154,106,2024-12-29 19:43:03.932991
03569,0001,1154,106,2024-12-29 19:43:03.948990
00633,0001,1154,106,2024-12-29 19:43:03.964997
43331,0001,1154,106,2024-12-29 19:43:03.981000
07709,0000,1154,106,2024-12-29 19:43:03.997003
36064,0001,1154,106,2024-12-29 19:43:04.028522
12277,0000,1154,106,2024-12-29 19:43:04.045012
02772,0001,1154,106,2024-12-29 19:43:04.061014
03848,0000,1154,106,2024-12-29 19:43:04.077018
03019,0001,1154,106,2024-12-29 19:43:04.093014
45746,0000,1154,106,2024-12-29 19:43:04.108947
40367,0000,1154,106,2024-12-29 19:43:04.124947
34844,0000,1154,106,2024-12-29 19:43:04.140941
14431,0000,1154,106,2024-12-29 19:43:04.156944
54955,0000,1154,106,2024-12-29 19:43:04.172950
04933,0000,1154,106,2024-12-29 19:43:04.204896
12432,0001,1154,106,2024-12-29 19:43:04.220949
04503,0001,1154,106,2024-12-29 19:43:04.236936
21216,0000,1154,106,2024-12-29 19:43:04.252947
02411,0000,1154,106,2024-12-29 19:43:04.268922
03880,0000,1154,106,2024-12-29 19:43:04.284926
13939,0000,1154,106,2024-12-29 19:43:04.300929
38649,0000,1153,106,2024-12-29 19:43:04.316912
05101,0001,1154,106,2024-12-29 19:43:04.332917
01322,0001,1154,106,2024-12-29 19:43:04.364527
01488,0000,1154,106,2024-12-29 19:43:04.380903
08782,0000,1154,106,2024-12-29 19:43:04.396903
04612,0000,1154,106,2024-12-29 19:43:04.412905
43352,0001,1155,106,2024-12-29 19:43:04.428905
19818,0001,1154,106,2024-12-29 19:43:04.444891
67537,0001,1154,106,2024-12-29 19:43:04.460893
15092,0001,1154,106,2024-12-29 19:43:04.476885
02899,0001,1154,106,2024-12-29 19:43:04.492885
04681,0000,1154,106,2024-12-29 19:43:04.508886
07036,0000,1154,106,2024-12-29 19:43:04.540884
03679,0001,1154,106,2024-12-29 19:43:04.556884
01358,0000,1154,106,2024-12-29 19:43:04.572879
24059,0001,1154,106,2024-12-29 19:43:04.588868
03801,0000,1154,106,2024-12-29 19:43:04.604873
29218,0000,1154,106,2024-12-29 19:43:04.620864
01376,0000,1154,106,2024-12-29 19:43:04.636867
02019,0002,1154,106,2024-12-29 19:43:04.652856
01267,0000,1154,106,2024-12-29 19:43:04.668864
04542,0001,1154,106,2024-12-29 19:43:04.700572
25917,0000,1154,106,2024-12-29 19:43:04.716852
09812,0000,1154,106,2024-12-29 19:43:04.732844
20330,0001,1154,106,2024-12-29 19:43:04.748846
19319,0000,1154,106,2024-12-29 19:43:04.764842
51664,0000,1154,106,2024-12-29 19:43:04.780841
31900,0000,1154,106,2024-12-29 19:43:04.796841
01430,0001,1154,106,2024-12-29 19:43:04.812847
53248,0001,1154,106,2024-12-29 19:43:04.828840
03807,0000,1154,106,2024-12-29 19:43:04.860226
23476,0001,1154,106,2024-12-29 19:43:04.876836
02201,0000,1155,106,2024-12-29 19:43:04.892827
02331,0000,1155,106,2024-12-29 19:43:04.908831
04627,0001,1154,106,2024-12-29 19:43:04.924827
25079,0000,1154,106,2024-12-29 19:43:04.940826
05095,0001,1154,106,2024-12-29 19:43:04.956817
02937,0000,1154,106,2024-12-29 19:43:04.972819
01174,0001,1154,106,2024-12-29 19:43:04.988813
00631,0000,1154,106,2024-12-29 19:43:05.004805
14997,0001,1155,106,2024-12-29 19:43:05.036620
09377,0001,1154,106,2024-12-29 19:43:05.052803
14925,0001,1155,106,2024-12-29 19:43:05.068811
02158,0000,1154,106,2024-12-29 19:43:05.084811
03799,0000,1154,106,2024-12-29 19:43:05.100793
03881,0000,1154,106,2024-12-29 19:43:05.116802
05321,0002,1155,106,2024-12-29 19:43:05.132792
01059,0002,1155,106,2024-12-29 19:43:05.148794
13776,0001,1154,106,2024-12-29 19:43:05.164789
02132,0000,1154,106,2024-12-29 19:43:05.196263
16181,0001,1155,106,2024-12-29 19:43:05.212792
16426,0000,1155,106,2024-12-29 19:43:05.228773
17535,0000,1154,106,2024-12-29 19:43:05.244799
41791,0000,1154,106,2024-12-29 19:43:05.260777
25936,0000,1154,106,2024-12-29 19:43:05.276764
38563,0001,1155,106,2024-12-29 19:43:05.292769
02181,0000,1155,106,2024-12-29 19:43:05.308767
01406,0000,1154,106,2024-12-29 19:43:05.324762
38491,0000,1155,106,2024-12-29 19:43:05.340755
28785,0002,1154,106,2024-12-29 19:43:05.372670
32335,0001,1154,106,2024-12-29 19:43:05.388768
29301,0000,1155,106,2024-12-29 19:43:05.404753
02602,0002,1154,106,2024-12-29 19:43:05.420749
04451,0000,1154,106,2024-12-29 19:43:05.436744
05381,0000,1154,106,2024-12-29 19:43:05.452748
02876,0001,1154,106,2024-12-29 19:43:05.468749
02368,0000,1155,106,2024-12-29 19:43:05.484753
37568,0001,1155,106,2024-12-29 19:43:05.500736
38703,0001,1154,106,2024-12-29 19:43:05.532298
29292,0000,1155,106,2024-12-29 19:43:05.548724
30047,0001,1154,106,2024-12-29 19:43:05.564736
04697,0000,1155,106,2024-12-29 19:43:05.580723
10896,0001,1155,106,2024-12-29 19:43:05.596729
17267,0001,1154,106,2024-12-29 19:43:05.612717
01643,0001,1154,106,2024-12-29 19:43:05.628720
24918,0000,1155,106,2024-12-29 19:43:05.644709
25837,0001,1155,106,2024-12-29 19:43:05.660717
19719,0000,1155,106,2024-12-29 19:43:05.676706
07725,0000,1155,106,2024-12-29 19:43:05.708679
09156,0000,1155,106,2024-12-29 19:43:05.724706
00564,0000,1154,106,2024-12-29 19:43:05.740694
03339,0002,1155,106,2024-12-29 19:43:05.756701
13558,0001,1155,106,2024-12-29 19:43:05.772695
01321,0000,1154,106,2024-12-29 19:43:05.788694
14387,0001,1155,106,2024-12-29 19:43:05.804684
20342,0000,1155,106,2024-12-29 19:43:05.820683
03758,0000,1154,106,2024-12-29 19:43:05.836687
04836,0001,1155,106,2024-12-29 19:43:05.868360
00947,0000,1155,106,2024-12-29 19:43:05.884678
25704,0000,1155,106,2024-12-29 19:43:05.900677
13969,0000,1155,106,2024-12-29 19:43:05.916675
02272,0001,1154,106,2024-12-29 19:43:05.932672
45828,0000,1155,106,2024-12-29 19:43:05.948663
19489,0000,1155,106,2024-12-29 19:43:05.964671
33766,0001,1155,106,2024-12-29 19:43:05.980663
04955,0000,1155,106,2024-12-29 19:43:05.996666
32106,0000,1155,106,2024-12-29 19:43:06.027994
64086,0000,1155,106,2024-12-29 19:43:06.044652
44861,0000,1155,106,2024-12-29 19:43:06.060653
02312,0000,1154,106,2024-12-29 19:43:06.076647
04387,0000,1155,106,2024-12-29 19:43:06.092642
01778,0000,1155,106,2024-12-29 19:43:06.108646
03060,0001,1155,106,2024-12-29 19:43:06.124635
02127,0001,1155,106,2024-12-29 19:43:06.140635
06207,0000,1155,106,2024-12-29 19:43:06.156630
23303,0001,1155,106,2024-12-29 19:43:06.172635
42694,0001,1155,106,2024-12-29 19:43:06.204386
01506,0000,1155,106,2024-12-29 19:43:06.220621
24663,0002,1155,106,2024-12-29 19:43:06.236622
27190,0002,1155,106,2024-12-29 19:43:06.252646
13134,0000,1155,106,2024-12-29 19:43:06.268622
48919,0000,1155,106,2024-12-29 19:43:06.284614
00366,0000,1155,106,2024-12-29 19:43:06.300621
06329,0000,1155,106,2024-12-29 19:43:06.316610
01043,0002,1155,106,2024-12-29 19:43:06.332611
05206,0001,1155,106,2024-12-29 19:43:06.364033
05120,0001,1155,106,2024-12-29 19:43:06.380610
01389,0001,1155,106,2024-12-29 19:43:06.396592
48957,0000,1155,106,2024-12-29 19:43:06.412596
65859,0001,1155,106,2024-12-29 19:43:06.428586
01367,0001,1155,106,2024-12-29 19:43:06.444593
39917,0000,1155,106,2024-12-29 19:43:06.460584
41771,0000,1155,106,2024-12-29 19:43:06.476585
00469,0001,1155,106,2024-12-29 19:43:06.492580
02999,0000,1155,106,2024-12-29 19:43:06.508575
17049,0001,1155,106,2024-12-29 19:43:06.540412
05290,0001,1155,106,2024-12-29 19:43:06.556572
12450,0001,1155,106,2024-12-29 19:43:06.572572
04431,0001,1155,106,2024-12-29 19:43:06.588572
03794,0000,1155,106,2024-12-29 19:43:06.604564
01275,0000,1155,106,2024-12-29 19:43:06.620562
03351,0000,1155,106,2024-12-29 19:43:06.636572
04475,0000,1155,106,2024-12-29 19:43:06.652573
55927,0000,1154,106,2024-12-29 19:43:06.668559
02860,0001,1155,106,2024-12-29 19:43:06.700072
36265,0001,1155,106,2024-12-29 19:43:06.716549
05396,0000,1155,106,2024-12-29 19:43:06.732548
03791,0001,1155,106,2024-12-29 19:43:06.748547
13714,0000,1155,106,2024-12-29 19:43:06.764545
26796,0000,1155,106,2024-12-29 19:43:06.780554
13776,0000,1155,106,2024-12-29 19:43:06.796536
02793,0000,1155,106,2024-12-29 19:43:06.812536
22715,0000,1155,106,2024-12-29 19:43:06.828529
27859,0000,1155,106,2024-12-29 19:43:06.844529
01245,0000,1155,106,2024-12-29 19:43:06.876458
00476,0001,1155,106,2024-12-29 19:43:06.892521
02943,0001,1155,106,2024-12-29 19:43:06.908519
18781,0001,1155,106,2024-12-29 19:43:06.924520
15598,0001,1155,106,2024-12-29 19:43:06.940512
61586,0001,1155,106,2024-12-29 19:43:06.956511
39574,0001,1155,106,2024-12-29 19:43:06.972507
41198,0000,1155,106,2024-12-29 19:43:06.988510
21267,0000,1155,106,2024-12-29 19:43:07.004504
31374,0001,1155,106,2024-12-29 19:43:07.036125
26891,0000,1155,106,2024-12-29 19:43:07.052509
03055,0000,1155,106,2024-12-29 19:43:07.068515
54850,0000,1155,106,2024-12-29 19:43:07.084515
29874,0000,1155,106,2024-12-29 19:43:07.100516
40108,0000,1155,106,2024-12-29 19:43:07.116527
03705,0000,1155,106,2024-12-29 19:43:07.132521
01343,0000,1155,106,2024-12-29 19:43:07.148529
37195,0002,1155,106,2024-12-29 19:43:07.164532
01296,0000,1155,106,2024-12-29 19:43:07.180532
02702,0000,1155,106,2024-12-29 19:43:07.212539
28043,0001,1155,106,2024-12-29 19:43:07.228472
03704,0000,1155,106,2024-12-29 19:43:07.244496
01373,0001,1155,106,2024-12-29 19:43:07.260475
20975,0002,1155,106,2024-12-29 19:43:07.276467
05168,0001,1155,106,2024-12-29 19:43:07.292459
01340,0001,1155,106,2024-12-29 19:43:07.308460
02077,0001,1155,106,2024-12-29 19:43:07.324457
02064,0001,1155,106,2024-12-29 19:43:07.340455
28379,0000,1155,106,2024-12-29 19:43:07.372157
00153,0001,1155,106,2024-12-29 19:43:07.388444
40705,0000,1155,106,2024-12-29 19:43:07.404446
27815,0000,1155,106,2024-12-29 19:43:07.420450
28661,0000,1155,106,2024-12-29 19:43:07.436436
05064,0000,1155,106,2024-12-29 19:43:07.452435
20819,0001,1156,106,2024-12-29 19:43:07.468430
14253,0000,1155,106,2024-12-29 19:43:07.484450
12926,0002,1155,106,2024-12-29 19:43:07.500437
01540,0000,1155,106,2024-12-29 19:43:07.531800
04557,0000,1155,106,2024-12-29 19:43:07.548432
21476,0000,1155,106,2024-12-29 19:43:07.564420
01319,0001,1155,106,2024-12-29 19:43:07.580423
23262,0001,1155,106,2024-12-29 19:43:07.596414
46498,0001,1155,106,2024-12-29 19:43:07.612420
05309,0000,1155,106,2024-12-29 19:43:07.628413
04645,0002,1155,106,2024-12-29 19:43:07.644417
05376,0002,1155,106,2024-12-29 19:43:07.660404
00666,0001,1155,106,2024-12-29 19:43:07.676397
05848,0001,1155,106,2024-12-29 19:43:07.708187
02144,0002,1155,106,2024-12-29 19:43:07.724400
07256,0000,1155,106,2024-12-29 19:43:07.740401
21150,0000,1155,106,2024-12-29 19:43:07.756394
02076,0000,1155,106,2024-12-29 19:43:07.772385
37626,0001,1155,106,2024-12-29 19:43:07.788389
02254,0000,1155,106,2024-12-29 19:43:07.804393
04579,0000,1155,106,2024-12-29 19:43:07.820399
01420,0000,1155,106,2024-12-29 19:43:07.836379
05047,0000,1155,106,2024-12-29 19:43:07.867844
02744,0001,1155,106,2024-12-29 19:43:07.884381
36068,0000,1155,106,2024-12-29 19:43:07.900377
01573,0000,1155,106,2024-12-29 19:43:07.916366
50022,0001,1155,106,2024-12-29 19:43:07.932368
03847,0000,1155,106,2024-12-29 19:43:07.948362
04482,0000,1155,106,2024-12-29 19:43:07.964361
02225,0000,1155,106,2024-12-29 19:43:07.980350
03618,0000,1155,106,2024-12-29 19:43:07.996360
20107,0000,1155,106,2024-12-29 19:43:08.012352
04127,0001,1156,106,2024-12-29 19:43:08.044223
45524,0001,1155,106,2024-12-29 19:43:08.060355
13350,0000,1156,106,2024-12-29 19:43:08.076348
61067,0000,1155,106,2024-12-29 19:43:08.092344
00282,0001,1155,106,2024-12-29 19:43:08.108338
27421,0001,1155,106,2024-12-29 19:43:08.124338
23170,0000,1155,106,2024-12-29 19:43:08.140337
42599,0000,1155,106,2024-12-29 19:43:08.156341
01420,0000,1155,106,2024-12-29 19:43:08.172327
03697,0000,1156,106,2024-12-29 19:43:08.203879
05123,0001,1155,106,2024-12-29 19:43:08.220318
03015,0000,1155,106,2024-12-29 19:43:08.236321
32042,0000,1155,106,2024-12-29 19:43:08.252335
03882,0000,1155,106,2024-12-29 19:43:08.268316
22432,0000,1155,106,2024-12-29 19:43:08.284313
05360,0001,1155,106,2024-12-29 19:43:08.300314
06946,0000,1155,106,2024-12-29 19:43:08.316316
04600,0000,1156,106,2024-12-29 19:43:08.332315
33173,0000,1155,106,2024-12-29 19:43:08.348306
08560,0000,1155,106,2024-12-29 19:43:08.380278
14805,0000,1156,106,2024-12-29 19:43:08.396299
09777,0000,1155,106,2024-12-29 19:43:08.412295
01241,0001,1155,106,2024-12-29 19:43:08.428282
29541,0000,1155,106,2024-12-29 19:43:08.444291
22680,0000,1155,106,2024-12-29 19:43:08.460283
00508,0001,1155,106,2024-12-29 19:43:08.476287
02156,0000,1156,106,2024-12-29 19:43:08.492279
43816,0000,1155,106,2024-12-29 19:43:08.508281
55696,0002,1156,106,2024-12-29 19:43:08.539910
02958,0000,1156,106,2024-12-29 19:43:08.556271
04474,0000,1155,106,2024-12-29 19:43:08.572271
03416,0000,1156,106,2024-12-29 19:43:08.588272
27169,0002,1155,106,2024-12-29 19:43:08.604261
03856,0000,1156,106,2024-12-29 19:43:08.620258
14659,0000,1155,106,2024-12-29 19:43:08.636257
04955,0001,1156,106,2024-12-29 19:43:08.652254
09983,0002,1155,106,2024-12-29 19:43:08.668254
05990,0000,1156,106,2024-12-29 19:43:08.684249
04606,0000,1156,106,2024-12-29 19:43:08.716247
02838,0001,1156,106,2024-12-29 19:43:08.732240
31628,0001,1156,106,2024-12-29 19:43:08.748236
08320,0001,1155,106,2024-12-29 19:43:08.764234
44656,0000,1156,106,2024-12-29 19:43:08.780238
01250,0001,1155,106,2024-12-29 19:43:08.796233
10925,0001,1155,106,2024-12-29 19:43:08.812229
01973,0000,1155,106,2024-12-29 19:43:08.828222
09169,0002,1155,106,2024-12-29 19:43:08.844226
20128,0000,1155,106,2024-12-29 19:43:08.875934
11388,0000,1155,106,2024-12-29 19:43:08.892214
17838,0000,1155,106,2024-12-29 19:43:08.908214
01908,0001,1156,106,2024-12-29 19:43:08.924214
59327,0000,1156,106,2024-12-29 19:43:08.940211
58137,0000,1155,106,2024-12-29 19:43:08.956211
03080,0000,1156,106,2024-12-29 19:43:08.972208
06160,0000,1156,106,2024-12-29 19:43:08.988212
10655,0001,1156,106,2024-12-29 19:43:09.004201
08165,0001,1155,106,2024-12-29 19:43:09.035587
48133,0001,1156,106,2024-12-29 19:43:09.052197
05082,0001,1156,106,2024-12-29 19:43:09.068199
04640,0000,1156,106,2024-12-29 19:43:09.084189
01660,0000,1156,106,2024-12-29 19:43:09.100186
36951,0001,1156,106,2024-12-29 19:43:09.116176
03409,0000,1155,106,2024-12-29 19:43:09.132181
02260,0000,1156,106,2024-12-29 19:43:09.148181
04391,0000,1155,106,2024-12-29 19:43:09.164171
03033,0001,1156,106,2024-12-29 19:43:09.180164
05161,0001,1155,106,2024-12-29 19:43:09.211972
14000,0001,1156,106,2024-12-29 19:43:09.228166
42391,0000,1156,106,2024-12-29 19:43:09.244177
44837,0000,1156,106,2024-12-29 19:43:09.260161
05255,0000,1155,106,2024-12-29 19:43:09.276158
02118,0000,1156,106,2024-12-29 19:43:09.292168
03062,0000,1156,106,2024-12-29 19:43:09.308267
04581,0001,1156,106,2024-12-29 19:43:09.324250
16716,0002,1156,106,2024-12-29 19:43:09.340207
00148,0001,1156,106,2024-12-29 19:43:09.371656
04632,0001,1156,106,2024-12-29 19:43:09.388156
04567,0000,1156,106,2024-12-29 19:43:09.404147
09154,0000,1156,106,2024-12-29 19:43:09.420144
03012,0000,1156,106,2024-12-29 19:43:09.436137
17967,0001,1156,106,2024-12-29 19:43:09.452126
02192,0000,1156,106,2024-12-29 19:43:09.468128
24119,0000,1156,106,2024-12-29 19:43:09.484130
03036,0000,1156,106,2024-12-29 19:43:09.500133
55923,0001,1155,106,2024-12-29 19:43:09.516138
17862,0001,1156,106,2024-12-29 19:43:09.548024
01931,0001,1156,106,2024-12-29 19:43:09.564115
02069,0000,1156,106,2024-12-29 19:43:09.580104
21680,0002,1155,106,2024-12-29 19:43:09.596100
07246,0000,1156,106,2024-12-29 19:43:09.612110
27988,0001,1156,106,2024-12-29 19:43:09.628102
01175,0002,1156,106,2024-12-29 19:43:09.644104
03086,0000,1155,106,2024-12-29 19:43:09.660100
03029,0001,1156,106,2024-12-29 19:43:09.676099
05285,0001,1156,106,2024-12-29 19:43:09.707681
01681,0001,1156,106,2024-12-29 19:43:09.724095
15473,0001,1156,106,2024-12-29 19:43:09.740093
39252,0001,1156,106,2024-12-29 19:43:09.756091
04260,0001,1156,106,2024-12-29 19:43:09.772096
42527,0001,1156,106,2024-12-29 19:43:09.788082
21976,0001,1156,106,2024-12-29 19:43:09.804080
01320,0000,1156,106,2024-12-29 19:43:09.820077
19459,0000,1156,106,2024-12-29 19:43:09.836079
05323,0002,1156,106,2024-12-29 19:43:09.852074
41884,0000,1155,106,2024-12-29 19:43:09.884072
30515,0000,1156,106,2024-12-29 19:43:09.900072
03092,0001,1156,106,2024-12-29 19:43:09.916059
14713,0000,1156,106,2024-12-29 19:43:09.932058
07268,0001,1156,106,2024-12-29 19:43:09.948057
03957,0001,1156,106,2024-12-29 19:43:09.964052
03907,0001,1156,106,2024-12-29 19:43:09.980048
01789,0000,1156,106,2024-12-29 19:43:09.996043
05367,0002,1156,106,2024-12-29 19:43:10.012046
35516,0001,1156,106,2024-12-29 19:43:10.043740
30451,0001,1156,106,2024-12-29 19:43:10.060032
17052,0000,1156,106,2024-12-29 19:43:10.076033
08595,0001,1156,106,2024-12-29 19:43:10.092032
00534,0001,1156,106,2024-12-29 19:43:10.108032
23341,0001,1156,106,2024-12-29 19:43:10.124030
02907,0002,1156,106,2024-12-29 19:43:10.140026
35339,0001,1156,106,2024-12-29 19:43:10.156030
02774,0001,1156,106,2024-12-29 19:43:10.172038
17277,0001,1156,106,2024-12-29 19:43:10.203383
58311,0001,1156,106,2024-12-29 19:43:10.220057
04595,0000,1156,106,2024-12-29 19:43:10.236065
02398,0001,1156,106,2024-12-29 19:43:10.252073
03029,0000,1156,106,2024-12-29 19:43:10.268048
25607,0000,1156,106,2024-12-29 19:43:10.284051
20847,0001,1156,106,2024-12-29 19:43:10.300058
03437,0000,1156,106,2024-12-29 19:43:10.316057
01551,0001,1156,106,2024-12-29 19:43:10.332061
02931,0000,1156,106,2024-12-29 19:43:10.347989
01423,0000,1156,106,2024-12-29 19:43:10.379746
05377,0000,1156,106,2024-12-29 19:43:10.395987
03061,0000,1156,106,2024-12-29 19:43:10.411982
01271,0001,1156,106,2024-12-29 19:43:10.427985
03564,0001,1156,106,2024-12-29 19:43:10.443973
02936,0000,1156,106,2024-12-29 19:43:10.459969
20127,0001,1156,106,2024-12-29 19:43:10.475972
04618,0001,1156,106,2024-12-29 19:43:10.491966
22544,0002,1156,106,2024-12-29 19:43:10.507966
01763,0000,1156,106,2024-12-29 19:43:10.539405
12741,0000,1156,106,2024-12-29 19:43:10.555957
13973,0000,1156,106,2024-12-29 19:43:10.571965
46648,0000,1156,106,2024-12-29 19:43:10.587958
09924,0000,1156,106,2024-12-29 19:43:10.603962
03558,0000,1156,106,2024-12-29 19:43:10.622056
05397,0000,1156,106,2024-12-29 19:43:10.636014
11135,0000,1156,106,2024-12-29 19:43:10.651960
24659,0002,1156,106,2024-12-29 19:43:10.667947
01840,0000,1156,106,2024-12-29 19:43:10.683953
40029,0002,1156,106,2024-12-29 19:43:10.715801
24026,0001,1156,106,2024-12-29 19:43:10.731930
20670,0000,1156,106,2024-12-29 19:43:10.747929
01274,0000,1156,106,2024-12-29 19:43:10.763928
18598,0001,1156,106,2024-12-29 19:43:10.779923
33876,0001,1156,106,2024-12-29 19:43:10.795921
04368,0000,1156,106,2024-12-29 19:43:10.811923
03950,0001,1156,106,2024-12-29 19:43:10.827917
26639,0001,1156,106,2024-12-29 19:43:10.843921
03867,0001,1156,106,2024-12-29 19:43:10.875446
17623,0001,1156,106,2024-12-29 19:43:10.891910
05054,0000,1156,106,2024-12-29 19:43:10.907907
01171,0001,1156,106,2024-12-29 19:43:10.923911
12466,0002,1156,106,2024-12-29 19:43:10.939892
02491,0000,1156,106,2024-12-29 19:43:10.955904
02069,0001,1156,106,2024-12-29 19:43:10.971891
44704,0000,1156,106,2024-12-29 19:43:10.987898
23222,0001,1156,106,2024-12-29 19:43:11.003891
05265,0002,1156,106,2024-12-29 19:43:11.019887
02308,0001,1156,106,2024-12-29 19:43:11.051834
10863,0001,1156,106,2024-12-29 19:43:11.067873
02196,0001,1156,106,2024-12-29 19:43:11.083881
01799,0000,1156,106,2024-12-29 19:43:11.099873
06172,0000,1156,106,2024-12-29 19:43:11.115878
10199,0000,1156,106,2024-12-29 19:43:11.131873
00686,0001,1156,106,2024-12-29 19:43:11.147872
03202,0000,1156,106,2024-12-29 19:43:11.163858
14887,0001,1156,106,2024-12-29 19:43:11.179862
17894,0000,1156,106,2024-12-29 19:43:11.211480
05434,0000,1156,106,2024-12-29 19:43:11.227852
32528,0001,1156,106,2024-12-29 19:43:11.243892
01395,0000,1156,106,2024-12-29 19:43:11.259863
46587,0000,1156,106,2024-12-29 19:43:11.275856
46395,0000,1156,106,2024-12-29 19:43:11.291850
26729,0000,1156,106,2024-12-29 19:43:11.307850
61565,0000,1156,106,2024-12-29 19:43:11.323851
15368,0001,1156,106,2024-12-29 19:43:11.339837
52317,0001,1156,106,2024-12-29 19:43:11.355839
04398,0001,1156,106,2024-12-29 19:43:11.387834
05306,0001,1156,106,2024-12-29 19:43:11.403829
25434,0000,1156,106,2024-12-29 19:43:11.419825
02852,0000,1156,106,2024-12-29 19:43:11.435826
19157,0000,1156,106,2024-12-29 19:43:11.451832
04709,0001,1156,106,2024-12-29 19:43:11.467817
05017,0000,1156,106,2024-12-29 19:43:11.483810
05103,0000,1156,106,2024-12-29 19:43:11.499811
21926,0001,1156,106,2024-12-29 19:43:11.515807
02307,0000,1156,106,2024-12-29 19:43:11.547506
05913,0000,1156,106,2024-12-29 19:43:11.563806
27193,0000,1156,106,2024-12-29 19:43:11.579799
47067,0000,1156,106,2024-12-29 19:43:11.595800
60947,0000,1156,106,2024-12-29 19:43:11.611790
02324,0000,1156,106,2024-12-29 19:43:11.627796
00726,0000,1156,106,2024-12-29 19:43:11.643786
01447,0000,1156,106,2024-12-29 19:43:11.659788
01142,0001,1156,106,2024-12-29 19:43:11.675784
10649,0000,1156,106,2024-12-29 19:43:11.707189
26448,0000,1156,106,2024-12-29 19:43:11.723776
28093,0000,1156,106,2024-12-29 19:43:11.739778
04676,0000,1156,106,2024-12-29 19:43:11.755778
08734,0000,1156,106,2024-12-29 19:43:11.771776
04149,0000,1156,106,2024-12-29 19:43:11.787769
48389,0000,1156,106,2024-12-29 19:43:11.803768
09881,0000,1156,106,2024-12-29 19:43:11.819769
30164,0000,1156,106,2024-12-29 19:43:11.835770
02135,0000,1156,106,2024-12-29 19:43:11.851758
27597,0001,1156,106,2024-12-29 19:43:11.883565
11071,0000,1156,106,2024-12-29 19:43:11.899763
00411,0000,1157,106,2024-12-29 19:43:11.915749
03807,0000,1156,106,2024-12-29 19:43:11.931752
15283,0000,1157,106,2024-12-29 19:43:11.947740
49874,0000,1156,106,2024-12-29 19:43:11.963748
41000,0000,1156,106,2024-12-29 19:43:11.979744
04361,0000,1156,106,2024-12-29 19:43:11.995733
04358,0000,1156,106,2024-12-29 19:43:12.011735
09199,0000,1156,106,2024-12-29 19:43:12.043212
02007,0000,1156,106,2024-12-29 19:43:12.059732
11122,0000,1156,106,2024-12-29 19:43:12.075728
22728,0001,1156,106,2024-12-29 19:43:12.091736
12304,0000,1156,106,2024-12-29 19:43:12.107732
02307,0000,1156,106,2024-12-29 19:43:12.123720
23391,0000,1156,106,2024-12-29 19:43:12.139725
12237,0000,1157,106,2024-12-29 19:43:12.155718
03801,0000,1156,106,2024-12-29 19:43:12.171708
03570,0000,1156,106,2024-12-29 19:43:12.187711
10193,0000,1156,106,2024-12-29 19:43:12.219611
15485,0000,1156,106,2024-12-29 19:43:12.235714
45687,0000,1157,106,2024-12-29 19:43:12.251719
02345,0000,1156,106,2024-12-29 19:43:12.267708
03892,0000,1156,106,2024-12-29 19:43:12.283696
05200,0000,1156,106,2024-12-29 19:43:12.299697
17249,0000,1156,106,2024-12-29 19:43:12.315696
28128,0000,1157,106,2024-12-29 19:43:12.331690
43267,0000,1156,106,2024-12-29 19:43:12.347694
03727,0000,1157,106,2024-12-29 19:43:12.379254
22459,0000,1156,106,2024-12-29 19:43:12.395675
00710,0000,1157,106,2024-12-29 19:43:12.411686
04564,0000,1156,106,2024-12-29 19:43:12.427679
02942,0000,1156,106,2024-12-29 19:43:12.443683
05255,0000,1156,106,2024-12-29 19:43:12.459672
46476,0000,1156,106,2024-12-29 19:43:12.475674
02771,0000,1156,106,2024-12-29 19:43:12.491677
08939,0000,1156,106,2024-12-29 19:43:12.507656
21833,0000,1156,106,2024-12-29 19:43:12.523661
20821,0000,1157,106,2024-12-29 19:43:12.555637
11556,0000,1156,106,2024-12-29 19:43:12.571650
03811,0000,1157,106,2024-12-29 19:43:12.587652
40275,0000,1157,106,2024-12-29 19:43:12.603650
07935,0000,1157,106,2024-12-29 19:43:12.619658
05182,0000,1156,106,2024-12-29 19:43:12.635642
03118,0000,1156,106,2024-12-29 19:43:12.651641
03685,0000,1156,106,2024-12-29 19:43:12.667645
06911,0000,1157,106,2024-12-29 19:43:12.683643
01307,0000,1157,106,2024-12-29 19:43:12.715281
03063,0000,1157,106,2024-12-29 19:43:12.731636
02763,0000,1156,106,2024-12-29 19:43:12.747628
04586,0000,1157,106,2024-12-29 19:43:12.763621
01227,0000,1157,106,2024-12-29 19:43:12.779625
15363,0000,1157,106,2024-12-29 19:43:12.795624
03600,0001,1157,106,2024-12-29 19:43:12.811617
01273,0000,1156,106,2024-12-29 19:43:12.827610
50582,0000,1157,106,2024-12-29 19:43:12.843610
04492,0000,1156,106,2024-12-29 19:43:12.874937
43341,0000,1157,106,2024-12-29 19:43:12.891609
02210,0000,1157,106,2024-12-29 19:43:12.907593
28004,0000,1157,106,2024-12-29 19:43:12.923598
03833,0000,1157,106,2024-12-29 19:43:12.939592
17009,0000,1157,106,2024-12-29 19:43:12.955598
13738,0000,1157,106,2024-12-29 19:43:12.971586
02287,0000,1157,106,2024-12-29 19:43:12.987586
03750,0000,1157,106,2024-12-29 19:43:13.003592
02723,0000,1157,106,2024-12-29 19:43:13.019592
02388,0000,1157,106,2024-12-29 19:43:13.051335
53237,0000,1156,106,2024-12-29 19:43:13.067575
00748,0001,1157,106,2024-12-29 19:43:13.083575
00728,0001,1157,106,2024-12-29 19:43:13.099574
04107,0000,1157,106,2024-12-29 19:43:13.115572
50458,0000,1157,106,2024-12-29 19:43:13.131563
30820,0000,1157,106,2024-12-29 19:43:13.147562
21851,0000,1157,106,2024-12-29 19:43:13.163560
24697,0000,1157,106,2024-12-29 19:43:13.179559
05282,0000,1157,106,2024-12-29 19:43:13.210980
27174,0000,1156,106,2024-12-29 19:43:13.227555
26209,0000,1157,106,2024-12-29 19:43:13.243558
05512,0000,1157,106,2024-12-29 19:43:13.259544
20692,0000,1157,106,2024-12-29 19:43:13.275547
07322,0000,1157,106,2024-12-29 19:43:13.291547
03433,0000,1157,106,2024-12-29 19:43:13.307564
04246,0000,1157,106,2024-12-29 19:43:13.323565
14027,0000,1157,106,2024-12-29 19:43:13.339563
08986,0000,1157,106,2024-12-29 19:43:13.355562
29597,0001,1157,106,2024-12-29 19:43:13.387396
22201,0000,1156,106,2024-12-29 19:43:13.403573
02201,0000,1157,106,2024-12-29 19:43:13.419576
04499,0000,1157,106,2024-12-29 19:43:13.435580
63411,0000,1157,106,2024-12-29 19:43:13.451580
17361,0000,1157,106,2024-12-29 19:43:13.467509
28175,0000,1157,106,2024-12-29 19:43:13.483510
11638,0000,1157,106,2024-12-29 19:43:13.499503
54092,0000,1157,106,2024-12-29 19:43:13.515506
16370,0000,1157,106,2024-12-29 19:43:13.547018
00892,0000,1157,106,2024-12-29 19:43:13.563497
03605,0000,1157,106,2024-12-29 19:43:13.579508
02167,0000,1157,106,2024-12-29 19:43:13.595491
00597,0000,1157,106,2024-12-29 19:43:13.611488
05097,0000,1157,106,2024-12-29 19:43:13.627481
01560,0000,1157,106,2024-12-29 19:43:13.643492
01536,0000,1157,106,2024-12-29 19:43:13.659490
03882,0000,1157,106,2024-12-29 19:43:13.675475
44002,0000,1157,106,2024-12-29 19:43:13.691482
18784,0000,1157,106,2024-12-29 19:43:13.723402
00548,0000,1157,106,2024-12-29 19:43:13.739471
07192,0000,1157,106,2024-12-29 19:43:13.755468
42364,0000,1157,106,2024-12-29 19:43:13.771467
04944,0000,1157,106,2024-12-29 19:43:13.787469
02564,0000,1157,106,2024-12-29 19:43:13.803461
19355,0000,1157,106,2024-12-29 19:43:13.819460
23243,0000,1157,106,2024-12-29 19:43:13.835457
10884,0000,1157,106,2024-12-29 19:43:13.851459
01255,0000,1157,106,2024-12-29 19:43:13.883056
02153,0000,1157,106,2024-12-29 19:43:13.899443
00517,0000,1157,106,2024-12-29 19:43:13.915442
02066,0000,1157,106,2024-12-29 19:43:13.931440
16306,0000,1157,106,2024-12-29 19:43:13.947434
05958,0000,1157,106,2024-12-29 19:43:13.963438
06852,0000,1157,106,2024-12-29 19:43:13.979431
02576,0000,1157,106,2024-12-29 19:43:13.995432
01248,0000,1157,106,2024-12-29 19:43:14.011427
03814,0000,1157,106,2024-12-29 19:43:14.027428
66762,0000,1157,106,2024-12-29 19:43:14.059432
14482,0000,1157,106,2024-12-29 19:43:14.075416
21688,0000,1157,106,2024-12-29 19:43:14.091410
05014,0000,1157,106,2024-12-29 19:43:14.107422
23400,0000,1157,106,2024-12-29 19:43:14.123414
33745,0000,1157,106,2024-12-29 19:43:14.139409
05341,0000,1157,106,2024-12-29 19:43:14.155412
27177,0000,1157,106,2024-12-29 19:43:14.171407
12890,0000,1157,106,2024-12-29 19:43:14.187395
18504,0000,1157,106,2024-12-29 19:43:14.219081
23951,0000,1157,106,2024-12-29 19:43:14.235400
10545,0000,1157,106,2024-12-29 19:43:14.251412
34478,0000,1157,106,2024-12-29 19:43:14.267399
04100,0000,1157,106,2024-12-29 19:43:14.283390
33854,0000,1157,106,2024-12-29 19:43:14.299390
37084,0000,1157,106,2024-12-29 19:43:14.315382
01931,0000,1157,106,2024-12-29 19:43:14.331389
04822,0000,1157,106,2024-12-29 19:43:14.347376
37606,0000,1157,106,2024-12-29 19:43:14.378752
03521,0001,1157,106,2024-12-29 19:43:14.395377
40934,0000,1157,106,2024-12-29 19:43:14.411368
02204,0000,1157,106,2024-12-29 19:43:14.427369
02242,0000,1157,106,2024-12-29 19:43:14.443377
26580,0000,1157,106,2024-12-29 19:43:14.459361
05264,0000,1156,106,2024-12-29 19:43:14.475364
41037,0000,1157,106,2024-12-29 19:43:14.491350
18944,0000,1157,106,2024-12-29 19:43:14.507352
22227,0000,1157,106,2024-12-29 19:43:14.523351
02090,0000,1157,106,2024-12-29 19:43:14.555132
28671,0000,1157,106,2024-12-29 19:43:14.571349
01404,0000,1157,106,2024-12-29 19:43:14.587340
06808,0000,1157,106,2024-12-29 19:43:14.603342
04403,0000,1157,106,2024-12-29 19:43:14.619333
49074,0000,1157,106,2024-12-29 19:43:14.635327
20312,0000,1157,106,2024-12-29 19:43:14.651331
00520,0000,1157,106,2024-12-29 19:43:14.667325
00771,0000,1157,106,2024-12-29 19:43:14.683324
02883,0000,1157,106,2024-12-29 19:43:14.714783
00604,0000,1157,106,2024-12-29 19:43:14.731316
46300,0000,1157,106,2024-12-29 19:43:14.747316
02358,0000,1157,106,2024-12-29 19:43:14.763312
10526,0000,1157,106,2024-12-29 19:43:14.779323
03039,0000,1157,106,2024-12-29 19:43:14.795310
01091,0000,1157,106,2024-12-29 19:43:14.811312
30732,0000,1157,106,2024-12-29 19:43:14.827311
00662,0000,1157,106,2024-12-29 19:43:14.843296
05908,0000,1157,106,2024-12-29 19:43:14.859300
55086,0000,1157,106,2024-12-29 19:43:14.891170
56583,0000,1157,106,2024-12-29 19:43:14.907288
54252,0000,1157,106,2024-12-29 19:43:14.923292
04022,0000,1157,106,2024-12-29 19:43:14.939281
04525,0000,1157,106,2024-12-29 19:43:14.955290
03102,0000,1157,106,2024-12-29 19:43:14.971283
03518,0000,1157,106,2024-12-29 19:43:14.987277
05354,0000,1158,106,2024-12-29 19:43:15.003279
04758,0000,1157,106,2024-12-29 19:43:15.019278
18932,0000,1157,106,2024-12-29 19:43:15.050821
26357,0000,1157,106,2024-12-29 19:43:15.067268
02231,0000,1157,106,2024-12-29 19:43:15.083267
05146,0000,1157,106,2024-12-29 19:43:15.099261
05280,0001,1157,106,2024-12-29 19:43:15.115264
14758,0000,1157,106,2024-12-29 19:43:15.131264
03933,0000,1157,106,2024-12-29 19:43:15.147260
03985,0000,1157,106,2024-12-29 19:43:15.163257
25530,0000,1157,106,2024-12-29 19:43:15.179261
04093,0000,1157,106,2024-12-29 19:43:15.195253
05158,0000,1157,106,2024-12-29 19:43:15.227221
29829,0000,1157,106,2024-12-29 19:43:15.243264
36280,0001,1157,106,2024-12-29 19:43:15.259245
05422,0000,1157,106,2024-12-29 19:43:15.275239
03226,0000,1157,106,2024-12-29 19:43:15.291242
04374,0000,1157,106,2024-12-29 19:43:15.307347
01915,0000,1157,106,2024-12-29 19:43:15.323279
19146,0001,1157,106,2024-12-29 19:43:15.339234
20066,0000,1157,106,2024-12-29 19:43:15.355245
02208,0001,1157,106,2024-12-29 19:43:15.386879
02862,0000,1157,106,2024-12-29 19:43:15.403218
08413,0000,1157,106,2024-12-29 19:43:15.419212
09801,0000,1157,106,2024-12-29 19:43:15.435213
15513,0000,1157,106,2024-12-29 19:43:15.451209
05174,0000,1157,106,2024-12-29 19:43:15.467206
02314,0000,1158,106,2024-12-29 19:43:15.483197
29762,0000,1157,106,2024-12-29 19:43:15.499204
04175,0001,1157,106,2024-12-29 19:43:15.515200
49661,0000,1158,106,2024-12-29 19:43:15.531204
30711,0000,1157,106,2024-12-29 19:43:15.563199
01136,0000,1157,106,2024-12-29 19:43:15.579187
19949,0001,1158,106,2024-12-29 19:43:15.595189
04597,0000,1158,106,2024-12-29 19:43:15.611191
06517,0000,1158,106,2024-12-29 19:43:15.627177
03574,0000,1157,106,2024-12-29 19:43:15.643179
45703,0000,1157,106,2024-12-29 19:43:15.659173
02593,0001,1157,106,2024-12-29 19:43:15.675171
23740,0001,1157,106,2024-12-29 19:43:15.691166
03122,0000,1157,106,2024-12-29 19:43:15.722905
41428,0001,1157,106,2024-12-29 19:43:15.739167
03708,0000,1157,106,2024-12-29 19:43:15.755173
02548,0000,1157,106,2024-12-29 19:43:15.771165
04793,0000,1157,106,2024-12-29 19:43:15.787160
21826,0000,1157,106,2024-12-29 19:43:15.803167
04037,0000,1157,106,2024-12-29 19:43:15.819156
23194,0000,1157,106,2024-12-29 19:43:15.835159
03702,0000,1157,106,2024-12-29 19:43:15.851149
20357,0000,1157,106,2024-12-29 19:43:15.882538
07241,0000,1157,106,2024-12-29 19:43:15.899148
03127,0000,1157,106,2024-12-29 19:43:15.915143
01494,0000,1157,106,2024-12-29 19:43:15.931142
16035,0000,1157,106,2024-12-29 19:43:15.947138
03047,0000,1157,106,2024-12-29 19:43:15.963128
01185,0000,1157,106,2024-12-29 19:43:15.979130
25396,0000,1158,106,2024-12-29 19:43:15.995137
03150,0000,1158,106,2024-12-29 19:43:16.011140
41015,0001,1157,106,2024-12-29 19:43:16.027119
35870,0000,1157,106,2024-12-29 19:43:16.058945
01317,0000,1157,106,2024-12-29 19:43:16.075123
05297,0000,1157,106,2024-12-29 19:43:16.091117
04974,0000,1157,106,2024-12-29 19:43:16.107113
31268,0000,1157,106,2024-12-29 19:43:16.123163
57441,0001,1158,106,2024-12-29 19:43:16.139128
54256,0000,1157,106,2024-12-29 19:43:16.155109
02970,0000,1157,106,2024-12-29 19:43:16.171111
09256,0001,1157,106,2024-12-29 19:43:16.187105
37905,0000,1158,106,2024-12-29 19:43:16.218604
67533,0000,1158,106,2024-12-29 19:43:16.235122
01389,0000,1158,106,2024-12-29 19:43:16.251131
27436,0000,1157,106,2024-12-29 19:43:16.267110
01165,0000,1157,106,2024-12-29 19:43:16.283098
06065,0000,1157,106,2024-12-29 19:43:16.299096
02649,0000,1157,106,2024-12-29 19:43:16.315090
03477,0000,1157,106,2024-12-29 19:43:16.331084
05258,0000,1157,106,2024-12-29 19:43:16.347089
03363,0001,1157,106,2024-12-29 19:43:16.363072
09631,0000,1157,106,2024-12-29 19:43:16.394996
24715,0000,1157,106,2024-12-29 19:43:16.411084
04493,0000,1158,106,2024-12-29 19:43:16.427086
01580,0000,1158,106,2024-12-29 19:43:16.443092
20892,0000,1158,106,2024-12-29 19:43:16.459093
02938,0000,1157,106,2024-12-29 19:43:16.475097
18073,0000,1157,106,2024-12-29 19:43:16.491100
19176,0000,1158,106,2024-12-29 19:43:16.507102
01334,0000,1157,106,2024-12-29 19:43:16.523098
00018,0000,1157,106,2024-12-29 19:43:16.554589
29250,0000,1157,106,2024-12-29 19:43:16.571110
23239,0000,1158,106,2024-12-29 19:43:16.587043
36270,0001,1157,106,2024-12-29 19:43:16.603049
28401,0000,1157,106,2024-12-29 19:43:16.619051
02369,0000,1157,106,2024-12-29 19:43:16.635037
59075,0000,1157,106,2024-12-29 19:43:16.651034
27109,0000,1158,106,2024-12-29 19:43:16.667039
01574,0000,1158,106,2024-12-29 19:43:16.683036
05439,0000,1157,106,2024-12-29 19:43:16.699038
02538,0000,1158,106,2024-12-29 19:43:16.731030
04543,0000,1157,106,2024-12-29 19:43:16.747023
01551,0000,1158,106,2024-12-29 19:43:16.763021
10825,0000,1158,106,2024-12-29 19:43:16.779024
01815,0000,1158,106,2024-12-29 19:43:16.795007
05288,0000,1158,106,2024-12-29 19:43:16.811004
04456,0000,1157,106,2024-12-29 19:43:16.827015
23920,0000,1158,106,2024-12-29 19:43:16.843002
04467,0000,1158,106,2024-12-29 19:43:16.859005
03745,0000,1158,106,2024-12-29 19:43:16.890682
03859,0000,1158,106,2024-12-29 19:43:16.907000
16926,0001,1158,106,2024-12-29 19:43:16.922987
02243,0000,1158,106,2024-12-29 19:43:16.938994
09820,0001,1158,106,2024-12-29 19:43:16.954987
05485,0000,1158,106,2024-12-29 19:43:16.970987
01494,0000,1158,106,2024-12-29 19:43:16.986980
11736,0000,1158,106,2024-12-29 19:43:17.002988
58543,0000,1158,106,2024-12-29 19:43:17.018977
18028,0000,1157,106,2024-12-29 19:43:17.050304
54344,0000,1157,106,2024-12-29 19:43:17.066971
01190,0000,1158,106,2024-12-29 19:43:17.082962
01457,0000,1158,106,2024-12-29 19:43:17.098966
03009,0000,1157,106,2024-12-29 19:43:17.114957
49002,0000,1158,106,2024-12-29 19:43:17.130966
30024,0000,1158,106,2024-12-29 19:43:17.146959
22383,0000,1158,106,2024-12-29 19:43:17.162965
24013,0000,1158,106,2024-12-29 19:43:17.178963
05919,0000,1158,106,2024-12-29 19:43:17.194946
04866,0000,1157,106,2024-12-29 19:43:17.226717
02348,0000,1158,106,2024-12-29 19:43:17.242960
54317,0000,1158,106,2024-12-29 19:43:17.258939
02999,0000,1158,106,2024-12-29 19:43:17.274944
24688,0000,1158,106,2024-12-29 19:43:17.290936
05076,0000,1158,106,2024-12-29 19:43:17.306948
04457,0000,1158,106,2024-12-29 19:43:17.322928
16886,0001,1158,106,2024-12-29 19:43:17.338934
02509,0000,1158,106,2024-12-29 19:43:17.354927
11694,0000,1158,106,2024-12-29 19:43:17.386358
25716,0000,1157,106,2024-12-29 19:43:17.402921
03020,0000,1158,106,2024-12-29 19:43:17.418917
03843,0000,1158,106,2024-12-29 19:43:17.434914
48824,0000,1158,106,2024-12-29 19:43:17.450913
01447,0000,1158,106,2024-12-29 19:43:17.466902
04353,0000,1158,106,2024-12-29 19:43:17.482907
02827,0000,1157,106,2024-12-29 19:43:17.498906
38367,0000,1158,106,2024-12-29 19:43:17.514910
05357,0000,1158,106,2024-12-29 19:43:17.530900
22632,0000,1158,106,2024-12-29 19:43:17.562769
03602,0000,1158,106,2024-12-29 19:43:17.578906
05993,0000,1158,106,2024-12-29 19:43:17.594889
05813,0001,1158,106,2024-12-29 19:43:17.610881
20407,0000,1158,106,2024-12-29 19:43:17.626885
22172,0000,1158,106,2024-12-29 19:43:17.642877
23339,0000,1158,106,2024-12-29 19:43:17.658884
47300,0000,1158,106,2024-12-29 19:43:17.674883
04678,0000,1158,106,2024-12-29 19:43:17.690883
04758,0000,1158,106,2024-12-29 19:43:17.722396
12348,0000,1158,106,2024-12-29 19:43:17.738869
05359,0000,1158,106,2024-12-29 19:43:17.754870
15610,0000,1158,106,2024-12-29 19:43:17.770864
02134,0000,1158,106,2024-12-29 19:43:17.786874
03073,0000,1157,106,2024-12-29 19:43:17.802865
03714,0000,1158,106,2024-12-29 19:43:17.818861
04492,0000,1158,106,2024-12-29 19:43:17.834854
04205,0000,1158,106,2024-12-29 19:43:17.850847
32998,0000,1158,106,2024-12-29 19:43:17.866851
00615,0000,1158,106,2024-12-29 19:43:17.898819
16093,0001,1158,106,2024-12-29 19:43:17.914839
12456,0000,1158,106,2024-12-29 19:43:17.930837
10993,0000,1158,106,2024-12-29 19:43:17.946841
04505,0000,1158,106,2024-12-29 19:43:17.962847
29997,0000,1158,106,2024-12-29 19:43:17.978829
12991,0000,1158,106,2024-12-29 19:43:17.994826
02076,0000,1158,106,2024-12-29 19:43:18.010819
01328,0000,1158,106,2024-12-29 19:43:18.026825
42698,0000,1158,106,2024-12-29 19:43:18.058460
01379,0000,1158,106,2024-12-29 19:43:18.074820
40888,0000,1158,106,2024-12-29 19:43:18.090825
01462,0000,1158,106,2024-12-29 19:43:18.106809
10198,0000,1158,106,2024-12-29 19:43:18.122800
27851,0000,1158,106,2024-12-29 19:43:18.138843
05460,0000,1158,106,2024-12-29 19:43:18.154803
00605,0000,1158,106,2024-12-29 19:43:18.170798
04670,0000,1158,106,2024-12-29 19:43:18.186789
02216,0000,1158,106,2024-12-29 19:43:18.202798
09675,0000,1158,106,2024-12-29 19:43:18.234787
05245,0000,1158,106,2024-12-29 19:43:18.250811
02352,0000,1158,106,2024-12-29 19:43:18.266791
01444,0000,1158,106,2024-12-29 19:43:18.282782
02208,0000,1158,106,2024-12-29 19:43:18.298784
04899,0000,1158,106,2024-12-29 19:43:18.314776
