DIST,AMP,TEMP,VOLT,Timestamp
34504,0000,1212,106,2024-12-30 05:41:16.920558
04599,0000,1212,106,2024-12-30 05:41:16.921331
13141,0000,1212,106,2024-12-30 05:41:16.922041
10477,0000,1212,106,2024-12-30 05:41:16.922770
08300,0000,1212,106,2024-12-30 05:41:16.923472
53920,0000,1212,106,2024-12-30 05:41:16.924173
02233,0000,1212,106,2024-12-30 05:41:16.924873
08664,0000,1212,106,2024-12-30 05:41:16.925572
00968,0000,1212,106,2024-12-30 05:41:16.926272
02983,0000,1212,106,2024-12-30 05:41:16.926982
34584,0000,1212,106,2024-12-30 05:41:16.927685
00706,0000,1212,106,2024-12-30 05:41:16.928387
05496,0000,1212,106,2024-12-30 05:41:16.929091
00708,0000,1212,106,2024-12-30 05:41:16.929798
04679,0000,1212,106,2024-12-30 05:41:16.930532
20298,0000,1212,106,2024-12-30 05:41:16.931258
15383,0000,1212,106,2024-12-30 05:41:16.931962
20239,0000,1212,106,2024-12-30 05:41:16.932663
18566,0001,1212,106,2024-12-30 05:41:16.933361
13349,0000,1212,106,2024-12-30 05:41:16.934060
53044,0000,1212,106,2024-12-30 05:41:16.934770
01356,0000,1212,106,2024-12-30 05:41:16.935471
12333,0000,1212,106,2024-12-30 05:41:16.936169
40897,0000,1212,106,2024-12-30 05:41:16.936871
03839,0001,1212,106,2024-12-30 05:41:16.937576
10879,0000,1212,106,2024-12-30 05:41:16.938280
03028,0000,1212,106,2024-12-30 05:41:16.938990
03831,0000,1212,106,2024-12-30 05:41:16.939694
09905,0000,1212,106,2024-12-30 05:41:16.940398
05859,0000,1212,106,2024-12-30 05:41:16.941095
14410,0000,1212,106,2024-12-30 05:41:16.941797
02000,0000,1212,106,2024-12-30 05:41:16.942505
50715,0000,1212,106,2024-12-30 05:41:16.943210
19361,0000,1212,106,2024-12-30 05:41:16.943910
02017,0000,1212,106,2024-12-30 05:41:16.944610
23294,0000,1212,106,2024-12-30 05:41:16.945309
05319,0000,1212,106,2024-12-30 05:41:16.946024
03001,0000,1212,106,2024-12-30 05:41:16.946786
44023,0000,1212,106,2024-12-30 05:41:16.947516
20976,0000,1212,106,2024-12-30 05:41:16.948258
33841,0000,1212,106,2024-12-30 05:41:16.949055
59831,0000,1212,106,2024-12-30 05:41:16.950082
02111,0000,1211,106,2024-12-30 05:41:16.950869
02239,0000,1212,106,2024-12-30 05:41:16.951572
21051,0000,1212,106,2024-12-30 05:41:16.952287
02955,0000,1212,106,2024-12-30 05:41:16.953062
32290,0001,1212,106,2024-12-30 05:41:16.953769
48855,0000,1212,106,2024-12-30 05:41:16.954500
00855,0000,1212,106,2024-12-30 05:41:16.955211
06877,0000,1212,106,2024-12-30 05:41:16.955912
01883,0000,1212,106,2024-12-30 05:41:16.956610
03912,0000,1212,106,2024-12-30 05:41:16.957305
59174,0000,1212,106,2024-12-30 05:41:16.958003
02197,0000,1212,106,2024-12-30 05:41:16.958715
03867,0000,1212,106,2024-12-30 05:41:16.959421
47924,0000,1212,106,2024-12-30 05:41:16.960123
01811,0000,1212,106,2024-12-30 05:41:16.960821
00855,0000,1212,106,2024-12-30 05:41:16.961518
54817,0000,1212,106,2024-12-30 05:41:16.962216
06369,0000,1212,106,2024-12-30 05:41:16.962925
05224,0000,1212,106,2024-12-30 05:41:16.963620
13320,0000,1212,106,2024-12-30 05:41:16.964315
33136,0000,1212,106,2024-12-30 05:41:16.965010
61883,0000,1212,106,2024-12-30 05:41:16.965705
03800,0001,1212,106,2024-12-30 05:41:16.966405
04602,0000,1212,106,2024-12-30 05:41:16.967114
30830,0000,1212,106,2024-12-30 05:41:16.967810
15607,0000,1212,106,2024-12-30 05:41:16.968509
50112,0000,1212,106,2024-12-30 05:41:16.969211
61533,0000,1212,106,2024-12-30 05:41:16.969907
05287,0000,1212,106,2024-12-30 05:41:16.970614
00444,0000,1212,106,2024-12-30 05:41:16.971311
00302,0000,1212,106,2024-12-30 05:41:16.972008
04596,0000,1212,106,2024-12-30 05:41:16.972702
16045,0000,1212,106,2024-12-30 05:41:16.973397
06940,0000,1212,106,2024-12-30 05:41:16.974098
14739,0000,1212,106,2024-12-30 05:41:16.974805
03743,0000,1212,106,2024-12-30 05:41:16.975507
03604,0000,1212,106,2024-12-30 05:41:16.976205
10847,0000,1212,106,2024-12-30 05:41:16.976905
04487,0000,1212,106,2024-12-30 05:41:16.977602
02833,0000,1212,106,2024-12-30 05:41:16.978297
01973,0000,1212,106,2024-12-30 05:41:16.979003
67768,0000,1213,106,2024-12-30 05:41:16.979702
55908,0000,1212,106,2024-12-30 05:41:16.980397
59973,0000,1212,106,2024-12-30 05:41:16.981091
31700,0000,1212,106,2024-12-30 05:41:16.981790
-0002,1941,1212,106,2024-12-30 05:41:16.982499
-0002,1931,1212,106,2024-12-30 05:41:16.983199
-0002,1908,1212,106,2024-12-30 05:41:16.990248
-0001,1919,1212,106,2024-12-30 05:41:17.006230
-0002,1930,1212,106,2024-12-30 05:41:17.022229
-0002,1937,1212,106,2024-12-30 05:41:17.038223
-0002,1937,1212,106,2024-12-30 05:41:17.054229
-0001,1922,1212,106,2024-12-30 05:41:17.086005
-0002,1953,1212,106,2024-12-30 05:41:17.102240
-0001,1937,1212,106,2024-12-30 05:41:17.118234
-0002,1937,1212,106,2024-12-30 05:41:17.134237
-0002,1928,1212,106,2024-12-30 05:41:17.150236
-0001,1945,1212,106,2024-12-30 05:41:17.166241
-0001,1932,1212,106,2024-12-30 05:41:17.182239
-0001,1937,1212,106,2024-12-30 05:41:17.198242
-0001,1941,1212,106,2024-12-30 05:41:17.214242
-0002,1934,1212,106,2024-12-30 05:41:17.245619
-0002,1949,1212,106,2024-12-30 05:41:17.262176
-0002,1947,1212,106,2024-12-30 05:41:17.278169
-0002,1947,1212,106,2024-12-30 05:41:17.294163
-0002,1938,1212,106,2024-12-30 05:41:17.310181
-0002,1939,1212,106,2024-12-30 05:41:17.326164
-0002,1941,1213,106,2024-12-30 05:41:17.342159
-0002,1952,1212,106,2024-12-30 05:41:17.358150
-0002,1934,1213,106,2024-12-30 05:41:17.374152
-0002,1936,1212,106,2024-12-30 05:41:17.390146
-0002,1931,1212,106,2024-12-30 05:41:17.422057
-0001,1950,1212,106,2024-12-30 05:41:17.438135
-0002,1928,1212,106,2024-12-30 05:41:17.454135
-0002,1922,1212,106,2024-12-30 05:41:17.470128
-0001,1925,1212,106,2024-12-30 05:41:17.486123
-0002,1942,1212,106,2024-12-30 05:41:17.502119
-0002,1941,1212,106,2024-12-30 05:41:17.518117
-0002,1946,1212,106,2024-12-30 05:41:17.534130
-0002,1939,1212,106,2024-12-30 05:41:17.550114
-0002,1929,1212,106,2024-12-30 05:41:17.581650
-0002,1920,1212,106,2024-12-30 05:41:17.598113
-0002,1932,1212,106,2024-12-30 05:41:17.614100
-0001,1942,1212,106,2024-12-30 05:41:17.630102
-0001,1927,1212,106,2024-12-30 05:41:17.646102
-0002,1931,1212,106,2024-12-30 05:41:17.662086
-0002,1935,1212,106,2024-12-30 05:41:17.678092
-0002,1937,1212,106,2024-12-30 05:41:17.694084
-0002,1928,1212,106,2024-12-30 05:41:17.710085
-0002,1919,1212,106,2024-12-30 05:41:17.726073
-0002,1925,1212,106,2024-12-30 05:41:17.758050
-0002,1942,1213,106,2024-12-30 05:41:17.774072
-0001,1942,1212,106,2024-12-30 05:41:17.790059
-0002,1927,1212,106,2024-12-30 05:41:17.806061
-0002,1916,1212,106,2024-12-30 05:41:17.822055
-0001,1920,1212,106,2024-12-30 05:41:17.838046
-0003,1920,1212,106,2024-12-30 05:41:17.854044
-0003,1919,1212,106,2024-12-30 05:41:17.870045
-0002,1927,1212,106,2024-12-30 05:41:17.886045
-0002,1915,1212,106,2024-12-30 05:41:17.917680
-0002,1922,1212,106,2024-12-30 05:41:17.934024
-0003,1934,1212,106,2024-12-30 05:41:17.950026
-0002,1913,1213,106,2024-12-30 05:41:17.966022
-0003,1916,1212,106,2024-12-30 05:41:17.982022
-0002,1916,1212,106,2024-12-30 05:41:17.998016
-0002,1927,1212,106,2024-12-30 05:41:18.014007
-0002,1919,1212,106,2024-12-30 05:41:18.030011
-0002,1941,1212,106,2024-12-30 05:41:18.045999
-0002,1939,1212,106,2024-12-30 05:41:18.077310
-0002,1927,1212,106,2024-12-30 05:41:18.093999
-0002,1900,1212,106,2024-12-30 05:41:18.109987
-0002,1924,1213,106,2024-12-30 05:41:18.125987
-0002,1933,1213,106,2024-12-30 05:41:18.141987
-0002,1919,1212,106,2024-12-30 05:41:18.157973
-0002,1940,1212,106,2024-12-30 05:41:18.173972
-0002,1940,1213,106,2024-12-30 05:41:18.189967
-0001,1940,1213,106,2024-12-30 05:41:18.205967
-0002,1931,1212,106,2024-12-30 05:41:18.221967
-0001,1933,1212,106,2024-12-30 05:41:18.253716
-0002,1928,1212,106,2024-12-30 05:41:18.269952
-0002,1924,1212,106,2024-12-30 05:41:18.285944
-0002,1916,1212,106,2024-12-30 05:41:18.301945
-0001,1920,1212,106,2024-12-30 05:41:18.317940
-0002,1924,1213,106,2024-12-30 05:41:18.333936
-0001,1943,1212,106,2024-12-30 05:41:18.349931
-0002,1936,1212,106,2024-12-30 05:41:18.365935
-0002,1930,1212,106,2024-12-30 05:41:18.381926
-0002,1941,1212,106,2024-12-30 05:41:18.413341
-0002,1918,1212,106,2024-12-30 05:41:18.429921
-0002,1945,1212,106,2024-12-30 05:41:18.445910
-0002,1936,1212,106,2024-12-30 05:41:18.461913
-0002,1929,1212,106,2024-12-30 05:41:18.477912
-0001,1929,1213,106,2024-12-30 05:41:18.493914
-0002,1923,1212,106,2024-12-30 05:41:18.509913
-0002,1953,1212,106,2024-12-30 05:41:18.525894
-0001,1942,1212,106,2024-12-30 05:41:18.541890
-0002,1953,1212,106,2024-12-30 05:41:18.557892
-0002,1907,1213,106,2024-12-30 05:41:18.589726
-0002,1917,1212,106,2024-12-30 05:41:18.605884
-0002,1932,1212,106,2024-12-30 05:41:18.621880
-0002,1921,1213,106,2024-12-30 05:41:18.637865
-0002,1925,1212,106,2024-12-30 05:41:18.653878
-0001,1942,1212,106,2024-12-30 05:41:18.669863
-0001,1928,1212,106,2024-12-30 05:41:18.685856
-0001,1920,1212,106,2024-12-30 05:41:18.701861
-0001,1916,1212,106,2024-12-30 05:41:18.717853
-0002,1939,1213,106,2024-12-30 05:41:18.749357
-0001,1924,1212,106,2024-12-30 05:41:18.765837
-0002,1926,1212,106,2024-12-30 05:41:18.781837
-0002,1917,1212,106,2024-12-30 05:41:18.797828
-0002,1932,1212,106,2024-12-30 05:41:18.813833
-0002,1911,1213,106,2024-12-30 05:41:18.829825
-0002,1932,1213,106,2024-12-30 05:41:18.845835
-0002,1922,1213,106,2024-12-30 05:41:18.861828
-0002,1943,1213,106,2024-12-30 05:41:18.877819
-0002,1919,1213,106,2024-12-30 05:41:18.893820
-0001,1913,1212,106,2024-12-30 05:41:18.925759
-0002,1930,1213,106,2024-12-30 05:41:18.941808
-0001,1929,1213,106,2024-12-30 05:41:18.957808
-0002,1925,1213,106,2024-12-30 05:41:18.973805
-0002,1929,1213,106,2024-12-30 05:41:18.989799
-0002,1919,1212,106,2024-12-30 05:41:19.005797
-0002,1941,1212,106,2024-12-30 05:41:19.021788
-0002,1912,1213,106,2024-12-30 05:41:19.037781
-0001,1933,1213,106,2024-12-30 05:41:19.053779
-0002,1922,1213,106,2024-12-30 05:41:19.085367
-0002,1936,1213,106,2024-12-30 05:41:19.101778
-0002,1916,1212,106,2024-12-30 05:41:19.117761
-0002,1937,1213,106,2024-12-30 05:41:19.133757
-0002,1934,1212,106,2024-12-30 05:41:19.149762
-0002,1921,1212,106,2024-12-30 05:41:19.165751
-0002,1928,1213,106,2024-12-30 05:41:19.181755
-0002,1926,1213,106,2024-12-30 05:41:19.197747
-0001,1926,1213,106,2024-12-30 05:41:19.213749
-0002,1921,1213,106,2024-12-30 05:41:19.229750
-0002,1929,1213,106,2024-12-30 05:41:19.261742
-0002,1928,1213,106,2024-12-30 05:41:19.277733
-0002,1914,1213,106,2024-12-30 05:41:19.293728
-0002,1915,1213,106,2024-12-30 05:41:19.309728
-0002,1913,1212,106,2024-12-30 05:41:19.325728
-0001,1921,1213,106,2024-12-30 05:41:19.341726
-0002,1913,1213,106,2024-12-30 05:41:19.357711
-0002,1935,1213,106,2024-12-30 05:41:19.373716
-0002,1930,1213,106,2024-12-30 05:41:19.389706
-0002,1919,1213,106,2024-12-30 05:41:19.421400
-0003,1915,1212,106,2024-12-30 05:41:19.437697
-0002,1912,1213,106,2024-12-30 05:41:19.453691
-0002,1945,1213,106,2024-12-30 05:41:19.469686
-0002,1933,1213,106,2024-12-30 05:41:19.485684
-0001,1927,1213,106,2024-12-30 05:41:19.501676
-0001,1926,1212,106,2024-12-30 05:41:19.517672
-0002,1925,1213,106,2024-12-30 05:41:19.533669
-0002,1939,1213,106,2024-12-30 05:41:19.549667
-0001,1924,1213,106,2024-12-30 05:41:19.581037
-0001,1942,1213,106,2024-12-30 05:41:19.597674
-0002,1939,1213,106,2024-12-30 05:41:19.613654
-0001,1934,1213,106,2024-12-30 05:41:19.629650
-0002,1922,1213,106,2024-12-30 05:41:19.645655
-0003,1934,1212,106,2024-12-30 05:41:19.661655
-0001,1913,1212,106,2024-12-30 05:41:19.677650
-0002,1912,1212,106,2024-12-30 05:41:19.693650
-0002,1924,1213,106,2024-12-30 05:41:19.709649
-0001,1932,1213,106,2024-12-30 05:41:19.725634
-0001,1925,1213,106,2024-12-30 05:41:19.757417
-0002,1928,1213,106,2024-12-30 05:41:19.773625
-0002,1923,1213,106,2024-12-30 05:41:19.789620
-0002,1935,1213,106,2024-12-30 05:41:19.805616
-0002,1922,1213,106,2024-12-30 05:41:19.821611
-0002,1944,1213,106,2024-12-30 05:41:19.837609
-0002,1930,1213,106,2024-12-30 05:41:19.853609
-0002,1939,1213,106,2024-12-30 05:41:19.869600
-0002,1932,1213,106,2024-12-30 05:41:19.885592
-0003,1925,1212,106,2024-12-30 05:41:19.917067
-0002,1932,1213,106,2024-12-30 05:41:19.933586
-0002,1940,1213,106,2024-12-30 05:41:19.949585
-0002,1921,1213,106,2024-12-30 05:41:19.965598
-0001,1940,1213,106,2024-12-30 05:41:19.981597
-0001,1946,1213,106,2024-12-30 05:41:19.997600
-0002,1946,1213,106,2024-12-30 05:41:20.013599
-0002,1928,1213,106,2024-12-30 05:41:20.029599
-0001,1922,1213,106,2024-12-30 05:41:20.045612
-0001,1920,1213,106,2024-12-30 05:41:20.061608
-0001,1923,1213,106,2024-12-30 05:41:20.093478
-0002,1922,1213,106,2024-12-30 05:41:20.109617
-0002,1926,1212,106,2024-12-30 05:41:20.125617
-0001,1922,1213,106,2024-12-30 05:41:20.141544
-0002,1923,1213,106,2024-12-30 05:41:20.157542
-0002,1942,1213,106,2024-12-30 05:41:20.173536
-0002,1935,1213,106,2024-12-30 05:41:20.189541
-0002,1942,1213,106,2024-12-30 05:41:20.205531
-0002,1915,1212,106,2024-12-30 05:41:20.221534
-0001,1943,1212,106,2024-12-30 05:41:20.253076
-0002,1910,1212,106,2024-12-30 05:41:20.269521
-0002,1929,1213,106,2024-12-30 05:41:20.285515
-0002,1909,1212,106,2024-12-30 05:41:20.301526
-0001,1934,1213,106,2024-12-30 05:41:20.317516
-0002,1922,1213,106,2024-12-30 05:41:20.333501
-0001,1898,1213,106,2024-12-30 05:41:20.349497
-0002,1946,1213,106,2024-12-30 05:41:20.365499
-0002,1925,1213,106,2024-12-30 05:41:20.381492
-0002,1916,1213,106,2024-12-30 05:41:20.397481
-0002,1924,1213,106,2024-12-30 05:41:20.429469
-0002,1921,1213,106,2024-12-30 05:41:20.445478
-0002,1908,1213,106,2024-12-30 05:41:20.461475
-0003,1917,1213,106,2024-12-30 05:41:20.477466
-0002,1921,1212,106,2024-12-30 05:41:20.493466
-0002,1911,1212,106,2024-12-30 05:41:20.509460
-0002,1922,1213,106,2024-12-30 05:41:20.525464
-0002,1914,1213,106,2024-12-30 05:41:20.541467
-0002,1923,1213,106,2024-12-30 05:41:20.557460
-0001,1947,1213,106,2024-12-30 05:41:20.589093
-0002,1932,1213,106,2024-12-30 05:41:20.605454
-0002,1902,1213,106,2024-12-30 05:41:20.621441
-0001,1911,1213,106,2024-12-30 05:41:20.637439
-0002,1925,1213,106,2024-12-30 05:41:20.653423
-0002,1918,1213,106,2024-12-30 05:41:20.669437
-0001,1919,1213,106,2024-12-30 05:41:20.685436
-0002,1915,1213,106,2024-12-30 05:41:20.701421
-0002,1929,1213,106,2024-12-30 05:41:20.717422
-0002,1931,1213,106,2024-12-30 05:41:20.748731
-0003,1932,1213,106,2024-12-30 05:41:20.765412
-0002,1915,1213,106,2024-12-30 05:41:20.781409
-0002,1894,1213,106,2024-12-30 05:41:20.797411
-0001,1906,1213,106,2024-12-30 05:41:20.813413
-0003,1928,1213,106,2024-12-30 05:41:20.829397
-0002,1911,1213,106,2024-12-30 05:41:20.845389
-0002,1921,1213,106,2024-12-30 05:41:20.861391
-0001,1905,1213,106,2024-12-30 05:41:20.877384
-0002,1916,1213,106,2024-12-30 05:41:20.893383
-0002,1923,1213,106,2024-12-30 05:41:20.925128
-0002,1914,1213,106,2024-12-30 05:41:20.941371
-0002,1912,1213,106,2024-12-30 05:41:20.957367
-0003,1918,1213,106,2024-12-30 05:41:20.973369
-0002,1912,1213,106,2024-12-30 05:41:20.989356
-0002,1899,1213,106,2024-12-30 05:41:21.005359
-0002,1902,1213,106,2024-12-30 05:41:21.021351
-0001,1910,1213,106,2024-12-30 05:41:21.037348
-0001,1906,1213,106,2024-12-30 05:41:21.053356
-0002,1889,1213,106,2024-12-30 05:41:21.084761
-0001,1921,1213,106,2024-12-30 05:41:21.101334
-0002,1911,1213,106,2024-12-30 05:41:21.117331
-0002,1908,1213,106,2024-12-30 05:41:21.133326
-0002,1912,1213,106,2024-12-30 05:41:21.149321
-0002,1892,1213,106,2024-12-30 05:41:21.165326
-0002,1894,1213,106,2024-12-30 05:41:21.181346
-0002,1886,1213,106,2024-12-30 05:41:21.197333
-0002,1893,1213,106,2024-12-30 05:41:21.213301
-0002,1904,1213,106,2024-12-30 05:41:21.229312
-0002,1894,1213,106,2024-12-30 05:41:21.261148
-0002,1913,1213,106,2024-12-30 05:41:21.277297
-0001,1908,1212,106,2024-12-30 05:41:21.293285
-0001,1915,1213,106,2024-12-30 05:41:21.309306
-0002,1875,1213,106,2024-12-30 05:41:21.325288
-0002,1903,1213,106,2024-12-30 05:41:21.341283
-0003,1888,1213,106,2024-12-30 05:41:21.357276
-0002,1895,1213,106,2024-12-30 05:41:21.373273
-0002,1903,1213,106,2024-12-30 05:41:21.389266
-0002,1920,1213,106,2024-12-30 05:41:21.420801
-0002,1874,1213,106,2024-12-30 05:41:21.437264
-0002,1893,1213,106,2024-12-30 05:41:21.453263
-0002,1895,1213,106,2024-12-30 05:41:21.469252
-0002,1887,1213,106,2024-12-30 05:41:21.485261
-0001,1888,1213,106,2024-12-30 05:41:21.501252
-0002,1899,1213,106,2024-12-30 05:41:21.517247
-0001,1888,1213,106,2024-12-30 05:41:21.533250
-0002,1882,1213,106,2024-12-30 05:41:21.549238
-0002,1886,1213,106,2024-12-30 05:41:21.565252
-0001,1899,1213,106,2024-12-30 05:41:21.597176
-0002,1883,1213,106,2024-12-30 05:41:21.613224
-0002,1891,1212,106,2024-12-30 05:41:21.629219
-0001,1892,1213,106,2024-12-30 05:41:21.645218
-0002,1886,1213,106,2024-12-30 05:41:21.661210
-0002,1890,1212,106,2024-12-30 05:41:21.677213
-0002,1893,1213,106,2024-12-30 05:41:21.693207
-0001,1896,1213,106,2024-12-30 05:41:21.709204
-0002,1898,1213,106,2024-12-30 05:41:21.725197
-0002,1875,1213,106,2024-12-30 05:41:21.756802
-0002,1890,1213,106,2024-12-30 05:41:21.773197
-0001,1888,1213,106,2024-12-30 05:41:21.789197
-0002,1873,1213,106,2024-12-30 05:41:21.805180
-0002,1879,1213,106,2024-12-30 05:41:21.821181
-0001,1880,1213,106,2024-12-30 05:41:21.837171
-0002,1875,1213,106,2024-12-30 05:41:21.853167
-0001,1898,1213,106,2024-12-30 05:41:21.869169
-0002,1858,1213,106,2024-12-30 05:41:21.885171
-0002,1875,1213,106,2024-12-30 05:41:21.901167
-0001,1891,1213,106,2024-12-30 05:41:21.933156
-0002,1872,1212,106,2024-12-30 05:41:21.949147
-0002,1881,1213,106,2024-12-30 05:41:21.965153
-0001,1869,1213,106,2024-12-30 05:41:21.981143
-0001,1890,1213,106,2024-12-30 05:41:21.997145
-0001,1882,1213,106,2024-12-30 05:41:22.013137
-0001,1888,1213,106,2024-12-30 05:41:22.029134
-0002,1870,1213,106,2024-12-30 05:41:22.045136
-0002,1882,1213,106,2024-12-30 05:41:22.061128
-0002,1867,1213,106,2024-12-30 05:41:22.092825
-0001,1860,1213,106,2024-12-30 05:41:22.109122
-0001,1876,1213,106,2024-12-30 05:41:22.125119
-0001,1869,1213,106,2024-12-30 05:41:22.141116
-0002,1877,1213,106,2024-12-30 05:41:22.157119
-0002,1867,1213,106,2024-12-30 05:41:22.173103
-0002,1857,1213,106,2024-12-30 05:41:22.189104
-0001,1849,1213,106,2024-12-30 05:41:22.205101
-0001,1857,1213,106,2024-12-30 05:41:22.221094
-0001,1854,1212,106,2024-12-30 05:41:22.252457
-0002,1864,1213,106,2024-12-30 05:41:22.269087
-0001,1882,1213,106,2024-12-30 05:41:22.285094
-0001,1856,1213,106,2024-12-30 05:41:22.301080
-0001,1878,1213,106,2024-12-30 05:41:22.317063
-0001,1863,1213,106,2024-12-30 05:41:22.333074
-0001,1864,1213,106,2024-12-30 05:41:22.349063
-0001,1858,1213,106,2024-12-30 05:41:22.365064
-0002,1852,1212,106,2024-12-30 05:41:22.381059
-0001,1865,1213,106,2024-12-30 05:41:22.397056
-0001,1865,1213,106,2024-12-30 05:41:22.428848
-0001,1857,1213,106,2024-12-30 05:41:22.445051
-0002,1864,1213,106,2024-12-30 05:41:22.461039
-0001,1843,1212,106,2024-12-30 05:41:22.477043
-0001,1847,1213,106,2024-12-30 05:41:22.493034
-0001,1852,1213,106,2024-12-30 05:41:22.509038
-0002,1858,1213,106,2024-12-30 05:41:22.525034
-0002,1874,1213,106,2024-12-30 05:41:22.541016
-0001,1849,1213,106,2024-12-30 05:41:22.557020
-0001,1836,1213,106,2024-12-30 05:41:22.588495
-0001,1849,1213,106,2024-12-30 05:41:22.605005
-0001,1847,1213,106,2024-12-30 05:41:22.621005
-0002,1853,1213,106,2024-12-30 05:41:22.637005
-0001,1850,1213,106,2024-12-30 05:41:22.653013
-0001,1860,1213,106,2024-12-30 05:41:22.669003
-0001,1870,1213,106,2024-12-30 05:41:22.684993
-0002,1858,1213,106,2024-12-30 05:41:22.700986
-0002,1856,1213,106,2024-12-30 05:41:22.716980
-0002,1846,1213,106,2024-12-30 05:41:22.732982
-0001,1850,1213,106,2024-12-30 05:41:22.764890
-0001,1847,1213,106,2024-12-30 05:41:22.780977
-0001,1833,1213,106,2024-12-30 05:41:22.796981
-0001,1849,1213,106,2024-12-30 05:41:22.812967
-0001,1853,1213,106,2024-12-30 05:41:22.828963
-0001,1866,1213,106,2024-12-30 05:41:22.844957
-0002,1833,1213,106,2024-12-30 05:41:22.860958
-0001,1838,1213,106,2024-12-30 05:41:22.876957
-0001,1851,1213,106,2024-12-30 05:41:22.892954
-0001,1825,1213,106,2024-12-30 05:41:22.924520
-0001,1851,1213,106,2024-12-30 05:41:22.940963
-0001,1856,1213,106,2024-12-30 05:41:22.956964
-0001,1847,1213,106,2024-12-30 05:41:22.972962
-0002,1858,1213,106,2024-12-30 05:41:22.988965
-0001,1842,1212,106,2024-12-30 05:41:23.004969
-0001,1850,1213,106,2024-12-30 05:41:23.020978
-0002,1847,1213,106,2024-12-30 05:41:23.036979
-0001,1856,1213,106,2024-12-30 05:41:23.052977
-0001,1854,1212,106,2024-12-30 05:41:23.068984
-0001,1829,1213,106,2024-12-30 05:41:23.100903
-0001,1815,1213,106,2024-12-30 05:41:23.116906
-0002,1855,1213,106,2024-12-30 05:41:23.132905
-0001,1835,1213,106,2024-12-30 05:41:23.148901
-0001,1841,1213,106,2024-12-30 05:41:23.164892
-0001,1848,1213,106,2024-12-30 05:41:23.180894
-0001,1836,1213,106,2024-12-30 05:41:23.196890
-0002,1839,1213,106,2024-12-30 05:41:23.212884
-0001,1827,1213,106,2024-12-30 05:41:23.228877
-0002,1844,1213,106,2024-12-30 05:41:23.260549
-0001,1832,1213,106,2024-12-30 05:41:23.276865
-0001,1839,1213,106,2024-12-30 05:41:23.292867
-0001,1843,1212,106,2024-12-30 05:41:23.308866
-0001,1839,1213,106,2024-12-30 05:41:23.324859
00000,1830,1213,106,2024-12-30 05:41:23.340850
-0001,1844,1213,106,2024-12-30 05:41:23.356849
-0001,1816,1213,106,2024-12-30 05:41:23.372850
-0001,1849,1213,106,2024-12-30 05:41:23.388836
-0001,1843,1213,106,2024-12-30 05:41:23.420164
-0001,1849,1213,106,2024-12-30 05:41:23.436837
-0001,1844,1212,106,2024-12-30 05:41:23.452823
-0001,1836,1213,106,2024-12-30 05:41:23.468826
-0001,1841,1212,106,2024-12-30 05:41:23.484829
-0001,1855,1213,106,2024-12-30 05:41:23.500811
-0001,1833,1213,106,2024-12-30 05:41:23.516822
00000,1846,1213,106,2024-12-30 05:41:23.532804
00000,1845,1213,106,2024-12-30 05:41:23.548812
-0001,1857,1213,106,2024-12-30 05:41:23.564797
-0001,1863,1213,106,2024-12-30 05:41:23.596546
00000,1842,1213,106,2024-12-30 05:41:23.612797
-0001,1832,1213,106,2024-12-30 05:41:23.628798
00000,1845,1213,106,2024-12-30 05:41:23.644784
00000,1855,1213,106,2024-12-30 05:41:23.660788
-0001,1865,1213,106,2024-12-30 05:41:23.676789
-0001,1880,1213,106,2024-12-30 05:41:23.692786
-0001,1840,1213,106,2024-12-30 05:41:23.708764
-0001,1841,1213,106,2024-12-30 05:41:23.724774
-0001,1842,1213,106,2024-12-30 05:41:23.756179
-0001,1843,1213,106,2024-12-30 05:41:23.772759
-0001,1847,1213,106,2024-12-30 05:41:23.788749
-0001,1847,1213,106,2024-12-30 05:41:23.804755
00000,1841,1213,106,2024-12-30 05:41:23.820743
-0001,1856,1213,106,2024-12-30 05:41:23.836735
-0001,1850,1213,106,2024-12-30 05:41:23.852746
-0001,1857,1213,106,2024-12-30 05:41:23.868735
-0001,1851,1212,106,2024-12-30 05:41:23.884735
-0001,1858,1213,106,2024-12-30 05:41:23.900727
-0001,1854,1213,106,2024-12-30 05:41:23.932577
00000,1860,1213,106,2024-12-30 05:41:23.948722
-0001,1851,1213,106,2024-12-30 05:41:23.964715
00000,1863,1213,106,2024-12-30 05:41:23.980711
-0001,1846,1212,106,2024-12-30 05:41:23.996716
00000,1847,1213,106,2024-12-30 05:41:24.012701
-0001,1859,1213,106,2024-12-30 05:41:24.028700
-0001,1847,1213,106,2024-12-30 05:41:24.044695
00000,1869,1213,106,2024-12-30 05:41:24.060692
-0001,1864,1213,106,2024-12-30 05:41:24.092209
-0001,1850,1213,106,2024-12-30 05:41:24.108699
-0001,1862,1213,106,2024-12-30 05:41:24.124679
-0001,1864,1213,106,2024-12-30 05:41:24.140670
-0001,1855,1212,106,2024-12-30 05:41:24.156669
-0001,1851,1213,106,2024-12-30 05:41:24.172665
-0001,1863,1213,106,2024-12-30 05:41:24.188669
-0001,1852,1213,106,2024-12-30 05:41:24.204658
-0001,1848,1212,106,2024-12-30 05:41:24.220661
00000,1860,1213,106,2024-12-30 05:41:24.236655
00000,1845,1213,106,2024-12-30 05:41:24.268595
-0001,1861,1213,106,2024-12-30 05:41:24.284642
-0001,1856,1212,106,2024-12-30 05:41:24.300653
00000,1849,1213,106,2024-12-30 05:41:24.316630
00000,1850,1213,106,2024-12-30 05:41:24.332631
-0001,1861,1213,106,2024-12-30 05:41:24.348640
-0001,1863,1212,106,2024-12-30 05:41:24.364621
-0001,1849,1213,106,2024-12-30 05:41:24.380622
-0001,1856,1213,106,2024-12-30 05:41:24.396625
00000,1855,1213,106,2024-12-30 05:41:24.428226
-0001,1862,1213,106,2024-12-30 05:41:24.444623
00000,1852,1212,106,2024-12-30 05:41:24.460613
-0001,1872,1212,106,2024-12-30 05:41:24.476596
00000,1853,1213,106,2024-12-30 05:41:24.492606
-0001,1871,1213,106,2024-12-30 05:41:24.508595
00000,1853,1212,106,2024-12-30 05:41:24.524595
00000,1849,1213,106,2024-12-30 05:41:24.540582
00000,1851,1213,106,2024-12-30 05:41:24.556585
-0001,1856,1212,106,2024-12-30 05:41:24.572574
00000,1867,1212,106,2024-12-30 05:41:24.604572
00000,1870,1212,106,2024-12-30 05:41:24.620565
-0001,1858,1213,106,2024-12-30 05:41:24.636566
-0001,1867,1213,106,2024-12-30 05:41:24.652567
-0001,1880,1212,106,2024-12-30 05:41:24.668562
00000,1860,1213,106,2024-12-30 05:41:24.684557
-0001,1856,1213,106,2024-12-30 05:41:24.700555
-0001,1854,1213,106,2024-12-30 05:41:24.716556
-0001,1858,1213,106,2024-12-30 05:41:24.732543
-0001,1854,1212,106,2024-12-30 05:41:24.764234
-0001,1882,1212,106,2024-12-30 05:41:24.780535
-0001,1868,1212,106,2024-12-30 05:41:24.796527
-0001,1882,1212,106,2024-12-30 05:41:24.812526
-0001,1883,1212,106,2024-12-30 05:41:24.828528
00000,1857,1212,106,2024-12-30 05:41:24.844512
-0001,1863,1213,106,2024-12-30 05:41:24.860520
-0001,1861,1213,106,2024-12-30 05:41:24.876509
-0001,1849,1213,106,2024-12-30 05:41:24.892517
00000,1868,1212,106,2024-12-30 05:41:24.923894
-0001,1877,1213,106,2024-12-30 05:41:24.940499
00000,1863,1212,106,2024-12-30 05:41:24.956493
-0001,1849,1213,106,2024-12-30 05:41:24.972498
00000,1872,1212,106,2024-12-30 05:41:24.988487
00000,1864,1213,106,2024-12-30 05:41:25.004494
-0001,1865,1212,106,2024-12-30 05:41:25.020485
-0001,1867,1213,106,2024-12-30 05:41:25.036480
00000,1865,1212,106,2024-12-30 05:41:25.052493
-0001,1863,1213,106,2024-12-30 05:41:25.068478
-0001,1870,1213,106,2024-12-30 05:41:25.100268
-0001,1862,1213,106,2024-12-30 05:41:25.116464
-0001,1856,1212,106,2024-12-30 05:41:25.132458
-0001,1864,1213,106,2024-12-30 05:41:25.148462
00000,1868,1212,106,2024-12-30 05:41:25.164459
-0001,1864,1213,106,2024-12-30 05:41:25.180452
-0001,1848,1212,106,2024-12-30 05:41:25.196453
-0001,1876,1212,106,2024-12-30 05:41:25.212437
-0001,1875,1213,106,2024-12-30 05:41:25.228436
-0001,1871,1213,106,2024-12-30 05:41:25.259909
-0001,1873,1212,106,2024-12-30 05:41:25.276427
-0001,1884,1212,106,2024-12-30 05:41:25.292423
-0001,1878,1213,106,2024-12-30 05:41:25.308443
-0001,1864,1212,106,2024-12-30 05:41:25.324428
-0001,1871,1213,106,2024-12-30 05:41:25.340415
-0002,1870,1213,106,2024-12-30 05:41:25.356415
00000,1867,1212,106,2024-12-30 05:41:25.372411
-0001,1880,1212,106,2024-12-30 05:41:25.388401
-0001,1862,1212,106,2024-12-30 05:41:25.404393
-0001,1867,1213,106,2024-12-30 05:41:25.436305
-0001,1904,1212,106,2024-12-30 05:41:25.452398
-0001,1892,1213,106,2024-12-30 05:41:25.468379
-0001,1889,1212,106,2024-12-30 05:41:25.484377
-0001,1894,1212,106,2024-12-30 05:41:25.500379
00000,1891,1212,106,2024-12-30 05:41:25.516381
-0001,1897,1213,106,2024-12-30 05:41:25.532375
-0001,1890,1212,106,2024-12-30 05:41:25.548369
-0001,1904,1212,106,2024-12-30 05:41:25.564370
-0001,1881,1213,106,2024-12-30 05:41:25.595935
-0001,1891,1212,106,2024-12-30 05:41:25.612355
-0001,1879,1213,106,2024-12-30 05:41:25.628345
-0001,1871,1212,106,2024-12-30 05:41:25.644344
-0001,1886,1213,106,2024-12-30 05:41:25.660347
-0001,1879,1212,106,2024-12-30 05:41:25.676336
-0001,1875,1213,106,2024-12-30 05:41:25.692330
-0001,1901,1212,106,2024-12-30 05:41:25.708329
00000,1902,1212,106,2024-12-30 05:41:25.724327
-0001,1883,1212,106,2024-12-30 05:41:25.740331
-0001,1876,1212,106,2024-12-30 05:41:25.772320
-0001,1881,1212,106,2024-12-30 05:41:25.788310
-0001,1892,1212,106,2024-12-30 05:41:25.804311
-0001,1893,1212,106,2024-12-30 05:41:25.820311
-0001,1876,1212,106,2024-12-30 05:41:25.836317
-0001,1884,1213,106,2024-12-30 05:41:25.852318
-0001,1911,1212,106,2024-12-30 05:41:25.868319
-0001,1897,1213,106,2024-12-30 05:41:25.884326
-0001,1890,1212,106,2024-12-30 05:41:25.900321
-0002,1889,1212,106,2024-12-30 05:41:25.931979
00000,1893,1213,106,2024-12-30 05:41:25.948331
00000,1906,1213,106,2024-12-30 05:41:25.964339
-0001,1887,1212,106,2024-12-30 05:41:25.980341
-0001,1899,1212,106,2024-12-30 05:41:25.996271
-0001,1899,1213,106,2024-12-30 05:41:26.012267
-0001,1881,1212,106,2024-12-30 05:41:26.028253
-0001,1890,1212,106,2024-12-30 05:41:26.044265
-0001,1870,1212,106,2024-12-30 05:41:26.060254
-0001,1888,1212,106,2024-12-30 05:41:26.091581
-0001,1885,1212,106,2024-12-30 05:41:26.108258
-0001,1892,1212,106,2024-12-30 05:41:26.124243
-0001,1889,1212,106,2024-12-30 05:41:26.140233
-0001,1885,1212,106,2024-12-30 05:41:26.156232
-0001,1884,1212,106,2024-12-30 05:41:26.172237
-0001,1887,1212,106,2024-12-30 05:41:26.188237
-0002,1903,1212,106,2024-12-30 05:41:26.204214
-0001,1879,1212,106,2024-12-30 05:41:26.220217
-0001,1899,1212,106,2024-12-30 05:41:26.236215
-0001,1894,1212,106,2024-12-30 05:41:26.267988
-0001,1908,1212,106,2024-12-30 05:41:26.284215
-0001,1880,1212,106,2024-12-30 05:41:26.300215
-0001,1878,1213,106,2024-12-30 05:41:26.316198
-0001,1885,1212,106,2024-12-30 05:41:26.332207
-0001,1912,1212,106,2024-12-30 05:41:26.348191
-0001,1903,1212,106,2024-12-30 05:41:26.364191
-0001,1885,1212,106,2024-12-30 05:41:26.380185
-0001,1882,1212,106,2024-12-30 05:41:26.396177
-0001,1897,1212,106,2024-12-30 05:41:26.427596
00000,1896,1212,106,2024-12-30 05:41:26.444175
-0001,1906,1212,106,2024-12-30 05:41:26.460163
-0001,1899,1213,106,2024-12-30 05:41:26.476172
-0001,1900,1212,106,2024-12-30 05:41:26.492160
-0001,1920,1212,106,2024-12-30 05:41:26.508163
-0001,1904,1212,106,2024-12-30 05:41:26.524153
-0001,1901,1212,106,2024-12-30 05:41:26.540153
-0001,1891,1212,106,2024-12-30 05:41:26.556155
-0001,1904,1212,106,2024-12-30 05:41:26.572138
-0001,1891,1212,106,2024-12-30 05:41:26.603997
-0001,1905,1212,106,2024-12-30 05:41:26.620143
-0001,1905,1212,106,2024-12-30 05:41:26.636132
-0001,1890,1212,106,2024-12-30 05:41:26.652128
-0001,1899,1212,106,2024-12-30 05:41:26.668131
-0001,1878,1212,106,2024-12-30 05:41:26.684117
-0001,1898,1212,106,2024-12-30 05:41:26.700121
-0001,1879,1212,106,2024-12-30 05:41:26.716113
-0001,1887,1213,106,2024-12-30 05:41:26.732115
-0001,1900,1212,106,2024-12-30 05:41:26.763635
00000,1887,1212,106,2024-12-30 05:41:26.780101
-0001,1902,1212,106,2024-12-30 05:41:26.796097
-0001,1889,1212,106,2024-12-30 05:41:26.812095
-0001,1886,1212,106,2024-12-30 05:41:26.828094
-0001,1894,1212,106,2024-12-30 05:41:26.844089
00000,1897,1212,106,2024-12-30 05:41:26.860083
-0001,1907,1212,106,2024-12-30 05:41:26.876082
-0001,1872,1212,106,2024-12-30 05:41:26.892078
00000,1895,1212,106,2024-12-30 05:41:26.908073
00000,1891,1212,106,2024-12-30 05:41:26.940029
-0001,1895,1212,106,2024-12-30 05:41:26.956062
-0001,1898,1212,106,2024-12-30 05:41:26.972069
-0002,1878,1212,106,2024-12-30 05:41:26.988055
-0001,1899,1212,106,2024-12-30 05:41:27.004061
-0001,1891,1212,106,2024-12-30 05:41:27.020055
-0001,1891,1212,106,2024-12-30 05:41:27.036056
-0001,1868,1212,106,2024-12-30 05:41:27.052042
-0001,1897,1212,106,2024-12-30 05:41:27.068046
-0001,1893,1212,106,2024-12-30 05:41:27.099651
-0001,1898,1212,106,2024-12-30 05:41:27.116033
-0001,1902,1212,106,2024-12-30 05:41:27.132025
-0001,1888,1213,106,2024-12-30 05:41:27.148022
-0002,1897,1212,106,2024-12-30 05:41:27.164016
-0001,1893,1212,106,2024-12-30 05:41:27.180017
-0001,1877,1212,106,2024-12-30 05:41:27.196012
-0001,1878,1212,106,2024-12-30 05:41:27.212011
-0002,1889,1212,106,2024-12-30 05:41:27.228002
-0002,1896,1212,106,2024-12-30 05:41:27.244017
-0001,1904,1212,106,2024-12-30 05:41:27.276006
-0001,1881,1212,106,2024-12-30 05:41:27.291987
-0002,1882,1212,106,2024-12-30 05:41:27.307983
-0001,1891,1212,106,2024-12-30 05:41:27.323984
-0001,1880,1212,106,2024-12-30 05:41:27.339977
-0001,1879,1212,106,2024-12-30 05:41:27.355975
00000,1878,1212,106,2024-12-30 05:41:27.371974
-0001,1876,1212,106,2024-12-30 05:41:27.387970
-0001,1868,1212,106,2024-12-30 05:41:27.403973
-0001,1877,1212,106,2024-12-30 05:41:27.435670
-0001,1885,1212,106,2024-12-30 05:41:27.451965
-0001,1871,1212,106,2024-12-30 05:41:27.467950
-0001,1870,1212,106,2024-12-30 05:41:27.483955
-0001,1874,1212,106,2024-12-30 05:41:27.499941
-0001,1880,1212,106,2024-12-30 05:41:27.515939
-0001,1867,1212,106,2024-12-30 05:41:27.531930
-0001,1875,1213,106,2024-12-30 05:41:27.547925
-0002,1875,1212,106,2024-12-30 05:41:27.563930
-0001,1873,1212,106,2024-12-30 05:41:27.595327
-0001,1879,1212,106,2024-12-30 05:41:27.611927
-0001,1875,1212,106,2024-12-30 05:41:27.627921
-0001,1856,1212,106,2024-12-30 05:41:27.643924
-0001,1869,1212,106,2024-12-30 05:41:27.659909
-0001,1883,1212,106,2024-12-30 05:41:27.675908
-0001,1875,1212,106,2024-12-30 05:41:27.691905
-0001,1865,1212,106,2024-12-30 05:41:27.707903
-0002,1889,1212,106,2024-12-30 05:41:27.723893
-0001,1870,1212,106,2024-12-30 05:41:27.739898
-0001,1885,1212,106,2024-12-30 05:41:27.771696
-0001,1879,1212,106,2024-12-30 05:41:27.787883
-0001,1872,1212,106,2024-12-30 05:41:27.803886
-0001,1881,1212,106,2024-12-30 05:41:27.819874
-0001,1875,1212,106,2024-12-30 05:41:27.835870
-0001,1867,1212,106,2024-12-30 05:41:27.851876
-0001,1869,1212,106,2024-12-30 05:41:27.867867
-0002,1886,1212,106,2024-12-30 05:41:27.883914
-0001,1878,1212,106,2024-12-30 05:41:27.899868
-0001,1895,1212,106,2024-12-30 05:41:27.931329
-0001,1876,1212,106,2024-12-30 05:41:27.947856
-0001,1877,1212,106,2024-12-30 05:41:27.963843
-0001,1893,1212,106,2024-12-30 05:41:27.979843
-0002,1890,1212,106,2024-12-30 05:41:27.995839
-0001,1877,1212,106,2024-12-30 05:41:28.011843
-0001,1885,1212,106,2024-12-30 05:41:28.027847
-0001,1885,1212,106,2024-12-30 05:41:28.043826
-0001,1863,1212,106,2024-12-30 05:41:28.059823
-0001,1883,1212,106,2024-12-30 05:41:28.075820
-0001,1847,1212,106,2024-12-30 05:41:28.107731
-0002,1886,1212,106,2024-12-30 05:41:28.123816
-0002,1878,1212,106,2024-12-30 05:41:28.139822
-0001,1868,1212,106,2024-12-30 05:41:28.155801
-0001,1899,1212,106,2024-12-30 05:41:28.171814
-0001,1867,1212,106,2024-12-30 05:41:28.187796
-0001,1878,1212,106,2024-12-30 05:41:28.203803
-0001,1866,1212,106,2024-12-30 05:41:28.219796
-0001,1888,1212,106,2024-12-30 05:41:28.235789
-0001,1885,1212,106,2024-12-30 05:41:28.267366
-0001,1884,1212,106,2024-12-30 05:41:28.283783
-0001,1877,1212,106,2024-12-30 05:41:28.299779
-0002,1859,1212,106,2024-12-30 05:41:28.315769
-0001,1882,1212,106,2024-12-30 05:41:28.331767
-0001,1870,1212,106,2024-12-30 05:41:28.347772
-0001,1877,1212,106,2024-12-30 05:41:28.363757
-0001,1858,1212,106,2024-12-30 05:41:28.379761
-0001,1879,1212,106,2024-12-30 05:41:28.395764
-0002,1882,1212,106,2024-12-30 05:41:28.411744
-0002,1874,1212,106,2024-12-30 05:41:28.443743
-0002,1890,1212,106,2024-12-30 05:41:28.459746
-0001,1891,1212,106,2024-12-30 05:41:28.475733
-0001,1862,1212,106,2024-12-30 05:41:28.491739
-0001,1871,1212,106,2024-12-30 05:41:28.507733
-0001,1866,1212,106,2024-12-30 05:41:28.523740
-0002,1868,1212,106,2024-12-30 05:41:28.539723
-0002,1887,1212,106,2024-12-30 05:41:28.555714
-0001,1874,1212,106,2024-12-30 05:41:28.571716
-0001,1880,1212,106,2024-12-30 05:41:28.603392
-0001,1891,1212,106,2024-12-30 05:41:28.619700
-0001,1878,1212,106,2024-12-30 05:41:28.635708
-0001,1873,1212,106,2024-12-30 05:41:28.651699
-0002,1867,1212,106,2024-12-30 05:41:28.667697
-0002,1873,1212,106,2024-12-30 05:41:28.683690
-0001,1872,1212,106,2024-12-30 05:41:28.699687
-0001,1869,1211,106,2024-12-30 05:41:28.715690
-0001,1852,1212,106,2024-12-30 05:41:28.731690
-0001,1867,1212,106,2024-12-30 05:41:28.763032
-0002,1875,1212,106,2024-12-30 05:41:28.779687
-0001,1894,1212,106,2024-12-30 05:41:28.795694
-0001,1892,1212,106,2024-12-30 05:41:28.811695
-0001,1881,1212,106,2024-12-30 05:41:28.827692
-0001,1859,1212,106,2024-12-30 05:41:28.843691
-0001,1870,1212,106,2024-12-30 05:41:28.859698
-0001,1849,1212,106,2024-12-30 05:41:28.875698
-0001,1886,1211,106,2024-12-30 05:41:28.891699
-0001,1876,1212,106,2024-12-30 05:41:28.907699
-0001,1893,1212,106,2024-12-30 05:41:28.939434
-0001,1896,1212,106,2024-12-30 05:41:28.955628
-0001,1888,1212,106,2024-12-30 05:41:28.971622
-0002,1886,1212,106,2024-12-30 05:41:28.987626
-0001,1873,1212,106,2024-12-30 05:41:29.003619
-0002,1886,1212,106,2024-12-30 05:41:29.019630
-0002,1865,1212,106,2024-12-30 05:41:29.035612
-0001,1863,1212,106,2024-12-30 05:41:29.051617
-0002,1878,1212,106,2024-12-30 05:41:29.067884
-0001,1885,1212,106,2024-12-30 05:41:29.099045
-0001,1880,1212,106,2024-12-30 05:41:29.115608
-0001,1881,1212,106,2024-12-30 05:41:29.131613
-0002,1870,1212,106,2024-12-30 05:41:29.147590
-0002,1864,1212,106,2024-12-30 05:41:29.163603
-0001,1869,1212,106,2024-12-30 05:41:29.179581
-0001,1860,1212,106,2024-12-30 05:41:29.195577
-0001,1876,1212,106,2024-12-30 05:41:29.211577
-0001,1876,1212,106,2024-12-30 05:41:29.227577
-0002,1882,1212,106,2024-12-30 05:41:29.243603
-0002,1880,1212,106,2024-12-30 05:41:29.275441
-0001,1896,1212,106,2024-12-30 05:41:29.291561
-0001,1868,1212,106,2024-12-30 05:41:29.307574
-0001,1876,1212,106,2024-12-30 05:41:29.323563
-0001,1877,1212,106,2024-12-30 05:41:29.339550
-0001,1883,1212,106,2024-12-30 05:41:29.355545
-0001,1876,1212,106,2024-12-30 05:41:29.371536
-0001,1875,1212,106,2024-12-30 05:41:29.387542
-0001,1868,1212,106,2024-12-30 05:41:29.403536
00000,1857,1212,106,2024-12-30 05:41:29.435069
-0001,1872,1212,106,2024-12-30 05:41:29.451524
-0001,1876,1212,106,2024-12-30 05:41:29.467522
-0001,1875,1212,106,2024-12-30 05:41:29.483523
-0001,1869,1211,106,2024-12-30 05:41:29.499524
-0001,1870,1212,106,2024-12-30 05:41:29.515516
-0001,1875,1211,106,2024-12-30 05:41:29.531513
-0001,1877,1212,106,2024-12-30 05:41:29.547503
-0001,1878,1212,106,2024-12-30 05:41:29.563498
-0001,1877,1212,106,2024-12-30 05:41:29.579499
-0001,1889,1212,106,2024-12-30 05:41:29.611458
-0001,1866,1212,106,2024-12-30 05:41:29.627488
-0001,1868,1212,106,2024-12-30 05:41:29.643485
-0001,1882,1211,106,2024-12-30 05:41:29.659479
-0001,1870,1212,106,2024-12-30 05:41:29.675475
-0001,1873,1212,106,2024-12-30 05:41:29.691473
-0001,1877,1211,106,2024-12-30 05:41:29.707478
-0001,1882,1212,106,2024-12-30 05:41:29.723468
-0001,1862,1211,106,2024-12-30 05:41:29.739464
-0001,1874,1211,106,2024-12-30 05:41:29.771084
-0001,1868,1212,106,2024-12-30 05:41:29.787456
-0001,1860,1212,106,2024-12-30 05:41:29.803451
-0002,1861,1212,106,2024-12-30 05:41:29.819455
-0001,1860,1212,106,2024-12-30 05:41:29.835445
-0001,1887,1212,106,2024-12-30 05:41:29.851445
-0001,1869,1212,106,2024-12-30 05:41:29.867449
-0002,1879,1211,106,2024-12-30 05:41:29.883437
-0001,1866,1211,106,2024-12-30 05:41:29.899436
00000,1870,1212,106,2024-12-30 05:41:29.930752
-0001,1859,1211,106,2024-12-30 05:41:29.947418
-0001,1866,1211,106,2024-12-30 05:41:29.963423
-0002,1862,1211,106,2024-12-30 05:41:29.979415
-0001,1850,1211,106,2024-12-30 05:41:29.995408
-0001,1855,1212,106,2024-12-30 05:41:30.011414
-0001,1853,1212,106,2024-12-30 05:41:30.027405
-0001,1873,1212,106,2024-12-30 05:41:30.043405
-0001,1879,1212,106,2024-12-30 05:41:30.059393
-0001,1864,1212,106,2024-12-30 05:41:30.075393
-0001,1864,1212,106,2024-12-30 05:41:30.107122
-0002,1860,1212,106,2024-12-30 05:41:30.123385
-0001,1875,1211,106,2024-12-30 05:41:30.139373
-0001,1880,1212,106,2024-12-30 05:41:30.155378
-0001,1859,1211,106,2024-12-30 05:41:30.171372
-0001,1852,1211,106,2024-12-30 05:41:30.187367
-0001,1859,1212,106,2024-12-30 05:41:30.203365
-0002,1863,1211,106,2024-12-30 05:41:30.219367
-0001,1855,1211,106,2024-12-30 05:41:30.235368
-0001,1850,1211,106,2024-12-30 05:41:30.266759
-0001,1869,1211,106,2024-12-30 05:41:30.283349
-0001,1863,1211,106,2024-12-30 05:41:30.299347
-0001,1867,1211,106,2024-12-30 05:41:30.315340
-0001,1856,1212,106,2024-12-30 05:41:30.331334
-0001,1847,1211,106,2024-12-30 05:41:30.347328
-0001,1860,1211,106,2024-12-30 05:41:30.363321
-0001,1856,1212,106,2024-12-30 05:41:30.379322
-0001,1865,1212,106,2024-12-30 05:41:30.395313
-0001,1851,1212,106,2024-12-30 05:41:30.411318
-0001,1860,1211,106,2024-12-30 05:41:30.443152
-0001,1856,1211,106,2024-12-30 05:41:30.459308
-0001,1856,1211,106,2024-12-30 05:41:30.475309
-0001,1853,1211,106,2024-12-30 05:41:30.491300
-0002,1876,1212,106,2024-12-30 05:41:30.507295
-0001,1863,1211,106,2024-12-30 05:41:30.523293
-0001,1864,1211,106,2024-12-30 05:41:30.539283
-0001,1838,1211,106,2024-12-30 05:41:30.555287
-0001,1837,1211,106,2024-12-30 05:41:30.571277
00000,1843,1211,106,2024-12-30 05:41:30.602779
-0001,1859,1211,106,2024-12-30 05:41:30.619275
-0002,1848,1211,106,2024-12-30 05:41:30.635270
-0001,1866,1211,106,2024-12-30 05:41:30.651271
-0001,1870,1211,106,2024-12-30 05:41:30.667263
-0001,1840,1211,106,2024-12-30 05:41:30.683258
-0001,1854,1211,106,2024-12-30 05:41:30.699259
-0002,1864,1211,106,2024-12-30 05:41:30.715258
-0001,1860,1212,106,2024-12-30 05:41:30.731251
-0001,1850,1212,106,2024-12-30 05:41:30.747251
-0002,1854,1211,106,2024-12-30 05:41:30.779163
-0001,1854,1211,106,2024-12-30 05:41:30.795238
-0002,1853,1211,106,2024-12-30 05:41:30.811225
-0001,1846,1211,106,2024-12-30 05:41:30.827228
-0001,1861,1211,106,2024-12-30 05:41:30.843222
-0002,1864,1212,106,2024-12-30 05:41:30.859221
-0001,1869,1211,106,2024-12-30 05:41:30.875210
-0001,1866,1211,106,2024-12-30 05:41:30.891216
-0002,1866,1211,106,2024-12-30 05:41:30.907208
-0001,1867,1211,106,2024-12-30 05:41:30.938797
-0002,1861,1211,106,2024-12-30 05:41:30.955206
-0001,1857,1211,106,2024-12-30 05:41:30.971206
-0002,1865,1211,106,2024-12-30 05:41:30.987185
-0001,1849,1211,106,2024-12-30 05:41:31.003195
-0001,1846,1211,106,2024-12-30 05:41:31.019186
-0001,1846,1211,106,2024-12-30 05:41:31.035175
-0001,1864,1211,106,2024-12-30 05:41:31.051180
-0001,1856,1211,106,2024-12-30 05:41:31.067181
-0002,1865,1211,106,2024-12-30 05:41:31.083180
-0001,1847,1211,106,2024-12-30 05:41:31.115170
-0001,1853,1211,106,2024-12-30 05:41:31.131164
-0001,1867,1211,106,2024-12-30 05:41:31.147164
-0001,1861,1211,106,2024-12-30 05:41:31.163155
-0001,1854,1211,106,2024-12-30 05:41:31.179148
-0002,1864,1211,106,2024-12-30 05:41:31.195152
-0001,1841,1211,106,2024-12-30 05:41:31.211139
-0001,1840,1211,106,2024-12-30 05:41:31.227147
-0001,1889,1211,106,2024-12-30 05:41:31.243148
-0001,1854,1211,106,2024-12-30 05:41:31.274816
-0001,1858,1211,106,2024-12-30 05:41:31.291137
-0001,1861,1211,106,2024-12-30 05:41:31.307128
-0001,1852,1211,106,2024-12-30 05:41:31.323131
-0001,1872,1211,106,2024-12-30 05:41:31.339128
-0001,1852,1211,106,2024-12-30 05:41:31.355122
-0001,1856,1211,106,2024-12-30 05:41:31.371124
-0001,1869,1211,106,2024-12-30 05:41:31.387113
-0002,1871,1211,106,2024-12-30 05:41:31.403109
-0001,1857,1211,106,2024-12-30 05:41:31.434459
-0001,1852,1211,106,2024-12-30 05:41:31.451104
-0001,1861,1211,106,2024-12-30 05:41:31.467097
-0001,1872,1211,106,2024-12-30 05:41:31.483095
-0001,1861,1211,106,2024-12-30 05:41:31.499088
-0001,1875,1211,106,2024-12-30 05:41:31.515092
-0001,1864,1211,106,2024-12-30 05:41:31.531082
-0001,1873,1211,106,2024-12-30 05:41:31.547085
-0002,1885,1211,106,2024-12-30 05:41:31.563084
-0001,1865,1211,106,2024-12-30 05:41:31.579076
-0002,1864,1211,106,2024-12-30 05:41:31.610835
-0002,1863,1211,106,2024-12-30 05:41:31.627057
-0001,1855,1211,106,2024-12-30 05:41:31.643058
-0002,1865,1211,106,2024-12-30 05:41:31.659058
-0002,1880,1211,106,2024-12-30 05:41:31.675053
-0002,1882,1211,106,2024-12-30 05:41:31.691050
-0001,1874,1211,106,2024-12-30 05:41:31.707075
-0001,1866,1211,106,2024-12-30 05:41:31.723052
-0001,1871,1211,106,2024-12-30 05:41:31.739057
-0001,1862,1211,106,2024-12-30 05:41:31.770500
-0002,1871,1211,106,2024-12-30 05:41:31.787065
-0002,1877,1211,106,2024-12-30 05:41:31.803065
-0001,1879,1211,106,2024-12-30 05:41:31.819070
-0002,1868,1211,106,2024-12-30 05:41:31.835066
-0001,1877,1211,106,2024-12-30 05:41:31.851068
-0001,1867,1211,106,2024-12-30 05:41:31.867072
-0001,1856,1211,106,2024-12-30 05:41:31.883084
-0001,1873,1211,106,2024-12-30 05:41:31.899004
-0001,1880,1212,106,2024-12-30 05:41:31.915009
-0001,1873,1211,106,2024-12-30 05:41:31.946866
-0001,1858,1211,106,2024-12-30 05:41:31.962996
-0001,1848,1211,106,2024-12-30 05:41:31.978978
-0001,1867,1211,106,2024-12-30 05:41:31.994984
-0002,1868,1211,106,2024-12-30 05:41:32.010977
00000,1901,1211,106,2024-12-30 05:41:32.026982
-0002,1865,1211,106,2024-12-30 05:41:32.042967
-0002,1866,1211,106,2024-12-30 05:41:32.058974
-0002,1878,1211,106,2024-12-30 05:41:32.074977
-0002,1863,1211,106,2024-12-30 05:41:32.106506
-0001,1871,1211,106,2024-12-30 05:41:32.122953
-0001,1863,1211,106,2024-12-30 05:41:32.138952
-0001,1861,1211,106,2024-12-30 05:41:32.154946
-0001,1869,1211,106,2024-12-30 05:41:32.170946
-0002,1866,1211,106,2024-12-30 05:41:32.186950
-0001,1872,1211,106,2024-12-30 05:41:32.202936
-0001,1878,1211,106,2024-12-30 05:41:32.218936
-0001,1881,1211,106,2024-12-30 05:41:32.234927
-0001,1883,1211,106,2024-12-30 05:41:32.250944
-0002,1868,1211,106,2024-12-30 05:41:32.282892
-0002,1873,1211,106,2024-12-30 05:41:32.298924
-0002,1868,1210,106,2024-12-30 05:41:32.314925
-0002,1883,1211,106,2024-12-30 05:41:32.330918
-0002,1856,1211,106,2024-12-30 05:41:32.346906
-0002,1870,1211,106,2024-12-30 05:41:32.362914
-0001,1858,1211,106,2024-12-30 05:41:32.378900
-0001,1870,1211,106,2024-12-30 05:41:32.394902
-0001,1876,1211,106,2024-12-30 05:41:32.410893
-0002,1874,1211,106,2024-12-30 05:41:32.442531
-0001,1859,1211,106,2024-12-30 05:41:32.458901
-0001,1877,1211,106,2024-12-30 05:41:32.474882
-0002,1861,1211,106,2024-12-30 05:41:32.490880
-0001,1883,1211,106,2024-12-30 05:41:32.506873
-0002,1862,1211,106,2024-12-30 05:41:32.522865
-0002,1861,1211,106,2024-12-30 05:41:32.538875
-0001,1861,1211,106,2024-12-30 05:41:32.554871
-0002,1864,1211,106,2024-12-30 05:41:32.570869
-0001,1864,1210,106,2024-12-30 05:41:32.586855
-0001,1875,1211,106,2024-12-30 05:41:32.618846
-0001,1886,1211,106,2024-12-30 05:41:32.634844
-0001,1872,1211,106,2024-12-30 05:41:32.650843
-0002,1885,1211,106,2024-12-30 05:41:32.666840
-0001,1872,1211,106,2024-12-30 05:41:32.682841
-0002,1881,1211,106,2024-12-30 05:41:32.698830
-0001,1880,1211,106,2024-12-30 05:41:32.714825
-0002,1884,1211,106,2024-12-30 05:41:32.730845
-0001,1875,1211,106,2024-12-30 05:41:32.746829
-0001,1877,1211,106,2024-12-30 05:41:32.778554
-0002,1859,1211,106,2024-12-30 05:41:32.794812
-0001,1867,1211,106,2024-12-30 05:41:32.810816
-0002,1863,1211,106,2024-12-30 05:41:32.826796
-0001,1880,1211,106,2024-12-30 05:41:32.842806
-0002,1875,1211,106,2024-12-30 05:41:32.858790
-0002,1855,1211,106,2024-12-30 05:41:32.874800
-0001,1874,1211,106,2024-12-30 05:41:32.890795
-0001,1870,1211,106,2024-12-30 05:41:32.906790
-0001,1867,1211,106,2024-12-30 05:41:32.938184
-0002,1872,1211,106,2024-12-30 05:41:32.954773
-0001,1879,1211,106,2024-12-30 05:41:32.970779
-0001,1872,1211,106,2024-12-30 05:41:32.986768
-0001,1858,1211,106,2024-12-30 05:41:33.002764
-0001,1877,1210,106,2024-12-30 05:41:33.018763
-0001,1856,1210,106,2024-12-30 05:41:33.034764
-0001,1869,1211,106,2024-12-30 05:41:33.050762
-0002,1883,1210,106,2024-12-30 05:41:33.066753
-0002,1886,1211,106,2024-12-30 05:41:33.082752
-0002,1861,1211,106,2024-12-30 05:41:33.114575
-0001,1874,1211,106,2024-12-30 05:41:33.130739
-0001,1869,1211,106,2024-12-30 05:41:33.146734
-0001,1865,1211,106,2024-12-30 05:41:33.162736
-0002,1878,1211,106,2024-12-30 05:41:33.178737
-0001,1873,1211,106,2024-12-30 05:41:33.194735
-0001,1878,1210,106,2024-12-30 05:41:33.210727
-0002,1888,1211,106,2024-12-30 05:41:33.226727
-0002,1878,1211,106,2024-12-30 05:41:33.242728
-0002,1856,1211,106,2024-12-30 05:41:33.274205
-0001,1880,1210,106,2024-12-30 05:41:33.290714
-0001,1866,1211,106,2024-12-30 05:41:33.306729
-0001,1864,1211,106,2024-12-30 05:41:33.322802
-0002,1881,1210,106,2024-12-30 05:41:33.338795
-0001,1877,1211,106,2024-12-30 05:41:33.354709
-0001,1885,1211,106,2024-12-30 05:41:33.370690
-0002,1890,1211,106,2024-12-30 05:41:33.386694
-0001,1856,1211,106,2024-12-30 05:41:33.402688
-0001,1877,1210,106,2024-12-30 05:41:33.418687
-0001,1871,1211,106,2024-12-30 05:41:33.450593
-0002,1871,1210,106,2024-12-30 05:41:33.466671
-0001,1861,1211,106,2024-12-30 05:41:33.482668
-0002,1883,1211,106,2024-12-30 05:41:33.498668
-0002,1878,1210,106,2024-12-30 05:41:33.514660
-0002,1872,1211,106,2024-12-30 05:41:33.530672
-0001,1873,1211,106,2024-12-30 05:41:33.546663
-0001,1880,1211,106,2024-12-30 05:41:33.562650
-0002,1878,1211,106,2024-12-30 05:41:33.578649
-0001,1870,1211,106,2024-12-30 05:41:33.610229
-0002,1898,1210,106,2024-12-30 05:41:33.626633
-0002,1874,1211,106,2024-12-30 05:41:33.642637
-0001,1880,1211,106,2024-12-30 05:41:33.658630
-0002,1878,1211,106,2024-12-30 05:41:33.674618
-0001,1868,1211,106,2024-12-30 05:41:33.690617
-0002,1889,1210,106,2024-12-30 05:41:33.706607
-0002,1873,1211,106,2024-12-30 05:41:33.722634
-0002,1859,1210,106,2024-12-30 05:41:33.738627
-0002,1857,1210,106,2024-12-30 05:41:33.754633
-0001,1868,1211,106,2024-12-30 05:41:33.786591
-0002,1885,1210,106,2024-12-30 05:41:33.802595
-0001,1881,1211,106,2024-12-30 05:41:33.818593
-0002,1858,1210,106,2024-12-30 05:41:33.834586
-0001,1892,1211,106,2024-12-30 05:41:33.850583
-0002,1862,1211,106,2024-12-30 05:41:33.866589
-0002,1852,1211,106,2024-12-30 05:41:33.882578
-0001,1884,1211,106,2024-12-30 05:41:33.898572
-0001,1877,1210,106,2024-12-30 05:41:33.914579
-0001,1866,1210,106,2024-12-30 05:41:33.946259
-0001,1868,1210,106,2024-12-30 05:41:33.962569
-0001,1881,1210,106,2024-12-30 05:41:33.978553
-0002,1869,1210,106,2024-12-30 05:41:33.994556
-0002,1882,1210,106,2024-12-30 05:41:34.010547
-0002,1870,1211,106,2024-12-30 05:41:34.026547
-0002,1868,1211,106,2024-12-30 05:41:34.042533
-0002,1872,1210,106,2024-12-30 05:41:34.058535
-0001,1872,1211,106,2024-12-30 05:41:34.074533
-0002,1863,1211,106,2024-12-30 05:41:34.105871
-0001,1868,1211,106,2024-12-30 05:41:34.122517
-0002,1865,1210,106,2024-12-30 05:41:34.138512
-0002,1838,1210,106,2024-12-30 05:41:34.154512
-0001,1863,1211,106,2024-12-30 05:41:34.170511
-0002,1852,1210,106,2024-12-30 05:41:34.186508
-0001,1872,1210,106,2024-12-30 05:41:34.202505
-0002,1847,1210,106,2024-12-30 05:41:34.218504
-0002,1863,1211,106,2024-12-30 05:41:34.234503
-0002,1871,1210,106,2024-12-30 05:41:34.250517
-0002,1859,1210,106,2024-12-30 05:41:34.282283
-0001,1873,1210,106,2024-12-30 05:41:34.298488
-0002,1862,1210,106,2024-12-30 05:41:34.314481
-0001,1867,1210,106,2024-12-30 05:41:34.330478
-0002,1862,1211,106,2024-12-30 05:41:34.346475
-0001,1852,1211,106,2024-12-30 05:41:34.362473
-0002,1856,1210,106,2024-12-30 05:41:34.378471
-0002,1858,1210,106,2024-12-30 05:41:34.394467
-0002,1865,1210,106,2024-12-30 05:41:34.410448
-0001,1867,1210,106,2024-12-30 05:41:34.441898
-0002,1855,1210,106,2024-12-30 05:41:34.458451
-0001,1855,1211,106,2024-12-30 05:41:34.474431
-0001,1859,1210,106,2024-12-30 05:41:34.490432
-0001,1847,1211,106,2024-12-30 05:41:34.506428
00000,1868,1210,106,2024-12-30 05:41:34.522418
-0002,1849,1211,106,2024-12-30 05:41:34.538421
-0002,1856,1210,106,2024-12-30 05:41:34.554421
-0002,1845,1211,106,2024-12-30 05:41:34.570409
-0002,1868,1210,106,2024-12-30 05:41:34.586412
-0002,1846,1210,106,2024-12-30 05:41:34.618282
-0002,1856,1210,106,2024-12-30 05:41:34.634433
-0002,1859,1210,106,2024-12-30 05:41:34.650416
-0002,1867,1210,106,2024-12-30 05:41:34.666416
-0002,1842,1210,106,2024-12-30 05:41:34.682410
-0002,1832,1210,106,2024-12-30 05:41:34.698411
-0002,1833,1210,106,2024-12-30 05:41:34.714411
-0002,1873,1210,106,2024-12-30 05:41:34.730423
-0002,1856,1210,106,2024-12-30 05:41:34.746432
-0001,1865,1210,106,2024-12-30 05:41:34.777956
-0002,1844,1210,106,2024-12-30 05:41:34.794437
-0001,1853,1210,106,2024-12-30 05:41:34.810437
-0002,1871,1210,106,2024-12-30 05:41:34.826370
-0001,1857,1210,106,2024-12-30 05:41:34.842357
-0002,1858,1210,106,2024-12-30 05:41:34.858355
-0002,1854,1210,106,2024-12-30 05:41:34.874350
-0002,1849,1210,106,2024-12-30 05:41:34.890349
-0002,1864,1211,106,2024-12-30 05:41:34.906338
-0001,1856,1210,106,2024-12-30 05:41:34.922342
-0001,1861,1211,106,2024-12-30 05:41:34.954312
-0002,1844,1210,106,2024-12-30 05:41:34.970329
-0002,1852,1210,106,2024-12-30 05:41:34.986327
-0002,1846,1210,106,2024-12-30 05:41:35.002331
-0001,1860,1211,106,2024-12-30 05:41:35.018312
-0002,1860,1210,106,2024-12-30 05:41:35.034318
-0002,1846,1210,106,2024-12-30 05:41:35.050309
-0003,1867,1210,106,2024-12-30 05:41:35.066314
-0001,1851,1210,106,2024-12-30 05:41:35.082312
-0002,1860,1210,106,2024-12-30 05:41:35.113932
-0001,1868,1210,106,2024-12-30 05:41:35.130296
-0001,1841,1210,106,2024-12-30 05:41:35.146293
-0001,1861,1210,106,2024-12-30 05:41:35.162283
-0002,1858,1210,106,2024-12-30 05:41:35.178289
-0002,1851,1210,106,2024-12-30 05:41:35.194282
-0001,1855,1210,106,2024-12-30 05:41:35.210282
-0002,1856,1210,106,2024-12-30 05:41:35.226272
-0002,1829,1210,106,2024-12-30 05:41:35.242285
-0001,1843,1210,106,2024-12-30 05:41:35.273579
-0002,1844,1210,106,2024-12-30 05:41:35.290259
-0002,1849,1210,106,2024-12-30 05:41:35.306256
-0001,1840,1210,106,2024-12-30 05:41:35.322249
-0002,1841,1210,106,2024-12-30 05:41:35.338252
-0001,1829,1210,106,2024-12-30 05:41:35.354254
-0001,1843,1210,106,2024-12-30 05:41:35.370238
-0001,1838,1210,106,2024-12-30 05:41:35.386232
-0002,1845,1210,106,2024-12-30 05:41:35.402239
-0001,1850,1210,106,2024-12-30 05:41:35.418231
-0001,1852,1210,106,2024-12-30 05:41:35.449983
-0001,1859,1210,106,2024-12-30 05:41:35.466229
-0001,1846,1210,106,2024-12-30 05:41:35.482229
-0002,1855,1210,106,2024-12-30 05:41:35.498211
-0001,1837,1210,106,2024-12-30 05:41:35.514216
-0002,1832,1210,106,2024-12-30 05:41:35.530205
-0001,1848,1210,106,2024-12-30 05:41:35.546195
-0002,1845,1210,106,2024-12-30 05:41:35.562201
-0001,1837,1210,106,2024-12-30 05:41:35.578192
-0001,1831,1210,106,2024-12-30 05:41:35.609591
-0002,1850,1210,106,2024-12-30 05:41:35.626187
-0001,1862,1210,106,2024-12-30 05:41:35.642177
-0001,1850,1210,106,2024-12-30 05:41:35.658171
-0001,1835,1210,106,2024-12-30 05:41:35.674171
-0001,1823,1210,106,2024-12-30 05:41:35.690177
-0001,1843,1210,106,2024-12-30 05:41:35.706167
-0002,1842,1210,106,2024-12-30 05:41:35.722174
-0002,1846,1210,106,2024-12-30 05:41:35.738186
-0002,1838,1210,106,2024-12-30 05:41:35.754161
-0001,1841,1210,106,2024-12-30 05:41:35.785992
-0002,1831,1210,106,2024-12-30 05:41:35.802143
-0002,1835,1210,106,2024-12-30 05:41:35.818150
-0001,1824,1210,106,2024-12-30 05:41:35.834146
-0001,1839,1210,106,2024-12-30 05:41:35.850141
-0002,1840,1210,106,2024-12-30 05:41:35.866189
-0001,1835,1210,106,2024-12-30 05:41:35.882164
-0002,1835,1210,106,2024-12-30 05:41:35.898141
-0002,1835,1210,106,2024-12-30 05:41:35.914116
-0002,1829,1210,106,2024-12-30 05:41:35.945623
-0001,1840,1210,106,2024-12-30 05:41:35.962112
-0001,1837,1210,106,2024-12-30 05:41:35.978109
-0002,1845,1210,106,2024-12-30 05:41:35.994140
-0002,1828,1210,106,2024-12-30 05:41:36.010114
-0001,1832,1210,106,2024-12-30 05:41:36.026101
-0002,1841,1210,106,2024-12-30 05:41:36.042094
-0001,1838,1210,106,2024-12-30 05:41:36.058083
-0001,1836,1210,106,2024-12-30 05:41:36.074089
-0001,1842,1210,106,2024-12-30 05:41:36.090090
-0001,1832,1210,106,2024-12-30 05:41:36.122025
-0002,1835,1210,106,2024-12-30 05:41:36.138077
-0002,1836,1210,106,2024-12-30 05:41:36.154074
-0001,1841,1210,106,2024-12-30 05:41:36.170055
-0002,1827,1210,106,2024-12-30 05:41:36.186064
-0001,1829,1210,106,2024-12-30 05:41:36.202075
-0001,1831,1210,106,2024-12-30 05:41:36.218066
-0002,1835,1210,106,2024-12-30 05:41:36.234047
-0001,1821,1210,106,2024-12-30 05:41:36.250069
-0002,1833,1210,106,2024-12-30 05:41:36.281643
-0002,1853,1210,106,2024-12-30 05:41:36.298041
-0001,1827,1210,106,2024-12-30 05:41:36.314065
-0002,1842,1210,106,2024-12-30 05:41:36.330040
-0001,1837,1210,106,2024-12-30 05:41:36.346033
-0001,1830,1210,106,2024-12-30 05:41:36.362030
-0001,1825,1210,106,2024-12-30 05:41:36.378022
-0001,1819,1210,106,2024-12-30 05:41:36.394017
-0001,1835,1210,106,2024-12-30 05:41:36.410034
-0001,1835,1209,106,2024-12-30 05:41:36.426014
-0001,1844,1210,106,2024-12-30 05:41:36.458012
-0001,1835,1210,106,2024-12-30 05:41:36.473998
-0002,1847,1210,106,2024-12-30 05:41:36.490004
-0002,1836,1209,106,2024-12-30 05:41:36.505990
-0001,1829,1210,106,2024-12-30 05:41:36.522008
-0001,1834,1210,106,2024-12-30 05:41:36.537988
-0001,1822,1210,106,2024-12-30 05:41:36.553983
-0001,1829,1210,106,2024-12-30 05:41:36.569985
-0001,1844,1210,106,2024-12-30 05:41:36.585975
-0002,1834,1210,106,2024-12-30 05:41:36.617697
-0001,1834,1210,106,2024-12-30 05:41:36.633979
-0001,1831,1210,106,2024-12-30 05:41:36.649963
-0002,1831,1210,106,2024-12-30 05:41:36.665964
-0001,1834,1210,106,2024-12-30 05:41:36.681954
-0001,1823,1210,106,2024-12-30 05:41:36.697940
-0001,1822,1210,106,2024-12-30 05:41:36.713944
-0001,1835,1210,106,2024-12-30 05:41:36.729949
-0001,1832,1209,106,2024-12-30 05:41:36.745950
-0001,1818,1210,106,2024-12-30 05:41:36.777305
-0001,1821,1210,106,2024-12-30 05:41:36.793926
-0002,1815,1210,106,2024-12-30 05:41:36.809926
-0001,1835,1210,106,2024-12-30 05:41:36.825968
-0001,1822,1210,106,2024-12-30 05:41:36.841927
-0001,1839,1210,106,2024-12-30 05:41:36.857916
-0001,1835,1209,106,2024-12-30 05:41:36.873910
-0001,1844,1210,106,2024-12-30 05:41:36.889911
-0001,1831,1210,106,2024-12-30 05:41:36.905918
-0002,1830,1210,106,2024-12-30 05:41:36.921908
-0002,1824,1210,106,2024-12-30 05:41:36.953682
-0002,1839,1210,106,2024-12-30 05:41:36.969898
-0001,1835,1209,106,2024-12-30 05:41:36.985891
-0001,1830,1210,106,2024-12-30 05:41:37.001880
-0001,1822,1210,106,2024-12-30 05:41:37.017882
-0001,1809,1209,106,2024-12-30 05:41:37.033890
-0001,1829,1210,106,2024-12-30 05:41:37.049881
-0001,1835,1210,106,2024-12-30 05:41:37.065867
-0001,1831,1210,106,2024-12-30 05:41:37.081876
-0001,1828,1210,106,2024-12-30 05:41:37.113328
-0001,1845,1210,106,2024-12-30 05:41:37.129857
-0001,1817,1210,106,2024-12-30 05:41:37.145865
-0001,1828,1210,106,2024-12-30 05:41:37.161851
-0001,1829,1210,106,2024-12-30 05:41:37.177849
-0001,1822,1209,106,2024-12-30 05:41:37.193850
-0001,1813,1209,106,2024-12-30 05:41:37.209831
-0001,1836,1210,106,2024-12-30 05:41:37.225830
-0002,1818,1209,106,2024-12-30 05:41:37.241868
-0002,1842,1209,106,2024-12-30 05:41:37.257848
-0001,1835,1210,106,2024-12-30 05:41:37.289726
-0001,1830,1210,106,2024-12-30 05:41:37.305842
-0001,1836,1210,106,2024-12-30 05:41:37.321813
-0002,1831,1210,106,2024-12-30 05:41:37.337820
-0001,1827,1209,106,2024-12-30 05:41:37.353876
-0002,1834,1210,106,2024-12-30 05:41:37.369824
-0002,1827,1210,106,2024-12-30 05:41:37.385820
-0001,1827,1209,106,2024-12-30 05:41:37.401807
-0002,1827,1209,106,2024-12-30 05:41:37.417800
-0002,1829,1210,106,2024-12-30 05:41:37.449351
-0001,1817,1209,106,2024-12-30 05:41:37.465822
-0002,1825,1210,106,2024-12-30 05:41:37.481784
-0001,1827,1210,106,2024-12-30 05:41:37.497777
00000,1838,1209,106,2024-12-30 05:41:37.513778
-0001,1845,1209,106,2024-12-30 05:41:37.529764
-0001,1839,1210,106,2024-12-30 05:41:37.545769
-0002,1834,1210,106,2024-12-30 05:41:37.561810
-0001,1834,1210,106,2024-12-30 05:41:37.577775
-0001,1836,1210,106,2024-12-30 05:41:37.593776
-0001,1824,1210,106,2024-12-30 05:41:37.625749
-0001,1822,1209,106,2024-12-30 05:41:37.641791
-0001,1842,1209,106,2024-12-30 05:41:37.657787
-0002,1827,1209,106,2024-12-30 05:41:37.673806
00000,1822,1210,106,2024-12-30 05:41:37.689790
-0001,1835,1209,106,2024-12-30 05:41:37.705803
-0001,1819,1209,106,2024-12-30 05:41:37.721788
-0001,1835,1209,106,2024-12-30 05:41:37.737733
-0001,1820,1210,106,2024-12-30 05:41:37.753718
00000,1826,1209,106,2024-12-30 05:41:37.785370
-0001,1827,1209,106,2024-12-30 05:41:37.801718
-0001,1817,1209,106,2024-12-30 05:41:37.817706
-0001,1838,1210,106,2024-12-30 05:41:37.833700
-0002,1818,1209,106,2024-12-30 05:41:37.849693
-0001,1834,1209,106,2024-12-30 05:41:37.865702
-0002,1822,1210,106,2024-12-30 05:41:37.881705
-0001,1817,1209,106,2024-12-30 05:41:37.897696
-0001,1826,1209,106,2024-12-30 05:41:37.913704
-0001,1825,1209,106,2024-12-30 05:41:37.944997
-0002,1841,1210,106,2024-12-30 05:41:37.961671
-0002,1806,1209,106,2024-12-30 05:41:37.977675
-0001,1831,1210,106,2024-12-30 05:41:37.993668
-0001,1840,1209,106,2024-12-30 05:41:38.009659
-0002,1829,1209,106,2024-12-30 05:41:38.025659
-0001,1833,1210,106,2024-12-30 05:41:38.041651
-0002,1809,1209,106,2024-12-30 05:41:38.057648
-0002,1803,1209,106,2024-12-30 05:41:38.073643
-0001,1826,1209,106,2024-12-30 05:41:38.089656
-0001,1807,1209,106,2024-12-30 05:41:38.121377
-0001,1829,1209,106,2024-12-30 05:41:38.137630
-0001,1836,1209,106,2024-12-30 05:41:38.153630
-0002,1834,1209,106,2024-12-30 05:41:38.169626
-0001,1834,1209,106,2024-12-30 05:41:38.185634
-0002,1829,1210,106,2024-12-30 05:41:38.201623
-0001,1843,1209,106,2024-12-30 05:41:38.217613
-0002,1816,1209,106,2024-12-30 05:41:38.233614
-0002,1822,1209,106,2024-12-30 05:41:38.249625
-0001,1831,1209,106,2024-12-30 05:41:38.281023
-0002,1841,1209,106,2024-12-30 05:41:38.297613
-0001,1829,1209,106,2024-12-30 05:41:38.313591
-0002,1844,1209,106,2024-12-30 05:41:38.329591
-0001,1851,1209,106,2024-12-30 05:41:38.345592
-0002,1838,1210,106,2024-12-30 05:41:38.361587
-0002,1835,1209,106,2024-12-30 05:41:38.377582
-0001,1819,1209,106,2024-12-30 05:41:38.393595
-0001,1817,1209,106,2024-12-30 05:41:38.409569
-0001,1836,1209,106,2024-12-30 05:41:38.425568
-0002,1826,1209,106,2024-12-30 05:41:38.457388
-0001,1823,1209,106,2024-12-30 05:41:38.473556
-0001,1817,1209,106,2024-12-30 05:41:38.489564
-0002,1830,1209,106,2024-12-30 05:41:38.505563
-0001,1830,1209,106,2024-12-30 05:41:38.521548
-0001,1828,1209,106,2024-12-30 05:41:38.537552
-0001,1831,1209,106,2024-12-30 05:41:38.553541
-0002,1823,1209,106,2024-12-30 05:41:38.569541
-0001,1839,1209,106,2024-12-30 05:41:38.585536
-0001,1836,1209,106,2024-12-30 05:41:38.617026
-0001,1838,1209,106,2024-12-30 05:41:38.633538
-0001,1824,1209,106,2024-12-30 05:41:38.649534
-0002,1814,1209,106,2024-12-30 05:41:38.665515
-0002,1822,1209,106,2024-12-30 05:41:38.681519
-0002,1823,1209,106,2024-12-30 05:41:38.697517
-0001,1830,1209,106,2024-12-30 05:41:38.713518
-0002,1839,1209,106,2024-12-30 05:41:38.729513
-0001,1824,1209,106,2024-12-30 05:41:38.745512
-0001,1831,1209,106,2024-12-30 05:41:38.761509
-0001,1848,1209,106,2024-12-30 05:41:38.793403
-0002,1828,1209,106,2024-12-30 05:41:38.809507
-0001,1820,1209,106,2024-12-30 05:41:38.825477
-0001,1825,1209,106,2024-12-30 05:41:38.841479
-0001,1822,1209,106,2024-12-30 05:41:38.857473
-0001,1825,1209,106,2024-12-30 05:41:38.873470
-0001,1833,1209,106,2024-12-30 05:41:38.889464
-0001,1829,1209,106,2024-12-30 05:41:38.905468
-0001,1842,1209,106,2024-12-30 05:41:38.921471
-0002,1831,1209,106,2024-12-30 05:41:38.953053
-0001,1825,1209,106,2024-12-30 05:41:38.969449
-0001,1839,1209,106,2024-12-30 05:41:38.985451
-0001,1819,1209,106,2024-12-30 05:41:39.001451
-0001,1835,1209,106,2024-12-30 05:41:39.017448
-0001,1848,1209,106,2024-12-30 05:41:39.033442
-0001,1821,1209,106,2024-12-30 05:41:39.049435
-0001,1841,1209,106,2024-12-30 05:41:39.065428
-0001,1838,1209,106,2024-12-30 05:41:39.081424
-0001,1827,1209,106,2024-12-30 05:41:39.097419
-0002,1819,1209,106,2024-12-30 05:41:39.129439
-0001,1839,1209,106,2024-12-30 05:41:39.145415
-0002,1816,1209,106,2024-12-30 05:41:39.161407
-0001,1839,1209,106,2024-12-30 05:41:39.177404
-0001,1834,1209,106,2024-12-30 05:41:39.193398
-0002,1831,1209,106,2024-12-30 05:41:39.209396
-0001,1819,1209,106,2024-12-30 05:41:39.225552
-0002,1850,1209,106,2024-12-30 05:41:39.241509
-0002,1840,1209,106,2024-12-30 05:41:39.257403
-0001,1837,1209,106,2024-12-30 05:41:39.289085
-0001,1825,1209,106,2024-12-30 05:41:39.305379
-0002,1844,1209,106,2024-12-30 05:41:39.321379
-0001,1846,1209,106,2024-12-30 05:41:39.337365
-0001,1827,1209,106,2024-12-30 05:41:39.353371
-0001,1828,1209,106,2024-12-30 05:41:39.369372
-0001,1838,1209,106,2024-12-30 05:41:39.385378
-0001,1833,1209,106,2024-12-30 05:41:39.401356
-0002,1837,1209,106,2024-12-30 05:41:39.417350
-0002,1830,1209,106,2024-12-30 05:41:39.448717
-0001,1833,1209,106,2024-12-30 05:41:39.465345
-0002,1828,1209,106,2024-12-30 05:41:39.481346
-0002,1829,1209,106,2024-12-30 05:41:39.497347
-0001,1830,1209,106,2024-12-30 05:41:39.513337
-0001,1829,1209,106,2024-12-30 05:41:39.529328
-0001,1836,1209,106,2024-12-30 05:41:39.545328
00000,1838,1209,106,2024-12-30 05:41:39.561321
-0001,1836,1209,106,2024-12-30 05:41:39.577321
-0002,1825,1209,106,2024-12-30 05:41:39.593319
-0002,1842,1209,106,2024-12-30 05:41:39.625100
-0001,1835,1209,106,2024-12-30 05:41:39.641308
-0001,1841,1209,106,2024-12-30 05:41:39.657307
-0001,1841,1209,106,2024-12-30 05:41:39.673292
-0001,1833,1209,106,2024-12-30 05:41:39.689300
-0002,1828,1209,106,2024-12-30 05:41:39.705294
-0002,1843,1209,106,2024-12-30 05:41:39.721290
-0001,1837,1209,106,2024-12-30 05:41:39.737297
-0002,1830,1209,106,2024-12-30 05:41:39.753296
-0001,1837,1208,106,2024-12-30 05:41:39.784719
-0002,1840,1209,106,2024-12-30 05:41:39.801271
-0002,1840,1209,106,2024-12-30 05:41:39.817265
-0001,1859,1209,106,2024-12-30 05:41:39.833265
-0001,1839,1209,106,2024-12-30 05:41:39.849265
-0002,1836,1209,106,2024-12-30 05:41:39.865262
-0002,1837,1209,106,2024-12-30 05:41:39.881253
-0002,1825,1209,106,2024-12-30 05:41:39.897243
-0002,1832,1209,106,2024-12-30 05:41:39.913242
-0002,1842,1209,106,2024-12-30 05:41:39.929240
-0002,1839,1209,106,2024-12-30 05:41:39.961104
-0002,1842,1209,106,2024-12-30 05:41:39.977233
-0002,1840,1209,106,2024-12-30 05:41:39.993223
-0001,1841,1209,106,2024-12-30 05:41:40.009220
-0002,1845,1209,106,2024-12-30 05:41:40.025214
-0001,1831,1209,106,2024-12-30 05:41:40.041219
-0001,1822,1209,106,2024-12-30 05:41:40.057215
-0001,1846,1209,106,2024-12-30 05:41:40.073220
-0001,1831,1209,106,2024-12-30 05:41:40.089211
-0002,1829,1209,106,2024-12-30 05:41:40.120778
-0001,1837,1209,106,2024-12-30 05:41:40.137197
-0002,1835,1209,106,2024-12-30 05:41:40.153183
-0001,1826,1209,106,2024-12-30 05:41:40.169193
-0001,1857,1208,106,2024-12-30 05:41:40.185180
-0001,1849,1209,106,2024-12-30 05:41:40.201182
-0001,1823,1209,106,2024-12-30 05:41:40.217183
-0002,1860,1208,106,2024-12-30 05:41:40.233182
-0001,1847,1209,106,2024-12-30 05:41:40.249183
-0002,1845,1209,106,2024-12-30 05:41:40.265179
-0002,1854,1209,106,2024-12-30 05:41:40.297157
-0002,1847,1209,106,2024-12-30 05:41:40.313170
-0002,1840,1209,106,2024-12-30 05:41:40.329156
-0002,1833,1208,106,2024-12-30 05:41:40.345151
-0002,1835,1208,106,2024-12-30 05:41:40.361144
-0001,1829,1209,106,2024-12-30 05:41:40.377145
-0002,1833,1208,106,2024-12-30 05:41:40.393135
-0002,1836,1209,106,2024-12-30 05:41:40.409142
-0001,1851,1209,106,2024-12-30 05:41:40.425132
-0002,1849,1209,106,2024-12-30 05:41:40.456763
-0002,1841,1209,106,2024-12-30 05:41:40.473136
-0001,1841,1209,106,2024-12-30 05:41:40.489136
-0002,1835,1209,106,2024-12-30 05:41:40.505136
-0002,1836,1209,106,2024-12-30 05:41:40.521138
-0001,1842,1209,106,2024-12-30 05:41:40.537142
-0002,1851,1208,106,2024-12-30 05:41:40.553135
-0001,1835,1208,106,2024-12-30 05:41:40.569141
-0002,1838,1209,106,2024-12-30 05:41:40.585143
-0001,1831,1208,106,2024-12-30 05:41:40.601146
-0002,1834,1209,106,2024-12-30 05:41:40.633149
-0001,1833,1209,106,2024-12-30 05:41:40.649155
-0001,1837,1208,106,2024-12-30 05:41:40.665082
-0001,1831,1209,106,2024-12-30 05:41:40.681084
-0002,1852,1208,106,2024-12-30 05:41:40.697072
-0002,1839,1208,106,2024-12-30 05:41:40.713078
-0001,1825,1208,106,2024-12-30 05:41:40.729069
-0001,1862,1208,106,2024-12-30 05:41:40.745072
-0002,1823,1208,106,2024-12-30 05:41:40.761061
-0002,1835,1208,106,2024-12-30 05:41:40.792796
-0002,1836,1209,106,2024-12-30 05:41:40.809053
-0001,1831,1209,106,2024-12-30 05:41:40.825050
-0002,1830,1209,106,2024-12-30 05:41:40.841049
-0002,1837,1208,106,2024-12-30 05:41:40.857031
-0001,1826,1209,106,2024-12-30 05:41:40.873039
-0001,1843,1208,106,2024-12-30 05:41:40.889033
-0001,1832,1209,106,2024-12-30 05:41:40.905041
-0002,1836,1208,106,2024-12-30 05:41:40.921021
-0001,1837,1209,106,2024-12-30 05:41:40.952429
-0002,1830,1209,106,2024-12-30 05:41:40.969023
-0002,1851,1208,106,2024-12-30 05:41:40.985014
-0001,1841,1209,106,2024-12-30 05:41:41.001006
-0002,1821,1209,106,2024-12-30 05:41:41.017008
-0002,1829,1208,106,2024-12-30 05:41:41.033002
-0002,1832,1208,106,2024-12-30 05:41:41.049010
-0002,1830,1208,106,2024-12-30 05:41:41.064997
-0001,1840,1208,106,2024-12-30 05:41:41.081002
-0002,1840,1209,106,2024-12-30 05:41:41.096995
-0002,1821,1209,106,2024-12-30 05:41:41.128811
-0002,1807,1208,106,2024-12-30 05:41:41.144976
-0001,1840,1208,106,2024-12-30 05:41:41.160979
-0002,1843,1208,106,2024-12-30 05:41:41.176969
-0001,1837,1208,106,2024-12-30 05:41:41.192970
-0002,1832,1208,106,2024-12-30 05:41:41.208974
-0001,1838,1209,106,2024-12-30 05:41:41.224956
-0002,1832,1209,106,2024-12-30 05:41:41.240974
-0002,1837,1208,106,2024-12-30 05:41:41.256945
-0001,1828,1209,106,2024-12-30 05:41:41.288457
-0001,1833,1208,106,2024-12-30 05:41:41.304954
-0001,1831,1208,106,2024-12-30 05:41:41.320946
-0001,1816,1208,106,2024-12-30 05:41:41.336945
-0001,1836,1208,106,2024-12-30 05:41:41.352937
-0001,1832,1209,106,2024-12-30 05:41:41.368933
-0002,1824,1209,106,2024-12-30 05:41:41.384932
-0002,1825,1208,106,2024-12-30 05:41:41.400926
-0002,1826,1208,106,2024-12-30 05:41:41.417140
-0001,1837,1208,106,2024-12-30 05:41:41.432939
-0002,1823,1208,106,2024-12-30 05:41:41.464845
-0002,1829,1208,106,2024-12-30 05:41:41.480914
-0002,1832,1209,106,2024-12-30 05:41:41.496899
-0001,1821,1208,106,2024-12-30 05:41:41.512905
-0002,1819,1208,106,2024-12-30 05:41:41.528893
-0002,1825,1209,106,2024-12-30 05:41:41.544889
-0002,1818,1209,106,2024-12-30 05:41:41.560889
-0002,1812,1208,106,2024-12-30 05:41:41.576892
-0001,1843,1208,106,2024-12-30 05:41:41.592890
-0002,1819,1209,106,2024-12-30 05:41:41.624474
-0002,1819,1208,106,2024-12-30 05:41:41.640877
-0001,1796,1208,106,2024-12-30 05:41:41.656871
-0002,1836,1208,106,2024-12-30 05:41:41.672880
-0001,1831,1208,106,2024-12-30 05:41:41.688878
-0001,1837,1208,106,2024-12-30 05:41:41.704877
-0001,1844,1208,106,2024-12-30 05:41:41.720859
-0001,1845,1209,106,2024-12-30 05:41:41.736862
-0001,1830,1208,106,2024-12-30 05:41:41.752856
-0002,1829,1208,106,2024-12-30 05:41:41.768852
-0002,1837,1208,106,2024-12-30 05:41:41.800839
00000,1825,1208,106,2024-12-30 05:41:41.816841
-0002,1828,1208,106,2024-12-30 05:41:41.832827
-0002,1827,1208,106,2024-12-30 05:41:41.848830
-0001,1817,1208,106,2024-12-30 05:41:41.864821
-0002,1821,1208,106,2024-12-30 05:41:41.880829
-0001,1827,1208,106,2024-12-30 05:41:41.896819
-0001,1806,1208,106,2024-12-30 05:41:41.912814
-0001,1833,1208,106,2024-12-30 05:41:41.928816
-0002,1807,1208,106,2024-12-30 05:41:41.960506
-0002,1822,1208,106,2024-12-30 05:41:41.976797
-0002,1827,1208,106,2024-12-30 05:41:41.992799
-0002,1828,1208,106,2024-12-30 05:41:42.008792
-0002,1807,1208,106,2024-12-30 05:41:42.024784
-0001,1818,1208,106,2024-12-30 05:41:42.040785
-0002,1822,1208,106,2024-12-30 05:41:42.056786
-0002,1804,1208,106,2024-12-30 05:41:42.072777
-0002,1824,1208,106,2024-12-30 05:41:42.088784
-0002,1822,1208,106,2024-12-30 05:41:42.120145
-0002,1820,1208,106,2024-12-30 05:41:42.136763
-0002,1817,1208,106,2024-12-30 05:41:42.152769
-0001,1818,1208,106,2024-12-30 05:41:42.168751
-0002,1814,1208,106,2024-12-30 05:41:42.184758
-0002,1810,1208,106,2024-12-30 05:41:42.200746
-0002,1809,1208,106,2024-12-30 05:41:42.216752
-0001,1805,1208,106,2024-12-30 05:41:42.232748
-0002,1823,1208,106,2024-12-30 05:41:42.248753
-0001,1827,1208,106,2024-12-30 05:41:42.264741
-0001,1823,1208,106,2024-12-30 05:41:42.296522
-0001,1825,1208,106,2024-12-30 05:41:42.312743
-0001,1813,1208,106,2024-12-30 05:41:42.328724
-0001,1818,1208,106,2024-12-30 05:41:42.344718
-0002,1818,1208,106,2024-12-30 05:41:42.360715
-0002,1820,1208,106,2024-12-30 05:41:42.376716
-0001,1811,1208,106,2024-12-30 05:41:42.392705
-0002,1818,1208,106,2024-12-30 05:41:42.408710
-0002,1829,1208,106,2024-12-30 05:41:42.424702
-0001,1801,1208,106,2024-12-30 05:41:42.456175
-0002,1803,1208,106,2024-12-30 05:41:42.472692
-0001,1806,1208,106,2024-12-30 05:41:42.488689
-0001,1818,1208,106,2024-12-30 05:41:42.504680
-0002,1817,1208,106,2024-12-30 05:41:42.520683
-0001,1804,1209,106,2024-12-30 05:41:42.536678
-0002,1811,1208,106,2024-12-30 05:41:42.552675
-0002,1816,1208,106,2024-12-30 05:41:42.568669
-0002,1815,1208,106,2024-12-30 05:41:42.584661
-0002,1807,1208,106,2024-12-30 05:41:42.600671
-0002,1805,1208,106,2024-12-30 05:41:42.632550
-0002,1803,1208,106,2024-12-30 05:41:42.648649
-0002,1817,1208,106,2024-12-30 05:41:42.664652
-0002,1805,1208,106,2024-12-30 05:41:42.680655
-0002,1821,1208,106,2024-12-30 05:41:42.696656
-0001,1807,1208,106,2024-12-30 05:41:42.712637
-0001,1838,1208,106,2024-12-30 05:41:42.728629
-0002,1809,1208,106,2024-12-30 05:41:42.744635
-0001,1817,1208,106,2024-12-30 05:41:42.760626
-0002,1814,1208,106,2024-12-30 05:41:42.792172
-0002,1800,1208,106,2024-12-30 05:41:42.808630
-0001,1842,1208,106,2024-12-30 05:41:42.824617
-0001,1816,1208,106,2024-12-30 05:41:42.840619
-0002,1804,1208,106,2024-12-30 05:41:42.856615
-0002,1807,1208,106,2024-12-30 05:41:42.872608
-0002,1813,1208,106,2024-12-30 05:41:42.888603
-0002,1819,1208,106,2024-12-30 05:41:42.904602
-0001,1818,1208,106,2024-12-30 05:41:42.920599
-0002,1799,1208,106,2024-12-30 05:41:42.936588
-0002,1824,1208,106,2024-12-30 05:41:42.968562
-0001,1814,1208,106,2024-12-30 05:41:42.984587
-0001,1818,1208,106,2024-12-30 05:41:43.000581
-0002,1816,1208,106,2024-12-30 05:41:43.016571
-0001,1817,1208,106,2024-12-30 05:41:43.032575
-0002,1825,1208,106,2024-12-30 05:41:43.048577
-0002,1818,1208,106,2024-12-30 05:41:43.064580
-0001,1817,1208,106,2024-12-30 05:41:43.080564
-0001,1843,1208,106,2024-12-30 05:41:43.096566
-0001,1820,1208,106,2024-12-30 05:41:43.128224
-0002,1824,1208,106,2024-12-30 05:41:43.144552
-0001,1822,1208,106,2024-12-30 05:41:43.160550
-0001,1814,1208,106,2024-12-30 05:41:43.176550
-0002,1808,1207,106,2024-12-30 05:41:43.192555
-0001,1810,1208,106,2024-12-30 05:41:43.208556
-0001,1801,1208,106,2024-12-30 05:41:43.224537
-0002,1814,1208,106,2024-12-30 05:41:43.240551
-0002,1817,1208,106,2024-12-30 05:41:43.256522
-0002,1810,1208,106,2024-12-30 05:41:43.287844
-0001,1809,1208,106,2024-12-30 05:41:43.304528
-0001,1826,1207,106,2024-12-30 05:41:43.320510
-0001,1828,1208,106,2024-12-30 05:41:43.336508
-0002,1815,1208,106,2024-12-30 05:41:43.352509
-0001,1818,1208,106,2024-12-30 05:41:43.368510
-0002,1827,1208,106,2024-12-30 05:41:43.384530
-0001,1823,1208,106,2024-12-30 05:41:43.400511
-0001,1814,1208,106,2024-12-30 05:41:43.416499
-0001,1824,1208,106,2024-12-30 05:41:43.432500
-0002,1801,1208,106,2024-12-30 05:41:43.464257
-0001,1812,1208,106,2024-12-30 05:41:43.480500
-0002,1825,1207,106,2024-12-30 05:41:43.496497
-0002,1819,1207,106,2024-12-30 05:41:43.512501
-0001,1829,1208,106,2024-12-30 05:41:43.528512
00000,1819,1208,106,2024-12-30 05:41:43.544508
-0001,1819,1208,106,2024-12-30 05:41:43.560512
-0001,1827,1208,106,2024-12-30 05:41:43.576512
-0001,1805,1208,106,2024-12-30 05:41:43.592515
-0002,1820,1208,106,2024-12-30 05:41:43.623887
-0002,1820,1208,106,2024-12-30 05:41:43.640441
-0001,1830,1208,106,2024-12-30 05:41:43.656438
-0001,1839,1208,106,2024-12-30 05:41:43.672432
-0001,1824,1208,106,2024-12-30 05:41:43.688434
-0002,1821,1208,106,2024-12-30 05:41:43.704425
-0001,1828,1208,106,2024-12-30 05:41:43.720429
-0001,1819,1208,106,2024-12-30 05:41:43.736417
-0001,1820,1208,106,2024-12-30 05:41:43.752416
-0001,1831,1208,106,2024-12-30 05:41:43.768417
-0001,1812,1208,106,2024-12-30 05:41:43.800264
-0001,1816,1208,106,2024-12-30 05:41:43.816403
-0001,1824,1208,106,2024-12-30 05:41:43.832410
-0001,1826,1208,106,2024-12-30 05:41:43.848400
00000,1810,1208,106,2024-12-30 05:41:43.864401
-0001,1824,1208,106,2024-12-30 05:41:43.880395
-0001,1830,1208,106,2024-12-30 05:41:43.896389
-0001,1812,1207,106,2024-12-30 05:41:43.912393
-0001,1813,1208,106,2024-12-30 05:41:43.928377
-0002,1817,1207,106,2024-12-30 05:41:43.959881
-0002,1818,1208,106,2024-12-30 05:41:43.976377
-0002,1809,1208,106,2024-12-30 05:41:43.992373
-0001,1816,1208,106,2024-12-30 05:41:44.008377
-0001,1828,1207,106,2024-12-30 05:41:44.024366
-0001,1812,1208,106,2024-12-30 05:41:44.040349
-0001,1812,1208,106,2024-12-30 05:41:44.056358
-0001,1817,1207,106,2024-12-30 05:41:44.072349
-0001,1813,1208,106,2024-12-30 05:41:44.088353
-0002,1819,1208,106,2024-12-30 05:41:44.104349
-0002,1822,1207,106,2024-12-30 05:41:44.136269
-0002,1823,1207,106,2024-12-30 05:41:44.152342
-0001,1810,1208,106,2024-12-30 05:41:44.168342
-0002,1805,1207,106,2024-12-30 05:41:44.184328
-0001,1814,1207,106,2024-12-30 05:41:44.200328
-0001,1813,1208,106,2024-12-30 05:41:44.216324
-0001,1813,1207,106,2024-12-30 05:41:44.232324
-0002,1823,1207,106,2024-12-30 05:41:44.248321
-0002,1823,1208,106,2024-12-30 05:41:44.264317
-0001,1830,1208,106,2024-12-30 05:41:44.295924
-0002,1832,1208,106,2024-12-30 05:41:44.312321
-0002,1815,1207,106,2024-12-30 05:41:44.328294
-0001,1811,1207,106,2024-12-30 05:41:44.344297
-0001,1812,1208,106,2024-12-30 05:41:44.360289
-0001,1811,1208,106,2024-12-30 05:41:44.376290
-0001,1824,1208,106,2024-12-30 05:41:44.392283
-0001,1810,1208,106,2024-12-30 05:41:44.408285
-0002,1817,1207,106,2024-12-30 05:41:44.424281
-0001,1806,1208,106,2024-12-30 05:41:44.440278
-0001,1808,1208,106,2024-12-30 05:41:44.472264
-0001,1820,1207,106,2024-12-30 05:41:44.488267
-0002,1813,1207,106,2024-12-30 05:41:44.504257
-0001,1817,1207,106,2024-12-30 05:41:44.520258
-0002,1803,1207,106,2024-12-30 05:41:44.536264
-0001,1807,1208,106,2024-12-30 05:41:44.552244
-0001,1826,1207,106,2024-12-30 05:41:44.568248
-0002,1805,1207,106,2024-12-30 05:41:44.584243
-0001,1814,1207,106,2024-12-30 05:41:44.600246
-0002,1812,1207,106,2024-12-30 05:41:44.631959
-0001,1815,1207,106,2024-12-30 05:41:44.648231
-0001,1803,1208,106,2024-12-30 05:41:44.664235
-0001,1813,1207,106,2024-12-30 05:41:44.680219
-0001,1804,1207,106,2024-12-30 05:41:44.696222
-0001,1793,1207,106,2024-12-30 05:41:44.712216
-0001,1795,1207,106,2024-12-30 05:41:44.728214
-0002,1801,1207,106,2024-12-30 05:41:44.744210
-0001,1813,1207,106,2024-12-30 05:41:44.760203
-0002,1809,1207,106,2024-12-30 05:41:44.791587
-0001,1798,1207,106,2024-12-30 05:41:44.808195
-0001,1813,1207,106,2024-12-30 05:41:44.824194
-0001,1794,1208,106,2024-12-30 05:41:44.840193
-0002,1811,1207,106,2024-12-30 05:41:44.856187
-0002,1795,1207,106,2024-12-30 05:41:44.872195
-0002,1799,1207,106,2024-12-30 05:41:44.888180
-0002,1812,1208,106,2024-12-30 05:41:44.904181
-0001,1807,1207,106,2024-12-30 05:41:44.920183
-0001,1816,1207,106,2024-12-30 05:41:44.936175
-0001,1814,1207,106,2024-12-30 05:41:44.967967
-0001,1831,1207,106,2024-12-30 05:41:44.984155
-0002,1797,1207,106,2024-12-30 05:41:45.000155
-0002,1830,1208,106,2024-12-30 05:41:45.016156
-0001,1796,1207,106,2024-12-30 05:41:45.032162
-0001,1815,1207,106,2024-12-30 05:41:45.048141
-0001,1810,1208,106,2024-12-30 05:41:45.064140
-0001,1824,1208,106,2024-12-30 05:41:45.080142
-0001,1803,1207,106,2024-12-30 05:41:45.096132
-0001,1807,1207,106,2024-12-30 05:41:45.127602
-0001,1804,1207,106,2024-12-30 05:41:45.144120
-0001,1807,1207,106,2024-12-30 05:41:45.160124
-0001,1826,1207,106,2024-12-30 05:41:45.176114
-0001,1814,1207,106,2024-12-30 05:41:45.192110
-0002,1803,1207,106,2024-12-30 05:41:45.208113
-0002,1804,1207,106,2024-12-30 05:41:45.224111
-0001,1802,1207,106,2024-12-30 05:41:45.240124
-0002,1816,1207,106,2024-12-30 05:41:45.256103
-0001,1813,1207,106,2024-12-30 05:41:45.272106
-0001,1806,1207,106,2024-12-30 05:41:45.303994
-0002,1807,1207,106,2024-12-30 05:41:45.320094
-0001,1800,1207,106,2024-12-30 05:41:45.336085
-0001,1789,1207,106,2024-12-30 05:41:45.352087
-0002,1818,1207,106,2024-12-30 05:41:45.368077
-0001,1808,1207,106,2024-12-30 05:41:45.384076
-0001,1810,1207,106,2024-12-30 05:41:45.400078
-0002,1801,1207,106,2024-12-30 05:41:45.416060
-0001,1800,1207,106,2024-12-30 05:41:45.432070
-0002,1794,1207,106,2024-12-30 05:41:45.463615
-0002,1807,1207,106,2024-12-30 05:41:45.480056
-0001,1787,1207,106,2024-12-30 05:41:45.496044
-0001,1810,1207,106,2024-12-30 05:41:45.512044
-0002,1801,1207,106,2024-12-30 05:41:45.528039
-0001,1786,1207,106,2024-12-30 05:41:45.544046
-0001,1787,1207,106,2024-12-30 05:41:45.560036
-0002,1800,1207,106,2024-12-30 05:41:45.576037
-0002,1796,1207,106,2024-12-30 05:41:45.592031
-0002,1814,1207,106,2024-12-30 05:41:45.608018
-0002,1816,1207,106,2024-12-30 05:41:45.640020
-0002,1806,1207,106,2024-12-30 05:41:45.656022
-0001,1794,1207,106,2024-12-30 05:41:45.672003
-0001,1780,1207,106,2024-12-30 05:41:45.687997
-0001,1792,1207,106,2024-12-30 05:41:45.704000
-0001,1792,1207,106,2024-12-30 05:41:45.719993
-0001,1785,1207,106,2024-12-30 05:41:45.735992
-0001,1787,1207,106,2024-12-30 05:41:45.751998
-0002,1781,1207,106,2024-12-30 05:41:45.767994
-0001,1803,1207,106,2024-12-30 05:41:45.799671
-0002,1802,1207,106,2024-12-30 05:41:45.815976
-0001,1798,1207,106,2024-12-30 05:41:45.831977
-0001,1807,1207,106,2024-12-30 05:41:45.847972
-0001,1798,1207,106,2024-12-30 05:41:45.863966
-0001,1794,1207,106,2024-12-30 05:41:45.879961
-0002,1793,1207,106,2024-12-30 05:41:45.895966
-0001,1797,1207,106,2024-12-30 05:41:45.911959
-0001,1821,1207,106,2024-12-30 05:41:45.927957
-0001,1812,1207,106,2024-12-30 05:41:45.959283
-0002,1794,1207,106,2024-12-30 05:41:45.975953
-0001,1800,1207,106,2024-12-30 05:41:45.991947
-0002,1801,1207,106,2024-12-30 05:41:46.007944
-0001,1818,1207,106,2024-12-30 05:41:46.024009
-0002,1791,1207,106,2024-12-30 05:41:46.039928
-0001,1809,1207,106,2024-12-30 05:41:46.055932
-0001,1797,1207,106,2024-12-30 05:41:46.071917
-0001,1797,1207,106,2024-12-30 05:41:46.087925
-0002,1801,1207,106,2024-12-30 05:41:46.103911
-0002,1803,1207,106,2024-12-30 05:41:46.135669
-0002,1790,1207,106,2024-12-30 05:41:46.151906
-0002,1809,1207,106,2024-12-30 05:41:46.167902
-0001,1796,1207,106,2024-12-30 05:41:46.183899
-0002,1803,1207,106,2024-12-30 05:41:46.199897
-0001,1788,1207,106,2024-12-30 05:41:46.215889
-0001,1797,1207,106,2024-12-30 05:41:46.231890
-0001,1809,1207,106,2024-12-30 05:41:46.247896
00000,1806,1207,106,2024-12-30 05:41:46.263887
-0001,1797,1207,106,2024-12-30 05:41:46.295317
-0002,1801,1207,106,2024-12-30 05:41:46.311871
-0002,1798,1207,106,2024-12-30 05:41:46.327862
-0002,1794,1207,106,2024-12-30 05:41:46.343869
-0001,1792,1207,106,2024-12-30 05:41:46.359856
-0002,1801,1207,106,2024-12-30 05:41:46.375862
-0001,1811,1207,106,2024-12-30 05:41:46.391861
-0002,1806,1207,106,2024-12-30 05:41:46.407865
-0001,1800,1207,106,2024-12-30 05:41:46.423865
-0001,1802,1207,106,2024-12-30 05:41:46.439877
-0002,1807,1207,106,2024-12-30 05:41:46.471734
-0001,1819,1207,106,2024-12-30 05:41:46.487877
-0001,1801,1207,106,2024-12-30 05:41:46.503881
-0002,1806,1207,106,2024-12-30 05:41:46.519886
-0001,1809,1207,106,2024-12-30 05:41:46.535889
-0001,1795,1207,106,2024-12-30 05:41:46.551883
-0002,1799,1207,106,2024-12-30 05:41:46.567887
-0002,1781,1207,106,2024-12-30 05:41:46.583814
-0001,1811,1207,106,2024-12-30 05:41:46.599804
-0001,1798,1207,106,2024-12-30 05:41:46.631328
-0002,1802,1207,106,2024-12-30 05:41:46.647803
-0001,1798,1207,106,2024-12-30 05:41:46.663803
-0002,1806,1207,106,2024-12-30 05:41:46.679796
-0002,1803,1207,106,2024-12-30 05:41:46.695787
-0001,1820,1207,106,2024-12-30 05:41:46.711794
-0002,1801,1207,106,2024-12-30 05:41:46.727790
-0001,1800,1207,106,2024-12-30 05:41:46.743787
-0001,1795,1207,106,2024-12-30 05:41:46.759786
-0001,1802,1207,106,2024-12-30 05:41:46.775770
-0002,1816,1207,106,2024-12-30 05:41:46.807714
-0001,1812,1207,106,2024-12-30 05:41:46.823767
-0001,1806,1207,106,2024-12-30 05:41:46.839767
-0002,1797,1207,106,2024-12-30 05:41:46.855760
-0001,1789,1207,106,2024-12-30 05:41:46.871760
-0001,1792,1206,106,2024-12-30 05:41:46.887746
-0002,1788,1207,106,2024-12-30 05:41:46.903745
-0001,1789,1207,106,2024-12-30 05:41:46.919742
-0002,1790,1206,106,2024-12-30 05:41:46.935746
-0001,1810,1207,106,2024-12-30 05:41:46.967358
-0002,1813,1207,106,2024-12-30 05:41:46.983731
-0002,1795,1207,106,2024-12-30 05:41:46.999717
-0001,1798,1207,106,2024-12-30 05:41:47.015723
-0002,1818,1207,106,2024-12-30 05:41:47.031712
-0001,1801,1207,106,2024-12-30 05:41:47.047717
-0001,1802,1207,106,2024-12-30 05:41:47.063707
-0001,1790,1207,106,2024-12-30 05:41:47.079716
-0002,1816,1207,106,2024-12-30 05:41:47.095707
-0001,1815,1207,106,2024-12-30 05:41:47.111704
-0001,1811,1207,106,2024-12-30 05:41:47.143684
-0001,1805,1207,106,2024-12-30 05:41:47.159699
-0002,1802,1207,106,2024-12-30 05:41:47.175691
-0001,1807,1207,106,2024-12-30 05:41:47.191691
-0001,1802,1207,106,2024-12-30 05:41:47.207684
-0002,1809,1207,106,2024-12-30 05:41:47.223687
-0002,1806,1207,106,2024-12-30 05:41:47.239695
-0002,1791,1207,106,2024-12-30 05:41:47.255670
-0001,1808,1206,106,2024-12-30 05:41:47.271674
-0001,1808,1206,106,2024-12-30 05:41:47.303380
-0001,1801,1207,106,2024-12-30 05:41:47.319658
-0002,1815,1207,106,2024-12-30 05:41:47.335644
-0001,1807,1207,106,2024-12-30 05:41:47.351647
-0001,1813,1207,106,2024-12-30 05:41:47.367645
-0001,1798,1207,106,2024-12-30 05:41:47.383645
-0002,1808,1206,106,2024-12-30 05:41:47.399640
-0001,1804,1206,106,2024-12-30 05:41:47.415640
-0001,1817,1207,106,2024-12-30 05:41:47.431631
-0002,1799,1207,106,2024-12-30 05:41:47.463013
-0001,1794,1206,106,2024-12-30 05:41:47.479622
-0001,1798,1206,106,2024-12-30 05:41:47.495623
-0001,1811,1207,106,2024-12-30 05:41:47.511609
-0001,1805,1207,106,2024-12-30 05:41:47.527618
-0002,1817,1206,106,2024-12-30 05:41:47.543609
-0002,1811,1207,106,2024-12-30 05:41:47.559611
-0002,1800,1206,106,2024-12-30 05:41:47.575603
-0001,1800,1206,106,2024-12-30 05:41:47.591593
-0002,1797,1206,106,2024-12-30 05:41:47.607601
-0002,1801,1206,106,2024-12-30 05:41:47.639411
-0002,1806,1206,106,2024-12-30 05:41:47.655582
-0002,1782,1207,106,2024-12-30 05:41:47.671585
-0002,1816,1207,106,2024-12-30 05:41:47.687577
-0002,1812,1206,106,2024-12-30 05:41:47.703579
-0001,1792,1206,106,2024-12-30 05:41:47.719569
-0001,1819,1207,106,2024-12-30 05:41:47.735565
-0001,1812,1207,106,2024-12-30 05:41:47.751571
-0002,1808,1207,106,2024-12-30 05:41:47.767554
-0001,1814,1206,106,2024-12-30 05:41:47.799027
-0001,1822,1207,106,2024-12-30 05:41:47.815549
-0001,1820,1207,106,2024-12-30 05:41:47.831546
-0002,1813,1207,106,2024-12-30 05:41:47.847546
-0002,1797,1207,106,2024-12-30 05:41:47.863552
-0001,1794,1206,106,2024-12-30 05:41:47.879536
-0001,1822,1206,106,2024-12-30 05:41:47.895536
-0002,1802,1206,106,2024-12-30 05:41:47.911521
-0001,1823,1207,106,2024-12-30 05:41:47.927531
-0002,1819,1207,106,2024-12-30 05:41:47.943520
-0002,1801,1206,106,2024-12-30 05:41:47.975413
-0002,1819,1207,106,2024-12-30 05:41:47.991508
-0001,1808,1206,106,2024-12-30 05:41:48.007505
-0001,1810,1207,106,2024-12-30 05:41:48.023503
-0002,1822,1207,106,2024-12-30 05:41:48.039499
-0002,1800,1206,106,2024-12-30 05:41:48.055494
-0001,1818,1206,106,2024-12-30 05:41:48.071494
-0001,1812,1206,106,2024-12-30 05:41:48.087487
00000,1815,1206,106,2024-12-30 05:41:48.103485
-0002,1793,1206,106,2024-12-30 05:41:48.135057
-0001,1806,1206,106,2024-12-30 05:41:48.151480
-0001,1800,1206,106,2024-12-30 05:41:48.167471
-0001,1813,1206,106,2024-12-30 05:41:48.183467
-0001,1812,1206,106,2024-12-30 05:41:48.199471
-0001,1804,1206,106,2024-12-30 05:41:48.215464
-0001,1816,1207,106,2024-12-30 05:41:48.231467
-0002,1822,1206,106,2024-12-30 05:41:48.247464
-0002,1814,1206,106,2024-12-30 05:41:48.263457
-0001,1819,1207,106,2024-12-30 05:41:48.279451
-0001,1812,1206,106,2024-12-30 05:41:48.311449
-0001,1802,1206,106,2024-12-30 05:41:48.327435
-0002,1815,1206,106,2024-12-30 05:41:48.343439
-0001,1823,1207,106,2024-12-30 05:41:48.359423
-0002,1819,1206,106,2024-12-30 05:41:48.375425
-0001,1809,1207,106,2024-12-30 05:41:48.391418
-0001,1806,1206,106,2024-12-30 05:41:48.407424
-0001,1808,1206,106,2024-12-30 05:41:48.423414
-0001,1819,1206,106,2024-12-30 05:41:48.439407
-0001,1808,1206,106,2024-12-30 05:41:48.471069
-0001,1818,1206,106,2024-12-30 05:41:48.487403
-0001,1814,1206,106,2024-12-30 05:41:48.503400
00000,1787,1206,106,2024-12-30 05:41:48.519396
-0002,1804,1206,106,2024-12-30 05:41:48.535394
-0002,1815,1206,106,2024-12-30 05:41:48.551392
-0002,1800,1206,106,2024-12-30 05:41:48.567379
-0001,1803,1207,106,2024-12-30 05:41:48.583381
-0002,1815,1206,106,2024-12-30 05:41:48.599391
-0002,1823,1206,106,2024-12-30 05:41:48.630730
-0001,1825,1206,106,2024-12-30 05:41:48.647372
-0001,1812,1206,106,2024-12-30 05:41:48.663373
00000,1824,1206,106,2024-12-30 05:41:48.679361
-0002,1802,1207,106,2024-12-30 05:41:48.695357
-0002,1823,1206,106,2024-12-30 05:41:48.711364
-0002,1832,1206,106,2024-12-30 05:41:48.727350
-0002,1823,1206,106,2024-12-30 05:41:48.743354
-0001,1790,1206,106,2024-12-30 05:41:48.759339
-0001,1810,1206,106,2024-12-30 05:41:48.775345
-0001,1807,1206,106,2024-12-30 05:41:48.807111
-0002,1814,1206,106,2024-12-30 05:41:48.823326
-0001,1814,1206,106,2024-12-30 05:41:48.839323
-0002,1824,1206,106,2024-12-30 05:41:48.855327
-0002,1803,1206,106,2024-12-30 05:41:48.871324
-0001,1811,1206,106,2024-12-30 05:41:48.887317
-0002,1808,1206,106,2024-12-30 05:41:48.903307
-0001,1812,1206,106,2024-12-30 05:41:48.919309
-0001,1806,1206,106,2024-12-30 05:41:48.935306
-0001,1806,1206,106,2024-12-30 05:41:48.966745
-0002,1807,1206,106,2024-12-30 05:41:48.983314
-0002,1819,1206,106,2024-12-30 05:41:48.999295
-0001,1808,1206,106,2024-12-30 05:41:49.015293
-0001,1803,1206,106,2024-12-30 05:41:49.031288
-0001,1797,1206,106,2024-12-30 05:41:49.047285
-0002,1798,1206,106,2024-12-30 05:41:49.063286
-0001,1823,1206,106,2024-12-30 05:41:49.079281
-0001,1801,1206,106,2024-12-30 05:41:49.095285
-0002,1815,1206,106,2024-12-30 05:41:49.111269
-0001,1802,1206,106,2024-12-30 05:41:49.143122
-0001,1821,1206,106,2024-12-30 05:41:49.159266
-0001,1832,1206,106,2024-12-30 05:41:49.175259
-0001,1825,1206,106,2024-12-30 05:41:49.191247
-0002,1811,1206,106,2024-12-30 05:41:49.207256
-0002,1818,1206,106,2024-12-30 05:41:49.223247
-0002,1806,1206,106,2024-12-30 05:41:49.239253
-0002,1807,1206,106,2024-12-30 05:41:49.255236
-0001,1810,1206,106,2024-12-30 05:41:49.271241
-0002,1812,1206,106,2024-12-30 05:41:49.302787
-0001,1827,1206,106,2024-12-30 05:41:49.319229
-0001,1794,1206,106,2024-12-30 05:41:49.335232
-0001,1789,1206,106,2024-12-30 05:41:49.351238
-0001,1810,1206,106,2024-12-30 05:41:49.367239
-0002,1811,1206,106,2024-12-30 05:41:49.383243
-0001,1805,1206,106,2024-12-30 05:41:49.399252
-0002,1816,1206,106,2024-12-30 05:41:49.415251
-0001,1810,1206,106,2024-12-30 05:41:49.431238
-0001,1821,1206,106,2024-12-30 05:41:49.447239
-0001,1797,1206,106,2024-12-30 05:41:49.479193
-0002,1815,1206,106,2024-12-30 05:41:49.495250
-0002,1808,1206,106,2024-12-30 05:41:49.511254
-0002,1811,1206,106,2024-12-30 05:41:49.527185
-0002,1799,1206,106,2024-12-30 05:41:49.543187
-0001,1790,1206,106,2024-12-30 05:41:49.559174
-0002,1800,1206,106,2024-12-30 05:41:49.575180
-0002,1801,1206,106,2024-12-30 05:41:49.591168
-0001,1804,1206,106,2024-12-30 05:41:49.607171
-0002,1802,1206,106,2024-12-30 05:41:49.638792
-0001,1788,1206,106,2024-12-30 05:41:49.655159
-0002,1801,1206,106,2024-12-30 05:41:49.671149
-0001,1810,1206,106,2024-12-30 05:41:49.687151
-0001,1811,1206,106,2024-12-30 05:41:49.703145
-0002,1799,1206,106,2024-12-30 05:41:49.719139
-0002,1808,1206,106,2024-12-30 05:41:49.735142
-0001,1816,1206,106,2024-12-30 05:41:49.751140
-0001,1804,1206,106,2024-12-30 05:41:49.767138
-0001,1807,1206,106,2024-12-30 05:41:49.783139
-0001,1805,1206,106,2024-12-30 05:41:49.815130
-0002,1813,1206,106,2024-12-30 05:41:49.831130
-0002,1773,1206,106,2024-12-30 05:41:49.847120
-0001,1818,1206,106,2024-12-30 05:41:49.863127
-0002,1809,1206,106,2024-12-30 05:41:49.879113
-0002,1812,1206,106,2024-12-30 05:41:49.895118
-0002,1799,1206,106,2024-12-30 05:41:49.911112
-0001,1812,1206,106,2024-12-30 05:41:49.927103
-0002,1817,1206,106,2024-12-30 05:41:49.943104
-0001,1813,1206,106,2024-12-30 05:41:49.974815
-0002,1816,1206,106,2024-12-30 05:41:49.991097
-0002,1795,1206,106,2024-12-30 05:41:50.007094
-0001,1784,1206,106,2024-12-30 05:41:50.023093
-0001,1800,1206,106,2024-12-30 05:41:50.039089
-0002,1783,1206,106,2024-12-30 05:41:50.055083
-0001,1804,1206,106,2024-12-30 05:41:50.071079
-0002,1808,1206,106,2024-12-30 05:41:50.087087
-0002,1799,1206,106,2024-12-30 05:41:50.103070
-0002,1794,1206,106,2024-12-30 05:41:50.134459
-0002,1813,1206,106,2024-12-30 05:41:50.151055
-0002,1806,1206,106,2024-12-30 05:41:50.167056
-0002,1814,1206,106,2024-12-30 05:41:50.183052
-0001,1810,1206,106,2024-12-30 05:41:50.199055
-0001,1810,1206,106,2024-12-30 05:41:50.215036
-0001,1809,1206,106,2024-12-30 05:41:50.231046
-0001,1790,1206,106,2024-12-30 05:41:50.247076
-0001,1803,1206,106,2024-12-30 05:41:50.263048
-0001,1804,1206,106,2024-12-30 05:41:50.279030
-0001,1787,1206,106,2024-12-30 05:41:50.310842
-0001,1800,1206,106,2024-12-30 05:41:50.327019
-0002,1800,1206,106,2024-12-30 05:41:50.343013
-0001,1802,1206,106,2024-12-30 05:41:50.359012
-0002,1800,1206,106,2024-12-30 05:41:50.375012
-0002,1796,1206,106,2024-12-30 05:41:50.391000
-0001,1791,1206,106,2024-12-30 05:41:50.407002
-0002,1801,1206,106,2024-12-30 05:41:50.422994
-0001,1803,1206,106,2024-12-30 05:41:50.439002
-0002,1802,1205,106,2024-12-30 05:41:50.470484
-0001,1861,1206,106,2024-12-30 05:41:50.486994
-0001,1805,1206,106,2024-12-30 05:41:50.502985
-0002,1792,1206,106,2024-12-30 05:41:50.518974
-0002,1792,1206,106,2024-12-30 05:41:50.534982
-0001,1804,1205,106,2024-12-30 05:41:50.550985
-0001,1875,1206,106,2024-12-30 05:41:50.566982
-0001,1796,1206,106,2024-12-30 05:41:50.582967
-0002,1807,1206,106,2024-12-30 05:41:50.598983
-0001,1786,1206,106,2024-12-30 05:41:50.614967
-0002,1787,1205,106,2024-12-30 05:41:50.646864
-0001,1884,1205,106,2024-12-30 05:41:50.662955
-0002,1871,1206,106,2024-12-30 05:41:50.678949
-0002,1800,1206,106,2024-12-30 05:41:50.694938
-0001,1799,1206,106,2024-12-30 05:41:50.710931
-0002,1805,1206,106,2024-12-30 05:41:50.726925
-0001,1785,1206,106,2024-12-30 05:41:50.742936
-0001,1788,1206,106,2024-12-30 05:41:50.758931
-0002,1789,1205,106,2024-12-30 05:41:50.774929
-0001,1862,1205,106,2024-12-30 05:41:50.806501
-0001,1854,1206,106,2024-12-30 05:41:50.822919
-0001,1814,1205,106,2024-12-30 05:41:50.838902
-0001,1885,1206,106,2024-12-30 05:41:50.854908
-0002,1798,1206,106,2024-12-30 05:41:50.870901
-0002,1785,1205,106,2024-12-30 05:41:50.886899
-0001,1871,1206,106,2024-12-30 05:41:50.902892
-0002,1783,1205,106,2024-12-30 05:41:50.918889
-0001,1877,1205,106,2024-12-30 05:41:50.934899
-0001,1879,1206,106,2024-12-30 05:41:50.950887
-0001,1788,1205,106,2024-12-30 05:41:50.982878
00000,1885,1206,106,2024-12-30 05:41:50.998886
-0002,1807,1206,106,2024-12-30 05:41:51.014881
-0001,1803,1206,106,2024-12-30 05:41:51.030870
-0001,1799,1205,106,2024-12-30 05:41:51.046877
-0001,1861,1206,106,2024-12-30 05:41:51.062870
-0001,1809,1205,106,2024-12-30 05:41:51.078858
-0002,1875,1206,106,2024-12-30 05:41:51.094853
-0001,1796,1205,106,2024-12-30 05:41:51.110860
-0001,1859,1205,106,2024-12-30 05:41:51.142542
-0001,1880,1205,106,2024-12-30 05:41:51.158846
-0001,1870,1205,106,2024-12-30 05:41:51.174848
-0001,1865,1205,106,2024-12-30 05:41:51.190833
-0001,1861,1206,106,2024-12-30 05:41:51.206824
-0001,1791,1205,106,2024-12-30 05:41:51.222819
-0001,1863,1206,106,2024-12-30 05:41:51.238838
-0001,1795,1205,106,2024-12-30 05:41:51.254826
-0001,1857,1205,106,2024-12-30 05:41:51.270827
-0001,1869,1206,106,2024-12-30 05:41:51.302158
-0001,1790,1205,106,2024-12-30 05:41:51.318801
-0001,1870,1205,106,2024-12-30 05:41:51.334806
-0001,1863,1206,106,2024-12-30 05:41:51.350797
-0001,1792,1206,106,2024-12-30 05:41:51.366790
-0002,1794,1206,106,2024-12-30 05:41:51.382789
-0001,1795,1205,106,2024-12-30 05:41:51.398781
-0002,1865,1205,106,2024-12-30 05:41:51.414782
00000,1861,1205,106,2024-12-30 05:41:51.430779
-0001,1860,1205,106,2024-12-30 05:41:51.446780
-0001,1861,1206,106,2024-12-30 05:41:51.478545
-0002,1800,1206,106,2024-12-30 05:41:51.494764
-0001,1805,1205,106,2024-12-30 05:41:51.510753
-0001,1863,1205,106,2024-12-30 05:41:51.526758
-0001,1883,1205,106,2024-12-30 05:41:51.542754
-0001,1871,1206,106,2024-12-30 05:41:51.558762
-0001,1793,1206,106,2024-12-30 05:41:51.574748
-0002,1789,1205,106,2024-12-30 05:41:51.590737
-0001,1864,1205,106,2024-12-30 05:41:51.606742
-0001,1875,1206,106,2024-12-30 05:41:51.638167
-0002,1783,1205,106,2024-12-30 05:41:51.654735
-0001,1844,1206,106,2024-12-30 05:41:51.670734
-0001,1780,1206,106,2024-12-30 05:41:51.686726
-0002,1795,1206,106,2024-12-30 05:41:51.702726
-0002,1786,1205,106,2024-12-30 05:41:51.718714
-0001,1861,1205,106,2024-12-30 05:41:51.734712
-0001,1852,1205,106,2024-12-30 05:41:51.750714
-0001,1870,1205,106,2024-12-30 05:41:51.766702
-0002,1868,1205,106,2024-12-30 05:41:51.782709
-0001,1849,1205,106,2024-12-30 05:41:51.814572
-0001,1854,1205,106,2024-12-30 05:41:51.830689
-0002,1852,1205,106,2024-12-30 05:41:51.846686
-0001,1857,1206,106,2024-12-30 05:41:51.862680
-0002,1798,1206,106,2024-12-30 05:41:51.878675
-0001,1786,1205,106,2024-12-30 05:41:51.894677
-0002,1856,1205,106,2024-12-30 05:41:51.910679
00000,1870,1205,106,2024-12-30 05:41:51.926684
-0001,1863,1206,106,2024-12-30 05:41:51.942663
-0002,1796,1205,106,2024-12-30 05:41:51.974187
-0001,1867,1205,106,2024-12-30 05:41:51.990657
-0001,1858,1206,106,2024-12-30 05:41:52.006654
-0002,1776,1205,106,2024-12-30 05:41:52.022653
-0001,1860,1205,106,2024-12-30 05:41:52.038651
-0001,1850,1205,106,2024-12-30 05:41:52.054658
-0001,1854,1205,106,2024-12-30 05:41:52.070641
-0001,1865,1206,106,2024-12-30 05:41:52.086631
-0001,1776,1205,106,2024-12-30 05:41:52.102642
-0001,1846,1205,106,2024-12-30 05:41:52.118628
-0001,1846,1205,106,2024-12-30 05:41:52.150570
-0001,1854,1205,106,2024-12-30 05:41:52.166621
-0001,1857,1205,106,2024-12-30 05:41:52.182614
-0001,1848,1205,106,2024-12-30 05:41:52.198614
-0001,1856,1205,106,2024-12-30 05:41:52.214608
-0002,1857,1205,106,2024-12-30 05:41:52.230599
-0001,1856,1205,106,2024-12-30 05:41:52.246616
-0001,1852,1205,106,2024-12-30 05:41:52.262597
-0001,1868,1206,106,2024-12-30 05:41:52.278599
-0002,1784,1205,106,2024-12-30 05:41:52.310240
-0001,1857,1205,106,2024-12-30 05:41:52.326608
-0001,1868,1205,106,2024-12-30 05:41:52.342610
-0001,1843,1205,106,2024-12-30 05:41:52.358614
-0001,1855,1205,106,2024-12-30 05:41:52.374611
-0001,1844,1205,106,2024-12-30 05:41:52.390616
-0001,1863,1205,106,2024-12-30 05:41:52.406618
-0001,1850,1205,106,2024-12-30 05:41:52.422622
-0001,1850,1205,106,2024-12-30 05:41:52.438630
-0002,1845,1206,106,2024-12-30 05:41:52.454634
-0002,1770,1205,106,2024-12-30 05:41:52.486555
-0001,1849,1205,106,2024-12-30 05:41:52.502555
-0001,1841,1205,106,2024-12-30 05:41:52.518556
-0001,1865,1205,106,2024-12-30 05:41:52.534548
-0001,1851,1205,106,2024-12-30 05:41:52.550540
00000,1857,1205,106,2024-12-30 05:41:52.566536
-0001,1847,1205,106,2024-12-30 05:41:52.582538
-0001,1840,1205,106,2024-12-30 05:41:52.598528
-0001,1853,1205,106,2024-12-30 05:41:52.614526
-0001,1855,1205,106,2024-12-30 05:41:52.646236
-0001,1852,1205,106,2024-12-30 05:41:52.662531
-0001,1858,1205,106,2024-12-30 05:41:52.678520
-0001,1850,1205,106,2024-12-30 05:41:52.694507
-0001,1851,1205,106,2024-12-30 05:41:52.710508
-0001,1853,1205,106,2024-12-30 05:41:52.726499
-0001,1866,1205,106,2024-12-30 05:41:52.742508
-0001,1843,1205,106,2024-12-30 05:41:52.758498
-0001,1854,1205,106,2024-12-30 05:41:52.774496
-0001,1846,1205,106,2024-12-30 05:41:52.805889
-0001,1846,1205,106,2024-12-30 05:41:52.822482
-0001,1865,1205,106,2024-12-30 05:41:52.838476
-0001,1849,1205,106,2024-12-30 05:41:52.854476
00000,1835,1205,106,2024-12-30 05:41:52.870468
-0001,1849,1205,106,2024-12-30 05:41:52.886465
-0001,1837,1205,106,2024-12-30 05:41:52.902458
-0001,1857,1205,106,2024-12-30 05:41:52.918460
-0001,1856,1205,106,2024-12-30 05:41:52.934455
-0001,1858,1205,106,2024-12-30 05:41:52.950435
-0001,1849,1205,106,2024-12-30 05:41:52.982255
-0001,1855,1205,106,2024-12-30 05:41:52.998435
-0001,1829,1205,106,2024-12-30 05:41:53.014439
-0002,1859,1205,106,2024-12-30 05:41:53.030435
-0002,1837,1205,106,2024-12-30 05:41:53.046421
-0001,1861,1205,106,2024-12-30 05:41:53.062411
-0001,1851,1205,106,2024-12-30 05:41:53.078419
-0001,1849,1205,106,2024-12-30 05:41:53.094409
-0001,1816,1205,106,2024-12-30 05:41:53.110414
-0001,1858,1205,106,2024-12-30 05:41:53.141899
-0001,1857,1205,106,2024-12-30 05:41:53.158400
-0001,1861,1205,106,2024-12-30 05:41:53.174398
-0001,1846,1205,106,2024-12-30 05:41:53.190403
-0002,1863,1205,106,2024-12-30 05:41:53.206379
-0001,1841,1205,106,2024-12-30 05:41:53.222385
00000,1861,1205,106,2024-12-30 05:41:53.238383
-0001,1867,1205,106,2024-12-30 05:41:53.254376
-0001,1854,1205,106,2024-12-30 05:41:53.270369
-0001,1841,1205,106,2024-12-30 05:41:53.286372
-0002,1856,1205,106,2024-12-30 05:41:53.318285
-0001,1863,1205,106,2024-12-30 05:41:53.334365
-0001,1837,1205,106,2024-12-30 05:41:53.350354
-0001,1843,1205,106,2024-12-30 05:41:53.366354
00000,1850,1205,106,2024-12-30 05:41:53.382356
-0001,1850,1205,106,2024-12-30 05:41:53.398363
-0001,1838,1205,106,2024-12-30 05:41:53.414341
-0001,1842,1205,106,2024-12-30 05:41:53.430348
00000,1837,1205,106,2024-12-30 05:41:53.446340
-0001,1854,1205,106,2024-12-30 05:41:53.477923
-0001,1841,1205,106,2024-12-30 05:41:53.494331
-0002,1846,1205,106,2024-12-30 05:41:53.510331
-0001,1854,1205,106,2024-12-30 05:41:53.526315
-0001,1853,1205,106,2024-12-30 05:41:53.542324
-0002,1840,1205,106,2024-12-30 05:41:53.558318
00000,1838,1205,106,2024-12-30 05:41:53.574325
-0001,1851,1205,106,2024-12-30 05:41:53.590309
-0001,1850,1205,106,2024-12-30 05:41:53.606307
-0001,1838,1205,106,2024-12-30 05:41:53.622306
-0001,1857,1205,106,2024-12-30 05:41:53.654300
-0001,1849,1205,106,2024-12-30 05:41:53.670291
-0001,1834,1205,106,2024-12-30 05:41:53.686292
-0002,1842,1205,106,2024-12-30 05:41:53.702276
-0001,1836,1205,106,2024-12-30 05:41:53.718284
-0001,1846,1204,106,2024-12-30 05:41:53.734278
-0001,1850,1205,106,2024-12-30 05:41:53.750280
-0002,1842,1205,106,2024-12-30 05:41:53.766498
-0001,1847,1205,106,2024-12-30 05:41:53.782280
-0001,1870,1205,106,2024-12-30 05:41:53.813949
-0001,1827,1205,106,2024-12-30 05:41:53.830261
-0002,1846,1205,106,2024-12-30 05:41:53.846250
-0001,1836,1205,106,2024-12-30 05:41:53.862251
-0001,1839,1205,106,2024-12-30 05:41:53.878250
-0001,1837,1205,106,2024-12-30 05:41:53.894232
-0002,1850,1205,106,2024-12-30 05:41:53.910239
-0001,1834,1205,106,2024-12-30 05:41:53.926228
-0002,1853,1205,106,2024-12-30 05:41:53.942232
-0001,1837,1205,106,2024-12-30 05:41:53.973582
-0001,1857,1205,106,2024-12-30 05:41:53.990218
-0001,1854,1205,106,2024-12-30 05:41:54.006221
-0002,1846,1204,106,2024-12-30 05:41:54.022218
-0001,1845,1205,106,2024-12-30 05:41:54.038208
-0001,1837,1205,106,2024-12-30 05:41:54.054218
-0001,1839,1204,106,2024-12-30 05:41:54.070203
-0001,1850,1204,106,2024-12-30 05:41:54.086201
-0002,1831,1205,106,2024-12-30 05:41:54.102198
00000,1844,1204,106,2024-12-30 05:41:54.118194
-0001,1839,1205,106,2024-12-30 05:41:54.149955
-0002,1840,1205,106,2024-12-30 05:41:54.166189
-0001,1826,1205,106,2024-12-30 05:41:54.182177
-0001,1831,1205,106,2024-12-30 05:41:54.198177
-0001,1836,1205,106,2024-12-30 05:41:54.214167
-0001,1832,1205,106,2024-12-30 05:41:54.230174
-0001,1850,1204,106,2024-12-30 05:41:54.246189
-0001,1841,1205,106,2024-12-30 05:41:54.262163
-0001,1821,1204,106,2024-12-30 05:41:54.278158
-0002,1835,1205,106,2024-12-30 05:41:54.309614
00000,1832,1205,106,2024-12-30 05:41:54.326151
-0002,1843,1205,106,2024-12-30 05:41:54.342148
-0002,1836,1205,106,2024-12-30 05:41:54.358142
-0001,1836,1204,106,2024-12-30 05:41:54.374129
-0001,1829,1205,106,2024-12-30 05:41:54.390133
-0002,1829,1205,106,2024-12-30 05:41:54.406130
-0001,1826,1204,106,2024-12-30 05:41:54.422125
-0002,1826,1205,106,2024-12-30 05:41:54.438117
-0001,1834,1204,106,2024-12-30 05:41:54.454126
-0002,1832,1205,106,2024-12-30 05:41:54.485995
-0001,1825,1204,106,2024-12-30 05:41:54.502119
-0002,1840,1204,106,2024-12-30 05:41:54.518102
-0001,1816,1205,106,2024-12-30 05:41:54.534099
-0001,1832,1205,106,2024-12-30 05:41:54.550094
-0001,1831,1205,106,2024-12-30 05:41:54.566093
-0001,1807,1205,106,2024-12-30 05:41:54.582086
-0002,1837,1204,106,2024-12-30 05:41:54.598093
-0001,1833,1205,106,2024-12-30 05:41:54.614087
-0001,1827,1204,106,2024-12-30 05:41:54.645622
-0002,1851,1204,106,2024-12-30 05:41:54.662075
-0001,1842,1205,106,2024-12-30 05:41:54.678078
-0001,1830,1205,106,2024-12-30 05:41:54.694065
-0002,1845,1205,106,2024-12-30 05:41:54.710072
-0001,1831,1204,106,2024-12-30 05:41:54.726065
-0002,1836,1205,106,2024-12-30 05:41:54.742063
-0002,1835,1205,106,2024-12-30 05:41:54.758065
-0001,1832,1204,106,2024-12-30 05:41:54.774069
-0001,1823,1204,106,2024-12-30 05:41:54.790057
-0001,1832,1205,106,2024-12-30 05:41:54.822026
-0001,1837,1205,106,2024-12-30 05:41:54.838041
-0001,1842,1204,106,2024-12-30 05:41:54.854043
-0002,1819,1204,106,2024-12-30 05:41:54.870040
-0001,1830,1205,106,2024-12-30 05:41:54.886040
-0001,1827,1204,106,2024-12-30 05:41:54.902018
-0001,1829,1204,106,2024-12-30 05:41:54.918023
-0001,1828,1204,106,2024-12-30 05:41:54.934016
-0001,1858,1205,106,2024-12-30 05:41:54.950011
-0001,1838,1205,106,2024-12-30 05:41:54.981636
-0002,1823,1204,106,2024-12-30 05:41:54.998008
-0001,1826,1205,106,2024-12-30 05:41:55.013997
-0001,1829,1205,106,2024-12-30 05:41:55.029996
-0001,1829,1204,106,2024-12-30 05:41:55.045986
-0001,1831,1204,106,2024-12-30 05:41:55.061980
-0002,1821,1205,106,2024-12-30 05:41:55.078004
-0002,1832,1204,106,2024-12-30 05:41:55.093993
-0002,1835,1204,106,2024-12-30 05:41:55.109985
-0002,1829,1204,106,2024-12-30 05:41:55.125975
-0002,1823,1205,106,2024-12-30 05:41:55.157972
00000,1835,1204,106,2024-12-30 05:41:55.173973
-0001,1828,1205,106,2024-12-30 05:41:55.189964
-0002,1809,1205,106,2024-12-30 05:41:55.205971
-0001,1829,1204,106,2024-12-30 05:41:55.221960
-0001,1819,1204,106,2024-12-30 05:41:55.237972
-0002,1827,1204,106,2024-12-30 05:41:55.253961
-0002,1831,1204,106,2024-12-30 05:41:55.269964
-0001,1840,1204,106,2024-12-30 05:41:55.285964
-0002,1853,1204,106,2024-12-30 05:41:55.317690
-0002,1841,1204,106,2024-12-30 05:41:55.333968
-0001,1826,1204,106,2024-12-30 05:41:55.349968
00000,1837,1204,106,2024-12-30 05:41:55.365972
-0002,1839,1204,106,2024-12-30 05:41:55.381979
-0001,1816,1204,106,2024-12-30 05:41:55.397987
-0001,1846,1204,106,2024-12-30 05:41:55.414000
-0002,1831,1204,106,2024-12-30 05:41:55.429996
-0001,1823,1205,106,2024-12-30 05:41:55.445918
-0001,1836,1204,106,2024-12-30 05:41:55.477314
-0001,1824,1204,106,2024-12-30 05:41:55.493896
-0001,1838,1204,106,2024-12-30 05:41:55.509900
-0001,1837,1204,106,2024-12-30 05:41:55.525890
-0002,1837,1204,106,2024-12-30 05:41:55.541889
-0001,1840,1205,106,2024-12-30 05:41:55.557882
-0001,1830,1204,106,2024-12-30 05:41:55.573889
-0002,1837,1204,106,2024-12-30 05:41:55.589879
-0001,1832,1204,106,2024-12-30 05:41:55.605880
-0001,1839,1204,106,2024-12-30 05:41:55.621885
-0001,1828,1204,106,2024-12-30 05:41:55.653696
-0002,1811,1204,106,2024-12-30 05:41:55.669865
-0002,1847,1204,106,2024-12-30 05:41:55.685863
-0001,1824,1204,106,2024-12-30 05:41:55.701858
-0001,1847,1204,106,2024-12-30 05:41:55.717852
-0001,1828,1204,106,2024-12-30 05:41:55.733857
-0002,1836,1204,106,2024-12-30 05:41:55.749848
-0002,1835,1204,106,2024-12-30 05:41:55.765846
-0001,1822,1204,106,2024-12-30 05:41:55.781836
-0001,1842,1205,106,2024-12-30 05:41:55.813325
-0002,1823,1204,106,2024-12-30 05:41:55.829826
-0001,1831,1204,106,2024-12-30 05:41:55.845828
-0001,1806,1204,106,2024-12-30 05:41:55.861822
-0002,1822,1204,106,2024-12-30 05:41:55.877828
-0001,1825,1204,106,2024-12-30 05:41:55.893814
-0001,1831,1204,106,2024-12-30 05:41:55.909816
-0002,1828,1204,106,2024-12-30 05:41:55.925808
-0001,1804,1204,106,2024-12-30 05:41:55.941815
-0001,1820,1204,106,2024-12-30 05:41:55.957805
-0001,1817,1204,106,2024-12-30 05:41:55.989714
-0002,1817,1204,106,2024-12-30 05:41:56.005783
-0002,1836,1204,106,2024-12-30 05:41:56.021778
-0002,1822,1204,106,2024-12-30 05:41:56.037781
-0002,1825,1204,106,2024-12-30 05:41:56.053770
-0002,1821,1204,106,2024-12-30 05:41:56.069780
-0001,1823,1204,106,2024-12-30 05:41:56.085774
-0001,1836,1204,106,2024-12-30 05:41:56.101775
-0002,1828,1204,106,2024-12-30 05:41:56.117759
-0002,1829,1204,106,2024-12-30 05:41:56.149338
-0001,1827,1204,106,2024-12-30 05:41:56.165749
-0002,1826,1204,106,2024-12-30 05:41:56.181758
-0001,1833,1204,106,2024-12-30 05:41:56.197741
-0001,1849,1204,106,2024-12-30 05:41:56.213748
-0001,1828,1204,106,2024-12-30 05:41:56.229739
-0001,1827,1204,106,2024-12-30 05:41:56.245747
-0002,1829,1204,106,2024-12-30 05:41:56.261766
-0002,1829,1204,106,2024-12-30 05:41:56.277733
-0002,1835,1204,106,2024-12-30 05:41:56.293730
-0001,1832,1204,106,2024-12-30 05:41:56.325724
-0002,1827,1204,106,2024-12-30 05:41:56.341722
-0001,1813,1204,106,2024-12-30 05:41:56.357723
-0002,1821,1204,106,2024-12-30 05:41:56.373713
-0001,1817,1204,106,2024-12-30 05:41:56.389711
-0002,1827,1204,106,2024-12-30 05:41:56.405706
-0001,1835,1204,106,2024-12-30 05:41:56.421699
-0001,1826,1204,106,2024-12-30 05:41:56.437699
-0001,1834,1204,106,2024-12-30 05:41:56.453694
-0002,1801,1204,106,2024-12-30 05:41:56.485367
-0001,1819,1204,106,2024-12-30 05:41:56.501681
-0002,1823,1204,106,2024-12-30 05:41:56.517675
-0001,1830,1204,106,2024-12-30 05:41:56.533665
-0001,1833,1204,106,2024-12-30 05:41:56.549671
-0001,1824,1204,106,2024-12-30 05:41:56.565661
-0001,1807,1204,106,2024-12-30 05:41:56.581659
-0001,1817,1204,106,2024-12-30 05:41:56.597656
-0001,1815,1204,106,2024-12-30 05:41:56.613658
-0001,1809,1204,106,2024-12-30 05:41:56.645009
-0001,1829,1204,106,2024-12-30 05:41:56.661645
-0001,1826,1204,106,2024-12-30 05:41:56.677638
-0001,1818,1204,106,2024-12-30 05:41:56.693639
-0001,1823,1204,106,2024-12-30 05:41:56.709643
-0002,1827,1204,106,2024-12-30 05:41:56.725645
-0001,1810,1204,106,2024-12-30 05:41:56.741641
-0002,1828,1204,106,2024-12-30 05:41:56.757631
-0002,1830,1204,106,2024-12-30 05:41:56.773626
-0001,1810,1204,106,2024-12-30 05:41:56.789622
-0002,1830,1204,106,2024-12-30 05:41:56.821398
-0002,1808,1204,106,2024-12-30 05:41:56.837620
-0002,1819,1204,106,2024-12-30 05:41:56.853614
-0001,1832,1204,106,2024-12-30 05:41:56.869608
-0002,1807,1204,106,2024-12-30 05:41:56.885599
-0002,1820,1204,106,2024-12-30 05:41:56.901607
-0001,1825,1204,106,2024-12-30 05:41:56.917589
-0001,1804,1204,106,2024-12-30 05:41:56.933589
-0001,1832,1204,106,2024-12-30 05:41:56.949581
-0001,1815,1204,106,2024-12-30 05:41:56.981039
-0002,1819,1204,106,2024-12-30 05:41:56.997573
-0001,1817,1204,106,2024-12-30 05:41:57.013567
-0001,1812,1204,106,2024-12-30 05:41:57.029560
-0002,1823,1204,106,2024-12-30 05:41:57.045567
-0002,1812,1204,106,2024-12-30 05:41:57.061557
-0001,1818,1204,106,2024-12-30 05:41:57.077554
-0002,1827,1204,106,2024-12-30 05:41:57.093564
-0001,1823,1204,106,2024-12-30 05:41:57.109548
-0002,1835,1204,106,2024-12-30 05:41:57.125541
-0002,1817,1204,106,2024-12-30 05:41:57.157408
-0001,1819,1204,106,2024-12-30 05:41:57.173538
-0001,1834,1204,106,2024-12-30 05:41:57.189529
-0002,1813,1204,106,2024-12-30 05:41:57.205534
-0002,1818,1204,106,2024-12-30 05:41:57.221525
-0002,1821,1204,106,2024-12-30 05:41:57.237535
-0001,1831,1204,106,2024-12-30 05:41:57.253512
-0001,1810,1204,106,2024-12-30 05:41:57.269524
-0002,1802,1204,106,2024-12-30 05:41:57.285518
-0001,1812,1204,106,2024-12-30 05:41:57.317059
-0001,1830,1204,106,2024-12-30 05:41:57.333503
-0002,1820,1204,106,2024-12-30 05:41:57.349503
-0002,1819,1204,106,2024-12-30 05:41:57.365497
-0002,1806,1204,106,2024-12-30 05:41:57.381494
-0001,1812,1204,106,2024-12-30 05:41:57.397486
-0002,1810,1204,106,2024-12-30 05:41:57.413495
-0001,1793,1204,106,2024-12-30 05:41:57.429478
-0001,1798,1204,106,2024-12-30 05:41:57.445481
-0001,1816,1204,106,2024-12-30 05:41:57.461485
-0002,1831,1204,106,2024-12-30 05:41:57.493428
-0002,1809,1204,106,2024-12-30 05:41:57.509464
-0002,1821,1204,106,2024-12-30 05:41:57.525453
-0002,1839,1204,106,2024-12-30 05:41:57.541455
-0002,1807,1204,106,2024-12-30 05:41:57.557457
-0002,1817,1204,106,2024-12-30 05:41:57.573454
-0001,1826,1204,106,2024-12-30 05:41:57.589443
-0002,1836,1204,106,2024-12-30 05:41:57.605441
-0002,1812,1204,106,2024-12-30 05:41:57.621437
-0002,1821,1204,106,2024-12-30 05:41:57.653065
-0002,1813,1204,106,2024-12-30 05:41:57.669443
-0002,1802,1204,106,2024-12-30 05:41:57.685427
-0002,1824,1204,106,2024-12-30 05:41:57.701426
-0001,1814,1204,106,2024-12-30 05:41:57.717416
-0001,1799,1204,106,2024-12-30 05:41:57.733423
-0001,1809,1204,106,2024-12-30 05:41:57.749418
-0002,1803,1204,106,2024-12-30 05:41:57.765407
-0002,1813,1204,106,2024-12-30 05:41:57.781407
-0002,1802,1204,106,2024-12-30 05:41:57.797412
-0001,1807,1204,106,2024-12-30 05:41:57.829407
-0002,1829,1204,106,2024-12-30 05:41:57.845394
-0001,1808,1204,106,2024-12-30 05:41:57.861390
-0001,1800,1204,106,2024-12-30 05:41:57.877417
-0002,1823,1204,106,2024-12-30 05:41:57.893391
-0001,1807,1204,106,2024-12-30 05:41:57.909381
-0002,1833,1204,106,2024-12-30 05:41:57.925382
-0001,1820,1204,106,2024-12-30 05:41:57.941375
-0002,1811,1204,106,2024-12-30 05:41:57.957381
-0001,1817,1204,106,2024-12-30 05:41:57.989107
-0002,1818,1204,106,2024-12-30 05:41:58.005360
-0001,1821,1204,106,2024-12-30 05:41:58.021349
-0001,1818,1204,106,2024-12-30 05:41:58.037350
-0002,1803,1204,106,2024-12-30 05:41:58.053350
-0001,1822,1204,106,2024-12-30 05:41:58.069338
-0001,1822,1204,106,2024-12-30 05:41:58.085344
-0001,1819,1204,106,2024-12-30 05:41:58.101345
-0001,1810,1204,106,2024-12-30 05:41:58.117338
-0001,1809,1204,106,2024-12-30 05:41:58.148736
-0001,1812,1204,106,2024-12-30 05:41:58.165318
-0002,1805,1204,106,2024-12-30 05:41:58.181328
-0001,1823,1204,106,2024-12-30 05:41:58.197326
-0002,1800,1204,106,2024-12-30 05:41:58.213325
-0001,1817,1204,106,2024-12-30 05:41:58.229326
-0001,1794,1204,106,2024-12-30 05:41:58.245348
-0001,1795,1204,106,2024-12-30 05:41:58.261330
-0002,1795,1204,106,2024-12-30 05:41:58.277340
-0002,1805,1203,106,2024-12-30 05:41:58.293344
-0001,1808,1204,106,2024-12-30 05:41:58.325148
-0002,1810,1204,106,2024-12-30 05:41:58.341347
-0002,1810,1204,106,2024-12-30 05:41:58.357336
-0001,1810,1204,106,2024-12-30 05:41:58.373345
-0002,1803,1204,106,2024-12-30 05:41:58.389276
-0002,1795,1204,106,2024-12-30 05:41:58.405282
-0001,1797,1204,106,2024-12-30 05:41:58.421268
-0002,1808,1204,106,2024-12-30 05:41:58.437279
-0002,1818,1203,106,2024-12-30 05:41:58.453265
-0002,1816,1204,106,2024-12-30 05:41:58.484769
-0002,1795,1203,106,2024-12-30 05:41:58.501253
-0002,1813,1203,106,2024-12-30 05:41:58.517253
-0002,1816,1204,106,2024-12-30 05:41:58.533249
-0002,1790,1204,106,2024-12-30 05:41:58.549250
-0002,1807,1203,106,2024-12-30 05:41:58.565259
-0001,1813,1204,106,2024-12-30 05:41:58.581243
-0002,1813,1204,106,2024-12-30 05:41:58.597238
-0002,1797,1203,106,2024-12-30 05:41:58.613233
-0002,1799,1203,106,2024-12-30 05:41:58.629234
-0002,1813,1203,106,2024-12-30 05:41:58.661155
-0001,1794,1204,106,2024-12-30 05:41:58.677220
-0001,1802,1203,106,2024-12-30 05:41:58.693228
-0002,1805,1204,106,2024-12-30 05:41:58.709214
-0002,1807,1203,106,2024-12-30 05:41:58.725206
-0001,1801,1203,106,2024-12-30 05:41:58.741213
-0002,1796,1203,106,2024-12-30 05:41:58.757205
-0001,1787,1204,106,2024-12-30 05:41:58.773201
-0002,1812,1203,106,2024-12-30 05:41:58.789194
-0002,1794,1203,106,2024-12-30 05:41:58.820781
-0002,1803,1203,106,2024-12-30 05:41:58.837179
-0001,1793,1203,106,2024-12-30 05:41:58.853180
-0002,1803,1204,106,2024-12-30 05:41:58.869173
-0002,1804,1204,106,2024-12-30 05:41:58.885177
-0002,1802,1204,106,2024-12-30 05:41:58.901165
-0001,1796,1203,106,2024-12-30 05:41:58.917169
-0002,1786,1203,106,2024-12-30 05:41:58.933175
-0002,1788,1203,106,2024-12-30 05:41:58.949160
-0002,1792,1204,106,2024-12-30 05:41:58.965158
-0002,1805,1203,106,2024-12-30 05:41:58.997147
-0002,1792,1203,106,2024-12-30 05:41:59.013142
-0002,1799,1203,106,2024-12-30 05:41:59.029143
-0001,1799,1203,106,2024-12-30 05:41:59.045143
-0002,1800,1204,106,2024-12-30 05:41:59.061127
-0001,1802,1203,106,2024-12-30 05:41:59.077131
-0002,1803,1203,106,2024-12-30 05:41:59.093122
-0002,1803,1204,106,2024-12-30 05:41:59.109127
-0001,1793,1204,106,2024-12-30 05:41:59.125119
-0002,1789,1203,106,2024-12-30 05:41:59.156793
-0002,1785,1203,106,2024-12-30 05:41:59.173114
-0002,1789,1203,106,2024-12-30 05:41:59.189104
-0002,1798,1203,106,2024-12-30 05:41:59.205096
-0002,1787,1203,106,2024-12-30 05:41:59.221098
-0003,1789,1203,106,2024-12-30 05:41:59.237102
-0001,1802,1203,106,2024-12-30 05:41:59.253095
-0001,1791,1203,106,2024-12-30 05:41:59.269084
-0002,1809,1203,106,2024-12-30 05:41:59.285087
-0001,1793,1203,106,2024-12-30 05:41:59.316429
-0002,1787,1203,106,2024-12-30 05:41:59.333075
-0002,1791,1203,106,2024-12-30 05:41:59.349066
-0002,1796,1203,106,2024-12-30 05:41:59.365076
-0002,1799,1203,106,2024-12-30 05:41:59.381064
-0001,1806,1203,106,2024-12-30 05:41:59.397059
-0002,1790,1203,106,2024-12-30 05:41:59.413061
-0002,1796,1203,106,2024-12-30 05:41:59.429052
-0002,1781,1204,106,2024-12-30 05:41:59.445048
-0002,1786,1203,106,2024-12-30 05:41:59.461051
-0002,1792,1203,106,2024-12-30 05:41:59.492829
-0002,1780,1203,106,2024-12-30 05:41:59.509048
-0002,1785,1203,106,2024-12-30 05:41:59.525033
-0001,1787,1203,106,2024-12-30 05:41:59.541036
-0002,1801,1203,106,2024-12-30 05:41:59.557030
-0002,1793,1203,106,2024-12-30 05:41:59.573024
-0002,1786,1203,106,2024-12-30 05:41:59.589022
-0002,1789,1203,106,2024-12-30 05:41:59.605020
-0001,1782,1203,106,2024-12-30 05:41:59.621016
-0002,1805,1203,106,2024-12-30 05:41:59.652466
-0003,1775,1203,106,2024-12-30 05:41:59.669013
-0002,1775,1203,106,2024-12-30 05:41:59.685001
-0002,1787,1203,106,2024-12-30 05:41:59.700999
-0002,1782,1203,106,2024-12-30 05:41:59.716991
-0002,1769,1203,106,2024-12-30 05:41:59.732993
-0002,1776,1203,106,2024-12-30 05:41:59.748986
-0002,1768,1203,106,2024-12-30 05:41:59.764978
-0002,1794,1203,106,2024-12-30 05:41:59.780986
-0002,1772,1203,106,2024-12-30 05:41:59.796974
-0002,1773,1203,106,2024-12-30 05:41:59.828839
-0002,1778,1203,106,2024-12-30 05:41:59.844965
-0001,1765,1204,106,2024-12-30 05:41:59.860959
-0002,1799,1203,106,2024-12-30 05:41:59.876958
-0002,1773,1203,106,2024-12-30 05:41:59.892955
-0002,1776,1204,106,2024-12-30 05:41:59.908951
-0001,1772,1203,106,2024-12-30 05:41:59.924942
-0002,1774,1203,106,2024-12-30 05:41:59.940940
-0002,1771,1203,106,2024-12-30 05:41:59.956935
-0001,1760,1204,106,2024-12-30 05:41:59.988499
-0002,1771,1203,106,2024-12-30 05:42:00.004925
-0002,1778,1203,106,2024-12-30 05:42:00.020926
-0002,1793,1203,106,2024-12-30 05:42:00.036930
-0002,1802,1203,106,2024-12-30 05:42:00.052918
-0002,1759,1203,106,2024-12-30 05:42:00.068913
-0001,1776,1203,106,2024-12-30 05:42:00.084908
-0001,1789,1203,106,2024-12-30 05:42:00.100909
-0002,1762,1203,106,2024-12-30 05:42:00.116905
-0003,1778,1203,106,2024-12-30 05:42:00.132901
-0002,1766,1203,106,2024-12-30 05:42:00.164883
-0001,1775,1203,106,2024-12-30 05:42:00.180894
-0001,1774,1203,106,2024-12-30 05:42:00.196884
-0003,1766,1203,106,2024-12-30 05:42:00.212890
-0001,1775,1203,106,2024-12-30 05:42:00.228879
-0002,1775,1203,106,2024-12-30 05:42:00.244970
-0002,1772,1203,106,2024-12-30 05:42:00.260891
-0002,1772,1203,106,2024-12-30 05:42:00.276876
-0002,1780,1203,106,2024-12-30 05:42:00.292870
-0002,1768,1203,106,2024-12-30 05:42:00.324514
-0002,1776,1203,106,2024-12-30 05:42:00.340865
-0002,1773,1203,106,2024-12-30 05:42:00.356859
-0002,1778,1203,106,2024-12-30 05:42:00.372856
-0001,1766,1203,106,2024-12-30 05:42:00.388862
-0002,1769,1203,106,2024-12-30 05:42:00.404857
-0002,1775,1203,106,2024-12-30 05:42:00.420858
-0002,1774,1203,106,2024-12-30 05:42:00.436842
-0001,1771,1203,106,2024-12-30 05:42:00.452840
-0002,1795,1203,106,2024-12-30 05:42:00.484147
-0002,1770,1203,106,2024-12-30 05:42:00.500830
-0003,1764,1203,106,2024-12-30 05:42:00.516824
-0002,1754,1203,106,2024-12-30 05:42:00.532826
-0002,1763,1203,106,2024-12-30 05:42:00.548814
-0003,1768,1203,106,2024-12-30 05:42:00.564818
-0002,1762,1203,106,2024-12-30 05:42:00.580816
-0002,1770,1203,106,2024-12-30 05:42:00.596803
-0002,1768,1203,106,2024-12-30 05:42:00.612802
-0003,1763,1203,106,2024-12-30 05:42:00.628815
-0001,1776,1203,106,2024-12-30 05:42:00.660527
-0002,1753,1203,106,2024-12-30 05:42:00.676796
-0002,1750,1203,106,2024-12-30 05:42:00.692794
-0002,1768,1203,106,2024-12-30 05:42:00.708786
-0002,1764,1203,106,2024-12-30 05:42:00.724781
-0002,1756,1202,106,2024-12-30 05:42:00.740774
-0002,1766,1203,106,2024-12-30 05:42:00.756771
-0002,1745,1203,106,2024-12-30 05:42:00.772780
-0002,1764,1203,106,2024-12-30 05:42:00.788779
-0002,1767,1203,106,2024-12-30 05:42:00.820167
-0003,1757,1203,106,2024-12-30 05:42:00.836751
-0002,1757,1203,106,2024-12-30 05:42:00.852756
-0002,1779,1203,106,2024-12-30 05:42:00.868746
-0001,1754,1203,106,2024-12-30 05:42:00.884756
-0002,1758,1203,106,2024-12-30 05:42:00.900750
-0002,1763,1203,106,2024-12-30 05:42:00.916755
-0001,1743,1203,106,2024-12-30 05:42:00.932736
-0002,1762,1203,106,2024-12-30 05:42:00.948741
-0002,1769,1203,106,2024-12-30 05:42:00.964727
-0001,1767,1203,106,2024-12-30 05:42:00.996568
-0002,1760,1203,106,2024-12-30 05:42:01.012723
-0002,1773,1203,106,2024-12-30 05:42:01.028723
-0002,1764,1203,106,2024-12-30 05:42:01.044708
-0002,1755,1203,106,2024-12-30 05:42:01.060714
-0002,1757,1203,106,2024-12-30 05:42:01.076709
-0002,1755,1203,106,2024-12-30 05:42:01.092711
-0002,1758,1203,106,2024-12-30 05:42:01.108701
-0001,1763,1203,106,2024-12-30 05:42:01.124701
-0001,1774,1203,106,2024-12-30 05:42:01.156202
-0002,1750,1203,106,2024-12-30 05:42:01.172695
-0002,1752,1203,106,2024-12-30 05:42:01.188698
-0002,1767,1203,106,2024-12-30 05:42:01.204693
-0002,1762,1203,106,2024-12-30 05:42:01.220702
-0001,1753,1203,106,2024-12-30 05:42:01.236710
-0002,1770,1203,106,2024-12-30 05:42:01.252716
-0002,1750,1203,106,2024-12-30 05:42:01.268715
-0002,1771,1203,106,2024-12-30 05:42:01.284717
-0002,1755,1203,106,2024-12-30 05:42:01.300723
-0001,1754,1203,106,2024-12-30 05:42:01.332628
-0002,1744,1203,106,2024-12-30 05:42:01.348654
-0002,1767,1203,106,2024-12-30 05:42:01.364647
-0002,1744,1203,106,2024-12-30 05:42:01.380646
-0002,1760,1202,106,2024-12-30 05:42:01.396638
-0002,1760,1203,106,2024-12-30 05:42:01.412646
-0002,1774,1203,106,2024-12-30 05:42:01.428649
-0002,1762,1203,106,2024-12-30 05:42:01.444635
-0002,1746,1203,106,2024-12-30 05:42:01.460631
-0002,1745,1203,106,2024-12-30 05:42:01.492243
-0002,1760,1203,106,2024-12-30 05:42:01.508613
-0001,1759,1203,106,2024-12-30 05:42:01.524614
-0002,1752,1202,106,2024-12-30 05:42:01.540624
-0001,1745,1203,106,2024-12-30 05:42:01.556598
-0003,1764,1203,106,2024-12-30 05:42:01.572599
-0001,1747,1203,106,2024-12-30 05:42:01.588595
-0002,1762,1203,106,2024-12-30 05:42:01.604591
-0002,1768,1203,106,2024-12-30 05:42:01.620592
-0002,1751,1202,106,2024-12-30 05:42:01.636591
-0002,1757,1203,106,2024-12-30 05:42:01.668581
-0002,1758,1202,106,2024-12-30 05:42:01.684578
-0002,1759,1202,106,2024-12-30 05:42:01.700569
-0002,1758,1202,106,2024-12-30 05:42:01.716573
-0002,1742,1202,106,2024-12-30 05:42:01.732565
-0001,1759,1202,106,2024-12-30 05:42:01.748562
-0002,1768,1202,106,2024-12-30 05:42:01.764561
-0001,1751,1202,106,2024-12-30 05:42:01.780549
-0001,1767,1203,106,2024-12-30 05:42:01.796551
-0002,1752,1202,106,2024-12-30 05:42:01.828253
-0002,1767,1202,106,2024-12-30 05:42:01.844538
-0002,1766,1203,106,2024-12-30 05:42:01.860542
-0002,1772,1203,106,2024-12-30 05:42:01.876532
-0002,1747,1202,106,2024-12-30 05:42:01.892534
-0002,1745,1203,106,2024-12-30 05:42:01.908539
-0002,1761,1202,106,2024-12-30 05:42:01.924517
-0002,1772,1202,106,2024-12-30 05:42:01.940522
-0002,1748,1202,106,2024-12-30 05:42:01.956515
-0002,1763,1203,106,2024-12-30 05:42:01.987881
-0002,1763,1202,106,2024-12-30 05:42:02.004510
-0002,1736,1203,106,2024-12-30 05:42:02.020514
-0001,1748,1202,106,2024-12-30 05:42:02.036494
-0002,1746,1202,106,2024-12-30 05:42:02.052498
-0002,1749,1203,106,2024-12-30 05:42:02.068489
-0002,1744,1203,106,2024-12-30 05:42:02.084494
-0002,1748,1202,106,2024-12-30 05:42:02.100486
-0001,1757,1202,106,2024-12-30 05:42:02.116487
-0003,1759,1202,106,2024-12-30 05:42:02.132484
-0001,1754,1203,106,2024-12-30 05:42:02.164263
-0002,1750,1202,106,2024-12-30 05:42:02.180470
-0002,1749,1202,106,2024-12-30 05:42:02.196475
-0002,1752,1203,106,2024-12-30 05:42:02.212462
-0002,1759,1202,106,2024-12-30 05:42:02.228471
-0001,1732,1202,106,2024-12-30 05:42:02.244476
-0001,1739,1202,106,2024-12-30 05:42:02.260463
-0002,1738,1202,106,2024-12-30 05:42:02.276467
-0002,1730,1203,106,2024-12-30 05:42:02.292448
-0001,1752,1203,106,2024-12-30 05:42:02.323920
-0002,1749,1203,106,2024-12-30 05:42:02.340440
-0003,1753,1202,106,2024-12-30 05:42:02.356436
-0001,1746,1202,106,2024-12-30 05:42:02.372429
-0003,1741,1202,106,2024-12-30 05:42:02.388435
-0002,1745,1203,106,2024-12-30 05:42:02.404421
-0002,1750,1202,106,2024-12-30 05:42:02.420422
-0002,1746,1202,106,2024-12-30 05:42:02.436418
-0002,1737,1203,106,2024-12-30 05:42:02.452417
-0001,1752,1202,106,2024-12-30 05:42:02.468407
-0002,1735,1202,106,2024-12-30 05:42:02.500277
-0002,1755,1202,106,2024-12-30 05:42:02.516408
-0002,1761,1203,106,2024-12-30 05:42:02.532405
-0002,1746,1202,106,2024-12-30 05:42:02.548401
-0002,1753,1202,106,2024-12-30 05:42:02.564393
-0002,1743,1202,106,2024-12-30 05:42:02.580390
-0001,1742,1202,106,2024-12-30 05:42:02.596391
-0001,1727,1202,106,2024-12-30 05:42:02.612377
-0002,1757,1202,106,2024-12-30 05:42:02.628382
-0002,1752,1202,106,2024-12-30 05:42:02.659929
-0002,1738,1202,106,2024-12-30 05:42:02.676366
-0002,1758,1202,106,2024-12-30 05:42:02.692360
-0001,1743,1202,106,2024-12-30 05:42:02.708360
-0001,1754,1202,106,2024-12-30 05:42:02.724353
-0002,1752,1202,106,2024-12-30 05:42:02.740362
-0002,1753,1202,106,2024-12-30 05:42:02.756355
-0001,1751,1202,106,2024-12-30 05:42:02.772354
-0002,1747,1202,106,2024-12-30 05:42:02.788347
-0002,1742,1202,106,2024-12-30 05:42:02.804347
-0002,1757,1203,106,2024-12-30 05:42:02.836305
-0002,1756,1202,106,2024-12-30 05:42:02.852330
-0002,1739,1202,106,2024-12-30 05:42:02.868318
-0002,1740,1202,106,2024-12-30 05:42:02.884323
-0002,1749,1203,106,2024-12-30 05:42:02.900319
-0001,1750,1202,106,2024-12-30 05:42:02.916317
-0002,1749,1202,106,2024-12-30 05:42:02.932309
-0002,1746,1202,106,2024-12-30 05:42:02.948310
-0002,1740,1202,106,2024-12-30 05:42:02.964304
-0002,1740,1202,106,2024-12-30 05:42:02.995950
-0002,1736,1202,106,2024-12-30 05:42:03.012302
-0002,1742,1202,106,2024-12-30 05:42:03.028298
-0002,1727,1202,106,2024-12-30 05:42:03.044293
-0002,1746,1202,106,2024-12-30 05:42:03.060283
-0002,1733,1202,106,2024-12-30 05:42:03.076283
-0002,1744,1202,106,2024-12-30 05:42:03.092279
-0001,1741,1202,106,2024-12-30 05:42:03.108283
-0002,1734,1202,106,2024-12-30 05:42:03.124273
-0002,1741,1202,106,2024-12-30 05:42:03.155581
-0002,1724,1202,106,2024-12-30 05:42:03.172255
-0002,1727,1202,106,2024-12-30 05:42:03.188257
-0002,1737,1202,106,2024-12-30 05:42:03.204246
-0002,1751,1202,106,2024-12-30 05:42:03.220246
-0002,1738,1202,106,2024-12-30 05:42:03.236252
-0002,1754,1202,106,2024-12-30 05:42:03.252239
-0002,1745,1202,106,2024-12-30 05:42:03.268235
-0002,1722,1202,106,2024-12-30 05:42:03.284239
-0002,1745,1203,106,2024-12-30 05:42:03.300231
-0002,1726,1202,106,2024-12-30 05:42:03.331977
-0003,1734,1202,106,2024-12-30 05:42:03.348228
-0002,1736,1202,106,2024-12-30 05:42:03.364219
-0002,1736,1202,106,2024-12-30 05:42:03.380224
-0002,1742,1202,106,2024-12-30 05:42:03.396223
-0002,1744,1202,106,2024-12-30 05:42:03.412209
-0002,1736,1202,106,2024-12-30 05:42:03.428197
-0002,1744,1202,106,2024-12-30 05:42:03.444199
-0002,1743,1202,106,2024-12-30 05:42:03.460195
-0002,1744,1202,106,2024-12-30 05:42:03.491612
-0002,1730,1202,106,2024-12-30 05:42:03.508196
-0001,1728,1202,106,2024-12-30 05:42:03.524183
-0001,1744,1202,106,2024-12-30 05:42:03.540188
-0002,1728,1202,106,2024-12-30 05:42:03.556178
-0002,1746,1202,106,2024-12-30 05:42:03.572179
-0002,1734,1202,106,2024-12-30 05:42:03.588173
-0002,1751,1202,106,2024-12-30 05:42:03.604160
-0002,1730,1202,106,2024-12-30 05:42:03.620166
-0002,1738,1202,106,2024-12-30 05:42:03.636164
-0002,1726,1202,106,2024-12-30 05:42:03.667992
-0003,1716,1202,106,2024-12-30 05:42:03.684154
-0002,1734,1202,106,2024-12-30 05:42:03.700147
-0002,1734,1202,106,2024-12-30 05:42:03.716148
-0002,1753,1202,106,2024-12-30 05:42:03.732144
-0002,1719,1202,106,2024-12-30 05:42:03.748142
-0002,1729,1202,106,2024-12-30 05:42:03.764150
-0002,1740,1202,106,2024-12-30 05:42:03.780147
-0002,1748,1202,106,2024-12-30 05:42:03.796124
-0002,1722,1202,106,2024-12-30 05:42:03.827639
-0002,1723,1202,106,2024-12-30 05:42:03.844111
-0002,1740,1202,106,2024-12-30 05:42:03.860117
-0001,1732,1202,106,2024-12-30 05:42:03.876124
-0002,1726,1202,106,2024-12-30 05:42:03.892121
-0002,1728,1202,106,2024-12-30 05:42:03.908108
-0002,1736,1202,106,2024-12-30 05:42:03.924096
-0002,1717,1202,106,2024-12-30 05:42:03.940096
-0002,1718,1202,106,2024-12-30 05:42:03.956096
-0002,1723,1202,106,2024-12-30 05:42:03.972101
-0002,1727,1202,106,2024-12-30 05:42:04.004039
-0002,1736,1202,106,2024-12-30 05:42:04.020077
-0002,1734,1202,106,2024-12-30 05:42:04.036083
-0002,1734,1202,106,2024-12-30 05:42:04.052072
-0002,1711,1202,106,2024-12-30 05:42:04.068073
-0002,1721,1202,106,2024-12-30 05:42:04.084065
-0002,1732,1202,106,2024-12-30 05:42:04.100060
-0002,1734,1202,106,2024-12-30 05:42:04.116062
-0002,1733,1202,106,2024-12-30 05:42:04.132064
-0002,1726,1202,106,2024-12-30 05:42:04.163660
-0001,1744,1202,106,2024-12-30 05:42:04.180071
-0002,1722,1202,106,2024-12-30 05:42:04.196067
-0002,1732,1202,106,2024-12-30 05:42:04.212075
-0002,1732,1202,106,2024-12-30 05:42:04.228075
-0002,1715,1202,106,2024-12-30 05:42:04.244087
-0001,1735,1202,106,2024-12-30 05:42:04.260084
-0002,1733,1202,106,2024-12-30 05:42:04.276079
-0002,1732,1202,106,2024-12-30 05:42:04.292085
-0002,1736,1202,106,2024-12-30 05:42:04.308103
-0001,1734,1202,106,2024-12-30 05:42:04.340017
-0002,1745,1202,106,2024-12-30 05:42:04.356008
-0003,1739,1201,106,2024-12-30 05:42:04.372007
-0002,1735,1202,106,2024-12-30 05:42:04.387997
-0002,1740,1202,106,2024-12-30 05:42:04.403988
-0002,1729,1202,106,2024-12-30 05:42:04.419993
-0002,1733,1202,106,2024-12-30 05:42:04.435988
-0002,1744,1202,106,2024-12-30 05:42:04.451986
-0002,1725,1202,106,2024-12-30 05:42:04.467981
-0002,1735,1202,106,2024-12-30 05:42:04.499685
-0002,1730,1202,106,2024-12-30 05:42:04.515976
-0002,1743,1202,106,2024-12-30 05:42:04.531974
-0002,1734,1202,106,2024-12-30 05:42:04.547963
-0002,1715,1202,106,2024-12-30 05:42:04.563961
-0002,1730,1202,106,2024-12-30 05:42:04.579976
-0002,1741,1201,106,2024-12-30 05:42:04.595958
-0002,1730,1202,106,2024-12-30 05:42:04.611956
-0002,1718,1202,106,2024-12-30 05:42:04.627950
-0002,1743,1202,106,2024-12-30 05:42:04.659309
-0002,1721,1202,106,2024-12-30 05:42:04.675946
-0001,1718,1202,106,2024-12-30 05:42:04.691933
-0002,1721,1202,106,2024-12-30 05:42:04.707934
-0002,1719,1202,106,2024-12-30 05:42:04.723925
-0002,1716,1202,106,2024-12-30 05:42:04.739926
-0001,1721,1201,106,2024-12-30 05:42:04.755922
-0002,1734,1202,106,2024-12-30 05:42:04.771913
-0002,1729,1201,106,2024-12-30 05:42:04.787914
-0002,1723,1202,106,2024-12-30 05:42:04.803907
-0003,1722,1202,106,2024-12-30 05:42:04.835692
-0003,1731,1202,106,2024-12-30 05:42:04.851903
-0001,1729,1202,106,2024-12-30 05:42:04.867906
-0001,1723,1202,106,2024-12-30 05:42:04.883896
-0002,1724,1202,106,2024-12-30 05:42:04.899902
-0002,1726,1202,106,2024-12-30 05:42:04.915884
-0001,1730,1202,106,2024-12-30 05:42:04.931884
-0002,1721,1202,106,2024-12-30 05:42:04.947877
-0002,1719,1202,106,2024-12-30 05:42:04.963875
-0002,1719,1202,106,2024-12-30 05:42:04.995331
-0002,1710,1202,106,2024-12-30 05:42:05.011866
-0002,1732,1202,106,2024-12-30 05:42:05.027863
-0002,1731,1202,106,2024-12-30 05:42:05.043860
-0002,1723,1202,106,2024-12-30 05:42:05.059853
-0002,1741,1202,106,2024-12-30 05:42:05.075854
-0002,1728,1202,106,2024-12-30 05:42:05.091858
-0002,1732,1202,106,2024-12-30 05:42:05.107848
-0002,1724,1202,106,2024-12-30 05:42:05.123840
-0002,1723,1202,106,2024-12-30 05:42:05.139844
-0002,1713,1202,106,2024-12-30 05:42:05.171720
-0001,1722,1202,106,2024-12-30 05:42:05.187834
-0002,1706,1202,106,2024-12-30 05:42:05.203822
-0002,1719,1202,106,2024-12-30 05:42:05.219826
-0001,1727,1202,106,2024-12-30 05:42:05.235826
-0002,1732,1202,106,2024-12-30 05:42:05.251839
-0002,1733,1201,106,2024-12-30 05:42:05.267813
-0002,1723,1202,106,2024-12-30 05:42:05.283806
-0002,1738,1202,106,2024-12-30 05:42:05.299814
-0002,1721,1202,106,2024-12-30 05:42:05.331363
-0002,1727,1202,106,2024-12-30 05:42:05.347792
-0002,1720,1201,106,2024-12-30 05:42:05.363787
-0001,1735,1202,106,2024-12-30 05:42:05.379790
-0001,1721,1202,106,2024-12-30 05:42:05.395775
-0001,1727,1202,106,2024-12-30 05:42:05.411777
-0002,1716,1201,106,2024-12-30 05:42:05.427772
-0002,1718,1201,106,2024-12-30 05:42:05.443775
-0002,1720,1202,106,2024-12-30 05:42:05.459764
-0002,1732,1202,106,2024-12-30 05:42:05.475769
-0002,1703,1202,106,2024-12-30 05:42:05.507748
-0002,1708,1202,106,2024-12-30 05:42:05.523756
-0002,1719,1202,106,2024-12-30 05:42:05.539751
-0002,1724,1202,106,2024-12-30 05:42:05.555756
-0001,1703,1202,106,2024-12-30 05:42:05.571744
-0002,1721,1202,106,2024-12-30 05:42:05.587749
-0002,1704,1202,106,2024-12-30 05:42:05.603750
-0001,1713,1202,106,2024-12-30 05:42:05.619727
-0002,1717,1201,106,2024-12-30 05:42:05.635736
-0002,1728,1202,106,2024-12-30 05:42:05.667377
-0002,1727,1201,106,2024-12-30 05:42:05.683722
-0002,1717,1201,106,2024-12-30 05:42:05.699720
-0001,1707,1202,106,2024-12-30 05:42:05.715717
-0002,1718,1202,106,2024-12-30 05:42:05.731721
-0002,1713,1201,106,2024-12-30 05:42:05.747714
-0001,1705,1201,106,2024-12-30 05:42:05.763712
-0002,1707,1201,106,2024-12-30 05:42:05.779710
-0002,1706,1202,106,2024-12-30 05:42:05.795703
-0002,1720,1202,106,2024-12-30 05:42:05.827008
-0001,1718,1202,106,2024-12-30 05:42:05.843692
-0001,1721,1202,106,2024-12-30 05:42:05.859695
-0001,1709,1202,106,2024-12-30 05:42:05.875692
-0001,1713,1202,106,2024-12-30 05:42:05.891684
-0001,1704,1201,106,2024-12-30 05:42:05.907687
-0002,1721,1202,106,2024-12-30 05:42:05.923674
-0001,1718,1201,106,2024-12-30 05:42:05.939668
-0001,1706,1201,106,2024-12-30 05:42:05.955668
-0001,1717,1201,106,2024-12-30 05:42:05.971672
-0002,1720,1201,106,2024-12-30 05:42:06.003407
-0002,1716,1201,106,2024-12-30 05:42:06.019650
-0002,1705,1201,106,2024-12-30 05:42:06.035649
-0001,1709,1201,106,2024-12-30 05:42:06.051643
-0002,1715,1201,106,2024-12-30 05:42:06.067643
-0002,1703,1202,106,2024-12-30 05:42:06.083645
-0002,1720,1201,106,2024-12-30 05:42:06.099645
-0001,1725,1201,106,2024-12-30 05:42:06.117224
-0002,1707,1202,106,2024-12-30 05:42:06.131683
-0002,1723,1202,106,2024-12-30 05:42:06.163060
-0003,1716,1201,106,2024-12-30 05:42:06.179619
-0002,1725,1201,106,2024-12-30 05:42:06.195611
-0002,1716,1201,106,2024-12-30 05:42:06.211614
-0002,1713,1202,106,2024-12-30 05:42:06.227606
-0001,1705,1201,106,2024-12-30 05:42:06.243628
-0002,1723,1201,106,2024-12-30 05:42:06.259606
-0002,1712,1201,106,2024-12-30 05:42:06.275590
-0002,1731,1201,106,2024-12-30 05:42:06.291590
-0002,1712,1201,106,2024-12-30 05:42:06.307584
-0002,1707,1201,106,2024-12-30 05:42:06.339430
-0001,1722,1201,106,2024-12-30 05:42:06.355592
-0002,1706,1201,106,2024-12-30 05:42:06.371572
-0002,1715,1201,106,2024-12-30 05:42:06.387565
-0002,1711,1201,106,2024-12-30 05:42:06.403567
-0001,1708,1201,106,2024-12-30 05:42:06.419566
-0003,1710,1201,106,2024-12-30 05:42:06.435562
-0002,1715,1201,106,2024-12-30 05:42:06.451567
-0002,1700,1201,106,2024-12-30 05:42:06.467565
-0001,1723,1202,106,2024-12-30 05:42:06.499085
-0002,1719,1201,106,2024-12-30 05:42:06.515547
-0002,1706,1201,106,2024-12-30 05:42:06.531549
-0002,1727,1201,106,2024-12-30 05:42:06.547542
-0002,1707,1201,106,2024-12-30 05:42:06.563531
-0002,1708,1202,106,2024-12-30 05:42:06.579537
-0001,1718,1201,106,2024-12-30 05:42:06.595524
-0002,1708,1201,106,2024-12-30 05:42:06.611524
-0002,1713,1201,106,2024-12-30 05:42:06.627520
-0002,1707,1201,106,2024-12-30 05:42:06.643520
-0001,1705,1202,106,2024-12-30 05:42:06.675454
-0002,1712,1201,106,2024-12-30 05:42:06.691527
-0002,1710,1201,106,2024-12-30 05:42:06.707524
-0002,1700,1201,106,2024-12-30 05:42:06.723512
-0002,1720,1201,106,2024-12-30 05:42:06.739498
-0002,1692,1201,106,2024-12-30 05:42:06.755496
-0001,1717,1201,106,2024-12-30 05:42:06.771492
-0002,1698,1201,106,2024-12-30 05:42:06.787487
-0002,1719,1201,106,2024-12-30 05:42:06.803482
-0002,1710,1201,106,2024-12-30 05:42:06.835090
-0002,1709,1201,106,2024-12-30 05:42:06.851490
-0002,1697,1201,106,2024-12-30 05:42:06.867467
-0002,1707,1201,106,2024-12-30 05:42:06.883476
-0002,1708,1201,106,2024-12-30 05:42:06.899464
-0001,1709,1201,106,2024-12-30 05:42:06.915466
-0002,1691,1201,106,2024-12-30 05:42:06.931464
-0002,1711,1201,106,2024-12-30 05:42:06.947462
-0002,1708,1201,106,2024-12-30 05:42:06.963456
-0002,1690,1201,106,2024-12-30 05:42:06.979452
-0001,1717,1201,106,2024-12-30 05:42:07.011441
-0002,1707,1201,106,2024-12-30 05:42:07.027442
-0002,1710,1201,106,2024-12-30 05:42:07.043435
-0002,1713,1201,106,2024-12-30 05:42:07.059423
-0002,1713,1201,106,2024-12-30 05:42:07.075430
-0002,1705,1201,106,2024-12-30 05:42:07.091429
-0002,1708,1201,106,2024-12-30 05:42:07.107438
-0002,1702,1201,106,2024-12-30 05:42:07.123435
-0002,1699,1201,106,2024-12-30 05:42:07.139438
-0003,1714,1201,106,2024-12-30 05:42:07.171142
-0002,1694,1201,106,2024-12-30 05:42:07.187441
-0002,1695,1201,106,2024-12-30 05:42:07.203441
-0002,1700,1201,106,2024-12-30 05:42:07.219443
-0002,1697,1201,106,2024-12-30 05:42:07.235454
-0002,1693,1201,106,2024-12-30 05:42:07.251473
-0001,1708,1201,106,2024-12-30 05:42:07.267452
-0002,1690,1201,106,2024-12-30 05:42:07.283382
-0002,1700,1201,106,2024-12-30 05:42:07.299385
-0002,1697,1201,106,2024-12-30 05:42:07.330747
-0002,1690,1201,106,2024-12-30 05:42:07.347375
-0002,1708,1201,106,2024-12-30 05:42:07.363368
-0003,1710,1201,106,2024-12-30 05:42:07.379362
-0002,1697,1201,106,2024-12-30 05:42:07.395355
-0002,1702,1201,106,2024-12-30 05:42:07.411359
-0001,1696,1201,106,2024-12-30 05:42:07.427361
-0002,1705,1201,106,2024-12-30 05:42:07.443371
-0002,1703,1201,106,2024-12-30 05:42:07.459370
-0002,1703,1201,106,2024-12-30 05:42:07.475361
-0002,1709,1201,106,2024-12-30 05:42:07.507135
-0002,1694,1201,106,2024-12-30 05:42:07.523339
-0001,1699,1201,106,2024-12-30 05:42:07.539328
-0002,1703,1201,106,2024-12-30 05:42:07.555331
-0002,1707,1201,106,2024-12-30 05:42:07.571325
-0002,1703,1201,106,2024-12-30 05:42:07.587338
-0002,1712,1201,106,2024-12-30 05:42:07.603320
-0002,1714,1201,106,2024-12-30 05:42:07.619323
-0001,1690,1201,106,2024-12-30 05:42:07.635311
-0002,1686,1201,106,2024-12-30 05:42:07.666780
-0002,1686,1201,106,2024-12-30 05:42:07.683301
-0001,1687,1201,106,2024-12-30 05:42:07.699305
-0002,1697,1201,106,2024-12-30 05:42:07.715296
-0002,1713,1201,106,2024-12-30 05:42:07.731295
-0002,1691,1201,106,2024-12-30 05:42:07.747292
-0002,1692,1201,106,2024-12-30 05:42:07.763289
-0002,1699,1201,106,2024-12-30 05:42:07.779284
-0003,1691,1201,106,2024-12-30 05:42:07.795275
-0002,1694,1201,106,2024-12-30 05:42:07.811275
-0002,1711,1201,106,2024-12-30 05:42:07.843149
-0002,1681,1201,106,2024-12-30 05:42:07.859261
-0002,1696,1201,106,2024-12-30 05:42:07.875262
-0001,1696,1201,106,2024-12-30 05:42:07.891252
-0002,1697,1201,106,2024-12-30 05:42:07.907252
-0002,1703,1201,106,2024-12-30 05:42:07.923246
-0002,1695,1201,106,2024-12-30 05:42:07.939245
-0002,1702,1201,106,2024-12-30 05:42:07.955245
-0002,1698,1201,106,2024-12-30 05:42:07.971237
-0002,1700,1201,106,2024-12-30 05:42:08.002772
-0002,1704,1201,106,2024-12-30 05:42:08.019230
-0002,1696,1201,106,2024-12-30 05:42:08.035224
-0002,1693,1201,106,2024-12-30 05:42:08.051212
-0001,1702,1201,106,2024-12-30 05:42:08.067218
-0001,1682,1201,106,2024-12-30 05:42:08.083212
-0001,1690,1201,106,2024-12-30 05:42:08.099210
-0002,1692,1201,106,2024-12-30 05:42:08.115206
-0002,1703,1201,106,2024-12-30 05:42:08.131211
-0002,1696,1201,106,2024-12-30 05:42:08.147199
-0002,1698,1201,106,2024-12-30 05:42:08.179175
-0002,1694,1201,106,2024-12-30 05:42:08.195198
-0002,1697,1201,106,2024-12-30 05:42:08.211194
-0002,1701,1201,106,2024-12-30 05:42:08.227176
-0001,1700,1201,106,2024-12-30 05:42:08.243180
-0002,1701,1201,106,2024-12-30 05:42:08.259177
-0002,1695,1201,106,2024-12-30 05:42:08.275162
-0002,1672,1201,106,2024-12-30 05:42:08.291177
-0001,1698,1201,106,2024-12-30 05:42:08.307180
-0002,1714,1201,106,2024-12-30 05:42:08.338825
-0002,1690,1201,106,2024-12-30 05:42:08.355164
-0002,1696,1201,106,2024-12-30 05:42:08.371146
-0002,1709,1201,106,2024-12-30 05:42:08.387143
-0001,1693,1201,106,2024-12-30 05:42:08.403143
-0002,1698,1201,106,2024-12-30 05:42:08.419136
-0002,1706,1201,106,2024-12-30 05:42:08.435135
-0002,1684,1201,106,2024-12-30 05:42:08.451132
-0002,1705,1201,106,2024-12-30 05:42:08.467139
-0001,1703,1201,106,2024-12-30 05:42:08.498453
-0002,1697,1200,106,2024-12-30 05:42:08.515140
-0002,1694,1201,106,2024-12-30 05:42:08.531120
-0002,1695,1201,106,2024-12-30 05:42:08.547122
-0001,1702,1201,106,2024-12-30 05:42:08.563123
-0002,1690,1201,106,2024-12-30 05:42:08.579123
-0001,1698,1201,106,2024-12-30 05:42:08.595107
-0001,1682,1201,106,2024-12-30 05:42:08.611103
-0002,1692,1201,106,2024-12-30 05:42:08.627108
-0002,1694,1201,106,2024-12-30 05:42:08.643093
-0002,1712,1201,106,2024-12-30 05:42:08.674847
-0002,1677,1201,106,2024-12-30 05:42:08.691098
-0002,1687,1201,106,2024-12-30 05:42:08.707083
-0001,1703,1201,106,2024-12-30 05:42:08.723085
-0002,1699,1201,106,2024-12-30 05:42:08.739103
-0002,1679,1201,106,2024-12-30 05:42:08.755085
-0002,1706,1201,106,2024-12-30 05:42:08.771077
-0002,1705,1201,106,2024-12-30 05:42:08.787065
-0002,1690,1201,106,2024-12-30 05:42:08.803070
-0002,1702,1201,106,2024-12-30 05:42:08.834486
-0002,1691,1201,106,2024-12-30 05:42:08.851052
-0001,1716,1201,106,2024-12-30 05:42:08.867051
-0002,1712,1200,106,2024-12-30 05:42:08.883044
-0002,1710,1201,106,2024-12-30 05:42:08.899051
-0002,1705,1201,106,2024-12-30 05:42:08.915040
-0001,1708,1201,106,2024-12-30 05:42:08.931046
-0001,1699,1201,106,2024-12-30 05:42:08.947045
-0002,1694,1201,106,2024-12-30 05:42:08.963028
-0002,1700,1200,106,2024-12-30 05:42:08.979024
-0002,1707,1200,106,2024-12-30 05:42:09.010883
-0002,1690,1201,106,2024-12-30 05:42:09.027019
-0002,1693,1201,106,2024-12-30 05:42:09.043012
-0002,1694,1201,106,2024-12-30 05:42:09.059016
-0001,1692,1201,106,2024-12-30 05:42:09.075004
-0002,1693,1200,106,2024-12-30 05:42:09.091005
-0002,1695,1201,106,2024-12-30 05:42:09.106999
-0001,1692,1201,106,2024-12-30 05:42:09.122993
-0002,1700,1201,106,2024-12-30 05:42:09.138998
-0002,1688,1201,106,2024-12-30 05:42:09.170517
-0002,1697,1200,106,2024-12-30 05:42:09.186986
-0002,1695,1201,106,2024-12-30 05:42:09.202982
-0002,1683,1201,106,2024-12-30 05:42:09.218975
-0002,1704,1201,106,2024-12-30 05:42:09.234976
-0002,1670,1200,106,2024-12-30 05:42:09.250982
-0002,1693,1201,106,2024-12-30 05:42:09.266970
-0001,1694,1201,106,2024-12-30 05:42:09.282960
-0001,1701,1200,106,2024-12-30 05:42:09.298967
-0001,1692,1200,106,2024-12-30 05:42:09.314987
-0002,1696,1201,106,2024-12-30 05:42:09.346905
-0002,1694,1201,106,2024-12-30 05:42:09.362948
-0002,1678,1201,106,2024-12-30 05:42:09.378940
-0002,1704,1201,106,2024-12-30 05:42:09.394948
-0002,1693,1201,106,2024-12-30 05:42:09.410945
-0002,1677,1201,106,2024-12-30 05:42:09.426943
-0002,1689,1200,106,2024-12-30 05:42:09.442929
-0002,1692,1200,106,2024-12-30 05:42:09.458925
-0001,1685,1201,106,2024-12-30 05:42:09.474921
-0002,1702,1200,106,2024-12-30 05:42:09.506530
-0002,1708,1201,106,2024-12-30 05:42:09.522909
-0002,1689,1201,106,2024-12-30 05:42:09.538911
-0001,1699,1201,106,2024-12-30 05:42:09.554901
-0002,1685,1201,106,2024-12-30 05:42:09.570905
-0002,1686,1201,106,2024-12-30 05:42:09.586891
-0002,1693,1201,106,2024-12-30 05:42:09.602888
-0002,1679,1200,106,2024-12-30 05:42:09.618887
-0002,1697,1200,106,2024-12-30 05:42:09.634890
-0001,1683,1201,106,2024-12-30 05:42:09.650886
-0002,1703,1200,106,2024-12-30 05:42:09.682891
-0001,1692,1201,106,2024-12-30 05:42:09.698883
-0001,1695,1201,106,2024-12-30 05:42:09.714873
-0001,1688,1201,106,2024-12-30 05:42:09.730873
-0002,1698,1200,106,2024-12-30 05:42:09.746874
-0003,1693,1201,106,2024-12-30 05:42:09.762866
-0002,1680,1201,106,2024-12-30 05:42:09.778860
-0001,1702,1201,106,2024-12-30 05:42:09.794857
-0002,1702,1200,106,2024-12-30 05:42:09.810866
-0002,1695,1200,106,2024-12-30 05:42:09.842540
-0002,1690,1201,106,2024-12-30 05:42:09.858842
-0002,1697,1200,106,2024-12-30 05:42:09.874840
-0002,1692,1201,106,2024-12-30 05:42:09.890832
-0002,1681,1200,106,2024-12-30 05:42:09.906829
-0001,1692,1201,106,2024-12-30 05:42:09.922826
-0002,1701,1200,106,2024-12-30 05:42:09.938823
-0001,1692,1200,106,2024-12-30 05:42:09.954823
-0002,1683,1200,106,2024-12-30 05:42:09.970815
-0002,1677,1200,106,2024-12-30 05:42:10.002189
-0001,1699,1200,106,2024-12-30 05:42:10.018793
-0002,1695,1200,106,2024-12-30 05:42:10.034804
-0002,1690,1200,106,2024-12-30 05:42:10.050806
-0001,1704,1200,106,2024-12-30 05:42:10.066805
-0002,1718,1201,106,2024-12-30 05:42:10.082806
-0002,1671,1200,106,2024-12-30 05:42:10.098808
-0002,1694,1200,106,2024-12-30 05:42:10.114810
-0002,1697,1201,106,2024-12-30 05:42:10.130815
-0002,1685,1200,106,2024-12-30 05:42:10.146816
-0002,1698,1200,106,2024-12-30 05:42:10.178611
-0002,1693,1200,106,2024-12-30 05:42:10.194818
-0002,1701,1200,106,2024-12-30 05:42:10.210820
-0002,1680,1200,106,2024-12-30 05:42:10.226822
-0002,1685,1200,106,2024-12-30 05:42:10.242766
-0002,1696,1200,106,2024-12-30 05:42:10.258752
-0002,1703,1201,106,2024-12-30 05:42:10.274751
-0001,1713,1200,106,2024-12-30 05:42:10.290745
-0002,1701,1200,106,2024-12-30 05:42:10.306745
-0002,1703,1200,106,2024-12-30 05:42:10.338208
-0002,1680,1200,106,2024-12-30 05:42:10.354726
-0001,1686,1200,106,2024-12-30 05:42:10.370736
-0001,1693,1201,106,2024-12-30 05:42:10.386723
-0002,1688,1200,106,2024-12-30 05:42:10.402722
-0002,1678,1200,106,2024-12-30 05:42:10.418726
-0002,1689,1200,106,2024-12-30 05:42:10.434708
-0002,1679,1200,106,2024-12-30 05:42:10.450714
-0002,1701,1200,106,2024-12-30 05:42:10.466704
-0001,1683,1201,106,2024-12-30 05:42:10.482711
-0002,1696,1200,106,2024-12-30 05:42:10.514596
-0001,1696,1200,106,2024-12-30 05:42:10.530700
-0002,1680,1200,106,2024-12-30 05:42:10.546685
-0002,1708,1200,106,2024-12-30 05:42:10.562691
-0002,1690,1200,106,2024-12-30 05:42:10.578684
-0001,1678,1200,106,2024-12-30 05:42:10.594691
-0001,1699,1200,106,2024-12-30 05:42:10.610686
-0001,1698,1200,106,2024-12-30 05:42:10.626679
-0002,1686,1200,106,2024-12-30 05:42:10.642672
-0001,1681,1200,106,2024-12-30 05:42:10.674222
-0002,1703,1200,106,2024-12-30 05:42:10.690659
-0002,1681,1200,106,2024-12-30 05:42:10.706661
-0002,1686,1200,106,2024-12-30 05:42:10.722658
-0002,1680,1200,106,2024-12-30 05:42:10.738659
-0002,1680,1200,106,2024-12-30 05:42:10.754653
-0001,1705,1200,106,2024-12-30 05:42:10.770650
-0001,1688,1200,106,2024-12-30 05:42:10.786656
-0001,1683,1200,106,2024-12-30 05:42:10.802637
-0002,1696,1200,106,2024-12-30 05:42:10.818642
-0003,1682,1200,106,2024-12-30 05:42:10.850629
-0002,1677,1200,106,2024-12-30 05:42:10.866621
-0002,1675,1200,106,2024-12-30 05:42:10.882628
-0002,1689,1200,106,2024-12-30 05:42:10.898624
-0002,1675,1200,106,2024-12-30 05:42:10.914612
-0002,1686,1200,106,2024-12-30 05:42:10.930615
-0002,1682,1200,106,2024-12-30 05:42:10.946617
-0002,1695,1200,106,2024-12-30 05:42:10.962610
-0001,1676,1200,106,2024-12-30 05:42:10.978597
-0002,1674,1200,106,2024-12-30 05:42:11.010233
-0001,1686,1200,106,2024-12-30 05:42:11.026596
-0002,1682,1200,106,2024-12-30 05:42:11.042593
-0001,1689,1200,106,2024-12-30 05:42:11.058586
-0002,1693,1200,106,2024-12-30 05:42:11.074586
-0002,1682,1200,106,2024-12-30 05:42:11.090579
-0001,1677,1200,106,2024-12-30 05:42:11.106576
-0002,1694,1200,106,2024-12-30 05:42:11.122569
-0001,1689,1200,106,2024-12-30 05:42:11.138572
-0002,1685,1200,106,2024-12-30 05:42:11.169897
-0003,1682,1200,106,2024-12-30 05:42:11.186559
-0002,1681,1200,106,2024-12-30 05:42:11.202556
-0001,1669,1200,106,2024-12-30 05:42:11.218559
-0002,1689,1200,106,2024-12-30 05:42:11.234551
-0002,1685,1200,106,2024-12-30 05:42:11.250560
-0002,1676,1200,106,2024-12-30 05:42:11.266545
-0002,1694,1201,106,2024-12-30 05:42:11.282549
-0002,1672,1200,106,2024-12-30 05:42:11.298528
-0002,1679,1200,106,2024-12-30 05:42:11.314527
-0002,1689,1200,106,2024-12-30 05:42:11.346263
-0001,1676,1200,106,2024-12-30 05:42:11.362519
-0002,1681,1200,106,2024-12-30 05:42:11.378510
-0002,1683,1200,106,2024-12-30 05:42:11.394512
-0002,1694,1200,106,2024-12-30 05:42:11.410505
-0002,1665,1200,106,2024-12-30 05:42:11.426507
-0002,1681,1200,106,2024-12-30 05:42:11.442501
-0002,1692,1200,106,2024-12-30 05:42:11.458497
-0001,1687,1200,106,2024-12-30 05:42:11.474491
-0002,1681,1200,106,2024-12-30 05:42:11.505902
-0001,1700,1200,106,2024-12-30 05:42:11.522489
-0002,1687,1200,106,2024-12-30 05:42:11.538495
-0002,1680,1200,106,2024-12-30 05:42:11.554485
-0002,1683,1200,106,2024-12-30 05:42:11.570482
-0002,1682,1200,106,2024-12-30 05:42:11.586467
-0001,1677,1200,106,2024-12-30 05:42:11.602469
-0001,1683,1200,106,2024-12-30 05:42:11.618495
-0002,1684,1200,106,2024-12-30 05:42:11.634488
-0002,1673,1200,106,2024-12-30 05:42:11.650467
-0002,1664,1200,106,2024-12-30 05:42:11.682289
-0001,1675,1200,106,2024-12-30 05:42:11.698448
-0002,1694,1200,106,2024-12-30 05:42:11.714439
-0002,1672,1200,106,2024-12-30 05:42:11.730428
-0002,1694,1200,106,2024-12-30 05:42:11.746450
-0002,1704,1200,106,2024-12-30 05:42:11.762427
-0002,1692,1200,106,2024-12-30 05:42:11.778412
-0002,1679,1200,106,2024-12-30 05:42:11.794412
-0002,1675,1200,106,2024-12-30 05:42:11.810410
-0001,1680,1200,106,2024-12-30 05:42:11.841931
-0002,1682,1200,106,2024-12-30 05:42:11.858405
-0002,1685,1200,106,2024-12-30 05:42:11.874393
-0001,1681,1200,106,2024-12-30 05:42:11.890409
-0002,1681,1200,106,2024-12-30 05:42:11.906402
-0002,1677,1200,106,2024-12-30 05:42:11.922392
-0002,1671,1200,106,2024-12-30 05:42:11.938392
-0001,1685,1200,106,2024-12-30 05:42:11.954384
-0002,1681,1200,106,2024-12-30 05:42:11.970389
-0002,1692,1200,106,2024-12-30 05:42:11.986381
-0002,1676,1200,106,2024-12-30 05:42:12.018327
-0001,1670,1200,106,2024-12-30 05:42:12.034368
-0001,1690,1200,106,2024-12-30 05:42:12.050367
-0002,1680,1200,106,2024-12-30 05:42:12.066363
-0002,1662,1200,106,2024-12-30 05:42:12.082365
-0002,1679,1200,106,2024-12-30 05:42:12.098360
-0002,1686,1200,106,2024-12-30 05:42:12.114363
-0002,1661,1200,106,2024-12-30 05:42:12.130354
-0002,1676,1200,106,2024-12-30 05:42:12.146351
-0001,1682,1200,106,2024-12-30 05:42:12.177952
-0002,1666,1200,106,2024-12-30 05:42:12.194336
-0003,1679,1200,106,2024-12-30 05:42:12.210329
-0002,1685,1200,106,2024-12-30 05:42:12.226330
-0001,1689,1200,106,2024-12-30 05:42:12.242334
-0001,1682,1200,106,2024-12-30 05:42:12.258328
-0002,1677,1200,106,2024-12-30 05:42:12.274331
-0001,1673,1200,106,2024-12-30 05:42:12.290308
-0002,1695,1200,106,2024-12-30 05:42:12.306327
-0001,1685,1200,106,2024-12-30 05:42:12.322311
-0002,1676,1200,106,2024-12-30 05:42:12.354294
-0001,1681,1200,106,2024-12-30 05:42:12.370297
-0002,1679,1200,106,2024-12-30 05:42:12.386294
-0002,1668,1200,106,2024-12-30 05:42:12.402296
-0002,1698,1200,106,2024-12-30 05:42:12.418288
-0002,1682,1200,106,2024-12-30 05:42:12.434284
-0002,1666,1200,106,2024-12-30 05:42:12.450277
-0001,1676,1200,106,2024-12-30 05:42:12.466273
-0002,1670,1200,106,2024-12-30 05:42:12.482273
-0001,1670,1200,106,2024-12-30 05:42:12.513987
-0002,1681,1200,106,2024-12-30 05:42:12.530260
-0002,1683,1200,106,2024-12-30 05:42:12.546262
-0002,1681,1200,106,2024-12-30 05:42:12.562259
-0002,1654,1200,106,2024-12-30 05:42:12.578251
-0002,1652,1200,106,2024-12-30 05:42:12.594244
-0001,1656,1200,106,2024-12-30 05:42:12.610249
-0001,1677,1199,106,2024-12-30 05:42:12.626241
-0002,1666,1199,106,2024-12-30 05:42:12.642247
-0002,1673,1200,106,2024-12-30 05:42:12.673604
-0002,1666,1200,106,2024-12-30 05:42:12.690226
-0002,1668,1200,106,2024-12-30 05:42:12.706219
-0002,1674,1200,106,2024-12-30 05:42:12.722218
-0002,1682,1199,106,2024-12-30 05:42:12.738220
-0001,1662,1200,106,2024-12-30 05:42:12.754214
-0002,1670,1200,106,2024-12-30 05:42:12.770222
-0002,1673,1200,106,2024-12-30 05:42:12.786206
-0002,1666,1200,106,2024-12-30 05:42:12.802206
-0001,1659,1199,106,2024-12-30 05:42:12.818198
-0001,1677,1200,106,2024-12-30 05:42:12.849975
-0002,1660,1200,106,2024-12-30 05:42:12.866187
-0002,1666,1200,106,2024-12-30 05:42:12.882189
-0002,1674,1200,106,2024-12-30 05:42:12.898182
-0002,1662,1200,106,2024-12-30 05:42:12.914180
-0002,1656,1200,106,2024-12-30 05:42:12.930175
-0002,1669,1200,106,2024-12-30 05:42:12.946174
-0002,1656,1199,106,2024-12-30 05:42:12.962168
-0002,1655,1200,106,2024-12-30 05:42:12.978171
-0002,1669,1200,106,2024-12-30 05:42:13.009623
-0002,1650,1200,106,2024-12-30 05:42:13.026170
-0002,1654,1200,106,2024-12-30 05:42:13.042169
-0002,1647,1200,106,2024-12-30 05:42:13.058163
-0002,1664,1200,106,2024-12-30 05:42:13.074170
-0002,1660,1200,106,2024-12-30 05:42:13.090173
-0001,1664,1200,106,2024-12-30 05:42:13.106172
-0001,1663,1200,106,2024-12-30 05:42:13.122175
-0002,1663,1199,106,2024-12-30 05:42:13.138179
-0002,1676,1200,106,2024-12-30 05:42:13.154181
-0002,1661,1200,106,2024-12-30 05:42:13.186045
-0002,1668,1200,106,2024-12-30 05:42:13.202117
-0002,1666,1200,106,2024-12-30 05:42:13.218116
-0002,1667,1199,106,2024-12-30 05:42:13.234108
-0002,1671,1200,106,2024-12-30 05:42:13.250116
-0002,1663,1200,106,2024-12-30 05:42:13.266104
-0002,1663,1199,106,2024-12-30 05:42:13.282110
-0002,1675,1199,106,2024-12-30 05:42:13.298098
-0001,1661,1200,106,2024-12-30 05:42:13.314108
-0002,1732,1200,106,2024-12-30 05:42:13.345636
-0002,1710,1200,106,2024-12-30 05:42:13.362086
-0001,1688,1200,106,2024-12-30 05:42:13.378092
-0002,1767,1199,106,2024-12-30 05:42:13.394091
-0002,1767,1200,106,2024-12-30 05:42:13.410080
-0002,1764,1200,106,2024-12-30 05:42:13.426079
-0002,1746,1199,106,2024-12-30 05:42:13.442080
-0001,1728,1200,106,2024-12-30 05:42:13.458084
-0001,1775,1200,106,2024-12-30 05:42:13.474076
-0001,1749,1200,106,2024-12-30 05:42:13.490065
-0002,1753,1200,106,2024-12-30 05:42:13.522032
00000,1736,1199,106,2024-12-30 05:42:13.538056
00000,1746,1200,106,2024-12-30 05:42:13.554050
00000,1730,1199,106,2024-12-30 05:42:13.570048
00000,1699,1199,106,2024-12-30 05:42:13.586033
00000,1638,1200,106,2024-12-30 05:42:13.602031
-0001,1856,1200,106,2024-12-30 05:42:13.618032
00000,1712,1200,106,2024-12-30 05:42:13.634022
-0001,1646,1199,106,2024-12-30 05:42:13.650029
-0001,1713,1199,106,2024-12-30 05:42:13.681668
-0001,1709,1200,106,2024-12-30 05:42:13.698010
-0001,1745,1199,106,2024-12-30 05:42:13.714006
00000,1673,1199,106,2024-12-30 05:42:13.730006
-0001,1692,1200,106,2024-12-30 05:42:13.746008
00000,1775,1199,106,2024-12-30 05:42:13.762008
-0001,1835,1200,106,2024-12-30 05:42:13.777988
-0001,1722,1200,106,2024-12-30 05:42:13.793996
00000,1807,1199,106,2024-12-30 05:42:13.809991
00000,1783,1199,106,2024-12-30 05:42:13.841319
00000,1800,1199,106,2024-12-30 05:42:13.857984
00000,1804,1199,106,2024-12-30 05:42:13.873985
00000,1831,1199,106,2024-12-30 05:42:13.889973
00000,1811,1199,106,2024-12-30 05:42:13.905973
00000,1803,1199,106,2024-12-30 05:42:13.921968
00000,1790,1200,106,2024-12-30 05:42:13.937963
00000,1793,1199,106,2024-12-30 05:42:13.953955
-0001,1800,1199,106,2024-12-30 05:42:13.969947
00000,1779,1199,106,2024-12-30 05:42:13.985951
00000,1798,1200,106,2024-12-30 05:42:14.017696
00000,1783,1199,106,2024-12-30 05:42:14.033933
00000,1778,1199,106,2024-12-30 05:42:14.049936
00000,1774,1200,106,2024-12-30 05:42:14.065931
00000,1777,1199,106,2024-12-30 05:42:14.081932
00000,1759,1200,106,2024-12-30 05:42:14.097927
00000,1760,1199,106,2024-12-30 05:42:14.113929
00000,1760,1199,106,2024-12-30 05:42:14.129933
00000,1770,1199,106,2024-12-30 05:42:14.145908
00000,1756,1199,106,2024-12-30 05:42:14.177321
00000,1767,1199,106,2024-12-30 05:42:14.193913
00000,1777,1199,106,2024-12-30 05:42:14.209895
00000,1767,1199,106,2024-12-30 05:42:14.225900
00000,1754,1200,106,2024-12-30 05:42:14.241915
00000,1762,1199,106,2024-12-30 05:42:14.257904
00000,1756,1199,106,2024-12-30 05:42:14.273891
00000,1765,1200,106,2024-12-30 05:42:14.289884
00000,1765,1200,106,2024-12-30 05:42:14.305889
00000,1763,1199,106,2024-12-30 05:42:14.321877
00000,1771,1199,106,2024-12-30 05:42:14.353713
00000,1756,1199,106,2024-12-30 05:42:14.369873
00000,1750,1199,106,2024-12-30 05:42:14.385870
00000,1764,1199,106,2024-12-30 05:42:14.401856
00000,1751,1199,106,2024-12-30 05:42:14.417858
00000,1770,1199,106,2024-12-30 05:42:14.433849
00000,1756,1199,106,2024-12-30 05:42:14.449855
00000,1744,1199,106,2024-12-30 05:42:14.465846
00000,1764,1199,106,2024-12-30 05:42:14.481850
00000,1760,1199,106,2024-12-30 05:42:14.513361
00000,1737,1199,106,2024-12-30 05:42:14.529834
00000,1763,1199,106,2024-12-30 05:42:14.545827
-0001,1750,1199,106,2024-12-30 05:42:14.561832
00000,1743,1199,106,2024-12-30 05:42:14.577819
00000,1751,1200,106,2024-12-30 05:42:14.593818
00000,1768,1199,106,2024-12-30 05:42:14.609821
00000,1743,1199,106,2024-12-30 05:42:14.625806
00000,1744,1199,106,2024-12-30 05:42:14.641811
00000,1759,1199,106,2024-12-30 05:42:14.657805
00000,1752,1199,106,2024-12-30 05:42:14.689724
00000,1758,1199,106,2024-12-30 05:42:14.705799
00000,1745,1199,106,2024-12-30 05:42:14.721791
00000,1751,1199,106,2024-12-30 05:42:14.737794
00000,1751,1199,106,2024-12-30 05:42:14.753786
00000,1765,1199,106,2024-12-30 05:42:14.769788
00000,1749,1199,106,2024-12-30 05:42:14.785776
00000,1748,1199,106,2024-12-30 05:42:14.801778
00000,1752,1199,106,2024-12-30 05:42:14.817786
00000,1765,1199,106,2024-12-30 05:42:14.849380
00000,1750,1199,106,2024-12-30 05:42:14.865768
00000,1753,1199,106,2024-12-30 05:42:14.881754
00000,1754,1199,106,2024-12-30 05:42:14.897754
00000,1755,1199,106,2024-12-30 05:42:14.913747
00000,1744,1199,106,2024-12-30 05:42:14.929748
00000,1744,1199,106,2024-12-30 05:42:14.945740
00000,1757,1199,106,2024-12-30 05:42:14.961741
00000,1770,1199,106,2024-12-30 05:42:14.977740
00000,1764,1199,106,2024-12-30 05:42:14.993737
00000,1764,1199,106,2024-12-30 05:42:15.025725
00000,1765,1199,106,2024-12-30 05:42:15.041723
00000,1741,1199,106,2024-12-30 05:42:15.057714
00000,1756,1199,106,2024-12-30 05:42:15.073716
00000,1755,1199,106,2024-12-30 05:42:15.089712
00000,1742,1199,106,2024-12-30 05:42:15.105716
00000,1743,1199,106,2024-12-30 05:42:15.121708
00000,1764,1199,106,2024-12-30 05:42:15.137706
-0001,1753,1199,106,2024-12-30 05:42:15.153705
00000,1749,1199,106,2024-12-30 05:42:15.185397
00000,1756,1199,106,2024-12-30 05:42:15.201686
00000,1737,1199,106,2024-12-30 05:42:15.217689
00000,1749,1199,106,2024-12-30 05:42:15.233689
00000,1763,1199,106,2024-12-30 05:42:15.249707
00000,1754,1199,106,2024-12-30 05:42:15.265683
00000,1763,1199,106,2024-12-30 05:42:15.281674
00000,1762,1199,106,2024-12-30 05:42:15.297678
00000,1757,1199,106,2024-12-30 05:42:15.313673
00000,1752,1199,106,2024-12-30 05:42:15.345026
-0001,1747,1199,106,2024-12-30 05:42:15.361668
00000,1764,1199,106,2024-12-30 05:42:15.377651
00000,1759,1199,106,2024-12-30 05:42:15.393649
00000,1755,1199,106,2024-12-30 05:42:15.409646
00000,1761,1199,106,2024-12-30 05:42:15.425645
-0001,1760,1199,106,2024-12-30 05:42:15.441640
00000,1757,1199,106,2024-12-30 05:42:15.457640
00000,1752,1199,106,2024-12-30 05:42:15.473634
00000,1755,1199,106,2024-12-30 05:42:15.489628
00000,1749,1199,106,2024-12-30 05:42:15.521402
00000,1759,1199,106,2024-12-30 05:42:15.537621
00000,1780,1199,106,2024-12-30 05:42:15.553614
00000,1750,1199,106,2024-12-30 05:42:15.569607
00000,1756,1199,106,2024-12-30 05:42:15.585610
00000,1739,1199,106,2024-12-30 05:42:15.601609
00000,1743,1199,106,2024-12-30 05:42:15.617610
00000,1739,1199,106,2024-12-30 05:42:15.633591
00000,1751,1199,106,2024-12-30 05:42:15.649595
00000,1755,1199,106,2024-12-30 05:42:15.681056
00000,1756,1199,106,2024-12-30 05:42:15.697585
00000,1759,1199,106,2024-12-30 05:42:15.713588
00000,1758,1199,106,2024-12-30 05:42:15.729591
00000,1744,1199,106,2024-12-30 05:42:15.745566
00000,1743,1199,106,2024-12-30 05:42:15.761569
00000,1748,1199,106,2024-12-30 05:42:15.777565
00000,1762,1199,106,2024-12-30 05:42:15.793565
00000,1758,1199,106,2024-12-30 05:42:15.809559
00000,1739,1199,106,2024-12-30 05:42:15.825555
00000,1748,1199,106,2024-12-30 05:42:15.857441
00000,1758,1199,106,2024-12-30 05:42:15.873552
00000,1757,1199,106,2024-12-30 05:42:15.889536
00000,1738,1199,106,2024-12-30 05:42:15.905542
00000,1758,1199,106,2024-12-30 05:42:15.921535
00000,1771,1199,106,2024-12-30 05:42:15.937529
00000,1762,1199,106,2024-12-30 05:42:15.953526
00000,1753,1199,106,2024-12-30 05:42:15.969530
00000,1748,1199,106,2024-12-30 05:42:15.985531
00000,1760,1199,106,2024-12-30 05:42:16.017098
00000,1757,1199,106,2024-12-30 05:42:16.033537
00000,1745,1199,106,2024-12-30 05:42:16.049537
00000,1768,1199,106,2024-12-30 05:42:16.065540
00000,1761,1199,106,2024-12-30 05:42:16.081543
00000,1763,1199,106,2024-12-30 05:42:16.097547
00000,1748,1199,106,2024-12-30 05:42:16.113546
00000,1756,1199,106,2024-12-30 05:42:16.129551
00000,1744,1199,106,2024-12-30 05:42:16.145548
00000,1761,1199,106,2024-12-30 05:42:16.161491
00000,1743,1199,106,2024-12-30 05:42:16.193480
00000,1754,1199,106,2024-12-30 05:42:16.209477
00000,1743,1199,106,2024-12-30 05:42:16.225471
00000,1742,1199,106,2024-12-30 05:42:16.241479
00000,1736,1199,106,2024-12-30 05:42:16.257464
00000,1753,1199,106,2024-12-30 05:42:16.273471
00000,1740,1199,106,2024-12-30 05:42:16.289456
00000,1753,1199,106,2024-12-30 05:42:16.305460
00000,1760,1199,106,2024-12-30 05:42:16.321453
00000,1764,1199,106,2024-12-30 05:42:16.353099
00000,1740,1199,106,2024-12-30 05:42:16.369438
00000,1753,1199,106,2024-12-30 05:42:16.385434
00000,1754,1199,106,2024-12-30 05:42:16.401429
00000,1751,1199,106,2024-12-30 05:42:16.417421
00000,1754,1199,106,2024-12-30 05:42:16.433429
00000,1748,1199,106,2024-12-30 05:42:16.449427
00000,1755,1199,106,2024-12-30 05:42:16.465423
00000,1748,1199,106,2024-12-30 05:42:16.481412
00000,1747,1199,106,2024-12-30 05:42:16.512726
00000,1753,1199,106,2024-12-30 05:42:16.529406
00000,1765,1199,106,2024-12-30 05:42:16.545402
00000,1754,1199,106,2024-12-30 05:42:16.561391
00000,1750,1199,106,2024-12-30 05:42:16.577394
00000,1733,1199,106,2024-12-30 05:42:16.593382
00000,1745,1199,106,2024-12-30 05:42:16.609394
00000,1745,1199,106,2024-12-30 05:42:16.625388
00000,1753,1199,106,2024-12-30 05:42:16.641388
00000,1760,1199,106,2024-12-30 05:42:16.657382
00000,1740,1199,106,2024-12-30 05:42:16.689126
00000,1746,1199,106,2024-12-30 05:42:16.705373
00000,1752,1199,106,2024-12-30 05:42:16.721374
00000,1750,1199,106,2024-12-30 05:42:16.737363
00000,1737,1199,106,2024-12-30 05:42:16.753363
00000,1742,1199,106,2024-12-30 05:42:16.769355
00000,1760,1198,106,2024-12-30 05:42:16.785350
00000,1754,1199,106,2024-12-30 05:42:16.801353
-0001,1742,1199,106,2024-12-30 05:42:16.817344
00000,1767,1199,106,2024-12-30 05:42:16.848758
00000,1738,1199,106,2024-12-30 05:42:16.865342
00000,1745,1199,106,2024-12-30 05:42:16.881326
00000,1731,1199,106,2024-12-30 05:42:16.897330
00000,1762,1199,106,2024-12-30 05:42:16.913325
00000,1734,1199,106,2024-12-30 05:42:16.929327
00000,1743,1199,106,2024-12-30 05:42:16.945317
00000,1759,1198,106,2024-12-30 05:42:16.961309
00000,1750,1199,106,2024-12-30 05:42:16.977308
00000,1734,1199,106,2024-12-30 05:42:16.993303
00000,1753,1198,106,2024-12-30 05:42:17.025136
00000,1750,1199,106,2024-12-30 05:42:17.041302
00000,1751,1199,106,2024-12-30 05:42:17.057291
00000,1741,1199,106,2024-12-30 05:42:17.073291
00000,1751,1199,106,2024-12-30 05:42:17.089293
00000,1763,1198,106,2024-12-30 05:42:17.105276
00000,1756,1199,106,2024-12-30 05:42:17.121284
00000,1761,1198,106,2024-12-30 05:42:17.137279
00000,1751,1199,106,2024-12-30 05:42:17.153276
00000,1764,1198,106,2024-12-30 05:42:17.184785
00000,1766,1199,106,2024-12-30 05:42:17.201271
00000,1747,1199,106,2024-12-30 05:42:17.217253
00000,1739,1199,106,2024-12-30 05:42:17.233259
00000,1738,1198,106,2024-12-30 05:42:17.249261
00000,1740,1199,106,2024-12-30 05:42:17.265253
00000,1750,1199,106,2024-12-30 05:42:17.281249
-0001,1747,1199,106,2024-12-30 05:42:17.297248
00000,1744,1199,106,2024-12-30 05:42:17.313245
00000,1756,1199,106,2024-12-30 05:42:17.329243
00000,1737,1199,106,2024-12-30 05:42:17.361161
00000,1761,1199,106,2024-12-30 05:42:17.377230
00000,1756,1198,106,2024-12-30 05:42:17.393222
00000,1751,1198,106,2024-12-30 05:42:17.409215
00000,1721,1199,106,2024-12-30 05:42:17.425210
00000,1752,1198,106,2024-12-30 05:42:17.441211
00000,1744,1198,106,2024-12-30 05:42:17.457218
00000,1753,1198,106,2024-12-30 05:42:17.473219
00000,1749,1199,106,2024-12-30 05:42:17.489203
00000,1725,1198,106,2024-12-30 05:42:17.520812
00000,1726,1199,106,2024-12-30 05:42:17.537197
00000,1744,1198,106,2024-12-30 05:42:17.553188
00000,1739,1199,106,2024-12-30 05:42:17.569190
00000,1752,1198,106,2024-12-30 05:42:17.585187
00000,1749,1198,106,2024-12-30 05:42:17.601178
00000,1752,1199,106,2024-12-30 05:42:17.617179
-0001,1752,1198,106,2024-12-30 05:42:17.633170
00000,1724,1198,106,2024-12-30 05:42:17.649176
00000,1744,1198,106,2024-12-30 05:42:17.665167
00000,1767,1199,106,2024-12-30 05:42:17.697159
00000,1757,1198,106,2024-12-30 05:42:17.713152
00000,1740,1198,106,2024-12-30 05:42:17.729155
00000,1750,1199,106,2024-12-30 05:42:17.745152
00000,1728,1199,106,2024-12-30 05:42:17.761152
00000,1745,1199,106,2024-12-30 05:42:17.777148
00000,1746,1198,106,2024-12-30 05:42:17.793145
00000,1736,1198,106,2024-12-30 05:42:17.809129
00000,1757,1198,106,2024-12-30 05:42:17.825136
00000,1745,1199,106,2024-12-30 05:42:17.856824
00000,1744,1198,106,2024-12-30 05:42:17.873123
00000,1746,1199,106,2024-12-30 05:42:17.889112
00000,1760,1199,106,2024-12-30 05:42:17.905120
00000,1745,1199,106,2024-12-30 05:42:17.921104
00000,1750,1199,106,2024-12-30 05:42:17.937104
00000,1757,1199,106,2024-12-30 05:42:17.953103
00000,1736,1198,106,2024-12-30 05:42:17.969112
00000,1750,1198,106,2024-12-30 05:42:17.985097
00000,1747,1198,106,2024-12-30 05:42:18.016465
-0001,1743,1198,106,2024-12-30 05:42:18.033083
00000,1749,1198,106,2024-12-30 05:42:18.049082
00000,1741,1199,106,2024-12-30 05:42:18.065076
00000,1748,1199,106,2024-12-30 05:42:18.081073
00000,1747,1198,106,2024-12-30 05:42:18.097071
00000,1749,1199,106,2024-12-30 05:42:18.113065
00000,1739,1199,106,2024-12-30 05:42:18.129068
00000,1752,1199,106,2024-12-30 05:42:18.145062
00000,1756,1198,106,2024-12-30 05:42:18.161058
00000,1739,1198,106,2024-12-30 05:42:18.192857
00000,1744,1198,106,2024-12-30 05:42:18.209061
00000,1747,1198,106,2024-12-30 05:42:18.225044
00000,1749,1198,106,2024-12-30 05:42:18.241056
00000,1744,1198,106,2024-12-30 05:42:18.257038
00000,1740,1199,106,2024-12-30 05:42:18.273035
00000,1729,1198,106,2024-12-30 05:42:18.289029
-0001,1746,1199,106,2024-12-30 05:42:18.305023
00000,1761,1198,106,2024-12-30 05:42:18.321029
00000,1746,1198,106,2024-12-30 05:42:18.352494
00000,1745,1199,106,2024-12-30 05:42:18.369012
00000,1743,1198,106,2024-12-30 05:42:18.385017
00000,1748,1198,106,2024-12-30 05:42:18.401007
00000,1748,1198,106,2024-12-30 05:42:18.417009
00000,1744,1198,106,2024-12-30 05:42:18.433003
00000,1751,1198,106,2024-12-30 05:42:18.449000
00000,1773,1198,106,2024-12-30 05:42:18.465210
00000,1746,1198,106,2024-12-30 05:42:18.481011
00000,1737,1198,106,2024-12-30 05:42:18.496983
00000,1739,1198,106,2024-12-30 05:42:18.528874
00000,1756,1198,106,2024-12-30 05:42:18.544983
00000,1751,1198,106,2024-12-30 05:42:18.560980
00000,1748,1198,106,2024-12-30 05:42:18.576978
00000,1763,1198,106,2024-12-30 05:42:18.592974
00000,1758,1198,106,2024-12-30 05:42:18.608966
00000,1753,1198,106,2024-12-30 05:42:18.624962
00000,1758,1198,106,2024-12-30 05:42:18.640955
00000,1744,1198,106,2024-12-30 05:42:18.656949
00000,1750,1198,106,2024-12-30 05:42:18.688507
00000,1762,1198,106,2024-12-30 05:42:18.704947
00000,1752,1199,106,2024-12-30 05:42:18.720944
00000,1739,1198,106,2024-12-30 05:42:18.736935
00000,1754,1198,106,2024-12-30 05:42:18.752936
00000,1742,1198,106,2024-12-30 05:42:18.768930
00000,1753,1198,106,2024-12-30 05:42:18.784925
00000,1733,1198,106,2024-12-30 05:42:18.800916
00000,1751,1198,106,2024-12-30 05:42:18.816919
00000,1740,1198,106,2024-12-30 05:42:18.832913
00000,1736,1198,106,2024-12-30 05:42:18.864884
00000,1740,1198,106,2024-12-30 05:42:18.880910
00000,1735,1198,106,2024-12-30 05:42:18.896899
00000,1744,1198,106,2024-12-30 05:42:18.912907
00000,1745,1198,106,2024-12-30 05:42:18.928894
00000,1740,1198,106,2024-12-30 05:42:18.944893
00000,1730,1198,106,2024-12-30 05:42:18.960897
00000,1752,1198,106,2024-12-30 05:42:18.976900
00000,1741,1198,106,2024-12-30 05:42:18.992905
00000,1742,1198,106,2024-12-30 05:42:19.024557
00000,1730,1198,106,2024-12-30 05:42:19.040912
00000,1749,1198,106,2024-12-30 05:42:19.056908
00000,1745,1198,106,2024-12-30 05:42:19.072911
00000,1737,1198,106,2024-12-30 05:42:19.088913
00000,1761,1198,106,2024-12-30 05:42:19.104913
00000,1747,1199,106,2024-12-30 05:42:19.120916
00000,1749,1198,106,2024-12-30 05:42:19.136842
00000,1747,1198,106,2024-12-30 05:42:19.152845
00000,1734,1198,106,2024-12-30 05:42:19.184162
00000,1742,1198,106,2024-12-30 05:42:19.200830
00000,1748,1198,106,2024-12-30 05:42:19.216841
00000,1736,1198,106,2024-12-30 05:42:19.232838
00000,1754,1199,106,2024-12-30 05:42:19.248843
00000,1740,1198,106,2024-12-30 05:42:19.264822
00000,1751,1198,106,2024-12-30 05:42:19.280825
00000,1744,1198,106,2024-12-30 05:42:19.296820
00000,1733,1198,106,2024-12-30 05:42:19.312828
00000,1751,1198,106,2024-12-30 05:42:19.328831
00000,1755,1198,106,2024-12-30 05:42:19.360564
00000,1746,1198,106,2024-12-30 05:42:19.376801
00000,1746,1198,106,2024-12-30 05:42:19.392797
00000,1748,1198,106,2024-12-30 05:42:19.408794
00000,1743,1198,106,2024-12-30 05:42:19.424787
00000,1745,1198,106,2024-12-30 05:42:19.440794
00000,1755,1199,106,2024-12-30 05:42:19.456791
00000,1752,1198,106,2024-12-30 05:42:19.472799
00000,1735,1198,106,2024-12-30 05:42:19.488788
00000,1758,1198,106,2024-12-30 05:42:19.520179
00000,1743,1198,106,2024-12-30 05:42:19.536770
00000,1743,1198,106,2024-12-30 05:42:19.552767
00000,1742,1198,106,2024-12-30 05:42:19.568758
00000,1760,1198,106,2024-12-30 05:42:19.584760
00000,1756,1198,106,2024-12-30 05:42:19.600751
00000,1745,1198,106,2024-12-30 05:42:19.616750
00000,1746,1198,106,2024-12-30 05:42:19.632745
00000,1752,1198,106,2024-12-30 05:42:19.648745
-0001,1738,1198,106,2024-12-30 05:42:19.664737
00000,1737,1198,106,2024-12-30 05:42:19.696583
00000,1746,1198,106,2024-12-30 05:42:19.712729
00000,1751,1198,106,2024-12-30 05:42:19.728729
00000,1738,1198,106,2024-12-30 05:42:19.744724
00000,1727,1198,106,2024-12-30 05:42:19.760726
00000,1744,1198,106,2024-12-30 05:42:19.776719
00000,1753,1198,106,2024-12-30 05:42:19.792718
00000,1749,1198,106,2024-12-30 05:42:19.808713
00000,1763,1198,106,2024-12-30 05:42:19.824700
00000,1754,1198,106,2024-12-30 05:42:19.856207
00000,1740,1198,106,2024-12-30 05:42:19.872707
00000,1766,1198,106,2024-12-30 05:42:19.888694
00000,1759,1198,106,2024-12-30 05:42:19.904694
00000,1748,1197,106,2024-12-30 05:42:19.920690
00000,1814,1198,106,2024-12-30 05:42:19.936679
00000,1745,1198,106,2024-12-30 05:42:19.952684
00000,1740,1198,106,2024-12-30 05:42:19.968671
00000,1749,1198,106,2024-12-30 05:42:19.984674
00000,1757,1198,106,2024-12-30 05:42:20.000665
00000,1755,1198,106,2024-12-30 05:42:20.032607
00000,1754,1198,106,2024-12-30 05:42:20.048663
00000,1747,1198,106,2024-12-30 05:42:20.064663
00000,1745,1198,106,2024-12-30 05:42:20.080646
00000,1747,1198,106,2024-12-30 05:42:20.096651
00000,1754,1198,106,2024-12-30 05:42:20.112641
00000,1749,1198,106,2024-12-30 05:42:20.128644
00000,1759,1198,106,2024-12-30 05:42:20.144635
-0001,1735,1198,106,2024-12-30 05:42:20.160638
00000,1768,1198,106,2024-12-30 05:42:20.192247
00000,1758,1198,106,2024-12-30 05:42:20.208630
00000,1759,1198,106,2024-12-30 05:42:20.224621
00000,1744,1198,106,2024-12-30 05:42:20.240633
00000,1753,1198,106,2024-12-30 05:42:20.256615
00000,1752,1197,106,2024-12-30 05:42:20.272615
00000,1812,1198,106,2024-12-30 05:42:20.288600
00000,1742,1198,106,2024-12-30 05:42:20.304621
00000,1745,1198,106,2024-12-30 05:42:20.320600
00000,1751,1198,106,2024-12-30 05:42:20.336601
00000,1741,1198,106,2024-12-30 05:42:20.368584
00000,1746,1198,106,2024-12-30 05:42:20.384584
00000,1730,1198,106,2024-12-30 05:42:20.400578
00000,1743,1198,106,2024-12-30 05:42:20.416584
00000,1751,1198,106,2024-12-30 05:42:20.432581
00000,1765,1198,106,2024-12-30 05:42:20.448591
00000,1740,1198,106,2024-12-30 05:42:20.464567
00000,1764,1198,106,2024-12-30 05:42:20.480565
00000,1741,1198,106,2024-12-30 05:42:20.496562
00000,1742,1198,106,2024-12-30 05:42:20.528287
00000,1738,1198,106,2024-12-30 05:42:20.544553
00000,1741,1198,106,2024-12-30 05:42:20.560560
00000,1751,1198,106,2024-12-30 05:42:20.576548
00000,1748,1198,106,2024-12-30 05:42:20.592552
00000,1735,1198,106,2024-12-30 05:42:20.608542
00000,1740,1198,106,2024-12-30 05:42:20.624534
00000,1752,1198,106,2024-12-30 05:42:20.640537
00000,1744,1198,106,2024-12-30 05:42:20.656531
00000,1740,1198,106,2024-12-30 05:42:20.687890
00000,1745,1198,106,2024-12-30 05:42:20.704521
00000,1745,1198,106,2024-12-30 05:42:20.720515
00000,1750,1198,106,2024-12-30 05:42:20.736517
00000,1719,1198,106,2024-12-30 05:42:20.752506
00000,1739,1198,106,2024-12-30 05:42:20.768499
00000,1737,1198,106,2024-12-30 05:42:20.784503
00000,1732,1198,106,2024-12-30 05:42:20.800508
00000,1746,1198,106,2024-12-30 05:42:20.816512
00000,1737,1198,106,2024-12-30 05:42:20.832492
00000,1740,1198,106,2024-12-30 05:42:20.864295
00000,1737,1198,106,2024-12-30 05:42:20.880485
00000,1741,1198,106,2024-12-30 05:42:20.896489
00000,1746,1198,106,2024-12-30 05:42:20.912483
00000,1746,1198,106,2024-12-30 05:42:20.928485
00000,1749,1198,106,2024-12-30 05:42:20.944483
00000,1751,1198,106,2024-12-30 05:42:20.960474
00000,1739,1198,106,2024-12-30 05:42:20.976467
00000,1747,1198,106,2024-12-30 05:42:20.992466
00000,1744,1198,106,2024-12-30 05:42:21.023916
00000,1750,1198,106,2024-12-30 05:42:21.040451
00000,1755,1198,106,2024-12-30 05:42:21.056443
00000,1751,1198,106,2024-12-30 05:42:21.072445
00000,1747,1198,106,2024-12-30 05:42:21.088440
00000,1747,1198,106,2024-12-30 05:42:21.104443
-0001,1758,1197,106,2024-12-30 05:42:21.120436
00000,1807,1197,106,2024-12-30 05:42:21.136438
00000,1824,1198,106,2024-12-30 05:42:21.152426
00000,1736,1198,106,2024-12-30 05:42:21.168429
00000,1746,1197,106,2024-12-30 05:42:21.200300
00000,1812,1198,106,2024-12-30 05:42:21.216418
00000,1763,1197,106,2024-12-30 05:42:21.232407
00000,1807,1198,106,2024-12-30 05:42:21.248417
00000,1736,1198,106,2024-12-30 05:42:21.264407
00000,1753,1198,106,2024-12-30 05:42:21.280403
00000,1751,1198,106,2024-12-30 05:42:21.296403
-0001,1748,1197,106,2024-12-30 05:42:21.312399
00001,1826,1197,106,2024-12-30 05:42:21.328396
00000,1823,1198,106,2024-12-30 05:42:21.359929
00000,1752,1198,106,2024-12-30 05:42:21.376379
00000,1759,1198,106,2024-12-30 05:42:21.392381
00000,1756,1197,106,2024-12-30 05:42:21.408376
00000,1805,1198,106,2024-12-30 05:42:21.424364
00000,1739,1198,106,2024-12-30 05:42:21.440366
00000,1750,1198,106,2024-12-30 05:42:21.456372
00000,1751,1197,106,2024-12-30 05:42:21.472374
00000,1812,1197,106,2024-12-30 05:42:21.488361
00000,1809,1197,106,2024-12-30 05:42:21.504354
00000,1827,1197,106,2024-12-30 05:42:21.536348
00000,1828,1198,106,2024-12-30 05:42:21.552346
00000,1749,1197,106,2024-12-30 05:42:21.568352
00000,1813,1198,106,2024-12-30 05:42:21.584333
-0001,1754,1197,106,2024-12-30 05:42:21.600324
00000,1810,1197,106,2024-12-30 05:42:21.616326
00000,1814,1198,106,2024-12-30 05:42:21.632316
00000,1742,1198,106,2024-12-30 05:42:21.648324
00000,1738,1197,106,2024-12-30 05:42:21.664321
00000,1807,1198,106,2024-12-30 05:42:21.695975
00000,1757,1198,106,2024-12-30 05:42:21.712303
00000,1733,1198,106,2024-12-30 05:42:21.728304
00000,1741,1197,106,2024-12-30 05:42:21.744309
00000,1798,1198,106,2024-12-30 05:42:21.760298
00000,1741,1197,106,2024-12-30 05:42:21.776289
00000,1805,1197,106,2024-12-30 05:42:21.792291
00000,1818,1197,106,2024-12-30 05:42:21.808282
00000,1809,1197,106,2024-12-30 05:42:21.824286
00000,1810,1198,106,2024-12-30 05:42:21.855616
00000,1737,1197,106,2024-12-30 05:42:21.872282
00000,1812,1197,106,2024-12-30 05:42:21.888274
00000,1818,1197,106,2024-12-30 05:42:21.904265
00000,1806,1198,106,2024-12-30 05:42:21.920268
00000,1747,1198,106,2024-12-30 05:42:21.936266
00000,1727,1197,106,2024-12-30 05:42:21.952277
00000,1809,1198,106,2024-12-30 05:42:21.968275
-0001,1740,1198,106,2024-12-30 05:42:21.984273
00000,1739,1197,106,2024-12-30 05:42:22.000277
00000,1808,1197,106,2024-12-30 05:42:22.032021
00000,1805,1198,106,2024-12-30 05:42:22.048295
00000,1741,1197,106,2024-12-30 05:42:22.064284
00000,1801,1197,106,2024-12-30 05:42:22.080287
00000,1820,1198,106,2024-12-30 05:42:22.096289
00000,1736,1197,106,2024-12-30 05:42:22.112221
-0001,1824,1197,106,2024-12-30 05:42:22.128221
00000,1837,1197,106,2024-12-30 05:42:22.144217
00000,1801,1197,106,2024-12-30 05:42:22.160217
00000,1828,1198,106,2024-12-30 05:42:22.191631
00000,1735,1198,106,2024-12-30 05:42:22.208204
00000,1746,1197,106,2024-12-30 05:42:22.224207
00000,1816,1198,106,2024-12-30 05:42:22.240216
00000,1749,1197,106,2024-12-30 05:42:22.256199
00000,1805,1197,106,2024-12-30 05:42:22.272187
00000,1809,1197,106,2024-12-30 05:42:22.288192
00000,1812,1198,106,2024-12-30 05:42:22.304199
00000,1745,1197,106,2024-12-30 05:42:22.320171
00000,1826,1198,106,2024-12-30 05:42:22.336174
00000,1742,1197,106,2024-12-30 05:42:22.368020
00000,1807,1197,106,2024-12-30 05:42:22.384164
00000,1806,1197,106,2024-12-30 05:42:22.400158
00000,1824,1197,106,2024-12-30 05:42:22.416167
00000,1820,1198,106,2024-12-30 05:42:22.432154
00000,1733,1197,106,2024-12-30 05:42:22.448151
00000,1808,1197,106,2024-12-30 05:42:22.464147
00000,1796,1197,106,2024-12-30 05:42:22.480149
00000,1830,1197,106,2024-12-30 05:42:22.496141
00000,1803,1197,106,2024-12-30 05:42:22.527644
00000,1839,1197,106,2024-12-30 05:42:22.544132
00000,1806,1197,106,2024-12-30 05:42:22.560128
00000,1811,1197,106,2024-12-30 05:42:22.576117
00000,1820,1198,106,2024-12-30 05:42:22.592122
00000,1735,1197,106,2024-12-30 05:42:22.608117
00000,1813,1197,106,2024-12-30 05:42:22.624116
00000,1829,1197,106,2024-12-30 05:42:22.640109
00000,1802,1197,106,2024-12-30 05:42:22.656108
00000,1803,1197,106,2024-12-30 05:42:22.672112
00000,1825,1198,106,2024-12-30 05:42:22.704043
00000,1753,1197,106,2024-12-30 05:42:22.720096
00000,1823,1197,106,2024-12-30 05:42:22.736095
00000,1819,1197,106,2024-12-30 05:42:22.752093
00000,1825,1198,106,2024-12-30 05:42:22.768083
00000,1758,1198,106,2024-12-30 05:42:22.784086
00000,1728,1197,106,2024-12-30 05:42:22.800070
00000,1820,1197,106,2024-12-30 05:42:22.816072
00000,1815,1197,106,2024-12-30 05:42:22.832065
00000,1816,1197,106,2024-12-30 05:42:22.863657
00000,1832,1197,106,2024-12-30 05:42:22.880059
00000,1829,1197,106,2024-12-30 05:42:22.896052
00000,1836,1198,106,2024-12-30 05:42:22.912057
00000,1752,1197,106,2024-12-30 05:42:22.928054
00000,1823,1197,106,2024-12-30 05:42:22.944059
00000,1823,1197,106,2024-12-30 05:42:22.960048
00000,1826,1198,106,2024-12-30 05:42:22.976047
00000,1757,1197,106,2024-12-30 05:42:22.992041
00000,1819,1197,106,2024-12-30 05:42:23.008030
00000,1803,1197,106,2024-12-30 05:42:23.040034
00000,1818,1197,106,2024-12-30 05:42:23.056033
00000,1812,1197,106,2024-12-30 05:42:23.072024
00000,1828,1197,106,2024-12-30 05:42:23.088015
00000,1814,1197,106,2024-12-30 05:42:23.104013
00000,1805,1197,106,2024-12-30 05:42:23.120007
00000,1813,1197,106,2024-12-30 05:42:23.136012
00000,1814,1197,106,2024-12-30 05:42:23.152008
00000,1799,1197,106,2024-12-30 05:42:23.168012
00000,1824,1197,106,2024-12-30 05:42:23.199699
00000,1839,1197,106,2024-12-30 05:42:23.215993
00000,1806,1197,106,2024-12-30 05:42:23.231991
00000,1827,1197,106,2024-12-30 05:42:23.247995
-0001,1825,1197,106,2024-12-30 05:42:23.263976
00000,1809,1197,106,2024-12-30 05:42:23.279978
00000,1835,1197,106,2024-12-30 05:42:23.295980
00000,1816,1197,106,2024-12-30 05:42:23.311974
00000,1829,1197,106,2024-12-30 05:42:23.327964
00000,1830,1197,106,2024-12-30 05:42:23.359327
00000,1828,1197,106,2024-12-30 05:42:23.375964
00000,1815,1197,106,2024-12-30 05:42:23.391957
00000,1824,1197,106,2024-12-30 05:42:23.407959
00000,1822,1197,106,2024-12-30 05:42:23.423960
00000,1815,1197,106,2024-12-30 05:42:23.439943
00000,1809,1197,106,2024-12-30 05:42:23.455944
00000,1815,1197,106,2024-12-30 05:42:23.471937
00000,1806,1197,106,2024-12-30 05:42:23.487926
00000,1819,1197,106,2024-12-30 05:42:23.503928
00000,1810,1197,106,2024-12-30 05:42:23.535738
00000,1813,1197,106,2024-12-30 05:42:23.551916
00000,1815,1197,106,2024-12-30 05:42:23.567914
00000,1827,1197,106,2024-12-30 05:42:23.583910
00000,1809,1197,106,2024-12-30 05:42:23.599921
00000,1825,1197,106,2024-12-30 05:42:23.615906
00000,1834,1197,106,2024-12-30 05:42:23.631901
00000,1816,1197,106,2024-12-30 05:42:23.647901
00000,1817,1197,106,2024-12-30 05:42:23.663892
00000,1800,1197,106,2024-12-30 05:42:23.695358
00000,1817,1197,106,2024-12-30 05:42:23.711888
00000,1835,1197,106,2024-12-30 05:42:23.727879
00000,1828,1197,106,2024-12-30 05:42:23.743876
00000,1824,1197,106,2024-12-30 05:42:23.759876
00000,1824,1197,106,2024-12-30 05:42:23.775873
00000,1823,1197,106,2024-12-30 05:42:23.791879
00000,1811,1197,106,2024-12-30 05:42:23.807861
00000,1813,1197,106,2024-12-30 05:42:23.823859
00000,1815,1197,106,2024-12-30 05:42:23.839861
00000,1820,1197,106,2024-12-30 05:42:23.871737
00000,1834,1197,106,2024-12-30 05:42:23.887840
00000,1827,1197,106,2024-12-30 05:42:23.903842
00000,1818,1197,106,2024-12-30 05:42:23.919831
00000,1828,1197,106,2024-12-30 05:42:23.935836
00000,1814,1197,106,2024-12-30 05:42:23.951831
00000,1835,1197,106,2024-12-30 05:42:23.967836
00000,1811,1197,106,2024-12-30 05:42:23.983827
00000,1811,1197,106,2024-12-30 05:42:23.999817
00000,1828,1197,106,2024-12-30 05:42:24.031372
00000,1817,1197,106,2024-12-30 05:42:24.047811
00000,1833,1197,106,2024-12-30 05:42:24.063803
00000,1822,1197,106,2024-12-30 05:42:24.079804
00000,1822,1197,106,2024-12-30 05:42:24.095798
00000,1817,1197,106,2024-12-30 05:42:24.111802
00000,1812,1197,106,2024-12-30 05:42:24.127795
00000,1839,1197,106,2024-12-30 05:42:24.143795
00000,1830,1197,106,2024-12-30 05:42:24.159801
00000,1843,1197,106,2024-12-30 05:42:24.175783
00000,1837,1197,106,2024-12-30 05:42:24.207775
00000,1815,1197,106,2024-12-30 05:42:24.223769
00000,1831,1197,106,2024-12-30 05:42:24.239778
00000,1814,1197,106,2024-12-30 05:42:24.255770
00000,1822,1197,106,2024-12-30 05:42:24.271775
00000,1839,1197,106,2024-12-30 05:42:24.287760
00000,1836,1197,106,2024-12-30 05:42:24.303773
00000,1832,1197,106,2024-12-30 05:42:24.319758
00000,1847,1197,106,2024-12-30 05:42:24.335746
00000,1825,1197,106,2024-12-30 05:42:24.367386
00000,1832,1197,106,2024-12-30 05:42:24.383740
00000,1830,1197,106,2024-12-30 05:42:24.399732
00000,1825,1197,106,2024-12-30 05:42:24.415730
00000,1829,1197,106,2024-12-30 05:42:24.431715
00000,1833,1197,106,2024-12-30 05:42:24.447723
00000,1819,1197,106,2024-12-30 05:42:24.463717
00000,1814,1197,106,2024-12-30 05:42:24.479717
00000,1817,1197,106,2024-12-30 05:42:24.495708
00000,1823,1197,106,2024-12-30 05:42:24.527053
00000,1848,1197,106,2024-12-30 05:42:24.543702
00000,1829,1197,106,2024-12-30 05:42:24.559705
00000,1831,1197,106,2024-12-30 05:42:24.575696
00000,1825,1197,106,2024-12-30 05:42:24.591690
00000,1813,1197,106,2024-12-30 05:42:24.607681
00000,1845,1197,106,2024-12-30 05:42:24.623686
00000,1833,1197,106,2024-12-30 05:42:24.639687
00000,1821,1197,106,2024-12-30 05:42:24.655685
00000,1827,1197,106,2024-12-30 05:42:24.671671
00000,1821,1197,106,2024-12-30 05:42:24.703422
00000,1816,1197,106,2024-12-30 05:42:24.719668
00000,1818,1197,106,2024-12-30 05:42:24.735674
00000,1836,1197,106,2024-12-30 05:42:24.751667
00000,1836,1197,106,2024-12-30 05:42:24.767656
00000,1841,1197,106,2024-12-30 05:42:24.783658
00000,1838,1197,106,2024-12-30 05:42:24.799655
00000,1841,1197,106,2024-12-30 05:42:24.815648
00000,1840,1197,106,2024-12-30 05:42:24.831643
00000,1818,1196,106,2024-12-30 05:42:24.863055
00000,1830,1197,106,2024-12-30 05:42:24.879635
00000,1825,1197,106,2024-12-30 05:42:24.895633
00000,1838,1197,106,2024-12-30 05:42:24.911635
00000,1846,1197,106,2024-12-30 05:42:24.927633
00000,1834,1197,106,2024-12-30 05:42:24.943637
00000,1816,1197,106,2024-12-30 05:42:24.959646
00000,1827,1197,106,2024-12-30 05:42:24.975641
00000,1839,1197,106,2024-12-30 05:42:24.991641
00000,1846,1197,106,2024-12-30 05:42:25.007650
00000,1817,1197,106,2024-12-30 05:42:25.039456
00000,1848,1197,106,2024-12-30 05:42:25.055657
00000,1831,1197,106,2024-12-30 05:42:25.071584
00000,1826,1196,106,2024-12-30 05:42:25.087581
00000,1829,1197,106,2024-12-30 05:42:25.103583
00000,1834,1197,106,2024-12-30 05:42:25.119580
00000,1822,1197,106,2024-12-30 05:42:25.135575
00000,1822,1197,106,2024-12-30 05:42:25.151574
00000,1832,1197,106,2024-12-30 05:42:25.167562
00000,1828,1197,106,2024-12-30 05:42:25.199088
00000,1834,1197,106,2024-12-30 05:42:25.215562
00000,1815,1197,106,2024-12-30 05:42:25.231553
00000,1838,1196,106,2024-12-30 05:42:25.247567
00000,1830,1197,106,2024-12-30 05:42:25.263566
00000,1834,1197,106,2024-12-30 05:42:25.279548
00000,1837,1197,106,2024-12-30 05:42:25.295543
00000,1819,1197,106,2024-12-30 05:42:25.311551
00000,1824,1197,106,2024-12-30 05:42:25.327545
00000,1837,1197,106,2024-12-30 05:42:25.343529
00000,1823,1197,106,2024-12-30 05:42:25.375478
00000,1827,1196,106,2024-12-30 05:42:25.391519
00000,1837,1197,106,2024-12-30 05:42:25.407516
00000,1828,1197,106,2024-12-30 05:42:25.423516
00000,1823,1197,106,2024-12-30 05:42:25.439519
00000,1823,1196,106,2024-12-30 05:42:25.455511
00000,1823,1196,106,2024-12-30 05:42:25.471516
00000,1812,1197,106,2024-12-30 05:42:25.487517
00000,1821,1196,106,2024-12-30 05:42:25.503509
00000,1838,1197,106,2024-12-30 05:42:25.535102
00000,1836,1197,106,2024-12-30 05:42:25.551486
00000,1841,1197,106,2024-12-30 05:42:25.567484
00000,1809,1197,106,2024-12-30 05:42:25.583480
00000,1835,1196,106,2024-12-30 05:42:25.599475
00000,1825,1197,106,2024-12-30 05:42:25.615474
00000,1843,1197,106,2024-12-30 05:42:25.631483
00000,1822,1196,106,2024-12-30 05:42:25.647468
00000,1821,1197,106,2024-12-30 05:42:25.663464
00000,1835,1196,106,2024-12-30 05:42:25.679451
00000,1820,1197,106,2024-12-30 05:42:25.711449
00000,1836,1196,106,2024-12-30 05:42:25.727441
00000,1835,1197,106,2024-12-30 05:42:25.743448
00000,1829,1197,106,2024-12-30 05:42:25.759434
00000,1814,1196,106,2024-12-30 05:42:25.775440
00000,1822,1196,106,2024-12-30 05:42:25.791430
00000,1835,1197,106,2024-12-30 05:42:25.807436
00000,1816,1197,106,2024-12-30 05:42:25.823422
00000,1817,1196,106,2024-12-30 05:42:25.839428
00000,1837,1196,106,2024-12-30 05:42:25.871112
00000,1822,1196,106,2024-12-30 05:42:25.887415
00000,1832,1196,106,2024-12-30 05:42:25.903404
00000,1836,1196,106,2024-12-30 05:42:25.919409
00000,1835,1197,106,2024-12-30 05:42:25.935396
00000,1844,1197,106,2024-12-30 05:42:25.951403
00000,1824,1196,106,2024-12-30 05:42:25.967396
00000,1821,1196,106,2024-12-30 05:42:25.983399
00000,1821,1197,106,2024-12-30 05:42:25.999396
00000,1840,1196,106,2024-12-30 05:42:26.030774
00000,1836,1196,106,2024-12-30 05:42:26.047377
00000,1819,1197,106,2024-12-30 05:42:26.063374
00000,1836,1196,106,2024-12-30 05:42:26.079370
00000,1831,1197,106,2024-12-30 05:42:26.095367
00000,1830,1196,106,2024-12-30 05:42:26.111372
00000,1820,1196,106,2024-12-30 05:42:26.127356
00000,1809,1196,106,2024-12-30 05:42:26.143357
00000,1825,1197,106,2024-12-30 05:42:26.159348
