DIST,AMP,TEMP,VOLT,Timestamp
-0003,2304,1214,106,2024-12-30 07:43:32.427293
05502,2287,1214,106,2024-12-30 07:43:32.443599
20207,0001,1214,106,2024-12-30 07:43:32.459238
44660,0000,1214,106,2024-12-30 07:43:32.475185
09435,0001,1214,106,2024-12-30 07:43:32.491147
27808,0000,1214,106,2024-12-30 07:43:32.507119
53857,0000,1214,106,2024-12-30 07:43:32.523289
24860,0000,1214,106,2024-12-30 07:43:32.555088
53857,0000,1214,106,2024-12-30 07:43:32.571181
24929,0001,1214,106,2024-12-30 07:43:32.587122
05456,0000,1214,106,2024-12-30 07:43:32.603118
-0016,0000,1214,106,2024-12-30 07:43:32.619094
00061,0000,1214,106,2024-12-30 07:43:32.635096
59212,0000,1214,106,2024-12-30 07:43:32.651092
02257,0000,1214,106,2024-12-30 07:43:32.667092
19210,0000,1214,106,2024-12-30 07:43:32.683087
29459,0000,1214,106,2024-12-30 07:43:32.714648
44832,0001,1214,106,2024-12-30 07:43:32.731085
00975,0000,1214,106,2024-12-30 07:43:32.747077
04600,0000,1214,106,2024-12-30 07:43:32.763081
10249,0000,1214,106,2024-12-30 07:43:32.779070
09300,0000,1214,106,2024-12-30 07:43:32.795068
04540,0000,1214,106,2024-12-30 07:43:32.811060
25836,0000,1214,106,2024-12-30 07:43:32.827062
41598,0000,1214,106,2024-12-30 07:43:32.843057
01416,0000,1214,106,2024-12-30 07:43:32.859058
03234,0000,1214,106,2024-12-30 07:43:32.891026
25743,0000,1214,106,2024-12-30 07:43:32.907045
33106,0000,1214,106,2024-12-30 07:43:32.923038
19543,0000,1214,106,2024-12-30 07:43:32.939074
14784,0000,1214,106,2024-12-30 07:43:32.955034
62797,0000,1214,106,2024-12-30 07:43:32.971034
60962,0000,1214,106,2024-12-30 07:43:32.987040
37574,0000,1214,106,2024-12-30 07:43:33.003039
13884,0000,1214,106,2024-12-30 07:43:33.019035
29125,0000,1214,106,2024-12-30 07:43:33.050669
40706,0000,1214,106,2024-12-30 07:43:33.067015
03046,0000,1214,106,2024-12-30 07:43:33.083008
04613,0000,1214,106,2024-12-30 07:43:33.099015
49700,0000,1214,106,2024-12-30 07:43:33.115007
02280,0000,1214,106,2024-12-30 07:43:33.131014
00944,0000,1214,106,2024-12-30 07:43:33.147000
02129,0000,1214,106,2024-12-30 07:43:33.162998
11892,0000,1214,106,2024-12-30 07:43:33.178994
05526,0000,1214,106,2024-12-30 07:43:33.194996
13225,0001,1213,106,2024-12-30 07:43:33.226977
06184,0000,1214,106,2024-12-30 07:43:33.242999
26671,0000,1214,106,2024-12-30 07:43:33.258988
06268,0000,1214,106,2024-12-30 07:43:33.274978
05474,0000,1214,106,2024-12-30 07:43:33.290976
40831,0000,1214,106,2024-12-30 07:43:33.307007
04592,0000,1214,106,2024-12-30 07:43:33.322965
13182,0000,1214,106,2024-12-30 07:43:33.338960
50689,0000,1214,106,2024-12-30 07:43:33.354956
00822,0000,1214,106,2024-12-30 07:43:33.386698
05292,0000,1214,106,2024-12-30 07:43:33.402958
14077,0000,1214,106,2024-12-30 07:43:33.418960
01734,0001,1214,106,2024-12-30 07:43:33.434961
13936,0000,1214,106,2024-12-30 07:43:33.450964
60076,0000,1214,106,2024-12-30 07:43:33.466963
05392,0001,1214,106,2024-12-30 07:43:33.482967
60738,0000,1214,106,2024-12-30 07:43:33.498967
15571,0000,1214,106,2024-12-30 07:43:33.514971
11072,0000,1214,106,2024-12-30 07:43:33.546355
02884,0001,1214,106,2024-12-30 07:43:33.562978
35330,0000,1214,106,2024-12-30 07:43:33.578985
20790,0000,1214,106,2024-12-30 07:43:33.594910
65061,0000,1214,106,2024-12-30 07:43:33.610915
04574,0000,1213,106,2024-12-30 07:43:33.626904
63427,0000,1214,106,2024-12-30 07:43:33.642906
60143,0000,1214,106,2024-12-30 07:43:33.658898
46251,0000,1214,106,2024-12-30 07:43:33.674904
60139,0000,1214,106,2024-12-30 07:43:33.690896
04673,0001,1214,106,2024-12-30 07:43:33.722708
04533,0001,1214,106,2024-12-30 07:43:33.738893
26420,0001,1214,106,2024-12-30 07:43:33.754879
09615,0000,1214,106,2024-12-30 07:43:33.770880
26168,0000,1214,106,2024-12-30 07:43:33.786881
32199,0000,1214,106,2024-12-30 07:43:33.802867
01207,0000,1214,106,2024-12-30 07:43:33.818874
65124,0000,1214,106,2024-12-30 07:43:33.834859
55949,0001,1214,106,2024-12-30 07:43:33.850859
09261,0000,1214,106,2024-12-30 07:43:33.882358
11921,0000,1214,106,2024-12-30 07:43:33.898853
67843,0001,1214,106,2024-12-30 07:43:33.914857
63475,0000,1213,106,2024-12-30 07:43:33.930851
04649,0000,1214,106,2024-12-30 07:43:33.946851
03870,0001,1214,106,2024-12-30 07:43:33.962838
60984,0000,1214,106,2024-12-30 07:43:33.978843
15617,0000,1214,106,2024-12-30 07:43:33.994833
10104,0001,1214,106,2024-12-30 07:43:34.010823
00901,0001,1214,106,2024-12-30 07:43:34.026824
02216,0000,1213,106,2024-12-30 07:43:34.058753
04592,0000,1213,106,2024-12-30 07:43:34.074824
25577,0000,1214,106,2024-12-30 07:43:34.090813
04695,0000,1214,106,2024-12-30 07:43:34.106811
47446,0000,1214,106,2024-12-30 07:43:34.122807
29369,0000,1214,106,2024-12-30 07:43:34.138807
60894,0000,1214,106,2024-12-30 07:43:34.154805
06954,0000,1214,106,2024-12-30 07:43:34.170802
24082,0000,1214,106,2024-12-30 07:43:34.186806
10952,0000,1214,106,2024-12-30 07:43:34.218382
00770,0000,1214,106,2024-12-30 07:43:34.234787
45800,0000,1214,106,2024-12-30 07:43:34.250800
55604,0000,1214,106,2024-12-30 07:43:34.266791
13779,0000,1213,106,2024-12-30 07:43:34.282780
43237,0000,1214,106,2024-12-30 07:43:34.298779
13954,0000,1214,106,2024-12-30 07:43:34.314769
01696,0000,1214,106,2024-12-30 07:43:34.330791
06974,0000,1214,106,2024-12-30 07:43:34.346763
02172,0000,1214,106,2024-12-30 07:43:34.362766
50929,0000,1213,106,2024-12-30 07:43:34.394758
01582,0000,1214,106,2024-12-30 07:43:34.410749
09300,0000,1214,106,2024-12-30 07:43:34.426751
45772,0000,1213,106,2024-12-30 07:43:34.442746
-0010,0000,1213,106,2024-12-30 07:43:34.458745
18811,0000,1214,106,2024-12-30 07:43:34.474736
03708,0000,1214,106,2024-12-30 07:43:34.490736
68523,0000,1214,106,2024-12-30 07:43:34.506734
03870,0000,1214,106,2024-12-30 07:43:34.522731
00902,0000,1214,106,2024-12-30 07:43:34.554385
26607,0000,1213,106,2024-12-30 07:43:34.570732
25613,0000,1213,106,2024-12-30 07:43:34.586716
09218,0000,1214,106,2024-12-30 07:43:34.602717
65008,0000,1214,106,2024-12-30 07:43:34.618711
01189,0000,1213,106,2024-12-30 07:43:34.634711
24855,0001,1214,106,2024-12-30 07:43:34.650706
17800,0000,1213,106,2024-12-30 07:43:34.666707
34673,0000,1214,106,2024-12-30 07:43:34.682702
14795,0000,1213,106,2024-12-30 07:43:34.714017
34653,0000,1214,106,2024-12-30 07:43:34.730696
10007,0000,1214,106,2024-12-30 07:43:34.746693
07147,0000,1214,106,2024-12-30 07:43:34.762691
02276,0000,1214,106,2024-12-30 07:43:34.778678
06999,0000,1213,106,2024-12-30 07:43:34.794682
01607,0000,1213,106,2024-12-30 07:43:34.810671
04680,0000,1213,106,2024-12-30 07:43:34.826682
64135,0000,1214,106,2024-12-30 07:43:34.842668
51308,0000,1214,106,2024-12-30 07:43:34.858676
11197,0000,1214,106,2024-12-30 07:43:34.890428
21078,0000,1213,106,2024-12-30 07:43:34.906665
25745,0000,1213,106,2024-12-30 07:43:34.922663
03546,0000,1214,106,2024-12-30 07:43:34.938655
42424,0000,1213,106,2024-12-30 07:43:34.954647
29416,0000,1214,106,2024-12-30 07:43:34.970653
03869,0000,1213,106,2024-12-30 07:43:34.986635
04608,0000,1214,106,2024-12-30 07:43:35.002638
03897,0000,1214,106,2024-12-30 07:43:35.018631
13100,0000,1214,106,2024-12-30 07:43:35.050058
62629,0000,1214,106,2024-12-30 07:43:35.066624
07117,0000,1213,106,2024-12-30 07:43:35.082626
43954,0000,1213,106,2024-12-30 07:43:35.098627
19376,0000,1214,106,2024-12-30 07:43:35.114611
64974,0000,1213,106,2024-12-30 07:43:35.130612
03564,0001,1213,106,2024-12-30 07:43:35.146609
42515,0000,1214,106,2024-12-30 07:43:35.162599
24841,0000,1213,106,2024-12-30 07:43:35.178604
03853,0000,1213,106,2024-12-30 07:43:35.194604
28249,0000,1213,106,2024-12-30 07:43:35.226475
61948,0000,1213,106,2024-12-30 07:43:35.242614
03848,0000,1213,106,2024-12-30 07:43:35.258593
00925,0001,1213,106,2024-12-30 07:43:35.274588
10137,0000,1213,106,2024-12-30 07:43:35.290580
55555,0000,1214,106,2024-12-30 07:43:35.306583
23323,0000,1213,106,2024-12-30 07:43:35.322571
02971,0000,1214,106,2024-12-30 07:43:35.338571
04420,0000,1214,106,2024-12-30 07:43:35.354596
44088,0000,1214,106,2024-12-30 07:43:35.386081
00772,0000,1213,106,2024-12-30 07:43:35.402567
53900,0000,1213,106,2024-12-30 07:43:35.418564
12735,0000,1213,106,2024-12-30 07:43:35.434564
01044,0000,1213,106,2024-12-30 07:43:35.450548
22055,0000,1213,106,2024-12-30 07:43:35.466553
02278,0000,1213,106,2024-12-30 07:43:35.482551
49992,0000,1213,106,2024-12-30 07:43:35.498543
03811,0000,1213,106,2024-12-30 07:43:35.514543
40828,0000,1213,106,2024-12-30 07:43:35.530546
03737,0000,1213,106,2024-12-30 07:43:35.562497
00768,0001,1213,106,2024-12-30 07:43:35.578531
14685,0000,1213,106,2024-12-30 07:43:35.594523
04549,0000,1213,106,2024-12-30 07:43:35.610523
19396,0000,1213,106,2024-12-30 07:43:35.626515
04861,0000,1213,106,2024-12-30 07:43:35.642520
16296,0000,1213,106,2024-12-30 07:43:35.658512
49013,0000,1213,106,2024-12-30 07:43:35.674515
45639,0000,1214,106,2024-12-30 07:43:35.690503
04457,0000,1214,106,2024-12-30 07:43:35.722118
10919,0000,1214,106,2024-12-30 07:43:35.738503
10784,0000,1213,106,2024-12-30 07:43:35.754501
43475,0000,1214,106,2024-12-30 07:43:35.770500
55102,0001,1213,106,2024-12-30 07:43:35.786487
25766,0000,1213,106,2024-12-30 07:43:35.802488
61968,0000,1213,106,2024-12-30 07:43:35.818482
00696,0000,1214,106,2024-12-30 07:43:35.834482
00656,0000,1214,106,2024-12-30 07:43:35.850475
57466,0000,1213,106,2024-12-30 07:43:35.866469
04587,0000,1213,106,2024-12-30 07:43:35.898473
02957,0000,1213,106,2024-12-30 07:43:35.914461
00149,0000,1214,106,2024-12-30 07:43:35.930454
44964,0000,1213,106,2024-12-30 07:43:35.946457
25026,0000,1213,106,2024-12-30 07:43:35.962448
29508,0000,1213,106,2024-12-30 07:43:35.978452
53922,0001,1213,106,2024-12-30 07:43:35.994438
03803,0001,1214,106,2024-12-30 07:43:36.010440
17910,0000,1213,106,2024-12-30 07:43:36.026434
40034,0000,1213,106,2024-12-30 07:43:36.058145
56441,0000,1213,106,2024-12-30 07:43:36.074428
30436,0000,1213,106,2024-12-30 07:43:36.090421
20488,0000,1213,106,2024-12-30 07:43:36.106423
23366,0000,1214,106,2024-12-30 07:43:36.122413
19520,0000,1213,106,2024-12-30 07:43:36.138420
61951,0000,1213,106,2024-12-30 07:43:36.154417
04664,0000,1214,106,2024-12-30 07:43:36.170426
55153,0000,1213,106,2024-12-30 07:43:36.186407
46235,0000,1213,106,2024-12-30 07:43:36.217765
03725,0000,1213,106,2024-12-30 07:43:36.234389
16991,0000,1213,106,2024-12-30 07:43:36.250399
05401,0000,1213,106,2024-12-30 07:43:36.266391
57517,0000,1213,106,2024-12-30 07:43:36.282398
37122,0000,1213,106,2024-12-30 07:43:36.298377
26601,0000,1213,106,2024-12-30 07:43:36.314402
01995,0000,1213,106,2024-12-30 07:43:36.330374
00627,0000,1213,106,2024-12-30 07:43:36.346372
03699,0001,1213,106,2024-12-30 07:43:36.362367
02796,0000,1213,106,2024-12-30 07:43:36.394168
53903,0000,1213,106,2024-12-30 07:43:36.410364
02941,0000,1213,106,2024-12-30 07:43:36.426358
07755,0000,1213,106,2024-12-30 07:43:36.442355
50571,0000,1213,106,2024-12-30 07:43:36.458346
55644,0000,1213,106,2024-12-30 07:43:36.474348
28032,0000,1213,106,2024-12-30 07:43:36.490343
05183,0000,1213,106,2024-12-30 07:43:36.506343
14099,0000,1213,106,2024-12-30 07:43:36.522332
13962,0001,1213,106,2024-12-30 07:43:36.553816
53477,0000,1213,106,2024-12-30 07:43:36.570345
04670,0000,1213,106,2024-12-30 07:43:36.586346
30502,0000,1213,106,2024-12-30 07:43:36.602343
14744,0000,1213,106,2024-12-30 07:43:36.618345
05448,0001,1213,106,2024-12-30 07:43:36.634357
05103,0000,1213,106,2024-12-30 07:43:36.650357
00644,0000,1213,106,2024-12-30 07:43:36.666364
43683,0000,1213,106,2024-12-30 07:43:36.682362
07840,0000,1213,106,2024-12-30 07:43:36.698363
03808,0000,1213,106,2024-12-30 07:43:36.730245
02457,0000,1213,106,2024-12-30 07:43:36.746297
03552,0000,1213,106,2024-12-30 07:43:36.762295
30485,0000,1213,106,2024-12-30 07:43:36.778289
04686,0000,1213,106,2024-12-30 07:43:36.794295
65303,0001,1213,106,2024-12-30 07:43:36.810285
00132,0000,1214,106,2024-12-30 07:43:36.826283
60950,0000,1213,106,2024-12-30 07:43:36.842285
00918,0000,1213,106,2024-12-30 07:43:36.858282
04660,0000,1213,106,2024-12-30 07:43:36.889834
23062,0000,1213,106,2024-12-30 07:43:36.906262
00760,0000,1213,106,2024-12-30 07:43:36.922269
10273,0000,1213,106,2024-12-30 07:43:36.938270
03868,0000,1213,106,2024-12-30 07:43:36.954262
06343,0000,1213,106,2024-12-30 07:43:36.970261
02182,0000,1213,106,2024-12-30 07:43:36.986252
03868,0000,1213,106,2024-12-30 07:43:37.002250
03750,0000,1213,106,2024-12-30 07:43:37.018249
02307,0000,1213,106,2024-12-30 07:43:37.034245
20422,0000,1213,106,2024-12-30 07:43:37.066247
10160,0000,1213,106,2024-12-30 07:43:37.082232
42635,0000,1213,106,2024-12-30 07:43:37.098241
14024,0000,1213,106,2024-12-30 07:43:37.114226
58231,0000,1213,106,2024-12-30 07:43:37.130232
14668,0000,1213,106,2024-12-30 07:43:37.146223
67848,0000,1213,106,2024-12-30 07:43:37.162229
05411,0000,1213,106,2024-12-30 07:43:37.178212
39856,0000,1213,106,2024-12-30 07:43:37.194221
25726,0000,1213,106,2024-12-30 07:43:37.225877
00072,0000,1213,106,2024-12-30 07:43:37.242216
47989,0000,1213,106,2024-12-30 07:43:37.258210
04603,0000,1213,106,2024-12-30 07:43:37.274207
36152,0000,1213,106,2024-12-30 07:43:37.290197
02420,0000,1213,106,2024-12-30 07:43:37.306200
49964,0000,1213,106,2024-12-30 07:43:37.322195
10322,0000,1213,106,2024-12-30 07:43:37.338200
56528,0000,1213,106,2024-12-30 07:43:37.354183
04765,0000,1213,106,2024-12-30 07:43:37.385504
01551,0000,1213,106,2024-12-30 07:43:37.402177
01093,0000,1213,106,2024-12-30 07:43:37.418167
21757,0000,1213,106,2024-12-30 07:43:37.434174
24179,0000,1213,106,2024-12-30 07:43:37.450167
-0004,0000,1213,106,2024-12-30 07:43:37.466166
33145,0000,1213,106,2024-12-30 07:43:37.482160
24075,0001,1213,106,2024-12-30 07:43:37.498158
17871,0000,1213,106,2024-12-30 07:43:37.514150
15499,0000,1213,106,2024-12-30 07:43:37.530157
02851,0000,1213,106,2024-12-30 07:43:37.561887
03766,0000,1213,106,2024-12-30 07:43:37.578146
00750,0000,1213,106,2024-12-30 07:43:37.594136
05395,0000,1213,106,2024-12-30 07:43:37.610138
03465,0000,1213,106,2024-12-30 07:43:37.626130
29900,0000,1213,106,2024-12-30 07:43:37.642200
04616,0000,1213,106,2024-12-30 07:43:37.658129
01875,0000,1213,106,2024-12-30 07:43:37.674121
05310,0000,1213,106,2024-12-30 07:43:37.690114
04662,0000,1213,106,2024-12-30 07:43:37.721540
18607,0000,1213,106,2024-12-30 07:43:37.738115
04651,0001,1213,106,2024-12-30 07:43:37.754107
04756,0000,1213,106,2024-12-30 07:43:37.770100
00074,0001,1213,106,2024-12-30 07:43:37.786099
63666,0000,1213,106,2024-12-30 07:43:37.802093
66179,0001,1213,106,2024-12-30 07:43:37.818086
03622,0000,1213,106,2024-12-30 07:43:37.834091
10058,0000,1213,106,2024-12-30 07:43:37.850087
48906,0000,1213,106,2024-12-30 07:43:37.866093
04796,0000,1213,106,2024-12-30 07:43:37.897910
01497,0000,1213,106,2024-12-30 07:43:37.914077
01491,0000,1213,106,2024-12-30 07:43:37.930071
02583,0000,1213,106,2024-12-30 07:43:37.946069
02600,0000,1213,106,2024-12-30 07:43:37.962065
04621,0000,1213,106,2024-12-30 07:43:37.978069
21243,0001,1213,106,2024-12-30 07:43:37.994057
10911,0000,1213,106,2024-12-30 07:43:38.010056
03077,0000,1213,106,2024-12-30 07:43:38.026048
14810,0000,1213,106,2024-12-30 07:43:38.057549
11665,0000,1213,106,2024-12-30 07:43:38.074040
00067,0000,1213,106,2024-12-30 07:43:38.090035
02968,0000,1213,106,2024-12-30 07:43:38.106032
14153,0000,1213,106,2024-12-30 07:43:38.122040
03741,0000,1213,106,2024-12-30 07:43:38.138040
20334,0000,1213,106,2024-12-30 07:43:38.154026
31535,0000,1213,106,2024-12-30 07:43:38.170014
02618,0000,1213,106,2024-12-30 07:43:38.186017
05381,0000,1213,106,2024-12-30 07:43:38.202013
02748,0000,1213,106,2024-12-30 07:43:38.233938
51705,0000,1213,106,2024-12-30 07:43:38.250030
10144,0000,1213,106,2024-12-30 07:43:38.265998
02398,0000,1213,106,2024-12-30 07:43:38.282003
04578,0001,1213,106,2024-12-30 07:43:38.297990
00734,0000,1213,106,2024-12-30 07:43:38.313997
54311,0000,1213,106,2024-12-30 07:43:38.329987
01735,0000,1213,106,2024-12-30 07:43:38.345988
09245,0000,1213,106,2024-12-30 07:43:38.361983
52998,0001,1213,106,2024-12-30 07:43:38.393572
00874,0000,1213,106,2024-12-30 07:43:38.409980
21050,0001,1213,106,2024-12-30 07:43:38.425968
05442,0000,1213,106,2024-12-30 07:43:38.441972
22517,0000,1213,106,2024-12-30 07:43:38.457963
13966,0000,1213,106,2024-12-30 07:43:38.473962
42583,0000,1213,106,2024-12-30 07:43:38.489957
50510,0000,1213,106,2024-12-30 07:43:38.505959
17327,0000,1213,106,2024-12-30 07:43:38.521958
00227,0000,1213,106,2024-12-30 07:43:38.537951
58479,0000,1213,106,2024-12-30 07:43:38.569942
05420,0000,1213,106,2024-12-30 07:43:38.585942
00685,0000,1213,106,2024-12-30 07:43:38.601934
39561,0000,1213,106,2024-12-30 07:43:38.617939
01478,0000,1213,106,2024-12-30 07:43:38.633932
03938,0000,1213,106,2024-12-30 07:43:38.649926
67784,0000,1213,106,2024-12-30 07:43:38.665918
04647,0000,1213,106,2024-12-30 07:43:38.681918
00844,0000,1213,106,2024-12-30 07:43:38.697916
01415,0000,1213,106,2024-12-30 07:43:38.729612
25156,0000,1213,106,2024-12-30 07:43:38.745912
11759,0000,1213,106,2024-12-30 07:43:38.761905
04582,0000,1213,106,2024-12-30 07:43:38.777897
01729,0000,1213,106,2024-12-30 07:43:38.793900
05404,0000,1213,106,2024-12-30 07:43:38.809895
67774,0000,1213,106,2024-12-30 07:43:38.825894
29440,0001,1213,106,2024-12-30 07:43:38.841889
00419,0000,1213,106,2024-12-30 07:43:38.857895
59245,0000,1213,106,2024-12-30 07:43:38.889234
32828,0000,1213,106,2024-12-30 07:43:38.905890
35739,0000,1213,106,2024-12-30 07:43:38.921871
62480,0000,1213,106,2024-12-30 07:43:38.937868
26594,0000,1213,106,2024-12-30 07:43:38.953865
28914,0000,1213,106,2024-12-30 07:43:38.969865
05440,0000,1213,106,2024-12-30 07:43:38.985854
03982,0000,1214,106,2024-12-30 07:43:39.001866
10059,0000,1213,106,2024-12-30 07:43:39.017864
03388,0000,1213,106,2024-12-30 07:43:39.033862
56840,0000,1213,106,2024-12-30 07:43:39.065633
01407,0000,1213,106,2024-12-30 07:43:39.081846
01559,0000,1213,106,2024-12-30 07:43:39.097843
17125,0000,1213,106,2024-12-30 07:43:39.113838
02329,0000,1213,106,2024-12-30 07:43:39.129838
67763,0000,1213,106,2024-12-30 07:43:39.145834
10192,0001,1213,106,2024-12-30 07:43:39.161832
05068,0000,1213,106,2024-12-30 07:43:39.177826
12919,0001,1213,106,2024-12-30 07:43:39.193823
01901,0000,1213,106,2024-12-30 07:43:39.225254
01134,0000,1213,106,2024-12-30 07:43:39.241825
11639,0000,1213,106,2024-12-30 07:43:39.257819
04659,0000,1213,106,2024-12-30 07:43:39.273819
01778,0001,1213,106,2024-12-30 07:43:39.289810
27240,0000,1213,106,2024-12-30 07:43:39.305814
38598,0000,1213,106,2024-12-30 07:43:39.321812
11770,0000,1213,106,2024-12-30 07:43:39.337792
58162,0000,1213,106,2024-12-30 07:43:39.353788
25612,0000,1214,106,2024-12-30 07:43:39.369787
39901,0000,1213,106,2024-12-30 07:43:39.401677
54047,0000,1213,106,2024-12-30 07:43:39.417783
04595,0000,1213,106,2024-12-30 07:43:39.433789
02374,0000,1213,106,2024-12-30 07:43:39.449774
02216,0000,1213,106,2024-12-30 07:43:39.465771
05454,0000,1213,106,2024-12-30 07:43:39.481764
02341,0000,1213,106,2024-12-30 07:43:39.497768
44020,0001,1214,106,2024-12-30 07:43:39.513762
60670,0000,1213,106,2024-12-30 07:43:39.529761
52484,0000,1213,106,2024-12-30 07:43:39.561317
15533,0000,1213,106,2024-12-30 07:43:39.577745
04743,0000,1213,106,2024-12-30 07:43:39.593753
03848,0000,1213,106,2024-12-30 07:43:39.609755
06464,0000,1213,106,2024-12-30 07:43:39.625755
42462,0000,1213,106,2024-12-30 07:43:39.641758
04636,0000,1213,106,2024-12-30 07:43:39.657730
32500,0000,1213,106,2024-12-30 07:43:39.673731
01202,0000,1213,106,2024-12-30 07:43:39.689732
03676,0000,1213,106,2024-12-30 07:43:39.705736
05448,0001,1213,106,2024-12-30 07:43:39.737716
03983,0000,1213,106,2024-12-30 07:43:39.753743
20263,0000,1213,106,2024-12-30 07:43:39.769738
48903,0000,1213,106,2024-12-30 07:43:39.785741
44213,0000,1213,106,2024-12-30 07:43:39.801739
00715,0000,1213,106,2024-12-30 07:43:39.817744
00054,0000,1213,106,2024-12-30 07:43:39.833743
03866,0000,1213,106,2024-12-30 07:43:39.849745
26794,0000,1213,106,2024-12-30 07:43:39.865752
05446,0000,1213,106,2024-12-30 07:43:39.897276
03966,0000,1213,106,2024-12-30 07:43:39.913683
05422,0000,1213,106,2024-12-30 07:43:39.929673
21086,0000,1213,106,2024-12-30 07:43:39.945678
04640,0000,1213,106,2024-12-30 07:43:39.961669
04560,0000,1213,106,2024-12-30 07:43:39.977676
05494,0000,1213,106,2024-12-30 07:43:39.993664
00196,0000,1213,106,2024-12-30 07:43:40.009652
03725,0000,1213,106,2024-12-30 07:43:40.025661
68437,0000,1213,106,2024-12-30 07:43:40.041650
19462,0000,1213,106,2024-12-30 07:43:40.073653
37010,0000,1213,106,2024-12-30 07:43:40.089663
05423,0000,1213,106,2024-12-30 07:43:40.105644
05345,0000,1213,106,2024-12-30 07:43:40.121644
10062,0001,1213,106,2024-12-30 07:43:40.137652
03739,0000,1213,106,2024-12-30 07:43:40.153637
00830,0000,1213,106,2024-12-30 07:43:40.169632
01649,0000,1213,106,2024-12-30 07:43:40.185627
01695,0000,1213,106,2024-12-30 07:43:40.201635
05441,0000,1213,106,2024-12-30 07:43:40.233356
04664,0000,1213,106,2024-12-30 07:43:40.249625
00891,0000,1214,106,2024-12-30 07:43:40.265618
62790,0000,1213,106,2024-12-30 07:43:40.281607
03834,0000,1213,106,2024-12-30 07:43:40.297606
00093,0000,1213,106,2024-12-30 07:43:40.313624
24833,0000,1213,106,2024-12-30 07:43:40.329602
00169,0001,1213,106,2024-12-30 07:43:40.345599
13147,0001,1214,106,2024-12-30 07:43:40.361598
03783,0000,1213,106,2024-12-30 07:43:40.392996
23264,0000,1213,106,2024-12-30 07:43:40.409593
43277,0001,1213,106,2024-12-30 07:43:40.425586
20231,0000,1213,106,2024-12-30 07:43:40.441574
14812,0000,1213,106,2024-12-30 07:43:40.457577
14913,0000,1213,106,2024-12-30 07:43:40.473584
00867,0000,1213,106,2024-12-30 07:43:40.489566
14885,0000,1213,106,2024-12-30 07:43:40.505566
19411,0000,1213,106,2024-12-30 07:43:40.521553
01920,0000,1213,106,2024-12-30 07:43:40.537561
27010,0000,1213,106,2024-12-30 07:43:40.569360
03796,0000,1213,106,2024-12-30 07:43:40.585550
01007,0001,1213,106,2024-12-30 07:43:40.601553
03873,0000,1213,106,2024-12-30 07:43:40.617549
52200,0000,1213,106,2024-12-30 07:43:40.633547
08537,0001,1213,106,2024-12-30 07:43:40.649539
03139,0000,1213,106,2024-12-30 07:43:40.665536
04853,0000,1213,106,2024-12-30 07:43:40.681527
05084,0000,1213,106,2024-12-30 07:43:40.697534
03700,0000,1213,106,2024-12-30 07:43:40.729001
05468,0001,1213,106,2024-12-30 07:43:40.745529
03837,0000,1213,106,2024-12-30 07:43:40.761521
14895,0000,1213,106,2024-12-30 07:43:40.777513
09371,0000,1213,106,2024-12-30 07:43:40.793503
04836,0000,1213,106,2024-12-30 07:43:40.809508
24857,0000,1213,106,2024-12-30 07:43:40.825496
19553,0000,1213,106,2024-12-30 07:43:40.841502
48384,0000,1213,106,2024-12-30 07:43:40.857500
21245,0000,1213,106,2024-12-30 07:43:40.873505
00905,0000,1213,106,2024-12-30 07:43:40.905373
25431,0000,1213,106,2024-12-30 07:43:40.921485
05339,0000,1213,106,2024-12-30 07:43:40.937480
04691,0000,1213,106,2024-12-30 07:43:40.953473
05447,0000,1213,106,2024-12-30 07:43:40.969473
00861,0001,1213,106,2024-12-30 07:43:40.985474
01743,0000,1213,106,2024-12-30 07:43:41.001461
05434,0001,1213,106,2024-12-30 07:43:41.017463
02881,0001,1213,106,2024-12-30 07:43:41.033454
01551,0000,1213,106,2024-12-30 07:43:41.065013
05345,0001,1213,106,2024-12-30 07:43:41.081451
56034,0000,1213,106,2024-12-30 07:43:41.097447
07096,0001,1213,106,2024-12-30 07:43:41.113450
14675,0000,1213,106,2024-12-30 07:43:41.129445
32193,0000,1213,106,2024-12-30 07:43:41.145439
10093,0001,1213,106,2024-12-30 07:43:41.161438
28547,0000,1213,106,2024-12-30 07:43:41.177440
27028,0000,1213,106,2024-12-30 07:43:41.193432
43172,0001,1213,106,2024-12-30 07:43:41.209428
09977,0000,1213,106,2024-12-30 07:43:41.241438
00829,0000,1213,106,2024-12-30 07:43:41.257436
01625,0000,1213,106,2024-12-30 07:43:41.273419
09313,0000,1213,106,2024-12-30 07:43:41.289421
35516,0000,1213,106,2024-12-30 07:43:41.305425
04709,0000,1213,106,2024-12-30 07:43:41.321410
19376,0000,1214,106,2024-12-30 07:43:41.337401
59052,0000,1213,106,2024-12-30 07:43:41.353402
19403,0000,1214,106,2024-12-30 07:43:41.369398
26642,0000,1213,106,2024-12-30 07:43:41.401054
03774,0000,1213,106,2024-12-30 07:43:41.417395
05353,0000,1213,106,2024-12-30 07:43:41.433386
05488,0000,1213,106,2024-12-30 07:43:41.449381
05332,0000,1213,106,2024-12-30 07:43:41.465381
63213,0000,1213,106,2024-12-30 07:43:41.481370
59361,0000,1214,106,2024-12-30 07:43:41.497368
63223,0001,1213,106,2024-12-30 07:43:41.513361
60273,0000,1213,106,2024-12-30 07:43:41.529366
03989,0000,1213,106,2024-12-30 07:43:41.560692
59867,0000,1214,106,2024-12-30 07:43:41.577355
08646,0000,1213,106,2024-12-30 07:43:41.593356
04554,0000,1213,106,2024-12-30 07:43:41.609353
10141,0000,1213,106,2024-12-30 07:43:41.625355
04710,0000,1213,106,2024-12-30 07:43:41.641353
25618,0000,1214,106,2024-12-30 07:43:41.657347
09479,0000,1213,106,2024-12-30 07:43:41.673342
37089,0000,1213,106,2024-12-30 07:43:41.689330
04439,0000,1213,106,2024-12-30 07:43:41.705334
42429,0000,1213,106,2024-12-30 07:43:41.737101
09321,0000,1213,106,2024-12-30 07:43:41.753319
17946,0000,1214,106,2024-12-30 07:43:41.769324
03788,0000,1213,106,2024-12-30 07:43:41.785310
05388,0000,1213,106,2024-12-30 07:43:41.801316
01941,0000,1213,106,2024-12-30 07:43:41.817306
25030,0001,1214,106,2024-12-30 07:43:41.833316
03021,0000,1214,106,2024-12-30 07:43:41.849304
00631,0000,1213,106,2024-12-30 07:43:41.865305
14743,0001,1213,106,2024-12-30 07:43:41.896732
00699,0000,1213,106,2024-12-30 07:43:41.913291
59134,0000,1213,106,2024-12-30 07:43:41.929293
45451,0000,1213,106,2024-12-30 07:43:41.945288
53042,0000,1213,106,2024-12-30 07:43:41.961283
44171,0000,1214,106,2024-12-30 07:43:41.977281
01812,0001,1214,106,2024-12-30 07:43:41.993280
29834,0000,1213,106,2024-12-30 07:43:42.009277
03067,0000,1213,106,2024-12-30 07:43:42.025276
05417,0000,1214,106,2024-12-30 07:43:42.041277
11057,0000,1213,106,2024-12-30 07:43:42.073115
04631,0000,1214,106,2024-12-30 07:43:42.089260
00090,0000,1214,106,2024-12-30 07:43:42.105258
15965,0000,1213,106,2024-12-30 07:43:42.121252
26865,0000,1213,106,2024-12-30 07:43:42.137249
05485,0000,1213,106,2024-12-30 07:43:42.153254
00148,0001,1213,106,2024-12-30 07:43:42.169252
49686,0000,1213,106,2024-12-30 07:43:42.185240
08553,0000,1214,106,2024-12-30 07:43:42.201243
14718,0000,1213,106,2024-12-30 07:43:42.232757
55757,0000,1214,106,2024-12-30 07:43:42.249246
02514,0000,1213,106,2024-12-30 07:43:42.265238
53406,0000,1214,106,2024-12-30 07:43:42.281219
14831,0000,1213,106,2024-12-30 07:43:42.297216
12349,0000,1213,106,2024-12-30 07:43:42.313217
04596,0000,1213,106,2024-12-30 07:43:42.329209
09469,0000,1213,106,2024-12-30 07:43:42.345209
25835,0000,1213,106,2024-12-30 07:43:42.361204
10817,0000,1213,106,2024-12-30 07:43:42.377210
30997,0000,1214,106,2024-12-30 07:43:42.409137
00738,0000,1213,106,2024-12-30 07:43:42.425195
02080,0000,1214,106,2024-12-30 07:43:42.441192
00882,0000,1213,106,2024-12-30 07:43:42.457175
07712,0000,1214,106,2024-12-30 07:43:42.473181
16495,0000,1214,106,2024-12-30 07:43:42.489171
32291,0000,1214,106,2024-12-30 07:43:42.505178
20838,0000,1213,106,2024-12-30 07:43:42.521180
61996,0000,1214,106,2024-12-30 07:43:42.537177
07675,0000,1214,106,2024-12-30 07:43:42.568777
05361,0000,1213,106,2024-12-30 07:43:42.585161
04951,0000,1214,106,2024-12-30 07:43:42.601158
22218,0000,1213,106,2024-12-30 07:43:42.617153
05398,0000,1213,106,2024-12-30 07:43:42.633160
59850,0000,1214,106,2024-12-30 07:43:42.649161
01961,0000,1214,106,2024-12-30 07:43:42.665153
69269,0000,1213,106,2024-12-30 07:43:42.681141
13116,0001,1213,106,2024-12-30 07:43:42.697135
26629,0000,1214,106,2024-12-30 07:43:42.713141
03865,0000,1214,106,2024-12-30 07:43:42.745136
00808,0001,1214,106,2024-12-30 07:43:42.761129
12541,0000,1214,106,2024-12-30 07:43:42.777123
04522,0000,1214,106,2024-12-30 07:43:42.793121
04610,0000,1213,106,2024-12-30 07:43:42.809120
04709,0001,1214,106,2024-12-30 07:43:42.825115
03177,0000,1214,106,2024-12-30 07:43:42.841122
02925,0000,1213,106,2024-12-30 07:43:42.857125
36100,0000,1213,106,2024-12-30 07:43:42.873127
05460,0000,1214,106,2024-12-30 07:43:42.904832
00113,0000,1213,106,2024-12-30 07:43:42.921130
05458,0001,1213,106,2024-12-30 07:43:42.937133
04704,0000,1214,106,2024-12-30 07:43:42.953134
03860,0000,1214,106,2024-12-30 07:43:42.969131
62736,0000,1214,106,2024-12-30 07:43:42.985136
00747,0000,1214,106,2024-12-30 07:43:43.001146
23061,0001,1213,106,2024-12-30 07:43:43.017142
04715,0001,1214,106,2024-12-30 07:43:43.033073
20946,0000,1214,106,2024-12-30 07:43:43.064454
02285,0000,1213,106,2024-12-30 07:43:43.081069
13922,0000,1214,106,2024-12-30 07:43:43.097064
00050,0000,1214,106,2024-12-30 07:43:43.113069
05447,0000,1214,106,2024-12-30 07:43:43.129053
02713,0000,1214,106,2024-12-30 07:43:43.145046
03822,0000,1214,106,2024-12-30 07:43:43.161048
24178,0000,1214,106,2024-12-30 07:43:43.177038
01617,0000,1214,106,2024-12-30 07:43:43.193042
01823,0000,1214,106,2024-12-30 07:43:43.209047
28565,0000,1214,106,2024-12-30 07:43:43.240845
04622,0000,1214,106,2024-12-30 07:43:43.257033
21647,0000,1214,106,2024-12-30 07:43:43.273045
05370,0000,1214,106,2024-12-30 07:43:43.289030
01098,0000,1214,106,2024-12-30 07:43:43.305021
04588,0000,1214,106,2024-12-30 07:43:43.321018
22929,0000,1214,106,2024-12-30 07:43:43.337020
00914,0000,1214,106,2024-12-30 07:43:43.353007
08682,0000,1213,106,2024-12-30 07:43:43.369013
05534,0000,1214,106,2024-12-30 07:43:43.400477
01729,0000,1214,106,2024-12-30 07:43:43.417000
00123,0000,1214,106,2024-12-30 07:43:43.433004
09248,0000,1214,106,2024-12-30 07:43:43.448991
25024,0001,1214,106,2024-12-30 07:43:43.464990
65204,0000,1214,106,2024-12-30 07:43:43.480980
29716,0001,1214,106,2024-12-30 07:43:43.496983
64957,0000,1214,106,2024-12-30 07:43:43.512977
04558,0000,1214,106,2024-12-30 07:43:43.528980
43769,0000,1214,106,2024-12-30 07:43:43.544964
25827,0000,1214,106,2024-12-30 07:43:43.576858
19353,0001,1214,106,2024-12-30 07:43:43.592966
05432,0000,1214,106,2024-12-30 07:43:43.608962
30692,0000,1214,106,2024-12-30 07:43:43.624945
00104,0000,1214,106,2024-12-30 07:43:43.640952
00035,0000,1214,106,2024-12-30 07:43:43.656944
04574,0000,1214,106,2024-12-30 07:43:43.672949
-0026,0000,1214,106,2024-12-30 07:43:43.688938
04634,0000,1214,106,2024-12-30 07:43:43.704941
54316,0000,1213,106,2024-12-30 07:43:43.736499
59314,0000,1214,106,2024-12-30 07:43:43.752936
03899,0000,1214,106,2024-12-30 07:43:43.768934
22964,0000,1214,106,2024-12-30 07:43:43.784921
04610,0000,1213,106,2024-12-30 07:43:43.800916
52273,0000,1214,106,2024-12-30 07:43:43.816919
00738,0000,1214,106,2024-12-30 07:43:43.832913
15665,0000,1214,106,2024-12-30 07:43:43.848913
10870,0000,1214,106,2024-12-30 07:43:43.864909
04690,0000,1214,106,2024-12-30 07:43:43.880914
64061,0001,1214,106,2024-12-30 07:43:43.912879
03948,0000,1214,106,2024-12-30 07:43:43.928896
29542,0000,1214,106,2024-12-30 07:43:43.944894
02216,0000,1214,106,2024-12-30 07:43:43.960888
53900,0001,1214,106,2024-12-30 07:43:43.976891
04725,0000,1214,106,2024-12-30 07:43:43.992896
00159,0000,1214,106,2024-12-30 07:43:44.008881
01795,0000,1214,106,2024-12-30 07:43:44.024877
03823,0000,1214,106,2024-12-30 07:43:44.040871
09332,0001,1214,106,2024-12-30 07:43:44.072524
63320,0000,1214,106,2024-12-30 07:43:44.088866
02941,0000,1214,106,2024-12-30 07:43:44.104869
27284,0000,1214,106,2024-12-30 07:43:44.120870
02304,0000,1214,106,2024-12-30 07:43:44.136857
51313,0000,1214,106,2024-12-30 07:43:44.152857
00869,0000,1214,106,2024-12-30 07:43:44.168852
04681,0000,1214,106,2024-12-30 07:43:44.184854
14779,0000,1214,106,2024-12-30 07:43:44.200847
00120,0000,1214,106,2024-12-30 07:43:44.232153
22875,0000,1214,106,2024-12-30 07:43:44.248841
14593,0001,1214,106,2024-12-30 07:43:44.264830
00068,0000,1214,106,2024-12-30 07:43:44.280835
61846,0000,1214,106,2024-12-30 07:43:44.296824
22406,0000,1213,106,2024-12-30 07:43:44.312833
19479,0000,1214,106,2024-12-30 07:43:44.328822
25821,0000,1214,106,2024-12-30 07:43:44.344809
03635,0000,1214,106,2024-12-30 07:43:44.360815
02719,0000,1214,106,2024-12-30 07:43:44.376823
10952,0000,1214,106,2024-12-30 07:43:44.408534
05450,0000,1214,106,2024-12-30 07:43:44.424803
30660,0000,1214,106,2024-12-30 07:43:44.440795
02885,0000,1214,106,2024-12-30 07:43:44.456796
48214,0000,1214,106,2024-12-30 07:43:44.472798
05226,0000,1214,106,2024-12-30 07:43:44.488793
20347,0001,1214,106,2024-12-30 07:43:44.504787
00623,0000,1214,106,2024-12-30 07:43:44.520781
05422,0000,1214,106,2024-12-30 07:43:44.536782
14770,0000,1214,106,2024-12-30 07:43:44.568193
37085,0000,1214,106,2024-12-30 07:43:44.584767
03859,0000,1214,106,2024-12-30 07:43:44.600772
05453,0000,1214,106,2024-12-30 07:43:44.616763
56461,0000,1214,106,2024-12-30 07:43:44.632765
01488,0000,1214,106,2024-12-30 07:43:44.648766
08611,0000,1214,106,2024-12-30 07:43:44.664757
10044,0000,1214,106,2024-12-30 07:43:44.680751
05441,0000,1214,106,2024-12-30 07:43:44.696750
03835,0000,1214,106,2024-12-30 07:43:44.712744
01986,0000,1214,106,2024-12-30 07:43:44.744578
16491,0000,1214,106,2024-12-30 07:43:44.760739
28674,0000,1214,106,2024-12-30 07:43:44.776739
03040,0000,1214,106,2024-12-30 07:43:44.792738
05286,0000,1214,106,2024-12-30 07:43:44.808731
02261,0000,1214,106,2024-12-30 07:43:44.824716
60233,0000,1214,106,2024-12-30 07:43:44.840710
05455,0000,1214,106,2024-12-30 07:43:44.856713
15431,0000,1214,106,2024-12-30 07:43:44.872711
05435,0000,1214,106,2024-12-30 07:43:44.904216
13975,0000,1214,106,2024-12-30 07:43:44.920708
01732,0000,1214,106,2024-12-30 07:43:44.936704
03064,0000,1214,106,2024-12-30 07:43:44.952695
01528,0000,1214,106,2024-12-30 07:43:44.968702
01037,0000,1214,106,2024-12-30 07:43:44.984686
02832,0000,1214,106,2024-12-30 07:43:45.000700
49094,0000,1214,106,2024-12-30 07:43:45.016687
25399,0000,1214,106,2024-12-30 07:43:45.032689
03850,0001,1214,106,2024-12-30 07:43:45.048680
63686,0000,1214,106,2024-12-30 07:43:45.080597
27856,0000,1214,106,2024-12-30 07:43:45.096673
56751,0000,1214,106,2024-12-30 07:43:45.112664
61538,0000,1214,106,2024-12-30 07:43:45.128657
49981,0000,1214,106,2024-12-30 07:43:45.144656
15560,0000,1214,106,2024-12-30 07:43:45.160661
67735,0000,1214,106,2024-12-30 07:43:45.176660
50082,0000,1214,106,2024-12-30 07:43:45.192651
37906,0000,1214,106,2024-12-30 07:43:45.208647
22845,0000,1214,106,2024-12-30 07:43:45.240248
03907,0000,1214,106,2024-12-30 07:43:45.256633
23159,0000,1214,106,2024-12-30 07:43:45.272635
01780,0000,1214,106,2024-12-30 07:43:45.288638
23155,0000,1214,106,2024-12-30 07:43:45.304654
14767,0000,1214,106,2024-12-30 07:43:45.320626
08472,0000,1214,106,2024-12-30 07:43:45.336630
20231,0000,1214,106,2024-12-30 07:43:45.352620
04401,0000,1214,106,2024-12-30 07:43:45.368621
09352,0000,1214,106,2024-12-30 07:43:45.384615
17185,0000,1214,106,2024-12-30 07:43:45.416609
40058,0000,1214,106,2024-12-30 07:43:45.432605
00721,0000,1214,106,2024-12-30 07:43:45.448603
03672,0000,1214,106,2024-12-30 07:43:45.464593
01647,0000,1214,106,2024-12-30 07:43:45.480594
08566,0000,1214,106,2024-12-30 07:43:45.496594
27644,0000,1214,106,2024-12-30 07:43:45.512589
01841,0000,1214,106,2024-12-30 07:43:45.528582
64510,0000,1214,106,2024-12-30 07:43:45.544584
02256,0000,1214,106,2024-12-30 07:43:45.576270
00470,0000,1214,106,2024-12-30 07:43:45.592571
03114,0000,1214,106,2024-12-30 07:43:45.608563
07861,0000,1214,106,2024-12-30 07:43:45.624558
00755,0001,1214,106,2024-12-30 07:43:45.640552
10815,0000,1214,106,2024-12-30 07:43:45.656558
67843,0000,1214,106,2024-12-30 07:43:45.672556
04780,0000,1214,106,2024-12-30 07:43:45.688560
03785,0000,1214,106,2024-12-30 07:43:45.704543
53362,0000,1214,106,2024-12-30 07:43:45.735893
00923,0000,1214,106,2024-12-30 07:43:45.752548
52564,0000,1214,106,2024-12-30 07:43:45.768538
27010,0000,1214,106,2024-12-30 07:43:45.784536
04587,0000,1214,106,2024-12-30 07:43:45.800525
03001,0000,1214,106,2024-12-30 07:43:45.816528
18636,0000,1214,106,2024-12-30 07:43:45.832518
02963,0000,1214,106,2024-12-30 07:43:45.848520
03980,0001,1214,106,2024-12-30 07:43:45.864510
17136,0001,1214,106,2024-12-30 07:43:45.880516
03836,0000,1214,106,2024-12-30 07:43:45.912276
03734,0000,1214,106,2024-12-30 07:43:45.928502
10225,0000,1214,106,2024-12-30 07:43:45.944505
02765,0000,1214,106,2024-12-30 07:43:45.960503
04879,0000,1214,106,2024-12-30 07:43:45.976503
02875,0000,1214,106,2024-12-30 07:43:45.992506
14060,0000,1214,106,2024-12-30 07:43:46.008510
02362,0000,1214,106,2024-12-30 07:43:46.024520
09283,0001,1214,106,2024-12-30 07:43:46.040513
05441,0000,1214,106,2024-12-30 07:43:46.071960
03102,0000,1214,106,2024-12-30 07:43:46.088802
03864,0000,1214,106,2024-12-30 07:43:46.104542
14672,0000,1214,106,2024-12-30 07:43:46.120533
00593,0000,1214,106,2024-12-30 07:43:46.136538
31742,0000,1214,106,2024-12-30 07:43:46.152536
04624,0000,1214,106,2024-12-30 07:43:46.168470
05433,0001,1214,106,2024-12-30 07:43:46.184459
01024,0000,1214,106,2024-12-30 07:43:46.200460
24818,0000,1214,106,2024-12-30 07:43:46.216449
08679,0001,1214,106,2024-12-30 07:43:46.248327
05471,0000,1214,106,2024-12-30 07:43:46.264446
67026,0000,1214,106,2024-12-30 07:43:46.280434
05249,0000,1214,106,2024-12-30 07:43:46.296442
03906,0000,1214,106,2024-12-30 07:43:46.312426
32958,0000,1215,106,2024-12-30 07:43:46.328431
47896,0000,1214,106,2024-12-30 07:43:46.344430
16615,0000,1214,106,2024-12-30 07:43:46.360412
05526,0000,1214,106,2024-12-30 07:43:46.376410
47498,0000,1214,106,2024-12-30 07:43:46.408083
10854,0000,1214,106,2024-12-30 07:43:46.424491
01530,0000,1215,106,2024-12-30 07:43:46.440407
44978,0000,1214,106,2024-12-30 07:43:46.456407
13853,0000,1214,106,2024-12-30 07:43:46.472409
48156,0000,1214,106,2024-12-30 07:43:46.488399
20020,0000,1214,106,2024-12-30 07:43:46.504400
43255,0000,1214,106,2024-12-30 07:43:46.520390
64531,0000,1214,106,2024-12-30 07:43:46.536389
58215,0001,1214,106,2024-12-30 07:43:46.552386
04630,0000,1215,106,2024-12-30 07:43:46.584335
00749,0000,1214,106,2024-12-30 07:43:46.600380
14654,0000,1215,106,2024-12-30 07:43:46.616371
01634,0000,1214,106,2024-12-30 07:43:46.632369
05391,0000,1214,106,2024-12-30 07:43:46.648368
36124,0000,1214,106,2024-12-30 07:43:46.664360
53067,0001,1214,106,2024-12-30 07:43:46.680361
57525,0000,1214,106,2024-12-30 07:43:46.696351
09274,0001,1215,106,2024-12-30 07:43:46.712357
44829,0000,1215,106,2024-12-30 07:43:46.743983
04689,0000,1215,106,2024-12-30 07:43:46.760347
47389,0000,1215,106,2024-12-30 07:43:46.776337
03789,0000,1214,106,2024-12-30 07:43:46.792341
03338,0000,1214,106,2024-12-30 07:43:46.808327
14007,0000,1214,106,2024-12-30 07:43:46.824334
24857,0000,1215,106,2024-12-30 07:43:46.840325
24201,0000,1214,106,2024-12-30 07:43:46.856326
02051,0001,1215,106,2024-12-30 07:43:46.872322
19386,0000,1214,106,2024-12-30 07:43:46.888316
58425,0000,1214,106,2024-12-30 07:43:46.920315
65037,0000,1215,106,2024-12-30 07:43:46.936305
00695,0000,1214,106,2024-12-30 07:43:46.952310
46201,0000,1214,106,2024-12-30 07:43:46.968296
05465,0000,1214,106,2024-12-30 07:43:46.984304
00746,0000,1214,106,2024-12-30 07:43:47.000300
50480,0001,1214,106,2024-12-30 07:43:47.016311
55121,0000,1214,106,2024-12-30 07:43:47.032301
45796,0000,1214,106,2024-12-30 07:43:47.048293
03634,0000,1215,106,2024-12-30 07:43:47.080007
05457,0001,1214,106,2024-12-30 07:43:47.096278
37668,0000,1214,106,2024-12-30 07:43:47.112288
23102,0000,1214,106,2024-12-30 07:43:47.128280
04497,0000,1214,106,2024-12-30 07:43:47.144270
04636,0001,1214,106,2024-12-30 07:43:47.160265
17088,0000,1214,106,2024-12-30 07:43:47.176261
27360,0000,1214,106,2024-12-30 07:43:47.192264
19282,0000,1215,106,2024-12-30 07:43:47.208250
15700,0000,1214,106,2024-12-30 07:43:47.239657
02893,0001,1214,106,2024-12-30 07:43:47.256243
06266,0000,1215,106,2024-12-30 07:43:47.272246
06009,0000,1215,106,2024-12-30 07:43:47.288244
19312,0000,1214,106,2024-12-30 07:43:47.304241
22279,0000,1214,106,2024-12-30 07:43:47.320231
20700,0000,1214,106,2024-12-30 07:43:47.336231
15565,0000,1215,106,2024-12-30 07:43:47.352225
09405,0000,1214,106,2024-12-30 07:43:47.368230
00009,0001,1214,106,2024-12-30 07:43:47.384224
62570,0000,1215,106,2024-12-30 07:43:47.416034
18651,0000,1214,106,2024-12-30 07:43:47.432213
01125,0000,1214,106,2024-12-30 07:43:47.448207
19654,0000,1215,106,2024-12-30 07:43:47.464206
16590,0000,1214,106,2024-12-30 07:43:47.480200
15369,0000,1215,106,2024-12-30 07:43:47.496202
00950,0000,1214,106,2024-12-30 07:43:47.512212
08792,0000,1215,106,2024-12-30 07:43:47.528190
22922,0000,1215,106,2024-12-30 07:43:47.544187
10117,0001,1214,106,2024-12-30 07:43:47.575682
20947,0000,1215,106,2024-12-30 07:43:47.592176
05394,0000,1214,106,2024-12-30 07:43:47.608184
36137,0001,1214,106,2024-12-30 07:43:47.624176
10163,0000,1214,106,2024-12-30 07:43:47.640173
00976,0000,1215,106,2024-12-30 07:43:47.656172
17681,0000,1215,106,2024-12-30 07:43:47.672171
27062,0000,1215,106,2024-12-30 07:43:47.688163
03751,0000,1215,106,2024-12-30 07:43:47.704163
02805,0000,1214,106,2024-12-30 07:43:47.720157
24728,0000,1214,106,2024-12-30 07:43:47.752065
01729,0000,1214,106,2024-12-30 07:43:47.768138
59050,0000,1215,106,2024-12-30 07:43:47.784152
49751,0000,1215,106,2024-12-30 07:43:47.800137
42400,0001,1214,106,2024-12-30 07:43:47.816142
22445,0000,1215,106,2024-12-30 07:43:47.832140
50495,0000,1214,106,2024-12-30 07:43:47.848132
04802,0000,1214,106,2024-12-30 07:43:47.864121
07130,0000,1215,106,2024-12-30 07:43:47.880172
64454,0000,1215,106,2024-12-30 07:43:47.911710
04609,0000,1214,106,2024-12-30 07:43:47.928112
47953,0000,1215,106,2024-12-30 07:43:47.944112
05463,0000,1215,106,2024-12-30 07:43:47.960104
17617,0000,1215,106,2024-12-30 07:43:47.976103
58189,0000,1215,106,2024-12-30 07:43:47.992099
62496,0000,1214,106,2024-12-30 07:43:48.008102
22145,0000,1215,106,2024-12-30 07:43:48.024099
04497,0000,1215,106,2024-12-30 07:43:48.040090
16329,0000,1215,106,2024-12-30 07:43:48.056089
32507,0000,1215,106,2024-12-30 07:43:48.088087
00777,0000,1215,106,2024-12-30 07:43:48.104078
19217,0000,1215,106,2024-12-30 07:43:48.120081
04639,0000,1215,106,2024-12-30 07:43:48.136075
10973,0000,1215,106,2024-12-30 07:43:48.152074
49195,0001,1214,106,2024-12-30 07:43:48.168065
13242,0000,1215,106,2024-12-30 07:43:48.184063
00772,0000,1214,106,2024-12-30 07:43:48.200060
05412,0000,1214,106,2024-12-30 07:43:48.216049
14992,0000,1214,106,2024-12-30 07:43:48.247725
16374,0001,1215,106,2024-12-30 07:43:48.264047
27574,0000,1215,106,2024-12-30 07:43:48.280046
03848,0000,1215,106,2024-12-30 07:43:48.296047
16365,0000,1215,106,2024-12-30 07:43:48.312044
04785,0000,1215,106,2024-12-30 07:43:48.328034
36840,0000,1215,106,2024-12-30 07:43:48.344034
02213,0000,1215,106,2024-12-30 07:43:48.360039
57620,0000,1214,106,2024-12-30 07:43:48.376026
34702,0000,1215,106,2024-12-30 07:43:48.407350
30256,0000,1215,106,2024-12-30 07:43:48.424016
09212,0000,1215,106,2024-12-30 07:43:48.440013
08517,0000,1215,106,2024-12-30 07:43:48.456009
21021,0000,1215,106,2024-12-30 07:43:48.472009
08548,0000,1215,106,2024-12-30 07:43:48.488007
55658,0000,1215,106,2024-12-30 07:43:48.504005
59326,0000,1215,106,2024-12-30 07:43:48.520001
09329,0000,1215,106,2024-12-30 07:43:48.535999
03881,0000,1215,106,2024-12-30 07:43:48.551992
40661,0000,1215,106,2024-12-30 07:43:48.583758
36238,0000,1215,106,2024-12-30 07:43:48.599982
61925,0000,1215,106,2024-12-30 07:43:48.615981
32324,0001,1215,106,2024-12-30 07:43:48.631982
44136,0001,1215,106,2024-12-30 07:43:48.647968
00288,0000,1215,106,2024-12-30 07:43:48.663977
14084,0000,1215,106,2024-12-30 07:43:48.679971
01472,0000,1215,106,2024-12-30 07:43:48.695974
05480,0000,1215,106,2024-12-30 07:43:48.711953
00912,0000,1215,106,2024-12-30 07:43:48.743386
21117,0000,1215,106,2024-12-30 07:43:48.759953
19662,0000,1215,106,2024-12-30 07:43:48.775942
36086,0000,1215,106,2024-12-30 07:43:48.791941
00990,0000,1215,106,2024-12-30 07:43:48.807945
55861,0000,1215,106,2024-12-30 07:43:48.823930
15652,0000,1215,106,2024-12-30 07:43:48.839934
21539,0000,1215,106,2024-12-30 07:43:48.855925
12805,0000,1215,106,2024-12-30 07:43:48.871929
03954,0000,1215,106,2024-12-30 07:43:48.887919
53405,0000,1215,106,2024-12-30 07:43:48.919847
03802,0000,1215,106,2024-12-30 07:43:48.935942
05490,0000,1215,106,2024-12-30 07:43:48.951914
01514,0000,1215,106,2024-12-30 07:43:48.967917
32563,0000,1215,106,2024-12-30 07:43:48.983908
14879,0000,1215,106,2024-12-30 07:43:48.999908
55990,0000,1215,106,2024-12-30 07:43:49.015899
14030,0000,1215,106,2024-12-30 07:43:49.031916
15488,0000,1215,106,2024-12-30 07:43:49.047904
38668,0000,1215,106,2024-12-30 07:43:49.079426
50812,0000,1215,106,2024-12-30 07:43:49.095897
03598,0000,1215,106,2024-12-30 07:43:49.111899
03678,0000,1215,106,2024-12-30 07:43:49.127902
04627,0000,1215,106,2024-12-30 07:43:49.143920
57308,0000,1215,106,2024-12-30 07:43:49.159907
14759,0000,1215,106,2024-12-30 07:43:49.175905
04650,0000,1215,106,2024-12-30 07:43:49.191905
11721,0000,1215,106,2024-12-30 07:43:49.207906
02727,0000,1215,106,2024-12-30 07:43:49.223908
09908,0000,1215,106,2024-12-30 07:43:49.255850
04632,0000,1215,106,2024-12-30 07:43:49.271846
05381,0000,1215,106,2024-12-30 07:43:49.287854
02912,0000,1215,106,2024-12-30 07:43:49.303851
10995,0000,1215,106,2024-12-30 07:43:49.319848
04550,0000,1215,106,2024-12-30 07:43:49.335833
00304,0000,1215,106,2024-12-30 07:43:49.351843
05451,0001,1215,106,2024-12-30 07:43:49.367832
54796,0000,1215,106,2024-12-30 07:43:49.383820
11721,0001,1215,106,2024-12-30 07:43:49.415431
04669,0000,1215,106,2024-12-30 07:43:49.431820
58143,0000,1215,106,2024-12-30 07:43:49.447838
10280,0000,1215,106,2024-12-30 07:43:49.463801
04756,0000,1215,106,2024-12-30 07:43:49.479807
03481,0000,1215,106,2024-12-30 07:43:49.495805
05415,0000,1215,106,2024-12-30 07:43:49.511794
23346,0000,1215,106,2024-12-30 07:43:49.527794
05272,0000,1215,106,2024-12-30 07:43:49.543792
04707,0000,1215,106,2024-12-30 07:43:49.559804
44993,0000,1215,106,2024-12-30 07:43:49.591787
01541,0000,1215,106,2024-12-30 07:43:49.607780
21236,0000,1215,106,2024-12-30 07:43:49.623774
48791,0000,1215,106,2024-12-30 07:43:49.639780
04752,0000,1215,106,2024-12-30 07:43:49.655786
02306,0000,1215,106,2024-12-30 07:43:49.671777
49170,0000,1215,106,2024-12-30 07:43:49.687766
04517,0000,1215,106,2024-12-30 07:43:49.703755
04717,0000,1215,106,2024-12-30 07:43:49.719756
11668,0000,1215,106,2024-12-30 07:43:49.751468
61954,0000,1216,106,2024-12-30 07:43:49.767757
00761,0000,1215,106,2024-12-30 07:43:49.783745
01726,0001,1215,106,2024-12-30 07:43:49.799750
00916,0000,1215,106,2024-12-30 07:43:49.815742
18727,0000,1215,106,2024-12-30 07:43:49.831737
22031,0000,1215,106,2024-12-30 07:43:49.847740
49736,0000,1215,106,2024-12-30 07:43:49.863739
03757,0000,1215,106,2024-12-30 07:43:49.879731
47970,0000,1215,106,2024-12-30 07:43:49.911105
00855,0000,1215,106,2024-12-30 07:43:49.927714
12714,0000,1215,106,2024-12-30 07:43:49.943718
03705,0000,1215,106,2024-12-30 07:43:49.959710
46706,0000,1215,106,2024-12-30 07:43:49.975725
04752,0000,1215,106,2024-12-30 07:43:49.991706
18405,0000,1215,106,2024-12-30 07:43:50.007708
61066,0000,1216,106,2024-12-30 07:43:50.023702
08508,0000,1215,106,2024-12-30 07:43:50.039700
35263,0000,1215,106,2024-12-30 07:43:50.055694
18606,0000,1215,106,2024-12-30 07:43:50.087500
19337,0001,1216,106,2024-12-30 07:43:50.103686
25808,0000,1215,106,2024-12-30 07:43:50.119684
10935,0000,1215,106,2024-12-30 07:43:50.135677
01632,0000,1215,106,2024-12-30 07:43:50.151675
18643,0000,1215,106,2024-12-30 07:43:50.167667
00043,0000,1215,106,2024-12-30 07:43:50.183683
02545,0000,1215,106,2024-12-30 07:43:50.199664
04643,0000,1216,106,2024-12-30 07:43:50.215668
05455,0000,1215,106,2024-12-30 07:43:50.247139
28497,0000,1216,106,2024-12-30 07:43:50.263655
36719,0000,1215,106,2024-12-30 07:43:50.279669
30296,0000,1215,106,2024-12-30 07:43:50.295662
28477,0000,1216,106,2024-12-30 07:43:50.311650
03249,0000,1215,106,2024-12-30 07:43:50.327655
07603,0000,1216,106,2024-12-30 07:43:50.343637
03790,0000,1216,106,2024-12-30 07:43:50.359643
01925,0000,1216,106,2024-12-30 07:43:50.375628
02409,0000,1215,106,2024-12-30 07:43:50.391696
49218,0000,1215,106,2024-12-30 07:43:50.423522
15531,0000,1215,106,2024-12-30 07:43:50.439613
08590,0000,1215,106,2024-12-30 07:43:50.455613
58344,0000,1215,106,2024-12-30 07:43:50.471608
04041,0000,1215,106,2024-12-30 07:43:50.487612
15567,0000,1216,106,2024-12-30 07:43:50.503641
29679,0000,1215,106,2024-12-30 07:43:50.519602
01357,0000,1215,106,2024-12-30 07:43:50.535596
00111,0000,1215,106,2024-12-30 07:43:50.551597
05451,0000,1215,106,2024-12-30 07:43:50.583156
05484,0001,1215,106,2024-12-30 07:43:50.599622
01232,0000,1216,106,2024-12-30 07:43:50.615591
61926,0000,1215,106,2024-12-30 07:43:50.631587
37664,0000,1215,106,2024-12-30 07:43:50.647567
04514,0001,1215,106,2024-12-30 07:43:50.663572
01845,0000,1215,106,2024-12-30 07:43:50.679568
02722,0000,1215,106,2024-12-30 07:43:50.695565
14024,0000,1215,106,2024-12-30 07:43:50.711575
02551,0001,1216,106,2024-12-30 07:43:50.727567
02776,0000,1215,106,2024-12-30 07:43:50.759561
11650,0000,1215,106,2024-12-30 07:43:50.775547
06266,0000,1216,106,2024-12-30 07:43:50.791543
14702,0000,1215,106,2024-12-30 07:43:50.807564
02833,0000,1216,106,2024-12-30 07:43:50.823542
03800,0000,1215,106,2024-12-30 07:43:50.839540
04098,0000,1216,106,2024-12-30 07:43:50.855530
40653,0000,1215,106,2024-12-30 07:43:50.871533
04605,0000,1216,106,2024-12-30 07:43:50.887525
14664,0000,1216,106,2024-12-30 07:43:50.919184
64150,0000,1215,106,2024-12-30 07:43:50.935528
30374,0000,1215,106,2024-12-30 07:43:50.951518
05407,0000,1215,106,2024-12-30 07:43:50.967519
24242,0000,1216,106,2024-12-30 07:43:50.983509
26557,0000,1215,106,2024-12-30 07:43:50.999510
20341,0000,1215,106,2024-12-30 07:43:51.015524
29456,0000,1216,106,2024-12-30 07:43:51.031498
05399,0000,1215,106,2024-12-30 07:43:51.047499
05413,0000,1216,106,2024-12-30 07:43:51.078829
02710,0000,1215,106,2024-12-30 07:43:51.095483
04502,0000,1216,106,2024-12-30 07:43:51.111485
32273,0000,1215,106,2024-12-30 07:43:51.127502
45477,0000,1215,106,2024-12-30 07:43:51.143474
44077,0000,1216,106,2024-12-30 07:43:51.159476
48820,0000,1216,106,2024-12-30 07:43:51.175466
58552,0000,1215,106,2024-12-30 07:43:51.191471
03766,0000,1216,106,2024-12-30 07:43:51.207463
05374,0000,1216,106,2024-12-30 07:43:51.223480
56528,0000,1216,106,2024-12-30 07:43:51.255212
20225,0000,1215,106,2024-12-30 07:43:51.271453
05456,0000,1216,106,2024-12-30 07:43:51.287453
23869,0000,1216,106,2024-12-30 07:43:51.303440
21959,0000,1216,106,2024-12-30 07:43:51.319439
59875,0000,1216,106,2024-12-30 07:43:51.335455
05543,0000,1216,106,2024-12-30 07:43:51.351436
01694,0001,1216,106,2024-12-30 07:43:51.367431
48759,0001,1216,106,2024-12-30 07:43:51.383433
02299,0000,1216,106,2024-12-30 07:43:51.414842
47328,0000,1216,106,2024-12-30 07:43:51.431436
01510,0000,1216,106,2024-12-30 07:43:51.447412
04536,0000,1216,106,2024-12-30 07:43:51.463412
06334,0000,1216,106,2024-12-30 07:43:51.479407
05481,0000,1216,106,2024-12-30 07:43:51.495410
27577,0000,1216,106,2024-12-30 07:43:51.511411
06980,0000,1216,106,2024-12-30 07:43:51.527410
14713,0000,1216,106,2024-12-30 07:43:51.543411
64480,0000,1216,106,2024-12-30 07:43:51.559402
01758,0001,1216,106,2024-12-30 07:43:51.591230
06334,0000,1216,106,2024-12-30 07:43:51.607385
18745,0000,1216,106,2024-12-30 07:43:51.623384
55602,0000,1216,106,2024-12-30 07:43:51.639393
13851,0000,1216,106,2024-12-30 07:43:51.655380
05501,0000,1216,106,2024-12-30 07:43:51.671370
09373,0000,1216,106,2024-12-30 07:43:51.687374
00684,0000,1216,106,2024-12-30 07:43:51.703358
13839,0000,1216,106,2024-12-30 07:43:51.719357
27715,0001,1216,106,2024-12-30 07:43:51.750904
04477,0000,1216,106,2024-12-30 07:43:51.767358
03839,0000,1216,106,2024-12-30 07:43:51.783360
05010,0000,1216,106,2024-12-30 07:43:51.799361
04106,0000,1216,106,2024-12-30 07:43:51.815342
02265,0000,1216,106,2024-12-30 07:43:51.831343
25763,0000,1216,106,2024-12-30 07:43:51.847352
03877,0000,1216,106,2024-12-30 07:43:51.863339
24843,0000,1216,106,2024-12-30 07:43:51.879334
09077,0000,1216,106,2024-12-30 07:43:51.895335
06239,0000,1216,106,2024-12-30 07:43:51.927280
55963,0000,1216,106,2024-12-30 07:43:51.943320
09349,0000,1216,106,2024-12-30 07:43:51.959327
58372,0000,1216,106,2024-12-30 07:43:51.975320
56576,0000,1216,106,2024-12-30 07:43:51.991322
13244,0000,1215,106,2024-12-30 07:43:52.007306
28656,0000,1215,106,2024-12-30 07:43:52.023311
14801,0000,1216,106,2024-12-30 07:43:52.039308
04025,0000,1216,106,2024-12-30 07:43:52.055323
02093,0000,1216,106,2024-12-30 07:43:52.086887
28819,0000,1216,106,2024-12-30 07:43:52.103294
04543,0000,1216,106,2024-12-30 07:43:52.119289
00992,0001,1216,106,2024-12-30 07:43:52.135288
00928,0000,1216,106,2024-12-30 07:43:52.151274
05552,0000,1216,106,2024-12-30 07:43:52.167299
00008,0000,1216,106,2024-12-30 07:43:52.183284
00869,0001,1216,106,2024-12-30 07:43:52.199283
03789,0000,1216,106,2024-12-30 07:43:52.215285
04687,0000,1216,106,2024-12-30 07:43:52.231289
04652,0000,1216,106,2024-12-30 07:43:52.263431
03872,0000,1216,106,2024-12-30 07:43:52.279415
09291,0000,1216,106,2024-12-30 07:43:52.295305
39379,0000,1215,106,2024-12-30 07:43:52.311310
01506,0000,1216,106,2024-12-30 07:43:52.327300
10997,0000,1216,106,2024-12-30 07:43:52.343298
01948,0000,1216,106,2024-12-30 07:43:52.359302
04094,0000,1216,106,2024-12-30 07:43:52.375232
29270,0000,1216,106,2024-12-30 07:43:52.391232
42474,0000,1216,106,2024-12-30 07:43:52.422930
03789,0000,1216,106,2024-12-30 07:43:52.439223
28651,0000,1216,106,2024-12-30 07:43:52.455228
34828,0000,1216,106,2024-12-30 07:43:52.471214
24859,0000,1216,106,2024-12-30 07:43:52.487230
25577,0000,1216,106,2024-12-30 07:43:52.503207
55983,0001,1216,106,2024-12-30 07:43:52.519207
04434,0000,1216,106,2024-12-30 07:43:52.535202
25702,0000,1216,106,2024-12-30 07:43:52.551210
00795,0000,1216,106,2024-12-30 07:43:52.582562
01549,0000,1216,106,2024-12-30 07:43:52.599190
00080,0000,1216,106,2024-12-30 07:43:52.615178
00171,0000,1216,106,2024-12-30 07:43:52.631179
32313,0000,1216,106,2024-12-30 07:43:52.647179
42989,0000,1216,106,2024-12-30 07:43:52.663176
56015,0001,1216,106,2024-12-30 07:43:52.679176
03126,0000,1216,106,2024-12-30 07:43:52.695172
04740,0000,1216,106,2024-12-30 07:43:52.711163
22477,0000,1216,106,2024-12-30 07:43:52.727166
16257,0000,1216,106,2024-12-30 07:43:52.758945
01825,0000,1216,106,2024-12-30 07:43:52.775158
10086,0000,1216,106,2024-12-30 07:43:52.791162
24175,0000,1216,106,2024-12-30 07:43:52.807149
13863,0000,1216,106,2024-12-30 07:43:52.823155
39813,0000,1216,106,2024-12-30 07:43:52.839139
15533,0000,1216,106,2024-12-30 07:43:52.855137
18937,0000,1216,106,2024-12-30 07:43:52.871140
04620,0000,1216,106,2024-12-30 07:43:52.887140
04588,0000,1216,106,2024-12-30 07:43:52.918588
01836,0000,1216,106,2024-12-30 07:43:52.935137
03810,0000,1216,106,2024-12-30 07:43:52.951137
02877,0000,1216,106,2024-12-30 07:43:52.967138
25023,0001,1216,106,2024-12-30 07:43:52.983129
03909,0000,1216,106,2024-12-30 07:43:52.999127
19362,0000,1215,106,2024-12-30 07:43:53.015120
21772,0000,1216,106,2024-12-30 07:43:53.031122
43289,0000,1216,106,2024-12-30 07:43:53.047106
44796,0000,1216,106,2024-12-30 07:43:53.063104
04801,0000,1216,106,2024-12-30 07:43:53.094994
02966,0000,1216,106,2024-12-30 07:43:53.111098
01513,0000,1216,106,2024-12-30 07:43:53.127090
05540,0000,1216,106,2024-12-30 07:43:53.143091
00758,0001,1217,106,2024-12-30 07:43:53.159084
05449,0000,1216,106,2024-12-30 07:43:53.175087
05382,0000,1216,106,2024-12-30 07:43:53.191084
00974,0001,1216,106,2024-12-30 07:43:53.207077
11639,0000,1216,106,2024-12-30 07:43:53.223071
04551,0000,1216,106,2024-12-30 07:43:53.254635
00771,0000,1216,106,2024-12-30 07:43:53.271070
05435,0000,1216,106,2024-12-30 07:43:53.287061
03625,0001,1216,106,2024-12-30 07:43:53.303067
00791,0000,1216,106,2024-12-30 07:43:53.319061
61101,0000,1216,106,2024-12-30 07:43:53.335060
10177,0000,1216,106,2024-12-30 07:43:53.351065
29466,0000,1216,106,2024-12-30 07:43:53.367045
33773,0000,1216,106,2024-12-30 07:43:53.383045
31736,0000,1216,106,2024-12-30 07:43:53.399038
04550,0000,1216,106,2024-12-30 07:43:53.431011
24828,0000,1216,106,2024-12-30 07:43:53.447034
04717,0000,1216,106,2024-12-30 07:43:53.463029
55742,0000,1216,106,2024-12-30 07:43:53.479033
03805,0000,1216,106,2024-12-30 07:43:53.495021
22591,0000,1216,106,2024-12-30 07:43:53.511022
04182,0000,1216,106,2024-12-30 07:43:53.527013
05475,0000,1216,106,2024-12-30 07:43:53.543016
03908,0000,1216,106,2024-12-30 07:43:53.559010
04747,0000,1217,106,2024-12-30 07:43:53.590637
13888,0000,1216,106,2024-12-30 07:43:53.607011
06968,0000,1216,106,2024-12-30 07:43:53.623002
02992,0000,1216,106,2024-12-30 07:43:53.638993
10967,0000,1216,106,2024-12-30 07:43:53.654995
56894,0000,1216,106,2024-12-30 07:43:53.670996
11870,0000,1216,106,2024-12-30 07:43:53.686987
00141,0000,1216,106,2024-12-30 07:43:53.702979
03912,0000,1216,106,2024-12-30 07:43:53.718980
35499,0000,1216,106,2024-12-30 07:43:53.750298
31254,0000,1216,106,2024-12-30 07:43:53.766972
52392,0000,1216,106,2024-12-30 07:43:53.782974
00082,0000,1216,106,2024-12-30 07:43:53.798970
13790,0000,1216,106,2024-12-30 07:43:53.814969
17595,0000,1216,106,2024-12-30 07:43:53.830962
03873,0000,1216,106,2024-12-30 07:43:53.846969
01401,0000,1216,106,2024-12-30 07:43:53.862961
24917,0001,1216,106,2024-12-30 07:43:53.878966
50698,0000,1216,106,2024-12-30 07:43:53.894950
03768,0000,1216,106,2024-12-30 07:43:53.926683
00087,0000,1216,106,2024-12-30 07:43:53.942948
04683,0000,1216,106,2024-12-30 07:43:53.958936
02603,0000,1216,106,2024-12-30 07:43:53.974931
00928,0000,1216,106,2024-12-30 07:43:53.990934
32314,0000,1216,106,2024-12-30 07:43:54.006920
53933,0000,1216,106,2024-12-30 07:43:54.022926
23063,0000,1216,106,2024-12-30 07:43:54.038922
02041,0000,1216,106,2024-12-30 07:43:54.054922
00983,0000,1216,106,2024-12-30 07:43:54.086292
23307,0000,1216,106,2024-12-30 07:43:54.102903
10220,0000,1216,106,2024-12-30 07:43:54.118909
53032,0000,1216,106,2024-12-30 07:43:54.134905
05408,0000,1216,106,2024-12-30 07:43:54.150919
00795,0000,1216,106,2024-12-30 07:43:54.166897
17018,0000,1216,106,2024-12-30 07:43:54.182892
05499,0000,1216,106,2024-12-30 07:43:54.198887
48073,0000,1216,106,2024-12-30 07:43:54.214880
07765,0000,1216,106,2024-12-30 07:43:54.230884
00780,0000,1216,106,2024-12-30 07:43:54.262724
00770,0000,1216,106,2024-12-30 07:43:54.278889
00014,0000,1216,106,2024-12-30 07:43:54.294894
04540,0000,1216,106,2024-12-30 07:43:54.310865
02223,0000,1217,106,2024-12-30 07:43:54.326866
04751,0000,1216,106,2024-12-30 07:43:54.342870
00790,0000,1216,106,2024-12-30 07:43:54.358878
06995,0000,1216,106,2024-12-30 07:43:54.374877
63548,0000,1216,106,2024-12-30 07:43:54.390869
03215,0000,1216,106,2024-12-30 07:43:54.422332
63231,0000,1216,106,2024-12-30 07:43:54.438844
42404,0000,1216,106,2024-12-30 07:43:54.454841
52541,0000,1216,106,2024-12-30 07:43:54.470839
04650,0001,1216,106,2024-12-30 07:43:54.486834
08521,0000,1216,106,2024-12-30 07:43:54.502831
29438,0000,1217,106,2024-12-30 07:43:54.518833
25888,0000,1217,106,2024-12-30 07:43:54.534834
00912,0000,1217,106,2024-12-30 07:43:54.550816
17240,0000,1216,106,2024-12-30 07:43:54.566825
14786,0000,1216,106,2024-12-30 07:43:54.598724
38765,0000,1216,106,2024-12-30 07:43:54.614810
03095,0000,1216,106,2024-12-30 07:43:54.630810
03834,0000,1216,106,2024-12-30 07:43:54.646809
02877,0000,1216,106,2024-12-30 07:43:54.662803
00997,0000,1217,106,2024-12-30 07:43:54.678794
20342,0000,1216,106,2024-12-30 07:43:54.694796
11765,0000,1216,106,2024-12-30 07:43:54.710787
02284,0000,1217,106,2024-12-30 07:43:54.726790
26615,0001,1216,106,2024-12-30 07:43:54.758376
04972,0000,1216,106,2024-12-30 07:43:54.774776
09261,0000,1217,106,2024-12-30 07:43:54.790770
41169,0000,1217,106,2024-12-30 07:43:54.806773
02752,0000,1217,106,2024-12-30 07:43:54.822768
33034,0000,1216,106,2024-12-30 07:43:54.838768
53911,0000,1217,106,2024-12-30 07:43:54.854755
00296,0000,1216,106,2024-12-30 07:43:54.870758
05393,0000,1217,106,2024-12-30 07:43:54.886754
03971,0000,1216,106,2024-12-30 07:43:54.902751
38631,0000,1217,106,2024-12-30 07:43:54.934760
37025,0000,1216,106,2024-12-30 07:43:54.950735
28805,0000,1216,106,2024-12-30 07:43:54.966737
46309,0000,1217,106,2024-12-30 07:43:54.982734
00731,0000,1217,106,2024-12-30 07:43:54.998738
49045,0000,1217,106,2024-12-30 07:43:55.014725
00840,0000,1217,106,2024-12-30 07:43:55.030727
30207,0000,1216,106,2024-12-30 07:43:55.046722
04701,0000,1217,106,2024-12-30 07:43:55.062715
05211,0000,1217,106,2024-12-30 07:43:55.094376
05453,0001,1217,106,2024-12-30 07:43:55.110720
04694,0000,1217,106,2024-12-30 07:43:55.126708
21900,0000,1217,106,2024-12-30 07:43:55.142710
01524,0000,1217,106,2024-12-30 07:43:55.158700
37688,0000,1217,106,2024-12-30 07:43:55.174702
00896,0000,1217,106,2024-12-30 07:43:55.190692
10939,0000,1217,106,2024-12-30 07:43:55.206695
04605,0000,1216,106,2024-12-30 07:43:55.222690
27626,0000,1217,106,2024-12-30 07:43:55.254010
03749,0000,1216,106,2024-12-30 07:43:55.270685
42552,0001,1217,106,2024-12-30 07:43:55.286674
00138,0000,1217,106,2024-12-30 07:43:55.302683
02850,0000,1217,106,2024-12-30 07:43:55.318680
00746,0000,1217,106,2024-12-30 07:43:55.334677
16524,0000,1217,106,2024-12-30 07:43:55.350682
04642,0000,1216,106,2024-12-30 07:43:55.366681
05310,0000,1217,106,2024-12-30 07:43:55.382683
05457,0000,1216,106,2024-12-30 07:43:55.398687
03840,0000,1216,106,2024-12-30 07:43:55.430440
00735,0000,1217,106,2024-12-30 07:43:55.446692
53857,0000,1217,106,2024-12-30 07:43:55.462699
07586,0001,1217,106,2024-12-30 07:43:55.478700
16390,0000,1217,106,2024-12-30 07:43:55.494699
15503,0000,1217,106,2024-12-30 07:43:55.510625
53999,0000,1217,106,2024-12-30 07:43:55.526632
03880,0000,1217,106,2024-12-30 07:43:55.542619
61595,0000,1216,106,2024-12-30 07:43:55.558622
39461,0000,1217,106,2024-12-30 07:43:55.590049
01625,0000,1217,106,2024-12-30 07:43:55.606607
49675,0000,1217,106,2024-12-30 07:43:55.622613
00942,0000,1217,106,2024-12-30 07:43:55.638602
58582,0000,1217,106,2024-12-30 07:43:55.654606
05478,0001,1217,106,2024-12-30 07:43:55.670599
02577,0000,1216,106,2024-12-30 07:43:55.686602
00126,0000,1216,106,2024-12-30 07:43:55.702603
20577,0000,1217,106,2024-12-30 07:43:55.718591
14771,0000,1217,106,2024-12-30 07:43:55.734592
00821,0001,1217,106,2024-12-30 07:43:55.766433
04397,0000,1217,106,2024-12-30 07:43:55.782580
00062,0000,1217,106,2024-12-30 07:43:55.798579
61905,0000,1217,106,2024-12-30 07:43:55.814573
04497,0000,1217,106,2024-12-30 07:43:55.830575
63635,0000,1217,106,2024-12-30 07:43:55.846563
49082,0001,1217,106,2024-12-30 07:43:55.862566
13728,0000,1217,106,2024-12-30 07:43:55.878558
35312,0000,1217,106,2024-12-30 07:43:55.894561
22514,0000,1217,106,2024-12-30 07:43:55.926070
08475,0000,1217,106,2024-12-30 07:43:55.942548
48280,0000,1217,106,2024-12-30 07:43:55.958548
04611,0000,1217,106,2024-12-30 07:43:55.974536
05379,0000,1217,106,2024-12-30 07:43:55.990539
13032,0000,1217,106,2024-12-30 07:43:56.006536
06344,0000,1217,106,2024-12-30 07:43:56.022536
27812,0000,1217,106,2024-12-30 07:43:56.038527
05555,0000,1217,106,2024-12-30 07:43:56.054523
13941,0000,1217,106,2024-12-30 07:43:56.070523
64507,0001,1217,106,2024-12-30 07:43:56.102478
17598,0000,1217,106,2024-12-30 07:43:56.118512
00883,0000,1217,106,2024-12-30 07:43:56.134514
23264,0000,1217,106,2024-12-30 07:43:56.150498
04633,0000,1217,106,2024-12-30 07:43:56.166507
40321,0000,1217,106,2024-12-30 07:43:56.182498
04584,0000,1217,106,2024-12-30 07:43:56.198502
04677,0000,1216,106,2024-12-30 07:43:56.214501
04672,0000,1217,106,2024-12-30 07:43:56.230501
04658,0001,1217,106,2024-12-30 07:43:56.262101
02876,0000,1217,106,2024-12-30 07:43:56.278489
01879,0000,1217,106,2024-12-30 07:43:56.294484
58475,0000,1217,106,2024-12-30 07:43:56.310491
08604,0000,1217,106,2024-12-30 07:43:56.326472
02966,0000,1217,106,2024-12-30 07:43:56.342473
02407,0000,1217,106,2024-12-30 07:43:56.358462
00856,0000,1217,106,2024-12-30 07:43:56.374469
01558,0000,1217,106,2024-12-30 07:43:56.390452
04699,0000,1217,106,2024-12-30 07:43:56.406460
21836,0000,1217,106,2024-12-30 07:43:56.438451
05483,0000,1217,106,2024-12-30 07:43:56.454455
01830,0001,1217,106,2024-12-30 07:43:56.470453
23227,0000,1217,106,2024-12-30 07:43:56.486456
24279,0000,1217,106,2024-12-30 07:43:56.502433
01909,0001,1217,106,2024-12-30 07:43:56.518431
05465,0000,1217,106,2024-12-30 07:43:56.534423
01513,0000,1217,106,2024-12-30 07:43:56.550424
09933,0000,1217,106,2024-12-30 07:43:56.566420
44620,0000,1217,106,2024-12-30 07:43:56.598128
04478,0000,1217,106,2024-12-30 07:43:56.614415
03900,0000,1217,106,2024-12-30 07:43:56.630409
01543,0000,1217,106,2024-12-30 07:43:56.646411
10078,0000,1217,106,2024-12-30 07:43:56.662404
04629,0000,1217,106,2024-12-30 07:43:56.678402
05400,0000,1217,106,2024-12-30 07:43:56.694400
23243,0001,1217,106,2024-12-30 07:43:56.710398
57394,0000,1217,106,2024-12-30 07:43:56.726395
00138,0000,1217,106,2024-12-30 07:43:56.757768
03822,0000,1217,106,2024-12-30 07:43:56.774387
40767,0000,1217,106,2024-12-30 07:43:56.790372
09128,0000,1217,106,2024-12-30 07:43:56.806377
00766,0001,1217,106,2024-12-30 07:43:56.822367
27749,0000,1217,106,2024-12-30 07:43:56.838369
05524,0000,1217,106,2024-12-30 07:43:56.854361
21082,0000,1217,106,2024-12-30 07:43:56.870367
01518,0000,1217,106,2024-12-30 07:43:56.886361
43331,0000,1217,106,2024-12-30 07:43:56.902345
15583,0000,1217,106,2024-12-30 07:43:56.934145
02223,0000,1217,106,2024-12-30 07:43:56.950349
02769,0000,1217,106,2024-12-30 07:43:56.966340
30450,0000,1217,106,2024-12-30 07:43:56.982341
50059,0000,1217,106,2024-12-30 07:43:56.998336
-0019,0000,1217,106,2024-12-30 07:43:57.014339
00716,0000,1217,106,2024-12-30 07:43:57.030323
00760,0000,1217,106,2024-12-30 07:43:57.046329
40393,0000,1217,106,2024-12-30 07:43:57.062320
02629,0000,1217,106,2024-12-30 07:43:57.093772
24037,0000,1218,106,2024-12-30 07:43:57.110315
06479,0000,1217,106,2024-12-30 07:43:57.126308
04728,0000,1217,106,2024-12-30 07:43:57.142309
00854,0000,1217,106,2024-12-30 07:43:57.158308
01853,0001,1217,106,2024-12-30 07:43:57.174306
01150,0000,1217,106,2024-12-30 07:43:57.190296
02529,0000,1217,106,2024-12-30 07:43:57.206289
14809,0000,1217,106,2024-12-30 07:43:57.222295
09398,0000,1217,106,2024-12-30 07:43:57.238292
68350,0000,1217,106,2024-12-30 07:43:57.270183
14758,0000,1217,106,2024-12-30 07:43:57.286299
01573,0000,1217,106,2024-12-30 07:43:57.302287
01688,0000,1217,106,2024-12-30 07:43:57.318280
21235,0000,1217,106,2024-12-30 07:43:57.334271
57496,0000,1217,106,2024-12-30 07:43:57.350268
13932,0000,1217,106,2024-12-30 07:43:57.366266
14593,0000,1217,106,2024-12-30 07:43:57.382257
04694,0000,1218,106,2024-12-30 07:43:57.398260
04531,0000,1217,106,2024-12-30 07:43:57.429814
19348,0000,1217,106,2024-12-30 07:43:57.446249
53965,0000,1217,106,2024-12-30 07:43:57.462248
13940,0000,1217,106,2024-12-30 07:43:57.478236
26496,0000,1217,106,2024-12-30 07:43:57.494246
01527,0000,1218,106,2024-12-30 07:43:57.510236
56806,0000,1217,106,2024-12-30 07:43:57.526237
24871,0000,1217,106,2024-12-30 07:43:57.542230
05489,0001,1217,106,2024-12-30 07:43:57.558229
42477,0000,1217,106,2024-12-30 07:43:57.574222
46421,0000,1217,106,2024-12-30 07:43:57.606192
36986,0000,1217,106,2024-12-30 07:43:57.622220
04610,0000,1217,106,2024-12-30 07:43:57.638210
11896,0000,1217,106,2024-12-30 07:43:57.654213
23955,0000,1217,106,2024-12-30 07:43:57.670204
03110,0000,1217,106,2024-12-30 07:43:57.686196
05397,0000,1217,106,2024-12-30 07:43:57.702195
54824,0000,1217,106,2024-12-30 07:43:57.718193
34117,0000,1217,106,2024-12-30 07:43:57.734195
04510,0000,1217,106,2024-12-30 07:43:57.765846
59094,0000,1217,106,2024-12-30 07:43:57.782190
02739,0000,1217,106,2024-12-30 07:43:57.798184
10109,0000,1217,106,2024-12-30 07:43:57.814171
08291,0000,1217,106,2024-12-30 07:43:57.830174
61080,0000,1217,106,2024-12-30 07:43:57.846170
60936,0000,1217,106,2024-12-30 07:43:57.862172
03312,0000,1217,106,2024-12-30 07:43:57.878162
03772,0000,1217,106,2024-12-30 07:43:57.894164
39450,0000,1217,106,2024-12-30 07:43:57.925495
65346,0000,1217,106,2024-12-30 07:43:57.942150
17636,0001,1217,106,2024-12-30 07:43:57.958150
50851,0001,1217,106,2024-12-30 07:43:57.974144
60284,0001,1217,106,2024-12-30 07:43:57.990135
58506,0000,1217,106,2024-12-30 07:43:58.006144
19461,0000,1217,106,2024-12-30 07:43:58.022132
04711,0000,1217,106,2024-12-30 07:43:58.038136
66176,0000,1217,106,2024-12-30 07:43:58.054134
11173,0000,1218,106,2024-12-30 07:43:58.070140
10090,0000,1218,106,2024-12-30 07:43:58.101874
53889,0000,1217,106,2024-12-30 07:43:58.118121
23972,0000,1218,106,2024-12-30 07:43:58.134117
21928,0000,1218,106,2024-12-30 07:43:58.150108
05389,0000,1217,106,2024-12-30 07:43:58.166110
00034,0000,1217,106,2024-12-30 07:43:58.182109
02884,0000,1218,106,2024-12-30 07:43:58.198111
03497,0000,1217,106,2024-12-30 07:43:58.214098
04690,0001,1217,106,2024-12-30 07:43:58.230098
48258,0000,1217,106,2024-12-30 07:43:58.261519
00087,0001,1218,106,2024-12-30 07:43:58.278087
05452,0000,1218,106,2024-12-30 07:43:58.294089
24865,0001,1217,106,2024-12-30 07:43:58.310092
10175,0001,1218,106,2024-12-30 07:43:58.326083
02358,0000,1217,106,2024-12-30 07:43:58.342077
13979,0000,1218,106,2024-12-30 07:43:58.358067
02235,0000,1218,106,2024-12-30 07:43:58.374070
03765,0000,1218,106,2024-12-30 07:43:58.390062
28087,0000,1217,106,2024-12-30 07:43:58.406062
03822,0001,1217,106,2024-12-30 07:43:58.437914
04671,0000,1217,106,2024-12-30 07:43:58.454067
05463,0000,1217,106,2024-12-30 07:43:58.470064
04844,0000,1218,106,2024-12-30 07:43:58.486061
06204,0000,1217,106,2024-12-30 07:43:58.502070
01129,0000,1217,106,2024-12-30 07:43:58.518071
55625,0000,1218,106,2024-12-30 07:43:58.534072
04907,0000,1218,106,2024-12-30 07:43:58.550072
02806,0000,1217,106,2024-12-30 07:43:58.566073
03794,0000,1217,106,2024-12-30 07:43:58.597574
03753,0001,1218,106,2024-12-30 07:43:58.614077
14096,0000,1217,106,2024-12-30 07:43:58.630074
01770,0000,1217,106,2024-12-30 07:43:58.646079
51584,0000,1218,106,2024-12-30 07:43:58.662010
24047,0000,1218,106,2024-12-30 07:43:58.678001
00127,0000,1218,106,2024-12-30 07:43:58.694000
03044,0001,1218,106,2024-12-30 07:43:58.710007
59831,0000,1218,106,2024-12-30 07:43:58.725995
21008,0000,1217,106,2024-12-30 07:43:58.741996
00760,0000,1218,106,2024-12-30 07:43:58.773912
19576,0000,1217,106,2024-12-30 07:43:58.789987
58551,0000,1218,106,2024-12-30 07:43:58.805976
20926,0000,1217,106,2024-12-30 07:43:58.821982
14700,0000,1217,106,2024-12-30 07:43:58.837980
18607,0000,1217,106,2024-12-30 07:43:58.853985
06197,0000,1218,106,2024-12-30 07:43:58.869968
00764,0000,1218,106,2024-12-30 07:43:58.885966
26908,0000,1218,106,2024-12-30 07:43:58.901963
21093,0000,1218,106,2024-12-30 07:43:58.933564
04860,0000,1218,106,2024-12-30 07:43:58.949956
29564,0000,1217,106,2024-12-30 07:43:58.965958
28145,0000,1217,106,2024-12-30 07:43:58.981952
39407,0000,1218,106,2024-12-30 07:43:58.997948
11695,0001,1218,106,2024-12-30 07:43:59.013939
05385,0000,1218,106,2024-12-30 07:43:59.029943
04652,0000,1218,106,2024-12-30 07:43:59.045933
14680,0001,1218,106,2024-12-30 07:43:59.061939
05470,0000,1217,106,2024-12-30 07:43:59.077931
35952,0000,1218,106,2024-12-30 07:43:59.109925
33660,0000,1218,106,2024-12-30 07:43:59.125922
00755,0000,1217,106,2024-12-30 07:43:59.141916
04649,0000,1218,106,2024-12-30 07:43:59.157913
05504,0001,1218,106,2024-12-30 07:43:59.173907
04635,0000,1218,106,2024-12-30 07:43:59.189908
61585,0001,1217,106,2024-12-30 07:43:59.205905
04646,0000,1218,106,2024-12-30 07:43:59.221907
05144,0000,1218,106,2024-12-30 07:43:59.237925
00834,0000,1217,106,2024-12-30 07:43:59.269598
09188,0000,1217,106,2024-12-30 07:43:59.285891
04719,0000,1218,106,2024-12-30 07:43:59.301901
05402,0001,1218,106,2024-12-30 07:43:59.317885
58445,0000,1217,106,2024-12-30 07:43:59.333888
03006,0000,1218,106,2024-12-30 07:43:59.349886
04685,0000,1218,106,2024-12-30 07:43:59.365866
45439,0000,1218,106,2024-12-30 07:43:59.381869
04699,0000,1218,106,2024-12-30 07:43:59.397862
61714,0000,1218,106,2024-12-30 07:43:59.429209
05436,0000,1217,106,2024-12-30 07:43:59.445855
24108,0000,1218,106,2024-12-30 07:43:59.461853
33920,0000,1218,106,2024-12-30 07:43:59.477848
23916,0000,1218,106,2024-12-30 07:43:59.493841
03897,0000,1218,106,2024-12-30 07:43:59.509846
57318,0000,1218,106,2024-12-30 07:43:59.525839
04626,0000,1218,106,2024-12-30 07:43:59.541838
49673,0000,1217,106,2024-12-30 07:43:59.557835
11672,0000,1218,106,2024-12-30 07:43:59.573832
05506,0000,1218,106,2024-12-30 07:43:59.605600
29324,0000,1218,106,2024-12-30 07:43:59.621828
04629,0001,1218,106,2024-12-30 07:43:59.637811
05536,0000,1218,106,2024-12-30 07:43:59.653818
59228,0000,1218,106,2024-12-30 07:43:59.669810
05437,0000,1218,106,2024-12-30 07:43:59.685812
26481,0000,1218,106,2024-12-30 07:43:59.701801
03123,0000,1218,106,2024-12-30 07:43:59.717802
53998,0000,1218,106,2024-12-30 07:43:59.733803
24280,0000,1218,106,2024-12-30 07:43:59.765249
03921,0000,1218,106,2024-12-30 07:43:59.781796
01581,0000,1218,106,2024-12-30 07:43:59.797784
05412,0000,1218,106,2024-12-30 07:43:59.813790
19405,0000,1217,106,2024-12-30 07:43:59.829776
39081,0000,1218,106,2024-12-30 07:43:59.845782
03773,0001,1218,106,2024-12-30 07:43:59.861773
56907,0000,1218,106,2024-12-30 07:43:59.877776
00744,0000,1218,106,2024-12-30 07:43:59.893764
53382,0000,1218,106,2024-12-30 07:43:59.909776
01712,0000,1218,106,2024-12-30 07:43:59.941642
23270,0000,1218,106,2024-12-30 07:43:59.957762
61078,0001,1217,106,2024-12-30 07:43:59.973751
04627,0000,1218,106,2024-12-30 07:43:59.989751
04700,0000,1218,106,2024-12-30 07:44:00.005752
05400,0000,1218,106,2024-12-30 07:44:00.021758
02164,0000,1218,106,2024-12-30 07:44:00.037737
04486,0000,1218,106,2024-12-30 07:44:00.053737
12505,0000,1218,106,2024-12-30 07:44:00.069733
05466,0000,1218,106,2024-12-30 07:44:00.101271
62558,0000,1218,106,2024-12-30 07:44:00.117723
05430,0001,1218,106,2024-12-30 07:44:00.133728
03889,0000,1218,106,2024-12-30 07:44:00.149717
07073,0000,1218,106,2024-12-30 07:44:00.165720
05428,0000,1218,106,2024-12-30 07:44:00.181711
45772,0000,1218,106,2024-12-30 07:44:00.197716
02774,0000,1218,106,2024-12-30 07:44:00.213701
37885,0000,1218,106,2024-12-30 07:44:00.229715
28810,0000,1218,106,2024-12-30 07:44:00.245801
15628,0000,1218,106,2024-12-30 07:44:00.277660
02690,0000,1218,106,2024-12-30 07:44:00.293693
66657,0000,1218,106,2024-12-30 07:44:00.309709
03068,0000,1218,106,2024-12-30 07:44:00.325690
04699,0000,1218,106,2024-12-30 07:44:00.341682
11800,0000,1218,106,2024-12-30 07:44:00.357695
13944,0000,1218,106,2024-12-30 07:44:00.373690
37558,0000,1218,106,2024-12-30 07:44:00.389703
24848,0000,1218,106,2024-12-30 07:44:00.405693
29362,0000,1218,106,2024-12-30 07:44:00.437316
01730,0000,1218,106,2024-12-30 07:44:00.453664
02828,0000,1218,106,2024-12-30 07:44:00.469654
01860,0000,1218,106,2024-12-30 07:44:00.485653
01740,0000,1218,106,2024-12-30 07:44:00.501653
31092,0000,1218,106,2024-12-30 07:44:00.517650
32085,0000,1218,106,2024-12-30 07:44:00.533656
04999,0000,1218,106,2024-12-30 07:44:00.549642
63295,0000,1218,106,2024-12-30 07:44:00.565641
10203,0000,1218,106,2024-12-30 07:44:00.581631
39895,0000,1218,106,2024-12-30 07:44:00.613625
03623,0001,1218,106,2024-12-30 07:44:00.629624
34449,0000,1218,106,2024-12-30 07:44:00.645622
24789,0001,1218,106,2024-12-30 07:44:00.661617
19283,0000,1218,106,2024-12-30 07:44:00.677617
11679,0000,1218,106,2024-12-30 07:44:00.693618
63333,0000,1218,106,2024-12-30 07:44:00.709610
29539,0000,1218,106,2024-12-30 07:44:00.725605
06514,0000,1218,106,2024-12-30 07:44:00.741618
04656,0000,1218,106,2024-12-30 07:44:00.773336
00750,0000,1218,106,2024-12-30 07:44:00.789602
02585,0000,1218,106,2024-12-30 07:44:00.805603
15648,0000,1218,106,2024-12-30 07:44:00.821584
04505,0000,1218,106,2024-12-30 07:44:00.837573
03855,0000,1218,106,2024-12-30 07:44:00.853585
05445,0000,1218,106,2024-12-30 07:44:00.869570
28548,0000,1218,106,2024-12-30 07:44:00.885575
03512,0000,1218,106,2024-12-30 07:44:00.901573
29581,0001,1218,106,2024-12-30 07:44:00.932967
00719,0000,1218,106,2024-12-30 07:44:00.949567
28545,0000,1218,106,2024-12-30 07:44:00.965559
04563,0000,1218,106,2024-12-30 07:44:00.981554
04599,0000,1218,106,2024-12-30 07:44:00.997546
05447,0000,1218,106,2024-12-30 07:44:01.013553
04698,0000,1218,106,2024-12-30 07:44:01.029543
01082,0000,1218,106,2024-12-30 07:44:01.045548
02748,0000,1218,106,2024-12-30 07:44:01.061538
18462,0000,1218,106,2024-12-30 07:44:01.077542
24689,0000,1218,106,2024-12-30 07:44:01.109353
05181,0000,1218,106,2024-12-30 07:44:01.125533
02196,0000,1218,106,2024-12-30 07:44:01.141531
05387,0000,1218,106,2024-12-30 07:44:01.157525
51751,0000,1218,106,2024-12-30 07:44:01.173523
50014,0000,1218,106,2024-12-30 07:44:01.189529
13976,0000,1218,106,2024-12-30 07:44:01.205508
04469,0000,1218,106,2024-12-30 07:44:01.221507
25068,0000,1218,106,2024-12-30 07:44:01.237510
05523,0000,1218,106,2024-12-30 07:44:01.268990
37867,0000,1218,106,2024-12-30 07:44:01.285498
01712,0000,1218,106,2024-12-30 07:44:01.301506
01029,0000,1218,106,2024-12-30 07:44:01.317507
16374,0000,1218,106,2024-12-30 07:44:01.333487
29510,0000,1218,106,2024-12-30 07:44:01.349492
04587,0000,1218,106,2024-12-30 07:44:01.365483
13920,0000,1219,106,2024-12-30 07:44:01.381482
19231,0000,1218,106,2024-12-30 07:44:01.397475
16219,0000,1218,106,2024-12-30 07:44:01.413478
30637,0000,1218,106,2024-12-30 07:44:01.445374
58128,0000,1218,106,2024-12-30 07:44:01.461463
56596,0000,1218,106,2024-12-30 07:44:01.477467
58130,0001,1218,106,2024-12-30 07:44:01.493455
33183,0000,1218,106,2024-12-30 07:44:01.509461
06280,0000,1218,106,2024-12-30 07:44:01.525450
05497,0000,1219,106,2024-12-30 07:44:01.541445
45034,0001,1219,106,2024-12-30 07:44:01.557455
00007,0001,1218,106,2024-12-30 07:44:01.573446
19453,0000,1218,106,2024-12-30 07:44:01.605032
09923,0000,1218,106,2024-12-30 07:44:01.621452
00972,0000,1218,106,2024-12-30 07:44:01.637453
08459,0000,1218,106,2024-12-30 07:44:01.653451
20335,0000,1218,106,2024-12-30 07:44:01.669455
58983,0001,1218,106,2024-12-30 07:44:01.685463
46638,0000,1218,106,2024-12-30 07:44:01.701465
65262,0000,1218,106,2024-12-30 07:44:01.717465
01391,0000,1218,106,2024-12-30 07:44:01.733465
05470,0000,1218,106,2024-12-30 07:44:01.749472
25570,0000,1218,106,2024-12-30 07:44:01.781377
05443,0000,1218,106,2024-12-30 07:44:01.797405
09393,0001,1218,106,2024-12-30 07:44:01.813393
48334,0000,1218,106,2024-12-30 07:44:01.829395
01228,0000,1218,106,2024-12-30 07:44:01.845386
53392,0000,1218,106,2024-12-30 07:44:01.861376
25007,0000,1218,106,2024-12-30 07:44:01.877382
03771,0000,1218,106,2024-12-30 07:44:01.893368
04752,0000,1218,106,2024-12-30 07:44:01.909372
24269,0000,1218,106,2024-12-30 07:44:01.941033
24778,0000,1218,106,2024-12-30 07:44:01.957374
04567,0000,1218,106,2024-12-30 07:44:01.973372
10036,0000,1218,106,2024-12-30 07:44:01.989354
59913,0000,1218,106,2024-12-30 07:44:02.005359
09219,0000,1218,106,2024-12-30 07:44:02.021354
03898,0000,1218,106,2024-12-30 07:44:02.037348
12630,0000,1219,106,2024-12-30 07:44:02.053350
02190,0000,1218,106,2024-12-30 07:44:02.069340
08332,0000,1219,106,2024-12-30 07:44:02.100684
01762,0000,1218,106,2024-12-30 07:44:02.117333
00787,0000,1218,106,2024-12-30 07:44:02.133324
08535,0000,1219,106,2024-12-30 07:44:02.149328
12943,0000,1218,106,2024-12-30 07:44:02.165321
03023,0000,1219,106,2024-12-30 07:44:02.181324
32967,0000,1219,106,2024-12-30 07:44:02.197314
23825,0000,1219,106,2024-12-30 07:44:02.213318
02949,0000,1218,106,2024-12-30 07:44:02.229310
02483,0000,1219,106,2024-12-30 07:44:02.245322
00857,0000,1218,106,2024-12-30 07:44:02.277076
23830,0000,1219,106,2024-12-30 07:44:02.293295
04542,0000,1218,106,2024-12-30 07:44:02.309295
65835,0000,1219,106,2024-12-30 07:44:02.325291
10041,0000,1219,106,2024-12-30 07:44:02.341291
01829,0000,1218,106,2024-12-30 07:44:02.357299
05426,0001,1218,106,2024-12-30 07:44:02.373279
49882,0000,1219,106,2024-12-30 07:44:02.389283
19469,0000,1219,106,2024-12-30 07:44:02.405279
23152,0000,1218,106,2024-12-30 07:44:02.436707
61580,0000,1218,106,2024-12-30 07:44:02.453271
58970,0000,1219,106,2024-12-30 07:44:02.469264
59165,0000,1219,106,2024-12-30 07:44:02.485251
00897,0000,1219,106,2024-12-30 07:44:02.501258
07871,0000,1219,106,2024-12-30 07:44:02.517246
57643,0000,1219,106,2024-12-30 07:44:02.533247
09356,0000,1219,106,2024-12-30 07:44:02.549244
67551,0000,1218,106,2024-12-30 07:44:02.565242
06962,0000,1219,106,2024-12-30 07:44:02.581237
06190,0000,1218,106,2024-12-30 07:44:02.613082
05464,0001,1218,106,2024-12-30 07:44:02.629234
39911,0000,1218,106,2024-12-30 07:44:02.645226
27808,0000,1219,106,2024-12-30 07:44:02.661224
21100,0000,1219,106,2024-12-30 07:44:02.677222
47497,0000,1219,106,2024-12-30 07:44:02.693222
51371,0000,1219,106,2024-12-30 07:44:02.709212
51799,0000,1218,106,2024-12-30 07:44:02.725216
05468,0000,1219,106,2024-12-30 07:44:02.741223
14743,0000,1219,106,2024-12-30 07:44:02.772729
63641,0000,1219,106,2024-12-30 07:44:02.789204
19449,0000,1219,106,2024-12-30 07:44:02.805200
00915,0000,1219,106,2024-12-30 07:44:02.821200
44110,0000,1219,106,2024-12-30 07:44:02.837192
01531,0000,1219,106,2024-12-30 07:44:02.853194
39912,0000,1218,106,2024-12-30 07:44:02.869191
10137,0000,1219,106,2024-12-30 07:44:02.885179
00761,0000,1219,106,2024-12-30 07:44:02.901182
15564,0001,1219,106,2024-12-30 07:44:02.917174
47496,0000,1219,106,2024-12-30 07:44:02.949113
13833,0000,1219,106,2024-12-30 07:44:02.965177
10056,0000,1218,106,2024-12-30 07:44:02.981156
46649,0000,1219,106,2024-12-30 07:44:02.997167
50095,0001,1219,106,2024-12-30 07:44:03.013154
43987,0000,1219,106,2024-12-30 07:44:03.029162
08228,0000,1219,106,2024-12-30 07:44:03.045154
17359,0000,1219,106,2024-12-30 07:44:03.061158
05456,0000,1219,106,2024-12-30 07:44:03.077145
14838,0000,1219,106,2024-12-30 07:44:03.108751
00422,0000,1219,106,2024-12-30 07:44:03.125143
00099,0000,1218,106,2024-12-30 07:44:03.141139
42522,0000,1219,106,2024-12-30 07:44:03.157125
04705,0001,1219,106,2024-12-30 07:44:03.173131
46292,0000,1219,106,2024-12-30 07:44:03.189119
29404,0000,1219,106,2024-12-30 07:44:03.205119
51755,0000,1219,106,2024-12-30 07:44:03.221111
09068,0000,1219,106,2024-12-30 07:44:03.237135
10189,0001,1219,106,2024-12-30 07:44:03.253111
05488,0000,1219,106,2024-12-30 07:44:03.285100
05470,0000,1219,106,2024-12-30 07:44:03.301102
27775,0001,1219,106,2024-12-30 07:44:03.317091
16371,0000,1218,106,2024-12-30 07:44:03.333099
45748,0000,1219,106,2024-12-30 07:44:03.349090
03820,0000,1219,106,2024-12-30 07:44:03.365091
09199,0000,1219,106,2024-12-30 07:44:03.381087
18734,0000,1219,106,2024-12-30 07:44:03.397084
05453,0000,1219,106,2024-12-30 07:44:03.413081
23886,0001,1219,106,2024-12-30 07:44:03.444792
19992,0000,1219,106,2024-12-30 07:44:03.461064
02851,0000,1219,106,2024-12-30 07:44:03.477067
05445,0000,1219,106,2024-12-30 07:44:03.493069
03390,0000,1219,106,2024-12-30 07:44:03.509061
61962,0000,1219,106,2024-12-30 07:44:03.525063
16018,0001,1219,106,2024-12-30 07:44:03.541067
27555,0001,1219,106,2024-12-30 07:44:03.557051
00149,0000,1219,106,2024-12-30 07:44:03.573043
65833,0000,1219,106,2024-12-30 07:44:03.604412
11879,0000,1219,106,2024-12-30 07:44:03.621036
02483,0000,1219,106,2024-12-30 07:44:03.637040
19695,0000,1219,106,2024-12-30 07:44:03.653038
03740,0000,1219,106,2024-12-30 07:44:03.669027
02291,0000,1219,106,2024-12-30 07:44:03.685028
24236,0000,1219,106,2024-12-30 07:44:03.701023
05373,0000,1219,106,2024-12-30 07:44:03.717023
51715,0000,1219,106,2024-12-30 07:44:03.733013
02458,0000,1219,106,2024-12-30 07:44:03.749018
23305,0000,1219,106,2024-12-30 07:44:03.780814
00865,0000,1219,106,2024-12-30 07:44:03.796999
04802,0000,1218,106,2024-12-30 07:44:03.813012
14883,0000,1219,106,2024-12-30 07:44:03.828995
13115,0000,1219,106,2024-12-30 07:44:03.845005
55950,0000,1219,106,2024-12-30 07:44:03.860989
58596,0000,1219,106,2024-12-30 07:44:03.876990
02480,0000,1219,106,2024-12-30 07:44:03.892987
57277,0000,1219,106,2024-12-30 07:44:03.908987
45445,0000,1219,106,2024-12-30 07:44:03.940448
13450,0000,1219,106,2024-12-30 07:44:03.956975
04614,0000,1219,106,2024-12-30 07:44:03.972966
09246,0000,1219,106,2024-12-30 07:44:03.988967
09413,0000,1219,106,2024-12-30 07:44:04.004967
09335,0000,1219,106,2024-12-30 07:44:04.020960
05521,0000,1219,106,2024-12-30 07:44:04.036958
00119,0000,1219,106,2024-12-30 07:44:04.052957
00854,0000,1219,106,2024-12-30 07:44:04.068943
22698,0000,1219,106,2024-12-30 07:44:04.084948
09310,0000,1219,106,2024-12-30 07:44:04.116838
01766,0000,1219,106,2024-12-30 07:44:04.132932
03865,0000,1219,106,2024-12-30 07:44:04.148940
01756,0000,1219,106,2024-12-30 07:44:04.164931
13927,0000,1219,106,2024-12-30 07:44:04.180929
02413,0000,1219,106,2024-12-30 07:44:04.196925
16275,0000,1219,106,2024-12-30 07:44:04.212918
09882,0000,1219,106,2024-12-30 07:44:04.228916
04567,0000,1219,106,2024-12-30 07:44:04.244922
20281,0000,1219,106,2024-12-30 07:44:04.276472
13906,0000,1219,106,2024-12-30 07:44:04.292911
45513,0000,1219,106,2024-12-30 07:44:04.308922
63672,0000,1219,106,2024-12-30 07:44:04.324912
13115,0001,1219,106,2024-12-30 07:44:04.340897
09342,0000,1219,106,2024-12-30 07:44:04.356897
14658,0000,1219,106,2024-12-30 07:44:04.372893
10092,0000,1219,106,2024-12-30 07:44:04.388894
04521,0000,1219,106,2024-12-30 07:44:04.404883
09343,0000,1219,106,2024-12-30 07:44:04.420883
02524,0000,1219,106,2024-12-30 07:44:04.452872
03969,0000,1219,106,2024-12-30 07:44:04.468871
04626,0000,1219,106,2024-12-30 07:44:04.484866
00962,0000,1219,106,2024-12-30 07:44:04.500866
14000,0001,1219,106,2024-12-30 07:44:04.516857
11711,0000,1219,106,2024-12-30 07:44:04.532861
49594,0000,1219,106,2024-12-30 07:44:04.548854
00829,0001,1219,106,2024-12-30 07:44:04.564856
04717,0000,1219,106,2024-12-30 07:44:04.580854
58535,0000,1219,106,2024-12-30 07:44:04.612491
23912,0000,1219,106,2024-12-30 07:44:04.628856
26645,0000,1219,106,2024-12-30 07:44:04.644836
18476,0000,1219,106,2024-12-30 07:44:04.660843
00554,0000,1219,106,2024-12-30 07:44:04.676825
19292,0000,1219,106,2024-12-30 07:44:04.692833
07702,0000,1219,106,2024-12-30 07:44:04.708836
03061,0000,1219,106,2024-12-30 07:44:04.724838
03739,0001,1219,106,2024-12-30 07:44:04.740846
02325,0000,1219,106,2024-12-30 07:44:04.772160
13814,0000,1219,106,2024-12-30 07:44:04.788844
00384,0000,1219,106,2024-12-30 07:44:04.804846
04605,0000,1219,106,2024-12-30 07:44:04.820852
10138,0000,1220,106,2024-12-30 07:44:04.836850
03967,0000,1219,106,2024-12-30 07:44:04.852851
20246,0000,1219,106,2024-12-30 07:44:04.868855
05563,0000,1219,106,2024-12-30 07:44:04.884857
32239,0000,1219,106,2024-12-30 07:44:04.900786
09213,0000,1219,106,2024-12-30 07:44:04.916785
02784,0000,1219,106,2024-12-30 07:44:04.948516
00869,0001,1219,106,2024-12-30 07:44:04.964779
00941,0000,1219,106,2024-12-30 07:44:04.980774
02881,0000,1220,106,2024-12-30 07:44:04.996767
04743,0000,1219,106,2024-12-30 07:44:05.012766
01065,0000,1219,106,2024-12-30 07:44:05.028758
53039,0000,1220,106,2024-12-30 07:44:05.044764
36160,0000,1219,106,2024-12-30 07:44:05.060753
36969,0000,1219,106,2024-12-30 07:44:05.076759
22042,0000,1220,106,2024-12-30 07:44:05.108183
01829,0000,1219,106,2024-12-30 07:44:05.124747
15503,0000,1220,106,2024-12-30 07:44:05.140739
07059,0000,1219,106,2024-12-30 07:44:05.156739
00697,0000,1219,106,2024-12-30 07:44:05.172735
14019,0000,1219,106,2024-12-30 07:44:05.188738
03753,0001,1219,106,2024-12-30 07:44:05.204730
12654,0000,1219,106,2024-12-30 07:44:05.220734
39280,0000,1219,106,2024-12-30 07:44:05.236730
00728,0000,1219,106,2024-12-30 07:44:05.252721
05500,0000,1219,106,2024-12-30 07:44:05.284557
35166,0000,1219,106,2024-12-30 07:44:05.300720
04173,0000,1219,106,2024-12-30 07:44:05.316713
24975,0001,1219,106,2024-12-30 07:44:05.332709
10155,0001,1219,106,2024-12-30 07:44:05.348709
54068,0000,1219,106,2024-12-30 07:44:05.364697
00645,0000,1219,106,2024-12-30 07:44:05.380699
00056,0000,1219,106,2024-12-30 07:44:05.396695
50889,0000,1219,106,2024-12-30 07:44:05.412693
00078,0000,1219,106,2024-12-30 07:44:05.444199
02697,0000,1219,106,2024-12-30 07:44:05.460683
18123,0000,1219,106,2024-12-30 07:44:05.476686
04601,0000,1220,106,2024-12-30 07:44:05.492685
00725,0000,1219,106,2024-12-30 07:44:05.508673
41049,0000,1219,106,2024-12-30 07:44:05.524669
01745,0000,1219,106,2024-12-30 07:44:05.540661
27581,0000,1219,106,2024-12-30 07:44:05.556669
63254,0001,1219,106,2024-12-30 07:44:05.572656
04660,0000,1219,106,2024-12-30 07:44:05.588654
00996,0000,1220,106,2024-12-30 07:44:05.620577
04049,0000,1219,106,2024-12-30 07:44:05.636644
56615,0000,1219,106,2024-12-30 07:44:05.652641
03765,0000,1219,106,2024-12-30 07:44:05.668646
14755,0000,1219,106,2024-12-30 07:44:05.684634
60217,0000,1219,106,2024-12-30 07:44:05.700633
04374,0000,1220,106,2024-12-30 07:44:05.716626
08538,0000,1220,106,2024-12-30 07:44:05.732630
13114,0000,1219,106,2024-12-30 07:44:05.748627
04612,0000,1219,106,2024-12-30 07:44:05.780213
53974,0000,1219,106,2024-12-30 07:44:05.796623
03046,0000,1219,106,2024-12-30 07:44:05.812613
13739,0000,1219,106,2024-12-30 07:44:05.828621
25720,0000,1220,106,2024-12-30 07:44:05.844609
03688,0000,1220,106,2024-12-30 07:44:05.860602
09309,0000,1219,106,2024-12-30 07:44:05.876610
64978,0000,1220,106,2024-12-30 07:44:05.892591
36088,0001,1219,106,2024-12-30 07:44:05.908597
65237,0000,1220,106,2024-12-30 07:44:05.924589
00735,0000,1219,106,2024-12-30 07:44:05.956583
00006,0001,1219,106,2024-12-30 07:44:05.972587
39576,0001,1219,106,2024-12-30 07:44:05.988584
05360,0000,1219,106,2024-12-30 07:44:06.004585
04581,0000,1220,106,2024-12-30 07:44:06.020570
65362,0000,1219,106,2024-12-30 07:44:06.036572
06932,0000,1220,106,2024-12-30 07:44:06.052562
14830,0000,1219,106,2024-12-30 07:44:06.068566
13894,0000,1220,106,2024-12-30 07:44:06.084559
04017,0000,1219,106,2024-12-30 07:44:06.116233
24718,0000,1219,106,2024-12-30 07:44:06.132552
05474,0000,1220,106,2024-12-30 07:44:06.148544
53926,0000,1219,106,2024-12-30 07:44:06.164534
00813,0000,1220,106,2024-12-30 07:44:06.180537
60809,0000,1219,106,2024-12-30 07:44:06.196527
48310,0000,1220,106,2024-12-30 07:44:06.212534
41588,0000,1220,106,2024-12-30 07:44:06.228530
14777,0000,1220,106,2024-12-30 07:44:06.244542
21042,0000,1219,106,2024-12-30 07:44:06.275884
14859,0001,1219,106,2024-12-30 07:44:06.292519
04679,0000,1219,106,2024-12-30 07:44:06.308514
23191,0000,1220,106,2024-12-30 07:44:06.324512
05427,0001,1220,106,2024-12-30 07:44:06.340505
07761,0000,1219,106,2024-12-30 07:44:06.356504
04657,0000,1220,106,2024-12-30 07:44:06.372499
53050,0000,1219,106,2024-12-30 07:44:06.388513
56766,0000,1220,106,2024-12-30 07:44:06.404509
27804,0001,1220,106,2024-12-30 07:44:06.420508
05365,0000,1220,106,2024-12-30 07:44:06.452271
49616,0001,1220,106,2024-12-30 07:44:06.468486
01710,0000,1220,106,2024-12-30 07:44:06.484477
09380,0000,1220,106,2024-12-30 07:44:06.500482
29641,0000,1219,106,2024-12-30 07:44:06.516475
26572,0000,1219,106,2024-12-30 07:44:06.532473
21095,0000,1220,106,2024-12-30 07:44:06.548476
00035,0000,1220,106,2024-12-30 07:44:06.564471
03857,0000,1220,106,2024-12-30 07:44:06.580465
05426,0000,1220,106,2024-12-30 07:44:06.611918
13833,0000,1220,106,2024-12-30 07:44:06.628449
21724,0000,1219,106,2024-12-30 07:44:06.644446
04536,0000,1220,106,2024-12-30 07:44:06.660455
65095,0000,1220,106,2024-12-30 07:44:06.676443
24125,0000,1219,106,2024-12-30 07:44:06.692443
57713,0000,1219,106,2024-12-30 07:44:06.708443
48893,0000,1220,106,2024-12-30 07:44:06.724433
10882,0000,1220,106,2024-12-30 07:44:06.740431
27892,0000,1220,106,2024-12-30 07:44:06.756428
00769,0000,1220,106,2024-12-30 07:44:06.788299
19372,0000,1220,106,2024-12-30 07:44:06.804420
05534,0001,1220,106,2024-12-30 07:44:06.820417
19160,0000,1220,106,2024-12-30 07:44:06.836422
05436,0001,1219,106,2024-12-30 07:44:06.852413
02452,0000,1220,106,2024-12-30 07:44:06.868409
05137,0000,1220,106,2024-12-30 07:44:06.884410
24085,0000,1220,106,2024-12-30 07:44:06.900401
00743,0001,1219,106,2024-12-30 07:44:06.916405
61954,0000,1220,106,2024-12-30 07:44:06.947928
00008,0001,1220,106,2024-12-30 07:44:06.964396
03802,0000,1219,106,2024-12-30 07:44:06.980388
46713,0000,1220,106,2024-12-30 07:44:06.996383
10076,0000,1220,106,2024-12-30 07:44:07.012374
01615,0000,1220,106,2024-12-30 07:44:07.028374
50601,0000,1220,106,2024-12-30 07:44:07.044383
04623,0001,1220,106,2024-12-30 07:44:07.060382
47292,0000,1220,106,2024-12-30 07:44:07.076369
13987,0000,1220,106,2024-12-30 07:44:07.092365
04700,0000,1220,106,2024-12-30 07:44:07.124319
25896,0000,1220,106,2024-12-30 07:44:07.140349
20198,0000,1220,106,2024-12-30 07:44:07.156348
03770,0001,1220,106,2024-12-30 07:44:07.172353
09452,0000,1220,106,2024-12-30 07:44:07.188354
00886,0000,1220,106,2024-12-30 07:44:07.204342
00601,0000,1220,106,2024-12-30 07:44:07.220339
01055,0000,1220,106,2024-12-30 07:44:07.236341
00941,0000,1220,106,2024-12-30 07:44:07.252343
05499,0000,1220,106,2024-12-30 07:44:07.283952
19610,0000,1220,106,2024-12-30 07:44:07.300326
09291,0000,1220,106,2024-12-30 07:44:07.316326
12127,0000,1220,106,2024-12-30 07:44:07.332318
07131,0000,1220,106,2024-12-30 07:44:07.348306
03659,0000,1220,106,2024-12-30 07:44:07.364309
14738,0000,1220,106,2024-12-30 07:44:07.380312
57597,0000,1220,106,2024-12-30 07:44:07.396304
03899,0000,1220,106,2024-12-30 07:44:07.412301
04631,0000,1220,106,2024-12-30 07:44:07.428305
10212,0000,1220,106,2024-12-30 07:44:07.460305
15580,0000,1220,106,2024-12-30 07:44:07.476290
20453,0000,1220,106,2024-12-30 07:44:07.492288
11440,0000,1220,106,2024-12-30 07:44:07.508285
39455,0000,1220,106,2024-12-30 07:44:07.524282
08411,0000,1220,106,2024-12-30 07:44:07.540271
00700,0001,1220,106,2024-12-30 07:44:07.556277
29660,0000,1220,106,2024-12-30 07:44:07.572281
04524,0000,1220,106,2024-12-30 07:44:07.588257
01717,0000,1220,106,2024-12-30 07:44:07.619971
07029,0000,1220,106,2024-12-30 07:44:07.636258
10945,0000,1220,106,2024-12-30 07:44:07.652247
02653,0001,1220,106,2024-12-30 07:44:07.668252
01584,0000,1220,106,2024-12-30 07:44:07.684242
-0003,0000,1220,106,2024-12-30 07:44:07.700247
57667,0000,1220,106,2024-12-30 07:44:07.716236
11614,0000,1220,106,2024-12-30 07:44:07.732242
26915,0000,1220,106,2024-12-30 07:44:07.748234
25679,0001,1220,106,2024-12-30 07:44:07.779633
06223,0000,1220,106,2024-12-30 07:44:07.796229
60832,0000,1220,106,2024-12-30 07:44:07.812219
18529,0000,1220,106,2024-12-30 07:44:07.828215
13073,0001,1220,106,2024-12-30 07:44:07.844225
02386,0000,1220,106,2024-12-30 07:44:07.860225
43407,0000,1220,106,2024-12-30 07:44:07.876226
20178,0000,1220,106,2024-12-30 07:44:07.892233
03629,0000,1220,106,2024-12-30 07:44:07.908228
04633,0000,1220,106,2024-12-30 07:44:07.924232
56681,0000,1220,106,2024-12-30 07:44:07.956044
20217,0001,1220,106,2024-12-30 07:44:07.972240
03499,0000,1220,106,2024-12-30 07:44:07.988241
05233,0001,1220,106,2024-12-30 07:44:08.004245
02849,0000,1220,106,2024-12-30 07:44:08.020248
49827,0000,1220,106,2024-12-30 07:44:08.036171
10731,0000,1220,106,2024-12-30 07:44:08.052179
50516,0000,1220,106,2024-12-30 07:44:08.068170
26767,0000,1220,106,2024-12-30 07:44:08.084170
60242,0000,1220,106,2024-12-30 07:44:08.115654
03990,0000,1220,106,2024-12-30 07:44:08.132153
18594,0000,1220,106,2024-12-30 07:44:08.148155
01775,0000,1220,106,2024-12-30 07:44:08.164155
02830,0001,1220,106,2024-12-30 07:44:08.180144
56837,0000,1220,106,2024-12-30 07:44:08.196143
00897,0001,1220,106,2024-12-30 07:44:08.212146
35972,0000,1220,106,2024-12-30 07:44:08.228148
18592,0000,1220,106,2024-12-30 07:44:08.244140
01152,0000,1220,106,2024-12-30 07:44:08.260142
05468,0000,1220,106,2024-12-30 07:44:08.292039
05409,0000,1220,106,2024-12-30 07:44:08.308134
01058,0000,1220,106,2024-12-30 07:44:08.324131
58449,0000,1220,106,2024-12-30 07:44:08.340125
07040,0001,1220,106,2024-12-30 07:44:08.356160
03074,0000,1220,106,2024-12-30 07:44:08.372126
05608,0000,1220,106,2024-12-30 07:44:08.388115
03787,0000,1220,106,2024-12-30 07:44:08.404111
03746,0000,1220,106,2024-12-30 07:44:08.420104
61126,0000,1220,106,2024-12-30 07:44:08.451680
53220,0000,1220,106,2024-12-30 07:44:08.468091
30696,0000,1220,106,2024-12-30 07:44:08.484086
05328,0000,1220,106,2024-12-30 07:44:08.500089
04361,0000,1220,106,2024-12-30 07:44:08.516083
01426,0000,1220,106,2024-12-30 07:44:08.532080
03738,0000,1220,106,2024-12-30 07:44:08.548074
04766,0000,1220,106,2024-12-30 07:44:08.564082
07499,0000,1220,106,2024-12-30 07:44:08.580074
02283,0000,1220,106,2024-12-30 07:44:08.596071
22021,0000,1220,106,2024-12-30 07:44:08.628062
30561,0001,1220,106,2024-12-30 07:44:08.644063
02047,0000,1220,106,2024-12-30 07:44:08.660058
36118,0000,1221,106,2024-12-30 07:44:08.676054
09898,0000,1220,106,2024-12-30 07:44:08.692052
01632,0000,1220,106,2024-12-30 07:44:08.708054
25804,0000,1220,106,2024-12-30 07:44:08.724046
05500,0000,1220,106,2024-12-30 07:44:08.740057
05393,0000,1220,106,2024-12-30 07:44:08.756038
01511,0000,1220,106,2024-12-30 07:44:08.787713
00943,0000,1220,106,2024-12-30 07:44:08.804030
07097,0000,1220,106,2024-12-30 07:44:08.820024
03755,0001,1220,106,2024-12-30 07:44:08.836027
03857,0000,1220,106,2024-12-30 07:44:08.852021
04532,0000,1220,106,2024-12-30 07:44:08.868019
01329,0000,1220,106,2024-12-30 07:44:08.884011
53853,0000,1220,106,2024-12-30 07:44:08.900016
44189,0000,1220,106,2024-12-30 07:44:08.916002
60681,0000,1220,106,2024-12-30 07:44:08.947333
10927,0000,1220,106,2024-12-30 07:44:08.963999
62829,0000,1220,106,2024-12-30 07:44:08.979995
27390,0000,1220,106,2024-12-30 07:44:08.995992
10237,0000,1220,106,2024-12-30 07:44:09.011997
05429,0000,1220,106,2024-12-30 07:44:09.027984
04664,0000,1220,106,2024-12-30 07:44:09.043983
18526,0000,1220,106,2024-12-30 07:44:09.059973
07754,0000,1220,106,2024-12-30 07:44:09.075975
01425,0000,1220,106,2024-12-30 07:44:09.091970
02582,0000,1220,106,2024-12-30 07:44:09.123717
50516,0000,1220,106,2024-12-30 07:44:09.139968
03650,0000,1220,106,2024-12-30 07:44:09.155955
03435,0000,1220,106,2024-12-30 07:44:09.171953
02890,0000,1220,106,2024-12-30 07:44:09.187952
30358,0000,1220,106,2024-12-30 07:44:09.203948
04713,0000,1220,106,2024-12-30 07:44:09.219951
10958,0000,1220,106,2024-12-30 07:44:09.235948
23191,0000,1220,106,2024-12-30 07:44:09.251955
03984,0000,1220,106,2024-12-30 07:44:09.283360
04668,0000,1220,106,2024-12-30 07:44:09.299944
55852,0000,1220,106,2024-12-30 07:44:09.315940
13961,0000,1220,106,2024-12-30 07:44:09.331927
21107,0000,1220,106,2024-12-30 07:44:09.347929
03722,0000,1220,106,2024-12-30 07:44:09.363913
03772,0000,1220,106,2024-12-30 07:44:09.379919
20503,0000,1220,106,2024-12-30 07:44:09.395916
26581,0000,1220,106,2024-12-30 07:44:09.411898
21086,0000,1221,106,2024-12-30 07:44:09.427902
03858,0000,1220,106,2024-12-30 07:44:09.459740
21444,0000,1220,106,2024-12-30 07:44:09.475894
17134,0000,1220,106,2024-12-30 07:44:09.491896
05377,0000,1221,106,2024-12-30 07:44:09.507892
14707,0000,1220,106,2024-12-30 07:44:09.523896
11900,0001,1220,106,2024-12-30 07:44:09.539882
12134,0000,1220,106,2024-12-30 07:44:09.555880
03855,0000,1220,106,2024-12-30 07:44:09.571876
09483,0000,1220,106,2024-12-30 07:44:09.587875
10195,0000,1220,106,2024-12-30 07:44:09.619380
51464,0000,1220,106,2024-12-30 07:44:09.635866
02139,0000,1220,106,2024-12-30 07:44:09.651859
43745,0000,1220,106,2024-12-30 07:44:09.667853
21256,0000,1220,106,2024-12-30 07:44:09.683851
05471,0000,1220,106,2024-12-30 07:44:09.699857
01706,0000,1220,106,2024-12-30 07:44:09.715841
04580,0001,1221,106,2024-12-30 07:44:09.731846
04632,0000,1221,106,2024-12-30 07:44:09.747846
06599,0000,1220,106,2024-12-30 07:44:09.763840
02724,0000,1220,106,2024-12-30 07:44:09.795784
00971,0000,1220,106,2024-12-30 07:44:09.811835
14872,0000,1220,106,2024-12-30 07:44:09.827821
11619,0000,1220,106,2024-12-30 07:44:09.843826
62409,0000,1221,106,2024-12-30 07:44:09.859826
16226,0000,1220,106,2024-12-30 07:44:09.875807
25105,0000,1220,106,2024-12-30 07:44:09.891813
59415,0000,1220,106,2024-12-30 07:44:09.907815
09995,0000,1221,106,2024-12-30 07:44:09.923805
20238,0000,1220,106,2024-12-30 07:44:09.955391
15550,0000,1220,106,2024-12-30 07:44:09.971802
24141,0001,1221,106,2024-12-30 07:44:09.987791
35636,0000,1221,106,2024-12-30 07:44:10.003793
01920,0000,1220,106,2024-12-30 07:44:10.019786
40829,0000,1221,106,2024-12-30 07:44:10.035783
04085,0000,1220,106,2024-12-30 07:44:10.051780
02685,0000,1221,106,2024-12-30 07:44:10.067783
26785,0000,1221,106,2024-12-30 07:44:10.083773
00766,0000,1220,106,2024-12-30 07:44:10.099773
48349,0001,1220,106,2024-12-30 07:44:10.131768
00667,0000,1220,106,2024-12-30 07:44:10.147765
03065,0000,1221,106,2024-12-30 07:44:10.163774
03829,0001,1221,106,2024-12-30 07:44:10.179777
00114,0000,1220,106,2024-12-30 07:44:10.195753
11100,0000,1221,106,2024-12-30 07:44:10.211749
21039,0000,1220,106,2024-12-30 07:44:10.227746
23244,0000,1220,106,2024-12-30 07:44:10.243760
01555,0000,1221,106,2024-12-30 07:44:10.259733
04632,0000,1221,106,2024-12-30 07:44:10.291433
04036,0000,1221,106,2024-12-30 07:44:10.307742
05526,0000,1221,106,2024-12-30 07:44:10.323728
20302,0001,1221,106,2024-12-30 07:44:10.339733
09302,0001,1221,106,2024-12-30 07:44:10.355716
49187,0000,1220,106,2024-12-30 07:44:10.371720
14692,0000,1220,106,2024-12-30 07:44:10.387713
00083,0000,1220,106,2024-12-30 07:44:10.403713
03997,0000,1221,106,2024-12-30 07:44:10.419708
01849,0001,1221,106,2024-12-30 07:44:10.451073
32267,0000,1221,106,2024-12-30 07:44:10.467702
23315,0000,1220,106,2024-12-30 07:44:10.483697
03744,0000,1221,106,2024-12-30 07:44:10.499696
00761,0000,1220,106,2024-12-30 07:44:10.515692
59066,0000,1221,106,2024-12-30 07:44:10.531683
03050,0000,1221,106,2024-12-30 07:44:10.547685
04620,0001,1221,106,2024-12-30 07:44:10.563686
15446,0000,1221,106,2024-12-30 07:44:10.579689
05476,0000,1221,106,2024-12-30 07:44:10.595676
07658,0000,1221,106,2024-12-30 07:44:10.627472
49604,0000,1221,106,2024-12-30 07:44:10.643673
13216,0000,1221,106,2024-12-30 07:44:10.659664
24113,0000,1220,106,2024-12-30 07:44:10.675664
00749,0000,1221,106,2024-12-30 07:44:10.691662
23347,0000,1221,106,2024-12-30 07:44:10.707675
19383,0000,1221,106,2024-12-30 07:44:10.723651
00688,0000,1221,106,2024-12-30 07:44:10.739653
05890,0000,1220,106,2024-12-30 07:44:10.755650
07126,0000,1221,106,2024-12-30 07:44:10.787130
26968,0000,1221,106,2024-12-30 07:44:10.803644
00695,0000,1221,106,2024-12-30 07:44:10.819641
01835,0000,1221,106,2024-12-30 07:44:10.835628
02831,0000,1221,106,2024-12-30 07:44:10.851627
03307,0000,1221,106,2024-12-30 07:44:10.867626
59088,0000,1220,106,2024-12-30 07:44:10.883620
04616,0000,1221,106,2024-12-30 07:44:10.899625
03879,0000,1221,106,2024-12-30 07:44:10.915618
03132,0000,1221,106,2024-12-30 07:44:10.931611
02236,0000,1221,106,2024-12-30 07:44:10.963505
35540,0000,1221,106,2024-12-30 07:44:10.979619
02795,0000,1221,106,2024-12-30 07:44:10.995622
04688,0000,1221,106,2024-12-30 07:44:11.011623
06257,0000,1220,106,2024-12-30 07:44:11.027635
04577,0000,1221,106,2024-12-30 07:44:11.043623
03304,0000,1220,106,2024-12-30 07:44:11.059633
41713,0000,1221,106,2024-12-30 07:44:11.075635
22302,0000,1221,106,2024-12-30 07:44:11.091626
67567,0000,1221,106,2024-12-30 07:44:11.123175
03040,0000,1220,106,2024-12-30 07:44:11.139632
20191,0000,1221,106,2024-12-30 07:44:11.155633
13169,0000,1221,106,2024-12-30 07:44:11.171563
13501,0000,1220,106,2024-12-30 07:44:11.187563
05406,0000,1221,106,2024-12-30 07:44:11.203552
31470,0000,1221,106,2024-12-30 07:44:11.219557
48320,0000,1221,106,2024-12-30 07:44:11.235555
44950,0001,1221,106,2024-12-30 07:44:11.251565
01819,0001,1221,106,2024-12-30 07:44:11.267546
10153,0000,1221,106,2024-12-30 07:44:11.299544
09167,0000,1221,106,2024-12-30 07:44:11.315530
01996,0000,1221,106,2024-12-30 07:44:11.331534
01573,0000,1221,106,2024-12-30 07:44:11.347538
03930,0000,1221,106,2024-12-30 07:44:11.363541
00837,0000,1221,106,2024-12-30 07:44:11.379523
10086,0000,1221,106,2024-12-30 07:44:11.395523
20342,0000,1221,106,2024-12-30 07:44:11.411517
53332,0000,1221,106,2024-12-30 07:44:11.427512
04490,0000,1221,106,2024-12-30 07:44:11.459153
04687,0000,1221,106,2024-12-30 07:44:11.475512
61076,0000,1221,106,2024-12-30 07:44:11.491496
63231,0000,1221,106,2024-12-30 07:44:11.507508
03768,0000,1221,106,2024-12-30 07:44:11.523490
42578,0000,1221,106,2024-12-30 07:44:11.539495
45389,0001,1221,106,2024-12-30 07:44:11.555494
08627,0000,1221,106,2024-12-30 07:44:11.571488
65066,0000,1221,106,2024-12-30 07:44:11.587485
19382,0000,1221,106,2024-12-30 07:44:11.618796
00694,0000,1221,106,2024-12-30 07:44:11.635480
24019,0000,1221,106,2024-12-30 07:44:11.651471
01963,0000,1221,106,2024-12-30 07:44:11.667476
50487,0000,1221,106,2024-12-30 07:44:11.683464
18259,0000,1221,106,2024-12-30 07:44:11.699466
08168,0000,1221,106,2024-12-30 07:44:11.715458
14785,0000,1221,106,2024-12-30 07:44:11.731457
33013,0000,1221,106,2024-12-30 07:44:11.747460
01227,0000,1221,106,2024-12-30 07:44:11.763449
27289,0000,1221,106,2024-12-30 07:44:11.795175
58166,0000,1221,106,2024-12-30 07:44:11.811442
39073,0000,1221,106,2024-12-30 07:44:11.827432
11910,0000,1221,106,2024-12-30 07:44:11.843429
64524,0000,1221,106,2024-12-30 07:44:11.859430
02426,0000,1221,106,2024-12-30 07:44:11.875435
59884,0000,1221,106,2024-12-30 07:44:11.891423
49781,0000,1221,106,2024-12-30 07:44:11.907416
00637,0000,1221,106,2024-12-30 07:44:11.923415
00769,0000,1221,106,2024-12-30 07:44:11.954834
00744,0000,1221,106,2024-12-30 07:44:11.971410
01940,0001,1221,106,2024-12-30 07:44:11.987414
26168,0000,1221,106,2024-12-30 07:44:12.003395
02270,0000,1221,106,2024-12-30 07:44:12.019401
26623,0000,1221,106,2024-12-30 07:44:12.035389
24964,0000,1221,106,2024-12-30 07:44:12.051393
00816,0000,1221,106,2024-12-30 07:44:12.067387
15754,0001,1221,106,2024-12-30 07:44:12.083386
00729,0000,1221,106,2024-12-30 07:44:12.099381
10857,0000,1221,106,2024-12-30 07:44:12.131220
35981,0000,1221,106,2024-12-30 07:44:12.147370
03251,0000,1221,106,2024-12-30 07:44:12.163370
62466,0000,1221,106,2024-12-30 07:44:12.179362
16386,0000,1221,106,2024-12-30 07:44:12.195361
00013,0000,1221,106,2024-12-30 07:44:12.211354
02725,0000,1221,106,2024-12-30 07:44:12.227357
03947,0000,1221,106,2024-12-30 07:44:12.243360
14827,0000,1221,106,2024-12-30 07:44:12.259351
00011,0000,1221,106,2024-12-30 07:44:12.290772
02475,0000,1221,106,2024-12-30 07:44:12.307353
05554,0000,1221,106,2024-12-30 07:44:12.323337
04823,0001,1221,106,2024-12-30 07:44:12.339338
55638,0000,1221,106,2024-12-30 07:44:12.355330
03711,0000,1221,106,2024-12-30 07:44:12.371333
15337,0000,1221,106,2024-12-30 07:44:12.387320
24031,0001,1221,106,2024-12-30 07:44:12.403338
52398,0000,1221,106,2024-12-30 07:44:12.419337
05488,0000,1221,106,2024-12-30 07:44:12.435334
07708,0000,1221,106,2024-12-30 07:44:12.467255
03684,0000,1221,106,2024-12-30 07:44:12.483313
05384,0000,1221,106,2024-12-30 07:44:12.499307
57341,0000,1221,106,2024-12-30 07:44:12.515313
05455,0001,1221,106,2024-12-30 07:44:12.531309
05503,0000,1221,106,2024-12-30 07:44:12.547300
15822,0001,1221,106,2024-12-30 07:44:12.563296
41623,0000,1221,106,2024-12-30 07:44:12.579287
15499,0000,1221,106,2024-12-30 07:44:12.595285
08665,0000,1221,106,2024-12-30 07:44:12.626869
00959,0000,1221,106,2024-12-30 07:44:12.643292
00846,0000,1221,106,2024-12-30 07:44:12.659269
51605,0000,1221,106,2024-12-30 07:44:12.675278
55073,0000,1221,106,2024-12-30 07:44:12.691267
38434,0000,1221,106,2024-12-30 07:44:12.707270
02245,0000,1221,106,2024-12-30 07:44:12.723265
04621,0000,1222,106,2024-12-30 07:44:12.739265
58410,0000,1221,106,2024-12-30 07:44:12.755255
05418,0000,1221,106,2024-12-30 07:44:12.771253
03781,0000,1221,106,2024-12-30 07:44:12.803249
01456,0000,1221,106,2024-12-30 07:44:12.819239
04671,0000,1221,106,2024-12-30 07:44:12.835250
04645,0000,1221,106,2024-12-30 07:44:12.851233
10900,0000,1221,106,2024-12-30 07:44:12.867249
01210,0000,1222,106,2024-12-30 07:44:12.883237
05492,0000,1221,106,2024-12-30 07:44:12.899235
17155,0000,1221,106,2024-12-30 07:44:12.915234
23275,0000,1221,106,2024-12-30 07:44:12.931225
58567,0000,1221,106,2024-12-30 07:44:12.962896
09204,0000,1221,106,2024-12-30 07:44:12.979219
59012,0000,1221,106,2024-12-30 07:44:12.995212
02646,0000,1221,106,2024-12-30 07:44:13.011203
20249,0001,1221,106,2024-12-30 07:44:13.027208
14956,0000,1221,106,2024-12-30 07:44:13.043207
01172,0000,1221,106,2024-12-30 07:44:13.059213
04679,0000,1221,106,2024-12-30 07:44:13.075204
05236,0000,1221,106,2024-12-30 07:44:13.091198
20157,0000,1221,106,2024-12-30 07:44:13.122533
37973,0000,1222,106,2024-12-30 07:44:13.139174
03959,0000,1221,106,2024-12-30 07:44:13.155180
59326,0000,1221,106,2024-12-30 07:44:13.171169
50803,0000,1221,106,2024-12-30 07:44:13.187170
49936,0000,1221,106,2024-12-30 07:44:13.203175
04661,0000,1221,106,2024-12-30 07:44:13.219164
14817,0000,1221,106,2024-12-30 07:44:13.235165
10062,0000,1221,106,2024-12-30 07:44:13.251173
40762,0000,1221,106,2024-12-30 07:44:13.267151
03907,0000,1221,106,2024-12-30 07:44:13.298942
05473,0001,1221,106,2024-12-30 07:44:13.315173
01529,0000,1222,106,2024-12-30 07:44:13.331144
04628,0000,1221,106,2024-12-30 07:44:13.347145
03441,0000,1221,106,2024-12-30 07:44:13.363141
55130,0000,1221,106,2024-12-30 07:44:13.379144
04677,0000,1221,106,2024-12-30 07:44:13.395132
00208,0000,1221,106,2024-12-30 07:44:13.411132
22565,0000,1221,106,2024-12-30 07:44:13.427129
23995,0000,1221,106,2024-12-30 07:44:13.458583
08481,0000,1221,106,2024-12-30 07:44:13.475121
04650,0000,1222,106,2024-12-30 07:44:13.491117
05452,0000,1221,106,2024-12-30 07:44:13.507117
04641,0000,1221,106,2024-12-30 07:44:13.523113
12539,0000,1221,106,2024-12-30 07:44:13.539108
53336,0000,1222,106,2024-12-30 07:44:13.555108
65808,0000,1221,106,2024-12-30 07:44:13.571102
03968,0000,1221,106,2024-12-30 07:44:13.587105
10176,0000,1222,106,2024-12-30 07:44:13.603098
05391,0001,1221,106,2024-12-30 07:44:13.634966
25645,0000,1221,106,2024-12-30 07:44:13.651089
05479,0000,1221,106,2024-12-30 07:44:13.667086
24001,0000,1221,106,2024-12-30 07:44:13.683087
03475,0000,1221,106,2024-12-30 07:44:13.699090
03870,0000,1222,106,2024-12-30 07:44:13.715089
58150,0000,1222,106,2024-12-30 07:44:13.731075
00384,0000,1221,106,2024-12-30 07:44:13.747077
13807,0000,1221,106,2024-12-30 07:44:13.763074
13879,0000,1221,106,2024-12-30 07:44:13.794608
05435,0001,1221,106,2024-12-30 07:44:13.811062
03700,0000,1221,106,2024-12-30 07:44:13.827060
03826,0000,1221,106,2024-12-30 07:44:13.843050
01013,0001,1221,106,2024-12-30 07:44:13.859051
04599,0000,1222,106,2024-12-30 07:44:13.875045
00062,0000,1221,106,2024-12-30 07:44:13.891041
61952,0000,1221,106,2024-12-30 07:44:13.907036
04704,0000,1221,106,2024-12-30 07:44:13.923037
40061,0000,1222,106,2024-12-30 07:44:13.939029
03750,0000,1222,106,2024-12-30 07:44:13.970993
09265,0000,1222,106,2024-12-30 07:44:13.987029
58485,0001,1221,106,2024-12-30 07:44:14.003021
04629,0000,1221,106,2024-12-30 07:44:14.019019
00837,0000,1221,106,2024-12-30 07:44:14.035017
04747,0000,1222,106,2024-12-30 07:44:14.051019
16432,0000,1221,106,2024-12-30 07:44:14.067004
65122,0000,1222,106,2024-12-30 07:44:14.083009
03859,0000,1222,106,2024-12-30 07:44:14.099016
41561,0000,1221,106,2024-12-30 07:44:14.130645
55135,0000,1221,106,2024-12-30 07:44:14.147017
64952,0000,1222,106,2024-12-30 07:44:14.163015
05402,0000,1221,106,2024-12-30 07:44:14.179022
50808,0000,1221,106,2024-12-30 07:44:14.195021
-0014,0000,1221,106,2024-12-30 07:44:14.211020
-0001,0000,1221,106,2024-12-30 07:44:14.227019
00789,0000,1222,106,2024-12-30 07:44:14.243034
63676,0001,1222,106,2024-12-30 07:44:14.259031
29438,0000,1222,106,2024-12-30 07:44:14.275031
05437,0000,1222,106,2024-12-30 07:44:14.306970
04695,0000,1221,106,2024-12-30 07:44:14.322956
43731,0000,1222,106,2024-12-30 07:44:14.338957
07769,0000,1221,106,2024-12-30 07:44:14.354954
04403,0000,1221,106,2024-12-30 07:44:14.370948
10075,0000,1221,106,2024-12-30 07:44:14.386947
44953,0000,1221,106,2024-12-30 07:44:14.402939
41514,0001,1221,106,2024-12-30 07:44:14.418941
-0019,0000,1222,106,2024-12-30 07:44:14.434941
36888,0002,1221,106,2024-12-30 07:44:14.466676
59337,0000,1222,106,2024-12-30 07:44:14.482937
08491,0000,1222,106,2024-12-30 07:44:14.498931
17301,0000,1221,106,2024-12-30 07:44:14.514922
03962,0000,1222,106,2024-12-30 07:44:14.530916
00921,0000,1222,106,2024-12-30 07:44:14.546915
03848,0001,1221,106,2024-12-30 07:44:14.562906
16582,0001,1221,106,2024-12-30 07:44:14.578908
03668,0000,1222,106,2024-12-30 07:44:14.594909
53926,0000,1222,106,2024-12-30 07:44:14.626292
15571,0000,1222,106,2024-12-30 07:44:14.642892
02137,0000,1221,106,2024-12-30 07:44:14.658891
04657,0000,1222,106,2024-12-30 07:44:14.674888
51711,0000,1222,106,2024-12-30 07:44:14.690894
10800,0000,1221,106,2024-12-30 07:44:14.706879
12652,0001,1222,106,2024-12-30 07:44:14.722878
06930,0000,1222,106,2024-12-30 07:44:14.738880
13353,0000,1222,106,2024-12-30 07:44:14.754872
59881,0000,1222,106,2024-12-30 07:44:14.770869
51542,0000,1222,106,2024-12-30 07:44:14.802688
49653,0000,1221,106,2024-12-30 07:44:14.818860
04641,0000,1222,106,2024-12-30 07:44:14.834854
05237,0000,1222,106,2024-12-30 07:44:14.850857
03844,0000,1222,106,2024-12-30 07:44:14.866857
04628,0001,1222,106,2024-12-30 07:44:14.882837
11716,0000,1221,106,2024-12-30 07:44:14.898843
02377,0000,1222,106,2024-12-30 07:44:14.914838
00697,0000,1221,106,2024-12-30 07:44:14.930836
04675,0000,1221,106,2024-12-30 07:44:14.962316
03071,0000,1222,106,2024-12-30 07:44:14.978826
55973,0000,1222,106,2024-12-30 07:44:14.994826
03802,0000,1221,106,2024-12-30 07:44:15.010817
47471,0000,1221,106,2024-12-30 07:44:15.026817
03617,0000,1222,106,2024-12-30 07:44:15.042805
04522,0000,1222,106,2024-12-30 07:44:15.058812
36893,0000,1222,106,2024-12-30 07:44:15.074800
21117,0000,1222,106,2024-12-30 07:44:15.090806
04330,0000,1222,106,2024-12-30 07:44:15.106798
03088,0000,1222,106,2024-12-30 07:44:15.138709
00820,0000,1221,106,2024-12-30 07:44:15.154785
08636,0001,1222,106,2024-12-30 07:44:15.170792
47447,0000,1222,106,2024-12-30 07:44:15.186779
03549,0000,1222,106,2024-12-30 07:44:15.202786
02613,0000,1222,106,2024-12-30 07:44:15.218780
03356,0000,1221,106,2024-12-30 07:44:15.234779
16781,0000,1222,106,2024-12-30 07:44:15.250784
03540,0000,1222,106,2024-12-30 07:44:15.266778
00141,0000,1222,106,2024-12-30 07:44:15.298343
63680,0001,1222,106,2024-12-30 07:44:15.314763
62744,0000,1222,106,2024-12-30 07:44:15.330751
51774,0000,1222,106,2024-12-30 07:44:15.346753
05463,0000,1222,106,2024-12-30 07:44:15.362750
62750,0000,1222,106,2024-12-30 07:44:15.378755
24243,0000,1222,106,2024-12-30 07:44:15.394740
12367,0000,1222,106,2024-12-30 07:44:15.410745
49910,0000,1222,106,2024-12-30 07:44:15.426743
05455,0000,1222,106,2024-12-30 07:44:15.442736
03859,0000,1222,106,2024-12-30 07:44:15.474737
59054,0000,1222,106,2024-12-30 07:44:15.490726
23220,0000,1222,106,2024-12-30 07:44:15.506726
40911,0000,1222,106,2024-12-30 07:44:15.522721
03761,0000,1222,106,2024-12-30 07:44:15.538733
14878,0000,1222,106,2024-12-30 07:44:15.554718
47173,0000,1222,106,2024-12-30 07:44:15.570719
60167,0000,1222,106,2024-12-30 07:44:15.586717
05432,0000,1222,106,2024-12-30 07:44:15.602710
11027,0000,1222,106,2024-12-30 07:44:15.634377
03052,0000,1222,106,2024-12-30 07:44:15.650703
04694,0000,1222,106,2024-12-30 07:44:15.666689
44648,0000,1222,106,2024-12-30 07:44:15.682691
02548,0000,1222,106,2024-12-30 07:44:15.698682
21772,0000,1222,106,2024-12-30 07:44:15.714688
00104,0001,1221,106,2024-12-30 07:44:15.730680
03203,0000,1222,106,2024-12-30 07:44:15.746683
00948,0000,1222,106,2024-12-30 07:44:15.762674
04722,0000,1222,106,2024-12-30 07:44:15.793992
10929,0000,1222,106,2024-12-30 07:44:15.810667
53970,0000,1222,106,2024-12-30 07:44:15.826663
05467,0001,1222,106,2024-12-30 07:44:15.842667
05353,0000,1222,106,2024-12-30 07:44:15.858658
31724,0000,1222,106,2024-12-30 07:44:15.874655
61565,0000,1222,106,2024-12-30 07:44:15.890645
65296,0000,1222,106,2024-12-30 07:44:15.906654
03868,0000,1222,106,2024-12-30 07:44:15.922641
01767,0000,1222,106,2024-12-30 07:44:15.938635
00358,0000,1222,106,2024-12-30 07:44:15.970390
19549,0000,1222,106,2024-12-30 07:44:15.986630
11701,0000,1222,106,2024-12-30 07:44:16.002628
37789,0001,1222,106,2024-12-30 07:44:16.018623
14882,0000,1221,106,2024-12-30 07:44:16.034623
05511,0000,1222,106,2024-12-30 07:44:16.050618
51327,0000,1222,106,2024-12-30 07:44:16.066613
53111,0000,1222,106,2024-12-30 07:44:16.082596
10255,0001,1222,106,2024-12-30 07:44:16.098608
44935,0000,1222,106,2024-12-30 07:44:16.130032
05408,0000,1222,106,2024-12-30 07:44:16.146597
14815,0000,1222,106,2024-12-30 07:44:16.162603
02922,0000,1222,106,2024-12-30 07:44:16.178590
04637,0000,1222,106,2024-12-30 07:44:16.194592
00058,0000,1222,106,2024-12-30 07:44:16.210578
14708,0000,1222,106,2024-12-30 07:44:16.226590
02708,0001,1222,106,2024-12-30 07:44:16.242588
48106,0000,1222,106,2024-12-30 07:44:16.258582
53070,0000,1222,106,2024-12-30 07:44:16.274572
23107,0000,1222,106,2024-12-30 07:44:16.306425
03676,0000,1222,106,2024-12-30 07:44:16.322572
00811,0000,1222,106,2024-12-30 07:44:16.338563
38692,0000,1222,106,2024-12-30 07:44:16.354552
54211,0000,1222,106,2024-12-30 07:44:16.370554
40649,0000,1222,106,2024-12-30 07:44:16.386547
48348,0000,1222,106,2024-12-30 07:44:16.402554
06207,0000,1222,106,2024-12-30 07:44:16.418547
04545,0000,1222,106,2024-12-30 07:44:16.434554
59387,0000,1222,106,2024-12-30 07:44:16.466057
09346,0000,1222,106,2024-12-30 07:44:16.482532
03847,0000,1222,106,2024-12-30 07:44:16.498542
25859,0000,1222,106,2024-12-30 07:44:16.514527
05408,0000,1222,106,2024-12-30 07:44:16.530527
14144,0001,1222,106,2024-12-30 07:44:16.546529
43377,0000,1222,106,2024-12-30 07:44:16.562532
51731,0000,1222,106,2024-12-30 07:44:16.578513
01010,0001,1222,106,2024-12-30 07:44:16.594514
00903,0001,1222,106,2024-12-30 07:44:16.610511
02961,0000,1222,106,2024-12-30 07:44:16.642436
54363,0000,1222,106,2024-12-30 07:44:16.658503
00059,0000,1222,106,2024-12-30 07:44:16.674493
01718,0001,1222,106,2024-12-30 07:44:16.690487
00880,0000,1222,106,2024-12-30 07:44:16.706492
01605,0000,1222,106,2024-12-30 07:44:16.722489
02194,0000,1222,106,2024-12-30 07:44:16.738490
-0004,0000,1222,106,2024-12-30 07:44:16.754476
33060,0000,1222,106,2024-12-30 07:44:16.770476
40274,0001,1222,106,2024-12-30 07:44:16.802077
04584,0000,1222,106,2024-12-30 07:44:16.818473
01345,0000,1222,106,2024-12-30 07:44:16.834476
05411,0000,1222,106,2024-12-30 07:44:16.850455
04512,0000,1222,106,2024-12-30 07:44:16.866448
08454,0001,1222,106,2024-12-30 07:44:16.882450
05525,0001,1222,106,2024-12-30 07:44:16.898438
13911,0000,1222,106,2024-12-30 07:44:16.914436
30179,0000,1222,106,2024-12-30 07:44:16.930437
04724,0000,1222,106,2024-12-30 07:44:16.946447
40791,0001,1222,106,2024-12-30 07:44:16.978427
03000,0000,1222,106,2024-12-30 07:44:16.994422
53013,0000,1222,106,2024-12-30 07:44:17.010422
03096,0000,1222,106,2024-12-30 07:44:17.026413
20075,0000,1222,106,2024-12-30 07:44:17.042422
29798,0000,1222,106,2024-12-30 07:44:17.058408
00059,0000,1222,106,2024-12-30 07:44:17.074410
02809,0000,1222,106,2024-12-30 07:44:17.090406
06249,0000,1222,106,2024-12-30 07:44:17.106407
23415,0000,1222,106,2024-12-30 07:44:17.138091
04835,0000,1222,106,2024-12-30 07:44:17.154393
04466,0000,1222,106,2024-12-30 07:44:17.170386
30330,0000,1222,106,2024-12-30 07:44:17.186390
06254,0000,1222,106,2024-12-30 07:44:17.202384
60693,0000,1222,106,2024-12-30 07:44:17.218389
28668,0000,1222,106,2024-12-30 07:44:17.234387
02308,0000,1222,106,2024-12-30 07:44:17.250399
27607,0000,1222,106,2024-12-30 07:44:17.266389
03772,0000,1222,106,2024-12-30 07:44:17.297769
23262,0000,1222,106,2024-12-30 07:44:17.314417
02687,0001,1222,106,2024-12-30 07:44:17.330402
10190,0000,1222,106,2024-12-30 07:44:17.346405
30214,0001,1222,106,2024-12-30 07:44:17.362415
21009,0000,1222,106,2024-12-30 07:44:17.378415
04666,0000,1223,106,2024-12-30 07:44:17.394419
05475,0000,1222,106,2024-12-30 07:44:17.410335
45737,0000,1222,106,2024-12-30 07:44:17.426341
01466,0000,1222,106,2024-12-30 07:44:17.442331
60864,0000,1222,106,2024-12-30 07:44:17.474137
33820,0000,1222,106,2024-12-30 07:44:17.490331
18577,0000,1222,106,2024-12-30 07:44:17.506326
13209,0000,1222,106,2024-12-30 07:44:17.522327
58112,0000,1222,106,2024-12-30 07:44:17.538326
19484,0000,1222,106,2024-12-30 07:44:17.554317
02648,0000,1222,106,2024-12-30 07:44:17.570314
04749,0000,1222,106,2024-12-30 07:44:17.586318
21348,0000,1222,106,2024-12-30 07:44:17.602314
26877,0000,1223,106,2024-12-30 07:44:17.633776
04534,0000,1222,106,2024-12-30 07:44:17.650294
03004,0000,1222,106,2024-12-30 07:44:17.666291
53000,0000,1222,106,2024-12-30 07:44:17.682288
08433,0000,1222,106,2024-12-30 07:44:17.698289
53211,0000,1222,106,2024-12-30 07:44:17.714290
04902,0000,1222,106,2024-12-30 07:44:17.730282
02001,0000,1222,106,2024-12-30 07:44:17.746290
20164,0000,1222,106,2024-12-30 07:44:17.762282
25821,0000,1222,106,2024-12-30 07:44:17.778275
05405,0000,1222,106,2024-12-30 07:44:17.810158
45687,0000,1222,106,2024-12-30 07:44:17.826269
10972,0000,1222,106,2024-12-30 07:44:17.842260
05412,0001,1222,106,2024-12-30 07:44:17.858256
30452,0000,1222,106,2024-12-30 07:44:17.874254
02593,0000,1222,106,2024-12-30 07:44:17.890242
58181,0000,1222,106,2024-12-30 07:44:17.906247
40002,0000,1223,106,2024-12-30 07:44:17.922239
13719,0000,1222,106,2024-12-30 07:44:17.938241
29063,0000,1222,106,2024-12-30 07:44:17.969797
23930,0000,1222,106,2024-12-30 07:44:17.986240
04654,0000,1223,106,2024-12-30 07:44:18.002223
52268,0000,1222,106,2024-12-30 07:44:18.018219
58315,0000,1222,106,2024-12-30 07:44:18.034216
05444,0000,1222,106,2024-12-30 07:44:18.050212
23365,0000,1222,106,2024-12-30 07:44:18.066210
54215,0000,1222,106,2024-12-30 07:44:18.082214
36889,0001,1222,106,2024-12-30 07:44:18.098207
60838,0000,1222,106,2024-12-30 07:44:18.114204
02622,0000,1222,106,2024-12-30 07:44:18.146187
02875,0001,1222,106,2024-12-30 07:44:18.162190
06300,0000,1222,106,2024-12-30 07:44:18.178182
13063,0000,1223,106,2024-12-30 07:44:18.194183
04657,0000,1222,106,2024-12-30 07:44:18.210177
17042,0000,1222,106,2024-12-30 07:44:18.226184
01844,0000,1223,106,2024-12-30 07:44:18.242187
18615,0000,1222,106,2024-12-30 07:44:18.258173
00745,0000,1222,106,2024-12-30 07:44:18.274174
02616,0000,1222,106,2024-12-30 07:44:18.305815
24093,0001,1222,106,2024-12-30 07:44:18.322166
04671,0000,1222,106,2024-12-30 07:44:18.338153
05415,0000,1223,106,2024-12-30 07:44:18.354164
04652,0000,1223,106,2024-12-30 07:44:18.370162
04836,0000,1222,106,2024-12-30 07:44:18.386146
00896,0000,1222,106,2024-12-30 07:44:18.402149
60794,0000,1223,106,2024-12-30 07:44:18.418149
05324,0000,1222,106,2024-12-30 07:44:18.434159
01769,0000,1222,106,2024-12-30 07:44:18.465453
05370,0000,1222,106,2024-12-30 07:44:18.482133
05132,0000,1223,106,2024-12-30 07:44:18.498136
04002,0000,1222,106,2024-12-30 07:44:18.514122
03812,0000,1222,106,2024-12-30 07:44:18.530120
58273,0000,1223,106,2024-12-30 07:44:18.546113
16038,0000,1223,106,2024-12-30 07:44:18.562117
03063,0000,1223,106,2024-12-30 07:44:18.578105
04752,0000,1222,106,2024-12-30 07:44:18.594114
05347,0000,1222,106,2024-12-30 07:44:18.610099
15702,0000,1223,106,2024-12-30 07:44:18.641833
33181,0000,1223,106,2024-12-30 07:44:18.658095
00993,0000,1222,106,2024-12-30 07:44:18.674090
21774,0000,1223,106,2024-12-30 07:44:18.690091
50884,0001,1223,106,2024-12-30 07:44:18.706086
02970,0000,1223,106,2024-12-30 07:44:18.722078
02523,0000,1223,106,2024-12-30 07:44:18.738086
38281,0000,1223,106,2024-12-30 07:44:18.754083
21977,0000,1222,106,2024-12-30 07:44:18.770083
15639,0000,1223,106,2024-12-30 07:44:18.801494
05402,0000,1222,106,2024-12-30 07:44:18.818063
58968,0000,1222,106,2024-12-30 07:44:18.834060
49162,0000,1222,106,2024-12-30 07:44:18.850049
20370,0000,1223,106,2024-12-30 07:44:18.866054
14706,0000,1223,106,2024-12-30 07:44:18.882052
04673,0001,1223,106,2024-12-30 07:44:18.898053
05372,0000,1222,106,2024-12-30 07:44:18.914044
04619,0000,1222,106,2024-12-30 07:44:18.930042
00376,0000,1223,106,2024-12-30 07:44:18.946038
04624,0000,1223,106,2024-12-30 07:44:18.977871
16265,0000,1222,106,2024-12-30 07:44:18.994030
30560,0000,1223,106,2024-12-30 07:44:19.010025
25641,0000,1223,106,2024-12-30 07:44:19.026026
09368,0000,1223,106,2024-12-30 07:44:19.042022
04482,0000,1222,106,2024-12-30 07:44:19.058016
09322,0001,1223,106,2024-12-30 07:44:19.074013
09018,0000,1223,106,2024-12-30 07:44:19.090016
03698,0001,1223,106,2024-12-30 07:44:19.106010
31691,0000,1223,106,2024-12-30 07:44:19.137511
00965,0001,1223,106,2024-12-30 07:44:19.154009
24132,0001,1222,106,2024-12-30 07:44:19.169987
37835,0000,1223,106,2024-12-30 07:44:19.185995
02439,0000,1223,106,2024-12-30 07:44:19.201989
42240,0000,1223,106,2024-12-30 07:44:19.217989
04028,0000,1223,106,2024-12-30 07:44:19.233980
59885,0001,1222,106,2024-12-30 07:44:19.249979
04376,0000,1222,106,2024-12-30 07:44:19.265978
00045,0001,1222,106,2024-12-30 07:44:19.281977
46289,0000,1223,106,2024-12-30 07:44:19.313925
01632,0000,1223,106,2024-12-30 07:44:19.329970
03734,0000,1223,106,2024-12-30 07:44:19.345971
49734,0000,1222,106,2024-12-30 07:44:19.361956
16407,0000,1223,106,2024-12-30 07:44:19.377959
28405,0000,1223,106,2024-12-30 07:44:19.393951
03862,0000,1223,106,2024-12-30 07:44:19.409949
00747,0000,1223,106,2024-12-30 07:44:19.425942
05295,0000,1223,106,2024-12-30 07:44:19.441938
42240,0000,1223,106,2024-12-30 07:44:19.473526
07625,0000,1223,106,2024-12-30 07:44:19.489934
29670,0000,1223,106,2024-12-30 07:44:19.505925
05454,0001,1223,106,2024-12-30 07:44:19.521930
03749,0000,1223,106,2024-12-30 07:44:19.537930
00765,0000,1223,106,2024-12-30 07:44:19.553935
56833,0000,1223,106,2024-12-30 07:44:19.569915
24759,0000,1223,106,2024-12-30 07:44:19.585909
29662,0000,1223,106,2024-12-30 07:44:19.601910
28903,0000,1223,106,2024-12-30 07:44:19.617896
03875,0000,1223,106,2024-12-30 07:44:19.649899
21421,0000,1223,106,2024-12-30 07:44:19.665899
48852,0000,1223,106,2024-12-30 07:44:19.681902
05457,0000,1223,106,2024-12-30 07:44:19.697886
61633,0000,1223,106,2024-12-30 07:44:19.713885
19258,0000,1223,106,2024-12-30 07:44:19.729885
05448,0000,1223,106,2024-12-30 07:44:19.745878
25034,0000,1223,106,2024-12-30 07:44:19.761889
02000,0000,1223,106,2024-12-30 07:44:19.777874
25843,0000,1223,106,2024-12-30 07:44:19.809559
00841,0000,1223,106,2024-12-30 07:44:19.825867
33159,0000,1223,106,2024-12-30 07:44:19.841861
15016,0000,1223,106,2024-12-30 07:44:19.857855
02792,0001,1223,106,2024-12-30 07:44:19.873852
03101,0000,1223,106,2024-12-30 07:44:19.889851
00839,0000,1223,106,2024-12-30 07:44:19.905851
33065,0000,1223,106,2024-12-30 07:44:19.921843
20896,0000,1223,106,2024-12-30 07:44:19.937860
24029,0000,1223,106,2024-12-30 07:44:19.969192
03902,0000,1223,106,2024-12-30 07:44:19.985832
04692,0001,1223,106,2024-12-30 07:44:20.001828
00986,0000,1223,106,2024-12-30 07:44:20.017822
02625,0000,1223,106,2024-12-30 07:44:20.033828
-0018,0000,1223,106,2024-12-30 07:44:20.049826
10757,0000,1223,106,2024-12-30 07:44:20.065825
66173,0000,1223,106,2024-12-30 07:44:20.081813
43270,0001,1223,106,2024-12-30 07:44:20.097818
22717,0000,1223,106,2024-12-30 07:44:20.113802
03909,0000,1223,106,2024-12-30 07:44:20.145568
04600,0000,1223,106,2024-12-30 07:44:20.161808
49139,0000,1223,106,2024-12-30 07:44:20.177795
03689,0000,1223,106,2024-12-30 07:44:20.193803
01736,0000,1223,106,2024-12-30 07:44:20.209792
52526,0000,1223,106,2024-12-30 07:44:20.225793
04382,0001,1223,106,2024-12-30 07:44:20.241787
20407,0000,1223,106,2024-12-30 07:44:20.257784
27393,0001,1223,106,2024-12-30 07:44:20.273773
19311,0000,1223,106,2024-12-30 07:44:20.305241
04790,0000,1223,106,2024-12-30 07:44:20.321774
49159,0000,1223,106,2024-12-30 07:44:20.337775
31053,0000,1223,106,2024-12-30 07:44:20.353773
46671,0001,1223,106,2024-12-30 07:44:20.369776
05457,0000,1223,106,2024-12-30 07:44:20.385780
01773,0000,1223,106,2024-12-30 07:44:20.401782
57309,0000,1223,106,2024-12-30 07:44:20.417783
03743,0001,1223,106,2024-12-30 07:44:20.433790
44157,0000,1223,106,2024-12-30 07:44:20.449788
13233,0000,1223,106,2024-12-30 07:44:20.481635
31577,0000,1223,106,2024-12-30 07:44:20.497795
02987,0000,1223,106,2024-12-30 07:44:20.513800
31290,0000,1223,106,2024-12-30 07:44:20.529727
46370,0000,1223,106,2024-12-30 07:44:20.545727
31318,0000,1223,106,2024-12-30 07:44:20.561722
03117,0000,1223,106,2024-12-30 07:44:20.577723
03154,0000,1223,106,2024-12-30 07:44:20.593713
52567,0000,1223,106,2024-12-30 07:44:20.609709
00743,0001,1223,106,2024-12-30 07:44:20.641242
04683,0000,1223,106,2024-12-30 07:44:20.657705
11565,0000,1223,106,2024-12-30 07:44:20.673697
03116,0000,1223,106,2024-12-30 07:44:20.689694
34036,0000,1223,106,2024-12-30 07:44:20.705695
59328,0000,1223,106,2024-12-30 07:44:20.721703
27692,0001,1223,106,2024-12-30 07:44:20.737685
03722,0000,1223,106,2024-12-30 07:44:20.753681
58158,0000,1223,106,2024-12-30 07:44:20.769675
02994,0001,1223,106,2024-12-30 07:44:20.785667
04470,0000,1223,106,2024-12-30 07:44:20.817628
12502,0000,1223,106,2024-12-30 07:44:20.833668
01660,0000,1223,106,2024-12-30 07:44:20.849657
55142,0000,1223,106,2024-12-30 07:44:20.865656
41604,0000,1223,106,2024-12-30 07:44:20.881650
05503,0000,1223,106,2024-12-30 07:44:20.897653
59920,0000,1223,106,2024-12-30 07:44:20.913647
01548,0000,1223,106,2024-12-30 07:44:20.929645
31307,0000,1223,106,2024-12-30 07:44:20.945645
00649,0000,1223,106,2024-12-30 07:44:20.977268
01995,0000,1223,106,2024-12-30 07:44:20.993644
13842,0001,1223,106,2024-12-30 07:44:21.009637
62817,0000,1223,106,2024-12-30 07:44:21.025632
06146,0000,1223,106,2024-12-30 07:44:21.041624
01702,0000,1223,106,2024-12-30 07:44:21.057630
52622,0000,1223,106,2024-12-30 07:44:21.073619
01689,0000,1223,106,2024-12-30 07:44:21.089622
42222,0000,1223,106,2024-12-30 07:44:21.105628
02825,0000,1223,106,2024-12-30 07:44:21.121602
02491,0000,1223,106,2024-12-30 07:44:21.153601
27252,0000,1223,106,2024-12-30 07:44:21.169604
20270,0000,1223,106,2024-12-30 07:44:21.185595
05432,0000,1223,106,2024-12-30 07:44:21.201593
63568,0000,1223,106,2024-12-30 07:44:21.217594
50869,0001,1223,106,2024-12-30 07:44:21.233595
05455,0000,1223,106,2024-12-30 07:44:21.249591
30462,0000,1223,106,2024-12-30 07:44:21.265583
55635,0000,1223,106,2024-12-30 07:44:21.281576
45575,0000,1223,106,2024-12-30 07:44:21.313297
21269,0000,1223,106,2024-12-30 07:44:21.329577
05486,0000,1223,106,2024-12-30 07:44:21.345566
23241,0000,1223,106,2024-12-30 07:44:21.361566
03876,0000,1223,106,2024-12-30 07:44:21.377555
03069,0000,1223,106,2024-12-30 07:44:21.393559
23237,0000,1223,106,2024-12-30 07:44:21.409551
40595,0000,1223,106,2024-12-30 07:44:21.425545
15498,0000,1223,106,2024-12-30 07:44:21.441546
00017,0000,1223,106,2024-12-30 07:44:21.472948
00322,0000,1223,106,2024-12-30 07:44:21.489545
60194,0000,1223,106,2024-12-30 07:44:21.505550
21067,0000,1223,106,2024-12-30 07:44:21.521527
64959,0000,1223,106,2024-12-30 07:44:21.537528
16499,0000,1223,106,2024-12-30 07:44:21.553525
05431,0000,1223,106,2024-12-30 07:44:21.569516
16393,0001,1223,106,2024-12-30 07:44:21.585517
03852,0000,1223,106,2024-12-30 07:44:21.601517
57328,0000,1223,106,2024-12-30 07:44:21.617516
03864,0000,1223,106,2024-12-30 07:44:21.649331
32276,0001,1224,106,2024-12-30 07:44:21.665501
62416,0000,1223,106,2024-12-30 07:44:21.681505
63410,0000,1223,106,2024-12-30 07:44:21.697500
19285,0000,1224,106,2024-12-30 07:44:21.713497
04786,0000,1223,106,2024-12-30 07:44:21.729494
19262,0000,1223,106,2024-12-30 07:44:21.745499
02387,0000,1223,106,2024-12-30 07:44:21.761489
03815,0001,1223,106,2024-12-30 07:44:21.777490
05529,0000,1223,106,2024-12-30 07:44:21.808974
50850,0000,1223,106,2024-12-30 07:44:21.825475
03956,0000,1223,106,2024-12-30 07:44:21.841469
21445,0000,1223,106,2024-12-30 07:44:21.857483
38494,0000,1223,106,2024-12-30 07:44:21.873472
04621,0000,1223,106,2024-12-30 07:44:21.889475
04673,0000,1223,106,2024-12-30 07:44:21.905462
33259,0000,1223,106,2024-12-30 07:44:21.921460
03097,0000,1223,106,2024-12-30 07:44:21.937450
24078,0000,1223,106,2024-12-30 07:44:21.953456
25900,0000,1223,106,2024-12-30 07:44:21.985353
05227,0000,1223,106,2024-12-30 07:44:22.001447
10226,0000,1223,106,2024-12-30 07:44:22.017448
10600,0000,1223,106,2024-12-30 07:44:22.033437
01687,0000,1223,106,2024-12-30 07:44:22.049430
13887,0000,1224,106,2024-12-30 07:44:22.065434
00911,0000,1224,106,2024-12-30 07:44:22.081423
02795,0000,1223,106,2024-12-30 07:44:22.097426
01686,0000,1224,106,2024-12-30 07:44:22.113419
05468,0000,1223,106,2024-12-30 07:44:22.144987
00641,0000,1223,106,2024-12-30 07:44:22.161411
10915,0000,1223,106,2024-12-30 07:44:22.177399
03151,0000,1223,106,2024-12-30 07:44:22.193401
09329,0000,1223,106,2024-12-30 07:44:22.209395
00967,0000,1223,106,2024-12-30 07:44:22.225397
14780,0000,1224,106,2024-12-30 07:44:22.241406
03889,0000,1223,106,2024-12-30 07:44:22.257391
10108,0000,1223,106,2024-12-30 07:44:22.273392
48354,0000,1223,106,2024-12-30 07:44:22.289379
50680,0000,1223,106,2024-12-30 07:44:22.321378
01187,0000,1224,106,2024-12-30 07:44:22.337371
18672,0000,1223,106,2024-12-30 07:44:22.353365
56473,0001,1224,106,2024-12-30 07:44:22.369363
04718,0000,1224,106,2024-12-30 07:44:22.385367
24995,0000,1223,106,2024-12-30 07:44:22.401365
24618,0000,1223,106,2024-12-30 07:44:22.417358
05468,0000,1224,106,2024-12-30 07:44:22.433355
08526,0000,1223,106,2024-12-30 07:44:22.449348
01759,0000,1223,106,2024-12-30 07:44:22.480989
16885,0000,1224,106,2024-12-30 07:44:22.497346
01813,0000,1224,106,2024-12-30 07:44:22.513337
10843,0000,1223,106,2024-12-30 07:44:22.529327
43165,0000,1224,106,2024-12-30 07:44:22.545335
14751,0000,1224,106,2024-12-30 07:44:22.561331
53028,0001,1223,106,2024-12-30 07:44:22.577327
02413,0000,1223,106,2024-12-30 07:44:22.593315
00912,0000,1224,106,2024-12-30 07:44:22.609318
00128,0000,1223,106,2024-12-30 07:44:22.640665
06261,0000,1223,106,2024-12-30 07:44:22.657315
37822,0000,1223,106,2024-12-30 07:44:22.673303
09362,0000,1224,106,2024-12-30 07:44:22.689298
60750,0000,1223,106,2024-12-30 07:44:22.705293
06261,0000,1223,106,2024-12-30 07:44:22.721292
18798,0000,1223,106,2024-12-30 07:44:22.737298
13913,0000,1224,106,2024-12-30 07:44:22.753286
05306,0000,1223,106,2024-12-30 07:44:22.769285
04558,0001,1224,106,2024-12-30 07:44:22.785291
57344,0000,1223,106,2024-12-30 07:44:22.817053
03808,0000,1224,106,2024-12-30 07:44:22.833274
58194,0000,1224,106,2024-12-30 07:44:22.849272
03731,0001,1224,106,2024-12-30 07:44:22.865274
62802,0000,1223,106,2024-12-30 07:44:22.881271
13979,0000,1224,106,2024-12-30 07:44:22.897262
14198,0000,1224,106,2024-12-30 07:44:22.913262
04569,0000,1223,106,2024-12-30 07:44:22.929248
10997,0000,1223,106,2024-12-30 07:44:22.945253
12349,0000,1223,106,2024-12-30 07:44:22.976679
21727,0000,1224,106,2024-12-30 07:44:22.993241
43196,0000,1224,106,2024-12-30 07:44:23.009231
24419,0000,1224,106,2024-12-30 07:44:23.025234
52579,0000,1224,106,2024-12-30 07:44:23.041235
29604,0000,1224,106,2024-12-30 07:44:23.057241
15336,0000,1223,106,2024-12-30 07:44:23.073225
01941,0000,1224,106,2024-12-30 07:44:23.089226
34570,0000,1224,106,2024-12-30 07:44:23.105214
25870,0000,1223,106,2024-12-30 07:44:23.121436
09549,0000,1224,106,2024-12-30 07:44:23.153079
29450,0000,1224,106,2024-12-30 07:44:23.169212
04612,0000,1223,106,2024-12-30 07:44:23.185212
34373,0000,1224,106,2024-12-30 07:44:23.201205
15707,0000,1223,106,2024-12-30 07:44:23.217200
04544,0000,1224,106,2024-12-30 07:44:23.233198
16482,0000,1224,106,2024-12-30 07:44:23.249196
57368,0000,1224,106,2024-12-30 07:44:23.265200
23278,0000,1224,106,2024-12-30 07:44:23.281179
40872,0000,1224,106,2024-12-30 07:44:23.312699
04785,0000,1224,106,2024-12-30 07:44:23.329175
20378,0000,1224,106,2024-12-30 07:44:23.345169
05436,0000,1224,106,2024-12-30 07:44:23.361169
00139,0000,1223,106,2024-12-30 07:44:23.377165
36183,0000,1224,106,2024-12-30 07:44:23.393163
05425,0000,1224,106,2024-12-30 07:44:23.409156
54330,0000,1224,106,2024-12-30 07:44:23.425155
41500,0000,1224,106,2024-12-30 07:44:23.441160
20400,0000,1224,106,2024-12-30 07:44:23.457161
07222,0000,1224,106,2024-12-30 07:44:23.489110
55741,0000,1224,106,2024-12-30 07:44:23.505169
05418,0000,1224,106,2024-12-30 07:44:23.521176
23280,0000,1224,106,2024-12-30 07:44:23.537178
20167,0000,1224,106,2024-12-30 07:44:23.553180
64414,0000,1224,106,2024-12-30 07:44:23.569176
22816,0000,1224,106,2024-12-30 07:44:23.585182
05398,0000,1224,106,2024-12-30 07:44:23.601180
02658,0000,1224,106,2024-12-30 07:44:23.617184
10066,0000,1224,106,2024-12-30 07:44:23.648742
58470,0000,1224,106,2024-12-30 07:44:23.665113
15642,0000,1224,106,2024-12-30 07:44:23.681112
06267,0000,1224,106,2024-12-30 07:44:23.697111
00945,0000,1224,106,2024-12-30 07:44:23.713138
64330,0000,1224,106,2024-12-30 07:44:23.729117
23999,0000,1224,106,2024-12-30 07:44:23.745108
56717,0000,1224,106,2024-12-30 07:44:23.761095
63486,0001,1224,106,2024-12-30 07:44:23.777091
18054,0000,1224,106,2024-12-30 07:44:23.793082
48193,0000,1224,106,2024-12-30 07:44:23.825088
03104,0000,1224,106,2024-12-30 07:44:23.841075
14846,0001,1224,106,2024-12-30 07:44:23.857067
60821,0000,1224,106,2024-12-30 07:44:23.873062
01103,0000,1224,106,2024-12-30 07:44:23.889066
00061,0000,1224,106,2024-12-30 07:44:23.905062
00104,0000,1224,106,2024-12-30 07:44:23.921060
10216,0000,1224,106,2024-12-30 07:44:23.937057
14749,0000,1224,106,2024-12-30 07:44:23.953060
21721,0000,1224,106,2024-12-30 07:44:23.984766
04666,0000,1224,106,2024-12-30 07:44:24.001036
30516,0000,1224,106,2024-12-30 07:44:24.017032
20173,0000,1224,106,2024-12-30 07:44:24.033034
04668,0000,1224,106,2024-12-30 07:44:24.049029
24142,0000,1224,106,2024-12-30 07:44:24.065033
32256,0000,1224,106,2024-12-30 07:44:24.081021
05416,0000,1224,106,2024-12-30 07:44:24.097022
01201,0000,1224,106,2024-12-30 07:44:24.113019
02456,0000,1224,106,2024-12-30 07:44:24.144401
04965,0000,1224,106,2024-12-30 07:44:24.161015
-0011,0000,1224,106,2024-12-30 07:44:24.177005
27196,0000,1224,106,2024-12-30 07:44:24.193005
22901,0000,1224,106,2024-12-30 07:44:24.209001
63212,0000,1224,106,2024-12-30 07:44:24.224989
03033,0000,1224,106,2024-12-30 07:44:24.241007
39953,0000,1224,106,2024-12-30 07:44:24.256984
44890,0000,1224,106,2024-12-30 07:44:24.272987
44834,0000,1224,106,2024-12-30 07:44:24.288983
03821,0000,1224,106,2024-12-30 07:44:24.320786
10836,0001,1224,106,2024-12-30 07:44:24.336984
00856,0000,1224,106,2024-12-30 07:44:24.352969
04684,0000,1224,106,2024-12-30 07:44:24.368973
13933,0000,1224,106,2024-12-30 07:44:24.384962
11579,0000,1224,106,2024-12-30 07:44:24.400969
03299,0000,1224,106,2024-12-30 07:44:24.416957
04654,0000,1224,106,2024-12-30 07:44:24.432962
21837,0000,1224,106,2024-12-30 07:44:24.448967
04619,0000,1224,106,2024-12-30 07:44:24.480423
19554,0000,1224,106,2024-12-30 07:44:24.496942
20859,0000,1224,106,2024-12-30 07:44:24.512946
03644,0000,1224,106,2024-12-30 07:44:24.528930
54313,0001,1224,106,2024-12-30 07:44:24.544932
03869,0001,1224,106,2024-12-30 07:44:24.560928
00062,0000,1224,106,2024-12-30 07:44:24.576925
04649,0000,1224,106,2024-12-30 07:44:24.592936
47469,0000,1224,106,2024-12-30 07:44:24.608922
02267,0000,1224,106,2024-12-30 07:44:24.624914
60765,0000,1224,106,2024-12-30 07:44:24.656802
19317,0000,1224,106,2024-12-30 07:44:24.672906
13391,0000,1224,106,2024-12-30 07:44:24.688904
44939,0001,1224,106,2024-12-30 07:44:24.704900
31058,0001,1224,106,2024-12-30 07:44:24.720903
03931,0001,1224,106,2024-12-30 07:44:24.736894
62789,0001,1224,106,2024-12-30 07:44:24.752892
36001,0000,1224,106,2024-12-30 07:44:24.768884
04927,0000,1224,106,2024-12-30 07:44:24.784887
03548,0000,1224,106,2024-12-30 07:44:24.816447
04913,0000,1224,106,2024-12-30 07:44:24.832875
02320,0000,1224,106,2024-12-30 07:44:24.848875
63576,0000,1224,106,2024-12-30 07:44:24.864868
05498,0001,1224,106,2024-12-30 07:44:24.880870
55585,0000,1224,106,2024-12-30 07:44:24.896861
41606,0000,1224,106,2024-12-30 07:44:24.912868
01850,0000,1224,106,2024-12-30 07:44:24.928861
00786,0000,1224,106,2024-12-30 07:44:24.944850
00814,0001,1224,106,2024-12-30 07:44:24.960851
30881,0000,1224,106,2024-12-30 07:44:24.992832
18539,0000,1224,106,2024-12-30 07:44:25.008842
13124,0000,1224,106,2024-12-30 07:44:25.024838
53449,0000,1224,106,2024-12-30 07:44:25.040843
17313,0000,1224,106,2024-12-30 07:44:25.056830
00061,0000,1224,106,2024-12-30 07:44:25.072822
09246,0000,1224,106,2024-12-30 07:44:25.088823
04592,0000,1224,106,2024-12-30 07:44:25.104830
01870,0000,1224,106,2024-12-30 07:44:25.120825
05384,0000,1224,106,2024-12-30 07:44:25.152467
00010,0001,1224,106,2024-12-30 07:44:25.168815
53850,0000,1224,106,2024-12-30 07:44:25.184811
59926,0000,1224,106,2024-12-30 07:44:25.200803
07031,0000,1224,106,2024-12-30 07:44:25.216809
11076,0001,1224,106,2024-12-30 07:44:25.232796
03023,0000,1224,106,2024-12-30 07:44:25.248802
49008,0000,1224,106,2024-12-30 07:44:25.264794
02348,0000,1224,106,2024-12-30 07:44:25.280788
03529,0000,1224,106,2024-12-30 07:44:25.312106
04594,0000,1224,106,2024-12-30 07:44:25.328791
11031,0000,1224,106,2024-12-30 07:44:25.344775
56862,0000,1224,106,2024-12-30 07:44:25.360774
10112,0000,1224,106,2024-12-30 07:44:25.376779
02600,0000,1224,106,2024-12-30 07:44:25.392780
50952,0000,1224,106,2024-12-30 07:44:25.408766
05548,0000,1224,106,2024-12-30 07:44:25.424758
00976,0000,1224,106,2024-12-30 07:44:25.440756
05537,0000,1224,106,2024-12-30 07:44:25.456752
04553,0000,1225,106,2024-12-30 07:44:25.488493
20940,0000,1224,106,2024-12-30 07:44:25.504753
05482,0000,1224,106,2024-12-30 07:44:25.520739
03729,0000,1224,106,2024-12-30 07:44:25.536739
08508,0000,1224,106,2024-12-30 07:44:25.552732
47225,0000,1224,106,2024-12-30 07:44:25.568735
24868,0000,1224,106,2024-12-30 07:44:25.584721
04539,0001,1224,106,2024-12-30 07:44:25.600728
10222,0000,1224,106,2024-12-30 07:44:25.616722
02147,0000,1224,106,2024-12-30 07:44:25.648127
55600,0000,1224,106,2024-12-30 07:44:25.664711
01422,0000,1224,106,2024-12-30 07:44:25.680708
04639,0000,1224,106,2024-12-30 07:44:25.696719
31538,0000,1224,106,2024-12-30 07:44:25.712701
57609,0000,1224,106,2024-12-30 07:44:25.728708
21054,0000,1224,106,2024-12-30 07:44:25.744704
03893,0000,1224,106,2024-12-30 07:44:25.760702
61553,0000,1224,106,2024-12-30 07:44:25.776701
22608,0000,1224,106,2024-12-30 07:44:25.792701
20242,0000,1224,106,2024-12-30 07:44:25.824522
47148,0000,1224,106,2024-12-30 07:44:25.840680
01582,0000,1224,106,2024-12-30 07:44:25.856673
00832,0000,1224,106,2024-12-30 07:44:25.872675
23452,0000,1224,106,2024-12-30 07:44:25.888677
06266,0000,1224,106,2024-12-30 07:44:25.904674
01051,0000,1224,106,2024-12-30 07:44:25.920670
50524,0000,1224,106,2024-12-30 07:44:25.936662
03949,0000,1224,106,2024-12-30 07:44:25.952664
14765,0001,1224,106,2024-12-30 07:44:25.984159
38495,0000,1224,106,2024-12-30 07:44:26.000654
01691,0000,1224,106,2024-12-30 07:44:26.016645
04483,0000,1224,106,2024-12-30 07:44:26.032643
11034,0000,1224,106,2024-12-30 07:44:26.048640
04589,0001,1224,106,2024-12-30 07:44:26.064646
24779,0000,1224,106,2024-12-30 07:44:26.080634
03726,0001,1224,106,2024-12-30 07:44:26.096637
02951,0001,1224,106,2024-12-30 07:44:26.112629
24948,0001,1224,106,2024-12-30 07:44:26.128628
19474,0000,1224,106,2024-12-30 07:44:26.160551
03918,0000,1224,106,2024-12-30 07:44:26.176623
04593,0000,1224,106,2024-12-30 07:44:26.192610
25797,0000,1224,106,2024-12-30 07:44:26.208612
33908,0000,1224,106,2024-12-30 07:44:26.224603
29381,0000,1224,106,2024-12-30 07:44:26.240622
11065,0000,1224,106,2024-12-30 07:44:26.256598
04573,0001,1224,106,2024-12-30 07:44:26.272597
00954,0000,1224,106,2024-12-30 07:44:26.288596
14726,0000,1224,106,2024-12-30 07:44:26.320182
05525,0000,1224,106,2024-12-30 07:44:26.336588
61091,0000,1224,106,2024-12-30 07:44:26.352584
03871,0000,1224,106,2024-12-30 07:44:26.368581
44726,0000,1225,106,2024-12-30 07:44:26.384576
48962,0000,1224,106,2024-12-30 07:44:26.400571
24903,0001,1225,106,2024-12-30 07:44:26.416571
40326,0001,1224,106,2024-12-30 07:44:26.432560
11044,0000,1224,106,2024-12-30 07:44:26.448560
00304,0000,1224,106,2024-12-30 07:44:26.464554
05511,0000,1224,106,2024-12-30 07:44:26.496547
04509,0000,1224,106,2024-12-30 07:44:26.512546
09990,0000,1224,106,2024-12-30 07:44:26.528539
01785,0000,1224,106,2024-12-30 07:44:26.544542
40847,0000,1224,106,2024-12-30 07:44:26.560544
27903,0000,1224,106,2024-12-30 07:44:26.576540
11009,0000,1225,106,2024-12-30 07:44:26.592544
58524,0000,1225,106,2024-12-30 07:44:26.608552
04694,0000,1224,106,2024-12-30 07:44:26.624556
62382,0000,1224,106,2024-12-30 07:44:26.656242
19488,0000,1224,106,2024-12-30 07:44:26.672559
06246,0000,1224,106,2024-12-30 07:44:26.688563
20868,0000,1224,106,2024-12-30 07:44:26.704565
46289,0000,1224,106,2024-12-30 07:44:26.720569
03758,0001,1224,106,2024-12-30 07:44:26.736568
24846,0000,1224,106,2024-12-30 07:44:26.752504
05445,0000,1224,106,2024-12-30 07:44:26.768499
04655,0000,1224,106,2024-12-30 07:44:26.784486
45525,0000,1224,106,2024-12-30 07:44:26.815848
00697,0000,1225,106,2024-12-30 07:44:26.832492
51368,0000,1224,106,2024-12-30 07:44:26.848481
37695,0000,1224,106,2024-12-30 07:44:26.864484
09328,0000,1225,106,2024-12-30 07:44:26.880476
20677,0000,1224,106,2024-12-30 07:44:26.896477
03845,0000,1225,106,2024-12-30 07:44:26.912471
00035,0000,1224,106,2024-12-30 07:44:26.928472
03861,0000,1224,106,2024-12-30 07:44:26.944474
03849,0000,1224,106,2024-12-30 07:44:26.960475
50004,0000,1224,106,2024-12-30 07:44:26.992240
03810,0000,1225,106,2024-12-30 07:44:27.008456
24066,0000,1224,106,2024-12-30 07:44:27.024451
49198,0000,1225,106,2024-12-30 07:44:27.040440
33233,0001,1224,106,2024-12-30 07:44:27.056442
09382,0000,1224,106,2024-12-30 07:44:27.072438
34391,0001,1224,106,2024-12-30 07:44:27.088435
01020,0001,1224,106,2024-12-30 07:44:27.104437
11013,0000,1224,106,2024-12-30 07:44:27.120425
03822,0000,1224,106,2024-12-30 07:44:27.151877
03925,0000,1225,106,2024-12-30 07:44:27.168425
04636,0001,1225,106,2024-12-30 07:44:27.184411
01538,0000,1224,106,2024-12-30 07:44:27.200418
04629,0000,1225,106,2024-12-30 07:44:27.216411
46663,0000,1225,106,2024-12-30 07:44:27.232410
63628,0000,1225,106,2024-12-30 07:44:27.248414
09130,0000,1224,106,2024-12-30 07:44:27.264409
49964,0000,1225,106,2024-12-30 07:44:27.280399
15856,0000,1225,106,2024-12-30 07:44:27.296408
51367,0000,1225,106,2024-12-30 07:44:27.328273
04669,0000,1225,106,2024-12-30 07:44:27.344396
04444,0001,1225,106,2024-12-30 07:44:27.360385
04614,0000,1224,106,2024-12-30 07:44:27.376386
04494,0000,1225,106,2024-12-30 07:44:27.392378
58352,0000,1224,106,2024-12-30 07:44:27.408379
03689,0000,1224,106,2024-12-30 07:44:27.424372
00678,0000,1224,106,2024-12-30 07:44:27.440373
28810,0000,1224,106,2024-12-30 07:44:27.456368
43353,0001,1225,106,2024-12-30 07:44:27.487900
18616,0000,1225,106,2024-12-30 07:44:27.504358
15562,0000,1225,106,2024-12-30 07:44:27.520350
01918,0001,1224,106,2024-12-30 07:44:27.536355
00784,0000,1225,106,2024-12-30 07:44:27.552347
06924,0000,1224,106,2024-12-30 07:44:27.568344
06171,0000,1225,106,2024-12-30 07:44:27.584339
04705,0000,1225,106,2024-12-30 07:44:27.600334
02956,0000,1224,106,2024-12-30 07:44:27.616329
32254,0000,1224,106,2024-12-30 07:44:27.632322
04474,0000,1224,106,2024-12-30 07:44:27.664280
03790,0000,1225,106,2024-12-30 07:44:27.680321
03076,0000,1224,106,2024-12-30 07:44:27.696315
05309,0000,1224,106,2024-12-30 07:44:27.712317
00789,0000,1224,106,2024-12-30 07:44:27.728318
09148,0000,1225,106,2024-12-30 07:44:27.744324
33968,0000,1225,106,2024-12-30 07:44:27.760301
01839,0000,1225,106,2024-12-30 07:44:27.776298
04610,0000,1224,106,2024-12-30 07:44:27.792300
59019,0000,1224,106,2024-12-30 07:44:27.823951
10160,0000,1225,106,2024-12-30 07:44:27.840292
14910,0000,1225,106,2024-12-30 07:44:27.856287
21932,0000,1225,106,2024-12-30 07:44:27.872281
44088,0000,1225,106,2024-12-30 07:44:27.888283
00705,0000,1225,106,2024-12-30 07:44:27.904270
02725,0000,1225,106,2024-12-30 07:44:27.920276
00001,0000,1225,106,2024-12-30 07:44:27.936269
04541,0001,1225,106,2024-12-30 07:44:27.952268
00176,0000,1225,106,2024-12-30 07:44:27.968267
15674,0000,1224,106,2024-12-30 07:44:28.000257
49812,0000,1225,106,2024-12-30 07:44:28.016253
03216,0000,1225,106,2024-12-30 07:44:28.032248
06344,0000,1225,106,2024-12-30 07:44:28.048252
50078,0000,1225,106,2024-12-30 07:44:28.064242
17214,0000,1225,106,2024-12-30 07:44:28.080249
23883,0001,1225,106,2024-12-30 07:44:28.096241
10218,0000,1225,106,2024-12-30 07:44:28.112243
64438,0000,1225,106,2024-12-30 07:44:28.128240
10128,0000,1225,106,2024-12-30 07:44:28.159967
07086,0000,1225,106,2024-12-30 07:44:28.176226
32172,0000,1225,106,2024-12-30 07:44:28.192224
01738,0001,1225,106,2024-12-30 07:44:28.208222
19362,0000,1225,106,2024-12-30 07:44:28.224224
05259,0000,1225,106,2024-12-30 07:44:28.240231
00067,0001,1225,106,2024-12-30 07:44:28.256216
14040,0001,1225,106,2024-12-30 07:44:28.272206
00835,0000,1225,106,2024-12-30 07:44:28.288201
04665,0000,1225,106,2024-12-30 07:44:28.319584
02351,0000,1225,106,2024-12-30 07:44:28.336196
60239,0000,1225,106,2024-12-30 07:44:28.352184
20993,0000,1225,106,2024-12-30 07:44:28.368187
04677,0001,1224,106,2024-12-30 07:44:28.384184
03882,0000,1225,106,2024-12-30 07:44:28.400185
17758,0001,1224,106,2024-12-30 07:44:28.416173
46714,0001,1225,106,2024-12-30 07:44:28.432172
54270,0001,1225,106,2024-12-30 07:44:28.448162
61963,0000,1225,106,2024-12-30 07:44:28.464167
05395,0000,1225,106,2024-12-30 07:44:28.495985
19344,0000,1225,106,2024-12-30 07:44:28.512165
63476,0000,1225,106,2024-12-30 07:44:28.528161
18376,0000,1225,106,2024-12-30 07:44:28.544147
54762,0000,1225,106,2024-12-30 07:44:28.560141
04597,0000,1225,106,2024-12-30 07:44:28.576150
49221,0000,1226,106,2024-12-30 07:44:28.592142
50087,0000,1225,106,2024-12-30 07:44:28.608141
62816,0000,1225,106,2024-12-30 07:44:28.624131
60279,0000,1225,106,2024-12-30 07:44:28.655622
20299,0000,1225,106,2024-12-30 07:44:28.672127
03831,0000,1225,106,2024-12-30 07:44:28.688124
44566,0001,1225,106,2024-12-30 07:44:28.704126
11641,0000,1225,106,2024-12-30 07:44:28.720114
00942,0000,1225,106,2024-12-30 07:44:28.736117
25747,0000,1225,106,2024-12-30 07:44:28.752116
04567,0000,1225,106,2024-12-30 07:44:28.768110
07783,0001,1225,106,2024-12-30 07:44:28.784107
03894,0000,1225,106,2024-12-30 07:44:28.800099
44087,0000,1225,106,2024-12-30 07:44:28.832000
04650,0000,1225,106,2024-12-30 07:44:28.848094
17906,0000,1225,106,2024-12-30 07:44:28.864085
-0003,0000,1225,106,2024-12-30 07:44:28.880085
04639,0000,1225,106,2024-12-30 07:44:28.896092
00794,0000,1225,106,2024-12-30 07:44:28.912093
09326,0001,1225,106,2024-12-30 07:44:28.928088
01980,0000,1225,106,2024-12-30 07:44:28.944071
26531,0000,1225,106,2024-12-30 07:44:28.960068
18733,0000,1225,106,2024-12-30 07:44:28.991642
01551,0000,1225,106,2024-12-30 07:44:29.008064
04802,0000,1225,106,2024-12-30 07:44:29.024069
09293,0000,1225,106,2024-12-30 07:44:29.040064
07193,0000,1225,106,2024-12-30 07:44:29.056051
09252,0000,1225,106,2024-12-30 07:44:29.072054
10799,0000,1225,106,2024-12-30 07:44:29.088044
54742,0000,1225,106,2024-12-30 07:44:29.104045
00057,0000,1225,106,2024-12-30 07:44:29.120046
03851,0000,1225,106,2024-12-30 07:44:29.136032
00904,0001,1225,106,2024-12-30 07:44:29.168038
03113,0000,1225,106,2024-12-30 07:44:29.184030
01665,0000,1225,106,2024-12-30 07:44:29.200019
66641,0000,1225,106,2024-12-30 07:44:29.216015
11077,0000,1225,106,2024-12-30 07:44:29.232009
31133,0000,1225,106,2024-12-30 07:44:29.248023
50836,0000,1225,106,2024-12-30 07:44:29.264008
23009,0000,1225,106,2024-12-30 07:44:29.280009
40791,0000,1225,106,2024-12-30 07:44:29.296009
03833,0001,1225,106,2024-12-30 07:44:29.327674
44622,0000,1225,106,2024-12-30 07:44:29.344003
06155,0000,1225,106,2024-12-30 07:44:29.359994
04866,0000,1225,106,2024-12-30 07:44:29.375999
22058,0000,1225,106,2024-12-30 07:44:29.391988
01534,0000,1225,106,2024-12-30 07:44:29.407987
08530,0000,1225,106,2024-12-30 07:44:29.423986
49184,0000,1225,106,2024-12-30 07:44:29.439992
05462,0000,1225,106,2024-12-30 07:44:29.455974
05359,0000,1225,106,2024-12-30 07:44:29.487304
59829,0000,1225,106,2024-12-30 07:44:29.503966
14771,0000,1225,106,2024-12-30 07:44:29.519957
57335,0000,1225,106,2024-12-30 07:44:29.535960
03667,0000,1225,106,2024-12-30 07:44:29.551957
29686,0000,1225,106,2024-12-30 07:44:29.567953
03269,0000,1225,106,2024-12-30 07:44:29.583948
54221,0000,1225,106,2024-12-30 07:44:29.599944
67860,0000,1225,106,2024-12-30 07:44:29.615934
03671,0001,1225,106,2024-12-30 07:44:29.631939
-0001,0000,1225,106,2024-12-30 07:44:29.663616
43332,0000,1225,106,2024-12-30 07:44:29.679932
44122,0001,1225,106,2024-12-30 07:44:29.695936
27238,0000,1225,106,2024-12-30 07:44:29.711940
38757,0000,1225,106,2024-12-30 07:44:29.727937
11797,0000,1225,106,2024-12-30 07:44:29.743946
66793,0000,1225,106,2024-12-30 07:44:29.759943
05553,0000,1225,106,2024-12-30 07:44:29.775944
03018,0000,1225,106,2024-12-30 07:44:29.791952
53089,0000,1225,106,2024-12-30 07:44:29.823358
59032,0000,1225,106,2024-12-30 07:44:29.839956
05422,0000,1225,106,2024-12-30 07:44:29.855962
02715,0000,1225,106,2024-12-30 07:44:29.871961
67016,0000,1225,106,2024-12-30 07:44:29.887893
14811,0000,1225,106,2024-12-30 07:44:29.903892
10961,0000,1226,106,2024-12-30 07:44:29.919887
01396,0000,1225,106,2024-12-30 07:44:29.935887
06446,0000,1225,106,2024-12-30 07:44:29.951877
01805,0001,1225,106,2024-12-30 07:44:29.967878
45333,0000,1225,106,2024-12-30 07:44:29.999726
03059,0000,1225,106,2024-12-30 07:44:30.015864
18724,0000,1225,106,2024-12-30 07:44:30.031869
02814,0000,1225,106,2024-12-30 07:44:30.047860
64399,0000,1225,106,2024-12-30 07:44:30.063859
49739,0001,1225,106,2024-12-30 07:44:30.079864
02604,0000,1225,106,2024-12-30 07:44:30.095866
67533,0000,1225,106,2024-12-30 07:44:30.111847
04612,0000,1225,106,2024-12-30 07:44:30.127842
31421,0000,1225,106,2024-12-30 07:44:30.159342
05448,0000,1225,106,2024-12-30 07:44:30.175839
58486,0000,1225,106,2024-12-30 07:44:30.191834
04824,0000,1225,106,2024-12-30 07:44:30.207835
04637,0000,1225,106,2024-12-30 07:44:30.223827
18779,0000,1225,106,2024-12-30 07:44:30.239842
03887,0000,1225,106,2024-12-30 07:44:30.255821
18569,0000,1225,106,2024-12-30 07:44:30.271810
03004,0000,1225,106,2024-12-30 07:44:30.287812
13923,0000,1225,106,2024-12-30 07:44:30.303817
15592,0001,1225,106,2024-12-30 07:44:30.335738
65343,0000,1226,106,2024-12-30 07:44:30.351797
22338,0001,1225,106,2024-12-30 07:44:30.367789
07754,0000,1226,106,2024-12-30 07:44:30.383793
42400,0000,1225,106,2024-12-30 07:44:30.399785
00929,0000,1225,106,2024-12-30 07:44:30.415789
38639,0000,1225,106,2024-12-30 07:44:30.431784
03689,0000,1225,106,2024-12-30 07:44:30.447796
03877,0000,1225,106,2024-12-30 07:44:30.463803
07856,0000,1225,106,2024-12-30 07:44:30.495390
04390,0000,1225,106,2024-12-30 07:44:30.511770
01505,0000,1225,106,2024-12-30 07:44:30.527766
49140,0000,1225,106,2024-12-30 07:44:30.543755
04674,0001,1225,106,2024-12-30 07:44:30.559762
02275,0000,1225,106,2024-12-30 07:44:30.575752
42425,0000,1225,106,2024-12-30 07:44:30.591753
02320,0000,1225,106,2024-12-30 07:44:30.607743
05425,0000,1225,106,2024-12-30 07:44:30.623748
00957,0001,1225,106,2024-12-30 07:44:30.639734
04609,0001,1225,106,2024-12-30 07:44:30.671739
05485,0000,1225,106,2024-12-30 07:44:30.687735
08486,0000,1225,106,2024-12-30 07:44:30.703731
00062,0000,1225,106,2024-12-30 07:44:30.719728
54748,0000,1225,106,2024-12-30 07:44:30.735723
48843,0000,1225,106,2024-12-30 07:44:30.751727
21302,0001,1225,106,2024-12-30 07:44:30.767717
39046,0000,1225,106,2024-12-30 07:44:30.783717
02612,0000,1225,106,2024-12-30 07:44:30.799709
04834,0000,1226,106,2024-12-30 07:44:30.831403
53930,0000,1225,106,2024-12-30 07:44:30.847720
53926,0000,1225,106,2024-12-30 07:44:30.863710
00113,0001,1226,106,2024-12-30 07:44:30.879696
33200,0001,1225,106,2024-12-30 07:44:30.895699
49140,0000,1225,106,2024-12-30 07:44:30.911693
21215,0000,1225,106,2024-12-30 07:44:30.927697
00145,0000,1225,106,2024-12-30 07:44:30.943684
05259,0000,1226,106,2024-12-30 07:44:30.959685
04006,0000,1225,106,2024-12-30 07:44:30.991048
13323,0000,1225,106,2024-12-30 07:44:31.007669
00986,0000,1225,106,2024-12-30 07:44:31.023674
03031,0000,1225,106,2024-12-30 07:44:31.039665
29513,0000,1225,106,2024-12-30 07:44:31.055656
04713,0001,1226,106,2024-12-30 07:44:31.071658
04653,0000,1225,106,2024-12-30 07:44:31.087664
16560,0000,1225,106,2024-12-30 07:44:31.103652
01458,0000,1226,106,2024-12-30 07:44:31.119648
60702,0000,1225,106,2024-12-30 07:44:31.135646
05355,0000,1225,106,2024-12-30 07:44:31.167446
16409,0000,1225,106,2024-12-30 07:44:31.183632
58589,0000,1226,106,2024-12-30 07:44:31.199636
03063,0000,1225,106,2024-12-30 07:44:31.215623
04603,0001,1225,106,2024-12-30 07:44:31.231631
01251,0000,1225,106,2024-12-30 07:44:31.247643
09259,0001,1226,106,2024-12-30 07:44:31.263637
52231,0000,1225,106,2024-12-30 07:44:31.279615
03914,0000,1226,106,2024-12-30 07:44:31.295611
16087,0000,1225,106,2024-12-30 07:44:31.327060
15572,0001,1225,106,2024-12-30 07:44:31.343606
04758,0000,1226,106,2024-12-30 07:44:31.359605
25068,0000,1225,106,2024-12-30 07:44:31.375607
04632,0000,1226,106,2024-12-30 07:44:31.391593
05429,0000,1226,106,2024-12-30 07:44:31.407596
08444,0000,1226,106,2024-12-30 07:44:31.423587
00667,0000,1226,106,2024-12-30 07:44:31.439588
48722,0000,1225,106,2024-12-30 07:44:31.455579
09400,0000,1225,106,2024-12-30 07:44:31.471579
24952,0000,1225,106,2024-12-30 07:44:31.503467
10847,0000,1225,106,2024-12-30 07:44:31.519575
40938,0000,1225,106,2024-12-30 07:44:31.535572
09314,0000,1226,106,2024-12-30 07:44:31.551570
52239,0000,1225,106,2024-12-30 07:44:31.567566
15455,0000,1226,106,2024-12-30 07:44:31.583563
42391,0001,1226,106,2024-12-30 07:44:31.599560
42398,0001,1225,106,2024-12-30 07:44:31.615560
01473,0000,1225,106,2024-12-30 07:44:31.631552
04894,0000,1226,106,2024-12-30 07:44:31.663105
-0018,0000,1225,106,2024-12-30 07:44:31.679542
04629,0000,1225,106,2024-12-30 07:44:31.695535
57423,0000,1226,106,2024-12-30 07:44:31.711532
22709,0000,1225,106,2024-12-30 07:44:31.727530
04604,0000,1226,106,2024-12-30 07:44:31.743532
00777,0000,1226,106,2024-12-30 07:44:31.759530
36084,0000,1226,106,2024-12-30 07:44:31.775518
18657,0001,1225,106,2024-12-30 07:44:31.791521
00873,0000,1225,106,2024-12-30 07:44:31.807528
63210,0001,1226,106,2024-12-30 07:44:31.839491
45646,0001,1226,106,2024-12-30 07:44:31.855507
-0023,0000,1226,106,2024-12-30 07:44:31.871500
00755,0000,1226,106,2024-12-30 07:44:31.887500
35153,0000,1226,106,2024-12-30 07:44:31.903491
14979,0000,1226,106,2024-12-30 07:44:31.919499
03862,0000,1226,106,2024-12-30 07:44:31.935491
36074,0000,1226,106,2024-12-30 07:44:31.951484
15667,0000,1226,106,2024-12-30 07:44:31.967477
02821,0000,1226,106,2024-12-30 07:44:31.999124
01177,0000,1226,106,2024-12-30 07:44:32.015473
29487,0000,1226,106,2024-12-30 07:44:32.031473
11796,0000,1226,106,2024-12-30 07:44:32.047461
38647,0000,1226,106,2024-12-30 07:44:32.063460
61050,0000,1226,106,2024-12-30 07:44:32.079453
00700,0000,1226,106,2024-12-30 07:44:32.095457
02489,0000,1226,106,2024-12-30 07:44:32.111459
29680,0000,1226,106,2024-12-30 07:44:32.127447
00696,0001,1226,106,2024-12-30 07:44:32.158763
05475,0000,1226,106,2024-12-30 07:44:32.175436
20283,0000,1226,106,2024-12-30 07:44:32.191439
04635,0000,1225,106,2024-12-30 07:44:32.207437
02827,0000,1226,106,2024-12-30 07:44:32.223436
18447,0000,1226,106,2024-12-30 07:44:32.239433
06211,0000,1226,106,2024-12-30 07:44:32.255430
02312,0000,1226,106,2024-12-30 07:44:32.271419
47529,0000,1226,106,2024-12-30 07:44:32.287426
32492,0000,1226,106,2024-12-30 07:44:32.303436
07717,0000,1225,106,2024-12-30 07:44:32.335149
03001,0000,1226,106,2024-12-30 07:44:32.351401
52245,0000,1226,106,2024-12-30 07:44:32.367409
10203,0000,1226,106,2024-12-30 07:44:32.383396
04718,0000,1226,106,2024-12-30 07:44:32.399402
30417,0001,1226,106,2024-12-30 07:44:32.415399
01810,0000,1226,106,2024-12-30 07:44:32.431405
10155,0001,1226,106,2024-12-30 07:44:32.447388
04642,0000,1226,106,2024-12-30 07:44:32.463386
02711,0000,1226,106,2024-12-30 07:44:32.494814
14661,0000,1226,106,2024-12-30 07:44:32.511370
07752,0000,1226,106,2024-12-30 07:44:32.527378
05345,0000,1226,106,2024-12-30 07:44:32.543374
58981,0001,1226,106,2024-12-30 07:44:32.559374
15391,0000,1226,106,2024-12-30 07:44:32.575366
49682,0000,1226,106,2024-12-30 07:44:32.591364
25255,0000,1226,106,2024-12-30 07:44:32.607358
55989,0001,1226,106,2024-12-30 07:44:32.623349
01153,0000,1226,106,2024-12-30 07:44:32.639351
05483,0001,1225,106,2024-12-30 07:44:32.671186
18110,0000,1226,106,2024-12-30 07:44:32.687341
45708,0001,1226,106,2024-12-30 07:44:32.703340
14498,0000,1226,106,2024-12-30 07:44:32.719339
28656,0000,1226,106,2024-12-30 07:44:32.735338
62594,0000,1226,106,2024-12-30 07:44:32.751330
50733,0000,1226,106,2024-12-30 07:44:32.767324
54305,0000,1226,106,2024-12-30 07:44:32.783323
04791,0000,1226,106,2024-12-30 07:44:32.799319
26620,0000,1226,106,2024-12-30 07:44:32.830820
58284,0000,1226,106,2024-12-30 07:44:32.847328
59330,0000,1226,106,2024-12-30 07:44:32.863334
36966,0000,1226,106,2024-12-30 07:44:32.879332
27601,0000,1226,106,2024-12-30 07:44:32.895331
04696,0000,1226,106,2024-12-30 07:44:32.911334
41194,0001,1226,106,2024-12-30 07:44:32.927337
51391,0000,1226,106,2024-12-30 07:44:32.943339
62392,0000,1226,106,2024-12-30 07:44:32.959341
18589,0000,1226,106,2024-12-30 07:44:32.975341
00743,0000,1226,106,2024-12-30 07:44:33.007170
05386,0000,1226,106,2024-12-30 07:44:33.023272
58307,0000,1226,106,2024-12-30 07:44:33.039270
02997,0000,1226,106,2024-12-30 07:44:33.055267
10061,0000,1226,106,2024-12-30 07:44:33.071266
07592,0000,1226,106,2024-12-30 07:44:33.087264
04494,0000,1226,106,2024-12-30 07:44:33.103259
67580,0000,1226,106,2024-12-30 07:44:33.119260
40751,0000,1226,106,2024-12-30 07:44:33.135257
60063,0000,1226,106,2024-12-30 07:44:33.166842
01581,0000,1226,106,2024-12-30 07:44:33.183245
04661,0000,1226,106,2024-12-30 07:44:33.199245
54135,0000,1226,106,2024-12-30 07:44:33.215239
00932,0000,1226,106,2024-12-30 07:44:33.231232
38594,0000,1226,106,2024-12-30 07:44:33.247236
39877,0000,1226,106,2024-12-30 07:44:33.263227
08534,0001,1226,106,2024-12-30 07:44:33.279219
26494,0001,1226,106,2024-12-30 07:44:33.295224
55093,0000,1226,106,2024-12-30 07:44:33.311241
03851,0000,1226,106,2024-12-30 07:44:33.343214
07850,0000,1226,106,2024-12-30 07:44:33.359214
14759,0000,1226,106,2024-12-30 07:44:33.375205
24881,0000,1226,106,2024-12-30 07:44:33.391210
17627,0000,1226,106,2024-12-30 07:44:33.407200
02948,0000,1226,106,2024-12-30 07:44:33.423198
42490,0000,1226,106,2024-12-30 07:44:33.439189
28525,0000,1226,106,2024-12-30 07:44:33.455198
57307,0000,1226,106,2024-12-30 07:44:33.471185
47502,0000,1226,106,2024-12-30 07:44:33.502864
04718,0000,1226,106,2024-12-30 07:44:33.519173
01685,0000,1226,106,2024-12-30 07:44:33.535173
60239,0000,1226,106,2024-12-30 07:44:33.551165
29383,0000,1226,106,2024-12-30 07:44:33.567168
01878,0000,1226,106,2024-12-30 07:44:33.583171
57728,0000,1226,106,2024-12-30 07:44:33.599175
00703,0000,1226,106,2024-12-30 07:44:33.615163
03785,0000,1226,106,2024-12-30 07:44:33.631158
-0004,0000,1226,106,2024-12-30 07:44:33.647153
03751,0000,1226,106,2024-12-30 07:44:33.679141
20217,0000,1226,106,2024-12-30 07:44:33.695145
04647,0000,1226,106,2024-12-30 07:44:33.711144
23740,0000,1226,106,2024-12-30 07:44:33.727132
29690,0000,1226,106,2024-12-30 07:44:33.743138
61698,0000,1226,106,2024-12-30 07:44:33.759122
34744,0000,1226,106,2024-12-30 07:44:33.775128
06985,0000,1226,106,2024-12-30 07:44:33.791128
53016,0000,1226,106,2024-12-30 07:44:33.807125
17116,0000,1226,106,2024-12-30 07:44:33.838912
65351,0000,1226,106,2024-12-30 07:44:33.855117
01964,0000,1226,106,2024-12-30 07:44:33.871120
05484,0000,1226,106,2024-12-30 07:44:33.887119
58189,0000,1226,106,2024-12-30 07:44:33.903112
62425,0000,1226,106,2024-12-30 07:44:33.919109
51762,0000,1226,106,2024-12-30 07:44:33.935097
04106,0000,1226,106,2024-12-30 07:44:33.951106
09935,0001,1226,106,2024-12-30 07:44:33.967099
03133,0000,1226,106,2024-12-30 07:44:33.998531
25684,0000,1226,106,2024-12-30 07:44:34.015089
59377,0000,1226,106,2024-12-30 07:44:34.031083
66645,0001,1226,106,2024-12-30 07:44:34.047079
04622,0000,1226,106,2024-12-30 07:44:34.063079
01729,0000,1227,106,2024-12-30 07:44:34.079078
37813,0000,1226,106,2024-12-30 07:44:34.095073
02329,0000,1226,106,2024-12-30 07:44:34.111064
30425,0000,1226,106,2024-12-30 07:44:34.127062
20966,0000,1226,106,2024-12-30 07:44:34.143060
13945,0000,1226,106,2024-12-30 07:44:34.174928
01778,0000,1226,106,2024-12-30 07:44:34.191054
09174,0001,1226,106,2024-12-30 07:44:34.207043
04651,0000,1226,106,2024-12-30 07:44:34.223047
40688,0000,1226,106,2024-12-30 07:44:34.239054
00188,0000,1226,106,2024-12-30 07:44:34.255038
19466,0000,1226,106,2024-12-30 07:44:34.271036
09278,0000,1226,106,2024-12-30 07:44:34.287039
07732,0000,1226,106,2024-12-30 07:44:34.303028
14789,0000,1226,106,2024-12-30 07:44:34.334579
40646,0000,1226,106,2024-12-30 07:44:34.351028
13197,0000,1226,106,2024-12-30 07:44:34.367025
-0015,0000,1226,106,2024-12-30 07:44:34.383012
10156,0001,1226,106,2024-12-30 07:44:34.399015
13164,0001,1226,106,2024-12-30 07:44:34.415010
02380,0000,1226,106,2024-12-30 07:44:34.431005
51377,0000,1226,106,2024-12-30 07:44:34.446998
14859,0001,1226,106,2024-12-30 07:44:34.462996
09165,0000,1226,106,2024-12-30 07:44:34.479005
57393,0000,1226,106,2024-12-30 07:44:34.510949
03914,0000,1226,106,2024-12-30 07:44:34.526994
02274,0000,1226,106,2024-12-30 07:44:34.542986
13327,0000,1226,106,2024-12-30 07:44:34.558982
14666,0000,1226,106,2024-12-30 07:44:34.574973
02372,0000,1226,106,2024-12-30 07:44:34.590971
04611,0000,1226,106,2024-12-30 07:44:34.606970
13228,0000,1226,106,2024-12-30 07:44:34.622972
01665,0000,1226,106,2024-12-30 07:44:34.638964
30262,0000,1226,106,2024-12-30 07:44:34.670589
21175,0000,1226,106,2024-12-30 07:44:34.686948
04688,0000,1226,106,2024-12-30 07:44:34.702951
40706,0001,1226,106,2024-12-30 07:44:34.718946
14887,0000,1226,106,2024-12-30 07:44:34.734949
02436,0000,1226,106,2024-12-30 07:44:34.750958
05330,0001,1226,106,2024-12-30 07:44:34.766950
27810,0000,1226,106,2024-12-30 07:44:34.782934
01549,0000,1226,106,2024-12-30 07:44:34.798932
04562,0000,1227,106,2024-12-30 07:44:34.814937
30452,0000,1226,106,2024-12-30 07:44:34.846925
02443,0000,1226,106,2024-12-30 07:44:34.862922
00868,0000,1226,106,2024-12-30 07:44:34.878926
03664,0001,1226,106,2024-12-30 07:44:34.894911
01513,0000,1227,106,2024-12-30 07:44:34.910909
03765,0000,1226,106,2024-12-30 07:44:34.926905
21198,0001,1226,106,2024-12-30 07:44:34.942899
00069,0000,1226,106,2024-12-30 07:44:34.958897
03526,0000,1226,106,2024-12-30 07:44:34.974894
14719,0000,1226,106,2024-12-30 07:44:35.006626
03804,0000,1226,106,2024-12-30 07:44:35.022890
00882,0001,1226,106,2024-12-30 07:44:35.038880
03722,0000,1227,106,2024-12-30 07:44:35.054879
21077,0000,1226,106,2024-12-30 07:44:35.070872
25991,0000,1226,106,2024-12-30 07:44:35.086871
04493,0000,1226,106,2024-12-30 07:44:35.102873
03253,0000,1226,106,2024-12-30 07:44:35.118876
00840,0000,1226,106,2024-12-30 07:44:35.134875
06375,0000,1226,106,2024-12-30 07:44:35.166244
05475,0000,1226,106,2024-12-30 07:44:35.182853
02775,0000,1226,106,2024-12-30 07:44:35.198852
04700,0000,1226,106,2024-12-30 07:44:35.214845
23057,0000,1227,106,2024-12-30 07:44:35.230845
01901,0000,1227,106,2024-12-30 07:44:35.246855
48756,0000,1226,106,2024-12-30 07:44:35.262844
11717,0000,1226,106,2024-12-30 07:44:35.278830
06315,0001,1226,106,2024-12-30 07:44:35.294833
04646,0000,1226,106,2024-12-30 07:44:35.310827
41714,0000,1226,106,2024-12-30 07:44:35.342644
36043,0000,1226,106,2024-12-30 07:44:35.358825
04698,0001,1226,106,2024-12-30 07:44:35.374817
07859,0000,1227,106,2024-12-30 07:44:35.390816
20175,0001,1226,106,2024-12-30 07:44:35.406810
04598,0000,1227,106,2024-12-30 07:44:35.422817
61562,0000,1226,106,2024-12-30 07:44:35.438805
04654,0001,1226,106,2024-12-30 07:44:35.454800
46470,0000,1226,106,2024-12-30 07:44:35.471000
00748,0000,1226,106,2024-12-30 07:44:35.502281
02990,0000,1226,106,2024-12-30 07:44:35.518798
01559,0001,1226,106,2024-12-30 07:44:35.534797
00901,0001,1226,106,2024-12-30 07:44:35.550782
63250,0000,1226,106,2024-12-30 07:44:35.566779
50889,0000,1227,106,2024-12-30 07:44:35.582775
01861,0000,1226,106,2024-12-30 07:44:35.598775
04594,0000,1226,106,2024-12-30 07:44:35.614769
19462,0000,1226,106,2024-12-30 07:44:35.630765
04747,0000,1227,106,2024-12-30 07:44:35.646772
34034,0001,1226,106,2024-12-30 07:44:35.678671
02318,0000,1226,106,2024-12-30 07:44:35.694759
04659,0000,1227,106,2024-12-30 07:44:35.710753
54196,0000,1226,106,2024-12-30 07:44:35.726756
02650,0000,1227,106,2024-12-30 07:44:35.742744
03908,0000,1226,106,2024-12-30 07:44:35.758747
27783,0000,1227,106,2024-12-30 07:44:35.774734
03811,0000,1226,106,2024-12-30 07:44:35.790740
03783,0000,1227,106,2024-12-30 07:44:35.806732
01801,0001,1227,106,2024-12-30 07:44:35.838297
15714,0000,1227,106,2024-12-30 07:44:35.854722
21103,0000,1226,106,2024-12-30 07:44:35.870722
05442,0001,1227,106,2024-12-30 07:44:35.886717
05602,0001,1226,106,2024-12-30 07:44:35.902709
02819,0000,1226,106,2024-12-30 07:44:35.918716
05099,0001,1227,106,2024-12-30 07:44:35.934721
22180,0001,1227,106,2024-12-30 07:44:35.950717
00098,0000,1227,106,2024-12-30 07:44:35.966716
01543,0000,1226,106,2024-12-30 07:44:35.982721
01504,0000,1227,106,2024-12-30 07:44:36.014733
04675,0000,1227,106,2024-12-30 07:44:36.030727
67804,0000,1226,106,2024-12-30 07:44:36.046728
03061,0000,1226,106,2024-12-30 07:44:36.062732
03891,0000,1226,106,2024-12-30 07:44:36.078741
36845,0000,1227,106,2024-12-30 07:44:36.094741
53464,0000,1226,106,2024-12-30 07:44:36.110741
23194,0000,1227,106,2024-12-30 07:44:36.126672
18629,0000,1227,106,2024-12-30 07:44:36.142668
45792,0000,1226,106,2024-12-30 07:44:36.174340
00899,0000,1226,106,2024-12-30 07:44:36.190665
25661,0000,1227,106,2024-12-30 07:44:36.206649
05416,0000,1226,106,2024-12-30 07:44:36.222650
13780,0000,1226,106,2024-12-30 07:44:36.238658
03103,0000,1227,106,2024-12-30 07:44:36.254654
21022,0001,1227,106,2024-12-30 07:44:36.270646
00752,0000,1226,106,2024-12-30 07:44:36.286643
04779,0000,1227,106,2024-12-30 07:44:36.302662
10964,0000,1227,106,2024-12-30 07:44:36.333976
01861,0000,1226,106,2024-12-30 07:44:36.350635
58453,0000,1227,106,2024-12-30 07:44:36.366620
04663,0000,1227,106,2024-12-30 07:44:36.382622
57306,0000,1226,106,2024-12-30 07:44:36.398613
02359,0001,1227,106,2024-12-30 07:44:36.414618
00743,0000,1227,106,2024-12-30 07:44:36.430613
05283,0000,1226,106,2024-12-30 07:44:36.446605
58240,0000,1227,106,2024-12-30 07:44:36.462612
00060,0000,1226,106,2024-12-30 07:44:36.478616
28575,0000,1227,106,2024-12-30 07:44:36.510360
09253,0000,1226,106,2024-12-30 07:44:36.526600
14860,0000,1226,106,2024-12-30 07:44:36.542583
06218,0000,1227,106,2024-12-30 07:44:36.558586
18338,0000,1227,106,2024-12-30 07:44:36.574578
58196,0000,1227,106,2024-12-30 07:44:36.590580
25588,0000,1227,106,2024-12-30 07:44:36.606570
13923,0000,1227,106,2024-12-30 07:44:36.622573
05311,0000,1227,106,2024-12-30 07:44:36.638566
36354,0000,1227,106,2024-12-30 07:44:36.669994
04628,0000,1226,106,2024-12-30 07:44:36.686564
04621,0000,1226,106,2024-12-30 07:44:36.702562
05654,0000,1227,106,2024-12-30 07:44:36.718551
15544,0000,1227,106,2024-12-30 07:44:36.734542
58190,0000,1226,106,2024-12-30 07:44:36.750545
02668,0000,1226,106,2024-12-30 07:44:36.766539
04673,0000,1227,106,2024-12-30 07:44:36.782532
47487,0000,1227,106,2024-12-30 07:44:36.798539
04571,0000,1227,106,2024-12-30 07:44:36.814535
02771,0001,1227,106,2024-12-30 07:44:36.846375
60753,0000,1227,106,2024-12-30 07:44:36.862526
66693,0000,1227,106,2024-12-30 07:44:36.878522
13306,0000,1227,106,2024-12-30 07:44:36.894526
02217,0000,1227,106,2024-12-30 07:44:36.910516
61063,0001,1227,106,2024-12-30 07:44:36.926520
03095,0000,1227,106,2024-12-30 07:44:36.942509
50470,0000,1227,106,2024-12-30 07:44:36.958512
08673,0000,1227,106,2024-12-30 07:44:36.974507
34001,0000,1227,106,2024-12-30 07:44:37.006018
32184,0000,1226,106,2024-12-30 07:44:37.022488
08476,0000,1227,106,2024-12-30 07:44:37.038491
02276,0000,1227,106,2024-12-30 07:44:37.054481
45413,0000,1227,106,2024-12-30 07:44:37.070481
20175,0000,1227,106,2024-12-30 07:44:37.086486
00077,0001,1227,106,2024-12-30 07:44:37.102490
00091,0000,1227,106,2024-12-30 07:44:37.118472
04800,0000,1227,106,2024-12-30 07:44:37.134469
00039,0000,1227,106,2024-12-30 07:44:37.150466
43114,0000,1227,106,2024-12-30 07:44:37.182401
49265,0000,1227,106,2024-12-30 07:44:37.198461
29595,0000,1227,106,2024-12-30 07:44:37.214468
03881,0000,1227,106,2024-12-30 07:44:37.230449
00748,0000,1227,106,2024-12-30 07:44:37.246464
11457,0000,1227,106,2024-12-30 07:44:37.262438
01860,0000,1227,106,2024-12-30 07:44:37.278436
15624,0000,1227,106,2024-12-30 07:44:37.294428
04736,0000,1227,106,2024-12-30 07:44:37.310452
03594,0000,1227,106,2024-12-30 07:44:37.342058
15773,0000,1227,106,2024-12-30 07:44:37.358418
14029,0000,1227,106,2024-12-30 07:44:37.374419
25016,0001,1226,106,2024-12-30 07:44:37.390410
08494,0000,1227,106,2024-12-30 07:44:37.406412
25148,0000,1227,106,2024-12-30 07:44:37.422406
01438,0000,1227,106,2024-12-30 07:44:37.438408
04605,0000,1226,106,2024-12-30 07:44:37.454400
44473,0000,1227,106,2024-12-30 07:44:37.470401
20407,0000,1227,106,2024-12-30 07:44:37.486404
08723,0000,1227,106,2024-12-30 07:44:37.518391
51319,0000,1227,106,2024-12-30 07:44:37.534382
54790,0000,1227,106,2024-12-30 07:44:37.550381
16336,0000,1227,106,2024-12-30 07:44:37.566379
49937,0000,1227,106,2024-12-30 07:44:37.582377
02778,0000,1227,106,2024-12-30 07:44:37.598374
03155,0000,1227,106,2024-12-30 07:44:37.614379
16376,0000,1227,106,2024-12-30 07:44:37.630371
60712,0001,1227,106,2024-12-30 07:44:37.646359
03803,0000,1227,106,2024-12-30 07:44:37.678076
00119,0000,1226,106,2024-12-30 07:44:37.694354
01709,0001,1227,106,2024-12-30 07:44:37.710347
02962,0000,1227,106,2024-12-30 07:44:37.726348
03555,0000,1227,106,2024-12-30 07:44:37.742352
62815,0001,1227,106,2024-12-30 07:44:37.758346
01658,0000,1227,106,2024-12-30 07:44:37.774343
62686,0000,1227,106,2024-12-30 07:44:37.790344
66718,0000,1227,106,2024-12-30 07:44:37.806337
49701,0000,1227,106,2024-12-30 07:44:37.837715
16426,0000,1227,106,2024-12-30 07:44:37.854326
01701,0000,1227,106,2024-12-30 07:44:37.870329
05468,0000,1227,106,2024-12-30 07:44:37.886313
46416,0000,1227,106,2024-12-30 07:44:37.902311
03054,0000,1227,106,2024-12-30 07:44:37.918308
48881,0001,1227,106,2024-12-30 07:44:37.934305
04606,0000,1227,106,2024-12-30 07:44:37.950295
18602,0000,1227,106,2024-12-30 07:44:37.966299
39520,0000,1227,106,2024-12-30 07:44:37.982301
20303,0000,1227,106,2024-12-30 07:44:38.014092
60694,0000,1227,106,2024-12-30 07:44:38.030291
03595,0000,1227,106,2024-12-30 07:44:38.046282
16289,0000,1227,106,2024-12-30 07:44:38.062291
65144,0000,1227,106,2024-12-30 07:44:38.078277
01425,0000,1227,106,2024-12-30 07:44:38.094268
24851,0001,1227,106,2024-12-30 07:44:38.110274
04628,0000,1227,106,2024-12-30 07:44:38.126270
44560,0000,1227,106,2024-12-30 07:44:38.142275
54280,0001,1227,106,2024-12-30 07:44:38.173736
05471,0000,1227,106,2024-12-30 07:44:38.190250
12506,0000,1227,106,2024-12-30 07:44:38.206263
01126,0000,1227,106,2024-12-30 07:44:38.222252
04695,0000,1227,106,2024-12-30 07:44:38.238278
06364,0000,1227,106,2024-12-30 07:44:38.254263
00798,0000,1227,106,2024-12-30 07:44:38.270243
55819,0000,1227,106,2024-12-30 07:44:38.286241
40361,0000,1227,106,2024-12-30 07:44:38.302237
17368,0000,1228,105,2024-12-30 07:44:38.318233
08555,0000,1227,106,2024-12-30 07:44:38.350115
67494,0000,1227,106,2024-12-30 07:44:38.366225
13884,0000,1227,106,2024-12-30 07:44:38.382223
03776,0001,1227,106,2024-12-30 07:44:38.398214
57729,0000,1227,106,2024-12-30 07:44:38.414221
20047,0000,1227,106,2024-12-30 07:44:38.430210
55151,0000,1227,106,2024-12-30 07:44:38.446218
61533,0001,1227,106,2024-12-30 07:44:38.462211
05498,0000,1227,106,2024-12-30 07:44:38.478203
67881,0000,1227,106,2024-12-30 07:44:38.509776
22043,0000,1227,106,2024-12-30 07:44:38.526198
10222,0000,1227,106,2024-12-30 07:44:38.542193
02221,0000,1227,106,2024-12-30 07:44:38.558184
10196,0000,1227,106,2024-12-30 07:44:38.574180
22666,0000,1227,106,2024-12-30 07:44:38.590177
04661,0000,1227,106,2024-12-30 07:44:38.606176
09329,0000,1227,106,2024-12-30 07:44:38.622180
01669,0000,1227,106,2024-12-30 07:44:38.638176
05382,0000,1227,106,2024-12-30 07:44:38.654177
01602,0000,1227,106,2024-12-30 07:44:38.686163
28277,0000,1227,106,2024-12-30 07:44:38.702152
28330,0000,1227,106,2024-12-30 07:44:38.718151
00157,0000,1227,106,2024-12-30 07:44:38.734146
01942,0000,1227,106,2024-12-30 07:44:38.750152
49134,0001,1227,106,2024-12-30 07:44:38.766145
29552,0000,1227,106,2024-12-30 07:44:38.782157
30278,0000,1227,106,2024-12-30 07:44:38.798134
08620,0000,1227,106,2024-12-30 07:44:38.814133
62782,0000,1227,106,2024-12-30 07:44:38.845799
06245,0000,1227,106,2024-12-30 07:44:38.862120
14608,0000,1227,106,2024-12-30 07:44:38.878125
15482,0000,1227,106,2024-12-30 07:44:38.894118
63272,0000,1227,106,2024-12-30 07:44:38.910115
26763,0001,1227,106,2024-12-30 07:44:38.926110
37923,0000,1227,106,2024-12-30 07:44:38.942110
03906,0000,1227,106,2024-12-30 07:44:38.958098
02375,0000,1227,106,2024-12-30 07:44:38.974108
49080,0000,1227,106,2024-12-30 07:44:39.005409
56471,0000,1227,106,2024-12-30 07:44:39.022096
01630,0000,1227,106,2024-12-30 07:44:39.038101
51733,0000,1227,106,2024-12-30 07:44:39.054103
24740,0000,1227,106,2024-12-30 07:44:39.070101
06458,0000,1227,106,2024-12-30 07:44:39.086099
19358,0000,1227,106,2024-12-30 07:44:39.102105
00948,0000,1227,106,2024-12-30 07:44:39.118105
29420,0001,1227,106,2024-12-30 07:44:39.134110
00730,0000,1227,106,2024-12-30 07:44:39.150112
64457,0000,1227,106,2024-12-30 07:44:39.181853
10727,0000,1227,106,2024-12-30 07:44:39.198121
00728,0000,1227,106,2024-12-30 07:44:39.214120
04473,0000,1227,106,2024-12-30 07:44:39.230122
03792,0001,1227,106,2024-12-30 07:44:39.246056
44955,0000,1227,106,2024-12-30 07:44:39.262058
14931,0000,1227,106,2024-12-30 07:44:39.278043
19335,0001,1227,106,2024-12-30 07:44:39.294045
04571,0000,1227,106,2024-12-30 07:44:39.310040
05471,0000,1227,106,2024-12-30 07:44:39.341465
12320,0000,1227,106,2024-12-30 07:44:39.358031
04572,0001,1227,106,2024-12-30 07:44:39.374027
15578,0000,1227,106,2024-12-30 07:44:39.390030
47403,0000,1227,106,2024-12-30 07:44:39.406017
04583,0000,1227,106,2024-12-30 07:44:39.422017
01724,0000,1227,106,2024-12-30 07:44:39.438029
08624,0000,1227,106,2024-12-30 07:44:39.454006
21673,0000,1227,106,2024-12-30 07:44:39.470007
00070,0000,1227,106,2024-12-30 07:44:39.486006
05451,0000,1227,106,2024-12-30 07:44:39.517839
05438,0000,1227,106,2024-12-30 07:44:39.534005
03870,0000,1227,106,2024-12-30 07:44:39.549994
17261,0000,1228,105,2024-12-30 07:44:39.565993
03847,0000,1227,106,2024-12-30 07:44:39.581982
05445,0001,1228,105,2024-12-30 07:44:39.597984
04625,0000,1227,106,2024-12-30 07:44:39.613977
49866,0000,1227,106,2024-12-30 07:44:39.629972
00729,0000,1227,106,2024-12-30 07:44:39.645971
03865,0000,1227,106,2024-12-30 07:44:39.677476
49680,0000,1228,105,2024-12-30 07:44:39.693960
21178,0001,1227,106,2024-12-30 07:44:39.709959
04625,0000,1227,106,2024-12-30 07:44:39.725950
05436,0000,1227,106,2024-12-30 07:44:39.741955
00971,0000,1227,106,2024-12-30 07:44:39.757949
16278,0000,1227,106,2024-12-30 07:44:39.773946
03858,0000,1228,105,2024-12-30 07:44:39.789940
02968,0000,1227,106,2024-12-30 07:44:39.805939
11233,0000,1227,106,2024-12-30 07:44:39.821941
29363,0000,1227,106,2024-12-30 07:44:39.853852
15549,0000,1227,106,2024-12-30 07:44:39.869921
43760,0001,1227,106,2024-12-30 07:44:39.885928
01345,0000,1227,106,2024-12-30 07:44:39.901927
08531,0000,1227,106,2024-12-30 07:44:39.917917
15491,0000,1228,105,2024-12-30 07:44:39.933921
06334,0000,1227,106,2024-12-30 07:44:39.949924
00864,0000,1227,106,2024-12-30 07:44:39.965907
53155,0000,1227,106,2024-12-30 07:44:39.981912
17188,0000,1228,105,2024-12-30 07:44:40.013534
04539,0000,1227,106,2024-12-30 07:44:40.029899
58294,0000,1228,105,2024-12-30 07:44:40.045899
64182,0000,1227,106,2024-12-30 07:44:40.061888
13912,0000,1228,105,2024-12-30 07:44:40.077892
14039,0000,1227,106,2024-12-30 07:44:40.093884
00920,0000,1227,106,2024-12-30 07:44:40.109890
03977,0000,1227,106,2024-12-30 07:44:40.125874
09224,0000,1227,106,2024-12-30 07:44:40.141882
53029,0000,1227,106,2024-12-30 07:44:40.157874
01720,0000,1227,106,2024-12-30 07:44:40.189871
04604,0000,1227,106,2024-12-30 07:44:40.205867
27819,0000,1227,106,2024-12-30 07:44:40.221869
10280,0001,1227,106,2024-12-30 07:44:40.237860
07009,0000,1227,106,2024-12-30 07:44:40.253856
09232,0000,1227,106,2024-12-30 07:44:40.269850
11068,0001,1227,106,2024-12-30 07:44:40.285856
27347,0000,1227,106,2024-12-30 07:44:40.301856
60037,0000,1227,106,2024-12-30 07:44:40.317849
53337,0000,1227,106,2024-12-30 07:44:40.349577
05428,0000,1227,106,2024-12-30 07:44:40.365827
03799,0000,1227,106,2024-12-30 07:44:40.381826
55702,0000,1228,105,2024-12-30 07:44:40.397824
03936,0000,1227,106,2024-12-30 07:44:40.413818
14671,0000,1227,106,2024-12-30 07:44:40.429824
02083,0000,1227,106,2024-12-30 07:44:40.445810
04625,0000,1227,106,2024-12-30 07:44:40.461815
00950,0001,1227,106,2024-12-30 07:44:40.477805
10123,0000,1227,106,2024-12-30 07:44:40.509207
21118,0000,1227,106,2024-12-30 07:44:40.525806
05322,0000,1228,105,2024-12-30 07:44:40.541801
00080,0001,1227,106,2024-12-30 07:44:40.557799
04910,0000,1227,106,2024-12-30 07:44:40.573793
10063,0000,1227,106,2024-12-30 07:44:40.589796
05389,0000,1227,106,2024-12-30 07:44:40.605794
55993,0000,1228,105,2024-12-30 07:44:40.621777
66214,0000,1227,106,2024-12-30 07:44:40.637780
28686,0000,1227,106,2024-12-30 07:44:40.653777
00148,0000,1227,106,2024-12-30 07:44:40.685590
03952,0000,1227,106,2024-12-30 07:44:40.701766
10142,0000,1227,106,2024-12-30 07:44:40.717762
19399,0000,1227,106,2024-12-30 07:44:40.733760
31445,0000,1227,106,2024-12-30 07:44:40.749757
34688,0000,1227,106,2024-12-30 07:44:40.765751
04622,0001,1227,106,2024-12-30 07:44:40.781748
04550,0000,1227,106,2024-12-30 07:44:40.797749
04615,0000,1227,106,2024-12-30 07:44:40.813744
32567,0000,1227,106,2024-12-30 07:44:40.845230
01862,0001,1228,105,2024-12-30 07:44:40.861729
13307,0000,1227,106,2024-12-30 07:44:40.877724
11494,0000,1228,105,2024-12-30 07:44:40.893720
16480,0000,1227,106,2024-12-30 07:44:40.909724
50080,0000,1227,106,2024-12-30 07:44:40.925718
01063,0000,1227,106,2024-12-30 07:44:40.941720
03969,0000,1228,105,2024-12-30 07:44:40.957716
20985,0000,1227,106,2024-12-30 07:44:40.973713
13056,0000,1228,105,2024-12-30 07:44:40.989713
40724,0000,1228,105,2024-12-30 07:44:41.021610
55995,0001,1227,106,2024-12-30 07:44:41.037697
01740,0000,1227,106,2024-12-30 07:44:41.053693
67017,0000,1228,105,2024-12-30 07:44:41.069697
04651,0000,1227,106,2024-12-30 07:44:41.085690
03816,0000,1227,106,2024-12-30 07:44:41.101690
02800,0001,1228,105,2024-12-30 07:44:41.117686
56474,0000,1228,105,2024-12-30 07:44:41.133675
07782,0000,1228,105,2024-12-30 07:44:41.149672
02054,0000,1228,105,2024-12-30 07:44:41.181253
64146,0000,1228,105,2024-12-30 07:44:41.197668
20400,0000,1227,106,2024-12-30 07:44:41.213669
33219,0000,1227,106,2024-12-30 07:44:41.229658
03883,0000,1228,105,2024-12-30 07:44:41.245660
18473,0000,1227,106,2024-12-30 07:44:41.261650
11110,0000,1227,106,2024-12-30 07:44:41.277644
05668,0000,1228,105,2024-12-30 07:44:41.293643
13907,0000,1227,106,2024-12-30 07:44:41.309661
16809,0000,1228,105,2024-12-30 07:44:41.325647
05361,0000,1228,105,2024-12-30 07:44:41.357636
04855,0000,1228,105,2024-12-30 07:44:41.373634
13951,0000,1227,106,2024-12-30 07:44:41.389640
04587,0000,1228,105,2024-12-30 07:44:41.405620
15429,0000,1227,106,2024-12-30 07:44:41.421614
60255,0001,1228,105,2024-12-30 07:44:41.437617
02814,0000,1228,105,2024-12-30 07:44:41.453606
03869,0001,1228,105,2024-12-30 07:44:41.469613
19324,0000,1227,106,2024-12-30 07:44:41.485611
06276,0000,1228,105,2024-12-30 07:44:41.517284
12557,0000,1227,106,2024-12-30 07:44:41.533600
03893,0000,1227,106,2024-12-30 07:44:41.549607
14686,0000,1228,105,2024-12-30 07:44:41.565600
01788,0000,1228,105,2024-12-30 07:44:41.581586
27611,0000,1228,105,2024-12-30 07:44:41.597595
16762,0000,1228,105,2024-12-30 07:44:41.613586
30375,0000,1228,105,2024-12-30 07:44:41.629589
05479,0001,1228,105,2024-12-30 07:44:41.645578
10124,0000,1228,105,2024-12-30 07:44:41.676906
00083,0000,1228,105,2024-12-30 07:44:41.693577
11724,0000,1228,105,2024-12-30 07:44:41.709573
02114,0000,1228,105,2024-12-30 07:44:41.725568
04726,0000,1228,105,2024-12-30 07:44:41.741570
05037,0000,1228,105,2024-12-30 07:44:41.757573
03899,0000,1228,105,2024-12-30 07:44:41.773568
14748,0000,1228,105,2024-12-30 07:44:41.789568
37801,0000,1227,106,2024-12-30 07:44:41.805542
00905,0000,1228,105,2024-12-30 07:44:41.821540
02353,0000,1228,105,2024-12-30 07:44:41.853312
01774,0000,1228,105,2024-12-30 07:44:41.869542
08516,0000,1228,105,2024-12-30 07:44:41.885533
47430,0000,1228,105,2024-12-30 07:44:41.901532
14709,0000,1228,105,2024-12-30 07:44:41.917523
02700,0000,1227,106,2024-12-30 07:44:41.933522
04759,0000,1228,105,2024-12-30 07:44:41.949519
27394,0000,1228,105,2024-12-30 07:44:41.965516
00905,0000,1228,105,2024-12-30 07:44:41.981513
14801,0000,1228,105,2024-12-30 07:44:42.012942
33737,0000,1228,105,2024-12-30 07:44:42.029497
04630,0000,1228,105,2024-12-30 07:44:42.045498
26445,0000,1228,105,2024-12-30 07:44:42.061499
15615,0000,1228,105,2024-12-30 07:44:42.077490
54308,0000,1228,105,2024-12-30 07:44:42.093497
31631,0000,1228,105,2024-12-30 07:44:42.109483
00925,0000,1228,105,2024-12-30 07:44:42.125488
13126,0000,1228,105,2024-12-30 07:44:42.141473
01600,0001,1227,106,2024-12-30 07:44:42.157482
10660,0000,1227,106,2024-12-30 07:44:42.189336
19455,0000,1228,105,2024-12-30 07:44:42.205488
06241,0000,1228,105,2024-12-30 07:44:42.221486
62754,0001,1228,105,2024-12-30 07:44:42.237508
00771,0000,1228,105,2024-12-30 07:44:42.253489
02183,0000,1228,105,2024-12-30 07:44:42.269491
01551,0000,1228,105,2024-12-30 07:44:42.285499
09256,0000,1228,105,2024-12-30 07:44:42.301499
04531,0001,1228,105,2024-12-30 07:44:42.317505
58243,0000,1228,105,2024-12-30 07:44:42.349019
05478,0000,1228,105,2024-12-30 07:44:42.365434
54335,0000,1228,105,2024-12-30 07:44:42.381435
00747,0000,1228,105,2024-12-30 07:44:42.397428
08360,0000,1228,105,2024-12-30 07:44:42.413428
24884,0001,1228,105,2024-12-30 07:44:42.429423
25855,0000,1228,105,2024-12-30 07:44:42.445426
04629,0000,1228,105,2024-12-30 07:44:42.461419
05662,0001,1228,105,2024-12-30 07:44:42.477423
45488,0001,1228,105,2024-12-30 07:44:42.493432
11598,0000,1228,105,2024-12-30 07:44:42.525376
43220,0000,1228,105,2024-12-30 07:44:42.541409
02235,0000,1228,105,2024-12-30 07:44:42.557418
03803,0000,1228,105,2024-12-30 07:44:42.573393
15571,0000,1228,105,2024-12-30 07:44:42.589401
44827,0000,1228,105,2024-12-30 07:44:42.605397
01620,0000,1228,105,2024-12-30 07:44:42.621394
04558,0000,1228,105,2024-12-30 07:44:42.637391
03490,0000,1228,105,2024-12-30 07:44:42.653391
05530,0000,1228,105,2024-12-30 07:44:42.684991
26983,0000,1228,105,2024-12-30 07:44:42.701374
44961,0000,1228,105,2024-12-30 07:44:42.717365
23976,0000,1228,105,2024-12-30 07:44:42.733366
02898,0000,1228,105,2024-12-30 07:44:42.749361
02996,0000,1228,105,2024-12-30 07:44:42.765365
04764,0000,1228,105,2024-12-30 07:44:42.781355
43207,0000,1228,105,2024-12-30 07:44:42.797363
04694,0000,1228,105,2024-12-30 07:44:42.813349
41601,0000,1228,105,2024-12-30 07:44:42.829351
03993,0000,1228,105,2024-12-30 07:44:42.861341
21769,0000,1228,105,2024-12-30 07:44:42.877336
04706,0000,1228,105,2024-12-30 07:44:42.893326
28874,0000,1228,105,2024-12-30 07:44:42.909331
10916,0000,1228,105,2024-12-30 07:44:42.925327
00753,0000,1228,105,2024-12-30 07:44:42.941327
09249,0000,1228,105,2024-12-30 07:44:42.957324
00846,0000,1228,105,2024-12-30 07:44:42.973314
04345,0000,1228,105,2024-12-30 07:44:42.989310
16337,0000,1228,105,2024-12-30 07:44:43.021030
59367,0000,1228,105,2024-12-30 07:44:43.037300
23227,0000,1228,105,2024-12-30 07:44:43.053303
13905,0000,1228,105,2024-12-30 07:44:43.069287
27806,0000,1228,105,2024-12-30 07:44:43.085292
02719,0000,1228,105,2024-12-30 07:44:43.101282
04670,0000,1228,105,2024-12-30 07:44:43.117289
04816,0000,1228,105,2024-12-30 07:44:43.133274
13813,0000,1228,105,2024-12-30 07:44:43.149284
10997,0001,1228,105,2024-12-30 07:44:43.180666
