DIST,AMP,TEMP,VOLT,Timestamp
20241,0000,1187,106,2024-12-30 00:12:49.339067
53248,0000,1187,106,2024-12-30 00:12:49.339847
07707,0000,1187,106,2024-12-30 00:12:49.340556
03867,0000,1187,106,2024-12-30 00:12:49.341259
20882,0000,1187,106,2024-12-30 00:12:49.341963
05564,0000,1187,106,2024-12-30 00:12:49.342675
54009,0000,1187,106,2024-12-30 00:12:49.343374
07621,0000,1187,106,2024-12-30 00:12:49.344072
03853,0000,1187,106,2024-12-30 00:12:49.344772
28307,0000,1187,106,2024-12-30 00:12:49.345471
49078,0000,1187,106,2024-12-30 00:12:49.346170
02515,0000,1187,106,2024-12-30 00:12:49.346880
02934,0000,1187,106,2024-12-30 00:12:49.347579
13218,0000,1187,106,2024-12-30 00:12:49.348279
04426,0000,1187,106,2024-12-30 00:12:49.348988
47907,0000,1187,106,2024-12-30 00:12:49.349754
19341,0000,1187,106,2024-12-30 00:12:49.350538
55949,0000,1187,106,2024-12-30 00:12:49.351317
01736,0000,1187,106,2024-12-30 00:12:49.352025
19487,0000,1187,106,2024-12-30 00:12:49.352726
38585,0000,1187,106,2024-12-30 00:12:49.353443
01559,0000,1187,106,2024-12-30 00:12:49.354194
00698,0000,1187,106,2024-12-30 00:12:49.354930
50029,0000,1187,106,2024-12-30 00:12:49.355637
32189,0000,1187,106,2024-12-30 00:12:49.356335
68411,0000,1187,106,2024-12-30 00:12:49.357032
02217,0000,1187,106,2024-12-30 00:12:49.357727
39811,0000,1187,106,2024-12-30 00:12:49.358423
53352,0000,1187,106,2024-12-30 00:12:49.359131
03155,0000,1187,106,2024-12-30 00:12:49.359835
09344,0000,1187,106,2024-12-30 00:12:49.360533
03386,0000,1187,106,2024-12-30 00:12:49.361229
20374,0000,1187,106,2024-12-30 00:12:49.361927
01488,0000,1187,106,2024-12-30 00:12:49.362636
00779,0000,1187,106,2024-12-30 00:12:49.363334
49971,0000,1188,106,2024-12-30 00:12:49.364031
58197,0000,1187,106,2024-12-30 00:12:49.364732
57320,0001,1187,106,2024-12-30 00:12:49.365463
00697,0000,1187,106,2024-12-30 00:12:49.366171
20156,0000,1188,106,2024-12-30 00:12:49.366933
04605,0000,1187,106,2024-12-30 00:12:49.367723
55111,0000,1187,106,2024-12-30 00:12:49.368722
30279,0000,1187,106,2024-12-30 00:12:49.369470
33254,0000,1187,106,2024-12-30 00:12:49.370288
43797,0000,1187,106,2024-12-30 00:12:49.371032
40177,0000,1187,106,2024-12-30 00:12:49.371736
23080,0001,1188,106,2024-12-30 00:12:49.372434
20982,0000,1187,106,2024-12-30 00:12:49.373136
00947,0000,1187,106,2024-12-30 00:12:49.373837
49837,0000,1187,106,2024-12-30 00:12:49.374553
00958,0000,1187,106,2024-12-30 00:12:49.375262
04533,0000,1187,106,2024-12-30 00:12:49.375960
06054,0000,1188,106,2024-12-30 00:12:49.376659
00736,0000,1187,106,2024-12-30 00:12:49.377360
01722,0000,1187,106,2024-12-30 00:12:49.378059
04555,0000,1187,106,2024-12-30 00:12:49.378773
36148,0000,1187,106,2024-12-30 00:12:49.379476
14663,0001,1188,106,2024-12-30 00:12:49.380175
03735,0000,1187,106,2024-12-30 00:12:49.380876
01575,0000,1187,106,2024-12-30 00:12:49.381577
03420,0000,1187,106,2024-12-30 00:12:49.382278
59346,0000,1187,106,2024-12-30 00:12:49.382993
16519,0000,1187,106,2024-12-30 00:12:49.383691
04683,0000,1187,106,2024-12-30 00:12:49.384385
12414,0000,1187,106,2024-12-30 00:12:49.385085
17724,0000,1188,106,2024-12-30 00:12:49.385786
10835,0000,1187,106,2024-12-30 00:12:49.386501
67837,0000,1187,106,2024-12-30 00:12:49.387200
29120,0000,1187,106,2024-12-30 00:12:49.387901
39996,0000,1187,106,2024-12-30 00:12:49.388599
34528,0000,1187,106,2024-12-30 00:12:49.389298
04049,0000,1187,106,2024-12-30 00:12:49.389995
06285,0000,1188,106,2024-12-30 00:12:49.390707
02939,0000,1187,106,2024-12-30 00:12:49.391405
13819,0000,1187,106,2024-12-30 00:12:49.392102
53202,0000,1188,106,2024-12-30 00:12:49.392801
03979,0000,1187,106,2024-12-30 00:12:49.393495
14623,0000,1187,106,2024-12-30 00:12:49.394195
37970,0000,1187,106,2024-12-30 00:12:49.394908
04810,0000,1187,106,2024-12-30 00:12:49.395612
61053,0000,1187,106,2024-12-30 00:12:49.396309
30319,0000,1187,106,2024-12-30 00:12:49.397009
05384,0001,1187,106,2024-12-30 00:12:49.397703
66656,0000,1187,106,2024-12-30 00:12:49.398403
21611,0000,1187,106,2024-12-30 00:12:49.399110
60865,0000,1187,106,2024-12-30 00:12:49.399810
00005,1538,1187,106,2024-12-30 00:12:49.400509
00006,1551,1187,106,2024-12-30 00:12:49.401208
00005,1542,1187,106,2024-12-30 00:12:49.408168
00006,1546,1188,106,2024-12-30 00:12:49.424155
00006,1550,1187,106,2024-12-30 00:12:49.440162
00006,1551,1187,106,2024-12-30 00:12:49.456146
00006,1555,1187,106,2024-12-30 00:12:49.472168
00006,1538,1187,106,2024-12-30 00:12:49.488158
00005,1560,1187,106,2024-12-30 00:12:49.504137
00005,1560,1188,106,2024-12-30 00:12:49.535957
00005,1561,1187,106,2024-12-30 00:12:49.552136
00006,1566,1187,106,2024-12-30 00:12:49.568130
00005,1564,1188,106,2024-12-30 00:12:49.584128
00006,1557,1187,106,2024-12-30 00:12:49.600124
00005,1563,1187,106,2024-12-30 00:12:49.616111
00005,1571,1187,106,2024-12-30 00:12:49.632113
00005,1569,1187,106,2024-12-30 00:12:49.648101
00006,1567,1187,106,2024-12-30 00:12:49.664102
00006,1567,1187,106,2024-12-30 00:12:49.695583
00006,1563,1188,106,2024-12-30 00:12:49.712093
00005,1568,1187,106,2024-12-30 00:12:49.728081
00005,1563,1187,106,2024-12-30 00:12:49.744097
00005,1576,1187,106,2024-12-30 00:12:49.760078
00005,1574,1187,106,2024-12-30 00:12:49.776075
00005,1576,1187,106,2024-12-30 00:12:49.792078
00005,1561,1188,106,2024-12-30 00:12:49.808069
00005,1584,1187,106,2024-12-30 00:12:49.824064
00005,1570,1187,106,2024-12-30 00:12:49.840097
00005,1562,1187,106,2024-12-30 00:12:49.871964
00005,1565,1187,106,2024-12-30 00:12:49.888054
00005,1569,1188,106,2024-12-30 00:12:49.904054
00006,1570,1188,106,2024-12-30 00:12:49.920047
00005,1558,1188,106,2024-12-30 00:12:49.936045
00006,1560,1188,106,2024-12-30 00:12:49.952041
00005,1560,1188,106,2024-12-30 00:12:49.968046
00005,1570,1188,106,2024-12-30 00:12:49.984032
00005,1562,1187,106,2024-12-30 00:12:50.000021
00005,1548,1187,106,2024-12-30 00:12:50.031612
00006,1563,1188,106,2024-12-30 00:12:50.048017
00006,1547,1188,106,2024-12-30 00:12:50.064008
00005,1563,1187,106,2024-12-30 00:12:50.080012
00006,1557,1188,106,2024-12-30 00:12:50.096002
00005,1548,1188,106,2024-12-30 00:12:50.111994
00005,1541,1188,106,2024-12-30 00:12:50.127995
00005,1547,1188,106,2024-12-30 00:12:50.143986
00005,1552,1188,106,2024-12-30 00:12:50.159996
00005,1566,1188,106,2024-12-30 00:12:50.175985
00005,1572,1187,106,2024-12-30 00:12:50.207985
00005,1561,1188,106,2024-12-30 00:12:50.223982
00005,1563,1188,106,2024-12-30 00:12:50.239993
00004,1547,1187,106,2024-12-30 00:12:50.255976
00004,1547,1188,106,2024-12-30 00:12:50.271955
00006,1552,1187,106,2024-12-30 00:12:50.287959
00005,1547,1187,106,2024-12-30 00:12:50.303956
00005,1556,1187,106,2024-12-30 00:12:50.319955
00005,1553,1188,106,2024-12-30 00:12:50.335944
00005,1550,1187,106,2024-12-30 00:12:50.367629
00005,1538,1187,106,2024-12-30 00:12:50.383933
00005,1556,1188,106,2024-12-30 00:12:50.399934
00005,1548,1187,106,2024-12-30 00:12:50.415928
00005,1540,1188,106,2024-12-30 00:12:50.431929
00005,1558,1188,106,2024-12-30 00:12:50.447925
00005,1537,1188,106,2024-12-30 00:12:50.463928
00004,1552,1188,106,2024-12-30 00:12:50.479918
00005,1530,1188,106,2024-12-30 00:12:50.495922
00005,1546,1187,106,2024-12-30 00:12:50.527255
00005,1536,1188,106,2024-12-30 00:12:50.543906
00005,1549,1188,106,2024-12-30 00:12:50.559906
00005,1552,1187,106,2024-12-30 00:12:50.575903
00005,1552,1187,106,2024-12-30 00:12:50.591896
00006,1552,1188,106,2024-12-30 00:12:50.607883
00005,1527,1188,106,2024-12-30 00:12:50.623881
00005,1530,1187,106,2024-12-30 00:12:50.639876
00005,1541,1188,106,2024-12-30 00:12:50.655882
00005,1521,1188,106,2024-12-30 00:12:50.671879
00005,1532,1188,106,2024-12-30 00:12:50.703658
00006,1524,1188,106,2024-12-30 00:12:50.719864
00005,1533,1188,106,2024-12-30 00:12:50.735861
00005,1534,1188,106,2024-12-30 00:12:50.751856
00005,1527,1188,106,2024-12-30 00:12:50.767854
00005,1531,1188,106,2024-12-30 00:12:50.783847
00005,1509,1188,106,2024-12-30 00:12:50.799850
00005,1534,1188,106,2024-12-30 00:12:50.815840
00005,1528,1188,106,2024-12-30 00:12:50.831835
00004,1528,1188,106,2024-12-30 00:12:50.863283
00005,1539,1188,106,2024-12-30 00:12:50.879830
00005,1548,1187,106,2024-12-30 00:12:50.895825
00005,1529,1188,106,2024-12-30 00:12:50.911832
00005,1532,1188,106,2024-12-30 00:12:50.927833
00005,1529,1188,106,2024-12-30 00:12:50.943812
00004,1528,1188,106,2024-12-30 00:12:50.959813
00005,1547,1188,106,2024-12-30 00:12:50.975800
00005,1536,1188,106,2024-12-30 00:12:50.991805
00005,1532,1188,106,2024-12-30 00:12:51.007808
00005,1543,1187,106,2024-12-30 00:12:51.039670
00004,1534,1188,106,2024-12-30 00:12:51.055791
00005,1532,1188,106,2024-12-30 00:12:51.071787
00005,1536,1188,106,2024-12-30 00:12:51.087785
00004,1532,1188,106,2024-12-30 00:12:51.103784
00004,1524,1188,106,2024-12-30 00:12:51.119779
00005,1538,1188,106,2024-12-30 00:12:51.135776
00005,1531,1188,106,2024-12-30 00:12:51.151775
00004,1531,1188,106,2024-12-30 00:12:51.167766
00005,1529,1188,106,2024-12-30 00:12:51.199319
00005,1541,1188,106,2024-12-30 00:12:51.215756
00004,1540,1188,106,2024-12-30 00:12:51.231753
00005,1513,1188,106,2024-12-30 00:12:51.247763
00005,1531,1188,106,2024-12-30 00:12:51.263744
00004,1518,1188,106,2024-12-30 00:12:51.279748
00005,1517,1188,106,2024-12-30 00:12:51.295751
00005,1520,1188,106,2024-12-30 00:12:51.311749
00005,1518,1188,106,2024-12-30 00:12:51.327738
00004,1521,1188,106,2024-12-30 00:12:51.343739
00005,1545,1188,106,2024-12-30 00:12:51.375700
00004,1519,1188,106,2024-12-30 00:12:51.391724
00005,1521,1188,106,2024-12-30 00:12:51.407721
00005,1529,1188,106,2024-12-30 00:12:51.423702
00005,1543,1188,106,2024-12-30 00:12:51.439708
00004,1516,1188,106,2024-12-30 00:12:51.455694
00005,1523,1188,106,2024-12-30 00:12:51.471700
00005,1533,1188,106,2024-12-30 00:12:51.487703
00004,1548,1188,106,2024-12-30 00:12:51.503689
00005,1543,1188,106,2024-12-30 00:12:51.535337
00005,1528,1188,106,2024-12-30 00:12:51.551682
00005,1529,1188,106,2024-12-30 00:12:51.567677
00005,1535,1188,106,2024-12-30 00:12:51.583673
00004,1522,1188,106,2024-12-30 00:12:51.599668
00004,1531,1188,106,2024-12-30 00:12:51.615671
00005,1524,1188,106,2024-12-30 00:12:51.631657
00005,1532,1188,106,2024-12-30 00:12:51.647668
00004,1536,1188,106,2024-12-30 00:12:51.663668
00005,1537,1188,106,2024-12-30 00:12:51.694973
00005,1523,1188,106,2024-12-30 00:12:51.711648
00005,1540,1188,106,2024-12-30 00:12:51.727649
00005,1513,1188,106,2024-12-30 00:12:51.743651
00006,1526,1188,106,2024-12-30 00:12:51.759641
00005,1520,1188,106,2024-12-30 00:12:51.775641
00005,1515,1188,106,2024-12-30 00:12:51.791635
00004,1537,1188,106,2024-12-30 00:12:51.807629
00005,1520,1188,106,2024-12-30 00:12:51.823620
00005,1523,1188,106,2024-12-30 00:12:51.839620
00004,1531,1188,106,2024-12-30 00:12:51.871368
00004,1535,1188,106,2024-12-30 00:12:51.887617
00005,1531,1188,106,2024-12-30 00:12:51.903604
00004,1523,1188,106,2024-12-30 00:12:51.919603
00004,1525,1188,106,2024-12-30 00:12:51.935599
00005,1526,1188,106,2024-12-30 00:12:51.951599
00005,1538,1188,106,2024-12-30 00:12:51.967588
00005,1522,1188,106,2024-12-30 00:12:51.983582
00005,1533,1188,106,2024-12-30 00:12:51.999585
00005,1519,1188,106,2024-12-30 00:12:52.031010
00005,1529,1188,106,2024-12-30 00:12:52.047592
00005,1538,1188,106,2024-12-30 00:12:52.063598
00005,1527,1188,106,2024-12-30 00:12:52.079608
00004,1514,1188,106,2024-12-30 00:12:52.095607
00004,1527,1188,106,2024-12-30 00:12:52.111598
00005,1528,1188,106,2024-12-30 00:12:52.127604
00005,1523,1188,106,2024-12-30 00:12:52.143601
00005,1524,1188,106,2024-12-30 00:12:52.159602
00005,1532,1188,106,2024-12-30 00:12:52.175608
00005,1516,1188,106,2024-12-30 00:12:52.207337
00005,1515,1188,106,2024-12-30 00:12:52.223543
00004,1531,1188,106,2024-12-30 00:12:52.239541
00005,1525,1188,106,2024-12-30 00:12:52.255537
00005,1535,1188,106,2024-12-30 00:12:52.271532
00005,1522,1188,106,2024-12-30 00:12:52.287521
00005,1518,1188,106,2024-12-30 00:12:52.303532
00005,1530,1188,106,2024-12-30 00:12:52.319515
00004,1514,1188,106,2024-12-30 00:12:52.335517
00005,1523,1188,106,2024-12-30 00:12:52.367017
00004,1514,1188,106,2024-12-30 00:12:52.383518
00005,1515,1188,106,2024-12-30 00:12:52.399504
00004,1503,1188,106,2024-12-30 00:12:52.415497
00004,1501,1188,106,2024-12-30 00:12:52.431485
00004,1506,1188,106,2024-12-30 00:12:52.447495
00005,1493,1188,106,2024-12-30 00:12:52.463493
00004,1493,1188,106,2024-12-30 00:12:52.479483
00005,1507,1188,106,2024-12-30 00:12:52.495482
00006,1509,1188,106,2024-12-30 00:12:52.511470
00005,1490,1188,106,2024-12-30 00:12:52.543395
00005,1528,1188,106,2024-12-30 00:12:52.559475
00005,1519,1188,106,2024-12-30 00:12:52.575457
00004,1511,1188,106,2024-12-30 00:12:52.591463
00005,1515,1188,106,2024-12-30 00:12:52.607449
00005,1517,1188,106,2024-12-30 00:12:52.623443
00005,1527,1188,106,2024-12-30 00:12:52.639446
00004,1497,1188,106,2024-12-30 00:12:52.655439
00005,1511,1188,106,2024-12-30 00:12:52.671440
00005,1507,1188,106,2024-12-30 00:12:52.703032
00005,1512,1188,106,2024-12-30 00:12:52.719432
00004,1505,1188,106,2024-12-30 00:12:52.735433
00004,1504,1188,106,2024-12-30 00:12:52.751435
00004,1504,1188,106,2024-12-30 00:12:52.767415
00004,1509,1188,106,2024-12-30 00:12:52.783421
00004,1505,1188,106,2024-12-30 00:12:52.799410
00005,1506,1188,106,2024-12-30 00:12:52.815413
00004,1498,1188,106,2024-12-30 00:12:52.831401
00005,1520,1188,106,2024-12-30 00:12:52.847402
00005,1497,1188,106,2024-12-30 00:12:52.879390
00004,1503,1188,106,2024-12-30 00:12:52.895396
00005,1512,1188,106,2024-12-30 00:12:52.911386
00004,1512,1188,106,2024-12-30 00:12:52.927376
00004,1510,1188,106,2024-12-30 00:12:52.943377
00004,1507,1188,106,2024-12-30 00:12:52.959381
00005,1487,1188,106,2024-12-30 00:12:52.975376
00004,1495,1188,106,2024-12-30 00:12:52.991366
00005,1500,1188,106,2024-12-30 00:12:53.007368
00004,1493,1188,106,2024-12-30 00:12:53.039050
00005,1500,1188,106,2024-12-30 00:12:53.055355
00005,1502,1188,106,2024-12-30 00:12:53.071342
00005,1498,1188,106,2024-12-30 00:12:53.087348
00005,1484,1188,106,2024-12-30 00:12:53.103348
00005,1502,1188,106,2024-12-30 00:12:53.119351
00005,1489,1188,106,2024-12-30 00:12:53.135333
00004,1494,1188,106,2024-12-30 00:12:53.151326
00005,1494,1188,106,2024-12-30 00:12:53.167331
00005,1501,1188,106,2024-12-30 00:12:53.198690
00005,1496,1188,106,2024-12-30 00:12:53.215322
00005,1507,1188,106,2024-12-30 00:12:53.231319
00005,1492,1188,106,2024-12-30 00:12:53.247318
00004,1481,1188,106,2024-12-30 00:12:53.263306
00004,1482,1188,106,2024-12-30 00:12:53.279318
00005,1483,1188,106,2024-12-30 00:12:53.295310
00005,1498,1188,106,2024-12-30 00:12:53.311326
00004,1490,1188,106,2024-12-30 00:12:53.327289
00005,1496,1188,106,2024-12-30 00:12:53.343290
00005,1496,1188,106,2024-12-30 00:12:53.375079
00005,1482,1188,106,2024-12-30 00:12:53.391288
00004,1491,1188,106,2024-12-30 00:12:53.407271
00004,1486,1188,106,2024-12-30 00:12:53.423283
00005,1499,1188,106,2024-12-30 00:12:53.439275
00004,1483,1188,106,2024-12-30 00:12:53.455270
00004,1483,1188,106,2024-12-30 00:12:53.471272
00004,1487,1188,106,2024-12-30 00:12:53.487253
00005,1477,1188,106,2024-12-30 00:12:53.503254
00005,1492,1188,106,2024-12-30 00:12:53.534712
00005,1488,1188,106,2024-12-30 00:12:53.551248
00005,1477,1188,106,2024-12-30 00:12:53.567245
00005,1475,1188,106,2024-12-30 00:12:53.583241
00005,1486,1188,106,2024-12-30 00:12:53.599243
00006,1484,1188,106,2024-12-30 00:12:53.615231
00005,1478,1188,106,2024-12-30 00:12:53.631221
00005,1472,1188,106,2024-12-30 00:12:53.647216
00005,1481,1188,106,2024-12-30 00:12:53.663214
00006,1493,1188,106,2024-12-30 00:12:53.679215
00005,1478,1188,106,2024-12-30 00:12:53.711102
00005,1484,1188,106,2024-12-30 00:12:53.727208
00005,1478,1188,106,2024-12-30 00:12:53.743209
00005,1482,1188,106,2024-12-30 00:12:53.759199
00005,1485,1188,106,2024-12-30 00:12:53.775199
00005,1480,1188,106,2024-12-30 00:12:53.791193
00005,1477,1188,106,2024-12-30 00:12:53.807186
00005,1479,1188,106,2024-12-30 00:12:53.823182
00006,1472,1188,106,2024-12-30 00:12:53.839188
00005,1472,1188,106,2024-12-30 00:12:53.870738
00005,1477,1188,106,2024-12-30 00:12:53.887175
00006,1489,1188,106,2024-12-30 00:12:53.903168
00005,1487,1188,106,2024-12-30 00:12:53.919164
00006,1474,1188,106,2024-12-30 00:12:53.935164
00005,1484,1188,106,2024-12-30 00:12:53.951160
00005,1468,1188,106,2024-12-30 00:12:53.967159
00005,1470,1188,106,2024-12-30 00:12:53.983146
00005,1484,1188,106,2024-12-30 00:12:53.999142
00005,1487,1188,106,2024-12-30 00:12:54.015146
00005,1485,1188,106,2024-12-30 00:12:54.047118
00006,1477,1188,106,2024-12-30 00:12:54.063134
00006,1485,1188,106,2024-12-30 00:12:54.079133
00006,1505,1188,106,2024-12-30 00:12:54.095130
00005,1486,1188,106,2024-12-30 00:12:54.111123
00005,1484,1188,106,2024-12-30 00:12:54.127126
00005,1489,1188,106,2024-12-30 00:12:54.143117
00005,1478,1188,106,2024-12-30 00:12:54.159117
00005,1493,1188,106,2024-12-30 00:12:54.175124
00005,1473,1188,106,2024-12-30 00:12:54.206773
00006,1486,1188,106,2024-12-30 00:12:54.223100
00005,1477,1188,106,2024-12-30 00:12:54.239113
00005,1473,1188,106,2024-12-30 00:12:54.255101
00005,1468,1188,106,2024-12-30 00:12:54.271099
00006,1485,1188,106,2024-12-30 00:12:54.287095
00006,1478,1188,106,2024-12-30 00:12:54.303186
00006,1479,1188,106,2024-12-30 00:12:54.319112
00006,1503,1188,106,2024-12-30 00:12:54.335157
00006,1474,1188,106,2024-12-30 00:12:54.366404
00004,1476,1188,106,2024-12-30 00:12:54.383075
00005,1493,1188,106,2024-12-30 00:12:54.399069
00006,1498,1188,106,2024-12-30 00:12:54.415066
00006,1485,1188,106,2024-12-30 00:12:54.431065
00006,1492,1188,106,2024-12-30 00:12:54.447058
00007,1484,1188,106,2024-12-30 00:12:54.463052
00006,1485,1188,106,2024-12-30 00:12:54.479047
00006,1481,1188,106,2024-12-30 00:12:54.495045
00006,1492,1188,106,2024-12-30 00:12:54.511045
00005,1482,1188,106,2024-12-30 00:12:54.542790
00006,1485,1188,106,2024-12-30 00:12:54.559035
00006,1492,1188,106,2024-12-30 00:12:54.575046
00006,1495,1188,106,2024-12-30 00:12:54.591040
00006,1508,1188,106,2024-12-30 00:12:54.607021
00006,1492,1188,106,2024-12-30 00:12:54.623010
00006,1483,1188,106,2024-12-30 00:12:54.639018
00006,1492,1189,106,2024-12-30 00:12:54.655004
00006,1474,1188,106,2024-12-30 00:12:54.671012
00006,1479,1188,106,2024-12-30 00:12:54.702418
00006,1491,1188,106,2024-12-30 00:12:54.719006
00006,1488,1188,106,2024-12-30 00:12:54.734989
00006,1501,1187,106,2024-12-30 00:12:54.751006
00006,1476,1188,106,2024-12-30 00:12:54.766983
00006,1490,1188,106,2024-12-30 00:12:54.782986
00006,1473,1188,106,2024-12-30 00:12:54.798987
00006,1495,1188,106,2024-12-30 00:12:54.814978
00005,1482,1188,106,2024-12-30 00:12:54.830966
00005,1486,1188,106,2024-12-30 00:12:54.846969
00006,1487,1188,106,2024-12-30 00:12:54.878824
00005,1493,1188,106,2024-12-30 00:12:54.894961
00006,1495,1188,106,2024-12-30 00:12:54.910954
00006,1496,1188,106,2024-12-30 00:12:54.926962
00006,1485,1188,106,2024-12-30 00:12:54.942959
00006,1500,1188,106,2024-12-30 00:12:54.958957
00005,1496,1188,106,2024-12-30 00:12:54.974962
00006,1493,1188,106,2024-12-30 00:12:54.990971
00006,1503,1188,106,2024-12-30 00:12:55.006967
00006,1502,1188,106,2024-12-30 00:12:55.038483
00006,1499,1188,106,2024-12-30 00:12:55.054975
00006,1482,1188,106,2024-12-30 00:12:55.070975
00005,1510,1188,106,2024-12-30 00:12:55.086969
00006,1488,1188,106,2024-12-30 00:12:55.102978
00006,1491,1188,106,2024-12-30 00:12:55.118902
00006,1494,1188,106,2024-12-30 00:12:55.134903
00006,1512,1188,106,2024-12-30 00:12:55.150895
00006,1505,1188,106,2024-12-30 00:12:55.166909
00005,1496,1188,106,2024-12-30 00:12:55.182892
00006,1511,1188,106,2024-12-30 00:12:55.214812
00006,1500,1188,106,2024-12-30 00:12:55.230876
00006,1501,1188,106,2024-12-30 00:12:55.246895
00006,1492,1188,106,2024-12-30 00:12:55.262871
00006,1516,1188,106,2024-12-30 00:12:55.278873
00006,1510,1188,106,2024-12-30 00:12:55.294877
00006,1508,1188,106,2024-12-30 00:12:55.310861
00006,1504,1188,106,2024-12-30 00:12:55.326860
00007,1517,1188,106,2024-12-30 00:12:55.342855
00006,1519,1188,106,2024-12-30 00:12:55.374464
00006,1502,1188,106,2024-12-30 00:12:55.390852
00006,1514,1188,106,2024-12-30 00:12:55.406843
00007,1513,1188,106,2024-12-30 00:12:55.422850
00006,1512,1188,106,2024-12-30 00:12:55.438836
00006,1525,1188,106,2024-12-30 00:12:55.454831
00006,1514,1188,106,2024-12-30 00:12:55.470830
00006,1516,1188,106,2024-12-30 00:12:55.486820
00006,1517,1188,106,2024-12-30 00:12:55.502823
00006,1531,1188,106,2024-12-30 00:12:55.518814
00007,1512,1188,106,2024-12-30 00:12:55.550810
00006,1513,1188,106,2024-12-30 00:12:55.566805
00006,1529,1188,106,2024-12-30 00:12:55.582806
00006,1529,1188,106,2024-12-30 00:12:55.598800
00006,1519,1188,106,2024-12-30 00:12:55.614809
00006,1517,1188,106,2024-12-30 00:12:55.630800
00006,1530,1188,106,2024-12-30 00:12:55.646796
00005,1529,1188,106,2024-12-30 00:12:55.662800
00006,1531,1188,106,2024-12-30 00:12:55.678783
00006,1512,1188,106,2024-12-30 00:12:55.710496
00006,1521,1188,106,2024-12-30 00:12:55.726782
00006,1525,1188,106,2024-12-30 00:12:55.742778
00007,1515,1188,106,2024-12-30 00:12:55.758777
00006,1546,1188,106,2024-12-30 00:12:55.774770
00006,1519,1188,106,2024-12-30 00:12:55.790764
00006,1535,1188,106,2024-12-30 00:12:55.806759
00006,1541,1188,106,2024-12-30 00:12:55.822760
00007,1521,1188,106,2024-12-30 00:12:55.838756
00005,1507,1188,106,2024-12-30 00:12:55.870107
00006,1511,1188,106,2024-12-30 00:12:55.886741
00006,1518,1188,106,2024-12-30 00:12:55.902738
00007,1528,1188,106,2024-12-30 00:12:55.918736
00006,1526,1188,106,2024-12-30 00:12:55.934732
00006,1554,1188,106,2024-12-30 00:12:55.950730
00006,1533,1188,106,2024-12-30 00:12:55.966726
00006,1527,1188,106,2024-12-30 00:12:55.982720
00006,1537,1188,106,2024-12-30 00:12:55.998711
00006,1532,1188,106,2024-12-30 00:12:56.014715
00005,1530,1188,106,2024-12-30 00:12:56.046531
00006,1529,1188,106,2024-12-30 00:12:56.062702
00007,1520,1188,106,2024-12-30 00:12:56.078697
00005,1554,1188,106,2024-12-30 00:12:56.094696
00006,1546,1188,106,2024-12-30 00:12:56.110685
00006,1546,1188,106,2024-12-30 00:12:56.126693
00006,1542,1188,106,2024-12-30 00:12:56.142686
00007,1538,1188,106,2024-12-30 00:12:56.158678
00006,1537,1188,106,2024-12-30 00:12:56.174679
00006,1538,1188,106,2024-12-30 00:12:56.206158
00006,1533,1188,106,2024-12-30 00:12:56.222665
00006,1540,1188,106,2024-12-30 00:12:56.238679
00006,1539,1188,106,2024-12-30 00:12:56.254661
00007,1533,1188,106,2024-12-30 00:12:56.270651
00006,1539,1188,106,2024-12-30 00:12:56.286657
00006,1542,1188,106,2024-12-30 00:12:56.302660
00005,1532,1188,106,2024-12-30 00:12:56.318650
00006,1544,1188,106,2024-12-30 00:12:56.334636
00005,1541,1188,106,2024-12-30 00:12:56.350642
00007,1550,1188,106,2024-12-30 00:12:56.382570
00006,1544,1188,106,2024-12-30 00:12:56.398638
00006,1548,1188,106,2024-12-30 00:12:56.414617
00006,1557,1188,106,2024-12-30 00:12:56.430621
00006,1538,1188,106,2024-12-30 00:12:56.446615
00006,1546,1188,106,2024-12-30 00:12:56.462614
00006,1534,1188,106,2024-12-30 00:12:56.478605
00006,1547,1188,106,2024-12-30 00:12:56.494605
00006,1529,1188,106,2024-12-30 00:12:56.510602
00006,1555,1188,106,2024-12-30 00:12:56.542186
00005,1550,1188,106,2024-12-30 00:12:56.558586
00006,1553,1188,106,2024-12-30 00:12:56.574593
00006,1547,1188,106,2024-12-30 00:12:56.590584
00007,1537,1188,106,2024-12-30 00:12:56.606588
00007,1534,1188,106,2024-12-30 00:12:56.622579
00006,1545,1188,106,2024-12-30 00:12:56.638570
00006,1542,1188,106,2024-12-30 00:12:56.654575
00006,1550,1188,106,2024-12-30 00:12:56.670564
00006,1562,1188,106,2024-12-30 00:12:56.686572
00006,1549,1188,106,2024-12-30 00:12:56.718555
00006,1553,1188,106,2024-12-30 00:12:56.734558
00006,1551,1188,106,2024-12-30 00:12:56.750565
00006,1551,1188,106,2024-12-30 00:12:56.766546
00006,1537,1187,106,2024-12-30 00:12:56.782541
00006,1544,1188,106,2024-12-30 00:12:56.798533
00006,1556,1188,106,2024-12-30 00:12:56.814539
00006,1541,1188,106,2024-12-30 00:12:56.830529
00006,1542,1188,106,2024-12-30 00:12:56.846532
00006,1557,1188,106,2024-12-30 00:12:56.878292
00006,1548,1188,106,2024-12-30 00:12:56.894545
00006,1540,1188,106,2024-12-30 00:12:56.910518
00006,1545,1188,106,2024-12-30 00:12:56.926519
00007,1531,1187,106,2024-12-30 00:12:56.942508
00005,1530,1188,106,2024-12-30 00:12:56.958509
00006,1548,1188,106,2024-12-30 00:12:56.974506
00006,1535,1188,106,2024-12-30 00:12:56.990515
00006,1548,1188,106,2024-12-30 00:12:57.006515
00006,1563,1188,106,2024-12-30 00:12:57.037851
00006,1548,1188,106,2024-12-30 00:12:57.054485
00006,1544,1188,106,2024-12-30 00:12:57.070485
00006,1553,1188,106,2024-12-30 00:12:57.086480
00006,1555,1187,106,2024-12-30 00:12:57.102492
00006,1546,1188,106,2024-12-30 00:12:57.118477
00006,1549,1188,106,2024-12-30 00:12:57.134484
00006,1545,1188,106,2024-12-30 00:12:57.150475
00006,1546,1188,106,2024-12-30 00:12:57.166455
00006,1559,1188,106,2024-12-30 00:12:57.182455
00006,1545,1188,106,2024-12-30 00:12:57.214249
00006,1540,1188,106,2024-12-30 00:12:57.230460
00005,1536,1188,106,2024-12-30 00:12:57.246465
00006,1546,1188,106,2024-12-30 00:12:57.262435
00006,1540,1188,106,2024-12-30 00:12:57.278422
00006,1534,1188,106,2024-12-30 00:12:57.294430
00006,1553,1188,106,2024-12-30 00:12:57.310465
00006,1549,1188,106,2024-12-30 00:12:57.326417
00006,1540,1188,106,2024-12-30 00:12:57.342419
00006,1545,1188,106,2024-12-30 00:12:57.373863
00006,1544,1188,106,2024-12-30 00:12:57.390403
00006,1560,1188,106,2024-12-30 00:12:57.406401
00006,1527,1188,106,2024-12-30 00:12:57.422406
00006,1547,1188,106,2024-12-30 00:12:57.438395
00006,1547,1188,106,2024-12-30 00:12:57.454378
00006,1545,1187,106,2024-12-30 00:12:57.470390
00006,1538,1188,106,2024-12-30 00:12:57.486397
00005,1525,1188,106,2024-12-30 00:12:57.502370
00006,1539,1188,106,2024-12-30 00:12:57.518386
00006,1545,1188,106,2024-12-30 00:12:57.550248
00006,1535,1188,106,2024-12-30 00:12:57.566361
00006,1545,1188,106,2024-12-30 00:12:57.582366
00006,1555,1188,106,2024-12-30 00:12:57.598367
00006,1558,1188,106,2024-12-30 00:12:57.614363
00006,1556,1188,106,2024-12-30 00:12:57.630360
00006,1550,1188,106,2024-12-30 00:12:57.646348
00005,1542,1188,106,2024-12-30 00:12:57.662347
00006,1551,1188,106,2024-12-30 00:12:57.678342
00006,1544,1188,106,2024-12-30 00:12:57.709895
00006,1552,1188,106,2024-12-30 00:12:57.726356
00006,1546,1188,106,2024-12-30 00:12:57.742354
00006,1542,1188,106,2024-12-30 00:12:57.758326
00006,1531,1188,106,2024-12-30 00:12:57.774327
00006,1532,1188,106,2024-12-30 00:12:57.790320
00006,1555,1188,106,2024-12-30 00:12:57.806325
00006,1547,1188,106,2024-12-30 00:12:57.822318
00006,1548,1188,106,2024-12-30 00:12:57.838317
00006,1549,1188,106,2024-12-30 00:12:57.854311
00006,1551,1188,106,2024-12-30 00:12:57.886292
00007,1551,1188,106,2024-12-30 00:12:57.902317
00006,1561,1188,106,2024-12-30 00:12:57.918319
00005,1553,1188,106,2024-12-30 00:12:57.934362
00006,1538,1188,106,2024-12-30 00:12:57.950322
00006,1541,1188,106,2024-12-30 00:12:57.966321
00006,1546,1188,106,2024-12-30 00:12:57.982328
00006,1555,1188,106,2024-12-30 00:12:57.998322
00006,1557,1188,106,2024-12-30 00:12:58.014326
00006,1555,1188,106,2024-12-30 00:12:58.045939
00006,1567,1188,106,2024-12-30 00:12:58.062255
00007,1547,1188,106,2024-12-30 00:12:58.078262
00006,1550,1188,106,2024-12-30 00:12:58.094248
00006,1544,1188,106,2024-12-30 00:12:58.110246
00006,1548,1187,106,2024-12-30 00:12:58.126237
00006,1543,1188,106,2024-12-30 00:12:58.142245
00006,1545,1188,106,2024-12-30 00:12:58.158236
00006,1556,1188,106,2024-12-30 00:12:58.174224
00006,1553,1188,106,2024-12-30 00:12:58.205564
00006,1547,1187,106,2024-12-30 00:12:58.222229
00006,1541,1188,106,2024-12-30 00:12:58.238262
00006,1553,1188,106,2024-12-30 00:12:58.254221
00006,1548,1188,106,2024-12-30 00:12:58.270214
00006,1549,1188,106,2024-12-30 00:12:58.286212
00006,1564,1188,106,2024-12-30 00:12:58.302205
00006,1557,1188,106,2024-12-30 00:12:58.318199
00006,1565,1188,106,2024-12-30 00:12:58.334188
00006,1527,1188,106,2024-12-30 00:12:58.350227
00006,1553,1188,106,2024-12-30 00:12:58.381940
00006,1547,1188,106,2024-12-30 00:12:58.398181
00006,1563,1187,106,2024-12-30 00:12:58.414179
00005,1540,1188,106,2024-12-30 00:12:58.430171
00006,1545,1188,106,2024-12-30 00:12:58.446165
00006,1545,1188,106,2024-12-30 00:12:58.462203
00006,1523,1188,106,2024-12-30 00:12:58.478167
00006,1539,1188,106,2024-12-30 00:12:58.494169
00006,1549,1188,106,2024-12-30 00:12:58.510161
00006,1557,1188,106,2024-12-30 00:12:58.541568
00006,1543,1188,106,2024-12-30 00:12:58.558178
00005,1549,1188,106,2024-12-30 00:12:58.574167
00005,1559,1188,106,2024-12-30 00:12:58.590137
00006,1542,1188,106,2024-12-30 00:12:58.606132
00006,1569,1187,106,2024-12-30 00:12:58.622135
00006,1554,1188,106,2024-12-30 00:12:58.638125
00005,1557,1188,106,2024-12-30 00:12:58.654123
00005,1553,1188,106,2024-12-30 00:12:58.670144
00006,1563,1188,106,2024-12-30 00:12:58.686128
00006,1567,1188,106,2024-12-30 00:12:58.717966
00005,1551,1188,106,2024-12-30 00:12:58.734106
00006,1546,1188,106,2024-12-30 00:12:58.750113
00006,1566,1188,106,2024-12-30 00:12:58.766120
00007,1554,1188,106,2024-12-30 00:12:58.782093
00006,1551,1188,106,2024-12-30 00:12:58.798096
00006,1561,1187,106,2024-12-30 00:12:58.814081
00006,1558,1188,106,2024-12-30 00:12:58.830088
00005,1536,1188,106,2024-12-30 00:12:58.846078
00006,1560,1188,106,2024-12-30 00:12:58.877600
00006,1549,1188,106,2024-12-30 00:12:58.894070
00005,1552,1188,106,2024-12-30 00:12:58.910069
00006,1555,1187,106,2024-12-30 00:12:58.926068
00006,1565,1188,106,2024-12-30 00:12:58.942069
00006,1565,1188,106,2024-12-30 00:12:58.958061
00006,1552,1188,106,2024-12-30 00:12:58.974070
00006,1565,1188,106,2024-12-30 00:12:58.990051
00005,1573,1188,106,2024-12-30 00:12:59.006041
00006,1556,1187,106,2024-12-30 00:12:59.022046
00006,1560,1188,106,2024-12-30 00:12:59.053989
00006,1554,1188,106,2024-12-30 00:12:59.070031
00006,1558,1188,106,2024-12-30 00:12:59.086042
00006,1556,1187,106,2024-12-30 00:12:59.102025
00005,1554,1188,106,2024-12-30 00:12:59.118016
00006,1563,1188,106,2024-12-30 00:12:59.134017
00006,1560,1188,106,2024-12-30 00:12:59.150012
00006,1532,1188,106,2024-12-30 00:12:59.166012
00005,1562,1188,106,2024-12-30 00:12:59.182024
00006,1555,1188,106,2024-12-30 00:12:59.213614
00006,1551,1187,106,2024-12-30 00:12:59.229988
00006,1551,1188,106,2024-12-30 00:12:59.246009
00005,1548,1187,106,2024-12-30 00:12:59.261987
00006,1547,1188,106,2024-12-30 00:12:59.277990
00006,1561,1187,106,2024-12-30 00:12:59.294012
00005,1562,1188,106,2024-12-30 00:12:59.309978
00006,1566,1188,106,2024-12-30 00:12:59.325977
00005,1556,1187,106,2024-12-30 00:12:59.341965
00005,1554,1188,106,2024-12-30 00:12:59.357967
00005,1557,1188,106,2024-12-30 00:12:59.389983
00005,1549,1187,106,2024-12-30 00:12:59.405968
00006,1580,1188,106,2024-12-30 00:12:59.421968
00006,1558,1187,106,2024-12-30 00:12:59.437950
00006,1558,1187,106,2024-12-30 00:12:59.453938
00006,1572,1188,106,2024-12-30 00:12:59.469945
00006,1570,1188,106,2024-12-30 00:12:59.485934
00006,1565,1188,106,2024-12-30 00:12:59.501951
00005,1546,1188,106,2024-12-30 00:12:59.517934
00006,1570,1188,106,2024-12-30 00:12:59.549643
00006,1552,1188,106,2024-12-30 00:12:59.565913
00006,1558,1188,106,2024-12-30 00:12:59.581919
00006,1558,1188,106,2024-12-30 00:12:59.597930
00006,1547,1188,106,2024-12-30 00:12:59.613914
00006,1554,1187,106,2024-12-30 00:12:59.629904
00006,1550,1187,106,2024-12-30 00:12:59.645908
00006,1565,1188,106,2024-12-30 00:12:59.661904
00005,1551,1188,106,2024-12-30 00:12:59.677891
00005,1559,1187,106,2024-12-30 00:12:59.709283
00005,1561,1187,106,2024-12-30 00:12:59.725881
00006,1554,1187,106,2024-12-30 00:12:59.741886
00006,1564,1187,106,2024-12-30 00:12:59.757875
00006,1563,1188,106,2024-12-30 00:12:59.773875
00005,1539,1187,106,2024-12-30 00:12:59.789863
00006,1571,1187,106,2024-12-30 00:12:59.805901
00006,1565,1188,106,2024-12-30 00:12:59.821865
00006,1567,1187,106,2024-12-30 00:12:59.837854
00006,1547,1188,106,2024-12-30 00:12:59.853856
00006,1549,1188,106,2024-12-30 00:12:59.885653
00005,1557,1188,106,2024-12-30 00:12:59.901842
00006,1570,1188,106,2024-12-30 00:12:59.917851
00006,1561,1187,106,2024-12-30 00:12:59.933837
00005,1549,1188,106,2024-12-30 00:12:59.949828
00006,1564,1188,106,2024-12-30 00:12:59.965829
00005,1564,1187,106,2024-12-30 00:12:59.981824
00005,1561,1188,106,2024-12-30 00:12:59.997826
00005,1559,1188,106,2024-12-30 00:13:00.013866
00006,1557,1188,106,2024-12-30 00:13:00.045291
00006,1572,1187,106,2024-12-30 00:13:00.061804
00005,1562,1188,106,2024-12-30 00:13:00.077808
00006,1561,1188,106,2024-12-30 00:13:00.093802
00006,1557,1187,106,2024-12-30 00:13:00.109799
00005,1567,1187,106,2024-12-30 00:13:00.125815
00005,1563,1187,106,2024-12-30 00:13:00.141790
00006,1562,1187,106,2024-12-30 00:13:00.157786
00005,1556,1188,106,2024-12-30 00:13:00.173788
00006,1577,1187,106,2024-12-30 00:13:00.189779
00005,1560,1187,106,2024-12-30 00:13:00.221853
00006,1554,1187,106,2024-12-30 00:13:00.237924
00006,1547,1188,106,2024-12-30 00:13:00.253844
00006,1567,1188,106,2024-12-30 00:13:00.269782
00006,1548,1187,106,2024-12-30 00:13:00.285760
00005,1543,1187,106,2024-12-30 00:13:00.301777
00005,1544,1187,106,2024-12-30 00:13:00.317759
00006,1562,1187,106,2024-12-30 00:13:00.333753
00005,1550,1187,106,2024-12-30 00:13:00.349748
00005,1536,1188,106,2024-12-30 00:13:00.381326
00005,1564,1188,106,2024-12-30 00:13:00.397734
00006,1561,1187,106,2024-12-30 00:13:00.413725
00005,1554,1187,106,2024-12-30 00:13:00.429744
00006,1561,1188,106,2024-12-30 00:13:00.445726
00006,1570,1187,106,2024-12-30 00:13:00.461722
00005,1568,1187,106,2024-12-30 00:13:00.477717
00007,1537,1188,106,2024-12-30 00:13:00.493720
00005,1557,1187,106,2024-12-30 00:13:00.509705
00005,1560,1187,106,2024-12-30 00:13:00.525709
00006,1559,1187,106,2024-12-30 00:13:00.557699
00006,1541,1187,106,2024-12-30 00:13:00.573693
00005,1548,1187,106,2024-12-30 00:13:00.589695
00005,1565,1187,106,2024-12-30 00:13:00.605687
00005,1554,1187,106,2024-12-30 00:13:00.621676
00005,1550,1187,106,2024-12-30 00:13:00.637683
00006,1565,1187,106,2024-12-30 00:13:00.653672
00005,1544,1187,106,2024-12-30 00:13:00.669675
00006,1552,1187,106,2024-12-30 00:13:00.685661
00006,1557,1188,106,2024-12-30 00:13:00.717363
00005,1549,1187,106,2024-12-30 00:13:00.733666
00006,1561,1187,106,2024-12-30 00:13:00.749672
00005,1558,1187,106,2024-12-30 00:13:00.765664
00005,1538,1187,106,2024-12-30 00:13:00.781665
00005,1558,1187,106,2024-12-30 00:13:00.797667
00006,1553,1187,106,2024-12-30 00:13:00.813671
00005,1546,1187,106,2024-12-30 00:13:00.829677
00006,1556,1188,106,2024-12-30 00:13:00.845675
00005,1570,1187,106,2024-12-30 00:13:00.877035
00005,1554,1187,106,2024-12-30 00:13:00.893683
00006,1590,1187,106,2024-12-30 00:13:00.909685
00005,1565,1187,106,2024-12-30 00:13:00.925610
00006,1559,1187,106,2024-12-30 00:13:00.941613
00005,1574,1187,106,2024-12-30 00:13:00.957607
00006,1557,1188,106,2024-12-30 00:13:00.973606
00006,1551,1187,106,2024-12-30 00:13:00.989602
00005,1559,1187,106,2024-12-30 00:13:01.005590
00006,1567,1187,106,2024-12-30 00:13:01.021595
00005,1558,1187,106,2024-12-30 00:13:01.053375
00006,1551,1187,106,2024-12-30 00:13:01.069580
00005,1567,1188,106,2024-12-30 00:13:01.085582
00005,1555,1187,106,2024-12-30 00:13:01.101588
00006,1561,1187,106,2024-12-30 00:13:01.117565
00005,1559,1187,106,2024-12-30 00:13:01.133574
00005,1566,1187,106,2024-12-30 00:13:01.149564
00006,1554,1188,106,2024-12-30 00:13:01.165566
00006,1563,1187,106,2024-12-30 00:13:01.181559
00005,1547,1187,106,2024-12-30 00:13:01.213033
00006,1557,1187,106,2024-12-30 00:13:01.229549
00005,1554,1187,106,2024-12-30 00:13:01.245563
00005,1545,1187,106,2024-12-30 00:13:01.261538
00005,1557,1187,106,2024-12-30 00:13:01.277541
00005,1555,1187,106,2024-12-30 00:13:01.293536
00006,1546,1187,106,2024-12-30 00:13:01.309548
00005,1568,1187,106,2024-12-30 00:13:01.325531
00006,1551,1187,106,2024-12-30 00:13:01.341534
00006,1551,1187,106,2024-12-30 00:13:01.357531
00006,1561,1187,106,2024-12-30 00:13:01.389415
00005,1556,1187,106,2024-12-30 00:13:01.405514
00005,1548,1187,106,2024-12-30 00:13:01.421515
00005,1561,1187,106,2024-12-30 00:13:01.437507
00005,1550,1187,106,2024-12-30 00:13:01.453503
00005,1571,1187,106,2024-12-30 00:13:01.469509
00005,1545,1187,106,2024-12-30 00:13:01.485488
00005,1557,1187,106,2024-12-30 00:13:01.501776
00005,1543,1187,106,2024-12-30 00:13:01.517503
00006,1546,1187,106,2024-12-30 00:13:01.549056
00005,1541,1188,106,2024-12-30 00:13:01.565481
00006,1548,1187,106,2024-12-30 00:13:01.581483
00005,1551,1187,106,2024-12-30 00:13:01.597470
00006,1560,1187,106,2024-12-30 00:13:01.613469
00005,1554,1187,106,2024-12-30 00:13:01.629459
00005,1556,1187,106,2024-12-30 00:13:01.645452
00006,1553,1187,106,2024-12-30 00:13:01.661457
00006,1556,1187,106,2024-12-30 00:13:01.677447
00005,1547,1187,106,2024-12-30 00:13:01.693451
00005,1566,1187,106,2024-12-30 00:13:01.725447
00006,1541,1187,106,2024-12-30 00:13:01.741447
00005,1547,1187,106,2024-12-30 00:13:01.757436
00005,1542,1187,106,2024-12-30 00:13:01.773428
00006,1561,1187,106,2024-12-30 00:13:01.789428
00006,1569,1187,106,2024-12-30 00:13:01.805427
00005,1556,1187,106,2024-12-30 00:13:01.821428
00005,1547,1187,106,2024-12-30 00:13:01.837427
00005,1527,1187,106,2024-12-30 00:13:01.853413
00006,1555,1187,106,2024-12-30 00:13:01.885073
00005,1533,1187,106,2024-12-30 00:13:01.901399
00005,1554,1187,106,2024-12-30 00:13:01.917402
00005,1556,1187,106,2024-12-30 00:13:01.933400
00005,1547,1187,106,2024-12-30 00:13:01.949400
00007,1536,1187,106,2024-12-30 00:13:01.965393
00005,1555,1187,106,2024-12-30 00:13:01.981400
00005,1545,1187,106,2024-12-30 00:13:01.997385
00006,1557,1187,106,2024-12-30 00:13:02.013390
00006,1546,1187,106,2024-12-30 00:13:02.044704
00005,1549,1187,106,2024-12-30 00:13:02.061374
00006,1536,1187,106,2024-12-30 00:13:02.077363
00005,1560,1187,106,2024-12-30 00:13:02.093368
00005,1539,1187,106,2024-12-30 00:13:02.109359
00006,1528,1187,106,2024-12-30 00:13:02.125363
00006,1529,1187,106,2024-12-30 00:13:02.141351
00005,1536,1187,106,2024-12-30 00:13:02.157344
00006,1535,1187,106,2024-12-30 00:13:02.173351
00006,1537,1187,106,2024-12-30 00:13:02.189346
00005,1541,1187,106,2024-12-30 00:13:02.221070
00006,1540,1187,106,2024-12-30 00:13:02.237344
00006,1541,1187,106,2024-12-30 00:13:02.253326
00006,1537,1187,106,2024-12-30 00:13:02.269324
00006,1544,1187,106,2024-12-30 00:13:02.285325
00005,1535,1187,106,2024-12-30 00:13:02.301320
00005,1545,1187,106,2024-12-30 00:13:02.317318
00005,1549,1187,106,2024-12-30 00:13:02.333310
00005,1527,1187,106,2024-12-30 00:13:02.349311
00006,1537,1187,106,2024-12-30 00:13:02.380718
00005,1538,1187,106,2024-12-30 00:13:02.397303
00005,1555,1187,106,2024-12-30 00:13:02.413290
00005,1551,1187,106,2024-12-30 00:13:02.429289
00005,1534,1187,106,2024-12-30 00:13:02.445279
00006,1546,1187,106,2024-12-30 00:13:02.461289
00005,1545,1187,106,2024-12-30 00:13:02.477280
00006,1532,1187,106,2024-12-30 00:13:02.493276
00005,1528,1187,106,2024-12-30 00:13:02.509271
00006,1551,1187,106,2024-12-30 00:13:02.525266
00006,1531,1187,106,2024-12-30 00:13:02.557123
00006,1536,1186,106,2024-12-30 00:13:02.573271
00005,1545,1187,106,2024-12-30 00:13:02.589252
00005,1529,1187,106,2024-12-30 00:13:02.605245
00005,1532,1187,106,2024-12-30 00:13:02.621240
00006,1541,1186,106,2024-12-30 00:13:02.637247
00005,1540,1187,106,2024-12-30 00:13:02.653236
00005,1528,1187,106,2024-12-30 00:13:02.669236
00005,1541,1187,106,2024-12-30 00:13:02.685238
00005,1539,1187,106,2024-12-30 00:13:02.716759
00005,1535,1187,106,2024-12-30 00:13:02.733226
00006,1547,1187,106,2024-12-30 00:13:02.749222
00005,1543,1187,106,2024-12-30 00:13:02.765217
00006,1544,1187,106,2024-12-30 00:13:02.781205
00005,1551,1187,106,2024-12-30 00:13:02.797214
00005,1537,1187,106,2024-12-30 00:13:02.813204
00005,1540,1187,106,2024-12-30 00:13:02.829207
00006,1541,1187,106,2024-12-30 00:13:02.845198
00006,1536,1187,106,2024-12-30 00:13:02.861202
00006,1549,1187,106,2024-12-30 00:13:02.893127
00006,1535,1187,106,2024-12-30 00:13:02.909190
00005,1544,1187,106,2024-12-30 00:13:02.925188
00005,1533,1187,106,2024-12-30 00:13:02.941196
00006,1529,1187,106,2024-12-30 00:13:02.957179
00005,1551,1187,106,2024-12-30 00:13:02.973173
00006,1546,1187,106,2024-12-30 00:13:02.989171
00005,1533,1187,106,2024-12-30 00:13:03.005163
00005,1539,1187,106,2024-12-30 00:13:03.021166
00006,1540,1187,106,2024-12-30 00:13:03.052772
00005,1535,1187,106,2024-12-30 00:13:03.069147
00005,1531,1187,106,2024-12-30 00:13:03.085153
00005,1529,1187,106,2024-12-30 00:13:03.101145
00005,1522,1187,106,2024-12-30 00:13:03.117145
00005,1530,1187,106,2024-12-30 00:13:03.133139
00006,1551,1187,106,2024-12-30 00:13:03.149135
00005,1530,1187,106,2024-12-30 00:13:03.165130
00005,1543,1187,106,2024-12-30 00:13:03.181123
00005,1522,1186,106,2024-12-30 00:13:03.197130
00005,1529,1187,106,2024-12-30 00:13:03.229111
00005,1547,1187,106,2024-12-30 00:13:03.245127
00005,1543,1186,106,2024-12-30 00:13:03.261100
00006,1536,1187,106,2024-12-30 00:13:03.277101
00006,1541,1187,106,2024-12-30 00:13:03.293107
00005,1532,1187,106,2024-12-30 00:13:03.309112
00006,1552,1186,106,2024-12-30 00:13:03.325091
00005,1543,1187,106,2024-12-30 00:13:03.341093
00005,1544,1187,106,2024-12-30 00:13:03.357084
00006,1538,1186,106,2024-12-30 00:13:03.388801
00005,1540,1186,106,2024-12-30 00:13:03.405086
00006,1542,1187,106,2024-12-30 00:13:03.421084
00005,1533,1187,106,2024-12-30 00:13:03.437068
00005,1540,1187,106,2024-12-30 00:13:03.453069
00005,1535,1187,106,2024-12-30 00:13:03.469058
00005,1531,1187,106,2024-12-30 00:13:03.485059
00005,1552,1187,106,2024-12-30 00:13:03.501051
00006,1543,1187,106,2024-12-30 00:13:03.517051
00005,1528,1187,106,2024-12-30 00:13:03.548413
00006,1525,1187,106,2024-12-30 00:13:03.565047
00005,1526,1187,106,2024-12-30 00:13:03.581041
00005,1535,1186,106,2024-12-30 00:13:03.597034
00006,1559,1187,106,2024-12-30 00:13:03.613028
00005,1547,1186,106,2024-12-30 00:13:03.629032
00005,1547,1186,106,2024-12-30 00:13:03.645023
00005,1520,1187,106,2024-12-30 00:13:03.661027
00006,1532,1187,106,2024-12-30 00:13:03.677028
00006,1535,1187,106,2024-12-30 00:13:03.693031
00006,1536,1186,106,2024-12-30 00:13:03.724842
00005,1533,1187,106,2024-12-30 00:13:03.741045
00005,1554,1187,106,2024-12-30 00:13:03.757044
00006,1543,1186,106,2024-12-30 00:13:03.773045
00005,1547,1186,106,2024-12-30 00:13:03.789052
00005,1537,1187,106,2024-12-30 00:13:03.805047
00005,1528,1187,106,2024-12-30 00:13:03.821051
00005,1533,1187,106,2024-12-30 00:13:03.837053
00005,1526,1186,106,2024-12-30 00:13:03.852982
00005,1547,1186,106,2024-12-30 00:13:03.884427
00006,1535,1186,106,2024-12-30 00:13:03.900980
00005,1536,1187,106,2024-12-30 00:13:03.916969
00005,1538,1187,106,2024-12-30 00:13:03.932974
00005,1535,1186,106,2024-12-30 00:13:03.948961
00005,1548,1187,106,2024-12-30 00:13:03.964962
00005,1546,1187,106,2024-12-30 00:13:03.980954
00005,1558,1187,106,2024-12-30 00:13:03.996948
00005,1544,1186,106,2024-12-30 00:13:04.012948
00005,1536,1187,106,2024-12-30 00:13:04.028948
00005,1530,1187,106,2024-12-30 00:13:04.060827
00005,1544,1187,106,2024-12-30 00:13:04.076927
00006,1539,1187,106,2024-12-30 00:13:04.092932
00005,1565,1186,106,2024-12-30 00:13:04.108920
00005,1535,1187,106,2024-12-30 00:13:04.124931
00005,1548,1186,106,2024-12-30 00:13:04.140926
00005,1524,1187,106,2024-12-30 00:13:04.156924
00005,1540,1186,106,2024-12-30 00:13:04.172912
00005,1529,1186,106,2024-12-30 00:13:04.188905
00005,1543,1187,106,2024-12-30 00:13:04.220467
00004,1542,1186,106,2024-12-30 00:13:04.236915
00005,1542,1186,106,2024-12-30 00:13:04.252901
00005,1544,1186,106,2024-12-30 00:13:04.268895
00005,1533,1187,106,2024-12-30 00:13:04.284910
00005,1524,1186,106,2024-12-30 00:13:04.300908
00005,1543,1186,106,2024-12-30 00:13:04.316887
00005,1529,1187,106,2024-12-30 00:13:04.332885
00006,1539,1186,106,2024-12-30 00:13:04.348877
00005,1548,1186,106,2024-12-30 00:13:04.364870
00005,1540,1186,106,2024-12-30 00:13:04.396850
00006,1556,1187,106,2024-12-30 00:13:04.412856
00006,1544,1186,106,2024-12-30 00:13:04.428861
00005,1542,1186,106,2024-12-30 00:13:04.444855
00005,1537,1186,106,2024-12-30 00:13:04.460855
00005,1538,1186,106,2024-12-30 00:13:04.476841
00005,1537,1186,106,2024-12-30 00:13:04.492842
00005,1534,1186,106,2024-12-30 00:13:04.508842
00005,1553,1186,106,2024-12-30 00:13:04.524835
00004,1530,1186,106,2024-12-30 00:13:04.556490
00005,1544,1186,106,2024-12-30 00:13:04.572828
00005,1551,1186,106,2024-12-30 00:13:04.588821
00005,1549,1186,106,2024-12-30 00:13:04.604819
00005,1538,1186,106,2024-12-30 00:13:04.620811
00005,1523,1186,106,2024-12-30 00:13:04.636814
00005,1537,1186,106,2024-12-30 00:13:04.652805
00005,1539,1186,106,2024-12-30 00:13:04.668809
00005,1561,1186,106,2024-12-30 00:13:04.684804
00005,1558,1186,106,2024-12-30 00:13:04.716131
00005,1538,1186,106,2024-12-30 00:13:04.732788
00005,1545,1186,106,2024-12-30 00:13:04.748795
00005,1530,1186,106,2024-12-30 00:13:04.764795
00005,1538,1187,106,2024-12-30 00:13:04.780778
00006,1535,1186,106,2024-12-30 00:13:04.796775
00005,1529,1187,106,2024-12-30 00:13:04.812780
00005,1544,1186,106,2024-12-30 00:13:04.828777
00005,1547,1187,106,2024-12-30 00:13:04.844771
00005,1533,1186,106,2024-12-30 00:13:04.860769
00005,1555,1187,106,2024-12-30 00:13:04.892521
00005,1546,1186,106,2024-12-30 00:13:04.908757
00005,1537,1186,106,2024-12-30 00:13:04.924751
00005,1542,1186,106,2024-12-30 00:13:04.940752
00005,1535,1186,106,2024-12-30 00:13:04.956739
00005,1548,1186,106,2024-12-30 00:13:04.972743
00005,1541,1186,106,2024-12-30 00:13:04.988740
00005,1520,1186,106,2024-12-30 00:13:05.004736
00005,1533,1186,106,2024-12-30 00:13:05.020726
00005,1532,1187,106,2024-12-30 00:13:05.052159
00005,1535,1186,106,2024-12-30 00:13:05.068716
00005,1549,1186,106,2024-12-30 00:13:05.084721
00005,1534,1186,106,2024-12-30 00:13:05.100718
00004,1529,1186,106,2024-12-30 00:13:05.116711
00004,1521,1186,106,2024-12-30 00:13:05.132712
00005,1525,1186,106,2024-12-30 00:13:05.148714
00005,1552,1186,106,2024-12-30 00:13:05.164701
00005,1539,1186,106,2024-12-30 00:13:05.180692
00006,1539,1186,106,2024-12-30 00:13:05.196694
00005,1549,1186,106,2024-12-30 00:13:05.228543
00005,1537,1186,106,2024-12-30 00:13:05.244705
00006,1539,1186,106,2024-12-30 00:13:05.260692
00006,1539,1186,106,2024-12-30 00:13:05.276672
00005,1544,1186,106,2024-12-30 00:13:05.292662
00005,1529,1186,106,2024-12-30 00:13:05.308678
00006,1542,1186,106,2024-12-30 00:13:05.324665
00005,1539,1186,106,2024-12-30 00:13:05.340662
00005,1536,1186,106,2024-12-30 00:13:05.356650
00005,1535,1186,106,2024-12-30 00:13:05.388173
00006,1529,1186,106,2024-12-30 00:13:05.404639
00005,1514,1186,106,2024-12-30 00:13:05.420644
00005,1547,1186,106,2024-12-30 00:13:05.436637
00005,1540,1186,106,2024-12-30 00:13:05.452638
00005,1534,1186,106,2024-12-30 00:13:05.468633
00004,1535,1186,106,2024-12-30 00:13:05.484637
00005,1542,1186,106,2024-12-30 00:13:05.500634
00004,1531,1186,106,2024-12-30 00:13:05.516620
00005,1526,1186,106,2024-12-30 00:13:05.532622
00005,1530,1186,106,2024-12-30 00:13:05.564574
00005,1529,1186,106,2024-12-30 00:13:05.580610
00005,1539,1186,106,2024-12-30 00:13:05.596616
00005,1526,1186,106,2024-12-30 00:13:05.612599
00005,1525,1186,106,2024-12-30 00:13:05.628592
00005,1532,1186,106,2024-12-30 00:13:05.644596
00004,1541,1186,106,2024-12-30 00:13:05.660583
00005,1529,1186,106,2024-12-30 00:13:05.676586
00005,1532,1186,106,2024-12-30 00:13:05.692579
00005,1534,1186,106,2024-12-30 00:13:05.724205
00006,1531,1186,106,2024-12-30 00:13:05.740580
00005,1539,1186,106,2024-12-30 00:13:05.756571
00006,1530,1186,106,2024-12-30 00:13:05.772568
00004,1516,1186,106,2024-12-30 00:13:05.788566
00005,1535,1186,106,2024-12-30 00:13:05.804557
00005,1526,1186,106,2024-12-30 00:13:05.820554
00005,1509,1186,106,2024-12-30 00:13:05.836563
00005,1524,1186,106,2024-12-30 00:13:05.852552
00005,1533,1186,106,2024-12-30 00:13:05.868557
00005,1524,1186,106,2024-12-30 00:13:05.900536
00004,1527,1186,106,2024-12-30 00:13:05.916531
00005,1528,1186,106,2024-12-30 00:13:05.932526
00005,1527,1186,106,2024-12-30 00:13:05.948538
00005,1519,1186,106,2024-12-30 00:13:05.964532
00006,1525,1186,106,2024-12-30 00:13:05.980528
00005,1528,1186,106,2024-12-30 00:13:05.996512
00005,1516,1186,106,2024-12-30 00:13:06.012519
00005,1515,1186,106,2024-12-30 00:13:06.028520
00004,1517,1186,106,2024-12-30 00:13:06.060218
00004,1539,1186,106,2024-12-30 00:13:06.076511
00005,1506,1186,106,2024-12-30 00:13:06.092503
00005,1525,1186,106,2024-12-30 00:13:06.108493
00005,1523,1186,106,2024-12-30 00:13:06.124486
00005,1518,1186,106,2024-12-30 00:13:06.140479
00005,1521,1186,106,2024-12-30 00:13:06.156488
00005,1515,1186,106,2024-12-30 00:13:06.172485
00005,1521,1186,106,2024-12-30 00:13:06.188484
00005,1516,1186,106,2024-12-30 00:13:06.219840
00005,1528,1186,106,2024-12-30 00:13:06.236478
00005,1516,1186,106,2024-12-30 00:13:06.252488
00005,1527,1186,106,2024-12-30 00:13:06.268467
00005,1518,1186,106,2024-12-30 00:13:06.284452
00005,1512,1186,106,2024-12-30 00:13:06.300455
00004,1524,1186,106,2024-12-30 00:13:06.316447
00005,1509,1186,106,2024-12-30 00:13:06.332453
00005,1509,1186,106,2024-12-30 00:13:06.348446
00005,1524,1186,106,2024-12-30 00:13:06.364452
00005,1526,1186,106,2024-12-30 00:13:06.396243
00005,1514,1186,106,2024-12-30 00:13:06.412427
00005,1522,1186,106,2024-12-30 00:13:06.428428
00005,1531,1186,106,2024-12-30 00:13:06.444426
00005,1505,1186,106,2024-12-30 00:13:06.460415
00005,1508,1186,106,2024-12-30 00:13:06.476416
00004,1513,1186,106,2024-12-30 00:13:06.492407
00005,1507,1186,106,2024-12-30 00:13:06.508411
00005,1518,1186,106,2024-12-30 00:13:06.524401
00005,1512,1186,106,2024-12-30 00:13:06.555874
00004,1514,1186,106,2024-12-30 00:13:06.572388
00005,1518,1186,106,2024-12-30 00:13:06.588393
00005,1520,1186,106,2024-12-30 00:13:06.604397
00005,1509,1186,106,2024-12-30 00:13:06.620404
00005,1506,1186,106,2024-12-30 00:13:06.636403
00004,1504,1186,106,2024-12-30 00:13:06.652398
00004,1511,1186,106,2024-12-30 00:13:06.668403
00005,1519,1186,106,2024-12-30 00:13:06.684405
00005,1501,1186,106,2024-12-30 00:13:06.700402
00005,1520,1186,106,2024-12-30 00:13:06.732305
00005,1514,1186,106,2024-12-30 00:13:06.748414
00005,1505,1186,106,2024-12-30 00:13:06.764415
00005,1500,1186,106,2024-12-30 00:13:06.780413
00006,1515,1186,106,2024-12-30 00:13:06.796346
00004,1510,1186,106,2024-12-30 00:13:06.812347
00005,1502,1186,106,2024-12-30 00:13:06.828335
00005,1504,1186,106,2024-12-30 00:13:06.844333
00005,1507,1186,106,2024-12-30 00:13:06.860338
00005,1513,1186,106,2024-12-30 00:13:06.891886
00005,1515,1186,106,2024-12-30 00:13:06.908319
00005,1513,1186,106,2024-12-30 00:13:06.924315
00005,1519,1186,106,2024-12-30 00:13:06.940316
00005,1506,1186,106,2024-12-30 00:13:06.956313
00005,1517,1186,106,2024-12-30 00:13:06.972320
00005,1501,1186,106,2024-12-30 00:13:06.988296
00005,1514,1186,106,2024-12-30 00:13:07.004304
00005,1500,1186,106,2024-12-30 00:13:07.020290
00005,1504,1186,106,2024-12-30 00:13:07.036298
00005,1503,1186,106,2024-12-30 00:13:07.068286
00004,1479,1186,106,2024-12-30 00:13:07.084287
00005,1496,1186,106,2024-12-30 00:13:07.100274
00005,1514,1186,106,2024-12-30 00:13:07.116282
00005,1494,1186,106,2024-12-30 00:13:07.132269
00005,1502,1186,106,2024-12-30 00:13:07.148268
00005,1501,1186,106,2024-12-30 00:13:07.164264
00005,1491,1185,106,2024-12-30 00:13:07.180258
00005,1509,1186,106,2024-12-30 00:13:07.196256
00005,1498,1186,106,2024-12-30 00:13:07.227916
00004,1486,1186,106,2024-12-30 00:13:07.244251
00005,1500,1186,106,2024-12-30 00:13:07.260249
00006,1494,1186,106,2024-12-30 00:13:07.276236
00005,1496,1186,106,2024-12-30 00:13:07.292247
00005,1484,1186,106,2024-12-30 00:13:07.308229
00005,1484,1185,106,2024-12-30 00:13:07.324233
00005,1500,1185,106,2024-12-30 00:13:07.340236
00006,1507,1186,106,2024-12-30 00:13:07.356220
00005,1499,1186,106,2024-12-30 00:13:07.387560
00006,1504,1186,106,2024-12-30 00:13:07.404203
00005,1509,1186,106,2024-12-30 00:13:07.420210
00005,1511,1186,106,2024-12-30 00:13:07.436209
00005,1485,1186,106,2024-12-30 00:13:07.452211
00005,1498,1186,106,2024-12-30 00:13:07.468193
00005,1504,1185,106,2024-12-30 00:13:07.484197
00005,1508,1186,106,2024-12-30 00:13:07.500193
00005,1482,1186,106,2024-12-30 00:13:07.516195
00005,1505,1186,106,2024-12-30 00:13:07.532189
00005,1489,1186,106,2024-12-30 00:13:07.563946
00005,1488,1185,106,2024-12-30 00:13:07.580171
00006,1495,1186,106,2024-12-30 00:13:07.596171
00006,1492,1185,106,2024-12-30 00:13:07.612164
00006,1503,1186,106,2024-12-30 00:13:07.628163
00005,1491,1185,106,2024-12-30 00:13:07.644157
00005,1486,1186,106,2024-12-30 00:13:07.660154
00005,1502,1186,106,2024-12-30 00:13:07.676150
00005,1504,1185,106,2024-12-30 00:13:07.692157
00005,1486,1185,106,2024-12-30 00:13:07.723562
00006,1502,1186,106,2024-12-30 00:13:07.740150
00005,1481,1186,106,2024-12-30 00:13:07.756135
00006,1473,1185,106,2024-12-30 00:13:07.772136
00005,1495,1186,106,2024-12-30 00:13:07.788129
00005,1499,1186,106,2024-12-30 00:13:07.804131
00005,1488,1186,106,2024-12-30 00:13:07.820128
00005,1491,1186,106,2024-12-30 00:13:07.836112
00005,1499,1186,106,2024-12-30 00:13:07.852122
00005,1487,1186,106,2024-12-30 00:13:07.868112
00005,1488,1186,106,2024-12-30 00:13:07.899948
00004,1492,1186,106,2024-12-30 00:13:07.916113
00005,1493,1186,106,2024-12-30 00:13:07.932098
00005,1491,1185,106,2024-12-30 00:13:07.948094
00006,1487,1186,106,2024-12-30 00:13:07.964091
00005,1487,1185,106,2024-12-30 00:13:07.980084
00006,1498,1186,106,2024-12-30 00:13:07.996090
00005,1478,1186,106,2024-12-30 00:13:08.012076
00006,1492,1185,106,2024-12-30 00:13:08.028080
00006,1504,1185,106,2024-12-30 00:13:08.059598
00006,1497,1185,106,2024-12-30 00:13:08.076078
00006,1495,1185,106,2024-12-30 00:13:08.092058
00005,1500,1186,106,2024-12-30 00:13:08.108064
00005,1469,1185,106,2024-12-30 00:13:08.124053
00005,1474,1186,106,2024-12-30 00:13:08.140061
00006,1498,1185,106,2024-12-30 00:13:08.156049
00005,1494,1185,106,2024-12-30 00:13:08.172053
00005,1496,1185,106,2024-12-30 00:13:08.188045
00005,1485,1186,106,2024-12-30 00:13:08.204037
00005,1497,1185,106,2024-12-30 00:13:08.235975
00005,1508,1185,106,2024-12-30 00:13:08.252045
00005,1485,1185,106,2024-12-30 00:13:08.268026
00005,1482,1186,106,2024-12-30 00:13:08.284029
00005,1484,1185,106,2024-12-30 00:13:08.300026
00005,1496,1185,106,2024-12-30 00:13:08.316029
00006,1496,1185,106,2024-12-30 00:13:08.332011
00005,1501,1186,106,2024-12-30 00:13:08.348010
00006,1487,1185,106,2024-12-30 00:13:08.364009
00005,1506,1186,106,2024-12-30 00:13:08.395615
00005,1487,1185,106,2024-12-30 00:13:08.411999
00006,1511,1186,106,2024-12-30 00:13:08.427997
00006,1498,1185,106,2024-12-30 00:13:08.443999
00005,1493,1185,106,2024-12-30 00:13:08.459978
00005,1493,1185,106,2024-12-30 00:13:08.475990
00006,1494,1185,106,2024-12-30 00:13:08.491983
00006,1504,1185,106,2024-12-30 00:13:08.507976
00006,1506,1185,106,2024-12-30 00:13:08.523968
00006,1511,1185,106,2024-12-30 00:13:08.539972
00005,1488,1186,106,2024-12-30 00:13:08.571970
00005,1498,1185,106,2024-12-30 00:13:08.587960
00006,1486,1185,106,2024-12-30 00:13:08.603951
00006,1496,1185,106,2024-12-30 00:13:08.619952
00005,1499,1185,106,2024-12-30 00:13:08.635945
00006,1493,1185,106,2024-12-30 00:13:08.651944
00006,1494,1186,106,2024-12-30 00:13:08.667939
00006,1507,1185,106,2024-12-30 00:13:08.683940
00006,1495,1185,106,2024-12-30 00:13:08.699931
00005,1504,1185,106,2024-12-30 00:13:08.731642
00005,1485,1185,106,2024-12-30 00:13:08.747930
00005,1498,1185,106,2024-12-30 00:13:08.763922
00006,1492,1185,106,2024-12-30 00:13:08.779912
00006,1483,1185,106,2024-12-30 00:13:08.795918
00006,1505,1186,106,2024-12-30 00:13:08.811920
00006,1510,1185,106,2024-12-30 00:13:08.827920
00006,1500,1185,106,2024-12-30 00:13:08.843901
00005,1494,1185,106,2024-12-30 00:13:08.859897
00005,1486,1185,106,2024-12-30 00:13:08.891295
00005,1508,1186,106,2024-12-30 00:13:08.907895
00006,1502,1185,106,2024-12-30 00:13:08.923893
00006,1491,1185,106,2024-12-30 00:13:08.939890
00006,1505,1185,106,2024-12-30 00:13:08.955871
00005,1489,1185,106,2024-12-30 00:13:08.971879
00006,1493,1185,106,2024-12-30 00:13:08.987873
00005,1501,1185,106,2024-12-30 00:13:09.003868
00005,1496,1185,106,2024-12-30 00:13:09.019878
00006,1496,1185,106,2024-12-30 00:13:09.035858
00006,1501,1185,106,2024-12-30 00:13:09.067657
00006,1485,1186,106,2024-12-30 00:13:09.083855
00006,1515,1185,106,2024-12-30 00:13:09.099846
00005,1500,1185,106,2024-12-30 00:13:09.115844
00005,1501,1186,106,2024-12-30 00:13:09.131840
00006,1500,1185,106,2024-12-30 00:13:09.147842
00005,1497,1185,106,2024-12-30 00:13:09.163835
00006,1494,1185,106,2024-12-30 00:13:09.179835
00005,1501,1185,106,2024-12-30 00:13:09.195839
00006,1501,1185,106,2024-12-30 00:13:09.227314
00006,1505,1185,106,2024-12-30 00:13:09.243824
00005,1488,1185,106,2024-12-30 00:13:09.259805
00005,1499,1185,106,2024-12-30 00:13:09.275811
00006,1504,1185,106,2024-12-30 00:13:09.291807
00006,1508,1185,106,2024-12-30 00:13:09.307827
00006,1519,1185,106,2024-12-30 00:13:09.323804
00005,1497,1185,106,2024-12-30 00:13:09.339804
00006,1507,1185,106,2024-12-30 00:13:09.355791
00005,1487,1185,106,2024-12-30 00:13:09.371793
00005,1525,1185,106,2024-12-30 00:13:09.403697
00005,1507,1185,106,2024-12-30 00:13:09.419782
00006,1511,1185,106,2024-12-30 00:13:09.435771
00006,1516,1185,106,2024-12-30 00:13:09.451772
00005,1502,1185,106,2024-12-30 00:13:09.467774
00006,1500,1185,106,2024-12-30 00:13:09.483765
00006,1498,1185,106,2024-12-30 00:13:09.499762
00006,1495,1185,106,2024-12-30 00:13:09.515771
00006,1502,1185,106,2024-12-30 00:13:09.531757
00005,1503,1185,106,2024-12-30 00:13:09.563338
00005,1492,1185,106,2024-12-30 00:13:09.579764
00005,1509,1185,106,2024-12-30 00:13:09.595768
00006,1504,1185,106,2024-12-30 00:13:09.611764
00006,1511,1185,106,2024-12-30 00:13:09.627762
00006,1512,1185,106,2024-12-30 00:13:09.643773
00006,1512,1185,106,2024-12-30 00:13:09.659775
00005,1495,1185,106,2024-12-30 00:13:09.675774
00006,1508,1185,106,2024-12-30 00:13:09.691773
00006,1515,1185,106,2024-12-30 00:13:09.707777
00005,1506,1185,106,2024-12-30 00:13:09.739691
00005,1521,1185,106,2024-12-30 00:13:09.755711
00006,1495,1185,106,2024-12-30 00:13:09.771702
00006,1518,1185,106,2024-12-30 00:13:09.787713
00005,1515,1185,106,2024-12-30 00:13:09.803707
00005,1488,1185,106,2024-12-30 00:13:09.819709
00006,1501,1185,106,2024-12-30 00:13:09.835690
00006,1503,1185,106,2024-12-30 00:13:09.851692
00005,1508,1185,106,2024-12-30 00:13:09.867678
00006,1502,1185,106,2024-12-30 00:13:09.899357
00005,1504,1185,106,2024-12-30 00:13:09.915679
00005,1501,1185,106,2024-12-30 00:13:09.931665
00005,1510,1185,106,2024-12-30 00:13:09.947668
00006,1506,1185,106,2024-12-30 00:13:09.963658
00006,1488,1185,106,2024-12-30 00:13:09.979658
00005,1506,1185,106,2024-12-30 00:13:09.995650
00005,1504,1185,106,2024-12-30 00:13:10.011652
00006,1518,1185,106,2024-12-30 00:13:10.027650
00005,1488,1185,106,2024-12-30 00:13:10.058992
00006,1515,1185,106,2024-12-30 00:13:10.075642
00006,1517,1185,106,2024-12-30 00:13:10.091634
00006,1506,1185,106,2024-12-30 00:13:10.107637
00006,1504,1185,106,2024-12-30 00:13:10.123627
00006,1518,1185,106,2024-12-30 00:13:10.139619
00005,1495,1185,106,2024-12-30 00:13:10.155615
00006,1505,1185,106,2024-12-30 00:13:10.171608
00006,1516,1185,106,2024-12-30 00:13:10.187613
00006,1512,1185,106,2024-12-30 00:13:10.203608
00006,1528,1185,106,2024-12-30 00:13:10.235377
00006,1513,1185,106,2024-12-30 00:13:10.251611
00006,1509,1185,106,2024-12-30 00:13:10.267602
00006,1526,1185,106,2024-12-30 00:13:10.283597
00005,1513,1185,106,2024-12-30 00:13:10.299597
00005,1512,1185,106,2024-12-30 00:13:10.315583
00006,1497,1185,106,2024-12-30 00:13:10.331575
00006,1518,1185,106,2024-12-30 00:13:10.347576
00005,1517,1185,106,2024-12-30 00:13:10.363573
00005,1512,1185,106,2024-12-30 00:13:10.395006
00006,1510,1185,106,2024-12-30 00:13:10.411567
00005,1529,1185,106,2024-12-30 00:13:10.427559
00006,1523,1185,106,2024-12-30 00:13:10.443557
00005,1513,1185,106,2024-12-30 00:13:10.459550
00005,1521,1185,106,2024-12-30 00:13:10.475543
00005,1520,1185,106,2024-12-30 00:13:10.491545
00005,1513,1185,106,2024-12-30 00:13:10.507536
00006,1530,1185,106,2024-12-30 00:13:10.523539
00005,1524,1185,106,2024-12-30 00:13:10.539532
00006,1511,1185,106,2024-12-30 00:13:10.571383
00005,1515,1185,106,2024-12-30 00:13:10.587520
00006,1514,1185,106,2024-12-30 00:13:10.603519
00005,1513,1185,106,2024-12-30 00:13:10.619512
00005,1513,1185,106,2024-12-30 00:13:10.635513
00006,1517,1184,106,2024-12-30 00:13:10.651515
00005,1528,1185,106,2024-12-30 00:13:10.667500
00005,1510,1184,106,2024-12-30 00:13:10.683506
00005,1522,1185,106,2024-12-30 00:13:10.699498
00006,1522,1185,106,2024-12-30 00:13:10.731017
00006,1513,1185,106,2024-12-30 00:13:10.747496
00006,1524,1185,106,2024-12-30 00:13:10.763491
00005,1514,1185,106,2024-12-30 00:13:10.779494
00005,1523,1185,106,2024-12-30 00:13:10.795481
00005,1536,1185,106,2024-12-30 00:13:10.811478
00006,1529,1185,106,2024-12-30 00:13:10.827472
00005,1528,1185,106,2024-12-30 00:13:10.843467
00006,1521,1184,106,2024-12-30 00:13:10.859464
00005,1515,1185,106,2024-12-30 00:13:10.875460
00006,1543,1185,106,2024-12-30 00:13:10.907412
00005,1512,1185,106,2024-12-30 00:13:10.923456
00006,1521,1185,106,2024-12-30 00:13:10.939448
00005,1538,1184,106,2024-12-30 00:13:10.955448
00006,1542,1184,106,2024-12-30 00:13:10.971448
00006,1536,1185,106,2024-12-30 00:13:10.987442
00005,1526,1184,106,2024-12-30 00:13:11.003444
00005,1522,1185,106,2024-12-30 00:13:11.019442
00005,1528,1185,106,2024-12-30 00:13:11.035450
00006,1540,1185,106,2024-12-30 00:13:11.067060
00006,1526,1185,106,2024-12-30 00:13:11.083422
00006,1527,1185,106,2024-12-30 00:13:11.099425
00005,1531,1185,106,2024-12-30 00:13:11.115419
00005,1528,1185,106,2024-12-30 00:13:11.131419
00005,1529,1184,106,2024-12-30 00:13:11.147415
00006,1531,1185,106,2024-12-30 00:13:11.163401
00005,1548,1184,106,2024-12-30 00:13:11.179401
00005,1539,1185,106,2024-12-30 00:13:11.195395
00006,1533,1185,106,2024-12-30 00:13:11.211385
00005,1547,1184,106,2024-12-30 00:13:11.243396
00006,1541,1185,106,2024-12-30 00:13:11.259387
00005,1538,1184,106,2024-12-30 00:13:11.275374
00006,1544,1184,106,2024-12-30 00:13:11.291379
00006,1531,1185,106,2024-12-30 00:13:11.307370
00005,1526,1184,106,2024-12-30 00:13:11.323367
00005,1543,1184,106,2024-12-30 00:13:11.339366
00006,1525,1184,106,2024-12-30 00:13:11.355355
00005,1537,1184,106,2024-12-30 00:13:11.371354
00005,1547,1184,106,2024-12-30 00:13:11.403082
00005,1525,1185,106,2024-12-30 00:13:11.419349
00005,1538,1185,106,2024-12-30 00:13:11.435343
00005,1522,1185,106,2024-12-30 00:13:11.451340
00005,1547,1184,106,2024-12-30 00:13:11.467331
00005,1539,1185,106,2024-12-30 00:13:11.483333
00005,1531,1185,106,2024-12-30 00:13:11.499334
00005,1521,1185,106,2024-12-30 00:13:11.515333
00005,1542,1184,106,2024-12-30 00:13:11.531319
00005,1527,1185,106,2024-12-30 00:13:11.562728
00005,1527,1184,106,2024-12-30 00:13:11.579314
00005,1526,1184,106,2024-12-30 00:13:11.595311
00005,1540,1185,106,2024-12-30 00:13:11.611302
00006,1537,1184,106,2024-12-30 00:13:11.627306
00005,1533,1184,106,2024-12-30 00:13:11.643301
00005,1535,1184,106,2024-12-30 00:13:11.659298
00005,1533,1185,106,2024-12-30 00:13:11.675291
00005,1537,1184,106,2024-12-30 00:13:11.691294
00006,1525,1184,106,2024-12-30 00:13:11.707286
00006,1551,1184,106,2024-12-30 00:13:11.739107
00005,1537,1185,106,2024-12-30 00:13:11.755284
00005,1537,1185,106,2024-12-30 00:13:11.771285
00005,1541,1185,106,2024-12-30 00:13:11.787272
00006,1558,1184,106,2024-12-30 00:13:11.803270
00005,1541,1184,106,2024-12-30 00:13:11.819257
00005,1540,1184,106,2024-12-30 00:13:11.835263
00005,1536,1184,106,2024-12-30 00:13:11.851254
00005,1532,1184,106,2024-12-30 00:13:11.867257
00006,1548,1184,106,2024-12-30 00:13:11.898742
00006,1540,1184,106,2024-12-30 00:13:11.915248
00005,1552,1184,106,2024-12-30 00:13:11.931233
00006,1538,1185,106,2024-12-30 00:13:11.947238
00005,1545,1184,106,2024-12-30 00:13:11.963233
00004,1548,1184,106,2024-12-30 00:13:11.979221
00005,1548,1184,106,2024-12-30 00:13:11.995227
00004,1539,1184,106,2024-12-30 00:13:12.011224
00006,1533,1184,106,2024-12-30 00:13:12.027218
00005,1550,1184,106,2024-12-30 00:13:12.043212
00005,1552,1184,106,2024-12-30 00:13:12.075116
00005,1541,1184,106,2024-12-30 00:13:12.091202
00005,1536,1184,106,2024-12-30 00:13:12.107191
00005,1544,1185,106,2024-12-30 00:13:12.123199
00005,1541,1185,106,2024-12-30 00:13:12.139200
00005,1542,1184,106,2024-12-30 00:13:12.155186
00005,1547,1184,106,2024-12-30 00:13:12.171186
00006,1548,1184,106,2024-12-30 00:13:12.187177
00005,1541,1184,106,2024-12-30 00:13:12.203179
00005,1540,1185,106,2024-12-30 00:13:12.234755
00005,1543,1184,106,2024-12-30 00:13:12.251181
00005,1528,1184,106,2024-12-30 00:13:12.267162
00005,1542,1185,106,2024-12-30 00:13:12.283164
00005,1544,1184,106,2024-12-30 00:13:12.299155
00006,1532,1184,106,2024-12-30 00:13:12.315167
00006,1531,1184,106,2024-12-30 00:13:12.331154
00005,1525,1184,106,2024-12-30 00:13:12.347150
00005,1539,1184,106,2024-12-30 00:13:12.363143
00005,1541,1184,106,2024-12-30 00:13:12.379145
00005,1534,1184,106,2024-12-30 00:13:12.411176
00005,1534,1185,106,2024-12-30 00:13:12.427135
00005,1543,1184,106,2024-12-30 00:13:12.443123
00004,1533,1184,106,2024-12-30 00:13:12.459126
00005,1541,1184,106,2024-12-30 00:13:12.475120
00005,1537,1184,106,2024-12-30 00:13:12.491121
00005,1541,1184,106,2024-12-30 00:13:12.507129
00005,1543,1184,106,2024-12-30 00:13:12.523129
00005,1538,1184,106,2024-12-30 00:13:12.539127
00005,1538,1184,106,2024-12-30 00:13:12.570795
00005,1531,1184,106,2024-12-30 00:13:12.587135
00005,1549,1184,106,2024-12-30 00:13:12.603149
00005,1536,1185,106,2024-12-30 00:13:12.619136
00006,1553,1184,106,2024-12-30 00:13:12.635133
00005,1545,1184,106,2024-12-30 00:13:12.651137
00004,1545,1184,106,2024-12-30 00:13:12.667144
00005,1535,1184,106,2024-12-30 00:13:12.683075
00006,1529,1184,106,2024-12-30 00:13:12.699078
00004,1532,1184,106,2024-12-30 00:13:12.730419
00005,1540,1184,106,2024-12-30 00:13:12.747073
00006,1542,1184,106,2024-12-30 00:13:12.763067
00005,1543,1184,106,2024-12-30 00:13:12.779072
00005,1533,1184,106,2024-12-30 00:13:12.795060
00005,1541,1184,106,2024-12-30 00:13:12.811050
00005,1528,1184,106,2024-12-30 00:13:12.827044
00005,1541,1184,106,2024-12-30 00:13:12.843048
00005,1541,1184,106,2024-12-30 00:13:12.859051
00005,1530,1184,106,2024-12-30 00:13:12.875034
00005,1543,1184,106,2024-12-30 00:13:12.906811
00005,1548,1184,106,2024-12-30 00:13:12.923042
00005,1545,1184,106,2024-12-30 00:13:12.939031
00005,1543,1184,106,2024-12-30 00:13:12.955038
00005,1541,1184,106,2024-12-30 00:13:12.971029
00005,1540,1184,106,2024-12-30 00:13:12.987029
00005,1546,1184,106,2024-12-30 00:13:13.003022
00005,1551,1184,106,2024-12-30 00:13:13.019030
00005,1553,1184,106,2024-12-30 00:13:13.035015
00004,1550,1184,106,2024-12-30 00:13:13.066432
00004,1548,1184,106,2024-12-30 00:13:13.082999
00005,1540,1184,106,2024-12-30 00:13:13.099002
00005,1543,1184,106,2024-12-30 00:13:13.114991
00005,1547,1184,106,2024-12-30 00:13:13.130997
00005,1543,1184,106,2024-12-30 00:13:13.146983
00005,1545,1184,106,2024-12-30 00:13:13.162982
00005,1538,1184,106,2024-12-30 00:13:13.178977
00005,1542,1184,106,2024-12-30 00:13:13.194969
00005,1542,1184,106,2024-12-30 00:13:13.210978
00005,1552,1184,106,2024-12-30 00:13:13.242859
00004,1534,1184,106,2024-12-30 00:13:13.258961
00005,1521,1184,106,2024-12-30 00:13:13.274951
00005,1531,1184,106,2024-12-30 00:13:13.290950
00004,1531,1184,106,2024-12-30 00:13:13.306955
00004,1531,1184,106,2024-12-30 00:13:13.322950
00004,1536,1184,106,2024-12-30 00:13:13.338938
00004,1538,1184,106,2024-12-30 00:13:13.354934
00005,1540,1184,106,2024-12-30 00:13:13.370930
00004,1529,1184,106,2024-12-30 00:13:13.402473
00004,1545,1184,106,2024-12-30 00:13:13.418920
00005,1531,1184,106,2024-12-30 00:13:13.434918
00005,1548,1184,106,2024-12-30 00:13:13.450922
00005,1530,1184,106,2024-12-30 00:13:13.466913
00004,1522,1184,106,2024-12-30 00:13:13.482909
00004,1543,1184,106,2024-12-30 00:13:13.498910
00005,1543,1184,106,2024-12-30 00:13:13.514899
00005,1528,1184,106,2024-12-30 00:13:13.530895
00004,1528,1184,106,2024-12-30 00:13:13.546894
00005,1534,1184,106,2024-12-30 00:13:13.578873
00005,1536,1184,106,2024-12-30 00:13:13.594892
00005,1537,1184,106,2024-12-30 00:13:13.610884
00004,1517,1184,106,2024-12-30 00:13:13.626879
00005,1520,1184,106,2024-12-30 00:13:13.642867
00004,1527,1184,106,2024-12-30 00:13:13.658873
00005,1536,1184,106,2024-12-30 00:13:13.674862
00005,1515,1184,106,2024-12-30 00:13:13.690866
00004,1518,1184,106,2024-12-30 00:13:13.706861
00005,1531,1184,106,2024-12-30 00:13:13.738488
00005,1530,1184,106,2024-12-30 00:13:13.754852
00005,1529,1184,106,2024-12-30 00:13:13.770844
00004,1525,1184,106,2024-12-30 00:13:13.786837
00005,1527,1184,106,2024-12-30 00:13:13.802841
00005,1541,1184,106,2024-12-30 00:13:13.818834
00005,1523,1184,106,2024-12-30 00:13:13.834835
00004,1538,1184,106,2024-12-30 00:13:13.851049
00005,1537,1184,106,2024-12-30 00:13:13.866842
00004,1517,1184,106,2024-12-30 00:13:13.882825
00005,1523,1184,106,2024-12-30 00:13:13.914819
00005,1518,1184,106,2024-12-30 00:13:13.930813
00004,1516,1184,106,2024-12-30 00:13:13.946809
00004,1507,1184,106,2024-12-30 00:13:13.962818
00005,1529,1184,106,2024-12-30 00:13:13.978796
00004,1537,1184,106,2024-12-30 00:13:13.994795
00004,1528,1184,106,2024-12-30 00:13:14.010810
00005,1518,1184,106,2024-12-30 00:13:14.026791
00004,1526,1184,106,2024-12-30 00:13:14.042800
00005,1521,1184,106,2024-12-30 00:13:14.074519
00004,1524,1184,106,2024-12-30 00:13:14.090771
00005,1518,1184,106,2024-12-30 00:13:14.106772
00004,1521,1184,106,2024-12-30 00:13:14.122784
00004,1512,1184,106,2024-12-30 00:13:14.138769
00004,1524,1184,106,2024-12-30 00:13:14.154762
00005,1519,1184,106,2024-12-30 00:13:14.170763
00005,1522,1184,106,2024-12-30 00:13:14.186752
00005,1525,1184,106,2024-12-30 00:13:14.202758
00005,1525,1184,106,2024-12-30 00:13:14.234148
00004,1509,1184,106,2024-12-30 00:13:14.250764
00005,1511,1184,106,2024-12-30 00:13:14.266731
00004,1524,1184,106,2024-12-30 00:13:14.282738
00004,1518,1184,106,2024-12-30 00:13:14.298729
00005,1528,1184,106,2024-12-30 00:13:14.314729
00005,1509,1184,106,2024-12-30 00:13:14.330728
00004,1522,1184,106,2024-12-30 00:13:14.346714
00004,1519,1184,106,2024-12-30 00:13:14.362718
00004,1521,1184,106,2024-12-30 00:13:14.378718
00004,1502,1184,106,2024-12-30 00:13:14.410535
00004,1504,1184,106,2024-12-30 00:13:14.426705
00005,1521,1184,106,2024-12-30 00:13:14.442704
00005,1509,1184,106,2024-12-30 00:13:14.458694
00004,1523,1184,106,2024-12-30 00:13:14.474692
00004,1513,1184,106,2024-12-30 00:13:14.490687
00004,1509,1184,106,2024-12-30 00:13:14.506688
00004,1513,1184,106,2024-12-30 00:13:14.522681
00005,1517,1184,106,2024-12-30 00:13:14.538682
00004,1505,1184,106,2024-12-30 00:13:14.570180
00004,1490,1184,106,2024-12-30 00:13:14.586670
00004,1497,1183,106,2024-12-30 00:13:14.602674
00005,1521,1183,106,2024-12-30 00:13:14.618662
00004,1502,1184,106,2024-12-30 00:13:14.634668
00004,1510,1184,106,2024-12-30 00:13:14.650661
00004,1512,1183,106,2024-12-30 00:13:14.666652
00004,1508,1184,106,2024-12-30 00:13:14.682650
00004,1506,1184,106,2024-12-30 00:13:14.698654
00004,1512,1184,106,2024-12-30 00:13:14.714637
00004,1515,1184,106,2024-12-30 00:13:14.746567
00005,1510,1183,106,2024-12-30 00:13:14.762638
00005,1526,1184,106,2024-12-30 00:13:14.778623
00004,1523,1184,106,2024-12-30 00:13:14.794629
00004,1504,1184,106,2024-12-30 00:13:14.810625
00004,1509,1184,106,2024-12-30 00:13:14.826628
00004,1520,1184,106,2024-12-30 00:13:14.842617
00004,1508,1184,106,2024-12-30 00:13:14.858614
00004,1513,1183,106,2024-12-30 00:13:14.874607
00003,1506,1183,106,2024-12-30 00:13:14.906192
00005,1503,1183,106,2024-12-30 00:13:14.922598
00004,1503,1183,106,2024-12-30 00:13:14.938600
00004,1492,1183,106,2024-12-30 00:13:14.954594
00004,1494,1184,106,2024-12-30 00:13:14.970594
00004,1503,1183,106,2024-12-30 00:13:14.986582
00004,1475,1184,106,2024-12-30 00:13:15.002581
00004,1501,1183,106,2024-12-30 00:13:15.018576
00005,1494,1184,106,2024-12-30 00:13:15.034575
00004,1486,1184,106,2024-12-30 00:13:15.050569
00004,1502,1184,106,2024-12-30 00:13:15.082576
00004,1499,1184,106,2024-12-30 00:13:15.098557
00004,1495,1184,106,2024-12-30 00:13:15.114563
00004,1508,1184,106,2024-12-30 00:13:15.130555
00004,1484,1184,106,2024-12-30 00:13:15.146559
00004,1488,1183,106,2024-12-30 00:13:15.162545
00004,1486,1184,106,2024-12-30 00:13:15.178559
00004,1482,1184,106,2024-12-30 00:13:15.194552
00004,1498,1184,106,2024-12-30 00:13:15.210539
00005,1497,1183,106,2024-12-30 00:13:15.242231
00005,1473,1184,106,2024-12-30 00:13:15.258533
00004,1494,1184,106,2024-12-30 00:13:15.274520
00005,1477,1183,106,2024-12-30 00:13:15.290523
00004,1504,1184,106,2024-12-30 00:13:15.306515
00004,1482,1183,106,2024-12-30 00:13:15.322521
00004,1504,1184,106,2024-12-30 00:13:15.338512
00005,1473,1184,106,2024-12-30 00:13:15.354515
00004,1462,1183,106,2024-12-30 00:13:15.370505
00005,1463,1184,106,2024-12-30 00:13:15.401860
00005,1482,1183,106,2024-12-30 00:13:15.418492
00005,1506,1184,106,2024-12-30 00:13:15.434496
00006,1522,1184,106,2024-12-30 00:13:15.450499
00005,1525,1183,106,2024-12-30 00:13:15.466498
00004,1440,1183,106,2024-12-30 00:13:15.482503
00004,1548,1183,106,2024-12-30 00:13:15.498505
00003,1549,1183,106,2024-12-30 00:13:15.514505
00005,1540,1183,106,2024-12-30 00:13:15.530503
00005,1512,1183,106,2024-12-30 00:13:15.546506
00004,1555,1183,106,2024-12-30 00:13:15.578273
00003,1518,1183,106,2024-12-30 00:13:15.594509
00005,1562,1183,106,2024-12-30 00:13:15.610510
00005,1552,1183,106,2024-12-30 00:13:15.626511
00005,1541,1184,106,2024-12-30 00:13:15.642450
00005,1549,1183,106,2024-12-30 00:13:15.658447
00004,1501,1183,106,2024-12-30 00:13:15.674427
00006,1568,1183,106,2024-12-30 00:13:15.690434
00005,1560,1183,106,2024-12-30 00:13:15.706423
00004,1586,1183,106,2024-12-30 00:13:15.737876
00005,1541,1183,106,2024-12-30 00:13:15.754412
00005,1495,1183,106,2024-12-30 00:13:15.770417
00005,1494,1183,106,2024-12-30 00:13:15.786408
00005,1540,1183,106,2024-12-30 00:13:15.802419
00005,1567,1184,106,2024-12-30 00:13:15.818428
00005,1564,1183,106,2024-12-30 00:13:15.834417
00004,1479,1183,106,2024-12-30 00:13:15.850400
00004,1511,1183,106,2024-12-30 00:13:15.866384
00004,1534,1183,106,2024-12-30 00:13:15.882389
00004,1527,1183,106,2024-12-30 00:13:15.914263
00004,1516,1183,106,2024-12-30 00:13:15.930390
00005,1522,1183,106,2024-12-30 00:13:15.946370
00005,1517,1183,106,2024-12-30 00:13:15.962371
00005,1519,1184,106,2024-12-30 00:13:15.978361
00006,1500,1183,106,2024-12-30 00:13:15.994364
00005,1514,1183,106,2024-12-30 00:13:16.010360
00004,1516,1183,106,2024-12-30 00:13:16.026361
00005,1511,1184,106,2024-12-30 00:13:16.042351
00005,1509,1183,106,2024-12-30 00:13:16.073888
00004,1508,1183,106,2024-12-30 00:13:16.090338
00005,1517,1183,106,2024-12-30 00:13:16.106347
00004,1497,1183,106,2024-12-30 00:13:16.122334
00004,1495,1183,106,2024-12-30 00:13:16.138332
00005,1518,1183,106,2024-12-30 00:13:16.154324
00005,1496,1183,106,2024-12-30 00:13:16.170326
00005,1514,1183,106,2024-12-30 00:13:16.186331
00005,1497,1183,106,2024-12-30 00:13:16.202313
00004,1504,1183,106,2024-12-30 00:13:16.218316
00005,1508,1183,106,2024-12-30 00:13:16.250277
00005,1512,1183,106,2024-12-30 00:13:16.266308
00005,1489,1183,106,2024-12-30 00:13:16.282302
00004,1518,1183,106,2024-12-30 00:13:16.298303
00005,1499,1183,106,2024-12-30 00:13:16.314300
00005,1511,1183,106,2024-12-30 00:13:16.330287
00005,1523,1183,106,2024-12-30 00:13:16.346289
00004,1506,1183,106,2024-12-30 00:13:16.362287
00005,1518,1183,106,2024-12-30 00:13:16.378274
00005,1507,1183,106,2024-12-30 00:13:16.409901
00004,1502,1183,106,2024-12-30 00:13:16.426274
00005,1514,1183,106,2024-12-30 00:13:16.442269
00005,1502,1183,106,2024-12-30 00:13:16.458257
00004,1499,1183,106,2024-12-30 00:13:16.474258
00005,1499,1183,106,2024-12-30 00:13:16.490247
00005,1494,1183,106,2024-12-30 00:13:16.506259
00005,1516,1183,106,2024-12-30 00:13:16.522246
00005,1490,1183,106,2024-12-30 00:13:16.538254
00005,1500,1183,106,2024-12-30 00:13:16.554255
00004,1495,1183,106,2024-12-30 00:13:16.586236
00005,1498,1183,106,2024-12-30 00:13:16.602220
00004,1490,1183,106,2024-12-30 00:13:16.618230
00005,1507,1183,106,2024-12-30 00:13:16.634220
00005,1507,1183,106,2024-12-30 00:13:16.650222
00005,1502,1183,106,2024-12-30 00:13:16.666221
00004,1496,1183,106,2024-12-30 00:13:16.682212
00005,1508,1183,106,2024-12-30 00:13:16.698204
00005,1501,1183,106,2024-12-30 00:13:16.714206
00005,1507,1183,106,2024-12-30 00:13:16.745900
00005,1499,1183,106,2024-12-30 00:13:16.762197
00004,1485,1183,106,2024-12-30 00:13:16.778183
00004,1487,1183,106,2024-12-30 00:13:16.794181
00004,1507,1183,106,2024-12-30 00:13:16.810179
00005,1499,1183,106,2024-12-30 00:13:16.826177
00005,1519,1183,106,2024-12-30 00:13:16.842181
00005,1505,1183,106,2024-12-30 00:13:16.858173
00005,1493,1183,106,2024-12-30 00:13:16.874169
00004,1506,1183,106,2024-12-30 00:13:16.905574
00004,1485,1183,106,2024-12-30 00:13:16.922172
00005,1521,1183,106,2024-12-30 00:13:16.938173
00004,1496,1183,106,2024-12-30 00:13:16.954159
00005,1502,1183,106,2024-12-30 00:13:16.970148
00005,1513,1183,106,2024-12-30 00:13:16.986155
00004,1508,1183,106,2024-12-30 00:13:17.002148
00004,1497,1183,106,2024-12-30 00:13:17.018141
00005,1503,1183,106,2024-12-30 00:13:17.034144
00005,1513,1183,106,2024-12-30 00:13:17.050133
00004,1503,1183,106,2024-12-30 00:13:17.081950
00005,1515,1183,106,2024-12-30 00:13:17.098138
00004,1503,1183,106,2024-12-30 00:13:17.114123
00004,1518,1183,106,2024-12-30 00:13:17.130121
00005,1499,1183,106,2024-12-30 00:13:17.146110
00005,1499,1183,106,2024-12-30 00:13:17.162111
00005,1496,1183,106,2024-12-30 00:13:17.178105
00005,1496,1183,106,2024-12-30 00:13:17.194100
00004,1504,1183,106,2024-12-30 00:13:17.210096
00004,1488,1183,106,2024-12-30 00:13:17.241579
00004,1507,1183,106,2024-12-30 00:13:17.258093
00004,1502,1183,106,2024-12-30 00:13:17.274087
00005,1513,1183,106,2024-12-30 00:13:17.290092
00004,1506,1183,106,2024-12-30 00:13:17.306085
00005,1504,1183,106,2024-12-30 00:13:17.322074
00004,1524,1183,106,2024-12-30 00:13:17.338070
00004,1503,1183,106,2024-12-30 00:13:17.354066
00004,1490,1183,106,2024-12-30 00:13:17.370063
00004,1495,1183,106,2024-12-30 00:13:17.386068
00005,1494,1183,106,2024-12-30 00:13:17.417977
00005,1509,1183,106,2024-12-30 00:13:17.434052
00005,1494,1183,106,2024-12-30 00:13:17.450046
00004,1501,1183,106,2024-12-30 00:13:17.466053
00005,1492,1183,106,2024-12-30 00:13:17.482038
00004,1488,1183,106,2024-12-30 00:13:17.498037
00004,1482,1183,106,2024-12-30 00:13:17.514031
00004,1495,1183,106,2024-12-30 00:13:17.530032
00004,1504,1183,106,2024-12-30 00:13:17.546029
00004,1503,1183,106,2024-12-30 00:13:17.577602
00004,1506,1183,106,2024-12-30 00:13:17.594011
00004,1487,1183,106,2024-12-30 00:13:17.610012
00004,1488,1183,106,2024-12-30 00:13:17.626005
00004,1487,1183,106,2024-12-30 00:13:17.642009
00004,1489,1183,106,2024-12-30 00:13:17.658002
00004,1502,1183,106,2024-12-30 00:13:17.673991
00004,1491,1183,106,2024-12-30 00:13:17.689998
00004,1494,1183,106,2024-12-30 00:13:17.705998
00005,1512,1183,106,2024-12-30 00:13:17.721989
00004,1496,1183,106,2024-12-30 00:13:17.753988
00004,1515,1182,106,2024-12-30 00:13:17.769982
00004,1494,1183,106,2024-12-30 00:13:17.785985
00005,1490,1183,106,2024-12-30 00:13:17.801977
00004,1512,1182,106,2024-12-30 00:13:17.817961
00005,1490,1182,106,2024-12-30 00:13:17.833964
00004,1501,1183,106,2024-12-30 00:13:17.849965
00004,1491,1183,106,2024-12-30 00:13:17.865954
00004,1499,1183,106,2024-12-30 00:13:17.881949
00004,1500,1182,106,2024-12-30 00:13:17.913621
00004,1477,1183,106,2024-12-30 00:13:17.929955
00004,1490,1183,106,2024-12-30 00:13:17.945945
00005,1502,1183,106,2024-12-30 00:13:17.961933
00004,1495,1183,106,2024-12-30 00:13:17.977939
00004,1493,1183,106,2024-12-30 00:13:17.993942
00004,1491,1183,106,2024-12-30 00:13:18.009931
00004,1512,1183,106,2024-12-30 00:13:18.025928
00004,1486,1183,106,2024-12-30 00:13:18.041930
00004,1486,1183,106,2024-12-30 00:13:18.073259
00004,1489,1183,106,2024-12-30 00:13:18.089908
00004,1495,1183,106,2024-12-30 00:13:18.105922
00005,1502,1183,106,2024-12-30 00:13:18.121902
00005,1508,1183,106,2024-12-30 00:13:18.137904
00004,1485,1182,106,2024-12-30 00:13:18.153909
00005,1497,1183,106,2024-12-30 00:13:18.169892
00004,1489,1182,106,2024-12-30 00:13:18.185889
00004,1485,1183,106,2024-12-30 00:13:18.201884
00005,1483,1182,106,2024-12-30 00:13:18.217884
00004,1496,1183,106,2024-12-30 00:13:18.249664
00004,1488,1183,106,2024-12-30 00:13:18.265875
00005,1494,1182,106,2024-12-30 00:13:18.281873
00004,1495,1183,106,2024-12-30 00:13:18.297866
00005,1502,1183,106,2024-12-30 00:13:18.313860
00004,1491,1183,106,2024-12-30 00:13:18.329859
00004,1498,1183,106,2024-12-30 00:13:18.345858
00004,1498,1182,106,2024-12-30 00:13:18.361858
00005,1504,1182,106,2024-12-30 00:13:18.377847
00005,1511,1183,106,2024-12-30 00:13:18.409294
00004,1488,1182,106,2024-12-30 00:13:18.425855
00004,1481,1183,106,2024-12-30 00:13:18.441855
00004,1475,1183,106,2024-12-30 00:13:18.457857
00004,1482,1183,106,2024-12-30 00:13:18.473855
00004,1490,1183,106,2024-12-30 00:13:18.489863
00004,1490,1182,106,2024-12-30 00:13:18.505867
00004,1490,1183,106,2024-12-30 00:13:18.521866
00004,1495,1182,106,2024-12-30 00:13:18.537869
00004,1492,1182,106,2024-12-30 00:13:18.553873
00004,1476,1182,106,2024-12-30 00:13:18.585695
00005,1486,1183,106,2024-12-30 00:13:18.601797
00004,1487,1183,106,2024-12-30 00:13:18.617798
00004,1490,1183,106,2024-12-30 00:13:18.633791
00004,1493,1183,106,2024-12-30 00:13:18.649793
00004,1482,1182,106,2024-12-30 00:13:18.665792
00004,1498,1183,106,2024-12-30 00:13:18.681783
00004,1477,1183,106,2024-12-30 00:13:18.697786
00004,1484,1182,106,2024-12-30 00:13:18.713781
00005,1492,1183,106,2024-12-30 00:13:18.745320
00004,1487,1183,106,2024-12-30 00:13:18.761772
00005,1490,1183,106,2024-12-30 00:13:18.777778
00004,1476,1183,106,2024-12-30 00:13:18.793762
00005,1487,1183,106,2024-12-30 00:13:18.809762
00004,1475,1182,106,2024-12-30 00:13:18.825753
00004,1482,1182,106,2024-12-30 00:13:18.841763
00004,1493,1182,106,2024-12-30 00:13:18.857752
00004,1479,1182,106,2024-12-30 00:13:18.873756
00004,1492,1182,106,2024-12-30 00:13:18.889749
00004,1495,1182,106,2024-12-30 00:13:18.921698
00004,1486,1183,106,2024-12-30 00:13:18.937734
00004,1487,1182,106,2024-12-30 00:13:18.953736
00004,1497,1183,106,2024-12-30 00:13:18.969727
00004,1493,1183,106,2024-12-30 00:13:18.985728
00005,1476,1183,106,2024-12-30 00:13:19.001722
00004,1480,1182,106,2024-12-30 00:13:19.017714
00004,1500,1182,106,2024-12-30 00:13:19.033711
00004,1476,1182,106,2024-12-30 00:13:19.049709
00004,1473,1182,106,2024-12-30 00:13:19.081336
00004,1495,1183,106,2024-12-30 00:13:19.097704
00004,1487,1182,106,2024-12-30 00:13:19.113696
00005,1477,1182,106,2024-12-30 00:13:19.129690
00004,1490,1183,106,2024-12-30 00:13:19.145694
00005,1495,1183,106,2024-12-30 00:13:19.161682
00004,1478,1182,106,2024-12-30 00:13:19.177684
00004,1482,1182,106,2024-12-30 00:13:19.193672
00004,1478,1182,106,2024-12-30 00:13:19.209682
00005,1493,1182,106,2024-12-30 00:13:19.225670
00004,1477,1183,106,2024-12-30 00:13:19.257678
00003,1484,1182,106,2024-12-30 00:13:19.273681
00004,1477,1182,106,2024-12-30 00:13:19.289662
00005,1486,1183,106,2024-12-30 00:13:19.305656
00005,1474,1182,106,2024-12-30 00:13:19.321658
00004,1461,1182,106,2024-12-30 00:13:19.337649
00003,1472,1182,106,2024-12-30 00:13:19.353651
00004,1468,1182,106,2024-12-30 00:13:19.369643
00004,1488,1182,106,2024-12-30 00:13:19.385640
00004,1468,1182,106,2024-12-30 00:13:19.417374
00004,1484,1182,106,2024-12-30 00:13:19.433627
00004,1477,1182,106,2024-12-30 00:13:19.449620
00004,1486,1182,106,2024-12-30 00:13:19.465622
00004,1481,1182,106,2024-12-30 00:13:19.481622
00004,1490,1182,106,2024-12-30 00:13:19.497615
00005,1487,1182,106,2024-12-30 00:13:19.513622
00005,1484,1182,106,2024-12-30 00:13:19.529601
00004,1478,1182,106,2024-12-30 00:13:19.545602
00005,1481,1182,106,2024-12-30 00:13:19.576994
00005,1466,1182,106,2024-12-30 00:13:19.593590
00004,1466,1182,106,2024-12-30 00:13:19.609587
00004,1461,1182,106,2024-12-30 00:13:19.625585
00004,1472,1182,106,2024-12-30 00:13:19.641584
00004,1482,1182,106,2024-12-30 00:13:19.657575
00004,1480,1182,106,2024-12-30 00:13:19.673571
00005,1464,1182,106,2024-12-30 00:13:19.689568
00004,1484,1182,106,2024-12-30 00:13:19.705563
00005,1486,1182,106,2024-12-30 00:13:19.721565
00004,1467,1182,106,2024-12-30 00:13:19.753364
00004,1468,1182,106,2024-12-30 00:13:19.769551
00005,1486,1182,106,2024-12-30 00:13:19.785553
00005,1473,1182,106,2024-12-30 00:13:19.801547
00004,1452,1182,106,2024-12-30 00:13:19.817550
00004,1464,1182,106,2024-12-30 00:13:19.833541
00004,1463,1182,106,2024-12-30 00:13:19.849531
00004,1470,1182,106,2024-12-30 00:13:19.865533
00004,1481,1182,106,2024-12-30 00:13:19.881537
00004,1472,1182,106,2024-12-30 00:13:19.913047
00005,1467,1182,106,2024-12-30 00:13:19.929521
00004,1470,1182,106,2024-12-30 00:13:19.945517
00004,1473,1182,106,2024-12-30 00:13:19.961503
00004,1473,1182,106,2024-12-30 00:13:19.977509
00004,1484,1182,106,2024-12-30 00:13:19.993507
00005,1477,1182,106,2024-12-30 00:13:20.009512
00004,1484,1182,106,2024-12-30 00:13:20.025499
00004,1471,1182,106,2024-12-30 00:13:20.041488
00004,1468,1182,106,2024-12-30 00:13:20.057491
00003,1459,1182,106,2024-12-30 00:13:20.089395
00004,1465,1182,106,2024-12-30 00:13:20.105480
00005,1473,1182,106,2024-12-30 00:13:20.121481
00004,1462,1182,106,2024-12-30 00:13:20.137471
00004,1464,1182,106,2024-12-30 00:13:20.153476
00004,1475,1182,106,2024-12-30 00:13:20.169468
00004,1479,1182,106,2024-12-30 00:13:20.185458
00005,1476,1182,106,2024-12-30 00:13:20.201460
00004,1465,1182,106,2024-12-30 00:13:20.217454
00005,1475,1182,106,2024-12-30 00:13:20.249057
00005,1479,1182,106,2024-12-30 00:13:20.265464
00005,1472,1183,106,2024-12-30 00:13:20.281445
00004,1473,1182,106,2024-12-30 00:13:20.297444
00005,1470,1182,106,2024-12-30 00:13:20.313446
00004,1474,1182,106,2024-12-30 00:13:20.329428
00005,1472,1182,106,2024-12-30 00:13:20.345432
00004,1469,1182,106,2024-12-30 00:13:20.361425
00004,1476,1182,106,2024-12-30 00:13:20.377434
00004,1467,1182,106,2024-12-30 00:13:20.393415
00005,1456,1182,106,2024-12-30 00:13:20.425412
00005,1474,1182,106,2024-12-30 00:13:20.441402
00004,1464,1182,106,2024-12-30 00:13:20.457410
00004,1463,1182,106,2024-12-30 00:13:20.473409
00005,1478,1182,106,2024-12-30 00:13:20.489399
00005,1470,1182,106,2024-12-30 00:13:20.505393
00004,1472,1182,106,2024-12-30 00:13:20.521395
00004,1467,1182,106,2024-12-30 00:13:20.537385
00005,1469,1182,106,2024-12-30 00:13:20.553390
00004,1471,1182,106,2024-12-30 00:13:20.585067
00005,1463,1182,106,2024-12-30 00:13:20.601378
00004,1456,1182,106,2024-12-30 00:13:20.617384
00004,1467,1182,106,2024-12-30 00:13:20.633379
00004,1476,1182,106,2024-12-30 00:13:20.649362
00004,1475,1182,106,2024-12-30 00:13:20.665366
00005,1479,1183,106,2024-12-30 00:13:20.681359
00004,1477,1182,106,2024-12-30 00:13:20.697350
00004,1480,1182,106,2024-12-30 00:13:20.713352
00004,1466,1182,106,2024-12-30 00:13:20.744705
00004,1470,1182,106,2024-12-30 00:13:20.761340
00004,1466,1182,106,2024-12-30 00:13:20.777344
00005,1469,1182,106,2024-12-30 00:13:20.793338
00004,1471,1182,106,2024-12-30 00:13:20.809343
00005,1462,1182,106,2024-12-30 00:13:20.825330
00005,1470,1182,106,2024-12-30 00:13:20.841330
00005,1484,1182,106,2024-12-30 00:13:20.857321
00004,1456,1182,106,2024-12-30 00:13:20.873313
00004,1460,1182,106,2024-12-30 00:13:20.889313
00004,1459,1182,106,2024-12-30 00:13:20.921065
00004,1473,1182,106,2024-12-30 00:13:20.937312
00004,1459,1182,106,2024-12-30 00:13:20.953317
00004,1479,1182,106,2024-12-30 00:13:20.969299
00004,1473,1182,106,2024-12-30 00:13:20.985299
00004,1457,1182,106,2024-12-30 00:13:21.001302
00005,1477,1182,106,2024-12-30 00:13:21.017282
00004,1459,1182,106,2024-12-30 00:13:21.033285
00004,1460,1182,106,2024-12-30 00:13:21.049287
00005,1462,1182,106,2024-12-30 00:13:21.080712
00004,1458,1182,106,2024-12-30 00:13:21.097269
00004,1470,1182,106,2024-12-30 00:13:21.113273
00004,1451,1182,106,2024-12-30 00:13:21.129274
00004,1451,1182,106,2024-12-30 00:13:21.145258
00005,1469,1182,106,2024-12-30 00:13:21.161254
00004,1448,1182,106,2024-12-30 00:13:21.177257
00004,1461,1182,106,2024-12-30 00:13:21.193256
00004,1463,1182,106,2024-12-30 00:13:21.209252
00004,1467,1182,106,2024-12-30 00:13:21.225238
00004,1467,1182,106,2024-12-30 00:13:21.257108
00004,1463,1182,106,2024-12-30 00:13:21.273237
00004,1462,1182,106,2024-12-30 00:13:21.289231
00004,1457,1182,106,2024-12-30 00:13:21.305239
00005,1465,1182,106,2024-12-30 00:13:21.321228
00005,1471,1182,106,2024-12-30 00:13:21.337211
00004,1453,1182,106,2024-12-30 00:13:21.353215
00004,1455,1182,106,2024-12-30 00:13:21.369222
00004,1473,1182,106,2024-12-30 00:13:21.385221
00004,1460,1182,106,2024-12-30 00:13:21.416751
00004,1478,1182,106,2024-12-30 00:13:21.433226
00004,1468,1182,106,2024-12-30 00:13:21.449225
00005,1465,1182,106,2024-12-30 00:13:21.465229
00004,1449,1182,106,2024-12-30 00:13:21.481227
00003,1454,1182,106,2024-12-30 00:13:21.497231
00004,1475,1182,106,2024-12-30 00:13:21.513233
00004,1455,1182,106,2024-12-30 00:13:21.529241
00004,1460,1182,106,2024-12-30 00:13:21.545245
00004,1475,1182,106,2024-12-30 00:13:21.561171
00004,1457,1182,106,2024-12-30 00:13:21.593110
00004,1457,1182,106,2024-12-30 00:13:21.609175
00004,1462,1182,106,2024-12-30 00:13:21.625162
00004,1465,1181,106,2024-12-30 00:13:21.641163
00005,1518,1182,106,2024-12-30 00:13:21.657153
00004,1446,1182,106,2024-12-30 00:13:21.673153
00005,1443,1182,106,2024-12-30 00:13:21.689141
00004,1451,1182,106,2024-12-30 00:13:21.705134
00004,1468,1182,106,2024-12-30 00:13:21.721136
00005,1457,1182,106,2024-12-30 00:13:21.752745
00004,1449,1182,106,2024-12-30 00:13:21.769126
00004,1455,1182,106,2024-12-30 00:13:21.785120
00005,1467,1181,106,2024-12-30 00:13:21.801123
00005,1493,1182,106,2024-12-30 00:13:21.817121
00004,1458,1182,106,2024-12-30 00:13:21.833136
00004,1456,1182,106,2024-12-30 00:13:21.849123
00004,1469,1182,106,2024-12-30 00:13:21.865103
00004,1444,1182,106,2024-12-30 00:13:21.881105
00004,1451,1182,106,2024-12-30 00:13:21.897097
00005,1445,1182,106,2024-12-30 00:13:21.929094
00005,1448,1182,106,2024-12-30 00:13:21.945095
00004,1453,1182,106,2024-12-30 00:13:21.961088
00005,1451,1182,106,2024-12-30 00:13:21.977082
00004,1464,1182,106,2024-12-30 00:13:21.993082
00004,1450,1182,106,2024-12-30 00:13:22.009074
00004,1447,1182,106,2024-12-30 00:13:22.025077
00004,1454,1182,106,2024-12-30 00:13:22.041069
00004,1455,1182,106,2024-12-30 00:13:22.057069
00004,1448,1182,106,2024-12-30 00:13:22.088777
00005,1451,1182,106,2024-12-30 00:13:22.105063
00005,1455,1182,106,2024-12-30 00:13:22.121043
00004,1463,1182,106,2024-12-30 00:13:22.137046
00004,1463,1182,106,2024-12-30 00:13:22.153040
00004,1466,1182,106,2024-12-30 00:13:22.169040
00004,1446,1181,106,2024-12-30 00:13:22.185035
00005,1506,1182,106,2024-12-30 00:13:22.201026
00005,1466,1181,106,2024-12-30 00:13:22.217033
00005,1509,1181,106,2024-12-30 00:13:22.248429
00005,1508,1182,106,2024-12-30 00:13:22.265022
00006,1468,1181,106,2024-12-30 00:13:22.281021
00005,1509,1181,106,2024-12-30 00:13:22.297008
00005,1509,1181,106,2024-12-30 00:13:22.313011
00005,1510,1181,106,2024-12-30 00:13:22.329005
00005,1512,1181,106,2024-12-30 00:13:22.345005
00004,1516,1182,106,2024-12-30 00:13:22.361002
00004,1471,1181,106,2024-12-30 00:13:22.376991
00004,1518,1181,106,2024-12-30 00:13:22.392997
00005,1508,1181,106,2024-12-30 00:13:22.424814
00006,1504,1182,106,2024-12-30 00:13:22.440982
00004,1470,1181,106,2024-12-30 00:13:22.456983
00004,1517,1182,106,2024-12-30 00:13:22.472980
00004,1463,1182,106,2024-12-30 00:13:22.488968
00004,1457,1181,106,2024-12-30 00:13:22.504968
00005,1516,1181,106,2024-12-30 00:13:22.520963
00005,1515,1181,106,2024-12-30 00:13:22.536961
00006,1508,1182,106,2024-12-30 00:13:22.552956
00005,1453,1181,106,2024-12-30 00:13:22.584445
00005,1503,1182,106,2024-12-30 00:13:22.600940
00004,1464,1182,106,2024-12-30 00:13:22.616945
00004,1448,1181,106,2024-12-30 00:13:22.632940
00005,1501,1181,106,2024-12-30 00:13:22.648941
00005,1526,1181,106,2024-12-30 00:13:22.664936
00004,1509,1181,106,2024-12-30 00:13:22.680937
00005,1504,1182,106,2024-12-30 00:13:22.696926
00005,1456,1181,106,2024-12-30 00:13:22.712925
00005,1509,1182,106,2024-12-30 00:13:22.728925
00004,1449,1182,106,2024-12-30 00:13:22.760826
00004,1448,1182,106,2024-12-30 00:13:22.776907
00004,1446,1181,106,2024-12-30 00:13:22.792908
00005,1508,1181,106,2024-12-30 00:13:22.808903
00005,1509,1182,106,2024-12-30 00:13:22.824902
00005,1465,1181,106,2024-12-30 00:13:22.840907
00005,1508,1181,106,2024-12-30 00:13:22.856893
00006,1518,1181,106,2024-12-30 00:13:22.872891
00005,1515,1181,106,2024-12-30 00:13:22.888890
00006,1506,1181,106,2024-12-30 00:13:22.920454
00005,1506,1181,106,2024-12-30 00:13:22.936874
00005,1527,1181,106,2024-12-30 00:13:22.952874
00005,1514,1181,106,2024-12-30 00:13:22.968862
00005,1523,1181,106,2024-12-30 00:13:22.984863
00004,1509,1181,106,2024-12-30 00:13:23.000855
00005,1512,1181,106,2024-12-30 00:13:23.016858
00005,1505,1181,106,2024-12-30 00:13:23.032854
00005,1509,1181,106,2024-12-30 00:13:23.048850
00005,1518,1182,106,2024-12-30 00:13:23.064843
00004,1450,1181,106,2024-12-30 00:13:23.096840
00005,1501,1181,106,2024-12-30 00:13:23.112834
00005,1513,1181,106,2024-12-30 00:13:23.128833
00005,1520,1181,106,2024-12-30 00:13:23.144822
00005,1503,1182,106,2024-12-30 00:13:23.160829
00005,1446,1181,106,2024-12-30 00:13:23.176824
00006,1505,1181,106,2024-12-30 00:13:23.192823
00005,1519,1181,106,2024-12-30 00:13:23.208818
00005,1514,1181,106,2024-12-30 00:13:23.224818
00005,1505,1181,106,2024-12-30 00:13:23.256471
00004,1513,1181,106,2024-12-30 00:13:23.272808
00005,1518,1181,106,2024-12-30 00:13:23.288796
00005,1525,1181,106,2024-12-30 00:13:23.304800
00005,1519,1181,106,2024-12-30 00:13:23.320794
00005,1510,1181,106,2024-12-30 00:13:23.336784
00005,1527,1181,106,2024-12-30 00:13:23.352786
00005,1503,1181,106,2024-12-30 00:13:23.368782
00005,1517,1181,106,2024-12-30 00:13:23.384775
00005,1510,1181,106,2024-12-30 00:13:23.416111
00006,1503,1181,106,2024-12-30 00:13:23.432769
00005,1499,1181,106,2024-12-30 00:13:23.448770
00005,1516,1182,106,2024-12-30 00:13:23.464759
00004,1457,1181,106,2024-12-30 00:13:23.480763
00005,1511,1181,106,2024-12-30 00:13:23.496757
00005,1517,1181,106,2024-12-30 00:13:23.512754
00005,1501,1181,106,2024-12-30 00:13:23.528752
00006,1511,1181,106,2024-12-30 00:13:23.544742
00005,1516,1181,106,2024-12-30 00:13:23.560739
00006,1509,1181,106,2024-12-30 00:13:23.592515
00005,1525,1181,106,2024-12-30 00:13:23.608729
00006,1506,1181,106,2024-12-30 00:13:23.624725
00005,1521,1181,106,2024-12-30 00:13:23.640722
00005,1520,1181,106,2024-12-30 00:13:23.656715
00005,1521,1181,106,2024-12-30 00:13:23.672719
00004,1503,1181,106,2024-12-30 00:13:23.688717
00005,1510,1181,106,2024-12-30 00:13:23.704717
00005,1507,1181,106,2024-12-30 00:13:23.720707
00006,1493,1181,106,2024-12-30 00:13:23.752140
00005,1523,1181,106,2024-12-30 00:13:23.768703
00005,1512,1181,106,2024-12-30 00:13:23.784699
00005,1507,1181,106,2024-12-30 00:13:23.800698
00005,1502,1181,106,2024-12-30 00:13:23.816688
00005,1519,1181,106,2024-12-30 00:13:23.832686
00005,1503,1181,106,2024-12-30 00:13:23.848682
00005,1508,1181,106,2024-12-30 00:13:23.864672
00005,1509,1181,106,2024-12-30 00:13:23.880675
00005,1494,1181,106,2024-12-30 00:13:23.896670
00004,1510,1181,106,2024-12-30 00:13:23.928519
00005,1507,1181,106,2024-12-30 00:13:23.944660
00005,1504,1181,106,2024-12-30 00:13:23.960665
00006,1523,1181,106,2024-12-30 00:13:23.976668
00005,1514,1181,106,2024-12-30 00:13:23.992646
00005,1510,1181,106,2024-12-30 00:13:24.008656
00005,1524,1181,106,2024-12-30 00:13:24.024643
00005,1525,1181,106,2024-12-30 00:13:24.040639
00005,1503,1181,106,2024-12-30 00:13:24.056639
00005,1513,1181,106,2024-12-30 00:13:24.088178
00005,1508,1181,106,2024-12-30 00:13:24.104627
00005,1510,1181,106,2024-12-30 00:13:24.120625
00005,1510,1181,106,2024-12-30 00:13:24.136620
00006,1509,1181,106,2024-12-30 00:13:24.152625
00006,1499,1181,106,2024-12-30 00:13:24.168613
00006,1519,1181,106,2024-12-30 00:13:24.184604
00006,1514,1181,106,2024-12-30 00:13:24.200606
00005,1525,1181,106,2024-12-30 00:13:24.216603
00006,1499,1181,106,2024-12-30 00:13:24.232604
00005,1498,1181,106,2024-12-30 00:13:24.264573
00005,1511,1181,106,2024-12-30 00:13:24.280589
00005,1508,1181,106,2024-12-30 00:13:24.296586
00005,1496,1181,106,2024-12-30 00:13:24.312591
00005,1513,1181,106,2024-12-30 00:13:24.328587
00005,1517,1181,106,2024-12-30 00:13:24.344588
00005,1493,1181,106,2024-12-30 00:13:24.360588
00006,1511,1181,106,2024-12-30 00:13:24.376597
00006,1503,1181,106,2024-12-30 00:13:24.392593
00005,1524,1181,106,2024-12-30 00:13:24.424215
00005,1507,1181,106,2024-12-30 00:13:24.440597
00005,1527,1181,106,2024-12-30 00:13:24.456600
00005,1512,1181,106,2024-12-30 00:13:24.472600
00005,1497,1181,106,2024-12-30 00:13:24.488608
00006,1512,1181,106,2024-12-30 00:13:24.504607
00006,1505,1181,106,2024-12-30 00:13:24.520535
00005,1537,1181,106,2024-12-30 00:13:24.536537
00005,1519,1181,106,2024-12-30 00:13:24.552528
00005,1501,1181,106,2024-12-30 00:13:24.568535
00006,1516,1181,106,2024-12-30 00:13:24.600526
00005,1506,1181,106,2024-12-30 00:13:24.616517
00006,1503,1181,106,2024-12-30 00:13:24.632520
00006,1508,1181,106,2024-12-30 00:13:24.648512
00005,1504,1181,106,2024-12-30 00:13:24.664517
00006,1501,1181,106,2024-12-30 00:13:24.680511
00006,1503,1181,106,2024-12-30 00:13:24.696506
00005,1495,1181,106,2024-12-30 00:13:24.712488
00005,1501,1181,106,2024-12-30 00:13:24.728495
00005,1494,1181,106,2024-12-30 00:13:24.760206
00005,1503,1181,106,2024-12-30 00:13:24.776483
00006,1500,1181,106,2024-12-30 00:13:24.792484
00006,1512,1181,106,2024-12-30 00:13:24.808482
00005,1504,1181,106,2024-12-30 00:13:24.824481
00005,1501,1181,106,2024-12-30 00:13:24.840469
00006,1510,1181,106,2024-12-30 00:13:24.856471
00005,1500,1181,106,2024-12-30 00:13:24.872459
00006,1506,1181,106,2024-12-30 00:13:24.888454
00005,1503,1181,106,2024-12-30 00:13:24.919857
00006,1508,1181,106,2024-12-30 00:13:24.936453
00006,1489,1181,106,2024-12-30 00:13:24.952442
00005,1513,1181,106,2024-12-30 00:13:24.968446
00005,1516,1181,106,2024-12-30 00:13:24.984439
00006,1496,1181,106,2024-12-30 00:13:25.000437
00006,1502,1181,106,2024-12-30 00:13:25.016431
00005,1512,1181,106,2024-12-30 00:13:25.032451
00005,1521,1180,106,2024-12-30 00:13:25.048431
00005,1494,1181,106,2024-12-30 00:13:25.064427
00005,1516,1181,106,2024-12-30 00:13:25.096238
00006,1514,1181,106,2024-12-30 00:13:25.112406
00005,1508,1181,106,2024-12-30 00:13:25.128412
00006,1500,1181,106,2024-12-30 00:13:25.144397
00006,1509,1181,106,2024-12-30 00:13:25.160401
00005,1506,1180,106,2024-12-30 00:13:25.176397
00005,1496,1181,106,2024-12-30 00:13:25.192404
00006,1503,1181,106,2024-12-30 00:13:25.208390
00005,1494,1181,106,2024-12-30 00:13:25.224391
00006,1502,1181,106,2024-12-30 00:13:25.255868
00005,1504,1181,106,2024-12-30 00:13:25.272379
00005,1495,1181,106,2024-12-30 00:13:25.288395
00005,1502,1181,106,2024-12-30 00:13:25.304386
00005,1502,1181,106,2024-12-30 00:13:25.320369
00005,1496,1181,106,2024-12-30 00:13:25.336367
00005,1504,1181,106,2024-12-30 00:13:25.352356
00006,1516,1180,106,2024-12-30 00:13:25.368356
00005,1503,1180,106,2024-12-30 00:13:25.384351
00005,1502,1181,106,2024-12-30 00:13:25.400352
00006,1503,1181,106,2024-12-30 00:13:25.432258
00005,1509,1181,106,2024-12-30 00:13:25.448355
00006,1510,1181,106,2024-12-30 00:13:25.464337
00005,1506,1181,106,2024-12-30 00:13:25.480343
00006,1515,1181,106,2024-12-30 00:13:25.496337
00006,1524,1181,106,2024-12-30 00:13:25.512324
00006,1507,1181,106,2024-12-30 00:13:25.528326
00005,1513,1181,106,2024-12-30 00:13:25.544323
00006,1493,1181,106,2024-12-30 00:13:25.560327
00005,1502,1181,106,2024-12-30 00:13:25.591895
00005,1495,1181,106,2024-12-30 00:13:25.608313
00005,1500,1181,106,2024-12-30 00:13:25.624311
00006,1515,1181,106,2024-12-30 00:13:25.640306
00006,1501,1181,106,2024-12-30 00:13:25.656303
00006,1503,1180,106,2024-12-30 00:13:25.672301
00005,1498,1180,106,2024-12-30 00:13:25.688288
00006,1509,1181,106,2024-12-30 00:13:25.704293
00007,1516,1181,106,2024-12-30 00:13:25.720283
00006,1493,1180,106,2024-12-30 00:13:25.736286
00006,1507,1181,106,2024-12-30 00:13:25.768280
00005,1494,1180,106,2024-12-30 00:13:25.784271
00005,1503,1180,106,2024-12-30 00:13:25.800271
00004,1498,1181,106,2024-12-30 00:13:25.816275
00005,1511,1181,106,2024-12-30 00:13:25.832278
00005,1506,1181,106,2024-12-30 00:13:25.848270
00006,1521,1181,106,2024-12-30 00:13:25.864253
00005,1510,1180,106,2024-12-30 00:13:25.880253
00005,1502,1181,106,2024-12-30 00:13:25.896248
00006,1505,1181,106,2024-12-30 00:13:25.927924
00006,1508,1181,106,2024-12-30 00:13:25.944251
00005,1497,1181,106,2024-12-30 00:13:25.960235
00005,1497,1181,106,2024-12-30 00:13:25.976229
00005,1506,1180,106,2024-12-30 00:13:25.992230
00005,1507,1181,106,2024-12-30 00:13:26.008217
00005,1518,1180,106,2024-12-30 00:13:26.024220
00005,1509,1181,106,2024-12-30 00:13:26.040210
00006,1496,1181,106,2024-12-30 00:13:26.056213
00006,1504,1180,106,2024-12-30 00:13:26.087565
00005,1497,1180,106,2024-12-30 00:13:26.104206
00006,1507,1180,106,2024-12-30 00:13:26.120197
00005,1505,1180,106,2024-12-30 00:13:26.136193
00006,1497,1180,106,2024-12-30 00:13:26.152186
00006,1522,1180,106,2024-12-30 00:13:26.168186
00006,1512,1180,106,2024-12-30 00:13:26.184190
00005,1491,1181,106,2024-12-30 00:13:26.200387
00005,1505,1180,106,2024-12-30 00:13:26.216193
00005,1506,1180,106,2024-12-30 00:13:26.232171
00005,1513,1180,106,2024-12-30 00:13:26.263946
00005,1503,1180,106,2024-12-30 00:13:26.280169
00005,1501,1180,106,2024-12-30 00:13:26.296166
00005,1500,1180,106,2024-12-30 00:13:26.312167
00006,1513,1181,106,2024-12-30 00:13:26.328155
00006,1492,1180,106,2024-12-30 00:13:26.344150
00005,1492,1180,106,2024-12-30 00:13:26.360149
00005,1500,1180,106,2024-12-30 00:13:26.376140
00006,1492,1180,106,2024-12-30 00:13:26.392139
00005,1507,1181,106,2024-12-30 00:13:26.423578
00005,1500,1180,106,2024-12-30 00:13:26.440136
00005,1488,1180,106,2024-12-30 00:13:26.456132
00006,1505,1180,106,2024-12-30 00:13:26.472126
00006,1509,1181,106,2024-12-30 00:13:26.488122
00006,1493,1180,106,2024-12-30 00:13:26.504118
00006,1507,1181,106,2024-12-30 00:13:26.520110
00006,1509,1180,106,2024-12-30 00:13:26.536112
00005,1505,1180,106,2024-12-30 00:13:26.552115
00005,1498,1180,106,2024-12-30 00:13:26.568095
00006,1510,1180,106,2024-12-30 00:13:26.599968
00006,1500,1181,106,2024-12-30 00:13:26.616090
00006,1508,1180,106,2024-12-30 00:13:26.632093
00006,1509,1180,106,2024-12-30 00:13:26.648089
00006,1506,1180,106,2024-12-30 00:13:26.664085
00006,1516,1180,106,2024-12-30 00:13:26.680087
00005,1498,1180,106,2024-12-30 00:13:26.696079
00006,1498,1180,106,2024-12-30 00:13:26.712077
00005,1499,1180,106,2024-12-30 00:13:26.728065
00005,1494,1180,106,2024-12-30 00:13:26.759613
00006,1520,1180,106,2024-12-30 00:13:26.776062
00006,1502,1180,106,2024-12-30 00:13:26.792054
00005,1515,1181,106,2024-12-30 00:13:26.808049
00005,1500,1180,106,2024-12-30 00:13:26.824048
00005,1502,1180,106,2024-12-30 00:13:26.840038
00006,1512,1180,106,2024-12-30 00:13:26.856036
00006,1503,1180,106,2024-12-30 00:13:26.872031
00005,1498,1180,106,2024-12-30 00:13:26.888028
00005,1510,1180,106,2024-12-30 00:13:26.904025
00006,1506,1180,106,2024-12-30 00:13:26.935994
00006,1496,1180,106,2024-12-30 00:13:26.952014
00005,1509,1179,106,2024-12-30 00:13:26.968008
00006,1500,1180,106,2024-12-30 00:13:26.984009
00006,1501,1180,106,2024-12-30 00:13:27.000000
00005,1508,1180,106,2024-12-30 00:13:27.016005
00006,1516,1180,106,2024-12-30 00:13:27.032007
00005,1516,1180,106,2024-12-30 00:13:27.048006
00006,1504,1180,106,2024-12-30 00:13:27.063991
00005,1500,1180,106,2024-12-30 00:13:27.095616
00006,1518,1180,106,2024-12-30 00:13:27.111988
00006,1491,1180,106,2024-12-30 00:13:27.127983
00005,1496,1180,106,2024-12-30 00:13:27.143976
00006,1504,1180,106,2024-12-30 00:13:27.159970
00005,1498,1180,106,2024-12-30 00:13:27.175964
00005,1505,1180,106,2024-12-30 00:13:27.191969
00006,1507,1180,106,2024-12-30 00:13:27.207958
00006,1514,1180,106,2024-12-30 00:13:27.223963
00005,1503,1180,106,2024-12-30 00:13:27.255280
00005,1515,1180,106,2024-12-30 00:13:27.271947
00005,1495,1180,106,2024-12-30 00:13:27.287958
00005,1499,1180,106,2024-12-30 00:13:27.303951
00006,1510,1180,106,2024-12-30 00:13:27.319956
00005,1498,1180,106,2024-12-30 00:13:27.335951
00005,1509,1180,106,2024-12-30 00:13:27.351960
00006,1492,1180,106,2024-12-30 00:13:27.367965
00006,1507,1180,106,2024-12-30 00:13:27.383966
00005,1512,1180,106,2024-12-30 00:13:27.399964
00006,1496,1180,106,2024-12-30 00:13:27.431689
00005,1511,1180,106,2024-12-30 00:13:27.447970
00005,1504,1180,106,2024-12-30 00:13:27.463974
00006,1504,1180,106,2024-12-30 00:13:27.479902
00005,1516,1180,106,2024-12-30 00:13:27.495905
00006,1512,1180,106,2024-12-30 00:13:27.511893
00005,1525,1180,106,2024-12-30 00:13:27.527902
00005,1513,1180,106,2024-12-30 00:13:27.543891
00005,1505,1180,106,2024-12-30 00:13:27.559894
00005,1503,1180,106,2024-12-30 00:13:27.591285
00005,1510,1180,106,2024-12-30 00:13:27.607881
00006,1522,1180,106,2024-12-30 00:13:27.623875
00005,1507,1180,106,2024-12-30 00:13:27.639877
00006,1506,1181,106,2024-12-30 00:13:27.655877
00005,1509,1180,106,2024-12-30 00:13:27.671878
00006,1520,1180,106,2024-12-30 00:13:27.687867
00006,1520,1180,106,2024-12-30 00:13:27.703863
00006,1535,1179,106,2024-12-30 00:13:27.719854
00005,1526,1180,106,2024-12-30 00:13:27.735849
00005,1518,1180,106,2024-12-30 00:13:27.767678
00005,1525,1180,106,2024-12-30 00:13:27.783860
00006,1517,1180,106,2024-12-30 00:13:27.799834
00005,1511,1180,106,2024-12-30 00:13:27.815842
00006,1522,1180,106,2024-12-30 00:13:27.831844
00006,1515,1180,106,2024-12-30 00:13:27.847860
00006,1534,1180,106,2024-12-30 00:13:27.863842
00005,1514,1180,106,2024-12-30 00:13:27.879835
00005,1529,1180,106,2024-12-30 00:13:27.895823
00006,1520,1180,106,2024-12-30 00:13:27.927323
00006,1510,1180,106,2024-12-30 00:13:27.943810
00005,1510,1180,106,2024-12-30 00:13:27.959809
00005,1504,1180,106,2024-12-30 00:13:27.975809
00005,1511,1180,106,2024-12-30 00:13:27.991805
00006,1520,1180,106,2024-12-30 00:13:28.007799
00006,1514,1180,106,2024-12-30 00:13:28.023793
00005,1530,1180,106,2024-12-30 00:13:28.039799
00006,1524,1180,106,2024-12-30 00:13:28.055779
00005,1513,1180,106,2024-12-30 00:13:28.071785
00005,1497,1180,106,2024-12-30 00:13:28.103692
00006,1516,1180,106,2024-12-30 00:13:28.119767
00006,1517,1180,106,2024-12-30 00:13:28.135768
00005,1524,1180,106,2024-12-30 00:13:28.151768
00005,1534,1180,106,2024-12-30 00:13:28.167754
00006,1527,1180,106,2024-12-30 00:13:28.183760
00006,1526,1180,106,2024-12-30 00:13:28.199754
00005,1527,1180,106,2024-12-30 00:13:28.215751
00005,1510,1180,106,2024-12-30 00:13:28.231747
00006,1521,1180,106,2024-12-30 00:13:28.263319
00005,1518,1180,106,2024-12-30 00:13:28.279750
00005,1528,1180,106,2024-12-30 00:13:28.295739
00005,1532,1180,106,2024-12-30 00:13:28.311747
00006,1523,1180,106,2024-12-30 00:13:28.327722
00005,1517,1180,106,2024-12-30 00:13:28.343720
00005,1518,1180,106,2024-12-30 00:13:28.359719
00006,1518,1180,106,2024-12-30 00:13:28.375717
00005,1511,1180,106,2024-12-30 00:13:28.391717
00005,1519,1180,106,2024-12-30 00:13:28.407718
00006,1519,1180,106,2024-12-30 00:13:28.439708
00005,1534,1180,106,2024-12-30 00:13:28.455696
00005,1512,1180,106,2024-12-30 00:13:28.471694
00005,1520,1180,106,2024-12-30 00:13:28.487693
00006,1535,1180,106,2024-12-30 00:13:28.503701
00005,1533,1180,106,2024-12-30 00:13:28.519687
00005,1521,1180,106,2024-12-30 00:13:28.535681
00005,1537,1180,106,2024-12-30 00:13:28.551677
00005,1539,1180,106,2024-12-30 00:13:28.567671
00005,1533,1180,106,2024-12-30 00:13:28.599351
00005,1525,1180,106,2024-12-30 00:13:28.615671
00006,1533,1180,106,2024-12-30 00:13:28.631655
00005,1525,1180,106,2024-12-30 00:13:28.647664
00006,1526,1180,106,2024-12-30 00:13:28.663655
00005,1533,1180,106,2024-12-30 00:13:28.679649
00006,1535,1180,106,2024-12-30 00:13:28.695645
00006,1527,1180,106,2024-12-30 00:13:28.711639
00005,1521,1180,106,2024-12-30 00:13:28.727639
00005,1529,1180,106,2024-12-30 00:13:28.758991
00005,1513,1180,106,2024-12-30 00:13:28.775636
00006,1526,1180,106,2024-12-30 00:13:28.791620
00006,1523,1180,106,2024-12-30 00:13:28.807631
00006,1517,1179,106,2024-12-30 00:13:28.823616
00005,1524,1180,106,2024-12-30 00:13:28.839617
00006,1517,1180,106,2024-12-30 00:13:28.855620
00005,1535,1180,106,2024-12-30 00:13:28.871617
00005,1515,1180,106,2024-12-30 00:13:28.887606
00005,1521,1180,106,2024-12-30 00:13:28.903614
00005,1535,1180,106,2024-12-30 00:13:28.935370
00005,1519,1180,106,2024-12-30 00:13:28.951599
00005,1540,1180,106,2024-12-30 00:13:28.967585
00006,1536,1180,106,2024-12-30 00:13:28.983590
00005,1532,1180,106,2024-12-30 00:13:28.999582
00005,1528,1180,106,2024-12-30 00:13:29.015587
00005,1536,1179,106,2024-12-30 00:13:29.031575
00005,1541,1180,106,2024-12-30 00:13:29.047581
00005,1532,1180,106,2024-12-30 00:13:29.063570
00005,1527,1180,106,2024-12-30 00:13:29.095020
00006,1528,1180,106,2024-12-30 00:13:29.111557
00005,1519,1180,106,2024-12-30 00:13:29.127559
00006,1519,1180,106,2024-12-30 00:13:29.143560
00006,1521,1180,106,2024-12-30 00:13:29.159567
00006,1532,1180,106,2024-12-30 00:13:29.175548
00005,1528,1179,106,2024-12-30 00:13:29.191547
00005,1532,1180,106,2024-12-30 00:13:29.207535
00006,1521,1180,106,2024-12-30 00:13:29.223530
00005,1527,1179,106,2024-12-30 00:13:29.239544
00005,1521,1180,106,2024-12-30 00:13:29.271405
00005,1535,1180,106,2024-12-30 00:13:29.287524
00006,1522,1179,106,2024-12-30 00:13:29.303522
00004,1528,1179,106,2024-12-30 00:13:29.319523
00005,1539,1180,106,2024-12-30 00:13:29.335518
00005,1535,1179,106,2024-12-30 00:13:29.351514
00005,1539,1180,106,2024-12-30 00:13:29.367501
00005,1540,1180,106,2024-12-30 00:13:29.383511
00005,1532,1179,106,2024-12-30 00:13:29.399499
00005,1540,1179,106,2024-12-30 00:13:29.431033
00006,1516,1180,106,2024-12-30 00:13:29.447489
00005,1539,1180,106,2024-12-30 00:13:29.463485
00005,1532,1179,106,2024-12-30 00:13:29.479475
00006,1539,1180,106,2024-12-30 00:13:29.495476
00006,1528,1179,106,2024-12-30 00:13:29.511480
00005,1532,1180,106,2024-12-30 00:13:29.527490
00005,1535,1179,106,2024-12-30 00:13:29.543464
00005,1544,1179,106,2024-12-30 00:13:29.559467
00006,1536,1180,106,2024-12-30 00:13:29.575459
00006,1538,1180,106,2024-12-30 00:13:29.607430
00006,1525,1179,106,2024-12-30 00:13:29.623456
00005,1544,1180,106,2024-12-30 00:13:29.639456
00005,1547,1179,106,2024-12-30 00:13:29.655438
00006,1538,1180,106,2024-12-30 00:13:29.671438
00005,1528,1180,106,2024-12-30 00:13:29.687438
00006,1550,1179,106,2024-12-30 00:13:29.703434
00006,1529,1179,106,2024-12-30 00:13:29.719425
00005,1535,1179,106,2024-12-30 00:13:29.735426
00006,1529,1179,106,2024-12-30 00:13:29.767068
00005,1527,1180,106,2024-12-30 00:13:29.783415
00005,1530,1179,106,2024-12-30 00:13:29.799411
00006,1535,1179,106,2024-12-30 00:13:29.815412
00005,1544,1179,106,2024-12-30 00:13:29.831408
00005,1539,1179,106,2024-12-30 00:13:29.847405
00005,1524,1180,106,2024-12-30 00:13:29.863398
00005,1531,1179,106,2024-12-30 00:13:29.879400
00005,1543,1179,106,2024-12-30 00:13:29.895402
00005,1540,1180,106,2024-12-30 00:13:29.926728
00005,1531,1179,106,2024-12-30 00:13:29.943377
00005,1522,1179,106,2024-12-30 00:13:29.959378
00005,1547,1179,106,2024-12-30 00:13:29.975379
00006,1541,1179,106,2024-12-30 00:13:29.991380
00005,1535,1179,106,2024-12-30 00:13:30.007373
00005,1536,1179,106,2024-12-30 00:13:30.023377
00006,1545,1179,106,2024-12-30 00:13:30.039362
00005,1526,1179,106,2024-12-30 00:13:30.055364
00006,1529,1179,106,2024-12-30 00:13:30.071359
00005,1538,1180,106,2024-12-30 00:13:30.103106
00005,1548,1179,106,2024-12-30 00:13:30.119351
00005,1544,1179,106,2024-12-30 00:13:30.135350
00006,1546,1179,106,2024-12-30 00:13:30.151361
00005,1549,1179,106,2024-12-30 00:13:30.167349
00006,1540,1179,106,2024-12-30 00:13:30.183335
00005,1541,1179,106,2024-12-30 00:13:30.199335
00005,1534,1180,106,2024-12-30 00:13:30.215331
00005,1531,1179,106,2024-12-30 00:13:30.231320
00005,1542,1179,106,2024-12-30 00:13:30.262736
00006,1540,1179,106,2024-12-30 00:13:30.279323
00005,1535,1180,106,2024-12-30 00:13:30.295324
00005,1529,1179,106,2024-12-30 00:13:30.311332
00005,1546,1179,106,2024-12-30 00:13:30.327330
00006,1555,1180,106,2024-12-30 00:13:30.343331
00006,1535,1180,106,2024-12-30 00:13:30.359334
00005,1544,1179,106,2024-12-30 00:13:30.375339
00005,1530,1180,106,2024-12-30 00:13:30.391342
00005,1538,1179,106,2024-12-30 00:13:30.407341
00005,1537,1179,106,2024-12-30 00:13:30.439151
00006,1537,1179,106,2024-12-30 00:13:30.455274
00005,1549,1179,106,2024-12-30 00:13:30.471273
00005,1551,1179,106,2024-12-30 00:13:30.487268
00005,1554,1179,106,2024-12-30 00:13:30.503269
00005,1542,1179,106,2024-12-30 00:13:30.519257
00005,1540,1179,106,2024-12-30 00:13:30.535258
00004,1532,1179,106,2024-12-30 00:13:30.551252
00005,1532,1179,106,2024-12-30 00:13:30.567245
00005,1540,1180,106,2024-12-30 00:13:30.598750
00005,1559,1179,106,2024-12-30 00:13:30.615239
00005,1545,1179,106,2024-12-30 00:13:30.631246
00006,1549,1179,106,2024-12-30 00:13:30.647247
00006,1547,1179,106,2024-12-30 00:13:30.663231
00005,1557,1179,106,2024-12-30 00:13:30.679216
00005,1529,1179,106,2024-12-30 00:13:30.695223
00005,1536,1179,106,2024-12-30 00:13:30.711217
00005,1545,1179,106,2024-12-30 00:13:30.727217
00005,1543,1179,106,2024-12-30 00:13:30.743217
00005,1548,1179,106,2024-12-30 00:13:30.775137
00005,1532,1179,106,2024-12-30 00:13:30.791200
00005,1542,1179,106,2024-12-30 00:13:30.807209
00004,1549,1179,106,2024-12-30 00:13:30.823194
00005,1547,1179,106,2024-12-30 00:13:30.839191
00006,1550,1179,106,2024-12-30 00:13:30.855188
00006,1536,1179,106,2024-12-30 00:13:30.871189
00005,1558,1179,106,2024-12-30 00:13:30.887180
00005,1541,1179,106,2024-12-30 00:13:30.903178
00005,1543,1179,106,2024-12-30 00:13:30.934775
00005,1540,1179,106,2024-12-30 00:13:30.951176
00005,1540,1179,106,2024-12-30 00:13:30.967161
00005,1532,1179,106,2024-12-30 00:13:30.983173
00005,1539,1179,106,2024-12-30 00:13:30.999172
00005,1528,1179,106,2024-12-30 00:13:31.015166
00005,1550,1179,106,2024-12-30 00:13:31.031154
00005,1537,1179,106,2024-12-30 00:13:31.047143
00005,1525,1179,106,2024-12-30 00:13:31.063141
00005,1541,1179,106,2024-12-30 00:13:31.079141
00005,1544,1179,106,2024-12-30 00:13:31.111133
00006,1534,1179,106,2024-12-30 00:13:31.127135
00005,1533,1179,106,2024-12-30 00:13:31.143127
00005,1531,1179,106,2024-12-30 00:13:31.159127
00005,1536,1179,106,2024-12-30 00:13:31.175125
00005,1540,1179,106,2024-12-30 00:13:31.191120
00004,1534,1179,106,2024-12-30 00:13:31.207119
00005,1534,1179,106,2024-12-30 00:13:31.223108
00006,1541,1179,106,2024-12-30 00:13:31.239123
00005,1538,1179,106,2024-12-30 00:13:31.270813
00005,1537,1179,106,2024-12-30 00:13:31.287102
00004,1532,1179,106,2024-12-30 00:13:31.303103
00005,1541,1179,106,2024-12-30 00:13:31.319100
00005,1541,1179,106,2024-12-30 00:13:31.335097
00005,1522,1179,106,2024-12-30 00:13:31.351095
00005,1534,1179,106,2024-12-30 00:13:31.367097
00005,1534,1179,106,2024-12-30 00:13:31.383097
00005,1532,1179,106,2024-12-30 00:13:31.399083
00004,1529,1179,106,2024-12-30 00:13:31.430436
00004,1527,1179,106,2024-12-30 00:13:31.447069
00004,1544,1179,106,2024-12-30 00:13:31.463066
00005,1527,1179,106,2024-12-30 00:13:31.479067
00005,1524,1179,106,2024-12-30 00:13:31.495060
00005,1536,1179,106,2024-12-30 00:13:31.511053
00005,1545,1179,106,2024-12-30 00:13:31.527048
00005,1529,1179,106,2024-12-30 00:13:31.543049
00005,1545,1179,106,2024-12-30 00:13:31.559059
00005,1534,1179,106,2024-12-30 00:13:31.575043
00005,1537,1179,106,2024-12-30 00:13:31.606825
00005,1532,1179,106,2024-12-30 00:13:31.623034
00006,1535,1179,106,2024-12-30 00:13:31.639028
00005,1534,1179,106,2024-12-30 00:13:31.655025
00005,1536,1179,106,2024-12-30 00:13:31.671031
00005,1547,1179,106,2024-12-30 00:13:31.687021
00005,1538,1179,106,2024-12-30 00:13:31.703022
00006,1531,1179,106,2024-12-30 00:13:31.719018
00005,1524,1179,106,2024-12-30 00:13:31.735022
00005,1547,1179,106,2024-12-30 00:13:31.766459
00005,1539,1179,106,2024-12-30 00:13:31.783003
00005,1542,1179,106,2024-12-30 00:13:31.798994
00005,1537,1179,106,2024-12-30 00:13:31.814997
00005,1541,1179,106,2024-12-30 00:13:31.830985
00005,1529,1179,106,2024-12-30 00:13:31.846986
00005,1538,1179,106,2024-12-30 00:13:31.862983
00005,1545,1179,106,2024-12-30 00:13:31.878986
00006,1540,1179,106,2024-12-30 00:13:31.894976
00005,1535,1179,106,2024-12-30 00:13:31.910964
00005,1540,1179,106,2024-12-30 00:13:31.942874
00005,1545,1179,106,2024-12-30 00:13:31.958961
00006,1533,1179,106,2024-12-30 00:13:31.974951
00005,1536,1179,106,2024-12-30 00:13:31.990947
00004,1541,1179,106,2024-12-30 00:13:32.006949
00005,1541,1179,106,2024-12-30 00:13:32.022943
00004,1523,1179,106,2024-12-30 00:13:32.038944
00004,1539,1179,106,2024-12-30 00:13:32.054936
00005,1534,1179,106,2024-12-30 00:13:32.070938
00005,1527,1179,106,2024-12-30 00:13:32.102479
00005,1529,1179,106,2024-12-30 00:13:32.118937
00005,1537,1179,106,2024-12-30 00:13:32.134916
00005,1521,1179,106,2024-12-30 00:13:32.150914
00005,1521,1179,106,2024-12-30 00:13:32.166914
00005,1536,1179,106,2024-12-30 00:13:32.182914
00005,1521,1179,106,2024-12-30 00:13:32.198912
00005,1536,1179,106,2024-12-30 00:13:32.214908
00005,1533,1178,106,2024-12-30 00:13:32.230910
00004,1536,1179,106,2024-12-30 00:13:32.246904
00005,1539,1179,106,2024-12-30 00:13:32.278872
00004,1531,1179,106,2024-12-30 00:13:32.294887
00005,1519,1179,106,2024-12-30 00:13:32.310897
00005,1525,1179,106,2024-12-30 00:13:32.326889
00004,1536,1178,106,2024-12-30 00:13:32.342878
00005,1529,1179,106,2024-12-30 00:13:32.358880
00006,1538,1179,106,2024-12-30 00:13:32.374871
00005,1545,1179,106,2024-12-30 00:13:32.390865
00005,1514,1179,106,2024-12-30 00:13:32.406863
00005,1512,1178,106,2024-12-30 00:13:32.438529
00006,1539,1179,106,2024-12-30 00:13:32.454851
00004,1538,1179,106,2024-12-30 00:13:32.470852
00005,1517,1179,106,2024-12-30 00:13:32.486852
00005,1522,1179,106,2024-12-30 00:13:32.502859
00005,1527,1179,106,2024-12-30 00:13:32.518843
00005,1522,1179,106,2024-12-30 00:13:32.534839
00005,1523,1179,106,2024-12-30 00:13:32.550832
00005,1520,1179,106,2024-12-30 00:13:32.566832
00004,1527,1179,106,2024-12-30 00:13:32.598152
00004,1525,1179,106,2024-12-30 00:13:32.614831
00006,1531,1178,106,2024-12-30 00:13:32.630813
00005,1529,1179,106,2024-12-30 00:13:32.646821
00004,1536,1179,106,2024-12-30 00:13:32.662804
00005,1521,1178,106,2024-12-30 00:13:32.678808
00005,1530,1179,106,2024-12-30 00:13:32.694805
00005,1532,1178,106,2024-12-30 00:13:32.710804
00005,1535,1179,106,2024-12-30 00:13:32.726803
00004,1529,1178,106,2024-12-30 00:13:32.742796
00005,1527,1178,106,2024-12-30 00:13:32.774542
00005,1523,1178,106,2024-12-30 00:13:32.790794
00005,1524,1179,106,2024-12-30 00:13:32.806787
00005,1541,1179,106,2024-12-30 00:13:32.822785
00005,1512,1179,106,2024-12-30 00:13:32.838781
00005,1519,1178,106,2024-12-30 00:13:32.854774
00005,1531,1178,106,2024-12-30 00:13:32.870777
00005,1536,1178,106,2024-12-30 00:13:32.886761
00004,1544,1179,106,2024-12-30 00:13:32.902760
00005,1525,1178,106,2024-12-30 00:13:32.934172
00005,1524,1179,106,2024-12-30 00:13:32.950753
00005,1521,1179,106,2024-12-30 00:13:32.966756
00005,1525,1179,106,2024-12-30 00:13:32.982754
00005,1528,1179,106,2024-12-30 00:13:32.998750
00004,1531,1179,106,2024-12-30 00:13:33.014737
00005,1522,1178,106,2024-12-30 00:13:33.030732
00005,1509,1179,106,2024-12-30 00:13:33.046731
00005,1532,1178,106,2024-12-30 00:13:33.062734
00005,1521,1178,106,2024-12-30 00:13:33.078727
00005,1542,1178,106,2024-12-30 00:13:33.110566
00005,1518,1179,106,2024-12-30 00:13:33.126717
00004,1517,1179,106,2024-12-30 00:13:33.142721
00005,1525,1178,106,2024-12-30 00:13:33.158704
00005,1532,1178,106,2024-12-30 00:13:33.174709
00006,1536,1179,106,2024-12-30 00:13:33.190701
00005,1534,1179,106,2024-12-30 00:13:33.206698
00005,1530,1178,106,2024-12-30 00:13:33.222693
00004,1540,1179,106,2024-12-30 00:13:33.238705
00005,1542,1179,106,2024-12-30 00:13:33.270206
00004,1535,1179,106,2024-12-30 00:13:33.286705
00005,1531,1179,106,2024-12-30 00:13:33.302716
00005,1521,1178,106,2024-12-30 00:13:33.318712
00005,1532,1178,106,2024-12-30 00:13:33.334710
00005,1514,1178,106,2024-12-30 00:13:33.350709
00005,1528,1178,106,2024-12-30 00:13:33.366716
00005,1539,1178,106,2024-12-30 00:13:33.382714
00005,1528,1178,106,2024-12-30 00:13:33.398719
00005,1529,1178,106,2024-12-30 00:13:33.414719
00005,1521,1178,106,2024-12-30 00:13:33.446598
00005,1540,1178,106,2024-12-30 00:13:33.462640
00005,1540,1178,106,2024-12-30 00:13:33.478643
00005,1521,1178,106,2024-12-30 00:13:33.494637
00005,1530,1178,106,2024-12-30 00:13:33.510642
00005,1531,1178,106,2024-12-30 00:13:33.526633
00005,1531,1179,106,2024-12-30 00:13:33.542630
00004,1510,1178,106,2024-12-30 00:13:33.558627
00004,1530,1178,106,2024-12-30 00:13:33.574619
00005,1510,1178,106,2024-12-30 00:13:33.606227
00005,1526,1179,106,2024-12-30 00:13:33.622620
00005,1522,1179,106,2024-12-30 00:13:33.638605
00004,1530,1178,106,2024-12-30 00:13:33.654605
00005,1514,1178,106,2024-12-30 00:13:33.670601
00005,1519,1179,106,2024-12-30 00:13:33.686597
00005,1525,1178,106,2024-12-30 00:13:33.702604
00005,1509,1178,106,2024-12-30 00:13:33.718587
00004,1516,1178,106,2024-12-30 00:13:33.734591
00004,1522,1178,106,2024-12-30 00:13:33.750582
00004,1527,1178,106,2024-12-30 00:13:33.782578
00005,1530,1179,106,2024-12-30 00:13:33.798567
00006,1521,1178,106,2024-12-30 00:13:33.814569
00004,1521,1178,106,2024-12-30 00:13:33.830562
00004,1526,1178,106,2024-12-30 00:13:33.846573
00004,1528,1178,106,2024-12-30 00:13:33.862581
00004,1509,1178,106,2024-12-30 00:13:33.878570
00005,1522,1178,106,2024-12-30 00:13:33.894554
00004,1523,1179,106,2024-12-30 00:13:33.910559
00004,1515,1178,106,2024-12-30 00:13:33.942211
00005,1517,1178,106,2024-12-30 00:13:33.958543
00004,1518,1179,106,2024-12-30 00:13:33.974539
00005,1516,1179,106,2024-12-30 00:13:33.990543
00005,1521,1178,106,2024-12-30 00:13:34.006530
00005,1524,1178,106,2024-12-30 00:13:34.022519
00005,1515,1178,106,2024-12-30 00:13:34.038519
00004,1505,1178,106,2024-12-30 00:13:34.054521
00005,1511,1178,106,2024-12-30 00:13:34.070521
00005,1506,1179,106,2024-12-30 00:13:34.101863
00005,1524,1178,106,2024-12-30 00:13:34.118504
00004,1512,1178,106,2024-12-30 00:13:34.134491
00005,1510,1178,106,2024-12-30 00:13:34.150495
00005,1500,1178,106,2024-12-30 00:13:34.166492
00005,1512,1178,106,2024-12-30 00:13:34.182490
00005,1511,1178,106,2024-12-30 00:13:34.198487
00004,1513,1178,106,2024-12-30 00:13:34.214486
00004,1517,1178,106,2024-12-30 00:13:34.230477
00004,1511,1178,106,2024-12-30 00:13:34.246481
00004,1504,1178,106,2024-12-30 00:13:34.278260
00006,1524,1178,106,2024-12-30 00:13:34.294468
00005,1516,1178,106,2024-12-30 00:13:34.310458
00004,1513,1178,106,2024-12-30 00:13:34.326457
00005,1515,1178,106,2024-12-30 00:13:34.342462
00004,1512,1178,106,2024-12-30 00:13:34.358431
00005,1515,1178,106,2024-12-30 00:13:34.374433
00005,1517,1178,106,2024-12-30 00:13:34.390435
00004,1521,1178,106,2024-12-30 00:13:34.406432
00004,1515,1178,106,2024-12-30 00:13:34.437873
00005,1523,1178,106,2024-12-30 00:13:34.454423
00004,1512,1178,106,2024-12-30 00:13:34.470409
00005,1517,1178,106,2024-12-30 00:13:34.486413
00004,1519,1178,106,2024-12-30 00:13:34.502406
00005,1508,1178,106,2024-12-30 00:13:34.518410
00006,1512,1178,106,2024-12-30 00:13:34.534393
00005,1515,1178,106,2024-12-30 00:13:34.550401
00004,1522,1178,106,2024-12-30 00:13:34.566394
00005,1511,1178,106,2024-12-30 00:13:34.582395
00004,1521,1178,106,2024-12-30 00:13:34.614278
00005,1508,1178,106,2024-12-30 00:13:34.630383
00004,1507,1178,106,2024-12-30 00:13:34.646373
00005,1519,1178,106,2024-12-30 00:13:34.662375
00004,1508,1178,106,2024-12-30 00:13:34.678362
00005,1502,1178,106,2024-12-30 00:13:34.694373
00004,1502,1178,106,2024-12-30 00:13:34.710377
00005,1512,1178,106,2024-12-30 00:13:34.726355
00004,1505,1178,106,2024-12-30 00:13:34.742361
00005,1537,1178,106,2024-12-30 00:13:34.773937
00004,1498,1178,106,2024-12-30 00:13:34.790346
00005,1524,1178,106,2024-12-30 00:13:34.806346
00004,1522,1178,106,2024-12-30 00:13:34.822345
00004,1518,1178,106,2024-12-30 00:13:34.838330
00005,1503,1178,106,2024-12-30 00:13:34.854335
00004,1502,1178,106,2024-12-30 00:13:34.870325
00005,1512,1178,106,2024-12-30 00:13:34.886331
00005,1503,1178,106,2024-12-30 00:13:34.902323
00004,1510,1178,106,2024-12-30 00:13:34.918322
00005,1508,1178,106,2024-12-30 00:13:34.950327
00005,1504,1178,106,2024-12-30 00:13:34.966311
00004,1526,1178,106,2024-12-30 00:13:34.982315
00005,1518,1178,106,2024-12-30 00:13:34.998307
00005,1521,1178,106,2024-12-30 00:13:35.014296
00004,1516,1178,106,2024-12-30 00:13:35.030298
00004,1510,1178,106,2024-12-30 00:13:35.046287
00005,1513,1178,106,2024-12-30 00:13:35.062295
00004,1522,1178,106,2024-12-30 00:13:35.078294
00004,1496,1178,106,2024-12-30 00:13:35.109934
00005,1518,1178,106,2024-12-30 00:13:35.126276
00005,1512,1178,106,2024-12-30 00:13:35.142282
00005,1519,1178,106,2024-12-30 00:13:35.158277
00005,1502,1178,106,2024-12-30 00:13:35.174271
00005,1516,1178,106,2024-12-30 00:13:35.190265
00004,1514,1178,106,2024-12-30 00:13:35.206264
00004,1498,1178,106,2024-12-30 00:13:35.222258
00005,1503,1178,106,2024-12-30 00:13:35.238268
00004,1508,1178,106,2024-12-30 00:13:35.269565
00005,1514,1178,106,2024-12-30 00:13:35.286240
00005,1503,1178,106,2024-12-30 00:13:35.302234
00005,1512,1178,106,2024-12-30 00:13:35.318240
00004,1506,1178,106,2024-12-30 00:13:35.334230
00005,1510,1178,106,2024-12-30 00:13:35.350231
00005,1506,1178,106,2024-12-30 00:13:35.366223
00004,1510,1178,106,2024-12-30 00:13:35.382224
00005,1516,1178,106,2024-12-30 00:13:35.398218
00005,1494,1178,106,2024-12-30 00:13:35.414217
00005,1499,1178,106,2024-12-30 00:13:35.445967
00005,1507,1178,106,2024-12-30 00:13:35.462223
00004,1497,1178,106,2024-12-30 00:13:35.478200
00005,1502,1178,106,2024-12-30 00:13:35.494200
00004,1508,1178,106,2024-12-30 00:13:35.510194
00004,1505,1178,106,2024-12-30 00:13:35.526186
00005,1512,1178,106,2024-12-30 00:13:35.542183
00005,1504,1178,106,2024-12-30 00:13:35.558184
00004,1504,1178,106,2024-12-30 00:13:35.574186
00005,1508,1178,106,2024-12-30 00:13:35.605585
00005,1502,1178,106,2024-12-30 00:13:35.622173
00004,1520,1178,106,2024-12-30 00:13:35.638171
00004,1498,1178,106,2024-12-30 00:13:35.654165
00004,1514,1178,106,2024-12-30 00:13:35.670162
00006,1506,1178,106,2024-12-30 00:13:35.686155
00004,1496,1178,106,2024-12-30 00:13:35.702150
00005,1524,1178,106,2024-12-30 00:13:35.718150
00005,1514,1178,106,2024-12-30 00:13:35.734144
00004,1511,1178,106,2024-12-30 00:13:35.750143
00004,1501,1178,106,2024-12-30 00:13:35.781977
00005,1510,1178,106,2024-12-30 00:13:35.798135
00004,1514,1178,106,2024-12-30 00:13:35.814137
00004,1507,1178,106,2024-12-30 00:13:35.830138
00005,1509,1178,106,2024-12-30 00:13:35.846134
00006,1501,1178,106,2024-12-30 00:13:35.862127
00005,1509,1178,106,2024-12-30 00:13:35.878123
00005,1517,1178,106,2024-12-30 00:13:35.894114
00005,1507,1178,106,2024-12-30 00:13:35.910105
00005,1513,1178,106,2024-12-30 00:13:35.941610
00005,1504,1178,106,2024-12-30 00:13:35.958110
00005,1523,1178,106,2024-12-30 00:13:35.974095
00005,1516,1178,106,2024-12-30 00:13:35.990097
00004,1511,1178,106,2024-12-30 00:13:36.006093
00005,1516,1178,106,2024-12-30 00:13:36.022094
00005,1510,1178,106,2024-12-30 00:13:36.038082
00005,1506,1178,106,2024-12-30 00:13:36.054076
00004,1500,1178,106,2024-12-30 00:13:36.070081
00005,1510,1178,106,2024-12-30 00:13:36.086069
00005,1500,1178,106,2024-12-30 00:13:36.117994
00005,1511,1178,106,2024-12-30 00:13:36.134068
00005,1515,1178,106,2024-12-30 00:13:36.150058
00005,1500,1178,106,2024-12-30 00:13:36.166066
00004,1515,1178,106,2024-12-30 00:13:36.182049
00005,1521,1178,106,2024-12-30 00:13:36.198060
00005,1505,1178,106,2024-12-30 00:13:36.214056
00005,1498,1178,106,2024-12-30 00:13:36.230057
00005,1511,1178,106,2024-12-30 00:13:36.246070
00004,1514,1177,106,2024-12-30 00:13:36.277649
00005,1518,1178,106,2024-12-30 00:13:36.294070
00005,1511,1178,106,2024-12-30 00:13:36.310079
00005,1509,1178,106,2024-12-30 00:13:36.326073
00005,1494,1178,106,2024-12-30 00:13:36.342072
00005,1495,1178,106,2024-12-30 00:13:36.358074
00005,1506,1177,106,2024-12-30 00:13:36.374080
00005,1514,1178,106,2024-12-30 00:13:36.390083
00004,1508,1177,106,2024-12-30 00:13:36.406018
00005,1507,1178,106,2024-12-30 00:13:36.422008
00006,1505,1178,106,2024-12-30 00:13:36.453997
00005,1510,1178,106,2024-12-30 00:13:36.470003
00005,1500,1177,106,2024-12-30 00:13:36.485989
00005,1499,1178,106,2024-12-30 00:13:36.501993
00005,1505,1178,106,2024-12-30 00:13:36.517991
00005,1504,1178,106,2024-12-30 00:13:36.533986
00005,1506,1177,106,2024-12-30 00:13:36.549982
00004,1484,1178,106,2024-12-30 00:13:36.565986
00005,1493,1178,106,2024-12-30 00:13:36.581982
00005,1493,1178,106,2024-12-30 00:13:36.613669
00005,1499,1177,106,2024-12-30 00:13:36.629956
00004,1503,1178,106,2024-12-30 00:13:36.645968
00004,1507,1177,106,2024-12-30 00:13:36.661958
00005,1500,1178,106,2024-12-30 00:13:36.677958
00004,1520,1177,106,2024-12-30 00:13:36.693951
00005,1494,1178,106,2024-12-30 00:13:36.709941
00005,1498,1177,106,2024-12-30 00:13:36.725937
00006,1491,1178,106,2024-12-30 00:13:36.741941
00005,1496,1177,106,2024-12-30 00:13:36.773318
00005,1501,1177,106,2024-12-30 00:13:36.789931
00004,1507,1178,106,2024-12-30 00:13:36.805923
00005,1485,1178,106,2024-12-30 00:13:36.821912
00005,1504,1177,106,2024-12-30 00:13:36.837916
00005,1510,1178,106,2024-12-30 00:13:36.853908
00005,1502,1177,106,2024-12-30 00:13:36.869918
00005,1491,1177,106,2024-12-30 00:13:36.885900
00005,1503,1178,106,2024-12-30 00:13:36.901901
00004,1502,1177,106,2024-12-30 00:13:36.917897
00005,1504,1178,106,2024-12-30 00:13:36.949707
00005,1506,1177,106,2024-12-30 00:13:36.965890
00005,1525,1178,106,2024-12-30 00:13:36.981888
00005,1496,1177,106,2024-12-30 00:13:36.997881
00005,1503,1178,106,2024-12-30 00:13:37.013882
00005,1511,1178,106,2024-12-30 00:13:37.029876
00005,1503,1178,106,2024-12-30 00:13:37.045878
00005,1501,1177,106,2024-12-30 00:13:37.061871
00004,1523,1177,106,2024-12-30 00:13:37.077881
00005,1512,1178,106,2024-12-30 00:13:37.109332
00005,1496,1177,106,2024-12-30 00:13:37.125858
00006,1496,1177,106,2024-12-30 00:13:37.141852
00005,1487,1177,106,2024-12-30 00:13:37.157853
00004,1496,1178,106,2024-12-30 00:13:37.173847
00005,1490,1177,106,2024-12-30 00:13:37.189850
00005,1500,1177,106,2024-12-30 00:13:37.205836
00005,1498,1177,106,2024-12-30 00:13:37.221828
00004,1494,1177,106,2024-12-30 00:13:37.237842
00005,1504,1177,106,2024-12-30 00:13:37.253821
00005,1491,1178,106,2024-12-30 00:13:37.285714
00006,1491,1177,106,2024-12-30 00:13:37.301836
00004,1496,1177,106,2024-12-30 00:13:37.317835
00005,1498,1177,106,2024-12-30 00:13:37.333805
00005,1501,1177,106,2024-12-30 00:13:37.349812
00005,1497,1177,106,2024-12-30 00:13:37.365803
00005,1497,1177,106,2024-12-30 00:13:37.381803
00005,1505,1178,106,2024-12-30 00:13:37.397797
00005,1502,1178,106,2024-12-30 00:13:37.413799
00005,1492,1177,106,2024-12-30 00:13:37.445356
00004,1480,1177,106,2024-12-30 00:13:37.461786
00005,1494,1177,106,2024-12-30 00:13:37.477780
00004,1495,1177,106,2024-12-30 00:13:37.493776
00005,1487,1177,106,2024-12-30 00:13:37.509769
00005,1498,1177,106,2024-12-30 00:13:37.525769
00004,1497,1177,106,2024-12-30 00:13:37.541764
00005,1504,1177,106,2024-12-30 00:13:37.557761
00005,1490,1178,106,2024-12-30 00:13:37.573755
00005,1488,1177,106,2024-12-30 00:13:37.589756
00004,1484,1177,106,2024-12-30 00:13:37.621734
00004,1476,1178,106,2024-12-30 00:13:37.637747
00005,1504,1177,106,2024-12-30 00:13:37.653746
00005,1489,1177,106,2024-12-30 00:13:37.669737
00005,1498,1177,106,2024-12-30 00:13:37.685741
00004,1500,1177,106,2024-12-30 00:13:37.701749
00005,1505,1177,106,2024-12-30 00:13:37.717728
00005,1494,1177,106,2024-12-30 00:13:37.733729
00006,1495,1177,106,2024-12-30 00:13:37.749721
00004,1494,1177,106,2024-12-30 00:13:37.781378
00005,1502,1177,106,2024-12-30 00:13:37.797720
00004,1514,1177,106,2024-12-30 00:13:37.813717
00005,1501,1177,106,2024-12-30 00:13:37.829718
00005,1501,1177,106,2024-12-30 00:13:37.845710
00005,1496,1177,106,2024-12-30 00:13:37.861702
00005,1492,1178,106,2024-12-30 00:13:37.877695
00005,1496,1177,106,2024-12-30 00:13:37.893696
00004,1498,1177,106,2024-12-30 00:13:37.909691
00005,1490,1177,106,2024-12-30 00:13:37.941015
00005,1504,1177,106,2024-12-30 00:13:37.957675
00005,1507,1177,106,2024-12-30 00:13:37.973670
00004,1496,1177,106,2024-12-30 00:13:37.989673
00005,1492,1177,106,2024-12-30 00:13:38.005664
00005,1497,1177,106,2024-12-30 00:13:38.021667
00004,1491,1177,106,2024-12-30 00:13:38.037653
00005,1498,1177,106,2024-12-30 00:13:38.053659
00004,1509,1177,106,2024-12-30 00:13:38.069661
00005,1494,1177,106,2024-12-30 00:13:38.085644
00005,1495,1177,106,2024-12-30 00:13:38.117392
00005,1504,1177,106,2024-12-30 00:13:38.133634
00004,1493,1177,106,2024-12-30 00:13:38.149633
00005,1499,1177,106,2024-12-30 00:13:38.165633
00005,1516,1177,106,2024-12-30 00:13:38.181634
00005,1490,1177,106,2024-12-30 00:13:38.197626
00005,1490,1177,106,2024-12-30 00:13:38.213630
00005,1498,1177,106,2024-12-30 00:13:38.229610
00006,1501,1177,106,2024-12-30 00:13:38.245628
00004,1506,1177,106,2024-12-30 00:13:38.277039
00005,1504,1177,106,2024-12-30 00:13:38.293600
00005,1497,1177,106,2024-12-30 00:13:38.309598
00005,1495,1177,106,2024-12-30 00:13:38.325598
00005,1499,1177,106,2024-12-30 00:13:38.341589
00005,1508,1177,106,2024-12-30 00:13:38.357589
00004,1508,1177,106,2024-12-30 00:13:38.373581
00005,1495,1177,106,2024-12-30 00:13:38.389588
00004,1498,1177,106,2024-12-30 00:13:38.405581
00005,1504,1177,106,2024-12-30 00:13:38.421580
00005,1491,1177,106,2024-12-30 00:13:38.453405
00005,1502,1177,106,2024-12-30 00:13:38.469570
00005,1509,1177,106,2024-12-30 00:13:38.485562
00004,1504,1177,106,2024-12-30 00:13:38.501563
00005,1504,1177,106,2024-12-30 00:13:38.517553
00004,1485,1177,106,2024-12-30 00:13:38.533559
00005,1502,1177,106,2024-12-30 00:13:38.549758
00005,1493,1177,106,2024-12-30 00:13:38.565562
00005,1501,1177,106,2024-12-30 00:13:38.581548
00005,1496,1177,106,2024-12-30 00:13:38.613070
00005,1512,1177,106,2024-12-30 00:13:38.629539
00005,1499,1177,106,2024-12-30 00:13:38.645535
00004,1491,1177,106,2024-12-30 00:13:38.661526
00005,1494,1177,106,2024-12-30 00:13:38.677527
00004,1504,1177,106,2024-12-30 00:13:38.693516
00004,1481,1177,106,2024-12-30 00:13:38.709523
00005,1496,1177,106,2024-12-30 00:13:38.725514
00004,1498,1177,106,2024-12-30 00:13:38.741518
00005,1483,1177,106,2024-12-30 00:13:38.757510
00005,1504,1177,106,2024-12-30 00:13:38.789434
00005,1489,1177,106,2024-12-30 00:13:38.805505
00005,1493,1177,106,2024-12-30 00:13:38.821490
00004,1482,1177,106,2024-12-30 00:13:38.837490
00005,1496,1177,106,2024-12-30 00:13:38.853491
00004,1481,1177,106,2024-12-30 00:13:38.869489
00005,1496,1177,106,2024-12-30 00:13:38.885479
00004,1491,1177,106,2024-12-30 00:13:38.901480
00005,1501,1177,106,2024-12-30 00:13:38.917477
00005,1493,1177,106,2024-12-30 00:13:38.949060
00004,1496,1177,106,2024-12-30 00:13:38.965463
00005,1480,1177,106,2024-12-30 00:13:38.981454
00004,1484,1177,106,2024-12-30 00:13:38.997456
00004,1497,1177,106,2024-12-30 00:13:39.013454
00005,1499,1177,106,2024-12-30 00:13:39.029447
00004,1496,1177,106,2024-12-30 00:13:39.045446
00005,1497,1177,106,2024-12-30 00:13:39.061443
00005,1506,1177,106,2024-12-30 00:13:39.077440
00005,1494,1177,106,2024-12-30 00:13:39.093437
00004,1501,1177,106,2024-12-30 00:13:39.125432
00005,1497,1177,106,2024-12-30 00:13:39.141425
00005,1509,1177,106,2024-12-30 00:13:39.157421
00004,1513,1177,106,2024-12-30 00:13:39.173421
00005,1503,1177,106,2024-12-30 00:13:39.189421
00005,1500,1177,106,2024-12-30 00:13:39.205423
00005,1513,1177,106,2024-12-30 00:13:39.221427
00004,1510,1177,106,2024-12-30 00:13:39.237446
00004,1489,1177,106,2024-12-30 00:13:39.253435
00005,1485,1177,106,2024-12-30 00:13:39.285121
00005,1500,1177,106,2024-12-30 00:13:39.301438
00004,1511,1177,106,2024-12-30 00:13:39.317441
00004,1507,1177,106,2024-12-30 00:13:39.333438
00005,1513,1177,106,2024-12-30 00:13:39.349444
00005,1510,1177,106,2024-12-30 00:13:39.365372
00004,1488,1177,106,2024-12-30 00:13:39.381372
00004,1510,1177,106,2024-12-30 00:13:39.397363
00005,1492,1177,106,2024-12-30 00:13:39.413368
00004,1498,1177,106,2024-12-30 00:13:39.444735
00005,1500,1177,106,2024-12-30 00:13:39.461357
00005,1497,1177,106,2024-12-30 00:13:39.477357
00005,1502,1177,106,2024-12-30 00:13:39.493352
00005,1493,1177,106,2024-12-30 00:13:39.509350
00005,1500,1177,106,2024-12-30 00:13:39.525337
00004,1498,1177,106,2024-12-30 00:13:39.541342
00004,1517,1177,106,2024-12-30 00:13:39.557342
00005,1500,1177,106,2024-12-30 00:13:39.573327
00004,1515,1177,106,2024-12-30 00:13:39.589338
00005,1488,1177,106,2024-12-30 00:13:39.621115
00005,1514,1177,106,2024-12-30 00:13:39.637317
00005,1491,1177,106,2024-12-30 00:13:39.653319
00005,1493,1177,106,2024-12-30 00:13:39.669316
00005,1496,1177,106,2024-12-30 00:13:39.685310
00004,1488,1177,106,2024-12-30 00:13:39.701306
00005,1495,1177,106,2024-12-30 00:13:39.717294
00005,1487,1177,106,2024-12-30 00:13:39.733306
00005,1487,1177,106,2024-12-30 00:13:39.749304
00005,1499,1177,106,2024-12-30 00:13:39.780768
00005,1484,1177,106,2024-12-30 00:13:39.797291
00005,1492,1177,106,2024-12-30 00:13:39.813288
00005,1504,1177,106,2024-12-30 00:13:39.829277
00005,1494,1177,106,2024-12-30 00:13:39.845286
00005,1495,1177,106,2024-12-30 00:13:39.861282
00005,1497,1177,106,2024-12-30 00:13:39.877289
00005,1501,1177,106,2024-12-30 00:13:39.893275
00004,1500,1177,106,2024-12-30 00:13:39.909274
00004,1510,1177,106,2024-12-30 00:13:39.925272
00004,1512,1177,106,2024-12-30 00:13:39.957146
00006,1511,1177,106,2024-12-30 00:13:39.973253
00005,1505,1176,106,2024-12-30 00:13:39.989252
00005,1507,1177,106,2024-12-30 00:13:40.005249
00005,1501,1177,106,2024-12-30 00:13:40.021254
00005,1509,1177,106,2024-12-30 00:13:40.037242
00005,1518,1177,106,2024-12-30 00:13:40.053241
00005,1503,1177,106,2024-12-30 00:13:40.069233
00005,1501,1177,106,2024-12-30 00:13:40.085228
00005,1510,1177,106,2024-12-30 00:13:40.116782
00005,1510,1176,106,2024-12-30 00:13:40.133221
00004,1505,1176,106,2024-12-30 00:13:40.149211
00004,1495,1177,106,2024-12-30 00:13:40.165212
00005,1494,1176,106,2024-12-30 00:13:40.181203
00005,1505,1177,106,2024-12-30 00:13:40.197206
00005,1510,1177,106,2024-12-30 00:13:40.213201
00004,1492,1177,106,2024-12-30 00:13:40.229193
00005,1496,1177,106,2024-12-30 00:13:40.245207
00004,1503,1177,106,2024-12-30 00:13:40.261198
00005,1511,1177,106,2024-12-30 00:13:40.293177
00005,1498,1177,106,2024-12-30 00:13:40.309207
00005,1520,1177,106,2024-12-30 00:13:40.325185
00005,1504,1177,106,2024-12-30 00:13:40.341166
00004,1502,1177,106,2024-12-30 00:13:40.357173
00005,1499,1176,106,2024-12-30 00:13:40.373167
00005,1495,1177,106,2024-12-30 00:13:40.389170
00005,1505,1177,106,2024-12-30 00:13:40.405165
00004,1511,1177,106,2024-12-30 00:13:40.421164
00005,1500,1177,106,2024-12-30 00:13:40.452804
00004,1489,1177,106,2024-12-30 00:13:40.469150
00005,1500,1177,106,2024-12-30 00:13:40.485145
00005,1510,1177,106,2024-12-30 00:13:40.501138
00005,1507,1177,106,2024-12-30 00:13:40.517136
00005,1503,1176,106,2024-12-30 00:13:40.533139
00005,1496,1177,106,2024-12-30 00:13:40.549132
00005,1502,1176,106,2024-12-30 00:13:40.565129
00004,1518,1176,106,2024-12-30 00:13:40.581126
00004,1508,1176,106,2024-12-30 00:13:40.612434
00004,1488,1176,106,2024-12-30 00:13:40.629116
00005,1510,1176,106,2024-12-30 00:13:40.645108
00004,1511,1177,106,2024-12-30 00:13:40.661115
00005,1505,1177,106,2024-12-30 00:13:40.677119
00005,1494,1177,106,2024-12-30 00:13:40.693096
00005,1488,1176,106,2024-12-30 00:13:40.709100
00005,1519,1177,106,2024-12-30 00:13:40.725092
00004,1504,1176,106,2024-12-30 00:13:40.741096
00005,1497,1176,106,2024-12-30 00:13:40.757085
00005,1497,1176,106,2024-12-30 00:13:40.788835
00004,1489,1177,106,2024-12-30 00:13:40.805078
00005,1487,1176,106,2024-12-30 00:13:40.821079
00004,1487,1177,106,2024-12-30 00:13:40.837074
00004,1486,1176,106,2024-12-30 00:13:40.853072
00005,1507,1176,106,2024-12-30 00:13:40.869066
00004,1491,1177,106,2024-12-30 00:13:40.885065
00004,1502,1176,106,2024-12-30 00:13:40.901061
00004,1505,1177,106,2024-12-30 00:13:40.917055
00005,1496,1176,106,2024-12-30 00:13:40.948474
00004,1500,1177,106,2024-12-30 00:13:40.965042
00005,1494,1176,106,2024-12-30 00:13:40.981032
00005,1504,1176,106,2024-12-30 00:13:40.997034
00005,1490,1176,106,2024-12-30 00:13:41.013026
00005,1499,1177,106,2024-12-30 00:13:41.029034
00004,1505,1177,106,2024-12-30 00:13:41.045036
00005,1498,1176,106,2024-12-30 00:13:41.061036
00005,1507,1176,106,2024-12-30 00:13:41.077019
00004,1511,1176,106,2024-12-30 00:13:41.093016
00004,1509,1176,106,2024-12-30 00:13:41.124849
00004,1485,1177,106,2024-12-30 00:13:41.141011
00005,1503,1176,106,2024-12-30 00:13:41.157005
00004,1487,1176,106,2024-12-30 00:13:41.173005
00005,1487,1176,106,2024-12-30 00:13:41.188995
00005,1506,1176,106,2024-12-30 00:13:41.205000
00004,1512,1177,106,2024-12-30 00:13:41.220989
00005,1508,1176,106,2024-12-30 00:13:41.236985
00005,1497,1176,106,2024-12-30 00:13:41.252995
00004,1510,1176,106,2024-12-30 00:13:41.284512
00005,1513,1176,106,2024-12-30 00:13:41.300988
00005,1504,1177,106,2024-12-30 00:13:41.316979
00004,1486,1176,106,2024-12-30 00:13:41.332968
00004,1502,1176,106,2024-12-30 00:13:41.348970
00005,1503,1176,106,2024-12-30 00:13:41.364960
00005,1519,1176,106,2024-12-30 00:13:41.380959
00005,1517,1176,106,2024-12-30 00:13:41.396957
00005,1500,1176,106,2024-12-30 00:13:41.412953
00005,1490,1176,106,2024-12-30 00:13:41.428957
00004,1507,1176,106,2024-12-30 00:13:41.460883
00005,1498,1176,106,2024-12-30 00:13:41.476939
00005,1497,1176,106,2024-12-30 00:13:41.492928
00004,1500,1176,106,2024-12-30 00:13:41.508933
00005,1500,1176,106,2024-12-30 00:13:41.524929
00005,1502,1176,106,2024-12-30 00:13:41.540933
00005,1504,1176,106,2024-12-30 00:13:41.556919
00004,1512,1176,106,2024-12-30 00:13:41.572922
00005,1512,1176,106,2024-12-30 00:13:41.588905
00005,1509,1176,106,2024-12-30 00:13:41.620532
00004,1509,1176,106,2024-12-30 00:13:41.636896
00004,1494,1176,106,2024-12-30 00:13:41.652900
00004,1503,1176,106,2024-12-30 00:13:41.668888
00005,1499,1177,106,2024-12-30 00:13:41.684894
00004,1512,1176,106,2024-12-30 00:13:41.700892
00005,1509,1176,106,2024-12-30 00:13:41.716891
00005,1510,1177,106,2024-12-30 00:13:41.732883
00005,1505,1176,106,2024-12-30 00:13:41.748881
00005,1512,1176,106,2024-12-30 00:13:41.764878
00004,1489,1176,106,2024-12-30 00:13:41.796887
00004,1501,1176,106,2024-12-30 00:13:41.812868
00005,1508,1176,106,2024-12-30 00:13:41.828866
00004,1500,1176,106,2024-12-30 00:13:41.844858
00004,1504,1176,106,2024-12-30 00:13:41.860864
00004,1496,1176,106,2024-12-30 00:13:41.876851
00005,1490,1176,106,2024-12-30 00:13:41.892851
00004,1506,1176,106,2024-12-30 00:13:41.908850
00004,1489,1176,106,2024-12-30 00:13:41.924856
00004,1510,1177,106,2024-12-30 00:13:41.956533
00004,1511,1176,106,2024-12-30 00:13:41.972836
00005,1507,1176,106,2024-12-30 00:13:41.988822
00005,1510,1176,106,2024-12-30 00:13:42.004825
00005,1504,1176,106,2024-12-30 00:13:42.020818
00005,1492,1176,106,2024-12-30 00:13:42.036817
00005,1507,1176,106,2024-12-30 00:13:42.052805
00004,1499,1176,106,2024-12-30 00:13:42.068808
00005,1503,1176,106,2024-12-30 00:13:42.084806
00004,1518,1176,106,2024-12-30 00:13:42.116170
00005,1515,1176,106,2024-12-30 00:13:42.132792
00005,1494,1176,106,2024-12-30 00:13:42.148795
00004,1498,1176,106,2024-12-30 00:13:42.164797
00005,1504,1176,106,2024-12-30 00:13:42.180795
00005,1498,1176,106,2024-12-30 00:13:42.196801
00005,1505,1176,106,2024-12-30 00:13:42.212802
00005,1492,1176,106,2024-12-30 00:13:42.228802
00004,1491,1176,106,2024-12-30 00:13:42.244826
00005,1511,1176,106,2024-12-30 00:13:42.260811
00005,1505,1176,106,2024-12-30 00:13:42.292600
00005,1508,1176,106,2024-12-30 00:13:42.308816
00004,1498,1176,106,2024-12-30 00:13:42.324810
00005,1521,1176,106,2024-12-30 00:13:42.340815
00005,1512,1176,106,2024-12-30 00:13:42.356747
00004,1502,1176,106,2024-12-30 00:13:42.372746
00004,1497,1176,106,2024-12-30 00:13:42.388737
00004,1502,1176,106,2024-12-30 00:13:42.404742
00004,1512,1176,106,2024-12-30 00:13:42.420736
00005,1523,1176,106,2024-12-30 00:13:42.452184
00004,1501,1176,106,2024-12-30 00:13:42.468729
00005,1517,1176,106,2024-12-30 00:13:42.484729
00004,1501,1176,106,2024-12-30 00:13:42.500718
00005,1514,1176,106,2024-12-30 00:13:42.516717
00004,1512,1176,106,2024-12-30 00:13:42.532725
00005,1503,1176,106,2024-12-30 00:13:42.548713
00004,1512,1176,106,2024-12-30 00:13:42.564713
00005,1510,1176,106,2024-12-30 00:13:42.580707
00005,1499,1176,106,2024-12-30 00:13:42.596712
00004,1503,1176,106,2024-12-30 00:13:42.628587
00005,1504,1176,106,2024-12-30 00:13:42.644690
00004,1495,1176,106,2024-12-30 00:13:42.660695
00004,1508,1176,106,2024-12-30 00:13:42.676681
00005,1512,1176,106,2024-12-30 00:13:42.692682
00004,1512,1176,106,2024-12-30 00:13:42.708680
00005,1505,1176,106,2024-12-30 00:13:42.724676
00005,1491,1176,106,2024-12-30 00:13:42.740668
00005,1509,1176,106,2024-12-30 00:13:42.756656
00005,1511,1176,106,2024-12-30 00:13:42.788217
00004,1510,1176,106,2024-12-30 00:13:42.804640
00004,1492,1176,106,2024-12-30 00:13:42.820649
00005,1503,1176,106,2024-12-30 00:13:42.836638
00005,1518,1176,106,2024-12-30 00:13:42.852641
00004,1503,1176,106,2024-12-30 00:13:42.868633
00005,1489,1176,106,2024-12-30 00:13:42.884636
00004,1503,1176,106,2024-12-30 00:13:42.900635
00005,1507,1176,106,2024-12-30 00:13:42.916624
00005,1505,1176,106,2024-12-30 00:13:42.932623
00005,1499,1176,106,2024-12-30 00:13:42.964595
00005,1510,1176,106,2024-12-30 00:13:42.980609
00005,1506,1176,106,2024-12-30 00:13:42.996609
00005,1506,1176,106,2024-12-30 00:13:43.012606
00005,1519,1176,106,2024-12-30 00:13:43.028611
00005,1512,1176,106,2024-12-30 00:13:43.044596
00005,1500,1176,106,2024-12-30 00:13:43.060591
00005,1506,1176,106,2024-12-30 00:13:43.076596
00005,1512,1176,106,2024-12-30 00:13:43.092587
00004,1491,1176,106,2024-12-30 00:13:43.124244
00005,1504,1176,106,2024-12-30 00:13:43.140584
00005,1525,1176,106,2024-12-30 00:13:43.156577
00004,1513,1176,106,2024-12-30 00:13:43.172573
00004,1502,1176,106,2024-12-30 00:13:43.188567
00004,1518,1175,106,2024-12-30 00:13:43.204566
00004,1497,1176,106,2024-12-30 00:13:43.220562
00005,1506,1176,106,2024-12-30 00:13:43.236564
00004,1499,1176,106,2024-12-30 00:13:43.252559
00004,1500,1176,106,2024-12-30 00:13:43.283882
00004,1501,1176,106,2024-12-30 00:13:43.300549
00004,1510,1176,106,2024-12-30 00:13:43.316549
00005,1507,1176,106,2024-12-30 00:13:43.332542
00005,1515,1176,106,2024-12-30 00:13:43.348530
00004,1500,1175,106,2024-12-30 00:13:43.364534
00004,1512,1176,106,2024-12-30 00:13:43.380531
00005,1495,1176,106,2024-12-30 00:13:43.396529
00004,1525,1176,106,2024-12-30 00:13:43.412516
00005,1506,1176,106,2024-12-30 00:13:43.428523
00004,1499,1176,106,2024-12-30 00:13:43.460270
00005,1487,1176,106,2024-12-30 00:13:43.476514
00004,1505,1176,106,2024-12-30 00:13:43.492511
00005,1507,1176,106,2024-12-30 00:13:43.508502
00005,1506,1176,106,2024-12-30 00:13:43.524502
00005,1506,1176,106,2024-12-30 00:13:43.540493
00004,1486,1176,106,2024-12-30 00:13:43.556486
00005,1503,1176,106,2024-12-30 00:13:43.572492
00005,1495,1176,106,2024-12-30 00:13:43.588484
00004,1491,1176,106,2024-12-30 00:13:43.619902
00005,1494,1176,106,2024-12-30 00:13:43.636486
00004,1482,1176,106,2024-12-30 00:13:43.652482
00005,1510,1175,106,2024-12-30 00:13:43.668462
00004,1505,1176,106,2024-12-30 00:13:43.684470
00005,1513,1176,106,2024-12-30 00:13:43.700453
00004,1498,1176,106,2024-12-30 00:13:43.716466
00005,1499,1176,106,2024-12-30 00:13:43.732452
00003,1496,1176,106,2024-12-30 00:13:43.748459
00005,1494,1176,106,2024-12-30 00:13:43.764457
00005,1508,1176,106,2024-12-30 00:13:43.796280
00005,1491,1175,106,2024-12-30 00:13:43.812445
00005,1505,1176,106,2024-12-30 00:13:43.828441
00005,1495,1176,106,2024-12-30 00:13:43.844428
00005,1490,1176,106,2024-12-30 00:13:43.860433
00004,1499,1176,106,2024-12-30 00:13:43.876422
00004,1498,1176,106,2024-12-30 00:13:43.892424
00005,1496,1175,106,2024-12-30 00:13:43.908413
00005,1504,1176,106,2024-12-30 00:13:43.924421
00004,1516,1175,106,2024-12-30 00:13:43.955924
00004,1501,1176,106,2024-12-30 00:13:43.972407
00004,1525,1176,106,2024-12-30 00:13:43.988399
00004,1485,1175,106,2024-12-30 00:13:44.004400
00005,1495,1175,106,2024-12-30 00:13:44.020407
00004,1500,1176,106,2024-12-30 00:13:44.036404
00004,1507,1176,106,2024-12-30 00:13:44.052390
00004,1490,1175,106,2024-12-30 00:13:44.068379
00005,1496,1175,106,2024-12-30 00:13:44.084379
00004,1500,1176,106,2024-12-30 00:13:44.100377
00004,1503,1175,106,2024-12-30 00:13:44.132319
00004,1501,1176,106,2024-12-30 00:13:44.148378
00004,1500,1176,106,2024-12-30 00:13:44.164366
00004,1498,1175,106,2024-12-30 00:13:44.180371
00005,1489,1175,106,2024-12-30 00:13:44.196363
00005,1503,1176,106,2024-12-30 00:13:44.212348
00004,1495,1175,106,2024-12-30 00:13:44.228350
00004,1510,1176,106,2024-12-30 00:13:44.244359
00004,1502,1175,106,2024-12-30 00:13:44.260347
00004,1495,1175,106,2024-12-30 00:13:44.291937
00004,1510,1176,106,2024-12-30 00:13:44.308345
00005,1493,1176,106,2024-12-30 00:13:44.324333
00004,1490,1176,106,2024-12-30 00:13:44.340327
00004,1498,1176,106,2024-12-30 00:13:44.356317
00005,1503,1175,106,2024-12-30 00:13:44.372314
00005,1500,1175,106,2024-12-30 00:13:44.388314
00005,1503,1176,106,2024-12-30 00:13:44.404322
00004,1483,1176,106,2024-12-30 00:13:44.420310
00005,1500,1175,106,2024-12-30 00:13:44.436308
00004,1497,1176,106,2024-12-30 00:13:44.468293
00005,1494,1175,106,2024-12-30 00:13:44.484294
00005,1495,1175,106,2024-12-30 00:13:44.500295
00004,1507,1175,106,2024-12-30 00:13:44.516304
00004,1506,1176,106,2024-12-30 00:13:44.532283
00004,1497,1176,106,2024-12-30 00:13:44.548281
00004,1502,1175,106,2024-12-30 00:13:44.564272
00004,1505,1175,106,2024-12-30 00:13:44.580269
00004,1499,1176,106,2024-12-30 00:13:44.596268
00005,1492,1175,106,2024-12-30 00:13:44.627978
00004,1485,1175,106,2024-12-30 00:13:44.644262
00004,1493,1175,106,2024-12-30 00:13:44.660263
00004,1492,1175,106,2024-12-30 00:13:44.676253
00004,1487,1175,106,2024-12-30 00:13:44.692258
00003,1492,1175,106,2024-12-30 00:13:44.708245
00004,1486,1176,106,2024-12-30 00:13:44.724247
00004,1488,1175,106,2024-12-30 00:13:44.740238
00005,1491,1175,106,2024-12-30 00:13:44.756248
00004,1499,1175,106,2024-12-30 00:13:44.787603
00005,1501,1175,106,2024-12-30 00:13:44.804228
00004,1490,1175,106,2024-12-30 00:13:44.820220
00004,1498,1175,106,2024-12-30 00:13:44.836225
00004,1487,1175,106,2024-12-30 00:13:44.852209
00004,1490,1176,106,2024-12-30 00:13:44.868218
00005,1494,1175,106,2024-12-30 00:13:44.884217
00004,1489,1175,106,2024-12-30 00:13:44.900216
00004,1489,1176,106,2024-12-30 00:13:44.916209
00003,1491,1175,106,2024-12-30 00:13:44.932193
00003,1500,1175,106,2024-12-30 00:13:44.963995
00004,1476,1175,106,2024-12-30 00:13:44.980191
00004,1485,1175,106,2024-12-30 00:13:44.996182
00004,1498,1175,106,2024-12-30 00:13:45.012182
00004,1486,1175,106,2024-12-30 00:13:45.028179
00003,1510,1175,106,2024-12-30 00:13:45.044177
00004,1494,1175,106,2024-12-30 00:13:45.060169
00004,1496,1175,106,2024-12-30 00:13:45.076171
00003,1491,1175,106,2024-12-30 00:13:45.092166
00004,1492,1175,106,2024-12-30 00:13:45.123635
00004,1469,1175,106,2024-12-30 00:13:45.140163
00004,1491,1175,106,2024-12-30 00:13:45.156167
00004,1493,1175,106,2024-12-30 00:13:45.172167
00005,1494,1175,106,2024-12-30 00:13:45.188169
00004,1502,1175,106,2024-12-30 00:13:45.204167
00005,1513,1175,106,2024-12-30 00:13:45.220175
00004,1508,1175,106,2024-12-30 00:13:45.236174
00005,1503,1175,106,2024-12-30 00:13:45.252185
00004,1486,1175,106,2024-12-30 00:13:45.268176
00004,1493,1175,106,2024-12-30 00:13:45.300070
00005,1507,1175,106,2024-12-30 00:13:45.316195
00004,1490,1175,106,2024-12-30 00:13:45.332119
00004,1492,1175,106,2024-12-30 00:13:45.348120
00004,1509,1175,106,2024-12-30 00:13:45.364115
00005,1508,1175,106,2024-12-30 00:13:45.380118
00005,1499,1176,106,2024-12-30 00:13:45.396103
00004,1504,1175,106,2024-12-30 00:13:45.412111
00004,1492,1175,106,2024-12-30 00:13:45.428099
00004,1498,1175,106,2024-12-30 00:13:45.459654
00004,1501,1175,106,2024-12-30 00:13:45.476081
00004,1499,1175,106,2024-12-30 00:13:45.492086
00004,1496,1175,106,2024-12-30 00:13:45.508087
00004,1495,1175,106,2024-12-30 00:13:45.524068
00005,1490,1175,106,2024-12-30 00:13:45.540074
00004,1478,1175,106,2024-12-30 00:13:45.556066
00004,1496,1175,106,2024-12-30 00:13:45.572076
00004,1495,1175,106,2024-12-30 00:13:45.588060
00004,1476,1175,106,2024-12-30 00:13:45.604063
00005,1495,1175,106,2024-12-30 00:13:45.636054
00005,1490,1175,106,2024-12-30 00:13:45.652046
00004,1485,1175,106,2024-12-30 00:13:45.668053
00005,1493,1176,106,2024-12-30 00:13:45.684038
00004,1489,1175,106,2024-12-30 00:13:45.700031
00004,1480,1175,106,2024-12-30 00:13:45.716037
00005,1484,1175,106,2024-12-30 00:13:45.732036
00004,1501,1175,106,2024-12-30 00:13:45.748042
00005,1484,1175,106,2024-12-30 00:13:45.764023
00004,1486,1175,106,2024-12-30 00:13:45.795670
00004,1511,1175,106,2024-12-30 00:13:45.812020
00004,1489,1175,106,2024-12-30 00:13:45.828014
00004,1486,1175,106,2024-12-30 00:13:45.844013
00004,1485,1175,106,2024-12-30 00:13:45.860005
00004,1498,1175,106,2024-12-30 00:13:45.876029
00004,1485,1175,106,2024-12-30 00:13:45.892030
00003,1480,1175,106,2024-12-30 00:13:45.908008
00004,1493,1175,106,2024-12-30 00:13:45.923994
00004,1501,1175,106,2024-12-30 00:13:45.955301
00003,1507,1175,106,2024-12-30 00:13:45.971983
00005,1495,1175,106,2024-12-30 00:13:45.987979
00004,1496,1175,106,2024-12-30 00:13:46.003988
00004,1479,1175,106,2024-12-30 00:13:46.019966
00004,1492,1175,106,2024-12-30 00:13:46.035973
00004,1497,1175,106,2024-12-30 00:13:46.051963
00003,1471,1175,106,2024-12-30 00:13:46.067964
00004,1484,1175,106,2024-12-30 00:13:46.083959
00004,1473,1175,106,2024-12-30 00:13:46.099953
00004,1488,1175,106,2024-12-30 00:13:46.131683
00004,1470,1175,106,2024-12-30 00:13:46.147949
00004,1481,1175,106,2024-12-30 00:13:46.163934
00004,1472,1175,106,2024-12-30 00:13:46.179939
00004,1483,1175,106,2024-12-30 00:13:46.195935
00004,1484,1175,106,2024-12-30 00:13:46.211939
00003,1482,1175,106,2024-12-30 00:13:46.227926
00004,1481,1175,106,2024-12-30 00:13:46.243939
00004,1493,1175,106,2024-12-30 00:13:46.259932
00004,1480,1175,106,2024-12-30 00:13:46.291345
00003,1495,1175,106,2024-12-30 00:13:46.307915
00004,1497,1175,106,2024-12-30 00:13:46.323912
00004,1475,1175,106,2024-12-30 00:13:46.339908
00003,1488,1175,106,2024-12-30 00:13:46.355902
00004,1492,1175,106,2024-12-30 00:13:46.371899
00004,1498,1175,106,2024-12-30 00:13:46.387894
00004,1481,1175,106,2024-12-30 00:13:46.403894
00003,1497,1175,106,2024-12-30 00:13:46.419883
00004,1498,1175,106,2024-12-30 00:13:46.435885
00004,1487,1175,106,2024-12-30 00:13:46.467738
00004,1481,1175,106,2024-12-30 00:13:46.483872
00004,1476,1175,106,2024-12-30 00:13:46.499868
00004,1483,1175,106,2024-12-30 00:13:46.515863
00004,1479,1175,106,2024-12-30 00:13:46.531856
00003,1491,1175,106,2024-12-30 00:13:46.547862
00004,1484,1175,106,2024-12-30 00:13:46.563853
00003,1486,1175,106,2024-12-30 00:13:46.579859
00003,1472,1175,106,2024-12-30 00:13:46.595845
00004,1486,1175,106,2024-12-30 00:13:46.627360
00003,1485,1175,106,2024-12-30 00:13:46.643832
00004,1486,1175,106,2024-12-30 00:13:46.659837
00004,1488,1175,106,2024-12-30 00:13:46.675830
00004,1485,1175,106,2024-12-30 00:13:46.691829
00004,1498,1175,106,2024-12-30 00:13:46.707822
00004,1486,1175,106,2024-12-30 00:13:46.723825
00004,1492,1175,106,2024-12-30 00:13:46.739823
00004,1483,1175,106,2024-12-30 00:13:46.755823
00004,1493,1175,106,2024-12-30 00:13:46.771812
00004,1499,1175,106,2024-12-30 00:13:46.803732
00004,1482,1175,106,2024-12-30 00:13:46.819800
00004,1480,1175,106,2024-12-30 00:13:46.835798
00004,1476,1175,106,2024-12-30 00:13:46.851793
00005,1486,1175,106,2024-12-30 00:13:46.867792
00004,1489,1175,106,2024-12-30 00:13:46.883787
00003,1492,1175,106,2024-12-30 00:13:46.899786
00004,1481,1175,106,2024-12-30 00:13:46.915786
00004,1498,1175,106,2024-12-30 00:13:46.931782
00003,1474,1175,106,2024-12-30 00:13:46.963380
00004,1486,1175,106,2024-12-30 00:13:46.979772
00003,1475,1175,106,2024-12-30 00:13:46.995772
00003,1487,1175,106,2024-12-30 00:13:47.011756
00004,1478,1175,106,2024-12-30 00:13:47.027764
00004,1485,1175,106,2024-12-30 00:13:47.043756
00004,1495,1175,106,2024-12-30 00:13:47.059753
00004,1485,1175,106,2024-12-30 00:13:47.075740
00004,1485,1175,106,2024-12-30 00:13:47.091737
00003,1484,1175,106,2024-12-30 00:13:47.107743
00004,1487,1175,106,2024-12-30 00:13:47.139734
00004,1479,1175,106,2024-12-30 00:13:47.155732
00004,1480,1175,106,2024-12-30 00:13:47.171726
00004,1477,1175,106,2024-12-30 00:13:47.187718
00004,1483,1174,106,2024-12-30 00:13:47.203720
00004,1481,1175,106,2024-12-30 00:13:47.219722
00004,1491,1175,106,2024-12-30 00:13:47.235719
00004,1468,1175,106,2024-12-30 00:13:47.251717
00004,1498,1175,106,2024-12-30 00:13:47.267706
00004,1471,1175,106,2024-12-30 00:13:47.299395
00004,1492,1175,106,2024-12-30 00:13:47.315695
00004,1496,1175,106,2024-12-30 00:13:47.331690
00003,1490,1175,106,2024-12-30 00:13:47.347692
00004,1483,1175,106,2024-12-30 00:13:47.363695
00003,1492,1175,106,2024-12-30 00:13:47.379679
00004,1485,1175,106,2024-12-30 00:13:47.395680
00004,1474,1175,106,2024-12-30 00:13:47.411676
00004,1480,1175,106,2024-12-30 00:13:47.427664
00003,1484,1175,106,2024-12-30 00:13:47.459036
00004,1481,1175,106,2024-12-30 00:13:47.475663
00003,1479,1175,106,2024-12-30 00:13:47.491660
00004,1492,1175,106,2024-12-30 00:13:47.507651
00003,1466,1174,106,2024-12-30 00:13:47.523652
00004,1491,1175,106,2024-12-30 00:13:47.539650
00004,1475,1175,106,2024-12-30 00:13:47.555644
00004,1487,1175,106,2024-12-30 00:13:47.571640
00004,1493,1175,106,2024-12-30 00:13:47.587637
00004,1479,1175,106,2024-12-30 00:13:47.603634
00004,1476,1175,106,2024-12-30 00:13:47.635434
00003,1487,1175,106,2024-12-30 00:13:47.651618
00003,1492,1175,106,2024-12-30 00:13:47.667623
00004,1483,1175,106,2024-12-30 00:13:47.683631
00003,1488,1175,106,2024-12-30 00:13:47.699613
00004,1489,1174,106,2024-12-30 00:13:47.715600
00003,1483,1175,106,2024-12-30 00:13:47.731609
00004,1468,1175,106,2024-12-30 00:13:47.747614
00004,1474,1175,106,2024-12-30 00:13:47.763591
00004,1501,1175,106,2024-12-30 00:13:47.795075
00004,1478,1175,106,2024-12-30 00:13:47.811591
00003,1488,1174,106,2024-12-30 00:13:47.827577
00004,1490,1175,106,2024-12-30 00:13:47.843589
00004,1479,1174,106,2024-12-30 00:13:47.859586
00004,1480,1174,106,2024-12-30 00:13:47.875644
00003,1477,1174,106,2024-12-30 00:13:47.891587
00004,1475,1174,106,2024-12-30 00:13:47.907564
00004,1488,1174,106,2024-12-30 00:13:47.923576
00004,1486,1175,106,2024-12-30 00:13:47.939569
00003,1492,1174,106,2024-12-30 00:13:47.971453
00003,1487,1175,106,2024-12-30 00:13:47.987560
00004,1491,1174,106,2024-12-30 00:13:48.003553
00003,1482,1174,106,2024-12-30 00:13:48.019554
00004,1482,1174,106,2024-12-30 00:13:48.035545
00004,1479,1174,106,2024-12-30 00:13:48.051550
00004,1490,1175,106,2024-12-30 00:13:48.067543
00004,1493,1175,106,2024-12-30 00:13:48.083533
00004,1496,1175,106,2024-12-30 00:13:48.099535
00003,1486,1174,106,2024-12-30 00:13:48.131118
00004,1496,1174,106,2024-12-30 00:13:48.147541
00004,1482,1175,106,2024-12-30 00:13:48.163539
00003,1485,1175,106,2024-12-30 00:13:48.179543
00004,1482,1175,106,2024-12-30 00:13:48.195547
00003,1481,1175,106,2024-12-30 00:13:48.211545
00004,1464,1175,106,2024-12-30 00:13:48.227543
00004,1474,1174,106,2024-12-30 00:13:48.243563
00004,1479,1175,106,2024-12-30 00:13:48.259559
00004,1477,1174,106,2024-12-30 00:13:48.275554
00004,1485,1175,106,2024-12-30 00:13:48.307454
00004,1489,1175,106,2024-12-30 00:13:48.323488
00003,1491,1174,106,2024-12-30 00:13:48.339476
00004,1481,1174,106,2024-12-30 00:13:48.355476
00004,1481,1174,106,2024-12-30 00:13:48.371467
00003,1489,1174,106,2024-12-30 00:13:48.387459
00003,1481,1175,106,2024-12-30 00:13:48.403458
00004,1486,1174,106,2024-12-30 00:13:48.419451
00003,1487,1175,106,2024-12-30 00:13:48.435454
00003,1486,1174,106,2024-12-30 00:13:48.467106
00003,1493,1174,106,2024-12-30 00:13:48.483455
00004,1495,1174,106,2024-12-30 00:13:48.499434
00003,1482,1175,106,2024-12-30 00:13:48.515442
00004,1482,1174,106,2024-12-30 00:13:48.531429
00003,1490,1174,106,2024-12-30 00:13:48.547438
00004,1492,1174,106,2024-12-30 00:13:48.563430
00004,1480,1174,106,2024-12-30 00:13:48.579431
00004,1482,1174,106,2024-12-30 00:13:48.595425
00004,1484,1175,106,2024-12-30 00:13:48.626754
00004,1484,1174,106,2024-12-30 00:13:48.643409
00004,1482,1174,106,2024-12-30 00:13:48.659407
00004,1467,1174,106,2024-12-30 00:13:48.675403
00004,1487,1175,106,2024-12-30 00:13:48.691403
00004,1474,1174,106,2024-12-30 00:13:48.707398
00004,1492,1175,106,2024-12-30 00:13:48.723397
00003,1487,1175,106,2024-12-30 00:13:48.739397
00004,1493,1175,106,2024-12-30 00:13:48.755383
00004,1480,1174,106,2024-12-30 00:13:48.771386
00004,1477,1174,106,2024-12-30 00:13:48.803133
00004,1478,1174,106,2024-12-30 00:13:48.819373
00003,1464,1174,106,2024-12-30 00:13:48.835370
00004,1479,1174,106,2024-12-30 00:13:48.851374
00004,1486,1174,106,2024-12-30 00:13:48.867376
00003,1474,1174,106,2024-12-30 00:13:48.883359
00004,1476,1174,106,2024-12-30 00:13:48.899354
00004,1480,1174,106,2024-12-30 00:13:48.915355
00004,1478,1174,106,2024-12-30 00:13:48.931344
00003,1485,1174,106,2024-12-30 00:13:48.962786
00004,1477,1174,106,2024-12-30 00:13:48.979354
00003,1476,1174,106,2024-12-30 00:13:48.995337
00004,1469,1174,106,2024-12-30 00:13:49.011341
00004,1493,1174,106,2024-12-30 00:13:49.027341
00003,1476,1174,106,2024-12-30 00:13:49.043336
00003,1486,1174,106,2024-12-30 00:13:49.059326
00004,1474,1174,106,2024-12-30 00:13:49.075318
00004,1481,1174,106,2024-12-30 00:13:49.091323
00003,1466,1174,106,2024-12-30 00:13:49.107316
00003,1459,1174,106,2024-12-30 00:13:49.139163
00004,1462,1175,106,2024-12-30 00:13:49.155311
00003,1480,1175,106,2024-12-30 00:13:49.171297
00003,1471,1174,106,2024-12-30 00:13:49.187302
00003,1473,1174,106,2024-12-30 00:13:49.203295
00004,1476,1174,106,2024-12-30 00:13:49.219288
00003,1482,1174,106,2024-12-30 00:13:49.235298
00003,1473,1174,106,2024-12-30 00:13:49.251300
00004,1482,1174,106,2024-12-30 00:13:49.267283
00003,1467,1174,106,2024-12-30 00:13:49.298812
00003,1479,1174,106,2024-12-30 00:13:49.315285
00004,1486,1174,106,2024-12-30 00:13:49.331279
00003,1487,1174,106,2024-12-30 00:13:49.347269
00004,1473,1174,106,2024-12-30 00:13:49.363261
00003,1473,1174,106,2024-12-30 00:13:49.379264
00004,1472,1174,106,2024-12-30 00:13:49.395258
00003,1468,1174,106,2024-12-30 00:13:49.411255
00004,1470,1174,106,2024-12-30 00:13:49.427250
00003,1484,1174,106,2024-12-30 00:13:49.443255
00003,1471,1174,106,2024-12-30 00:13:49.475186
00003,1475,1174,106,2024-12-30 00:13:49.491237
00003,1457,1174,106,2024-12-30 00:13:49.507238
00003,1477,1174,106,2024-12-30 00:13:49.523227
00004,1477,1174,106,2024-12-30 00:13:49.539221
00003,1478,1174,106,2024-12-30 00:13:49.555221
00004,1474,1174,106,2024-12-30 00:13:49.571213
00003,1484,1174,106,2024-12-30 00:13:49.587217
00003,1467,1174,106,2024-12-30 00:13:49.603221
00003,1469,1174,106,2024-12-30 00:13:49.634803
00004,1484,1174,106,2024-12-30 00:13:49.651198
00003,1466,1174,106,2024-12-30 00:13:49.667198
00003,1478,1174,106,2024-12-30 00:13:49.683190
00003,1468,1175,106,2024-12-30 00:13:49.699190
00004,1472,1175,106,2024-12-30 00:13:49.715189
00003,1472,1174,106,2024-12-30 00:13:49.731183
00003,1470,1174,106,2024-12-30 00:13:49.747179
00004,1482,1174,106,2024-12-30 00:13:49.763171
00003,1473,1174,106,2024-12-30 00:13:49.779178
00003,1468,1175,106,2024-12-30 00:13:49.811176
00003,1480,1174,106,2024-12-30 00:13:49.827156
00003,1467,1174,106,2024-12-30 00:13:49.843163
00003,1461,1174,106,2024-12-30 00:13:49.859154
00003,1460,1174,106,2024-12-30 00:13:49.875146
00003,1465,1174,106,2024-12-30 00:13:49.891154
00003,1460,1174,106,2024-12-30 00:13:49.907146
00003,1472,1174,106,2024-12-30 00:13:49.923145
00003,1470,1174,106,2024-12-30 00:13:49.939142
00003,1481,1174,106,2024-12-30 00:13:49.970839
00004,1471,1174,106,2024-12-30 00:13:49.987124
00004,1480,1174,106,2024-12-30 00:13:50.003122
00003,1458,1175,106,2024-12-30 00:13:50.019124
00004,1475,1174,106,2024-12-30 00:13:50.035119
00003,1470,1174,106,2024-12-30 00:13:50.051121
00003,1466,1174,106,2024-12-30 00:13:50.067115
00003,1484,1174,106,2024-12-30 00:13:50.083117
00004,1476,1174,106,2024-12-30 00:13:50.099114
00002,1472,1174,106,2024-12-30 00:13:50.130481
00004,1480,1174,106,2024-12-30 00:13:50.147106
00003,1459,1174,106,2024-12-30 00:13:50.163095
00003,1462,1174,106,2024-12-30 00:13:50.179095
00004,1482,1174,106,2024-12-30 00:13:50.195091
00003,1474,1174,106,2024-12-30 00:13:50.211089
00004,1464,1174,106,2024-12-30 00:13:50.227087
00002,1459,1174,106,2024-12-30 00:13:50.243103
00003,1482,1174,106,2024-12-30 00:13:50.259081
00004,1476,1174,106,2024-12-30 00:13:50.275083
00003,1466,1174,106,2024-12-30 00:13:50.306884
00003,1468,1174,106,2024-12-30 00:13:50.323069
00003,1456,1174,106,2024-12-30 00:13:50.339072
00004,1460,1174,106,2024-12-30 00:13:50.355071
00003,1471,1174,106,2024-12-30 00:13:50.371061
00003,1468,1174,106,2024-12-30 00:13:50.387046
00003,1475,1174,106,2024-12-30 00:13:50.403043
00003,1470,1174,106,2024-12-30 00:13:50.419034
00003,1462,1174,106,2024-12-30 00:13:50.435041
00003,1477,1174,106,2024-12-30 00:13:50.466517
00003,1468,1174,106,2024-12-30 00:13:50.483034
00003,1456,1174,106,2024-12-30 00:13:50.499022
00003,1462,1174,106,2024-12-30 00:13:50.515021
00003,1468,1174,106,2024-12-30 00:13:50.531018
00003,1487,1174,106,2024-12-30 00:13:50.547018
00003,1461,1174,106,2024-12-30 00:13:50.563018
00003,1455,1174,106,2024-12-30 00:13:50.579017
00004,1464,1174,106,2024-12-30 00:13:50.595007
00003,1452,1174,106,2024-12-30 00:13:50.611007
00003,1461,1174,106,2024-12-30 00:13:50.642898
00003,1458,1174,106,2024-12-30 00:13:50.658988
00004,1471,1174,106,2024-12-30 00:13:50.674985
00003,1483,1174,106,2024-12-30 00:13:50.690998
00003,1469,1174,106,2024-12-30 00:13:50.706988
00003,1466,1174,106,2024-12-30 00:13:50.722992
00003,1476,1174,106,2024-12-30 00:13:50.738979
00003,1456,1174,106,2024-12-30 00:13:50.754979
00004,1456,1174,106,2024-12-30 00:13:50.770967
00003,1463,1174,106,2024-12-30 00:13:50.802533
00002,1454,1174,106,2024-12-30 00:13:50.818962
00003,1458,1174,106,2024-12-30 00:13:50.834968
00003,1467,1174,106,2024-12-30 00:13:50.850954
00003,1455,1174,106,2024-12-30 00:13:50.866947
00003,1454,1174,106,2024-12-30 00:13:50.882938
00004,1473,1174,106,2024-12-30 00:13:50.899137
00003,1460,1174,106,2024-12-30 00:13:50.914949
00004,1458,1174,106,2024-12-30 00:13:50.930944
00004,1459,1174,106,2024-12-30 00:13:50.946928
00003,1456,1174,106,2024-12-30 00:13:50.978906
00004,1473,1174,106,2024-12-30 00:13:50.994927
00003,1480,1174,106,2024-12-30 00:13:51.010923
00004,1456,1174,106,2024-12-30 00:13:51.026912
00003,1452,1174,106,2024-12-30 00:13:51.042914
00003,1459,1174,106,2024-12-30 00:13:51.058910
00004,1471,1174,106,2024-12-30 00:13:51.074909
00003,1468,1174,106,2024-12-30 00:13:51.090913
00003,1456,1174,106,2024-12-30 00:13:51.106912
00003,1461,1174,106,2024-12-30 00:13:51.138568
00003,1474,1174,106,2024-12-30 00:13:51.154918
00003,1453,1174,106,2024-12-30 00:13:51.170914
00003,1455,1174,106,2024-12-30 00:13:51.186925
00003,1454,1174,106,2024-12-30 00:13:51.202923
00003,1452,1174,106,2024-12-30 00:13:51.218919
00003,1470,1173,106,2024-12-30 00:13:51.234927
00004,1509,1174,106,2024-12-30 00:13:51.250951
00003,1462,1174,106,2024-12-30 00:13:51.266940
00003,1458,1174,106,2024-12-30 00:13:51.298173
00002,1454,1174,106,2024-12-30 00:13:51.314856
00003,1451,1174,106,2024-12-30 00:13:51.330852
00003,1466,1174,106,2024-12-30 00:13:51.346849
00003,1451,1174,106,2024-12-30 00:13:51.362839
00003,1461,1174,106,2024-12-30 00:13:51.378841
00003,1461,1174,106,2024-12-30 00:13:51.394832
00003,1456,1174,106,2024-12-30 00:13:51.410836
00003,1464,1174,106,2024-12-30 00:13:51.426827
00003,1470,1174,106,2024-12-30 00:13:51.442833
00003,1450,1173,106,2024-12-30 00:13:51.474553
00004,1513,1174,106,2024-12-30 00:13:51.490824
00003,1467,1174,106,2024-12-30 00:13:51.506812
00003,1453,1174,106,2024-12-30 00:13:51.522819
00003,1458,1174,106,2024-12-30 00:13:51.538811
00003,1450,1174,106,2024-12-30 00:13:51.554807
00003,1472,1174,106,2024-12-30 00:13:51.570802
00003,1441,1173,106,2024-12-30 00:13:51.586805
00004,1506,1174,106,2024-12-30 00:13:51.602792
00003,1456,1173,106,2024-12-30 00:13:51.634204
00003,1504,1174,106,2024-12-30 00:13:51.650780
00003,1462,1174,106,2024-12-30 00:13:51.666785
00003,1468,1174,106,2024-12-30 00:13:51.682780
00003,1444,1173,106,2024-12-30 00:13:51.698772
00004,1509,1174,106,2024-12-30 00:13:51.714769
00004,1470,1174,106,2024-12-30 00:13:51.730774
00003,1440,1174,106,2024-12-30 00:13:51.746769
00003,1448,1174,106,2024-12-30 00:13:51.762756
00003,1454,1174,106,2024-12-30 00:13:51.778754
00003,1453,1174,106,2024-12-30 00:13:51.810596
00004,1459,1174,106,2024-12-30 00:13:51.826758
00003,1456,1173,106,2024-12-30 00:13:51.842754
00005,1498,1174,106,2024-12-30 00:13:51.858738
00003,1468,1174,106,2024-12-30 00:13:51.874729
00003,1455,1173,106,2024-12-30 00:13:51.890746
00004,1496,1174,106,2024-12-30 00:13:51.906745
00004,1461,1174,106,2024-12-30 00:13:51.922739
00003,1464,1174,106,2024-12-30 00:13:51.938731
00003,1463,1174,106,2024-12-30 00:13:51.970232
00003,1461,1174,106,2024-12-30 00:13:51.986718
00003,1462,1173,106,2024-12-30 00:13:52.002708
00003,1521,1174,106,2024-12-30 00:13:52.018701
00003,1470,1173,106,2024-12-30 00:13:52.034701
00004,1507,1174,106,2024-12-30 00:13:52.050695
00003,1465,1173,106,2024-12-30 00:13:52.066694
00004,1503,1174,106,2024-12-30 00:13:52.082687
00003,1474,1174,106,2024-12-30 00:13:52.098691
00003,1462,1173,106,2024-12-30 00:13:52.114682
00004,1516,1173,106,2024-12-30 00:13:52.146620
00003,1514,1174,106,2024-12-30 00:13:52.162682
00003,1482,1174,106,2024-12-30 00:13:52.178673
00004,1451,1173,106,2024-12-30 00:13:52.194667
00004,1514,1174,106,2024-12-30 00:13:52.210672
00003,1471,1174,106,2024-12-30 00:13:52.226652
00004,1462,1174,106,2024-12-30 00:13:52.242660
00003,1457,1174,106,2024-12-30 00:13:52.258651
00003,1468,1173,106,2024-12-30 00:13:52.274645
00004,1506,1173,106,2024-12-30 00:13:52.306258
00004,1519,1174,106,2024-12-30 00:13:52.322639
00004,1458,1174,106,2024-12-30 00:13:52.338633
00003,1458,1173,106,2024-12-30 00:13:52.354634
00004,1491,1174,106,2024-12-30 00:13:52.370627
00004,1469,1173,106,2024-12-30 00:13:52.386632
00004,1479,1173,106,2024-12-30 00:13:52.402626
00003,1524,1174,106,2024-12-30 00:13:52.418628
00003,1447,1173,106,2024-12-30 00:13:52.434617
00004,1508,1174,106,2024-12-30 00:13:52.450611
00003,1460,1173,106,2024-12-30 00:13:52.482598
00004,1489,1174,106,2024-12-30 00:13:52.498602
00003,1458,1174,106,2024-12-30 00:13:52.514597
00003,1447,1174,106,2024-12-30 00:13:52.530601
00004,1459,1173,106,2024-12-30 00:13:52.546591
00004,1486,1173,106,2024-12-30 00:13:52.562590
00004,1488,1173,106,2024-12-30 00:13:52.578597
00004,1508,1173,106,2024-12-30 00:13:52.594581
00004,1518,1173,106,2024-12-30 00:13:52.610584
00004,1508,1174,106,2024-12-30 00:13:52.642284
00003,1461,1173,106,2024-12-30 00:13:52.658570
00003,1491,1174,106,2024-12-30 00:13:52.674568
00003,1467,1173,106,2024-12-30 00:13:52.690563
00004,1482,1174,106,2024-12-30 00:13:52.706571
00004,1461,1173,106,2024-12-30 00:13:52.722554
00004,1498,1173,106,2024-12-30 00:13:52.738550
00003,1519,1174,106,2024-12-30 00:13:52.754550
00004,1465,1173,106,2024-12-30 00:13:52.770538
00004,1492,1173,106,2024-12-30 00:13:52.801920
00004,1506,1173,106,2024-12-30 00:13:52.818526
00004,1508,1173,106,2024-12-30 00:13:52.834526
00004,1504,1174,106,2024-12-30 00:13:52.850529
00004,1453,1174,106,2024-12-30 00:13:52.866523
00003,1448,1173,106,2024-12-30 00:13:52.882516
00003,1488,1173,106,2024-12-30 00:13:52.898517
00004,1519,1173,106,2024-12-30 00:13:52.914507
00004,1490,1173,106,2024-12-30 00:13:52.930503
00004,1509,1173,106,2024-12-30 00:13:52.946516
00005,1505,1173,106,2024-12-30 00:13:52.978298
00004,1506,1173,106,2024-12-30 00:13:52.994496
00004,1504,1173,106,2024-12-30 00:13:53.010489
00004,1501,1173,106,2024-12-30 00:13:53.026487
00004,1504,1173,106,2024-12-30 00:13:53.042487
00004,1504,1173,106,2024-12-30 00:13:53.058487
00004,1500,1173,106,2024-12-30 00:13:53.074473
00004,1497,1173,106,2024-12-30 00:13:53.090476
00004,1513,1173,106,2024-12-30 00:13:53.106465
00004,1485,1173,106,2024-12-30 00:13:53.137949
00004,1518,1173,106,2024-12-30 00:13:53.154470
00004,1508,1174,106,2024-12-30 00:13:53.170457
00003,1445,1173,106,2024-12-30 00:13:53.186476
00003,1480,1173,106,2024-12-30 00:13:53.202452
00004,1503,1173,106,2024-12-30 00:13:53.218446
00004,1483,1173,106,2024-12-30 00:13:53.234439
00004,1493,1173,106,2024-12-30 00:13:53.250460
00003,1494,1173,106,2024-12-30 00:13:53.266431
00004,1479,1173,106,2024-12-30 00:13:53.282433
00004,1494,1174,106,2024-12-30 00:13:53.314348
00003,1444,1173,106,2024-12-30 00:13:53.330437
00003,1496,1173,106,2024-12-30 00:13:53.346420
00004,1509,1174,106,2024-12-30 00:13:53.362417
00003,1448,1173,106,2024-12-30 00:13:53.378409
00004,1496,1173,106,2024-12-30 00:13:53.394401
00004,1495,1173,106,2024-12-30 00:13:53.410398
00004,1502,1173,106,2024-12-30 00:13:53.426401
00004,1520,1173,106,2024-12-30 00:13:53.442399
00004,1512,1173,106,2024-12-30 00:13:53.473973
00004,1493,1173,106,2024-12-30 00:13:53.490384
00004,1502,1173,106,2024-12-30 00:13:53.506381
00004,1509,1173,106,2024-12-30 00:13:53.522377
00004,1501,1173,106,2024-12-30 00:13:53.538390
00003,1503,1173,106,2024-12-30 00:13:53.554374
00004,1499,1173,106,2024-12-30 00:13:53.570373
00004,1488,1173,106,2024-12-30 00:13:53.586367
00004,1497,1173,106,2024-12-30 00:13:53.602362
00004,1497,1173,106,2024-12-30 00:13:53.618359
00004,1503,1173,106,2024-12-30 00:13:53.650354
00005,1515,1173,106,2024-12-30 00:13:53.666346
00004,1491,1173,106,2024-12-30 00:13:53.682350
00004,1497,1173,106,2024-12-30 00:13:53.698346
00005,1489,1173,106,2024-12-30 00:13:53.714330
00004,1491,1173,106,2024-12-30 00:13:53.730329
00004,1502,1173,106,2024-12-30 00:13:53.746329
00004,1487,1173,106,2024-12-30 00:13:53.762322
00004,1486,1173,106,2024-12-30 00:13:53.778323
00004,1489,1173,106,2024-12-30 00:13:53.809981
00004,1500,1173,106,2024-12-30 00:13:53.826324
00004,1496,1173,106,2024-12-30 00:13:53.842314
00004,1502,1173,106,2024-12-30 00:13:53.858316
00004,1494,1173,106,2024-12-30 00:13:53.874301
00004,1489,1173,106,2024-12-30 00:13:53.890304
00004,1504,1173,106,2024-12-30 00:13:53.906294
00004,1489,1173,106,2024-12-30 00:13:53.922289
00004,1489,1173,106,2024-12-30 00:13:53.938290
00004,1495,1173,106,2024-12-30 00:13:53.969626
00003,1492,1173,106,2024-12-30 00:13:53.986280
00004,1488,1173,106,2024-12-30 00:13:54.002285
00004,1505,1173,106,2024-12-30 00:13:54.018276
00004,1473,1173,106,2024-12-30 00:13:54.034271
00004,1502,1173,106,2024-12-30 00:13:54.050263
00004,1498,1173,106,2024-12-30 00:13:54.066271
00004,1493,1173,106,2024-12-30 00:13:54.082276
00004,1492,1173,106,2024-12-30 00:13:54.098269
00004,1499,1173,106,2024-12-30 00:13:54.114275
00003,1483,1173,106,2024-12-30 00:13:54.146030
00004,1477,1173,106,2024-12-30 00:13:54.162282
00003,1477,1173,106,2024-12-30 00:13:54.178283
00004,1483,1173,106,2024-12-30 00:13:54.194282
00004,1487,1173,106,2024-12-30 00:13:54.210287
00003,1490,1173,106,2024-12-30 00:13:54.226286
00004,1490,1173,106,2024-12-30 00:13:54.242303
00004,1469,1173,106,2024-12-30 00:13:54.258218
00004,1487,1173,106,2024-12-30 00:13:54.274220
00004,1487,1173,106,2024-12-30 00:13:54.305656
00003,1485,1173,106,2024-12-30 00:13:54.322207
00004,1489,1173,106,2024-12-30 00:13:54.338213
00005,1486,1173,106,2024-12-30 00:13:54.354199
00004,1477,1173,106,2024-12-30 00:13:54.370203
00003,1495,1173,106,2024-12-30 00:13:54.386194
00004,1503,1173,106,2024-12-30 00:13:54.402201
00004,1493,1173,106,2024-12-30 00:13:54.418191
00004,1502,1173,106,2024-12-30 00:13:54.434200
00004,1478,1173,106,2024-12-30 00:13:54.450197
00004,1489,1173,106,2024-12-30 00:13:54.482030
00004,1482,1173,106,2024-12-30 00:13:54.498167
00004,1481,1173,106,2024-12-30 00:13:54.514167
00003,1469,1173,106,2024-12-30 00:13:54.530165
00003,1478,1173,106,2024-12-30 00:13:54.546168
00004,1486,1173,106,2024-12-30 00:13:54.562161
00004,1482,1173,106,2024-12-30 00:13:54.578152
00004,1480,1173,106,2024-12-30 00:13:54.594155
00004,1496,1173,106,2024-12-30 00:13:54.610155
00004,1482,1173,106,2024-12-30 00:13:54.641649
00004,1489,1173,106,2024-12-30 00:13:54.658134
00005,1479,1173,106,2024-12-30 00:13:54.674136
00004,1486,1173,106,2024-12-30 00:13:54.690127
00004,1499,1173,106,2024-12-30 00:13:54.706130
00004,1477,1173,106,2024-12-30 00:13:54.722119
00004,1484,1173,106,2024-12-30 00:13:54.738127
00004,1472,1173,106,2024-12-30 00:13:54.754109
00004,1478,1173,106,2024-12-30 00:13:54.770111
00005,1469,1173,106,2024-12-30 00:13:54.786104
00004,1475,1173,106,2024-12-30 00:13:54.818055
00003,1479,1173,106,2024-12-30 00:13:54.834098
00004,1479,1173,106,2024-12-30 00:13:54.850100
00004,1482,1173,106,2024-12-30 00:13:54.866094
00004,1473,1173,106,2024-12-30 00:13:54.882093
00004,1488,1173,106,2024-12-30 00:13:54.898080
00004,1482,1173,106,2024-12-30 00:13:54.914084
00004,1481,1173,106,2024-12-30 00:13:54.930084
00004,1475,1173,106,2024-12-30 00:13:54.946071
00004,1474,1173,106,2024-12-30 00:13:54.977681
00004,1478,1173,106,2024-12-30 00:13:54.994074
00004,1484,1173,106,2024-12-30 00:13:55.010067
00004,1476,1173,106,2024-12-30 00:13:55.026063
00004,1489,1173,106,2024-12-30 00:13:55.042058
00004,1462,1173,106,2024-12-30 00:13:55.058056
00004,1477,1173,106,2024-12-30 00:13:55.074053
00005,1479,1173,106,2024-12-30 00:13:55.090051
00004,1486,1173,106,2024-12-30 00:13:55.106046
00004,1471,1173,106,2024-12-30 00:13:55.122042
00004,1470,1173,106,2024-12-30 00:13:55.154030
00004,1474,1173,106,2024-12-30 00:13:55.170033
00004,1473,1173,106,2024-12-30 00:13:55.186034
00003,1486,1173,106,2024-12-30 00:13:55.202035
00004,1468,1173,106,2024-12-30 00:13:55.218018
00004,1462,1173,106,2024-12-30 00:13:55.234022
00004,1456,1172,106,2024-12-30 00:13:55.250027
00004,1470,1173,106,2024-12-30 00:13:55.266006
00004,1477,1173,106,2024-12-30 00:13:55.282006
00004,1474,1173,106,2024-12-30 00:13:55.313729
00004,1460,1173,106,2024-12-30 00:13:55.330000
00005,1489,1172,106,2024-12-30 00:13:55.346007
00004,1482,1172,106,2024-12-30 00:13:55.361996
00004,1484,1173,106,2024-12-30 00:13:55.377983
00004,1469,1173,106,2024-12-30 00:13:55.393983
00004,1473,1173,106,2024-12-30 00:13:55.409977
00003,1478,1173,106,2024-12-30 00:13:55.425980
00004,1480,1173,106,2024-12-30 00:13:55.441971
00004,1462,1173,106,2024-12-30 00:13:55.473356
00003,1473,1173,106,2024-12-30 00:13:55.489972
00004,1470,1173,106,2024-12-30 00:13:55.505957
00004,1469,1173,106,2024-12-30 00:13:55.521961
00004,1468,1173,106,2024-12-30 00:13:55.537951
00004,1484,1173,106,2024-12-30 00:13:55.553952
00004,1467,1173,106,2024-12-30 00:13:55.569956
00004,1476,1173,106,2024-12-30 00:13:55.585940
00003,1464,1173,106,2024-12-30 00:13:55.601941
00004,1482,1173,106,2024-12-30 00:13:55.617932
00003,1481,1173,106,2024-12-30 00:13:55.649742
00004,1470,1172,106,2024-12-30 00:13:55.665936
00004,1478,1173,106,2024-12-30 00:13:55.681927
00003,1484,1173,106,2024-12-30 00:13:55.697930
00004,1465,1173,106,2024-12-30 00:13:55.713923
00004,1468,1173,106,2024-12-30 00:13:55.729906
00004,1465,1173,106,2024-12-30 00:13:55.745937
00004,1472,1173,106,2024-12-30 00:13:55.761913
00004,1473,1173,106,2024-12-30 00:13:55.777907
00003,1477,1172,106,2024-12-30 00:13:55.809379
00004,1469,1173,106,2024-12-30 00:13:55.825893
00004,1469,1173,106,2024-12-30 00:13:55.841899
00004,1481,1173,106,2024-12-30 00:13:55.857884
00004,1465,1173,106,2024-12-30 00:13:55.873902
00004,1468,1173,106,2024-12-30 00:13:55.889886
00004,1477,1172,106,2024-12-30 00:13:55.905887
00004,1473,1172,106,2024-12-30 00:13:55.921876
00004,1453,1173,106,2024-12-30 00:13:55.937883
00004,1463,1173,106,2024-12-30 00:13:55.953884
00003,1466,1173,106,2024-12-30 00:13:55.985746
00003,1455,1172,106,2024-12-30 00:13:56.001859
00004,1477,1173,106,2024-12-30 00:13:56.017856
00004,1471,1173,106,2024-12-30 00:13:56.033857
00004,1464,1172,106,2024-12-30 00:13:56.049845
00005,1464,1172,106,2024-12-30 00:13:56.065848
00004,1470,1173,106,2024-12-30 00:13:56.081836
00004,1469,1172,106,2024-12-30 00:13:56.097835
00003,1461,1172,106,2024-12-30 00:13:56.113832
00004,1467,1172,106,2024-12-30 00:13:56.145392
00004,1474,1173,106,2024-12-30 00:13:56.161826
00004,1458,1173,106,2024-12-30 00:13:56.177818
00004,1460,1172,106,2024-12-30 00:13:56.193827
00003,1468,1173,106,2024-12-30 00:13:56.209814
00004,1473,1172,106,2024-12-30 00:13:56.225810
00004,1474,1172,106,2024-12-30 00:13:56.241827
00003,1463,1172,106,2024-12-30 00:13:56.257808
00004,1482,1172,106,2024-12-30 00:13:56.273806
00004,1462,1173,106,2024-12-30 00:13:56.289794
00004,1462,1172,106,2024-12-30 00:13:56.321802
00004,1467,1172,106,2024-12-30 00:13:56.337779
00004,1445,1173,106,2024-12-30 00:13:56.353780
00004,1459,1172,106,2024-12-30 00:13:56.369780
00004,1455,1173,106,2024-12-30 00:13:56.385775
00004,1457,1172,106,2024-12-30 00:13:56.401771
00003,1461,1173,106,2024-12-30 00:13:56.417771
00003,1458,1172,106,2024-12-30 00:13:56.433768
00004,1449,1172,106,2024-12-30 00:13:56.449773
00004,1455,1172,106,2024-12-30 00:13:56.481414
00004,1473,1172,106,2024-12-30 00:13:56.497756
00004,1465,1173,106,2024-12-30 00:13:56.513750
00003,1463,1172,106,2024-12-30 00:13:56.529748
00004,1450,1173,106,2024-12-30 00:13:56.545736
00004,1457,1173,106,2024-12-30 00:13:56.561742
00003,1451,1172,106,2024-12-30 00:13:56.577729
00004,1463,1173,106,2024-12-30 00:13:56.593737
00004,1452,1172,106,2024-12-30 00:13:56.609727
00004,1468,1173,106,2024-12-30 00:13:56.641068
00004,1471,1172,106,2024-12-30 00:13:56.657723
00004,1467,1173,106,2024-12-30 00:13:56.673719
00004,1457,1173,106,2024-12-30 00:13:56.689719
00004,1446,1172,106,2024-12-30 00:13:56.705719
00004,1464,1172,106,2024-12-30 00:13:56.721700
00004,1457,1172,106,2024-12-30 00:13:56.737711
00003,1465,1173,106,2024-12-30 00:13:56.753700
00003,1459,1172,106,2024-12-30 00:13:56.769697
00005,1461,1172,106,2024-12-30 00:13:56.785690
00004,1451,1173,106,2024-12-30 00:13:56.817441
00004,1466,1172,106,2024-12-30 00:13:56.833694
00004,1480,1172,106,2024-12-30 00:13:56.849684
00004,1478,1172,106,2024-12-30 00:13:56.865670
00004,1467,1172,106,2024-12-30 00:13:56.881680
00005,1460,1173,106,2024-12-30 00:13:56.897666
00004,1474,1172,106,2024-12-30 00:13:56.913668
00005,1459,1172,106,2024-12-30 00:13:56.929659
00004,1458,1172,106,2024-12-30 00:13:56.945663
00004,1459,1173,106,2024-12-30 00:13:56.977081
00004,1464,1172,106,2024-12-30 00:13:56.993651
00004,1466,1172,106,2024-12-30 00:13:57.009641
00003,1458,1172,106,2024-12-30 00:13:57.025642
00004,1453,1172,106,2024-12-30 00:13:57.041632
00004,1459,1172,106,2024-12-30 00:13:57.057639
00004,1467,1172,106,2024-12-30 00:13:57.073640
00004,1463,1172,106,2024-12-30 00:13:57.089637
00003,1463,1173,106,2024-12-30 00:13:57.105642
00004,1478,1173,106,2024-12-30 00:13:57.121648
00004,1456,1173,106,2024-12-30 00:13:57.153496
00004,1456,1172,106,2024-12-30 00:13:57.169656
00004,1450,1172,106,2024-12-30 00:13:57.185651
00003,1455,1172,106,2024-12-30 00:13:57.201655
00004,1455,1172,106,2024-12-30 00:13:57.217658
00005,1462,1172,106,2024-12-30 00:13:57.233656
00004,1463,1172,106,2024-12-30 00:13:57.249672
00004,1467,1172,106,2024-12-30 00:13:57.265593
00004,1463,1172,106,2024-12-30 00:13:57.281590
00003,1450,1172,106,2024-12-30 00:13:57.313124
00003,1466,1172,106,2024-12-30 00:13:57.329582
00004,1468,1172,106,2024-12-30 00:13:57.345577
00004,1467,1172,106,2024-12-30 00:13:57.361570
00004,1459,1173,106,2024-12-30 00:13:57.377573
00004,1461,1172,106,2024-12-30 00:13:57.393568
00004,1451,1172,106,2024-12-30 00:13:57.409560
00004,1464,1172,106,2024-12-30 00:13:57.425558
00004,1460,1172,106,2024-12-30 00:13:57.441565
00004,1459,1172,106,2024-12-30 00:13:57.457548
00004,1457,1172,106,2024-12-30 00:13:57.489496
00005,1467,1172,106,2024-12-30 00:13:57.505546
00004,1453,1172,106,2024-12-30 00:13:57.521543
00004,1456,1173,106,2024-12-30 00:13:57.537540
00004,1446,1172,106,2024-12-30 00:13:57.553537
00004,1453,1172,106,2024-12-30 00:13:57.569538
00003,1462,1172,106,2024-12-30 00:13:57.585528
00004,1452,1172,106,2024-12-30 00:13:57.601527
00004,1460,1172,106,2024-12-30 00:13:57.617521
00004,1468,1172,106,2024-12-30 00:13:57.649121
00005,1445,1172,106,2024-12-30 00:13:57.665522
00004,1452,1172,106,2024-12-30 00:13:57.681510
00003,1447,1172,106,2024-12-30 00:13:57.697499
00003,1460,1172,106,2024-12-30 00:13:57.713498
00004,1445,1172,106,2024-12-30 00:13:57.729490
00004,1462,1172,106,2024-12-30 00:13:57.745495
00005,1462,1172,106,2024-12-30 00:13:57.761487
00003,1467,1172,106,2024-12-30 00:13:57.777490
00004,1464,1172,106,2024-12-30 00:13:57.793475
00004,1454,1172,106,2024-12-30 00:13:57.825489
00004,1455,1172,106,2024-12-30 00:13:57.841476
00003,1467,1172,106,2024-12-30 00:13:57.857468
00005,1453,1172,106,2024-12-30 00:13:57.873494
00003,1460,1172,106,2024-12-30 00:13:57.889470
00004,1462,1172,106,2024-12-30 00:13:57.905476
00003,1453,1172,106,2024-12-30 00:13:57.921477
00004,1457,1172,106,2024-12-30 00:13:57.937469
00004,1450,1172,106,2024-12-30 00:13:57.953451
00005,1452,1172,106,2024-12-30 00:13:57.985145
00004,1459,1172,106,2024-12-30 00:13:58.001447
00003,1456,1172,106,2024-12-30 00:13:58.017441
00004,1450,1172,106,2024-12-30 00:13:58.033440
00005,1467,1172,106,2024-12-30 00:13:58.049436
00004,1458,1172,106,2024-12-30 00:13:58.065432
00004,1463,1172,106,2024-12-30 00:13:58.081422
00004,1455,1172,106,2024-12-30 00:13:58.097418
00005,1466,1172,106,2024-12-30 00:13:58.113415
00004,1456,1172,106,2024-12-30 00:13:58.144804
00004,1457,1172,106,2024-12-30 00:13:58.161404
00005,1467,1172,106,2024-12-30 00:13:58.177413
00004,1458,1172,106,2024-12-30 00:13:58.193412
00004,1464,1172,106,2024-12-30 00:13:58.209390
00005,1461,1172,106,2024-12-30 00:13:58.225394
00004,1440,1172,106,2024-12-30 00:13:58.241404
00004,1458,1172,106,2024-12-30 00:13:58.257388
00004,1462,1172,106,2024-12-30 00:13:58.273378
00004,1441,1172,106,2024-12-30 00:13:58.289379
00004,1454,1172,106,2024-12-30 00:13:58.321196
00004,1460,1172,106,2024-12-30 00:13:58.337370
00004,1452,1172,106,2024-12-30 00:13:58.353369
00005,1451,1172,106,2024-12-30 00:13:58.369369
00004,1458,1172,106,2024-12-30 00:13:58.385353
00004,1462,1172,106,2024-12-30 00:13:58.401354
00004,1456,1172,106,2024-12-30 00:13:58.417349
00003,1468,1173,106,2024-12-30 00:13:58.433352
00003,1456,1172,106,2024-12-30 00:13:58.449339
00004,1454,1172,106,2024-12-30 00:13:58.480814
00004,1450,1172,106,2024-12-30 00:13:58.497346
00004,1446,1172,106,2024-12-30 00:13:58.513335
00004,1459,1172,106,2024-12-30 00:13:58.529324
00004,1456,1172,106,2024-12-30 00:13:58.545321
00005,1464,1172,106,2024-12-30 00:13:58.561334
00005,1464,1172,106,2024-12-30 00:13:58.577330
00004,1440,1172,106,2024-12-30 00:13:58.593319
