DIST,AMP,TEMP,VOLT,Timestamp
21182,0000,1209,106,2024-12-30 04:49:23.255343
02945,0000,1209,106,2024-12-30 04:49:23.256106
41006,0000,1209,106,2024-12-30 04:49:23.256806
01347,0000,1209,106,2024-12-30 04:49:23.257508
04530,0000,1209,106,2024-12-30 04:49:23.258210
01554,0000,1209,106,2024-12-30 04:49:23.258919
02131,0000,1209,106,2024-12-30 04:49:23.259616
25752,0001,1209,106,2024-12-30 04:49:23.260315
04419,0000,1209,106,2024-12-30 04:49:23.261011
01397,0000,1208,106,2024-12-30 04:49:23.261706
03083,0000,1209,106,2024-12-30 04:49:23.262401
02352,0000,1209,106,2024-12-30 04:49:23.263105
14073,0000,1208,106,2024-12-30 04:49:23.263800
04416,0000,1209,106,2024-12-30 04:49:23.264494
27677,0000,1209,106,2024-12-30 04:49:23.265194
03729,0000,1209,106,2024-12-30 04:49:23.265914
27509,0000,1209,106,2024-12-30 04:49:23.266625
19093,0000,1209,106,2024-12-30 04:49:23.267325
02070,0000,1209,106,2024-12-30 04:49:23.268023
24120,0000,1209,106,2024-12-30 04:49:23.268725
04143,0000,1208,106,2024-12-30 04:49:23.269421
04952,0000,1209,106,2024-12-30 04:49:23.270122
05285,0000,1209,106,2024-12-30 04:49:23.270834
30957,0000,1209,106,2024-12-30 04:49:23.271534
02618,0000,1209,106,2024-12-30 04:49:23.272234
03170,0000,1209,106,2024-12-30 04:49:23.272933
03052,0000,1209,106,2024-12-30 04:49:23.273641
03791,0000,1209,106,2024-12-30 04:49:23.274346
00716,0000,1209,106,2024-12-30 04:49:23.275068
07648,0000,1209,106,2024-12-30 04:49:23.275770
49948,0000,1209,106,2024-12-30 04:49:23.276470
09916,0000,1209,106,2024-12-30 04:49:23.277170
04632,0000,1209,106,2024-12-30 04:49:23.277871
10827,0000,1209,106,2024-12-30 04:49:23.278580
14233,0000,1209,106,2024-12-30 04:49:23.279282
02932,0000,1209,106,2024-12-30 04:49:23.279983
07570,0000,1209,106,2024-12-30 04:49:23.280694
02891,0000,1208,106,2024-12-30 04:49:23.281439
00403,0000,1209,106,2024-12-30 04:49:23.282156
01182,0000,1209,106,2024-12-30 04:49:23.282931
00649,0000,1209,106,2024-12-30 04:49:23.283734
09202,0000,1209,106,2024-12-30 04:49:23.284830
00916,0000,1209,106,2024-12-30 04:49:23.285603
02897,0000,1209,106,2024-12-30 04:49:23.286310
23474,0000,1209,106,2024-12-30 04:49:23.287054
57392,0000,1209,106,2024-12-30 04:49:23.287840
01425,0001,1209,106,2024-12-30 04:49:23.288544
28387,0000,1209,106,2024-12-30 04:49:23.289246
46524,0000,1209,106,2024-12-30 04:49:23.289946
05377,0000,1209,106,2024-12-30 04:49:23.290661
23350,0000,1209,106,2024-12-30 04:49:23.291369
02035,0000,1209,106,2024-12-30 04:49:23.292066
33192,0000,1209,106,2024-12-30 04:49:23.292768
19924,0000,1209,106,2024-12-30 04:49:23.293467
05122,0000,1209,106,2024-12-30 04:49:23.294166
04471,0000,1209,106,2024-12-30 04:49:23.294880
23340,0000,1209,106,2024-12-30 04:49:23.295579
04228,0000,1209,106,2024-12-30 04:49:23.296276
32247,0000,1209,106,2024-12-30 04:49:23.296974
21104,0000,1209,106,2024-12-30 04:49:23.297673
02873,0000,1209,106,2024-12-30 04:49:23.298374
13070,0000,1209,106,2024-12-30 04:49:23.299087
02356,0000,1209,106,2024-12-30 04:49:23.299785
03795,0000,1209,106,2024-12-30 04:49:23.300485
11521,0000,1209,106,2024-12-30 04:49:23.301185
04516,0000,1209,106,2024-12-30 04:49:23.301882
23401,0000,1209,106,2024-12-30 04:49:23.302592
26524,0000,1209,106,2024-12-30 04:49:23.303292
33166,0000,1209,106,2024-12-30 04:49:23.303993
02997,0000,1209,106,2024-12-30 04:49:23.304689
26512,0000,1209,106,2024-12-30 04:49:23.305385
39219,0000,1209,106,2024-12-30 04:49:23.306081
45357,0000,1209,106,2024-12-30 04:49:23.306790
20083,0000,1209,106,2024-12-30 04:49:23.307491
51682,0000,1209,106,2024-12-30 04:49:23.308190
03119,0000,1209,106,2024-12-30 04:49:23.308891
25430,0000,1209,106,2024-12-30 04:49:23.309587
27572,0000,1209,106,2024-12-30 04:49:23.310281
04480,0000,1209,106,2024-12-30 04:49:23.310987
05259,0000,1209,106,2024-12-30 04:49:23.311686
05426,0000,1209,106,2024-12-30 04:49:23.312388
33882,0000,1209,106,2024-12-30 04:49:23.313092
03805,0000,1209,106,2024-12-30 04:49:23.313788
04127,0000,1209,106,2024-12-30 04:49:23.314491
01418,0001,1209,106,2024-12-30 04:49:23.315192
47223,0000,1209,106,2024-12-30 04:49:23.315897
-0007,0361,1209,106,2024-12-30 04:49:23.316596
-0007,0367,1209,106,2024-12-30 04:49:23.317297
-0008,0362,1209,106,2024-12-30 04:49:23.324714
-0008,0365,1209,106,2024-12-30 04:49:23.340697
-0006,0365,1209,106,2024-12-30 04:49:23.356698
-0008,0354,1209,106,2024-12-30 04:49:23.372688
-0007,0372,1209,106,2024-12-30 04:49:23.388695
-0008,0366,1209,106,2024-12-30 04:49:23.404686
-0008,0358,1209,106,2024-12-30 04:49:23.420688
-0008,0372,1209,106,2024-12-30 04:49:23.436676
-0007,0356,1209,106,2024-12-30 04:49:23.468342
-0007,0360,1209,106,2024-12-30 04:49:23.484690
-0006,0364,1209,106,2024-12-30 04:49:23.500680
-0008,0360,1209,106,2024-12-30 04:49:23.516666
-0007,0363,1209,106,2024-12-30 04:49:23.532651
-0008,0354,1209,106,2024-12-30 04:49:23.548659
-0007,0364,1209,106,2024-12-30 04:49:23.564651
-0007,0364,1209,106,2024-12-30 04:49:23.580648
-0007,0371,1209,106,2024-12-30 04:49:23.596646
-0007,0361,1209,106,2024-12-30 04:49:23.627970
-0008,0358,1209,106,2024-12-30 04:49:23.644640
-0007,0369,1209,106,2024-12-30 04:49:23.660630
-0007,0367,1209,106,2024-12-30 04:49:23.676622
-0005,0359,1209,106,2024-12-30 04:49:23.692630
-0007,0361,1209,106,2024-12-30 04:49:23.708612
-0007,0362,1209,106,2024-12-30 04:49:23.724627
-0008,0370,1209,106,2024-12-30 04:49:23.740625
-0007,0360,1209,106,2024-12-30 04:49:23.756642
-0006,0367,1209,106,2024-12-30 04:49:23.772602
-0008,0360,1209,106,2024-12-30 04:49:23.804356
-0007,0366,1209,106,2024-12-30 04:49:23.820592
-0007,0363,1209,106,2024-12-30 04:49:23.836590
-0007,0360,1209,106,2024-12-30 04:49:23.852594
-0008,0364,1209,106,2024-12-30 04:49:23.868598
-0008,0359,1209,106,2024-12-30 04:49:23.884580
-0005,0367,1209,106,2024-12-30 04:49:23.900572
-0008,0363,1209,106,2024-12-30 04:49:23.916570
-0007,0362,1209,106,2024-12-30 04:49:23.932564
-0009,0364,1209,106,2024-12-30 04:49:23.964000
-0007,0354,1209,106,2024-12-30 04:49:23.980569
-0007,0360,1209,106,2024-12-30 04:49:23.996560
-0006,0362,1209,106,2024-12-30 04:49:24.012558
-0008,0360,1209,106,2024-12-30 04:49:24.028546
-0008,0356,1209,106,2024-12-30 04:49:24.044538
-0007,0354,1209,106,2024-12-30 04:49:24.060546
-0007,0361,1209,106,2024-12-30 04:49:24.076541
-0006,0359,1209,106,2024-12-30 04:49:24.092532
-0008,0360,1209,106,2024-12-30 04:49:24.108526
-0007,0363,1209,106,2024-12-30 04:49:24.140375
-0007,0356,1209,106,2024-12-30 04:49:24.156517
-0005,0366,1209,106,2024-12-30 04:49:24.172521
-0006,0363,1209,106,2024-12-30 04:49:24.188513
-0008,0361,1209,106,2024-12-30 04:49:24.204509
-0008,0358,1209,106,2024-12-30 04:49:24.220513
-0006,0366,1209,106,2024-12-30 04:49:24.236518
-0006,0361,1209,106,2024-12-30 04:49:24.252524
-0007,0363,1209,106,2024-12-30 04:49:24.268521
-0008,0351,1209,106,2024-12-30 04:49:24.300043
-0006,0362,1209,106,2024-12-30 04:49:24.316529
-0006,0366,1209,106,2024-12-30 04:49:24.332530
-0007,0363,1209,106,2024-12-30 04:49:24.348532
-0007,0360,1209,106,2024-12-30 04:49:24.364535
-0007,0360,1209,106,2024-12-30 04:49:24.380538
-0008,0369,1209,106,2024-12-30 04:49:24.396463
-0006,0368,1209,106,2024-12-30 04:49:24.412469
-0009,0365,1209,106,2024-12-30 04:49:24.428459
-0008,0358,1209,106,2024-12-30 04:49:24.444456
-0007,0360,1209,106,2024-12-30 04:49:24.476368
-0007,0360,1209,106,2024-12-30 04:49:24.492451
-0006,0362,1209,106,2024-12-30 04:49:24.508439
-0006,0357,1209,106,2024-12-30 04:49:24.524441
-0007,0362,1209,106,2024-12-30 04:49:24.540432
-0008,0356,1209,106,2024-12-30 04:49:24.556431
-0006,0357,1209,106,2024-12-30 04:49:24.572436
-0008,0361,1209,106,2024-12-30 04:49:24.588424
-0008,0350,1209,106,2024-12-30 04:49:24.604419
-0007,0357,1209,106,2024-12-30 04:49:24.636028
-0007,0359,1209,106,2024-12-30 04:49:24.652408
-0007,0365,1209,106,2024-12-30 04:49:24.668406
-0007,0364,1209,106,2024-12-30 04:49:24.684404
-0007,0365,1209,106,2024-12-30 04:49:24.700393
-0007,0361,1209,106,2024-12-30 04:49:24.716393
-0007,0363,1209,106,2024-12-30 04:49:24.732388
-0007,0366,1209,106,2024-12-30 04:49:24.748398
-0008,0361,1209,106,2024-12-30 04:49:24.764394
-0007,0366,1209,106,2024-12-30 04:49:24.780390
-0007,0368,1209,106,2024-12-30 04:49:24.812380
-0007,0356,1209,106,2024-12-30 04:49:24.828371
-0006,0366,1209,106,2024-12-30 04:49:24.844368
-0006,0355,1209,106,2024-12-30 04:49:24.860364
-0008,0364,1209,106,2024-12-30 04:49:24.876361
-0007,0366,1209,106,2024-12-30 04:49:24.892360
-0008,0354,1209,106,2024-12-30 04:49:24.908347
-0008,0364,1209,106,2024-12-30 04:49:24.924352
-0007,0358,1210,106,2024-12-30 04:49:24.940351
-0007,0362,1209,106,2024-12-30 04:49:24.972041
-0006,0362,1209,106,2024-12-30 04:49:24.988331
-0007,0359,1209,106,2024-12-30 04:49:25.004332
-0007,0362,1209,106,2024-12-30 04:49:25.020330
-0006,0363,1209,106,2024-12-30 04:49:25.036330
-0008,0353,1209,106,2024-12-30 04:49:25.052320
-0005,0365,1210,106,2024-12-30 04:49:25.068330
-0007,0358,1209,106,2024-12-30 04:49:25.084313
-0008,0361,1209,106,2024-12-30 04:49:25.100315
-0007,0358,1209,106,2024-12-30 04:49:25.131691
-0007,0357,1209,106,2024-12-30 04:49:25.148309
-0008,0355,1209,106,2024-12-30 04:49:25.164296
-0007,0359,1209,106,2024-12-30 04:49:25.180301
-0005,0358,1209,106,2024-12-30 04:49:25.196294
-0007,0363,1209,106,2024-12-30 04:49:25.212295
-0007,0362,1209,106,2024-12-30 04:49:25.228287
-0007,0361,1210,106,2024-12-30 04:49:25.244295
-0007,0362,1209,106,2024-12-30 04:49:25.260282
-0007,0360,1209,106,2024-12-30 04:49:25.276278
-0007,0359,1209,106,2024-12-30 04:49:25.308071
-0006,0359,1209,106,2024-12-30 04:49:25.324286
-0007,0356,1209,106,2024-12-30 04:49:25.340259
-0007,0357,1209,106,2024-12-30 04:49:25.356256
-0008,0354,1209,106,2024-12-30 04:49:25.372255
-0007,0362,1209,106,2024-12-30 04:49:25.388241
-0007,0360,1209,106,2024-12-30 04:49:25.404247
-0007,0363,1209,106,2024-12-30 04:49:25.420248
-0008,0367,1209,106,2024-12-30 04:49:25.436252
-0008,0358,1210,106,2024-12-30 04:49:25.467683
-0007,0357,1210,106,2024-12-30 04:49:25.484246
-0006,0360,1209,106,2024-12-30 04:49:25.500228
-0007,0360,1209,106,2024-12-30 04:49:25.516224
-0008,0354,1209,106,2024-12-30 04:49:25.532217
-0008,0358,1209,106,2024-12-30 04:49:25.548216
-0008,0354,1209,106,2024-12-30 04:49:25.564212
-0008,0357,1209,106,2024-12-30 04:49:25.580209
-0008,0354,1209,106,2024-12-30 04:49:25.596208
-0006,0365,1209,106,2024-12-30 04:49:25.612197
-0007,0360,1209,106,2024-12-30 04:49:25.644087
-0008,0361,1209,106,2024-12-30 04:49:25.660204
-0007,0356,1209,106,2024-12-30 04:49:25.676198
-0007,0362,1210,106,2024-12-30 04:49:25.692179
-0007,0365,1209,106,2024-12-30 04:49:25.708184
-0006,0353,1210,106,2024-12-30 04:49:25.724173
-0005,0357,1210,106,2024-12-30 04:49:25.740171
-0007,0356,1209,106,2024-12-30 04:49:25.756168
-0008,0356,1209,106,2024-12-30 04:49:25.772162
-0007,0363,1209,106,2024-12-30 04:49:25.803715
-0009,0361,1209,106,2024-12-30 04:49:25.820155
-0007,0365,1209,106,2024-12-30 04:49:25.836149
-0008,0370,1209,106,2024-12-30 04:49:25.852151
-0007,0350,1209,106,2024-12-30 04:49:25.868139
-0007,0360,1209,106,2024-12-30 04:49:25.884133
-0007,0367,1209,106,2024-12-30 04:49:25.900136
-0008,0359,1209,106,2024-12-30 04:49:25.916134
-0007,0363,1210,106,2024-12-30 04:49:25.932128
-0008,0357,1209,106,2024-12-30 04:49:25.948119
-0007,0357,1209,106,2024-12-30 04:49:25.980104
-0005,0358,1209,106,2024-12-30 04:49:25.996129
-0008,0360,1209,106,2024-12-30 04:49:26.012124
-0008,0364,1209,106,2024-12-30 04:49:26.028115
-0007,0365,1210,106,2024-12-30 04:49:26.044113
-0007,0359,1209,106,2024-12-30 04:49:26.060100
-0007,0366,1209,106,2024-12-30 04:49:26.076103
-0006,0360,1210,106,2024-12-30 04:49:26.092104
-0008,0360,1209,106,2024-12-30 04:49:26.108089
-0007,0360,1209,106,2024-12-30 04:49:26.139746
-0008,0352,1209,106,2024-12-30 04:49:26.156090
-0008,0364,1210,106,2024-12-30 04:49:26.172080
-0007,0363,1209,106,2024-12-30 04:49:26.188067
-0006,0357,1209,106,2024-12-30 04:49:26.204067
-0008,0362,1209,106,2024-12-30 04:49:26.220059
-0007,0357,1210,106,2024-12-30 04:49:26.236062
-0007,0361,1210,106,2024-12-30 04:49:26.252062
-0009,0355,1210,106,2024-12-30 04:49:26.268054
-0007,0362,1210,106,2024-12-30 04:49:26.299378
-0008,0362,1209,106,2024-12-30 04:49:26.316044
-0007,0353,1210,106,2024-12-30 04:49:26.332046
-0008,0361,1209,106,2024-12-30 04:49:26.348037
-0007,0363,1209,106,2024-12-30 04:49:26.364033
-0008,0361,1210,106,2024-12-30 04:49:26.380035
-0007,0357,1210,106,2024-12-30 04:49:26.396042
-0007,0352,1209,106,2024-12-30 04:49:26.412022
-0007,0361,1209,106,2024-12-30 04:49:26.428023
-0006,0353,1209,106,2024-12-30 04:49:26.444014
-0008,0354,1209,106,2024-12-30 04:49:26.475766
-0008,0370,1209,106,2024-12-30 04:49:26.492014
-0009,0363,1210,106,2024-12-30 04:49:26.508004
-0007,0359,1209,106,2024-12-30 04:49:26.524009
-0006,0367,1210,106,2024-12-30 04:49:26.539992
-0008,0360,1210,106,2024-12-30 04:49:26.555989
-0008,0354,1210,106,2024-12-30 04:49:26.571992
-0007,0357,1210,106,2024-12-30 04:49:26.587998
-0008,0354,1210,106,2024-12-30 04:49:26.603982
-0008,0360,1210,106,2024-12-30 04:49:26.635418
-0007,0360,1210,106,2024-12-30 04:49:26.651972
-0008,0362,1210,106,2024-12-30 04:49:26.667970
-0008,0362,1209,106,2024-12-30 04:49:26.683963
-0009,0369,1210,106,2024-12-30 04:49:26.699959
-0006,0356,1209,106,2024-12-30 04:49:26.715961
-0006,0363,1209,106,2024-12-30 04:49:26.731956
-0007,0362,1209,106,2024-12-30 04:49:26.747954
-0007,0363,1210,106,2024-12-30 04:49:26.763960
-0008,0359,1210,106,2024-12-30 04:49:26.779957
-0005,0359,1209,106,2024-12-30 04:49:26.811773
-0008,0351,1209,106,2024-12-30 04:49:26.827938
-0008,0357,1210,106,2024-12-30 04:49:26.843930
-0008,0357,1210,106,2024-12-30 04:49:26.859928
-0009,0356,1210,106,2024-12-30 04:49:26.875931
-0007,0363,1210,106,2024-12-30 04:49:26.891931
-0006,0359,1209,106,2024-12-30 04:49:26.907920
-0006,0356,1210,106,2024-12-30 04:49:26.923919
-0007,0356,1209,106,2024-12-30 04:49:26.939976
-0007,0358,1210,106,2024-12-30 04:49:26.971436
-0007,0356,1209,106,2024-12-30 04:49:26.987899
-0007,0365,1209,106,2024-12-30 04:49:27.003896
-0008,0360,1209,106,2024-12-30 04:49:27.019897
-0007,0359,1210,106,2024-12-30 04:49:27.035897
-0008,0361,1209,106,2024-12-30 04:49:27.051881
-0008,0359,1209,106,2024-12-30 04:49:27.067886
-0008,0362,1210,106,2024-12-30 04:49:27.083875
-0008,0359,1210,106,2024-12-30 04:49:27.099870
-0008,0360,1210,106,2024-12-30 04:49:27.115869
-0008,0353,1210,106,2024-12-30 04:49:27.147821
-0008,0361,1210,106,2024-12-30 04:49:27.163882
-0007,0359,1209,106,2024-12-30 04:49:27.179881
-0008,0357,1209,106,2024-12-30 04:49:27.195882
-0008,0360,1209,106,2024-12-30 04:49:27.211885
-0007,0357,1210,106,2024-12-30 04:49:27.227884
-0008,0355,1210,106,2024-12-30 04:49:27.243898
-0007,0364,1210,106,2024-12-30 04:49:27.259890
-0008,0360,1210,106,2024-12-30 04:49:27.275890
-0006,0360,1209,106,2024-12-30 04:49:27.307481
-0007,0357,1210,106,2024-12-30 04:49:27.323827
-0009,0355,1209,106,2024-12-30 04:49:27.339831
-0008,0365,1210,106,2024-12-30 04:49:27.355819
-0007,0359,1210,106,2024-12-30 04:49:27.371806
-0008,0359,1209,106,2024-12-30 04:49:27.387809
-0008,0356,1209,106,2024-12-30 04:49:27.403809
-0006,0363,1210,106,2024-12-30 04:49:27.419811
-0007,0362,1210,106,2024-12-30 04:49:27.435801
-0007,0360,1209,106,2024-12-30 04:49:27.451800
-0008,0359,1210,106,2024-12-30 04:49:27.483798
-0007,0356,1210,106,2024-12-30 04:49:27.499795
-0008,0364,1209,106,2024-12-30 04:49:27.515779
-0008,0356,1210,106,2024-12-30 04:49:27.531779
-0008,0357,1210,106,2024-12-30 04:49:27.547766
-0007,0361,1210,106,2024-12-30 04:49:27.563766
-0009,0354,1210,106,2024-12-30 04:49:27.579767
-0008,0352,1210,106,2024-12-30 04:49:27.595763
-0007,0351,1210,106,2024-12-30 04:49:27.611769
-0007,0357,1210,106,2024-12-30 04:49:27.643477
-0009,0355,1210,106,2024-12-30 04:49:27.659752
-0008,0359,1209,106,2024-12-30 04:49:27.675746
-0008,0356,1209,106,2024-12-30 04:49:27.691744
-0009,0358,1210,106,2024-12-30 04:49:27.707733
-0007,0359,1209,106,2024-12-30 04:49:27.723740
-0008,0349,1209,106,2024-12-30 04:49:27.739731
-0008,0355,1209,106,2024-12-30 04:49:27.755737
-0009,0358,1210,106,2024-12-30 04:49:27.771731
-0007,0354,1209,106,2024-12-30 04:49:27.803108
-0008,0362,1210,106,2024-12-30 04:49:27.819721
-0008,0357,1210,106,2024-12-30 04:49:27.835718
-0007,0358,1210,106,2024-12-30 04:49:27.851722
-0007,0352,1210,106,2024-12-30 04:49:27.867722
-0007,0356,1210,106,2024-12-30 04:49:27.883703
-0006,0360,1210,106,2024-12-30 04:49:27.899700
-0008,0361,1210,106,2024-12-30 04:49:27.915700
-0008,0358,1209,106,2024-12-30 04:49:27.931693
-0008,0360,1209,106,2024-12-30 04:49:27.947695
-0008,0356,1209,106,2024-12-30 04:49:27.979473
-0007,0357,1210,106,2024-12-30 04:49:27.995676
-0008,0354,1210,106,2024-12-30 04:49:28.011684
-0008,0358,1209,106,2024-12-30 04:49:28.027672
-0007,0362,1210,106,2024-12-30 04:49:28.043670
-0007,0362,1210,106,2024-12-30 04:49:28.059667
-0007,0356,1210,106,2024-12-30 04:49:28.075662
-0008,0354,1209,106,2024-12-30 04:49:28.091665
-0009,0354,1210,106,2024-12-30 04:49:28.107653
-0008,0358,1210,106,2024-12-30 04:49:28.139122
-0009,0362,1209,106,2024-12-30 04:49:28.155659
-0007,0359,1210,106,2024-12-30 04:49:28.171644
-0008,0355,1210,106,2024-12-30 04:49:28.187637
-0008,0353,1209,106,2024-12-30 04:49:28.203643
-0008,0360,1209,106,2024-12-30 04:49:28.219647
-0007,0354,1210,106,2024-12-30 04:49:28.235619
-0007,0351,1210,106,2024-12-30 04:49:28.251635
-0007,0354,1210,106,2024-12-30 04:49:28.267620
-0009,0350,1209,106,2024-12-30 04:49:28.283618
-0008,0359,1209,106,2024-12-30 04:49:28.315527
-0008,0344,1210,106,2024-12-30 04:49:28.331609
-0007,0361,1209,106,2024-12-30 04:49:28.347600
-0007,0365,1210,106,2024-12-30 04:49:28.363599
-0008,0358,1210,106,2024-12-30 04:49:28.379598
-0008,0356,1209,106,2024-12-30 04:49:28.395594
-0009,0358,1210,106,2024-12-30 04:49:28.411589
-0008,0357,1209,106,2024-12-30 04:49:28.427591
-0006,0362,1209,106,2024-12-30 04:49:28.443583
-0008,0363,1210,106,2024-12-30 04:49:28.475135
-0008,0360,1210,106,2024-12-30 04:49:28.491578
-0009,0358,1210,106,2024-12-30 04:49:28.507565
-0008,0350,1210,106,2024-12-30 04:49:28.523558
-0007,0356,1210,106,2024-12-30 04:49:28.539568
-0007,0355,1210,106,2024-12-30 04:49:28.555558
-0008,0345,1209,106,2024-12-30 04:49:28.571559
-0009,0358,1210,106,2024-12-30 04:49:28.587558
-0008,0358,1209,106,2024-12-30 04:49:28.603548
-0006,0354,1210,106,2024-12-30 04:49:28.619543
-0006,0355,1210,106,2024-12-30 04:49:28.651534
-0008,0364,1209,106,2024-12-30 04:49:28.667529
-0009,0358,1209,106,2024-12-30 04:49:28.683535
-0008,0357,1210,106,2024-12-30 04:49:28.699526
-0008,0358,1210,106,2024-12-30 04:49:28.715517
-0009,0362,1210,106,2024-12-30 04:49:28.731517
-0007,0357,1210,106,2024-12-30 04:49:28.747512
-0008,0369,1210,106,2024-12-30 04:49:28.763512
-0009,0361,1210,106,2024-12-30 04:49:28.779512
-0009,0357,1210,106,2024-12-30 04:49:28.811180
-0009,0363,1209,106,2024-12-30 04:49:28.827497
-0008,0360,1210,106,2024-12-30 04:49:28.843498
-0006,0362,1210,106,2024-12-30 04:49:28.859489
-0009,0352,1210,106,2024-12-30 04:49:28.875484
-0008,0362,1210,106,2024-12-30 04:49:28.891480
-0006,0359,1210,106,2024-12-30 04:49:28.907486
-0007,0365,1210,106,2024-12-30 04:49:28.923486
-0006,0362,1210,106,2024-12-30 04:49:28.939489
-0007,0353,1210,106,2024-12-30 04:49:28.970811
-0009,0359,1210,106,2024-12-30 04:49:28.987467
-0008,0360,1210,106,2024-12-30 04:49:29.003462
-0008,0361,1210,106,2024-12-30 04:49:29.019456
-0008,0356,1210,106,2024-12-30 04:49:29.035461
-0007,0361,1210,106,2024-12-30 04:49:29.051454
-0009,0360,1210,106,2024-12-30 04:49:29.067453
-0008,0360,1209,106,2024-12-30 04:49:29.083443
-0007,0359,1210,106,2024-12-30 04:49:29.099444
-0007,0358,1210,106,2024-12-30 04:49:29.115440
-0007,0360,1209,106,2024-12-30 04:49:29.147198
-0008,0355,1210,106,2024-12-30 04:49:29.163428
-0008,0359,1210,106,2024-12-30 04:49:29.179432
-0007,0360,1209,106,2024-12-30 04:49:29.195416
-0008,0359,1210,106,2024-12-30 04:49:29.211419
-0007,0354,1210,106,2024-12-30 04:49:29.227409
-0008,0354,1210,106,2024-12-30 04:49:29.243424
-0008,0354,1210,106,2024-12-30 04:49:29.259415
-0008,0356,1210,106,2024-12-30 04:49:29.275410
-0007,0354,1210,106,2024-12-30 04:49:29.306832
-0007,0357,1210,106,2024-12-30 04:49:29.323407
-0009,0356,1209,106,2024-12-30 04:49:29.339382
-0008,0361,1210,106,2024-12-30 04:49:29.355388
-0007,0363,1210,106,2024-12-30 04:49:29.371375
-0009,0354,1210,106,2024-12-30 04:49:29.387366
-0008,0355,1210,106,2024-12-30 04:49:29.403374
-0008,0351,1209,106,2024-12-30 04:49:29.419365
-0008,0354,1210,106,2024-12-30 04:49:29.435372
-0007,0359,1210,106,2024-12-30 04:49:29.451358
-0008,0357,1210,106,2024-12-30 04:49:29.483211
-0009,0358,1210,106,2024-12-30 04:49:29.499362
-0008,0350,1209,106,2024-12-30 04:49:29.515344
-0009,0360,1210,106,2024-12-30 04:49:29.531335
-0009,0352,1210,106,2024-12-30 04:49:29.547341
-0006,0361,1209,106,2024-12-30 04:49:29.563329
-0008,0353,1210,106,2024-12-30 04:49:29.579331
-0009,0358,1210,106,2024-12-30 04:49:29.595323
-0008,0360,1210,106,2024-12-30 04:49:29.611328
-0008,0351,1210,106,2024-12-30 04:49:29.642848
-0008,0356,1210,106,2024-12-30 04:49:29.659319
-0008,0360,1210,106,2024-12-30 04:49:29.675319
-0007,0354,1210,106,2024-12-30 04:49:29.691321
-0010,0360,1210,106,2024-12-30 04:49:29.707300
-0008,0356,1210,106,2024-12-30 04:49:29.723299
-0007,0365,1210,106,2024-12-30 04:49:29.739301
-0007,0355,1210,106,2024-12-30 04:49:29.755300
-0008,0358,1209,106,2024-12-30 04:49:29.771290
-0008,0361,1210,106,2024-12-30 04:49:29.787294
-0007,0356,1209,106,2024-12-30 04:49:29.819221
-0007,0360,1210,106,2024-12-30 04:49:29.835285
-0006,0361,1210,106,2024-12-30 04:49:29.851283
-0007,0357,1209,106,2024-12-30 04:49:29.867280
-0008,0359,1209,106,2024-12-30 04:49:29.883271
-0006,0361,1210,106,2024-12-30 04:49:29.899271
-0008,0353,1209,106,2024-12-30 04:49:29.915257
-0007,0356,1209,106,2024-12-30 04:49:29.931262
-0009,0348,1210,106,2024-12-30 04:49:29.947258
-0008,0360,1209,106,2024-12-30 04:49:29.978862
-0009,0352,1209,106,2024-12-30 04:49:29.995235
-0007,0355,1210,106,2024-12-30 04:49:30.011248
-0008,0352,1209,106,2024-12-30 04:49:30.027237
-0007,0358,1210,106,2024-12-30 04:49:30.043241
-0009,0353,1209,106,2024-12-30 04:49:30.059239
-0008,0352,1210,106,2024-12-30 04:49:30.075243
-0008,0361,1209,106,2024-12-30 04:49:30.091244
-0007,0355,1209,106,2024-12-30 04:49:30.107243
-0007,0357,1210,106,2024-12-30 04:49:30.123246
-0007,0357,1210,106,2024-12-30 04:49:30.155251
-0008,0358,1209,106,2024-12-30 04:49:30.171254
-0009,0353,1209,106,2024-12-30 04:49:30.187249
-0007,0360,1210,106,2024-12-30 04:49:30.203255
-0007,0354,1210,106,2024-12-30 04:49:30.219257
-0009,0351,1210,106,2024-12-30 04:49:30.235185
-0007,0353,1210,106,2024-12-30 04:49:30.251204
-0009,0348,1209,106,2024-12-30 04:49:30.267181
-0009,0361,1209,106,2024-12-30 04:49:30.283181
-0008,0354,1210,106,2024-12-30 04:49:30.314909
-0006,0354,1209,106,2024-12-30 04:49:30.331267
-0009,0355,1210,106,2024-12-30 04:49:30.347185
-0007,0358,1210,106,2024-12-30 04:49:30.363167
-0008,0352,1209,106,2024-12-30 04:49:30.379164
-0008,0359,1210,106,2024-12-30 04:49:30.395166
-0009,0361,1209,106,2024-12-30 04:49:30.411166
-0008,0351,1209,106,2024-12-30 04:49:30.427152
-0008,0357,1210,106,2024-12-30 04:49:30.443144
-0006,0362,1209,106,2024-12-30 04:49:30.474540
-0008,0359,1210,106,2024-12-30 04:49:30.491148
-0008,0356,1209,106,2024-12-30 04:49:30.507138
-0007,0350,1210,106,2024-12-30 04:49:30.523138
-0009,0356,1210,106,2024-12-30 04:49:30.539133
-0009,0356,1209,106,2024-12-30 04:49:30.555152
-0008,0356,1210,106,2024-12-30 04:49:30.571119
-0007,0356,1210,106,2024-12-30 04:49:30.587123
-0007,0355,1210,106,2024-12-30 04:49:30.603124
-0007,0353,1210,106,2024-12-30 04:49:30.619110
-0007,0357,1209,106,2024-12-30 04:49:30.650939
-0007,0350,1210,106,2024-12-30 04:49:30.667107
-0007,0357,1210,106,2024-12-30 04:49:30.683094
-0008,0356,1210,106,2024-12-30 04:49:30.699103
-0007,0354,1210,106,2024-12-30 04:49:30.715099
-0007,0353,1209,106,2024-12-30 04:49:30.731088
-0007,0357,1210,106,2024-12-30 04:49:30.747101
-0008,0349,1210,106,2024-12-30 04:49:30.763085
-0008,0356,1210,106,2024-12-30 04:49:30.779075
-0007,0353,1210,106,2024-12-30 04:49:30.810576
-0009,0351,1209,106,2024-12-30 04:49:30.827072
-0007,0356,1210,106,2024-12-30 04:49:30.843061
-0007,0360,1210,106,2024-12-30 04:49:30.859067
-0008,0346,1210,106,2024-12-30 04:49:30.875057
-0007,0359,1209,106,2024-12-30 04:49:30.891064
-0007,0359,1209,106,2024-12-30 04:49:30.907058
-0008,0352,1209,106,2024-12-30 04:49:30.923069
-0008,0355,1210,106,2024-12-30 04:49:30.939046
-0008,0352,1210,106,2024-12-30 04:49:30.955039
-0009,0357,1209,106,2024-12-30 04:49:30.986944
-0008,0355,1209,106,2024-12-30 04:49:31.003034
-0009,0357,1210,106,2024-12-30 04:49:31.019020
-0007,0352,1210,106,2024-12-30 04:49:31.035009
-0008,0353,1210,106,2024-12-30 04:49:31.051007
-0008,0359,1209,106,2024-12-30 04:49:31.067002
-0008,0355,1210,106,2024-12-30 04:49:31.083005
-0007,0350,1209,106,2024-12-30 04:49:31.098995
-0007,0361,1209,106,2024-12-30 04:49:31.115001
-0007,0353,1209,106,2024-12-30 04:49:31.146568
-0008,0348,1209,106,2024-12-30 04:49:31.162994
-0007,0355,1209,106,2024-12-30 04:49:31.178983
-0008,0352,1209,106,2024-12-30 04:49:31.194984
-0009,0351,1209,106,2024-12-30 04:49:31.210980
-0008,0353,1210,106,2024-12-30 04:49:31.226980
-0008,0361,1209,106,2024-12-30 04:49:31.242995
-0007,0360,1209,106,2024-12-30 04:49:31.258964
-0006,0349,1209,106,2024-12-30 04:49:31.274969
-0009,0356,1209,106,2024-12-30 04:49:31.290956
-0009,0355,1209,106,2024-12-30 04:49:31.322954
-0008,0358,1209,106,2024-12-30 04:49:31.338954
-0008,0355,1209,106,2024-12-30 04:49:31.354950
-0009,0353,1209,106,2024-12-30 04:49:31.370947
-0008,0354,1210,106,2024-12-30 04:49:31.386944
-0008,0358,1209,106,2024-12-30 04:49:31.402935
-0007,0345,1209,106,2024-12-30 04:49:31.418937
-0008,0353,1209,106,2024-12-30 04:49:31.434928
-0008,0351,1210,106,2024-12-30 04:49:31.450930
-0008,0362,1210,106,2024-12-30 04:49:31.482605
-0008,0359,1209,106,2024-12-30 04:49:31.498933
-0008,0351,1210,106,2024-12-30 04:49:31.514909
-0009,0358,1209,106,2024-12-30 04:49:31.530911
-0009,0357,1209,106,2024-12-30 04:49:31.546906
-0008,0353,1209,106,2024-12-30 04:49:31.562908
-0008,0356,1209,106,2024-12-30 04:49:31.578918
-0007,0355,1209,106,2024-12-30 04:49:31.594897
-0006,0349,1210,106,2024-12-30 04:49:31.610897
-0008,0354,1209,106,2024-12-30 04:49:31.642214
-0008,0355,1210,106,2024-12-30 04:49:31.658886
-0007,0353,1210,106,2024-12-30 04:49:31.674881
-0008,0354,1209,106,2024-12-30 04:49:31.690879
-0009,0357,1209,106,2024-12-30 04:49:31.706873
-0008,0353,1209,106,2024-12-30 04:49:31.722873
-0008,0356,1209,106,2024-12-30 04:49:31.738871
-0008,0348,1209,106,2024-12-30 04:49:31.754866
-0008,0361,1209,106,2024-12-30 04:49:31.770856
-0007,0355,1209,106,2024-12-30 04:49:31.786858
-0007,0351,1209,106,2024-12-30 04:49:31.818596
-0008,0360,1209,106,2024-12-30 04:49:31.834849
-0007,0353,1209,106,2024-12-30 04:49:31.850865
-0007,0354,1210,106,2024-12-30 04:49:31.866841
-0010,0362,1209,106,2024-12-30 04:49:31.882832
-0008,0352,1209,106,2024-12-30 04:49:31.898831
-0009,0350,1209,106,2024-12-30 04:49:31.914832
-0008,0351,1210,106,2024-12-30 04:49:31.930816
-0008,0356,1209,106,2024-12-30 04:49:31.946826
-0007,0353,1209,106,2024-12-30 04:49:31.978244
-0008,0355,1209,106,2024-12-30 04:49:31.994807
-0008,0355,1210,106,2024-12-30 04:49:32.010812
-0007,0354,1209,106,2024-12-30 04:49:32.026804
-0007,0347,1209,106,2024-12-30 04:49:32.042797
-0008,0355,1210,106,2024-12-30 04:49:32.058795
-0009,0354,1210,106,2024-12-30 04:49:32.074794
-0008,0353,1209,106,2024-12-30 04:49:32.090791
-0009,0355,1209,106,2024-12-30 04:49:32.106786
-0009,0352,1209,106,2024-12-30 04:49:32.122776
-0007,0354,1209,106,2024-12-30 04:49:32.154631
-0008,0347,1209,106,2024-12-30 04:49:32.170773
-0008,0355,1209,106,2024-12-30 04:49:32.186767
-0008,0357,1209,106,2024-12-30 04:49:32.202768
-0008,0350,1209,106,2024-12-30 04:49:32.218768
-0007,0349,1209,106,2024-12-30 04:49:32.234756
-0007,0360,1209,106,2024-12-30 04:49:32.250763
-0008,0355,1209,106,2024-12-30 04:49:32.266750
-0007,0355,1209,106,2024-12-30 04:49:32.282754
-0008,0351,1209,106,2024-12-30 04:49:32.314280
-0008,0353,1209,106,2024-12-30 04:49:32.330763
-0007,0352,1209,106,2024-12-30 04:49:32.346733
-0009,0356,1209,106,2024-12-30 04:49:32.362736
-0008,0353,1210,106,2024-12-30 04:49:32.378723
-0007,0354,1209,106,2024-12-30 04:49:32.394721
-0008,0353,1209,106,2024-12-30 04:49:32.410717
-0008,0356,1209,106,2024-12-30 04:49:32.426715
-0008,0353,1210,106,2024-12-30 04:49:32.442712
-0006,0355,1210,106,2024-12-30 04:49:32.458702
-0008,0358,1210,106,2024-12-30 04:49:32.490669
-0008,0349,1209,106,2024-12-30 04:49:32.506689
-0007,0348,1209,106,2024-12-30 04:49:32.522692
-0009,0355,1210,106,2024-12-30 04:49:32.538683
-0009,0356,1209,106,2024-12-30 04:49:32.554689
-0008,0354,1209,106,2024-12-30 04:49:32.570698
-0008,0346,1209,106,2024-12-30 04:49:32.586693
-0009,0350,1209,106,2024-12-30 04:49:32.602685
-0009,0357,1209,106,2024-12-30 04:49:32.618662
-0008,0359,1209,106,2024-12-30 04:49:32.650276
-0008,0352,1209,106,2024-12-30 04:49:32.666659
-0009,0360,1209,106,2024-12-30 04:49:32.682659
-0008,0360,1209,106,2024-12-30 04:49:32.698661
-0009,0357,1209,106,2024-12-30 04:49:32.714647
-0008,0355,1209,106,2024-12-30 04:49:32.730644
-0008,0349,1209,106,2024-12-30 04:49:32.746648
-0008,0356,1209,106,2024-12-30 04:49:32.762647
-0008,0354,1209,106,2024-12-30 04:49:32.778640
-0008,0356,1209,106,2024-12-30 04:49:32.794624
-0008,0358,1209,106,2024-12-30 04:49:32.826698
-0009,0350,1209,106,2024-12-30 04:49:32.842639
-0008,0352,1209,106,2024-12-30 04:49:32.858625
-0009,0346,1209,106,2024-12-30 04:49:32.874614
-0008,0353,1209,106,2024-12-30 04:49:32.890618
-0008,0352,1209,106,2024-12-30 04:49:32.906604
-0008,0355,1209,106,2024-12-30 04:49:32.922611
-0007,0350,1209,106,2024-12-30 04:49:32.938628
-0007,0346,1209,106,2024-12-30 04:49:32.954621
-0007,0356,1209,106,2024-12-30 04:49:32.986327
-0008,0355,1209,106,2024-12-30 04:49:33.002616
-0008,0347,1209,106,2024-12-30 04:49:33.018621
-0008,0350,1209,106,2024-12-30 04:49:33.034622
-0008,0351,1209,106,2024-12-30 04:49:33.050637
-0008,0356,1209,106,2024-12-30 04:49:33.066626
-0009,0352,1209,106,2024-12-30 04:49:33.082655
-0008,0360,1210,106,2024-12-30 04:49:33.098623
-0008,0355,1209,106,2024-12-30 04:49:33.114625
-0007,0346,1209,106,2024-12-30 04:49:33.145945
-0009,0353,1209,106,2024-12-30 04:49:33.162573
-0007,0355,1209,106,2024-12-30 04:49:33.178549
-0008,0349,1209,106,2024-12-30 04:49:33.194545
-0008,0354,1209,106,2024-12-30 04:49:33.210541
-0007,0358,1209,106,2024-12-30 04:49:33.226546
-0009,0351,1209,106,2024-12-30 04:49:33.242553
-0007,0355,1209,106,2024-12-30 04:49:33.258563
-0008,0346,1209,106,2024-12-30 04:49:33.274528
-0008,0349,1209,106,2024-12-30 04:49:33.290539
-0008,0345,1209,106,2024-12-30 04:49:33.322338
-0008,0355,1209,106,2024-12-30 04:49:33.338513
-0008,0354,1209,106,2024-12-30 04:49:33.354523
-0009,0351,1209,106,2024-12-30 04:49:33.370515
-0008,0351,1209,106,2024-12-30 04:49:33.386505
-0008,0353,1209,106,2024-12-30 04:49:33.402507
-0008,0361,1209,106,2024-12-30 04:49:33.418502
-0008,0358,1209,106,2024-12-30 04:49:33.434495
-0008,0348,1209,106,2024-12-30 04:49:33.450487
-0007,0359,1209,106,2024-12-30 04:49:33.481960
-0008,0349,1209,106,2024-12-30 04:49:33.498489
-0008,0350,1209,106,2024-12-30 04:49:33.514473
-0008,0351,1209,106,2024-12-30 04:49:33.530474
-0009,0358,1209,106,2024-12-30 04:49:33.546460
-0007,0356,1209,106,2024-12-30 04:49:33.562478
-0009,0356,1209,106,2024-12-30 04:49:33.578467
-0008,0350,1209,106,2024-12-30 04:49:33.594461
-0007,0348,1209,106,2024-12-30 04:49:33.610448
-0009,0354,1209,106,2024-12-30 04:49:33.626436
-0008,0357,1209,106,2024-12-30 04:49:33.658349
-0008,0355,1209,106,2024-12-30 04:49:33.674450
-0009,0360,1209,106,2024-12-30 04:49:33.690430
-0006,0363,1209,106,2024-12-30 04:49:33.706418
-0007,0363,1209,106,2024-12-30 04:49:33.722425
-0007,0353,1209,106,2024-12-30 04:49:33.738428
-0007,0363,1209,106,2024-12-30 04:49:33.754420
-0008,0353,1209,106,2024-12-30 04:49:33.770428
-0009,0348,1209,106,2024-12-30 04:49:33.786422
-0007,0354,1209,106,2024-12-30 04:49:33.817989
-0008,0351,1209,106,2024-12-30 04:49:33.834396
-0007,0352,1209,106,2024-12-30 04:49:33.850391
-0008,0351,1209,106,2024-12-30 04:49:33.866384
-0008,0350,1209,106,2024-12-30 04:49:33.882405
-0007,0352,1209,106,2024-12-30 04:49:33.898381
-0009,0351,1209,106,2024-12-30 04:49:33.914379
-0008,0359,1209,106,2024-12-30 04:49:33.930372
-0009,0357,1209,106,2024-12-30 04:49:33.946373
-0008,0347,1209,106,2024-12-30 04:49:33.962365
-0008,0358,1209,106,2024-12-30 04:49:33.994376
-0008,0356,1209,106,2024-12-30 04:49:34.010365
-0007,0353,1209,106,2024-12-30 04:49:34.026364
-0007,0354,1209,106,2024-12-30 04:49:34.042354
-0008,0352,1209,106,2024-12-30 04:49:34.058340
-0007,0352,1209,106,2024-12-30 04:49:34.074344
-0008,0355,1209,106,2024-12-30 04:49:34.090355
-0008,0354,1209,106,2024-12-30 04:49:34.106341
-0008,0349,1209,106,2024-12-30 04:49:34.122335
-0008,0354,1209,106,2024-12-30 04:49:34.154005
-0009,0355,1208,106,2024-12-30 04:49:34.170331
-0008,0358,1209,106,2024-12-30 04:49:34.186315
-0007,0363,1209,106,2024-12-30 04:49:34.202324
-0007,0354,1209,106,2024-12-30 04:49:34.218314
-0008,0351,1209,106,2024-12-30 04:49:34.234310
-0008,0347,1209,106,2024-12-30 04:49:34.250335
-0009,0356,1209,106,2024-12-30 04:49:34.266301
-0008,0358,1209,106,2024-12-30 04:49:34.282304
-0009,0354,1209,106,2024-12-30 04:49:34.313707
-0007,0353,1209,106,2024-12-30 04:49:34.330296
-0007,0356,1209,106,2024-12-30 04:49:34.346278
-0008,0355,1209,106,2024-12-30 04:49:34.362280
-0008,0349,1209,106,2024-12-30 04:49:34.378279
-0008,0351,1209,106,2024-12-30 04:49:34.394261
-0007,0351,1209,106,2024-12-30 04:49:34.410313
-0009,0347,1209,106,2024-12-30 04:49:34.426264
-0009,0353,1209,106,2024-12-30 04:49:34.442257
-0009,0353,1209,106,2024-12-30 04:49:34.458256
-0008,0353,1209,106,2024-12-30 04:49:34.490037
-0008,0352,1209,106,2024-12-30 04:49:34.506311
-0008,0343,1209,106,2024-12-30 04:49:34.522273
-0008,0354,1209,106,2024-12-30 04:49:34.538238
-0007,0351,1209,106,2024-12-30 04:49:34.554236
-0008,0345,1209,106,2024-12-30 04:49:34.570226
-0008,0353,1209,106,2024-12-30 04:49:34.586229
-0008,0351,1209,106,2024-12-30 04:49:34.602222
-0009,0345,1209,106,2024-12-30 04:49:34.618242
-0008,0348,1209,106,2024-12-30 04:49:34.649665
-0009,0344,1209,106,2024-12-30 04:49:34.666209
-0009,0354,1209,106,2024-12-30 04:49:34.682205
-0008,0352,1209,106,2024-12-30 04:49:34.698196
-0008,0347,1209,106,2024-12-30 04:49:34.714213
-0008,0352,1209,106,2024-12-30 04:49:34.730201
-0009,0354,1209,106,2024-12-30 04:49:34.746209
-0007,0352,1209,106,2024-12-30 04:49:34.762196
-0009,0356,1209,106,2024-12-30 04:49:34.778177
-0009,0352,1209,106,2024-12-30 04:49:34.794184
-0007,0352,1209,106,2024-12-30 04:49:34.826067
-0007,0349,1209,106,2024-12-30 04:49:34.842179
-0008,0348,1209,106,2024-12-30 04:49:34.858173
-0007,0352,1209,106,2024-12-30 04:49:34.874160
-0009,0348,1209,106,2024-12-30 04:49:34.890164
-0008,0355,1209,106,2024-12-30 04:49:34.906156
-0007,0347,1209,106,2024-12-30 04:49:34.922171
-0008,0353,1209,106,2024-12-30 04:49:34.938157
-0008,0354,1209,106,2024-12-30 04:49:34.954147
-0008,0351,1209,106,2024-12-30 04:49:34.985695
-0008,0350,1209,106,2024-12-30 04:49:35.002140
-0006,0351,1209,106,2024-12-30 04:49:35.018134
-0008,0343,1209,106,2024-12-30 04:49:35.034153
-0008,0344,1209,106,2024-12-30 04:49:35.050127
-0008,0353,1209,106,2024-12-30 04:49:35.066125
-0008,0354,1209,106,2024-12-30 04:49:35.082122
-0009,0356,1209,106,2024-12-30 04:49:35.098125
-0009,0353,1209,106,2024-12-30 04:49:35.114124
-0008,0347,1209,106,2024-12-30 04:49:35.130124
-0008,0348,1209,106,2024-12-30 04:49:35.162084
-0008,0347,1209,106,2024-12-30 04:49:35.178093
-0009,0350,1208,106,2024-12-30 04:49:35.194095
-0008,0355,1209,106,2024-12-30 04:49:35.210093
-0009,0351,1209,106,2024-12-30 04:49:35.226092
-0008,0352,1209,106,2024-12-30 04:49:35.242127
-0007,0350,1209,106,2024-12-30 04:49:35.258082
-0007,0351,1209,106,2024-12-30 04:49:35.274083
-0007,0348,1209,106,2024-12-30 04:49:35.290083
-0007,0350,1209,106,2024-12-30 04:49:35.321693
-0007,0350,1209,106,2024-12-30 04:49:35.338086
-0008,0353,1209,106,2024-12-30 04:49:35.354053
-0007,0350,1209,106,2024-12-30 04:49:35.370058
-0009,0349,1209,106,2024-12-30 04:49:35.386047
-0009,0346,1209,106,2024-12-30 04:49:35.402051
-0008,0351,1209,106,2024-12-30 04:49:35.418330
-0009,0357,1208,106,2024-12-30 04:49:35.434056
-0008,0345,1209,106,2024-12-30 04:49:35.450062
-0008,0352,1209,106,2024-12-30 04:49:35.481357
-0009,0358,1209,106,2024-12-30 04:49:35.498037
-0008,0355,1209,106,2024-12-30 04:49:35.514026
-0009,0353,1209,106,2024-12-30 04:49:35.530019
-0009,0355,1209,106,2024-12-30 04:49:35.546034
-0009,0353,1208,106,2024-12-30 04:49:35.562011
-0008,0354,1209,106,2024-12-30 04:49:35.578007
-0008,0350,1209,106,2024-12-30 04:49:35.594007
-0008,0348,1208,106,2024-12-30 04:49:35.609993
-0009,0354,1209,106,2024-12-30 04:49:35.625996
-0009,0347,1208,106,2024-12-30 04:49:35.657750
-0007,0353,1208,106,2024-12-30 04:49:35.673988
-0008,0352,1209,106,2024-12-30 04:49:35.689972
-0008,0348,1209,106,2024-12-30 04:49:35.705977
-0008,0350,1208,106,2024-12-30 04:49:35.721967
-0008,0341,1209,106,2024-12-30 04:49:35.737972
-0008,0350,1209,106,2024-12-30 04:49:35.753982
-0008,0349,1208,106,2024-12-30 04:49:35.769965
-0008,0349,1208,106,2024-12-30 04:49:35.785960
-0008,0351,1209,106,2024-12-30 04:49:35.817354
-0007,0357,1209,106,2024-12-30 04:49:35.833948
-0008,0349,1208,106,2024-12-30 04:49:35.849959
-0008,0356,1208,106,2024-12-30 04:49:35.865970
-0007,0352,1209,106,2024-12-30 04:49:35.881962
-0008,0342,1209,106,2024-12-30 04:49:35.897967
-0007,0350,1209,106,2024-12-30 04:49:35.913960
-0008,0347,1208,106,2024-12-30 04:49:35.929961
-0006,0350,1209,106,2024-12-30 04:49:35.945968
-0008,0352,1209,106,2024-12-30 04:49:35.961988
-0006,0354,1209,106,2024-12-30 04:49:35.993780
-0008,0352,1209,106,2024-12-30 04:49:36.009978
-0007,0363,1209,106,2024-12-30 04:49:36.025912
-0008,0350,1208,106,2024-12-30 04:49:36.041899
-0008,0359,1209,106,2024-12-30 04:49:36.057899
-0007,0353,1209,106,2024-12-30 04:49:36.073913
-0010,0350,1208,106,2024-12-30 04:49:36.089898
-0007,0346,1209,106,2024-12-30 04:49:36.105894
-0009,0352,1209,106,2024-12-30 04:49:36.121890
-0007,0354,1209,106,2024-12-30 04:49:36.153405
-0008,0344,1208,106,2024-12-30 04:49:36.170642
-0008,0345,1209,106,2024-12-30 04:49:36.185987
-0007,0350,1208,106,2024-12-30 04:49:36.201896
-0009,0349,1209,106,2024-12-30 04:49:36.217863
-0008,0355,1209,106,2024-12-30 04:49:36.233862
-0008,0347,1208,106,2024-12-30 04:49:36.249874
-0007,0353,1208,106,2024-12-30 04:49:36.265856
-0008,0344,1209,106,2024-12-30 04:49:36.281855
-0008,0355,1209,106,2024-12-30 04:49:36.297845
-0009,0352,1208,106,2024-12-30 04:49:36.329764
-0006,0351,1208,106,2024-12-30 04:49:36.345839
-0008,0342,1208,106,2024-12-30 04:49:36.361828
-0008,0346,1208,106,2024-12-30 04:49:36.377842
-0007,0347,1208,106,2024-12-30 04:49:36.393829
-0008,0351,1208,106,2024-12-30 04:49:36.409820
-0009,0347,1209,106,2024-12-30 04:49:36.425823
-0009,0350,1208,106,2024-12-30 04:49:36.441813
-0009,0345,1209,106,2024-12-30 04:49:36.457811
-0008,0349,1209,106,2024-12-30 04:49:36.489418
-0007,0346,1208,106,2024-12-30 04:49:36.505809
-0009,0343,1208,106,2024-12-30 04:49:36.521788
-0008,0352,1208,106,2024-12-30 04:49:36.537795
-0009,0347,1208,106,2024-12-30 04:49:36.553793
-0008,0355,1208,106,2024-12-30 04:49:36.569798
-0007,0354,1208,106,2024-12-30 04:49:36.585782
-0008,0357,1208,106,2024-12-30 04:49:36.601783
-0008,0353,1209,106,2024-12-30 04:49:36.617769
-0008,0347,1208,106,2024-12-30 04:49:36.633764
-0007,0352,1208,106,2024-12-30 04:49:36.665764
-0009,0350,1208,106,2024-12-30 04:49:36.681768
-0009,0349,1208,106,2024-12-30 04:49:36.697757
-0008,0345,1209,106,2024-12-30 04:49:36.713756
-0009,0352,1208,106,2024-12-30 04:49:36.729752
-0008,0350,1208,106,2024-12-30 04:49:36.745755
-0009,0354,1208,106,2024-12-30 04:49:36.761750
-0007,0347,1208,106,2024-12-30 04:49:36.777740
-0009,0357,1208,106,2024-12-30 04:49:36.793743
-0008,0351,1208,106,2024-12-30 04:49:36.825431
-0007,0354,1208,106,2024-12-30 04:49:36.841726
-0008,0349,1208,106,2024-12-30 04:49:36.857727
-0008,0350,1208,106,2024-12-30 04:49:36.873722
-0008,0352,1208,106,2024-12-30 04:49:36.889726
-0008,0350,1208,106,2024-12-30 04:49:36.905719
-0008,0350,1208,106,2024-12-30 04:49:36.921720
-0007,0344,1208,106,2024-12-30 04:49:36.937725
-0008,0347,1208,106,2024-12-30 04:49:36.953706
-0009,0347,1208,106,2024-12-30 04:49:36.985091
-0007,0348,1208,106,2024-12-30 04:49:37.001693
-0008,0350,1208,106,2024-12-30 04:49:37.017688
-0008,0345,1208,106,2024-12-30 04:49:37.033688
-0008,0348,1208,106,2024-12-30 04:49:37.049686
-0007,0344,1208,106,2024-12-30 04:49:37.065675
-0007,0347,1208,106,2024-12-30 04:49:37.081683
-0009,0343,1208,106,2024-12-30 04:49:37.097673
-0008,0359,1208,106,2024-12-30 04:49:37.113664
-0008,0355,1208,106,2024-12-30 04:49:37.129676
-0008,0350,1208,106,2024-12-30 04:49:37.161444
-0009,0353,1208,106,2024-12-30 04:49:37.177654
-0008,0350,1208,106,2024-12-30 04:49:37.193699
-0007,0344,1208,106,2024-12-30 04:49:37.209673
-0008,0353,1208,106,2024-12-30 04:49:37.225651
-0008,0345,1208,106,2024-12-30 04:49:37.241659
-0008,0350,1208,106,2024-12-30 04:49:37.257631
-0008,0358,1208,106,2024-12-30 04:49:37.273632
-0008,0346,1208,106,2024-12-30 04:49:37.289645
-0008,0343,1208,106,2024-12-30 04:49:37.321102
-0009,0346,1208,106,2024-12-30 04:49:37.337617
-0009,0346,1208,106,2024-12-30 04:49:37.353618
-0008,0347,1208,106,2024-12-30 04:49:37.369617
-0009,0346,1208,106,2024-12-30 04:49:37.385609
-0008,0353,1208,106,2024-12-30 04:49:37.401608
-0008,0348,1208,106,2024-12-30 04:49:37.417610
-0008,0355,1208,106,2024-12-30 04:49:37.433598
-0008,0353,1208,106,2024-12-30 04:49:37.449603
-0007,0353,1208,106,2024-12-30 04:49:37.465592
-0009,0355,1208,106,2024-12-30 04:49:37.497481
-0008,0352,1208,106,2024-12-30 04:49:37.513577
-0008,0352,1208,106,2024-12-30 04:49:37.529578
-0008,0344,1208,106,2024-12-30 04:49:37.545567
-0008,0351,1208,106,2024-12-30 04:49:37.561569
-0008,0357,1208,106,2024-12-30 04:49:37.577568
-0008,0350,1208,106,2024-12-30 04:49:37.593567
-0009,0348,1208,106,2024-12-30 04:49:37.609563
-0008,0348,1208,106,2024-12-30 04:49:37.625553
-0007,0346,1208,106,2024-12-30 04:49:37.657116
-0008,0346,1208,106,2024-12-30 04:49:37.673565
-0008,0350,1208,106,2024-12-30 04:49:37.689536
-0009,0349,1208,106,2024-12-30 04:49:37.705543
-0007,0342,1208,106,2024-12-30 04:49:37.721548
-0008,0350,1208,106,2024-12-30 04:49:37.737531
-0007,0349,1208,106,2024-12-30 04:49:37.753540
-0008,0357,1208,106,2024-12-30 04:49:37.769528
-0008,0343,1208,106,2024-12-30 04:49:37.785532
-0007,0348,1208,106,2024-12-30 04:49:37.801523
-0007,0352,1208,106,2024-12-30 04:49:37.833494
-0007,0348,1208,106,2024-12-30 04:49:37.849513
-0009,0355,1208,106,2024-12-30 04:49:37.865511
-0008,0348,1208,106,2024-12-30 04:49:37.881501
-0008,0356,1208,106,2024-12-30 04:49:37.897503
-0008,0354,1208,106,2024-12-30 04:49:37.913493
-0009,0345,1208,106,2024-12-30 04:49:37.929494
-0007,0349,1208,106,2024-12-30 04:49:37.945487
-0008,0347,1208,106,2024-12-30 04:49:37.961485
-0008,0346,1208,106,2024-12-30 04:49:37.993137
-0008,0350,1208,106,2024-12-30 04:49:38.009479
-0007,0353,1208,106,2024-12-30 04:49:38.025477
-0008,0348,1208,106,2024-12-30 04:49:38.041463
-0008,0340,1208,106,2024-12-30 04:49:38.057464
-0009,0350,1208,106,2024-12-30 04:49:38.073462
-0009,0351,1208,106,2024-12-30 04:49:38.089459
-0008,0355,1208,106,2024-12-30 04:49:38.105450
-0008,0344,1208,106,2024-12-30 04:49:38.121453
-0007,0357,1208,106,2024-12-30 04:49:38.152782
-0007,0351,1208,106,2024-12-30 04:49:38.169430
-0008,0349,1208,106,2024-12-30 04:49:38.185443
-0008,0350,1208,106,2024-12-30 04:49:38.201428
-0008,0352,1208,106,2024-12-30 04:49:38.217436
-0009,0355,1208,106,2024-12-30 04:49:38.233429
-0008,0353,1208,106,2024-12-30 04:49:38.249435
-0007,0354,1208,106,2024-12-30 04:49:38.265424
-0008,0356,1208,106,2024-12-30 04:49:38.281418
-0008,0350,1208,106,2024-12-30 04:49:38.297418
-0007,0353,1208,106,2024-12-30 04:49:38.329141
-0007,0348,1208,106,2024-12-30 04:49:38.345403
-0008,0356,1208,106,2024-12-30 04:49:38.361400
-0006,0352,1208,106,2024-12-30 04:49:38.377390
-0008,0351,1208,106,2024-12-30 04:49:38.393393
-0007,0349,1208,106,2024-12-30 04:49:38.409402
-0008,0348,1208,106,2024-12-30 04:49:38.425382
-0008,0352,1208,106,2024-12-30 04:49:38.441389
-0007,0355,1208,106,2024-12-30 04:49:38.457376
-0007,0360,1208,106,2024-12-30 04:49:38.488775
-0008,0349,1208,106,2024-12-30 04:49:38.505374
-0007,0351,1208,106,2024-12-30 04:49:38.521372
-0010,0345,1208,106,2024-12-30 04:49:38.537357
-0008,0350,1208,106,2024-12-30 04:49:38.553358
-0007,0348,1208,106,2024-12-30 04:49:38.569354
-0008,0347,1208,106,2024-12-30 04:49:38.585348
-0007,0355,1208,106,2024-12-30 04:49:38.601343
-0008,0350,1208,106,2024-12-30 04:49:38.617336
-0008,0347,1208,106,2024-12-30 04:49:38.633340
-0008,0350,1208,106,2024-12-30 04:49:38.665186
-0008,0347,1208,106,2024-12-30 04:49:38.681321
-0008,0349,1208,106,2024-12-30 04:49:38.697327
-0008,0347,1208,106,2024-12-30 04:49:38.713319
-0008,0348,1208,106,2024-12-30 04:49:38.729315
-0007,0348,1208,106,2024-12-30 04:49:38.745324
-0008,0347,1208,106,2024-12-30 04:49:38.761321
-0008,0349,1208,106,2024-12-30 04:49:38.777317
-0008,0349,1208,106,2024-12-30 04:49:38.793322
-0008,0352,1208,106,2024-12-30 04:49:38.824834
-0009,0357,1208,106,2024-12-30 04:49:38.841329
-0008,0347,1208,106,2024-12-30 04:49:38.857333
-0008,0351,1208,106,2024-12-30 04:49:38.873334
-0008,0351,1208,106,2024-12-30 04:49:38.889337
-0008,0349,1208,106,2024-12-30 04:49:38.905333
-0008,0348,1208,106,2024-12-30 04:49:38.921336
-0006,0347,1208,106,2024-12-30 04:49:38.937340
-0007,0344,1208,106,2024-12-30 04:49:38.953271
-0008,0343,1208,106,2024-12-30 04:49:38.969272
-0009,0350,1208,106,2024-12-30 04:49:39.001186
-0008,0349,1208,106,2024-12-30 04:49:39.017261
-0007,0352,1208,106,2024-12-30 04:49:39.033263
-0006,0352,1208,106,2024-12-30 04:49:39.049249
-0008,0347,1207,106,2024-12-30 04:49:39.065251
-0008,0353,1208,106,2024-12-30 04:49:39.081243
-0008,0345,1208,106,2024-12-30 04:49:39.097235
-0008,0345,1208,106,2024-12-30 04:49:39.113238
-0008,0351,1208,106,2024-12-30 04:49:39.129243
-0008,0348,1207,106,2024-12-30 04:49:39.160839
-0007,0346,1208,106,2024-12-30 04:49:39.177229
-0009,0353,1208,106,2024-12-30 04:49:39.193219
-0008,0355,1208,106,2024-12-30 04:49:39.209210
-0009,0347,1208,106,2024-12-30 04:49:39.225214
-0007,0348,1208,106,2024-12-30 04:49:39.241221
-0008,0345,1208,106,2024-12-30 04:49:39.257214
-0009,0344,1208,106,2024-12-30 04:49:39.273200
-0008,0353,1208,106,2024-12-30 04:49:39.289202
-0008,0349,1208,106,2024-12-30 04:49:39.305190
-0008,0351,1208,106,2024-12-30 04:49:39.337188
-0008,0348,1208,106,2024-12-30 04:49:39.353183
-0008,0350,1208,106,2024-12-30 04:49:39.369186
-0008,0352,1208,106,2024-12-30 04:49:39.385175
-0009,0348,1208,106,2024-12-30 04:49:39.401175
-0008,0361,1208,106,2024-12-30 04:49:39.417174
-0007,0353,1208,106,2024-12-30 04:49:39.433172
-0008,0346,1208,106,2024-12-30 04:49:39.449165
-0008,0346,1207,106,2024-12-30 04:49:39.465167
-0008,0354,1208,106,2024-12-30 04:49:39.496864
-0008,0352,1208,106,2024-12-30 04:49:39.513162
-0009,0348,1208,106,2024-12-30 04:49:39.529148
-0008,0349,1208,106,2024-12-30 04:49:39.545136
-0009,0350,1208,106,2024-12-30 04:49:39.561139
-0008,0355,1208,106,2024-12-30 04:49:39.577132
-0008,0352,1208,106,2024-12-30 04:49:39.593131
-0009,0351,1207,106,2024-12-30 04:49:39.609128
-0007,0347,1208,106,2024-12-30 04:49:39.625135
-0007,0349,1207,106,2024-12-30 04:49:39.656491
-0008,0356,1208,106,2024-12-30 04:49:39.673122
-0008,0349,1207,106,2024-12-30 04:49:39.689105
-0008,0348,1207,106,2024-12-30 04:49:39.705113
-0007,0351,1208,106,2024-12-30 04:49:39.721106
-0008,0355,1208,106,2024-12-30 04:49:39.737111
-0009,0349,1208,106,2024-12-30 04:49:39.753103
-0008,0352,1207,106,2024-12-30 04:49:39.769104
-0007,0349,1207,106,2024-12-30 04:49:39.785094
-0009,0348,1208,106,2024-12-30 04:49:39.801093
-0009,0348,1207,106,2024-12-30 04:49:39.832886
-0009,0347,1208,106,2024-12-30 04:49:39.849078
-0009,0352,1208,106,2024-12-30 04:49:39.865078
-0009,0348,1208,106,2024-12-30 04:49:39.881084
-0009,0347,1208,106,2024-12-30 04:49:39.897066
-0008,0349,1208,106,2024-12-30 04:49:39.913071
-0009,0349,1208,106,2024-12-30 04:49:39.929061
-0009,0348,1208,106,2024-12-30 04:49:39.945066
-0009,0355,1207,106,2024-12-30 04:49:39.961059
-0009,0349,1207,106,2024-12-30 04:49:39.992525
-0010,0346,1208,106,2024-12-30 04:49:40.009041
-0008,0348,1207,106,2024-12-30 04:49:40.025042
-0008,0346,1208,106,2024-12-30 04:49:40.041036
-0008,0354,1208,106,2024-12-30 04:49:40.057038
-0009,0348,1207,106,2024-12-30 04:49:40.073025
-0009,0345,1207,106,2024-12-30 04:49:40.089028
-0007,0357,1207,106,2024-12-30 04:49:40.105027
-0008,0346,1207,106,2024-12-30 04:49:40.121015
-0008,0348,1208,106,2024-12-30 04:49:40.137019
-0010,0355,1207,106,2024-12-30 04:49:40.168918
-0007,0348,1207,106,2024-12-30 04:49:40.185003
-0009,0345,1207,106,2024-12-30 04:49:40.201006
-0008,0352,1208,106,2024-12-30 04:49:40.216997
-0008,0349,1207,106,2024-12-30 04:49:40.233003
-0009,0353,1207,106,2024-12-30 04:49:40.249016
-0008,0343,1207,106,2024-12-30 04:49:40.265015
-0008,0350,1207,106,2024-12-30 04:49:40.280996
-0009,0355,1207,106,2024-12-30 04:49:40.296984
-0008,0353,1207,106,2024-12-30 04:49:40.328556
-0009,0351,1207,106,2024-12-30 04:49:40.344979
-0009,0349,1207,106,2024-12-30 04:49:40.360973
-0008,0361,1207,106,2024-12-30 04:49:40.376962
-0008,0351,1207,106,2024-12-30 04:49:40.392969
-0009,0348,1207,106,2024-12-30 04:49:40.408957
-0007,0351,1208,106,2024-12-30 04:49:40.424958
-0008,0351,1207,106,2024-12-30 04:49:40.440952
-0008,0349,1207,106,2024-12-30 04:49:40.456954
-0008,0352,1207,106,2024-12-30 04:49:40.472946
-0007,0351,1207,106,2024-12-30 04:49:40.504942
-0007,0351,1207,106,2024-12-30 04:49:40.520930
-0008,0351,1208,106,2024-12-30 04:49:40.536942
-0008,0351,1207,106,2024-12-30 04:49:40.552932
-0008,0348,1207,106,2024-12-30 04:49:40.568927
-0009,0348,1207,106,2024-12-30 04:49:40.584920
-0007,0349,1207,106,2024-12-30 04:49:40.600924
-0009,0352,1207,106,2024-12-30 04:49:40.616926
-0009,0342,1207,106,2024-12-30 04:49:40.632925
-0007,0357,1207,106,2024-12-30 04:49:40.664565
-0007,0355,1207,106,2024-12-30 04:49:40.680897
-0007,0356,1207,106,2024-12-30 04:49:40.696890
-0008,0354,1207,106,2024-12-30 04:49:40.712896
-0008,0357,1207,106,2024-12-30 04:49:40.728898
-0006,0350,1207,106,2024-12-30 04:49:40.744889
-0007,0355,1207,106,2024-12-30 04:49:40.760888
-0007,0346,1207,106,2024-12-30 04:49:40.776878
-0008,0348,1207,106,2024-12-30 04:49:40.792879
-0008,0344,1207,106,2024-12-30 04:49:40.824223
-0008,0343,1207,106,2024-12-30 04:49:40.840863
-0007,0350,1207,106,2024-12-30 04:49:40.856857
-0009,0355,1207,106,2024-12-30 04:49:40.872860
-0007,0351,1207,106,2024-12-30 04:49:40.888856
-0008,0345,1207,106,2024-12-30 04:49:40.904856
-0008,0357,1208,106,2024-12-30 04:49:40.920846
-0009,0338,1207,106,2024-12-30 04:49:40.936852
-0007,0358,1207,106,2024-12-30 04:49:40.952839
-0008,0345,1208,106,2024-12-30 04:49:40.968847
-0008,0350,1207,106,2024-12-30 04:49:41.000599
-0009,0357,1207,106,2024-12-30 04:49:41.016829
-0009,0349,1207,106,2024-12-30 04:49:41.032816
-0008,0353,1207,106,2024-12-30 04:49:41.048818
-0009,0356,1207,106,2024-12-30 04:49:41.064818
-0008,0346,1207,106,2024-12-30 04:49:41.080822
-0009,0346,1207,106,2024-12-30 04:49:41.096815
-0007,0348,1207,106,2024-12-30 04:49:41.112819
-0008,0346,1207,106,2024-12-30 04:49:41.128808
-0008,0350,1207,106,2024-12-30 04:49:41.160237
-0009,0348,1207,106,2024-12-30 04:49:41.176792
-0007,0353,1207,106,2024-12-30 04:49:41.192791
-0007,0349,1207,106,2024-12-30 04:49:41.208785
-0009,0351,1207,106,2024-12-30 04:49:41.224783
-0008,0356,1207,106,2024-12-30 04:49:41.240793
-0007,0351,1207,106,2024-12-30 04:49:41.256783
-0007,0346,1207,106,2024-12-30 04:49:41.272773
-0007,0352,1207,106,2024-12-30 04:49:41.288768
-0008,0345,1207,106,2024-12-30 04:49:41.304777
-0009,0353,1207,106,2024-12-30 04:49:41.336620
-0008,0350,1208,106,2024-12-30 04:49:41.352766
-0009,0350,1207,106,2024-12-30 04:49:41.368767
-0009,0348,1207,106,2024-12-30 04:49:41.384754
-0009,0347,1207,106,2024-12-30 04:49:41.400739
-0007,0354,1207,106,2024-12-30 04:49:41.416744
-0009,0355,1207,106,2024-12-30 04:49:41.432740
-0008,0348,1207,106,2024-12-30 04:49:41.448740
-0007,0351,1207,106,2024-12-30 04:49:41.464741
-0007,0350,1207,106,2024-12-30 04:49:41.496264
-0008,0347,1207,106,2024-12-30 04:49:41.512729
-0008,0345,1207,106,2024-12-30 04:49:41.528714
-0008,0348,1207,106,2024-12-30 04:49:41.544710
-0008,0354,1207,106,2024-12-30 04:49:41.560718
-0008,0343,1207,106,2024-12-30 04:49:41.576705
-0008,0351,1207,106,2024-12-30 04:49:41.592698
-0006,0349,1207,106,2024-12-30 04:49:41.608697
-0008,0349,1207,106,2024-12-30 04:49:41.624703
-0008,0346,1207,106,2024-12-30 04:49:41.640692
-0007,0355,1207,106,2024-12-30 04:49:41.672644
-0008,0349,1207,106,2024-12-30 04:49:41.688678
-0007,0343,1207,106,2024-12-30 04:49:41.704681
-0007,0349,1207,106,2024-12-30 04:49:41.720678
-0009,0351,1207,106,2024-12-30 04:49:41.736682
-0008,0343,1207,106,2024-12-30 04:49:41.752686
-0008,0346,1207,106,2024-12-30 04:49:41.768685
-0008,0352,1207,106,2024-12-30 04:49:41.784687
-0008,0348,1207,106,2024-12-30 04:49:41.800688
-0010,0346,1207,106,2024-12-30 04:49:41.832293
-0009,0356,1207,106,2024-12-30 04:49:41.848698
-0009,0353,1207,106,2024-12-30 04:49:41.864691
-0008,0356,1207,106,2024-12-30 04:49:41.880698
-0008,0344,1207,106,2024-12-30 04:49:41.896708
-0009,0344,1207,106,2024-12-30 04:49:41.912631
-0010,0348,1207,106,2024-12-30 04:49:41.928632
-0009,0349,1207,106,2024-12-30 04:49:41.944625
-0007,0348,1207,106,2024-12-30 04:49:41.960627
-0008,0347,1207,106,2024-12-30 04:49:41.976620
-0008,0351,1207,106,2024-12-30 04:49:42.008613
-0008,0346,1207,106,2024-12-30 04:49:42.024615
-0007,0352,1207,106,2024-12-30 04:49:42.040607
-0007,0355,1207,106,2024-12-30 04:49:42.056601
-0008,0347,1207,106,2024-12-30 04:49:42.072603
-0008,0349,1207,106,2024-12-30 04:49:42.088603
-0008,0350,1207,106,2024-12-30 04:49:42.104590
-0007,0353,1207,106,2024-12-30 04:49:42.120586
-0010,0352,1207,106,2024-12-30 04:49:42.136584
-0009,0353,1207,106,2024-12-30 04:49:42.168301
-0008,0351,1207,106,2024-12-30 04:49:42.184578
-0007,0349,1207,106,2024-12-30 04:49:42.200575
-0009,0353,1207,106,2024-12-30 04:49:42.216574
-0008,0351,1207,106,2024-12-30 04:49:42.232566
-0008,0353,1207,106,2024-12-30 04:49:42.248579
-0008,0341,1207,106,2024-12-30 04:49:42.264560
-0007,0357,1207,106,2024-12-30 04:49:42.280550
-0008,0346,1207,106,2024-12-30 04:49:42.296555
-0008,0346,1207,106,2024-12-30 04:49:42.327937
-0009,0348,1207,106,2024-12-30 04:49:42.344552
-0008,0356,1206,106,2024-12-30 04:49:42.360541
-0008,0355,1207,106,2024-12-30 04:49:42.376545
-0008,0344,1207,106,2024-12-30 04:49:42.392529
-0009,0350,1207,106,2024-12-30 04:49:42.408533
-0008,0349,1207,106,2024-12-30 04:49:42.424526
-0008,0353,1207,106,2024-12-30 04:49:42.440526
-0007,0348,1207,106,2024-12-30 04:49:42.456529
-0006,0351,1207,106,2024-12-30 04:49:42.472514
-0009,0343,1207,106,2024-12-30 04:49:42.504335
-0009,0352,1207,106,2024-12-30 04:49:42.520509
-0008,0347,1207,106,2024-12-30 04:49:42.536499
-0008,0343,1207,106,2024-12-30 04:49:42.552498
-0008,0347,1207,106,2024-12-30 04:49:42.568498
-0008,0347,1207,106,2024-12-30 04:49:42.584486
-0008,0343,1207,106,2024-12-30 04:49:42.600487
-0008,0351,1207,106,2024-12-30 04:49:42.616476
-0008,0350,1207,106,2024-12-30 04:49:42.632490
-0008,0346,1207,106,2024-12-30 04:49:42.663966
-0009,0347,1207,106,2024-12-30 04:49:42.680472
-0008,0342,1207,106,2024-12-30 04:49:42.696472
-0007,0353,1207,106,2024-12-30 04:49:42.712464
-0008,0350,1207,106,2024-12-30 04:49:42.728465
-0008,0352,1207,106,2024-12-30 04:49:42.744466
-0009,0351,1207,106,2024-12-30 04:49:42.760452
-0008,0348,1207,106,2024-12-30 04:49:42.776452
-0008,0345,1207,106,2024-12-30 04:49:42.792449
-0007,0349,1207,106,2024-12-30 04:49:42.808448
-0007,0345,1207,106,2024-12-30 04:49:42.840342
-0009,0343,1207,106,2024-12-30 04:49:42.856436
-0008,0343,1206,106,2024-12-30 04:49:42.872429
-0008,0356,1207,106,2024-12-30 04:49:42.888426
-0009,0348,1207,106,2024-12-30 04:49:42.904418
-0007,0351,1207,106,2024-12-30 04:49:42.920423
-0008,0349,1207,106,2024-12-30 04:49:42.936421
-0007,0350,1206,106,2024-12-30 04:49:42.952407
-0008,0351,1207,106,2024-12-30 04:49:42.968413
-0008,0349,1206,106,2024-12-30 04:49:42.999980
-0009,0347,1206,106,2024-12-30 04:49:43.016401
-0007,0352,1207,106,2024-12-30 04:49:43.032395
-0007,0355,1206,106,2024-12-30 04:49:43.048388
-0008,0347,1207,106,2024-12-30 04:49:43.064386
-0008,0358,1207,106,2024-12-30 04:49:43.080388
-0008,0347,1207,106,2024-12-30 04:49:43.096375
-0007,0348,1207,106,2024-12-30 04:49:43.112380
-0008,0349,1207,106,2024-12-30 04:49:43.128369
-0008,0349,1207,106,2024-12-30 04:49:43.144372
-0008,0349,1207,106,2024-12-30 04:49:43.176373
-0008,0352,1206,106,2024-12-30 04:49:43.192373
-0007,0360,1207,106,2024-12-30 04:49:43.208358
-0007,0354,1207,106,2024-12-30 04:49:43.224360
-0009,0354,1206,106,2024-12-30 04:49:43.240361
-0009,0351,1207,106,2024-12-30 04:49:43.256360
-0009,0345,1206,106,2024-12-30 04:49:43.272349
-0008,0349,1207,106,2024-12-30 04:49:43.288336
-0008,0351,1206,106,2024-12-30 04:49:43.304340
-0009,0348,1207,106,2024-12-30 04:49:43.335996
-0008,0357,1206,106,2024-12-30 04:49:43.352320
-0009,0348,1206,106,2024-12-30 04:49:43.368319
-0009,0349,1206,106,2024-12-30 04:49:43.384314
-0007,0345,1207,106,2024-12-30 04:49:43.400303
-0006,0347,1206,106,2024-12-30 04:49:43.416313
-0007,0349,1207,106,2024-12-30 04:49:43.432312
-0008,0346,1206,106,2024-12-30 04:49:43.448310
-0008,0346,1206,106,2024-12-30 04:49:43.464306
-0008,0351,1207,106,2024-12-30 04:49:43.495622
-0008,0349,1206,106,2024-12-30 04:49:43.512291
-0006,0345,1206,106,2024-12-30 04:49:43.528286
-0007,0346,1207,106,2024-12-30 04:49:43.544293
-0008,0350,1207,106,2024-12-30 04:49:43.560292
-0009,0351,1206,106,2024-12-30 04:49:43.576271
-0007,0348,1206,106,2024-12-30 04:49:43.592266
-0007,0347,1207,106,2024-12-30 04:49:43.608263
-0008,0349,1206,106,2024-12-30 04:49:43.624260
-0008,0345,1206,106,2024-12-30 04:49:43.640260
-0009,0353,1206,106,2024-12-30 04:49:43.672009
-0007,0350,1206,106,2024-12-30 04:49:43.688253
-0009,0346,1206,106,2024-12-30 04:49:43.704261
-0009,0348,1206,106,2024-12-30 04:49:43.720263
-0008,0352,1206,106,2024-12-30 04:49:43.736245
-0008,0351,1207,106,2024-12-30 04:49:43.752240
-0009,0348,1206,106,2024-12-30 04:49:43.768235
-0009,0348,1206,106,2024-12-30 04:49:43.784229
-0009,0350,1207,106,2024-12-30 04:49:43.800223
-0008,0350,1206,106,2024-12-30 04:49:43.831654
-0007,0351,1207,106,2024-12-30 04:49:43.848220
-0007,0349,1206,106,2024-12-30 04:49:43.864213
-0008,0350,1206,106,2024-12-30 04:49:43.880211
-0007,0354,1206,106,2024-12-30 04:49:43.896202
-0007,0347,1207,106,2024-12-30 04:49:43.912211
-0008,0347,1206,106,2024-12-30 04:49:43.928205
-0009,0350,1206,106,2024-12-30 04:49:43.944190
-0008,0348,1206,106,2024-12-30 04:49:43.960189
-0009,0348,1206,106,2024-12-30 04:49:43.976185
-0008,0345,1206,106,2024-12-30 04:49:44.008041
-0007,0350,1206,106,2024-12-30 04:49:44.024176
-0008,0350,1206,106,2024-12-30 04:49:44.040181
-0008,0345,1206,106,2024-12-30 04:49:44.056161
-0008,0353,1207,106,2024-12-30 04:49:44.072167
-0006,0354,1207,106,2024-12-30 04:49:44.088159
-0007,0342,1207,106,2024-12-30 04:49:44.104160
-0007,0345,1206,106,2024-12-30 04:49:44.120157
-0008,0350,1206,106,2024-12-30 04:49:44.136155
-0008,0352,1206,106,2024-12-30 04:49:44.167683
-0009,0348,1206,106,2024-12-30 04:49:44.184146
-0008,0344,1206,106,2024-12-30 04:49:44.200143
-0008,0351,1206,106,2024-12-30 04:49:44.216135
-0006,0349,1206,106,2024-12-30 04:49:44.232133
-0008,0348,1206,106,2024-12-30 04:49:44.248145
-0009,0344,1206,106,2024-12-30 04:49:44.264125
-0008,0353,1207,106,2024-12-30 04:49:44.280129
-0009,0349,1206,106,2024-12-30 04:49:44.296132
-0007,0348,1206,106,2024-12-30 04:49:44.312136
-0009,0341,1206,106,2024-12-30 04:49:44.344083
-0009,0351,1206,106,2024-12-30 04:49:44.360107
-0008,0339,1206,106,2024-12-30 04:49:44.376098
-0008,0345,1206,106,2024-12-30 04:49:44.392098
-0006,0345,1206,106,2024-12-30 04:49:44.408098
-0008,0340,1206,106,2024-12-30 04:49:44.424098
-0007,0351,1206,106,2024-12-30 04:49:44.440089
-0008,0350,1206,106,2024-12-30 04:49:44.456077
-0008,0343,1206,106,2024-12-30 04:49:44.472081
-0008,0350,1206,106,2024-12-30 04:49:44.503712
-0009,0350,1206,106,2024-12-30 04:49:44.520068
-0008,0345,1206,106,2024-12-30 04:49:44.536064
-0009,0349,1206,106,2024-12-30 04:49:44.552062
-0009,0349,1206,106,2024-12-30 04:49:44.568062
-0008,0344,1206,106,2024-12-30 04:49:44.584051
-0008,0354,1206,106,2024-12-30 04:49:44.600058
-0008,0353,1206,106,2024-12-30 04:49:44.616047
-0007,0350,1207,106,2024-12-30 04:49:44.632041
-0008,0345,1206,106,2024-12-30 04:49:44.648043
-0009,0350,1206,106,2024-12-30 04:49:44.680049
-0007,0354,1206,106,2024-12-30 04:49:44.696044
-0008,0353,1206,106,2024-12-30 04:49:44.712044
-0009,0344,1206,106,2024-12-30 04:49:44.728051
-0007,0351,1206,106,2024-12-30 04:49:44.744057
-0009,0346,1206,106,2024-12-30 04:49:44.760060
-0008,0341,1206,106,2024-12-30 04:49:44.776055
-0009,0345,1206,106,2024-12-30 04:49:44.792059
-0007,0346,1206,106,2024-12-30 04:49:44.808062
-0008,0352,1206,106,2024-12-30 04:49:44.839766
-0010,0349,1206,106,2024-12-30 04:49:44.855990
-0007,0347,1206,106,2024-12-30 04:49:44.871990
-0008,0346,1206,106,2024-12-30 04:49:44.887991
-0008,0351,1206,106,2024-12-30 04:49:44.903983
-0008,0345,1206,106,2024-12-30 04:49:44.919985
-0009,0350,1206,106,2024-12-30 04:49:44.935976
-0007,0354,1206,106,2024-12-30 04:49:44.951974
-0008,0352,1206,106,2024-12-30 04:49:44.967973
-0007,0348,1206,106,2024-12-30 04:49:44.999371
-0007,0349,1206,106,2024-12-30 04:49:45.015962
-0009,0342,1206,106,2024-12-30 04:49:45.031967
-0008,0350,1206,106,2024-12-30 04:49:45.047950
-0008,0351,1206,106,2024-12-30 04:49:45.063950
-0008,0341,1206,106,2024-12-30 04:49:45.079949
-0008,0346,1206,106,2024-12-30 04:49:45.095939
-0009,0341,1206,106,2024-12-30 04:49:45.111937
-0009,0353,1206,106,2024-12-30 04:49:45.127945
-0008,0349,1206,106,2024-12-30 04:49:45.143939
-0008,0349,1206,106,2024-12-30 04:49:45.175751
-0009,0351,1206,106,2024-12-30 04:49:45.191920
-0008,0347,1206,106,2024-12-30 04:49:45.207910
-0009,0348,1206,106,2024-12-30 04:49:45.223911
-0007,0345,1206,106,2024-12-30 04:49:45.239917
-0008,0350,1206,106,2024-12-30 04:49:45.255910
-0007,0348,1206,106,2024-12-30 04:49:45.271904
-0008,0350,1206,106,2024-12-30 04:49:45.287902
-0008,0348,1206,106,2024-12-30 04:49:45.303909
-0008,0349,1206,106,2024-12-30 04:49:45.335385
-0008,0345,1206,106,2024-12-30 04:49:45.351895
-0009,0346,1206,106,2024-12-30 04:49:45.367880
-0008,0347,1206,106,2024-12-30 04:49:45.383905
-0007,0349,1206,106,2024-12-30 04:49:45.399892
-0009,0347,1206,106,2024-12-30 04:49:45.415870
-0009,0349,1206,106,2024-12-30 04:49:45.431874
-0009,0350,1206,106,2024-12-30 04:49:45.447862
-0009,0344,1206,106,2024-12-30 04:49:45.463856
-0007,0347,1206,106,2024-12-30 04:49:45.479859
-0008,0348,1206,106,2024-12-30 04:49:45.511799
-0008,0349,1206,106,2024-12-30 04:49:45.527849
-0008,0353,1206,106,2024-12-30 04:49:45.543845
-0008,0350,1206,106,2024-12-30 04:49:45.559847
-0008,0346,1206,106,2024-12-30 04:49:45.575830
-0008,0342,1206,106,2024-12-30 04:49:45.591836
-0009,0346,1206,106,2024-12-30 04:49:45.607832
-0007,0352,1206,106,2024-12-30 04:49:45.623826
-0008,0343,1206,106,2024-12-30 04:49:45.639824
-0009,0343,1206,106,2024-12-30 04:49:45.671412
-0007,0339,1206,106,2024-12-30 04:49:45.687810
-0008,0353,1206,106,2024-12-30 04:49:45.703809
-0008,0343,1206,106,2024-12-30 04:49:45.719804
-0008,0349,1206,106,2024-12-30 04:49:45.735802
-0007,0345,1206,106,2024-12-30 04:49:45.751807
-0008,0351,1206,106,2024-12-30 04:49:45.767794
-0008,0351,1206,106,2024-12-30 04:49:45.783791
-0008,0344,1206,106,2024-12-30 04:49:45.799783
-0008,0356,1206,106,2024-12-30 04:49:45.815783
-0009,0348,1206,106,2024-12-30 04:49:45.847778
-0009,0348,1206,106,2024-12-30 04:49:45.863783
-0007,0350,1206,106,2024-12-30 04:49:45.879782
-0009,0345,1206,106,2024-12-30 04:49:45.895768
-0007,0344,1206,106,2024-12-30 04:49:45.911758
-0008,0347,1206,106,2024-12-30 04:49:45.927757
-0008,0350,1206,106,2024-12-30 04:49:45.943751
-0008,0345,1206,106,2024-12-30 04:49:45.959760
-0008,0341,1206,106,2024-12-30 04:49:45.975756
-0008,0343,1206,106,2024-12-30 04:49:46.007422
-0009,0344,1206,106,2024-12-30 04:49:46.023744
-0008,0347,1206,106,2024-12-30 04:49:46.039740
-0008,0352,1206,106,2024-12-30 04:49:46.055742
-0009,0352,1206,106,2024-12-30 04:49:46.071734
-0007,0351,1206,106,2024-12-30 04:49:46.087726
-0007,0342,1206,106,2024-12-30 04:49:46.103728
-0008,0348,1206,106,2024-12-30 04:49:46.119729
-0008,0345,1206,106,2024-12-30 04:49:46.135717
-0007,0343,1206,106,2024-12-30 04:49:46.167077
-0008,0346,1206,106,2024-12-30 04:49:46.183710
-0007,0345,1206,106,2024-12-30 04:49:46.199704
-0009,0356,1206,106,2024-12-30 04:49:46.215703
-0010,0345,1206,106,2024-12-30 04:49:46.231697
-0009,0343,1206,106,2024-12-30 04:49:46.247722
-0008,0344,1206,106,2024-12-30 04:49:46.263691
-0008,0348,1206,106,2024-12-30 04:49:46.279682
-0007,0348,1205,106,2024-12-30 04:49:46.295682
-0007,0356,1206,106,2024-12-30 04:49:46.311679
-0008,0345,1206,106,2024-12-30 04:49:46.343458
-0008,0350,1206,106,2024-12-30 04:49:46.359673
-0008,0343,1206,106,2024-12-30 04:49:46.375668
-0008,0346,1206,106,2024-12-30 04:49:46.391657
-0007,0346,1206,106,2024-12-30 04:49:46.407658
-0008,0352,1206,106,2024-12-30 04:49:46.423647
-0007,0353,1206,106,2024-12-30 04:49:46.439650
-0009,0344,1206,106,2024-12-30 04:49:46.455646
-0008,0347,1205,106,2024-12-30 04:49:46.471642
-0006,0367,1206,106,2024-12-30 04:49:46.503091
-0009,0346,1206,106,2024-12-30 04:49:46.519634
-0009,0340,1206,106,2024-12-30 04:49:46.535625
-0009,0347,1205,106,2024-12-30 04:49:46.551626
-0008,0364,1206,106,2024-12-30 04:49:46.567620
-0008,0346,1206,106,2024-12-30 04:49:46.583619
-0008,0346,1206,106,2024-12-30 04:49:46.599616
-0010,0346,1206,106,2024-12-30 04:49:46.615607
-0009,0350,1206,106,2024-12-30 04:49:46.631608
-0009,0348,1206,106,2024-12-30 04:49:46.647604
-0008,0346,1206,106,2024-12-30 04:49:46.679470
-0008,0354,1205,106,2024-12-30 04:49:46.695597
-0007,0362,1206,106,2024-12-30 04:49:46.711588
-0008,0348,1205,106,2024-12-30 04:49:46.727592
-0008,0355,1206,106,2024-12-30 04:49:46.743585
-0008,0349,1206,106,2024-12-30 04:49:46.759573
-0009,0340,1206,106,2024-12-30 04:49:46.775582
-0008,0352,1206,106,2024-12-30 04:49:46.791573
-0008,0344,1205,106,2024-12-30 04:49:46.807577
-0007,0359,1205,106,2024-12-30 04:49:46.839111
-0007,0362,1206,106,2024-12-30 04:49:46.855573
-0009,0352,1206,106,2024-12-30 04:49:46.871578
-0008,0349,1206,106,2024-12-30 04:49:46.887560
-0008,0344,1205,106,2024-12-30 04:49:46.903553
-0007,0358,1206,106,2024-12-30 04:49:46.919554
-0008,0352,1205,106,2024-12-30 04:49:46.935547
-0008,0357,1206,106,2024-12-30 04:49:46.951536
-0007,0342,1205,106,2024-12-30 04:49:46.967543
-0007,0352,1206,106,2024-12-30 04:49:46.983526
-0008,0351,1206,106,2024-12-30 04:49:47.015500
-0008,0354,1205,106,2024-12-30 04:49:47.031525
-0007,0355,1206,106,2024-12-30 04:49:47.047515
-0009,0349,1206,106,2024-12-30 04:49:47.063521
-0007,0352,1206,106,2024-12-30 04:49:47.079507
-0008,0343,1205,106,2024-12-30 04:49:47.095505
-0008,0373,1206,106,2024-12-30 04:49:47.111506
-0008,0337,1206,106,2024-12-30 04:49:47.127497
-0007,0351,1206,106,2024-12-30 04:49:47.143504
-0008,0344,1206,106,2024-12-30 04:49:47.175139
-0008,0341,1205,106,2024-12-30 04:49:47.191483
-0006,0362,1205,106,2024-12-30 04:49:47.207488
-0008,0363,1205,106,2024-12-30 04:49:47.223488
-0006,0365,1206,106,2024-12-30 04:49:47.239482
-0006,0345,1205,106,2024-12-30 04:49:47.255474
-0008,0358,1206,106,2024-12-30 04:49:47.271463
-0009,0344,1205,106,2024-12-30 04:49:47.287467
-0008,0357,1206,106,2024-12-30 04:49:47.303458
-0008,0349,1206,106,2024-12-30 04:49:47.334771
-0008,0347,1206,106,2024-12-30 04:49:47.351465
-0007,0342,1206,106,2024-12-30 04:49:47.367449
-0010,0342,1206,106,2024-12-30 04:49:47.383437
-0009,0351,1205,106,2024-12-30 04:49:47.399440
-0007,0368,1205,106,2024-12-30 04:49:47.415432
-0009,0364,1205,106,2024-12-30 04:49:47.431430
-0008,0364,1206,106,2024-12-30 04:49:47.447427
-0008,0349,1205,106,2024-12-30 04:49:47.463432
-0007,0357,1206,106,2024-12-30 04:49:47.479424
-0008,0353,1206,106,2024-12-30 04:49:47.511153
-0007,0347,1206,106,2024-12-30 04:49:47.527421
-0008,0348,1205,106,2024-12-30 04:49:47.543408
-0007,0363,1205,106,2024-12-30 04:49:47.559404
-0007,0360,1205,106,2024-12-30 04:49:47.575401
-0008,0362,1205,106,2024-12-30 04:49:47.591408
-0007,0359,1206,106,2024-12-30 04:49:47.607411
-0008,0349,1206,106,2024-12-30 04:49:47.623415
-0009,0351,1205,106,2024-12-30 04:49:47.639412
-0009,0362,1205,106,2024-12-30 04:49:47.670806
-0007,0358,1205,106,2024-12-30 04:49:47.687423
-0008,0362,1205,106,2024-12-30 04:49:47.703425
-0008,0356,1206,106,2024-12-30 04:49:47.719424
-0008,0345,1205,106,2024-12-30 04:49:47.735429
-0007,0361,1205,106,2024-12-30 04:49:47.751431
-0008,0365,1205,106,2024-12-30 04:49:47.767645
-0008,0362,1206,106,2024-12-30 04:49:47.783378
-0009,0350,1205,106,2024-12-30 04:49:47.799366
-0007,0364,1205,106,2024-12-30 04:49:47.815355
-0007,0364,1205,106,2024-12-30 04:49:47.847171
-0009,0354,1205,106,2024-12-30 04:49:47.863351
-0006,0363,1205,106,2024-12-30 04:49:47.879344
-0008,0362,1205,106,2024-12-30 04:49:47.895338
-0006,0356,1205,106,2024-12-30 04:49:47.911332
-0007,0358,1205,106,2024-12-30 04:49:47.927325
-0007,0362,1206,106,2024-12-30 04:49:47.943329
-0008,0348,1205,106,2024-12-30 04:49:47.959332
-0008,0364,1205,106,2024-12-30 04:49:47.975329
-0007,0359,1205,106,2024-12-30 04:49:48.006824
-0007,0363,1205,106,2024-12-30 04:49:48.023311
-0007,0364,1205,106,2024-12-30 04:49:48.039306
-0007,0366,1205,106,2024-12-30 04:49:48.055305
-0008,0358,1205,106,2024-12-30 04:49:48.071301
-0008,0355,1205,106,2024-12-30 04:49:48.087287
-0006,0363,1205,106,2024-12-30 04:49:48.103295
-0009,0359,1205,106,2024-12-30 04:49:48.119277
-0007,0358,1205,106,2024-12-30 04:49:48.135289
-0009,0360,1205,106,2024-12-30 04:49:48.151279
-0008,0357,1205,106,2024-12-30 04:49:48.183198
-0008,0358,1205,106,2024-12-30 04:49:48.199277
-0007,0358,1205,106,2024-12-30 04:49:48.215269
-0007,0350,1205,106,2024-12-30 04:49:48.231274
-0007,0361,1205,106,2024-12-30 04:49:48.247278
-0007,0357,1205,106,2024-12-30 04:49:48.263265
-0007,0358,1205,106,2024-12-30 04:49:48.279256
-0007,0358,1205,106,2024-12-30 04:49:48.295252
-0006,0360,1205,106,2024-12-30 04:49:48.311264
-0008,0358,1205,106,2024-12-30 04:49:48.342836
-0009,0361,1205,106,2024-12-30 04:49:48.359238
-0007,0366,1205,106,2024-12-30 04:49:48.375234
-0007,0358,1205,106,2024-12-30 04:49:48.391235
-0005,0356,1205,106,2024-12-30 04:49:48.407228
-0006,0361,1205,106,2024-12-30 04:49:48.423226
-0007,0368,1205,106,2024-12-30 04:49:48.439227
-0007,0358,1205,106,2024-12-30 04:49:48.455226
-0008,0356,1205,106,2024-12-30 04:49:48.471216
-0008,0368,1205,106,2024-12-30 04:49:48.487203
-0008,0362,1205,106,2024-12-30 04:49:48.519205
-0006,0362,1205,106,2024-12-30 04:49:48.535209
-0008,0361,1205,106,2024-12-30 04:49:48.551201
-0008,0364,1204,106,2024-12-30 04:49:48.567195
-0008,0362,1205,106,2024-12-30 04:49:48.583192
-0008,0368,1205,106,2024-12-30 04:49:48.599190
-0009,0360,1205,106,2024-12-30 04:49:48.615185
-0007,0354,1205,106,2024-12-30 04:49:48.631177
-0008,0357,1205,106,2024-12-30 04:49:48.647181
-0006,0359,1205,106,2024-12-30 04:49:48.678855
-0007,0361,1205,106,2024-12-30 04:49:48.695178
-0009,0362,1205,106,2024-12-30 04:49:48.711156
-0007,0352,1205,106,2024-12-30 04:49:48.727163
-0007,0359,1205,106,2024-12-30 04:49:48.743157
-0007,0354,1205,106,2024-12-30 04:49:48.759152
-0007,0363,1205,106,2024-12-30 04:49:48.775141
-0007,0360,1205,106,2024-12-30 04:49:48.791147
-0008,0362,1205,106,2024-12-30 04:49:48.807142
-0007,0357,1205,106,2024-12-30 04:49:48.838494
-0008,0356,1205,106,2024-12-30 04:49:48.855127
-0008,0364,1205,106,2024-12-30 04:49:48.871128
-0009,0360,1205,106,2024-12-30 04:49:48.887131
-0008,0359,1205,106,2024-12-30 04:49:48.903134
-0007,0355,1205,106,2024-12-30 04:49:48.919121
-0007,0360,1205,106,2024-12-30 04:49:48.935125
-0007,0352,1205,106,2024-12-30 04:49:48.951119
-0006,0365,1205,106,2024-12-30 04:49:48.967123
-0007,0352,1205,106,2024-12-30 04:49:48.983109
-0008,0356,1205,106,2024-12-30 04:49:49.014896
-0007,0360,1205,106,2024-12-30 04:49:49.031106
-0008,0357,1205,106,2024-12-30 04:49:49.047098
-0007,0360,1205,106,2024-12-30 04:49:49.063107
-0007,0362,1205,106,2024-12-30 04:49:49.079104
-0007,0354,1205,106,2024-12-30 04:49:49.095090
-0007,0361,1205,106,2024-12-30 04:49:49.111086
-0007,0359,1205,106,2024-12-30 04:49:49.127078
-0007,0357,1205,106,2024-12-30 04:49:49.143081
-0008,0364,1205,106,2024-12-30 04:49:49.174525
-0008,0361,1205,106,2024-12-30 04:49:49.191066
-0008,0356,1205,106,2024-12-30 04:49:49.207059
-0008,0355,1205,106,2024-12-30 04:49:49.223058
-0008,0361,1205,106,2024-12-30 04:49:49.239065
-0009,0358,1205,106,2024-12-30 04:49:49.255053
-0008,0362,1205,106,2024-12-30 04:49:49.271052
-0007,0357,1205,106,2024-12-30 04:49:49.287041
-0007,0358,1205,106,2024-12-30 04:49:49.303056
-0008,0360,1205,106,2024-12-30 04:49:49.319045
-0009,0359,1205,106,2024-12-30 04:49:49.350911
-0006,0355,1205,106,2024-12-30 04:49:49.367035
-0006,0360,1205,106,2024-12-30 04:49:49.383026
-0008,0361,1205,106,2024-12-30 04:49:49.399020
-0007,0353,1204,106,2024-12-30 04:49:49.415024
-0009,0355,1205,106,2024-12-30 04:49:49.431021
-0008,0360,1205,106,2024-12-30 04:49:49.447005
-0006,0357,1205,106,2024-12-30 04:49:49.463013
-0008,0358,1205,106,2024-12-30 04:49:49.479002
-0008,0358,1205,106,2024-12-30 04:49:49.510558
-0007,0362,1205,106,2024-12-30 04:49:49.526999
-0007,0356,1205,106,2024-12-30 04:49:49.542993
-0007,0354,1205,106,2024-12-30 04:49:49.559000
-0007,0355,1205,106,2024-12-30 04:49:49.574986
-0007,0360,1205,106,2024-12-30 04:49:49.590989
-0007,0364,1205,106,2024-12-30 04:49:49.606979
-0007,0352,1205,106,2024-12-30 04:49:49.622970
-0006,0363,1205,106,2024-12-30 04:49:49.638976
-0008,0362,1205,106,2024-12-30 04:49:49.654966
-0009,0355,1205,106,2024-12-30 04:49:49.686941
-0007,0357,1204,106,2024-12-30 04:49:49.702962
-0008,0358,1205,106,2024-12-30 04:49:49.718959
-0008,0359,1205,106,2024-12-30 04:49:49.734964
-0008,0359,1205,106,2024-12-30 04:49:49.750963
-0006,0354,1205,106,2024-12-30 04:49:49.766937
-0007,0361,1205,106,2024-12-30 04:49:49.782942
-0006,0363,1205,106,2024-12-30 04:49:49.798940
-0008,0357,1205,106,2024-12-30 04:49:49.814926
-0007,0356,1205,106,2024-12-30 04:49:49.846580
-0007,0356,1205,106,2024-12-30 04:49:49.862921
-0007,0361,1205,106,2024-12-30 04:49:49.878910
-0008,0357,1205,106,2024-12-30 04:49:49.894918
-0006,0365,1205,106,2024-12-30 04:49:49.910916
-0007,0361,1205,106,2024-12-30 04:49:49.926913
-0008,0354,1204,106,2024-12-30 04:49:49.942902
-0007,0359,1205,106,2024-12-30 04:49:49.958889
-0007,0352,1204,106,2024-12-30 04:49:49.974895
-0007,0354,1205,106,2024-12-30 04:49:50.006202
-0008,0363,1205,106,2024-12-30 04:49:50.022886
-0008,0356,1205,106,2024-12-30 04:49:50.038886
-0008,0355,1205,106,2024-12-30 04:49:50.054874
-0008,0352,1205,106,2024-12-30 04:49:50.070881
-0008,0358,1204,106,2024-12-30 04:49:50.086869
-0008,0363,1205,106,2024-12-30 04:49:50.102878
-0007,0362,1205,106,2024-12-30 04:49:50.118874
-0006,0363,1205,106,2024-12-30 04:49:50.134861
-0007,0354,1205,106,2024-12-30 04:49:50.150858
-0007,0359,1205,106,2024-12-30 04:49:50.182602
-0007,0366,1205,106,2024-12-30 04:49:50.198848
-0008,0357,1204,106,2024-12-30 04:49:50.214854
-0008,0349,1204,106,2024-12-30 04:49:50.230839
-0008,0360,1205,106,2024-12-30 04:49:50.246853
-0008,0359,1204,106,2024-12-30 04:49:50.262840
-0008,0354,1205,106,2024-12-30 04:49:50.278841
-0008,0361,1205,106,2024-12-30 04:49:50.294833
-0007,0356,1204,106,2024-12-30 04:49:50.310828
-0007,0357,1204,106,2024-12-30 04:49:50.342214
-0007,0365,1204,106,2024-12-30 04:49:50.358813
-0007,0359,1205,106,2024-12-30 04:49:50.374811
-0008,0357,1205,106,2024-12-30 04:49:50.390812
-0008,0361,1205,106,2024-12-30 04:49:50.406807
-0008,0359,1204,106,2024-12-30 04:49:50.422807
-0008,0359,1204,106,2024-12-30 04:49:50.438806
-0007,0358,1205,106,2024-12-30 04:49:50.454803
-0008,0357,1205,106,2024-12-30 04:49:50.470796
-0007,0367,1205,106,2024-12-30 04:49:50.486788
-0007,0361,1205,106,2024-12-30 04:49:50.518622
-0007,0362,1205,106,2024-12-30 04:49:50.534774
-0007,0355,1205,106,2024-12-30 04:49:50.550789
-0008,0361,1205,106,2024-12-30 04:49:50.566786
-0008,0357,1205,106,2024-12-30 04:49:50.582788
-0008,0359,1205,106,2024-12-30 04:49:50.598788
-0007,0359,1205,106,2024-12-30 04:49:50.614787
-0009,0361,1205,106,2024-12-30 04:49:50.630796
-0007,0361,1205,106,2024-12-30 04:49:50.646796
-0007,0355,1204,106,2024-12-30 04:49:50.678285
-0008,0352,1204,106,2024-12-30 04:49:50.694803
-0008,0359,1204,106,2024-12-30 04:49:50.710805
-0006,0357,1205,106,2024-12-30 04:49:50.726800
-0007,0360,1205,106,2024-12-30 04:49:50.742743
-0008,0361,1204,106,2024-12-30 04:49:50.758730
-0007,0355,1204,106,2024-12-30 04:49:50.774731
-0007,0354,1205,106,2024-12-30 04:49:50.790716
-0009,0358,1204,106,2024-12-30 04:49:50.806723
-0007,0355,1204,106,2024-12-30 04:49:50.822710
-0006,0361,1204,106,2024-12-30 04:49:50.854642
-0007,0351,1204,106,2024-12-30 04:49:50.870712
-0008,0358,1205,106,2024-12-30 04:49:50.886697
-0008,0359,1204,106,2024-12-30 04:49:50.902703
-0007,0366,1204,106,2024-12-30 04:49:50.918710
-0008,0365,1204,106,2024-12-30 04:49:50.934690
-0006,0356,1205,106,2024-12-30 04:49:50.950702
-0008,0362,1204,106,2024-12-30 04:49:50.966696
-0007,0357,1204,106,2024-12-30 04:49:50.982686
-0007,0360,1205,106,2024-12-30 04:49:51.014279
-0008,0367,1204,106,2024-12-30 04:49:51.030685
-0006,0355,1204,106,2024-12-30 04:49:51.046670
-0008,0356,1204,106,2024-12-30 04:49:51.062666
-0007,0368,1204,106,2024-12-30 04:49:51.078657
-0007,0359,1204,106,2024-12-30 04:49:51.094661
-0007,0361,1205,106,2024-12-30 04:49:51.110656
-0009,0351,1204,106,2024-12-30 04:49:51.126648
-0008,0362,1204,106,2024-12-30 04:49:51.142649
-0006,0354,1205,106,2024-12-30 04:49:51.158640
-0006,0351,1204,106,2024-12-30 04:49:51.190637
-0007,0359,1205,106,2024-12-30 04:49:51.206631
-0008,0358,1204,106,2024-12-30 04:49:51.222633
-0006,0356,1204,106,2024-12-30 04:49:51.238644
-0008,0369,1205,106,2024-12-30 04:49:51.254620
-0008,0357,1204,106,2024-12-30 04:49:51.270628
-0007,0359,1204,106,2024-12-30 04:49:51.286626
-0008,0362,1204,106,2024-12-30 04:49:51.302610
-0006,0353,1204,106,2024-12-30 04:49:51.318621
-0005,0361,1204,106,2024-12-30 04:49:51.350284
-0007,0367,1204,106,2024-12-30 04:49:51.366601
-0008,0354,1204,106,2024-12-30 04:49:51.382597
-0008,0358,1204,106,2024-12-30 04:49:51.398605
-0007,0355,1204,106,2024-12-30 04:49:51.414583
-0007,0350,1204,106,2024-12-30 04:49:51.430584
-0008,0353,1204,106,2024-12-30 04:49:51.446578
-0007,0357,1204,106,2024-12-30 04:49:51.462580
-0006,0359,1204,106,2024-12-30 04:49:51.478576
-0007,0365,1204,106,2024-12-30 04:49:51.509928
-0008,0349,1204,106,2024-12-30 04:49:51.526570
-0006,0359,1204,106,2024-12-30 04:49:51.542561
-0008,0351,1204,106,2024-12-30 04:49:51.558553
-0008,0365,1204,106,2024-12-30 04:49:51.574555
-0007,0354,1204,106,2024-12-30 04:49:51.590547
-0008,0361,1204,106,2024-12-30 04:49:51.606551
-0007,0358,1204,106,2024-12-30 04:49:51.622545
-0007,0352,1204,106,2024-12-30 04:49:51.638545
-0008,0363,1204,106,2024-12-30 04:49:51.654544
-0007,0356,1204,106,2024-12-30 04:49:51.686301
-0008,0358,1204,106,2024-12-30 04:49:51.702531
-0008,0356,1204,106,2024-12-30 04:49:51.718522
-0008,0354,1204,106,2024-12-30 04:49:51.734522
-0006,0352,1205,106,2024-12-30 04:49:51.750523
-0008,0354,1204,106,2024-12-30 04:49:51.766523
-0007,0360,1204,106,2024-12-30 04:49:51.782503
-0007,0362,1204,106,2024-12-30 04:49:51.798504
-0007,0352,1204,106,2024-12-30 04:49:51.814501
-0008,0351,1204,106,2024-12-30 04:49:51.845942
-0008,0357,1204,106,2024-12-30 04:49:51.862488
-0007,0357,1204,106,2024-12-30 04:49:51.878488
-0007,0354,1204,106,2024-12-30 04:49:51.894487
-0007,0360,1204,106,2024-12-30 04:49:51.910483
-0007,0355,1204,106,2024-12-30 04:49:51.926474
-0008,0364,1204,106,2024-12-30 04:49:51.942481
-0007,0364,1204,106,2024-12-30 04:49:51.958468
-0007,0357,1204,106,2024-12-30 04:49:51.974463
-0005,0363,1204,106,2024-12-30 04:49:51.990465
-0008,0347,1204,106,2024-12-30 04:49:52.022331
-0007,0359,1204,106,2024-12-30 04:49:52.038461
-0007,0356,1204,106,2024-12-30 04:49:52.054437
-0007,0350,1204,106,2024-12-30 04:49:52.070429
-0007,0364,1204,106,2024-12-30 04:49:52.086436
-0008,0365,1204,106,2024-12-30 04:49:52.102430
-0007,0354,1204,106,2024-12-30 04:49:52.118427
-0008,0358,1204,106,2024-12-30 04:49:52.134430
-0008,0361,1204,106,2024-12-30 04:49:52.150415
-0006,0363,1205,106,2024-12-30 04:49:52.181958
-0007,0354,1204,106,2024-12-30 04:49:52.198416
-0007,0353,1204,106,2024-12-30 04:49:52.214404
-0008,0357,1204,106,2024-12-30 04:49:52.230396
-0008,0361,1204,106,2024-12-30 04:49:52.246408
-0008,0364,1204,106,2024-12-30 04:49:52.262388
-0007,0358,1204,106,2024-12-30 04:49:52.278398
-0008,0355,1204,106,2024-12-30 04:49:52.294390
-0007,0362,1204,106,2024-12-30 04:49:52.310402
-0008,0349,1205,106,2024-12-30 04:49:52.326381
-0008,0358,1204,106,2024-12-30 04:49:52.358351
-0009,0356,1204,106,2024-12-30 04:49:52.374377
-0008,0354,1204,106,2024-12-30 04:49:52.390377
-0006,0352,1204,106,2024-12-30 04:49:52.406355
-0007,0360,1204,106,2024-12-30 04:49:52.422351
-0008,0362,1204,106,2024-12-30 04:49:52.438351
-0006,0358,1204,106,2024-12-30 04:49:52.454348
-0007,0358,1204,106,2024-12-30 04:49:52.470348
-0008,0357,1204,106,2024-12-30 04:49:52.486352
-0008,0354,1204,106,2024-12-30 04:49:52.517994
-0008,0357,1204,106,2024-12-30 04:49:52.534338
-0008,0355,1204,106,2024-12-30 04:49:52.550329
-0007,0358,1204,106,2024-12-30 04:49:52.566321
-0008,0363,1204,106,2024-12-30 04:49:52.582326
-0008,0359,1204,106,2024-12-30 04:49:52.598319
-0008,0358,1204,106,2024-12-30 04:49:52.614322
-0007,0356,1204,106,2024-12-30 04:49:52.630309
-0008,0350,1204,106,2024-12-30 04:49:52.646313
-0007,0352,1204,106,2024-12-30 04:49:52.677629
-0008,0355,1204,106,2024-12-30 04:49:52.694306
-0009,0356,1204,106,2024-12-30 04:49:52.710293
-0006,0352,1204,106,2024-12-30 04:49:52.726298
-0008,0354,1204,106,2024-12-30 04:49:52.742296
-0008,0355,1204,106,2024-12-30 04:49:52.758297
-0007,0353,1204,106,2024-12-30 04:49:52.774280
-0008,0359,1204,106,2024-12-30 04:49:52.790282
-0007,0350,1204,106,2024-12-30 04:49:52.806277
-0008,0353,1204,106,2024-12-30 04:49:52.822269
-0008,0360,1204,106,2024-12-30 04:49:52.854015
-0007,0354,1204,106,2024-12-30 04:49:52.870269
-0009,0359,1204,106,2024-12-30 04:49:52.886253
-0007,0354,1204,106,2024-12-30 04:49:52.902265
-0008,0355,1204,106,2024-12-30 04:49:52.918248
-0007,0358,1204,106,2024-12-30 04:49:52.934251
-0008,0357,1204,106,2024-12-30 04:49:52.950244
-0007,0350,1204,106,2024-12-30 04:49:52.966240
-0007,0357,1204,106,2024-12-30 04:49:52.982244
-0008,0359,1204,106,2024-12-30 04:49:53.013659
-0008,0360,1204,106,2024-12-30 04:49:53.030231
-0008,0357,1204,106,2024-12-30 04:49:53.046236
-0007,0352,1204,106,2024-12-30 04:49:53.062229
-0009,0359,1204,106,2024-12-30 04:49:53.078221
-0009,0360,1203,106,2024-12-30 04:49:53.094217
-0007,0350,1204,106,2024-12-30 04:49:53.110220
-0007,0358,1204,106,2024-12-30 04:49:53.126222
-0007,0357,1204,106,2024-12-30 04:49:53.142200
-0007,0347,1204,106,2024-12-30 04:49:53.158207
-0007,0361,1204,106,2024-12-30 04:49:53.190060
-0007,0361,1204,106,2024-12-30 04:49:53.206201
-0007,0359,1204,106,2024-12-30 04:49:53.222194
-0008,0359,1204,106,2024-12-30 04:49:53.238207
-0008,0358,1204,106,2024-12-30 04:49:53.254201
-0007,0351,1203,106,2024-12-30 04:49:53.270183
-0007,0353,1204,106,2024-12-30 04:49:53.286175
-0009,0365,1204,106,2024-12-30 04:49:53.302189
-0007,0353,1204,106,2024-12-30 04:49:53.318165
-0007,0352,1204,106,2024-12-30 04:49:53.349670
-0008,0352,1204,106,2024-12-30 04:49:53.366175
-0008,0358,1204,106,2024-12-30 04:49:53.382166
-0006,0353,1204,106,2024-12-30 04:49:53.398166
-0008,0357,1204,106,2024-12-30 04:49:53.414160
-0007,0353,1204,106,2024-12-30 04:49:53.430151
-0008,0352,1204,106,2024-12-30 04:49:53.446151
-0008,0356,1204,106,2024-12-30 04:49:53.462143
-0008,0349,1204,106,2024-12-30 04:49:53.478144
-0008,0350,1204,106,2024-12-30 04:49:53.494143
-0007,0356,1203,106,2024-12-30 04:49:53.526089
-0007,0359,1204,106,2024-12-30 04:49:53.542152
-0007,0353,1204,106,2024-12-30 04:49:53.558154
-0006,0358,1204,106,2024-12-30 04:49:53.574155
-0008,0351,1204,106,2024-12-30 04:49:53.590156
-0007,0352,1204,106,2024-12-30 04:49:53.606158
-0008,0360,1204,106,2024-12-30 04:49:53.622165
-0007,0356,1203,106,2024-12-30 04:49:53.638163
-0007,0357,1204,106,2024-12-30 04:49:53.654163
-0008,0352,1204,106,2024-12-30 04:49:53.685671
-0007,0358,1204,106,2024-12-30 04:49:53.702092
-0007,0350,1204,106,2024-12-30 04:49:53.718091
-0007,0353,1203,106,2024-12-30 04:49:53.734083
-0008,0353,1204,106,2024-12-30 04:49:53.750088
-0008,0352,1204,106,2024-12-30 04:49:53.766076
-0009,0353,1203,106,2024-12-30 04:49:53.782081
-0007,0360,1204,106,2024-12-30 04:49:53.798071
-0007,0355,1204,106,2024-12-30 04:49:53.814069
-0008,0348,1204,106,2024-12-30 04:49:53.830064
-0008,0351,1204,106,2024-12-30 04:49:53.862062
-0008,0355,1204,106,2024-12-30 04:49:53.878054
-0008,0354,1204,106,2024-12-30 04:49:53.894052
-0008,0355,1204,106,2024-12-30 04:49:53.910047
-0008,0354,1204,106,2024-12-30 04:49:53.926047
-0007,0356,1204,106,2024-12-30 04:49:53.942038
-0009,0354,1204,106,2024-12-30 04:49:53.958044
-0008,0356,1204,106,2024-12-30 04:49:53.974040
-0007,0355,1204,106,2024-12-30 04:49:53.990031
-0007,0358,1203,106,2024-12-30 04:49:54.021733
-0008,0348,1204,106,2024-12-30 04:49:54.038022
-0008,0351,1204,106,2024-12-30 04:49:54.054009
-0006,0360,1203,106,2024-12-30 04:49:54.070018
-0008,0355,1204,106,2024-12-30 04:49:54.086009
-0008,0354,1203,106,2024-12-30 04:49:54.102008
-0007,0357,1204,106,2024-12-30 04:49:54.117995
-0007,0356,1204,106,2024-12-30 04:49:54.133990
-0008,0351,1204,106,2024-12-30 04:49:54.149992
-0008,0357,1204,106,2024-12-30 04:49:54.181375
-0009,0353,1203,106,2024-12-30 04:49:54.197978
-0006,0351,1204,106,2024-12-30 04:49:54.213989
-0007,0347,1204,106,2024-12-30 04:49:54.229985
-0007,0363,1203,106,2024-12-30 04:49:54.245982
-0006,0347,1204,106,2024-12-30 04:49:54.261978
-0008,0355,1204,106,2024-12-30 04:49:54.277962
-0008,0352,1204,106,2024-12-30 04:49:54.293964
-0008,0357,1204,106,2024-12-30 04:49:54.309958
-0009,0351,1204,106,2024-12-30 04:49:54.325953
-0008,0360,1203,106,2024-12-30 04:49:54.357755
-0008,0356,1204,106,2024-12-30 04:49:54.373953
-0007,0352,1203,106,2024-12-30 04:49:54.389952
-0008,0352,1203,106,2024-12-30 04:49:54.405936
-0007,0357,1204,106,2024-12-30 04:49:54.421938
-0007,0356,1203,106,2024-12-30 04:49:54.437934
-0008,0354,1203,106,2024-12-30 04:49:54.453930
-0008,0356,1204,106,2024-12-30 04:49:54.469933
-0008,0351,1203,106,2024-12-30 04:49:54.485922
-0007,0352,1203,106,2024-12-30 04:49:54.517389
-0008,0358,1203,106,2024-12-30 04:49:54.533926
-0007,0362,1203,106,2024-12-30 04:49:54.549907
-0007,0356,1204,106,2024-12-30 04:49:54.565909
-0007,0354,1204,106,2024-12-30 04:49:54.581907
-0007,0357,1203,106,2024-12-30 04:49:54.597906
-0009,0359,1204,106,2024-12-30 04:49:54.613909
-0008,0357,1203,106,2024-12-30 04:49:54.629894
-0009,0354,1204,106,2024-12-30 04:49:54.645890
-0007,0352,1203,106,2024-12-30 04:49:54.661883
-0007,0350,1203,106,2024-12-30 04:49:54.693788
-0008,0355,1203,106,2024-12-30 04:49:54.709875
-0009,0350,1203,106,2024-12-30 04:49:54.725883
-0008,0353,1204,106,2024-12-30 04:49:54.741868
-0009,0357,1203,106,2024-12-30 04:49:54.757863
-0007,0351,1203,106,2024-12-30 04:49:54.773857
-0006,0356,1203,106,2024-12-30 04:49:54.789870
-0008,0356,1203,106,2024-12-30 04:49:54.805857
-0007,0358,1203,106,2024-12-30 04:49:54.821853
-0008,0352,1203,106,2024-12-30 04:49:54.853430
-0007,0361,1204,106,2024-12-30 04:49:54.869841
-0007,0356,1204,106,2024-12-30 04:49:54.885843
-0008,0354,1203,106,2024-12-30 04:49:54.901833
-0007,0351,1203,106,2024-12-30 04:49:54.917824
-0008,0356,1203,106,2024-12-30 04:49:54.933828
-0008,0345,1203,106,2024-12-30 04:49:54.949823
-0009,0359,1203,106,2024-12-30 04:49:54.965827
-0008,0352,1203,106,2024-12-30 04:49:54.981836
-0007,0357,1203,106,2024-12-30 04:49:54.997819
-0006,0359,1203,106,2024-12-30 04:49:55.029803
-0008,0348,1204,106,2024-12-30 04:49:55.045810
-0008,0356,1203,106,2024-12-30 04:49:55.061797
-0009,0353,1203,106,2024-12-30 04:49:55.077797
-0007,0346,1203,106,2024-12-30 04:49:55.093802
-0007,0359,1203,106,2024-12-30 04:49:55.109789
-0008,0353,1203,106,2024-12-30 04:49:55.125790
-0006,0357,1203,106,2024-12-30 04:49:55.141778
-0009,0353,1203,106,2024-12-30 04:49:55.157786
-0006,0358,1203,106,2024-12-30 04:49:55.189457
-0006,0353,1203,106,2024-12-30 04:49:55.205769
-0008,0348,1203,106,2024-12-30 04:49:55.221770
-0007,0346,1204,106,2024-12-30 04:49:55.237779
-0008,0357,1203,106,2024-12-30 04:49:55.253758
-0007,0355,1203,106,2024-12-30 04:49:55.269757
-0007,0355,1203,106,2024-12-30 04:49:55.285750
-0009,0357,1203,106,2024-12-30 04:49:55.301749
-0008,0349,1203,106,2024-12-30 04:49:55.317748
-0007,0354,1203,106,2024-12-30 04:49:55.349098
-0009,0350,1203,106,2024-12-30 04:49:55.365727
-0008,0353,1203,106,2024-12-30 04:49:55.381732
-0008,0357,1203,106,2024-12-30 04:49:55.397722
-0007,0355,1203,106,2024-12-30 04:49:55.413732
-0007,0356,1203,106,2024-12-30 04:49:55.429719
-0008,0358,1204,106,2024-12-30 04:49:55.445724
-0008,0355,1203,106,2024-12-30 04:49:55.461719
-0007,0351,1203,106,2024-12-30 04:49:55.477727
-0009,0355,1203,106,2024-12-30 04:49:55.493711
-0007,0357,1203,106,2024-12-30 04:49:55.525494
-0006,0351,1203,106,2024-12-30 04:49:55.541693
-0008,0355,1203,106,2024-12-30 04:49:55.557695
-0008,0355,1203,106,2024-12-30 04:49:55.573694
-0008,0343,1203,106,2024-12-30 04:49:55.589692
-0008,0352,1203,106,2024-12-30 04:49:55.605684
-0009,0357,1203,106,2024-12-30 04:49:55.621686
-0008,0358,1203,106,2024-12-30 04:49:55.637677
-0008,0358,1203,106,2024-12-30 04:49:55.653677
-0007,0355,1203,106,2024-12-30 04:49:55.685108
-0008,0356,1203,106,2024-12-30 04:49:55.701666
-0008,0358,1203,106,2024-12-30 04:49:55.717670
-0007,0349,1203,106,2024-12-30 04:49:55.733680
-0007,0360,1203,106,2024-12-30 04:49:55.749678
-0007,0354,1203,106,2024-12-30 04:49:55.765660
-0008,0342,1203,106,2024-12-30 04:49:55.781651
-0007,0357,1203,106,2024-12-30 04:49:55.797641
-0009,0354,1203,106,2024-12-30 04:49:55.813644
-0007,0358,1203,106,2024-12-30 04:49:55.829642
-0007,0356,1203,106,2024-12-30 04:49:55.861500
-0007,0355,1203,106,2024-12-30 04:49:55.877636
-0007,0350,1203,106,2024-12-30 04:49:55.893627
-0008,0349,1203,106,2024-12-30 04:49:55.909632
-0010,0355,1203,106,2024-12-30 04:49:55.925619
-0008,0355,1203,106,2024-12-30 04:49:55.941612
-0009,0354,1203,106,2024-12-30 04:49:55.957618
-0008,0363,1203,106,2024-12-30 04:49:55.973607
-0008,0358,1203,106,2024-12-30 04:49:55.989612
-0006,0356,1203,106,2024-12-30 04:49:56.021143
-0008,0345,1203,106,2024-12-30 04:49:56.037594
-0006,0350,1203,106,2024-12-30 04:49:56.053593
-0006,0354,1203,106,2024-12-30 04:49:56.069583
-0008,0354,1203,106,2024-12-30 04:49:56.085586
-0007,0352,1203,106,2024-12-30 04:49:56.101594
-0008,0345,1203,106,2024-12-30 04:49:56.117576
-0007,0352,1203,106,2024-12-30 04:49:56.133579
-0008,0355,1203,106,2024-12-30 04:49:56.149567
-0007,0349,1203,106,2024-12-30 04:49:56.165569
-0008,0351,1203,106,2024-12-30 04:49:56.197547
-0007,0356,1204,106,2024-12-30 04:49:56.213571
-0007,0356,1203,106,2024-12-30 04:49:56.229553
-0009,0355,1203,106,2024-12-30 04:49:56.245559
-0006,0357,1203,106,2024-12-30 04:49:56.261553
-0009,0349,1203,106,2024-12-30 04:49:56.277550
-0008,0358,1203,106,2024-12-30 04:49:56.293536
-0008,0352,1203,106,2024-12-30 04:49:56.309558
-0007,0353,1203,106,2024-12-30 04:49:56.325546
-0007,0354,1203,106,2024-12-30 04:49:56.357172
-0008,0351,1203,106,2024-12-30 04:49:56.373518
-0007,0352,1203,106,2024-12-30 04:49:56.389517
-0007,0351,1203,106,2024-12-30 04:49:56.405508
-0007,0356,1203,106,2024-12-30 04:49:56.421514
-0008,0349,1203,106,2024-12-30 04:49:56.437506
-0008,0355,1203,106,2024-12-30 04:49:56.453508
-0009,0348,1203,106,2024-12-30 04:49:56.469511
-0006,0353,1203,106,2024-12-30 04:49:56.485510
-0007,0353,1203,106,2024-12-30 04:49:56.501516
-0008,0350,1203,106,2024-12-30 04:49:56.533519
-0007,0360,1203,106,2024-12-30 04:49:56.549517
-0007,0356,1203,106,2024-12-30 04:49:56.565514
-0008,0347,1203,106,2024-12-30 04:49:56.581523
-0008,0355,1203,106,2024-12-30 04:49:56.597520
-0007,0348,1203,106,2024-12-30 04:49:56.613525
-0008,0356,1203,106,2024-12-30 04:49:56.629523
-0009,0349,1203,106,2024-12-30 04:49:56.645458
-0007,0349,1203,106,2024-12-30 04:49:56.661456
-0006,0354,1203,106,2024-12-30 04:49:56.693203
-0008,0354,1203,106,2024-12-30 04:49:56.709447
-0008,0349,1203,106,2024-12-30 04:49:56.725449
-0008,0358,1203,106,2024-12-30 04:49:56.741441
-0007,0355,1203,106,2024-12-30 04:49:56.757442
-0008,0355,1203,106,2024-12-30 04:49:56.773439
-0008,0350,1203,106,2024-12-30 04:49:56.789431
-0008,0349,1203,106,2024-12-30 04:49:56.805433
-0007,0353,1203,106,2024-12-30 04:49:56.821426
-0009,0347,1203,106,2024-12-30 04:49:56.852820
-0007,0355,1203,106,2024-12-30 04:49:56.869413
-0007,0353,1203,106,2024-12-30 04:49:56.885411
-0009,0359,1203,106,2024-12-30 04:49:56.901402
-0008,0352,1203,106,2024-12-30 04:49:56.917401
-0007,0360,1203,106,2024-12-30 04:49:56.933400
-0010,0354,1203,106,2024-12-30 04:49:56.949408
-0007,0352,1203,106,2024-12-30 04:49:56.965395
-0006,0351,1202,106,2024-12-30 04:49:56.981396
-0007,0350,1203,106,2024-12-30 04:49:56.997392
-0007,0354,1203,106,2024-12-30 04:49:57.029218
-0008,0359,1202,106,2024-12-30 04:49:57.045372
-0008,0348,1203,106,2024-12-30 04:49:57.061378
-0008,0349,1203,106,2024-12-30 04:49:57.077372
-0009,0340,1203,106,2024-12-30 04:49:57.093369
-0007,0345,1203,106,2024-12-30 04:49:57.109363
-0009,0347,1202,106,2024-12-30 04:49:57.125362
-0009,0355,1203,106,2024-12-30 04:49:57.141357
-0007,0343,1203,106,2024-12-30 04:49:57.157349
-0008,0354,1203,106,2024-12-30 04:49:57.188860
-0006,0357,1203,106,2024-12-30 04:49:57.205349
-0009,0352,1202,106,2024-12-30 04:49:57.221340
-0007,0348,1202,106,2024-12-30 04:49:57.237348
-0007,0355,1202,106,2024-12-30 04:49:57.253324
-0008,0349,1202,106,2024-12-30 04:49:57.269317
-0007,0350,1203,106,2024-12-30 04:49:57.285325
-0007,0351,1203,106,2024-12-30 04:49:57.301327
-0008,0354,1203,106,2024-12-30 04:49:57.317318
-0009,0347,1203,106,2024-12-30 04:49:57.333316
-0009,0352,1203,106,2024-12-30 04:49:57.365228
-0009,0354,1203,106,2024-12-30 04:49:57.381298
-0006,0349,1203,106,2024-12-30 04:49:57.397297
-0008,0357,1203,106,2024-12-30 04:49:57.413294
-0008,0353,1203,106,2024-12-30 04:49:57.429292
-0006,0342,1203,106,2024-12-30 04:49:57.445283
-0008,0349,1203,106,2024-12-30 04:49:57.461289
-0008,0351,1203,106,2024-12-30 04:49:57.477276
-0007,0351,1203,106,2024-12-30 04:49:57.493286
-0007,0350,1202,106,2024-12-30 04:49:57.524866
-0007,0349,1202,106,2024-12-30 04:49:57.541270
-0009,0349,1202,106,2024-12-30 04:49:57.557273
-0008,0349,1203,106,2024-12-30 04:49:57.573276
-0009,0353,1202,106,2024-12-30 04:49:57.589257
-0008,0356,1203,106,2024-12-30 04:49:57.605259
-0009,0347,1203,106,2024-12-30 04:49:57.621253
-0007,0356,1203,106,2024-12-30 04:49:57.637240
-0007,0360,1203,106,2024-12-30 04:49:57.653248
-0008,0352,1203,106,2024-12-30 04:49:57.669245
-0007,0350,1203,106,2024-12-30 04:49:57.701239
-0008,0349,1202,106,2024-12-30 04:49:57.717234
-0008,0347,1202,106,2024-12-30 04:49:57.733232
-0008,0350,1203,106,2024-12-30 04:49:57.749225
-0008,0353,1203,106,2024-12-30 04:49:57.765215
-0007,0348,1202,106,2024-12-30 04:49:57.781216
-0007,0359,1203,106,2024-12-30 04:49:57.797222
-0007,0355,1203,106,2024-12-30 04:49:57.813217
-0009,0344,1202,106,2024-12-30 04:49:57.829214
-0007,0359,1203,106,2024-12-30 04:49:57.860904
-0009,0356,1203,106,2024-12-30 04:49:57.877203
-0008,0349,1203,106,2024-12-30 04:49:57.893196
-0007,0349,1202,106,2024-12-30 04:49:57.909184
-0007,0353,1202,106,2024-12-30 04:49:57.925195
-0007,0353,1202,106,2024-12-30 04:49:57.941193
-0007,0354,1202,106,2024-12-30 04:49:57.957179
-0008,0354,1202,106,2024-12-30 04:49:57.973171
-0007,0353,1202,106,2024-12-30 04:49:57.989171
-0007,0348,1202,106,2024-12-30 04:49:58.020535
-0008,0340,1203,106,2024-12-30 04:49:58.037162
-0007,0354,1202,106,2024-12-30 04:49:58.053164
-0008,0348,1203,106,2024-12-30 04:49:58.069152
-0008,0352,1202,106,2024-12-30 04:49:58.085152
-0008,0349,1202,106,2024-12-30 04:49:58.101144
-0008,0354,1202,106,2024-12-30 04:49:58.117136
-0007,0359,1202,106,2024-12-30 04:49:58.133138
-0007,0346,1202,106,2024-12-30 04:49:58.149130
-0008,0348,1203,106,2024-12-30 04:49:58.165134
-0007,0354,1202,106,2024-12-30 04:49:58.196916
-0009,0351,1203,106,2024-12-30 04:49:58.213120
-0008,0349,1202,106,2024-12-30 04:49:58.229123
-0009,0354,1202,106,2024-12-30 04:49:58.245128
-0008,0353,1202,106,2024-12-30 04:49:58.261118
-0007,0358,1202,106,2024-12-30 04:49:58.277108
-0008,0351,1202,106,2024-12-30 04:49:58.293112
-0009,0351,1202,106,2024-12-30 04:49:58.309119
-0008,0353,1202,106,2024-12-30 04:49:58.325097
-0007,0348,1203,106,2024-12-30 04:49:58.356558
-0007,0351,1202,106,2024-12-30 04:49:58.373089
-0007,0351,1202,106,2024-12-30 04:49:58.389083
-0008,0350,1203,106,2024-12-30 04:49:58.405085
-0007,0353,1202,106,2024-12-30 04:49:58.421082
-0007,0352,1202,106,2024-12-30 04:49:58.437075
-0007,0351,1202,106,2024-12-30 04:49:58.453073
-0008,0353,1202,106,2024-12-30 04:49:58.469071
-0008,0342,1202,106,2024-12-30 04:49:58.485078
-0008,0349,1202,106,2024-12-30 04:49:58.501063
-0009,0351,1202,106,2024-12-30 04:49:58.532929
-0009,0351,1202,106,2024-12-30 04:49:58.549049
-0007,0354,1202,106,2024-12-30 04:49:58.565059
-0009,0354,1202,106,2024-12-30 04:49:58.581046
-0008,0350,1202,106,2024-12-30 04:49:58.597051
-0009,0347,1203,106,2024-12-30 04:49:58.613043
-0008,0347,1202,106,2024-12-30 04:49:58.629050
-0008,0354,1202,106,2024-12-30 04:49:58.645033
-0008,0348,1202,106,2024-12-30 04:49:58.661032
-0007,0346,1202,106,2024-12-30 04:49:58.692564
-0008,0347,1202,106,2024-12-30 04:49:58.709017
-0008,0343,1202,106,2024-12-30 04:49:58.725012
-0008,0350,1202,106,2024-12-30 04:49:58.741018
-0008,0350,1202,106,2024-12-30 04:49:58.757004
-0008,0352,1202,106,2024-12-30 04:49:58.773004
-0007,0348,1202,106,2024-12-30 04:49:58.789005
-0007,0353,1202,106,2024-12-30 04:49:58.804992
-0007,0346,1202,106,2024-12-30 04:49:58.820995
-0007,0344,1202,106,2024-12-30 04:49:58.836985
-0008,0352,1202,106,2024-12-30 04:49:58.868958
-0008,0343,1202,106,2024-12-30 04:49:58.884988
-0007,0350,1202,106,2024-12-30 04:49:58.900978
-0008,0351,1202,106,2024-12-30 04:49:58.916974
-0008,0354,1202,106,2024-12-30 04:49:58.932968
-0009,0355,1202,106,2024-12-30 04:49:58.948960
-0009,0346,1202,106,2024-12-30 04:49:58.964963
-0007,0351,1202,106,2024-12-30 04:49:58.980960
-0007,0346,1202,106,2024-12-30 04:49:58.996960
-0007,0350,1202,106,2024-12-30 04:49:59.028604
-0006,0350,1202,106,2024-12-30 04:49:59.044959
-0008,0349,1202,106,2024-12-30 04:49:59.060955
-0008,0349,1202,106,2024-12-30 04:49:59.076940
-0010,0355,1202,106,2024-12-30 04:49:59.092937
-0008,0355,1202,106,2024-12-30 04:49:59.108932
-0007,0354,1202,106,2024-12-30 04:49:59.124923
-0008,0340,1202,106,2024-12-30 04:49:59.140926
-0008,0352,1202,106,2024-12-30 04:49:59.156930
-0008,0350,1202,106,2024-12-30 04:49:59.188229
-0006,0356,1202,106,2024-12-30 04:49:59.204917
-0008,0350,1202,106,2024-12-30 04:49:59.220906
-0008,0353,1202,106,2024-12-30 04:49:59.236904
-0007,0345,1202,106,2024-12-30 04:49:59.252911
-0007,0344,1202,106,2024-12-30 04:49:59.268897
-0009,0350,1202,106,2024-12-30 04:49:59.284902
-0008,0358,1202,106,2024-12-30 04:49:59.300892
-0007,0345,1202,106,2024-12-30 04:49:59.316889
-0008,0349,1202,106,2024-12-30 04:49:59.332888
-0008,0352,1202,106,2024-12-30 04:49:59.364615
-0008,0349,1202,106,2024-12-30 04:49:59.380870
-0007,0351,1202,106,2024-12-30 04:49:59.396877
-0008,0345,1202,106,2024-12-30 04:49:59.412875
-0007,0350,1202,106,2024-12-30 04:49:59.428876
-0008,0349,1202,106,2024-12-30 04:49:59.444879
-0008,0353,1202,106,2024-12-30 04:49:59.460879
-0007,0350,1202,106,2024-12-30 04:49:59.476884
-0006,0350,1202,106,2024-12-30 04:49:59.492884
-0007,0349,1202,106,2024-12-30 04:49:59.524298
-0009,0349,1202,106,2024-12-30 04:49:59.540888
-0007,0346,1202,106,2024-12-30 04:49:59.556897
-0008,0346,1202,106,2024-12-30 04:49:59.572895
-0007,0349,1202,106,2024-12-30 04:49:59.588901
-0009,0347,1202,106,2024-12-30 04:49:59.604826
-0008,0356,1202,106,2024-12-30 04:49:59.620831
-0007,0364,1202,106,2024-12-30 04:49:59.636823
-0006,0350,1202,106,2024-12-30 04:49:59.652823
-0009,0348,1202,106,2024-12-30 04:49:59.668816
-0008,0354,1202,106,2024-12-30 04:49:59.700640
-0009,0344,1202,106,2024-12-30 04:49:59.716797
-0008,0343,1202,106,2024-12-30 04:49:59.732801
-0008,0337,1202,106,2024-12-30 04:49:59.748791
-0008,0352,1202,106,2024-12-30 04:49:59.764793
-0008,0346,1202,106,2024-12-30 04:49:59.780794
-0007,0349,1202,106,2024-12-30 04:49:59.796776
-0008,0352,1202,106,2024-12-30 04:49:59.812779
-0007,0350,1202,106,2024-12-30 04:49:59.828773
-0007,0342,1202,106,2024-12-30 04:49:59.860261
-0008,0345,1202,106,2024-12-30 04:49:59.876771
-0008,0352,1202,106,2024-12-30 04:49:59.892770
-0009,0349,1202,106,2024-12-30 04:49:59.908757
-0008,0348,1202,106,2024-12-30 04:49:59.924757
-0008,0348,1202,106,2024-12-30 04:49:59.940753
-0007,0357,1202,106,2024-12-30 04:49:59.956754
-0008,0352,1202,106,2024-12-30 04:49:59.972745
-0007,0349,1202,106,2024-12-30 04:49:59.988744
-0007,0344,1202,106,2024-12-30 04:50:00.004734
-0008,0348,1202,106,2024-12-30 04:50:00.036676
-0008,0345,1202,106,2024-12-30 04:50:00.052725
-0008,0347,1202,106,2024-12-30 04:50:00.068725
-0007,0355,1202,106,2024-12-30 04:50:00.084716
-0007,0355,1202,106,2024-12-30 04:50:00.100720
-0008,0351,1202,106,2024-12-30 04:50:00.116907
-0008,0349,1202,106,2024-12-30 04:50:00.132731
-0009,0353,1202,106,2024-12-30 04:50:00.148718
-0008,0342,1202,106,2024-12-30 04:50:00.164701
-0008,0347,1202,106,2024-12-30 04:50:00.196312
-0008,0351,1202,106,2024-12-30 04:50:00.212701
-0009,0348,1202,106,2024-12-30 04:50:00.228690
-0008,0350,1202,106,2024-12-30 04:50:00.244789
-0007,0350,1202,106,2024-12-30 04:50:00.260708
-0009,0344,1202,106,2024-12-30 04:50:00.276677
-0007,0362,1202,106,2024-12-30 04:50:00.292683
-0008,0346,1202,106,2024-12-30 04:50:00.308690
-0007,0353,1202,106,2024-12-30 04:50:00.324673
-0008,0344,1202,106,2024-12-30 04:50:00.340667
-0007,0353,1202,106,2024-12-30 04:50:00.372666
-0007,0343,1202,106,2024-12-30 04:50:00.388657
-0008,0346,1202,106,2024-12-30 04:50:00.404659
-0008,0351,1202,106,2024-12-30 04:50:00.420653
-0007,0350,1201,106,2024-12-30 04:50:00.436650
-0008,0348,1202,106,2024-12-30 04:50:00.452642
-0008,0358,1202,106,2024-12-30 04:50:00.468647
-0008,0346,1202,106,2024-12-30 04:50:00.484651
-0007,0353,1202,106,2024-12-30 04:50:00.500641
-0007,0349,1202,106,2024-12-30 04:50:00.532309
-0008,0354,1202,106,2024-12-30 04:50:00.548628
-0006,0354,1202,106,2024-12-30 04:50:00.564612
-0007,0348,1202,106,2024-12-30 04:50:00.580616
-0009,0344,1201,106,2024-12-30 04:50:00.596609
-0008,0351,1202,106,2024-12-30 04:50:00.612607
-0008,0349,1202,106,2024-12-30 04:50:00.628610
-0008,0351,1202,106,2024-12-30 04:50:00.644599
-0008,0345,1202,106,2024-12-30 04:50:00.660596
-0010,0349,1202,106,2024-12-30 04:50:00.691960
-0008,0351,1202,106,2024-12-30 04:50:00.708584
-0008,0344,1202,106,2024-12-30 04:50:00.724590
-0008,0351,1202,106,2024-12-30 04:50:00.740588
-0008,0348,1202,106,2024-12-30 04:50:00.756569
-0008,0351,1202,106,2024-12-30 04:50:00.772573
-0008,0353,1202,106,2024-12-30 04:50:00.788572
-0009,0350,1202,106,2024-12-30 04:50:00.804568
-0008,0347,1202,106,2024-12-30 04:50:00.820564
-0008,0353,1202,106,2024-12-30 04:50:00.836561
-0008,0350,1202,106,2024-12-30 04:50:00.868343
-0007,0344,1202,106,2024-12-30 04:50:00.884559
-0008,0344,1202,106,2024-12-30 04:50:00.900551
-0008,0353,1201,106,2024-12-30 04:50:00.916554
-0008,0351,1202,106,2024-12-30 04:50:00.932543
-0008,0350,1202,106,2024-12-30 04:50:00.948538
-0008,0357,1202,106,2024-12-30 04:50:00.964534
-0008,0347,1202,106,2024-12-30 04:50:00.980537
-0007,0343,1202,106,2024-12-30 04:50:00.996531
-0009,0351,1202,106,2024-12-30 04:50:01.027993
-0008,0348,1202,106,2024-12-30 04:50:01.044515
-0007,0352,1202,106,2024-12-30 04:50:01.060514
-0007,0346,1202,106,2024-12-30 04:50:01.076511
-0007,0355,1202,106,2024-12-30 04:50:01.092510
-0008,0356,1202,106,2024-12-30 04:50:01.108501
-0008,0345,1202,106,2024-12-30 04:50:01.124499
-0008,0342,1201,106,2024-12-30 04:50:01.140494
-0007,0352,1202,106,2024-12-30 04:50:01.156496
-0008,0350,1202,106,2024-12-30 04:50:01.172488
-0009,0344,1202,106,2024-12-30 04:50:01.204358
-0008,0344,1202,106,2024-12-30 04:50:01.220493
-0008,0346,1202,106,2024-12-30 04:50:01.236488
-0009,0353,1201,106,2024-12-30 04:50:01.252482
-0008,0352,1202,106,2024-12-30 04:50:01.268483
-0010,0344,1201,106,2024-12-30 04:50:01.284469
-0008,0354,1202,106,2024-12-30 04:50:01.300485
-0008,0347,1202,106,2024-12-30 04:50:01.316469
-0007,0342,1202,106,2024-12-30 04:50:01.332458
-0006,0350,1202,106,2024-12-30 04:50:01.364011
-0007,0353,1201,106,2024-12-30 04:50:01.380456
-0007,0355,1202,106,2024-12-30 04:50:01.396443
-0009,0341,1201,106,2024-12-30 04:50:01.412448
-0008,0344,1201,106,2024-12-30 04:50:01.428444
-0008,0349,1202,106,2024-12-30 04:50:01.444429
-0008,0349,1201,106,2024-12-30 04:50:01.460431
-0007,0342,1202,106,2024-12-30 04:50:01.476437
-0007,0353,1201,106,2024-12-30 04:50:01.492426
-0008,0348,1202,106,2024-12-30 04:50:01.508420
-0008,0351,1202,106,2024-12-30 04:50:01.540398
-0009,0346,1202,106,2024-12-30 04:50:01.556418
-0008,0349,1202,106,2024-12-30 04:50:01.572405
-0009,0338,1201,106,2024-12-30 04:50:01.588403
-0008,0351,1202,106,2024-12-30 04:50:01.604395
-0008,0351,1201,106,2024-12-30 04:50:01.620402
-0007,0341,1202,106,2024-12-30 04:50:01.636413
-0008,0346,1201,106,2024-12-30 04:50:01.652385
-0009,0347,1202,106,2024-12-30 04:50:01.668379
-0008,0355,1202,106,2024-12-30 04:50:01.700030
-0006,0350,1201,106,2024-12-30 04:50:01.716381
-0009,0342,1201,106,2024-12-30 04:50:01.732375
-0009,0347,1201,106,2024-12-30 04:50:01.748391
-0007,0352,1202,106,2024-12-30 04:50:01.764396
-0008,0354,1201,106,2024-12-30 04:50:01.780384
-0009,0342,1202,106,2024-12-30 04:50:01.796363
-0007,0344,1201,106,2024-12-30 04:50:01.812363
-0007,0347,1201,106,2024-12-30 04:50:01.828358
-0007,0349,1201,106,2024-12-30 04:50:01.859659
-0008,0347,1202,106,2024-12-30 04:50:01.876354
-0008,0346,1201,106,2024-12-30 04:50:01.892342
-0009,0347,1201,106,2024-12-30 04:50:01.908345
-0007,0346,1201,106,2024-12-30 04:50:01.924337
-0009,0351,1202,106,2024-12-30 04:50:01.940327
-0008,0341,1201,106,2024-12-30 04:50:01.956330
-0008,0340,1201,106,2024-12-30 04:50:01.972318
-0009,0352,1201,106,2024-12-30 04:50:01.988321
-0008,0349,1201,106,2024-12-30 04:50:02.004329
-0008,0347,1201,106,2024-12-30 04:50:02.036049
-0008,0342,1201,106,2024-12-30 04:50:02.052302
-0009,0352,1201,106,2024-12-30 04:50:02.068304
-0008,0336,1202,106,2024-12-30 04:50:02.084299
-0008,0345,1201,106,2024-12-30 04:50:02.100299
-0007,0352,1201,106,2024-12-30 04:50:02.116302
-0007,0344,1201,106,2024-12-30 04:50:02.132297
-0009,0339,1201,106,2024-12-30 04:50:02.148281
-0007,0347,1201,106,2024-12-30 04:50:02.164281
-0009,0342,1201,106,2024-12-30 04:50:02.195672
-0009,0348,1201,106,2024-12-30 04:50:02.212273
-0008,0347,1202,106,2024-12-30 04:50:02.228272
-0009,0341,1201,106,2024-12-30 04:50:02.244283
-0008,0348,1202,106,2024-12-30 04:50:02.260258
-0009,0345,1202,106,2024-12-30 04:50:02.276250
-0009,0345,1202,106,2024-12-30 04:50:02.292254
-0006,0349,1201,106,2024-12-30 04:50:02.308245
-0010,0346,1201,106,2024-12-30 04:50:02.324250
-0008,0348,1201,106,2024-12-30 04:50:02.340241
-0007,0344,1201,106,2024-12-30 04:50:02.372083
-0008,0349,1201,106,2024-12-30 04:50:02.388241
-0009,0344,1202,106,2024-12-30 04:50:02.404248
-0009,0345,1201,106,2024-12-30 04:50:02.420254
-0007,0348,1201,106,2024-12-30 04:50:02.436242
-0008,0350,1201,106,2024-12-30 04:50:02.452245
-0008,0343,1201,106,2024-12-30 04:50:02.468248
-0008,0350,1202,106,2024-12-30 04:50:02.484249
-0008,0353,1201,106,2024-12-30 04:50:02.500251
-0006,0347,1201,106,2024-12-30 04:50:02.531757
-0007,0353,1201,106,2024-12-30 04:50:02.548187
-0009,0342,1201,106,2024-12-30 04:50:02.564187
-0008,0349,1201,106,2024-12-30 04:50:02.580186
-0007,0345,1201,106,2024-12-30 04:50:02.596186
-0008,0341,1201,106,2024-12-30 04:50:02.612176
-0007,0345,1201,106,2024-12-30 04:50:02.628178
-0008,0346,1201,106,2024-12-30 04:50:02.644173
-0008,0350,1201,106,2024-12-30 04:50:02.660172
-0008,0344,1201,106,2024-12-30 04:50:02.676164
-0007,0349,1201,106,2024-12-30 04:50:02.708100
-0008,0342,1201,106,2024-12-30 04:50:02.724163
-0007,0344,1201,106,2024-12-30 04:50:02.740169
-0008,0357,1201,106,2024-12-30 04:50:02.756147
-0009,0344,1201,106,2024-12-30 04:50:02.772145
-0007,0352,1201,106,2024-12-30 04:50:02.788143
-0009,0350,1201,106,2024-12-30 04:50:02.804131
-0007,0344,1201,106,2024-12-30 04:50:02.820132
-0007,0345,1201,106,2024-12-30 04:50:02.836139
-0008,0346,1201,106,2024-12-30 04:50:02.867719
-0008,0341,1201,106,2024-12-30 04:50:02.884121
-0007,0340,1201,106,2024-12-30 04:50:02.900116
-0009,0342,1201,106,2024-12-30 04:50:02.916125
-0008,0345,1201,106,2024-12-30 04:50:02.932114
-0009,0342,1201,106,2024-12-30 04:50:02.948113
-0007,0351,1201,106,2024-12-30 04:50:02.964108
-0007,0340,1201,106,2024-12-30 04:50:02.980097
-0009,0345,1201,106,2024-12-30 04:50:02.996098
-0007,0349,1201,106,2024-12-30 04:50:03.012084
-0007,0341,1201,106,2024-12-30 04:50:03.044085
-0008,0341,1201,106,2024-12-30 04:50:03.060088
-0008,0349,1201,106,2024-12-30 04:50:03.076080
-0009,0346,1201,106,2024-12-30 04:50:03.092083
-0008,0349,1201,106,2024-12-30 04:50:03.108086
-0008,0347,1201,106,2024-12-30 04:50:03.124076
-0008,0345,1201,106,2024-12-30 04:50:03.140065
-0008,0348,1201,106,2024-12-30 04:50:03.156065
-0007,0344,1201,106,2024-12-30 04:50:03.172053
-0008,0344,1201,106,2024-12-30 04:50:03.203748
-0009,0343,1201,106,2024-12-30 04:50:03.220052
-0010,0340,1201,106,2024-12-30 04:50:03.236047
-0008,0347,1201,106,2024-12-30 04:50:03.252054
-0009,0344,1201,106,2024-12-30 04:50:03.268038
-0009,0345,1201,106,2024-12-30 04:50:03.284043
-0008,0346,1201,106,2024-12-30 04:50:03.300035
-0009,0351,1201,106,2024-12-30 04:50:03.316034
-0007,0350,1201,106,2024-12-30 04:50:03.332030
-0007,0347,1201,106,2024-12-30 04:50:03.363387
-0008,0341,1201,106,2024-12-30 04:50:03.380013
-0007,0340,1201,106,2024-12-30 04:50:03.396018
-0007,0348,1201,106,2024-12-30 04:50:03.412009
-0007,0347,1201,106,2024-12-30 04:50:03.428011
-0008,0340,1201,106,2024-12-30 04:50:03.444007
-0008,0341,1201,106,2024-12-30 04:50:03.460002
-0008,0347,1201,106,2024-12-30 04:50:03.476013
-0008,0349,1201,106,2024-12-30 04:50:03.491992
-0008,0346,1201,106,2024-12-30 04:50:03.507993
-0009,0346,1201,106,2024-12-30 04:50:03.539776
-0009,0346,1201,106,2024-12-30 04:50:03.555987
-0008,0346,1201,106,2024-12-30 04:50:03.571988
-0007,0345,1201,106,2024-12-30 04:50:03.587978
-0008,0349,1201,106,2024-12-30 04:50:03.603969
-0008,0345,1201,106,2024-12-30 04:50:03.619970
-0008,0343,1201,106,2024-12-30 04:50:03.635963
-0008,0349,1201,106,2024-12-30 04:50:03.651963
-0007,0351,1201,106,2024-12-30 04:50:03.667956
-0008,0355,1201,106,2024-12-30 04:50:03.699401
-0009,0339,1201,106,2024-12-30 04:50:03.715948
-0009,0343,1201,106,2024-12-30 04:50:03.731943
-0009,0338,1201,106,2024-12-30 04:50:03.747951
-0007,0349,1201,106,2024-12-30 04:50:03.763938
-0008,0345,1201,106,2024-12-30 04:50:03.779934
-0007,0343,1201,106,2024-12-30 04:50:03.795932
-0008,0346,1201,106,2024-12-30 04:50:03.811926
-0008,0349,1201,106,2024-12-30 04:50:03.827921
-0008,0343,1201,106,2024-12-30 04:50:03.843922
-0007,0348,1201,106,2024-12-30 04:50:03.875784
-0007,0343,1201,106,2024-12-30 04:50:03.891903
-0009,0338,1201,106,2024-12-30 04:50:03.907905
-0007,0342,1201,106,2024-12-30 04:50:03.923893
-0008,0340,1201,106,2024-12-30 04:50:03.939904
-0008,0355,1201,106,2024-12-30 04:50:03.955894
-0008,0349,1201,106,2024-12-30 04:50:03.971898
-0008,0342,1201,106,2024-12-30 04:50:03.987880
-0008,0346,1201,106,2024-12-30 04:50:04.003884
-0008,0341,1201,106,2024-12-30 04:50:04.035439
-0007,0340,1201,106,2024-12-30 04:50:04.051872
-0008,0343,1201,106,2024-12-30 04:50:04.067865
-0009,0343,1201,106,2024-12-30 04:50:04.083865
-0008,0350,1201,106,2024-12-30 04:50:04.099856
-0008,0349,1201,106,2024-12-30 04:50:04.115859
-0010,0345,1200,106,2024-12-30 04:50:04.131855
-0008,0351,1201,106,2024-12-30 04:50:04.147847
-0009,0345,1201,106,2024-12-30 04:50:04.163843
-0007,0347,1201,106,2024-12-30 04:50:04.179843
-0007,0347,1201,106,2024-12-30 04:50:04.211828
-0009,0342,1201,106,2024-12-30 04:50:04.227839
-0008,0344,1201,106,2024-12-30 04:50:04.243843
-0009,0337,1201,106,2024-12-30 04:50:04.259819
-0007,0343,1201,106,2024-12-30 04:50:04.275823
-0008,0341,1201,106,2024-12-30 04:50:04.291819
-0008,0345,1201,106,2024-12-30 04:50:04.307829
-0008,0347,1201,106,2024-12-30 04:50:04.323820
-0008,0344,1200,106,2024-12-30 04:50:04.339823
-0008,0349,1201,106,2024-12-30 04:50:04.371460
-0009,0346,1201,106,2024-12-30 04:50:04.387805
-0008,0340,1201,106,2024-12-30 04:50:04.403797
-0007,0345,1201,106,2024-12-30 04:50:04.419796
-0008,0342,1201,106,2024-12-30 04:50:04.435788
-0008,0344,1201,106,2024-12-30 04:50:04.451797
-0007,0349,1200,106,2024-12-30 04:50:04.467782
-0007,0344,1200,106,2024-12-30 04:50:04.483783
-0008,0341,1201,106,2024-12-30 04:50:04.499774
-0007,0349,1201,106,2024-12-30 04:50:04.531092
-0008,0341,1201,106,2024-12-30 04:50:04.547775
-0008,0348,1201,106,2024-12-30 04:50:04.563765
-0007,0349,1201,106,2024-12-30 04:50:04.579773
-0008,0349,1201,106,2024-12-30 04:50:04.595773
-0008,0339,1201,106,2024-12-30 04:50:04.611761
-0007,0346,1201,106,2024-12-30 04:50:04.627754
-0008,0343,1201,106,2024-12-30 04:50:04.643749
-0009,0345,1200,106,2024-12-30 04:50:04.659750
-0008,0340,1201,106,2024-12-30 04:50:04.675739
-0008,0346,1200,106,2024-12-30 04:50:04.707468
-0008,0341,1201,106,2024-12-30 04:50:04.723729
-0008,0339,1201,106,2024-12-30 04:50:04.739735
-0007,0344,1201,106,2024-12-30 04:50:04.755721
-0009,0346,1201,106,2024-12-30 04:50:04.771726
-0007,0337,1201,106,2024-12-30 04:50:04.787713
-0007,0345,1200,106,2024-12-30 04:50:04.803706
-0010,0340,1201,106,2024-12-30 04:50:04.819713
-0008,0339,1200,106,2024-12-30 04:50:04.835704
-0007,0340,1201,106,2024-12-30 04:50:04.867119
-0009,0346,1200,106,2024-12-30 04:50:04.883709
-0008,0340,1200,106,2024-12-30 04:50:04.899700
-0008,0345,1201,106,2024-12-30 04:50:04.915701
-0006,0347,1200,106,2024-12-30 04:50:04.931696
-0008,0344,1200,106,2024-12-30 04:50:04.947692
-0008,0341,1201,106,2024-12-30 04:50:04.963692
-0008,0349,1201,106,2024-12-30 04:50:04.979674
-0008,0344,1200,106,2024-12-30 04:50:04.995676
-0007,0348,1201,106,2024-12-30 04:50:05.011667
-0009,0338,1201,106,2024-12-30 04:50:05.043502
-0008,0340,1201,106,2024-12-30 04:50:05.059665
-0008,0344,1201,106,2024-12-30 04:50:05.075660
-0007,0339,1200,106,2024-12-30 04:50:05.091650
-0007,0343,1201,106,2024-12-30 04:50:05.107646
-0008,0338,1200,106,2024-12-30 04:50:05.123643
-0008,0346,1201,106,2024-12-30 04:50:05.139641
-0009,0343,1200,106,2024-12-30 04:50:05.155637
-0008,0346,1201,106,2024-12-30 04:50:05.171639
-0008,0341,1201,106,2024-12-30 04:50:05.203138
-0007,0347,1200,106,2024-12-30 04:50:05.219623
-0008,0347,1200,106,2024-12-30 04:50:05.235615
-0007,0345,1201,106,2024-12-30 04:50:05.251628
-0008,0337,1200,106,2024-12-30 04:50:05.267613
-0007,0343,1201,106,2024-12-30 04:50:05.283616
-0007,0346,1200,106,2024-12-30 04:50:05.299605
-0008,0349,1201,106,2024-12-30 04:50:05.315618
-0009,0341,1200,106,2024-12-30 04:50:05.331612
-0008,0350,1200,106,2024-12-30 04:50:05.347617
-0009,0345,1201,106,2024-12-30 04:50:05.379544
-0008,0343,1200,106,2024-12-30 04:50:05.395621
-0007,0343,1200,106,2024-12-30 04:50:05.411617
-0008,0349,1200,106,2024-12-30 04:50:05.427619
-0008,0340,1201,106,2024-12-30 04:50:05.443618
-0009,0342,1200,106,2024-12-30 04:50:05.459626
-0007,0344,1200,106,2024-12-30 04:50:05.475624
-0008,0344,1200,106,2024-12-30 04:50:05.491629
-0009,0343,1201,106,2024-12-30 04:50:05.507554
-0007,0346,1200,106,2024-12-30 04:50:05.539162
-0009,0345,1200,106,2024-12-30 04:50:05.555550
-0007,0345,1201,106,2024-12-30 04:50:05.571546
-0006,0336,1200,106,2024-12-30 04:50:05.587543
-0008,0343,1201,106,2024-12-30 04:50:05.603533
-0009,0340,1200,106,2024-12-30 04:50:05.619540
-0008,0351,1200,106,2024-12-30 04:50:05.635529
-0009,0347,1200,106,2024-12-30 04:50:05.651533
-0007,0345,1201,106,2024-12-30 04:50:05.667528
-0009,0343,1200,106,2024-12-30 04:50:05.683528
-0007,0338,1200,106,2024-12-30 04:50:05.715517
-0009,0345,1201,106,2024-12-30 04:50:05.731514
-0008,0343,1200,106,2024-12-30 04:50:05.747506
-0008,0342,1201,106,2024-12-30 04:50:05.763504
-0009,0341,1200,106,2024-12-30 04:50:05.779500
-0007,0336,1200,106,2024-12-30 04:50:05.795508
-0008,0342,1200,106,2024-12-30 04:50:05.811513
-0006,0341,1200,106,2024-12-30 04:50:05.827497
-0008,0341,1200,106,2024-12-30 04:50:05.843487
-0007,0335,1200,106,2024-12-30 04:50:05.875182
-0010,0341,1200,106,2024-12-30 04:50:05.891480
-0007,0346,1200,106,2024-12-30 04:50:05.907477
-0008,0338,1200,106,2024-12-30 04:50:05.923467
-0007,0347,1201,106,2024-12-30 04:50:05.939466
-0007,0344,1200,106,2024-12-30 04:50:05.955462
-0010,0336,1200,106,2024-12-30 04:50:05.971452
-0009,0339,1201,106,2024-12-30 04:50:05.987461
-0009,0348,1200,106,2024-12-30 04:50:06.003449
-0009,0347,1200,106,2024-12-30 04:50:06.034814
-0009,0340,1200,106,2024-12-30 04:50:06.051450
-0008,0343,1200,106,2024-12-30 04:50:06.067447
-0008,0345,1200,106,2024-12-30 04:50:06.083434
-0008,0349,1200,106,2024-12-30 04:50:06.099433
-0009,0346,1200,106,2024-12-30 04:50:06.115426
-0007,0336,1200,106,2024-12-30 04:50:06.131431
-0008,0345,1200,106,2024-12-30 04:50:06.147423
-0009,0338,1200,106,2024-12-30 04:50:06.163423
-0008,0347,1200,106,2024-12-30 04:50:06.179425
-0007,0345,1200,106,2024-12-30 04:50:06.211203
-0009,0346,1200,106,2024-12-30 04:50:06.227402
-0007,0344,1200,106,2024-12-30 04:50:06.243427
-0008,0344,1200,106,2024-12-30 04:50:06.259401
-0008,0341,1200,106,2024-12-30 04:50:06.275400
-0008,0341,1200,106,2024-12-30 04:50:06.291392
-0008,0342,1200,106,2024-12-30 04:50:06.307395
-0009,0347,1200,106,2024-12-30 04:50:06.323389
-0007,0341,1200,106,2024-12-30 04:50:06.339392
-0009,0344,1200,106,2024-12-30 04:50:06.370849
-0008,0347,1200,106,2024-12-30 04:50:06.387373
-0008,0343,1201,106,2024-12-30 04:50:06.403367
-0008,0347,1200,106,2024-12-30 04:50:06.419371
-0008,0342,1200,106,2024-12-30 04:50:06.435372
-0007,0341,1200,106,2024-12-30 04:50:06.451356
-0008,0344,1200,106,2024-12-30 04:50:06.467360
-0008,0343,1200,106,2024-12-30 04:50:06.483351
-0008,0339,1200,106,2024-12-30 04:50:06.499353
-0008,0341,1200,106,2024-12-30 04:50:06.515353
-0008,0342,1200,106,2024-12-30 04:50:06.547244
-0007,0351,1200,106,2024-12-30 04:50:06.563347
-0008,0347,1200,106,2024-12-30 04:50:06.579330
-0008,0344,1200,106,2024-12-30 04:50:06.595330
-0009,0341,1200,106,2024-12-30 04:50:06.611326
-0008,0343,1200,106,2024-12-30 04:50:06.627320
-0009,0341,1200,106,2024-12-30 04:50:06.643320
-0009,0343,1200,106,2024-12-30 04:50:06.659313
-0008,0348,1200,106,2024-12-30 04:50:06.675317
-0008,0347,1200,106,2024-12-30 04:50:06.706869
-0008,0342,1200,106,2024-12-30 04:50:06.723311
-0008,0348,1200,106,2024-12-30 04:50:06.739315
-0007,0353,1200,106,2024-12-30 04:50:06.755298
-0008,0350,1200,106,2024-12-30 04:50:06.771295
-0009,0341,1200,106,2024-12-30 04:50:06.787293
-0008,0340,1200,106,2024-12-30 04:50:06.803295
-0007,0345,1200,106,2024-12-30 04:50:06.819300
-0009,0339,1200,106,2024-12-30 04:50:06.835280
-0008,0336,1200,106,2024-12-30 04:50:06.851281
-0008,0345,1200,106,2024-12-30 04:50:06.883250
-0007,0349,1200,106,2024-12-30 04:50:06.899265
-0008,0341,1200,106,2024-12-30 04:50:06.915263
-0009,0336,1200,106,2024-12-30 04:50:06.931266
-0008,0343,1200,106,2024-12-30 04:50:06.947256
-0008,0349,1200,106,2024-12-30 04:50:06.963251
-0008,0342,1200,106,2024-12-30 04:50:06.979251
-0007,0347,1200,106,2024-12-30 04:50:06.995253
-0008,0340,1200,106,2024-12-30 04:50:07.011245
-0007,0344,1200,106,2024-12-30 04:50:07.042881
-0008,0347,1200,106,2024-12-30 04:50:07.059243
-0008,0339,1200,106,2024-12-30 04:50:07.075227
-0008,0340,1200,106,2024-12-30 04:50:07.091222
-0008,0339,1200,106,2024-12-30 04:50:07.107224
-0008,0344,1200,106,2024-12-30 04:50:07.123217
-0008,0350,1200,106,2024-12-30 04:50:07.139214
-0009,0346,1200,106,2024-12-30 04:50:07.155208
-0008,0348,1200,106,2024-12-30 04:50:07.171213
-0008,0342,1200,106,2024-12-30 04:50:07.202515
-0008,0334,1200,106,2024-12-30 04:50:07.219206
-0008,0348,1200,106,2024-12-30 04:50:07.235193
-0009,0346,1200,106,2024-12-30 04:50:07.251200
-0009,0346,1200,106,2024-12-30 04:50:07.267185
-0008,0343,1200,106,2024-12-30 04:50:07.283186
-0007,0343,1200,106,2024-12-30 04:50:07.299186
-0009,0334,1200,106,2024-12-30 04:50:07.315174
-0008,0343,1200,106,2024-12-30 04:50:07.331171
-0009,0348,1200,106,2024-12-30 04:50:07.347171
-0008,0334,1200,106,2024-12-30 04:50:07.378912
-0008,0346,1200,106,2024-12-30 04:50:07.395161
-0008,0344,1200,106,2024-12-30 04:50:07.411158
-0009,0340,1200,106,2024-12-30 04:50:07.427150
-0008,0338,1200,106,2024-12-30 04:50:07.443145
-0008,0349,1200,106,2024-12-30 04:50:07.459145
-0008,0343,1200,106,2024-12-30 04:50:07.475142
-0008,0345,1200,106,2024-12-30 04:50:07.491135
-0009,0345,1200,106,2024-12-30 04:50:07.507138
-0008,0343,1200,106,2024-12-30 04:50:07.538547
-0007,0337,1200,106,2024-12-30 04:50:07.555133
-0008,0344,1200,106,2024-12-30 04:50:07.571123
-0008,0339,1200,106,2024-12-30 04:50:07.587129
-0009,0341,1200,106,2024-12-30 04:50:07.603123
-0009,0344,1200,106,2024-12-30 04:50:07.619124
-0008,0342,1200,106,2024-12-30 04:50:07.635120
-0008,0345,1200,106,2024-12-30 04:50:07.651115
-0007,0341,1200,106,2024-12-30 04:50:07.667110
-0009,0340,1200,106,2024-12-30 04:50:07.683103
-0008,0343,1200,106,2024-12-30 04:50:07.714941
-0007,0336,1200,106,2024-12-30 04:50:07.731101
-0008,0343,1200,106,2024-12-30 04:50:07.747103
-0007,0349,1200,106,2024-12-30 04:50:07.763101
-0009,0341,1200,106,2024-12-30 04:50:07.779101
-0008,0346,1200,106,2024-12-30 04:50:07.795094
-0007,0343,1200,106,2024-12-30 04:50:07.811085
-0009,0345,1200,106,2024-12-30 04:50:07.827082
-0007,0339,1200,106,2024-12-30 04:50:07.843071
-0009,0346,1200,106,2024-12-30 04:50:07.874622
-0008,0342,1200,106,2024-12-30 04:50:07.891074
-0009,0339,1199,106,2024-12-30 04:50:07.907069
-0009,0344,1200,106,2024-12-30 04:50:07.923060
-0008,0341,1199,106,2024-12-30 04:50:07.939068
-0009,0332,1200,106,2024-12-30 04:50:07.955048
-0008,0338,1200,106,2024-12-30 04:50:07.971039
-0007,0345,1200,106,2024-12-30 04:50:07.987034
-0008,0343,1200,106,2024-12-30 04:50:08.003046
-0008,0339,1200,106,2024-12-30 04:50:08.019037
-0007,0348,1200,106,2024-12-30 04:50:08.050985
-0008,0339,1200,106,2024-12-30 04:50:08.067027
-0007,0343,1200,106,2024-12-30 04:50:08.083027
-0007,0345,1200,106,2024-12-30 04:50:08.099021
-0008,0342,1199,106,2024-12-30 04:50:08.115020
-0007,0347,1200,106,2024-12-30 04:50:08.131016
-0008,0339,1200,106,2024-12-30 04:50:08.147019
-0007,0343,1200,106,2024-12-30 04:50:08.163006
-0008,0338,1200,106,2024-12-30 04:50:08.178997
-0007,0344,1200,106,2024-12-30 04:50:08.210598
-0008,0341,1200,106,2024-12-30 04:50:08.226995
-0010,0339,1199,106,2024-12-30 04:50:08.242998
-0008,0342,1200,106,2024-12-30 04:50:08.258989
-0008,0336,1200,106,2024-12-30 04:50:08.274982
-0009,0339,1200,106,2024-12-30 04:50:08.290991
-0008,0346,1200,106,2024-12-30 04:50:08.306996
-0006,0341,1199,106,2024-12-30 04:50:08.322991
-0009,0347,1199,106,2024-12-30 04:50:08.338987
-0008,0348,1200,106,2024-12-30 04:50:08.354990
-0008,0335,1199,106,2024-12-30 04:50:08.386996
-0008,0337,1200,106,2024-12-30 04:50:08.403000
-0008,0345,1200,106,2024-12-30 04:50:08.419004
-0008,0342,1200,106,2024-12-30 04:50:08.435003
-0009,0344,1200,106,2024-12-30 04:50:08.450999
-0009,0342,1199,106,2024-12-30 04:50:08.466999
-0008,0338,1200,106,2024-12-30 04:50:08.483000
-0008,0342,1200,106,2024-12-30 04:50:08.498931
-0008,0336,1200,106,2024-12-30 04:50:08.514933
-0008,0341,1199,106,2024-12-30 04:50:08.546625
-0008,0341,1200,106,2024-12-30 04:50:08.562923
-0009,0343,1200,106,2024-12-30 04:50:08.578909
-0008,0338,1199,106,2024-12-30 04:50:08.594914
-0008,0343,1199,106,2024-12-30 04:50:08.610909
-0008,0347,1199,106,2024-12-30 04:50:08.626906
-0008,0344,1199,106,2024-12-30 04:50:08.642901
-0008,0337,1199,106,2024-12-30 04:50:08.658906
-0009,0337,1199,106,2024-12-30 04:50:08.674907
-0008,0338,1199,106,2024-12-30 04:50:08.706271
-0009,0339,1200,106,2024-12-30 04:50:08.722890
-0009,0340,1200,106,2024-12-30 04:50:08.738883
-0009,0338,1200,106,2024-12-30 04:50:08.754877
-0008,0342,1199,106,2024-12-30 04:50:08.770879
-0008,0342,1199,106,2024-12-30 04:50:08.786877
-0008,0341,1200,106,2024-12-30 04:50:08.802864
-0007,0341,1199,106,2024-12-30 04:50:08.818873
-0008,0344,1200,106,2024-12-30 04:50:08.834861
-0007,0338,1200,106,2024-12-30 04:50:08.850852
-0009,0347,1200,106,2024-12-30 04:50:08.882655
-0008,0341,1200,106,2024-12-30 04:50:08.898849
-0008,0346,1200,106,2024-12-30 04:50:08.914840
-0009,0338,1200,106,2024-12-30 04:50:08.930840
-0008,0337,1200,106,2024-12-30 04:50:08.946836
-0008,0346,1200,106,2024-12-30 04:50:08.962832
-0006,0338,1200,106,2024-12-30 04:50:08.978829
-0008,0337,1199,106,2024-12-30 04:50:08.994823
-0009,0337,1199,106,2024-12-30 04:50:09.010822
-0008,0336,1199,106,2024-12-30 04:50:09.042275
-0008,0346,1199,106,2024-12-30 04:50:09.058813
-0008,0338,1199,106,2024-12-30 04:50:09.074803
-0007,0342,1199,106,2024-12-30 04:50:09.090803
-0008,0340,1199,106,2024-12-30 04:50:09.106801
-0008,0334,1199,106,2024-12-30 04:50:09.122802
-0008,0338,1199,106,2024-12-30 04:50:09.138796
-0009,0342,1200,106,2024-12-30 04:50:09.154794
-0009,0340,1200,106,2024-12-30 04:50:09.170783
-0007,0338,1199,106,2024-12-30 04:50:09.186776
-0008,0346,1199,106,2024-12-30 04:50:09.218662
-0009,0345,1199,106,2024-12-30 04:50:09.234770
-0010,0345,1200,106,2024-12-30 04:50:09.250778
-0008,0339,1199,106,2024-12-30 04:50:09.266773
-0009,0341,1199,106,2024-12-30 04:50:09.282759
-0007,0341,1199,106,2024-12-30 04:50:09.298759
-0008,0341,1199,106,2024-12-30 04:50:09.314770
-0007,0345,1199,106,2024-12-30 04:50:09.330753
-0008,0337,1199,106,2024-12-30 04:50:09.346748
-0008,0347,1199,106,2024-12-30 04:50:09.378299
-0008,0338,1199,106,2024-12-30 04:50:09.394752
-0008,0340,1199,106,2024-12-30 04:50:09.410750
-0009,0340,1199,106,2024-12-30 04:50:09.426736
-0008,0336,1199,106,2024-12-30 04:50:09.442724
-0008,0349,1199,106,2024-12-30 04:50:09.458723
-0008,0337,1199,106,2024-12-30 04:50:09.474720
-0008,0343,1199,106,2024-12-30 04:50:09.490721
-0009,0336,1199,106,2024-12-30 04:50:09.506719
-0009,0343,1199,106,2024-12-30 04:50:09.522724
-0007,0339,1199,106,2024-12-30 04:50:09.554703
-0007,0333,1200,106,2024-12-30 04:50:09.570702
-0008,0336,1199,106,2024-12-30 04:50:09.586695
-0008,0341,1199,106,2024-12-30 04:50:09.602695
-0007,0340,1199,106,2024-12-30 04:50:09.618694
-0010,0335,1199,106,2024-12-30 04:50:09.634693
-0008,0340,1200,106,2024-12-30 04:50:09.650686
-0008,0341,1199,106,2024-12-30 04:50:09.666687
-0008,0336,1199,106,2024-12-30 04:50:09.682675
-0007,0343,1199,106,2024-12-30 04:50:09.714313
-0008,0341,1199,106,2024-12-30 04:50:09.730675
-0008,0342,1199,106,2024-12-30 04:50:09.746669
-0009,0337,1199,106,2024-12-30 04:50:09.762661
-0008,0336,1199,106,2024-12-30 04:50:09.778668
-0008,0341,1199,106,2024-12-30 04:50:09.794657
-0008,0338,1199,106,2024-12-30 04:50:09.810658
-0009,0334,1199,106,2024-12-30 04:50:09.826646
-0009,0340,1200,106,2024-12-30 04:50:09.842636
-0009,0337,1199,106,2024-12-30 04:50:09.873941
-0010,0333,1199,106,2024-12-30 04:50:09.890644
-0009,0333,1199,106,2024-12-30 04:50:09.906627
-0007,0333,1199,106,2024-12-30 04:50:09.922627
-0008,0334,1199,106,2024-12-30 04:50:09.938619
-0009,0340,1199,106,2024-12-30 04:50:09.954621
-0009,0339,1199,106,2024-12-30 04:50:09.970611
-0008,0340,1199,106,2024-12-30 04:50:09.986614
-0009,0344,1199,106,2024-12-30 04:50:10.002606
-0008,0335,1199,106,2024-12-30 04:50:10.018599
-0007,0343,1199,106,2024-12-30 04:50:10.050323
-0008,0337,1199,106,2024-12-30 04:50:10.066593
-0007,0338,1199,106,2024-12-30 04:50:10.082588
-0008,0342,1199,106,2024-12-30 04:50:10.098587
-0008,0334,1199,106,2024-12-30 04:50:10.114575
-0008,0340,1199,106,2024-12-30 04:50:10.130580
-0009,0339,1199,106,2024-12-30 04:50:10.146587
-0008,0335,1199,106,2024-12-30 04:50:10.162576
-0008,0334,1199,106,2024-12-30 04:50:10.178575
-0009,0339,1199,106,2024-12-30 04:50:10.209980
-0008,0342,1199,106,2024-12-30 04:50:10.226557
-0010,0335,1199,106,2024-12-30 04:50:10.242564
-0008,0341,1199,106,2024-12-30 04:50:10.258556
-0008,0348,1199,106,2024-12-30 04:50:10.274551
-0008,0335,1199,106,2024-12-30 04:50:10.290550
-0008,0341,1199,106,2024-12-30 04:50:10.306549
-0009,0340,1199,106,2024-12-30 04:50:10.322549
-0008,0334,1199,106,2024-12-30 04:50:10.338542
-0008,0338,1199,106,2024-12-30 04:50:10.354540
-0009,0340,1199,106,2024-12-30 04:50:10.386356
-0008,0334,1199,106,2024-12-30 04:50:10.402525
-0008,0341,1199,106,2024-12-30 04:50:10.418522
-0009,0342,1199,106,2024-12-30 04:50:10.434526
-0008,0332,1199,106,2024-12-30 04:50:10.450524
-0008,0337,1199,106,2024-12-30 04:50:10.466518
-0008,0344,1199,106,2024-12-30 04:50:10.482518
-0009,0346,1199,106,2024-12-30 04:50:10.498502
-0009,0338,1199,106,2024-12-30 04:50:10.514505
-0008,0331,1199,106,2024-12-30 04:50:10.545997
-0008,0337,1199,106,2024-12-30 04:50:10.562490
-0007,0337,1199,106,2024-12-30 04:50:10.578491
-0009,0339,1199,106,2024-12-30 04:50:10.594493
-0008,0339,1199,106,2024-12-30 04:50:10.610480
-0009,0335,1199,106,2024-12-30 04:50:10.626484
-0008,0337,1199,106,2024-12-30 04:50:10.642474
-0008,0338,1199,106,2024-12-30 04:50:10.658475
-0009,0336,1199,106,2024-12-30 04:50:10.674473
-0010,0338,1199,106,2024-12-30 04:50:10.690473
-0008,0337,1199,106,2024-12-30 04:50:10.722400
-0009,0348,1199,106,2024-12-30 04:50:10.738460
-0009,0336,1199,106,2024-12-30 04:50:10.754457
-0009,0348,1199,106,2024-12-30 04:50:10.770453
-0009,0339,1199,106,2024-12-30 04:50:10.786448
-0008,0340,1199,106,2024-12-30 04:50:10.802439
-0009,0341,1199,106,2024-12-30 04:50:10.818428
-0009,0342,1199,106,2024-12-30 04:50:10.834435
-0008,0340,1199,106,2024-12-30 04:50:10.850425
-0009,0338,1199,106,2024-12-30 04:50:10.882016
-0009,0335,1199,106,2024-12-30 04:50:10.898428
-0009,0336,1199,106,2024-12-30 04:50:10.914415
-0008,0331,1199,106,2024-12-30 04:50:10.930415
-0010,0340,1199,106,2024-12-30 04:50:10.946409
-0009,0331,1199,106,2024-12-30 04:50:10.962400
-0008,0333,1199,106,2024-12-30 04:50:10.978397
-0007,0342,1199,106,2024-12-30 04:50:10.994396
-0009,0341,1199,106,2024-12-30 04:50:11.010401
-0008,0339,1199,106,2024-12-30 04:50:11.026390
-0008,0342,1199,106,2024-12-30 04:50:11.058377
-0009,0335,1199,106,2024-12-30 04:50:11.074382
-0009,0335,1199,106,2024-12-30 04:50:11.090372
-0009,0339,1199,106,2024-12-30 04:50:11.106360
-0007,0335,1199,106,2024-12-30 04:50:11.122371
-0008,0332,1199,106,2024-12-30 04:50:11.138363
-0008,0331,1199,106,2024-12-30 04:50:11.154367
-0008,0339,1199,106,2024-12-30 04:50:11.170354
-0008,0335,1199,106,2024-12-30 04:50:11.186361
-0009,0341,1199,106,2024-12-30 04:50:11.218045
-0008,0330,1199,106,2024-12-30 04:50:11.234339
-0008,0337,1199,106,2024-12-30 04:50:11.250352
-0008,0338,1199,106,2024-12-30 04:50:11.266340
-0007,0338,1199,106,2024-12-30 04:50:11.282340
-0009,0339,1199,106,2024-12-30 04:50:11.298343
-0008,0336,1199,106,2024-12-30 04:50:11.314347
-0009,0343,1199,106,2024-12-30 04:50:11.330349
-0008,0339,1199,106,2024-12-30 04:50:11.346350
-0010,0336,1199,106,2024-12-30 04:50:11.377706
-0009,0339,1199,106,2024-12-30 04:50:11.394353
-0008,0337,1199,106,2024-12-30 04:50:11.410355
-0010,0338,1199,106,2024-12-30 04:50:11.426358
-0009,0336,1199,106,2024-12-30 04:50:11.442368
-0010,0334,1199,106,2024-12-30 04:50:11.458291
-0009,0335,1199,106,2024-12-30 04:50:11.474291
-0007,0336,1199,106,2024-12-30 04:50:11.490284
-0009,0341,1199,106,2024-12-30 04:50:11.506280
-0009,0336,1199,106,2024-12-30 04:50:11.522276
-0008,0331,1199,106,2024-12-30 04:50:11.554060
-0009,0328,1199,106,2024-12-30 04:50:11.570265
-0008,0342,1199,106,2024-12-30 04:50:11.586271
-0008,0336,1199,106,2024-12-30 04:50:11.602263
-0010,0340,1199,106,2024-12-30 04:50:11.618269
-0008,0338,1199,106,2024-12-30 04:50:11.634269
-0009,0344,1199,106,2024-12-30 04:50:11.650248
-0007,0341,1199,106,2024-12-30 04:50:11.666253
-0008,0334,1199,106,2024-12-30 04:50:11.682251
-0009,0331,1199,106,2024-12-30 04:50:11.713714
-0009,0342,1199,106,2024-12-30 04:50:11.730234
-0008,0331,1199,106,2024-12-30 04:50:11.746237
-0007,0341,1199,106,2024-12-30 04:50:11.762223
-0008,0342,1199,106,2024-12-30 04:50:11.778225
-0007,0341,1199,106,2024-12-30 04:50:11.794217
-0008,0340,1199,106,2024-12-30 04:50:11.810208
-0009,0337,1199,106,2024-12-30 04:50:11.826210
-0009,0342,1199,106,2024-12-30 04:50:11.842206
-0006,0337,1199,106,2024-12-30 04:50:11.858208
-0008,0335,1199,106,2024-12-30 04:50:11.890103
-0009,0337,1199,106,2024-12-30 04:50:11.906195
-0008,0334,1199,106,2024-12-30 04:50:11.922192
-0008,0345,1198,106,2024-12-30 04:50:11.938188
-0008,0338,1199,106,2024-12-30 04:50:11.954184
-0009,0331,1199,106,2024-12-30 04:50:11.970177
-0009,0340,1199,106,2024-12-30 04:50:11.986182
-0008,0338,1199,106,2024-12-30 04:50:12.002178
-0008,0331,1199,106,2024-12-30 04:50:12.018165
-0007,0331,1199,106,2024-12-30 04:50:12.049735
-0009,0337,1199,106,2024-12-30 04:50:12.066162
-0009,0340,1199,106,2024-12-30 04:50:12.082156
-0008,0342,1199,106,2024-12-30 04:50:12.098155
-0008,0334,1199,106,2024-12-30 04:50:12.114160
-0009,0333,1199,106,2024-12-30 04:50:12.130153
-0008,0340,1199,106,2024-12-30 04:50:12.146153
-0008,0341,1199,106,2024-12-30 04:50:12.162143
-0009,0336,1199,106,2024-12-30 04:50:12.178149
-0008,0335,1199,106,2024-12-30 04:50:12.194139
-0008,0343,1198,106,2024-12-30 04:50:12.226131
-0008,0329,1199,106,2024-12-30 04:50:12.242133
-0009,0334,1199,106,2024-12-30 04:50:12.258121
-0009,0333,1199,106,2024-12-30 04:50:12.274111
-0008,0341,1199,106,2024-12-30 04:50:12.290115
-0009,0339,1199,106,2024-12-30 04:50:12.306120
-0010,0332,1198,106,2024-12-30 04:50:12.322119
-0009,0336,1199,106,2024-12-30 04:50:12.338111
-0007,0337,1199,106,2024-12-30 04:50:12.354111
-0009,0335,1198,106,2024-12-30 04:50:12.385743
-0009,0342,1198,106,2024-12-30 04:50:12.402090
-0009,0341,1199,106,2024-12-30 04:50:12.418079
-0009,0332,1199,106,2024-12-30 04:50:12.434071
-0009,0332,1198,106,2024-12-30 04:50:12.450079
-0007,0331,1199,106,2024-12-30 04:50:12.466287
-0009,0334,1198,106,2024-12-30 04:50:12.482096
-0008,0332,1198,106,2024-12-30 04:50:12.498067
-0009,0339,1198,106,2024-12-30 04:50:12.514072
-0008,0330,1199,106,2024-12-30 04:50:12.545404
-0008,0337,1198,106,2024-12-30 04:50:12.562054
-0009,0336,1198,106,2024-12-30 04:50:12.578057
-0009,0332,1199,106,2024-12-30 04:50:12.594048
-0008,0342,1199,106,2024-12-30 04:50:12.610040
-0008,0336,1199,106,2024-12-30 04:50:12.626042
-0008,0332,1199,106,2024-12-30 04:50:12.642044
-0009,0330,1198,106,2024-12-30 04:50:12.658034
-0008,0332,1199,106,2024-12-30 04:50:12.674030
-0008,0338,1199,106,2024-12-30 04:50:12.690036
-0008,0332,1199,106,2024-12-30 04:50:12.721774
-0009,0331,1199,106,2024-12-30 04:50:12.738034
-0009,0333,1198,106,2024-12-30 04:50:12.754009
-0009,0339,1198,106,2024-12-30 04:50:12.770009
-0009,0341,1198,106,2024-12-30 04:50:12.786012
-0006,0339,1199,106,2024-12-30 04:50:12.802003
-0009,0332,1198,106,2024-12-30 04:50:12.817999
-0010,0327,1198,106,2024-12-30 04:50:12.834009
-0009,0334,1199,106,2024-12-30 04:50:12.849996
-0008,0338,1198,106,2024-12-30 04:50:12.881411
-0008,0341,1198,106,2024-12-30 04:50:12.897985
-0009,0336,1198,106,2024-12-30 04:50:12.913978
-0007,0337,1199,106,2024-12-30 04:50:12.929976
-0008,0335,1198,106,2024-12-30 04:50:12.945980
-0008,0335,1198,106,2024-12-30 04:50:12.961970
-0008,0343,1199,106,2024-12-30 04:50:12.977970
-0008,0334,1198,106,2024-12-30 04:50:12.993964
-0009,0338,1198,106,2024-12-30 04:50:13.009958
-0009,0340,1199,106,2024-12-30 04:50:13.025961
-0008,0335,1199,106,2024-12-30 04:50:13.057812
-0008,0332,1199,106,2024-12-30 04:50:13.073945
-0008,0330,1198,106,2024-12-30 04:50:13.089949
-0009,0340,1198,106,2024-12-30 04:50:13.105946
-0009,0339,1198,106,2024-12-30 04:50:13.121932
-0008,0336,1198,106,2024-12-30 04:50:13.137938
-0008,0333,1199,106,2024-12-30 04:50:13.153931
-0010,0334,1198,106,2024-12-30 04:50:13.169925
-0008,0340,1198,106,2024-12-30 04:50:13.185922
-0008,0334,1198,106,2024-12-30 04:50:13.217439
-0008,0337,1199,106,2024-12-30 04:50:13.233924
-0008,0334,1198,106,2024-12-30 04:50:13.249917
-0008,0334,1198,106,2024-12-30 04:50:13.265904
-0008,0335,1198,106,2024-12-30 04:50:13.281926
-0008,0335,1198,106,2024-12-30 04:50:13.297898
-0009,0328,1198,106,2024-12-30 04:50:13.313910
-0008,0334,1198,106,2024-12-30 04:50:13.329895
-0009,0335,1198,106,2024-12-30 04:50:13.345895
-0008,0341,1198,106,2024-12-30 04:50:13.361886
-0010,0338,1198,106,2024-12-30 04:50:13.393825
-0008,0334,1198,106,2024-12-30 04:50:13.409888
-0009,0337,1199,106,2024-12-30 04:50:13.425872
-0008,0340,1198,106,2024-12-30 04:50:13.441869
-0009,0339,1199,106,2024-12-30 04:50:13.457869
-0008,0339,1198,106,2024-12-30 04:50:13.473869
-0008,0331,1198,106,2024-12-30 04:50:13.489873
-0010,0336,1198,106,2024-12-30 04:50:13.505856
-0009,0334,1198,106,2024-12-30 04:50:13.521855
-0007,0340,1198,106,2024-12-30 04:50:13.553453
-0008,0339,1198,106,2024-12-30 04:50:13.569846
-0009,0341,1198,106,2024-12-30 04:50:13.585845
-0008,0341,1198,106,2024-12-30 04:50:13.601838
-0009,0330,1198,106,2024-12-30 04:50:13.617830
-0008,0342,1198,106,2024-12-30 04:50:13.633838
-0009,0338,1198,106,2024-12-30 04:50:13.649829
-0009,0334,1198,106,2024-12-30 04:50:13.665829
-0008,0330,1198,106,2024-12-30 04:50:13.681821
-0007,0329,1198,106,2024-12-30 04:50:13.697819
-0009,0342,1198,106,2024-12-30 04:50:13.729812
-0009,0344,1198,106,2024-12-30 04:50:13.745808
-0009,0332,1198,106,2024-12-30 04:50:13.761806
-0009,0334,1198,106,2024-12-30 04:50:13.777809
-0008,0331,1198,106,2024-12-30 04:50:13.793816
-0008,0335,1198,106,2024-12-30 04:50:13.809810
-0009,0336,1198,106,2024-12-30 04:50:13.825793
-0009,0336,1198,106,2024-12-30 04:50:13.841798
-0009,0334,1198,106,2024-12-30 04:50:13.857793
-0009,0338,1198,106,2024-12-30 04:50:13.889491
-0008,0336,1198,106,2024-12-30 04:50:13.905782
-0010,0341,1198,106,2024-12-30 04:50:13.921773
-0009,0336,1198,106,2024-12-30 04:50:13.937763
-0008,0341,1198,106,2024-12-30 04:50:13.953766
-0008,0328,1198,106,2024-12-30 04:50:13.969761
-0009,0335,1198,106,2024-12-30 04:50:13.985769
-0010,0330,1198,106,2024-12-30 04:50:14.001757
-0009,0334,1198,106,2024-12-30 04:50:14.017753
-0008,0336,1198,106,2024-12-30 04:50:14.049134
-0008,0334,1198,106,2024-12-30 04:50:14.065743
-0010,0338,1198,106,2024-12-30 04:50:14.081726
-0009,0334,1198,106,2024-12-30 04:50:14.097735
-0009,0334,1198,106,2024-12-30 04:50:14.113730
-0009,0335,1198,106,2024-12-30 04:50:14.129727
-0007,0335,1198,106,2024-12-30 04:50:14.145717
-0008,0339,1198,106,2024-12-30 04:50:14.161722
-0008,0334,1198,106,2024-12-30 04:50:14.177716
-0009,0329,1198,106,2024-12-30 04:50:14.193715
-0009,0333,1199,106,2024-12-30 04:50:14.225516
-0009,0336,1198,106,2024-12-30 04:50:14.241729
-0008,0340,1198,106,2024-12-30 04:50:14.257712
-0009,0331,1198,106,2024-12-30 04:50:14.273714
-0008,0326,1198,106,2024-12-30 04:50:14.289718
-0008,0335,1198,106,2024-12-30 04:50:14.305722
-0008,0340,1198,106,2024-12-30 04:50:14.321723
-0009,0336,1198,106,2024-12-30 04:50:14.337719
-0008,0337,1198,106,2024-12-30 04:50:14.353721
-0009,0333,1198,106,2024-12-30 04:50:14.385168
-0008,0328,1198,106,2024-12-30 04:50:14.401731
-0008,0335,1198,106,2024-12-30 04:50:14.417659
-0009,0336,1198,106,2024-12-30 04:50:14.433661
-0008,0337,1198,106,2024-12-30 04:50:14.449650
-0008,0336,1198,106,2024-12-30 04:50:14.465656
-0009,0339,1198,106,2024-12-30 04:50:14.481644
-0008,0338,1198,106,2024-12-30 04:50:14.497644
-0007,0332,1198,106,2024-12-30 04:50:14.513639
-0008,0335,1198,106,2024-12-30 04:50:14.529637
-0008,0337,1198,106,2024-12-30 04:50:14.561522
-0008,0337,1198,106,2024-12-30 04:50:14.577633
-0010,0334,1198,106,2024-12-30 04:50:14.593639
-0010,0338,1198,106,2024-12-30 04:50:14.609638
-0007,0336,1198,106,2024-12-30 04:50:14.625623
-0009,0332,1198,106,2024-12-30 04:50:14.641612
-0009,0335,1198,106,2024-12-30 04:50:14.657612
-0008,0336,1198,106,2024-12-30 04:50:14.673611
-0007,0339,1198,106,2024-12-30 04:50:14.689608
-0009,0340,1198,106,2024-12-30 04:50:14.721163
-0008,0333,1198,106,2024-12-30 04:50:14.737598
-0008,0339,1198,106,2024-12-30 04:50:14.753598
-0008,0338,1198,106,2024-12-30 04:50:14.769590
-0008,0337,1198,106,2024-12-30 04:50:14.785580
-0008,0332,1198,106,2024-12-30 04:50:14.801586
-0007,0331,1198,106,2024-12-30 04:50:14.817576
-0008,0333,1198,106,2024-12-30 04:50:14.833582
-0008,0327,1198,106,2024-12-30 04:50:14.849570
-0009,0334,1198,106,2024-12-30 04:50:14.865569
-0009,0335,1198,106,2024-12-30 04:50:14.897564
-0008,0335,1198,106,2024-12-30 04:50:14.913553
-0009,0334,1198,106,2024-12-30 04:50:14.929557
-0007,0337,1197,106,2024-12-30 04:50:14.945551
-0007,0352,1198,106,2024-12-30 04:50:14.961556
-0008,0334,1198,106,2024-12-30 04:50:14.977537
-0009,0330,1197,106,2024-12-30 04:50:14.993537
-0008,0345,1198,106,2024-12-30 04:50:15.009538
-0008,0341,1198,106,2024-12-30 04:50:15.025535
-0009,0336,1198,106,2024-12-30 04:50:15.057201
-0009,0329,1198,106,2024-12-30 04:50:15.073524
-0010,0331,1198,106,2024-12-30 04:50:15.089522
-0008,0333,1198,106,2024-12-30 04:50:15.105515
-0008,0338,1198,106,2024-12-30 04:50:15.121508
-0009,0337,1198,106,2024-12-30 04:50:15.137506
-0008,0332,1198,106,2024-12-30 04:50:15.153502
-0008,0338,1198,106,2024-12-30 04:50:15.169502
-0008,0332,1198,106,2024-12-30 04:50:15.185495
-0008,0335,1198,106,2024-12-30 04:50:15.216822
-0008,0338,1198,106,2024-12-30 04:50:15.233491
-0009,0330,1198,106,2024-12-30 04:50:15.249491
-0008,0330,1198,106,2024-12-30 04:50:15.265487
-0009,0340,1198,106,2024-12-30 04:50:15.281479
-0007,0332,1197,106,2024-12-30 04:50:15.297463
-0008,0348,1198,106,2024-12-30 04:50:15.313468
-0008,0335,1198,106,2024-12-30 04:50:15.329474
-0008,0334,1198,106,2024-12-30 04:50:15.345467
-0008,0329,1198,106,2024-12-30 04:50:15.361452
-0008,0334,1198,106,2024-12-30 04:50:15.393203
-0009,0337,1198,106,2024-12-30 04:50:15.409448
-0008,0339,1197,106,2024-12-30 04:50:15.425442
-0008,0336,1198,106,2024-12-30 04:50:15.441443
-0009,0335,1198,106,2024-12-30 04:50:15.457442
-0008,0335,1198,106,2024-12-30 04:50:15.473433
-0008,0329,1198,106,2024-12-30 04:50:15.489429
-0008,0339,1198,106,2024-12-30 04:50:15.505428
-0009,0333,1198,106,2024-12-30 04:50:15.521418
-0008,0325,1198,106,2024-12-30 04:50:15.552838
-0009,0335,1198,106,2024-12-30 04:50:15.569414
-0009,0332,1198,106,2024-12-30 04:50:15.585406
-0009,0338,1198,106,2024-12-30 04:50:15.601401
-0008,0330,1198,106,2024-12-30 04:50:15.617398
-0009,0334,1198,106,2024-12-30 04:50:15.633393
-0007,0330,1198,106,2024-12-30 04:50:15.649396
-0010,0329,1198,106,2024-12-30 04:50:15.665384
-0009,0330,1198,106,2024-12-30 04:50:15.681387
-0008,0332,1198,106,2024-12-30 04:50:15.697388
-0008,0333,1198,106,2024-12-30 04:50:15.729221
-0009,0335,1197,106,2024-12-30 04:50:15.745380
-0008,0346,1198,106,2024-12-30 04:50:15.761383
-0009,0332,1197,106,2024-12-30 04:50:15.777367
-0008,0351,1198,106,2024-12-30 04:50:15.793371
-0008,0332,1198,106,2024-12-30 04:50:15.809365
-0008,0334,1198,106,2024-12-30 04:50:15.825367
-0009,0334,1198,106,2024-12-30 04:50:15.841357
-0009,0332,1198,106,2024-12-30 04:50:15.857352
-0008,0329,1198,106,2024-12-30 04:50:15.888866
-0008,0339,1198,106,2024-12-30 04:50:15.905336
-0008,0333,1197,106,2024-12-30 04:50:15.921334
-0007,0352,1197,106,2024-12-30 04:50:15.937330
-0008,0349,1198,106,2024-12-30 04:50:15.953324
-0008,0336,1198,106,2024-12-30 04:50:15.969331
-0010,0331,1198,106,2024-12-30 04:50:15.985321
-0008,0333,1197,106,2024-12-30 04:50:16.001314
-0009,0341,1198,106,2024-12-30 04:50:16.017314
-0008,0335,1197,106,2024-12-30 04:50:16.033316
-0009,0353,1198,106,2024-12-30 04:50:16.065253
-0009,0338,1198,106,2024-12-30 04:50:16.081301
-0009,0335,1198,106,2024-12-30 04:50:16.097301
-0009,0336,1198,106,2024-12-30 04:50:16.113290
-0009,0331,1198,106,2024-12-30 04:50:16.129295
-0008,0336,1198,106,2024-12-30 04:50:16.145288
-0008,0328,1197,106,2024-12-30 04:50:16.161290
-0006,0349,1197,106,2024-12-30 04:50:16.177284
-0007,0352,1197,106,2024-12-30 04:50:16.193285
-0008,0348,1197,106,2024-12-30 04:50:16.224882
-0008,0345,1197,106,2024-12-30 04:50:16.241277
-0009,0348,1197,106,2024-12-30 04:50:16.257267
-0007,0341,1198,106,2024-12-30 04:50:16.273263
-0008,0334,1198,106,2024-12-30 04:50:16.289258
-0008,0335,1197,106,2024-12-30 04:50:16.305268
-0008,0354,1197,106,2024-12-30 04:50:16.321248
-0008,0339,1198,106,2024-12-30 04:50:16.337253
-0008,0337,1197,106,2024-12-30 04:50:16.353245
-0008,0343,1197,106,2024-12-30 04:50:16.369233
-0008,0346,1197,106,2024-12-30 04:50:16.401229
-0008,0350,1198,106,2024-12-30 04:50:16.417232
-0008,0331,1197,106,2024-12-30 04:50:16.433237
-0009,0341,1198,106,2024-12-30 04:50:16.449244
-0008,0336,1197,106,2024-12-30 04:50:16.465217
-0008,0349,1197,106,2024-12-30 04:50:16.481212
-0008,0350,1198,106,2024-12-30 04:50:16.497215
-0010,0324,1197,106,2024-12-30 04:50:16.513207
-0008,0340,1198,106,2024-12-30 04:50:16.529202
-0008,0336,1198,106,2024-12-30 04:50:16.560920
-0007,0330,1198,106,2024-12-30 04:50:16.577195
-0008,0328,1198,106,2024-12-30 04:50:16.593190
-0009,0326,1198,106,2024-12-30 04:50:16.609195
-0007,0331,1198,106,2024-12-30 04:50:16.625181
-0009,0329,1197,106,2024-12-30 04:50:16.641189
-0008,0346,1198,106,2024-12-30 04:50:16.657189
-0008,0343,1197,106,2024-12-30 04:50:16.673174
-0008,0349,1197,106,2024-12-30 04:50:16.689166
-0008,0343,1198,106,2024-12-30 04:50:16.720550
-0009,0336,1197,106,2024-12-30 04:50:16.737168
-0008,0345,1197,106,2024-12-30 04:50:16.753157
-0007,0350,1197,106,2024-12-30 04:50:16.769157
-0009,0343,1197,106,2024-12-30 04:50:16.785149
-0008,0348,1197,106,2024-12-30 04:50:16.801156
-0008,0351,1197,106,2024-12-30 04:50:16.817159
-0007,0346,1197,106,2024-12-30 04:50:16.833138
-0007,0346,1197,106,2024-12-30 04:50:16.849138
-0008,0349,1197,106,2024-12-30 04:50:16.865133
-0008,0350,1197,106,2024-12-30 04:50:16.896936
-0008,0341,1197,106,2024-12-30 04:50:16.913123
-0008,0344,1197,106,2024-12-30 04:50:16.929127
-0010,0342,1197,106,2024-12-30 04:50:16.945113
-0008,0343,1198,106,2024-12-30 04:50:16.961119
-0008,0336,1197,106,2024-12-30 04:50:16.977103
-0008,0350,1197,106,2024-12-30 04:50:16.993106
-0007,0345,1198,106,2024-12-30 04:50:17.009097
-0008,0331,1197,106,2024-12-30 04:50:17.025104
-0009,0342,1197,106,2024-12-30 04:50:17.056567
-0008,0343,1197,106,2024-12-30 04:50:17.073087
-0009,0343,1197,106,2024-12-30 04:50:17.089080
-0007,0350,1197,106,2024-12-30 04:50:17.105081
-0007,0349,1197,106,2024-12-30 04:50:17.121072
-0008,0346,1197,106,2024-12-30 04:50:17.137077
-0010,0344,1197,106,2024-12-30 04:50:17.153073
-0008,0350,1197,106,2024-12-30 04:50:17.169075
-0007,0349,1197,106,2024-12-30 04:50:17.185079
-0007,0347,1197,106,2024-12-30 04:50:17.201075
-0008,0349,1197,106,2024-12-30 04:50:17.232954
-0006,0352,1197,106,2024-12-30 04:50:17.249096
-0008,0341,1197,106,2024-12-30 04:50:17.265079
-0009,0342,1197,106,2024-12-30 04:50:17.281083
-0007,0348,1197,106,2024-12-30 04:50:17.297087
-0009,0351,1197,106,2024-12-30 04:50:17.313097
-0008,0348,1197,106,2024-12-30 04:50:17.329095
-0009,0352,1197,106,2024-12-30 04:50:17.345096
-0007,0343,1197,106,2024-12-30 04:50:17.361093
-0006,0349,1197,106,2024-12-30 04:50:17.392579
-0008,0343,1197,106,2024-12-30 04:50:17.409020
-0008,0345,1197,106,2024-12-30 04:50:17.425007
-0007,0350,1197,106,2024-12-30 04:50:17.441014
-0008,0348,1197,106,2024-12-30 04:50:17.457004
-0006,0359,1197,106,2024-12-30 04:50:17.473003
-0007,0346,1197,106,2024-12-30 04:50:17.488991
-0007,0349,1197,106,2024-12-30 04:50:17.504998
-0007,0347,1197,106,2024-12-30 04:50:17.520994
-0009,0344,1197,106,2024-12-30 04:50:17.537005
-0007,0346,1197,106,2024-12-30 04:50:17.568966
-0009,0345,1198,106,2024-12-30 04:50:17.584985
-0009,0333,1197,106,2024-12-30 04:50:17.600972
-0008,0340,1197,106,2024-12-30 04:50:17.616978
-0008,0350,1197,106,2024-12-30 04:50:17.632970
-0008,0346,1197,106,2024-12-30 04:50:17.648965
-0008,0345,1197,106,2024-12-30 04:50:17.664966
-0008,0344,1197,106,2024-12-30 04:50:17.680950
-0007,0350,1197,106,2024-12-30 04:50:17.696960
-0008,0350,1197,106,2024-12-30 04:50:17.728620
-0009,0347,1197,106,2024-12-30 04:50:17.744952
-0007,0349,1197,106,2024-12-30 04:50:17.760950
-0007,0346,1197,106,2024-12-30 04:50:17.776946
-0007,0349,1197,106,2024-12-30 04:50:17.792945
-0007,0344,1197,106,2024-12-30 04:50:17.808945
-0009,0348,1197,106,2024-12-30 04:50:17.824930
-0007,0348,1197,106,2024-12-30 04:50:17.840935
-0007,0343,1197,106,2024-12-30 04:50:17.856925
-0007,0337,1197,106,2024-12-30 04:50:17.888250
-0008,0347,1197,106,2024-12-30 04:50:17.904924
-0008,0344,1197,106,2024-12-30 04:50:17.920918
-0007,0343,1197,106,2024-12-30 04:50:17.936902
-0008,0350,1197,106,2024-12-30 04:50:17.952905
-0008,0350,1197,106,2024-12-30 04:50:17.968896
-0007,0348,1197,106,2024-12-30 04:50:17.984893
-0007,0343,1197,106,2024-12-30 04:50:18.000891
-0008,0346,1197,106,2024-12-30 04:50:18.016889
-0008,0339,1197,106,2024-12-30 04:50:18.032889
-0006,0350,1197,106,2024-12-30 04:50:18.064646
-0009,0348,1197,106,2024-12-30 04:50:18.080873
-0008,0348,1197,106,2024-12-30 04:50:18.096873
-0006,0342,1197,106,2024-12-30 04:50:18.112865
-0009,0345,1197,106,2024-12-30 04:50:18.128869
-0008,0344,1197,106,2024-12-30 04:50:18.144876
-0007,0352,1197,106,2024-12-30 04:50:18.160855
-0009,0343,1197,106,2024-12-30 04:50:18.176853
-0007,0352,1197,106,2024-12-30 04:50:18.192842
-0008,0347,1197,106,2024-12-30 04:50:18.224263
-0008,0338,1197,106,2024-12-30 04:50:18.240857
-0008,0353,1197,106,2024-12-30 04:50:18.256836
-0009,0341,1198,106,2024-12-30 04:50:18.272839
-0009,0333,1197,106,2024-12-30 04:50:18.288839
-0008,0339,1197,106,2024-12-30 04:50:18.304829
-0007,0351,1197,106,2024-12-30 04:50:18.320825
-0007,0348,1197,106,2024-12-30 04:50:18.336819
-0009,0350,1197,106,2024-12-30 04:50:18.352828
-0008,0345,1197,106,2024-12-30 04:50:18.368812
-0007,0349,1197,106,2024-12-30 04:50:18.400675
-0007,0347,1197,106,2024-12-30 04:50:18.416818
-0007,0342,1197,106,2024-12-30 04:50:18.432802
-0007,0343,1197,106,2024-12-30 04:50:18.448798
-0008,0343,1197,106,2024-12-30 04:50:18.464802
-0008,0344,1197,106,2024-12-30 04:50:18.480784
-0008,0349,1197,106,2024-12-30 04:50:18.496792
-0008,0347,1197,106,2024-12-30 04:50:18.512784
-0009,0347,1197,106,2024-12-30 04:50:18.528785
-0007,0349,1197,106,2024-12-30 04:50:18.560318
-0008,0348,1197,106,2024-12-30 04:50:18.576774
-0008,0348,1197,106,2024-12-30 04:50:18.592770
-0007,0339,1197,106,2024-12-30 04:50:18.608763
-0007,0343,1197,106,2024-12-30 04:50:18.624763
-0008,0348,1197,106,2024-12-30 04:50:18.640756
-0010,0349,1197,106,2024-12-30 04:50:18.656754
-0008,0351,1197,106,2024-12-30 04:50:18.672756
-0009,0340,1197,106,2024-12-30 04:50:18.688744
-0008,0340,1197,106,2024-12-30 04:50:18.704744
-0008,0345,1197,106,2024-12-30 04:50:18.736686
-0007,0342,1197,106,2024-12-30 04:50:18.752738
-0007,0346,1197,106,2024-12-30 04:50:18.768734
-0008,0343,1197,106,2024-12-30 04:50:18.784740
-0008,0346,1197,106,2024-12-30 04:50:18.800723
-0007,0345,1197,106,2024-12-30 04:50:18.816722
-0009,0349,1197,106,2024-12-30 04:50:18.832714
-0007,0344,1197,106,2024-12-30 04:50:18.848719
-0008,0340,1197,106,2024-12-30 04:50:18.864705
-0007,0343,1197,106,2024-12-30 04:50:18.896313
-0009,0337,1197,106,2024-12-30 04:50:18.912698
-0008,0350,1197,106,2024-12-30 04:50:18.928693
-0009,0342,1197,106,2024-12-30 04:50:18.944692
-0009,0342,1196,106,2024-12-30 04:50:18.960691
-0006,0343,1197,106,2024-12-30 04:50:18.976684
-0008,0340,1197,106,2024-12-30 04:50:18.992684
-0008,0338,1196,106,2024-12-30 04:50:19.008679
-0009,0347,1197,106,2024-12-30 04:50:19.024677
-0008,0349,1197,106,2024-12-30 04:50:19.040687
-0008,0345,1197,106,2024-12-30 04:50:19.072666
-0008,0342,1197,106,2024-12-30 04:50:19.088655
-0008,0346,1197,106,2024-12-30 04:50:19.104665
-0007,0349,1197,106,2024-12-30 04:50:19.120645
-0008,0348,1197,106,2024-12-30 04:50:19.136653
-0008,0348,1197,106,2024-12-30 04:50:19.152657
-0007,0340,1197,106,2024-12-30 04:50:19.168641
-0008,0346,1197,106,2024-12-30 04:50:19.184647
-0007,0343,1196,106,2024-12-30 04:50:19.200639
-0008,0344,1197,106,2024-12-30 04:50:19.232348
-0008,0346,1197,106,2024-12-30 04:50:19.248634
-0007,0346,1197,106,2024-12-30 04:50:19.264628
-0008,0345,1197,106,2024-12-30 04:50:19.280614
-0008,0351,1197,106,2024-12-30 04:50:19.296615
-0008,0343,1197,106,2024-12-30 04:50:19.312612
-0007,0344,1197,106,2024-12-30 04:50:19.328615
-0009,0342,1197,106,2024-12-30 04:50:19.344608
-0008,0346,1196,106,2024-12-30 04:50:19.360609
-0008,0348,1197,106,2024-12-30 04:50:19.391970
-0007,0347,1197,106,2024-12-30 04:50:19.408600
-0008,0343,1197,106,2024-12-30 04:50:19.424585
-0009,0338,1197,106,2024-12-30 04:50:19.440584
-0007,0344,1197,106,2024-12-30 04:50:19.456580
-0007,0336,1197,106,2024-12-30 04:50:19.472579
-0008,0339,1197,106,2024-12-30 04:50:19.488569
-0008,0343,1196,106,2024-12-30 04:50:19.504569
-0007,0348,1197,106,2024-12-30 04:50:19.520572
-0008,0340,1197,106,2024-12-30 04:50:19.536574
-0008,0341,1196,106,2024-12-30 04:50:19.568359
-0007,0339,1197,106,2024-12-30 04:50:19.584556
-0008,0344,1197,106,2024-12-30 04:50:19.600551
-0008,0343,1197,106,2024-12-30 04:50:19.616550
-0007,0347,1197,106,2024-12-30 04:50:19.632543
-0008,0344,1197,106,2024-12-30 04:50:19.648533
-0009,0343,1197,106,2024-12-30 04:50:19.664537
-0007,0335,1197,106,2024-12-30 04:50:19.680531
-0007,0340,1197,106,2024-12-30 04:50:19.696531
-0010,0344,1197,106,2024-12-30 04:50:19.728000
-0008,0341,1197,106,2024-12-30 04:50:19.744522
-0008,0341,1197,106,2024-12-30 04:50:19.760522
-0007,0349,1197,106,2024-12-30 04:50:19.776527
-0009,0348,1197,106,2024-12-30 04:50:19.792539
-0007,0345,1196,106,2024-12-30 04:50:19.808538
-0008,0345,1197,106,2024-12-30 04:50:19.824519
-0008,0342,1196,106,2024-12-30 04:50:19.840508
-0009,0347,1197,106,2024-12-30 04:50:19.856493
-0008,0349,1197,106,2024-12-30 04:50:19.872501
-0008,0345,1197,106,2024-12-30 04:50:19.904410
-0008,0346,1196,106,2024-12-30 04:50:19.920478
-0007,0344,1197,106,2024-12-30 04:50:19.936489
-0008,0346,1197,106,2024-12-30 04:50:19.952477
-0007,0339,1196,106,2024-12-30 04:50:19.968469
-0007,0338,1197,106,2024-12-30 04:50:19.984468
-0009,0341,1196,106,2024-12-30 04:50:20.000462
-0008,0343,1197,106,2024-12-30 04:50:20.016460
-0009,0347,1196,106,2024-12-30 04:50:20.032459
-0008,0346,1197,106,2024-12-30 04:50:20.064031
-0008,0337,1197,106,2024-12-30 04:50:20.080454
-0007,0350,1197,106,2024-12-30 04:50:20.096443
-0007,0348,1196,106,2024-12-30 04:50:20.112432
-0007,0343,1197,106,2024-12-30 04:50:20.128438
-0009,0343,1197,106,2024-12-30 04:50:20.144445
-0007,0342,1197,106,2024-12-30 04:50:20.160447
-0008,0342,1196,106,2024-12-30 04:50:20.176444
-0008,0343,1197,106,2024-12-30 04:50:20.192452
-0007,0345,1196,106,2024-12-30 04:50:20.208451
-0008,0341,1197,106,2024-12-30 04:50:20.240444
-0007,0340,1197,106,2024-12-30 04:50:20.256461
-0009,0347,1196,106,2024-12-30 04:50:20.272461
-0008,0339,1197,106,2024-12-30 04:50:20.288457
-0008,0340,1196,106,2024-12-30 04:50:20.304467
-0008,0336,1197,106,2024-12-30 04:50:20.320468
-0008,0342,1196,106,2024-12-30 04:50:20.336392
-0008,0340,1196,106,2024-12-30 04:50:20.352391
-0008,0345,1197,106,2024-12-30 04:50:20.368384
-0008,0342,1196,106,2024-12-30 04:50:20.400060
-0008,0341,1197,106,2024-12-30 04:50:20.416384
-0008,0344,1197,106,2024-12-30 04:50:20.432380
-0008,0342,1197,106,2024-12-30 04:50:20.448380
-0008,0347,1196,106,2024-12-30 04:50:20.464371
-0008,0337,1196,106,2024-12-30 04:50:20.480376
-0008,0339,1196,106,2024-12-30 04:50:20.496362
-0008,0339,1196,106,2024-12-30 04:50:20.512360
-0008,0352,1196,106,2024-12-30 04:50:20.528368
-0007,0340,1197,106,2024-12-30 04:50:20.559689
-0009,0347,1196,106,2024-12-30 04:50:20.576348
-0008,0341,1197,106,2024-12-30 04:50:20.592346
-0007,0342,1196,106,2024-12-30 04:50:20.608334
-0008,0352,1196,106,2024-12-30 04:50:20.624334
-0008,0340,1196,106,2024-12-30 04:50:20.640338
-0007,0340,1196,106,2024-12-30 04:50:20.656321
-0007,0340,1196,106,2024-12-30 04:50:20.672326
-0009,0344,1196,106,2024-12-30 04:50:20.688318
-0008,0346,1196,106,2024-12-30 04:50:20.704320
-0008,0343,1197,106,2024-12-30 04:50:20.736084
-0008,0342,1196,106,2024-12-30 04:50:20.752312
-0008,0340,1196,106,2024-12-30 04:50:20.768307
-0008,0341,1196,106,2024-12-30 04:50:20.784306
-0007,0341,1197,106,2024-12-30 04:50:20.800306
-0007,0345,1196,106,2024-12-30 04:50:20.816295
-0008,0346,1196,106,2024-12-30 04:50:20.832300
-0008,0340,1196,106,2024-12-30 04:50:20.848292
-0007,0341,1196,106,2024-12-30 04:50:20.864285
-0008,0348,1196,106,2024-12-30 04:50:20.895711
-0008,0338,1196,106,2024-12-30 04:50:20.912272
-0008,0342,1196,106,2024-12-30 04:50:20.928271
-0008,0344,1196,106,2024-12-30 04:50:20.944266
-0008,0339,1196,106,2024-12-30 04:50:20.960268
-0008,0342,1196,106,2024-12-30 04:50:20.976255
-0008,0339,1196,106,2024-12-30 04:50:20.992259
-0008,0342,1196,106,2024-12-30 04:50:21.008259
-0007,0345,1196,106,2024-12-30 04:50:21.024242
-0008,0340,1196,106,2024-12-30 04:50:21.040243
-0008,0340,1196,106,2024-12-30 04:50:21.072100
-0007,0352,1197,106,2024-12-30 04:50:21.088228
-0008,0348,1196,106,2024-12-30 04:50:21.104234
-0008,0340,1196,106,2024-12-30 04:50:21.120230
-0007,0344,1196,106,2024-12-30 04:50:21.136232
-0007,0340,1196,106,2024-12-30 04:50:21.152233
-0007,0347,1196,106,2024-12-30 04:50:21.168234
-0008,0343,1196,106,2024-12-30 04:50:21.184219
-0008,0336,1196,106,2024-12-30 04:50:21.200223
-0008,0339,1196,106,2024-12-30 04:50:21.231737
-0008,0342,1196,106,2024-12-30 04:50:21.248217
-0009,0335,1196,106,2024-12-30 04:50:21.264213
-0008,0343,1196,106,2024-12-30 04:50:21.280214
-0008,0344,1196,106,2024-12-30 04:50:21.296197
-0007,0345,1196,106,2024-12-30 04:50:21.312210
-0008,0344,1196,106,2024-12-30 04:50:21.328194
-0009,0351,1197,106,2024-12-30 04:50:21.344188
-0009,0345,1196,106,2024-12-30 04:50:21.360183
-0007,0341,1196,106,2024-12-30 04:50:21.376189
-0009,0354,1196,106,2024-12-30 04:50:21.408118
-0008,0338,1196,106,2024-12-30 04:50:21.424179
-0008,0339,1196,106,2024-12-30 04:50:21.440168
-0007,0343,1196,106,2024-12-30 04:50:21.456167
-0007,0348,1196,106,2024-12-30 04:50:21.472160
-0007,0343,1196,106,2024-12-30 04:50:21.488152
-0007,0342,1196,106,2024-12-30 04:50:21.504148
-0007,0342,1196,106,2024-12-30 04:50:21.520142
-0007,0345,1196,106,2024-12-30 04:50:21.536142
-0009,0347,1196,106,2024-12-30 04:50:21.567754
-0008,0342,1196,106,2024-12-30 04:50:21.584139
-0006,0339,1196,106,2024-12-30 04:50:21.600135
-0008,0345,1196,106,2024-12-30 04:50:21.616125
-0007,0345,1196,106,2024-12-30 04:50:21.632130
-0007,0339,1196,106,2024-12-30 04:50:21.648130
-0007,0339,1197,106,2024-12-30 04:50:21.664109
-0008,0339,1196,106,2024-12-30 04:50:21.680114
-0008,0341,1196,106,2024-12-30 04:50:21.696111
-0008,0340,1196,106,2024-12-30 04:50:21.712110
-0008,0333,1196,106,2024-12-30 04:50:21.744105
-0008,0336,1196,106,2024-12-30 04:50:21.760101
-0008,0342,1196,106,2024-12-30 04:50:21.776087
-0009,0343,1196,106,2024-12-30 04:50:21.792086
-0008,0348,1196,106,2024-12-30 04:50:21.808083
-0009,0342,1196,106,2024-12-30 04:50:21.824086
-0008,0338,1196,106,2024-12-30 04:50:21.840075
-0007,0336,1196,106,2024-12-30 04:50:21.856082
-0008,0345,1196,106,2024-12-30 04:50:21.872072
-0008,0345,1196,106,2024-12-30 04:50:21.903765
-0008,0338,1196,106,2024-12-30 04:50:21.920070
-0007,0342,1196,106,2024-12-30 04:50:21.936059
-0008,0345,1196,106,2024-12-30 04:50:21.952052
-0009,0340,1195,106,2024-12-30 04:50:21.968050
-0008,0343,1196,106,2024-12-30 04:50:21.984055
-0008,0343,1196,106,2024-12-30 04:50:22.000044
-0008,0341,1196,106,2024-12-30 04:50:22.016049
-0008,0343,1196,106,2024-12-30 04:50:22.032033
-0008,0341,1196,106,2024-12-30 04:50:22.063435
-0008,0346,1196,106,2024-12-30 04:50:22.080039
-0008,0346,1196,106,2024-12-30 04:50:22.096025
-0009,0337,1196,106,2024-12-30 04:50:22.112028
-0006,0340,1196,106,2024-12-30 04:50:22.128022
-0007,0342,1196,106,2024-12-30 04:50:22.144028
-0008,0341,1196,106,2024-12-30 04:50:22.160015
-0007,0338,1196,106,2024-12-30 04:50:22.176012
-0008,0346,1196,106,2024-12-30 04:50:22.192008
-0008,0335,1196,106,2024-12-30 04:50:22.208003
-0007,0339,1196,106,2024-12-30 04:50:22.239808
-0009,0341,1196,106,2024-12-30 04:50:22.256001
-0008,0341,1196,106,2024-12-30 04:50:22.271988
-0007,0340,1196,106,2024-12-30 04:50:22.287983
-0008,0333,1196,106,2024-12-30 04:50:22.303980
-0008,0342,1196,106,2024-12-30 04:50:22.319974
-0008,0340,1196,106,2024-12-30 04:50:22.335974
-0010,0344,1196,106,2024-12-30 04:50:22.351964
-0008,0339,1196,106,2024-12-30 04:50:22.367966
-0008,0345,1196,106,2024-12-30 04:50:22.399448
-0007,0340,1196,106,2024-12-30 04:50:22.415950
-0009,0338,1196,106,2024-12-30 04:50:22.431947
-0008,0341,1196,106,2024-12-30 04:50:22.447960
-0008,0343,1196,106,2024-12-30 04:50:22.463952
-0008,0338,1196,106,2024-12-30 04:50:22.479946
-0007,0340,1196,106,2024-12-30 04:50:22.495946
-0007,0346,1196,106,2024-12-30 04:50:22.511946
-0007,0343,1196,106,2024-12-30 04:50:22.527938
-0007,0342,1196,106,2024-12-30 04:50:22.543946
-0008,0348,1196,106,2024-12-30 04:50:22.575829
-0008,0341,1196,106,2024-12-30 04:50:22.591916
-0008,0347,1196,106,2024-12-30 04:50:22.607912
-0009,0338,1196,106,2024-12-30 04:50:22.623915
-0007,0340,1196,106,2024-12-30 04:50:22.639905
-0007,0334,1196,106,2024-12-30 04:50:22.655908
-0007,0334,1196,106,2024-12-30 04:50:22.671900
-0008,0344,1196,106,2024-12-30 04:50:22.687902
-0008,0338,1196,106,2024-12-30 04:50:22.703892
-0007,0339,1196,106,2024-12-30 04:50:22.735468
-0008,0336,1196,106,2024-12-30 04:50:22.751897
-0008,0343,1196,106,2024-12-30 04:50:22.767899
-0009,0344,1196,106,2024-12-30 04:50:22.783874
-0008,0348,1196,106,2024-12-30 04:50:22.799869
-0008,0342,1196,106,2024-12-30 04:50:22.815865
-0008,0339,1196,106,2024-12-30 04:50:22.831868
-0007,0340,1196,106,2024-12-30 04:50:22.847861
-0008,0347,1196,106,2024-12-30 04:50:22.863856
-0008,0339,1196,106,2024-12-30 04:50:22.879868
-0008,0345,1196,106,2024-12-30 04:50:22.911854
-0007,0345,1196,106,2024-12-30 04:50:22.927847
-0008,0346,1196,106,2024-12-30 04:50:22.943851
-0008,0341,1196,106,2024-12-30 04:50:22.959842
-0008,0335,1196,106,2024-12-30 04:50:22.975838
-0009,0332,1196,106,2024-12-30 04:50:22.991836
-0008,0341,1196,106,2024-12-30 04:50:23.007838
-0007,0346,1196,106,2024-12-30 04:50:23.023835
-0007,0345,1196,106,2024-12-30 04:50:23.039838
-0007,0343,1196,106,2024-12-30 04:50:23.071479
-0008,0344,1196,106,2024-12-30 04:50:23.087817
-0009,0339,1196,106,2024-12-30 04:50:23.103811
-0008,0337,1196,106,2024-12-30 04:50:23.119815
-0008,0347,1196,106,2024-12-30 04:50:23.135815
-0008,0347,1196,106,2024-12-30 04:50:23.151819
-0007,0346,1196,106,2024-12-30 04:50:23.167820
-0008,0339,1196,106,2024-12-30 04:50:23.183820
-0008,0339,1196,106,2024-12-30 04:50:23.199821
-0007,0341,1196,106,2024-12-30 04:50:23.231159
-0008,0343,1195,106,2024-12-30 04:50:23.247838
-0008,0340,1196,106,2024-12-30 04:50:23.263827
-0008,0344,1196,106,2024-12-30 04:50:23.279830
-0009,0339,1196,106,2024-12-30 04:50:23.295834
-0007,0338,1195,106,2024-12-30 04:50:23.311834
-0008,0344,1196,106,2024-12-30 04:50:23.327767
-0009,0340,1196,106,2024-12-30 04:50:23.343758
-0006,0342,1195,106,2024-12-30 04:50:23.359757
-0007,0341,1196,106,2024-12-30 04:50:23.375749
-0008,0347,1196,106,2024-12-30 04:50:23.407514
-0007,0338,1196,106,2024-12-30 04:50:23.423740
-0006,0340,1196,106,2024-12-30 04:50:23.439735
-0008,0341,1196,106,2024-12-30 04:50:23.455736
-0008,0341,1196,106,2024-12-30 04:50:23.471729
-0009,0343,1196,106,2024-12-30 04:50:23.487736
-0008,0347,1196,106,2024-12-30 04:50:23.503733
-0007,0344,1196,106,2024-12-30 04:50:23.519714
-0009,0327,1196,106,2024-12-30 04:50:23.535713
-0008,0334,1196,106,2024-12-30 04:50:23.567144
-0007,0340,1196,106,2024-12-30 04:50:23.583712
-0007,0341,1196,106,2024-12-30 04:50:23.599703
-0008,0342,1196,106,2024-12-30 04:50:23.615705
-0008,0344,1196,106,2024-12-30 04:50:23.631694
-0007,0333,1196,106,2024-12-30 04:50:23.647692
-0007,0340,1195,106,2024-12-30 04:50:23.663688
-0008,0333,1196,106,2024-12-30 04:50:23.679685
-0007,0337,1195,106,2024-12-30 04:50:23.695683
-0009,0342,1196,106,2024-12-30 04:50:23.711674
-0007,0342,1195,106,2024-12-30 04:50:23.743525
-0008,0341,1195,106,2024-12-30 04:50:23.759672
-0008,0341,1196,106,2024-12-30 04:50:23.775659
-0007,0336,1195,106,2024-12-30 04:50:23.791665
-0007,0341,1195,106,2024-12-30 04:50:23.807655
-0007,0341,1196,106,2024-12-30 04:50:23.823659
-0007,0345,1196,106,2024-12-30 04:50:23.839655
-0008,0338,1196,106,2024-12-30 04:50:23.855660
-0008,0340,1196,106,2024-12-30 04:50:23.871665
-0007,0340,1196,106,2024-12-30 04:50:23.903190
-0007,0340,1195,106,2024-12-30 04:50:23.919642
-0007,0343,1196,106,2024-12-30 04:50:23.935638
-0009,0338,1195,106,2024-12-30 04:50:23.951637
-0007,0342,1196,106,2024-12-30 04:50:23.967631
-0008,0343,1196,106,2024-12-30 04:50:23.983633
-0008,0338,1195,106,2024-12-30 04:50:23.999619
-0007,0349,1196,106,2024-12-30 04:50:24.015619
-0008,0338,1195,106,2024-12-30 04:50:24.031617
-0007,0335,1196,106,2024-12-30 04:50:24.047614
-0008,0344,1195,106,2024-12-30 04:50:24.079568
-0009,0339,1195,106,2024-12-30 04:50:24.095599
-0007,0339,1196,106,2024-12-30 04:50:24.111601
-0009,0343,1196,106,2024-12-30 04:50:24.127591
-0008,0339,1195,106,2024-12-30 04:50:24.143582
-0008,0336,1195,106,2024-12-30 04:50:24.159589
-0008,0343,1195,106,2024-12-30 04:50:24.175589
-0008,0340,1196,106,2024-12-30 04:50:24.191580
-0008,0343,1195,106,2024-12-30 04:50:24.207577
-0008,0343,1195,106,2024-12-30 04:50:24.239216
-0006,0340,1195,106,2024-12-30 04:50:24.255564
-0008,0341,1196,106,2024-12-30 04:50:24.271562
-0009,0337,1196,106,2024-12-30 04:50:24.287556
-0008,0341,1195,106,2024-12-30 04:50:24.303570
-0008,0345,1195,106,2024-12-30 04:50:24.319557
-0009,0341,1195,106,2024-12-30 04:50:24.335554
-0007,0335,1195,106,2024-12-30 04:50:24.351550
-0008,0333,1195,106,2024-12-30 04:50:24.367549
-0009,0339,1195,106,2024-12-30 04:50:24.383540
-0009,0340,1195,106,2024-12-30 04:50:24.415534
-0007,0338,1195,106,2024-12-30 04:50:24.431525
-0009,0347,1196,106,2024-12-30 04:50:24.447526
-0008,0337,1195,106,2024-12-30 04:50:24.463521
-0009,0336,1196,106,2024-12-30 04:50:24.479521
-0009,0340,1196,106,2024-12-30 04:50:24.495514
-0009,0330,1196,106,2024-12-30 04:50:24.511502
-0008,0338,1196,106,2024-12-30 04:50:24.527502
-0009,0342,1195,106,2024-12-30 04:50:24.543500
-0008,0340,1195,106,2024-12-30 04:50:24.575208
-0007,0338,1195,106,2024-12-30 04:50:24.591494
-0008,0336,1195,106,2024-12-30 04:50:24.607495
-0009,0336,1195,106,2024-12-30 04:50:24.623481
-0007,0337,1196,106,2024-12-30 04:50:24.639481
-0008,0343,1196,106,2024-12-30 04:50:24.655475
-0009,0339,1195,106,2024-12-30 04:50:24.671477
-0008,0340,1195,106,2024-12-30 04:50:24.687467
-0008,0339,1196,106,2024-12-30 04:50:24.703474
-0008,0338,1195,106,2024-12-30 04:50:24.734854
-0009,0341,1195,106,2024-12-30 04:50:24.751461
-0007,0333,1195,106,2024-12-30 04:50:24.767461
-0009,0340,1195,106,2024-12-30 04:50:24.783459
-0009,0333,1195,106,2024-12-30 04:50:24.799444
-0008,0333,1195,106,2024-12-30 04:50:24.815650
-0009,0334,1195,106,2024-12-30 04:50:24.831455
-0008,0341,1195,106,2024-12-30 04:50:24.847449
-0009,0338,1195,106,2024-12-30 04:50:24.863440
-0007,0339,1195,106,2024-12-30 04:50:24.879443
-0009,0342,1195,106,2024-12-30 04:50:24.911231
-0009,0345,1195,106,2024-12-30 04:50:24.927431
-0009,0335,1195,106,2024-12-30 04:50:24.943426
-0009,0342,1195,106,2024-12-30 04:50:24.959426
-0008,0340,1196,106,2024-12-30 04:50:24.975425
-0008,0336,1195,106,2024-12-30 04:50:24.991428
-0008,0338,1195,106,2024-12-30 04:50:25.007410
-0008,0338,1195,106,2024-12-30 04:50:25.023401
-0009,0338,1195,106,2024-12-30 04:50:25.039402
-0007,0341,1195,106,2024-12-30 04:50:25.070869
-0008,0338,1196,106,2024-12-30 04:50:25.087386
-0008,0339,1195,106,2024-12-30 04:50:25.103389
-0007,0341,1195,106,2024-12-30 04:50:25.119380
-0007,0337,1195,106,2024-12-30 04:50:25.135382
-0008,0345,1195,106,2024-12-30 04:50:25.151374
-0008,0340,1195,106,2024-12-30 04:50:25.167361
-0008,0335,1195,106,2024-12-30 04:50:25.183367
-0007,0340,1195,106,2024-12-30 04:50:25.199370
-0008,0335,1195,106,2024-12-30 04:50:25.215363
-0008,0341,1195,106,2024-12-30 04:50:25.247268
-0009,0340,1195,106,2024-12-30 04:50:25.263360
-0009,0340,1196,106,2024-12-30 04:50:25.279355
-0009,0337,1195,106,2024-12-30 04:50:25.295344
-0009,0342,1195,106,2024-12-30 04:50:25.311349
-0008,0344,1195,106,2024-12-30 04:50:25.327342
-0007,0337,1195,106,2024-12-30 04:50:25.343335
-0008,0340,1195,106,2024-12-30 04:50:25.359343
-0007,0339,1195,106,2024-12-30 04:50:25.375325
-0008,0334,1195,106,2024-12-30 04:50:25.406882
-0007,0337,1195,106,2024-12-30 04:50:25.423313
-0008,0337,1195,106,2024-12-30 04:50:25.439319
-0008,0344,1195,106,2024-12-30 04:50:25.455315
-0009,0336,1195,106,2024-12-30 04:50:25.471312
-0009,0339,1196,106,2024-12-30 04:50:25.487301
-0006,0341,1195,106,2024-12-30 04:50:25.503297
-0008,0339,1195,106,2024-12-30 04:50:25.519291
-0007,0336,1195,106,2024-12-30 04:50:25.535295
-0009,0339,1195,106,2024-12-30 04:50:25.551292
-0008,0344,1195,106,2024-12-30 04:50:25.583286
-0008,0340,1195,106,2024-12-30 04:50:25.599281
-0008,0344,1195,106,2024-12-30 04:50:25.615272
-0008,0341,1195,106,2024-12-30 04:50:25.631271
-0008,0341,1195,106,2024-12-30 04:50:25.647266
-0008,0335,1195,106,2024-12-30 04:50:25.663270
-0009,0340,1195,106,2024-12-30 04:50:25.679271
-0008,0335,1195,106,2024-12-30 04:50:25.695260
-0007,0337,1195,106,2024-12-30 04:50:25.711261
-0009,0338,1195,106,2024-12-30 04:50:25.742931
-0008,0338,1195,106,2024-12-30 04:50:25.759243
-0008,0340,1195,106,2024-12-30 04:50:25.775237
-0008,0336,1195,106,2024-12-30 04:50:25.791240
-0007,0339,1195,106,2024-12-30 04:50:25.807245
-0008,0340,1195,106,2024-12-30 04:50:25.823254
-0008,0336,1195,106,2024-12-30 04:50:25.839253
-0009,0332,1195,106,2024-12-30 04:50:25.855240
-0008,0343,1195,106,2024-12-30 04:50:25.871222
-0007,0338,1195,106,2024-12-30 04:50:25.902548
-0009,0341,1195,106,2024-12-30 04:50:25.919204
-0009,0341,1195,106,2024-12-30 04:50:25.935209
-0008,0338,1195,106,2024-12-30 04:50:25.951199
-0009,0340,1195,106,2024-12-30 04:50:25.967201
-0008,0340,1195,106,2024-12-30 04:50:25.983191
-0009,0336,1195,106,2024-12-30 04:50:25.999199
-0009,0334,1195,106,2024-12-30 04:50:26.015191
-0007,0332,1195,106,2024-12-30 04:50:26.031194
-0008,0338,1195,106,2024-12-30 04:50:26.047184
-0008,0336,1195,106,2024-12-30 04:50:26.078944
-0008,0340,1195,106,2024-12-30 04:50:26.095178
-0008,0352,1195,106,2024-12-30 04:50:26.111179
-0008,0337,1195,106,2024-12-30 04:50:26.127183
-0008,0332,1195,106,2024-12-30 04:50:26.143181
-0007,0337,1195,106,2024-12-30 04:50:26.159185
-0007,0334,1195,106,2024-12-30 04:50:26.175182
-0007,0331,1195,106,2024-12-30 04:50:26.191186
-0008,0329,1195,106,2024-12-30 04:50:26.207186
-0007,0344,1195,106,2024-12-30 04:50:26.238635
-0009,0333,1195,106,2024-12-30 04:50:26.255207
-0008,0334,1195,106,2024-12-30 04:50:26.271206
-0007,0336,1195,106,2024-12-30 04:50:26.287130
-0009,0339,1195,106,2024-12-30 04:50:26.303131
-0008,0337,1195,106,2024-12-30 04:50:26.319130
-0007,0336,1195,106,2024-12-30 04:50:26.335128
-0008,0339,1195,106,2024-12-30 04:50:26.351122
-0008,0335,1195,106,2024-12-30 04:50:26.367118
-0008,0342,1195,106,2024-12-30 04:50:26.383121
-0008,0329,1195,106,2024-12-30 04:50:26.414970
-0009,0342,1195,106,2024-12-30 04:50:26.431104
-0007,0346,1195,106,2024-12-30 04:50:26.447108
-0007,0335,1195,106,2024-12-30 04:50:26.463113
-0007,0344,1195,106,2024-12-30 04:50:26.479098
-0008,0348,1195,106,2024-12-30 04:50:26.495093
-0007,0337,1195,106,2024-12-30 04:50:26.511082
-0007,0336,1195,106,2024-12-30 04:50:26.527087
-0007,0340,1195,106,2024-12-30 04:50:26.543087
-0008,0343,1195,106,2024-12-30 04:50:26.574607
-0007,0333,1195,106,2024-12-30 04:50:26.591078
-0008,0336,1195,106,2024-12-30 04:50:26.607074
-0009,0336,1195,106,2024-12-30 04:50:26.623069
-0008,0344,1195,106,2024-12-30 04:50:26.639066
-0009,0339,1195,106,2024-12-30 04:50:26.655060
-0008,0342,1195,106,2024-12-30 04:50:26.671057
-0009,0334,1195,106,2024-12-30 04:50:26.687056
-0007,0337,1195,106,2024-12-30 04:50:26.703054
-0009,0341,1195,106,2024-12-30 04:50:26.719050
-0008,0336,1195,106,2024-12-30 04:50:26.751009
-0008,0337,1195,106,2024-12-30 04:50:26.767036
-0008,0340,1195,106,2024-12-30 04:50:26.783041
-0008,0343,1195,106,2024-12-30 04:50:26.799034
-0007,0343,1195,106,2024-12-30 04:50:26.815028
-0007,0343,1195,106,2024-12-30 04:50:26.831033
-0007,0338,1195,106,2024-12-30 04:50:26.847013
-0007,0347,1195,106,2024-12-30 04:50:26.863016
-0009,0333,1195,106,2024-12-30 04:50:26.879006
-0008,0340,1195,106,2024-12-30 04:50:26.910617
-0007,0336,1195,106,2024-12-30 04:50:26.927005
-0008,0341,1195,106,2024-12-30 04:50:26.943000
-0008,0338,1195,106,2024-12-30 04:50:26.958993
-0008,0336,1195,106,2024-12-30 04:50:26.975012
-0008,0343,1195,106,2024-12-30 04:50:26.990990
-0007,0339,1195,106,2024-12-30 04:50:27.006993
-0009,0340,1195,106,2024-12-30 04:50:27.022979
-0009,0335,1195,106,2024-12-30 04:50:27.038991
-0008,0337,1194,106,2024-12-30 04:50:27.054983
-0008,0344,1195,106,2024-12-30 04:50:27.086970
-0007,0338,1195,106,2024-12-30 04:50:27.102956
-0008,0338,1195,106,2024-12-30 04:50:27.118966
-0008,0334,1195,106,2024-12-30 04:50:27.134955
-0009,0339,1195,106,2024-12-30 04:50:27.150960
-0008,0334,1195,106,2024-12-30 04:50:27.166954
-0008,0337,1195,106,2024-12-30 04:50:27.182954
-0008,0340,1195,106,2024-12-30 04:50:27.198957
-0008,0333,1194,106,2024-12-30 04:50:27.214942
-0010,0334,1195,106,2024-12-30 04:50:27.246666
-0007,0340,1195,106,2024-12-30 04:50:27.262935
-0007,0339,1195,106,2024-12-30 04:50:27.278930
-0008,0337,1195,106,2024-12-30 04:50:27.294929
-0008,0343,1195,106,2024-12-30 04:50:27.310927
-0008,0343,1194,106,2024-12-30 04:50:27.326912
-0007,0344,1195,106,2024-12-30 04:50:27.342913
-0009,0338,1194,106,2024-12-30 04:50:27.358905
-0008,0335,1194,106,2024-12-30 04:50:27.374916
-0008,0341,1195,106,2024-12-30 04:50:27.406282
-0007,0339,1195,106,2024-12-30 04:50:27.422895
-0009,0329,1195,106,2024-12-30 04:50:27.438893
-0008,0333,1195,106,2024-12-30 04:50:27.454891
-0007,0335,1195,106,2024-12-30 04:50:27.470884
-0008,0343,1195,106,2024-12-30 04:50:27.486887
-0007,0338,1195,106,2024-12-30 04:50:27.502876
-0008,0345,1194,106,2024-12-30 04:50:27.518876
-0008,0338,1195,106,2024-12-30 04:50:27.534870
-0009,0342,1195,106,2024-12-30 04:50:27.550876
-0008,0339,1194,106,2024-12-30 04:50:27.582671
-0007,0342,1195,106,2024-12-30 04:50:27.598852
-0008,0341,1195,106,2024-12-30 04:50:27.614846
-0008,0337,1195,106,2024-12-30 04:50:27.630840
-0006,0339,1195,106,2024-12-30 04:50:27.646854
-0008,0342,1195,106,2024-12-30 04:50:27.662841
-0007,0337,1195,106,2024-12-30 04:50:27.678835
-0007,0329,1194,106,2024-12-30 04:50:27.694835
-0008,0341,1195,106,2024-12-30 04:50:27.710835
-0007,0339,1195,106,2024-12-30 04:50:27.742290
-0007,0337,1194,106,2024-12-30 04:50:27.758828
-0007,0341,1195,106,2024-12-30 04:50:27.774815
-0008,0347,1195,106,2024-12-30 04:50:27.790812
-0008,0334,1195,106,2024-12-30 04:50:27.806808
-0008,0337,1194,106,2024-12-30 04:50:27.822814
-0008,0342,1194,106,2024-12-30 04:50:27.838807
-0009,0330,1195,106,2024-12-30 04:50:27.854800
-0008,0336,1195,106,2024-12-30 04:50:27.870796
-0008,0336,1194,106,2024-12-30 04:50:27.886800
-0008,0343,1194,106,2024-12-30 04:50:27.918703
-0008,0340,1195,106,2024-12-30 04:50:27.934793
-0007,0337,1194,106,2024-12-30 04:50:27.950776
-0008,0331,1194,106,2024-12-30 04:50:27.966770
-0008,0339,1194,106,2024-12-30 04:50:27.982772
-0009,0332,1195,106,2024-12-30 04:50:27.998768
-0007,0335,1195,106,2024-12-30 04:50:28.014769
-0008,0333,1195,106,2024-12-30 04:50:28.030762
-0008,0332,1195,106,2024-12-30 04:50:28.046766
-0010,0341,1194,106,2024-12-30 04:50:28.078326
-0009,0340,1195,106,2024-12-30 04:50:28.094746
-0007,0339,1194,106,2024-12-30 04:50:28.110749
-0007,0339,1194,106,2024-12-30 04:50:28.126742
-0008,0339,1194,106,2024-12-30 04:50:28.142742
-0008,0343,1194,106,2024-12-30 04:50:28.158736
-0007,0337,1195,106,2024-12-30 04:50:28.174731
-0007,0342,1195,106,2024-12-30 04:50:28.190736
-0007,0335,1194,106,2024-12-30 04:50:28.206720
-0007,0342,1195,106,2024-12-30 04:50:28.222725
-0008,0335,1194,106,2024-12-30 04:50:28.254725
-0010,0340,1194,106,2024-12-30 04:50:28.270718
-0008,0334,1195,106,2024-12-30 04:50:28.286714
-0007,0342,1195,106,2024-12-30 04:50:28.302726
-0007,0345,1194,106,2024-12-30 04:50:28.318697
-0009,0339,1195,106,2024-12-30 04:50:28.334703
-0008,0337,1194,106,2024-12-30 04:50:28.350692
-0009,0339,1194,106,2024-12-30 04:50:28.366694
-0006,0339,1194,106,2024-12-30 04:50:28.382690
-0009,0340,1194,106,2024-12-30 04:50:28.414338
-0007,0346,1194,106,2024-12-30 04:50:28.430683
-0008,0334,1194,106,2024-12-30 04:50:28.446669
-0006,0334,1194,106,2024-12-30 04:50:28.462662
-0007,0339,1194,106,2024-12-30 04:50:28.478665
-0010,0331,1194,106,2024-12-30 04:50:28.494666
-0008,0333,1194,106,2024-12-30 04:50:28.510664
-0008,0339,1194,106,2024-12-30 04:50:28.526653
-0007,0337,1194,106,2024-12-30 04:50:28.542658
-0009,0341,1194,106,2024-12-30 04:50:28.573980
-0008,0338,1194,106,2024-12-30 04:50:28.590642
-0008,0341,1194,106,2024-12-30 04:50:28.606639
-0007,0339,1194,106,2024-12-30 04:50:28.622635
-0008,0342,1194,106,2024-12-30 04:50:28.638634
-0008,0334,1194,106,2024-12-30 04:50:28.654631
-0008,0331,1194,106,2024-12-30 04:50:28.670630
-0009,0339,1195,106,2024-12-30 04:50:28.686632
-0008,0336,1194,106,2024-12-30 04:50:28.702616
-0008,0334,1194,106,2024-12-30 04:50:28.718622
-0008,0339,1194,106,2024-12-30 04:50:28.750376
-0009,0333,1194,106,2024-12-30 04:50:28.766608
-0009,0332,1194,106,2024-12-30 04:50:28.782604
-0007,0334,1194,106,2024-12-30 04:50:28.798606
-0007,0337,1194,106,2024-12-30 04:50:28.814594
-0009,0338,1194,106,2024-12-30 04:50:28.830593
-0009,0340,1194,106,2024-12-30 04:50:28.846587
-0008,0339,1194,106,2024-12-30 04:50:28.862589
-0008,0338,1194,106,2024-12-30 04:50:28.878578
-0008,0339,1194,106,2024-12-30 04:50:28.910007
-0007,0335,1194,106,2024-12-30 04:50:28.926577
-0008,0335,1195,106,2024-12-30 04:50:28.942568
-0007,0341,1194,106,2024-12-30 04:50:28.958563
-0007,0335,1194,106,2024-12-30 04:50:28.974564
-0008,0337,1194,106,2024-12-30 04:50:28.990554
-0007,0339,1194,106,2024-12-30 04:50:29.006562
-0009,0337,1194,106,2024-12-30 04:50:29.022552
-0008,0336,1194,106,2024-12-30 04:50:29.038546
-0008,0334,1194,106,2024-12-30 04:50:29.054552
-0007,0337,1194,106,2024-12-30 04:50:29.086408
-0008,0346,1194,106,2024-12-30 04:50:29.102557
-0008,0336,1195,106,2024-12-30 04:50:29.118555
-0008,0337,1194,106,2024-12-30 04:50:29.134564
-0009,0338,1194,106,2024-12-30 04:50:29.150568
-0009,0335,1194,106,2024-12-30 04:50:29.166571
-0008,0334,1194,106,2024-12-30 04:50:29.182570
-0008,0339,1194,106,2024-12-30 04:50:29.198571
-0008,0335,1194,106,2024-12-30 04:50:29.214569
-0010,0334,1194,106,2024-12-30 04:50:29.246015
-0010,0346,1194,106,2024-12-30 04:50:29.262511
-0008,0340,1194,106,2024-12-30 04:50:29.278505
-0008,0337,1194,106,2024-12-30 04:50:29.294501
-0010,0335,1194,106,2024-12-30 04:50:29.310502
-0007,0335,1194,106,2024-12-30 04:50:29.326495
-0008,0340,1194,106,2024-12-30 04:50:29.342492
-0008,0339,1194,106,2024-12-30 04:50:29.358482
-0007,0335,1194,106,2024-12-30 04:50:29.374483
-0009,0342,1194,106,2024-12-30 04:50:29.390487
-0007,0338,1194,106,2024-12-30 04:50:29.422409
-0008,0338,1194,106,2024-12-30 04:50:29.438465
-0008,0339,1194,106,2024-12-30 04:50:29.454459
-0008,0332,1194,106,2024-12-30 04:50:29.470455
-0008,0336,1194,106,2024-12-30 04:50:29.486464
-0007,0335,1194,106,2024-12-30 04:50:29.502449
-0010,0337,1194,106,2024-12-30 04:50:29.518447
-0009,0338,1194,106,2024-12-30 04:50:29.534448
-0009,0332,1194,106,2024-12-30 04:50:29.550437
-0007,0341,1194,106,2024-12-30 04:50:29.582050
-0009,0331,1194,106,2024-12-30 04:50:29.598424
-0009,0336,1194,106,2024-12-30 04:50:29.614414
-0008,0333,1194,106,2024-12-30 04:50:29.630415
-0007,0336,1194,106,2024-12-30 04:50:29.646416
-0009,0337,1194,106,2024-12-30 04:50:29.662405
-0009,0338,1194,106,2024-12-30 04:50:29.678403
-0009,0339,1194,106,2024-12-30 04:50:29.694399
-0008,0336,1194,106,2024-12-30 04:50:29.710401
-0008,0331,1194,106,2024-12-30 04:50:29.726395
-0008,0336,1194,106,2024-12-30 04:50:29.758389
-0009,0335,1194,106,2024-12-30 04:50:29.774388
-0008,0336,1194,106,2024-12-30 04:50:29.790384
-0007,0337,1194,106,2024-12-30 04:50:29.806380
-0008,0334,1194,106,2024-12-30 04:50:29.822377
-0008,0336,1194,106,2024-12-30 04:50:29.838371
-0008,0334,1194,106,2024-12-30 04:50:29.854372
-0008,0336,1194,106,2024-12-30 04:50:29.870366
-0009,0334,1194,106,2024-12-30 04:50:29.886366
-0007,0336,1194,106,2024-12-30 04:50:29.918065
-0009,0334,1194,106,2024-12-30 04:50:29.934355
-0007,0347,1194,106,2024-12-30 04:50:29.950344
-0007,0339,1194,106,2024-12-30 04:50:29.966346
-0008,0333,1194,106,2024-12-30 04:50:29.982340
-0008,0327,1194,106,2024-12-30 04:50:29.998336
-0009,0336,1194,106,2024-12-30 04:50:30.014333
-0009,0343,1194,106,2024-12-30 04:50:30.030332
-0008,0334,1194,106,2024-12-30 04:50:30.046322
-0007,0340,1194,106,2024-12-30 04:50:30.077709
-0008,0336,1194,106,2024-12-30 04:50:30.094313
-0008,0335,1194,106,2024-12-30 04:50:30.110315
-0008,0341,1194,106,2024-12-30 04:50:30.126304
-0008,0342,1194,106,2024-12-30 04:50:30.142307
-0008,0338,1194,106,2024-12-30 04:50:30.158317
-0009,0337,1194,106,2024-12-30 04:50:30.174302
-0008,0341,1194,106,2024-12-30 04:50:30.190305
-0007,0340,1194,106,2024-12-30 04:50:30.206294
-0008,0337,1194,106,2024-12-30 04:50:30.222294
-0008,0339,1194,106,2024-12-30 04:50:30.254115
-0007,0327,1194,106,2024-12-30 04:50:30.270291
-0009,0326,1194,106,2024-12-30 04:50:30.286292
-0008,0330,1194,106,2024-12-30 04:50:30.302278
-0009,0339,1194,106,2024-12-30 04:50:30.318266
-0008,0340,1194,106,2024-12-30 04:50:30.334270
-0008,0335,1194,106,2024-12-30 04:50:30.350267
-0008,0335,1194,106,2024-12-30 04:50:30.366265
-0009,0337,1194,106,2024-12-30 04:50:30.382256
-0008,0334,1194,106,2024-12-30 04:50:30.413742
-0007,0337,1194,106,2024-12-30 04:50:30.430240
-0009,0336,1194,106,2024-12-30 04:50:30.446238
-0008,0337,1194,106,2024-12-30 04:50:30.462242
-0008,0331,1194,106,2024-12-30 04:50:30.478236
-0007,0331,1194,106,2024-12-30 04:50:30.494225
-0007,0343,1194,106,2024-12-30 04:50:30.510233
-0009,0334,1194,106,2024-12-30 04:50:30.526229
-0008,0334,1194,106,2024-12-30 04:50:30.542213
-0009,0339,1194,106,2024-12-30 04:50:30.558223
-0009,0330,1194,106,2024-12-30 04:50:30.590120
-0007,0340,1194,106,2024-12-30 04:50:30.606205
-0009,0337,1194,106,2024-12-30 04:50:30.622209
-0009,0336,1194,106,2024-12-30 04:50:30.638204
-0008,0333,1194,106,2024-12-30 04:50:30.654209
-0008,0331,1194,106,2024-12-30 04:50:30.670194
-0008,0330,1194,106,2024-12-30 04:50:30.686188
-0008,0333,1194,106,2024-12-30 04:50:30.702188
-0009,0345,1194,106,2024-12-30 04:50:30.718185
-0008,0336,1194,106,2024-12-30 04:50:30.749751
-0008,0347,1194,106,2024-12-30 04:50:30.766183
-0008,0334,1194,106,2024-12-30 04:50:30.782176
-0009,0342,1194,106,2024-12-30 04:50:30.798169
-0009,0337,1194,106,2024-12-30 04:50:30.814162
-0009,0335,1194,106,2024-12-30 04:50:30.830166
-0009,0333,1194,106,2024-12-30 04:50:30.846152
-0009,0340,1194,106,2024-12-30 04:50:30.862162
-0007,0332,1194,106,2024-12-30 04:50:30.878152
-0010,0331,1194,106,2024-12-30 04:50:30.894147
-0008,0335,1194,106,2024-12-30 04:50:30.926135
-0008,0339,1194,106,2024-12-30 04:50:30.942138
-0007,0331,1194,106,2024-12-30 04:50:30.958136
-0008,0337,1194,106,2024-12-30 04:50:30.974128
-0009,0331,1194,106,2024-12-30 04:50:30.990120
-0010,0339,1194,106,2024-12-30 04:50:31.006116
-0007,0340,1194,106,2024-12-30 04:50:31.022123
-0009,0336,1194,106,2024-12-30 04:50:31.038119
-0008,0334,1194,106,2024-12-30 04:50:31.054117
-0009,0335,1194,106,2024-12-30 04:50:31.085794
-0007,0336,1194,106,2024-12-30 04:50:31.102110
-0010,0335,1194,106,2024-12-30 04:50:31.118094
-0008,0335,1194,106,2024-12-30 04:50:31.134101
-0009,0336,1194,106,2024-12-30 04:50:31.150094
-0007,0340,1194,106,2024-12-30 04:50:31.166091
-0008,0331,1194,106,2024-12-30 04:50:31.182086
-0008,0339,1193,106,2024-12-30 04:50:31.198087
-0008,0328,1194,106,2024-12-30 04:50:31.214075
-0009,0328,1194,106,2024-12-30 04:50:31.245419
-0007,0331,1194,106,2024-12-30 04:50:31.262077
-0006,0339,1194,106,2024-12-30 04:50:31.278079
-0009,0333,1194,106,2024-12-30 04:50:31.294055
-0009,0335,1194,106,2024-12-30 04:50:31.310063
-0007,0326,1194,106,2024-12-30 04:50:31.326053
-0007,0337,1194,106,2024-12-30 04:50:31.342054
-0007,0339,1194,106,2024-12-30 04:50:31.358054
-0007,0335,1194,106,2024-12-30 04:50:31.374042
-0009,0341,1194,106,2024-12-30 04:50:31.390048
-0009,0335,1193,106,2024-12-30 04:50:31.421807
-0008,0323,1193,106,2024-12-30 04:50:31.438037
-0009,0338,1194,106,2024-12-30 04:50:31.454027
-0007,0335,1194,106,2024-12-30 04:50:31.470026
-0008,0326,1194,106,2024-12-30 04:50:31.486024
-0007,0340,1194,106,2024-12-30 04:50:31.502023
-0008,0330,1194,106,2024-12-30 04:50:31.518022
-0008,0332,1193,106,2024-12-30 04:50:31.534012
-0008,0345,1194,106,2024-12-30 04:50:31.550011
-0008,0333,1194,106,2024-12-30 04:50:31.581442
-0008,0329,1193,106,2024-12-30 04:50:31.597994
-0009,0332,1194,106,2024-12-30 04:50:31.613993
-0007,0334,1194,106,2024-12-30 04:50:31.629994
-0008,0332,1194,106,2024-12-30 04:50:31.645995
-0007,0338,1193,106,2024-12-30 04:50:31.662001
-0007,0327,1194,106,2024-12-30 04:50:31.677979
-0008,0329,1194,106,2024-12-30 04:50:31.693978
-0008,0337,1193,106,2024-12-30 04:50:31.709974
-0007,0335,1194,106,2024-12-30 04:50:31.725978
-0007,0334,1194,106,2024-12-30 04:50:31.757820
-0008,0339,1194,106,2024-12-30 04:50:31.773970
-0008,0335,1193,106,2024-12-30 04:50:31.789958
-0009,0334,1194,106,2024-12-30 04:50:31.805960
-0008,0334,1194,106,2024-12-30 04:50:31.821962
-0008,0325,1194,106,2024-12-30 04:50:31.837969
-0008,0329,1194,106,2024-12-30 04:50:31.853956
-0008,0329,1193,106,2024-12-30 04:50:31.869951
-0008,0330,1194,106,2024-12-30 04:50:31.885932
-0008,0335,1194,106,2024-12-30 04:50:31.917454
-0009,0334,1194,106,2024-12-30 04:50:31.933923
-0009,0335,1193,106,2024-12-30 04:50:31.949930
-0007,0339,1194,106,2024-12-30 04:50:31.965922
-0008,0332,1194,106,2024-12-30 04:50:31.981928
-0007,0332,1193,106,2024-12-30 04:50:31.997911
-0008,0334,1194,106,2024-12-30 04:50:32.013913
-0009,0330,1194,106,2024-12-30 04:50:32.029910
-0009,0342,1194,106,2024-12-30 04:50:32.045923
-0008,0337,1194,106,2024-12-30 04:50:32.061920
-0008,0332,1193,106,2024-12-30 04:50:32.093869
-0008,0342,1194,106,2024-12-30 04:50:32.109926
-0008,0335,1194,106,2024-12-30 04:50:32.125927
-0007,0336,1194,106,2024-12-30 04:50:32.141928
-0009,0330,1194,106,2024-12-30 04:50:32.157929
-0009,0336,1194,106,2024-12-30 04:50:32.173931
-0009,0329,1193,106,2024-12-30 04:50:32.189931
-0008,0337,1194,106,2024-12-30 04:50:32.205867
-0007,0331,1194,106,2024-12-30 04:50:32.221868
-0009,0331,1194,106,2024-12-30 04:50:32.253491
-0008,0332,1194,106,2024-12-30 04:50:32.269858
-0009,0326,1194,106,2024-12-30 04:50:32.285855
-0010,0336,1194,106,2024-12-30 04:50:32.301860
-0008,0333,1194,106,2024-12-30 04:50:32.317851
-0008,0333,1194,106,2024-12-30 04:50:32.333841
-0007,0337,1194,106,2024-12-30 04:50:32.349834
-0009,0342,1194,106,2024-12-30 04:50:32.365836
-0009,0331,1194,106,2024-12-30 04:50:32.381838
-0010,0338,1194,106,2024-12-30 04:50:32.397823
-0007,0337,1193,106,2024-12-30 04:50:32.429819
-0008,0335,1193,106,2024-12-30 04:50:32.445815
-0008,0332,1194,106,2024-12-30 04:50:32.461810
-0009,0334,1193,106,2024-12-30 04:50:32.477808
-0009,0340,1193,106,2024-12-30 04:50:32.493807
-0008,0334,1194,106,2024-12-30 04:50:32.509805
