DIST,AMP,TEMP,VOLT,Timestamp
08581,0000,1203,106,2024-12-29 21:03:31.955520
43735,0000,1203,106,2024-12-29 21:03:31.956296
06116,0000,1202,106,2024-12-29 21:03:31.956999
16794,0000,1202,106,2024-12-29 21:03:31.957695
27276,0000,1203,106,2024-12-29 21:03:31.958389
02244,0000,1203,106,2024-12-29 21:03:31.959124
26116,0000,1202,106,2024-12-29 21:03:31.959834
18218,0000,1203,106,2024-12-29 21:03:31.960535
34614,0000,1203,106,2024-12-29 21:03:31.961233
27403,0000,1202,106,2024-12-29 21:03:31.961928
09137,0000,1203,106,2024-12-29 21:03:31.962635
16033,0000,1203,106,2024-12-29 21:03:31.963329
44732,0000,1203,106,2024-12-29 21:03:31.964026
01454,0000,1203,106,2024-12-29 21:03:31.964725
00649,0000,1203,106,2024-12-29 21:03:31.965437
00572,0000,1203,106,2024-12-29 21:03:31.966199
04581,0000,1203,106,2024-12-29 21:03:31.966999
29062,0000,1203,106,2024-12-29 21:03:31.967779
02826,0000,1203,106,2024-12-29 21:03:31.968491
03319,0000,1203,106,2024-12-29 21:03:31.969183
07879,0000,1203,106,2024-12-29 21:03:31.969897
05394,0000,1202,106,2024-12-29 21:03:31.970712
03691,0000,1202,106,2024-12-29 21:03:31.971423
10407,0000,1203,106,2024-12-29 21:03:31.972123
05116,0000,1203,106,2024-12-29 21:03:31.972825
52223,0000,1203,106,2024-12-29 21:03:31.973525
31009,0000,1202,106,2024-12-29 21:03:31.974222
02862,0001,1203,106,2024-12-29 21:03:31.974932
44961,0000,1203,106,2024-12-29 21:03:31.975631
04793,0000,1203,106,2024-12-29 21:03:31.976329
20624,0000,1203,106,2024-12-29 21:03:31.977029
01843,0000,1203,106,2024-12-29 21:03:31.977729
03786,0000,1203,106,2024-12-29 21:03:31.978428
25567,0000,1203,106,2024-12-29 21:03:31.979142
05292,0000,1203,106,2024-12-29 21:03:31.979841
22604,0000,1203,106,2024-12-29 21:03:31.980536
30541,0000,1203,106,2024-12-29 21:03:31.981249
05107,0000,1203,106,2024-12-29 21:03:31.981981
01254,0000,1203,106,2024-12-29 21:03:31.982751
17957,0001,1203,106,2024-12-29 21:03:31.983507
00688,0000,1202,106,2024-12-29 21:03:31.984304
02076,0000,1203,106,2024-12-29 21:03:31.985141
19997,0000,1203,106,2024-12-29 21:03:31.985869
23477,0000,1203,106,2024-12-29 21:03:31.986709
04286,0000,1203,106,2024-12-29 21:03:31.987413
14076,0000,1203,106,2024-12-29 21:03:31.988120
05277,0000,1203,106,2024-12-29 21:03:31.988817
58448,0000,1203,106,2024-12-29 21:03:31.989516
02264,0000,1203,106,2024-12-29 21:03:31.990214
02231,0001,1203,106,2024-12-29 21:03:31.990946
21687,0000,1203,106,2024-12-29 21:03:31.991647
24265,0000,1203,106,2024-12-29 21:03:31.992345
23876,0000,1203,106,2024-12-29 21:03:31.993050
31603,0000,1203,106,2024-12-29 21:03:31.993756
02307,0000,1203,106,2024-12-29 21:03:31.994481
17599,0000,1203,106,2024-12-29 21:03:31.995181
34713,0000,1203,106,2024-12-29 21:03:31.995876
58148,0000,1203,106,2024-12-29 21:03:31.996573
22428,0001,1203,106,2024-12-29 21:03:31.997272
32370,0000,1203,106,2024-12-29 21:03:31.997973
45679,0000,1203,106,2024-12-29 21:03:31.998697
49759,0000,1203,106,2024-12-29 21:03:31.999398
56765,0000,1203,106,2024-12-29 21:03:32.000099
04505,0000,1202,106,2024-12-29 21:03:32.000798
02278,0000,1203,106,2024-12-29 21:03:32.001495
22018,0000,1203,106,2024-12-29 21:03:32.002202
03619,0000,1203,106,2024-12-29 21:03:32.002919
16744,0000,1203,106,2024-12-29 21:03:32.003624
24820,0000,1203,106,2024-12-29 21:03:32.004329
31995,0000,1203,106,2024-12-29 21:03:32.005028
47243,0000,1203,106,2024-12-29 21:03:32.005725
17744,0000,1203,106,2024-12-29 21:03:32.006422
27769,0000,1203,106,2024-12-29 21:03:32.007129
05251,0000,1203,106,2024-12-29 21:03:32.007828
02212,0000,1203,106,2024-12-29 21:03:32.008525
03866,0000,1203,106,2024-12-29 21:03:32.009232
26398,0000,1203,106,2024-12-29 21:03:32.009929
06834,0000,1203,106,2024-12-29 21:03:32.010638
23609,0000,1203,106,2024-12-29 21:03:32.011335
03772,0001,1203,106,2024-12-29 21:03:32.012033
13117,0000,1203,106,2024-12-29 21:03:32.012731
02152,0000,1203,106,2024-12-29 21:03:32.013434
04131,0000,1203,106,2024-12-29 21:03:32.014137
04269,0000,1203,106,2024-12-29 21:03:32.014845
03344,0000,1203,106,2024-12-29 21:03:32.015545
04674,0001,1203,106,2024-12-29 21:03:32.016241
00007,0427,1203,106,2024-12-29 21:03:32.016940
00007,0433,1203,106,2024-12-29 21:03:32.017643
00007,0431,1203,106,2024-12-29 21:03:32.024751
00005,0433,1203,106,2024-12-29 21:03:32.040733
00006,0437,1203,106,2024-12-29 21:03:32.056722
00006,0434,1203,106,2024-12-29 21:03:32.072724
00006,0424,1203,106,2024-12-29 21:03:32.088723
00006,0432,1203,106,2024-12-29 21:03:32.104723
00007,0432,1203,106,2024-12-29 21:03:32.136125
00006,0427,1203,106,2024-12-29 21:03:32.152716
00006,0432,1203,106,2024-12-29 21:03:32.168701
00006,0430,1203,106,2024-12-29 21:03:32.184700
00006,0426,1203,106,2024-12-29 21:03:32.200702
00005,0439,1203,106,2024-12-29 21:03:32.216706
00006,0431,1203,106,2024-12-29 21:03:32.232719
00007,0423,1203,106,2024-12-29 21:03:32.248726
00008,0431,1203,106,2024-12-29 21:03:32.264715
00006,0429,1203,106,2024-12-29 21:03:32.280711
00007,0442,1203,106,2024-12-29 21:03:32.312543
00006,0426,1204,106,2024-12-29 21:03:32.328717
00006,0433,1203,106,2024-12-29 21:03:32.344725
00006,0438,1203,106,2024-12-29 21:03:32.360730
00007,0428,1203,106,2024-12-29 21:03:32.376731
00008,0437,1203,106,2024-12-29 21:03:32.392659
00005,0430,1203,106,2024-12-29 21:03:32.408655
00006,0434,1203,106,2024-12-29 21:03:32.424647
00006,0428,1203,106,2024-12-29 21:03:32.440643
00006,0429,1203,106,2024-12-29 21:03:32.472147
00007,0433,1203,106,2024-12-29 21:03:32.488629
00007,0426,1203,106,2024-12-29 21:03:32.504632
00005,0426,1203,106,2024-12-29 21:03:32.520621
00006,0430,1203,106,2024-12-29 21:03:32.536620
00006,0432,1203,106,2024-12-29 21:03:32.552619
00007,0439,1203,106,2024-12-29 21:03:32.568626
00006,0433,1203,106,2024-12-29 21:03:32.584609
00006,0431,1203,106,2024-12-29 21:03:32.600599
00006,0425,1203,106,2024-12-29 21:03:32.616599
00006,0428,1203,106,2024-12-29 21:03:32.648525
00006,0434,1203,106,2024-12-29 21:03:32.664598
00006,0424,1203,106,2024-12-29 21:03:32.680585
00005,0441,1203,106,2024-12-29 21:03:32.696583
00006,0428,1203,106,2024-12-29 21:03:32.712584
00005,0434,1203,106,2024-12-29 21:03:32.728581
00007,0425,1203,106,2024-12-29 21:03:32.744579
00006,0439,1203,106,2024-12-29 21:03:32.760579
00007,0427,1203,106,2024-12-29 21:03:32.776571
00005,0430,1203,106,2024-12-29 21:03:32.808161
00006,0424,1203,106,2024-12-29 21:03:32.824559
00006,0438,1203,106,2024-12-29 21:03:32.840556
00005,0422,1203,106,2024-12-29 21:03:32.856552
00007,0436,1203,106,2024-12-29 21:03:32.872551
00006,0430,1203,106,2024-12-29 21:03:32.888545
00007,0435,1203,106,2024-12-29 21:03:32.904545
00006,0420,1203,106,2024-12-29 21:03:32.920546
00005,0430,1203,106,2024-12-29 21:03:32.936527
00006,0430,1203,106,2024-12-29 21:03:32.952530
00006,0425,1203,106,2024-12-29 21:03:32.984519
00007,0426,1203,106,2024-12-29 21:03:33.000518
00007,0423,1203,106,2024-12-29 21:03:33.016518
00006,0417,1203,106,2024-12-29 21:03:33.032518
00006,0425,1203,106,2024-12-29 21:03:33.048505
00006,0422,1203,106,2024-12-29 21:03:33.064500
00005,0422,1203,106,2024-12-29 21:03:33.080504
00006,0424,1203,106,2024-12-29 21:03:33.096494
00006,0424,1203,106,2024-12-29 21:03:33.112492
00007,0427,1203,106,2024-12-29 21:03:33.144188
00006,0433,1203,106,2024-12-29 21:03:33.160481
00006,0429,1203,106,2024-12-29 21:03:33.176473
00007,0432,1203,106,2024-12-29 21:03:33.192467
00006,0423,1204,106,2024-12-29 21:03:33.208476
00006,0431,1203,106,2024-12-29 21:03:33.224476
00006,0422,1203,106,2024-12-29 21:03:33.240484
00007,0432,1203,106,2024-12-29 21:03:33.256471
00006,0421,1203,106,2024-12-29 21:03:33.272464
00005,0425,1203,106,2024-12-29 21:03:33.303828
00007,0421,1203,106,2024-12-29 21:03:33.320450
00006,0431,1203,106,2024-12-29 21:03:33.336451
00006,0432,1203,106,2024-12-29 21:03:33.352443
00007,0431,1203,106,2024-12-29 21:03:33.368439
00006,0423,1203,106,2024-12-29 21:03:33.384434
00007,0434,1203,106,2024-12-29 21:03:33.400423
00005,0432,1203,106,2024-12-29 21:03:33.416427
00006,0436,1203,106,2024-12-29 21:03:33.432419
00005,0433,1203,106,2024-12-29 21:03:33.448424
00005,0426,1203,106,2024-12-29 21:03:33.480216
00005,0430,1203,106,2024-12-29 21:03:33.496411
00006,0428,1203,106,2024-12-29 21:03:33.512420
00007,0426,1203,106,2024-12-29 21:03:33.528403
00007,0431,1203,106,2024-12-29 21:03:33.544393
00006,0430,1203,106,2024-12-29 21:03:33.560400
00006,0433,1203,106,2024-12-29 21:03:33.576388
00005,0419,1203,106,2024-12-29 21:03:33.592389
00006,0420,1203,106,2024-12-29 21:03:33.608380
00005,0433,1203,106,2024-12-29 21:03:33.639843
00007,0424,1203,106,2024-12-29 21:03:33.656368
00007,0427,1203,106,2024-12-29 21:03:33.672369
00006,0424,1203,106,2024-12-29 21:03:33.688364
00006,0429,1203,106,2024-12-29 21:03:33.704354
00007,0427,1203,106,2024-12-29 21:03:33.720357
00006,0423,1204,106,2024-12-29 21:03:33.736354
00007,0425,1203,106,2024-12-29 21:03:33.752359
00006,0430,1203,106,2024-12-29 21:03:33.768347
00007,0434,1203,106,2024-12-29 21:03:33.784350
00005,0436,1203,106,2024-12-29 21:03:33.816226
00007,0434,1204,106,2024-12-29 21:03:33.832333
00006,0437,1203,106,2024-12-29 21:03:33.848324
00006,0438,1203,106,2024-12-29 21:03:33.864333
00005,0429,1203,106,2024-12-29 21:03:33.880321
00005,0435,1203,106,2024-12-29 21:03:33.896315
00006,0436,1203,106,2024-12-29 21:03:33.912319
00006,0435,1203,106,2024-12-29 21:03:33.928307
00005,0434,1204,106,2024-12-29 21:03:33.944304
00006,0431,1203,106,2024-12-29 21:03:33.975865
00006,0431,1203,106,2024-12-29 21:03:33.992302
00007,0440,1203,106,2024-12-29 21:03:34.008302
00007,0435,1203,106,2024-12-29 21:03:34.024293
00007,0440,1203,106,2024-12-29 21:03:34.040276
00007,0434,1204,106,2024-12-29 21:03:34.056278
00006,0430,1204,106,2024-12-29 21:03:34.072273
00007,0429,1203,106,2024-12-29 21:03:34.088276
00004,0437,1204,106,2024-12-29 21:03:34.104275
00005,0433,1203,106,2024-12-29 21:03:34.120264
00007,0423,1203,106,2024-12-29 21:03:34.152261
00006,0438,1203,106,2024-12-29 21:03:34.168255
00006,0434,1203,106,2024-12-29 21:03:34.184256
00007,0425,1203,106,2024-12-29 21:03:34.200251
00007,0439,1203,106,2024-12-29 21:03:34.216254
00007,0431,1203,106,2024-12-29 21:03:34.232246
00006,0431,1204,106,2024-12-29 21:03:34.248269
00006,0428,1204,106,2024-12-29 21:03:34.264233
00005,0429,1203,106,2024-12-29 21:03:34.280236
00006,0435,1204,106,2024-12-29 21:03:34.311897
00007,0432,1203,106,2024-12-29 21:03:34.328229
00007,0438,1203,106,2024-12-29 21:03:34.344221
00006,0437,1203,106,2024-12-29 21:03:34.360225
00006,0436,1204,106,2024-12-29 21:03:34.376206
00005,0435,1203,106,2024-12-29 21:03:34.392210
00005,0438,1203,106,2024-12-29 21:03:34.408206
00006,0428,1203,106,2024-12-29 21:03:34.424197
00006,0437,1203,106,2024-12-29 21:03:34.440201
00007,0436,1204,106,2024-12-29 21:03:34.471510
00006,0434,1203,106,2024-12-29 21:03:34.488181
00005,0443,1203,106,2024-12-29 21:03:34.504183
00005,0434,1203,106,2024-12-29 21:03:34.520178
00007,0438,1203,106,2024-12-29 21:03:34.536171
00007,0438,1203,106,2024-12-29 21:03:34.552173
00006,0440,1203,106,2024-12-29 21:03:34.568163
00007,0427,1204,106,2024-12-29 21:03:34.584164
00007,0438,1203,106,2024-12-29 21:03:34.600155
00006,0432,1203,106,2024-12-29 21:03:34.616162
00007,0436,1204,106,2024-12-29 21:03:34.647908
00007,0434,1203,106,2024-12-29 21:03:34.664151
00006,0435,1203,106,2024-12-29 21:03:34.680146
00006,0430,1203,106,2024-12-29 21:03:34.696142
00006,0429,1204,106,2024-12-29 21:03:34.712151
00006,0432,1203,106,2024-12-29 21:03:34.728165
00006,0435,1203,106,2024-12-29 21:03:34.744141
00008,0437,1204,106,2024-12-29 21:03:34.760145
00006,0441,1203,106,2024-12-29 21:03:34.776125
00006,0440,1203,106,2024-12-29 21:03:34.807541
00006,0432,1203,106,2024-12-29 21:03:34.824121
00006,0429,1203,106,2024-12-29 21:03:34.840127
00006,0440,1203,106,2024-12-29 21:03:34.856105
00006,0432,1203,106,2024-12-29 21:03:34.872109
00006,0434,1203,106,2024-12-29 21:03:34.888105
00007,0434,1204,106,2024-12-29 21:03:34.904104
00005,0435,1203,106,2024-12-29 21:03:34.920093
00006,0436,1204,106,2024-12-29 21:03:34.936094
00006,0442,1204,106,2024-12-29 21:03:34.952085
00006,0435,1203,106,2024-12-29 21:03:34.983918
00007,0437,1203,106,2024-12-29 21:03:35.000080
00006,0435,1204,106,2024-12-29 21:03:35.016074
00007,0445,1204,106,2024-12-29 21:03:35.032065
00006,0432,1203,106,2024-12-29 21:03:35.048065
00007,0438,1203,106,2024-12-29 21:03:35.064055
00007,0439,1204,106,2024-12-29 21:03:35.080069
00006,0437,1203,106,2024-12-29 21:03:35.096067
00006,0433,1203,106,2024-12-29 21:03:35.112070
00006,0431,1204,106,2024-12-29 21:03:35.143579
00005,0439,1204,106,2024-12-29 21:03:35.160073
00007,0443,1204,106,2024-12-29 21:03:35.176077
00007,0436,1204,106,2024-12-29 21:03:35.192076
00005,0430,1204,106,2024-12-29 21:03:35.208077
00006,0431,1203,106,2024-12-29 21:03:35.224084
00007,0428,1204,106,2024-12-29 21:03:35.240095
00006,0427,1203,106,2024-12-29 21:03:35.256092
00006,0422,1204,106,2024-12-29 21:03:35.272014
00006,0434,1204,106,2024-12-29 21:03:35.288020
00008,0431,1204,106,2024-12-29 21:03:35.319953
00005,0419,1203,106,2024-12-29 21:03:35.336000
00007,0426,1204,106,2024-12-29 21:03:35.352001
00006,0425,1204,106,2024-12-29 21:03:35.367997
00007,0425,1203,106,2024-12-29 21:03:35.383982
00005,0433,1204,106,2024-12-29 21:03:35.399987
00005,0425,1204,106,2024-12-29 21:03:35.415981
00008,0430,1204,106,2024-12-29 21:03:35.431982
00007,0435,1204,106,2024-12-29 21:03:35.447990
00007,0434,1203,106,2024-12-29 21:03:35.479585
00006,0438,1204,106,2024-12-29 21:03:35.495963
00006,0429,1203,106,2024-12-29 21:03:35.511957
00006,0442,1204,106,2024-12-29 21:03:35.527955
00006,0431,1204,106,2024-12-29 21:03:35.543949
00006,0426,1203,106,2024-12-29 21:03:35.559955
00007,0436,1204,106,2024-12-29 21:03:35.575946
00006,0432,1204,106,2024-12-29 21:03:35.592021
00006,0434,1204,106,2024-12-29 21:03:35.607951
00007,0437,1203,106,2024-12-29 21:03:35.623930
00005,0429,1204,106,2024-12-29 21:03:35.655932
00006,0430,1204,106,2024-12-29 21:03:35.671931
00007,0430,1203,106,2024-12-29 21:03:35.687920
00007,0435,1203,106,2024-12-29 21:03:35.703913
00007,0435,1204,106,2024-12-29 21:03:35.719913
00006,0433,1203,106,2024-12-29 21:03:35.735914
00006,0429,1204,106,2024-12-29 21:03:35.751918
00006,0426,1204,106,2024-12-29 21:03:35.767906
00007,0438,1204,106,2024-12-29 21:03:35.783903
00007,0429,1204,106,2024-12-29 21:03:35.815633
00007,0436,1204,106,2024-12-29 21:03:35.831898
00007,0423,1204,106,2024-12-29 21:03:35.847895
00006,0429,1204,106,2024-12-29 21:03:35.863883
00006,0433,1204,106,2024-12-29 21:03:35.879874
00006,0428,1204,106,2024-12-29 21:03:35.895881
00007,0431,1204,106,2024-12-29 21:03:35.911873
00006,0433,1204,106,2024-12-29 21:03:35.927882
00006,0434,1204,106,2024-12-29 21:03:35.943862
00006,0438,1204,106,2024-12-29 21:03:35.975250
00006,0419,1204,106,2024-12-29 21:03:35.991863
00007,0432,1204,106,2024-12-29 21:03:36.007862
00007,0436,1204,106,2024-12-29 21:03:36.023845
00006,0429,1204,106,2024-12-29 21:03:36.039849
00007,0443,1204,106,2024-12-29 21:03:36.055842
00007,0437,1203,106,2024-12-29 21:03:36.071845
00006,0430,1204,106,2024-12-29 21:03:36.087834
00006,0435,1204,106,2024-12-29 21:03:36.103830
00006,0425,1204,106,2024-12-29 21:03:36.119833
00007,0438,1203,106,2024-12-29 21:03:36.151646
00006,0434,1204,106,2024-12-29 21:03:36.167832
00005,0427,1204,106,2024-12-29 21:03:36.183810
00005,0430,1204,106,2024-12-29 21:03:36.199806
00006,0431,1204,106,2024-12-29 21:03:36.215803
00007,0440,1203,106,2024-12-29 21:03:36.231806
00006,0438,1204,106,2024-12-29 21:03:36.247810
00006,0430,1204,106,2024-12-29 21:03:36.263800
00005,0424,1204,106,2024-12-29 21:03:36.279800
00007,0424,1204,106,2024-12-29 21:03:36.311279
00006,0441,1204,106,2024-12-29 21:03:36.327785
00008,0432,1204,106,2024-12-29 21:03:36.343781
00007,0439,1204,106,2024-12-29 21:03:36.359777
00006,0437,1203,106,2024-12-29 21:03:36.375774
00006,0438,1204,106,2024-12-29 21:03:36.391774
00005,0432,1204,106,2024-12-29 21:03:36.407779
00006,0437,1204,106,2024-12-29 21:03:36.423762
00007,0432,1204,106,2024-12-29 21:03:36.439756
00006,0434,1204,106,2024-12-29 21:03:36.455768
00007,0429,1204,106,2024-12-29 21:03:36.487668
00005,0438,1203,106,2024-12-29 21:03:36.503746
00007,0435,1204,106,2024-12-29 21:03:36.519750
00006,0438,1204,106,2024-12-29 21:03:36.535750
00007,0442,1204,106,2024-12-29 21:03:36.551736
00006,0438,1204,106,2024-12-29 21:03:36.567733
00006,0444,1204,106,2024-12-29 21:03:36.583720
00006,0444,1204,106,2024-12-29 21:03:36.599723
00006,0439,1204,106,2024-12-29 21:03:36.615711
00006,0433,1204,106,2024-12-29 21:03:36.647290
00006,0433,1203,106,2024-12-29 21:03:36.663721
00008,0437,1204,106,2024-12-29 21:03:36.679703
00006,0425,1204,106,2024-12-29 21:03:36.695700
00006,0432,1204,106,2024-12-29 21:03:36.711701
00006,0432,1204,106,2024-12-29 21:03:36.727693
00007,0427,1203,106,2024-12-29 21:03:36.743703
00006,0437,1204,106,2024-12-29 21:03:36.759693
00006,0433,1204,106,2024-12-29 21:03:36.775695
00007,0447,1203,106,2024-12-29 21:03:36.791683
00006,0427,1204,106,2024-12-29 21:03:36.823690
00006,0440,1204,106,2024-12-29 21:03:36.839676
00006,0432,1204,106,2024-12-29 21:03:36.855678
00007,0433,1204,106,2024-12-29 21:03:36.871667
00007,0436,1204,106,2024-12-29 21:03:36.887675
00006,0425,1204,106,2024-12-29 21:03:36.903671
00006,0430,1204,106,2024-12-29 21:03:36.919657
00007,0431,1204,106,2024-12-29 21:03:36.935661
00006,0430,1204,106,2024-12-29 21:03:36.951646
00006,0424,1204,106,2024-12-29 21:03:36.983328
00007,0433,1204,106,2024-12-29 21:03:36.999642
00006,0436,1203,106,2024-12-29 21:03:37.015644
00007,0432,1204,106,2024-12-29 21:03:37.031625
00007,0430,1204,106,2024-12-29 21:03:37.047627
00006,0432,1204,106,2024-12-29 21:03:37.063623
00005,0437,1203,106,2024-12-29 21:03:37.079624
00006,0437,1204,106,2024-12-29 21:03:37.095616
00007,0430,1204,106,2024-12-29 21:03:37.111622
00005,0435,1204,106,2024-12-29 21:03:37.142968
00006,0432,1204,106,2024-12-29 21:03:37.159598
00005,0431,1203,106,2024-12-29 21:03:37.175588
00007,0436,1204,106,2024-12-29 21:03:37.191594
00006,0429,1204,106,2024-12-29 21:03:37.207588
00007,0436,1204,106,2024-12-29 21:03:37.223599
00008,0433,1204,106,2024-12-29 21:03:37.239595
00007,0426,1204,106,2024-12-29 21:03:37.255591
00006,0437,1204,106,2024-12-29 21:03:37.271589
00007,0434,1204,106,2024-12-29 21:03:37.287583
00005,0425,1204,106,2024-12-29 21:03:37.319377
00006,0421,1204,106,2024-12-29 21:03:37.335563
00007,0425,1204,106,2024-12-29 21:03:37.351565
00007,0430,1204,106,2024-12-29 21:03:37.367555
00005,0442,1204,106,2024-12-29 21:03:37.383561
00007,0433,1204,106,2024-12-29 21:03:37.399545
00006,0433,1204,106,2024-12-29 21:03:37.415556
00004,0431,1203,106,2024-12-29 21:03:37.431546
00007,0445,1204,106,2024-12-29 21:03:37.447544
00005,0429,1204,106,2024-12-29 21:03:37.478982
00005,0427,1204,106,2024-12-29 21:03:37.495528
00007,0432,1204,106,2024-12-29 21:03:37.511521
00006,0432,1203,106,2024-12-29 21:03:37.527522
00006,0437,1204,106,2024-12-29 21:03:37.543516
00006,0425,1204,106,2024-12-29 21:03:37.559509
00006,0427,1204,106,2024-12-29 21:03:37.575507
00008,0432,1203,106,2024-12-29 21:03:37.591509
00008,0426,1204,106,2024-12-29 21:03:37.607503
00007,0428,1204,106,2024-12-29 21:03:37.623504
00006,0424,1204,106,2024-12-29 21:03:37.655381
00007,0429,1204,106,2024-12-29 21:03:37.671489
00006,0425,1204,106,2024-12-29 21:03:37.687479
00005,0433,1204,106,2024-12-29 21:03:37.703488
00006,0435,1204,106,2024-12-29 21:03:37.719471
00005,0433,1204,106,2024-12-29 21:03:37.735477
00006,0431,1204,106,2024-12-29 21:03:37.751479
00007,0419,1204,106,2024-12-29 21:03:37.767464
00006,0427,1204,106,2024-12-29 21:03:37.783468
00007,0423,1204,106,2024-12-29 21:03:37.815027
00006,0434,1203,106,2024-12-29 21:03:37.831457
00005,0426,1204,106,2024-12-29 21:03:37.847462
00007,0436,1204,106,2024-12-29 21:03:37.863444
00007,0426,1204,106,2024-12-29 21:03:37.879440
00007,0431,1204,106,2024-12-29 21:03:37.895438
00006,0431,1204,106,2024-12-29 21:03:37.911437
00007,0430,1204,106,2024-12-29 21:03:37.927435
00007,0434,1204,106,2024-12-29 21:03:37.943426
00006,0422,1204,106,2024-12-29 21:03:37.959436
00006,0426,1204,106,2024-12-29 21:03:37.991419
00008,0431,1204,106,2024-12-29 21:03:38.007430
00006,0428,1204,106,2024-12-29 21:03:38.023433
00006,0431,1204,106,2024-12-29 21:03:38.039429
00006,0428,1204,106,2024-12-29 21:03:38.055434
00006,0423,1203,106,2024-12-29 21:03:38.071431
00007,0434,1204,106,2024-12-29 21:03:38.087435
00005,0425,1204,106,2024-12-29 21:03:38.103433
00005,0427,1204,106,2024-12-29 21:03:38.119441
00007,0424,1204,106,2024-12-29 21:03:38.151089
00006,0429,1204,106,2024-12-29 21:03:38.167449
00006,0419,1204,106,2024-12-29 21:03:38.183376
00005,0421,1203,106,2024-12-29 21:03:38.199374
00006,0425,1204,106,2024-12-29 21:03:38.215369
00005,0432,1203,106,2024-12-29 21:03:38.231375
00007,0426,1203,106,2024-12-29 21:03:38.247389
00007,0429,1204,106,2024-12-29 21:03:38.263359
00006,0434,1203,106,2024-12-29 21:03:38.279358
00007,0427,1204,106,2024-12-29 21:03:38.310687
00007,0428,1204,106,2024-12-29 21:03:38.327340
00006,0423,1204,106,2024-12-29 21:03:38.343350
00006,0434,1203,106,2024-12-29 21:03:38.359342
00007,0430,1204,106,2024-12-29 21:03:38.375332
00008,0429,1204,106,2024-12-29 21:03:38.391329
00005,0434,1204,106,2024-12-29 21:03:38.407327
00006,0422,1204,106,2024-12-29 21:03:38.423326
00006,0425,1204,106,2024-12-29 21:03:38.439322
00006,0427,1203,106,2024-12-29 21:03:38.455322
00007,0434,1204,106,2024-12-29 21:03:38.487060
00006,0433,1204,106,2024-12-29 21:03:38.503314
00006,0430,1203,106,2024-12-29 21:03:38.519302
00006,0432,1204,106,2024-12-29 21:03:38.535307
00006,0422,1204,106,2024-12-29 21:03:38.551301
00007,0419,1204,106,2024-12-29 21:03:38.567303
00005,0429,1204,106,2024-12-29 21:03:38.583287
00004,0422,1204,106,2024-12-29 21:03:38.599280
00007,0434,1204,106,2024-12-29 21:03:38.615278
00006,0418,1204,106,2024-12-29 21:03:38.646715
00006,0419,1204,106,2024-12-29 21:03:38.663268
00004,0423,1203,106,2024-12-29 21:03:38.679266
00005,0427,1204,106,2024-12-29 21:03:38.695257
00006,0427,1204,106,2024-12-29 21:03:38.711266
00006,0427,1203,106,2024-12-29 21:03:38.727265
00006,0423,1203,106,2024-12-29 21:03:38.743254
00006,0424,1204,106,2024-12-29 21:03:38.759252
00006,0419,1204,106,2024-12-29 21:03:38.775240
00006,0427,1204,106,2024-12-29 21:03:38.791234
00007,0429,1204,106,2024-12-29 21:03:38.823080
00005,0423,1203,106,2024-12-29 21:03:38.839229
00005,0431,1204,106,2024-12-29 21:03:38.855225
00007,0423,1204,106,2024-12-29 21:03:38.871224
00007,0425,1204,106,2024-12-29 21:03:38.887217
00006,0427,1203,106,2024-12-29 21:03:38.903220
00005,0423,1204,106,2024-12-29 21:03:38.919214
00007,0429,1204,106,2024-12-29 21:03:38.935202
00006,0425,1204,106,2024-12-29 21:03:38.951216
00006,0424,1204,106,2024-12-29 21:03:38.982726
00006,0422,1204,106,2024-12-29 21:03:38.999192
00006,0418,1203,106,2024-12-29 21:03:39.015193
00006,0420,1204,106,2024-12-29 21:03:39.031189
00006,0427,1203,106,2024-12-29 21:03:39.047192
00007,0427,1203,106,2024-12-29 21:03:39.063182
00005,0428,1204,106,2024-12-29 21:03:39.079182
00007,0426,1204,106,2024-12-29 21:03:39.095187
00006,0424,1204,106,2024-12-29 21:03:39.111171
00006,0420,1204,106,2024-12-29 21:03:39.127168
00006,0423,1203,106,2024-12-29 21:03:39.159110
00007,0423,1203,106,2024-12-29 21:03:39.175160
00007,0426,1204,106,2024-12-29 21:03:39.191153
00006,0433,1204,106,2024-12-29 21:03:39.207158
00006,0428,1204,106,2024-12-29 21:03:39.223146
00006,0423,1204,106,2024-12-29 21:03:39.239170
00006,0430,1203,106,2024-12-29 21:03:39.255143
00006,0422,1204,106,2024-12-29 21:03:39.271141
00007,0417,1204,106,2024-12-29 21:03:39.287141
00006,0425,1204,106,2024-12-29 21:03:39.318753
00006,0413,1203,106,2024-12-29 21:03:39.335137
00006,0416,1204,106,2024-12-29 21:03:39.351122
00006,0432,1204,106,2024-12-29 21:03:39.367118
00006,0426,1204,106,2024-12-29 21:03:39.383122
00006,0423,1204,106,2024-12-29 21:03:39.399114
00006,0421,1203,106,2024-12-29 21:03:39.415104
00006,0423,1204,106,2024-12-29 21:03:39.431117
00005,0425,1204,106,2024-12-29 21:03:39.447118
00006,0428,1203,106,2024-12-29 21:03:39.463101
00006,0409,1204,106,2024-12-29 21:03:39.495093
00007,0418,1204,106,2024-12-29 21:03:39.511097
00007,0430,1203,106,2024-12-29 21:03:39.527090
00006,0418,1204,106,2024-12-29 21:03:39.543084
00007,0425,1204,106,2024-12-29 21:03:39.559092
00006,0424,1204,106,2024-12-29 21:03:39.575089
00006,0436,1203,106,2024-12-29 21:03:39.591076
00007,0430,1204,106,2024-12-29 21:03:39.607073
00006,0424,1204,106,2024-12-29 21:03:39.623077
00006,0428,1204,106,2024-12-29 21:03:39.654765
00005,0426,1203,106,2024-12-29 21:03:39.671053
00006,0428,1203,106,2024-12-29 21:03:39.687060
00007,0430,1203,106,2024-12-29 21:03:39.703051
00006,0430,1204,106,2024-12-29 21:03:39.719049
00005,0421,1204,106,2024-12-29 21:03:39.735052
00006,0426,1203,106,2024-12-29 21:03:39.751044
00006,0430,1204,106,2024-12-29 21:03:39.767037
00006,0433,1203,106,2024-12-29 21:03:39.783030
00007,0432,1203,106,2024-12-29 21:03:39.814413
00005,0439,1203,106,2024-12-29 21:03:39.831022
00007,0426,1204,106,2024-12-29 21:03:39.847023
00006,0426,1203,106,2024-12-29 21:03:39.863012
00005,0422,1203,106,2024-12-29 21:03:39.879026
00005,0431,1203,106,2024-12-29 21:03:39.895005
00006,0427,1203,106,2024-12-29 21:03:39.911007
00006,0426,1203,106,2024-12-29 21:03:39.927007
00006,0428,1203,106,2024-12-29 21:03:39.943017
00006,0429,1204,106,2024-12-29 21:03:39.958997
00005,0422,1204,106,2024-12-29 21:03:39.990817
00007,0426,1203,106,2024-12-29 21:03:40.006983
00006,0429,1204,106,2024-12-29 21:03:40.022986
00007,0427,1203,106,2024-12-29 21:03:40.038973
00007,0427,1203,106,2024-12-29 21:03:40.054980
00005,0433,1204,106,2024-12-29 21:03:40.070975
00005,0433,1203,106,2024-12-29 21:03:40.086971
00006,0433,1204,106,2024-12-29 21:03:40.102955
00007,0426,1203,106,2024-12-29 21:03:40.118961
00006,0422,1203,106,2024-12-29 21:03:40.150417
00006,0425,1203,106,2024-12-29 21:03:40.166954
00006,0436,1203,106,2024-12-29 21:03:40.182960
00006,0426,1203,106,2024-12-29 21:03:40.198947
00007,0429,1203,106,2024-12-29 21:03:40.214939
00007,0435,1204,106,2024-12-29 21:03:40.230944
00006,0429,1203,106,2024-12-29 21:03:40.246944
00006,0435,1203,106,2024-12-29 21:03:40.262929
00006,0438,1204,106,2024-12-29 21:03:40.278932
00006,0426,1203,106,2024-12-29 21:03:40.294923
00006,0427,1203,106,2024-12-29 21:03:40.326830
00006,0429,1204,106,2024-12-29 21:03:40.342914
00006,0433,1203,106,2024-12-29 21:03:40.358909
00007,0429,1204,106,2024-12-29 21:03:40.374904
00006,0431,1204,106,2024-12-29 21:03:40.390907
00006,0418,1204,106,2024-12-29 21:03:40.406902
00006,0426,1203,106,2024-12-29 21:03:40.422898
00007,0423,1204,106,2024-12-29 21:03:40.438894
00006,0435,1204,106,2024-12-29 21:03:40.454891
00005,0424,1204,106,2024-12-29 21:03:40.486468
00006,0432,1203,106,2024-12-29 21:03:40.502878
00006,0426,1204,106,2024-12-29 21:03:40.518881
00006,0426,1203,106,2024-12-29 21:03:40.534870
00007,0425,1204,106,2024-12-29 21:03:40.550887
00005,0424,1203,106,2024-12-29 21:03:40.566890
00006,0420,1203,106,2024-12-29 21:03:40.582861
00005,0420,1204,106,2024-12-29 21:03:40.598861
00006,0424,1203,106,2024-12-29 21:03:40.614849
00006,0432,1203,106,2024-12-29 21:03:40.630849
00006,0428,1203,106,2024-12-29 21:03:40.662841
00006,0429,1203,106,2024-12-29 21:03:40.678849
00005,0419,1203,106,2024-12-29 21:03:40.694834
00006,0426,1203,106,2024-12-29 21:03:40.710837
00005,0416,1203,106,2024-12-29 21:03:40.726827
00006,0426,1204,106,2024-12-29 21:03:40.742833
00007,0422,1204,106,2024-12-29 21:03:40.758825
00006,0424,1203,106,2024-12-29 21:03:40.774818
00005,0426,1203,106,2024-12-29 21:03:40.790821
00006,0422,1203,106,2024-12-29 21:03:40.822481
00006,0428,1203,106,2024-12-29 21:03:40.838801
00004,0423,1203,106,2024-12-29 21:03:40.854800
00007,0431,1204,106,2024-12-29 21:03:40.870800
00006,0419,1203,106,2024-12-29 21:03:40.886794
00007,0421,1203,106,2024-12-29 21:03:40.902788
00007,0414,1203,106,2024-12-29 21:03:40.918793
00005,0421,1204,106,2024-12-29 21:03:40.934794
00005,0426,1204,106,2024-12-29 21:03:40.950801
00006,0429,1203,106,2024-12-29 21:03:40.982108
00006,0432,1203,106,2024-12-29 21:03:40.998806
00007,0432,1203,106,2024-12-29 21:03:41.014801
00005,0419,1203,106,2024-12-29 21:03:41.030807
00006,0421,1203,106,2024-12-29 21:03:41.046811
00006,0426,1203,106,2024-12-29 21:03:41.062806
00006,0430,1203,106,2024-12-29 21:03:41.078812
00006,0426,1203,106,2024-12-29 21:03:41.094818
00005,0421,1203,106,2024-12-29 21:03:41.110749
00006,0424,1204,106,2024-12-29 21:03:41.126761
00005,0420,1203,106,2024-12-29 21:03:41.158513
00006,0435,1203,106,2024-12-29 21:03:41.174739
00006,0428,1203,106,2024-12-29 21:03:41.190744
00006,0424,1203,106,2024-12-29 21:03:41.206728
00007,0424,1203,106,2024-12-29 21:03:41.222741
00007,0427,1203,106,2024-12-29 21:03:41.238745
00006,0426,1203,106,2024-12-29 21:03:41.254724
00006,0433,1203,106,2024-12-29 21:03:41.270722
00006,0423,1203,106,2024-12-29 21:03:41.286723
00006,0423,1203,106,2024-12-29 21:03:41.318139
00006,0431,1203,106,2024-12-29 21:03:41.334700
00007,0419,1203,106,2024-12-29 21:03:41.350703
00007,0429,1203,106,2024-12-29 21:03:41.366694
00006,0429,1203,106,2024-12-29 21:03:41.382695
00008,0442,1204,106,2024-12-29 21:03:41.398685
00006,0435,1204,106,2024-12-29 21:03:41.414695
00006,0435,1203,106,2024-12-29 21:03:41.430676
00005,0419,1203,106,2024-12-29 21:03:41.446674
00006,0431,1203,106,2024-12-29 21:03:41.462689
00007,0432,1203,106,2024-12-29 21:03:41.494522
00006,0433,1203,106,2024-12-29 21:03:41.510668
00006,0435,1203,106,2024-12-29 21:03:41.526655
00006,0438,1203,106,2024-12-29 21:03:41.542653
00006,0428,1203,106,2024-12-29 21:03:41.558647
00007,0430,1204,106,2024-12-29 21:03:41.574652
00005,0432,1203,106,2024-12-29 21:03:41.590634
00006,0438,1203,106,2024-12-29 21:03:41.606642
00007,0431,1203,106,2024-12-29 21:03:41.622635
00005,0432,1203,106,2024-12-29 21:03:41.654174
00007,0429,1203,106,2024-12-29 21:03:41.670626
00006,0437,1203,106,2024-12-29 21:03:41.686627
00007,0434,1203,106,2024-12-29 21:03:41.702608
00006,0432,1204,106,2024-12-29 21:03:41.718620
00006,0430,1203,106,2024-12-29 21:03:41.734614
00007,0420,1203,106,2024-12-29 21:03:41.750610
00005,0430,1203,106,2024-12-29 21:03:41.766610
00007,0435,1204,106,2024-12-29 21:03:41.782595
00006,0434,1203,106,2024-12-29 21:03:41.798590
00005,0426,1203,106,2024-12-29 21:03:41.830555
00007,0432,1203,106,2024-12-29 21:03:41.846583
00006,0425,1203,106,2024-12-29 21:03:41.862591
00005,0430,1203,106,2024-12-29 21:03:41.878579
00006,0433,1203,106,2024-12-29 21:03:41.894573
00006,0428,1203,106,2024-12-29 21:03:41.910569
00006,0429,1203,106,2024-12-29 21:03:41.926568
00005,0425,1203,106,2024-12-29 21:03:41.942562
00006,0432,1203,106,2024-12-29 21:03:41.958564
00006,0432,1203,106,2024-12-29 21:03:41.990173
00004,0438,1203,106,2024-12-29 21:03:42.006563
00004,0429,1203,106,2024-12-29 21:03:42.022557
00006,0429,1203,106,2024-12-29 21:03:42.038541
00005,0432,1203,106,2024-12-29 21:03:42.054544
00006,0429,1203,106,2024-12-29 21:03:42.070536
00007,0428,1203,106,2024-12-29 21:03:42.086525
00007,0418,1203,106,2024-12-29 21:03:42.102525
00006,0433,1203,106,2024-12-29 21:03:42.118528
00007,0430,1203,106,2024-12-29 21:03:42.134528
00006,0425,1203,106,2024-12-29 21:03:42.166514
00005,0434,1203,106,2024-12-29 21:03:42.182508
00006,0427,1203,106,2024-12-29 21:03:42.198510
00007,0432,1203,106,2024-12-29 21:03:42.214502
00006,0426,1203,106,2024-12-29 21:03:42.230509
00007,0431,1203,106,2024-12-29 21:03:42.246521
00006,0432,1203,106,2024-12-29 21:03:42.262492
00006,0434,1203,106,2024-12-29 21:03:42.278492
00006,0427,1203,106,2024-12-29 21:03:42.294485
00006,0426,1203,106,2024-12-29 21:03:42.326185
00006,0431,1203,106,2024-12-29 21:03:42.342481
00007,0433,1203,106,2024-12-29 21:03:42.358478
00007,0431,1203,106,2024-12-29 21:03:42.374472
00006,0416,1203,106,2024-12-29 21:03:42.390484
00006,0423,1203,106,2024-12-29 21:03:42.406466
00005,0425,1203,106,2024-12-29 21:03:42.422465
00006,0433,1203,106,2024-12-29 21:03:42.438457
00006,0426,1203,106,2024-12-29 21:03:42.454453
00007,0430,1203,106,2024-12-29 21:03:42.485837
00004,0427,1203,106,2024-12-29 21:03:42.502427
00007,0414,1203,106,2024-12-29 21:03:42.518427
00006,0427,1203,106,2024-12-29 21:03:42.534431
00006,0431,1203,106,2024-12-29 21:03:42.550427
00006,0429,1203,106,2024-12-29 21:03:42.566417
00006,0433,1203,106,2024-12-29 21:03:42.582415
00005,0419,1203,106,2024-12-29 21:03:42.598405
00006,0428,1203,106,2024-12-29 21:03:42.614400
00005,0424,1203,106,2024-12-29 21:03:42.630406
00006,0422,1203,106,2024-12-29 21:03:42.662220
00006,0421,1203,106,2024-12-29 21:03:42.678394
00006,0425,1203,106,2024-12-29 21:03:42.694395
00006,0433,1203,106,2024-12-29 21:03:42.710386
00005,0417,1203,106,2024-12-29 21:03:42.726383
00005,0422,1203,106,2024-12-29 21:03:42.742389
00005,0419,1203,106,2024-12-29 21:03:42.758371
00005,0428,1203,106,2024-12-29 21:03:42.774376
00007,0424,1203,106,2024-12-29 21:03:42.790370
00006,0428,1203,106,2024-12-29 21:03:42.821852
00006,0424,1203,106,2024-12-29 21:03:42.838360
00006,0427,1203,106,2024-12-29 21:03:42.854362
00007,0429,1203,106,2024-12-29 21:03:42.870342
00004,0424,1203,106,2024-12-29 21:03:42.886351
00006,0429,1203,106,2024-12-29 21:03:42.902344
00005,0432,1203,106,2024-12-29 21:03:42.918353
00006,0424,1203,106,2024-12-29 21:03:42.934337
00005,0419,1203,106,2024-12-29 21:03:42.950342
00006,0430,1203,106,2024-12-29 21:03:42.966328
00006,0420,1203,106,2024-12-29 21:03:42.998242
00006,0430,1203,106,2024-12-29 21:03:43.014319
00005,0424,1203,106,2024-12-29 21:03:43.030320
00005,0420,1203,106,2024-12-29 21:03:43.046312
00005,0433,1203,106,2024-12-29 21:03:43.062311
00007,0429,1203,106,2024-12-29 21:03:43.078304
00006,0432,1203,106,2024-12-29 21:03:43.094307
00005,0426,1203,106,2024-12-29 21:03:43.110311
00006,0431,1202,106,2024-12-29 21:03:43.126303
00006,0428,1203,106,2024-12-29 21:03:43.157866
00006,0425,1203,106,2024-12-29 21:03:43.174293
00006,0430,1203,106,2024-12-29 21:03:43.190279
00007,0425,1203,106,2024-12-29 21:03:43.206281
00007,0425,1203,106,2024-12-29 21:03:43.222279
00007,0421,1203,106,2024-12-29 21:03:43.238283
00006,0416,1203,106,2024-12-29 21:03:43.254268
00006,0428,1203,106,2024-12-29 21:03:43.270265
00005,0430,1203,106,2024-12-29 21:03:43.286259
00006,0436,1203,106,2024-12-29 21:03:43.302258
00006,0423,1203,106,2024-12-29 21:03:43.334250
00006,0430,1203,106,2024-12-29 21:03:43.350247
00006,0426,1203,106,2024-12-29 21:03:43.366243
00006,0430,1203,106,2024-12-29 21:03:43.382232
00006,0428,1203,106,2024-12-29 21:03:43.398228
00006,0429,1203,106,2024-12-29 21:03:43.414232
00006,0439,1203,106,2024-12-29 21:03:43.430227
00007,0436,1203,106,2024-12-29 21:03:43.446219
00008,0434,1203,106,2024-12-29 21:03:43.462223
00006,0427,1203,106,2024-12-29 21:03:43.493911
00008,0427,1203,106,2024-12-29 21:03:43.510204
00007,0432,1203,106,2024-12-29 21:03:43.526209
00006,0431,1203,106,2024-12-29 21:03:43.542203
00006,0432,1203,106,2024-12-29 21:03:43.558201
00005,0440,1203,106,2024-12-29 21:03:43.574198
00005,0431,1203,106,2024-12-29 21:03:43.590194
00006,0434,1203,106,2024-12-29 21:03:43.606195
00006,0427,1203,106,2024-12-29 21:03:43.622187
00006,0424,1203,106,2024-12-29 21:03:43.653534
00006,0430,1203,106,2024-12-29 21:03:43.670168
00005,0436,1203,106,2024-12-29 21:03:43.686177
00006,0435,1203,106,2024-12-29 21:03:43.702166
00005,0427,1203,106,2024-12-29 21:03:43.718172
00005,0431,1203,106,2024-12-29 21:03:43.734161
00006,0427,1203,106,2024-12-29 21:03:43.750155
00006,0420,1203,106,2024-12-29 21:03:43.766154
00006,0429,1203,106,2024-12-29 21:03:43.782157
00007,0429,1203,106,2024-12-29 21:03:43.798146
00005,0435,1203,106,2024-12-29 21:03:43.829917
00004,0428,1203,106,2024-12-29 21:03:43.846149
00006,0426,1203,106,2024-12-29 21:03:43.862143
00006,0433,1203,106,2024-12-29 21:03:43.878144
00007,0430,1203,106,2024-12-29 21:03:43.894151
00004,0423,1203,106,2024-12-29 21:03:43.910155
00006,0427,1203,106,2024-12-29 21:03:43.926150
00005,0426,1203,106,2024-12-29 21:03:43.942153
00007,0440,1203,106,2024-12-29 21:03:43.958155
00005,0433,1203,106,2024-12-29 21:03:43.989587
00006,0424,1203,106,2024-12-29 21:03:44.006162
00006,0429,1203,106,2024-12-29 21:03:44.022168
00005,0425,1203,106,2024-12-29 21:03:44.038101
00005,0427,1203,106,2024-12-29 21:03:44.054098
00006,0436,1203,106,2024-12-29 21:03:44.070087
00006,0440,1203,106,2024-12-29 21:03:44.086085
00006,0434,1203,106,2024-12-29 21:03:44.102085
00006,0427,1203,106,2024-12-29 21:03:44.118345
00006,0436,1203,106,2024-12-29 21:03:44.134093
00006,0430,1203,106,2024-12-29 21:03:44.165955
00007,0426,1203,106,2024-12-29 21:03:44.182069
00006,0434,1203,106,2024-12-29 21:03:44.198067
00007,0438,1203,106,2024-12-29 21:03:44.214081
00006,0420,1203,106,2024-12-29 21:03:44.230059
00006,0431,1203,106,2024-12-29 21:03:44.246068
00006,0432,1203,106,2024-12-29 21:03:44.262048
00005,0433,1203,106,2024-12-29 21:03:44.278049
00005,0448,1202,106,2024-12-29 21:03:44.294042
00006,0430,1203,106,2024-12-29 21:03:44.325581
00006,0444,1203,106,2024-12-29 21:03:44.342041
00007,0443,1203,106,2024-12-29 21:03:44.358030
00008,0443,1203,106,2024-12-29 21:03:44.374026
00006,0446,1202,106,2024-12-29 21:03:44.390024
00005,0438,1203,106,2024-12-29 21:03:44.406020
00006,0433,1203,106,2024-12-29 21:03:44.422016
00007,0432,1203,106,2024-12-29 21:03:44.438017
00007,0436,1202,106,2024-12-29 21:03:44.454020
00006,0443,1203,106,2024-12-29 21:03:44.470010
00006,0440,1203,106,2024-12-29 21:03:44.501959
00005,0439,1203,106,2024-12-29 21:03:44.517995
00006,0432,1203,106,2024-12-29 21:03:44.533991
00006,0444,1203,106,2024-12-29 21:03:44.549988
00007,0437,1202,106,2024-12-29 21:03:44.565986
00007,0441,1203,106,2024-12-29 21:03:44.581993
00006,0441,1202,106,2024-12-29 21:03:44.597976
00006,0442,1203,106,2024-12-29 21:03:44.613974
00006,0444,1203,106,2024-12-29 21:03:44.629961
00006,0431,1202,106,2024-12-29 21:03:44.661601
00006,0428,1202,106,2024-12-29 21:03:44.677967
00005,0423,1203,106,2024-12-29 21:03:44.693962
00006,0439,1203,106,2024-12-29 21:03:44.709968
00006,0442,1203,106,2024-12-29 21:03:44.725956
00005,0431,1202,106,2024-12-29 21:03:44.741964
00007,0428,1203,106,2024-12-29 21:03:44.757947
00006,0430,1202,106,2024-12-29 21:03:44.773937
00007,0440,1202,106,2024-12-29 21:03:44.789939
00006,0439,1203,106,2024-12-29 21:03:44.821252
00006,0441,1203,106,2024-12-29 21:03:44.837935
00005,0424,1203,106,2024-12-29 21:03:44.853920
00006,0440,1203,106,2024-12-29 21:03:44.869923
00006,0431,1202,106,2024-12-29 21:03:44.885907
00006,0435,1202,106,2024-12-29 21:03:44.901915
00006,0439,1203,106,2024-12-29 21:03:44.917904
00005,0441,1202,106,2024-12-29 21:03:44.933909
00005,0437,1202,106,2024-12-29 21:03:44.949912
00007,0435,1203,106,2024-12-29 21:03:44.965890
00006,0440,1202,106,2024-12-29 21:03:44.997629
00006,0443,1203,106,2024-12-29 21:03:45.013893
00007,0439,1202,106,2024-12-29 21:03:45.029880
00006,0442,1203,106,2024-12-29 21:03:45.045882
00007,0433,1202,106,2024-12-29 21:03:45.061883
00007,0448,1202,106,2024-12-29 21:03:45.077871
00006,0438,1202,106,2024-12-29 21:03:45.093872
00007,0443,1203,106,2024-12-29 21:03:45.109865
00006,0443,1203,106,2024-12-29 21:03:45.125863
00005,0433,1202,106,2024-12-29 21:03:45.157257
00006,0438,1202,106,2024-12-29 21:03:45.173854
00007,0440,1203,106,2024-12-29 21:03:45.189847
00006,0427,1203,106,2024-12-29 21:03:45.205853
00006,0439,1203,106,2024-12-29 21:03:45.221840
00006,0437,1203,106,2024-12-29 21:03:45.237865
00005,0439,1202,106,2024-12-29 21:03:45.253838
00007,0442,1202,106,2024-12-29 21:03:45.269831
00006,0431,1202,106,2024-12-29 21:03:45.285825
00006,0441,1203,106,2024-12-29 21:03:45.301834
00006,0442,1202,106,2024-12-29 21:03:45.333641
00007,0436,1203,106,2024-12-29 21:03:45.349821
00006,0442,1203,106,2024-12-29 21:03:45.365813
00006,0445,1202,106,2024-12-29 21:03:45.381801
00006,0432,1202,106,2024-12-29 21:03:45.397808
00005,0424,1203,106,2024-12-29 21:03:45.413804
00007,0436,1203,106,2024-12-29 21:03:45.429803
00008,0437,1203,106,2024-12-29 21:03:45.445788
00006,0434,1202,106,2024-12-29 21:03:45.461793
00005,0440,1203,106,2024-12-29 21:03:45.493300
00007,0435,1203,106,2024-12-29 21:03:45.509783
00006,0440,1203,106,2024-12-29 21:03:45.525780
00005,0430,1203,106,2024-12-29 21:03:45.541772
00004,0443,1202,106,2024-12-29 21:03:45.557763
00007,0435,1203,106,2024-12-29 21:03:45.573772
00007,0437,1203,106,2024-12-29 21:03:45.589760
00006,0426,1202,106,2024-12-29 21:03:45.605763
00006,0428,1203,106,2024-12-29 21:03:45.621759
00006,0438,1202,106,2024-12-29 21:03:45.637760
00006,0438,1202,106,2024-12-29 21:03:45.669662
00006,0433,1202,106,2024-12-29 21:03:45.685753
00006,0445,1203,106,2024-12-29 21:03:45.701740
00005,0440,1203,106,2024-12-29 21:03:45.717730
00006,0435,1203,106,2024-12-29 21:03:45.733730
00006,0433,1202,106,2024-12-29 21:03:45.749727
00006,0433,1202,106,2024-12-29 21:03:45.765728
00006,0435,1202,106,2024-12-29 21:03:45.781727
00005,0434,1202,106,2024-12-29 21:03:45.797728
00006,0429,1202,106,2024-12-29 21:03:45.829303
00007,0427,1202,106,2024-12-29 21:03:45.845711
00006,0431,1202,106,2024-12-29 21:03:45.861702
00006,0434,1202,106,2024-12-29 21:03:45.877696
00007,0440,1202,106,2024-12-29 21:03:45.893687
00007,0438,1203,106,2024-12-29 21:03:45.909703
00006,0436,1202,106,2024-12-29 21:03:45.925686
00006,0433,1202,106,2024-12-29 21:03:45.941687
00006,0432,1202,106,2024-12-29 21:03:45.957676
00006,0438,1202,106,2024-12-29 21:03:45.973681
00007,0434,1203,106,2024-12-29 21:03:46.005668
00008,0434,1202,106,2024-12-29 21:03:46.021669
00006,0439,1202,106,2024-12-29 21:03:46.037668
00006,0436,1202,106,2024-12-29 21:03:46.053665
00008,0429,1202,106,2024-12-29 21:03:46.069659
00006,0433,1202,106,2024-12-29 21:03:46.085640
00006,0424,1202,106,2024-12-29 21:03:46.101640
00007,0433,1202,106,2024-12-29 21:03:46.117649
00006,0430,1202,106,2024-12-29 21:03:46.133637
00006,0424,1202,106,2024-12-29 21:03:46.165335
00006,0426,1202,106,2024-12-29 21:03:46.181630
00007,0436,1202,106,2024-12-29 21:03:46.197624
00006,0428,1202,106,2024-12-29 21:03:46.213622
00005,0434,1202,106,2024-12-29 21:03:46.229612
00006,0432,1202,106,2024-12-29 21:03:46.245645
00006,0428,1202,106,2024-12-29 21:03:46.261613
00006,0431,1202,106,2024-12-29 21:03:46.277614
00005,0424,1202,106,2024-12-29 21:03:46.293608
00006,0429,1202,106,2024-12-29 21:03:46.324954
00006,0428,1202,106,2024-12-29 21:03:46.341606
00006,0439,1202,106,2024-12-29 21:03:46.357588
00006,0439,1202,106,2024-12-29 21:03:46.373589
00007,0439,1202,106,2024-12-29 21:03:46.389600
00008,0436,1202,106,2024-12-29 21:03:46.405615
00006,0437,1202,106,2024-12-29 21:03:46.421601
00006,0434,1202,106,2024-12-29 21:03:46.437583
00006,0432,1202,106,2024-12-29 21:03:46.453577
00005,0434,1202,106,2024-12-29 21:03:46.469587
00004,0433,1202,106,2024-12-29 21:03:46.501368
00006,0436,1202,106,2024-12-29 21:03:46.517573
00006,0433,1202,106,2024-12-29 21:03:46.533575
00006,0420,1202,106,2024-12-29 21:03:46.549563
00007,0424,1202,106,2024-12-29 21:03:46.565556
00005,0428,1202,106,2024-12-29 21:03:46.581554
00006,0426,1202,106,2024-12-29 21:03:46.597549
00007,0433,1202,106,2024-12-29 21:03:46.613546
00007,0432,1202,106,2024-12-29 21:03:46.629548
00006,0439,1202,106,2024-12-29 21:03:46.660982
00006,0436,1202,106,2024-12-29 21:03:46.677532
00005,0439,1202,106,2024-12-29 21:03:46.693527
00005,0438,1202,106,2024-12-29 21:03:46.709524
00005,0425,1202,106,2024-12-29 21:03:46.725516
00008,0430,1202,106,2024-12-29 21:03:46.741523
00006,0436,1202,106,2024-12-29 21:03:46.757510
00006,0434,1202,106,2024-12-29 21:03:46.773510
00006,0446,1202,106,2024-12-29 21:03:46.789517
00005,0435,1202,106,2024-12-29 21:03:46.805521
00006,0443,1202,106,2024-12-29 21:03:46.837400
00006,0431,1202,106,2024-12-29 21:03:46.853520
00006,0438,1202,106,2024-12-29 21:03:46.869528
00004,0434,1202,106,2024-12-29 21:03:46.885529
00006,0436,1202,106,2024-12-29 21:03:46.901524
00006,0433,1202,106,2024-12-29 21:03:46.917534
00006,0439,1202,106,2024-12-29 21:03:46.933535
00006,0440,1202,106,2024-12-29 21:03:46.949539
00006,0443,1202,106,2024-12-29 21:03:46.965468
00007,0432,1202,106,2024-12-29 21:03:46.996998
00006,0436,1202,106,2024-12-29 21:03:47.013461
00007,0440,1202,106,2024-12-29 21:03:47.029452
00007,0437,1202,106,2024-12-29 21:03:47.045460
00006,0431,1202,106,2024-12-29 21:03:47.061448
00006,0440,1202,106,2024-12-29 21:03:47.077450
00006,0441,1202,106,2024-12-29 21:03:47.093445
00005,0430,1202,106,2024-12-29 21:03:47.109434
00006,0439,1202,106,2024-12-29 21:03:47.125434
00006,0436,1202,106,2024-12-29 21:03:47.141432
00006,0441,1202,106,2024-12-29 21:03:47.173399
00007,0445,1202,106,2024-12-29 21:03:47.189412
00008,0436,1202,106,2024-12-29 21:03:47.205415
00006,0431,1202,106,2024-12-29 21:03:47.221412
00007,0436,1202,106,2024-12-29 21:03:47.237426
00008,0438,1202,106,2024-12-29 21:03:47.253411
00005,0433,1202,106,2024-12-29 21:03:47.269411
00006,0446,1202,106,2024-12-29 21:03:47.285404
00007,0437,1202,106,2024-12-29 21:03:47.301390
00006,0431,1202,106,2024-12-29 21:03:47.333040
00006,0425,1202,106,2024-12-29 21:03:47.349387
00008,0426,1202,106,2024-12-29 21:03:47.365380
00007,0438,1202,106,2024-12-29 21:03:47.381382
00006,0438,1202,106,2024-12-29 21:03:47.397376
00005,0436,1202,106,2024-12-29 21:03:47.413388
00005,0437,1202,106,2024-12-29 21:03:47.429374
00006,0436,1202,106,2024-12-29 21:03:47.445368
00006,0438,1202,106,2024-12-29 21:03:47.461366
00006,0437,1202,106,2024-12-29 21:03:47.492668
00006,0437,1202,106,2024-12-29 21:03:47.509363
00006,0436,1202,106,2024-12-29 21:03:47.525345
00005,0434,1202,106,2024-12-29 21:03:47.541342
00006,0437,1202,106,2024-12-29 21:03:47.557334
00005,0438,1202,106,2024-12-29 21:03:47.573335
00005,0431,1202,106,2024-12-29 21:03:47.589332
00004,0429,1202,106,2024-12-29 21:03:47.605331
00006,0442,1202,106,2024-12-29 21:03:47.621322
00008,0434,1202,106,2024-12-29 21:03:47.637314
00006,0433,1202,106,2024-12-29 21:03:47.669046
00007,0426,1202,106,2024-12-29 21:03:47.685310
00006,0428,1202,106,2024-12-29 21:03:47.701305
00007,0438,1202,106,2024-12-29 21:03:47.717304
00006,0431,1202,106,2024-12-29 21:03:47.733295
00006,0441,1202,106,2024-12-29 21:03:47.749302
00006,0438,1202,106,2024-12-29 21:03:47.765294
00006,0438,1202,106,2024-12-29 21:03:47.781285
00007,0437,1202,106,2024-12-29 21:03:47.797292
00006,0440,1202,106,2024-12-29 21:03:47.828682
00005,0435,1202,106,2024-12-29 21:03:47.845275
00006,0442,1202,106,2024-12-29 21:03:47.861268
00005,0447,1202,106,2024-12-29 21:03:47.877325
00007,0444,1202,106,2024-12-29 21:03:47.893259
00006,0442,1202,106,2024-12-29 21:03:47.909261
00006,0435,1202,106,2024-12-29 21:03:47.925257
00006,0434,1202,106,2024-12-29 21:03:47.941250
00006,0434,1202,106,2024-12-29 21:03:47.957249
00007,0436,1202,106,2024-12-29 21:03:47.973250
00007,0440,1202,106,2024-12-29 21:03:48.005078
00004,0434,1202,106,2024-12-29 21:03:48.021239
00007,0427,1202,106,2024-12-29 21:03:48.037231
00005,0433,1202,106,2024-12-29 21:03:48.053231
00005,0434,1202,106,2024-12-29 21:03:48.069226
00006,0425,1202,106,2024-12-29 21:03:48.085227
00005,0435,1202,106,2024-12-29 21:03:48.101218
00005,0433,1201,106,2024-12-29 21:03:48.117208
00005,0426,1202,106,2024-12-29 21:03:48.133215
00006,0435,1202,106,2024-12-29 21:03:48.164715
00006,0440,1202,106,2024-12-29 21:03:48.181193
00005,0433,1202,106,2024-12-29 21:03:48.197195
00006,0432,1202,106,2024-12-29 21:03:48.213196
00007,0427,1202,106,2024-12-29 21:03:48.229196
00005,0431,1202,106,2024-12-29 21:03:48.245224
00006,0437,1202,106,2024-12-29 21:03:48.261184
00007,0435,1202,106,2024-12-29 21:03:48.277183
00007,0431,1202,106,2024-12-29 21:03:48.293178
00006,0439,1202,106,2024-12-29 21:03:48.309184
00007,0428,1202,106,2024-12-29 21:03:48.341101
00006,0427,1202,106,2024-12-29 21:03:48.357178
00006,0440,1202,106,2024-12-29 21:03:48.373161
00006,0439,1202,106,2024-12-29 21:03:48.389152
00006,0444,1202,106,2024-12-29 21:03:48.405151
00007,0432,1202,106,2024-12-29 21:03:48.421146
00006,0430,1202,106,2024-12-29 21:03:48.437144
00006,0433,1202,106,2024-12-29 21:03:48.453144
00005,0433,1202,106,2024-12-29 21:03:48.469138
00006,0438,1202,106,2024-12-29 21:03:48.500730
00006,0431,1202,106,2024-12-29 21:03:48.517134
00005,0432,1202,106,2024-12-29 21:03:48.533131
00006,0436,1202,106,2024-12-29 21:03:48.549112
00006,0437,1202,106,2024-12-29 21:03:48.565116
00007,0430,1202,106,2024-12-29 21:03:48.581114
00006,0431,1202,106,2024-12-29 21:03:48.597119
00007,0434,1202,106,2024-12-29 21:03:48.613121
00005,0427,1202,106,2024-12-29 21:03:48.629099
00005,0440,1202,106,2024-12-29 21:03:48.645098
00006,0434,1201,106,2024-12-29 21:03:48.677096
00006,0436,1202,106,2024-12-29 21:03:48.693087
00007,0436,1202,106,2024-12-29 21:03:48.709085
00006,0443,1202,106,2024-12-29 21:03:48.725089
00006,0438,1202,106,2024-12-29 21:03:48.741080
00005,0432,1202,106,2024-12-29 21:03:48.757074
00006,0435,1202,106,2024-12-29 21:03:48.773083
00005,0434,1201,106,2024-12-29 21:03:48.789069
00007,0430,1202,106,2024-12-29 21:03:48.805062
00005,0429,1202,106,2024-12-29 21:03:48.836755
00006,0429,1202,106,2024-12-29 21:03:48.853062
00007,0440,1202,106,2024-12-29 21:03:48.869053
00005,0426,1202,106,2024-12-29 21:03:48.885057
00007,0429,1202,106,2024-12-29 21:03:48.901049
00006,0432,1202,106,2024-12-29 21:03:48.917031
00006,0436,1202,106,2024-12-29 21:03:48.933039
00007,0430,1202,106,2024-12-29 21:03:48.949032
00007,0439,1202,106,2024-12-29 21:03:48.965039
00006,0438,1202,106,2024-12-29 21:03:48.996391
00006,0441,1202,106,2024-12-29 21:03:49.013023
00006,0439,1202,106,2024-12-29 21:03:49.029023
00005,0437,1202,106,2024-12-29 21:03:49.045022
00006,0438,1201,106,2024-12-29 21:03:49.061013
00007,0442,1202,106,2024-12-29 21:03:49.077014
00005,0440,1202,106,2024-12-29 21:03:49.093012
00007,0449,1202,106,2024-12-29 21:03:49.109002
00006,0434,1202,106,2024-12-29 21:03:49.124998
00006,0432,1202,106,2024-12-29 21:03:49.140999
00006,0432,1202,106,2024-12-29 21:03:49.172790
00005,0439,1202,106,2024-12-29 21:03:49.188992
00006,0430,1202,106,2024-12-29 21:03:49.204989
00007,0431,1201,106,2024-12-29 21:03:49.220989
00006,0436,1201,106,2024-12-29 21:03:49.236993
00007,0434,1201,106,2024-12-29 21:03:49.252987
00005,0435,1201,106,2024-12-29 21:03:49.268971
00006,0430,1201,106,2024-12-29 21:03:49.284975
00006,0441,1201,106,2024-12-29 21:03:49.300979
00007,0436,1202,106,2024-12-29 21:03:49.332409
00006,0438,1202,106,2024-12-29 21:03:49.348959
00006,0435,1202,106,2024-12-29 21:03:49.364964
00005,0430,1202,106,2024-12-29 21:03:49.380949
00005,0430,1202,106,2024-12-29 21:03:49.396948
00006,0435,1202,106,2024-12-29 21:03:49.412934
00006,0435,1201,106,2024-12-29 21:03:49.428946
00006,0433,1202,106,2024-12-29 21:03:49.444934
00005,0434,1201,106,2024-12-29 21:03:49.460935
00006,0437,1202,106,2024-12-29 21:03:49.476931
00006,0432,1202,106,2024-12-29 21:03:49.508811
00005,0433,1201,106,2024-12-29 21:03:49.524913
00006,0433,1201,106,2024-12-29 21:03:49.540915
00006,0440,1201,106,2024-12-29 21:03:49.556911
00006,0439,1202,106,2024-12-29 21:03:49.572910
00006,0433,1202,106,2024-12-29 21:03:49.588903
00006,0431,1202,106,2024-12-29 21:03:49.604901
00005,0424,1201,106,2024-12-29 21:03:49.620895
00006,0435,1202,106,2024-12-29 21:03:49.636885
00007,0434,1201,106,2024-12-29 21:03:49.668418
00008,0433,1201,106,2024-12-29 21:03:49.684886
00006,0425,1202,106,2024-12-29 21:03:49.700876
00006,0425,1201,106,2024-12-29 21:03:49.716877
00007,0440,1202,106,2024-12-29 21:03:49.732879
00005,0427,1202,106,2024-12-29 21:03:49.748889
00006,0426,1201,106,2024-12-29 21:03:49.764884
00007,0436,1202,106,2024-12-29 21:03:49.780887
00006,0434,1201,106,2024-12-29 21:03:49.796884
00006,0439,1202,106,2024-12-29 21:03:49.812895
00006,0433,1202,106,2024-12-29 21:03:49.844851
00006,0427,1201,106,2024-12-29 21:03:49.860898
00006,0435,1201,106,2024-12-29 21:03:49.876895
00005,0430,1201,106,2024-12-29 21:03:49.892901
00006,0435,1201,106,2024-12-29 21:03:49.908826
00005,0435,1202,106,2024-12-29 21:03:49.924834
00006,0436,1201,106,2024-12-29 21:03:49.940825
00006,0436,1201,106,2024-12-29 21:03:49.956819
00005,0443,1201,106,2024-12-29 21:03:49.972816
00007,0434,1202,106,2024-12-29 21:03:50.004456
00006,0438,1201,106,2024-12-29 21:03:50.020799
00005,0445,1201,106,2024-12-29 21:03:50.036799
00006,0443,1202,106,2024-12-29 21:03:50.052793
00006,0429,1201,106,2024-12-29 21:03:50.068797
00006,0433,1201,106,2024-12-29 21:03:50.084797
00006,0436,1201,106,2024-12-29 21:03:50.100789
00005,0431,1201,106,2024-12-29 21:03:50.116789
00007,0436,1201,106,2024-12-29 21:03:50.132775
00005,0433,1201,106,2024-12-29 21:03:50.164085
00005,0437,1201,106,2024-12-29 21:03:50.180775
00007,0444,1201,106,2024-12-29 21:03:50.196769
00006,0440,1201,106,2024-12-29 21:03:50.212770
00005,0428,1201,106,2024-12-29 21:03:50.228764
00005,0437,1202,106,2024-12-29 21:03:50.244786
00006,0435,1201,106,2024-12-29 21:03:50.260756
00007,0446,1201,106,2024-12-29 21:03:50.276749
00005,0436,1201,106,2024-12-29 21:03:50.292750
00005,0438,1201,106,2024-12-29 21:03:50.308745
00006,0437,1201,106,2024-12-29 21:03:50.340487
00007,0440,1201,106,2024-12-29 21:03:50.356739
00006,0437,1201,106,2024-12-29 21:03:50.372733
00006,0443,1201,106,2024-12-29 21:03:50.388730
00006,0430,1201,106,2024-12-29 21:03:50.404724
00007,0444,1201,106,2024-12-29 21:03:50.420713
00005,0441,1201,106,2024-12-29 21:03:50.436716
00006,0444,1201,106,2024-12-29 21:03:50.452718
00006,0442,1201,106,2024-12-29 21:03:50.468725
00006,0435,1201,106,2024-12-29 21:03:50.500129
00007,0430,1201,106,2024-12-29 21:03:50.516701
00006,0439,1201,106,2024-12-29 21:03:50.532695
00006,0440,1201,106,2024-12-29 21:03:50.548691
00007,0432,1201,106,2024-12-29 21:03:50.564690
00006,0437,1201,106,2024-12-29 21:03:50.580697
00006,0441,1201,106,2024-12-29 21:03:50.596683
00005,0438,1201,106,2024-12-29 21:03:50.612684
00006,0428,1201,106,2024-12-29 21:03:50.628680
00005,0429,1201,106,2024-12-29 21:03:50.644683
00006,0441,1201,106,2024-12-29 21:03:50.676502
00006,0439,1201,106,2024-12-29 21:03:50.692660
00006,0436,1201,106,2024-12-29 21:03:50.708653
00006,0441,1201,106,2024-12-29 21:03:50.724658
00006,0441,1201,106,2024-12-29 21:03:50.740649
00006,0431,1201,106,2024-12-29 21:03:50.756647
00006,0432,1201,106,2024-12-29 21:03:50.772641
00006,0433,1201,106,2024-12-29 21:03:50.788644
00005,0429,1201,106,2024-12-29 21:03:50.804639
00006,0444,1201,106,2024-12-29 21:03:50.836148
00006,0440,1201,106,2024-12-29 21:03:50.852627
00006,0436,1201,106,2024-12-29 21:03:50.868628
00007,0428,1201,106,2024-12-29 21:03:50.884622
00005,0432,1201,106,2024-12-29 21:03:50.900611
00006,0431,1201,106,2024-12-29 21:03:50.916610
00006,0428,1201,106,2024-12-29 21:03:50.932612
00007,0429,1201,106,2024-12-29 21:03:50.948638
00006,0427,1201,106,2024-12-29 21:03:50.964609
00005,0433,1201,106,2024-12-29 21:03:50.980603
00006,0435,1201,106,2024-12-29 21:03:51.012535
00005,0435,1201,106,2024-12-29 21:03:51.028592
00007,0434,1201,106,2024-12-29 21:03:51.044589
00006,0438,1201,106,2024-12-29 21:03:51.060587
00006,0437,1201,106,2024-12-29 21:03:51.076575
00006,0431,1201,106,2024-12-29 21:03:51.092574
00005,0434,1201,106,2024-12-29 21:03:51.108573
00006,0424,1201,106,2024-12-29 21:03:51.124562
00007,0426,1201,106,2024-12-29 21:03:51.140568
00006,0433,1201,106,2024-12-29 21:03:51.172153
00003,0429,1201,106,2024-12-29 21:03:51.188559
00005,0424,1201,106,2024-12-29 21:03:51.204564
00007,0432,1201,106,2024-12-29 21:03:51.220547
00006,0432,1201,106,2024-12-29 21:03:51.236544
00005,0432,1201,106,2024-12-29 21:03:51.252553
00006,0436,1201,106,2024-12-29 21:03:51.268536
00006,0439,1201,106,2024-12-29 21:03:51.284537
00006,0435,1201,106,2024-12-29 21:03:51.300534
00006,0430,1201,106,2024-12-29 21:03:51.316536
00005,0445,1201,106,2024-12-29 21:03:51.348527
00006,0429,1201,106,2024-12-29 21:03:51.364515
00006,0439,1201,106,2024-12-29 21:03:51.380513
00006,0428,1201,106,2024-12-29 21:03:51.396512
00006,0433,1201,106,2024-12-29 21:03:51.412504
00007,0439,1201,106,2024-12-29 21:03:51.428506
00006,0437,1201,106,2024-12-29 21:03:51.444498
00006,0438,1201,106,2024-12-29 21:03:51.460499
00005,0436,1201,106,2024-12-29 21:03:51.476505
00007,0430,1201,106,2024-12-29 21:03:51.508185
00007,0438,1201,106,2024-12-29 21:03:51.524479
00004,0437,1201,106,2024-12-29 21:03:51.540478
00007,0446,1201,106,2024-12-29 21:03:51.556477
00006,0435,1201,106,2024-12-29 21:03:51.572479
00005,0430,1201,106,2024-12-29 21:03:51.588471
00006,0435,1201,106,2024-12-29 21:03:51.604455
00006,0441,1201,106,2024-12-29 21:03:51.620463
00005,0433,1201,106,2024-12-29 21:03:51.636448
00006,0432,1201,106,2024-12-29 21:03:51.667835
00005,0436,1201,106,2024-12-29 21:03:51.684459
00007,0432,1202,106,2024-12-29 21:03:51.700442
00006,0442,1201,106,2024-12-29 21:03:51.716438
00005,0426,1201,106,2024-12-29 21:03:51.732437
00006,0429,1201,106,2024-12-29 21:03:51.748437
00006,0439,1201,106,2024-12-29 21:03:51.764436
00006,0438,1201,106,2024-12-29 21:03:51.780424
00005,0432,1201,106,2024-12-29 21:03:51.796430
00006,0426,1201,106,2024-12-29 21:03:51.812418
00005,0432,1201,106,2024-12-29 21:03:51.844200
00007,0433,1201,106,2024-12-29 21:03:51.860416
00007,0431,1201,106,2024-12-29 21:03:51.876403
00005,0432,1201,106,2024-12-29 21:03:51.892402
00007,0442,1201,106,2024-12-29 21:03:51.908404
00006,0429,1201,106,2024-12-29 21:03:51.924403
00006,0431,1201,106,2024-12-29 21:03:51.940404
00006,0426,1201,106,2024-12-29 21:03:51.956395
00006,0431,1201,106,2024-12-29 21:03:51.972382
00005,0428,1201,106,2024-12-29 21:03:52.003848
00007,0429,1201,106,2024-12-29 21:03:52.020378
00006,0438,1201,106,2024-12-29 21:03:52.036372
00006,0435,1201,106,2024-12-29 21:03:52.052377
00006,0436,1201,106,2024-12-29 21:03:52.068365
00005,0430,1201,106,2024-12-29 21:03:52.084359
00007,0423,1201,106,2024-12-29 21:03:52.100360
00007,0439,1200,106,2024-12-29 21:03:52.116359
00006,0436,1201,106,2024-12-29 21:03:52.132355
00005,0426,1201,106,2024-12-29 21:03:52.148343
00007,0429,1201,106,2024-12-29 21:03:52.180228
00006,0424,1201,106,2024-12-29 21:03:52.196342
00004,0426,1201,106,2024-12-29 21:03:52.212331
00006,0431,1201,106,2024-12-29 21:03:52.228330
00005,0427,1201,106,2024-12-29 21:03:52.244343
00005,0427,1201,106,2024-12-29 21:03:52.260316
00006,0424,1201,106,2024-12-29 21:03:52.276315
00007,0430,1201,106,2024-12-29 21:03:52.292322
00006,0434,1201,106,2024-12-29 21:03:52.308326
00005,0427,1201,106,2024-12-29 21:03:52.339870
00007,0435,1201,106,2024-12-29 21:03:52.356305
00005,0430,1200,106,2024-12-29 21:03:52.372296
00005,0430,1201,106,2024-12-29 21:03:52.388295
00006,0434,1201,106,2024-12-29 21:03:52.404305
00008,0431,1201,106,2024-12-29 21:03:52.420311
00005,0431,1201,106,2024-12-29 21:03:52.436294
00006,0420,1201,106,2024-12-29 21:03:52.452285
00006,0431,1201,106,2024-12-29 21:03:52.468272
00004,0435,1201,106,2024-12-29 21:03:52.484277
00006,0434,1201,106,2024-12-29 21:03:52.516240
00007,0434,1201,106,2024-12-29 21:03:52.532266
00005,0427,1201,106,2024-12-29 21:03:52.548257
00006,0434,1201,106,2024-12-29 21:03:52.564259
00006,0433,1201,106,2024-12-29 21:03:52.580245
00006,0426,1201,106,2024-12-29 21:03:52.596253
00006,0429,1201,106,2024-12-29 21:03:52.612240
00007,0433,1201,106,2024-12-29 21:03:52.628236
00006,0434,1201,106,2024-12-29 21:03:52.644236
00005,0430,1201,106,2024-12-29 21:03:52.675889
00007,0427,1201,106,2024-12-29 21:03:52.692242
00007,0429,1201,106,2024-12-29 21:03:52.708245
00005,0425,1201,106,2024-12-29 21:03:52.724248
00006,0434,1201,106,2024-12-29 21:03:52.740254
00005,0425,1200,106,2024-12-29 21:03:52.756257
00005,0429,1201,106,2024-12-29 21:03:52.772251
00005,0434,1201,106,2024-12-29 21:03:52.788255
00005,0432,1201,106,2024-12-29 21:03:52.804263
00006,0429,1201,106,2024-12-29 21:03:52.820263
00005,0425,1201,106,2024-12-29 21:03:52.852191
00006,0422,1201,106,2024-12-29 21:03:52.868205
00006,0432,1201,106,2024-12-29 21:03:52.884187
00005,0430,1200,106,2024-12-29 21:03:52.900177
00006,0423,1201,106,2024-12-29 21:03:52.916179
00005,0422,1201,106,2024-12-29 21:03:52.932174
00005,0424,1200,106,2024-12-29 21:03:52.948176
00005,0430,1201,106,2024-12-29 21:03:52.964163
00006,0425,1201,106,2024-12-29 21:03:52.980168
00006,0424,1201,106,2024-12-29 21:03:53.011918
00006,0428,1201,106,2024-12-29 21:03:53.028164
00004,0431,1201,106,2024-12-29 21:03:53.044146
00006,0429,1201,106,2024-12-29 21:03:53.060151
00006,0426,1201,106,2024-12-29 21:03:53.076142
00007,0435,1201,106,2024-12-29 21:03:53.092142
00006,0425,1201,106,2024-12-29 21:03:53.108132
00005,0419,1201,106,2024-12-29 21:03:53.124132
00005,0420,1201,106,2024-12-29 21:03:53.140135
00006,0428,1200,106,2024-12-29 21:03:53.171544
00005,0430,1201,106,2024-12-29 21:03:53.188118
00005,0426,1200,106,2024-12-29 21:03:53.204113
00005,0420,1200,106,2024-12-29 21:03:53.220110
00006,0426,1201,106,2024-12-29 21:03:53.236128
00006,0431,1200,106,2024-12-29 21:03:53.252136
00004,0428,1200,106,2024-12-29 21:03:53.268108
00006,0431,1201,106,2024-12-29 21:03:53.284103
00005,0428,1201,106,2024-12-29 21:03:53.300102
00006,0427,1201,106,2024-12-29 21:03:53.316109
00007,0429,1200,106,2024-12-29 21:03:53.347930
00005,0424,1200,106,2024-12-29 21:03:53.364083
00006,0428,1201,106,2024-12-29 21:03:53.380083
00005,0421,1201,106,2024-12-29 21:03:53.396087
00005,0419,1200,106,2024-12-29 21:03:53.412071
00007,0424,1201,106,2024-12-29 21:03:53.428072
00005,0420,1201,106,2024-12-29 21:03:53.444062
00006,0420,1200,106,2024-12-29 21:03:53.460062
00007,0417,1200,106,2024-12-29 21:03:53.476050
00006,0430,1200,106,2024-12-29 21:03:53.507558
00006,0415,1201,106,2024-12-29 21:03:53.524036
00005,0425,1200,106,2024-12-29 21:03:53.540044
00005,0426,1200,106,2024-12-29 21:03:53.556035
00006,0425,1200,106,2024-12-29 21:03:53.572037
00005,0416,1200,106,2024-12-29 21:03:53.588025
00007,0421,1200,106,2024-12-29 21:03:53.604037
00006,0415,1200,106,2024-12-29 21:03:53.620019
00007,0426,1200,106,2024-12-29 21:03:53.636026
00006,0421,1200,106,2024-12-29 21:03:53.652023
00006,0421,1200,106,2024-12-29 21:03:53.683960
00005,0420,1200,106,2024-12-29 21:03:53.700006
00006,0421,1200,106,2024-12-29 21:03:53.716011
00006,0424,1200,106,2024-12-29 21:03:53.732009
00006,0428,1200,106,2024-12-29 21:03:53.748013
00005,0422,1200,106,2024-12-29 21:03:53.764012
00006,0430,1200,106,2024-12-29 21:03:53.779989
00006,0421,1200,106,2024-12-29 21:03:53.795991
00006,0420,1200,106,2024-12-29 21:03:53.811986
00006,0427,1200,106,2024-12-29 21:03:53.843589
00007,0421,1200,106,2024-12-29 21:03:53.859969
00006,0428,1200,106,2024-12-29 21:03:53.875973
00005,0422,1200,106,2024-12-29 21:03:53.891968
00006,0425,1200,106,2024-12-29 21:03:53.907957
00004,0421,1200,106,2024-12-29 21:03:53.923952
00006,0422,1200,106,2024-12-29 21:03:53.939954
00005,0424,1200,106,2024-12-29 21:03:53.955948
00006,0422,1200,106,2024-12-29 21:03:53.971948
00005,0423,1200,106,2024-12-29 21:03:53.987942
00005,0415,1200,106,2024-12-29 21:03:54.019936
00007,0418,1200,106,2024-12-29 21:03:54.035933
00005,0420,1200,106,2024-12-29 21:03:54.051934
00007,0424,1200,106,2024-12-29 21:03:54.067927
00007,0425,1200,106,2024-12-29 21:03:54.083930
00006,0422,1200,106,2024-12-29 21:03:54.099920
00006,0426,1200,106,2024-12-29 21:03:54.115924
00006,0419,1200,106,2024-12-29 21:03:54.131925
00006,0426,1201,106,2024-12-29 21:03:54.147910
00006,0423,1200,106,2024-12-29 21:03:54.179598
00005,0424,1200,106,2024-12-29 21:03:54.195904
00005,0424,1201,106,2024-12-29 21:03:54.211903
00006,0427,1200,106,2024-12-29 21:03:54.227893
00004,0419,1200,106,2024-12-29 21:03:54.243919
00005,0428,1200,106,2024-12-29 21:03:54.259889
00006,0425,1200,106,2024-12-29 21:03:54.275887
00005,0424,1200,106,2024-12-29 21:03:54.291877
00005,0428,1200,106,2024-12-29 21:03:54.307880
00006,0428,1200,106,2024-12-29 21:03:54.339243
00006,0427,1201,106,2024-12-29 21:03:54.355871
00007,0427,1200,106,2024-12-29 21:03:54.371858
00005,0426,1200,106,2024-12-29 21:03:54.387856
00006,0435,1200,106,2024-12-29 21:03:54.403853
00005,0423,1200,106,2024-12-29 21:03:54.419851
00006,0423,1200,106,2024-12-29 21:03:54.435845
00005,0425,1200,106,2024-12-29 21:03:54.451844
00004,0423,1200,106,2024-12-29 21:03:54.467841
00006,0428,1200,106,2024-12-29 21:03:54.483840
00005,0429,1200,106,2024-12-29 21:03:54.515616
00006,0431,1200,106,2024-12-29 21:03:54.531831
00005,0432,1200,106,2024-12-29 21:03:54.547829
00005,0428,1200,106,2024-12-29 21:03:54.563820
00006,0436,1200,106,2024-12-29 21:03:54.579814
00006,0425,1200,106,2024-12-29 21:03:54.595814
00005,0429,1200,106,2024-12-29 21:03:54.611821
00005,0429,1200,106,2024-12-29 21:03:54.627801
00006,0425,1200,106,2024-12-29 21:03:54.643809
00006,0430,1200,106,2024-12-29 21:03:54.675274
00005,0421,1200,106,2024-12-29 21:03:54.691794
00005,0426,1200,106,2024-12-29 21:03:54.707787
00006,0417,1200,106,2024-12-29 21:03:54.723782
00007,0428,1200,106,2024-12-29 21:03:54.739803
00006,0430,1200,106,2024-12-29 21:03:54.755786
00005,0434,1200,106,2024-12-29 21:03:54.771775
00006,0432,1200,106,2024-12-29 21:03:54.787776
00006,0431,1200,106,2024-12-29 21:03:54.803768
00005,0422,1200,106,2024-12-29 21:03:54.819771
00005,0424,1200,106,2024-12-29 21:03:54.851660
00006,0427,1200,106,2024-12-29 21:03:54.867762
00005,0426,1200,106,2024-12-29 21:03:54.883754
00006,0423,1200,106,2024-12-29 21:03:54.899756
00005,0423,1200,106,2024-12-29 21:03:54.915744
00006,0426,1200,106,2024-12-29 21:03:54.931740
00004,0429,1200,106,2024-12-29 21:03:54.947739
00006,0426,1200,106,2024-12-29 21:03:54.963732
00005,0433,1200,106,2024-12-29 21:03:54.979744
00007,0428,1200,106,2024-12-29 21:03:55.011289
00006,0428,1200,106,2024-12-29 21:03:55.027725
00005,0427,1200,106,2024-12-29 21:03:55.043720
00004,0430,1200,106,2024-12-29 21:03:55.059714
00006,0435,1200,106,2024-12-29 21:03:55.075713
00006,0431,1200,106,2024-12-29 21:03:55.091710
00006,0430,1200,106,2024-12-29 21:03:55.107698
00007,0430,1200,106,2024-12-29 21:03:55.123699
00005,0432,1200,106,2024-12-29 21:03:55.139693
00005,0429,1200,106,2024-12-29 21:03:55.155693
00005,0433,1200,106,2024-12-29 21:03:55.187678
00004,0434,1200,106,2024-12-29 21:03:55.203680
00007,0429,1200,106,2024-12-29 21:03:55.219679
00004,0433,1200,106,2024-12-29 21:03:55.235687
00006,0432,1200,106,2024-12-29 21:03:55.251688
00005,0437,1200,106,2024-12-29 21:03:55.267670
00007,0429,1200,106,2024-12-29 21:03:55.283657
00005,0427,1200,106,2024-12-29 21:03:55.299655
00005,0438,1200,106,2024-12-29 21:03:55.315654
00005,0431,1200,106,2024-12-29 21:03:55.347316
00006,0445,1200,106,2024-12-29 21:03:55.363643
00006,0434,1200,106,2024-12-29 21:03:55.379644
00005,0437,1200,106,2024-12-29 21:03:55.395634
00006,0430,1200,106,2024-12-29 21:03:55.411641
00005,0434,1200,106,2024-12-29 21:03:55.427628
00006,0438,1200,106,2024-12-29 21:03:55.443627
00004,0433,1200,106,2024-12-29 21:03:55.459627
00006,0439,1200,106,2024-12-29 21:03:55.475625
00006,0442,1200,106,2024-12-29 21:03:55.506944
00005,0434,1200,106,2024-12-29 21:03:55.523621
00005,0426,1200,106,2024-12-29 21:03:55.539610
00004,0433,1200,106,2024-12-29 21:03:55.555612
00005,0434,1200,106,2024-12-29 21:03:55.571605
00006,0425,1200,106,2024-12-29 21:03:55.587602
00005,0437,1199,106,2024-12-29 21:03:55.603607
00005,0447,1200,106,2024-12-29 21:03:55.619604
00005,0435,1200,106,2024-12-29 21:03:55.635614
00006,0434,1200,106,2024-12-29 21:03:55.651611
00006,0429,1200,106,2024-12-29 21:03:55.683370
00007,0433,1200,106,2024-12-29 21:03:55.699610
00005,0438,1200,106,2024-12-29 21:03:55.715615
00005,0435,1200,106,2024-12-29 21:03:55.731616
00007,0430,1200,106,2024-12-29 21:03:55.747623
00007,0439,1200,106,2024-12-29 21:03:55.763624
00006,0440,1200,106,2024-12-29 21:03:55.779556
00005,0437,1200,106,2024-12-29 21:03:55.795554
00005,0430,1200,106,2024-12-29 21:03:55.811540
00006,0438,1200,106,2024-12-29 21:03:55.842981
00005,0436,1200,106,2024-12-29 21:03:55.859533
00005,0441,1200,106,2024-12-29 21:03:55.875530
00006,0437,1200,106,2024-12-29 21:03:55.891530
00005,0425,1200,106,2024-12-29 21:03:55.907527
00006,0436,1200,106,2024-12-29 21:03:55.923520
00006,0443,1200,106,2024-12-29 21:03:55.939523
00006,0431,1200,106,2024-12-29 21:03:55.955525
00007,0432,1200,106,2024-12-29 21:03:55.971507
00007,0437,1200,106,2024-12-29 21:03:55.987508
00006,0445,1200,106,2024-12-29 21:03:56.019364
00006,0427,1200,106,2024-12-29 21:03:56.035489
00006,0441,1200,106,2024-12-29 21:03:56.051499
00006,0437,1200,106,2024-12-29 21:03:56.067498
00005,0436,1200,106,2024-12-29 21:03:56.083485
00006,0439,1200,106,2024-12-29 21:03:56.099486
00005,0439,1200,106,2024-12-29 21:03:56.115476
00005,0436,1200,106,2024-12-29 21:03:56.131480
00006,0440,1200,106,2024-12-29 21:03:56.147475
00004,0435,1200,106,2024-12-29 21:03:56.178992
00006,0434,1200,106,2024-12-29 21:03:56.195456
00005,0442,1200,106,2024-12-29 21:03:56.211467
00005,0442,1200,106,2024-12-29 21:03:56.227454
00004,0441,1200,106,2024-12-29 21:03:56.243473
00005,0437,1200,106,2024-12-29 21:03:56.259458
00005,0431,1200,106,2024-12-29 21:03:56.275451
00006,0430,1200,106,2024-12-29 21:03:56.291437
00005,0430,1200,106,2024-12-29 21:03:56.307450
00005,0434,1200,106,2024-12-29 21:03:56.323447
00005,0436,1200,106,2024-12-29 21:03:56.355376
00006,0438,1199,106,2024-12-29 21:03:56.371426
00006,0434,1199,106,2024-12-29 21:03:56.387428
00006,0436,1200,106,2024-12-29 21:03:56.403419
00006,0431,1199,106,2024-12-29 21:03:56.419418
00006,0434,1200,106,2024-12-29 21:03:56.435419
00007,0434,1200,106,2024-12-29 21:03:56.451409
00006,0444,1199,106,2024-12-29 21:03:56.467619
00006,0433,1200,106,2024-12-29 21:03:56.483425
00005,0430,1199,106,2024-12-29 21:03:56.515017
00006,0430,1199,106,2024-12-29 21:03:56.531398
00004,0436,1200,106,2024-12-29 21:03:56.547398
00005,0442,1200,106,2024-12-29 21:03:56.563381
00005,0433,1200,106,2024-12-29 21:03:56.579381
00006,0431,1200,106,2024-12-29 21:03:56.595377
00005,0434,1199,106,2024-12-29 21:03:56.611381
00007,0429,1199,106,2024-12-29 21:03:56.627369
00005,0432,1199,106,2024-12-29 21:03:56.643372
00006,0435,1200,106,2024-12-29 21:03:56.659368
00005,0425,1199,106,2024-12-29 21:03:56.691370
00005,0441,1199,106,2024-12-29 21:03:56.707353
00007,0443,1200,106,2024-12-29 21:03:56.723352
00004,0440,1200,106,2024-12-29 21:03:56.739351
00006,0438,1200,106,2024-12-29 21:03:56.755340
00006,0434,1200,106,2024-12-29 21:03:56.771339
00005,0432,1200,106,2024-12-29 21:03:56.787336
00006,0436,1200,106,2024-12-29 21:03:56.803344
00005,0422,1200,106,2024-12-29 21:03:56.819324
00008,0433,1199,106,2024-12-29 21:03:56.851016
00006,0427,1200,106,2024-12-29 21:03:56.867321
00006,0437,1199,106,2024-12-29 21:03:56.883315
00006,0434,1199,106,2024-12-29 21:03:56.899311
00004,0439,1200,106,2024-12-29 21:03:56.915311
00005,0430,1199,106,2024-12-29 21:03:56.931301
00005,0429,1199,106,2024-12-29 21:03:56.947304
00005,0446,1199,106,2024-12-29 21:03:56.963297
00006,0443,1200,106,2024-12-29 21:03:56.979303
00005,0444,1199,106,2024-12-29 21:03:57.010657
00005,0446,1199,106,2024-12-29 21:03:57.027287
00006,0440,1200,106,2024-12-29 21:03:57.043296
00005,0437,1200,106,2024-12-29 21:03:57.059290
00005,0440,1200,106,2024-12-29 21:03:57.075269
00005,0442,1199,106,2024-12-29 21:03:57.091273
00006,0439,1199,106,2024-12-29 21:03:57.107269
00005,0434,1199,106,2024-12-29 21:03:57.123255
00005,0432,1200,106,2024-12-29 21:03:57.139257
00006,0437,1200,106,2024-12-29 21:03:57.155263
00006,0443,1200,106,2024-12-29 21:03:57.187052
00005,0436,1200,106,2024-12-29 21:03:57.203251
00005,0440,1199,106,2024-12-29 21:03:57.219246
00006,0435,1199,106,2024-12-29 21:03:57.235235
00006,0431,1199,106,2024-12-29 21:03:57.251255
00005,0445,1200,106,2024-12-29 21:03:57.267238
00006,0432,1199,106,2024-12-29 21:03:57.283233
00005,0436,1199,106,2024-12-29 21:03:57.299218
00006,0436,1199,106,2024-12-29 21:03:57.315231
00005,0444,1200,106,2024-12-29 21:03:57.346692
00005,0434,1199,106,2024-12-29 21:03:57.363213
00004,0439,1199,106,2024-12-29 21:03:57.379209
00004,0438,1199,106,2024-12-29 21:03:57.395205
00005,0434,1199,106,2024-12-29 21:03:57.411210
00005,0431,1199,106,2024-12-29 21:03:57.427209
00006,0435,1199,106,2024-12-29 21:03:57.443193
00007,0429,1199,106,2024-12-29 21:03:57.459191
00005,0429,1200,106,2024-12-29 21:03:57.475187
00007,0434,1200,106,2024-12-29 21:03:57.491182
00006,0441,1199,106,2024-12-29 21:03:57.523075
00007,0441,1199,106,2024-12-29 21:03:57.539177
00005,0441,1199,106,2024-12-29 21:03:57.555165
00005,0432,1199,106,2024-12-29 21:03:57.571165
00005,0439,1199,106,2024-12-29 21:03:57.587160
00006,0442,1199,106,2024-12-29 21:03:57.603151
00005,0436,1199,106,2024-12-29 21:03:57.619155
00005,0440,1199,106,2024-12-29 21:03:57.635142
00005,0437,1199,106,2024-12-29 21:03:57.651147
00005,0434,1199,106,2024-12-29 21:03:57.682717
00005,0429,1199,106,2024-12-29 21:03:57.699128
00007,0435,1199,106,2024-12-29 21:03:57.715138
00006,0434,1199,106,2024-12-29 21:03:57.731129
00005,0429,1199,106,2024-12-29 21:03:57.747131
00005,0428,1199,106,2024-12-29 21:03:57.763125
00005,0430,1199,106,2024-12-29 21:03:57.779129
00006,0428,1199,106,2024-12-29 21:03:57.795120
00007,0432,1199,106,2024-12-29 21:03:57.811116
00006,0430,1199,106,2024-12-29 21:03:57.827115
00006,0431,1200,106,2024-12-29 21:03:57.859103
00005,0440,1199,106,2024-12-29 21:03:57.875107
00005,0437,1199,106,2024-12-29 21:03:57.891105
00005,0438,1199,106,2024-12-29 21:03:57.907107
00006,0432,1199,106,2024-12-29 21:03:57.923090
00005,0427,1200,106,2024-12-29 21:03:57.939091
00006,0432,1199,106,2024-12-29 21:03:57.955088
00007,0442,1199,106,2024-12-29 21:03:57.971096
00004,0438,1199,106,2024-12-29 21:03:57.987082
00006,0430,1199,106,2024-12-29 21:03:58.018727
00005,0432,1199,106,2024-12-29 21:03:58.035074
00005,0426,1199,106,2024-12-29 21:03:58.051066
00006,0429,1199,106,2024-12-29 21:03:58.067056
00006,0441,1199,106,2024-12-29 21:03:58.083058
00005,0437,1199,106,2024-12-29 21:03:58.099060
00005,0430,1199,106,2024-12-29 21:03:58.115055
00005,0439,1199,106,2024-12-29 21:03:58.131052
00005,0433,1199,106,2024-12-29 21:03:58.147055
00006,0435,1199,106,2024-12-29 21:03:58.178349
00005,0431,1199,106,2024-12-29 21:03:58.195043
00006,0436,1199,106,2024-12-29 21:03:58.211027
00006,0440,1199,106,2024-12-29 21:03:58.227034
00005,0444,1199,106,2024-12-29 21:03:58.243054
00007,0426,1199,106,2024-12-29 21:03:58.259032
00006,0432,1199,106,2024-12-29 21:03:58.275033
00006,0441,1199,106,2024-12-29 21:03:58.291006
00006,0429,1199,106,2024-12-29 21:03:58.307018
00006,0441,1199,106,2024-12-29 21:03:58.323006
00005,0433,1199,106,2024-12-29 21:03:58.354757
00004,0427,1199,106,2024-12-29 21:03:58.371017
00005,0431,1199,106,2024-12-29 21:03:58.386995
00005,0438,1200,106,2024-12-29 21:03:58.403002
00005,0434,1199,106,2024-12-29 21:03:58.419002
00006,0437,1199,106,2024-12-29 21:03:58.435003
00006,0424,1199,106,2024-12-29 21:03:58.450998
00005,0431,1199,106,2024-12-29 21:03:58.466984
00006,0425,1199,106,2024-12-29 21:03:58.482982
00005,0423,1199,106,2024-12-29 21:03:58.514387
00006,0425,1199,106,2024-12-29 21:03:58.530970
00006,0432,1199,106,2024-12-29 21:03:58.546974
00006,0432,1199,106,2024-12-29 21:03:58.562986
00006,0437,1199,106,2024-12-29 21:03:58.578978
00006,0434,1199,106,2024-12-29 21:03:58.594982
00005,0433,1199,106,2024-12-29 21:03:58.610987
00006,0433,1199,106,2024-12-29 21:03:58.626985
00005,0428,1199,106,2024-12-29 21:03:58.642992
00004,0432,1199,106,2024-12-29 21:03:58.658986
00006,0433,1199,106,2024-12-29 21:03:58.690817
00006,0425,1199,106,2024-12-29 21:03:58.706925
00006,0431,1199,106,2024-12-29 21:03:58.722926
00006,0431,1199,106,2024-12-29 21:03:58.738922
00006,0431,1199,106,2024-12-29 21:03:58.754920
00005,0429,1199,106,2024-12-29 21:03:58.770911
00005,0428,1199,106,2024-12-29 21:03:58.786914
00005,0428,1199,106,2024-12-29 21:03:58.802909
00005,0429,1199,106,2024-12-29 21:03:58.818896
00006,0433,1199,106,2024-12-29 21:03:58.850406
00006,0432,1199,106,2024-12-29 21:03:58.866896
00005,0429,1199,106,2024-12-29 21:03:58.882901
00005,0429,1199,106,2024-12-29 21:03:58.898904
00007,0433,1199,106,2024-12-29 21:03:58.914888
00006,0430,1199,106,2024-12-29 21:03:58.930870
00005,0424,1199,106,2024-12-29 21:03:58.946882
00005,0429,1199,106,2024-12-29 21:03:58.962874
00006,0429,1199,106,2024-12-29 21:03:58.978876
00005,0427,1199,106,2024-12-29 21:03:58.994870
00006,0437,1199,106,2024-12-29 21:03:59.026813
00006,0435,1199,106,2024-12-29 21:03:59.042860
00005,0434,1199,106,2024-12-29 21:03:59.058851
00006,0436,1199,106,2024-12-29 21:03:59.074852
00006,0428,1199,106,2024-12-29 21:03:59.090847
00006,0439,1199,106,2024-12-29 21:03:59.106840
00005,0436,1199,106,2024-12-29 21:03:59.122849
00006,0434,1199,106,2024-12-29 21:03:59.138836
00005,0434,1199,106,2024-12-29 21:03:59.154836
00006,0435,1199,106,2024-12-29 21:03:59.186436
00005,0431,1199,106,2024-12-29 21:03:59.202826
00006,0431,1199,106,2024-12-29 21:03:59.218828
00004,0429,1199,106,2024-12-29 21:03:59.234817
00006,0439,1199,106,2024-12-29 21:03:59.250834
00005,0433,1199,106,2024-12-29 21:03:59.266829
00006,0433,1199,106,2024-12-29 21:03:59.282811
00007,0435,1199,106,2024-12-29 21:03:59.298792
00006,0436,1199,106,2024-12-29 21:03:59.314802
00006,0434,1199,106,2024-12-29 21:03:59.330798
00005,0424,1199,106,2024-12-29 21:03:59.362792
00006,0439,1199,106,2024-12-29 21:03:59.378794
00006,0432,1199,106,2024-12-29 21:03:59.394782
00006,0442,1199,106,2024-12-29 21:03:59.410770
00006,0432,1199,106,2024-12-29 21:03:59.426771
00006,0437,1199,106,2024-12-29 21:03:59.442769
00005,0439,1199,106,2024-12-29 21:03:59.458764
00004,0434,1199,106,2024-12-29 21:03:59.474757
00006,0433,1199,106,2024-12-29 21:03:59.490762
00007,0438,1199,106,2024-12-29 21:03:59.522473
00005,0437,1199,106,2024-12-29 21:03:59.538750
00006,0438,1199,106,2024-12-29 21:03:59.554758
00007,0430,1199,106,2024-12-29 21:03:59.570745
00005,0430,1199,106,2024-12-29 21:03:59.586733
00007,0429,1199,106,2024-12-29 21:03:59.602734
00006,0431,1199,106,2024-12-29 21:03:59.618744
00005,0436,1199,106,2024-12-29 21:03:59.634721
00006,0429,1199,106,2024-12-29 21:03:59.650723
00006,0428,1199,106,2024-12-29 21:03:59.682104
00006,0425,1199,106,2024-12-29 21:03:59.698714
00005,0428,1199,106,2024-12-29 21:03:59.714718
00006,0429,1198,106,2024-12-29 21:03:59.730709
00006,0431,1199,106,2024-12-29 21:03:59.746705
00005,0425,1199,106,2024-12-29 21:03:59.762701
00006,0425,1199,106,2024-12-29 21:03:59.778696
00006,0439,1199,106,2024-12-29 21:03:59.794693
00005,0427,1199,106,2024-12-29 21:03:59.810685
00005,0421,1199,106,2024-12-29 21:03:59.826689
00006,0434,1199,106,2024-12-29 21:03:59.858506
00006,0434,1199,106,2024-12-29 21:03:59.874680
00005,0433,1199,106,2024-12-29 21:03:59.890669
00005,0434,1199,106,2024-12-29 21:03:59.906666
00005,0427,1199,106,2024-12-29 21:03:59.922660
00005,0427,1199,106,2024-12-29 21:03:59.938663
00006,0433,1199,106,2024-12-29 21:03:59.954656
00005,0438,1198,106,2024-12-29 21:03:59.970662
00005,0426,1199,106,2024-12-29 21:03:59.986659
00005,0446,1199,106,2024-12-29 21:04:00.018131
00005,0431,1199,106,2024-12-29 21:04:00.034652
00005,0437,1198,106,2024-12-29 21:04:00.050650
00006,0427,1199,106,2024-12-29 21:04:00.066636
00005,0429,1199,106,2024-12-29 21:04:00.082639
00005,0437,1199,106,2024-12-29 21:04:00.098635
00005,0437,1199,106,2024-12-29 21:04:00.114622
00006,0442,1199,106,2024-12-29 21:04:00.130621
00005,0425,1199,106,2024-12-29 21:04:00.146612
00005,0434,1199,106,2024-12-29 21:04:00.162614
00005,0431,1199,106,2024-12-29 21:04:00.194524
00006,0434,1199,106,2024-12-29 21:04:00.210596
00005,0431,1199,106,2024-12-29 21:04:00.226604
00005,0429,1199,106,2024-12-29 21:04:00.242774
00006,0427,1199,106,2024-12-29 21:04:00.258611
00005,0429,1198,106,2024-12-29 21:04:00.274588
00006,0430,1199,106,2024-12-29 21:04:00.290596
00006,0428,1199,106,2024-12-29 21:04:00.306584
00005,0432,1199,106,2024-12-29 21:04:00.322574
00005,0430,1199,106,2024-12-29 21:04:00.354147
00006,0430,1198,106,2024-12-29 21:04:00.370571
00005,0429,1198,106,2024-12-29 21:04:00.386565
00005,0437,1199,106,2024-12-29 21:04:00.402557
00005,0433,1199,106,2024-12-29 21:04:00.418561
00006,0433,1199,106,2024-12-29 21:04:00.434560
00006,0428,1199,106,2024-12-29 21:04:00.450554
00005,0434,1199,106,2024-12-29 21:04:00.466552
00006,0436,1199,106,2024-12-29 21:04:00.482553
00004,0433,1199,106,2024-12-29 21:04:00.498545
00006,0429,1199,106,2024-12-29 21:04:00.530533
00006,0438,1199,106,2024-12-29 21:04:00.546527
00006,0429,1199,106,2024-12-29 21:04:00.562526
00006,0425,1199,106,2024-12-29 21:04:00.578527
00006,0430,1199,106,2024-12-29 21:04:00.594523
00005,0431,1199,106,2024-12-29 21:04:00.610520
00005,0431,1199,106,2024-12-29 21:04:00.626521
00005,0423,1198,106,2024-12-29 21:04:00.642516
00006,0438,1199,106,2024-12-29 21:04:00.658504
00005,0438,1199,106,2024-12-29 21:04:00.690170
00005,0433,1198,106,2024-12-29 21:04:00.706502
00005,0424,1199,106,2024-12-29 21:04:00.722493
00006,0426,1198,106,2024-12-29 21:04:00.738488
00005,0428,1198,106,2024-12-29 21:04:00.754495
00006,0432,1199,106,2024-12-29 21:04:00.770481
00005,0430,1199,106,2024-12-29 21:04:00.786477
00005,0425,1198,106,2024-12-29 21:04:00.802466
00004,0426,1198,106,2024-12-29 21:04:00.818473
00006,0434,1199,106,2024-12-29 21:04:00.849792
00006,0427,1199,106,2024-12-29 21:04:00.866461
00006,0432,1199,106,2024-12-29 21:04:00.882458
00007,0425,1199,106,2024-12-29 21:04:00.898454
00006,0431,1199,106,2024-12-29 21:04:00.914448
00006,0424,1198,106,2024-12-29 21:04:00.930446
00005,0424,1199,106,2024-12-29 21:04:00.946435
00007,0428,1198,106,2024-12-29 21:04:00.962450
00005,0428,1198,106,2024-12-29 21:04:00.978434
00005,0426,1199,106,2024-12-29 21:04:00.994429
00005,0425,1198,106,2024-12-29 21:04:01.026185
00004,0432,1198,106,2024-12-29 21:04:01.042416
00005,0422,1198,106,2024-12-29 21:04:01.058415
00006,0427,1198,106,2024-12-29 21:04:01.074409
00005,0429,1198,106,2024-12-29 21:04:01.090412
00006,0435,1198,106,2024-12-29 21:04:01.106415
00006,0424,1198,106,2024-12-29 21:04:01.122400
00005,0425,1198,106,2024-12-29 21:04:01.138399
00006,0429,1198,106,2024-12-29 21:04:01.154390
00006,0425,1199,106,2024-12-29 21:04:01.185824
00006,0430,1198,106,2024-12-29 21:04:01.202395
00006,0424,1198,106,2024-12-29 21:04:01.218393
00006,0427,1198,106,2024-12-29 21:04:01.234366
00006,0422,1199,106,2024-12-29 21:04:01.250401
00005,0432,1198,106,2024-12-29 21:04:01.266368
00006,0426,1198,106,2024-12-29 21:04:01.282372
00007,0417,1198,106,2024-12-29 21:04:01.298358
00006,0428,1198,106,2024-12-29 21:04:01.314362
00005,0428,1198,106,2024-12-29 21:04:01.330351
00005,0434,1198,106,2024-12-29 21:04:01.362208
00005,0420,1198,106,2024-12-29 21:04:01.378349
00004,0421,1198,106,2024-12-29 21:04:01.394340
00004,0420,1198,106,2024-12-29 21:04:01.410332
00005,0427,1198,106,2024-12-29 21:04:01.426333
00006,0422,1199,106,2024-12-29 21:04:01.442325
00004,0425,1198,106,2024-12-29 21:04:01.458331
00004,0413,1198,106,2024-12-29 21:04:01.474330
00005,0430,1198,106,2024-12-29 21:04:01.490346
00005,0432,1198,106,2024-12-29 21:04:01.521867
00005,0431,1198,106,2024-12-29 21:04:01.538340
00005,0424,1199,106,2024-12-29 21:04:01.554346
00005,0417,1198,106,2024-12-29 21:04:01.570344
00005,0420,1198,106,2024-12-29 21:04:01.586342
00005,0424,1198,106,2024-12-29 21:04:01.602347
00006,0426,1199,106,2024-12-29 21:04:01.618353
00005,0424,1198,106,2024-12-29 21:04:01.634349
00006,0424,1198,106,2024-12-29 21:04:01.650274
00006,0418,1199,106,2024-12-29 21:04:01.666281
00006,0418,1198,106,2024-12-29 21:04:01.698236
00006,0418,1198,106,2024-12-29 21:04:01.714266
00007,0425,1198,106,2024-12-29 21:04:01.730273
00005,0424,1198,106,2024-12-29 21:04:01.746268
00004,0424,1198,106,2024-12-29 21:04:01.762259
00005,0422,1199,106,2024-12-29 21:04:01.778262
00006,0423,1198,106,2024-12-29 21:04:01.794260
00004,0430,1199,106,2024-12-29 21:04:01.810251
00005,0421,1198,106,2024-12-29 21:04:01.826260
00004,0427,1199,106,2024-12-29 21:04:01.857870
00005,0421,1198,106,2024-12-29 21:04:01.874245
00005,0419,1198,106,2024-12-29 21:04:01.890236
00005,0423,1198,106,2024-12-29 21:04:01.906227
00005,0418,1198,106,2024-12-29 21:04:01.922225
00004,0421,1198,106,2024-12-29 21:04:01.938222
00005,0411,1198,106,2024-12-29 21:04:01.954224
00006,0422,1198,106,2024-12-29 21:04:01.970212
00005,0425,1198,106,2024-12-29 21:04:01.986222
00006,0419,1198,106,2024-12-29 21:04:02.002204
00005,0427,1198,106,2024-12-29 21:04:02.034193
00006,0426,1198,106,2024-12-29 21:04:02.050193
00005,0419,1198,106,2024-12-29 21:04:02.066197
00006,0416,1198,106,2024-12-29 21:04:02.082189
00006,0422,1198,106,2024-12-29 21:04:02.098189
00005,0423,1198,106,2024-12-29 21:04:02.114186
00005,0430,1198,106,2024-12-29 21:04:02.130187
00004,0419,1198,106,2024-12-29 21:04:02.146181
00006,0424,1198,106,2024-12-29 21:04:02.162185
00004,0419,1198,106,2024-12-29 21:04:02.193890
00005,0423,1198,106,2024-12-29 21:04:02.210174
00006,0427,1198,106,2024-12-29 21:04:02.226162
00005,0429,1198,106,2024-12-29 21:04:02.242186
00005,0427,1198,106,2024-12-29 21:04:02.258159
00005,0421,1198,106,2024-12-29 21:04:02.274143
00007,0428,1198,106,2024-12-29 21:04:02.290147
00005,0414,1198,106,2024-12-29 21:04:02.306148
00005,0414,1198,106,2024-12-29 21:04:02.322145
00005,0422,1198,106,2024-12-29 21:04:02.353525
00005,0417,1198,106,2024-12-29 21:04:02.370131
00005,0425,1198,106,2024-12-29 21:04:02.386127
00005,0412,1198,106,2024-12-29 21:04:02.402127
00005,0416,1198,106,2024-12-29 21:04:02.418122
00005,0421,1198,106,2024-12-29 21:04:02.434118
00004,0425,1198,106,2024-12-29 21:04:02.450119
00005,0430,1198,106,2024-12-29 21:04:02.466118
00005,0427,1198,106,2024-12-29 21:04:02.482104
00005,0429,1198,106,2024-12-29 21:04:02.498106
00005,0427,1198,106,2024-12-29 21:04:02.529913
00006,0423,1198,106,2024-12-29 21:04:02.546097
00006,0417,1198,106,2024-12-29 21:04:02.562099
00006,0421,1198,106,2024-12-29 21:04:02.578098
00005,0422,1198,106,2024-12-29 21:04:02.594090
00006,0419,1198,106,2024-12-29 21:04:02.610089
00006,0424,1198,106,2024-12-29 21:04:02.626078
00006,0421,1198,106,2024-12-29 21:04:02.642076
00006,0424,1198,106,2024-12-29 21:04:02.658068
00005,0422,1198,106,2024-12-29 21:04:02.689555
00005,0424,1198,106,2024-12-29 21:04:02.706068
00005,0418,1198,106,2024-12-29 21:04:02.722060
00004,0427,1198,106,2024-12-29 21:04:02.738054
00005,0426,1198,106,2024-12-29 21:04:02.754057
00005,0422,1198,106,2024-12-29 21:04:02.770051
00005,0423,1198,106,2024-12-29 21:04:02.786056
00005,0423,1198,106,2024-12-29 21:04:02.802039
00005,0427,1198,106,2024-12-29 21:04:02.818034
00005,0415,1198,106,2024-12-29 21:04:02.834035
00006,0420,1198,106,2024-12-29 21:04:02.865940
00005,0429,1198,106,2024-12-29 21:04:02.882019
00005,0416,1198,106,2024-12-29 21:04:02.898022
00005,0422,1198,106,2024-12-29 21:04:02.914020
00005,0414,1198,106,2024-12-29 21:04:02.930020
00006,0420,1198,106,2024-12-29 21:04:02.946022
00006,0420,1198,106,2024-12-29 21:04:02.962002
00006,0418,1198,106,2024-12-29 21:04:02.978004
00005,0410,1198,106,2024-12-29 21:04:02.993993
00007,0426,1198,106,2024-12-29 21:04:03.025565
00006,0424,1198,106,2024-12-29 21:04:03.041989
00004,0425,1198,106,2024-12-29 21:04:03.057984
00005,0426,1198,106,2024-12-29 21:04:03.073976
00004,0419,1198,106,2024-12-29 21:04:03.089980
00005,0424,1198,106,2024-12-29 21:04:03.105973
00006,0422,1198,106,2024-12-29 21:04:03.121972
00006,0417,1198,106,2024-12-29 21:04:03.137963
00005,0424,1198,106,2024-12-29 21:04:03.153971
00004,0428,1198,106,2024-12-29 21:04:03.169960
00006,0432,1198,106,2024-12-29 21:04:03.201959
00005,0417,1198,106,2024-12-29 21:04:03.217946
00006,0431,1198,106,2024-12-29 21:04:03.233953
00006,0428,1198,106,2024-12-29 21:04:03.249953
00006,0425,1198,106,2024-12-29 21:04:03.265951
00005,0426,1198,106,2024-12-29 21:04:03.281946
00006,0430,1198,106,2024-12-29 21:04:03.297937
00005,0422,1198,106,2024-12-29 21:04:03.313937
00006,0423,1198,106,2024-12-29 21:04:03.329925
00006,0422,1198,106,2024-12-29 21:04:03.361578
00005,0423,1198,106,2024-12-29 21:04:03.377919
00004,0429,1198,106,2024-12-29 21:04:03.393910
00007,0422,1198,106,2024-12-29 21:04:03.409914
00004,0422,1198,106,2024-12-29 21:04:03.425915
00004,0418,1198,106,2024-12-29 21:04:03.441896
00005,0427,1198,106,2024-12-29 21:04:03.457897
00004,0418,1198,106,2024-12-29 21:04:03.473894
00007,0421,1197,106,2024-12-29 21:04:03.489896
00006,0442,1198,106,2024-12-29 21:04:03.521236
00005,0426,1198,106,2024-12-29 21:04:03.537887
00006,0431,1198,106,2024-12-29 21:04:03.553878
00005,0428,1198,106,2024-12-29 21:04:03.569877
00006,0425,1198,106,2024-12-29 21:04:03.585866
00004,0426,1198,106,2024-12-29 21:04:03.601869
00006,0422,1198,106,2024-12-29 21:04:03.617861
00005,0429,1198,106,2024-12-29 21:04:03.633861
00005,0424,1198,106,2024-12-29 21:04:03.649863
00005,0428,1198,106,2024-12-29 21:04:03.665857
00006,0431,1198,106,2024-12-29 21:04:03.697619
00005,0424,1198,106,2024-12-29 21:04:03.713850
00004,0425,1198,106,2024-12-29 21:04:03.729839
00005,0433,1198,106,2024-12-29 21:04:03.745838
00004,0423,1198,106,2024-12-29 21:04:03.761845
00005,0421,1198,106,2024-12-29 21:04:03.777832
00005,0431,1198,106,2024-12-29 21:04:03.793829
00005,0432,1198,106,2024-12-29 21:04:03.809830
00006,0427,1197,106,2024-12-29 21:04:03.825823
00006,0450,1198,106,2024-12-29 21:04:03.857248
00005,0436,1198,106,2024-12-29 21:04:03.873816
00005,0430,1198,106,2024-12-29 21:04:03.889803
00005,0428,1198,106,2024-12-29 21:04:03.905805
00006,0429,1198,106,2024-12-29 21:04:03.921803
00005,0422,1197,106,2024-12-29 21:04:03.937791
00005,0437,1198,106,2024-12-29 21:04:03.953799
00005,0432,1197,106,2024-12-29 21:04:03.969788
00005,0452,1198,106,2024-12-29 21:04:03.985786
00005,0423,1198,106,2024-12-29 21:04:04.001784
00006,0424,1197,106,2024-12-29 21:04:04.033636
00008,0446,1198,106,2024-12-29 21:04:04.049779
00005,0422,1198,106,2024-12-29 21:04:04.065779
00006,0424,1197,106,2024-12-29 21:04:04.081767
00005,0444,1198,106,2024-12-29 21:04:04.097770
00006,0424,1198,106,2024-12-29 21:04:04.113758
00006,0425,1198,106,2024-12-29 21:04:04.129758
00005,0423,1198,106,2024-12-29 21:04:04.145755
00005,0422,1198,106,2024-12-29 21:04:04.161757
00005,0432,1197,106,2024-12-29 21:04:04.193281
00005,0438,1198,106,2024-12-29 21:04:04.209741
00006,0420,1197,106,2024-12-29 21:04:04.225737
00006,0443,1197,106,2024-12-29 21:04:04.241746
00005,0434,1197,106,2024-12-29 21:04:04.257736
00006,0445,1198,106,2024-12-29 21:04:04.273722
00005,0426,1197,106,2024-12-29 21:04:04.289720
00007,0438,1198,106,2024-12-29 21:04:04.305716
00005,0423,1198,106,2024-12-29 21:04:04.321719
00006,0429,1198,106,2024-12-29 21:04:04.337712
00006,0427,1198,106,2024-12-29 21:04:04.369668
00005,0421,1198,106,2024-12-29 21:04:04.385710
00005,0422,1198,106,2024-12-29 21:04:04.401697
00004,0421,1198,106,2024-12-29 21:04:04.417692
00005,0422,1197,106,2024-12-29 21:04:04.433706
00005,0437,1197,106,2024-12-29 21:04:04.449725
00007,0439,1197,106,2024-12-29 21:04:04.465715
00005,0453,1198,106,2024-12-29 21:04:04.481703
00005,0421,1197,106,2024-12-29 21:04:04.497711
00006,0438,1198,106,2024-12-29 21:04:04.529325
00006,0430,1198,106,2024-12-29 21:04:04.545718
00005,0422,1198,106,2024-12-29 21:04:04.561714
00005,0422,1198,106,2024-12-29 21:04:04.577724
00005,0417,1197,106,2024-12-29 21:04:04.593720
00006,0434,1198,106,2024-12-29 21:04:04.609651
00004,0425,1198,106,2024-12-29 21:04:04.625658
00004,0420,1198,106,2024-12-29 21:04:04.641645
00006,0416,1198,106,2024-12-29 21:04:04.657641
00005,0424,1198,106,2024-12-29 21:04:04.673640
00005,0422,1197,106,2024-12-29 21:04:04.705633
00006,0438,1197,106,2024-12-29 21:04:04.721632
00007,0433,1197,106,2024-12-29 21:04:04.737631
00005,0439,1197,106,2024-12-29 21:04:04.753632
00006,0436,1197,106,2024-12-29 21:04:04.769623
00006,0446,1197,106,2024-12-29 21:04:04.785623
00004,0444,1198,106,2024-12-29 21:04:04.801607
00006,0423,1197,106,2024-12-29 21:04:04.817607
00008,0448,1197,106,2024-12-29 21:04:04.833608
00006,0442,1197,106,2024-12-29 21:04:04.865312
00006,0443,1197,106,2024-12-29 21:04:04.881593
00005,0435,1198,106,2024-12-29 21:04:04.897589
00006,0422,1197,106,2024-12-29 21:04:04.913590
00006,0450,1198,106,2024-12-29 21:04:04.929577
00006,0420,1197,106,2024-12-29 21:04:04.945582
00006,0434,1198,106,2024-12-29 21:04:04.961573
00005,0424,1198,106,2024-12-29 21:04:04.977564
00004,0424,1198,106,2024-12-29 21:04:04.993566
00005,0423,1198,106,2024-12-29 21:04:05.024968
00006,0428,1198,106,2024-12-29 21:04:05.041550
00004,0421,1198,106,2024-12-29 21:04:05.057553
00005,0419,1198,106,2024-12-29 21:04:05.073543
00005,0429,1197,106,2024-12-29 21:04:05.089543
00006,0443,1197,106,2024-12-29 21:04:05.105538
00006,0453,1197,106,2024-12-29 21:04:05.121537
00006,0441,1197,106,2024-12-29 21:04:05.137542
00007,0443,1197,106,2024-12-29 21:04:05.153543
00007,0445,1197,106,2024-12-29 21:04:05.169525
00007,0448,1197,106,2024-12-29 21:04:05.201341
00006,0439,1197,106,2024-12-29 21:04:05.217519
00007,0453,1198,106,2024-12-29 21:04:05.233511
00005,0431,1197,106,2024-12-29 21:04:05.249520
00006,0445,1197,106,2024-12-29 21:04:05.265515
00006,0444,1197,106,2024-12-29 21:04:05.281501
00007,0449,1197,106,2024-12-29 21:04:05.297493
00006,0440,1198,106,2024-12-29 21:04:05.313495
00006,0423,1197,106,2024-12-29 21:04:05.329495
00005,0437,1197,106,2024-12-29 21:04:05.360979
00007,0443,1197,106,2024-12-29 21:04:05.377481
00006,0447,1197,106,2024-12-29 21:04:05.393478
00006,0434,1198,106,2024-12-29 21:04:05.409480
00004,0432,1197,106,2024-12-29 21:04:05.425469
00007,0437,1197,106,2024-12-29 21:04:05.441467
00006,0448,1197,106,2024-12-29 21:04:05.457460
00006,0441,1198,106,2024-12-29 21:04:05.473468
00006,0423,1197,106,2024-12-29 21:04:05.489458
00006,0440,1198,106,2024-12-29 21:04:05.505459
00005,0426,1197,106,2024-12-29 21:04:05.537351
00007,0440,1197,106,2024-12-29 21:04:05.553451
00005,0440,1198,106,2024-12-29 21:04:05.569437
00004,0424,1197,106,2024-12-29 21:04:05.585434
00006,0441,1197,106,2024-12-29 21:04:05.601430
00006,0445,1197,106,2024-12-29 21:04:05.617433
00006,0443,1197,106,2024-12-29 21:04:05.633431
00006,0440,1197,106,2024-12-29 21:04:05.649422
00006,0438,1197,106,2024-12-29 21:04:05.665424
00007,0439,1197,106,2024-12-29 21:04:05.696991
00007,0444,1197,106,2024-12-29 21:04:05.713404
00006,0435,1197,106,2024-12-29 21:04:05.729410
00006,0443,1197,106,2024-12-29 21:04:05.745401
00006,0438,1197,106,2024-12-29 21:04:05.761399
00006,0446,1197,106,2024-12-29 21:04:05.777392
00006,0438,1197,106,2024-12-29 21:04:05.793398
00006,0447,1197,106,2024-12-29 21:04:05.809389
00006,0444,1197,106,2024-12-29 21:04:05.825378
00006,0447,1197,106,2024-12-29 21:04:05.841384
00006,0448,1197,106,2024-12-29 21:04:05.873380
00006,0450,1197,106,2024-12-29 21:04:05.889378
00006,0438,1197,106,2024-12-29 21:04:05.905359
00005,0446,1197,106,2024-12-29 21:04:05.921367
00006,0441,1198,106,2024-12-29 21:04:05.937349
00006,0430,1197,106,2024-12-29 21:04:05.953358
00005,0435,1197,106,2024-12-29 21:04:05.969352
00007,0444,1197,106,2024-12-29 21:04:05.985352
00006,0443,1197,106,2024-12-29 21:04:06.001350
00007,0443,1197,106,2024-12-29 21:04:06.033023
00006,0443,1197,106,2024-12-29 21:04:06.049341
00007,0444,1197,106,2024-12-29 21:04:06.065330
00005,0435,1197,106,2024-12-29 21:04:06.081331
00005,0442,1197,106,2024-12-29 21:04:06.097328
00005,0439,1197,106,2024-12-29 21:04:06.113320
00006,0444,1197,106,2024-12-29 21:04:06.129326
00005,0444,1197,106,2024-12-29 21:04:06.145318
00006,0448,1197,106,2024-12-29 21:04:06.161322
00005,0446,1197,106,2024-12-29 21:04:06.192654
00007,0439,1197,106,2024-12-29 21:04:06.209304
00006,0441,1197,106,2024-12-29 21:04:06.225293
00006,0443,1197,106,2024-12-29 21:04:06.241321
00007,0442,1197,106,2024-12-29 21:04:06.257306
00005,0444,1197,106,2024-12-29 21:04:06.273302
00006,0447,1197,106,2024-12-29 21:04:06.289285
00007,0435,1197,106,2024-12-29 21:04:06.305282
00006,0438,1197,106,2024-12-29 21:04:06.321289
00005,0436,1197,106,2024-12-29 21:04:06.337274
00007,0447,1197,106,2024-12-29 21:04:06.369041
00007,0440,1197,106,2024-12-29 21:04:06.385281
00005,0447,1197,106,2024-12-29 21:04:06.401267
00006,0449,1197,106,2024-12-29 21:04:06.417261
00007,0451,1197,106,2024-12-29 21:04:06.433259
00006,0444,1197,106,2024-12-29 21:04:06.449253
00005,0445,1197,106,2024-12-29 21:04:06.465256
00006,0444,1197,106,2024-12-29 21:04:06.481252
00005,0446,1197,106,2024-12-29 21:04:06.497253
00007,0443,1197,106,2024-12-29 21:04:06.528683
00007,0442,1197,106,2024-12-29 21:04:06.545233
00006,0445,1197,106,2024-12-29 21:04:06.561238
00007,0442,1197,106,2024-12-29 21:04:06.577227
00006,0445,1197,106,2024-12-29 21:04:06.593229
00005,0440,1197,106,2024-12-29 21:04:06.609220
00005,0443,1197,106,2024-12-29 21:04:06.625217
00006,0443,1197,106,2024-12-29 21:04:06.641215
00007,0446,1197,106,2024-12-29 21:04:06.657198
00007,0444,1197,106,2024-12-29 21:04:06.673198
00006,0445,1197,106,2024-12-29 21:04:06.705066
00007,0450,1197,106,2024-12-29 21:04:06.721193
00007,0440,1197,106,2024-12-29 21:04:06.737198
00006,0443,1197,106,2024-12-29 21:04:06.753195
00005,0443,1197,106,2024-12-29 21:04:06.769183
00006,0445,1197,106,2024-12-29 21:04:06.785186
00006,0448,1197,106,2024-12-29 21:04:06.801173
00006,0444,1197,106,2024-12-29 21:04:06.817171
00006,0445,1197,106,2024-12-29 21:04:06.833175
00005,0442,1197,106,2024-12-29 21:04:06.864709
00006,0442,1197,106,2024-12-29 21:04:06.881161
00007,0450,1197,106,2024-12-29 21:04:06.897161
00006,0445,1197,106,2024-12-29 21:04:06.913161
00005,0445,1197,106,2024-12-29 21:04:06.929155
00005,0447,1197,106,2024-12-29 21:04:06.945151
00005,0448,1197,106,2024-12-29 21:04:06.961148
00005,0446,1197,106,2024-12-29 21:04:06.977136
00006,0445,1197,106,2024-12-29 21:04:06.993145
00005,0442,1197,106,2024-12-29 21:04:07.009141
00005,0437,1197,106,2024-12-29 21:04:07.041088
00006,0437,1197,106,2024-12-29 21:04:07.057121
00007,0445,1197,106,2024-12-29 21:04:07.073121
00006,0451,1197,106,2024-12-29 21:04:07.089115
00005,0440,1197,106,2024-12-29 21:04:07.105118
00005,0442,1197,106,2024-12-29 21:04:07.121116
00006,0429,1197,106,2024-12-29 21:04:07.137122
00005,0440,1197,106,2024-12-29 21:04:07.153105
00006,0433,1197,106,2024-12-29 21:04:07.169102
00006,0440,1197,106,2024-12-29 21:04:07.200730
00006,0443,1197,106,2024-12-29 21:04:07.217101
00006,0441,1197,106,2024-12-29 21:04:07.233094
00006,0431,1197,106,2024-12-29 21:04:07.249096
00005,0443,1197,106,2024-12-29 21:04:07.265097
00006,0436,1197,106,2024-12-29 21:04:07.281085
00005,0446,1197,106,2024-12-29 21:04:07.297077
00007,0445,1197,106,2024-12-29 21:04:07.313074
00005,0435,1197,106,2024-12-29 21:04:07.329068
00006,0453,1197,106,2024-12-29 21:04:07.345077
00006,0446,1197,106,2024-12-29 21:04:07.377065
00006,0447,1197,106,2024-12-29 21:04:07.393067
00008,0455,1197,106,2024-12-29 21:04:07.409068
00005,0442,1197,106,2024-12-29 21:04:07.425071
00005,0449,1197,106,2024-12-29 21:04:07.441071
00006,0447,1197,106,2024-12-29 21:04:07.457079
00005,0444,1197,106,2024-12-29 21:04:07.473076
00006,0444,1197,106,2024-12-29 21:04:07.489081
00005,0440,1197,106,2024-12-29 21:04:07.505086
00005,0448,1197,106,2024-12-29 21:04:07.536786
00006,0453,1197,106,2024-12-29 21:04:07.553092
00005,0449,1197,106,2024-12-29 21:04:07.569016
00008,0443,1197,106,2024-12-29 21:04:07.585024
00006,0455,1197,106,2024-12-29 21:04:07.601012
00007,0443,1197,106,2024-12-29 21:04:07.617016
00007,0443,1197,106,2024-12-29 21:04:07.633006
00005,0444,1197,106,2024-12-29 21:04:07.649006
00006,0437,1196,106,2024-12-29 21:04:07.664999
00007,0443,1197,106,2024-12-29 21:04:07.696376
00007,0450,1197,106,2024-12-29 21:04:07.712984
00006,0441,1197,106,2024-12-29 21:04:07.728979
00007,0451,1197,106,2024-12-29 21:04:07.744985
00006,0455,1197,106,2024-12-29 21:04:07.760983
00006,0444,1197,106,2024-12-29 21:04:07.776971
00006,0448,1197,106,2024-12-29 21:04:07.792970
00007,0449,1196,106,2024-12-29 21:04:07.808962
00006,0450,1197,106,2024-12-29 21:04:07.824967
00006,0449,1197,106,2024-12-29 21:04:07.840959
00006,0445,1196,106,2024-12-29 21:04:07.872777
00006,0445,1197,106,2024-12-29 21:04:07.888952
00006,0444,1197,106,2024-12-29 21:04:07.904956
00007,0450,1197,106,2024-12-29 21:04:07.920943
00006,0449,1197,106,2024-12-29 21:04:07.936949
00006,0445,1197,106,2024-12-29 21:04:07.952940
00005,0444,1197,106,2024-12-29 21:04:07.968937
00006,0442,1197,106,2024-12-29 21:04:07.984932
00005,0435,1197,106,2024-12-29 21:04:08.000917
00004,0440,1196,106,2024-12-29 21:04:08.032406
00005,0440,1197,106,2024-12-29 21:04:08.048923
00008,0448,1196,106,2024-12-29 21:04:08.064905
00005,0440,1197,106,2024-12-29 21:04:08.080901
00005,0452,1196,106,2024-12-29 21:04:08.096911
00007,0454,1197,106,2024-12-29 21:04:08.112908
00007,0451,1197,106,2024-12-29 21:04:08.128914
00006,0441,1197,106,2024-12-29 21:04:08.144896
00006,0442,1197,106,2024-12-29 21:04:08.160887
00004,0443,1197,106,2024-12-29 21:04:08.176895
00006,0447,1196,106,2024-12-29 21:04:08.208799
00004,0444,1197,106,2024-12-29 21:04:08.224890
00007,0443,1197,106,2024-12-29 21:04:08.240890
00006,0446,1196,106,2024-12-29 21:04:08.256876
00005,0442,1197,106,2024-12-29 21:04:08.272882
00006,0453,1197,106,2024-12-29 21:04:08.288863
00005,0444,1197,106,2024-12-29 21:04:08.304877
00006,0446,1197,106,2024-12-29 21:04:08.320863
00005,0442,1196,106,2024-12-29 21:04:08.336857
00006,0443,1197,106,2024-12-29 21:04:08.368423
00005,0447,1196,106,2024-12-29 21:04:08.384851
00005,0446,1196,106,2024-12-29 21:04:08.400834
00008,0452,1196,106,2024-12-29 21:04:08.416842
00006,0452,1196,106,2024-12-29 21:04:08.432835
00007,0453,1197,106,2024-12-29 21:04:08.448833
00006,0449,1197,106,2024-12-29 21:04:08.464827
00005,0455,1197,106,2024-12-29 21:04:08.480827
00007,0439,1196,106,2024-12-29 21:04:08.496832
00007,0448,1196,106,2024-12-29 21:04:08.512811
00007,0441,1196,106,2024-12-29 21:04:08.544816
00006,0453,1197,106,2024-12-29 21:04:08.560813
00005,0446,1196,106,2024-12-29 21:04:08.576810
00005,0437,1196,106,2024-12-29 21:04:08.592805
00006,0448,1197,106,2024-12-29 21:04:08.608813
00006,0449,1196,106,2024-12-29 21:04:08.624797
00006,0446,1196,106,2024-12-29 21:04:08.640796
00006,0446,1197,106,2024-12-29 21:04:08.656779
00005,0442,1197,106,2024-12-29 21:04:08.672783
00005,0434,1196,106,2024-12-29 21:04:08.704466
00006,0450,1196,106,2024-12-29 21:04:08.720774
00005,0434,1197,106,2024-12-29 21:04:08.736765
00007,0435,1196,106,2024-12-29 21:04:08.752767
00006,0441,1196,106,2024-12-29 21:04:08.768759
00006,0446,1196,106,2024-12-29 21:04:08.784766
00006,0445,1196,106,2024-12-29 21:04:08.800753
00006,0437,1197,106,2024-12-29 21:04:08.816967
00005,0441,1197,106,2024-12-29 21:04:08.832758
00005,0437,1196,106,2024-12-29 21:04:08.864103
00006,0433,1196,106,2024-12-29 21:04:08.880736
00005,0440,1196,106,2024-12-29 21:04:08.896741
00005,0438,1197,106,2024-12-29 21:04:08.912732
00007,0442,1197,106,2024-12-29 21:04:08.928732
00006,0438,1197,106,2024-12-29 21:04:08.944729
00006,0446,1196,106,2024-12-29 21:04:08.960721
00006,0445,1196,106,2024-12-29 21:04:08.976719
00006,0442,1196,106,2024-12-29 21:04:08.992708
00005,0455,1197,106,2024-12-29 21:04:09.008718
00006,0447,1196,106,2024-12-29 21:04:09.040482
00005,0452,1196,106,2024-12-29 21:04:09.056705
00006,0456,1197,106,2024-12-29 21:04:09.072703
00006,0447,1197,106,2024-12-29 21:04:09.088691
00006,0445,1196,106,2024-12-29 21:04:09.104696
00006,0446,1196,106,2024-12-29 21:04:09.120683
00005,0450,1196,106,2024-12-29 21:04:09.136678
00008,0456,1197,106,2024-12-29 21:04:09.152678
00006,0452,1196,106,2024-12-29 21:04:09.168676
00006,0444,1197,106,2024-12-29 21:04:09.200118
00005,0442,1196,106,2024-12-29 21:04:09.216674
00005,0449,1196,106,2024-12-29 21:04:09.232672
00006,0445,1196,106,2024-12-29 21:04:09.248669
00007,0446,1196,106,2024-12-29 21:04:09.264655
00006,0441,1196,106,2024-12-29 21:04:09.280652
00006,0441,1196,106,2024-12-29 21:04:09.296651
00007,0439,1196,106,2024-12-29 21:04:09.312648
00006,0457,1196,106,2024-12-29 21:04:09.328645
00006,0446,1196,106,2024-12-29 21:04:09.344635
00006,0449,1196,106,2024-12-29 21:04:09.376508
00005,0444,1196,106,2024-12-29 21:04:09.392639
00007,0451,1196,106,2024-12-29 21:04:09.408626
00006,0444,1196,106,2024-12-29 21:04:09.424617
00006,0446,1196,106,2024-12-29 21:04:09.440619
00007,0450,1197,106,2024-12-29 21:04:09.456609
00006,0452,1196,106,2024-12-29 21:04:09.472617
00007,0441,1196,106,2024-12-29 21:04:09.488609
00006,0437,1196,106,2024-12-29 21:04:09.504599
00006,0445,1196,106,2024-12-29 21:04:09.536142
00005,0447,1196,106,2024-12-29 21:04:09.552591
00006,0449,1196,106,2024-12-29 21:04:09.568589
00006,0448,1196,106,2024-12-29 21:04:09.584593
00005,0443,1196,106,2024-12-29 21:04:09.600591
00007,0449,1196,106,2024-12-29 21:04:09.616573
00006,0448,1196,106,2024-12-29 21:04:09.632582
00005,0438,1196,106,2024-12-29 21:04:09.648574
00006,0451,1196,106,2024-12-29 21:04:09.664578
00008,0446,1196,106,2024-12-29 21:04:09.680563
00006,0441,1196,106,2024-12-29 21:04:09.712526
00006,0445,1196,106,2024-12-29 21:04:09.728563
00006,0439,1196,106,2024-12-29 21:04:09.744550
00005,0452,1196,106,2024-12-29 21:04:09.760547
00006,0447,1196,106,2024-12-29 21:04:09.776546
00006,0445,1196,106,2024-12-29 21:04:09.792549
00005,0444,1196,106,2024-12-29 21:04:09.808544
00006,0448,1196,106,2024-12-29 21:04:09.824540
00006,0452,1196,106,2024-12-29 21:04:09.840534
00006,0448,1196,106,2024-12-29 21:04:09.872180
00006,0455,1196,106,2024-12-29 21:04:09.888519
00006,0447,1196,106,2024-12-29 21:04:09.904521
00006,0452,1196,106,2024-12-29 21:04:09.920515
00006,0459,1196,106,2024-12-29 21:04:09.936511
00006,0441,1196,106,2024-12-29 21:04:09.952511
00007,0448,1196,106,2024-12-29 21:04:09.968515
00007,0448,1196,106,2024-12-29 21:04:09.984516
00005,0444,1196,106,2024-12-29 21:04:10.000506
00007,0444,1196,106,2024-12-29 21:04:10.016495
00005,0451,1196,106,2024-12-29 21:04:10.048477
00005,0442,1196,106,2024-12-29 21:04:10.064484
00006,0441,1196,106,2024-12-29 21:04:10.080485
00005,0443,1196,106,2024-12-29 21:04:10.096489
00006,0446,1196,106,2024-12-29 21:04:10.112467
00006,0447,1196,106,2024-12-29 21:04:10.128472
00007,0434,1196,106,2024-12-29 21:04:10.144466
00007,0445,1196,106,2024-12-29 21:04:10.160466
00007,0448,1196,106,2024-12-29 21:04:10.176463
00006,0453,1196,106,2024-12-29 21:04:10.208186
00007,0449,1196,106,2024-12-29 21:04:10.224454
00007,0441,1196,106,2024-12-29 21:04:10.240461
00008,0449,1196,106,2024-12-29 21:04:10.256461
00006,0450,1196,106,2024-12-29 21:04:10.272448
00005,0445,1196,106,2024-12-29 21:04:10.288441
00007,0448,1196,106,2024-12-29 21:04:10.304436
00006,0450,1196,106,2024-12-29 21:04:10.320425
00006,0455,1196,106,2024-12-29 21:04:10.336432
00005,0434,1196,106,2024-12-29 21:04:10.367835
00004,0447,1196,106,2024-12-29 21:04:10.384436
00007,0448,1196,106,2024-12-29 21:04:10.400438
00004,0448,1196,106,2024-12-29 21:04:10.416441
00006,0450,1196,106,2024-12-29 21:04:10.432444
00006,0450,1196,106,2024-12-29 21:04:10.448455
00005,0447,1196,106,2024-12-29 21:04:10.464460
00006,0449,1196,106,2024-12-29 21:04:10.480460
00006,0444,1196,106,2024-12-29 21:04:10.496452
00007,0447,1196,106,2024-12-29 21:04:10.512451
00006,0439,1196,106,2024-12-29 21:04:10.544182
00007,0442,1196,106,2024-12-29 21:04:10.560372
00004,0447,1196,106,2024-12-29 21:04:10.576371
00007,0452,1196,106,2024-12-29 21:04:10.592367
00006,0450,1196,106,2024-12-29 21:04:10.608369
00006,0440,1196,106,2024-12-29 21:04:10.624363
00006,0450,1196,106,2024-12-29 21:04:10.640365
00007,0448,1196,106,2024-12-29 21:04:10.656360
00005,0441,1196,106,2024-12-29 21:04:10.672355
00006,0441,1196,106,2024-12-29 21:04:10.703860
00006,0446,1196,106,2024-12-29 21:04:10.720358
00006,0442,1196,106,2024-12-29 21:04:10.736339
00005,0439,1196,106,2024-12-29 21:04:10.752335
00006,0448,1196,106,2024-12-29 21:04:10.768325
00006,0449,1196,106,2024-12-29 21:04:10.784327
00006,0443,1196,106,2024-12-29 21:04:10.800320
00007,0449,1197,106,2024-12-29 21:04:10.816320
00007,0454,1195,106,2024-12-29 21:04:10.832325
00006,0447,1196,106,2024-12-29 21:04:10.848320
00006,0450,1196,106,2024-12-29 21:04:10.880242
00006,0447,1196,106,2024-12-29 21:04:10.896301
00005,0446,1196,106,2024-12-29 21:04:10.912304
00006,0451,1196,106,2024-12-29 21:04:10.928293
00005,0456,1196,106,2024-12-29 21:04:10.944293
00006,0445,1196,106,2024-12-29 21:04:10.960283
00007,0446,1196,106,2024-12-29 21:04:10.976284
00007,0452,1196,106,2024-12-29 21:04:10.992279
00006,0447,1196,106,2024-12-29 21:04:11.008279
00006,0454,1196,106,2024-12-29 21:04:11.039862
00006,0444,1195,106,2024-12-29 21:04:11.056269
00007,0449,1196,106,2024-12-29 21:04:11.072270
00006,0449,1195,106,2024-12-29 21:04:11.088271
00005,0449,1196,106,2024-12-29 21:04:11.104252
00007,0451,1195,106,2024-12-29 21:04:11.120248
00007,0445,1196,106,2024-12-29 21:04:11.136247
00005,0445,1196,106,2024-12-29 21:04:11.152240
00005,0452,1196,106,2024-12-29 21:04:11.168238
00007,0449,1196,106,2024-12-29 21:04:11.184238
00007,0449,1196,106,2024-12-29 21:04:11.216230
00006,0446,1195,106,2024-12-29 21:04:11.232229
00005,0449,1196,106,2024-12-29 21:04:11.248236
00006,0451,1196,106,2024-12-29 21:04:11.264218
00007,0445,1196,106,2024-12-29 21:04:11.280226
00006,0444,1196,106,2024-12-29 21:04:11.296210
00007,0450,1196,106,2024-12-29 21:04:11.312213
00006,0451,1196,106,2024-12-29 21:04:11.328208
00006,0459,1196,106,2024-12-29 21:04:11.344208
00007,0448,1196,106,2024-12-29 21:04:11.375885
00007,0441,1196,106,2024-12-29 21:04:11.392190
00007,0450,1196,106,2024-12-29 21:04:11.408196
00006,0452,1196,106,2024-12-29 21:04:11.424189
00006,0452,1196,106,2024-12-29 21:04:11.440191
00007,0445,1195,106,2024-12-29 21:04:11.456193
00007,0452,1196,106,2024-12-29 21:04:11.472177
00008,0448,1196,106,2024-12-29 21:04:11.488179
00007,0431,1196,106,2024-12-29 21:04:11.504172
00007,0451,1196,106,2024-12-29 21:04:11.535521
00007,0446,1195,106,2024-12-29 21:04:11.552162
00006,0444,1196,106,2024-12-29 21:04:11.568166
00006,0443,1196,106,2024-12-29 21:04:11.584156
00004,0443,1196,106,2024-12-29 21:04:11.600155
00005,0440,1195,106,2024-12-29 21:04:11.616155
00006,0449,1196,106,2024-12-29 21:04:11.632150
00005,0444,1196,106,2024-12-29 21:04:11.648140
00005,0440,1195,106,2024-12-29 21:04:11.664128
00006,0447,1196,106,2024-12-29 21:04:11.680136
00007,0446,1195,106,2024-12-29 21:04:11.711915
00005,0438,1196,106,2024-12-29 21:04:11.728124
00006,0442,1196,106,2024-12-29 21:04:11.744128
00006,0446,1195,106,2024-12-29 21:04:11.760124
00005,0446,1195,106,2024-12-29 21:04:11.776112
00006,0447,1195,106,2024-12-29 21:04:11.792112
00006,0444,1196,106,2024-12-29 21:04:11.808117
00005,0444,1196,106,2024-12-29 21:04:11.824113
00007,0442,1196,106,2024-12-29 21:04:11.840094
00007,0440,1196,106,2024-12-29 21:04:11.871537
00006,0438,1196,106,2024-12-29 21:04:11.888080
00005,0447,1195,106,2024-12-29 21:04:11.904079
00006,0452,1196,106,2024-12-29 21:04:11.920083
00005,0450,1196,106,2024-12-29 21:04:11.936086
00006,0450,1195,106,2024-12-29 21:04:11.952071
00004,0446,1196,106,2024-12-29 21:04:11.968074
00005,0444,1196,106,2024-12-29 21:04:11.984068
00006,0450,1196,106,2024-12-29 21:04:12.000058
00006,0446,1195,106,2024-12-29 21:04:12.016059
00006,0451,1196,106,2024-12-29 21:04:12.047928
00004,0455,1195,106,2024-12-29 21:04:12.064044
00007,0448,1195,106,2024-12-29 21:04:12.080047
00007,0454,1196,106,2024-12-29 21:04:12.096038
00007,0452,1195,106,2024-12-29 21:04:12.112040
00006,0444,1196,106,2024-12-29 21:04:12.128038
00006,0454,1196,106,2024-12-29 21:04:12.144037
00006,0453,1195,106,2024-12-29 21:04:12.160028
00005,0452,1196,106,2024-12-29 21:04:12.176033
00006,0439,1196,106,2024-12-29 21:04:12.207560
00007,0447,1196,106,2024-12-29 21:04:12.224016
00007,0454,1196,106,2024-12-29 21:04:12.240016
00005,0451,1195,106,2024-12-29 21:04:12.256014
00006,0448,1195,106,2024-12-29 21:04:12.272014
00005,0447,1195,106,2024-12-29 21:04:12.287999
00007,0451,1196,106,2024-12-29 21:04:12.304010
00007,0445,1196,106,2024-12-29 21:04:12.320000
00006,0443,1196,106,2024-12-29 21:04:12.335990
00006,0442,1196,106,2024-12-29 21:04:12.351984
00007,0439,1196,106,2024-12-29 21:04:12.383940
00005,0452,1196,106,2024-12-29 21:04:12.399983
00007,0441,1195,106,2024-12-29 21:04:12.415973
00006,0450,1195,106,2024-12-29 21:04:12.431967
00006,0446,1195,106,2024-12-29 21:04:12.447968
00006,0445,1195,106,2024-12-29 21:04:12.463961
00007,0444,1195,106,2024-12-29 21:04:12.479961
00005,0443,1196,106,2024-12-29 21:04:12.495955
00006,0452,1195,106,2024-12-29 21:04:12.511956
00006,0440,1195,106,2024-12-29 21:04:12.543598
00007,0446,1195,106,2024-12-29 21:04:12.559955
00007,0439,1196,106,2024-12-29 21:04:12.575936
00005,0441,1196,106,2024-12-29 21:04:12.591938
00006,0450,1196,106,2024-12-29 21:04:12.607928
00006,0441,1195,106,2024-12-29 21:04:12.623931
00006,0446,1196,106,2024-12-29 21:04:12.639927
00006,0445,1195,106,2024-12-29 21:04:12.655924
00006,0454,1196,106,2024-12-29 21:04:12.671925
00007,0447,1195,106,2024-12-29 21:04:12.703230
00006,0442,1196,106,2024-12-29 21:04:12.719914
00007,0450,1195,106,2024-12-29 21:04:12.735911
00005,0451,1195,106,2024-12-29 21:04:12.751906
00005,0442,1195,106,2024-12-29 21:04:12.767901
00006,0445,1195,106,2024-12-29 21:04:12.783898
00006,0446,1195,106,2024-12-29 21:04:12.799903
00005,0446,1196,106,2024-12-29 21:04:12.815890
00006,0444,1195,106,2024-12-29 21:04:12.831894
00006,0445,1195,106,2024-12-29 21:04:12.847880
00007,0446,1195,106,2024-12-29 21:04:12.879609
00006,0440,1195,106,2024-12-29 21:04:12.895871
00006,0445,1196,106,2024-12-29 21:04:12.911871
00005,0445,1195,106,2024-12-29 21:04:12.927870
00006,0442,1195,106,2024-12-29 21:04:12.943874
00006,0446,1195,106,2024-12-29 21:04:12.959857
00006,0440,1195,106,2024-12-29 21:04:12.975862
00007,0444,1195,106,2024-12-29 21:04:12.991851
00007,0443,1195,106,2024-12-29 21:04:13.007845
00005,0450,1195,106,2024-12-29 21:04:13.039243
00006,0441,1195,106,2024-12-29 21:04:13.055853
00006,0442,1195,106,2024-12-29 21:04:13.071832
00006,0448,1195,106,2024-12-29 21:04:13.087834
00006,0439,1195,106,2024-12-29 21:04:13.103827
00007,0437,1195,106,2024-12-29 21:04:13.119828
00006,0438,1195,106,2024-12-29 21:04:13.135820
00007,0449,1195,106,2024-12-29 21:04:13.151814
00006,0445,1195,106,2024-12-29 21:04:13.167813
00006,0446,1195,106,2024-12-29 21:04:13.183806
00006,0449,1195,106,2024-12-29 21:04:13.215641
00005,0449,1195,106,2024-12-29 21:04:13.231802
00006,0441,1195,106,2024-12-29 21:04:13.247806
00005,0442,1195,106,2024-12-29 21:04:13.263802
00006,0453,1195,106,2024-12-29 21:04:13.279794
00006,0444,1195,106,2024-12-29 21:04:13.295791
00006,0440,1195,106,2024-12-29 21:04:13.311799
00007,0443,1195,106,2024-12-29 21:04:13.327791
00005,0441,1195,106,2024-12-29 21:04:13.343792
00006,0443,1195,106,2024-12-29 21:04:13.375294
00006,0449,1195,106,2024-12-29 21:04:13.391807
00006,0440,1195,106,2024-12-29 21:04:13.407804
00006,0440,1195,106,2024-12-29 21:04:13.423804
00005,0446,1195,106,2024-12-29 21:04:13.439803
00006,0448,1195,106,2024-12-29 21:04:13.455810
00006,0448,1195,106,2024-12-29 21:04:13.471810
00006,0448,1195,106,2024-12-29 21:04:13.487815
00005,0445,1195,106,2024-12-29 21:04:13.503747
00005,0447,1195,106,2024-12-29 21:04:13.519746
00006,0444,1195,106,2024-12-29 21:04:13.551654
00006,0445,1195,106,2024-12-29 21:04:13.567732
00004,0439,1195,106,2024-12-29 21:04:13.583723
00006,0443,1195,106,2024-12-29 21:04:13.599729
00006,0443,1195,106,2024-12-29 21:04:13.615723
00006,0444,1195,106,2024-12-29 21:04:13.631716
00006,0442,1195,106,2024-12-29 21:04:13.647713
00005,0441,1195,106,2024-12-29 21:04:13.663717
00005,0440,1195,106,2024-12-29 21:04:13.679717
00006,0434,1195,106,2024-12-29 21:04:13.711297
00005,0448,1195,106,2024-12-29 21:04:13.727702
00006,0437,1195,106,2024-12-29 21:04:13.743689
00006,0448,1195,106,2024-12-29 21:04:13.759686
00007,0448,1195,106,2024-12-29 21:04:13.775694
00005,0440,1195,106,2024-12-29 21:04:13.791693
00006,0441,1195,106,2024-12-29 21:04:13.807672
00005,0441,1195,106,2024-12-29 21:04:13.823681
00007,0444,1195,106,2024-12-29 21:04:13.839673
00006,0444,1195,106,2024-12-29 21:04:13.855674
00007,0442,1195,106,2024-12-29 21:04:13.887669
00006,0439,1195,106,2024-12-29 21:04:13.903662
00006,0434,1195,106,2024-12-29 21:04:13.919651
00006,0450,1195,106,2024-12-29 21:04:13.935654
00006,0445,1195,106,2024-12-29 21:04:13.951650
00007,0439,1195,106,2024-12-29 21:04:13.967650
00006,0443,1195,106,2024-12-29 21:04:13.983642
00006,0443,1195,106,2024-12-29 21:04:13.999643
00005,0437,1194,106,2024-12-29 21:04:14.015635
00006,0436,1195,106,2024-12-29 21:04:14.047320
00007,0440,1195,106,2024-12-29 21:04:14.063625
00006,0440,1195,106,2024-12-29 21:04:14.079623
00005,0443,1195,106,2024-12-29 21:04:14.095613
00006,0447,1195,106,2024-12-29 21:04:14.111619
00006,0433,1195,106,2024-12-29 21:04:14.127605
00006,0435,1195,106,2024-12-29 21:04:14.143613
00007,0441,1195,106,2024-12-29 21:04:14.159610
00007,0441,1195,106,2024-12-29 21:04:14.175599
00006,0440,1195,106,2024-12-29 21:04:14.206943
00006,0435,1195,106,2024-12-29 21:04:14.223598
00005,0439,1195,106,2024-12-29 21:04:14.239593
00006,0441,1195,106,2024-12-29 21:04:14.255604
00005,0431,1195,106,2024-12-29 21:04:14.271588
00006,0435,1195,106,2024-12-29 21:04:14.287579
00007,0437,1195,106,2024-12-29 21:04:14.303571
00006,0444,1195,106,2024-12-29 21:04:14.319562
00005,0441,1195,106,2024-12-29 21:04:14.335564
00007,0429,1195,106,2024-12-29 21:04:14.351558
00006,0439,1195,106,2024-12-29 21:04:14.383324
00005,0443,1195,106,2024-12-29 21:04:14.399557
00006,0436,1195,106,2024-12-29 21:04:14.415556
00005,0431,1195,106,2024-12-29 21:04:14.431544
00006,0443,1195,106,2024-12-29 21:04:14.447538
00006,0439,1195,106,2024-12-29 21:04:14.463542
00005,0438,1195,106,2024-12-29 21:04:14.479537
00006,0438,1195,106,2024-12-29 21:04:14.495537
00006,0446,1195,106,2024-12-29 21:04:14.511528
00006,0438,1195,106,2024-12-29 21:04:14.542982
00005,0445,1195,106,2024-12-29 21:04:14.559518
00006,0443,1195,106,2024-12-29 21:04:14.575522
00006,0443,1194,106,2024-12-29 21:04:14.591516
00007,0442,1195,106,2024-12-29 21:04:14.607505
00005,0441,1195,106,2024-12-29 21:04:14.623509
00007,0438,1195,106,2024-12-29 21:04:14.639503
00006,0442,1195,106,2024-12-29 21:04:14.655499
00005,0442,1195,106,2024-12-29 21:04:14.671495
00006,0442,1195,106,2024-12-29 21:04:14.687502
00006,0445,1195,106,2024-12-29 21:04:14.719386
00005,0438,1195,106,2024-12-29 21:04:14.735488
00007,0433,1195,106,2024-12-29 21:04:14.751493
00006,0439,1195,106,2024-12-29 21:04:14.767489
00005,0440,1195,106,2024-12-29 21:04:14.783487
00005,0440,1195,106,2024-12-29 21:04:14.799470
00006,0439,1195,106,2024-12-29 21:04:14.815465
00006,0436,1195,106,2024-12-29 21:04:14.831462
00006,0425,1195,106,2024-12-29 21:04:14.847461
00006,0440,1195,106,2024-12-29 21:04:14.879006
00006,0445,1195,106,2024-12-29 21:04:14.895457
00006,0440,1195,106,2024-12-29 21:04:14.911458
00005,0440,1195,106,2024-12-29 21:04:14.927445
00005,0444,1195,106,2024-12-29 21:04:14.943448
00004,0438,1195,106,2024-12-29 21:04:14.959442
00006,0435,1195,106,2024-12-29 21:04:14.975427
00006,0431,1195,106,2024-12-29 21:04:14.991428
00007,0429,1195,106,2024-12-29 21:04:15.007424
00006,0437,1194,106,2024-12-29 21:04:15.023418
00006,0430,1194,106,2024-12-29 21:04:15.055396
00006,0440,1195,106,2024-12-29 21:04:15.071410
00006,0439,1195,106,2024-12-29 21:04:15.087412
00006,0432,1195,106,2024-12-29 21:04:15.103403
00006,0432,1195,106,2024-12-29 21:04:15.119398
00006,0440,1195,106,2024-12-29 21:04:15.135394
00006,0440,1195,106,2024-12-29 21:04:15.151402
00006,0443,1195,106,2024-12-29 21:04:15.167384
00007,0443,1195,106,2024-12-29 21:04:15.183382
00006,0436,1195,106,2024-12-29 21:04:15.215030
00006,0434,1194,106,2024-12-29 21:04:15.231371
00005,0440,1195,106,2024-12-29 21:04:15.247381
00005,0428,1195,106,2024-12-29 21:04:15.263385
00006,0428,1195,106,2024-12-29 21:04:15.279380
00006,0437,1195,106,2024-12-29 21:04:15.295367
00007,0433,1195,106,2024-12-29 21:04:15.311365
00006,0438,1195,106,2024-12-29 21:04:15.327353
00006,0435,1195,106,2024-12-29 21:04:15.343345
00005,0435,1194,106,2024-12-29 21:04:15.374659
00005,0431,1195,106,2024-12-29 21:04:15.391349
00006,0441,1195,106,2024-12-29 21:04:15.407342
00006,0426,1195,106,2024-12-29 21:04:15.423344
00007,0430,1195,106,2024-12-29 21:04:15.439335
00006,0433,1195,106,2024-12-29 21:04:15.455332
00005,0429,1194,106,2024-12-29 21:04:15.471326
00006,0435,1195,106,2024-12-29 21:04:15.487320
00005,0432,1194,106,2024-12-29 21:04:15.503327
00006,0431,1195,106,2024-12-29 21:04:15.519326
00007,0435,1195,106,2024-12-29 21:04:15.551027
00006,0434,1194,106,2024-12-29 21:04:15.567310
00005,0431,1195,106,2024-12-29 21:04:15.583304
00006,0426,1195,106,2024-12-29 21:04:15.599296
00006,0436,1195,106,2024-12-29 21:04:15.615300
00005,0431,1195,106,2024-12-29 21:04:15.631294
00005,0432,1195,106,2024-12-29 21:04:15.647296
00006,0431,1194,106,2024-12-29 21:04:15.663282
00006,0432,1195,106,2024-12-29 21:04:15.679285
00005,0438,1195,106,2024-12-29 21:04:15.710683
00005,0427,1194,106,2024-12-29 21:04:15.727268
00006,0436,1195,106,2024-12-29 21:04:15.743264
00006,0434,1194,106,2024-12-29 21:04:15.759260
00006,0435,1194,106,2024-12-29 21:04:15.775254
00005,0426,1195,106,2024-12-29 21:04:15.791257
00006,0429,1195,106,2024-12-29 21:04:15.807253
00005,0439,1194,106,2024-12-29 21:04:15.823246
00005,0431,1194,106,2024-12-29 21:04:15.839247
00005,0435,1195,106,2024-12-29 21:04:15.855247
00006,0437,1195,106,2024-12-29 21:04:15.887062
00006,0439,1195,106,2024-12-29 21:04:15.903242
00006,0437,1194,106,2024-12-29 21:04:15.919241
00006,0436,1195,106,2024-12-29 21:04:15.935221
00005,0431,1194,106,2024-12-29 21:04:15.951217
00006,0433,1194,106,2024-12-29 21:04:15.967221
00005,0436,1195,106,2024-12-29 21:04:15.983211
00005,0439,1195,106,2024-12-29 21:04:15.999213
00006,0436,1194,106,2024-12-29 21:04:16.015207
00005,0438,1194,106,2024-12-29 21:04:16.046709
00005,0436,1195,106,2024-12-29 21:04:16.063201
00006,0435,1194,106,2024-12-29 21:04:16.079195
00006,0437,1195,106,2024-12-29 21:04:16.095193
00006,0436,1195,106,2024-12-29 21:04:16.111187
00007,0441,1194,106,2024-12-29 21:04:16.127180
00005,0429,1195,106,2024-12-29 21:04:16.143181
00005,0432,1195,106,2024-12-29 21:04:16.159177
00006,0430,1194,106,2024-12-29 21:04:16.175183
00005,0447,1195,106,2024-12-29 21:04:16.191166
00004,0432,1194,106,2024-12-29 21:04:16.223075
00006,0431,1194,106,2024-12-29 21:04:16.239175
00007,0431,1194,106,2024-12-29 21:04:16.255157
00007,0433,1194,106,2024-12-29 21:04:16.271165
00006,0439,1195,106,2024-12-29 21:04:16.287165
00006,0441,1194,106,2024-12-29 21:04:16.303180
00006,0431,1194,106,2024-12-29 21:04:16.319177
00005,0442,1194,106,2024-12-29 21:04:16.335164
00006,0430,1194,106,2024-12-29 21:04:16.351170
00005,0430,1195,106,2024-12-29 21:04:16.382753
00006,0432,1195,106,2024-12-29 21:04:16.399178
00005,0438,1195,106,2024-12-29 21:04:16.415179
00006,0430,1194,106,2024-12-29 21:04:16.431176
00004,0441,1194,106,2024-12-29 21:04:16.447180
00005,0441,1195,106,2024-12-29 21:04:16.463196
00006,0435,1194,106,2024-12-29 21:04:16.479140
00006,0436,1194,106,2024-12-29 21:04:16.495135
00007,0438,1194,106,2024-12-29 21:04:16.511116
00005,0433,1194,106,2024-12-29 21:04:16.527109
00006,0442,1195,106,2024-12-29 21:04:16.559097
00006,0443,1194,106,2024-12-29 21:04:16.575103
00004,0442,1194,106,2024-12-29 21:04:16.591094
00006,0425,1194,106,2024-12-29 21:04:16.607096
00005,0438,1194,106,2024-12-29 21:04:16.623084
00007,0439,1194,106,2024-12-29 21:04:16.639088
00005,0441,1194,106,2024-12-29 21:04:16.655089
00005,0435,1194,106,2024-12-29 21:04:16.671074
00006,0434,1194,106,2024-12-29 21:04:16.687067
00006,0444,1194,106,2024-12-29 21:04:16.718775
00006,0435,1194,106,2024-12-29 21:04:16.735072
00005,0428,1194,106,2024-12-29 21:04:16.751063
00005,0431,1194,106,2024-12-29 21:04:16.767065
00006,0431,1194,106,2024-12-29 21:04:16.783056
00005,0434,1194,106,2024-12-29 21:04:16.799054
00006,0443,1194,106,2024-12-29 21:04:16.815044
00005,0440,1194,106,2024-12-29 21:04:16.831034
00006,0440,1194,106,2024-12-29 21:04:16.847043
00006,0436,1194,106,2024-12-29 21:04:16.878379
00006,0425,1194,106,2024-12-29 21:04:16.895033
00005,0434,1194,106,2024-12-29 21:04:16.911029
00006,0430,1194,106,2024-12-29 21:04:16.927025
00006,0432,1194,106,2024-12-29 21:04:16.943017
00006,0432,1194,106,2024-12-29 21:04:16.959018
00006,0438,1194,106,2024-12-29 21:04:16.975015
00006,0438,1194,106,2024-12-29 21:04:16.991011
00006,0430,1195,106,2024-12-29 21:04:17.007006
00006,0434,1194,106,2024-12-29 21:04:17.023012
00006,0436,1194,106,2024-12-29 21:04:17.054777
00005,0433,1194,106,2024-12-29 21:04:17.070992
00006,0436,1194,106,2024-12-29 21:04:17.086980
00006,0439,1194,106,2024-12-29 21:04:17.102987
00006,0429,1194,106,2024-12-29 21:04:17.118977
00005,0438,1194,106,2024-12-29 21:04:17.134982
00005,0432,1194,106,2024-12-29 21:04:17.150972
00006,0442,1194,106,2024-12-29 21:04:17.166975
00005,0435,1194,106,2024-12-29 21:04:17.182967
00005,0436,1194,106,2024-12-29 21:04:17.214411
00005,0431,1194,106,2024-12-29 21:04:17.230957
00006,0439,1194,106,2024-12-29 21:04:17.246965
00006,0437,1194,106,2024-12-29 21:04:17.262944
00005,0438,1194,106,2024-12-29 21:04:17.278954
00006,0435,1194,106,2024-12-29 21:04:17.294942
00004,0436,1194,106,2024-12-29 21:04:17.310950
00007,0440,1194,106,2024-12-29 21:04:17.326939
00006,0438,1194,106,2024-12-29 21:04:17.342939
00006,0431,1194,106,2024-12-29 21:04:17.358927
00005,0445,1194,106,2024-12-29 21:04:17.390810
00004,0441,1194,106,2024-12-29 21:04:17.406918
00006,0442,1194,106,2024-12-29 21:04:17.422913
00006,0434,1194,106,2024-12-29 21:04:17.438917
00006,0441,1194,106,2024-12-29 21:04:17.454903
00006,0441,1194,106,2024-12-29 21:04:17.470901
00005,0441,1194,106,2024-12-29 21:04:17.486902
00006,0437,1194,106,2024-12-29 21:04:17.502905
00006,0441,1194,106,2024-12-29 21:04:17.518896
00006,0441,1194,106,2024-12-29 21:04:17.550422
00004,0441,1194,106,2024-12-29 21:04:17.566892
00005,0432,1194,106,2024-12-29 21:04:17.582888
00007,0444,1194,106,2024-12-29 21:04:17.598881
00006,0444,1194,106,2024-12-29 21:04:17.614877
00005,0442,1194,106,2024-12-29 21:04:17.630872
00006,0443,1194,106,2024-12-29 21:04:17.646879
00007,0433,1194,106,2024-12-29 21:04:17.662868
00005,0447,1194,106,2024-12-29 21:04:17.678867
00006,0443,1194,106,2024-12-29 21:04:17.694860
00006,0442,1194,106,2024-12-29 21:04:17.726810
00006,0440,1194,106,2024-12-29 21:04:17.742861
00006,0443,1194,106,2024-12-29 21:04:17.758860
00005,0440,1194,106,2024-12-29 21:04:17.774847
00005,0443,1194,106,2024-12-29 21:04:17.790833
00006,0441,1194,106,2024-12-29 21:04:17.806832
00005,0444,1194,106,2024-12-29 21:04:17.822823
00005,0432,1194,106,2024-12-29 21:04:17.838825
00006,0440,1194,106,2024-12-29 21:04:17.854828
00006,0442,1194,106,2024-12-29 21:04:17.886467
00006,0438,1194,106,2024-12-29 21:04:17.902813
00006,0441,1194,106,2024-12-29 21:04:17.918810
00005,0442,1194,106,2024-12-29 21:04:17.934810
00004,0433,1194,106,2024-12-29 21:04:17.950806
00006,0432,1194,106,2024-12-29 21:04:17.966800
00005,0431,1194,106,2024-12-29 21:04:17.982792
00006,0438,1194,106,2024-12-29 21:04:17.998794
00006,0432,1194,106,2024-12-29 21:04:18.014788
00006,0441,1194,106,2024-12-29 21:04:18.046094
00006,0442,1194,106,2024-12-29 21:04:18.062770
00005,0435,1194,106,2024-12-29 21:04:18.078777
00006,0429,1194,106,2024-12-29 21:04:18.094767
00005,0433,1194,106,2024-12-29 21:04:18.110775
00006,0440,1194,106,2024-12-29 21:04:18.126782
00006,0439,1194,106,2024-12-29 21:04:18.142759
00006,0438,1194,106,2024-12-29 21:04:18.158763
00006,0432,1194,106,2024-12-29 21:04:18.174753
00006,0443,1194,106,2024-12-29 21:04:18.190746
00004,0432,1194,106,2024-12-29 21:04:18.222479
00005,0442,1194,106,2024-12-29 21:04:18.238757
00006,0443,1194,106,2024-12-29 21:04:18.254749
00006,0446,1194,106,2024-12-29 21:04:18.270739
00006,0445,1194,106,2024-12-29 21:04:18.286732
00006,0438,1194,106,2024-12-29 21:04:18.302733
00005,0428,1194,106,2024-12-29 21:04:18.318730
00006,0440,1194,106,2024-12-29 21:04:18.334724
00006,0443,1194,106,2024-12-29 21:04:18.350717
00007,0441,1194,106,2024-12-29 21:04:18.382128
00006,0447,1194,106,2024-12-29 21:04:18.398704
00005,0437,1194,106,2024-12-29 21:04:18.414704
00005,0442,1194,106,2024-12-29 21:04:18.430697
00006,0438,1194,106,2024-12-29 21:04:18.446698
00005,0449,1194,106,2024-12-29 21:04:18.462694
00006,0440,1194,106,2024-12-29 21:04:18.478697
00005,0437,1194,106,2024-12-29 21:04:18.494696
00006,0432,1194,106,2024-12-29 21:04:18.510679
00006,0442,1194,106,2024-12-29 21:04:18.526682
00006,0436,1194,106,2024-12-29 21:04:18.558517
00006,0443,1194,106,2024-12-29 21:04:18.574665
00006,0437,1194,106,2024-12-29 21:04:18.590661
00006,0440,1194,106,2024-12-29 21:04:18.606669
00005,0439,1194,106,2024-12-29 21:04:18.622651
00006,0445,1194,106,2024-12-29 21:04:18.638651
00006,0431,1194,106,2024-12-29 21:04:18.654651
00006,0438,1194,106,2024-12-29 21:04:18.670645
00004,0447,1194,106,2024-12-29 21:04:18.686640
00006,0438,1194,106,2024-12-29 21:04:18.718139
00007,0431,1194,106,2024-12-29 21:04:18.734637
00005,0442,1194,106,2024-12-29 21:04:18.750640
00005,0441,1194,106,2024-12-29 21:04:18.766632
00006,0438,1194,106,2024-12-29 21:04:18.782636
00004,0439,1194,106,2024-12-29 21:04:18.798622
00006,0444,1194,106,2024-12-29 21:04:18.814623
00005,0443,1194,106,2024-12-29 21:04:18.830610
00006,0442,1194,106,2024-12-29 21:04:18.846619
00005,0446,1194,106,2024-12-29 21:04:18.862616
00007,0444,1194,106,2024-12-29 21:04:18.894524
00005,0443,1194,106,2024-12-29 21:04:18.910590
00006,0438,1194,106,2024-12-29 21:04:18.926597
00005,0435,1194,106,2024-12-29 21:04:18.942588
00004,0447,1194,106,2024-12-29 21:04:18.958588
00007,0452,1194,106,2024-12-29 21:04:18.974594
00006,0445,1194,106,2024-12-29 21:04:18.990597
00005,0428,1194,106,2024-12-29 21:04:19.006581
00005,0441,1194,106,2024-12-29 21:04:19.022574
00005,0446,1194,106,2024-12-29 21:04:19.054149
00005,0446,1193,106,2024-12-29 21:04:19.070553
00005,0441,1194,106,2024-12-29 21:04:19.086562
00006,0444,1194,106,2024-12-29 21:04:19.102562
00006,0441,1194,106,2024-12-29 21:04:19.118547
00006,0440,1194,106,2024-12-29 21:04:19.134550
00006,0443,1194,106,2024-12-29 21:04:19.150540
00006,0437,1194,106,2024-12-29 21:04:19.166534
00006,0440,1194,106,2024-12-29 21:04:19.182537
00006,0442,1194,106,2024-12-29 21:04:19.198528
00005,0440,1194,106,2024-12-29 21:04:19.230536
00005,0439,1194,106,2024-12-29 21:04:19.246542
00006,0439,1194,106,2024-12-29 21:04:19.262540
00004,0428,1194,106,2024-12-29 21:04:19.278534
00007,0434,1194,106,2024-12-29 21:04:19.294535
00005,0443,1194,106,2024-12-29 21:04:19.310542
00006,0441,1194,106,2024-12-29 21:04:19.326544
00005,0440,1194,106,2024-12-29 21:04:19.342544
00005,0442,1194,106,2024-12-29 21:04:19.358547
00005,0443,1193,106,2024-12-29 21:04:19.390208
00004,0438,1193,106,2024-12-29 21:04:19.406555
00006,0435,1194,106,2024-12-29 21:04:19.422481
00006,0435,1194,106,2024-12-29 21:04:19.438474
00005,0441,1194,106,2024-12-29 21:04:19.454473
00005,0443,1194,106,2024-12-29 21:04:19.470469
00006,0438,1194,106,2024-12-29 21:04:19.486469
00005,0443,1194,106,2024-12-29 21:04:19.502462
00005,0435,1194,106,2024-12-29 21:04:19.518460
00006,0446,1194,106,2024-12-29 21:04:19.549812
00007,0437,1194,106,2024-12-29 21:04:19.566448
00005,0442,1193,106,2024-12-29 21:04:19.582456
00005,0443,1193,106,2024-12-29 21:04:19.598450
00006,0445,1194,106,2024-12-29 21:04:19.614428
00005,0441,1194,106,2024-12-29 21:04:19.630431
00006,0435,1194,106,2024-12-29 21:04:19.646423
00005,0445,1194,106,2024-12-29 21:04:19.662421
00005,0441,1194,106,2024-12-29 21:04:19.678416
00005,0448,1194,106,2024-12-29 21:04:19.694411
00006,0448,1194,106,2024-12-29 21:04:19.726193
00006,0447,1194,106,2024-12-29 21:04:19.742408
00006,0451,1193,106,2024-12-29 21:04:19.758402
00006,0444,1194,106,2024-12-29 21:04:19.774392
00005,0436,1193,106,2024-12-29 21:04:19.790395
00005,0434,1194,106,2024-12-29 21:04:19.806390
00006,0445,1194,106,2024-12-29 21:04:19.822388
00006,0442,1194,106,2024-12-29 21:04:19.838384
00006,0447,1194,106,2024-12-29 21:04:19.854382
00005,0437,1194,106,2024-12-29 21:04:19.885828
00005,0442,1194,106,2024-12-29 21:04:19.902367
00006,0433,1194,106,2024-12-29 21:04:19.918365
00006,0435,1194,106,2024-12-29 21:04:19.934370
00006,0434,1193,106,2024-12-29 21:04:19.950371
00005,0432,1194,106,2024-12-29 21:04:19.966358
00006,0429,1194,106,2024-12-29 21:04:19.982348
00005,0450,1194,106,2024-12-29 21:04:19.998350
00004,0431,1193,106,2024-12-29 21:04:20.014343
00005,0444,1193,106,2024-12-29 21:04:20.030338
00005,0445,1193,106,2024-12-29 21:04:20.062236
00005,0447,1193,106,2024-12-29 21:04:20.078324
00006,0438,1194,106,2024-12-29 21:04:20.094327
00004,0431,1194,106,2024-12-29 21:04:20.110320
00006,0448,1194,106,2024-12-29 21:04:20.126319
00006,0445,1194,106,2024-12-29 21:04:20.142313
00005,0436,1193,106,2024-12-29 21:04:20.158320
00005,0438,1193,106,2024-12-29 21:04:20.174307
00004,0439,1193,106,2024-12-29 21:04:20.190312
00005,0443,1193,106,2024-12-29 21:04:20.221869
00005,0436,1194,106,2024-12-29 21:04:20.238307
00006,0442,1193,106,2024-12-29 21:04:20.254304
00005,0433,1193,106,2024-12-29 21:04:20.270293
00005,0445,1193,106,2024-12-29 21:04:20.286287
00006,0436,1193,106,2024-12-29 21:04:20.302291
00005,0437,1193,106,2024-12-29 21:04:20.318295
00005,0441,1193,106,2024-12-29 21:04:20.334291
00006,0436,1193,106,2024-12-29 21:04:20.350275
00005,0438,1193,106,2024-12-29 21:04:20.366272
00006,0446,1193,106,2024-12-29 21:04:20.398265
00005,0446,1193,106,2024-12-29 21:04:20.414269
00005,0431,1193,106,2024-12-29 21:04:20.430267
00005,0434,1193,106,2024-12-29 21:04:20.446266
00004,0440,1193,106,2024-12-29 21:04:20.462253
00007,0430,1193,106,2024-12-29 21:04:20.478253
00006,0449,1193,106,2024-12-29 21:04:20.494251
00005,0444,1193,106,2024-12-29 21:04:20.510249
00005,0430,1193,106,2024-12-29 21:04:20.526243
00005,0447,1193,106,2024-12-29 21:04:20.557901
00005,0440,1193,106,2024-12-29 21:04:20.574233
00004,0436,1193,106,2024-12-29 21:04:20.590228
00006,0432,1193,106,2024-12-29 21:04:20.606219
00005,0433,1193,106,2024-12-29 21:04:20.622220
00007,0449,1193,106,2024-12-29 21:04:20.638215
00005,0445,1193,106,2024-12-29 21:04:20.654214
00006,0443,1193,106,2024-12-29 21:04:20.670206
00006,0449,1193,106,2024-12-29 21:04:20.686212
00006,0443,1193,106,2024-12-29 21:04:20.717533
00006,0440,1193,106,2024-12-29 21:04:20.734193
00006,0440,1193,106,2024-12-29 21:04:20.750197
00006,0444,1193,106,2024-12-29 21:04:20.766183
00007,0445,1193,106,2024-12-29 21:04:20.782187
00005,0444,1193,106,2024-12-29 21:04:20.798184
00004,0433,1193,106,2024-12-29 21:04:20.814193
00005,0432,1193,106,2024-12-29 21:04:20.830178
00006,0434,1193,106,2024-12-29 21:04:20.846171
00006,0432,1193,106,2024-12-29 21:04:20.862170
00007,0439,1194,106,2024-12-29 21:04:20.893927
00006,0432,1193,106,2024-12-29 21:04:20.910146
00004,0435,1194,106,2024-12-29 21:04:20.926153
00005,0432,1193,106,2024-12-29 21:04:20.942147
00006,0436,1193,106,2024-12-29 21:04:20.958148
00006,0440,1193,106,2024-12-29 21:04:20.974136
00005,0440,1193,106,2024-12-29 21:04:20.990148
00007,0437,1193,106,2024-12-29 21:04:21.006135
00005,0438,1193,106,2024-12-29 21:04:21.022135
00005,0435,1194,106,2024-12-29 21:04:21.053571
00006,0440,1193,106,2024-12-29 21:04:21.070140
00005,0438,1193,106,2024-12-29 21:04:21.086112
00004,0434,1193,106,2024-12-29 21:04:21.102120
00005,0429,1193,106,2024-12-29 21:04:21.118110
00006,0432,1193,106,2024-12-29 21:04:21.134104
00006,0439,1193,106,2024-12-29 21:04:21.150111
00004,0432,1193,106,2024-12-29 21:04:21.166303
00004,0432,1193,106,2024-12-29 21:04:21.182116
00006,0431,1193,106,2024-12-29 21:04:21.198095
00005,0438,1193,106,2024-12-29 21:04:21.229946
00005,0423,1193,106,2024-12-29 21:04:21.246106
00006,0438,1193,106,2024-12-29 21:04:21.262082
00005,0435,1193,106,2024-12-29 21:04:21.278074
00006,0436,1193,106,2024-12-29 21:04:21.294075
00005,0421,1193,106,2024-12-29 21:04:21.310081
00005,0434,1193,106,2024-12-29 21:04:21.326078
00005,0434,1193,106,2024-12-29 21:04:21.342062
00005,0430,1193,106,2024-12-29 21:04:21.358075
00005,0434,1193,106,2024-12-29 21:04:21.389600
00006,0424,1193,106,2024-12-29 21:04:21.406049
00004,0428,1193,106,2024-12-29 21:04:21.422061
00004,0435,1193,106,2024-12-29 21:04:21.438054
00005,0428,1193,106,2024-12-29 21:04:21.454043
00005,0432,1193,106,2024-12-29 21:04:21.470039
00005,0425,1193,106,2024-12-29 21:04:21.486034
00006,0439,1193,106,2024-12-29 21:04:21.502042
00005,0428,1193,106,2024-12-29 21:04:21.518028
00005,0429,1193,106,2024-12-29 21:04:21.534024
00005,0429,1193,106,2024-12-29 21:04:21.565975
00006,0432,1193,106,2024-12-29 21:04:21.582019
00004,0432,1193,106,2024-12-29 21:04:21.598008
00005,0428,1193,106,2024-12-29 21:04:21.614011
00005,0432,1193,106,2024-12-29 21:04:21.630003
00006,0437,1193,106,2024-12-29 21:04:21.646005
00005,0428,1193,106,2024-12-29 21:04:21.661994
00005,0431,1193,106,2024-12-29 21:04:21.677991
00004,0429,1193,106,2024-12-29 21:04:21.693998
00006,0429,1193,106,2024-12-29 21:04:21.725614
00005,0437,1193,106,2024-12-29 21:04:21.741990
00006,0432,1193,106,2024-12-29 21:04:21.757981
00006,0423,1193,106,2024-12-29 21:04:21.773967
00005,0429,1193,106,2024-12-29 21:04:21.789968
00005,0429,1193,106,2024-12-29 21:04:21.805971
00006,0439,1193,106,2024-12-29 21:04:21.821974
00006,0431,1193,106,2024-12-29 21:04:21.837953
00006,0433,1193,106,2024-12-29 21:04:21.853964
00005,0436,1193,106,2024-12-29 21:04:21.869954
00005,0429,1193,106,2024-12-29 21:04:21.901945
00007,0445,1193,106,2024-12-29 21:04:21.917945
00005,0433,1193,106,2024-12-29 21:04:21.933947
00006,0438,1193,106,2024-12-29 21:04:21.949934
00004,0437,1193,106,2024-12-29 21:04:21.965934
00007,0433,1193,106,2024-12-29 21:04:21.981926
00006,0431,1193,106,2024-12-29 21:04:21.997934
00006,0436,1193,106,2024-12-29 21:04:22.013924
00007,0432,1193,106,2024-12-29 21:04:22.029926
00005,0425,1193,106,2024-12-29 21:04:22.061627
00004,0431,1193,106,2024-12-29 21:04:22.077916
00005,0433,1193,106,2024-12-29 21:04:22.093905
00006,0438,1193,106,2024-12-29 21:04:22.109908
00005,0427,1193,106,2024-12-29 21:04:22.125894
00005,0429,1193,106,2024-12-29 21:04:22.141902
00004,0427,1193,106,2024-12-29 21:04:22.157888
00006,0432,1193,106,2024-12-29 21:04:22.173886
00005,0432,1193,106,2024-12-29 21:04:22.189897
00006,0429,1193,106,2024-12-29 21:04:22.221286
00005,0430,1193,106,2024-12-29 21:04:22.237911
00005,0436,1193,106,2024-12-29 21:04:22.253913
00004,0437,1193,106,2024-12-29 21:04:22.269910
00005,0431,1193,106,2024-12-29 21:04:22.285905
00005,0420,1193,106,2024-12-29 21:04:22.301909
00006,0430,1192,106,2024-12-29 21:04:22.317909
00005,0439,1193,106,2024-12-29 21:04:22.333917
00005,0419,1193,106,2024-12-29 21:04:22.349914
00005,0432,1193,106,2024-12-29 21:04:22.365917
00005,0438,1193,106,2024-12-29 21:04:22.397648
00005,0437,1193,106,2024-12-29 21:04:22.413841
00006,0426,1193,106,2024-12-29 21:04:22.429830
00005,0424,1193,106,2024-12-29 21:04:22.445829
00005,0426,1193,106,2024-12-29 21:04:22.461833
00005,0434,1193,106,2024-12-29 21:04:22.477845
00005,0436,1193,106,2024-12-29 21:04:22.493838
00006,0430,1193,106,2024-12-29 21:04:22.509835
00006,0432,1193,106,2024-12-29 21:04:22.525823
00006,0427,1193,106,2024-12-29 21:04:22.557294
00005,0433,1193,106,2024-12-29 21:04:22.573801
00005,0426,1193,106,2024-12-29 21:04:22.589806
00006,0429,1193,106,2024-12-29 21:04:22.605798
00006,0426,1193,106,2024-12-29 21:04:22.621796
00006,0438,1193,106,2024-12-29 21:04:22.637795
00004,0432,1193,106,2024-12-29 21:04:22.653791
00005,0422,1193,106,2024-12-29 21:04:22.669790
00005,0438,1193,106,2024-12-29 21:04:22.685783
00006,0430,1192,106,2024-12-29 21:04:22.701782
00006,0428,1193,106,2024-12-29 21:04:22.733683
00006,0429,1193,106,2024-12-29 21:04:22.749772
00006,0433,1193,106,2024-12-29 21:04:22.765766
00007,0437,1192,106,2024-12-29 21:04:22.781762
00005,0431,1193,106,2024-12-29 21:04:22.797750
00005,0433,1193,106,2024-12-29 21:04:22.813753
00006,0431,1193,106,2024-12-29 21:04:22.829745
00005,0435,1193,106,2024-12-29 21:04:22.845751
00006,0436,1193,106,2024-12-29 21:04:22.861746
00005,0433,1193,106,2024-12-29 21:04:22.893312
00005,0429,1193,106,2024-12-29 21:04:22.909738
00006,0429,1193,106,2024-12-29 21:04:22.925738
00005,0425,1193,106,2024-12-29 21:04:22.941717
00006,0429,1193,106,2024-12-29 21:04:22.957721
00006,0431,1193,106,2024-12-29 21:04:22.973710
00005,0418,1193,106,2024-12-29 21:04:22.989723
00004,0432,1193,106,2024-12-29 21:04:23.005720
00004,0427,1193,106,2024-12-29 21:04:23.021710
00005,0427,1192,106,2024-12-29 21:04:23.037708
00005,0421,1193,106,2024-12-29 21:04:23.069701
00005,0429,1193,106,2024-12-29 21:04:23.085693
00004,0420,1193,106,2024-12-29 21:04:23.101698
00004,0421,1193,106,2024-12-29 21:04:23.117687
00005,0429,1192,106,2024-12-29 21:04:23.133688
00005,0428,1193,106,2024-12-29 21:04:23.149681
00007,0441,1193,106,2024-12-29 21:04:23.165689
00006,0430,1193,106,2024-12-29 21:04:23.181678
00006,0424,1193,106,2024-12-29 21:04:23.197675
00005,0428,1193,106,2024-12-29 21:04:23.229353
00005,0428,1193,106,2024-12-29 21:04:23.245679
00005,0434,1193,106,2024-12-29 21:04:23.261663
00005,0427,1193,106,2024-12-29 21:04:23.277662
00006,0427,1193,106,2024-12-29 21:04:23.293664
00005,0435,1192,106,2024-12-29 21:04:23.309647
00006,0428,1193,106,2024-12-29 21:04:23.325651
00005,0430,1193,106,2024-12-29 21:04:23.341654
00006,0427,1193,106,2024-12-29 21:04:23.357640
00005,0426,1193,106,2024-12-29 21:04:23.388987
00005,0433,1193,106,2024-12-29 21:04:23.405634
00005,0432,1193,106,2024-12-29 21:04:23.421637
00005,0434,1193,106,2024-12-29 21:04:23.437631
00004,0434,1193,106,2024-12-29 21:04:23.453631
00006,0429,1193,106,2024-12-29 21:04:23.469617
00005,0426,1193,106,2024-12-29 21:04:23.485620
00005,0433,1193,106,2024-12-29 21:04:23.501606
00006,0433,1193,106,2024-12-29 21:04:23.517609
00005,0435,1193,106,2024-12-29 21:04:23.533610
00006,0434,1193,106,2024-12-29 21:04:23.565371
00005,0434,1192,106,2024-12-29 21:04:23.581595
00005,0426,1192,106,2024-12-29 21:04:23.597592
00005,0430,1192,106,2024-12-29 21:04:23.613585
00005,0417,1192,106,2024-12-29 21:04:23.629581
00006,0427,1192,106,2024-12-29 21:04:23.645579
00005,0427,1192,106,2024-12-29 21:04:23.661581
00005,0430,1193,106,2024-12-29 21:04:23.677579
00006,0429,1192,106,2024-12-29 21:04:23.693563
00006,0429,1193,106,2024-12-29 21:04:23.725006
00005,0434,1192,106,2024-12-29 21:04:23.741565
00006,0442,1192,106,2024-12-29 21:04:23.757558
00005,0431,1193,106,2024-12-29 21:04:23.773550
00005,0425,1192,106,2024-12-29 21:04:23.789552
00006,0435,1193,106,2024-12-29 21:04:23.805538
00005,0429,1193,106,2024-12-29 21:04:23.821547
00005,0438,1192,106,2024-12-29 21:04:23.837536
00006,0431,1192,106,2024-12-29 21:04:23.853532
00005,0428,1193,106,2024-12-29 21:04:23.869527
00006,0430,1192,106,2024-12-29 21:04:23.901401
00006,0426,1192,106,2024-12-29 21:04:23.917520
00005,0434,1193,106,2024-12-29 21:04:23.933513
00006,0433,1193,106,2024-12-29 21:04:23.949512
00006,0432,1193,106,2024-12-29 21:04:23.965512
00006,0424,1192,106,2024-12-29 21:04:23.981506
00006,0432,1192,106,2024-12-29 21:04:23.997510
00006,0446,1192,106,2024-12-29 21:04:24.013501
00005,0434,1192,106,2024-12-29 21:04:24.029502
00005,0436,1192,106,2024-12-29 21:04:24.061015
00006,0434,1192,106,2024-12-29 21:04:24.077493
00005,0431,1193,106,2024-12-29 21:04:24.093484
00005,0437,1192,106,2024-12-29 21:04:24.109485
00005,0429,1192,106,2024-12-29 21:04:24.125476
00005,0432,1192,106,2024-12-29 21:04:24.141477
00005,0432,1192,106,2024-12-29 21:04:24.157473
00005,0439,1192,106,2024-12-29 21:04:24.173468
00006,0439,1193,106,2024-12-29 21:04:24.189473
00004,0434,1192,106,2024-12-29 21:04:24.205456
00006,0442,1193,106,2024-12-29 21:04:24.237397
00005,0435,1193,106,2024-12-29 21:04:24.253455
00005,0438,1192,106,2024-12-29 21:04:24.269442
00007,0431,1193,106,2024-12-29 21:04:24.285449
00006,0427,1193,106,2024-12-29 21:04:24.301443
00006,0432,1192,106,2024-12-29 21:04:24.317436
00005,0429,1192,106,2024-12-29 21:04:24.333431
00006,0441,1192,106,2024-12-29 21:04:24.349424
00005,0428,1193,106,2024-12-29 21:04:24.365425
00005,0438,1192,106,2024-12-29 21:04:24.397051
00006,0437,1192,106,2024-12-29 21:04:24.413425
00006,0443,1192,106,2024-12-29 21:04:24.429430
00006,0432,1192,106,2024-12-29 21:04:24.445417
00005,0437,1192,106,2024-12-29 21:04:24.461412
00006,0432,1192,106,2024-12-29 21:04:24.477404
00006,0440,1192,106,2024-12-29 21:04:24.493397
00006,0437,1192,106,2024-12-29 21:04:24.509399
00005,0444,1192,106,2024-12-29 21:04:24.525393
00005,0437,1192,106,2024-12-29 21:04:24.541396
00004,0439,1193,106,2024-12-29 21:04:24.573380
00005,0435,1192,106,2024-12-29 21:04:24.589379
00007,0434,1192,106,2024-12-29 21:04:24.605373
00006,0441,1192,106,2024-12-29 21:04:24.621374
00005,0445,1192,106,2024-12-29 21:04:24.637373
00005,0447,1192,106,2024-12-29 21:04:24.653369
00005,0437,1192,106,2024-12-29 21:04:24.669359
00005,0440,1192,106,2024-12-29 21:04:24.685364
00005,0437,1192,106,2024-12-29 21:04:24.701358
00006,0454,1192,106,2024-12-29 21:04:24.733063
00006,0436,1192,106,2024-12-29 21:04:24.749349
00005,0444,1192,106,2024-12-29 21:04:24.765348
00005,0444,1192,106,2024-12-29 21:04:24.781355
00005,0432,1192,106,2024-12-29 21:04:24.797341
00006,0433,1192,106,2024-12-29 21:04:24.813333
00006,0449,1193,106,2024-12-29 21:04:24.829332
00005,0438,1192,106,2024-12-29 21:04:24.845326
00005,0445,1192,106,2024-12-29 21:04:24.861333
00006,0453,1192,106,2024-12-29 21:04:24.892707
00005,0444,1192,106,2024-12-29 21:04:24.909324
00005,0449,1192,106,2024-12-29 21:04:24.925313
00005,0443,1192,106,2024-12-29 21:04:24.941311
00007,0446,1192,106,2024-12-29 21:04:24.957301
00006,0445,1192,106,2024-12-29 21:04:24.973298
00005,0441,1192,106,2024-12-29 21:04:24.989294
00007,0441,1192,106,2024-12-29 21:04:25.005293
00007,0444,1192,106,2024-12-29 21:04:25.021291
00005,0436,1192,106,2024-12-29 21:04:25.037289
00006,0446,1192,106,2024-12-29 21:04:25.069097
00006,0436,1192,106,2024-12-29 21:04:25.085274
00004,0440,1192,106,2024-12-29 21:04:25.101265
00005,0442,1192,106,2024-12-29 21:04:25.117269
00005,0439,1192,106,2024-12-29 21:04:25.133257
00005,0443,1192,106,2024-12-29 21:04:25.149260
00006,0437,1192,106,2024-12-29 21:04:25.165265
00007,0439,1192,106,2024-12-29 21:04:25.181267
00004,0432,1192,106,2024-12-29 21:04:25.197272
00005,0439,1192,106,2024-12-29 21:04:25.228761
00005,0441,1192,106,2024-12-29 21:04:25.245281
00006,0438,1192,106,2024-12-29 21:04:25.261276
00007,0435,1192,106,2024-12-29 21:04:25.277285
00004,0443,1192,106,2024-12-29 21:04:25.293285
00005,0441,1192,106,2024-12-29 21:04:25.309287
00006,0433,1192,106,2024-12-29 21:04:25.325293
00004,0433,1192,106,2024-12-29 21:04:25.341218
00005,0430,1192,106,2024-12-29 21:04:25.357214
00004,0445,1192,106,2024-12-29 21:04:25.373211
00006,0437,1192,106,2024-12-29 21:04:25.405112
00005,0442,1192,106,2024-12-29 21:04:25.421200
00006,0442,1192,106,2024-12-29 21:04:25.437191
00006,0443,1192,106,2024-12-29 21:04:25.453198
00006,0452,1192,106,2024-12-29 21:04:25.469193
00006,0444,1192,106,2024-12-29 21:04:25.485188
00004,0441,1192,106,2024-12-29 21:04:25.501181
00005,0441,1192,106,2024-12-29 21:04:25.517184
00005,0439,1192,106,2024-12-29 21:04:25.533192
00005,0440,1192,106,2024-12-29 21:04:25.564751
00005,0441,1192,106,2024-12-29 21:04:25.581162
00005,0435,1192,106,2024-12-29 21:04:25.597158
00005,0436,1192,106,2024-12-29 21:04:25.613159
00006,0438,1192,106,2024-12-29 21:04:25.629156
00006,0434,1192,106,2024-12-29 21:04:25.645157
00005,0439,1192,106,2024-12-29 21:04:25.661147
00006,0434,1192,106,2024-12-29 21:04:25.677147
00006,0445,1192,106,2024-12-29 21:04:25.693142
00006,0435,1192,106,2024-12-29 21:04:25.709147
00005,0448,1192,106,2024-12-29 21:04:25.741135
00005,0445,1192,106,2024-12-29 21:04:25.757136
00005,0432,1192,106,2024-12-29 21:04:25.773120
00004,0434,1192,106,2024-12-29 21:04:25.789127
00005,0434,1192,106,2024-12-29 21:04:25.805113
00005,0433,1192,106,2024-12-29 21:04:25.821122
00004,0434,1192,106,2024-12-29 21:04:25.837109
00005,0445,1192,106,2024-12-29 21:04:25.853115
00006,0446,1192,106,2024-12-29 21:04:25.869107
00004,0447,1192,106,2024-12-29 21:04:25.900793
00005,0444,1192,106,2024-12-29 21:04:25.917101
00006,0442,1192,106,2024-12-29 21:04:25.933093
00004,0439,1192,106,2024-12-29 21:04:25.949090
00005,0439,1192,106,2024-12-29 21:04:25.965090
00005,0437,1192,106,2024-12-29 21:04:25.981086
00006,0438,1192,106,2024-12-29 21:04:25.997079
00005,0437,1192,106,2024-12-29 21:04:26.013082
00006,0435,1192,106,2024-12-29 21:04:26.029068
00006,0431,1192,106,2024-12-29 21:04:26.060394
00005,0438,1192,106,2024-12-29 21:04:26.077059
00005,0435,1192,106,2024-12-29 21:04:26.093049
00005,0441,1192,106,2024-12-29 21:04:26.109058
00006,0436,1192,106,2024-12-29 21:04:26.125049
00005,0441,1192,106,2024-12-29 21:04:26.141044
00005,0442,1192,106,2024-12-29 21:04:26.157043
00007,0437,1192,106,2024-12-29 21:04:26.173033
00005,0433,1192,106,2024-12-29 21:04:26.189033
00005,0439,1192,106,2024-12-29 21:04:26.205029
00005,0436,1192,106,2024-12-29 21:04:26.236801
00006,0438,1192,106,2024-12-29 21:04:26.253050
00006,0434,1192,106,2024-12-29 21:04:26.269026
00005,0441,1192,106,2024-12-29 21:04:26.285020
00003,0436,1192,106,2024-12-29 21:04:26.301015
00006,0438,1192,106,2024-12-29 21:04:26.317012
00005,0429,1192,106,2024-12-29 21:04:26.333013
00006,0430,1192,106,2024-12-29 21:04:26.349004
00006,0429,1192,106,2024-12-29 21:04:26.365006
00005,0433,1192,106,2024-12-29 21:04:26.396427
00005,0426,1192,106,2024-12-29 21:04:26.412987
00005,0423,1192,106,2024-12-29 21:04:26.428984
00005,0436,1192,106,2024-12-29 21:04:26.444985
00006,0431,1192,106,2024-12-29 21:04:26.460976
00005,0438,1192,106,2024-12-29 21:04:26.476978
00006,0430,1192,106,2024-12-29 21:04:26.492968
00005,0441,1192,106,2024-12-29 21:04:26.508981
00006,0427,1192,106,2024-12-29 21:04:26.524964
00005,0441,1192,106,2024-12-29 21:04:26.540957
00006,0435,1192,106,2024-12-29 21:04:26.572809
00006,0436,1192,106,2024-12-29 21:04:26.588951
00005,0441,1192,106,2024-12-29 21:04:26.604943
00005,0434,1192,106,2024-12-29 21:04:26.620948
00006,0435,1192,106,2024-12-29 21:04:26.636947
00005,0440,1192,106,2024-12-29 21:04:26.652929
00006,0438,1191,106,2024-12-29 21:04:26.668932
00005,0434,1192,106,2024-12-29 21:04:26.684921
00006,0432,1192,106,2024-12-29 21:04:26.700932
00005,0436,1192,106,2024-12-29 21:04:26.732463
00006,0434,1192,106,2024-12-29 21:04:26.748922
00006,0434,1192,106,2024-12-29 21:04:26.764907
00006,0433,1192,106,2024-12-29 21:04:26.780913
00005,0436,1192,106,2024-12-29 21:04:26.796912
00005,0436,1192,106,2024-12-29 21:04:26.812904
00006,0432,1192,106,2024-12-29 21:04:26.828900
00006,0431,1192,106,2024-12-29 21:04:26.844898
00006,0434,1192,106,2024-12-29 21:04:26.860888
00007,0440,1192,106,2024-12-29 21:04:26.876887
00005,0434,1192,106,2024-12-29 21:04:26.908828
00005,0438,1192,106,2024-12-29 21:04:26.924870
00006,0435,1192,106,2024-12-29 21:04:26.940883
00004,0440,1192,106,2024-12-29 21:04:26.956878
00006,0433,1192,106,2024-12-29 21:04:26.972861
00005,0435,1192,106,2024-12-29 21:04:26.988869
00005,0433,1192,106,2024-12-29 21:04:27.004869
00004,0431,1192,106,2024-12-29 21:04:27.020869
00006,0443,1192,106,2024-12-29 21:04:27.036859
00005,0433,1192,106,2024-12-29 21:04:27.068477
00004,0437,1192,106,2024-12-29 21:04:27.084835
00004,0429,1192,106,2024-12-29 21:04:27.100841
00006,0430,1192,106,2024-12-29 21:04:27.116843
00005,0436,1192,106,2024-12-29 21:04:27.132833
00006,0425,1192,106,2024-12-29 21:04:27.148836
00006,0437,1192,106,2024-12-29 21:04:27.164828
00006,0435,1192,106,2024-12-29 21:04:27.180829
00004,0433,1192,106,2024-12-29 21:04:27.196816
00006,0434,1191,106,2024-12-29 21:04:27.212820
00005,0439,1192,106,2024-12-29 21:04:27.244815
00005,0439,1192,106,2024-12-29 21:04:27.260803
00005,0430,1192,106,2024-12-29 21:04:27.276804
00005,0429,1192,106,2024-12-29 21:04:27.292803
00005,0438,1192,106,2024-12-29 21:04:27.308797
00005,0429,1192,106,2024-12-29 21:04:27.324800
00006,0435,1192,106,2024-12-29 21:04:27.340786
00006,0443,1192,106,2024-12-29 21:04:27.356797
00005,0423,1192,106,2024-12-29 21:04:27.372793
00005,0430,1192,106,2024-12-29 21:04:27.404512
00004,0432,1192,106,2024-12-29 21:04:27.420771
00005,0428,1192,106,2024-12-29 21:04:27.436774
00005,0433,1192,106,2024-12-29 21:04:27.452764
00005,0445,1192,106,2024-12-29 21:04:27.468761
00006,0433,1192,106,2024-12-29 21:04:27.484760
00005,0438,1192,106,2024-12-29 21:04:27.500753
00006,0433,1192,106,2024-12-29 21:04:27.516753
00005,0436,1192,106,2024-12-29 21:04:27.532742
00006,0425,1192,106,2024-12-29 21:04:27.564124
00005,0425,1192,106,2024-12-29 21:04:27.580739
00005,0437,1192,106,2024-12-29 21:04:27.596736
00005,0430,1191,106,2024-12-29 21:04:27.612728
00005,0429,1191,106,2024-12-29 21:04:27.628731
00006,0430,1191,106,2024-12-29 21:04:27.644720
00005,0431,1191,106,2024-12-29 21:04:27.660723
00005,0426,1191,106,2024-12-29 21:04:27.676711
00004,0434,1191,106,2024-12-29 21:04:27.692713
00006,0431,1192,106,2024-12-29 21:04:27.708707
00005,0430,1192,106,2024-12-29 21:04:27.740510
00007,0436,1192,106,2024-12-29 21:04:27.756695
00004,0439,1192,106,2024-12-29 21:04:27.772698
00006,0437,1192,106,2024-12-29 21:04:27.788679
00007,0429,1192,106,2024-12-29 21:04:27.804688
00006,0440,1191,106,2024-12-29 21:04:27.820681
00006,0443,1192,106,2024-12-29 21:04:27.836681
00006,0437,1192,106,2024-12-29 21:04:27.852682
00006,0435,1191,106,2024-12-29 21:04:27.868686
00005,0431,1192,106,2024-12-29 21:04:27.900136
00005,0436,1192,106,2024-12-29 21:04:27.916665
00004,0431,1192,106,2024-12-29 21:04:27.932652
00005,0431,1191,106,2024-12-29 21:04:27.948660
00006,0436,1192,106,2024-12-29 21:04:27.964651
00005,0432,1191,106,2024-12-29 21:04:27.980650
00005,0434,1191,106,2024-12-29 21:04:27.996644
00006,0434,1191,106,2024-12-29 21:04:28.012641
00004,0431,1191,106,2024-12-29 21:04:28.028648
00005,0428,1192,106,2024-12-29 21:04:28.044639
00005,0440,1191,106,2024-12-29 21:04:28.076534
00006,0429,1191,106,2024-12-29 21:04:28.092632
00006,0441,1191,106,2024-12-29 21:04:28.108627
00005,0425,1191,106,2024-12-29 21:04:28.124631
00005,0429,1191,106,2024-12-29 21:04:28.140633
00006,0436,1191,106,2024-12-29 21:04:28.156637
00005,0436,1191,106,2024-12-29 21:04:28.172637
00005,0428,1191,106,2024-12-29 21:04:28.188643
00005,0431,1192,106,2024-12-29 21:04:28.204647
00005,0437,1192,106,2024-12-29 21:04:28.236209
00006,0430,1191,106,2024-12-29 21:04:28.252645
00006,0433,1191,106,2024-12-29 21:04:28.268647
00005,0423,1192,106,2024-12-29 21:04:28.284655
00006,0433,1191,106,2024-12-29 21:04:28.300578
00006,0442,1191,106,2024-12-29 21:04:28.316570
00005,0434,1191,106,2024-12-29 21:04:28.332573
00005,0442,1191,106,2024-12-29 21:04:28.348564
00006,0433,1191,106,2024-12-29 21:04:28.364570
00006,0431,1191,106,2024-12-29 21:04:28.380562
00005,0433,1192,106,2024-12-29 21:04:28.412635
00004,0437,1191,106,2024-12-29 21:04:28.428647
00004,0431,1191,106,2024-12-29 21:04:28.444560
00005,0429,1192,106,2024-12-29 21:04:28.460557
00006,0430,1191,106,2024-12-29 21:04:28.476566
00005,0430,1191,106,2024-12-29 21:04:28.492566
00005,0433,1192,106,2024-12-29 21:04:28.508560
00005,0432,1191,106,2024-12-29 21:04:28.524550
00005,0430,1191,106,2024-12-29 21:04:28.540528
00005,0427,1192,106,2024-12-29 21:04:28.572198
00005,0433,1191,106,2024-12-29 21:04:28.588526
00006,0435,1191,106,2024-12-29 21:04:28.604519
00005,0435,1191,106,2024-12-29 21:04:28.620513
00007,0431,1191,106,2024-12-29 21:04:28.636510
00005,0432,1191,106,2024-12-29 21:04:28.652497
00005,0432,1191,106,2024-12-29 21:04:28.668498
00006,0427,1192,106,2024-12-29 21:04:28.684489
00007,0433,1191,106,2024-12-29 21:04:28.700495
00005,0427,1191,106,2024-12-29 21:04:28.731839
00005,0431,1191,106,2024-12-29 21:04:28.748493
00005,0436,1191,106,2024-12-29 21:04:28.764471
00004,0432,1192,106,2024-12-29 21:04:28.780476
00006,0430,1191,106,2024-12-29 21:04:28.796483
00006,0429,1191,106,2024-12-29 21:04:28.812470
00005,0431,1191,106,2024-12-29 21:04:28.828473
00005,0428,1192,106,2024-12-29 21:04:28.844454
00006,0434,1191,106,2024-12-29 21:04:28.860456
00006,0425,1191,106,2024-12-29 21:04:28.876448
00004,0435,1191,106,2024-12-29 21:04:28.908225
00006,0432,1191,106,2024-12-29 21:04:28.924443
00006,0439,1191,106,2024-12-29 21:04:28.940439
00004,0426,1191,106,2024-12-29 21:04:28.956448
00004,0436,1191,106,2024-12-29 21:04:28.972429
00005,0428,1191,106,2024-12-29 21:04:28.988434
00005,0434,1191,106,2024-12-29 21:04:29.004424
00005,0438,1191,106,2024-12-29 21:04:29.020419
00006,0439,1192,106,2024-12-29 21:04:29.036417
00005,0435,1191,106,2024-12-29 21:04:29.067868
00006,0441,1192,106,2024-12-29 21:04:29.084409
00006,0441,1191,106,2024-12-29 21:04:29.100402
00004,0430,1191,106,2024-12-29 21:04:29.116402
00006,0433,1191,106,2024-12-29 21:04:29.132398
00005,0431,1191,106,2024-12-29 21:04:29.148393
00005,0433,1191,106,2024-12-29 21:04:29.164385
00005,0433,1191,106,2024-12-29 21:04:29.180390
00005,0423,1191,106,2024-12-29 21:04:29.196390
00005,0426,1191,106,2024-12-29 21:04:29.212377
00006,0429,1191,106,2024-12-29 21:04:29.244256
00006,0439,1191,106,2024-12-29 21:04:29.260370
00007,0442,1191,106,2024-12-29 21:04:29.276371
00005,0439,1191,106,2024-12-29 21:04:29.292370
00006,0430,1191,106,2024-12-29 21:04:29.308366
00005,0425,1191,106,2024-12-29 21:04:29.324367
00005,0434,1191,106,2024-12-29 21:04:29.340356
00005,0420,1191,106,2024-12-29 21:04:29.356346
00005,0423,1191,106,2024-12-29 21:04:29.372345
00005,0429,1191,106,2024-12-29 21:04:29.403885
00004,0427,1191,106,2024-12-29 21:04:29.420329
00004,0429,1191,106,2024-12-29 21:04:29.436332
00005,0427,1191,106,2024-12-29 21:04:29.452325
00006,0433,1191,106,2024-12-29 21:04:29.468317
00005,0424,1191,106,2024-12-29 21:04:29.484321
00005,0424,1191,106,2024-12-29 21:04:29.500313
00005,0435,1191,106,2024-12-29 21:04:29.516320
00005,0430,1191,106,2024-12-29 21:04:29.532310
00006,0437,1191,106,2024-12-29 21:04:29.548306
00005,0440,1191,106,2024-12-29 21:04:29.580266
00005,0436,1191,106,2024-12-29 21:04:29.596292
00004,0438,1191,106,2024-12-29 21:04:29.612283
00005,0439,1191,106,2024-12-29 21:04:29.628288
00006,0431,1191,106,2024-12-29 21:04:29.644281
00005,0431,1191,106,2024-12-29 21:04:29.660275
00005,0432,1191,106,2024-12-29 21:04:29.676278
00005,0431,1191,106,2024-12-29 21:04:29.692275
00006,0432,1191,106,2024-12-29 21:04:29.708267
00005,0435,1191,106,2024-12-29 21:04:29.739901
00003,0431,1191,106,2024-12-29 21:04:29.756270
00005,0429,1191,106,2024-12-29 21:04:29.772268
00006,0434,1191,106,2024-12-29 21:04:29.788255
00004,0429,1191,106,2024-12-29 21:04:29.804251
00005,0427,1191,106,2024-12-29 21:04:29.820250
00006,0428,1191,106,2024-12-29 21:04:29.836248
00005,0430,1191,106,2024-12-29 21:04:29.852241
00005,0437,1191,106,2024-12-29 21:04:29.868242
00005,0432,1191,106,2024-12-29 21:04:29.884231
00006,0429,1191,106,2024-12-29 21:04:29.916223
00005,0431,1191,106,2024-12-29 21:04:29.932227
00006,0436,1191,106,2024-12-29 21:04:29.948223
00005,0433,1191,106,2024-12-29 21:04:29.964214
00005,0433,1191,106,2024-12-29 21:04:29.980208
00005,0430,1191,106,2024-12-29 21:04:29.996211
00004,0430,1191,106,2024-12-29 21:04:30.012209
00004,0433,1191,106,2024-12-29 21:04:30.028207
00006,0432,1191,106,2024-12-29 21:04:30.044209
00006,0427,1191,106,2024-12-29 21:04:30.075928
00005,0427,1191,106,2024-12-29 21:04:30.092193
00006,0434,1191,106,2024-12-29 21:04:30.108178
00006,0434,1191,106,2024-12-29 21:04:30.124180
00006,0424,1191,106,2024-12-29 21:04:30.140175
00006,0426,1191,106,2024-12-29 21:04:30.156180
00004,0430,1191,106,2024-12-29 21:04:30.172172
00005,0426,1191,106,2024-12-29 21:04:30.188164
00005,0428,1191,106,2024-12-29 21:04:30.204167
00006,0431,1191,106,2024-12-29 21:04:30.235569
00006,0439,1191,106,2024-12-29 21:04:30.252180
00005,0432,1191,106,2024-12-29 21:04:30.268165
00005,0430,1191,106,2024-12-29 21:04:30.284155
00005,0431,1191,106,2024-12-29 21:04:30.300148
00006,0428,1191,106,2024-12-29 21:04:30.316151
00005,0431,1191,106,2024-12-29 21:04:30.332137
00005,0423,1191,106,2024-12-29 21:04:30.348129
00004,0433,1191,106,2024-12-29 21:04:30.364128
00004,0430,1191,106,2024-12-29 21:04:30.380124
00006,0435,1191,106,2024-12-29 21:04:30.411953
00005,0435,1191,106,2024-12-29 21:04:30.428125
00005,0423,1191,106,2024-12-29 21:04:30.444104
00005,0424,1191,106,2024-12-29 21:04:30.460112
00006,0429,1191,106,2024-12-29 21:04:30.476107
00005,0432,1191,106,2024-12-29 21:04:30.492101
00005,0433,1191,106,2024-12-29 21:04:30.508097
00005,0439,1191,106,2024-12-29 21:04:30.524099
00005,0429,1191,106,2024-12-29 21:04:30.540095
00004,0435,1191,106,2024-12-29 21:04:30.571582
00006,0432,1191,106,2024-12-29 21:04:30.588081
00005,0426,1191,106,2024-12-29 21:04:30.604082
00004,0435,1191,106,2024-12-29 21:04:30.620073
00005,0428,1191,106,2024-12-29 21:04:30.636077
00006,0432,1191,106,2024-12-29 21:04:30.652073
00005,0430,1191,106,2024-12-29 21:04:30.668072
00004,0428,1191,106,2024-12-29 21:04:30.684073
00006,0440,1191,106,2024-12-29 21:04:30.700057
00007,0442,1191,106,2024-12-29 21:04:30.716060
00005,0434,1191,106,2024-12-29 21:04:30.747969
00006,0430,1191,106,2024-12-29 21:04:30.764047
00005,0425,1191,106,2024-12-29 21:04:30.780045
00005,0432,1191,106,2024-12-29 21:04:30.796046
00004,0430,1191,106,2024-12-29 21:04:30.812032
00005,0430,1191,106,2024-12-29 21:04:30.828040
00005,0432,1191,106,2024-12-29 21:04:30.844020
00005,0433,1191,106,2024-12-29 21:04:30.860031
00006,0432,1191,106,2024-12-29 21:04:30.876019
00006,0437,1191,106,2024-12-29 21:04:30.907608
00006,0429,1191,106,2024-12-29 21:04:30.924094
00005,0436,1191,106,2024-12-29 21:04:30.940033
00005,0430,1191,106,2024-12-29 21:04:30.956020
00005,0437,1191,106,2024-12-29 21:04:30.972008
00004,0436,1191,106,2024-12-29 21:04:30.988003
00006,0432,1191,106,2024-12-29 21:04:31.004002
00005,0428,1191,106,2024-12-29 21:04:31.019989
00006,0433,1191,106,2024-12-29 21:04:31.035992
00005,0428,1191,106,2024-12-29 21:04:31.052016
00005,0421,1191,106,2024-12-29 21:04:31.084005
00005,0428,1191,106,2024-12-29 21:04:31.100000
00005,0428,1191,106,2024-12-29 21:04:31.115997
00005,0433,1191,106,2024-12-29 21:04:31.132003
00006,0434,1191,106,2024-12-29 21:04:31.148008
00006,0441,1191,106,2024-12-29 21:04:31.164028
00005,0439,1191,106,2024-12-29 21:04:31.180009
00005,0439,1191,106,2024-12-29 21:04:31.196015
00005,0439,1191,106,2024-12-29 21:04:31.212012
00005,0443,1191,106,2024-12-29 21:04:31.243608
00006,0429,1191,106,2024-12-29 21:04:31.259978
00006,0435,1191,106,2024-12-29 21:04:31.275935
00005,0430,1191,106,2024-12-29 21:04:31.291938
00005,0439,1191,106,2024-12-29 21:04:31.307928
00006,0437,1191,106,2024-12-29 21:04:31.323926
00005,0432,1191,106,2024-12-29 21:04:31.339923
00008,0439,1191,106,2024-12-29 21:04:31.355915
00006,0432,1191,106,2024-12-29 21:04:31.371934
00005,0428,1191,106,2024-12-29 21:04:31.403265
00006,0436,1191,106,2024-12-29 21:04:31.419911
00005,0432,1191,106,2024-12-29 21:04:31.435899
00005,0435,1191,106,2024-12-29 21:04:31.451894
00007,0434,1191,106,2024-12-29 21:04:31.467920
00005,0431,1191,106,2024-12-29 21:04:31.483886
00005,0433,1190,106,2024-12-29 21:04:31.499886
00006,0425,1191,106,2024-12-29 21:04:31.515893
00006,0439,1191,106,2024-12-29 21:04:31.531883
00004,0434,1191,106,2024-12-29 21:04:31.547875
00005,0429,1191,106,2024-12-29 21:04:31.579677
00004,0432,1191,106,2024-12-29 21:04:31.595873
00006,0436,1191,106,2024-12-29 21:04:31.611865
00005,0438,1191,106,2024-12-29 21:04:31.627860
00006,0433,1191,106,2024-12-29 21:04:31.643857
00005,0442,1190,106,2024-12-29 21:04:31.659862
00006,0445,1191,106,2024-12-29 21:04:31.675866
00005,0439,1191,106,2024-12-29 21:04:31.691851
00004,0432,1191,106,2024-12-29 21:04:31.707847
00005,0441,1191,106,2024-12-29 21:04:31.739300
00006,0437,1190,106,2024-12-29 21:04:31.755828
00004,0440,1190,106,2024-12-29 21:04:31.771832
00004,0433,1190,106,2024-12-29 21:04:31.787857
00003,0432,1191,106,2024-12-29 21:04:31.803820
00005,0428,1190,106,2024-12-29 21:04:31.819821
00006,0434,1191,106,2024-12-29 21:04:31.835817
00005,0434,1191,106,2024-12-29 21:04:31.851806
00004,0435,1190,106,2024-12-29 21:04:31.867804
00005,0430,1191,106,2024-12-29 21:04:31.883820
00006,0429,1191,106,2024-12-29 21:04:31.915667
00006,0434,1191,106,2024-12-29 21:04:31.931799
00004,0437,1190,106,2024-12-29 21:04:31.947786
00005,0429,1190,106,2024-12-29 21:04:31.963788
00005,0435,1190,106,2024-12-29 21:04:31.979785
00005,0434,1191,106,2024-12-29 21:04:31.995791
00005,0442,1190,106,2024-12-29 21:04:32.011783
00006,0442,1191,106,2024-12-29 21:04:32.027774
00005,0432,1190,106,2024-12-29 21:04:32.043780
00005,0443,1191,106,2024-12-29 21:04:32.075307
00006,0435,1191,106,2024-12-29 21:04:32.091770
00006,0438,1190,106,2024-12-29 21:04:32.107774
00005,0438,1190,106,2024-12-29 21:04:32.123759
00005,0435,1190,106,2024-12-29 21:04:32.139755
00005,0426,1190,106,2024-12-29 21:04:32.155761
00005,0429,1191,106,2024-12-29 21:04:32.171742
00006,0436,1191,106,2024-12-29 21:04:32.187744
00007,0432,1190,106,2024-12-29 21:04:32.203753
00005,0437,1190,106,2024-12-29 21:04:32.219742
00005,0437,1190,106,2024-12-29 21:04:32.251722
00005,0436,1190,106,2024-12-29 21:04:32.267725
00006,0438,1191,106,2024-12-29 21:04:32.283722
00005,0429,1190,106,2024-12-29 21:04:32.299732
00006,0434,1190,106,2024-12-29 21:04:32.315719
00006,0436,1190,106,2024-12-29 21:04:32.331712
00005,0436,1190,106,2024-12-29 21:04:32.347707
00004,0430,1191,106,2024-12-29 21:04:32.363706
00006,0433,1191,106,2024-12-29 21:04:32.379694
00005,0429,1190,106,2024-12-29 21:04:32.411387
00006,0441,1190,106,2024-12-29 21:04:32.427699
00006,0436,1190,106,2024-12-29 21:04:32.443691
00006,0442,1190,106,2024-12-29 21:04:32.459684
00005,0438,1191,106,2024-12-29 21:04:32.475678
00006,0443,1190,106,2024-12-29 21:04:32.491664
00005,0436,1190,106,2024-12-29 21:04:32.507683
00005,0434,1190,106,2024-12-29 21:04:32.523724
00005,0435,1190,106,2024-12-29 21:04:32.539673
00005,0440,1190,106,2024-12-29 21:04:32.555666
00005,0443,1190,106,2024-12-29 21:04:32.587648
00005,0440,1190,106,2024-12-29 21:04:32.603642
00006,0438,1190,106,2024-12-29 21:04:32.619685
00005,0448,1190,106,2024-12-29 21:04:32.635651
00004,0433,1191,106,2024-12-29 21:04:32.651633
00005,0440,1190,106,2024-12-29 21:04:32.667635
00006,0450,1190,106,2024-12-29 21:04:32.683631
00005,0442,1190,106,2024-12-29 21:04:32.699623
00006,0444,1190,106,2024-12-29 21:04:32.715630
00005,0437,1190,106,2024-12-29 21:04:32.747361
00006,0444,1191,106,2024-12-29 21:04:32.763611
00004,0436,1191,106,2024-12-29 21:04:32.779610
00005,0438,1191,106,2024-12-29 21:04:32.795600
00004,0440,1190,106,2024-12-29 21:04:32.811603
00005,0438,1191,106,2024-12-29 21:04:32.827621
00004,0444,1190,106,2024-12-29 21:04:32.843602
00005,0440,1191,106,2024-12-29 21:04:32.859592
00005,0430,1190,106,2024-12-29 21:04:32.875599
00004,0438,1190,106,2024-12-29 21:04:32.906985
00006,0432,1190,106,2024-12-29 21:04:32.923576
00005,0436,1190,106,2024-12-29 21:04:32.939593
00004,0436,1190,106,2024-12-29 21:04:32.955578
00005,0439,1190,106,2024-12-29 21:04:32.971574
00005,0445,1190,106,2024-12-29 21:04:32.987569
00005,0443,1190,106,2024-12-29 21:04:33.003570
00005,0436,1190,106,2024-12-29 21:04:33.019556
00005,0442,1190,106,2024-12-29 21:04:33.035577
00005,0442,1190,106,2024-12-29 21:04:33.051556
00005,0439,1190,106,2024-12-29 21:04:33.083365
00004,0437,1190,106,2024-12-29 21:04:33.099541
00005,0441,1190,106,2024-12-29 21:04:33.115544
00005,0447,1190,106,2024-12-29 21:04:33.131541
00004,0441,1190,106,2024-12-29 21:04:33.147544
00005,0440,1191,106,2024-12-29 21:04:33.163531
00005,0442,1190,106,2024-12-29 21:04:33.179530
00005,0449,1190,106,2024-12-29 21:04:33.195519
00005,0434,1190,106,2024-12-29 21:04:33.211521
00005,0441,1190,106,2024-12-29 21:04:33.243045
00005,0440,1190,106,2024-12-29 21:04:33.259525
00006,0436,1190,106,2024-12-29 21:04:33.275503
00006,0439,1190,106,2024-12-29 21:04:33.291504
00005,0444,1190,106,2024-12-29 21:04:33.307503
00004,0451,1190,106,2024-12-29 21:04:33.323484
00005,0441,1190,106,2024-12-29 21:04:33.339489
00005,0440,1190,106,2024-12-29 21:04:33.355503
00005,0436,1190,106,2024-12-29 21:04:33.371493
00005,0438,1190,106,2024-12-29 21:04:33.387477
00006,0442,1190,106,2024-12-29 21:04:33.419397
00006,0440,1190,106,2024-12-29 21:04:33.435462
00006,0440,1190,106,2024-12-29 21:04:33.451476
00005,0440,1190,106,2024-12-29 21:04:33.467473
00006,0449,1190,106,2024-12-29 21:04:33.483465
00005,0438,1190,106,2024-12-29 21:04:33.499453
00006,0434,1191,106,2024-12-29 21:04:33.515668
00006,0445,1190,106,2024-12-29 21:04:33.531463
00006,0439,1190,106,2024-12-29 21:04:33.547452
00003,0439,1190,106,2024-12-29 21:04:33.579044
00005,0432,1190,106,2024-12-29 21:04:33.595439
00005,0439,1190,106,2024-12-29 21:04:33.611436
00006,0437,1190,106,2024-12-29 21:04:33.627437
00005,0431,1190,106,2024-12-29 21:04:33.643417
00006,0436,1190,106,2024-12-29 21:04:33.659437
00005,0441,1190,106,2024-12-29 21:04:33.675421
00005,0442,1190,106,2024-12-29 21:04:33.691407
00006,0431,1190,106,2024-12-29 21:04:33.707409
00005,0449,1190,106,2024-12-29 21:04:33.723413
00004,0437,1190,106,2024-12-29 21:04:33.755403
00005,0446,1190,106,2024-12-29 21:04:33.771413
00006,0442,1190,106,2024-12-29 21:04:33.787394
00005,0441,1190,106,2024-12-29 21:04:33.803397
00005,0442,1190,106,2024-12-29 21:04:33.819385
00004,0434,1190,106,2024-12-29 21:04:33.835389
00005,0433,1190,106,2024-12-29 21:04:33.851379
00006,0442,1190,106,2024-12-29 21:04:33.867397
00005,0440,1190,106,2024-12-29 21:04:33.883382
00005,0450,1190,106,2024-12-29 21:04:33.915067
00006,0437,1190,106,2024-12-29 21:04:33.931355
00006,0441,1190,106,2024-12-29 21:04:33.947360
00006,0445,1190,106,2024-12-29 21:04:33.963354
00005,0448,1190,106,2024-12-29 21:04:33.979370
00006,0438,1190,106,2024-12-29 21:04:33.995358
00005,0444,1190,106,2024-12-29 21:04:34.011362
00006,0442,1190,106,2024-12-29 21:04:34.027358
00004,0435,1190,106,2024-12-29 21:04:34.043359
00005,0441,1190,106,2024-12-29 21:04:34.074732
00005,0443,1190,106,2024-12-29 21:04:34.091364
00006,0431,1190,106,2024-12-29 21:04:34.107364
00007,0439,1190,106,2024-12-29 21:04:34.123373
00005,0439,1190,106,2024-12-29 21:04:34.139377
00005,0443,1190,106,2024-12-29 21:04:34.155380
00005,0436,1190,106,2024-12-29 21:04:34.171302
00005,0445,1190,106,2024-12-29 21:04:34.187312
00005,0443,1190,106,2024-12-29 21:04:34.203305
00005,0436,1190,106,2024-12-29 21:04:34.219301
00005,0441,1190,106,2024-12-29 21:04:34.251107
00005,0441,1190,106,2024-12-29 21:04:34.267286
00004,0434,1190,106,2024-12-29 21:04:34.284070
00005,0437,1190,106,2024-12-29 21:04:34.299404
00005,0438,1190,106,2024-12-29 21:04:34.315388
00005,0434,1190,106,2024-12-29 21:04:34.331283
00007,0432,1190,106,2024-12-29 21:04:34.347286
00006,0429,1190,106,2024-12-29 21:04:34.363266
00005,0436,1190,106,2024-12-29 21:04:34.379273
00005,0434,1190,106,2024-12-29 21:04:34.410722
00005,0442,1190,106,2024-12-29 21:04:34.427245
00006,0433,1190,106,2024-12-29 21:04:34.443246
00005,0436,1190,106,2024-12-29 21:04:34.459243
00005,0440,1190,106,2024-12-29 21:04:34.475236
00006,0444,1190,106,2024-12-29 21:04:34.491235
00007,0436,1190,106,2024-12-29 21:04:34.507255
00004,0427,1190,106,2024-12-29 21:04:34.523254
00005,0432,1190,106,2024-12-29 21:04:34.539239
00005,0450,1190,106,2024-12-29 21:04:34.555225
00004,0446,1190,106,2024-12-29 21:04:34.587085
00005,0441,1190,106,2024-12-29 21:04:34.603212
00004,0443,1190,106,2024-12-29 21:04:34.619210
00004,0432,1190,106,2024-12-29 21:04:34.635210
00005,0445,1190,106,2024-12-29 21:04:34.651197
00006,0446,1189,106,2024-12-29 21:04:34.667200
00006,0454,1190,106,2024-12-29 21:04:34.683195
00005,0444,1190,106,2024-12-29 21:04:34.699190
00006,0439,1190,106,2024-12-29 21:04:34.715199
00005,0444,1190,106,2024-12-29 21:04:34.746738
00005,0448,1190,106,2024-12-29 21:04:34.763175
00005,0433,1190,106,2024-12-29 21:04:34.779185
00004,0441,1190,106,2024-12-29 21:04:34.795167
00005,0450,1190,106,2024-12-29 21:04:34.811173
00004,0437,1190,106,2024-12-29 21:04:34.827167
00005,0449,1190,106,2024-12-29 21:04:34.843183
00006,0442,1190,106,2024-12-29 21:04:34.859155
00005,0433,1190,106,2024-12-29 21:04:34.875152
00005,0432,1190,106,2024-12-29 21:04:34.891152
00005,0439,1190,106,2024-12-29 21:04:34.923122
00005,0431,1190,106,2024-12-29 21:04:34.939134
00005,0448,1190,106,2024-12-29 21:04:34.955140
00005,0446,1190,106,2024-12-29 21:04:34.971133
00006,0441,1190,106,2024-12-29 21:04:34.987133
00005,0437,1190,106,2024-12-29 21:04:35.003126
00005,0444,1190,106,2024-12-29 21:04:35.019131
00004,0440,1190,106,2024-12-29 21:04:35.035131
00004,0437,1190,106,2024-12-29 21:04:35.051121
00004,0441,1190,106,2024-12-29 21:04:35.082755
00004,0445,1190,106,2024-12-29 21:04:35.099105
00006,0435,1190,106,2024-12-29 21:04:35.115110
00005,0441,1189,106,2024-12-29 21:04:35.131106
00005,0462,1190,106,2024-12-29 21:04:35.147104
00005,0440,1190,106,2024-12-29 21:04:35.163100
00005,0444,1190,106,2024-12-29 21:04:35.179107
00005,0438,1190,106,2024-12-29 21:04:35.195095
00005,0443,1190,106,2024-12-29 21:04:35.211106
00006,0442,1190,106,2024-12-29 21:04:35.242408
00006,0439,1190,106,2024-12-29 21:04:35.259090
00004,0439,1190,106,2024-12-29 21:04:35.275080
00005,0435,1190,106,2024-12-29 21:04:35.291090
00005,0447,1190,106,2024-12-29 21:04:35.307073
00006,0447,1190,106,2024-12-29 21:04:35.323071
00005,0438,1190,106,2024-12-29 21:04:35.339070
00006,0436,1190,106,2024-12-29 21:04:35.355066
00004,0446,1190,106,2024-12-29 21:04:35.371060
00005,0437,1190,106,2024-12-29 21:04:35.387059
00006,0442,1190,106,2024-12-29 21:04:35.418778
00005,0449,1190,106,2024-12-29 21:04:35.435043
00005,0440,1189,106,2024-12-29 21:04:35.451044
00005,0461,1190,106,2024-12-29 21:04:35.467032
00003,0432,1190,106,2024-12-29 21:04:35.483034
00005,0446,1190,106,2024-12-29 21:04:35.499017
00005,0441,1190,106,2024-12-29 21:04:35.515023
00005,0438,1190,106,2024-12-29 21:04:35.531014
00005,0437,1190,106,2024-12-29 21:04:35.547021
00005,0436,1190,106,2024-12-29 21:04:35.578413
00005,0437,1190,106,2024-12-29 21:04:35.595011
00005,0440,1190,106,2024-12-29 21:04:35.611006
00005,0434,1190,106,2024-12-29 21:04:35.627000
00004,0439,1189,106,2024-12-29 21:04:35.642990
00007,0458,1189,106,2024-12-29 21:04:35.658995
00006,0463,1190,106,2024-12-29 21:04:35.674985
00005,0439,1190,106,2024-12-29 21:04:35.690985
00006,0438,1190,106,2024-12-29 21:04:35.706990
00005,0433,1189,106,2024-12-29 21:04:35.722984
00007,0455,1190,106,2024-12-29 21:04:35.754819
00004,0439,1190,106,2024-12-29 21:04:35.770971
00005,0443,1190,106,2024-12-29 21:04:35.786970
00006,0434,1190,106,2024-12-29 21:04:35.802964
00005,0437,1190,106,2024-12-29 21:04:35.818969
00004,0439,1190,106,2024-12-29 21:04:35.834966
00006,0436,1190,106,2024-12-29 21:04:35.850950
00005,0432,1190,106,2024-12-29 21:04:35.866947
00005,0438,1190,106,2024-12-29 21:04:35.882947
00006,0436,1189,106,2024-12-29 21:04:35.914438
00006,0457,1189,106,2024-12-29 21:04:35.930937
00005,0456,1190,106,2024-12-29 21:04:35.946937
00004,0435,1190,106,2024-12-29 21:04:35.962929
00005,0440,1190,106,2024-12-29 21:04:35.978933
00005,0434,1189,106,2024-12-29 21:04:35.994922
00005,0449,1189,106,2024-12-29 21:04:36.010911
00005,0453,1190,106,2024-12-29 21:04:36.026912
00005,0439,1190,106,2024-12-29 21:04:36.042899
00006,0440,1190,106,2024-12-29 21:04:36.058909
00006,0439,1190,106,2024-12-29 21:04:36.090828
00005,0438,1190,106,2024-12-29 21:04:36.106895
00005,0447,1189,106,2024-12-29 21:04:36.122897
00005,0463,1189,106,2024-12-29 21:04:36.138888
00006,0458,1189,106,2024-12-29 21:04:36.154888
00006,0454,1190,106,2024-12-29 21:04:36.170890
00006,0442,1189,106,2024-12-29 21:04:36.186890
00005,0459,1190,106,2024-12-29 21:04:36.202874
00004,0443,1190,106,2024-12-29 21:04:36.218871
00006,0441,1189,106,2024-12-29 21:04:36.250495
00006,0456,1190,106,2024-12-29 21:04:36.266870
00005,0447,1189,106,2024-12-29 21:04:36.282867
00006,0455,1190,106,2024-12-29 21:04:36.298865
00005,0444,1189,106,2024-12-29 21:04:36.314863
00005,0461,1189,106,2024-12-29 21:04:36.330850
00005,0449,1189,106,2024-12-29 21:04:36.346841
00006,0455,1190,106,2024-12-29 21:04:36.362844
00006,0446,1189,106,2024-12-29 21:04:36.378844
00006,0454,1189,106,2024-12-29 21:04:36.394838
00006,0452,1189,106,2024-12-29 21:04:36.426826
00006,0452,1190,106,2024-12-29 21:04:36.442824
00006,0444,1190,106,2024-12-29 21:04:36.458822
00005,0441,1190,106,2024-12-29 21:04:36.474821
00005,0437,1189,106,2024-12-29 21:04:36.490819
00005,0459,1190,106,2024-12-29 21:04:36.506809
00004,0437,1189,106,2024-12-29 21:04:36.522812
00006,0457,1189,106,2024-12-29 21:04:36.538827
00005,0460,1190,106,2024-12-29 21:04:36.554807
00006,0433,1189,106,2024-12-29 21:04:36.586492
00006,0458,1189,106,2024-12-29 21:04:36.602795
00006,0464,1190,106,2024-12-29 21:04:36.618784
00006,0450,1190,106,2024-12-29 21:04:36.634791
00004,0435,1189,106,2024-12-29 21:04:36.650782
00005,0449,1189,106,2024-12-29 21:04:36.666784
00006,0461,1189,106,2024-12-29 21:04:36.682780
00006,0459,1189,106,2024-12-29 21:04:36.698763
00005,0466,1189,106,2024-12-29 21:04:36.714771
00005,0460,1190,106,2024-12-29 21:04:36.746125
00006,0448,1189,106,2024-12-29 21:04:36.762758
00006,0458,1189,106,2024-12-29 21:04:36.778750
00007,0466,1189,106,2024-12-29 21:04:36.794748
00006,0452,1189,106,2024-12-29 21:04:36.810747
00006,0460,1189,106,2024-12-29 21:04:36.826743
00004,0452,1189,106,2024-12-29 21:04:36.842742
00006,0461,1190,106,2024-12-29 21:04:36.858782
00005,0435,1189,106,2024-12-29 21:04:36.874730
00007,0456,1189,106,2024-12-29 21:04:36.890735
00006,0460,1189,106,2024-12-29 21:04:36.922518
00006,0459,1189,106,2024-12-29 21:04:36.938727
00006,0462,1189,106,2024-12-29 21:04:36.954729
00006,0453,1189,106,2024-12-29 21:04:36.970735
00007,0467,1189,106,2024-12-29 21:04:36.986735
00006,0463,1190,106,2024-12-29 21:04:37.002739
00005,0443,1189,106,2024-12-29 21:04:37.018741
00006,0459,1189,106,2024-12-29 21:04:37.034741
00006,0454,1189,106,2024-12-29 21:04:37.050745
00005,0456,1189,106,2024-12-29 21:04:37.082176
00006,0461,1189,106,2024-12-29 21:04:37.098748
00006,0453,1189,106,2024-12-29 21:04:37.114754
00005,0454,1189,106,2024-12-29 21:04:37.130680
00004,0460,1189,106,2024-12-29 21:04:37.146673
00005,0459,1190,106,2024-12-29 21:04:37.162676
00005,0440,1189,106,2024-12-29 21:04:37.178666
00005,0445,1189,106,2024-12-29 21:04:37.194666
00005,0457,1189,106,2024-12-29 21:04:37.210664
00006,0459,1189,106,2024-12-29 21:04:37.226679
00006,0455,1189,106,2024-12-29 21:04:37.258553
00006,0460,1189,106,2024-12-29 21:04:37.274653
00005,0457,1189,106,2024-12-29 21:04:37.290665
00006,0457,1189,106,2024-12-29 21:04:37.306659
00006,0457,1189,106,2024-12-29 21:04:37.322639
00006,0453,1189,106,2024-12-29 21:04:37.338629
00007,0452,1189,106,2024-12-29 21:04:37.354632
00006,0468,1189,106,2024-12-29 21:04:37.370622
00005,0458,1189,106,2024-12-29 21:04:37.386624
00005,0454,1189,106,2024-12-29 21:04:37.418173
00006,0467,1189,106,2024-12-29 21:04:37.434614
00006,0468,1189,106,2024-12-29 21:04:37.450614
00006,0457,1189,106,2024-12-29 21:04:37.466606
00005,0463,1189,106,2024-12-29 21:04:37.482596
00005,0461,1189,106,2024-12-29 21:04:37.498597
00005,0465,1189,106,2024-12-29 21:04:37.514589
00006,0459,1189,106,2024-12-29 21:04:37.530600
00007,0463,1190,106,2024-12-29 21:04:37.546607
00006,0438,1189,106,2024-12-29 21:04:37.562600
00005,0455,1189,106,2024-12-29 21:04:37.594556
00005,0459,1189,106,2024-12-29 21:04:37.610573
00005,0456,1189,106,2024-12-29 21:04:37.626575
00006,0456,1189,106,2024-12-29 21:04:37.642563
00006,0455,1189,106,2024-12-29 21:04:37.658568
00006,0452,1189,106,2024-12-29 21:04:37.674571
00006,0462,1189,106,2024-12-29 21:04:37.690550
00006,0449,1189,106,2024-12-29 21:04:37.706546
00005,0453,1189,106,2024-12-29 21:04:37.722551
00005,0452,1189,106,2024-12-29 21:04:37.754195
00006,0460,1189,106,2024-12-29 21:04:37.770541
00006,0457,1189,106,2024-12-29 21:04:37.786543
00006,0453,1189,106,2024-12-29 21:04:37.802522
00004,0456,1189,106,2024-12-29 21:04:37.818524
00006,0456,1189,106,2024-12-29 21:04:37.834525
00007,0464,1189,106,2024-12-29 21:04:37.850517
00005,0455,1189,106,2024-12-29 21:04:37.866518
00005,0452,1189,106,2024-12-29 21:04:37.882510
00006,0452,1189,106,2024-12-29 21:04:37.913814
00004,0448,1189,106,2024-12-29 21:04:37.930501
00006,0451,1189,106,2024-12-29 21:04:37.946498
00006,0460,1189,106,2024-12-29 21:04:37.962501
00005,0452,1189,106,2024-12-29 21:04:37.978496
00005,0454,1189,106,2024-12-29 21:04:37.994493
00006,0457,1189,106,2024-12-29 21:04:38.010485
00007,0443,1189,106,2024-12-29 21:04:38.026486
00006,0457,1189,106,2024-12-29 21:04:38.042489
00006,0453,1189,106,2024-12-29 21:04:38.058473
00005,0453,1189,106,2024-12-29 21:04:38.090208
00006,0457,1189,106,2024-12-29 21:04:38.106464
00006,0455,1189,106,2024-12-29 21:04:38.122461
00005,0456,1189,106,2024-12-29 21:04:38.138463
00005,0461,1189,106,2024-12-29 21:04:38.154461
00006,0451,1189,106,2024-12-29 21:04:38.170438
00007,0458,1189,106,2024-12-29 21:04:38.186451
00006,0451,1189,106,2024-12-29 21:04:38.202436
00005,0465,1189,106,2024-12-29 21:04:38.218432
00006,0454,1189,106,2024-12-29 21:04:38.249858
00005,0455,1189,106,2024-12-29 21:04:38.266432
00007,0464,1189,106,2024-12-29 21:04:38.282422
00006,0459,1189,106,2024-12-29 21:04:38.298433
00006,0446,1189,106,2024-12-29 21:04:38.314439
00005,0449,1189,106,2024-12-29 21:04:38.330417
00005,0462,1189,106,2024-12-29 21:04:38.346410
00006,0450,1189,106,2024-12-29 21:04:38.362409
00006,0451,1189,106,2024-12-29 21:04:38.378403
00006,0448,1189,106,2024-12-29 21:04:38.394405
00006,0452,1189,106,2024-12-29 21:04:38.426225
00005,0461,1189,106,2024-12-29 21:04:38.442381
00006,0443,1189,106,2024-12-29 21:04:38.458382
00007,0447,1189,106,2024-12-29 21:04:38.474377
00006,0448,1189,106,2024-12-29 21:04:38.490372
00006,0454,1189,106,2024-12-29 21:04:38.506375
00006,0451,1189,106,2024-12-29 21:04:38.522379
00007,0452,1189,106,2024-12-29 21:04:38.538365
00005,0445,1189,106,2024-12-29 21:04:38.554364
00005,0444,1189,106,2024-12-29 21:04:38.585868
00005,0447,1189,106,2024-12-29 21:04:38.602346
00006,0442,1189,106,2024-12-29 21:04:38.618348
00006,0439,1189,106,2024-12-29 21:04:38.634344
00004,0443,1189,106,2024-12-29 21:04:38.650348
00005,0455,1189,106,2024-12-29 21:04:38.666341
00006,0453,1189,106,2024-12-29 21:04:38.682338
00006,0444,1189,106,2024-12-29 21:04:38.698332
00007,0460,1189,106,2024-12-29 21:04:38.714320
00006,0450,1189,106,2024-12-29 21:04:38.730333
00006,0452,1189,106,2024-12-29 21:04:38.762246
00005,0446,1189,106,2024-12-29 21:04:38.778318
00006,0441,1189,106,2024-12-29 21:04:38.794307
00005,0446,1189,106,2024-12-29 21:04:38.810306
00006,0449,1189,106,2024-12-29 21:04:38.826305
00005,0451,1189,106,2024-12-29 21:04:38.842302
00005,0452,1189,106,2024-12-29 21:04:38.858298
00007,0462,1189,106,2024-12-29 21:04:38.874297
00006,0462,1189,106,2024-12-29 21:04:38.890297
00006,0459,1189,106,2024-12-29 21:04:38.921894
00005,0443,1189,106,2024-12-29 21:04:38.938284
00005,0443,1189,106,2024-12-29 21:04:38.954286
00006,0440,1189,106,2024-12-29 21:04:38.970268
00007,0443,1189,106,2024-12-29 21:04:38.986271
00006,0460,1189,106,2024-12-29 21:04:39.002271
00007,0454,1189,106,2024-12-29 21:04:39.018268
00005,0446,1189,106,2024-12-29 21:04:39.034257
00006,0452,1189,106,2024-12-29 21:04:39.050258
00005,0442,1189,106,2024-12-29 21:04:39.066261
00006,0453,1189,106,2024-12-29 21:04:39.098252
00005,0446,1189,106,2024-12-29 21:04:39.114251
00006,0450,1189,106,2024-12-29 21:04:39.130246
00005,0448,1188,106,2024-12-29 21:04:39.146252
00006,0446,1189,106,2024-12-29 21:04:39.162231
00006,0457,1189,106,2024-12-29 21:04:39.178231
00007,0452,1189,106,2024-12-29 21:04:39.194224
00005,0445,1189,106,2024-12-29 21:04:39.210222
00006,0454,1189,106,2024-12-29 21:04:39.226218
00006,0452,1189,106,2024-12-29 21:04:39.257913
00005,0454,1189,106,2024-12-29 21:04:39.274229
00007,0459,1189,106,2024-12-29 21:04:39.290212
00005,0452,1189,106,2024-12-29 21:04:39.306194
00005,0447,1189,106,2024-12-29 21:04:39.322202
00006,0462,1189,106,2024-12-29 21:04:39.338197
00005,0456,1189,106,2024-12-29 21:04:39.354194
00005,0457,1189,106,2024-12-29 21:04:39.370196
00005,0464,1189,106,2024-12-29 21:04:39.386193
00006,0463,1189,106,2024-12-29 21:04:39.417551
00006,0457,1189,106,2024-12-29 21:04:39.434172
00006,0468,1189,106,2024-12-29 21:04:39.450172
00006,0454,1189,106,2024-12-29 21:04:39.466174
00006,0468,1189,106,2024-12-29 21:04:39.482171
00007,0460,1189,106,2024-12-29 21:04:39.498160
00006,0465,1189,106,2024-12-29 21:04:39.514168
00005,0455,1188,106,2024-12-29 21:04:39.530172
00006,0465,1189,106,2024-12-29 21:04:39.546142
00005,0465,1189,106,2024-12-29 21:04:39.562143
00006,0459,1189,106,2024-12-29 21:04:39.593931
00006,0457,1189,106,2024-12-29 21:04:39.610137
00006,0457,1189,106,2024-12-29 21:04:39.626134
00006,0462,1189,106,2024-12-29 21:04:39.642140
00007,0456,1189,106,2024-12-29 21:04:39.658123
00006,0464,1189,106,2024-12-29 21:04:39.674130
00007,0451,1189,106,2024-12-29 21:04:39.690120
00005,0466,1189,106,2024-12-29 21:04:39.706125
00005,0464,1189,106,2024-12-29 21:04:39.722115
00006,0459,1189,106,2024-12-29 21:04:39.753563
00005,0462,1189,106,2024-12-29 21:04:39.770105
00005,0466,1189,106,2024-12-29 21:04:39.786113
00006,0463,1189,106,2024-12-29 21:04:39.802095
00005,0461,1189,106,2024-12-29 21:04:39.818087
00006,0463,1188,106,2024-12-29 21:04:39.834092
00005,0460,1189,106,2024-12-29 21:04:39.850081
00005,0467,1189,106,2024-12-29 21:04:39.866082
00006,0459,1189,106,2024-12-29 21:04:39.882089
00006,0463,1189,106,2024-12-29 21:04:39.898083
00005,0466,1189,106,2024-12-29 21:04:39.929962
00006,0459,1189,106,2024-12-29 21:04:39.946092
00005,0467,1189,106,2024-12-29 21:04:39.962088
00006,0466,1189,106,2024-12-29 21:04:39.978098
00007,0465,1189,106,2024-12-29 21:04:39.994097
00006,0456,1189,106,2024-12-29 21:04:40.010101
00006,0467,1189,106,2024-12-29 21:04:40.026105
00006,0470,1189,106,2024-12-29 21:04:40.042106
00006,0472,1189,106,2024-12-29 21:04:40.058105
00006,0464,1188,106,2024-12-29 21:04:40.089577
00005,0466,1189,106,2024-12-29 21:04:40.106033
00005,0456,1189,106,2024-12-29 21:04:40.122034
00006,0468,1188,106,2024-12-29 21:04:40.138028
00005,0467,1189,106,2024-12-29 21:04:40.154023
00005,0465,1188,106,2024-12-29 21:04:40.170016
00005,0460,1189,106,2024-12-29 21:04:40.186015
00004,0461,1188,106,2024-12-29 21:04:40.202008
00006,0460,1189,106,2024-12-29 21:04:40.218002
00005,0472,1189,106,2024-12-29 21:04:40.234005
00006,0465,1189,106,2024-12-29 21:04:40.265971
00005,0469,1189,106,2024-12-29 21:04:40.281995
00005,0470,1188,106,2024-12-29 21:04:40.297993
00006,0460,1188,106,2024-12-29 21:04:40.313991
00006,0463,1189,106,2024-12-29 21:04:40.329981
00006,0473,1188,106,2024-12-29 21:04:40.345984
00006,0468,1189,106,2024-12-29 21:04:40.361976
00006,0461,1188,106,2024-12-29 21:04:40.377982
00006,0459,1189,106,2024-12-29 21:04:40.393967
00006,0466,1189,106,2024-12-29 21:04:40.425627
00005,0472,1189,106,2024-12-29 21:04:40.441954
00006,0462,1188,106,2024-12-29 21:04:40.457956
00006,0462,1188,106,2024-12-29 21:04:40.473951
00005,0460,1188,106,2024-12-29 21:04:40.489956
00007,0468,1188,106,2024-12-29 21:04:40.505943
00004,0463,1188,106,2024-12-29 21:04:40.521961
00006,0470,1189,106,2024-12-29 21:04:40.537956
00005,0457,1188,106,2024-12-29 21:04:40.553941
00006,0468,1189,106,2024-12-29 21:04:40.585239
00006,0464,1189,106,2024-12-29 21:04:40.601924
00006,0458,1188,106,2024-12-29 21:04:40.617927
00005,0468,1188,106,2024-12-29 21:04:40.633912
00005,0456,1189,106,2024-12-29 21:04:40.649916
00005,0465,1189,106,2024-12-29 21:04:40.665907
00005,0471,1188,106,2024-12-29 21:04:40.681914
00006,0473,1188,106,2024-12-29 21:04:40.697897
00006,0474,1188,106,2024-12-29 21:04:40.713897
00006,0465,1188,106,2024-12-29 21:04:40.729901
00006,0473,1189,106,2024-12-29 21:04:40.761637
00005,0473,1189,106,2024-12-29 21:04:40.777881
00005,0473,1189,106,2024-12-29 21:04:40.793884
00006,0463,1189,106,2024-12-29 21:04:40.809871
00005,0469,1188,106,2024-12-29 21:04:40.825874
00007,0471,1188,106,2024-12-29 21:04:40.841866
00005,0471,1188,106,2024-12-29 21:04:40.857872
00005,0459,1188,106,2024-12-29 21:04:40.873865
00006,0464,1189,106,2024-12-29 21:04:40.889859
00006,0471,1188,106,2024-12-29 21:04:40.921270
00005,0458,1188,106,2024-12-29 21:04:40.937849
00007,0463,1188,106,2024-12-29 21:04:40.953841
00005,0463,1188,106,2024-12-29 21:04:40.969843
00006,0459,1188,106,2024-12-29 21:04:40.985846
00006,0468,1188,106,2024-12-29 21:04:41.001838
00005,0458,1188,106,2024-12-29 21:04:41.017839
00004,0459,1189,106,2024-12-29 21:04:41.033824
00005,0459,1189,106,2024-12-29 21:04:41.049831
00004,0463,1188,106,2024-12-29 21:04:41.065818
00006,0469,1189,106,2024-12-29 21:04:41.097662
00006,0465,1188,106,2024-12-29 21:04:41.113817
00005,0471,1189,106,2024-12-29 21:04:41.129813
00006,0461,1188,106,2024-12-29 21:04:41.145795
00006,0465,1189,106,2024-12-29 21:04:41.161797
00006,0463,1189,106,2024-12-29 21:04:41.177795
00006,0470,1188,106,2024-12-29 21:04:41.193799
00005,0466,1189,106,2024-12-29 21:04:41.209781
