DIST,AMP,TEMP,VOLT,Timestamp
00000,1027,1199,106,2024-12-30 09:12:55.323174
58552,1014,1199,106,2024-12-30 09:12:55.339206
03824,0000,1199,106,2024-12-30 09:12:55.355187
30817,0000,1199,106,2024-12-30 09:12:55.386645
44728,0000,1199,106,2024-12-30 09:12:55.402970
25835,0000,1199,106,2024-12-30 09:12:55.419154
03659,0000,1199,106,2024-12-30 09:12:55.435490
58305,0000,1199,106,2024-12-30 09:12:55.451068
00195,0000,1198,106,2024-12-30 09:12:55.467021
03582,0000,1199,106,2024-12-30 09:12:55.482966
04473,0000,1199,106,2024-12-30 09:12:55.498947
55935,0000,1199,106,2024-12-30 09:12:55.514947
01481,0000,1199,106,2024-12-30 09:12:55.546272
07077,0000,1199,106,2024-12-30 09:12:55.562940
48824,0000,1199,106,2024-12-30 09:12:55.578929
03052,0000,1199,106,2024-12-30 09:12:55.594926
01413,0000,1199,106,2024-12-30 09:12:55.610925
03747,0000,1199,106,2024-12-30 09:12:55.626918
02905,0000,1199,106,2024-12-30 09:12:55.642916
01249,0000,1199,106,2024-12-30 09:12:55.658914
18424,0000,1199,106,2024-12-30 09:12:55.674919
02326,0000,1199,106,2024-12-30 09:12:55.690921
03967,0000,1199,106,2024-12-30 09:12:55.722663
09468,0000,1199,106,2024-12-30 09:12:55.738907
35473,0000,1199,106,2024-12-30 09:12:55.754898
16142,0000,1199,106,2024-12-30 09:12:55.770887
09905,0000,1199,106,2024-12-30 09:12:55.786885
01847,0000,1199,106,2024-12-30 09:12:55.802886
13956,0000,1199,106,2024-12-30 09:12:55.818884
42118,0000,1199,106,2024-12-30 09:12:55.834910
03840,0000,1199,106,2024-12-30 09:12:55.850878
04580,0000,1198,106,2024-12-30 09:12:55.882282
05022,0000,1199,106,2024-12-30 09:12:55.898865
08060,0000,1199,106,2024-12-30 09:12:55.914881
07643,0000,1199,106,2024-12-30 09:12:55.930866
11699,0000,1199,106,2024-12-30 09:12:55.946863
10038,0000,1198,106,2024-12-30 09:12:55.962856
00717,0000,1198,106,2024-12-30 09:12:55.978844
05120,0001,1199,106,2024-12-30 09:12:55.994876
59278,0000,1198,106,2024-12-30 09:12:56.010847
05460,0000,1199,106,2024-12-30 09:12:56.026844
03879,0001,1198,106,2024-12-30 09:12:56.058681
27697,0000,1198,106,2024-12-30 09:12:56.074842
01549,0000,1198,106,2024-12-30 09:12:56.090836
03869,0000,1198,106,2024-12-30 09:12:56.106833
45588,0000,1199,106,2024-12-30 09:12:56.122830
00601,0000,1198,106,2024-12-30 09:12:56.138845
42673,0000,1199,106,2024-12-30 09:12:56.154816
17714,0000,1199,106,2024-12-30 09:12:56.170814
01251,0000,1198,106,2024-12-30 09:12:56.186818
04459,0000,1199,106,2024-12-30 09:12:56.218307
25871,0000,1199,106,2024-12-30 09:12:56.234804
43832,0000,1199,106,2024-12-30 09:12:56.250812
29550,0000,1199,106,2024-12-30 09:12:56.266798
01032,0000,1198,106,2024-12-30 09:12:56.282801
54271,0000,1198,106,2024-12-30 09:12:56.298795
05796,0000,1199,106,2024-12-30 09:12:56.314801
23112,0000,1199,106,2024-12-30 09:12:56.330785
00599,0000,1199,106,2024-12-30 09:12:56.346780
54077,0000,1198,106,2024-12-30 09:12:56.362791
65025,0000,1199,106,2024-12-30 09:12:56.394704
07841,0000,1199,106,2024-12-30 09:12:56.410772
00334,0000,1199,106,2024-12-30 09:12:56.426769
00397,0001,1199,106,2024-12-30 09:12:56.442766
04116,0000,1199,106,2024-12-30 09:12:56.458765
61802,0000,1198,106,2024-12-30 09:12:56.474771
17456,0000,1198,106,2024-12-30 09:12:56.490765
22853,0000,1198,106,2024-12-30 09:12:56.506752
05479,0000,1198,106,2024-12-30 09:12:56.522749
01974,0000,1198,106,2024-12-30 09:12:56.554330
05383,0000,1199,106,2024-12-30 09:12:56.570744
04182,0000,1198,106,2024-12-30 09:12:56.586737
38618,0000,1198,106,2024-12-30 09:12:56.602747
11027,0000,1199,106,2024-12-30 09:12:56.618731
17779,0000,1198,106,2024-12-30 09:12:56.634727
12653,0000,1198,106,2024-12-30 09:12:56.650727
19003,0000,1198,106,2024-12-30 09:12:56.666725
30892,0000,1199,106,2024-12-30 09:12:56.682710
18603,0001,1199,106,2024-12-30 09:12:56.698721
41570,0000,1199,106,2024-12-30 09:12:56.730713
02329,0000,1198,106,2024-12-30 09:12:56.746708
48221,0000,1198,106,2024-12-30 09:12:56.762710
57460,0000,1198,106,2024-12-30 09:12:56.778694
03539,0001,1198,106,2024-12-30 09:12:56.794694
20267,0000,1199,106,2024-12-30 09:12:56.810697
53890,0000,1198,106,2024-12-30 09:12:56.826682
43028,0000,1199,106,2024-12-30 09:12:56.842681
28969,0001,1199,106,2024-12-30 09:12:56.858684
25824,0000,1199,106,2024-12-30 09:12:56.890349
06250,0000,1199,106,2024-12-30 09:12:56.906676
43132,0001,1198,106,2024-12-30 09:12:56.922663
23167,0001,1198,106,2024-12-30 09:12:56.938670
05688,0000,1198,106,2024-12-30 09:12:56.954659
02210,0000,1198,106,2024-12-30 09:12:56.970663
04501,0000,1199,106,2024-12-30 09:12:56.986658
05180,0000,1198,106,2024-12-30 09:12:57.002665
08547,0000,1198,106,2024-12-30 09:12:57.018672
03092,0000,1199,106,2024-12-30 09:12:57.049990
02674,0000,1198,106,2024-12-30 09:12:57.066648
03341,0000,1198,106,2024-12-30 09:12:57.082655
55640,0000,1198,106,2024-12-30 09:12:57.098627
37154,0000,1198,106,2024-12-30 09:12:57.114629
18658,0000,1198,106,2024-12-30 09:12:57.130632
33085,0000,1198,106,2024-12-30 09:12:57.146623
26517,0000,1198,106,2024-12-30 09:12:57.162629
03494,0000,1198,106,2024-12-30 09:12:57.178617
49783,0000,1198,106,2024-12-30 09:12:57.194622
16379,0000,1198,106,2024-12-30 09:12:57.226388
04535,0000,1199,106,2024-12-30 09:12:57.242624
22577,0000,1199,106,2024-12-30 09:12:57.258609
13488,0001,1198,106,2024-12-30 09:12:57.274613
03561,0000,1198,106,2024-12-30 09:12:57.290613
05945,0000,1198,106,2024-12-30 09:12:57.306632
26235,0000,1199,106,2024-12-30 09:12:57.322620
20925,0000,1198,106,2024-12-30 09:12:57.338620
01957,0000,1198,106,2024-12-30 09:12:57.354622
00311,0000,1198,106,2024-12-30 09:12:57.386060
28597,0000,1198,106,2024-12-30 09:12:57.402630
33154,0000,1198,106,2024-12-30 09:12:57.418634
02256,0000,1198,106,2024-12-30 09:12:57.434633
02030,0000,1198,106,2024-12-30 09:12:57.450639
63622,0000,1198,106,2024-12-30 09:12:57.466565
43109,0000,1198,106,2024-12-30 09:12:57.482568
08454,0000,1198,106,2024-12-30 09:12:57.498559
01353,0000,1198,106,2024-12-30 09:12:57.514557
05180,0000,1198,106,2024-12-30 09:12:57.530551
04245,0000,1198,106,2024-12-30 09:12:57.562410
04541,0000,1198,106,2024-12-30 09:12:57.578547
02757,0000,1198,106,2024-12-30 09:12:57.594538
23185,0000,1198,106,2024-12-30 09:12:57.610539
19230,0000,1198,106,2024-12-30 09:12:57.626527
10673,0000,1198,106,2024-12-30 09:12:57.642536
01110,0000,1198,106,2024-12-30 09:12:57.658535
00121,0000,1198,106,2024-12-30 09:12:57.674515
05348,0000,1198,106,2024-12-30 09:12:57.690530
16518,0000,1198,106,2024-12-30 09:12:57.722059
07459,0000,1198,106,2024-12-30 09:12:57.738520
27849,0000,1198,106,2024-12-30 09:12:57.754509
08589,0000,1198,106,2024-12-30 09:12:57.770510
04623,0000,1198,106,2024-12-30 09:12:57.786507
01536,0000,1199,106,2024-12-30 09:12:57.802511
27864,0000,1198,106,2024-12-30 09:12:57.818503
03598,0000,1198,106,2024-12-30 09:12:57.834496
16287,0000,1198,106,2024-12-30 09:12:57.850485
05024,0000,1198,106,2024-12-30 09:12:57.866485
13905,0000,1198,106,2024-12-30 09:12:57.898474
24839,0000,1198,106,2024-12-30 09:12:57.914487
02500,0000,1198,106,2024-12-30 09:12:57.930480
01759,0000,1198,106,2024-12-30 09:12:57.946463
40001,0000,1198,106,2024-12-30 09:12:57.962469
12346,0000,1198,106,2024-12-30 09:12:57.978468
02127,0000,1198,106,2024-12-30 09:12:57.994462
05491,0000,1198,106,2024-12-30 09:12:58.010471
01963,0000,1198,106,2024-12-30 09:12:58.026456
35435,0000,1198,106,2024-12-30 09:12:58.058084
18450,0000,1198,106,2024-12-30 09:12:58.074449
43828,0001,1198,106,2024-12-30 09:12:58.090440
23592,0000,1198,106,2024-12-30 09:12:58.106430
09417,0000,1198,106,2024-12-30 09:12:58.122421
05488,0000,1198,106,2024-12-30 09:12:58.138425
05287,0000,1198,106,2024-12-30 09:12:58.154426
21994,0000,1198,106,2024-12-30 09:12:58.170432
05295,0000,1198,106,2024-12-30 09:12:58.186415
00482,0000,1198,106,2024-12-30 09:12:58.202415
26399,0000,1198,106,2024-12-30 09:12:58.234415
26775,0000,1198,106,2024-12-30 09:12:58.250423
30372,0000,1198,106,2024-12-30 09:12:58.266407
41732,0000,1198,106,2024-12-30 09:12:58.282399
46346,0000,1198,106,2024-12-30 09:12:58.298393
11648,0000,1198,106,2024-12-30 09:12:58.314386
02118,0000,1198,106,2024-12-30 09:12:58.330386
00628,0000,1198,106,2024-12-30 09:12:58.346379
05347,0000,1198,106,2024-12-30 09:12:58.362381
53267,0001,1198,106,2024-12-30 09:12:58.394100
42402,0000,1198,106,2024-12-30 09:12:58.410376
29138,0000,1198,106,2024-12-30 09:12:58.426375
22323,0000,1198,106,2024-12-30 09:12:58.442369
27124,0000,1198,106,2024-12-30 09:12:58.458357
12384,0000,1198,106,2024-12-30 09:12:58.474367
07054,0000,1198,106,2024-12-30 09:12:58.490351
08772,0000,1198,106,2024-12-30 09:12:58.506352
19522,0000,1198,106,2024-12-30 09:12:58.522353
24142,0000,1198,106,2024-12-30 09:12:58.553734
20639,0000,1198,106,2024-12-30 09:12:58.570357
54185,0000,1198,106,2024-12-30 09:12:58.586338
00434,0000,1198,106,2024-12-30 09:12:58.602334
04944,0000,1198,106,2024-12-30 09:12:58.618328
24987,0000,1198,106,2024-12-30 09:12:58.634338
00222,0000,1198,106,2024-12-30 09:12:58.650331
07023,0000,1198,106,2024-12-30 09:12:58.666333
04261,0000,1198,106,2024-12-30 09:12:58.682327
18313,0000,1198,106,2024-12-30 09:12:58.698311
06146,0000,1198,106,2024-12-30 09:12:58.730132
28256,0000,1198,106,2024-12-30 09:12:58.746316
47218,0000,1198,106,2024-12-30 09:12:58.762311
01518,0000,1198,106,2024-12-30 09:12:58.778307
46201,0000,1198,106,2024-12-30 09:12:58.794305
36124,0000,1198,106,2024-12-30 09:12:58.810302
47951,0000,1198,106,2024-12-30 09:12:58.826297
46447,0000,1198,106,2024-12-30 09:12:58.842301
02954,0000,1198,106,2024-12-30 09:12:58.858288
40202,0000,1198,106,2024-12-30 09:12:58.889761
01423,0000,1198,106,2024-12-30 09:12:58.906271
05339,0000,1198,106,2024-12-30 09:12:58.922277
28005,0000,1198,106,2024-12-30 09:12:58.938270
01524,0000,1198,106,2024-12-30 09:12:58.954273
40752,0000,1198,106,2024-12-30 09:12:58.970277
16356,0000,1198,106,2024-12-30 09:12:58.986262
46638,0000,1198,106,2024-12-30 09:12:59.002254
23233,0000,1198,106,2024-12-30 09:12:59.018265
02812,0000,1198,106,2024-12-30 09:12:59.034250
34714,0000,1198,106,2024-12-30 09:12:59.066155
00243,0000,1198,106,2024-12-30 09:12:59.082255
04734,0000,1198,106,2024-12-30 09:12:59.098241
09972,0000,1198,106,2024-12-30 09:12:59.114236
03184,0000,1198,106,2024-12-30 09:12:59.130233
25595,0000,1198,106,2024-12-30 09:12:59.146232
23018,0000,1198,106,2024-12-30 09:12:59.162225
05138,0000,1198,106,2024-12-30 09:12:59.178230
23827,0000,1198,106,2024-12-30 09:12:59.194215
25703,0000,1198,106,2024-12-30 09:12:59.225804
06178,0000,1198,106,2024-12-30 09:12:59.242233
00726,0000,1198,106,2024-12-30 09:12:59.258207
05388,0000,1198,106,2024-12-30 09:12:59.274200
04808,0000,1198,106,2024-12-30 09:12:59.290200
05180,0000,1198,106,2024-12-30 09:12:59.306200
38676,0000,1198,106,2024-12-30 09:12:59.322199
09820,0000,1198,106,2024-12-30 09:12:59.338191
17332,0000,1198,106,2024-12-30 09:12:59.354195
02334,0000,1198,106,2024-12-30 09:12:59.370186
01282,0000,1198,106,2024-12-30 09:12:59.402176
05279,0000,1198,106,2024-12-30 09:12:59.418180
00399,0000,1198,106,2024-12-30 09:12:59.434172
39479,0000,1198,106,2024-12-30 09:12:59.450170
20388,0000,1198,106,2024-12-30 09:12:59.466165
56601,0000,1198,106,2024-12-30 09:12:59.482168
19155,0000,1198,106,2024-12-30 09:12:59.498160
00531,0000,1198,106,2024-12-30 09:12:59.514164
04471,0000,1198,106,2024-12-30 09:12:59.530168
25175,0000,1198,106,2024-12-30 09:12:59.561839
04639,0000,1198,106,2024-12-30 09:12:59.578158
06906,0000,1198,106,2024-12-30 09:12:59.594158
12299,0000,1198,106,2024-12-30 09:12:59.610149
03668,0000,1198,106,2024-12-30 09:12:59.626145
05410,0000,1198,106,2024-12-30 09:12:59.642135
00416,0000,1198,106,2024-12-30 09:12:59.658132
10792,0000,1198,106,2024-12-30 09:12:59.674125
05461,0000,1198,106,2024-12-30 09:12:59.690131
06904,0000,1198,106,2024-12-30 09:12:59.721461
01185,0000,1198,106,2024-12-30 09:12:59.738131
05968,0000,1198,106,2024-12-30 09:12:59.754120
47143,0000,1198,106,2024-12-30 09:12:59.770108
40729,0000,1198,106,2024-12-30 09:12:59.786097
04003,0000,1198,106,2024-12-30 09:12:59.802103
13548,0000,1198,106,2024-12-30 09:12:59.818107
04630,0000,1198,106,2024-12-30 09:12:59.834095
01802,0000,1198,106,2024-12-30 09:12:59.850102
03846,0000,1198,106,2024-12-30 09:12:59.866093
02346,0000,1198,106,2024-12-30 09:12:59.897857
05288,0000,1198,106,2024-12-30 09:12:59.914088
03198,0000,1198,106,2024-12-30 09:12:59.930081
66932,0000,1198,106,2024-12-30 09:12:59.946079
07600,0000,1198,106,2024-12-30 09:12:59.962076
02646,0000,1198,106,2024-12-30 09:12:59.978074
02670,0000,1198,106,2024-12-30 09:12:59.994074
06810,0000,1198,106,2024-12-30 09:13:00.010072
03075,0000,1198,106,2024-12-30 09:13:00.026076
03557,0000,1198,106,2024-12-30 09:13:00.057481
02265,0000,1198,106,2024-12-30 09:13:00.074047
06900,0000,1198,106,2024-12-30 09:13:00.090053
02084,0000,1198,106,2024-12-30 09:13:00.106038
24832,0000,1198,106,2024-12-30 09:13:00.122045
42567,0000,1198,106,2024-12-30 09:13:00.138038
02154,0000,1198,106,2024-12-30 09:13:00.154046
03630,0000,1198,106,2024-12-30 09:13:00.170030
48431,0000,1198,106,2024-12-30 09:13:00.186032
00957,0000,1198,106,2024-12-30 09:13:00.202025
14040,0000,1198,106,2024-12-30 09:13:00.233894
05455,0001,1198,106,2024-12-30 09:13:00.250107
09830,0000,1198,106,2024-12-30 09:13:00.266030
27744,0000,1198,106,2024-12-30 09:13:00.282008
05383,0000,1198,106,2024-12-30 09:13:00.298006
08382,0000,1198,106,2024-12-30 09:13:00.314015
29024,0001,1198,106,2024-12-30 09:13:00.330000
01655,0000,1198,106,2024-12-30 09:13:00.345995
04552,0000,1198,106,2024-12-30 09:13:00.361994
25270,0000,1198,106,2024-12-30 09:13:00.393540
47368,0000,1198,106,2024-12-30 09:13:00.410000
08681,0000,1198,106,2024-12-30 09:13:00.425996
18967,0000,1198,106,2024-12-30 09:13:00.441996
02504,0000,1198,106,2024-12-30 09:13:00.458000
03656,0000,1198,106,2024-12-30 09:13:00.473997
03559,0000,1198,106,2024-12-30 09:13:00.490003
30556,0000,1198,106,2024-12-30 09:13:00.506004
03746,0000,1198,106,2024-12-30 09:13:00.522004
16939,0000,1198,106,2024-12-30 09:13:00.538007
05036,0000,1198,106,2024-12-30 09:13:00.569936
15032,0000,1198,106,2024-12-30 09:13:00.586015
04639,0000,1198,106,2024-12-30 09:13:00.601942
09197,0000,1198,106,2024-12-30 09:13:00.617946
03018,0000,1198,106,2024-12-30 09:13:00.633937
12128,0000,1198,106,2024-12-30 09:13:00.649934
58576,0001,1198,106,2024-12-30 09:13:00.665926
03201,0000,1198,106,2024-12-30 09:13:00.681932
49918,0001,1198,106,2024-12-30 09:13:00.697923
09997,0000,1198,106,2024-12-30 09:13:00.729551
01494,0000,1198,106,2024-12-30 09:13:00.745937
03547,0000,1198,106,2024-12-30 09:13:00.761916
22938,0000,1198,106,2024-12-30 09:13:00.777917
25303,0000,1198,106,2024-12-30 09:13:00.793919
12660,0000,1198,106,2024-12-30 09:13:00.809903
25931,0000,1198,106,2024-12-30 09:13:00.825902
01612,0000,1198,106,2024-12-30 09:13:00.841897
24911,0000,1198,106,2024-12-30 09:13:00.857896
06310,0000,1198,106,2024-12-30 09:13:00.873898
01174,0000,1198,106,2024-12-30 09:13:00.905895
18665,0000,1198,106,2024-12-30 09:13:00.921893
32521,0000,1198,106,2024-12-30 09:13:00.937878
06554,0000,1198,106,2024-12-30 09:13:00.953890
05128,0000,1198,106,2024-12-30 09:13:00.969879
26650,0000,1198,106,2024-12-30 09:13:00.985870
39334,0000,1198,106,2024-12-30 09:13:01.001869
19641,0000,1198,106,2024-12-30 09:13:01.017857
48949,0000,1197,106,2024-12-30 09:13:01.033866
06663,0000,1198,106,2024-12-30 09:13:01.065594
05977,0000,1198,106,2024-12-30 09:13:01.081851
57726,0000,1198,106,2024-12-30 09:13:01.097875
41392,0000,1198,106,2024-12-30 09:13:01.113845
46377,0000,1198,106,2024-12-30 09:13:01.129847
00463,0000,1198,106,2024-12-30 09:13:01.145837
03433,0000,1198,106,2024-12-30 09:13:01.161841
03887,0000,1198,106,2024-12-30 09:13:01.177841
23046,0000,1198,106,2024-12-30 09:13:01.193846
25672,0001,1198,106,2024-12-30 09:13:01.225235
03807,0000,1198,106,2024-12-30 09:13:01.241841
00444,0000,1198,106,2024-12-30 09:13:01.257823
22242,0000,1198,106,2024-12-30 09:13:01.273817
12281,0000,1198,106,2024-12-30 09:13:01.289815
07645,0000,1198,106,2024-12-30 09:13:01.305830
14609,0000,1198,106,2024-12-30 09:13:01.321805
05198,0000,1198,106,2024-12-30 09:13:01.337813
03839,0000,1198,106,2024-12-30 09:13:01.353797
02448,0000,1198,106,2024-12-30 09:13:01.369804
13387,0000,1198,106,2024-12-30 09:13:01.401615
04085,0000,1198,106,2024-12-30 09:13:01.417791
30390,0000,1198,106,2024-12-30 09:13:01.433791
33847,0000,1198,106,2024-12-30 09:13:01.449780
41671,0000,1198,106,2024-12-30 09:13:01.465790
09250,0000,1198,106,2024-12-30 09:13:01.481773
08125,0000,1198,106,2024-12-30 09:13:01.497776
03531,0000,1198,106,2024-12-30 09:13:01.513764
02529,0000,1198,106,2024-12-30 09:13:01.529772
22686,0000,1198,106,2024-12-30 09:13:01.561258
00036,0000,1198,106,2024-12-30 09:13:01.577780
57645,0000,1198,106,2024-12-30 09:13:01.593750
12134,0000,1198,106,2024-12-30 09:13:01.609749
02970,0000,1198,106,2024-12-30 09:13:01.625740
33782,0000,1198,106,2024-12-30 09:13:01.641744
15244,0001,1198,106,2024-12-30 09:13:01.657740
25727,0000,1198,106,2024-12-30 09:13:01.673744
33139,0000,1198,106,2024-12-30 09:13:01.689737
58427,0000,1198,106,2024-12-30 09:13:01.705737
23145,0000,1198,106,2024-12-30 09:13:01.737648
03005,0000,1198,106,2024-12-30 09:13:01.753730
24588,0000,1198,106,2024-12-30 09:13:01.769729
27265,0000,1198,106,2024-12-30 09:13:01.785722
00793,0000,1198,106,2024-12-30 09:13:01.801723
03498,0000,1198,106,2024-12-30 09:13:01.817706
04359,0000,1198,106,2024-12-30 09:13:01.833713
05269,0000,1198,106,2024-12-30 09:13:01.849700
01512,0000,1198,106,2024-12-30 09:13:01.865704
21140,0000,1198,106,2024-12-30 09:13:01.897297
04508,0000,1198,106,2024-12-30 09:13:01.913689
02051,0000,1198,106,2024-12-30 09:13:01.929698
02193,0000,1198,106,2024-12-30 09:13:01.945681
15654,0000,1198,106,2024-12-30 09:13:01.961685
53909,0000,1198,106,2024-12-30 09:13:01.977686
00291,0000,1198,106,2024-12-30 09:13:01.993674
31384,0000,1198,106,2024-12-30 09:13:02.009676
02509,0000,1198,106,2024-12-30 09:13:02.025664
20934,0000,1198,106,2024-12-30 09:13:02.041668
00263,0000,1198,106,2024-12-30 09:13:02.073665
23200,0001,1198,106,2024-12-30 09:13:02.089660
27113,0000,1198,106,2024-12-30 09:13:02.105647
03096,0000,1198,106,2024-12-30 09:13:02.121653
15959,0000,1198,106,2024-12-30 09:13:02.137643
02867,0000,1198,106,2024-12-30 09:13:02.153650
12565,0000,1198,106,2024-12-30 09:13:02.169647
02993,0000,1198,106,2024-12-30 09:13:02.185637
26470,0000,1198,106,2024-12-30 09:13:02.201629
05367,0000,1198,106,2024-12-30 09:13:02.233292
26401,0000,1198,106,2024-12-30 09:13:02.249647
01505,0000,1198,106,2024-12-30 09:13:02.265625
00703,0000,1198,106,2024-12-30 09:13:02.281622
43987,0001,1198,106,2024-12-30 09:13:02.297615
07063,0001,1198,106,2024-12-30 09:13:02.313624
01505,0000,1198,106,2024-12-30 09:13:02.329608
02117,0000,1198,106,2024-12-30 09:13:02.345610
31005,0000,1198,106,2024-12-30 09:13:02.361612
56497,0001,1198,106,2024-12-30 09:13:02.392938
00143,0000,1198,106,2024-12-30 09:13:02.409611
05456,0000,1198,106,2024-12-30 09:13:02.425598
04396,0000,1198,106,2024-12-30 09:13:02.441588
41646,0000,1198,106,2024-12-30 09:13:02.457585
43168,0000,1198,106,2024-12-30 09:13:02.473587
26636,0000,1198,106,2024-12-30 09:13:02.489586
30490,0000,1198,106,2024-12-30 09:13:02.505597
20131,0001,1198,106,2024-12-30 09:13:02.521576
03330,0000,1198,106,2024-12-30 09:13:02.537569
33700,0000,1198,106,2024-12-30 09:13:02.569322
03424,0000,1198,106,2024-12-30 09:13:02.585569
02050,0000,1198,106,2024-12-30 09:13:02.601558
04577,0000,1198,106,2024-12-30 09:13:02.617561
06936,0000,1198,106,2024-12-30 09:13:02.633550
10340,0000,1198,106,2024-12-30 09:13:02.649554
44088,0000,1198,106,2024-12-30 09:13:02.665545
49988,0000,1198,106,2024-12-30 09:13:02.681545
17622,0000,1198,106,2024-12-30 09:13:02.697545
01304,0000,1198,106,2024-12-30 09:13:02.728956
13974,0000,1198,106,2024-12-30 09:13:02.745541
13986,0000,1198,106,2024-12-30 09:13:02.761540
03468,0000,1198,106,2024-12-30 09:13:02.777543
28359,0000,1198,106,2024-12-30 09:13:02.793524
01849,0000,1198,106,2024-12-30 09:13:02.809523
61917,0000,1198,106,2024-12-30 09:13:02.825517
35619,0000,1198,106,2024-12-30 09:13:02.841512
03600,0001,1198,106,2024-12-30 09:13:02.857512
10795,0001,1198,106,2024-12-30 09:13:02.873505
03302,0000,1198,106,2024-12-30 09:13:02.905355
02274,0000,1198,106,2024-12-30 09:13:02.921499
03636,0000,1198,106,2024-12-30 09:13:02.937497
43902,0000,1197,106,2024-12-30 09:13:02.953501
05356,0000,1198,106,2024-12-30 09:13:02.969484
06720,0000,1198,106,2024-12-30 09:13:02.985489
48896,0000,1198,106,2024-12-30 09:13:03.001480
19988,0000,1198,106,2024-12-30 09:13:03.017485
00869,0000,1198,106,2024-12-30 09:13:03.033469
48280,0000,1198,106,2024-12-30 09:13:03.064994
15447,0000,1198,106,2024-12-30 09:13:03.081474
17866,0000,1198,106,2024-12-30 09:13:03.097462
00690,0000,1198,106,2024-12-30 09:13:03.113463
00487,0000,1198,106,2024-12-30 09:13:03.129455
03074,0000,1198,106,2024-12-30 09:13:03.145458
09167,0000,1198,106,2024-12-30 09:13:03.161461
25317,0000,1198,106,2024-12-30 09:13:03.177448
14028,0000,1198,106,2024-12-30 09:13:03.193447
01258,0000,1198,106,2024-12-30 09:13:03.209438
40068,0000,1198,106,2024-12-30 09:13:03.241382
00441,0000,1198,106,2024-12-30 09:13:03.257435
01560,0000,1198,106,2024-12-30 09:13:03.273437
05273,0000,1198,106,2024-12-30 09:13:03.289438
03047,0000,1198,106,2024-12-30 09:13:03.305427
11549,0000,1198,106,2024-12-30 09:13:03.321428
09393,0000,1198,106,2024-12-30 09:13:03.337423
00543,0000,1198,106,2024-12-30 09:13:03.353424
04275,0000,1198,106,2024-12-30 09:13:03.369416
24849,0000,1198,106,2024-12-30 09:13:03.401020
18695,0000,1198,106,2024-12-30 09:13:03.417424
35411,0000,1198,106,2024-12-30 09:13:03.433401
21721,0000,1198,106,2024-12-30 09:13:03.449402
17888,0000,1199,106,2024-12-30 09:13:03.465394
03669,0000,1198,106,2024-12-30 09:13:03.481400
47908,0001,1198,106,2024-12-30 09:13:03.497391
29502,0000,1198,106,2024-12-30 09:13:03.513378
01859,0000,1198,106,2024-12-30 09:13:03.529380
04631,0000,1198,106,2024-12-30 09:13:03.545388
23063,0000,1198,106,2024-12-30 09:13:03.577390
18503,0000,1198,106,2024-12-30 09:13:03.593387
01481,0000,1198,106,2024-12-30 09:13:03.609395
03721,0000,1198,106,2024-12-30 09:13:03.625393
08532,0000,1198,106,2024-12-30 09:13:03.641395
29123,0000,1198,106,2024-12-30 09:13:03.657395
09105,0000,1198,106,2024-12-30 09:13:03.673404
04599,0000,1198,106,2024-12-30 09:13:03.689399
21610,0000,1198,106,2024-12-30 09:13:03.705401
01416,0000,1198,106,2024-12-30 09:13:03.737091
05469,0000,1198,106,2024-12-30 09:13:03.753335
17871,0000,1198,106,2024-12-30 09:13:03.769335
21596,0000,1198,106,2024-12-30 09:13:03.785325
11482,0001,1198,106,2024-12-30 09:13:03.801328
02432,0000,1198,106,2024-12-30 09:13:03.817319
01481,0000,1198,106,2024-12-30 09:13:03.833326
03752,0000,1198,106,2024-12-30 09:13:03.849317
03010,0000,1198,106,2024-12-30 09:13:03.865310
18184,0000,1198,106,2024-12-30 09:13:03.896684
23363,0000,1198,106,2024-12-30 09:13:03.913309
47483,0000,1198,106,2024-12-30 09:13:03.929312
26658,0000,1198,106,2024-12-30 09:13:03.945315
11179,0001,1198,106,2024-12-30 09:13:03.961296
19588,0000,1198,106,2024-12-30 09:13:03.977295
37602,0000,1198,106,2024-12-30 09:13:03.993292
19604,0000,1198,106,2024-12-30 09:13:04.009292
05383,0000,1198,106,2024-12-30 09:13:04.025279
17337,0000,1198,106,2024-12-30 09:13:04.041280
00983,0000,1198,106,2024-12-30 09:13:04.073065
25954,0000,1198,106,2024-12-30 09:13:04.089271
06296,0000,1198,106,2024-12-30 09:13:04.105274
35999,0000,1198,106,2024-12-30 09:13:04.121259
05336,0001,1198,106,2024-12-30 09:13:04.137267
02043,0000,1198,106,2024-12-30 09:13:04.153260
45753,0000,1198,106,2024-12-30 09:13:04.169263
03112,0000,1198,106,2024-12-30 09:13:04.185256
10859,0000,1198,106,2024-12-30 09:13:04.201249
10604,0000,1198,106,2024-12-30 09:13:04.232698
06480,0000,1198,106,2024-12-30 09:13:04.249252
26205,0000,1198,106,2024-12-30 09:13:04.265235
02850,0000,1198,106,2024-12-30 09:13:04.281240
04483,0000,1198,106,2024-12-30 09:13:04.297238
24101,0000,1198,106,2024-12-30 09:13:04.313245
02523,0000,1199,106,2024-12-30 09:13:04.329238
02684,0001,1198,106,2024-12-30 09:13:04.345209
02407,0000,1198,106,2024-12-30 09:13:04.361219
05246,0000,1198,106,2024-12-30 09:13:04.377213
02914,0000,1198,106,2024-12-30 09:13:04.409101
21498,0000,1198,106,2024-12-30 09:13:04.425212
02283,0000,1198,106,2024-12-30 09:13:04.441207
45634,0000,1198,106,2024-12-30 09:13:04.457213
20346,0000,1198,106,2024-12-30 09:13:04.473200
04686,0000,1198,106,2024-12-30 09:13:04.489200
20159,0000,1198,106,2024-12-30 09:13:04.505190
26870,0000,1198,106,2024-12-30 09:13:04.521192
03960,0000,1198,106,2024-12-30 09:13:04.537187
20978,0000,1198,106,2024-12-30 09:13:04.568741
04876,0000,1198,106,2024-12-30 09:13:04.585182
04352,0000,1198,106,2024-12-30 09:13:04.601179
04331,0000,1198,106,2024-12-30 09:13:04.617172
28222,0000,1198,106,2024-12-30 09:13:04.633162
02323,0000,1198,106,2024-12-30 09:13:04.649165
40867,0000,1198,106,2024-12-30 09:13:04.665154
27996,0000,1198,106,2024-12-30 09:13:04.681163
04036,0000,1198,106,2024-12-30 09:13:04.697162
05775,0000,1198,106,2024-12-30 09:13:04.713159
04863,0000,1198,106,2024-12-30 09:13:04.745122
35224,0000,1198,106,2024-12-30 09:13:04.761149
04600,0000,1198,106,2024-12-30 09:13:04.777137
63483,0000,1198,106,2024-12-30 09:13:04.793134
05041,0000,1198,106,2024-12-30 09:13:04.809128
03886,0000,1198,106,2024-12-30 09:13:04.825132
01937,0000,1198,106,2024-12-30 09:13:04.841129
01180,0000,1198,106,2024-12-30 09:13:04.857127
07812,0000,1198,106,2024-12-30 09:13:04.873118
16437,0000,1198,106,2024-12-30 09:13:04.904779
03074,0000,1198,106,2024-12-30 09:13:04.921114
36846,0000,1198,106,2024-12-30 09:13:04.937108
50907,0000,1198,106,2024-12-30 09:13:04.953098
15505,0000,1198,106,2024-12-30 09:13:04.969099
05137,0000,1198,106,2024-12-30 09:13:04.985093
12554,0000,1198,106,2024-12-30 09:13:05.001104
23206,0000,1198,106,2024-12-30 09:13:05.017086
21943,0000,1198,106,2024-12-30 09:13:05.033085
33261,0000,1198,106,2024-12-30 09:13:05.064403
43353,0000,1198,106,2024-12-30 09:13:05.081075
04475,0000,1199,106,2024-12-30 09:13:05.097083
04682,0000,1198,106,2024-12-30 09:13:05.113080
03965,0000,1198,106,2024-12-30 09:13:05.129057
03136,0000,1198,106,2024-12-30 09:13:05.145063
19815,0000,1199,106,2024-12-30 09:13:05.161056
08422,0000,1198,106,2024-12-30 09:13:05.177064
15587,0000,1199,106,2024-12-30 09:13:05.193055
02345,0000,1198,106,2024-12-30 09:13:05.209059
55018,0000,1198,106,2024-12-30 09:13:05.240811
00275,0000,1199,106,2024-12-30 09:13:05.257048
27192,0001,1198,106,2024-12-30 09:13:05.273046
61062,0000,1198,106,2024-12-30 09:13:05.289046
48259,0000,1198,106,2024-12-30 09:13:05.305053
04276,0000,1198,106,2024-12-30 09:13:05.321035
14755,0000,1198,106,2024-12-30 09:13:05.337035
20889,0000,1199,106,2024-12-30 09:13:05.353030
03543,0000,1198,106,2024-12-30 09:13:05.369022
02323,0000,1198,106,2024-12-30 09:13:05.400442
03615,0000,1198,106,2024-12-30 09:13:05.417026
23286,0000,1198,106,2024-12-30 09:13:05.433012
12045,0000,1198,106,2024-12-30 09:13:05.449006
02801,0000,1198,106,2024-12-30 09:13:05.465009
22200,0000,1198,106,2024-12-30 09:13:05.481003
27633,0000,1198,106,2024-12-30 09:13:05.497012
00631,0000,1199,106,2024-12-30 09:13:05.513012
12224,0000,1198,106,2024-12-30 09:13:05.528996
05354,0000,1198,106,2024-12-30 09:13:05.544996
04788,0000,1199,106,2024-12-30 09:13:05.576820
03885,0000,1198,106,2024-12-30 09:13:05.592976
14347,0000,1198,106,2024-12-30 09:13:05.608974
57383,0000,1199,106,2024-12-30 09:13:05.624974
00638,0000,1198,106,2024-12-30 09:13:05.640986
01433,0000,1198,106,2024-12-30 09:13:05.656971
32221,0000,1198,106,2024-12-30 09:13:05.672977
54227,0000,1198,106,2024-12-30 09:13:05.688958
02904,0000,1198,106,2024-12-30 09:13:05.704971
02600,0000,1198,106,2024-12-30 09:13:05.736450
28417,0000,1198,106,2024-12-30 09:13:05.752961
04196,0000,1199,106,2024-12-30 09:13:05.768942
01916,0000,1198,106,2024-12-30 09:13:05.784941
02643,0000,1198,106,2024-12-30 09:13:05.800930
55964,0000,1198,106,2024-12-30 09:13:05.816932
49977,0000,1198,106,2024-12-30 09:13:05.832927
53897,0000,1198,106,2024-12-30 09:13:05.848930
05140,0000,1198,106,2024-12-30 09:13:05.864924
00601,0000,1198,106,2024-12-30 09:13:05.880926
47277,0000,1198,106,2024-12-30 09:13:05.912836
41670,0000,1198,106,2024-12-30 09:13:05.928911
08630,0000,1199,106,2024-12-30 09:13:05.944917
58284,0000,1198,106,2024-12-30 09:13:05.960904
21497,0000,1199,106,2024-12-30 09:13:05.976912
28114,0000,1198,106,2024-12-30 09:13:05.992901
02752,0000,1198,106,2024-12-30 09:13:06.008906
64484,0000,1198,106,2024-12-30 09:13:06.024901
45760,0000,1198,106,2024-12-30 09:13:06.040903
50854,0000,1198,106,2024-12-30 09:13:06.072480
03626,0000,1199,106,2024-12-30 09:13:06.088886
49668,0000,1199,106,2024-12-30 09:13:06.104874
02575,0000,1199,106,2024-12-30 09:13:06.120871
13732,0000,1198,106,2024-12-30 09:13:06.136870
00079,0000,1198,106,2024-12-30 09:13:06.152872
04631,0000,1198,106,2024-12-30 09:13:06.168866
25660,0000,1198,106,2024-12-30 09:13:06.184862
21186,0000,1199,106,2024-12-30 09:13:06.200866
01521,0000,1198,106,2024-12-30 09:13:06.216863
58263,0000,1199,106,2024-12-30 09:13:06.248877
35356,0000,1198,106,2024-12-30 09:13:06.264846
39290,0000,1199,106,2024-12-30 09:13:06.280848
45614,0000,1198,106,2024-12-30 09:13:06.296850
21475,0000,1198,106,2024-12-30 09:13:06.312858
02772,0000,1199,106,2024-12-30 09:13:06.328839
01302,0000,1198,106,2024-12-30 09:13:06.344837
26198,0000,1198,106,2024-12-30 09:13:06.360832
66696,0000,1198,106,2024-12-30 09:13:06.376829
00171,0000,1198,106,2024-12-30 09:13:06.408509
24743,0000,1198,106,2024-12-30 09:13:06.424825
30646,0000,1198,106,2024-12-30 09:13:06.440822
04490,0000,1198,106,2024-12-30 09:13:06.456814
04657,0000,1199,106,2024-12-30 09:13:06.472807
13931,0000,1198,106,2024-12-30 09:13:06.488806
05319,0000,1198,106,2024-12-30 09:13:06.504804
02108,0000,1199,106,2024-12-30 09:13:06.520799
33247,0000,1199,106,2024-12-30 09:13:06.536794
02988,0000,1199,106,2024-12-30 09:13:06.568140
03669,0000,1198,106,2024-12-30 09:13:06.584792
39351,0000,1198,106,2024-12-30 09:13:06.600783
08331,0000,1199,106,2024-12-30 09:13:06.616785
29051,0000,1198,106,2024-12-30 09:13:06.632772
03293,0000,1198,106,2024-12-30 09:13:06.648780
14335,0000,1199,106,2024-12-30 09:13:06.664771
08398,0000,1199,106,2024-12-30 09:13:06.680772
02956,0000,1198,106,2024-12-30 09:13:06.696773
06257,0000,1198,106,2024-12-30 09:13:06.712776
27952,0000,1199,106,2024-12-30 09:13:06.744555
11463,0000,1198,106,2024-12-30 09:13:06.760779
18882,0000,1199,106,2024-12-30 09:13:06.776789
00883,0000,1199,106,2024-12-30 09:13:06.792781
02817,0000,1198,106,2024-12-30 09:13:06.808787
11800,0001,1199,106,2024-12-30 09:13:06.824787
51520,0000,1199,106,2024-12-30 09:13:06.840792
24589,0000,1198,106,2024-12-30 09:13:06.856798
31426,0000,1199,106,2024-12-30 09:13:06.872796
03458,0000,1199,106,2024-12-30 09:13:06.904133
36325,0000,1199,106,2024-12-30 09:13:06.920734
01482,0000,1199,106,2024-12-30 09:13:06.936725
00338,0000,1199,106,2024-12-30 09:13:06.952715
48860,0000,1198,106,2024-12-30 09:13:06.968710
24322,0000,1198,106,2024-12-30 09:13:06.984704
04362,0000,1198,106,2024-12-30 09:13:07.000706
04654,0000,1199,106,2024-12-30 09:13:07.016697
05373,0000,1199,106,2024-12-30 09:13:07.032698
05414,0000,1199,106,2024-12-30 09:13:07.048688
53091,0000,1198,106,2024-12-30 09:13:07.080556
20971,0000,1198,106,2024-12-30 09:13:07.096684
07830,0000,1199,106,2024-12-30 09:13:07.112680
04505,0000,1198,106,2024-12-30 09:13:07.128681
02311,0000,1198,106,2024-12-30 09:13:07.144679
25116,0000,1198,106,2024-12-30 09:13:07.160674
04551,0000,1199,106,2024-12-30 09:13:07.176676
01233,0000,1199,106,2024-12-30 09:13:07.192674
02181,0000,1199,106,2024-12-30 09:13:07.208674
01739,0000,1199,106,2024-12-30 09:13:07.240217
18670,0000,1199,106,2024-12-30 09:13:07.256662
04316,0000,1199,106,2024-12-30 09:13:07.272660
03205,0000,1198,106,2024-12-30 09:13:07.288648
00454,0000,1198,106,2024-12-30 09:13:07.304654
19372,0000,1198,106,2024-12-30 09:13:07.320646
18625,0000,1199,106,2024-12-30 09:13:07.336643
32479,0001,1199,106,2024-12-30 09:13:07.352643
68750,0000,1199,106,2024-12-30 09:13:07.368642
05320,0000,1199,106,2024-12-30 09:13:07.384630
02460,0000,1198,106,2024-12-30 09:13:07.416589
08441,0000,1199,106,2024-12-30 09:13:07.432627
29410,0000,1199,106,2024-12-30 09:13:07.448622
00257,0000,1198,106,2024-12-30 09:13:07.464624
06937,0000,1199,106,2024-12-30 09:13:07.480625
56679,0000,1199,106,2024-12-30 09:13:07.496610
00991,0000,1198,106,2024-12-30 09:13:07.512613
01477,0000,1199,106,2024-12-30 09:13:07.528607
03765,0000,1199,106,2024-12-30 09:13:07.544601
19526,0000,1198,106,2024-12-30 09:13:07.576225
44059,0000,1199,106,2024-12-30 09:13:07.592593
04580,0000,1199,106,2024-12-30 09:13:07.608594
04761,0000,1199,106,2024-12-30 09:13:07.624583
03058,0000,1199,106,2024-12-30 09:13:07.640585
05038,0000,1199,106,2024-12-30 09:13:07.656574
28378,0000,1199,106,2024-12-30 09:13:07.672580
33093,0000,1199,106,2024-12-30 09:13:07.688578
44065,0000,1199,106,2024-12-30 09:13:07.704575
04444,0000,1199,106,2024-12-30 09:13:07.735888
08752,0000,1198,106,2024-12-30 09:13:07.752565
09994,0000,1199,106,2024-12-30 09:13:07.768571
23832,0000,1199,106,2024-12-30 09:13:07.784556
01579,0000,1199,106,2024-12-30 09:13:07.800557
61518,0000,1199,106,2024-12-30 09:13:07.816552
49076,0000,1199,106,2024-12-30 09:13:07.832541
03667,0000,1199,106,2024-12-30 09:13:07.848542
24619,0000,1199,106,2024-12-30 09:13:07.864543
05580,0000,1199,106,2024-12-30 09:13:07.880535
05381,0000,1199,106,2024-12-30 09:13:07.912254
45454,0000,1199,106,2024-12-30 09:13:07.928524
03290,0000,1199,106,2024-12-30 09:13:07.944518
05253,0000,1199,106,2024-12-30 09:13:07.960517
01702,0000,1199,106,2024-12-30 09:13:07.976522
02812,0000,1199,106,2024-12-30 09:13:07.992519
29744,0000,1199,106,2024-12-30 09:13:08.008509
61966,0000,1199,106,2024-12-30 09:13:08.024510
03736,0000,1199,106,2024-12-30 09:13:08.040500
36721,0000,1199,106,2024-12-30 09:13:08.071900
02600,0000,1199,106,2024-12-30 09:13:08.088499
03829,0000,1199,106,2024-12-30 09:13:08.104490
38713,0000,1199,106,2024-12-30 09:13:08.120488
01155,0000,1199,106,2024-12-30 09:13:08.136484
28813,0000,1198,106,2024-12-30 09:13:08.152487
01839,0000,1199,106,2024-12-30 09:13:08.168482
25301,0000,1199,106,2024-12-30 09:13:08.184475
08303,0000,1199,106,2024-12-30 09:13:08.200472
49683,0000,1199,106,2024-12-30 09:13:08.216474
19252,0000,1199,106,2024-12-30 09:13:08.248299
25577,0000,1199,106,2024-12-30 09:13:08.264471
40739,0000,1198,106,2024-12-30 09:13:08.280454
24661,0000,1199,106,2024-12-30 09:13:08.296453
17165,0000,1199,106,2024-12-30 09:13:08.312462
04614,0000,1199,106,2024-12-30 09:13:08.328451
01967,0000,1199,106,2024-12-30 09:13:08.344445
03593,0000,1199,106,2024-12-30 09:13:08.360454
05385,0000,1199,106,2024-12-30 09:13:08.376440
38555,0000,1199,106,2024-12-30 09:13:08.407925
53259,0000,1199,106,2024-12-30 09:13:08.424437
12138,0000,1199,106,2024-12-30 09:13:08.440426
53137,0000,1199,106,2024-12-30 09:13:08.456426
25224,0000,1199,106,2024-12-30 09:13:08.472421
14794,0000,1199,106,2024-12-30 09:13:08.488418
02546,0000,1199,106,2024-12-30 09:13:08.504412
27754,0000,1199,106,2024-12-30 09:13:08.520405
11932,0000,1199,106,2024-12-30 09:13:08.536414
21917,0000,1199,106,2024-12-30 09:13:08.552398
04411,0000,1199,106,2024-12-30 09:13:08.584304
02744,0000,1199,106,2024-12-30 09:13:08.600395
59325,0000,1199,106,2024-12-30 09:13:08.616386
01870,0000,1199,106,2024-12-30 09:13:08.632387
02750,0000,1199,106,2024-12-30 09:13:08.648387
17735,0000,1199,106,2024-12-30 09:13:08.664377
45450,0000,1199,106,2024-12-30 09:13:08.680380
04615,0000,1199,106,2024-12-30 09:13:08.696377
03493,0000,1199,106,2024-12-30 09:13:08.712385
41597,0000,1199,106,2024-12-30 09:13:08.743944
23463,0000,1199,106,2024-12-30 09:13:08.760358
05042,0000,1199,106,2024-12-30 09:13:08.776368
11529,0000,1199,106,2024-12-30 09:13:08.792355
27079,0001,1199,106,2024-12-30 09:13:08.808364
29141,0000,1199,106,2024-12-30 09:13:08.824350
14616,0000,1199,106,2024-12-30 09:13:08.840349
26405,0000,1199,106,2024-12-30 09:13:08.856339
20282,0000,1199,106,2024-12-30 09:13:08.872341
32222,0000,1199,106,2024-12-30 09:13:08.888336
00329,0000,1199,106,2024-12-30 09:13:08.920325
40023,0000,1199,106,2024-12-30 09:13:08.936331
35460,0000,1199,106,2024-12-30 09:13:08.952325
05149,0000,1199,106,2024-12-30 09:13:08.968327
00179,0000,1199,106,2024-12-30 09:13:08.984598
04630,0000,1199,106,2024-12-30 09:13:09.000340
01527,0000,1199,106,2024-12-30 09:13:09.016321
19969,0000,1199,106,2024-12-30 09:13:09.032316
06037,0000,1199,106,2024-12-30 09:13:09.048317
02329,0000,1199,106,2024-12-30 09:13:09.079971
02635,0000,1199,106,2024-12-30 09:13:09.096296
03804,0000,1199,106,2024-12-30 09:13:09.112295
40647,0000,1199,106,2024-12-30 09:13:09.128287
13517,0000,1199,106,2024-12-30 09:13:09.144290
01680,0000,1199,106,2024-12-30 09:13:09.160293
05451,0000,1199,106,2024-12-30 09:13:09.176294
03539,0000,1199,106,2024-12-30 09:13:09.192276
36326,0000,1199,106,2024-12-30 09:13:09.208272
00501,0000,1199,106,2024-12-30 09:13:09.239611
00938,0000,1199,106,2024-12-30 09:13:09.256275
01538,0000,1199,106,2024-12-30 09:13:09.272273
04549,0000,1199,106,2024-12-30 09:13:09.288264
02600,0000,1199,106,2024-12-30 09:13:09.304269
15438,0000,1199,106,2024-12-30 09:13:09.320259
03748,0000,1199,106,2024-12-30 09:13:09.336267
05465,0000,1199,106,2024-12-30 09:13:09.352250
02328,0000,1199,106,2024-12-30 09:13:09.368239
15970,0000,1199,106,2024-12-30 09:13:09.384242
47924,0000,1199,106,2024-12-30 09:13:09.416009
33775,0000,1199,106,2024-12-30 09:13:09.432246
04913,0000,1199,106,2024-12-30 09:13:09.448230
02574,0000,1199,106,2024-12-30 09:13:09.464226
13746,0000,1199,106,2024-12-30 09:13:09.480231
23268,0000,1199,106,2024-12-30 09:13:09.496218
03840,0000,1199,106,2024-12-30 09:13:09.512221
04054,0000,1199,106,2024-12-30 09:13:09.528210
28611,0000,1199,106,2024-12-30 09:13:09.544212
04622,0000,1199,106,2024-12-30 09:13:09.575639
04674,0000,1199,106,2024-12-30 09:13:09.592204
00609,0000,1199,106,2024-12-30 09:13:09.608205
04214,0000,1199,106,2024-12-30 09:13:09.624197
11548,0000,1199,106,2024-12-30 09:13:09.640186
03069,0000,1199,106,2024-12-30 09:13:09.656191
04602,0000,1199,106,2024-12-30 09:13:09.672183
31683,0000,1199,106,2024-12-30 09:13:09.688184
29778,0000,1199,106,2024-12-30 09:13:09.704175
44033,0000,1199,106,2024-12-30 09:13:09.720176
37736,0000,1199,106,2024-12-30 09:13:09.752031
03468,0000,1199,106,2024-12-30 09:13:09.768159
13244,0000,1200,106,2024-12-30 09:13:09.784170
21161,0000,1199,106,2024-12-30 09:13:09.800156
01504,0000,1199,106,2024-12-30 09:13:09.816158
01871,0000,1199,106,2024-12-30 09:13:09.832159
15520,0000,1199,106,2024-12-30 09:13:09.848162
02146,0000,1199,106,2024-12-30 09:13:09.864166
05366,0000,1199,106,2024-12-30 09:13:09.880164
40240,0000,1199,106,2024-12-30 09:13:09.911680
39114,0000,1199,106,2024-12-30 09:13:09.928174
33082,0000,1199,106,2024-12-30 09:13:09.944172
02062,0001,1199,106,2024-12-30 09:13:09.960182
09114,0000,1199,106,2024-12-30 09:13:09.976180
04557,0000,1199,106,2024-12-30 09:13:09.992179
02810,0000,1199,106,2024-12-30 09:13:10.008180
31004,0000,1199,106,2024-12-30 09:13:10.024114
03152,0000,1199,106,2024-12-30 09:13:10.040111
03179,0000,1199,106,2024-12-30 09:13:10.056110
20405,0000,1199,106,2024-12-30 09:13:10.088041
24531,0000,1199,106,2024-12-30 09:13:10.104104
27060,0000,1199,106,2024-12-30 09:13:10.120100
26513,0000,1199,106,2024-12-30 09:13:10.136102
16644,0000,1199,106,2024-12-30 09:13:10.152090
12313,0000,1199,106,2024-12-30 09:13:10.168091
14943,0000,1199,106,2024-12-30 09:13:10.184088
01984,0000,1199,106,2024-12-30 09:13:10.200085
31413,0001,1199,106,2024-12-30 09:13:10.216091
02430,0000,1199,106,2024-12-30 09:13:10.247699
24675,0000,1199,106,2024-12-30 09:13:10.264073
06858,0000,1200,106,2024-12-30 09:13:10.280072
41013,0000,1199,106,2024-12-30 09:13:10.296061
02149,0000,1199,106,2024-12-30 09:13:10.312065
20172,0000,1199,106,2024-12-30 09:13:10.328062
03001,0000,1199,106,2024-12-30 09:13:10.344060
17944,0001,1199,106,2024-12-30 09:13:10.360044
03665,0000,1199,106,2024-12-30 09:13:10.376043
03979,0000,1199,106,2024-12-30 09:13:10.392042
50644,0000,1199,106,2024-12-30 09:13:10.424033
23133,0000,1199,106,2024-12-30 09:13:10.440039
02710,0000,1199,106,2024-12-30 09:13:10.456036
04795,0000,1200,106,2024-12-30 09:13:10.472037
05462,0000,1199,106,2024-12-30 09:13:10.488021
13024,0000,1200,106,2024-12-30 09:13:10.504019
45506,0000,1199,106,2024-12-30 09:13:10.520023
16319,0000,1199,106,2024-12-30 09:13:10.536012
28236,0000,1199,106,2024-12-30 09:13:10.552015
01923,0000,1199,106,2024-12-30 09:13:10.583708
23852,0000,1199,106,2024-12-30 09:13:10.600010
04149,0000,1199,106,2024-12-30 09:13:10.616010
03105,0000,1199,106,2024-12-30 09:13:10.631994
10950,0000,1199,106,2024-12-30 09:13:10.647988
05405,0000,1199,106,2024-12-30 09:13:10.663996
04602,0000,1199,106,2024-12-30 09:13:10.679997
06120,0000,1199,106,2024-12-30 09:13:10.695982
00689,0000,1199,106,2024-12-30 09:13:10.711988
01148,0000,1199,106,2024-12-30 09:13:10.743364
02691,0000,1200,106,2024-12-30 09:13:10.759980
00529,0000,1199,106,2024-12-30 09:13:10.775971
25908,0000,1199,106,2024-12-30 09:13:10.791965
16269,0000,1199,106,2024-12-30 09:13:10.807959
06928,0000,1199,106,2024-12-30 09:13:10.823971
03596,0000,1200,106,2024-12-30 09:13:10.839955
01982,0000,1200,106,2024-12-30 09:13:10.855964
41620,0000,1200,106,2024-12-30 09:13:10.871947
35484,0000,1199,106,2024-12-30 09:13:10.887951
35536,0000,1199,106,2024-12-30 09:13:10.919740
22282,0000,1200,106,2024-12-30 09:13:10.935938
05423,0000,1199,106,2024-12-30 09:13:10.951936
59036,0000,1199,106,2024-12-30 09:13:10.967933
12667,0000,1200,106,2024-12-30 09:13:10.983928
25738,0000,1199,106,2024-12-30 09:13:10.999933
00749,0000,1199,106,2024-12-30 09:13:11.015917
14297,0000,1200,106,2024-12-30 09:13:11.031924
07755,0000,1200,106,2024-12-30 09:13:11.047916
03035,0001,1199,106,2024-12-30 09:13:11.079365
39449,0000,1199,106,2024-12-30 09:13:11.095906
04662,0000,1199,106,2024-12-30 09:13:11.111905
04607,0000,1200,106,2024-12-30 09:13:11.127906
48195,0000,1200,106,2024-12-30 09:13:11.143894
47510,0000,1199,106,2024-12-30 09:13:11.159899
29591,0000,1199,106,2024-12-30 09:13:11.175891
04641,0000,1200,106,2024-12-30 09:13:11.191893
49961,0001,1200,106,2024-12-30 09:13:11.207886
03779,0000,1200,106,2024-12-30 09:13:11.223890
02809,0000,1200,106,2024-12-30 09:13:11.255768
02959,0000,1200,106,2024-12-30 09:13:11.271877
01418,0000,1200,106,2024-12-30 09:13:11.287876
25600,0000,1199,106,2024-12-30 09:13:11.303869
01468,0000,1199,106,2024-12-30 09:13:11.319866
21444,0000,1200,106,2024-12-30 09:13:11.335865
01444,0000,1200,106,2024-12-30 09:13:11.351853
10029,0000,1200,106,2024-12-30 09:13:11.367863
45032,0000,1200,106,2024-12-30 09:13:11.383855
39124,0000,1199,106,2024-12-30 09:13:11.415391
01795,0000,1200,106,2024-12-30 09:13:11.431854
04624,0000,1199,106,2024-12-30 09:13:11.447840
04643,0000,1200,106,2024-12-30 09:13:11.463834
03747,0000,1199,106,2024-12-30 09:13:11.479835
05399,0000,1200,106,2024-12-30 09:13:11.495833
02470,0000,1200,106,2024-12-30 09:13:11.511832
04304,0000,1200,106,2024-12-30 09:13:11.527823
15137,0000,1200,106,2024-12-30 09:13:11.543824
01326,0000,1199,106,2024-12-30 09:13:11.559816
34895,0000,1200,106,2024-12-30 09:13:11.591786
44660,0000,1199,106,2024-12-30 09:13:11.607807
24960,0000,1199,106,2024-12-30 09:13:11.623799
52249,0000,1199,106,2024-12-30 09:13:11.639803
16657,0000,1200,106,2024-12-30 09:13:11.655794
12784,0000,1200,106,2024-12-30 09:13:11.671794
02311,0000,1199,106,2024-12-30 09:13:11.687787
31337,0000,1199,106,2024-12-30 09:13:11.703789
58452,0000,1200,106,2024-12-30 09:13:11.719785
55676,0000,1200,106,2024-12-30 09:13:11.751430
56465,0000,1200,106,2024-12-30 09:13:11.767783
05150,0000,1200,106,2024-12-30 09:13:11.783778
38551,0000,1200,106,2024-12-30 09:13:11.799765
18983,0000,1200,106,2024-12-30 09:13:11.815770
08560,0000,1200,106,2024-12-30 09:13:11.831763
00991,0000,1200,106,2024-12-30 09:13:11.847770
48163,0000,1200,106,2024-12-30 09:13:11.863756
30167,0000,1200,106,2024-12-30 09:13:11.879756
04774,0000,1200,106,2024-12-30 09:13:11.911086
21847,0000,1200,106,2024-12-30 09:13:11.927753
17438,0000,1200,106,2024-12-30 09:13:11.943753
03795,0001,1200,106,2024-12-30 09:13:11.959742
50844,0000,1200,106,2024-12-30 09:13:11.975737
28330,0000,1200,106,2024-12-30 09:13:11.991732
00353,0000,1200,106,2024-12-30 09:13:12.007742
59208,0000,1200,106,2024-12-30 09:13:12.023724
38660,0000,1200,106,2024-12-30 09:13:12.039721
05477,0000,1200,106,2024-12-30 09:13:12.055725
03765,0000,1200,106,2024-12-30 09:13:12.087470
00671,0000,1200,106,2024-12-30 09:13:12.103710
04439,0000,1200,106,2024-12-30 09:13:12.119702
04661,0000,1200,106,2024-12-30 09:13:12.135702
01082,0000,1200,106,2024-12-30 09:13:12.151705
01506,0000,1199,106,2024-12-30 09:13:12.167707
02500,0000,1200,106,2024-12-30 09:13:12.183690
29201,0000,1200,106,2024-12-30 09:13:12.199694
11316,0000,1200,106,2024-12-30 09:13:12.215683
44014,0000,1200,106,2024-12-30 09:13:12.247127
29135,0000,1200,106,2024-12-30 09:13:12.263682
49047,0000,1200,106,2024-12-30 09:13:12.279677
49159,0000,1200,106,2024-12-30 09:13:12.295682
21388,0000,1200,106,2024-12-30 09:13:12.311698
04413,0000,1200,106,2024-12-30 09:13:12.327670
35334,0000,1200,106,2024-12-30 09:13:12.343659
19425,0000,1200,106,2024-12-30 09:13:12.359658
04859,0000,1200,106,2024-12-30 09:13:12.375654
37869,0000,1200,106,2024-12-30 09:13:12.391652
06203,0000,1200,106,2024-12-30 09:13:12.423489
24795,0000,1200,106,2024-12-30 09:13:12.439637
03455,0000,1200,106,2024-12-30 09:13:12.455636
23404,0000,1200,106,2024-12-30 09:13:12.471634
65282,0000,1200,106,2024-12-30 09:13:12.487635
11705,0000,1200,106,2024-12-30 09:13:12.503631
03888,0000,1200,106,2024-12-30 09:13:12.519628
17997,0000,1200,106,2024-12-30 09:13:12.535621
04043,0000,1200,106,2024-12-30 09:13:12.551623
37090,0000,1200,106,2024-12-30 09:13:12.583136
57402,0000,1200,106,2024-12-30 09:13:12.599607
17410,0000,1200,106,2024-12-30 09:13:12.615613
35380,0000,1200,106,2024-12-30 09:13:12.631603
11074,0000,1200,106,2024-12-30 09:13:12.647611
05458,0000,1200,106,2024-12-30 09:13:12.663597
32917,0000,1200,106,2024-12-30 09:13:12.679598
24843,0000,1200,106,2024-12-30 09:13:12.695596
13344,0000,1200,106,2024-12-30 09:13:12.711580
01266,0000,1200,106,2024-12-30 09:13:12.727584
00328,0000,1200,106,2024-12-30 09:13:12.759508
03528,0000,1200,106,2024-12-30 09:13:12.775579
00476,0000,1200,106,2024-12-30 09:13:12.791576
18883,0000,1200,106,2024-12-30 09:13:12.807571
21358,0000,1200,106,2024-12-30 09:13:12.823562
30425,0000,1200,106,2024-12-30 09:13:12.839565
03852,0000,1200,106,2024-12-30 09:13:12.855568
10104,0000,1200,106,2024-12-30 09:13:12.871555
10928,0000,1200,106,2024-12-30 09:13:12.887559
12064,0000,1200,106,2024-12-30 09:13:12.919153
04480,0000,1200,106,2024-12-30 09:13:12.935549
15762,0000,1200,106,2024-12-30 09:13:12.951549
00597,0000,1200,106,2024-12-30 09:13:12.967548
39369,0000,1200,106,2024-12-30 09:13:12.983549
00950,0000,1200,106,2024-12-30 09:13:12.999551
03954,0000,1200,106,2024-12-30 09:13:13.015557
01895,0000,1200,106,2024-12-30 09:13:13.031566
60261,0000,1200,106,2024-12-30 09:13:13.047563
05341,0000,1200,106,2024-12-30 09:13:13.063566
11597,0000,1200,106,2024-12-30 09:13:13.095575
11532,0000,1200,106,2024-12-30 09:13:13.111571
16384,0000,1200,106,2024-12-30 09:13:13.127571
04642,0000,1200,106,2024-12-30 09:13:13.143570
15268,0000,1200,106,2024-12-30 09:13:13.159501
03922,0000,1200,106,2024-12-30 09:13:13.175508
44722,0000,1200,106,2024-12-30 09:13:13.191497
50844,0000,1200,106,2024-12-30 09:13:13.207498
14644,0000,1200,106,2024-12-30 09:13:13.223497
54034,0000,1200,106,2024-12-30 09:13:13.255170
30146,0000,1200,106,2024-12-30 09:13:13.271474
00750,0000,1200,106,2024-12-30 09:13:13.287479
30422,0000,1200,106,2024-12-30 09:13:13.303491
02946,0000,1200,106,2024-12-30 09:13:13.319472
01993,0000,1200,106,2024-12-30 09:13:13.335473
03015,0000,1200,106,2024-12-30 09:13:13.351476
20386,0000,1200,106,2024-12-30 09:13:13.367460
41711,0000,1200,106,2024-12-30 09:13:13.383462
13377,0000,1200,106,2024-12-30 09:13:13.414828
54153,0000,1200,106,2024-12-30 09:13:13.431449
29401,0000,1200,106,2024-12-30 09:13:13.447459
12314,0000,1200,106,2024-12-30 09:13:13.463451
04184,0000,1200,106,2024-12-30 09:13:13.479453
02367,0000,1200,106,2024-12-30 09:13:13.495439
09707,0000,1200,106,2024-12-30 09:13:13.511432
00506,0000,1200,106,2024-12-30 09:13:13.527435
02611,0000,1200,106,2024-12-30 09:13:13.543426
04497,0000,1200,106,2024-12-30 09:13:13.559430
19531,0000,1200,106,2024-12-30 09:13:13.591206
29524,0000,1200,106,2024-12-30 09:13:13.607411
02970,0000,1200,106,2024-12-30 09:13:13.623412
05542,0000,1200,106,2024-12-30 09:13:13.639408
04563,0000,1200,106,2024-12-30 09:13:13.655408
07712,0000,1200,106,2024-12-30 09:13:13.671400
02645,0000,1200,106,2024-12-30 09:13:13.687401
39911,0000,1200,106,2024-12-30 09:13:13.703398
03859,0000,1200,106,2024-12-30 09:13:13.719396
24943,0000,1200,106,2024-12-30 09:13:13.750844
23225,0000,1200,106,2024-12-30 09:13:13.767377
06018,0000,1200,106,2024-12-30 09:13:13.783381
32009,0000,1200,106,2024-12-30 09:13:13.799379
24425,0000,1200,106,2024-12-30 09:13:13.815366
04928,0000,1200,106,2024-12-30 09:13:13.831378
49623,0000,1200,106,2024-12-30 09:13:13.847369
31981,0000,1200,106,2024-12-30 09:13:13.863368
17683,0000,1200,106,2024-12-30 09:13:13.879357
04461,0000,1200,106,2024-12-30 09:13:13.895361
24841,0000,1200,106,2024-12-30 09:13:13.927248
01587,0000,1200,106,2024-12-30 09:13:13.943343
26111,0000,1200,106,2024-12-30 09:13:13.959351
03078,0000,1200,106,2024-12-30 09:13:13.975342
03094,0000,1200,106,2024-12-30 09:13:13.991341
00568,0000,1200,106,2024-12-30 09:13:14.007333
04695,0000,1200,106,2024-12-30 09:13:14.023331
00208,0000,1200,106,2024-12-30 09:13:14.039328
02142,0000,1200,106,2024-12-30 09:13:14.055317
41930,0000,1200,106,2024-12-30 09:13:14.086860
44985,0000,1200,106,2024-12-30 09:13:14.103321
12219,0000,1200,106,2024-12-30 09:13:14.119318
26747,0000,1200,106,2024-12-30 09:13:14.135324
38666,0000,1200,106,2024-12-30 09:13:14.151302
25208,0000,1200,106,2024-12-30 09:13:14.167305
29446,0001,1200,106,2024-12-30 09:13:14.183300
11614,0000,1200,106,2024-12-30 09:13:14.199288
21091,0000,1200,106,2024-12-30 09:13:14.215292
42273,0000,1200,106,2024-12-30 09:13:14.231293
00752,0000,1200,106,2024-12-30 09:13:14.263241
03768,0000,1200,106,2024-12-30 09:13:14.279289
01498,0000,1200,106,2024-12-30 09:13:14.295270
05244,0000,1200,106,2024-12-30 09:13:14.311282
02096,0000,1200,106,2024-12-30 09:13:14.327269
18078,0000,1200,106,2024-12-30 09:13:14.343268
13794,0000,1200,106,2024-12-30 09:13:14.359266
01401,0000,1200,106,2024-12-30 09:13:14.375262
19756,0000,1200,106,2024-12-30 09:13:14.391257
03235,0000,1200,106,2024-12-30 09:13:14.422884
14054,0000,1201,106,2024-12-30 09:13:14.439257
04243,0000,1200,106,2024-12-30 09:13:14.455246
01765,0000,1200,106,2024-12-30 09:13:14.471250
03902,0000,1200,106,2024-12-30 09:13:14.487245
12968,0001,1200,106,2024-12-30 09:13:14.503244
22817,0000,1201,106,2024-12-30 09:13:14.519245
05302,0000,1201,106,2024-12-30 09:13:14.535229
08130,0000,1200,106,2024-12-30 09:13:14.551235
36911,0000,1200,106,2024-12-30 09:13:14.582546
24129,0000,1200,106,2024-12-30 09:13:14.599217
41623,0000,1201,106,2024-12-30 09:13:14.615227
43297,0000,1200,106,2024-12-30 09:13:14.631216
03270,0000,1201,106,2024-12-30 09:13:14.647221
04655,0000,1201,106,2024-12-30 09:13:14.663208
10256,0000,1200,106,2024-12-30 09:13:14.679197
31739,0001,1200,106,2024-12-30 09:13:14.695204
23440,0000,1200,106,2024-12-30 09:13:14.711204
48915,0000,1201,106,2024-12-30 09:13:14.727196
12410,0000,1201,106,2024-12-30 09:13:14.758946
23711,0000,1200,106,2024-12-30 09:13:14.775189
04346,0000,1201,106,2024-12-30 09:13:14.791187
19191,0000,1201,106,2024-12-30 09:13:14.807180
05298,0000,1200,106,2024-12-30 09:13:14.823180
00579,0000,1201,106,2024-12-30 09:13:14.839173
03275,0000,1201,106,2024-12-30 09:13:14.855180
00681,0000,1200,106,2024-12-30 09:13:14.871163
01099,0000,1201,106,2024-12-30 09:13:14.887165
03510,0001,1200,106,2024-12-30 09:13:14.918557
02181,0000,1201,106,2024-12-30 09:13:14.935155
55054,0000,1200,106,2024-12-30 09:13:14.951148
04754,0000,1200,106,2024-12-30 09:13:14.967143
28597,0000,1200,106,2024-12-30 09:13:14.983136
49625,0000,1200,106,2024-12-30 09:13:14.999138
08379,0000,1200,106,2024-12-30 09:13:15.015143
22472,0000,1200,106,2024-12-30 09:13:15.031145
19248,0000,1201,106,2024-12-30 09:13:15.047127
23230,0000,1201,106,2024-12-30 09:13:15.063129
03782,0001,1201,106,2024-12-30 09:13:15.094969
34654,0000,1200,106,2024-12-30 09:13:15.111121
16962,0000,1200,106,2024-12-30 09:13:15.127114
21973,0000,1200,106,2024-12-30 09:13:15.143114
03298,0000,1200,106,2024-12-30 09:13:15.159114
03750,0000,1201,106,2024-12-30 09:13:15.175109
27596,0000,1200,106,2024-12-30 09:13:15.191103
06237,0000,1201,106,2024-12-30 09:13:15.207105
18639,0000,1201,106,2024-12-30 09:13:15.223099
02893,0000,1201,106,2024-12-30 09:13:15.254609
03901,0000,1201,106,2024-12-30 09:13:15.271106
62615,0000,1201,106,2024-12-30 09:13:15.287098
04903,0000,1201,106,2024-12-30 09:13:15.303099
05101,0000,1201,106,2024-12-30 09:13:15.319083
00658,0000,1201,106,2024-12-30 09:13:15.335090
17755,0000,1201,106,2024-12-30 09:13:15.351074
27238,0000,1201,106,2024-12-30 09:13:15.367077
00743,0000,1201,106,2024-12-30 09:13:15.383069
21602,0000,1200,106,2024-12-30 09:13:15.399075
28682,0000,1201,106,2024-12-30 09:13:15.430992
03940,0000,1200,106,2024-12-30 09:13:15.447063
56816,0000,1201,106,2024-12-30 09:13:15.463054
01889,0000,1201,106,2024-12-30 09:13:15.479057
25556,0000,1201,106,2024-12-30 09:13:15.495042
21677,0000,1200,106,2024-12-30 09:13:15.511057
09575,0000,1200,106,2024-12-30 09:13:15.527041
47297,0000,1201,106,2024-12-30 09:13:15.543044
07033,0000,1201,106,2024-12-30 09:13:15.559051
26427,0000,1200,106,2024-12-30 09:13:15.590636
04585,0000,1201,106,2024-12-30 09:13:15.607032
29497,0000,1201,106,2024-12-30 09:13:15.623038
00772,0000,1201,106,2024-12-30 09:13:15.639026
39945,0000,1201,106,2024-12-30 09:13:15.655020
05080,0000,1201,106,2024-12-30 09:13:15.671018
19627,0000,1201,106,2024-12-30 09:13:15.687019
00630,0000,1201,106,2024-12-30 09:13:15.703004
00984,0001,1201,106,2024-12-30 09:13:15.718999
05236,0000,1201,106,2024-12-30 09:13:15.735009
08157,0000,1200,106,2024-12-30 09:13:15.767000
62389,0000,1201,106,2024-12-30 09:13:15.782993
00359,0000,1201,106,2024-12-30 09:13:15.798993
10906,0000,1201,106,2024-12-30 09:13:15.814996
23515,0000,1201,106,2024-12-30 09:13:15.830983
35350,0000,1201,106,2024-12-30 09:13:15.846990
03359,0000,1201,106,2024-12-30 09:13:15.862974
49797,0000,1201,106,2024-12-30 09:13:15.878983
30021,0000,1201,106,2024-12-30 09:13:15.894974
14294,0000,1201,106,2024-12-30 09:13:15.926651
01938,0000,1201,106,2024-12-30 09:13:15.942971
09866,0000,1201,106,2024-12-30 09:13:15.958956
03827,0000,1201,106,2024-12-30 09:13:15.974954
03805,0000,1201,106,2024-12-30 09:13:15.990951
03887,0000,1201,106,2024-12-30 09:13:16.006956
01377,0000,1201,106,2024-12-30 09:13:16.022945
04666,0000,1201,106,2024-12-30 09:13:16.038946
43063,0000,1201,106,2024-12-30 09:13:16.054939
07828,0000,1201,106,2024-12-30 09:13:16.086292
22148,0000,1201,106,2024-12-30 09:13:16.102948
46629,0000,1200,106,2024-12-30 09:13:16.118956
13017,0000,1201,106,2024-12-30 09:13:16.134948
03634,0000,1201,106,2024-12-30 09:13:16.150946
44827,0000,1201,106,2024-12-30 09:13:16.166949
50773,0000,1201,106,2024-12-30 09:13:16.182953
24272,0000,1201,106,2024-12-30 09:13:16.198955
29418,0000,1201,106,2024-12-30 09:13:16.214957
62824,0000,1201,106,2024-12-30 09:13:16.230961
04640,0001,1201,106,2024-12-30 09:13:16.262711
04564,0000,1201,106,2024-12-30 09:13:16.278893
55905,0001,1201,106,2024-12-30 09:13:16.294901
00179,0000,1201,106,2024-12-30 09:13:16.310903
13339,0000,1201,106,2024-12-30 09:13:16.326892
44710,0000,1201,106,2024-12-30 09:13:16.342882
01933,0000,1201,106,2024-12-30 09:13:16.358881
05063,0000,1201,106,2024-12-30 09:13:16.374874
01120,0000,1201,106,2024-12-30 09:13:16.390879
17044,0000,1201,106,2024-12-30 09:13:16.422323
46508,0001,1201,106,2024-12-30 09:13:16.438863
31723,0000,1201,106,2024-12-30 09:13:16.454866
00615,0001,1201,106,2024-12-30 09:13:16.470869
17045,0000,1201,106,2024-12-30 09:13:16.486853
19429,0000,1201,106,2024-12-30 09:13:16.502860
62766,0000,1201,106,2024-12-30 09:13:16.518846
00456,0000,1201,106,2024-12-30 09:13:16.534853
10804,0000,1201,106,2024-12-30 09:13:16.550838
03815,0000,1201,106,2024-12-30 09:13:16.566846
01845,0000,1201,106,2024-12-30 09:13:16.598703
01785,0000,1201,106,2024-12-30 09:13:16.614827
03880,0000,1201,106,2024-12-30 09:13:16.630837
24902,0000,1201,106,2024-12-30 09:13:16.646823
23012,0000,1201,106,2024-12-30 09:13:16.662828
03812,0000,1201,106,2024-12-30 09:13:16.678820
07529,0000,1201,106,2024-12-30 09:13:16.694823
38395,0000,1201,106,2024-12-30 09:13:16.710811
04574,0000,1201,106,2024-12-30 09:13:16.726813
04545,0000,1201,106,2024-12-30 09:13:16.758345
28330,0000,1201,106,2024-12-30 09:13:16.774802
04693,0000,1201,106,2024-12-30 09:13:16.790798
02094,0000,1201,106,2024-12-30 09:13:16.806796
02224,0000,1201,106,2024-12-30 09:13:16.822801
19208,0000,1201,106,2024-12-30 09:13:16.838795
53458,0000,1201,106,2024-12-30 09:13:16.854793
03052,0000,1201,106,2024-12-30 09:13:16.870797
04563,0000,1201,106,2024-12-30 09:13:16.886782
21140,0000,1201,106,2024-12-30 09:13:16.902784
17036,0000,1201,106,2024-12-30 09:13:16.934739
32873,0000,1201,106,2024-12-30 09:13:16.950769
31688,0000,1201,106,2024-12-30 09:13:16.966762
04887,0000,1201,106,2024-12-30 09:13:16.982764
17825,0000,1201,106,2024-12-30 09:13:16.998769
55104,0000,1201,106,2024-12-30 09:13:17.014756
03109,0000,1201,106,2024-12-30 09:13:17.030745
30129,0001,1201,106,2024-12-30 09:13:17.046745
47522,0000,1201,106,2024-12-30 09:13:17.062735
10893,0000,1201,106,2024-12-30 09:13:17.094358
49799,0000,1201,106,2024-12-30 09:13:17.110732
34795,0000,1201,106,2024-12-30 09:13:17.126726
60772,0000,1201,106,2024-12-30 09:13:17.142731
04319,0000,1201,106,2024-12-30 09:13:17.158725
08377,0000,1201,106,2024-12-30 09:13:17.174724
17025,0000,1201,106,2024-12-30 09:13:17.190716
23805,0000,1201,106,2024-12-30 09:13:17.206718
04565,0000,1201,106,2024-12-30 09:13:17.222711
05154,0000,1201,106,2024-12-30 09:13:17.238722
02395,0000,1201,106,2024-12-30 09:13:17.270719
27633,0000,1202,106,2024-12-30 09:13:17.286723
07819,0000,1201,106,2024-12-30 09:13:17.302722
00635,0000,1201,106,2024-12-30 09:13:17.318706
48122,0000,1201,106,2024-12-30 09:13:17.334695
04641,0001,1201,106,2024-12-30 09:13:17.350698
34604,0000,1201,106,2024-12-30 09:13:17.366694
02288,0000,1201,106,2024-12-30 09:13:17.382693
05592,0000,1201,106,2024-12-30 09:13:17.398680
04554,0000,1201,106,2024-12-30 09:13:17.430387
04544,0000,1201,106,2024-12-30 09:13:17.446681
04825,0000,1201,106,2024-12-30 09:13:17.462670
27688,0000,1201,106,2024-12-30 09:13:17.478665
39948,0000,1201,106,2024-12-30 09:13:17.494659
01104,0000,1201,106,2024-12-30 09:13:17.510670
03873,0000,1202,106,2024-12-30 09:13:17.526657
13997,0000,1201,106,2024-12-30 09:13:17.542652
30840,0000,1201,106,2024-12-30 09:13:17.558646
37638,0000,1201,106,2024-12-30 09:13:17.590028
36761,0000,1201,106,2024-12-30 09:13:17.606650
36844,0000,1201,106,2024-12-30 09:13:17.622642
10538,0000,1201,106,2024-12-30 09:13:17.638641
06551,0000,1201,106,2024-12-30 09:13:17.654647
01695,0000,1201,106,2024-12-30 09:13:17.670630
04645,0001,1201,106,2024-12-30 09:13:17.686631
35457,0000,1201,106,2024-12-30 09:13:17.702628
31394,0000,1201,106,2024-12-30 09:13:17.718627
02747,0000,1201,106,2024-12-30 09:13:17.734622
01493,0000,1201,106,2024-12-30 09:13:17.766408
02864,0000,1201,106,2024-12-30 09:13:17.782606
01151,0001,1201,106,2024-12-30 09:13:17.798608
03541,0000,1201,106,2024-12-30 09:13:17.814600
31383,0001,1201,106,2024-12-30 09:13:17.830600
00616,0000,1201,106,2024-12-30 09:13:17.846598
40100,0000,1201,106,2024-12-30 09:13:17.862599
24099,0000,1201,106,2024-12-30 09:13:17.878584
05477,0000,1201,106,2024-12-30 09:13:17.894589
29247,0000,1201,106,2024-12-30 09:13:17.926052
04408,0000,1201,106,2024-12-30 09:13:17.942576
03109,0000,1201,106,2024-12-30 09:13:17.958568
33723,0000,1201,106,2024-12-30 09:13:17.974568
05445,0000,1201,106,2024-12-30 09:13:17.990564
44564,0000,1201,106,2024-12-30 09:13:18.006558
03888,0000,1201,106,2024-12-30 09:13:18.022558
15662,0000,1201,106,2024-12-30 09:13:18.038561
56025,0000,1201,106,2024-12-30 09:13:18.054543
29045,0000,1202,106,2024-12-30 09:13:18.070548
04915,0000,1201,106,2024-12-30 09:13:18.102429
03812,0000,1201,106,2024-12-30 09:13:18.118531
03933,0000,1201,106,2024-12-30 09:13:18.134539
09158,0000,1201,106,2024-12-30 09:13:18.150532
46449,0000,1202,106,2024-12-30 09:13:18.166532
00762,0000,1201,106,2024-12-30 09:13:18.182521
04537,0000,1201,106,2024-12-30 09:13:18.198523
16547,0000,1201,106,2024-12-30 09:13:18.214515
01908,0000,1201,106,2024-12-30 09:13:18.230523
09140,0000,1202,106,2024-12-30 09:13:18.262082
22253,0001,1202,106,2024-12-30 09:13:18.278507
04625,0000,1202,106,2024-12-30 09:13:18.294509
00753,0000,1201,106,2024-12-30 09:13:18.310506
45410,0000,1201,106,2024-12-30 09:13:18.326494
36831,0000,1201,106,2024-12-30 09:13:18.342502
29471,0000,1202,106,2024-12-30 09:13:18.358494
00453,0000,1201,106,2024-12-30 09:13:18.374491
01357,0000,1201,106,2024-12-30 09:13:18.390485
02221,0000,1201,106,2024-12-30 09:13:18.406482
04670,0001,1201,106,2024-12-30 09:13:18.438485
01841,0000,1201,106,2024-12-30 09:13:18.454467
41703,0001,1202,106,2024-12-30 09:13:18.470468
10124,0000,1201,106,2024-12-30 09:13:18.486463
04299,0000,1202,106,2024-12-30 09:13:18.502468
03253,0000,1202,106,2024-12-30 09:13:18.518456
00614,0000,1202,106,2024-12-30 09:13:18.534455
55615,0000,1202,106,2024-12-30 09:13:18.550458
00054,0000,1201,106,2024-12-30 09:13:18.566447
04167,0000,1202,106,2024-12-30 09:13:18.598103
00668,0000,1202,106,2024-12-30 09:13:18.614453
30132,0000,1202,106,2024-12-30 09:13:18.630450
03797,0000,1202,106,2024-12-30 09:13:18.646439
20269,0000,1202,106,2024-12-30 09:13:18.662424
02072,0000,1202,106,2024-12-30 09:13:18.678426
04456,0000,1201,106,2024-12-30 09:13:18.694423
02771,0000,1201,106,2024-12-30 09:13:18.710423
01986,0000,1202,106,2024-12-30 09:13:18.726412
01921,0000,1202,106,2024-12-30 09:13:18.757743
00096,0000,1201,106,2024-12-30 09:13:18.774405
02231,0000,1201,106,2024-12-30 09:13:18.790399
04929,0000,1201,106,2024-12-30 09:13:18.806400
03730,0000,1201,106,2024-12-30 09:13:18.822401
49037,0000,1202,106,2024-12-30 09:13:18.838406
10231,0000,1201,106,2024-12-30 09:13:18.854386
03553,0000,1202,106,2024-12-30 09:13:18.870379
20927,0000,1202,106,2024-12-30 09:13:18.886380
45710,0000,1201,106,2024-12-30 09:13:18.902374
12288,0000,1202,106,2024-12-30 09:13:18.934122
04323,0000,1202,106,2024-12-30 09:13:18.950377
25043,0000,1202,106,2024-12-30 09:13:18.966361
14375,0000,1202,106,2024-12-30 09:13:18.982362
23183,0000,1202,106,2024-12-30 09:13:18.998351
05322,0000,1201,106,2024-12-30 09:13:19.014358
07589,0000,1202,106,2024-12-30 09:13:19.030348
05095,0000,1202,106,2024-12-30 09:13:19.046349
01807,0000,1201,106,2024-12-30 09:13:19.062343
03570,0000,1202,106,2024-12-30 09:13:19.093763
01818,0000,1202,106,2024-12-30 09:13:19.110340
08299,0000,1201,106,2024-12-30 09:13:19.126328
02173,0000,1202,106,2024-12-30 09:13:19.142328
36898,0000,1202,106,2024-12-30 09:13:19.158333
14032,0000,1202,106,2024-12-30 09:13:19.174333
17858,0000,1202,106,2024-12-30 09:13:19.190319
05487,0000,1202,106,2024-12-30 09:13:19.206322
12152,0000,1202,106,2024-12-30 09:13:19.222323
18991,0000,1201,106,2024-12-30 09:13:19.238336
15832,0000,1202,106,2024-12-30 09:13:19.270172
01146,0000,1202,106,2024-12-30 09:13:19.286336
09380,0000,1202,106,2024-12-30 09:13:19.302339
01705,0000,1202,106,2024-12-30 09:13:19.318335
01366,0000,1202,106,2024-12-30 09:13:19.334341
13154,0000,1201,106,2024-12-30 09:13:19.350343
27208,0000,1201,106,2024-12-30 09:13:19.366343
04514,0000,1201,106,2024-12-30 09:13:19.382343
07660,0000,1202,106,2024-12-30 09:13:19.398352
26486,0000,1202,106,2024-12-30 09:13:19.429788
35581,0000,1202,106,2024-12-30 09:13:19.446278
03827,0000,1202,106,2024-12-30 09:13:19.462272
55993,0000,1202,106,2024-12-30 09:13:19.478267
49003,0000,1202,106,2024-12-30 09:13:19.494266
11761,0000,1202,106,2024-12-30 09:13:19.510259
18099,0000,1202,106,2024-12-30 09:13:19.526273
20982,0000,1202,106,2024-12-30 09:13:19.542260
03116,0000,1202,106,2024-12-30 09:13:19.558261
05352,0000,1201,106,2024-12-30 09:13:19.574253
04172,0000,1202,106,2024-12-30 09:13:19.606182
18743,0000,1202,106,2024-12-30 09:13:19.622245
02204,0000,1202,106,2024-12-30 09:13:19.638236
04611,0000,1202,106,2024-12-30 09:13:19.654235
63613,0000,1202,106,2024-12-30 09:13:19.670230
34490,0000,1202,106,2024-12-30 09:13:19.686224
40741,0000,1202,106,2024-12-30 09:13:19.702230
12481,0001,1202,106,2024-12-30 09:13:19.718230
10649,0000,1202,106,2024-12-30 09:13:19.734223
18880,0000,1202,106,2024-12-30 09:13:19.765804
05040,0000,1202,106,2024-12-30 09:13:19.782212
10143,0000,1202,106,2024-12-30 09:13:19.798194
05170,0000,1202,106,2024-12-30 09:13:19.814199
02759,0000,1202,106,2024-12-30 09:13:19.830197
36884,0000,1202,106,2024-12-30 09:13:19.846190
04521,0000,1202,106,2024-12-30 09:13:19.862185
22467,0000,1202,106,2024-12-30 09:13:19.878191
10909,0000,1202,106,2024-12-30 09:13:19.894181
05074,0000,1202,106,2024-12-30 09:13:19.910188
02898,0000,1202,106,2024-12-30 09:13:19.942173
30983,0000,1202,106,2024-12-30 09:13:19.958179
05274,0000,1202,106,2024-12-30 09:13:19.974172
03101,0000,1202,106,2024-12-30 09:13:19.990173
40041,0000,1202,106,2024-12-30 09:13:20.006158
40155,0001,1202,106,2024-12-30 09:13:20.022158
01749,0000,1202,106,2024-12-30 09:13:20.038147
10642,0000,1202,106,2024-12-30 09:13:20.054147
04925,0000,1202,106,2024-12-30 09:13:20.070140
44679,0000,1202,106,2024-12-30 09:13:20.101841
30359,0000,1202,106,2024-12-30 09:13:20.118145
03496,0000,1202,106,2024-12-30 09:13:20.134133
01877,0000,1202,106,2024-12-30 09:13:20.150134
13979,0000,1202,106,2024-12-30 09:13:20.166137
05040,0000,1202,106,2024-12-30 09:13:20.182118
33733,0001,1202,106,2024-12-30 09:13:20.198123
08422,0000,1202,106,2024-12-30 09:13:20.214116
02393,0000,1202,106,2024-12-30 09:13:20.230124
04269,0000,1202,106,2024-12-30 09:13:20.261484
26876,0000,1202,106,2024-12-30 09:13:20.278113
04513,0000,1202,106,2024-12-30 09:13:20.294108
24570,0000,1202,106,2024-12-30 09:13:20.310111
00578,0000,1202,106,2024-12-30 09:13:20.326099
20827,0000,1202,106,2024-12-30 09:13:20.342088
01678,0000,1202,106,2024-12-30 09:13:20.358099
04374,0000,1202,106,2024-12-30 09:13:20.374099
07044,0000,1202,106,2024-12-30 09:13:20.390087
00622,0000,1202,106,2024-12-30 09:13:20.406084
19010,0000,1202,106,2024-12-30 09:13:20.437870
01753,0000,1202,106,2024-12-30 09:13:20.454071
34573,0001,1202,106,2024-12-30 09:13:20.470079
03767,0000,1202,106,2024-12-30 09:13:20.486068
19245,0000,1202,106,2024-12-30 09:13:20.502072
01735,0000,1202,106,2024-12-30 09:13:20.518064
29790,0000,1202,106,2024-12-30 09:13:20.534061
10872,0000,1202,106,2024-12-30 09:13:20.550056
02833,0000,1202,106,2024-12-30 09:13:20.566055
09631,0000,1202,106,2024-12-30 09:13:20.597505
03123,0000,1202,106,2024-12-30 09:13:20.614041
00524,0001,1202,106,2024-12-30 09:13:20.630039
02023,0000,1202,106,2024-12-30 09:13:20.646034
46303,0000,1202,106,2024-12-30 09:13:20.662036
28656,0000,1202,106,2024-12-30 09:13:20.678028
61810,0001,1202,106,2024-12-30 09:13:20.694022
03542,0000,1202,106,2024-12-30 09:13:20.710021
02312,0000,1202,106,2024-12-30 09:13:20.726013
22414,0000,1202,106,2024-12-30 09:13:20.742013
04517,0000,1202,106,2024-12-30 09:13:20.773915
02848,0000,1202,106,2024-12-30 09:13:20.789996
04379,0000,1202,106,2024-12-30 09:13:20.806003
02059,0000,1202,106,2024-12-30 09:13:20.821996
14875,0000,1202,106,2024-12-30 09:13:20.838003
38345,0000,1202,106,2024-12-30 09:13:20.853994
03771,0000,1202,106,2024-12-30 09:13:20.869995
30517,0000,1202,106,2024-12-30 09:13:20.885993
52344,0000,1202,106,2024-12-30 09:13:20.901990
31545,0000,1202,106,2024-12-30 09:13:20.933538
01756,0000,1202,106,2024-12-30 09:13:20.949975
27972,0000,1202,106,2024-12-30 09:13:20.965969
24710,0000,1202,106,2024-12-30 09:13:20.981965
04486,0000,1202,106,2024-12-30 09:13:20.997963
20788,0000,1202,106,2024-12-30 09:13:21.013960
00581,0001,1202,106,2024-12-30 09:13:21.029965
03639,0000,1202,106,2024-12-30 09:13:21.045956
10792,0000,1202,106,2024-12-30 09:13:21.061949
07555,0000,1202,106,2024-12-30 09:13:21.077947
24309,0000,1202,106,2024-12-30 09:13:21.109930
48907,0000,1202,106,2024-12-30 09:13:21.125942
02510,0000,1202,106,2024-12-30 09:13:21.141948
02930,0000,1202,106,2024-12-30 09:13:21.157942
14583,0000,1202,106,2024-12-30 09:13:21.173951
03827,0000,1202,106,2024-12-30 09:13:21.189933
03240,0000,1202,106,2024-12-30 09:13:21.205927
49911,0000,1202,106,2024-12-30 09:13:21.221925
28691,0000,1202,106,2024-12-30 09:13:21.237932
26611,0000,1202,106,2024-12-30 09:13:21.269562
02352,0000,1202,106,2024-12-30 09:13:21.285917
02367,0000,1202,106,2024-12-30 09:13:21.301929
13183,0000,1202,106,2024-12-30 09:13:21.317911
20233,0000,1202,106,2024-12-30 09:13:21.334117
04086,0000,1202,106,2024-12-30 09:13:21.349926
44002,0000,1202,106,2024-12-30 09:13:21.365900
27158,0000,1202,106,2024-12-30 09:13:21.381898
24745,0001,1202,106,2024-12-30 09:13:21.397896
03315,0000,1202,106,2024-12-30 09:13:21.429211
01650,0000,1203,106,2024-12-30 09:13:21.445883
29125,0000,1202,106,2024-12-30 09:13:21.461868
00464,0000,1203,106,2024-12-30 09:13:21.477877
09964,0000,1202,106,2024-12-30 09:13:21.493863
04193,0000,1202,106,2024-12-30 09:13:21.509866
02655,0000,1202,106,2024-12-30 09:13:21.525866
04444,0000,1202,106,2024-12-30 09:13:21.541863
25864,0000,1202,106,2024-12-30 09:13:21.557864
05282,0000,1202,106,2024-12-30 09:13:21.573850
59391,0000,1203,106,2024-12-30 09:13:21.605595
51314,0000,1202,106,2024-12-30 09:13:21.621844
01515,0000,1202,106,2024-12-30 09:13:21.637853
39386,0000,1202,106,2024-12-30 09:13:21.653839
00374,0000,1202,106,2024-12-30 09:13:21.669835
04081,0000,1202,106,2024-12-30 09:13:21.685836
24181,0000,1202,106,2024-12-30 09:13:21.701830
03732,0000,1202,106,2024-12-30 09:13:21.717828
10790,0000,1203,106,2024-12-30 09:13:21.733826
03621,0000,1202,106,2024-12-30 09:13:21.765209
28208,0000,1202,106,2024-12-30 09:13:21.781823
02621,0000,1202,106,2024-12-30 09:13:21.797813
05281,0000,1202,106,2024-12-30 09:13:21.813818
39398,0000,1202,106,2024-12-30 09:13:21.829804
00923,0000,1202,106,2024-12-30 09:13:21.845813
53992,0000,1202,106,2024-12-30 09:13:21.861804
02429,0000,1202,106,2024-12-30 09:13:21.877807
12731,0000,1202,106,2024-12-30 09:13:21.893801
31308,0000,1202,106,2024-12-30 09:13:21.909797
02992,0000,1203,106,2024-12-30 09:13:21.941620
52247,0001,1202,106,2024-12-30 09:13:21.957795
02312,0000,1202,106,2024-12-30 09:13:21.973775
25011,0000,1202,106,2024-12-30 09:13:21.989780
13229,0000,1202,106,2024-12-30 09:13:22.005764
13274,0000,1203,106,2024-12-30 09:13:22.021780
35687,0000,1202,106,2024-12-30 09:13:22.037765
04605,0000,1203,106,2024-12-30 09:13:22.053769
00997,0001,1202,106,2024-12-30 09:13:22.069771
05292,0000,1203,106,2024-12-30 09:13:22.101246
08262,0000,1203,106,2024-12-30 09:13:22.117759
03113,0001,1202,106,2024-12-30 09:13:22.133750
35444,0000,1203,106,2024-12-30 09:13:22.149754
02168,0000,1202,106,2024-12-30 09:13:22.165738
00457,0001,1202,106,2024-12-30 09:13:22.181741
36283,0000,1203,106,2024-12-30 09:13:22.197734
00535,0000,1202,106,2024-12-30 09:13:22.213749
48911,0000,1202,106,2024-12-30 09:13:22.229731
02075,0000,1202,106,2024-12-30 09:13:22.245743
04554,0000,1203,106,2024-12-30 09:13:22.277630
04136,0000,1202,106,2024-12-30 09:13:22.293725
06204,0000,1203,106,2024-12-30 09:13:22.309711
19456,0001,1202,106,2024-12-30 09:13:22.325712
02860,0000,1203,106,2024-12-30 09:13:22.341714
00714,0000,1202,106,2024-12-30 09:13:22.357718
19917,0000,1202,106,2024-12-30 09:13:22.373716
01528,0000,1203,106,2024-12-30 09:13:22.389724
13811,0000,1203,106,2024-12-30 09:13:22.405724
09102,0001,1203,106,2024-12-30 09:13:22.437309
39263,0000,1202,106,2024-12-30 09:13:22.453731
54881,0000,1203,106,2024-12-30 09:13:22.469739
01004,0000,1202,106,2024-12-30 09:13:22.485735
05284,0000,1202,106,2024-12-30 09:13:22.501735
03843,0000,1202,106,2024-12-30 09:13:22.517736
19300,0000,1203,106,2024-12-30 09:13:22.533738
21936,0000,1202,106,2024-12-30 09:13:22.549663
38525,0000,1202,106,2024-12-30 09:13:22.565670
12404,0000,1203,106,2024-12-30 09:13:22.581661
05044,0000,1202,106,2024-12-30 09:13:22.613659
38633,0001,1203,106,2024-12-30 09:13:22.629659
04575,0001,1203,106,2024-12-30 09:13:22.645654
02580,0000,1203,106,2024-12-30 09:13:22.661642
05294,0000,1202,106,2024-12-30 09:13:22.677646
02139,0000,1203,106,2024-12-30 09:13:22.693643
02880,0000,1203,106,2024-12-30 09:13:22.709637
04685,0000,1203,106,2024-12-30 09:13:22.725644
09079,0001,1202,106,2024-12-30 09:13:22.741646
00629,0000,1203,106,2024-12-30 09:13:22.773313
02223,0000,1203,106,2024-12-30 09:13:22.789623
06854,0000,1203,106,2024-12-30 09:13:22.805624
04708,0000,1203,106,2024-12-30 09:13:22.821613
13156,0000,1203,106,2024-12-30 09:13:22.837613
01424,0000,1203,106,2024-12-30 09:13:22.853612
04948,0000,1202,106,2024-12-30 09:13:22.869619
04628,0001,1203,106,2024-12-30 09:13:22.885598
04735,0001,1202,106,2024-12-30 09:13:22.901587
03196,0000,1203,106,2024-12-30 09:13:22.932942
08699,0000,1203,106,2024-12-30 09:13:22.949589
04500,0000,1203,106,2024-12-30 09:13:22.965582
26648,0000,1203,106,2024-12-30 09:13:22.981593
02085,0000,1203,106,2024-12-30 09:13:22.997589
00659,0000,1203,106,2024-12-30 09:13:23.013586
36693,0000,1203,106,2024-12-30 09:13:23.029578
01443,0000,1203,106,2024-12-30 09:13:23.045578
01824,0000,1202,106,2024-12-30 09:13:23.061570
07474,0000,1203,106,2024-12-30 09:13:23.077569
03764,0000,1203,106,2024-12-30 09:13:23.109329
03872,0000,1203,106,2024-12-30 09:13:23.125564
40176,0000,1203,106,2024-12-30 09:13:23.141569
27635,0000,1203,106,2024-12-30 09:13:23.157555
52616,0001,1203,106,2024-12-30 09:13:23.173550
08501,0000,1203,106,2024-12-30 09:13:23.189539
03778,0000,1203,106,2024-12-30 09:13:23.205532
14757,0000,1203,106,2024-12-30 09:13:23.221536
02324,0000,1203,106,2024-12-30 09:13:23.237548
01234,0000,1203,106,2024-12-30 09:13:23.268968
09118,0001,1203,106,2024-12-30 09:13:23.285537
43117,0001,1203,106,2024-12-30 09:13:23.301537
04532,0001,1203,106,2024-12-30 09:13:23.317534
02307,0000,1203,106,2024-12-30 09:13:23.333513
43392,0000,1203,106,2024-12-30 09:13:23.349512
30823,0000,1203,106,2024-12-30 09:13:23.365506
26165,0002,1203,106,2024-12-30 09:13:23.381507
02165,0000,1203,106,2024-12-30 09:13:23.397503
01366,0000,1203,106,2024-12-30 09:13:23.413503
05364,0000,1203,106,2024-12-30 09:13:23.445354
30185,0000,1203,106,2024-12-30 09:13:23.461490
00193,0001,1203,106,2024-12-30 09:13:23.477489
19402,0001,1203,106,2024-12-30 09:13:23.493480
16365,0000,1203,106,2024-12-30 09:13:23.509483
37898,0000,1203,106,2024-12-30 09:13:23.525485
13834,0000,1203,106,2024-12-30 09:13:23.541471
03810,0000,1203,106,2024-12-30 09:13:23.557465
33879,0000,1203,106,2024-12-30 09:13:23.573463
00640,0000,1203,106,2024-12-30 09:13:23.604988
41625,0000,1203,106,2024-12-30 09:13:23.621454
05494,0000,1203,106,2024-12-30 09:13:23.637455
31515,0000,1203,106,2024-12-30 09:13:23.653457
02960,0001,1203,106,2024-12-30 09:13:23.669445
34617,0000,1203,106,2024-12-30 09:13:23.685444
03888,0000,1203,106,2024-12-30 09:13:23.701439
20083,0000,1203,106,2024-12-30 09:13:23.717445
63657,0001,1203,106,2024-12-30 09:13:23.733438
56592,0000,1203,106,2024-12-30 09:13:23.749433
31105,0000,1203,106,2024-12-30 09:13:23.781382
26759,0000,1203,106,2024-12-30 09:13:23.797427
30736,0000,1203,106,2024-12-30 09:13:23.813424
05394,0000,1203,106,2024-12-30 09:13:23.829416
14569,0000,1203,106,2024-12-30 09:13:23.845412
13110,0000,1203,106,2024-12-30 09:13:23.861416
01942,0001,1203,106,2024-12-30 09:13:23.877405
03481,0000,1203,106,2024-12-30 09:13:23.893410
05457,0000,1203,106,2024-12-30 09:13:23.909416
04989,0000,1203,106,2024-12-30 09:13:23.941010
04288,0000,1203,106,2024-12-30 09:13:23.957388
03048,0000,1203,106,2024-12-30 09:13:23.973390
04508,0000,1203,106,2024-12-30 09:13:23.989383
19092,0000,1203,106,2024-12-30 09:13:24.005383
23729,0000,1203,106,2024-12-30 09:13:24.021381
03004,0001,1203,106,2024-12-30 09:13:24.037392
34778,0000,1203,106,2024-12-30 09:13:24.053380
06146,0001,1203,106,2024-12-30 09:13:24.069383
00537,0000,1203,106,2024-12-30 09:13:24.085375
49029,0000,1203,106,2024-12-30 09:13:24.117368
02531,0000,1203,106,2024-12-30 09:13:24.133367
15130,0001,1203,106,2024-12-30 09:13:24.149362
07296,0000,1203,106,2024-12-30 09:13:24.165353
03009,0000,1203,106,2024-12-30 09:13:24.181351
03847,0000,1203,106,2024-12-30 09:13:24.197351
05394,0000,1203,106,2024-12-30 09:13:24.213348
34741,0000,1203,106,2024-12-30 09:13:24.229342
60181,0000,1203,106,2024-12-30 09:13:24.245352
01017,0000,1203,106,2024-12-30 09:13:24.277053
21914,0000,1203,106,2024-12-30 09:13:24.293335
04757,0000,1203,106,2024-12-30 09:13:24.309333
05124,0000,1203,106,2024-12-30 09:13:24.325318
12500,0000,1203,106,2024-12-30 09:13:24.341320
07903,0000,1203,106,2024-12-30 09:13:24.357312
01195,0000,1203,106,2024-12-30 09:13:24.373304
02219,0000,1203,106,2024-12-30 09:13:24.389307
26224,0000,1203,106,2024-12-30 09:13:24.405308
01449,0000,1203,106,2024-12-30 09:13:24.436688
31343,0000,1203,106,2024-12-30 09:13:24.453299
25787,0001,1203,106,2024-12-30 09:13:24.469287
02928,0001,1203,106,2024-12-30 09:13:24.485295
00543,0000,1203,106,2024-12-30 09:13:24.501280
03891,0000,1203,106,2024-12-30 09:13:24.517289
03623,0000,1203,106,2024-12-30 09:13:24.533276
00558,0000,1203,106,2024-12-30 09:13:24.549284
32925,0000,1203,106,2024-12-30 09:13:24.565272
01532,0000,1203,106,2024-12-30 09:13:24.581273
26119,0000,1203,106,2024-12-30 09:13:24.613081
05265,0000,1203,106,2024-12-30 09:13:24.629262
01551,0000,1203,106,2024-12-30 09:13:24.645269
27174,0000,1203,106,2024-12-30 09:13:24.661254
04570,0000,1203,106,2024-12-30 09:13:24.677253
49980,0001,1203,106,2024-12-30 09:13:24.693264
03576,0000,1203,106,2024-12-30 09:13:24.709266
07385,0000,1203,106,2024-12-30 09:13:24.725241
01506,0000,1203,106,2024-12-30 09:13:24.741240
54742,0000,1203,106,2024-12-30 09:13:24.772714
13691,0000,1203,106,2024-12-30 09:13:24.789236
08801,0000,1203,106,2024-12-30 09:13:24.805234
54879,0000,1203,106,2024-12-30 09:13:24.821232
48966,0000,1203,106,2024-12-30 09:13:24.837219
36057,0000,1203,106,2024-12-30 09:13:24.853222
66195,0000,1203,106,2024-12-30 09:13:24.869220
03579,0001,1203,106,2024-12-30 09:13:24.885213
44783,0000,1203,106,2024-12-30 09:13:24.901208
00615,0000,1203,106,2024-12-30 09:13:24.917207
28126,0001,1204,106,2024-12-30 09:13:24.949094
00139,0000,1203,106,2024-12-30 09:13:24.965204
01295,0000,1203,106,2024-12-30 09:13:24.981186
04077,0000,1203,106,2024-12-30 09:13:24.997181
01380,0000,1203,106,2024-12-30 09:13:25.013178
27846,0000,1203,106,2024-12-30 09:13:25.029179
03068,0000,1203,106,2024-12-30 09:13:25.045182
00036,0000,1203,106,2024-12-30 09:13:25.061176
11378,0000,1203,106,2024-12-30 09:13:25.077175
14132,0000,1203,106,2024-12-30 09:13:25.108727
34725,0000,1203,106,2024-12-30 09:13:25.125167
07616,0000,1203,106,2024-12-30 09:13:25.141153
10413,0000,1203,106,2024-12-30 09:13:25.157161
05326,0000,1203,106,2024-12-30 09:13:25.173152
03296,0001,1203,106,2024-12-30 09:13:25.189158
02028,0000,1203,106,2024-12-30 09:13:25.205156
01547,0000,1203,106,2024-12-30 09:13:25.221138
03034,0000,1203,106,2024-12-30 09:13:25.237149
50525,0000,1203,106,2024-12-30 09:13:25.253133
49809,0001,1203,106,2024-12-30 09:13:25.285113
52595,0000,1203,106,2024-12-30 09:13:25.301143
18384,0000,1203,106,2024-12-30 09:13:25.317125
41697,0000,1203,106,2024-12-30 09:13:25.333117
04716,0001,1203,106,2024-12-30 09:13:25.349118
37814,0000,1203,106,2024-12-30 09:13:25.365116
18791,0001,1203,106,2024-12-30 09:13:25.381106
08499,0000,1204,106,2024-12-30 09:13:25.397116
03010,0000,1203,106,2024-12-30 09:13:25.413102
09359,0000,1203,106,2024-12-30 09:13:25.444770
07500,0000,1203,106,2024-12-30 09:13:25.461107
02068,0000,1203,106,2024-12-30 09:13:25.477102
01950,0000,1203,106,2024-12-30 09:13:25.493104
49077,0000,1203,106,2024-12-30 09:13:25.509109
05391,0000,1203,106,2024-12-30 09:13:25.525107
02146,0000,1203,106,2024-12-30 09:13:25.541113
10312,0000,1203,106,2024-12-30 09:13:25.557104
03500,0000,1204,106,2024-12-30 09:13:25.573113
03679,0000,1203,106,2024-12-30 09:13:25.604437
23314,0000,1203,106,2024-12-30 09:13:25.621120
01526,0000,1203,106,2024-12-30 09:13:25.637118
06811,0000,1203,106,2024-12-30 09:13:25.653118
02842,0000,1203,106,2024-12-30 09:13:25.669054
06263,0000,1203,106,2024-12-30 09:13:25.685053
39374,0000,1203,106,2024-12-30 09:13:25.701047
02987,0000,1204,106,2024-12-30 09:13:25.717056
28000,0000,1203,106,2024-12-30 09:13:25.733035
09172,0000,1203,106,2024-12-30 09:13:25.749045
05426,0000,1203,106,2024-12-30 09:13:25.780794
44872,0001,1204,106,2024-12-30 09:13:25.797035
03071,0001,1203,106,2024-12-30 09:13:25.813022
34684,0000,1203,106,2024-12-30 09:13:25.829032
56809,0001,1204,106,2024-12-30 09:13:25.845031
25176,0001,1203,106,2024-12-30 09:13:25.861040
19663,0001,1203,106,2024-12-30 09:13:25.877013
05001,0000,1203,106,2024-12-30 09:13:25.893016
04955,0000,1203,106,2024-12-30 09:13:25.909004
27890,0000,1204,106,2024-12-30 09:13:25.940408
36110,0000,1204,106,2024-12-30 09:13:25.957004
21956,0000,1203,106,2024-12-30 09:13:25.973002
37100,0000,1204,106,2024-12-30 09:13:25.989000
22394,0000,1203,106,2024-12-30 09:13:26.004992
11322,0000,1204,106,2024-12-30 09:13:26.020980
04360,0000,1204,106,2024-12-30 09:13:26.036986
60112,0000,1204,106,2024-12-30 09:13:26.052978
04168,0001,1204,106,2024-12-30 09:13:26.068983
52272,0000,1204,106,2024-12-30 09:13:26.084981
05987,0000,1204,106,2024-12-30 09:13:26.116807
31060,0000,1203,106,2024-12-30 09:13:26.132969
25154,0000,1204,106,2024-12-30 09:13:26.148960
11001,0000,1204,106,2024-12-30 09:13:26.164959
02849,0000,1204,106,2024-12-30 09:13:26.180951
05339,0000,1204,106,2024-12-30 09:13:26.196951
28760,0000,1204,106,2024-12-30 09:13:26.212945
01525,0000,1204,106,2024-12-30 09:13:26.228945
05398,0001,1204,106,2024-12-30 09:13:26.244964
09538,0000,1204,106,2024-12-30 09:13:26.276450
02066,0000,1204,106,2024-12-30 09:13:26.292926
02253,0000,1204,106,2024-12-30 09:13:26.308932
03799,0001,1204,106,2024-12-30 09:13:26.324927
04371,0000,1204,106,2024-12-30 09:13:26.340929
31276,0000,1204,106,2024-12-30 09:13:26.356921
26547,0001,1203,106,2024-12-30 09:13:26.372919
33195,0000,1204,106,2024-12-30 09:13:26.388909
00572,0000,1204,106,2024-12-30 09:13:26.404916
03014,0001,1204,106,2024-12-30 09:13:26.420913
34651,0000,1203,106,2024-12-30 09:13:26.452829
22872,0001,1204,106,2024-12-30 09:13:26.468898
02319,0000,1204,106,2024-12-30 09:13:26.484895
01486,0001,1204,106,2024-12-30 09:13:26.500884
48259,0000,1203,106,2024-12-30 09:13:26.516888
13992,0000,1204,106,2024-12-30 09:13:26.532879
02219,0000,1204,106,2024-12-30 09:13:26.548883
46442,0000,1204,106,2024-12-30 09:13:26.564879
41598,0001,1204,106,2024-12-30 09:13:26.580874
27745,0000,1204,106,2024-12-30 09:13:26.612469
02166,0000,1204,106,2024-12-30 09:13:26.628871
04148,0000,1204,106,2024-12-30 09:13:26.644877
01177,0000,1204,106,2024-12-30 09:13:26.660857
00354,0000,1204,106,2024-12-30 09:13:26.676855
28487,0000,1204,106,2024-12-30 09:13:26.692853
02078,0000,1204,106,2024-12-30 09:13:26.708847
03151,0000,1203,106,2024-12-30 09:13:26.724853
21693,0000,1204,106,2024-12-30 09:13:26.740856
01250,0000,1204,106,2024-12-30 09:13:26.756848
03119,0000,1204,106,2024-12-30 09:13:26.788839
18499,0001,1204,106,2024-12-30 09:13:26.804835
02006,0000,1204,106,2024-12-30 09:13:26.820832
13856,0001,1204,106,2024-12-30 09:13:26.836830
01765,0000,1204,106,2024-12-30 09:13:26.852831
03146,0000,1204,106,2024-12-30 09:13:26.868819
04619,0000,1204,106,2024-12-30 09:13:26.884822
26551,0000,1203,106,2024-12-30 09:13:26.900808
38598,0000,1204,106,2024-12-30 09:13:26.916816
00738,0000,1204,106,2024-12-30 09:13:26.948510
05008,0000,1204,106,2024-12-30 09:13:26.964798
05041,0000,1204,106,2024-12-30 09:13:26.980808
00223,0000,1204,106,2024-12-30 09:13:26.996800
25791,0000,1204,106,2024-12-30 09:13:27.012794
03822,0000,1204,106,2024-12-30 09:13:27.028794
05485,0000,1203,106,2024-12-30 09:13:27.044782
66128,0001,1204,106,2024-12-30 09:13:27.060784
03411,0001,1203,106,2024-12-30 09:13:27.076768
60660,0000,1203,106,2024-12-30 09:13:27.108141
02589,0000,1204,106,2024-12-30 09:13:27.124768
25016,0000,1204,106,2024-12-30 09:13:27.140771
10831,0000,1204,106,2024-12-30 09:13:27.156771
00201,0000,1204,106,2024-12-30 09:13:27.172758
14571,0000,1204,106,2024-12-30 09:13:27.188761
04345,0000,1204,106,2024-12-30 09:13:27.204752
01017,0000,1204,106,2024-12-30 09:13:27.220755
18591,0000,1203,106,2024-12-30 09:13:27.236758
03778,0000,1204,106,2024-12-30 09:13:27.252751
02711,0000,1204,106,2024-12-30 09:13:27.284513
51638,0000,1204,106,2024-12-30 09:13:27.300738
04169,0000,1204,106,2024-12-30 09:13:27.316740
00947,0000,1204,106,2024-12-30 09:13:27.332734
31333,0000,1204,106,2024-12-30 09:13:27.348723
05291,0000,1204,106,2024-12-30 09:13:27.364724
03507,0001,1204,106,2024-12-30 09:13:27.380720
21411,0001,1204,106,2024-12-30 09:13:27.396723
03001,0001,1204,106,2024-12-30 09:13:27.412725
07749,0000,1204,106,2024-12-30 09:13:27.444151
04640,0001,1204,106,2024-12-30 09:13:27.460714
05489,0000,1204,106,2024-12-30 09:13:27.476705
14655,0001,1204,106,2024-12-30 09:13:27.492706
23680,0000,1204,106,2024-12-30 09:13:27.508701
02606,0000,1204,106,2024-12-30 09:13:27.524692
03862,0001,1204,106,2024-12-30 09:13:27.540694
03730,0001,1204,106,2024-12-30 09:13:27.556700
01473,0000,1204,106,2024-12-30 09:13:27.572687
01981,0000,1204,106,2024-12-30 09:13:27.588671
56486,0001,1204,106,2024-12-30 09:13:27.620527
29587,0000,1204,106,2024-12-30 09:13:27.636678
17762,0000,1204,106,2024-12-30 09:13:27.652673
30027,0000,1204,106,2024-12-30 09:13:27.668681
61832,0000,1204,106,2024-12-30 09:13:27.684665
02392,0001,1204,106,2024-12-30 09:13:27.700666
02087,0000,1204,106,2024-12-30 09:13:27.716655
02997,0001,1204,106,2024-12-30 09:13:27.732661
21709,0000,1204,106,2024-12-30 09:13:27.748656
01192,0000,1204,106,2024-12-30 09:13:27.780185
00287,0000,1204,106,2024-12-30 09:13:27.796646
16960,0001,1204,106,2024-12-30 09:13:27.812645
36070,0000,1204,106,2024-12-30 09:13:27.828636
27128,0000,1204,106,2024-12-30 09:13:27.844633
45043,0000,1204,106,2024-12-30 09:13:27.860626
03022,0000,1204,106,2024-12-30 09:13:27.876633
02295,0000,1204,106,2024-12-30 09:13:27.892627
04347,0000,1204,106,2024-12-30 09:13:27.908627
35996,0000,1204,106,2024-12-30 09:13:27.924611
05500,0000,1204,106,2024-12-30 09:13:27.956567
37697,0000,1204,106,2024-12-30 09:13:27.972612
11508,0000,1204,106,2024-12-30 09:13:27.988593
04494,0000,1204,106,2024-12-30 09:13:28.004606
01205,0000,1204,106,2024-12-30 09:13:28.020591
19775,0001,1204,106,2024-12-30 09:13:28.036598
03209,0001,1204,106,2024-12-30 09:13:28.052597
22361,0000,1204,106,2024-12-30 09:13:28.068594
05392,0001,1204,106,2024-12-30 09:13:28.084587
12435,0001,1204,106,2024-12-30 09:13:28.116208
37735,0000,1204,106,2024-12-30 09:13:28.132584
00418,0000,1204,106,2024-12-30 09:13:28.148570
04869,0000,1204,106,2024-12-30 09:13:28.164564
12472,0001,1204,106,2024-12-30 09:13:28.180560
27869,0000,1204,106,2024-12-30 09:13:28.196564
00668,0000,1204,106,2024-12-30 09:13:28.212566
01652,0000,1204,106,2024-12-30 09:13:28.228550
01844,0000,1204,106,2024-12-30 09:13:28.244562
15299,0000,1204,106,2024-12-30 09:13:28.260551
06897,0000,1204,106,2024-12-30 09:13:28.292539
28134,0000,1204,106,2024-12-30 09:13:28.308551
00622,0000,1204,106,2024-12-30 09:13:28.324543
53435,0000,1204,106,2024-12-30 09:13:28.340545
30030,0001,1204,106,2024-12-30 09:13:28.356536
04651,0001,1204,106,2024-12-30 09:13:28.372535
42368,0001,1204,106,2024-12-30 09:13:28.388522
19826,0000,1204,106,2024-12-30 09:13:28.404525
22305,0001,1204,106,2024-12-30 09:13:28.420520
31055,0000,1204,106,2024-12-30 09:13:28.452233
22465,0000,1204,106,2024-12-30 09:13:28.468512
44003,0001,1204,106,2024-12-30 09:13:28.484505
02112,0001,1204,106,2024-12-30 09:13:28.500508
00033,0000,1204,106,2024-12-30 09:13:28.516501
04600,0000,1204,106,2024-12-30 09:13:28.532493
04176,0000,1204,106,2024-12-30 09:13:28.548500
00705,0000,1204,106,2024-12-30 09:13:28.564491
26625,0001,1204,106,2024-12-30 09:13:28.580488
23832,0000,1204,106,2024-12-30 09:13:28.611881
20444,0000,1204,106,2024-12-30 09:13:28.628500
02745,0000,1205,106,2024-12-30 09:13:28.644493
03944,0000,1204,106,2024-12-30 09:13:28.660503
57536,0000,1204,106,2024-12-30 09:13:28.676497
01917,0001,1204,106,2024-12-30 09:13:28.692499
02011,0000,1204,106,2024-12-30 09:13:28.708502
52328,0001,1205,106,2024-12-30 09:13:28.724501
02289,0001,1204,106,2024-12-30 09:13:28.740504
16193,0000,1204,106,2024-12-30 09:13:28.756507
36928,0001,1204,106,2024-12-30 09:13:28.788299
10945,0000,1204,106,2024-12-30 09:13:28.804436
01385,0000,1204,106,2024-12-30 09:13:28.820433
08289,0000,1204,106,2024-12-30 09:13:28.836431
03465,0000,1204,106,2024-12-30 09:13:28.852428
04691,0001,1204,106,2024-12-30 09:13:28.868429
05402,0000,1204,106,2024-12-30 09:13:28.884429
53088,0000,1204,106,2024-12-30 09:13:28.900424
29728,0000,1204,106,2024-12-30 09:13:28.916413
13368,0000,1204,106,2024-12-30 09:13:28.947904
15639,0000,1204,106,2024-12-30 09:13:28.964410
21350,0001,1204,106,2024-12-30 09:13:28.980411
02215,0000,1204,106,2024-12-30 09:13:28.996413
40746,0000,1205,106,2024-12-30 09:13:29.012397
19013,0000,1204,106,2024-12-30 09:13:29.028400
01410,0000,1204,106,2024-12-30 09:13:29.044394
13851,0001,1204,106,2024-12-30 09:13:29.060395
03111,0000,1204,106,2024-12-30 09:13:29.076394
28681,0000,1204,106,2024-12-30 09:13:29.092389
00632,0000,1204,106,2024-12-30 09:13:29.124286
29098,0001,1204,106,2024-12-30 09:13:29.140378
09782,0000,1204,106,2024-12-30 09:13:29.156374
28024,0000,1204,106,2024-12-30 09:13:29.172371
04913,0000,1204,106,2024-12-30 09:13:29.188365
01987,0000,1204,106,2024-12-30 09:13:29.204361
48881,0001,1204,106,2024-12-30 09:13:29.220357
22295,0001,1205,106,2024-12-30 09:13:29.236361
44704,0000,1204,106,2024-12-30 09:13:29.252355
05173,0000,1204,106,2024-12-30 09:13:29.283929
03041,0000,1204,106,2024-12-30 09:13:29.300356
09233,0000,1204,106,2024-12-30 09:13:29.316362
27009,0000,1204,106,2024-12-30 09:13:29.332351
02179,0000,1204,106,2024-12-30 09:13:29.348346
48365,0001,1204,106,2024-12-30 09:13:29.364333
17949,0000,1204,106,2024-12-30 09:13:29.380334
32032,0001,1204,106,2024-12-30 09:13:29.396319
29467,0000,1204,106,2024-12-30 09:13:29.412329
15609,0000,1204,106,2024-12-30 09:13:29.428316
39417,0000,1205,106,2024-12-30 09:13:29.460309
05502,0000,1205,106,2024-12-30 09:13:29.476317
05418,0001,1205,106,2024-12-30 09:13:29.492317
48913,0001,1204,106,2024-12-30 09:13:29.508297
28141,0001,1204,106,2024-12-30 09:13:29.524302
03758,0000,1205,106,2024-12-30 09:13:29.540301
04846,0000,1204,106,2024-12-30 09:13:29.556302
53193,0000,1204,106,2024-12-30 09:13:29.572294
05260,0000,1204,106,2024-12-30 09:13:29.588294
06245,0000,1204,106,2024-12-30 09:13:29.619976
22681,0000,1205,106,2024-12-30 09:13:29.636280
02254,0001,1205,106,2024-12-30 09:13:29.652282
18673,0000,1205,106,2024-12-30 09:13:29.668273
08475,0000,1205,106,2024-12-30 09:13:29.684277
05997,0001,1204,106,2024-12-30 09:13:29.700262
00285,0000,1205,106,2024-12-30 09:13:29.716265
28644,0000,1205,106,2024-12-30 09:13:29.732254
20277,0000,1205,106,2024-12-30 09:13:29.748267
00321,0000,1204,106,2024-12-30 09:13:29.779614
36026,0000,1204,106,2024-12-30 09:13:29.796243
53437,0000,1204,106,2024-12-30 09:13:29.812243
57267,0000,1204,106,2024-12-30 09:13:29.828244
01972,0000,1205,106,2024-12-30 09:13:29.844231
03566,0000,1205,106,2024-12-30 09:13:29.860235
48266,0000,1204,106,2024-12-30 09:13:29.876237
29062,0001,1205,106,2024-12-30 09:13:29.892242
21958,0001,1205,106,2024-12-30 09:13:29.908226
06283,0000,1205,106,2024-12-30 09:13:29.924231
61603,0000,1205,106,2024-12-30 09:13:29.955993
55676,0000,1205,106,2024-12-30 09:13:29.972216
02628,0000,1205,106,2024-12-30 09:13:29.988211
04056,0000,1205,106,2024-12-30 09:13:30.004210
06378,0000,1204,106,2024-12-30 09:13:30.020201
20129,0000,1204,106,2024-12-30 09:13:30.036207
23983,0001,1204,106,2024-12-30 09:13:30.052195
03782,0000,1205,106,2024-12-30 09:13:30.068191
24950,0000,1204,106,2024-12-30 09:13:30.084188
01202,0000,1205,106,2024-12-30 09:13:30.115604
04194,0000,1205,106,2024-12-30 09:13:30.132185
06789,0000,1205,106,2024-12-30 09:13:30.148188
02281,0000,1205,106,2024-12-30 09:13:30.164192
15550,0000,1205,106,2024-12-30 09:13:30.180178
46644,0000,1205,106,2024-12-30 09:13:30.196176
17257,0000,1204,106,2024-12-30 09:13:30.212174
02209,0001,1205,106,2024-12-30 09:13:30.228173
31634,0000,1205,106,2024-12-30 09:13:30.244177
26594,0000,1205,106,2024-12-30 09:13:30.260165
02846,0001,1205,106,2024-12-30 09:13:30.291997
05204,0000,1205,106,2024-12-30 09:13:30.308142
00050,0000,1205,106,2024-12-30 09:13:30.324143
10075,0001,1205,106,2024-12-30 09:13:30.340140
26498,0000,1205,106,2024-12-30 09:13:30.356139
01279,0001,1205,106,2024-12-30 09:13:30.372141
15828,0000,1205,106,2024-12-30 09:13:30.388122
03052,0000,1205,106,2024-12-30 09:13:30.404126
28681,0000,1205,106,2024-12-30 09:13:30.420116
09209,0000,1205,106,2024-12-30 09:13:30.451641
36908,0000,1205,106,2024-12-30 09:13:30.468117
01033,0001,1204,106,2024-12-30 09:13:30.484105
17905,0000,1205,106,2024-12-30 09:13:30.500114
05197,0000,1205,106,2024-12-30 09:13:30.516097
04157,0000,1205,106,2024-12-30 09:13:30.532105
53997,0000,1205,106,2024-12-30 09:13:30.548102
53132,0001,1205,106,2024-12-30 09:13:30.564091
03798,0000,1205,106,2024-12-30 09:13:30.580090
18606,0000,1205,106,2024-12-30 09:13:30.596083
47969,0000,1204,106,2024-12-30 09:13:30.628024
01467,0000,1205,106,2024-12-30 09:13:30.644084
49917,0000,1205,106,2024-12-30 09:13:30.660078
09807,0000,1205,106,2024-12-30 09:13:30.676078
29524,0000,1205,106,2024-12-30 09:13:30.692064
03789,0000,1204,106,2024-12-30 09:13:30.708070
17635,0001,1205,106,2024-12-30 09:13:30.724060
04629,0000,1205,106,2024-12-30 09:13:30.740052
22807,0001,1205,106,2024-12-30 09:13:30.756055
06758,0000,1205,106,2024-12-30 09:13:30.787667
54844,0000,1205,106,2024-12-30 09:13:30.804049
02041,0000,1205,106,2024-12-30 09:13:30.820049
01301,0000,1205,106,2024-12-30 09:13:30.836032
07714,0000,1205,106,2024-12-30 09:13:30.852034
55667,0000,1205,106,2024-12-30 09:13:30.868026
40287,0000,1205,106,2024-12-30 09:13:30.884031
01139,0000,1205,106,2024-12-30 09:13:30.900032
24951,0000,1205,106,2024-12-30 09:13:30.916027
56611,0000,1205,106,2024-12-30 09:13:30.932031
11624,0000,1205,106,2024-12-30 09:13:30.964019
16641,0000,1205,106,2024-12-30 09:13:30.980022
04595,0000,1205,106,2024-12-30 09:13:30.996012
01516,0001,1205,106,2024-12-30 09:13:31.011996
08280,0000,1205,106,2024-12-30 09:13:31.028004
05192,0000,1205,106,2024-12-30 09:13:31.044002
12328,0000,1205,106,2024-12-30 09:13:31.060004
04548,0000,1205,106,2024-12-30 09:13:31.075998
19014,0000,1205,106,2024-12-30 09:13:31.091998
13227,0000,1205,106,2024-12-30 09:13:31.123689
06038,0000,1204,106,2024-12-30 09:13:31.139993
01568,0001,1205,106,2024-12-30 09:13:31.155983
17920,0000,1205,106,2024-12-30 09:13:31.171973
45675,0000,1205,106,2024-12-30 09:13:31.187977
47443,0001,1205,106,2024-12-30 09:13:31.203967
54275,0000,1205,106,2024-12-30 09:13:31.219973
01774,0000,1205,106,2024-12-30 09:13:31.235982
19291,0001,1205,106,2024-12-30 09:13:31.251972
36159,0001,1205,106,2024-12-30 09:13:31.283307
04562,0000,1205,106,2024-12-30 09:13:31.299958
11426,0001,1205,106,2024-12-30 09:13:31.315950
04478,0000,1205,106,2024-12-30 09:13:31.331963
06211,0001,1205,106,2024-12-30 09:13:31.347942
33703,0001,1205,106,2024-12-30 09:13:31.363942
19519,0000,1205,106,2024-12-30 09:13:31.379938
04659,0000,1205,106,2024-12-30 09:13:31.395932
10139,0001,1205,106,2024-12-30 09:13:31.411931
05238,0000,1205,106,2024-12-30 09:13:31.427932
00709,0001,1205,106,2024-12-30 09:13:31.459724
02404,0000,1205,106,2024-12-30 09:13:31.475913
20019,0000,1205,106,2024-12-30 09:13:31.491917
04565,0001,1205,106,2024-12-30 09:13:31.507909
57295,0000,1205,106,2024-12-30 09:13:31.523910
03110,0000,1205,106,2024-12-30 09:13:31.539907
34761,0000,1205,106,2024-12-30 09:13:31.555911
01411,0000,1205,106,2024-12-30 09:13:31.571900
11111,0000,1205,106,2024-12-30 09:13:31.587905
00753,0000,1205,106,2024-12-30 09:13:31.619371
09054,0000,1205,106,2024-12-30 09:13:31.635889
20185,0000,1205,106,2024-12-30 09:13:31.651893
19887,0000,1205,106,2024-12-30 09:13:31.667883
35675,0000,1205,106,2024-12-30 09:13:31.683877
03320,0001,1205,106,2024-12-30 09:13:31.699876
12369,0000,1205,106,2024-12-30 09:13:31.715875
04573,0000,1205,106,2024-12-30 09:13:31.731884
08077,0000,1205,106,2024-12-30 09:13:31.747889
35267,0001,1205,106,2024-12-30 09:13:31.763885
60280,0000,1205,106,2024-12-30 09:13:31.795758
13968,0000,1205,106,2024-12-30 09:13:31.811892
02908,0000,1205,106,2024-12-30 09:13:31.827892
03702,0000,1205,106,2024-12-30 09:13:31.843891
30239,0000,1205,106,2024-12-30 09:13:31.859898
07661,0001,1205,106,2024-12-30 09:13:31.875893
30427,0001,1205,106,2024-12-30 09:13:31.891896
19816,0000,1205,106,2024-12-30 09:13:31.907821
09385,0000,1205,106,2024-12-30 09:13:31.923827
53883,0000,1205,106,2024-12-30 09:13:31.955388
03646,0000,1205,106,2024-12-30 09:13:31.971816
03021,0000,1205,106,2024-12-30 09:13:31.987823
04537,0000,1205,106,2024-12-30 09:13:32.003817
11299,0000,1205,106,2024-12-30 09:13:32.019816
02313,0000,1205,106,2024-12-30 09:13:32.035809
06859,0000,1205,106,2024-12-30 09:13:32.051807
37816,0000,1205,106,2024-12-30 09:13:32.067798
03858,0000,1205,106,2024-12-30 09:13:32.083806
23589,0000,1205,106,2024-12-30 09:13:32.099806
03260,0000,1205,106,2024-12-30 09:13:32.131765
02727,0000,1205,106,2024-12-30 09:13:32.147773
27926,0000,1205,106,2024-12-30 09:13:32.163782
21845,0000,1205,106,2024-12-30 09:13:32.179773
03321,0000,1205,106,2024-12-30 09:13:32.195771
30074,0000,1205,106,2024-12-30 09:13:32.211764
28629,0001,1205,106,2024-12-30 09:13:32.227768
12496,0000,1205,106,2024-12-30 09:13:32.243765
21075,0000,1205,106,2024-12-30 09:13:32.259769
24360,0000,1205,106,2024-12-30 09:13:32.291424
02273,0000,1205,106,2024-12-30 09:13:32.307760
16573,0000,1205,106,2024-12-30 09:13:32.323740
31434,0001,1205,106,2024-12-30 09:13:32.339744
10182,0000,1205,106,2024-12-30 09:13:32.355745
31589,0000,1205,106,2024-12-30 09:13:32.371733
02931,0000,1205,106,2024-12-30 09:13:32.387734
61663,0001,1205,106,2024-12-30 09:13:32.403734
03721,0000,1205,106,2024-12-30 09:13:32.419732
00003,0001,1205,106,2024-12-30 09:13:32.435723
03686,0000,1205,106,2024-12-30 09:13:32.467718
01853,0000,1205,106,2024-12-30 09:13:32.483724
51403,0000,1205,106,2024-12-30 09:13:32.499705
01151,0000,1205,106,2024-12-30 09:13:32.515712
05275,0000,1205,106,2024-12-30 09:13:32.531700
04583,0001,1205,106,2024-12-30 09:13:32.547707
02007,0001,1205,106,2024-12-30 09:13:32.563691
49619,0000,1205,106,2024-12-30 09:13:32.579702
04644,0000,1205,106,2024-12-30 09:13:32.595697
01378,0000,1205,106,2024-12-30 09:13:32.627421
03872,0000,1205,106,2024-12-30 09:13:32.643685
05240,0000,1205,106,2024-12-30 09:13:32.659677
05454,0000,1205,106,2024-12-30 09:13:32.675682
00643,0000,1205,106,2024-12-30 09:13:32.691673
47433,0000,1205,106,2024-12-30 09:13:32.707674
08752,0000,1205,106,2024-12-30 09:13:32.723668
02286,0000,1206,106,2024-12-30 09:13:32.739670
03670,0000,1205,106,2024-12-30 09:13:32.755660
01785,0001,1205,106,2024-12-30 09:13:32.787063
02420,0000,1205,106,2024-12-30 09:13:32.803666
00206,0000,1206,106,2024-12-30 09:13:32.819655
06362,0000,1205,106,2024-12-30 09:13:32.835648
24200,0000,1205,106,2024-12-30 09:13:32.851648
04178,0000,1205,106,2024-12-30 09:13:32.867652
04688,0000,1205,106,2024-12-30 09:13:32.883651
05429,0000,1205,106,2024-12-30 09:13:32.899640
12621,0000,1205,106,2024-12-30 09:13:32.915639
02202,0000,1206,106,2024-12-30 09:13:32.931630
43959,0001,1205,106,2024-12-30 09:13:32.963448
19389,0000,1205,106,2024-12-30 09:13:32.979625
14695,0000,1205,106,2024-12-30 09:13:32.995618
45708,0000,1206,106,2024-12-30 09:13:33.011606
34798,0001,1205,106,2024-12-30 09:13:33.027606
43906,0000,1206,106,2024-12-30 09:13:33.043601
54067,0000,1205,106,2024-12-30 09:13:33.059609
27595,0000,1205,106,2024-12-30 09:13:33.075603
04924,0000,1205,106,2024-12-30 09:13:33.091600
02942,0000,1205,106,2024-12-30 09:13:33.123103
00057,0000,1206,106,2024-12-30 09:13:33.139587
03282,0000,1205,106,2024-12-30 09:13:33.155587
16461,0000,1205,106,2024-12-30 09:13:33.171581
48270,0001,1205,106,2024-12-30 09:13:33.187584
31353,0001,1206,106,2024-12-30 09:13:33.203574
04164,0000,1206,106,2024-12-30 09:13:33.219576
00449,0000,1205,106,2024-12-30 09:13:33.235569
05292,0000,1205,106,2024-12-30 09:13:33.251579
11544,0000,1205,106,2024-12-30 09:13:33.267572
24191,0001,1205,106,2024-12-30 09:13:33.299478
10722,0000,1205,106,2024-12-30 09:13:33.315568
17687,0001,1206,106,2024-12-30 09:13:33.331544
04560,0000,1205,106,2024-12-30 09:13:33.347538
10107,0001,1205,106,2024-12-30 09:13:33.363549
17306,0000,1205,106,2024-12-30 09:13:33.379540
29127,0000,1206,106,2024-12-30 09:13:33.395539
19421,0000,1205,106,2024-12-30 09:13:33.411529
36274,0000,1206,106,2024-12-30 09:13:33.427530
62489,0000,1206,106,2024-12-30 09:13:33.459123
01043,0000,1206,106,2024-12-30 09:13:33.475520
03106,0000,1206,106,2024-12-30 09:13:33.491522
29450,0000,1206,106,2024-12-30 09:13:33.507515
05349,0000,1206,106,2024-12-30 09:13:33.523512
02275,0000,1205,106,2024-12-30 09:13:33.539505
49848,0001,1206,106,2024-12-30 09:13:33.555496
10138,0000,1205,106,2024-12-30 09:13:33.571500
02488,0000,1205,106,2024-12-30 09:13:33.587502
03754,0000,1206,106,2024-12-30 09:13:33.603496
21915,0000,1206,106,2024-12-30 09:13:33.635487
37761,0000,1206,106,2024-12-30 09:13:33.651491
30832,0000,1206,106,2024-12-30 09:13:33.667475
15067,0000,1206,106,2024-12-30 09:13:33.683672
04300,0001,1205,106,2024-12-30 09:13:33.699493
05256,0001,1206,106,2024-12-30 09:13:33.715478
05474,0000,1205,106,2024-12-30 09:13:33.731473
39088,0001,1206,106,2024-12-30 09:13:33.747469
02301,0001,1206,106,2024-12-30 09:13:33.763466
04428,0000,1205,106,2024-12-30 09:13:33.795141
01434,0002,1205,106,2024-12-30 09:13:33.811458
00706,0000,1206,106,2024-12-30 09:13:33.827450
15543,0000,1206,106,2024-12-30 09:13:33.843449
04121,0001,1206,106,2024-12-30 09:13:33.859439
02442,0001,1206,106,2024-12-30 09:13:33.875438
04945,0000,1206,106,2024-12-30 09:13:33.891437
53138,0000,1206,106,2024-12-30 09:13:33.907440
03929,0000,1205,106,2024-12-30 09:13:33.923432
05423,0001,1206,106,2024-12-30 09:13:33.954797
04646,0001,1205,106,2024-12-30 09:13:33.971426
01470,0000,1206,106,2024-12-30 09:13:33.987423
10063,0000,1205,106,2024-12-30 09:13:34.003414
31590,0000,1206,106,2024-12-30 09:13:34.019414
01003,0001,1206,106,2024-12-30 09:13:34.035414
61590,0000,1206,106,2024-12-30 09:13:34.051422
17731,0000,1206,106,2024-12-30 09:13:34.067398
00696,0000,1206,106,2024-12-30 09:13:34.083406
40692,0000,1206,106,2024-12-30 09:13:34.099401
14807,0000,1206,106,2024-12-30 09:13:34.131184
01342,0000,1206,106,2024-12-30 09:13:34.147389
03834,0001,1206,106,2024-12-30 09:13:34.163384
05493,0000,1206,106,2024-12-30 09:13:34.179385
23997,0000,1206,106,2024-12-30 09:13:34.195372
58571,0000,1206,106,2024-12-30 09:13:34.211371
03323,0000,1206,106,2024-12-30 09:13:34.227365
14132,0000,1206,106,2024-12-30 09:13:34.243378
03904,0000,1206,106,2024-12-30 09:13:34.259368
07616,0001,1206,106,2024-12-30 09:13:34.290821
02998,0000,1206,106,2024-12-30 09:13:34.307371
05239,0000,1205,106,2024-12-30 09:13:34.323355
23617,0001,1206,106,2024-12-30 09:13:34.339344
03690,0000,1206,106,2024-12-30 09:13:34.355344
29303,0000,1206,106,2024-12-30 09:13:34.371337
05328,0000,1206,106,2024-12-30 09:13:34.387339
09630,0001,1206,106,2024-12-30 09:13:34.403335
01853,0000,1206,106,2024-12-30 09:13:34.419346
04413,0000,1206,106,2024-12-30 09:13:34.435336
53932,0000,1206,106,2024-12-30 09:13:34.467197
54788,0000,1206,106,2024-12-30 09:13:34.483323
02732,0002,1206,106,2024-12-30 09:13:34.499320
17607,0000,1206,106,2024-12-30 09:13:34.515315
50776,0000,1206,106,2024-12-30 09:13:34.531315
54214,0000,1206,106,2024-12-30 09:13:34.547316
04827,0000,1206,106,2024-12-30 09:13:34.563315
21293,0000,1206,106,2024-12-30 09:13:34.579314
04595,0000,1206,106,2024-12-30 09:13:34.595299
28819,0000,1206,106,2024-12-30 09:13:34.626852
27219,0000,1206,106,2024-12-30 09:13:34.643283
22478,0001,1206,106,2024-12-30 09:13:34.659287
03788,0001,1206,106,2024-12-30 09:13:34.675282
33268,0000,1206,106,2024-12-30 09:13:34.691284
39196,0000,1206,106,2024-12-30 09:13:34.707274
02523,0000,1206,106,2024-12-30 09:13:34.723275
01763,0000,1206,106,2024-12-30 09:13:34.739271
00365,0001,1206,106,2024-12-30 09:13:34.755271
02276,0000,1206,106,2024-12-30 09:13:34.771264
02956,0001,1206,106,2024-12-30 09:13:34.803236
17109,0000,1206,106,2024-12-30 09:13:34.819260
49743,0000,1206,106,2024-12-30 09:13:34.835261
02283,0000,1206,106,2024-12-30 09:13:34.851265
22846,0000,1206,106,2024-12-30 09:13:34.867273
07625,0000,1206,106,2024-12-30 09:13:34.883288
42270,0000,1206,106,2024-12-30 09:13:34.899270
04471,0000,1206,106,2024-12-30 09:13:34.915266
03574,0000,1206,106,2024-12-30 09:13:34.931276
01950,0000,1206,106,2024-12-30 09:13:34.962893
04786,0000,1206,106,2024-12-30 09:13:34.979287
00753,0000,1206,106,2024-12-30 09:13:34.995279
04379,0000,1206,106,2024-12-30 09:13:35.011288
26789,0000,1206,106,2024-12-30 09:13:35.027208
26505,0000,1206,106,2024-12-30 09:13:35.043217
01932,0000,1206,106,2024-12-30 09:13:35.059199
28867,0000,1206,106,2024-12-30 09:13:35.075209
39546,0000,1206,106,2024-12-30 09:13:35.091203
28071,0000,1206,106,2024-12-30 09:13:35.107200
00747,0000,1206,106,2024-12-30 09:13:35.139214
14545,0000,1206,106,2024-12-30 09:13:35.155189
06297,0000,1206,106,2024-12-30 09:13:35.171180
03661,0000,1206,106,2024-12-30 09:13:35.187185
43279,0000,1206,106,2024-12-30 09:13:35.203181
16167,0001,1206,106,2024-12-30 09:13:35.219183
00685,0001,1206,106,2024-12-30 09:13:35.235167
04639,0000,1206,106,2024-12-30 09:13:35.251185
28065,0000,1206,106,2024-12-30 09:13:35.267159
13889,0000,1206,106,2024-12-30 09:13:35.298905
32178,0000,1206,106,2024-12-30 09:13:35.315169
01355,0000,1206,106,2024-12-30 09:13:35.331182
01361,0001,1206,106,2024-12-30 09:13:35.347165
45571,0000,1206,106,2024-12-30 09:13:35.363154
21123,0000,1206,106,2024-12-30 09:13:35.379156
03735,0000,1206,106,2024-12-30 09:13:35.395144
01015,0001,1206,106,2024-12-30 09:13:35.411133
12801,0000,1206,106,2024-12-30 09:13:35.427131
10200,0000,1206,106,2024-12-30 09:13:35.458547
05217,0000,1206,106,2024-12-30 09:13:35.475122
46712,0000,1206,106,2024-12-30 09:13:35.491130
06979,0000,1206,106,2024-12-30 09:13:35.507128
04312,0001,1206,106,2024-12-30 09:13:35.523122
42492,0000,1206,106,2024-12-30 09:13:35.539120
20778,0000,1206,106,2024-12-30 09:13:35.555124
07743,0000,1206,106,2024-12-30 09:13:35.571116
02703,0001,1206,106,2024-12-30 09:13:35.587120
49911,0000,1206,106,2024-12-30 09:13:35.603120
26419,0000,1206,106,2024-12-30 09:13:35.634914
04620,0000,1206,106,2024-12-30 09:13:35.651102
05039,0000,1206,106,2024-12-30 09:13:35.667104
53100,0001,1206,106,2024-12-30 09:13:35.683093
57545,0000,1206,106,2024-12-30 09:13:35.699096
31397,0000,1206,106,2024-12-30 09:13:35.715092
30643,0000,1206,106,2024-12-30 09:13:35.731097
03640,0000,1206,106,2024-12-30 09:13:35.747086
35686,0000,1206,106,2024-12-30 09:13:35.763076
40938,0000,1206,106,2024-12-30 09:13:35.794565
07487,0000,1206,106,2024-12-30 09:13:35.811070
03383,0000,1206,106,2024-12-30 09:13:35.827061
02146,0000,1206,106,2024-12-30 09:13:35.843067
03457,0000,1206,106,2024-12-30 09:13:35.859060
37210,0000,1206,106,2024-12-30 09:13:35.875061
01911,0000,1206,106,2024-12-30 09:13:35.891055
02263,0000,1206,106,2024-12-30 09:13:35.907055
14885,0000,1206,106,2024-12-30 09:13:35.923047
03236,0000,1206,106,2024-12-30 09:13:35.939047
13670,0001,1206,106,2024-12-30 09:13:35.970970
35251,0000,1206,106,2024-12-30 09:13:35.987037
05211,0000,1206,106,2024-12-30 09:13:36.003035
09897,0000,1206,106,2024-12-30 09:13:36.019027
51606,0000,1206,106,2024-12-30 09:13:36.035020
05281,0000,1206,106,2024-12-30 09:13:36.051021
00214,0000,1206,106,2024-12-30 09:13:36.067010
39891,0000,1206,106,2024-12-30 09:13:36.083022
12249,0000,1206,106,2024-12-30 09:13:36.099019
29334,0000,1206,106,2024-12-30 09:13:36.130588
00535,0000,1206,106,2024-12-30 09:13:36.147002
00517,0000,1206,106,2024-12-30 09:13:36.162997
01496,0000,1206,106,2024-12-30 09:13:36.178988
03126,0000,1206,106,2024-12-30 09:13:36.194984
01423,0001,1206,106,2024-12-30 09:13:36.210982
04665,0000,1206,106,2024-12-30 09:13:36.226980
55896,0000,1206,106,2024-12-30 09:13:36.242983
23947,0000,1206,106,2024-12-30 09:13:36.258979
05322,0000,1206,106,2024-12-30 09:13:36.274971
05345,0000,1206,106,2024-12-30 09:13:36.306974
00115,0000,1206,106,2024-12-30 09:13:36.322967
02375,0000,1206,106,2024-12-30 09:13:36.338952
20209,0000,1206,106,2024-12-30 09:13:36.354963
19890,0000,1206,106,2024-12-30 09:13:36.370962
05143,0000,1206,106,2024-12-30 09:13:36.386942
03780,0001,1206,106,2024-12-30 09:13:36.402947
40022,0000,1206,106,2024-12-30 09:13:36.418935
62750,0001,1206,106,2024-12-30 09:13:36.434943
04816,0000,1206,106,2024-12-30 09:13:36.466635
27032,0000,1206,106,2024-12-30 09:13:36.482932
35408,0001,1206,106,2024-12-30 09:13:36.498938
04732,0000,1207,106,2024-12-30 09:13:36.514930
35492,0000,1206,106,2024-12-30 09:13:36.530931
02502,0000,1206,106,2024-12-30 09:13:36.546922
05445,0000,1206,106,2024-12-30 09:13:36.562920
00341,0000,1206,106,2024-12-30 09:13:36.578912
24092,0000,1206,106,2024-12-30 09:13:36.594915
03215,0000,1206,106,2024-12-30 09:13:36.626257
25840,0000,1206,106,2024-12-30 09:13:36.642907
44927,0000,1206,106,2024-12-30 09:13:36.658902
02867,0001,1206,106,2024-12-30 09:13:36.674894
23757,0000,1206,106,2024-12-30 09:13:36.690901
15272,0000,1206,106,2024-12-30 09:13:36.706890
02726,0000,1206,106,2024-12-30 09:13:36.722894
01314,0000,1207,106,2024-12-30 09:13:36.738894
01900,0000,1206,106,2024-12-30 09:13:36.754890
00768,0000,1206,106,2024-12-30 09:13:36.770889
03756,0001,1206,106,2024-12-30 09:13:36.802647
04034,0000,1207,106,2024-12-30 09:13:36.818878
60202,0000,1206,106,2024-12-30 09:13:36.834875
50774,0001,1206,106,2024-12-30 09:13:36.850856
02362,0000,1206,106,2024-12-30 09:13:36.866860
17486,0000,1207,106,2024-12-30 09:13:36.882853
23970,0000,1206,106,2024-12-30 09:13:36.898855
08246,0000,1206,106,2024-12-30 09:13:36.914842
26318,0000,1206,106,2024-12-30 09:13:36.930842
32330,0000,1206,106,2024-12-30 09:13:36.962282
04591,0000,1207,106,2024-12-30 09:13:36.978834
04268,0000,1206,106,2024-12-30 09:13:36.994840
02724,0000,1207,106,2024-12-30 09:13:37.010827
00327,0000,1206,106,2024-12-30 09:13:37.026823
04697,0000,1206,106,2024-12-30 09:13:37.042832
20798,0000,1206,106,2024-12-30 09:13:37.058823
04511,0000,1206,106,2024-12-30 09:13:37.074814
01949,0000,1206,106,2024-12-30 09:13:37.090815
01408,0000,1206,106,2024-12-30 09:13:37.106814
05314,0000,1207,106,2024-12-30 09:13:37.138671
01239,0000,1206,106,2024-12-30 09:13:37.154809
08226,0000,1206,106,2024-12-30 09:13:37.170806
03867,0000,1206,106,2024-12-30 09:13:37.186794
04482,0000,1207,106,2024-12-30 09:13:37.202800
48757,0000,1207,106,2024-12-30 09:13:37.218792
48281,0000,1207,106,2024-12-30 09:13:37.234782
16330,0000,1206,106,2024-12-30 09:13:37.250796
00572,0001,1206,106,2024-12-30 09:13:37.266788
21822,0000,1207,106,2024-12-30 09:13:37.298294
03000,0000,1206,106,2024-12-30 09:13:37.314791
05112,0001,1206,106,2024-12-30 09:13:37.330767
03447,0000,1207,106,2024-12-30 09:13:37.346770
16039,0000,1207,106,2024-12-30 09:13:37.362757
05416,0001,1206,106,2024-12-30 09:13:37.378770
01987,0000,1207,106,2024-12-30 09:13:37.394754
26694,0000,1207,106,2024-12-30 09:13:37.410757
05984,0000,1206,106,2024-12-30 09:13:37.426744
05146,0000,1206,106,2024-12-30 09:13:37.442754
02126,0000,1207,106,2024-12-30 09:13:37.474692
00597,0000,1206,106,2024-12-30 09:13:37.490736
38432,0001,1207,106,2024-12-30 09:13:37.506737
05161,0000,1207,106,2024-12-30 09:13:37.522738
04531,0000,1207,106,2024-12-30 09:13:37.538739
03038,0000,1206,106,2024-12-30 09:13:37.554739
09272,0000,1207,106,2024-12-30 09:13:37.570723
24689,0000,1206,106,2024-12-30 09:13:37.586727
00312,0000,1207,106,2024-12-30 09:13:37.602718
03108,0000,1206,106,2024-12-30 09:13:37.634331
01565,0001,1207,106,2024-12-30 09:13:37.650715
53094,0000,1207,106,2024-12-30 09:13:37.666710
23992,0000,1207,106,2024-12-30 09:13:37.682709
01468,0001,1207,106,2024-12-30 09:13:37.698698
14833,0001,1206,106,2024-12-30 09:13:37.714699
03891,0000,1207,106,2024-12-30 09:13:37.730692
03480,0000,1206,106,2024-12-30 09:13:37.746696
61574,0000,1206,106,2024-12-30 09:13:37.762690
11257,0000,1206,106,2024-12-30 09:13:37.778692
50739,0000,1207,106,2024-12-30 09:13:37.810682
00431,0000,1206,106,2024-12-30 09:13:37.826673
01377,0001,1206,106,2024-12-30 09:13:37.842679
13277,0000,1207,106,2024-12-30 09:13:37.858668
29512,0000,1206,106,2024-12-30 09:13:37.874711
21992,0000,1207,106,2024-12-30 09:13:37.890667
02372,0000,1207,106,2024-12-30 09:13:37.906653
19457,0000,1207,106,2024-12-30 09:13:37.922656
02942,0000,1207,106,2024-12-30 09:13:37.938663
00712,0000,1207,106,2024-12-30 09:13:37.970363
37719,0000,1207,106,2024-12-30 09:13:37.986667
01732,0000,1207,106,2024-12-30 09:13:38.002659
20110,0000,1207,106,2024-12-30 09:13:38.018667
05123,0001,1207,106,2024-12-30 09:13:38.034665
14003,0000,1207,106,2024-12-30 09:13:38.050673
03626,0000,1207,106,2024-12-30 09:13:38.066676
00107,0001,1206,106,2024-12-30 09:13:38.082675
01585,0001,1207,106,2024-12-30 09:13:38.098673
16069,0001,1207,106,2024-12-30 09:13:38.130029
02440,0000,1207,106,2024-12-30 09:13:38.146619
04225,0000,1207,106,2024-12-30 09:13:38.162610
02281,0000,1207,106,2024-12-30 09:13:38.178607
01518,0001,1207,106,2024-12-30 09:13:38.194605
10855,0000,1207,106,2024-12-30 09:13:38.210597
30087,0000,1206,106,2024-12-30 09:13:38.226594
02011,0000,1207,106,2024-12-30 09:13:38.242610
29069,0001,1207,106,2024-12-30 09:13:38.258587
02004,0000,1207,106,2024-12-30 09:13:38.274584
24836,0000,1207,106,2024-12-30 09:13:38.306379
35497,0000,1207,106,2024-12-30 09:13:38.322582
43879,0000,1207,106,2024-12-30 09:13:38.338586
02170,0000,1207,106,2024-12-30 09:13:38.354571
25555,0000,1207,106,2024-12-30 09:13:38.370565
00691,0000,1207,106,2024-12-30 09:13:38.386561
02234,0001,1207,106,2024-12-30 09:13:38.402551
00320,0001,1207,106,2024-12-30 09:13:38.418555
10107,0001,1207,106,2024-12-30 09:13:38.434553
24145,0001,1207,106,2024-12-30 09:13:38.466012
03047,0001,1207,106,2024-12-30 09:13:38.482552
01542,0000,1207,106,2024-12-30 09:13:38.498539
03859,0000,1207,106,2024-12-30 09:13:38.514539
02907,0000,1207,106,2024-12-30 09:13:38.530535
18413,0000,1207,106,2024-12-30 09:13:38.546539
39574,0000,1207,106,2024-12-30 09:13:38.562528
05285,0000,1207,106,2024-12-30 09:13:38.578530
13168,0000,1207,106,2024-12-30 09:13:38.594525
04504,0001,1207,106,2024-12-30 09:13:38.610522
25719,0001,1207,106,2024-12-30 09:13:38.642398
01573,0000,1207,106,2024-12-30 09:13:38.658507
01385,0000,1207,106,2024-12-30 09:13:38.674509
00730,0000,1207,106,2024-12-30 09:13:38.690506
03897,0001,1207,106,2024-12-30 09:13:38.706505
01525,0000,1207,106,2024-12-30 09:13:38.722503
04578,0001,1207,106,2024-12-30 09:13:38.738487
05311,0000,1207,106,2024-12-30 09:13:38.754487
17072,0000,1207,106,2024-12-30 09:13:38.770486
13000,0000,1207,106,2024-12-30 09:13:38.802036
02840,0000,1207,106,2024-12-30 09:13:38.818478
13895,0000,1207,106,2024-12-30 09:13:38.834468
05459,0001,1207,106,2024-12-30 09:13:38.850477
33745,0001,1207,106,2024-12-30 09:13:38.866465
05095,0000,1207,106,2024-12-30 09:13:38.882471
00484,0000,1207,106,2024-12-30 09:13:38.898465
14060,0000,1207,106,2024-12-30 09:13:38.914461
18418,0000,1207,106,2024-12-30 09:13:38.930460
29259,0000,1207,106,2024-12-30 09:13:38.946449
01249,0000,1207,106,2024-12-30 09:13:38.978434
09247,0000,1207,106,2024-12-30 09:13:38.994432
34439,0000,1207,106,2024-12-30 09:13:39.010435
25585,0001,1207,106,2024-12-30 09:13:39.026431
06558,0001,1207,106,2024-12-30 09:13:39.042429
00697,0000,1207,106,2024-12-30 09:13:39.058431
11466,0000,1207,106,2024-12-30 09:13:39.074415
62713,0000,1207,106,2024-12-30 09:13:39.090423
04616,0000,1207,106,2024-12-30 09:13:39.106427
04176,0000,1207,106,2024-12-30 09:13:39.138081
50518,0000,1207,106,2024-12-30 09:13:39.154399
18977,0000,1207,106,2024-12-30 09:13:39.170401
05656,0000,1207,106,2024-12-30 09:13:39.186397
12608,0000,1207,106,2024-12-30 09:13:39.202396
47283,0000,1207,106,2024-12-30 09:13:39.218394
22358,0001,1207,106,2024-12-30 09:13:39.234397
28573,0000,1207,106,2024-12-30 09:13:39.250395
03040,0000,1207,106,2024-12-30 09:13:39.266387
05087,0000,1207,106,2024-12-30 09:13:39.297717
02210,0000,1207,106,2024-12-30 09:13:39.314380
38541,0000,1207,106,2024-12-30 09:13:39.330380
00618,0000,1207,106,2024-12-30 09:13:39.346369
21069,0001,1207,106,2024-12-30 09:13:39.362368
03251,0000,1207,106,2024-12-30 09:13:39.378364
00257,0001,1207,106,2024-12-30 09:13:39.394359
20043,0000,1207,106,2024-12-30 09:13:39.410361
02896,0000,1207,106,2024-12-30 09:13:39.426359
09141,0000,1207,106,2024-12-30 09:13:39.442350
24522,0000,1207,106,2024-12-30 09:13:39.474113
01966,0000,1208,106,2024-12-30 09:13:39.490347
31432,0001,1207,106,2024-12-30 09:13:39.506341
65845,0000,1207,106,2024-12-30 09:13:39.522325
31129,0000,1207,106,2024-12-30 09:13:39.538321
39470,0000,1207,106,2024-12-30 09:13:39.554320
03850,0000,1207,106,2024-12-30 09:13:39.570315
02922,0000,1207,106,2024-12-30 09:13:39.586321
02286,0000,1207,106,2024-12-30 09:13:39.602317
44107,0000,1207,106,2024-12-30 09:13:39.633757
01298,0000,1207,106,2024-12-30 09:13:39.650311
02033,0000,1207,106,2024-12-30 09:13:39.666295
03889,0000,1207,106,2024-12-30 09:13:39.682301
39289,0000,1207,106,2024-12-30 09:13:39.698297
04642,0001,1207,106,2024-12-30 09:13:39.714295
15591,0000,1207,106,2024-12-30 09:13:39.730288
05448,0000,1207,106,2024-12-30 09:13:39.746292
00740,0000,1207,106,2024-12-30 09:13:39.762277
33878,0000,1207,106,2024-12-30 09:13:39.778280
05415,0000,1207,106,2024-12-30 09:13:39.810133
02335,0000,1207,106,2024-12-30 09:13:39.826269
02972,0000,1207,106,2024-12-30 09:13:39.842266
05319,0000,1207,106,2024-12-30 09:13:39.858266
39341,0000,1207,106,2024-12-30 09:13:39.874264
02775,0000,1207,106,2024-12-30 09:13:39.890267
48922,0000,1207,106,2024-12-30 09:13:39.906252
01151,0000,1207,106,2024-12-30 09:13:39.922255
03878,0000,1207,106,2024-12-30 09:13:39.938252
04486,0001,1207,106,2024-12-30 09:13:39.969751
09382,0000,1207,106,2024-12-30 09:13:39.986250
04714,0000,1207,106,2024-12-30 09:13:40.002248
05400,0000,1207,106,2024-12-30 09:13:40.018231
17965,0000,1207,106,2024-12-30 09:13:40.034238
03345,0000,1207,106,2024-12-30 09:13:40.050228
42359,0000,1207,106,2024-12-30 09:13:40.066232
12597,0000,1207,106,2024-12-30 09:13:40.082228
05327,0000,1207,106,2024-12-30 09:13:40.098228
55909,0000,1207,106,2024-12-30 09:13:40.114212
01343,0001,1207,106,2024-12-30 09:13:40.146156
01448,0000,1207,106,2024-12-30 09:13:40.162208
01211,0000,1207,106,2024-12-30 09:13:40.178202
02720,0000,1207,106,2024-12-30 09:13:40.194209
24775,0000,1207,106,2024-12-30 09:13:40.210194
04919,0000,1207,106,2024-12-30 09:13:40.226198
61830,0000,1207,106,2024-12-30 09:13:40.242197
20139,0001,1207,106,2024-12-30 09:13:40.258200
01591,0000,1207,106,2024-12-30 09:13:40.274198
02095,0000,1207,106,2024-12-30 09:13:40.305804
05051,0000,1207,106,2024-12-30 09:13:40.322172
20167,0001,1207,106,2024-12-30 09:13:40.338171
21619,0000,1208,106,2024-12-30 09:13:40.354166
34553,0001,1207,106,2024-12-30 09:13:40.370168
03055,0001,1207,106,2024-12-30 09:13:40.386165
63323,0000,1207,106,2024-12-30 09:13:40.402165
13198,0000,1207,106,2024-12-30 09:13:40.418150
05074,0000,1207,106,2024-12-30 09:13:40.434154
44796,0001,1208,106,2024-12-30 09:13:40.450150
11201,0000,1207,106,2024-12-30 09:13:40.482146
40114,0001,1207,106,2024-12-30 09:13:40.498146
04327,0000,1207,106,2024-12-30 09:13:40.514138
22168,0001,1207,106,2024-12-30 09:13:40.530134
01395,0000,1208,106,2024-12-30 09:13:40.546126
03970,0000,1207,106,2024-12-30 09:13:40.562129
20154,0001,1207,106,2024-12-30 09:13:40.578114
03223,0000,1207,106,2024-12-30 09:13:40.594123
05197,0001,1207,106,2024-12-30 09:13:40.610119
57597,0000,1207,106,2024-12-30 09:13:40.641811
35291,0000,1207,106,2024-12-30 09:13:40.658110
03121,0001,1207,106,2024-12-30 09:13:40.674110
30379,0001,1207,106,2024-12-30 09:13:40.690113
01397,0000,1207,106,2024-12-30 09:13:40.706100
01953,0000,1208,106,2024-12-30 09:13:40.722094
02000,0001,1207,106,2024-12-30 09:13:40.738098
04261,0001,1208,106,2024-12-30 09:13:40.754084
08407,0000,1207,106,2024-12-30 09:13:40.770091
04575,0000,1207,106,2024-12-30 09:13:40.801473
08911,0001,1207,106,2024-12-30 09:13:40.818078
01239,0000,1207,106,2024-12-30 09:13:40.834079
02963,0000,1207,106,2024-12-30 09:13:40.850070
02560,0000,1207,106,2024-12-30 09:13:40.866072
01659,0000,1207,106,2024-12-30 09:13:40.882065
01344,0000,1208,106,2024-12-30 09:13:40.898062
04245,0000,1207,106,2024-12-30 09:13:40.914053
03560,0000,1207,106,2024-12-30 09:13:40.930062
01205,0000,1207,106,2024-12-30 09:13:40.946050
20950,0000,1208,106,2024-12-30 09:13:40.977830
24821,0001,1207,106,2024-12-30 09:13:40.994037
03606,0000,1207,106,2024-12-30 09:13:41.010043
30884,0002,1207,106,2024-12-30 09:13:41.026037
12173,0000,1207,106,2024-12-30 09:13:41.042030
02266,0000,1207,106,2024-12-30 09:13:41.058037
30073,0000,1207,106,2024-12-30 09:13:41.074033
47230,0001,1207,106,2024-12-30 09:13:41.090037
05236,0000,1207,106,2024-12-30 09:13:41.106051
02099,0001,1207,106,2024-12-30 09:13:41.137504
14060,0000,1208,106,2024-12-30 09:13:41.154051
33098,0001,1207,106,2024-12-30 09:13:41.170053
02091,0000,1207,106,2024-12-30 09:13:41.186058
24051,0000,1208,106,2024-12-30 09:13:41.202057
43236,0000,1208,106,2024-12-30 09:13:41.218058
09943,0001,1207,106,2024-12-30 09:13:41.234062
18614,0001,1207,106,2024-12-30 09:13:41.250072
01817,0000,1207,106,2024-12-30 09:13:41.265990
01089,0000,1207,106,2024-12-30 09:13:41.281991
01279,0000,1207,106,2024-12-30 09:13:41.313890
10249,0000,1207,106,2024-12-30 09:13:41.329995
05170,0001,1208,106,2024-12-30 09:13:41.345983
22428,0000,1208,106,2024-12-30 09:13:41.361990
03500,0001,1207,106,2024-12-30 09:13:41.377972
31358,0000,1208,106,2024-12-30 09:13:41.393973
13843,0000,1208,106,2024-12-30 09:13:41.409970
00348,0000,1207,106,2024-12-30 09:13:41.425958
00725,0000,1208,106,2024-12-30 09:13:41.441961
02988,0000,1207,106,2024-12-30 09:13:41.473517
02179,0000,1208,106,2024-12-30 09:13:41.489955
12488,0000,1208,106,2024-12-30 09:13:41.505949
07689,0001,1207,106,2024-12-30 09:13:41.521938
10700,0000,1208,106,2024-12-30 09:13:41.537945
13713,0000,1207,106,2024-12-30 09:13:41.553931
22276,0000,1207,106,2024-12-30 09:13:41.569934
02028,0000,1207,106,2024-12-30 09:13:41.585925
24226,0000,1207,106,2024-12-30 09:13:41.601925
26427,0000,1207,106,2024-12-30 09:13:41.617916
00019,0001,1208,106,2024-12-30 09:13:41.649897
09397,0000,1208,106,2024-12-30 09:13:41.665921
00929,0000,1208,106,2024-12-30 09:13:41.681908
01422,0000,1208,106,2024-12-30 09:13:41.697911
23046,0000,1207,106,2024-12-30 09:13:41.713899
18335,0000,1208,106,2024-12-30 09:13:41.729899
13643,0000,1208,106,2024-12-30 09:13:41.745898
30250,0000,1208,106,2024-12-30 09:13:41.761894
03783,0000,1207,106,2024-12-30 09:13:41.777888
05386,0001,1208,106,2024-12-30 09:13:41.809532
37918,0000,1208,106,2024-12-30 09:13:41.825887
09718,0001,1207,106,2024-12-30 09:13:41.841888
29647,0000,1208,106,2024-12-30 09:13:41.857870
00383,0000,1208,106,2024-12-30 09:13:41.873874
02965,0000,1208,106,2024-12-30 09:13:41.889867
05305,0001,1208,106,2024-12-30 09:13:41.905867
05942,0000,1208,106,2024-12-30 09:13:41.921859
02247,0000,1208,106,2024-12-30 09:13:41.937864
01235,0000,1208,106,2024-12-30 09:13:41.969191
04538,0000,1208,106,2024-12-30 09:13:41.985851
63510,0001,1208,106,2024-12-30 09:13:42.001857
24352,0000,1207,106,2024-12-30 09:13:42.017848
35447,0000,1208,106,2024-12-30 09:13:42.033838
08501,0000,1208,106,2024-12-30 09:13:42.049843
58264,0000,1208,106,2024-12-30 09:13:42.065838
03807,0000,1208,106,2024-12-30 09:13:42.081840
05341,0000,1208,106,2024-12-30 09:13:42.097830
05243,0000,1208,106,2024-12-30 09:13:42.113833
00741,0000,1208,106,2024-12-30 09:13:42.145577
04807,0001,1208,106,2024-12-30 09:13:42.161812
01048,0000,1208,106,2024-12-30 09:13:42.177817
19560,0000,1208,106,2024-12-30 09:13:42.193815
01180,0000,1208,106,2024-12-30 09:13:42.209813
14129,0000,1208,106,2024-12-30 09:13:42.225814
02719,0001,1207,106,2024-12-30 09:13:42.241832
05280,0000,1208,106,2024-12-30 09:13:42.257802
20294,0001,1208,106,2024-12-30 09:13:42.273803
15075,0000,1208,106,2024-12-30 09:13:42.305224
05317,0000,1208,106,2024-12-30 09:13:42.321785
03109,0001,1208,106,2024-12-30 09:13:42.337785
22232,0000,1208,106,2024-12-30 09:13:42.353792
04624,0000,1208,106,2024-12-30 09:13:42.369776
20057,0000,1208,106,2024-12-30 09:13:42.385770
29835,0000,1208,106,2024-12-30 09:13:42.401768
15527,0001,1208,106,2024-12-30 09:13:42.417763
32137,0000,1208,106,2024-12-30 09:13:42.433758
02735,0000,1208,106,2024-12-30 09:13:42.449758
57378,0000,1208,106,2024-12-30 09:13:42.481593
03873,0000,1208,106,2024-12-30 09:13:42.497752
04446,0001,1208,106,2024-12-30 09:13:42.513748
04604,0000,1208,106,2024-12-30 09:13:42.529744
12439,0001,1208,106,2024-12-30 09:13:42.545746
03008,0000,1208,106,2024-12-30 09:13:42.561733
41658,0000,1207,106,2024-12-30 09:13:42.577736
07663,0000,1208,106,2024-12-30 09:13:42.593734
04731,0001,1208,106,2024-12-30 09:13:42.609735
00688,0000,1208,106,2024-12-30 09:13:42.641244
06528,0000,1208,106,2024-12-30 09:13:42.657717
59300,0000,1208,106,2024-12-30 09:13:42.673712
21253,0000,1207,106,2024-12-30 09:13:42.689714
01817,0000,1208,106,2024-12-30 09:13:42.705711
62502,0001,1208,106,2024-12-30 09:13:42.721708
25475,0001,1208,106,2024-12-30 09:13:42.737715
00479,0000,1208,106,2024-12-30 09:13:42.753702
00554,0000,1208,106,2024-12-30 09:13:42.769694
04555,0001,1208,106,2024-12-30 09:13:42.785694
03110,0000,1208,106,2024-12-30 09:13:42.817638
03120,0000,1208,106,2024-12-30 09:13:42.833688
24032,0001,1207,106,2024-12-30 09:13:42.849683
57682,0000,1208,106,2024-12-30 09:13:42.865677
04029,0001,1208,106,2024-12-30 09:13:42.881669
28098,0000,1208,106,2024-12-30 09:13:42.897670
26757,0000,1208,106,2024-12-30 09:13:42.913665
01379,0001,1208,106,2024-12-30 09:13:42.929663
00734,0000,1208,106,2024-12-30 09:13:42.945659
20100,0000,1208,106,2024-12-30 09:13:42.977266
01544,0000,1208,106,2024-12-30 09:13:42.993671
18516,0000,1208,106,2024-12-30 09:13:43.009667
47169,0001,1208,106,2024-12-30 09:13:43.025661
50054,0001,1208,106,2024-12-30 09:13:43.041640
02059,0000,1208,106,2024-12-30 09:13:43.057643
32446,0000,1208,106,2024-12-30 09:13:43.073640
02459,0000,1208,106,2024-12-30 09:13:43.089629
28572,0000,1208,106,2024-12-30 09:13:43.105626
53169,0000,1208,106,2024-12-30 09:13:43.121632
05413,0000,1208,106,2024-12-30 09:13:43.153618
01348,0000,1208,106,2024-12-30 09:13:43.169618
45833,0000,1208,106,2024-12-30 09:13:43.185619
33840,0001,1208,106,2024-12-30 09:13:43.201614
03687,0001,1208,106,2024-12-30 09:13:43.217601
03675,0000,1208,106,2024-12-30 09:13:43.233607
03584,0000,1208,106,2024-12-30 09:13:43.249610
14636,0000,1208,106,2024-12-30 09:13:43.265604
28999,0001,1208,106,2024-12-30 09:13:43.281592
15359,0000,1208,106,2024-12-30 09:13:43.313289
20959,0000,1208,106,2024-12-30 09:13:43.329607
14216,0000,1208,106,2024-12-30 09:13:43.345584
02915,0000,1208,106,2024-12-30 09:13:43.361577
17589,0000,1208,106,2024-12-30 09:13:43.377575
04629,0000,1208,106,2024-12-30 09:13:43.393578
11653,0000,1208,106,2024-12-30 09:13:43.409581
03221,0000,1208,106,2024-12-30 09:13:43.425581
13000,0000,1208,106,2024-12-30 09:13:43.441566
13381,0000,1208,106,2024-12-30 09:13:43.472934
56569,0000,1208,106,2024-12-30 09:13:43.489556
27059,0000,1208,106,2024-12-30 09:13:43.505558
01017,0002,1208,106,2024-12-30 09:13:43.521562
04571,0000,1208,106,2024-12-30 09:13:43.537564
03827,0000,1208,106,2024-12-30 09:13:43.553548
12442,0000,1208,106,2024-12-30 09:13:43.569548
04538,0000,1208,106,2024-12-30 09:13:43.585542
49052,0000,1208,106,2024-12-30 09:13:43.601535
09427,0000,1208,106,2024-12-30 09:13:43.617540
16160,0000,1208,106,2024-12-30 09:13:43.649308
06193,0000,1208,106,2024-12-30 09:13:43.665518
21119,0000,1208,106,2024-12-30 09:13:43.681513
01125,0000,1208,106,2024-12-30 09:13:43.697513
22890,0000,1208,106,2024-12-30 09:13:43.713507
01348,0000,1208,106,2024-12-30 09:13:43.729506
03863,0000,1208,106,2024-12-30 09:13:43.745510
11050,0000,1208,106,2024-12-30 09:13:43.761511
04442,0000,1208,106,2024-12-30 09:13:43.777494
28174,0000,1208,106,2024-12-30 09:13:43.808962
04675,0001,1208,106,2024-12-30 09:13:43.825485
01097,0000,1208,106,2024-12-30 09:13:43.841490
03090,0000,1208,106,2024-12-30 09:13:43.857486
02497,0000,1208,106,2024-12-30 09:13:43.873486
05399,0000,1208,106,2024-12-30 09:13:43.889478
01439,0000,1208,106,2024-12-30 09:13:43.905473
04575,0000,1208,106,2024-12-30 09:13:43.921474
01229,0000,1208,106,2024-12-30 09:13:43.937476
09763,0000,1208,106,2024-12-30 09:13:43.953458
37947,0001,1208,106,2024-12-30 09:13:43.985326
04852,0000,1208,106,2024-12-30 09:13:44.001459
02078,0001,1208,106,2024-12-30 09:13:44.017449
04540,0000,1208,106,2024-12-30 09:13:44.033452
05502,0000,1208,106,2024-12-30 09:13:44.049448
05111,0000,1208,106,2024-12-30 09:13:44.065439
23878,0000,1208,106,2024-12-30 09:13:44.081440
00512,0000,1208,106,2024-12-30 09:13:44.097433
05495,0000,1208,106,2024-12-30 09:13:44.113437
03011,0000,1208,106,2024-12-30 09:13:44.144971
00039,0001,1208,106,2024-12-30 09:13:44.161418
02513,0000,1208,106,2024-12-30 09:13:44.177417
08278,0000,1208,106,2024-12-30 09:13:44.193421
18771,0001,1208,106,2024-12-30 09:13:44.209429
01356,0001,1208,106,2024-12-30 09:13:44.225431
04567,0001,1208,106,2024-12-30 09:13:44.241446
04539,0001,1208,106,2024-12-30 09:13:44.257432
57328,0000,1208,106,2024-12-30 09:13:44.273434
02353,0000,1208,106,2024-12-30 09:13:44.289438
28332,0000,1208,106,2024-12-30 09:13:44.321387
01376,0000,1208,106,2024-12-30 09:13:44.337448
05420,0001,1208,106,2024-12-30 09:13:44.353442
02945,0000,1208,106,2024-12-30 09:13:44.369446
01792,0001,1208,106,2024-12-30 09:13:44.385447
02709,0000,1208,106,2024-12-30 09:13:44.401372
30238,0000,1208,106,2024-12-30 09:13:44.417379
04544,0000,1208,106,2024-12-30 09:13:44.433370
03900,0000,1208,106,2024-12-30 09:13:44.449371
14824,0000,1208,106,2024-12-30 09:13:44.481008
03113,0000,1208,106,2024-12-30 09:13:44.497363
04686,0000,1208,106,2024-12-30 09:13:44.513357
29621,0000,1208,106,2024-12-30 09:13:44.529355
37148,0000,1208,106,2024-12-30 09:13:44.545348
18654,0000,1209,106,2024-12-30 09:13:44.561354
04710,0000,1208,106,2024-12-30 09:13:44.577354
22486,0000,1208,106,2024-12-30 09:13:44.593348
28847,0000,1209,106,2024-12-30 09:13:44.609337
06780,0000,1208,106,2024-12-30 09:13:44.625330
03104,0000,1208,106,2024-12-30 09:13:44.657331
01250,0000,1208,106,2024-12-30 09:13:44.673329
37169,0000,1208,106,2024-12-30 09:13:44.689321
10745,0000,1209,106,2024-12-30 09:13:44.705333
07554,0000,1208,106,2024-12-30 09:13:44.721322
01649,0000,1208,106,2024-12-30 09:13:44.737338
03722,0000,1208,106,2024-12-30 09:13:44.753316
04673,0000,1208,106,2024-12-30 09:13:44.769319
04662,0001,1208,106,2024-12-30 09:13:44.785315
60987,0001,1209,106,2024-12-30 09:13:44.817040
01317,0001,1208,106,2024-12-30 09:13:44.833308
48257,0001,1208,106,2024-12-30 09:13:44.849292
04592,0000,1208,106,2024-12-30 09:13:44.865298
29779,0000,1208,106,2024-12-30 09:13:44.881288
00185,0000,1208,106,2024-12-30 09:13:44.897298
03780,0001,1208,106,2024-12-30 09:13:44.913280
28501,0000,1209,106,2024-12-30 09:13:44.929284
01201,0000,1208,106,2024-12-30 09:13:44.945279
04665,0001,1208,106,2024-12-30 09:13:44.976681
05176,0000,1208,106,2024-12-30 09:13:44.993263
01386,0000,1209,106,2024-12-30 09:13:45.009260
12106,0000,1209,106,2024-12-30 09:13:45.025252
04029,0000,1208,106,2024-12-30 09:13:45.041257
02858,0000,1208,106,2024-12-30 09:13:45.057245
26176,0000,1208,106,2024-12-30 09:13:45.073249
03859,0000,1208,106,2024-12-30 09:13:45.089244
00696,0000,1209,106,2024-12-30 09:13:45.105246
17955,0000,1208,106,2024-12-30 09:13:45.121235
04872,0001,1209,106,2024-12-30 09:13:45.153054
01102,0000,1209,106,2024-12-30 09:13:45.169225
16557,0000,1208,106,2024-12-30 09:13:45.185223
24379,0000,1209,106,2024-12-30 09:13:45.201218
44577,0000,1208,106,2024-12-30 09:13:45.217217
52525,0000,1209,106,2024-12-30 09:13:45.233212
02393,0001,1208,106,2024-12-30 09:13:45.249224
03889,0000,1209,106,2024-12-30 09:13:45.265207
09863,0001,1209,106,2024-12-30 09:13:45.281213
03402,0000,1208,106,2024-12-30 09:13:45.312703
04588,0000,1209,106,2024-12-30 09:13:45.329200
10967,0000,1209,106,2024-12-30 09:13:45.345202
01517,0000,1209,106,2024-12-30 09:13:45.361206
56865,0000,1208,106,2024-12-30 09:13:45.377206
22262,0000,1208,106,2024-12-30 09:13:45.393187
02985,0000,1208,106,2024-12-30 09:13:45.409178
04477,0000,1209,106,2024-12-30 09:13:45.425186
55059,0001,1208,106,2024-12-30 09:13:45.441178
00701,0001,1208,106,2024-12-30 09:13:45.457178
29563,0001,1209,106,2024-12-30 09:13:45.489086
05519,0001,1209,106,2024-12-30 09:13:45.505171
57545,0000,1209,106,2024-12-30 09:13:45.521158
20573,0001,1209,106,2024-12-30 09:13:45.537161
18357,0001,1208,106,2024-12-30 09:13:45.553166
48736,0000,1209,106,2024-12-30 09:13:45.569161
44019,0001,1208,106,2024-12-30 09:13:45.585158
01377,0001,1209,106,2024-12-30 09:13:45.601151
15520,0001,1209,106,2024-12-30 09:13:45.617153
05359,0000,1208,106,2024-12-30 09:13:45.648735
61737,0000,1209,106,2024-12-30 09:13:45.665133
01252,0000,1208,106,2024-12-30 09:13:45.681136
45533,0000,1208,106,2024-12-30 09:13:45.697132
00459,0000,1209,106,2024-12-30 09:13:45.713126
30752,0000,1209,106,2024-12-30 09:13:45.729120
05616,0001,1209,106,2024-12-30 09:13:45.745125
04541,0000,1209,106,2024-12-30 09:13:45.761128
01574,0001,1209,106,2024-12-30 09:13:45.777110
41411,0001,1209,106,2024-12-30 09:13:45.793109
07829,0000,1209,106,2024-12-30 09:13:45.825104
05262,0001,1209,106,2024-12-30 09:13:45.841099
13762,0001,1208,106,2024-12-30 09:13:45.857096
03407,0000,1208,106,2024-12-30 09:13:45.873093
36987,0000,1208,106,2024-12-30 09:13:45.889080
00452,0000,1209,106,2024-12-30 09:13:45.905087
04430,0001,1209,106,2024-12-30 09:13:45.921074
52214,0000,1208,106,2024-12-30 09:13:45.937081
37112,0000,1209,106,2024-12-30 09:13:45.953072
25954,0000,1209,106,2024-12-30 09:13:45.984730
04946,0001,1208,106,2024-12-30 09:13:46.001066
05273,0000,1209,106,2024-12-30 09:13:46.017053
05464,0000,1208,106,2024-12-30 09:13:46.033272
08458,0000,1209,106,2024-12-30 09:13:46.049070
01819,0000,1209,106,2024-12-30 09:13:46.065059
03803,0000,1209,106,2024-12-30 09:13:46.081055
21546,0000,1209,106,2024-12-30 09:13:46.097056
05267,0000,1209,106,2024-12-30 09:13:46.113043
00203,0001,1209,106,2024-12-30 09:13:46.144398
19441,0000,1209,106,2024-12-30 09:13:46.161034
49701,0000,1209,106,2024-12-30 09:13:46.177037
00686,0000,1209,106,2024-12-30 09:13:46.193032
02163,0000,1209,106,2024-12-30 09:13:46.209036
33130,0000,1209,106,2024-12-30 09:13:46.225028
01285,0000,1209,106,2024-12-30 09:13:46.241042
00461,0000,1209,106,2024-12-30 09:13:46.257020
29462,0000,1209,106,2024-12-30 09:13:46.273028
26362,0001,1209,106,2024-12-30 09:13:46.289009
16265,0000,1209,106,2024-12-30 09:13:46.320775
10767,0001,1209,106,2024-12-30 09:13:46.337010
04864,0000,1209,106,2024-12-30 09:13:46.352995
04672,0000,1209,106,2024-12-30 09:13:46.368997
10327,0000,1209,106,2024-12-30 09:13:46.384990
04409,0000,1209,106,2024-12-30 09:13:46.400986
00746,0001,1209,106,2024-12-30 09:13:46.416988
03573,0000,1209,106,2024-12-30 09:13:46.432982
62561,0000,1209,106,2024-12-30 09:13:46.448974
04308,0000,1209,106,2024-12-30 09:13:46.480410
16760,0000,1209,106,2024-12-30 09:13:46.496965
61114,0000,1208,106,2024-12-30 09:13:46.512970
12002,0000,1209,106,2024-12-30 09:13:46.528963
34644,0000,1209,106,2024-12-30 09:13:46.544970
04829,0000,1209,106,2024-12-30 09:13:46.560958
02265,0000,1209,106,2024-12-30 09:13:46.576966
04606,0000,1209,106,2024-12-30 09:13:46.592959
20852,0000,1208,106,2024-12-30 09:13:46.608954
05104,0001,1209,106,2024-12-30 09:13:46.624944
02120,0000,1209,106,2024-12-30 09:13:46.656793
16941,0000,1208,106,2024-12-30 09:13:46.672943
39407,0000,1209,106,2024-12-30 09:13:46.688936
01984,0001,1209,106,2024-12-30 09:13:46.704934
02660,0000,1209,106,2024-12-30 09:13:46.720918
09259,0001,1209,106,2024-12-30 09:13:46.736925
01901,0001,1209,106,2024-12-30 09:13:46.752918
32289,0000,1208,106,2024-12-30 09:13:46.768914
12415,0000,1209,106,2024-12-30 09:13:46.784915
60804,0001,1209,106,2024-12-30 09:13:46.816451
32941,0000,1209,106,2024-12-30 09:13:46.832902
00620,0001,1209,106,2024-12-30 09:13:46.848902
02943,0000,1209,106,2024-12-30 09:13:46.864893
18956,0001,1209,106,2024-12-30 09:13:46.880897
22195,0001,1209,106,2024-12-30 09:13:46.896892
12519,0001,1209,106,2024-12-30 09:13:46.912893
01935,0000,1209,106,2024-12-30 09:13:46.928894
06097,0000,1209,106,2024-12-30 09:13:46.944897
30323,0000,1209,106,2024-12-30 09:13:46.960880
04591,0000,1209,106,2024-12-30 09:13:46.992813
01451,0001,1209,106,2024-12-30 09:13:47.008870
02900,0000,1209,106,2024-12-30 09:13:47.024866
00523,0000,1209,106,2024-12-30 09:13:47.040867
05471,0001,1209,106,2024-12-30 09:13:47.056867
08164,0001,1209,106,2024-12-30 09:13:47.072877
03114,0001,1209,106,2024-12-30 09:13:47.088848
01448,0000,1209,106,2024-12-30 09:13:47.104846
01207,0000,1209,106,2024-12-30 09:13:47.120856
30625,0000,1209,106,2024-12-30 09:13:47.152470
13708,0000,1209,106,2024-12-30 09:13:47.168839
02846,0000,1209,106,2024-12-30 09:13:47.184838
03127,0000,1209,106,2024-12-30 09:13:47.200830
19511,0000,1209,106,2024-12-30 09:13:47.216826
01921,0000,1209,106,2024-12-30 09:13:47.232817
09233,0000,1209,106,2024-12-30 09:13:47.248831
14806,0000,1209,106,2024-12-30 09:13:47.264825
03392,0000,1209,106,2024-12-30 09:13:47.280820
02563,0000,1209,106,2024-12-30 09:13:47.296818
47166,0001,1209,106,2024-12-30 09:13:47.328818
06610,0001,1209,106,2024-12-30 09:13:47.344833
61069,0000,1209,106,2024-12-30 09:13:47.360843
05360,0000,1209,106,2024-12-30 09:13:47.376840
01371,0000,1209,106,2024-12-30 09:13:47.392830
13006,0000,1209,106,2024-12-30 09:13:47.408835
25413,0000,1209,106,2024-12-30 09:13:47.424830
30813,0000,1209,106,2024-12-30 09:13:47.440836
21004,0000,1209,106,2024-12-30 09:13:47.456835
05474,0000,1209,106,2024-12-30 09:13:47.488522
09389,0000,1209,106,2024-12-30 09:13:47.504848
17089,0000,1209,106,2024-12-30 09:13:47.520779
03081,0000,1209,106,2024-12-30 09:13:47.536771
05256,0000,1209,106,2024-12-30 09:13:47.552762
04728,0001,1209,106,2024-12-30 09:13:47.568764
26577,0000,1209,106,2024-12-30 09:13:47.584757
04581,0000,1209,106,2024-12-30 09:13:47.600761
23803,0000,1209,106,2024-12-30 09:13:47.616756
03629,0001,1209,106,2024-12-30 09:13:47.648131
54230,0000,1209,106,2024-12-30 09:13:47.664750
03685,0000,1209,106,2024-12-30 09:13:47.680733
03118,0000,1209,106,2024-12-30 09:13:47.696737
01589,0000,1209,106,2024-12-30 09:13:47.712739
11543,0000,1209,106,2024-12-30 09:13:47.728719
40857,0001,1209,106,2024-12-30 09:13:47.744735
39511,0000,1209,106,2024-12-30 09:13:47.760714
05444,0000,1209,106,2024-12-30 09:13:47.776725
06374,0000,1209,106,2024-12-30 09:13:47.792713
00461,0000,1209,106,2024-12-30 09:13:47.824496
17861,0000,1209,106,2024-12-30 09:13:47.840723
19455,0001,1209,106,2024-12-30 09:13:47.856698
04686,0001,1209,106,2024-12-30 09:13:47.872707
00636,0000,1209,106,2024-12-30 09:13:47.888699
04789,0000,1209,106,2024-12-30 09:13:47.904696
30096,0000,1209,106,2024-12-30 09:13:47.920694
28195,0000,1209,106,2024-12-30 09:13:47.936689
50663,0000,1209,106,2024-12-30 09:13:47.952691
30733,0000,1209,106,2024-12-30 09:13:47.984152
02141,0000,1209,106,2024-12-30 09:13:48.000679
02294,0000,1209,106,2024-12-30 09:13:48.016673
00650,0000,1209,106,2024-12-30 09:13:48.032673
04301,0000,1209,106,2024-12-30 09:13:48.048666
47910,0001,1209,106,2024-12-30 09:13:48.064660
20318,0000,1209,106,2024-12-30 09:13:48.080663
15472,0000,1209,106,2024-12-30 09:13:48.096667
05269,0000,1209,106,2024-12-30 09:13:48.112651
02262,0000,1209,106,2024-12-30 09:13:48.128645
01376,0001,1209,106,2024-12-30 09:13:48.160552
09201,0001,1209,106,2024-12-30 09:13:48.176640
17670,0000,1209,106,2024-12-30 09:13:48.192648
18448,0000,1209,106,2024-12-30 09:13:48.208634
15653,0000,1209,106,2024-12-30 09:13:48.224637
05868,0000,1209,106,2024-12-30 09:13:48.240640
01837,0000,1209,106,2024-12-30 09:13:48.256630
35418,0000,1209,106,2024-12-30 09:13:48.272627
00830,0000,1209,106,2024-12-30 09:13:48.288619
21044,0001,1209,106,2024-12-30 09:13:48.320182
11114,0001,1209,106,2024-12-30 09:13:48.336611
00399,0001,1209,106,2024-12-30 09:13:48.352608
03583,0000,1209,106,2024-12-30 09:13:48.368604
03568,0000,1209,106,2024-12-30 09:13:48.384606
07611,0001,1209,106,2024-12-30 09:13:48.400603
13235,0000,1209,106,2024-12-30 09:13:48.416606
05375,0001,1209,106,2024-12-30 09:13:48.432595
12992,0000,1209,106,2024-12-30 09:13:48.448592
02116,0000,1209,106,2024-12-30 09:13:48.464585
02868,0000,1209,106,2024-12-30 09:13:48.496588
02237,0000,1209,106,2024-12-30 09:13:48.512572
02189,0000,1209,106,2024-12-30 09:13:48.528574
36961,0000,1209,106,2024-12-30 09:13:48.544567
34053,0000,1209,106,2024-12-30 09:13:48.560565
02953,0000,1209,106,2024-12-30 09:13:48.576566
41577,0000,1209,106,2024-12-30 09:13:48.592559
10178,0000,1210,106,2024-12-30 09:13:48.608560
26408,0000,1209,106,2024-12-30 09:13:48.624555
17953,0000,1209,106,2024-12-30 09:13:48.656215
42306,0000,1209,106,2024-12-30 09:13:48.672549
04561,0001,1209,106,2024-12-30 09:13:48.688534
01528,0000,1210,106,2024-12-30 09:13:48.704542
04695,0000,1210,106,2024-12-30 09:13:48.720533
13815,0001,1210,106,2024-12-30 09:13:48.736535
03566,0000,1210,106,2024-12-30 09:13:48.752528
18450,0000,1209,106,2024-12-30 09:13:48.768531
04577,0000,1209,106,2024-12-30 09:13:48.784521
13906,0000,1209,106,2024-12-30 09:13:48.815847
22614,0000,1209,106,2024-12-30 09:13:48.832513
01363,0000,1209,106,2024-12-30 09:13:48.848505
32366,0001,1209,106,2024-12-30 09:13:48.864506
05326,0000,1209,106,2024-12-30 09:13:48.880508
42497,0000,1209,106,2024-12-30 09:13:48.896515
08356,0000,1209,106,2024-12-30 09:13:48.912491
04647,0000,1209,106,2024-12-30 09:13:48.928485
41360,0001,1209,106,2024-12-30 09:13:48.944484
41511,0000,1210,106,2024-12-30 09:13:48.960487
02971,0000,1209,106,2024-12-30 09:13:48.992228
19841,0000,1210,106,2024-12-30 09:13:49.008480
01029,0000,1209,106,2024-12-30 09:13:49.024480
04293,0000,1210,106,2024-12-30 09:13:49.040474
08985,0000,1209,106,2024-12-30 09:13:49.056460
01684,0001,1209,106,2024-12-30 09:13:49.072459
27022,0000,1209,106,2024-12-30 09:13:49.088460
12025,0000,1209,106,2024-12-30 09:13:49.104465
05387,0000,1209,106,2024-12-30 09:13:49.120447
17003,0000,1209,106,2024-12-30 09:13:49.151851
22255,0000,1209,106,2024-12-30 09:13:49.168450
01108,0000,1210,106,2024-12-30 09:13:49.184440
03542,0000,1209,106,2024-12-30 09:13:49.200443
05209,0000,1210,106,2024-12-30 09:13:49.216435
12503,0000,1209,106,2024-12-30 09:13:49.232437
05194,0000,1210,106,2024-12-30 09:13:49.248442
44238,0000,1209,106,2024-12-30 09:13:49.264438
12194,0000,1210,106,2024-12-30 09:13:49.280441
03968,0000,1210,106,2024-12-30 09:13:49.296430
00771,0001,1209,106,2024-12-30 09:13:49.328260
01814,0000,1210,106,2024-12-30 09:13:49.344418
05502,0000,1209,106,2024-12-30 09:13:49.360406
05448,0001,1209,106,2024-12-30 09:13:49.376404
04769,0000,1210,106,2024-12-30 09:13:49.392405
03816,0000,1209,106,2024-12-30 09:13:49.408409
05014,0000,1209,106,2024-12-30 09:13:49.424395
03054,0001,1209,106,2024-12-30 09:13:49.440395
03886,0000,1210,106,2024-12-30 09:13:49.456388
12386,0000,1210,106,2024-12-30 09:13:49.487907
01944,0000,1210,106,2024-12-30 09:13:49.504374
02735,0000,1210,106,2024-12-30 09:13:49.520376
02997,0000,1210,106,2024-12-30 09:13:49.536374
36107,0000,1210,106,2024-12-30 09:13:49.552378
43825,0000,1209,106,2024-12-30 09:13:49.568370
01930,0000,1209,106,2024-12-30 09:13:49.584371
43969,0000,1209,106,2024-12-30 09:13:49.600362
02870,0000,1209,106,2024-12-30 09:13:49.616366
02919,0000,1209,106,2024-12-30 09:13:49.632359
00608,0000,1210,106,2024-12-30 09:13:49.664287
03445,0000,1209,106,2024-12-30 09:13:49.680342
02229,0001,1209,106,2024-12-30 09:13:49.696342
04116,0000,1210,106,2024-12-30 09:13:49.712335
37812,0001,1210,106,2024-12-30 09:13:49.728330
25756,0000,1210,106,2024-12-30 09:13:49.744328
51331,0000,1210,106,2024-12-30 09:13:49.760328
05397,0000,1210,106,2024-12-30 09:13:49.776326
02301,0000,1210,106,2024-12-30 09:13:49.792330
32237,0000,1210,106,2024-12-30 09:13:49.823929
15743,0000,1209,106,2024-12-30 09:13:49.840312
04436,0000,1210,106,2024-12-30 09:13:49.856326
03845,0000,1209,106,2024-12-30 09:13:49.872314
50525,0000,1210,106,2024-12-30 09:13:49.888300
22738,0000,1209,106,2024-12-30 09:13:49.904303
23411,0000,1210,106,2024-12-30 09:13:49.920303
03520,0001,1209,106,2024-12-30 09:13:49.936295
04204,0000,1210,106,2024-12-30 09:13:49.952295
51718,0000,1210,106,2024-12-30 09:13:49.968291
01367,0001,1210,106,2024-12-30 09:13:50.000279
03064,0001,1210,106,2024-12-30 09:13:50.016283
00364,0001,1210,106,2024-12-30 09:13:50.032280
18638,0000,1209,106,2024-12-30 09:13:50.048278
01069,0000,1209,106,2024-12-30 09:13:50.064282
02586,0001,1210,106,2024-12-30 09:13:50.080280
30361,0001,1210,106,2024-12-30 09:13:50.096270
22451,0000,1210,106,2024-12-30 09:13:50.112268
29201,0000,1209,106,2024-12-30 09:13:50.128262
05338,0001,1210,106,2024-12-30 09:13:50.159949
34447,0000,1210,106,2024-12-30 09:13:50.176258
00638,0000,1210,106,2024-12-30 09:13:50.192255
16559,0000,1210,106,2024-12-30 09:13:50.208250
05298,0000,1210,106,2024-12-30 09:13:50.224252
01287,0000,1210,106,2024-12-30 09:13:50.240251
04632,0001,1209,106,2024-12-30 09:13:50.256240
04926,0000,1210,106,2024-12-30 09:13:50.272230
27862,0001,1210,106,2024-12-30 09:13:50.288228
02968,0000,1210,106,2024-12-30 09:13:50.319594
31535,0000,1210,106,2024-12-30 09:13:50.336220
30563,0001,1210,106,2024-12-30 09:13:50.352211
36855,0000,1210,106,2024-12-30 09:13:50.368212
03538,0000,1210,106,2024-12-30 09:13:50.384213
09641,0000,1210,106,2024-12-30 09:13:50.400208
00679,0001,1210,106,2024-12-30 09:13:50.416199
02909,0000,1210,106,2024-12-30 09:13:50.432197
00229,0000,1210,106,2024-12-30 09:13:50.448199
20999,0000,1210,106,2024-12-30 09:13:50.464208
34610,0000,1210,106,2024-12-30 09:13:50.495997
01278,0000,1210,106,2024-12-30 09:13:50.512212
03828,0000,1210,106,2024-12-30 09:13:50.528213
16881,0000,1210,106,2024-12-30 09:13:50.544214
03857,0000,1210,106,2024-12-30 09:13:50.560214
00150,0001,1210,106,2024-12-30 09:13:50.576218
27610,0000,1210,106,2024-12-30 09:13:50.592216
04653,0000,1210,106,2024-12-30 09:13:50.608218
31083,0001,1210,106,2024-12-30 09:13:50.624226
01233,0000,1210,106,2024-12-30 09:13:50.655577
33754,0000,1210,106,2024-12-30 09:13:50.672160
04436,0000,1210,106,2024-12-30 09:13:50.688156
02498,0000,1210,106,2024-12-30 09:13:50.704157
14581,0000,1210,106,2024-12-30 09:13:50.720143
25855,0000,1210,106,2024-12-30 09:13:50.736149
05097,0000,1210,106,2024-12-30 09:13:50.752142
03986,0000,1210,106,2024-12-30 09:13:50.768142
07205,0000,1210,106,2024-12-30 09:13:50.784134
46571,0000,1210,106,2024-12-30 09:13:50.800128
02284,0000,1210,106,2024-12-30 09:13:50.832021
23532,0000,1210,106,2024-12-30 09:13:50.848132
03679,0000,1210,106,2024-12-30 09:13:50.864118
12295,0000,1210,106,2024-12-30 09:13:50.880116
02836,0000,1209,106,2024-12-30 09:13:50.896104
02316,0000,1210,106,2024-12-30 09:13:50.912107
18165,0000,1210,106,2024-12-30 09:13:50.928099
16271,0000,1210,106,2024-12-30 09:13:50.944108
10849,0000,1210,106,2024-12-30 09:13:50.960102
03891,0001,1210,106,2024-12-30 09:13:50.991633
05461,0001,1210,106,2024-12-30 09:13:51.008085
15957,0000,1210,106,2024-12-30 09:13:51.024089
01530,0000,1210,106,2024-12-30 09:13:51.040077
04655,0000,1210,106,2024-12-30 09:13:51.056079
03097,0000,1210,106,2024-12-30 09:13:51.072075
45700,0000,1210,106,2024-12-30 09:13:51.088074
18904,0000,1210,106,2024-12-30 09:13:51.104072
05372,0000,1209,106,2024-12-30 09:13:51.120078
20083,0000,1210,106,2024-12-30 09:13:51.136064
05550,0000,1210,106,2024-12-30 09:13:51.168038
04511,0001,1210,106,2024-12-30 09:13:51.184061
27882,0000,1210,106,2024-12-30 09:13:51.200046
43823,0000,1210,106,2024-12-30 09:13:51.216048
07823,0000,1210,106,2024-12-30 09:13:51.232057
03606,0000,1210,106,2024-12-30 09:13:51.248041
42301,0000,1210,106,2024-12-30 09:13:51.264039
01497,0000,1210,106,2024-12-30 09:13:51.280030
01034,0000,1210,106,2024-12-30 09:13:51.296029
11642,0000,1210,106,2024-12-30 09:13:51.327681
02843,0000,1210,106,2024-12-30 09:13:51.344031
02375,0001,1210,106,2024-12-30 09:13:51.360028
00955,0000,1210,106,2024-12-30 09:13:51.376013
03012,0000,1210,106,2024-12-30 09:13:51.392013
09448,0000,1210,106,2024-12-30 09:13:51.408003
00565,0000,1210,106,2024-12-30 09:13:51.424007
04652,0001,1210,106,2024-12-30 09:13:51.440001
20927,0000,1210,106,2024-12-30 09:13:51.456005
49596,0000,1210,106,2024-12-30 09:13:51.471996
23566,0000,1210,106,2024-12-30 09:13:51.503985
10675,0000,1210,106,2024-12-30 09:13:51.519989
02234,0000,1210,106,2024-12-30 09:13:51.535982
04890,0000,1210,106,2024-12-30 09:13:51.551982
01865,0001,1210,106,2024-12-30 09:13:51.567975
06876,0000,1210,106,2024-12-30 09:13:51.583977
04340,0000,1210,106,2024-12-30 09:13:51.599968
17487,0000,1210,106,2024-12-30 09:13:51.615965
21626,0000,1210,106,2024-12-30 09:13:51.631977
28414,0000,1210,106,2024-12-30 09:13:51.663699
04806,0000,1210,106,2024-12-30 09:13:51.679956
28557,0000,1210,106,2024-12-30 09:13:51.695963
27251,0000,1210,106,2024-12-30 09:13:51.711945
23635,0000,1210,106,2024-12-30 09:13:51.727944
02863,0001,1210,106,2024-12-30 09:13:51.743951
33060,0000,1210,106,2024-12-30 09:13:51.759948
20910,0001,1210,106,2024-12-30 09:13:51.775936
57393,0001,1210,106,2024-12-30 09:13:51.791943
32503,0001,1210,106,2024-12-30 09:13:51.823339
05271,0000,1210,106,2024-12-30 09:13:51.839929
14664,0001,1210,106,2024-12-30 09:13:51.855919
03026,0000,1210,106,2024-12-30 09:13:51.871919
31320,0001,1210,106,2024-12-30 09:13:51.887917
00577,0001,1210,106,2024-12-30 09:13:51.903916
03633,0000,1210,106,2024-12-30 09:13:51.919907
02239,0000,1210,106,2024-12-30 09:13:51.935906
04658,0001,1210,106,2024-12-30 09:13:51.951897
05168,0000,1210,106,2024-12-30 09:13:51.967902
01450,0000,1210,106,2024-12-30 09:13:51.999718
01617,0000,1210,106,2024-12-30 09:13:52.015905
01513,0000,1210,106,2024-12-30 09:13:52.031892
31546,0001,1210,106,2024-12-30 09:13:52.047887
02734,0000,1211,106,2024-12-30 09:13:52.063892
34672,0001,1210,106,2024-12-30 09:13:52.079885
09572,0000,1210,106,2024-12-30 09:13:52.095875
15523,0000,1210,106,2024-12-30 09:13:52.111876
01513,0000,1210,106,2024-12-30 09:13:52.127870
04645,0000,1210,106,2024-12-30 09:13:52.159352
00444,0000,1210,106,2024-12-30 09:13:52.175864
24232,0000,1210,106,2024-12-30 09:13:52.191851
03888,0000,1210,106,2024-12-30 09:13:52.207860
40011,0000,1210,106,2024-12-30 09:13:52.223856
03885,0000,1210,106,2024-12-30 09:13:52.239867
15623,0001,1210,106,2024-12-30 09:13:52.255849
04815,0000,1210,106,2024-12-30 09:13:52.271847
16393,0001,1210,106,2024-12-30 09:13:52.287844
19986,0000,1210,106,2024-12-30 09:13:52.303859
13559,0000,1210,106,2024-12-30 09:13:52.335741
22274,0000,1210,106,2024-12-30 09:13:52.351823
00634,0001,1210,106,2024-12-30 09:13:52.367829
08388,0001,1210,106,2024-12-30 09:13:52.383826
19744,0000,1210,106,2024-12-30 09:13:52.399821
24852,0000,1210,106,2024-12-30 09:13:52.415829
00717,0000,1210,106,2024-12-30 09:13:52.431813
54740,0001,1210,106,2024-12-30 09:13:52.447816
12827,0001,1211,106,2024-12-30 09:13:52.463807
13018,0000,1210,106,2024-12-30 09:13:52.495389
18600,0001,1210,106,2024-12-30 09:13:52.511803
64174,0000,1210,106,2024-12-30 09:13:52.527799
02286,0000,1210,106,2024-12-30 09:13:52.543797
01964,0001,1210,106,2024-12-30 09:13:52.559787
24241,0001,1210,106,2024-12-30 09:13:52.575787
01060,0000,1210,106,2024-12-30 09:13:52.591784
00980,0000,1210,106,2024-12-30 09:13:52.607782
48774,0000,1210,106,2024-12-30 09:13:52.623776
25971,0000,1210,106,2024-12-30 09:13:52.639778
48072,0000,1210,106,2024-12-30 09:13:52.671760
02246,0000,1210,106,2024-12-30 09:13:52.687763
03343,0000,1211,106,2024-12-30 09:13:52.703756
33768,0000,1211,106,2024-12-30 09:13:52.719755
02310,0000,1210,106,2024-12-30 09:13:52.735749
02765,0000,1210,106,2024-12-30 09:13:52.751751
23263,0000,1210,106,2024-12-30 09:13:52.767757
05281,0001,1210,106,2024-12-30 09:13:52.783743
40539,0001,1210,106,2024-12-30 09:13:52.799751
05820,0000,1210,106,2024-12-30 09:13:52.831397
17073,0000,1211,106,2024-12-30 09:13:52.847736
02120,0000,1210,106,2024-12-30 09:13:52.863723
02197,0000,1210,106,2024-12-30 09:13:52.879734
23353,0000,1211,106,2024-12-30 09:13:52.895731
28928,0000,1210,106,2024-12-30 09:13:52.911726
03701,0000,1210,106,2024-12-30 09:13:52.927729
37740,0000,1210,106,2024-12-30 09:13:52.943712
08340,0000,1210,106,2024-12-30 09:13:52.959715
01308,0000,1210,106,2024-12-30 09:13:52.991038
03033,0000,1210,106,2024-12-30 09:13:53.007703
27868,0000,1210,106,2024-12-30 09:13:53.023704
01939,0001,1210,106,2024-12-30 09:13:53.039694
03484,0000,1210,106,2024-12-30 09:13:53.055692
50832,0000,1210,106,2024-12-30 09:13:53.071688
00476,0001,1210,106,2024-12-30 09:13:53.087690
23808,0000,1210,106,2024-12-30 09:13:53.103683
03442,0000,1210,106,2024-12-30 09:13:53.119676
08412,0000,1210,106,2024-12-30 09:13:53.135675
03648,0000,1210,106,2024-12-30 09:13:53.167442
03810,0000,1210,106,2024-12-30 09:13:53.183673
01741,0000,1210,106,2024-12-30 09:13:53.199676
02500,0000,1210,106,2024-12-30 09:13:53.215673
04421,0000,1211,106,2024-12-30 09:13:53.231658
19433,0000,1210,106,2024-12-30 09:13:53.247660
07753,0000,1210,106,2024-12-30 09:13:53.263656
23371,0001,1211,106,2024-12-30 09:13:53.279648
25598,0000,1211,106,2024-12-30 09:13:53.295640
04121,0000,1210,106,2024-12-30 09:13:53.327078
34738,0000,1210,106,2024-12-30 09:13:53.343638
25121,0000,1210,106,2024-12-30 09:13:53.359645
04715,0000,1211,106,2024-12-30 09:13:53.375645
05333,0000,1210,106,2024-12-30 09:13:53.391646
03319,0000,1210,106,2024-12-30 09:13:53.407625
51381,0000,1211,106,2024-12-30 09:13:53.423622
02506,0000,1210,106,2024-12-30 09:13:53.439610
00731,0000,1210,106,2024-12-30 09:13:53.455616
04544,0000,1210,106,2024-12-30 09:13:53.471612
02104,0000,1210,106,2024-12-30 09:13:53.503458
00602,0001,1210,106,2024-12-30 09:13:53.519607
07305,0001,1211,106,2024-12-30 09:13:53.535592
05674,0001,1210,106,2024-12-30 09:13:53.551597
03825,0000,1210,106,2024-12-30 09:13:53.567584
30110,0000,1210,106,2024-12-30 09:13:53.583584
01429,0001,1211,106,2024-12-30 09:13:53.599587
26251,0000,1211,106,2024-12-30 09:13:53.615592
30472,0000,1211,106,2024-12-30 09:13:53.631592
44997,0000,1210,106,2024-12-30 09:13:53.663125
00129,0000,1210,106,2024-12-30 09:13:53.679604
04004,0000,1210,106,2024-12-30 09:13:53.695600
00690,0000,1210,106,2024-12-30 09:13:53.711600
02438,0000,1210,106,2024-12-30 09:13:53.727601
23272,0000,1210,106,2024-12-30 09:13:53.743610
29265,0001,1210,106,2024-12-30 09:13:53.759616
02022,0000,1210,106,2024-12-30 09:13:53.775614
19545,0000,1210,106,2024-12-30 09:13:53.791541
02303,0000,1210,106,2024-12-30 09:13:53.807550
02040,0000,1211,106,2024-12-30 09:13:53.839485
20836,0000,1211,106,2024-12-30 09:13:53.855536
02215,0000,1210,106,2024-12-30 09:13:53.871534
08344,0000,1210,106,2024-12-30 09:13:53.887532
01569,0000,1210,106,2024-12-30 09:13:53.903530
05538,0000,1211,106,2024-12-30 09:13:53.919524
03362,0000,1210,106,2024-12-30 09:13:53.935517
48326,0000,1211,106,2024-12-30 09:13:53.951516
20082,0000,1210,106,2024-12-30 09:13:53.967518
04974,0000,1211,106,2024-12-30 09:13:53.999114
02566,0000,1211,106,2024-12-30 09:13:54.015493
10729,0000,1210,106,2024-12-30 09:13:54.031502
11985,0000,1211,106,2024-12-30 09:13:54.047497
55080,0001,1211,106,2024-12-30 09:13:54.063492
14019,0000,1211,106,2024-12-30 09:13:54.079494
40079,0000,1211,106,2024-12-30 09:13:54.095496
01217,0001,1210,106,2024-12-30 09:13:54.111474
14034,0000,1211,106,2024-12-30 09:13:54.127481
25044,0001,1210,106,2024-12-30 09:13:54.143473
19126,0000,1211,106,2024-12-30 09:13:54.175462
00611,0001,1211,106,2024-12-30 09:13:54.191468
02398,0001,1210,106,2024-12-30 09:13:54.207464
04536,0000,1211,106,2024-12-30 09:13:54.223466
28614,0000,1211,106,2024-12-30 09:13:54.239460
03681,0000,1210,106,2024-12-30 09:13:54.255464
28233,0000,1211,106,2024-12-30 09:13:54.271455
35577,0000,1211,106,2024-12-30 09:13:54.287456
05193,0000,1211,106,2024-12-30 09:13:54.303445
29478,0000,1211,106,2024-12-30 09:13:54.335158
29441,0000,1211,106,2024-12-30 09:13:54.351440
44050,0000,1211,106,2024-12-30 09:13:54.367447
27725,0000,1210,106,2024-12-30 09:13:54.383423
04605,0000,1211,106,2024-12-30 09:13:54.399424
05255,0000,1211,106,2024-12-30 09:13:54.415418
00458,0000,1210,106,2024-12-30 09:13:54.431419
01853,0001,1210,106,2024-12-30 09:13:54.447413
02920,0000,1211,106,2024-12-30 09:13:54.463414
03809,0000,1210,106,2024-12-30 09:13:54.494800
36830,0000,1211,106,2024-12-30 09:13:54.511403
14651,0000,1211,106,2024-12-30 09:13:54.527398
10783,0000,1211,106,2024-12-30 09:13:54.543396
04651,0000,1211,106,2024-12-30 09:13:54.559394
05033,0001,1211,106,2024-12-30 09:13:54.575391
18731,0001,1211,106,2024-12-30 09:13:54.591384
04868,0000,1210,106,2024-12-30 09:13:54.607378
22546,0000,1211,106,2024-12-30 09:13:54.623376
67538,0000,1210,106,2024-12-30 09:13:54.639376
26316,0000,1211,106,2024-12-30 09:13:54.671165
41637,0000,1210,106,2024-12-30 09:13:54.687374
00663,0001,1211,106,2024-12-30 09:13:54.703376
46230,0000,1211,106,2024-12-30 09:13:54.719364
22832,0001,1211,106,2024-12-30 09:13:54.735363
03624,0000,1211,106,2024-12-30 09:13:54.751366
06266,0000,1211,106,2024-12-30 09:13:54.767366
44825,0000,1210,106,2024-12-30 09:13:54.783358
04021,0000,1211,106,2024-12-30 09:13:54.799345
14623,0001,1211,106,2024-12-30 09:13:54.830811
02322,0000,1211,106,2024-12-30 09:13:54.847337
10018,0000,1211,106,2024-12-30 09:13:54.863334
25696,0000,1211,106,2024-12-30 09:13:54.879334
05482,0000,1211,106,2024-12-30 09:13:54.895323
29608,0000,1211,106,2024-12-30 09:13:54.911326
21505,0001,1211,106,2024-12-30 09:13:54.927312
29373,0000,1211,106,2024-12-30 09:13:54.943312
02865,0000,1211,106,2024-12-30 09:13:54.959308
05039,0000,1211,106,2024-12-30 09:13:54.975314
31339,0001,1211,106,2024-12-30 09:13:55.007221
05249,0000,1211,106,2024-12-30 09:13:55.023300
23289,0000,1211,106,2024-12-30 09:13:55.039308
04164,0001,1211,106,2024-12-30 09:13:55.055298
26029,0000,1211,106,2024-12-30 09:13:55.071299
54920,0001,1211,106,2024-12-30 09:13:55.087292
01909,0001,1211,106,2024-12-30 09:13:55.103292
58155,0000,1211,106,2024-12-30 09:13:55.119285
09048,0001,1211,106,2024-12-30 09:13:55.135288
01966,0001,1211,106,2024-12-30 09:13:55.166835
03792,0001,1211,106,2024-12-30 09:13:55.183275
03015,0000,1211,106,2024-12-30 09:13:55.199264
02304,0001,1211,106,2024-12-30 09:13:55.215265
02012,0001,1211,106,2024-12-30 09:13:55.231262
00462,0001,1211,106,2024-12-30 09:13:55.247272
40837,0000,1211,106,2024-12-30 09:13:55.263260
09766,0000,1211,106,2024-12-30 09:13:55.279264
05230,0000,1211,106,2024-12-30 09:13:55.295250
14783,0000,1211,106,2024-12-30 09:13:55.311243
03818,0000,1211,106,2024-12-30 09:13:55.343222
63407,0000,1211,106,2024-12-30 09:13:55.359243
00355,0000,1211,106,2024-12-30 09:13:55.375230
02897,0000,1211,106,2024-12-30 09:13:55.391237
03891,0000,1211,106,2024-12-30 09:13:55.407219
03782,0001,1211,106,2024-12-30 09:13:55.423224
02990,0000,1211,106,2024-12-30 09:13:55.439217
07025,0000,1211,106,2024-12-30 09:13:55.455217
23314,0000,1211,106,2024-12-30 09:13:55.471214
21790,0000,1211,106,2024-12-30 09:13:55.502871
01510,0000,1211,106,2024-12-30 09:13:55.519204
04571,0000,1211,106,2024-12-30 09:13:55.535214
03854,0000,1211,106,2024-12-30 09:13:55.551192
01738,0000,1211,106,2024-12-30 09:13:55.567192
25372,0000,1211,106,2024-12-30 09:13:55.583188
67875,0000,1211,106,2024-12-30 09:13:55.599190
05066,0000,1211,106,2024-12-30 09:13:55.615193
54275,0000,1211,106,2024-12-30 09:13:55.631193
05343,0001,1211,106,2024-12-30 09:13:55.662496
05471,0001,1211,106,2024-12-30 09:13:55.679170
10386,0001,1211,106,2024-12-30 09:13:55.695174
03670,0001,1211,106,2024-12-30 09:13:55.711160
00556,0000,1211,106,2024-12-30 09:13:55.727158
01509,0000,1211,106,2024-12-30 09:13:55.743160
06235,0001,1211,106,2024-12-30 09:13:55.759163
36002,0000,1211,106,2024-12-30 09:13:55.775151
11629,0000,1211,106,2024-12-30 09:13:55.791152
01510,0001,1211,106,2024-12-30 09:13:55.807148
40117,0000,1211,106,2024-12-30 09:13:55.838892
05120,0000,1211,106,2024-12-30 09:13:55.855136
00970,0000,1211,106,2024-12-30 09:13:55.871136
02536,0000,1211,106,2024-12-30 09:13:55.887121
01334,0001,1211,106,2024-12-30 09:13:55.903132
02337,0001,1211,106,2024-12-30 09:13:55.919144
01436,0001,1211,106,2024-12-30 09:13:55.935135
27200,0000,1211,106,2024-12-30 09:13:55.951124
04699,0001,1211,106,2024-12-30 09:13:55.967123
03813,0000,1211,106,2024-12-30 09:13:55.998537
12126,0000,1211,106,2024-12-30 09:13:56.015116
17795,0001,1211,106,2024-12-30 09:13:56.031110
05150,0000,1211,106,2024-12-30 09:13:56.047112
11608,0000,1211,106,2024-12-30 09:13:56.063116
04379,0001,1211,106,2024-12-30 09:13:56.079102
24339,0000,1211,106,2024-12-30 09:13:56.095105
03076,0000,1211,106,2024-12-30 09:13:56.111092
02995,0000,1211,106,2024-12-30 09:13:56.127087
17342,0000,1211,106,2024-12-30 09:13:56.143089
28779,0000,1211,106,2024-12-30 09:13:56.174932
04644,0001,1211,106,2024-12-30 09:13:56.191079
19143,0001,1211,106,2024-12-30 09:13:56.207082
03625,0000,1211,106,2024-12-30 09:13:56.223066
01825,0000,1211,106,2024-12-30 09:13:56.239081
00995,0001,1211,106,2024-12-30 09:13:56.255063
47964,0001,1211,106,2024-12-30 09:13:56.271063
03788,0001,1211,106,2024-12-30 09:13:56.287061
05212,0000,1211,106,2024-12-30 09:13:56.303067
04558,0000,1211,106,2024-12-30 09:13:56.334561
01418,0000,1211,106,2024-12-30 09:13:56.351049
14793,0000,1211,106,2024-12-30 09:13:56.367034
05325,0000,1211,106,2024-12-30 09:13:56.383036
16360,0000,1211,106,2024-12-30 09:13:56.399035
24482,0001,1211,106,2024-12-30 09:13:56.415032
13269,0000,1211,106,2024-12-30 09:13:56.431041
49593,0000,1211,106,2024-12-30 09:13:56.447036
01072,0000,1211,106,2024-12-30 09:13:56.463025
03254,0000,1211,106,2024-12-30 09:13:56.479028
05466,0000,1211,106,2024-12-30 09:13:56.510954
06030,0000,1211,106,2024-12-30 09:13:56.527024
03303,0001,1211,106,2024-12-30 09:13:56.543018
00193,0000,1211,106,2024-12-30 09:13:56.559007
16874,0001,1211,106,2024-12-30 09:13:56.575005
41450,0000,1211,106,2024-12-30 09:13:56.591005
02893,0000,1211,106,2024-12-30 09:13:56.606992
01039,0000,1211,106,2024-12-30 09:13:56.622999
05346,0001,1211,106,2024-12-30 09:13:56.638991
21011,0000,1211,106,2024-12-30 09:13:56.670583
28922,0000,1211,106,2024-12-30 09:13:56.686989
25002,0000,1211,106,2024-12-30 09:13:56.702986
19047,0000,1211,106,2024-12-30 09:13:56.718988
02782,0000,1211,106,2024-12-30 09:13:56.734984
49105,0000,1211,106,2024-12-30 09:13:56.750997
40328,0000,1211,106,2024-12-30 09:13:56.766987
32510,0000,1211,106,2024-12-30 09:13:56.782988
05454,0000,1211,106,2024-12-30 09:13:56.799003
02279,0000,1211,106,2024-12-30 09:13:56.814998
02794,0000,1211,106,2024-12-30 09:13:56.847006
26087,0000,1211,106,2024-12-30 09:13:56.863005
06095,0001,1211,106,2024-12-30 09:13:56.879008
06016,0001,1211,106,2024-12-30 09:13:56.895013
06371,0000,1211,106,2024-12-30 09:13:56.910939
00498,0000,1211,106,2024-12-30 09:13:56.926935
06654,0000,1211,106,2024-12-30 09:13:56.942934
00727,0001,1211,106,2024-12-30 09:13:56.958932
11357,0001,1211,106,2024-12-30 09:13:56.974939
04977,0000,1211,106,2024-12-30 09:13:57.006608
01349,0000,1211,106,2024-12-30 09:13:57.022915
48238,0000,1211,106,2024-12-30 09:13:57.038917
44681,0000,1212,106,2024-12-30 09:13:57.054915
20200,0000,1211,106,2024-12-30 09:13:57.070904
00758,0001,1211,106,2024-12-30 09:13:57.086916
05382,0000,1211,106,2024-12-30 09:13:57.102909
00974,0001,1211,106,2024-12-30 09:13:57.118902
06800,0000,1211,106,2024-12-30 09:13:57.134890
09888,0000,1211,106,2024-12-30 09:13:57.166245
02985,0001,1211,106,2024-12-30 09:13:57.182886
00464,0000,1211,106,2024-12-30 09:13:57.198892
19547,0000,1211,106,2024-12-30 09:13:57.214885
03844,0001,1212,106,2024-12-30 09:13:57.230879
00485,0000,1211,106,2024-12-30 09:13:57.246882
02382,0000,1211,106,2024-12-30 09:13:57.262873
31442,0000,1211,106,2024-12-30 09:13:57.278870
00559,0000,1211,106,2024-12-30 09:13:57.294861
38816,0000,1211,106,2024-12-30 09:13:57.310880
12534,0000,1211,106,2024-12-30 09:13:57.342630
01787,0001,1211,106,2024-12-30 09:13:57.358856
00277,0000,1211,106,2024-12-30 09:13:57.374859
16207,0000,1211,106,2024-12-30 09:13:57.390851
24921,0000,1211,106,2024-12-30 09:13:57.406841
01512,0000,1211,106,2024-12-30 09:13:57.422837
03130,0000,1212,106,2024-12-30 09:13:57.438839
05313,0000,1211,106,2024-12-30 09:13:57.454835
16653,0001,1211,106,2024-12-30 09:13:57.470839
03763,0001,1211,106,2024-12-30 09:13:57.502233
48250,0000,1211,106,2024-12-30 09:13:57.518814
03839,0000,1211,106,2024-12-30 09:13:57.534819
45745,0000,1211,106,2024-12-30 09:13:57.550819
00601,0000,1211,106,2024-12-30 09:13:57.566808
01162,0000,1211,106,2024-12-30 09:13:57.582811
02080,0000,1212,106,2024-12-30 09:13:57.598809
51655,0000,1211,106,2024-12-30 09:13:57.614810
11529,0000,1211,106,2024-12-30 09:13:57.630800
48361,0000,1211,106,2024-12-30 09:13:57.646791
51541,0000,1211,106,2024-12-30 09:13:57.678647
30669,0000,1211,106,2024-12-30 09:13:57.694788
20328,0000,1211,106,2024-12-30 09:13:57.710778
55942,0000,1212,106,2024-12-30 09:13:57.726781
43287,0000,1212,106,2024-12-30 09:13:57.742774
32338,0000,1211,106,2024-12-30 09:13:57.758773
29676,0000,1211,106,2024-12-30 09:13:57.774767
20573,0000,1211,106,2024-12-30 09:13:57.790769
03936,0000,1211,106,2024-12-30 09:13:57.806757
25625,0000,1211,106,2024-12-30 09:13:57.838288
00871,0001,1211,106,2024-12-30 09:13:57.854763
25016,0000,1211,106,2024-12-30 09:13:57.870782
04475,0000,1211,106,2024-12-30 09:13:57.886739
41555,0000,1211,106,2024-12-30 09:13:57.902740
01768,0001,1211,106,2024-12-30 09:13:57.918739
03583,0000,1212,106,2024-12-30 09:13:57.934737
15328,0000,1212,106,2024-12-30 09:13:57.950736
07724,0000,1211,106,2024-12-30 09:13:57.966730
03770,0001,1211,106,2024-12-30 09:13:57.982728
07492,0000,1212,106,2024-12-30 09:13:58.014674
02839,0001,1211,106,2024-12-30 09:13:58.030725
03828,0000,1211,106,2024-12-30 09:13:58.046714
07717,0000,1211,106,2024-12-30 09:13:58.062715
10928,0000,1212,106,2024-12-30 09:13:58.078709
03705,0000,1212,106,2024-12-30 09:13:58.094710
03849,0000,1212,106,2024-12-30 09:13:58.110708
03887,0000,1212,106,2024-12-30 09:13:58.126705
04504,0000,1211,106,2024-12-30 09:13:58.142695
06549,0000,1212,106,2024-12-30 09:13:58.174310
28022,0000,1212,106,2024-12-30 09:13:58.190682
04697,0000,1211,106,2024-12-30 09:13:58.206682
03723,0001,1211,106,2024-12-30 09:13:58.222686
00518,0000,1211,106,2024-12-30 09:13:58.238693
23942,0000,1212,106,2024-12-30 09:13:58.254682
56577,0000,1212,106,2024-12-30 09:13:58.270684
35474,0001,1212,106,2024-12-30 09:13:58.286669
13913,0001,1212,106,2024-12-30 09:13:58.302658
25673,0000,1212,106,2024-12-30 09:13:58.318668
49633,0001,1211,106,2024-12-30 09:13:58.350664
02863,0002,1212,106,2024-12-30 09:13:58.366654
45536,0000,1212,106,2024-12-30 09:13:58.382861
06234,0000,1212,106,2024-12-30 09:13:58.398663
22624,0000,1212,106,2024-12-30 09:13:58.414653
01276,0000,1212,106,2024-12-30 09:13:58.430652
09999,0000,1211,106,2024-12-30 09:13:58.446642
28404,0000,1212,106,2024-12-30 09:13:58.462627
50006,0001,1212,106,2024-12-30 09:13:58.478640
01445,0000,1212,106,2024-12-30 09:13:58.510355
22021,0000,1212,106,2024-12-30 09:13:58.526620
09089,0000,1212,106,2024-12-30 09:13:58.542615
05116,0000,1211,106,2024-12-30 09:13:58.558624
01190,0000,1212,106,2024-12-30 09:13:58.574619
13040,0000,1212,106,2024-12-30 09:13:58.590607
02339,0001,1212,106,2024-12-30 09:13:58.606607
02316,0000,1212,106,2024-12-30 09:13:58.622611
15884,0000,1212,106,2024-12-30 09:13:58.638609
03858,0001,1211,106,2024-12-30 09:13:58.669971
22517,0000,1212,106,2024-12-30 09:13:58.686598
11971,0001,1212,106,2024-12-30 09:13:58.702585
11059,0001,1212,106,2024-12-30 09:13:58.718588
08543,0000,1212,106,2024-12-30 09:13:58.734580
02987,0000,1212,106,2024-12-30 09:13:58.750585
13249,0000,1211,106,2024-12-30 09:13:58.766579
37817,0001,1211,106,2024-12-30 09:13:58.782568
19781,0000,1212,106,2024-12-30 09:13:58.798568
22376,0001,1212,106,2024-12-30 09:13:58.814567
18592,0000,1212,106,2024-12-30 09:13:58.846365
07561,0000,1212,106,2024-12-30 09:13:58.862551
03697,0001,1212,106,2024-12-30 09:13:58.878555
27069,0000,1212,106,2024-12-30 09:13:58.894545
01915,0000,1212,106,2024-12-30 09:13:58.910553
00987,0001,1212,106,2024-12-30 09:13:58.926550
54295,0000,1212,106,2024-12-30 09:13:58.942541
00747,0000,1212,106,2024-12-30 09:13:58.958541
50669,0001,1212,106,2024-12-30 09:13:58.974539
02344,0000,1212,106,2024-12-30 09:13:59.005992
05385,0001,1211,106,2024-12-30 09:13:59.022525
29908,0000,1212,106,2024-12-30 09:13:59.038526
43883,0000,1212,106,2024-12-30 09:13:59.054536
02037,0000,1212,106,2024-12-30 09:13:59.070511
05231,0000,1212,106,2024-12-30 09:13:59.086512
05354,0001,1212,106,2024-12-30 09:13:59.102498
11608,0000,1212,106,2024-12-30 09:13:59.118499
04629,0000,1212,106,2024-12-30 09:13:59.134498
00694,0000,1212,106,2024-12-30 09:13:59.150499
23990,0001,1212,106,2024-12-30 09:13:59.182390
31327,0000,1211,106,2024-12-30 09:13:59.198499
02842,0000,1212,106,2024-12-30 09:13:59.214483
61802,0001,1212,106,2024-12-30 09:13:59.230489
10919,0000,1211,106,2024-12-30 09:13:59.246509
27875,0001,1212,106,2024-12-30 09:13:59.262490
07542,0000,1212,106,2024-12-30 09:13:59.278488
18444,0001,1212,106,2024-12-30 09:13:59.294481
05343,0000,1212,106,2024-12-30 09:13:59.310470
05400,0000,1212,106,2024-12-30 09:13:59.342017
05100,0001,1211,106,2024-12-30 09:13:59.358465
03790,0000,1212,106,2024-12-30 09:13:59.374472
03718,0000,1212,106,2024-12-30 09:13:59.390477
03603,0000,1212,106,2024-12-30 09:13:59.406464
20368,0000,1212,106,2024-12-30 09:13:59.422455
02099,0000,1212,106,2024-12-30 09:13:59.438450
54014,0000,1212,106,2024-12-30 09:13:59.454450
14110,0000,1212,106,2024-12-30 09:13:59.470433
41466,0000,1212,106,2024-12-30 09:13:59.486426
14094,0000,1212,106,2024-12-30 09:13:59.518419
17880,0000,1212,106,2024-12-30 09:13:59.534411
53104,0000,1212,106,2024-12-30 09:13:59.550421
08536,0000,1212,106,2024-12-30 09:13:59.566419
02086,0000,1212,106,2024-12-30 09:13:59.582419
20270,0000,1212,106,2024-12-30 09:13:59.598401
33137,0000,1211,106,2024-12-30 09:13:59.614407
26909,0000,1212,106,2024-12-30 09:13:59.630399
04868,0001,1212,106,2024-12-30 09:13:59.646393
09849,0000,1212,106,2024-12-30 09:13:59.678053
07479,0000,1212,106,2024-12-30 09:13:59.694392
38421,0000,1212,106,2024-12-30 09:13:59.710381
14959,0000,1212,106,2024-12-30 09:13:59.726384
03613,0000,1212,106,2024-12-30 09:13:59.742380
02207,0000,1212,106,2024-12-30 09:13:59.758385
02754,0000,1212,106,2024-12-30 09:13:59.774371
13155,0000,1212,106,2024-12-30 09:13:59.790372
32350,0000,1212,106,2024-12-30 09:13:59.806363
18517,0000,1212,106,2024-12-30 09:13:59.837700
04376,0000,1212,106,2024-12-30 09:13:59.854364
24816,0000,1212,106,2024-12-30 09:13:59.870367
47461,0000,1212,106,2024-12-30 09:13:59.886372
02247,0000,1212,106,2024-12-30 09:13:59.902375
41132,0001,1212,106,2024-12-30 09:13:59.918372
23323,0000,1212,106,2024-12-30 09:13:59.934378
00771,0000,1212,106,2024-12-30 09:13:59.950377
12260,0000,1212,106,2024-12-30 09:13:59.966386
05371,0000,1212,106,2024-12-30 09:13:59.982393
03002,0001,1212,106,2024-12-30 09:14:00.014111
08402,0000,1212,106,2024-12-30 09:14:00.030320
01034,0000,1212,106,2024-12-30 09:14:00.046318
02301,0000,1212,106,2024-12-30 09:14:00.062311
01168,0001,1212,106,2024-12-30 09:14:00.078312
23833,0001,1212,106,2024-12-30 09:14:00.094316
03759,0000,1212,106,2024-12-30 09:14:00.110314
04545,0000,1212,106,2024-12-30 09:14:00.126308
01539,0001,1212,106,2024-12-30 09:14:00.142306
01053,0001,1212,106,2024-12-30 09:14:00.173707
05765,0000,1212,106,2024-12-30 09:14:00.190290
18344,0000,1212,106,2024-12-30 09:14:00.206295
02025,0001,1212,106,2024-12-30 09:14:00.222294
02300,0000,1212,106,2024-12-30 09:14:00.238374
42424,0001,1212,106,2024-12-30 09:14:00.254324
63664,0001,1212,106,2024-12-30 09:14:00.270289
03050,0000,1212,106,2024-12-30 09:14:00.286275
01322,0000,1212,106,2024-12-30 09:14:00.302278
27940,0000,1212,106,2024-12-30 09:14:00.318272
19982,0000,1212,106,2024-12-30 09:14:00.350215
02755,0001,1212,106,2024-12-30 09:14:00.366312
03703,0001,1212,106,2024-12-30 09:14:00.382297
02262,0001,1212,106,2024-12-30 09:14:00.398262
00698,0000,1212,106,2024-12-30 09:14:00.414247
02292,0000,1212,106,2024-12-30 09:14:00.430259
36041,0000,1212,106,2024-12-30 09:14:00.446238
06806,0000,1212,106,2024-12-30 09:14:00.462244
49817,0001,1212,106,2024-12-30 09:14:00.478235
01815,0000,1212,106,2024-12-30 09:14:00.509746
03599,0001,1212,106,2024-12-30 09:14:00.526240
00379,0000,1212,106,2024-12-30 09:14:00.542222
50692,0000,1212,106,2024-12-30 09:14:00.558224
03622,0000,1212,106,2024-12-30 09:14:00.574226
14600,0000,1212,106,2024-12-30 09:14:00.590216
04548,0000,1212,106,2024-12-30 09:14:00.606225
00305,0000,1212,106,2024-12-30 09:14:00.622205
10142,0000,1212,106,2024-12-30 09:14:00.638215
04943,0000,1212,106,2024-12-30 09:14:00.654199
00769,0000,1212,106,2024-12-30 09:14:00.686142
21961,0000,1212,106,2024-12-30 09:14:00.702196
57607,0000,1212,106,2024-12-30 09:14:00.718194
01124,0000,1212,106,2024-12-30 09:14:00.734199
13275,0000,1212,106,2024-12-30 09:14:00.750191
01897,0000,1212,106,2024-12-30 09:14:00.766185
12451,0000,1212,106,2024-12-30 09:14:00.782176
02966,0001,1212,106,2024-12-30 09:14:00.798168
20740,0000,1212,106,2024-12-30 09:14:00.814173
02881,0000,1212,106,2024-12-30 09:14:00.845775
02860,0000,1212,106,2024-12-30 09:14:00.862154
26580,0000,1212,106,2024-12-30 09:14:00.878155
05472,0001,1212,106,2024-12-30 09:14:00.894146
03109,0000,1212,106,2024-12-30 09:14:00.910145
01503,0001,1212,106,2024-12-30 09:14:00.926141
18543,0000,1212,106,2024-12-30 09:14:00.942138
05743,0001,1212,106,2024-12-30 09:14:00.958135
13873,0000,1212,106,2024-12-30 09:14:00.974140
54884,0000,1212,106,2024-12-30 09:14:00.990141
11670,0000,1212,106,2024-12-30 09:14:01.022126
20132,0000,1212,106,2024-12-30 09:14:01.038133
00700,0000,1212,106,2024-12-30 09:14:01.054127
37809,0000,1212,106,2024-12-30 09:14:01.070115
19095,0000,1212,106,2024-12-30 09:14:01.086112
04906,0001,1212,106,2024-12-30 09:14:01.102113
57644,0000,1212,106,2024-12-30 09:14:01.118107
01391,0000,1213,106,2024-12-30 09:14:01.134099
00460,0000,1212,106,2024-12-30 09:14:01.150100
04874,0000,1212,106,2024-12-30 09:14:01.181787
03729,0001,1212,106,2024-12-30 09:14:01.198084
01139,0000,1212,106,2024-12-30 09:14:01.214079
17813,0001,1212,106,2024-12-30 09:14:01.230086
14868,0000,1213,106,2024-12-30 09:14:01.246097
16219,0000,1212,106,2024-12-30 09:14:01.262085
03019,0000,1212,106,2024-12-30 09:14:01.278069
04324,0000,1212,106,2024-12-30 09:14:01.294073
05430,0000,1212,106,2024-12-30 09:14:01.310078
12331,0000,1212,106,2024-12-30 09:14:01.341425
43289,0000,1212,106,2024-12-30 09:14:01.358058
30958,0000,1212,106,2024-12-30 09:14:01.374058
03760,0001,1212,106,2024-12-30 09:14:01.390048
06856,0001,1212,106,2024-12-30 09:14:01.406048
45788,0001,1212,106,2024-12-30 09:14:01.422038
26855,0001,1212,106,2024-12-30 09:14:01.438046
41067,0000,1212,106,2024-12-30 09:14:01.454030
10086,0000,1212,106,2024-12-30 09:14:01.470031
02194,0000,1212,106,2024-12-30 09:14:01.486032
31354,0000,1212,106,2024-12-30 09:14:01.517812
11561,0000,1212,106,2024-12-30 09:14:01.534026
10205,0001,1212,106,2024-12-30 09:14:01.550018
34044,0000,1212,106,2024-12-30 09:14:01.566016
23054,0000,1213,106,2024-12-30 09:14:01.582019
02217,0000,1212,106,2024-12-30 09:14:01.598020
33872,0000,1212,106,2024-12-30 09:14:01.614005
03666,0000,1212,106,2024-12-30 09:14:01.630005
23074,0001,1212,106,2024-12-30 09:14:01.645992
56445,0000,1212,106,2024-12-30 09:14:01.677449
10799,0001,1212,106,2024-12-30 09:14:01.693984
01234,0000,1212,106,2024-12-30 09:14:01.709992
03018,0000,1212,106,2024-12-30 09:14:01.725976
27616,0000,1212,106,2024-12-30 09:14:01.741990
03759,0001,1212,106,2024-12-30 09:14:01.757989
25853,0000,1212,106,2024-12-30 09:14:01.773986
12561,0000,1212,106,2024-12-30 09:14:01.789969
00701,0001,1212,106,2024-12-30 09:14:01.805978
05787,0000,1212,106,2024-12-30 09:14:01.821963
12834,0001,1212,106,2024-12-30 09:14:01.853851
21591,0000,1212,106,2024-12-30 09:14:01.869955
03301,0001,1212,106,2024-12-30 09:14:01.885954
03109,0000,1212,106,2024-12-30 09:14:01.901947
37845,0000,1212,106,2024-12-30 09:14:01.917954
22281,0000,1212,106,2024-12-30 09:14:01.933939
05293,0001,1212,106,2024-12-30 09:14:01.949945
25531,0000,1212,106,2024-12-30 09:14:01.965934
05352,0000,1212,106,2024-12-30 09:14:01.981935
04977,0000,1212,106,2024-12-30 09:14:02.013492
06776,0000,1213,106,2024-12-30 09:14:02.029918
08648,0000,1212,106,2024-12-30 09:14:02.045909
01478,0000,1212,106,2024-12-30 09:14:02.061911
09313,0000,1212,106,2024-12-30 09:14:02.077912
09525,0000,1212,106,2024-12-30 09:14:02.093908
03093,0000,1212,106,2024-12-30 09:14:02.109900
05448,0000,1213,106,2024-12-30 09:14:02.125904
33142,0000,1213,106,2024-12-30 09:14:02.141904
09719,0001,1212,106,2024-12-30 09:14:02.157906
13729,0000,1212,106,2024-12-30 09:14:02.189869
05370,0000,1212,106,2024-12-30 09:14:02.205884
04184,0000,1212,106,2024-12-30 09:14:02.221879
03573,0000,1212,106,2024-12-30 09:14:02.237891
01680,0001,1213,106,2024-12-30 09:14:02.253880
55672,0001,1212,106,2024-12-30 09:14:02.269882
37846,0000,1213,106,2024-12-30 09:14:02.285866
14739,0000,1213,106,2024-12-30 09:14:02.301864
03992,0000,1212,106,2024-12-30 09:14:02.317862
24007,0000,1213,106,2024-12-30 09:14:02.349505
52641,0000,1213,106,2024-12-30 09:14:02.365853
25918,0000,1212,106,2024-12-30 09:14:02.381857
54178,0001,1213,106,2024-12-30 09:14:02.397849
27506,0000,1213,106,2024-12-30 09:14:02.413843
19406,0001,1213,106,2024-12-30 09:14:02.429843
24865,0001,1212,106,2024-12-30 09:14:02.445831
03014,0001,1213,106,2024-12-30 09:14:02.461838
18416,0000,1213,106,2024-12-30 09:14:02.477822
06305,0001,1213,106,2024-12-30 09:14:02.509142
24631,0000,1213,106,2024-12-30 09:14:02.525827
00611,0000,1212,106,2024-12-30 09:14:02.541824
35625,0000,1212,106,2024-12-30 09:14:02.557815
04507,0000,1212,106,2024-12-30 09:14:02.573815
19088,0001,1213,106,2024-12-30 09:14:02.589802
03069,0000,1212,106,2024-12-30 09:14:02.605809
02859,0000,1213,106,2024-12-30 09:14:02.621796
27392,0001,1213,106,2024-12-30 09:14:02.637801
44900,0000,1212,106,2024-12-30 09:14:02.653812
03071,0000,1213,106,2024-12-30 09:14:02.685532
09164,0001,1212,106,2024-12-30 09:14:02.701794
01518,0000,1212,106,2024-12-30 09:14:02.717793
13933,0000,1212,106,2024-12-30 09:14:02.733793
53176,0000,1213,106,2024-12-30 09:14:02.749789
03693,0000,1213,106,2024-12-30 09:14:02.765783
00635,0000,1213,106,2024-12-30 09:14:02.781776
03430,0001,1213,106,2024-12-30 09:14:02.797780
03208,0000,1213,106,2024-12-30 09:14:02.813769
02274,0000,1212,106,2024-12-30 09:14:02.845182
24965,0000,1212,106,2024-12-30 09:14:02.861828
03425,0000,1212,106,2024-12-30 09:14:02.877784
10246,0000,1213,106,2024-12-30 09:14:02.893755
02894,0001,1212,106,2024-12-30 09:14:02.909758
36949,0000,1213,106,2024-12-30 09:14:02.925751
12463,0000,1212,106,2024-12-30 09:14:02.941752
01654,0000,1213,106,2024-12-30 09:14:02.957756
18923,0000,1213,106,2024-12-30 09:14:02.973764
00648,0000,1212,106,2024-12-30 09:14:02.989779
05265,0000,1213,106,2024-12-30 09:14:03.021588
30095,0001,1213,106,2024-12-30 09:14:03.037772
05186,0000,1212,106,2024-12-30 09:14:03.053770
28872,0000,1213,106,2024-12-30 09:14:03.069773
11189,0000,1213,106,2024-12-30 09:14:03.085788
27060,0000,1213,106,2024-12-30 09:14:03.101778
21544,0000,1213,106,2024-12-30 09:14:03.117783
10988,0000,1213,106,2024-12-30 09:14:03.133706
04649,0000,1213,106,2024-12-30 09:14:03.149703
03428,0000,1213,106,2024-12-30 09:14:03.181208
05785,0000,1213,106,2024-12-30 09:14:03.197710
19359,0001,1212,106,2024-12-30 09:14:03.213687
02390,0000,1212,106,2024-12-30 09:14:03.229688
04995,0001,1213,106,2024-12-30 09:14:03.245685
00391,0000,1213,106,2024-12-30 09:14:03.261682
26751,0000,1213,106,2024-12-30 09:14:03.277672
09472,0000,1213,106,2024-12-30 09:14:03.293695
02340,0000,1213,106,2024-12-30 09:14:03.309685
20222,0000,1213,106,2024-12-30 09:14:03.325665
26538,0000,1212,106,2024-12-30 09:14:03.357581
00996,0000,1213,106,2024-12-30 09:14:03.373662
30658,0001,1212,106,2024-12-30 09:14:03.389647
05069,0000,1213,106,2024-12-30 09:14:03.405667
07163,0000,1213,106,2024-12-30 09:14:03.421649
04394,0000,1213,106,2024-12-30 09:14:03.437644
26649,0001,1213,106,2024-12-30 09:14:03.453639
47357,0001,1213,106,2024-12-30 09:14:03.469641
29735,0000,1213,106,2024-12-30 09:14:03.485629
03102,0001,1213,106,2024-12-30 09:14:03.517227
15378,0000,1213,106,2024-12-30 09:14:03.533629
46450,0000,1213,106,2024-12-30 09:14:03.549622
39445,0000,1213,106,2024-12-30 09:14:03.565620
16967,0000,1213,106,2024-12-30 09:14:03.581610
44006,0001,1213,106,2024-12-30 09:14:03.597607
02183,0000,1213,106,2024-12-30 09:14:03.613617
01875,0000,1213,106,2024-12-30 09:14:03.629611
06332,0000,1213,106,2024-12-30 09:14:03.645608
05176,0000,1213,106,2024-12-30 09:14:03.661598
21453,0000,1213,106,2024-12-30 09:14:03.693604
26133,0000,1213,106,2024-12-30 09:14:03.709642
05286,0000,1213,106,2024-12-30 09:14:03.725596
23293,0000,1213,106,2024-12-30 09:14:03.741610
05183,0000,1213,106,2024-12-30 09:14:03.757589
02254,0001,1213,106,2024-12-30 09:14:03.773573
03089,0000,1213,106,2024-12-30 09:14:03.789573
09866,0000,1213,106,2024-12-30 09:14:03.805576
05417,0000,1213,106,2024-12-30 09:14:03.821588
49635,0000,1213,106,2024-12-30 09:14:03.853248
04501,0001,1213,106,2024-12-30 09:14:03.869558
05486,0000,1213,106,2024-12-30 09:14:03.885554
24969,0001,1213,106,2024-12-30 09:14:03.901552
37110,0000,1213,106,2024-12-30 09:14:03.917591
37119,0001,1213,106,2024-12-30 09:14:03.933550
04616,0000,1213,106,2024-12-30 09:14:03.949544
00965,0001,1213,106,2024-12-30 09:14:03.965537
04934,0000,1213,106,2024-12-30 09:14:03.981535
03649,0000,1213,106,2024-12-30 09:14:04.012902
46642,0000,1213,106,2024-12-30 09:14:04.029537
25020,0000,1213,106,2024-12-30 09:14:04.045531
00514,0000,1213,106,2024-12-30 09:14:04.061517
23292,0001,1213,106,2024-12-30 09:14:04.077521
08417,0001,1213,106,2024-12-30 09:14:04.093520
04551,0000,1213,106,2024-12-30 09:14:04.109510
61565,0001,1213,106,2024-12-30 09:14:04.125532
20960,0001,1213,106,2024-12-30 09:14:04.141509
13579,0000,1213,106,2024-12-30 09:14:04.157504
01318,0001,1213,106,2024-12-30 09:14:04.189276
02387,0000,1213,106,2024-12-30 09:14:04.205498
00647,0000,1213,106,2024-12-30 09:14:04.221484
24191,0000,1213,106,2024-12-30 09:14:04.237527
23902,0000,1213,106,2024-12-30 09:14:04.253477
36083,0000,1213,106,2024-12-30 09:14:04.269482
53195,0000,1213,106,2024-12-30 09:14:04.285469
01467,0000,1213,106,2024-12-30 09:14:04.301483
03993,0000,1213,106,2024-12-30 09:14:04.317461
28868,0000,1213,106,2024-12-30 09:14:04.348943
65863,0000,1213,106,2024-12-30 09:14:04.365471
37089,0000,1213,106,2024-12-30 09:14:04.381449
23879,0000,1213,106,2024-12-30 09:14:04.397455
35387,0000,1213,106,2024-12-30 09:14:04.413447
04405,0001,1213,106,2024-12-30 09:14:04.429448
31073,0000,1213,106,2024-12-30 09:14:04.445471
01777,0000,1213,106,2024-12-30 09:14:04.461446
04562,0000,1213,106,2024-12-30 09:14:04.477448
23873,0000,1213,106,2024-12-30 09:14:04.493427
10778,0000,1213,106,2024-12-30 09:14:04.525295
19174,0000,1213,106,2024-12-30 09:14:04.541428
43664,0001,1213,106,2024-12-30 09:14:04.557445
10080,0000,1213,106,2024-12-30 09:14:04.573423
27138,0000,1213,106,2024-12-30 09:14:04.589416
00168,0000,1213,106,2024-12-30 09:14:04.605398
03042,0001,1213,106,2024-12-30 09:14:04.621412
04646,0001,1213,106,2024-12-30 09:14:04.637403
39372,0000,1213,106,2024-12-30 09:14:04.653431
00338,0000,1213,106,2024-12-30 09:14:04.684939
05120,0000,1213,106,2024-12-30 09:14:04.701382
02155,0000,1213,106,2024-12-30 09:14:04.717385
01431,0001,1213,106,2024-12-30 09:14:04.733377
03334,0000,1213,106,2024-12-30 09:14:04.749396
03815,0000,1213,106,2024-12-30 09:14:04.765395
00593,0000,1213,106,2024-12-30 09:14:04.781379
19891,0000,1213,106,2024-12-30 09:14:04.797368
03784,0000,1213,106,2024-12-30 09:14:04.813364
07723,0001,1213,106,2024-12-30 09:14:04.829361
07504,0000,1213,106,2024-12-30 09:14:04.861361
68700,0000,1213,106,2024-12-30 09:14:04.877358
29434,0000,1213,106,2024-12-30 09:14:04.893361
01453,0000,1213,106,2024-12-30 09:14:04.909344
01709,0000,1213,106,2024-12-30 09:14:04.925348
33188,0000,1213,106,2024-12-30 09:14:04.941340
00376,0000,1213,106,2024-12-30 09:14:04.957343
03917,0000,1213,106,2024-12-30 09:14:04.973349
03850,0000,1213,106,2024-12-30 09:14:04.989329
18543,0001,1213,106,2024-12-30 09:14:05.020949
03851,0001,1213,106,2024-12-30 09:14:05.037321
25702,0000,1213,106,2024-12-30 09:14:05.053320
56827,0000,1213,106,2024-12-30 09:14:05.069335
02062,0001,1214,106,2024-12-30 09:14:05.085314
07738,0000,1213,106,2024-12-30 09:14:05.101311
57356,0001,1213,106,2024-12-30 09:14:05.117303
19541,0001,1213,106,2024-12-30 09:14:05.133305
29371,0000,1213,106,2024-12-30 09:14:05.149301
04649,0001,1213,106,2024-12-30 09:14:05.165301
01916,0000,1213,106,2024-12-30 09:14:05.197300
35486,0000,1213,106,2024-12-30 09:14:05.213288
04320,0000,1213,106,2024-12-30 09:14:05.229292
09408,0000,1213,106,2024-12-30 09:14:05.245306
02787,0000,1214,106,2024-12-30 09:14:05.261276
12835,0000,1213,106,2024-12-30 09:14:05.277292
31412,0000,1213,106,2024-12-30 09:14:05.293273
02231,0000,1213,106,2024-12-30 09:14:05.309279
18373,0000,1213,106,2024-12-30 09:14:05.325261
-0014,0001,1213,106,2024-12-30 09:14:05.356910
37129,0001,1213,106,2024-12-30 09:14:05.373266
02770,0000,1213,106,2024-12-30 09:14:05.389277
05641,0000,1213,106,2024-12-30 09:14:05.405269
01017,0001,1213,106,2024-12-30 09:14:05.421256
25188,0000,1213,106,2024-12-30 09:14:05.437243
37150,0000,1213,106,2024-12-30 09:14:05.453232
54188,0000,1213,106,2024-12-30 09:14:05.469233
44824,0000,1213,106,2024-12-30 09:14:05.485252
17195,0000,1213,106,2024-12-30 09:14:05.516632
05520,0000,1213,106,2024-12-30 09:14:05.533224
00263,0000,1213,106,2024-12-30 09:14:05.549227
06940,0000,1213,106,2024-12-30 09:14:05.565220
51741,0001,1213,106,2024-12-30 09:14:05.581216
02770,0001,1213,106,2024-12-30 09:14:05.597218
09784,0000,1213,106,2024-12-30 09:14:05.613214
05441,0000,1213,106,2024-12-30 09:14:05.629212
11633,0000,1213,106,2024-12-30 09:14:05.645195
03839,0001,1213,106,2024-12-30 09:14:05.661194
01916,0000,1213,106,2024-12-30 09:14:05.693028
07937,0000,1213,106,2024-12-30 09:14:05.709191
14708,0000,1213,106,2024-12-30 09:14:05.725179
23292,0000,1213,106,2024-12-30 09:14:05.741190
18785,0000,1213,106,2024-12-30 09:14:05.757182
03795,0000,1213,106,2024-12-30 09:14:05.773171
54254,0000,1213,106,2024-12-30 09:14:05.789173
24879,0000,1213,106,2024-12-30 09:14:05.805176
00095,0001,1213,106,2024-12-30 09:14:05.821163
27809,0000,1213,106,2024-12-30 09:14:05.852666
00635,0000,1213,106,2024-12-30 09:14:05.869167
21088,0000,1214,106,2024-12-30 09:14:05.885157
10616,0000,1213,106,2024-12-30 09:14:05.901169
02091,0001,1213,106,2024-12-30 09:14:05.917153
00591,0000,1213,106,2024-12-30 09:14:05.933155
23469,0000,1213,106,2024-12-30 09:14:05.949137
31359,0000,1213,106,2024-12-30 09:14:05.965140
03464,0000,1213,106,2024-12-30 09:14:05.981133
04193,0000,1213,106,2024-12-30 09:14:05.997134
02140,0000,1213,106,2024-12-30 09:14:06.029048
29893,0000,1213,106,2024-12-30 09:14:06.045147
18925,0001,1213,106,2024-12-30 09:14:06.061141
14515,0000,1213,106,2024-12-30 09:14:06.077139
