DIST,AMP,TEMP,VOLT,Timestamp
-0010,1119,1202,106,2024-12-30 01:45:58.574238
05497,1114,1202,106,2024-12-30 01:45:58.591383
01902,0000,1202,106,2024-12-30 01:45:58.606203
06727,0000,1202,106,2024-12-30 01:45:58.622155
28937,0000,1202,106,2024-12-30 01:45:58.638108
26897,0000,1202,106,2024-12-30 01:45:58.654092
04569,0000,1202,106,2024-12-30 01:45:58.670228
24371,0000,1202,106,2024-12-30 01:45:58.688247
03668,0000,1202,106,2024-12-30 01:45:58.717684
25623,0000,1202,106,2024-12-30 01:45:58.734078
20922,0000,1202,106,2024-12-30 01:45:58.750087
50963,0000,1202,106,2024-12-30 01:45:58.766054
22596,0000,1202,106,2024-12-30 01:45:58.782061
49970,0000,1202,106,2024-12-30 01:45:58.798046
43424,0000,1202,106,2024-12-30 01:45:58.814053
04156,0000,1202,106,2024-12-30 01:45:58.830048
20029,0000,1202,106,2024-12-30 01:45:58.846053
34604,0000,1202,106,2024-12-30 01:45:58.862040
05386,0000,1202,106,2024-12-30 01:45:58.894014
01509,0000,1202,106,2024-12-30 01:45:58.910039
02398,0000,1202,106,2024-12-30 01:45:58.926025
63667,0000,1202,106,2024-12-30 01:45:58.942030
49918,0000,1202,106,2024-12-30 01:45:58.958023
03107,0000,1202,106,2024-12-30 01:45:58.974026
02169,0000,1202,106,2024-12-30 01:45:58.990015
18869,0000,1202,106,2024-12-30 01:45:59.006018
04433,0000,1202,106,2024-12-30 01:45:59.022008
04322,0000,1202,106,2024-12-30 01:45:59.053660
47980,0000,1202,106,2024-12-30 01:45:59.069995
23286,0000,1202,106,2024-12-30 01:45:59.086028
05418,0000,1202,106,2024-12-30 01:45:59.101992
04603,0000,1202,106,2024-12-30 01:45:59.117991
05465,0000,1202,106,2024-12-30 01:45:59.133986
01725,0000,1202,106,2024-12-30 01:45:59.149991
48306,0000,1202,106,2024-12-30 01:45:59.165997
53965,0000,1202,106,2024-12-30 01:45:59.181984
05118,0000,1202,106,2024-12-30 01:45:59.197973
05192,0001,1202,106,2024-12-30 01:45:59.229977
04668,0000,1202,106,2024-12-30 01:45:59.246001
49748,0000,1202,106,2024-12-30 01:45:59.261966
46519,0000,1202,106,2024-12-30 01:45:59.277965
10001,0000,1202,106,2024-12-30 01:45:59.293959
00102,0000,1202,106,2024-12-30 01:45:59.309948
13154,0000,1202,106,2024-12-30 01:45:59.325950
15503,0000,1202,106,2024-12-30 01:45:59.341943
30734,0000,1202,106,2024-12-30 01:45:59.357944
44594,0000,1202,106,2024-12-30 01:45:59.389676
01436,0000,1202,106,2024-12-30 01:45:59.405939
00896,0000,1202,106,2024-12-30 01:45:59.421938
00176,0000,1202,106,2024-12-30 01:45:59.437936
03037,0000,1202,106,2024-12-30 01:45:59.453936
39284,0000,1202,106,2024-12-30 01:45:59.469920
04623,0000,1202,106,2024-12-30 01:45:59.485926
03868,0000,1202,106,2024-12-30 01:45:59.501916
04510,0000,1202,106,2024-12-30 01:45:59.517918
04646,0000,1202,106,2024-12-30 01:45:59.549315
07514,0000,1202,106,2024-12-30 01:45:59.565905
27490,0000,1202,106,2024-12-30 01:45:59.581907
03808,0000,1202,106,2024-12-30 01:45:59.597893
41452,0000,1202,106,2024-12-30 01:45:59.613895
07084,0000,1202,106,2024-12-30 01:45:59.629892
23899,0000,1202,106,2024-12-30 01:45:59.645898
23940,0000,1202,106,2024-12-30 01:45:59.661881
21790,0000,1202,106,2024-12-30 01:45:59.677883
00503,0000,1202,106,2024-12-30 01:45:59.693876
01438,0000,1202,106,2024-12-30 01:45:59.725697
11677,0000,1202,106,2024-12-30 01:45:59.741875
01568,0000,1202,106,2024-12-30 01:45:59.757868
02771,0000,1202,106,2024-12-30 01:45:59.773866
03841,0000,1202,106,2024-12-30 01:45:59.789858
02868,0000,1202,106,2024-12-30 01:45:59.805850
04495,0000,1202,106,2024-12-30 01:45:59.821850
22167,0000,1202,106,2024-12-30 01:45:59.837858
49929,0001,1202,106,2024-12-30 01:45:59.853858
03698,0000,1202,106,2024-12-30 01:45:59.885337
11133,0000,1202,106,2024-12-30 01:45:59.901838
01667,0001,1202,106,2024-12-30 01:45:59.917838
10097,0000,1202,106,2024-12-30 01:45:59.933829
04702,0000,1202,106,2024-12-30 01:45:59.949829
28310,0000,1202,106,2024-12-30 01:45:59.965830
24943,0000,1202,106,2024-12-30 01:45:59.981833
51438,0000,1202,106,2024-12-30 01:45:59.997817
16840,0000,1202,106,2024-12-30 01:46:00.013821
01766,0000,1202,106,2024-12-30 01:46:00.029811
36276,0001,1202,106,2024-12-30 01:46:00.061722
02289,0000,1202,106,2024-12-30 01:46:00.077803
03786,0000,1202,106,2024-12-30 01:46:00.093804
05454,0001,1202,106,2024-12-30 01:46:00.109807
47358,0000,1202,106,2024-12-30 01:46:00.125797
01383,0000,1202,106,2024-12-30 01:46:00.141796
02938,0000,1202,106,2024-12-30 01:46:00.157788
11973,0001,1202,106,2024-12-30 01:46:00.173784
04570,0000,1202,106,2024-12-30 01:46:00.189783
01035,0000,1202,106,2024-12-30 01:46:00.221376
18522,0000,1202,106,2024-12-30 01:46:00.237903
02856,0000,1202,106,2024-12-30 01:46:00.253849
13895,0000,1202,106,2024-12-30 01:46:00.269801
05355,0000,1202,106,2024-12-30 01:46:00.285789
09164,0000,1202,106,2024-12-30 01:46:00.301794
35896,0000,1202,106,2024-12-30 01:46:00.317790
35954,0000,1202,106,2024-12-30 01:46:00.333796
01531,0000,1202,106,2024-12-30 01:46:00.349809
18591,0000,1202,106,2024-12-30 01:46:00.365802
06990,0000,1202,106,2024-12-30 01:46:00.397788
02688,0000,1202,106,2024-12-30 01:46:00.413801
02008,0000,1202,106,2024-12-30 01:46:00.429806
43650,0000,1202,106,2024-12-30 01:46:00.445733
54003,0000,1202,106,2024-12-30 01:46:00.461730
04559,0000,1202,106,2024-12-30 01:46:00.477727
56726,0000,1202,106,2024-12-30 01:46:00.493729
01728,0000,1202,106,2024-12-30 01:46:00.509719
05397,0000,1202,106,2024-12-30 01:46:00.525721
02273,0000,1202,106,2024-12-30 01:46:00.557400
06439,0000,1202,106,2024-12-30 01:46:00.573719
01575,0000,1202,106,2024-12-30 01:46:00.589710
00918,0000,1201,106,2024-12-30 01:46:00.605702
03602,0000,1202,106,2024-12-30 01:46:00.621703
04480,0000,1202,106,2024-12-30 01:46:00.637709
14016,0000,1202,106,2024-12-30 01:46:00.653692
11829,0000,1202,106,2024-12-30 01:46:00.669690
49071,0000,1202,106,2024-12-30 01:46:00.685683
36876,0000,1202,106,2024-12-30 01:46:00.717033
07756,0000,1202,106,2024-12-30 01:46:00.733680
41624,0000,1202,106,2024-12-30 01:46:00.749699
03001,0000,1202,106,2024-12-30 01:46:00.765681
19274,0000,1202,106,2024-12-30 01:46:00.781661
19246,0000,1202,106,2024-12-30 01:46:00.797669
35579,0000,1202,106,2024-12-30 01:46:00.813663
47196,0000,1201,106,2024-12-30 01:46:00.829666
02078,0000,1202,106,2024-12-30 01:46:00.845657
17469,0000,1202,106,2024-12-30 01:46:00.861660
03512,0000,1202,106,2024-12-30 01:46:00.893422
15431,0000,1202,106,2024-12-30 01:46:00.909644
28596,0000,1202,106,2024-12-30 01:46:00.925649
17390,0000,1201,106,2024-12-30 01:46:00.941641
01145,0000,1202,106,2024-12-30 01:46:00.957645
03850,0000,1202,106,2024-12-30 01:46:00.973640
25272,0000,1201,106,2024-12-30 01:46:00.989634
25685,0000,1202,106,2024-12-30 01:46:01.005630
05135,0000,1202,106,2024-12-30 01:46:01.021630
01085,0000,1202,106,2024-12-30 01:46:01.053042
28149,0000,1202,106,2024-12-30 01:46:01.069622
05413,0000,1201,106,2024-12-30 01:46:01.085609
30694,0000,1202,106,2024-12-30 01:46:01.101605
17846,0000,1201,106,2024-12-30 01:46:01.117603
04619,0000,1202,106,2024-12-30 01:46:01.133606
01416,0000,1202,106,2024-12-30 01:46:01.149603
00933,0000,1202,106,2024-12-30 01:46:01.165608
01050,0000,1202,106,2024-12-30 01:46:01.181591
04305,0000,1202,106,2024-12-30 01:46:01.197594
52291,0000,1202,106,2024-12-30 01:46:01.229453
21693,0000,1201,106,2024-12-30 01:46:01.245612
20180,0000,1201,106,2024-12-30 01:46:01.261577
00339,0000,1201,106,2024-12-30 01:46:01.277577
02447,0000,1201,106,2024-12-30 01:46:01.293583
02267,0000,1202,106,2024-12-30 01:46:01.309577
66733,0000,1201,106,2024-12-30 01:46:01.325570
03458,0000,1201,106,2024-12-30 01:46:01.341568
05399,0000,1202,106,2024-12-30 01:46:01.357559
02922,0000,1201,106,2024-12-30 01:46:01.389086
16979,0000,1202,106,2024-12-30 01:46:01.405554
04681,0000,1201,106,2024-12-30 01:46:01.421556
22549,0000,1201,106,2024-12-30 01:46:01.437544
17403,0000,1202,106,2024-12-30 01:46:01.453546
39878,0000,1202,106,2024-12-30 01:46:01.469530
00697,0000,1201,106,2024-12-30 01:46:01.485529
03300,0000,1202,106,2024-12-30 01:46:01.501527
04593,0000,1201,106,2024-12-30 01:46:01.517532
05449,0000,1202,106,2024-12-30 01:46:01.533525
23066,0000,1202,106,2024-12-30 01:46:01.565452
03902,0000,1201,106,2024-12-30 01:46:01.581514
06916,0000,1201,106,2024-12-30 01:46:01.597512
14511,0000,1201,106,2024-12-30 01:46:01.613515
25731,0000,1202,106,2024-12-30 01:46:01.629507
04650,0001,1202,106,2024-12-30 01:46:01.645508
03851,0000,1201,106,2024-12-30 01:46:01.661498
04682,0000,1202,106,2024-12-30 01:46:01.677497
13710,0000,1202,106,2024-12-30 01:46:01.693492
05240,0000,1202,106,2024-12-30 01:46:01.725100
06013,0000,1202,106,2024-12-30 01:46:01.741503
58394,0000,1202,106,2024-12-30 01:46:01.757487
23440,0000,1202,106,2024-12-30 01:46:01.773486
00583,0000,1202,106,2024-12-30 01:46:01.789475
02775,0000,1202,106,2024-12-30 01:46:01.805479
01018,0000,1201,106,2024-12-30 01:46:01.821480
02910,0000,1202,106,2024-12-30 01:46:01.837485
03662,0000,1201,106,2024-12-30 01:46:01.853467
35441,0000,1201,106,2024-12-30 01:46:01.869462
23048,0000,1202,106,2024-12-30 01:46:01.901452
01424,0000,1202,106,2024-12-30 01:46:01.917451
00102,0000,1202,106,2024-12-30 01:46:01.933452
03025,0001,1201,106,2024-12-30 01:46:01.949452
09708,0000,1201,106,2024-12-30 01:46:01.965439
09338,0000,1202,106,2024-12-30 01:46:01.981441
02338,0000,1202,106,2024-12-30 01:46:01.997432
08941,0000,1201,106,2024-12-30 01:46:02.013436
13282,0000,1201,106,2024-12-30 01:46:02.029424
02761,0000,1201,106,2024-12-30 01:46:02.061139
02814,0000,1201,106,2024-12-30 01:46:02.077420
04933,0000,1201,106,2024-12-30 01:46:02.093416
00959,0000,1201,106,2024-12-30 01:46:02.109417
14793,0000,1202,106,2024-12-30 01:46:02.125411
01527,0000,1201,106,2024-12-30 01:46:02.141410
19970,0000,1201,106,2024-12-30 01:46:02.157404
09299,0000,1201,106,2024-12-30 01:46:02.173404
02914,0000,1201,106,2024-12-30 01:46:02.189402
05131,0001,1201,106,2024-12-30 01:46:02.220771
10716,0000,1201,106,2024-12-30 01:46:02.237405
02547,0000,1201,106,2024-12-30 01:46:02.253401
56711,0000,1201,106,2024-12-30 01:46:02.269382
04584,0000,1201,106,2024-12-30 01:46:02.285394
28518,0000,1201,106,2024-12-30 01:46:02.301389
47038,0000,1201,106,2024-12-30 01:46:02.317380
03806,0000,1202,106,2024-12-30 01:46:02.333376
44923,0000,1202,106,2024-12-30 01:46:02.349380
08541,0000,1201,106,2024-12-30 01:46:02.365365
03874,0000,1201,106,2024-12-30 01:46:02.397147
11627,0000,1201,106,2024-12-30 01:46:02.413355
02282,0000,1201,106,2024-12-30 01:46:02.429354
06088,0000,1201,106,2024-12-30 01:46:02.445349
21286,0000,1201,106,2024-12-30 01:46:02.461349
16132,0000,1201,106,2024-12-30 01:46:02.477341
41686,0000,1202,106,2024-12-30 01:46:02.493344
51409,0000,1202,106,2024-12-30 01:46:02.509343
05164,0000,1201,106,2024-12-30 01:46:02.525341
02407,0000,1201,106,2024-12-30 01:46:02.556808
03700,0000,1201,106,2024-12-30 01:46:02.573326
54016,0000,1201,106,2024-12-30 01:46:02.589324
04947,0000,1202,106,2024-12-30 01:46:02.605328
20261,0000,1201,106,2024-12-30 01:46:02.621328
09972,0000,1201,106,2024-12-30 01:46:02.637310
03689,0000,1201,106,2024-12-30 01:46:02.653310
05299,0000,1202,106,2024-12-30 01:46:02.669308
53388,0000,1201,106,2024-12-30 01:46:02.685299
17986,0000,1201,106,2024-12-30 01:46:02.701306
02671,0000,1201,106,2024-12-30 01:46:02.733194
56690,0000,1201,106,2024-12-30 01:46:02.749293
01795,0000,1202,106,2024-12-30 01:46:02.765285
05552,0000,1202,106,2024-12-30 01:46:02.781286
03752,0000,1201,106,2024-12-30 01:46:02.797289
20934,0000,1202,106,2024-12-30 01:46:02.813289
00722,0000,1201,106,2024-12-30 01:46:02.829282
04288,0000,1201,106,2024-12-30 01:46:02.845271
02192,0000,1201,106,2024-12-30 01:46:02.861270
02207,0000,1201,106,2024-12-30 01:46:02.892832
03034,0000,1201,106,2024-12-30 01:46:02.909261
55043,0000,1202,106,2024-12-30 01:46:02.925257
30615,0000,1201,106,2024-12-30 01:46:02.941254
10082,0000,1201,106,2024-12-30 01:46:02.957259
03591,0000,1201,106,2024-12-30 01:46:02.973252
09755,0000,1202,106,2024-12-30 01:46:02.989251
37062,0000,1201,106,2024-12-30 01:46:03.005249
43185,0000,1201,106,2024-12-30 01:46:03.021233
43681,0000,1202,106,2024-12-30 01:46:03.037234
05306,0000,1201,106,2024-12-30 01:46:03.069211
05345,0001,1201,106,2024-12-30 01:46:03.085236
46624,0000,1201,106,2024-12-30 01:46:03.101224
00289,0001,1202,106,2024-12-30 01:46:03.117239
00645,0000,1201,106,2024-12-30 01:46:03.133224
44774,0000,1201,106,2024-12-30 01:46:03.149228
04224,0000,1202,106,2024-12-30 01:46:03.165219
07752,0000,1202,106,2024-12-30 01:46:03.181214
26597,0000,1202,106,2024-12-30 01:46:03.197213
15020,0000,1201,106,2024-12-30 01:46:03.228854
18670,0001,1201,106,2024-12-30 01:46:03.245214
05386,0000,1202,106,2024-12-30 01:46:03.261201
03823,0000,1201,106,2024-12-30 01:46:03.277188
00858,0000,1201,106,2024-12-30 01:46:03.293210
01133,0000,1202,106,2024-12-30 01:46:03.309199
04960,0000,1201,106,2024-12-30 01:46:03.325187
26222,0000,1201,106,2024-12-30 01:46:03.341185
15753,0000,1201,106,2024-12-30 01:46:03.357179
16411,0000,1201,106,2024-12-30 01:46:03.388489
46296,0000,1201,106,2024-12-30 01:46:03.405177
31685,0000,1202,106,2024-12-30 01:46:03.421176
00578,0000,1201,106,2024-12-30 01:46:03.437179
05304,0000,1201,106,2024-12-30 01:46:03.453181
13734,0000,1201,106,2024-12-30 01:46:03.469185
21523,0000,1202,106,2024-12-30 01:46:03.485187
00709,0000,1201,106,2024-12-30 01:46:03.501187
31707,0000,1201,106,2024-12-30 01:46:03.517188
14263,0000,1201,106,2024-12-30 01:46:03.533191
03689,0000,1201,106,2024-12-30 01:46:03.564895
03022,0000,1202,106,2024-12-30 01:46:03.581197
24338,0000,1201,106,2024-12-30 01:46:03.597129
10285,0000,1201,106,2024-12-30 01:46:03.613132
02324,0000,1201,106,2024-12-30 01:46:03.629122
30528,0000,1201,106,2024-12-30 01:46:03.645117
09981,0000,1201,106,2024-12-30 01:46:03.661122
04597,0000,1202,106,2024-12-30 01:46:03.677121
04543,0000,1202,106,2024-12-30 01:46:03.693115
04310,0000,1201,106,2024-12-30 01:46:03.724507
05386,0000,1201,106,2024-12-30 01:46:03.741115
04186,0000,1202,106,2024-12-30 01:46:03.757100
12178,0000,1201,106,2024-12-30 01:46:03.773104
02844,0000,1202,106,2024-12-30 01:46:03.789099
02101,0000,1201,106,2024-12-30 01:46:03.805088
01078,0000,1201,106,2024-12-30 01:46:03.821084
02732,0000,1201,106,2024-12-30 01:46:03.837095
33582,0000,1201,106,2024-12-30 01:46:03.853088
00490,0000,1201,106,2024-12-30 01:46:03.869074
23182,0000,1201,106,2024-12-30 01:46:03.900918
25664,0000,1201,106,2024-12-30 01:46:03.917073
13175,0000,1202,106,2024-12-30 01:46:03.933063
03790,0000,1201,106,2024-12-30 01:46:03.949066
07517,0000,1201,106,2024-12-30 01:46:03.965055
44190,0000,1201,106,2024-12-30 01:46:03.981057
44497,0000,1201,106,2024-12-30 01:46:03.997056
04566,0000,1202,106,2024-12-30 01:46:04.013053
29530,0000,1201,106,2024-12-30 01:46:04.029042
05283,0000,1201,106,2024-12-30 01:46:04.060545
05252,0000,1201,106,2024-12-30 01:46:04.077042
02963,0000,1201,106,2024-12-30 01:46:04.093034
62666,0000,1201,106,2024-12-30 01:46:04.109043
22189,0000,1201,106,2024-12-30 01:46:04.125036
34624,0000,1201,106,2024-12-30 01:46:04.141036
31584,0000,1201,106,2024-12-30 01:46:04.157033
09892,0000,1201,106,2024-12-30 01:46:04.173028
21663,0000,1201,106,2024-12-30 01:46:04.189026
61979,0000,1201,106,2024-12-30 01:46:04.205007
53105,0000,1201,106,2024-12-30 01:46:04.236943
59384,0000,1201,106,2024-12-30 01:46:04.253006
17547,0000,1201,106,2024-12-30 01:46:04.268996
04453,0000,1201,106,2024-12-30 01:46:04.285001
03483,0000,1201,106,2024-12-30 01:46:04.301006
09994,0000,1201,106,2024-12-30 01:46:04.316996
03705,0000,1201,106,2024-12-30 01:46:04.332990
04577,0000,1201,106,2024-12-30 01:46:04.348993
40668,0000,1201,106,2024-12-30 01:46:04.364984
02600,0000,1201,106,2024-12-30 01:46:04.396587
04238,0000,1202,106,2024-12-30 01:46:04.412982
02713,0000,1201,106,2024-12-30 01:46:04.428971
03068,0000,1201,106,2024-12-30 01:46:04.444976
30441,0000,1201,106,2024-12-30 01:46:04.460962
01707,0000,1201,106,2024-12-30 01:46:04.476959
00134,0000,1201,106,2024-12-30 01:46:04.492960
27990,0000,1202,106,2024-12-30 01:46:04.508949
44850,0000,1202,106,2024-12-30 01:46:04.524948
05020,0000,1201,106,2024-12-30 01:46:04.540944
16941,0000,1201,106,2024-12-30 01:46:04.572948
02205,0000,1201,106,2024-12-30 01:46:04.588952
09172,0000,1201,106,2024-12-30 01:46:04.604933
01298,0000,1201,106,2024-12-30 01:46:04.620933
37095,0000,1202,106,2024-12-30 01:46:04.636925
02859,0000,1201,106,2024-12-30 01:46:04.652924
22708,0000,1201,106,2024-12-30 01:46:04.668915
02197,0000,1201,106,2024-12-30 01:46:04.684925
22417,0000,1201,106,2024-12-30 01:46:04.700917
00007,0000,1201,106,2024-12-30 01:46:04.732504
44109,0000,1202,106,2024-12-30 01:46:04.748914
44552,0000,1201,106,2024-12-30 01:46:04.764907
39835,0000,1201,106,2024-12-30 01:46:04.780905
03652,0000,1201,106,2024-12-30 01:46:04.796899
03864,0000,1202,106,2024-12-30 01:46:04.812891
20983,0000,1201,106,2024-12-30 01:46:04.828891
01432,0000,1201,106,2024-12-30 01:46:04.844881
29491,0000,1201,106,2024-12-30 01:46:04.860892
25545,0000,1201,106,2024-12-30 01:46:04.892234
58301,0000,1201,106,2024-12-30 01:46:04.908879
04669,0000,1201,106,2024-12-30 01:46:04.924880
05433,0000,1201,106,2024-12-30 01:46:04.940871
03068,0000,1201,106,2024-12-30 01:46:04.956869
49267,0000,1202,106,2024-12-30 01:46:04.972871
24842,0000,1201,106,2024-12-30 01:46:04.988859
24108,0000,1202,106,2024-12-30 01:46:05.004866
62617,0000,1201,106,2024-12-30 01:46:05.020863
36850,0000,1201,106,2024-12-30 01:46:05.036857
49954,0000,1201,106,2024-12-30 01:46:05.068640
04428,0001,1201,106,2024-12-30 01:46:05.084855
07847,0000,1202,106,2024-12-30 01:46:05.100846
01651,0000,1201,106,2024-12-30 01:46:05.116830
54024,0000,1201,106,2024-12-30 01:46:05.132827
04808,0000,1202,106,2024-12-30 01:46:05.148830
20002,0000,1201,106,2024-12-30 01:46:05.164824
04644,0001,1201,106,2024-12-30 01:46:05.180817
02676,0001,1201,106,2024-12-30 01:46:05.196822
22343,0000,1201,106,2024-12-30 01:46:05.228270
05299,0000,1201,106,2024-12-30 01:46:05.244825
32328,0000,1201,106,2024-12-30 01:46:05.260815
06720,0000,1202,106,2024-12-30 01:46:05.276805
00356,0000,1201,106,2024-12-30 01:46:05.292797
03752,0000,1201,106,2024-12-30 01:46:05.308806
02808,0000,1201,106,2024-12-30 01:46:05.324790
00724,0000,1201,106,2024-12-30 01:46:05.340792
25438,0000,1201,106,2024-12-30 01:46:05.356791
54031,0000,1201,106,2024-12-30 01:46:05.372791
00687,0000,1201,106,2024-12-30 01:46:05.404658
02049,0000,1201,106,2024-12-30 01:46:05.420776
29653,0000,1202,106,2024-12-30 01:46:05.436776
21128,0000,1201,106,2024-12-30 01:46:05.452773
04949,0000,1202,106,2024-12-30 01:46:05.468769
18964,0000,1201,106,2024-12-30 01:46:05.484771
04639,0000,1202,106,2024-12-30 01:46:05.500761
02054,0000,1201,106,2024-12-30 01:46:05.516758
03115,0000,1202,106,2024-12-30 01:46:05.532750
57325,0000,1202,106,2024-12-30 01:46:05.564285
33874,0000,1201,106,2024-12-30 01:46:05.580746
58153,0000,1202,106,2024-12-30 01:46:05.596747
30308,0000,1202,106,2024-12-30 01:46:05.612744
01611,0000,1202,106,2024-12-30 01:46:05.628727
37157,0000,1201,106,2024-12-30 01:46:05.644733
22315,0000,1201,106,2024-12-30 01:46:05.660721
08239,0000,1201,106,2024-12-30 01:46:05.676722
01485,0000,1201,106,2024-12-30 01:46:05.692715
05421,0001,1201,106,2024-12-30 01:46:05.708726
16476,0000,1202,106,2024-12-30 01:46:05.740702
04349,0000,1202,106,2024-12-30 01:46:05.756721
10622,0000,1201,106,2024-12-30 01:46:05.772704
53913,0000,1201,106,2024-12-30 01:46:05.788700
52419,0000,1201,106,2024-12-30 01:46:05.804694
19889,0000,1201,106,2024-12-30 01:46:05.820698
18473,0000,1201,106,2024-12-30 01:46:05.836690
06724,0000,1202,106,2024-12-30 01:46:05.852689
24140,0000,1201,106,2024-12-30 01:46:05.868689
22531,0000,1202,106,2024-12-30 01:46:05.900308
66958,0000,1201,106,2024-12-30 01:46:05.916689
05352,0000,1201,106,2024-12-30 01:46:05.932681
23758,0000,1202,106,2024-12-30 01:46:05.948684
00572,0000,1201,106,2024-12-30 01:46:05.964674
02851,0000,1201,106,2024-12-30 01:46:05.980673
12034,0000,1201,106,2024-12-30 01:46:05.996662
02729,0000,1202,106,2024-12-30 01:46:06.012664
52357,0000,1202,106,2024-12-30 01:46:06.028658
01557,0000,1201,106,2024-12-30 01:46:06.044663
03833,0000,1202,106,2024-12-30 01:46:06.076652
07597,0000,1201,106,2024-12-30 01:46:06.092651
08548,0000,1201,106,2024-12-30 01:46:06.108644
03713,0000,1202,106,2024-12-30 01:46:06.124636
04256,0000,1202,106,2024-12-30 01:46:06.140633
02965,0000,1201,106,2024-12-30 01:46:06.156642
17050,0000,1202,106,2024-12-30 01:46:06.172643
03847,0000,1201,106,2024-12-30 01:46:06.188626
05989,0000,1202,106,2024-12-30 01:46:06.204617
05136,0000,1201,106,2024-12-30 01:46:06.236339
06023,0000,1202,106,2024-12-30 01:46:06.252626
20347,0000,1201,106,2024-12-30 01:46:06.268617
00221,0000,1202,106,2024-12-30 01:46:06.284618
26550,0000,1201,106,2024-12-30 01:46:06.300614
03003,0000,1201,106,2024-12-30 01:46:06.316608
40180,0000,1201,106,2024-12-30 01:46:06.332610
01973,0000,1202,106,2024-12-30 01:46:06.348600
07654,0000,1202,106,2024-12-30 01:46:06.364589
06052,0000,1202,106,2024-12-30 01:46:06.395991
03085,0000,1202,106,2024-12-30 01:46:06.412588
00541,0000,1202,106,2024-12-30 01:46:06.428577
02336,0000,1202,106,2024-12-30 01:46:06.444578
07708,0000,1202,106,2024-12-30 01:46:06.460571
28112,0000,1202,106,2024-12-30 01:46:06.476574
03899,0000,1202,106,2024-12-30 01:46:06.492566
24600,0000,1202,106,2024-12-30 01:46:06.508570
00403,0000,1201,106,2024-12-30 01:46:06.524563
27153,0000,1202,106,2024-12-30 01:46:06.540561
22002,0000,1202,106,2024-12-30 01:46:06.572386
05023,0000,1202,106,2024-12-30 01:46:06.588566
04535,0000,1202,106,2024-12-30 01:46:06.604576
53306,0000,1201,106,2024-12-30 01:46:06.620574
15299,0000,1202,106,2024-12-30 01:46:06.636571
02354,0000,1202,106,2024-12-30 01:46:06.652581
52240,0000,1202,106,2024-12-30 01:46:06.668576
09910,0000,1201,106,2024-12-30 01:46:06.684580
34623,0000,1202,106,2024-12-30 01:46:06.700584
11495,0000,1202,106,2024-12-30 01:46:06.732044
03191,0000,1202,106,2024-12-30 01:46:06.748528
01653,0000,1202,106,2024-12-30 01:46:06.764520
03849,0000,1202,106,2024-12-30 01:46:06.780528
04663,0000,1201,106,2024-12-30 01:46:06.796516
30083,0001,1202,106,2024-12-30 01:46:06.812512
03032,0000,1202,106,2024-12-30 01:46:06.828510
55759,0000,1202,106,2024-12-30 01:46:06.844501
03868,0000,1201,106,2024-12-30 01:46:06.860503
05280,0000,1202,106,2024-12-30 01:46:06.876496
04714,0000,1202,106,2024-12-30 01:46:06.908396
25304,0000,1202,106,2024-12-30 01:46:06.924491
02391,0000,1202,106,2024-12-30 01:46:06.940494
15415,0000,1202,106,2024-12-30 01:46:06.956475
14752,0001,1202,106,2024-12-30 01:46:06.972474
41156,0000,1202,106,2024-12-30 01:46:06.988465
01985,0000,1202,106,2024-12-30 01:46:07.004463
55746,0000,1202,106,2024-12-30 01:46:07.020459
20890,0000,1202,106,2024-12-30 01:46:07.036461
63269,0000,1201,106,2024-12-30 01:46:07.068038
05389,0000,1202,106,2024-12-30 01:46:07.084461
01289,0000,1202,106,2024-12-30 01:46:07.100451
34720,0000,1202,106,2024-12-30 01:46:07.116441
42465,0000,1202,106,2024-12-30 01:46:07.132445
19311,0000,1202,106,2024-12-30 01:46:07.148435
04421,0000,1202,106,2024-12-30 01:46:07.164437
15917,0000,1201,106,2024-12-30 01:46:07.180430
08822,0000,1202,106,2024-12-30 01:46:07.196432
15744,0000,1202,106,2024-12-30 01:46:07.212425
03110,0000,1202,106,2024-12-30 01:46:07.244447
14661,0000,1202,106,2024-12-30 01:46:07.260426
03637,0000,1202,106,2024-12-30 01:46:07.276415
01344,0000,1202,106,2024-12-30 01:46:07.292416
01547,0000,1201,106,2024-12-30 01:46:07.308407
10717,0000,1202,106,2024-12-30 01:46:07.324418
20194,0000,1202,106,2024-12-30 01:46:07.340415
03751,0000,1202,106,2024-12-30 01:46:07.356417
45804,0000,1202,106,2024-12-30 01:46:07.372402
26235,0000,1202,106,2024-12-30 01:46:07.404060
48835,0000,1202,106,2024-12-30 01:46:07.420388
30468,0000,1202,106,2024-12-30 01:46:07.436396
51586,0001,1202,106,2024-12-30 01:46:07.452383
04607,0000,1202,106,2024-12-30 01:46:07.468392
05129,0000,1202,106,2024-12-30 01:46:07.484374
03061,0000,1202,106,2024-12-30 01:46:07.500376
13812,0000,1202,106,2024-12-30 01:46:07.516366
33145,0000,1202,106,2024-12-30 01:46:07.532369
01895,0000,1202,106,2024-12-30 01:46:07.563701
05266,0000,1202,106,2024-12-30 01:46:07.580363
01873,0000,1202,106,2024-12-30 01:46:07.596363
05058,0000,1202,106,2024-12-30 01:46:07.612354
11839,0000,1202,106,2024-12-30 01:46:07.628352
05263,0000,1202,106,2024-12-30 01:46:07.644347
02924,0000,1202,106,2024-12-30 01:46:07.660343
54927,0000,1202,106,2024-12-30 01:46:07.676345
48944,0000,1202,106,2024-12-30 01:46:07.692343
00689,0000,1202,106,2024-12-30 01:46:07.708329
01030,0000,1202,106,2024-12-30 01:46:07.740097
05976,0000,1202,106,2024-12-30 01:46:07.756320
38337,0000,1202,106,2024-12-30 01:46:07.772323
05487,0000,1202,106,2024-12-30 01:46:07.788315
01396,0000,1202,106,2024-12-30 01:46:07.804318
26307,0000,1201,106,2024-12-30 01:46:07.820312
13874,0000,1201,106,2024-12-30 01:46:07.836319
05918,0000,1202,106,2024-12-30 01:46:07.852307
55759,0000,1202,106,2024-12-30 01:46:07.868297
16368,0000,1202,106,2024-12-30 01:46:07.899730
06893,0000,1201,106,2024-12-30 01:46:07.916296
22429,0000,1202,106,2024-12-30 01:46:07.932288
10129,0000,1202,106,2024-12-30 01:46:07.948291
03540,0000,1202,106,2024-12-30 01:46:07.964282
07710,0000,1201,106,2024-12-30 01:46:07.980284
22204,0000,1202,106,2024-12-30 01:46:07.996275
19320,0000,1202,106,2024-12-30 01:46:08.012283
02087,0000,1202,106,2024-12-30 01:46:08.028265
40948,0000,1202,106,2024-12-30 01:46:08.044265
04625,0000,1202,106,2024-12-30 01:46:08.076124
04504,0000,1202,106,2024-12-30 01:46:08.092263
02966,0000,1202,106,2024-12-30 01:46:08.108265
05469,0000,1202,106,2024-12-30 01:46:08.124269
03753,0000,1202,106,2024-12-30 01:46:08.140245
30966,0000,1202,106,2024-12-30 01:46:08.156246
15693,0000,1202,106,2024-12-30 01:46:08.172238
00668,0000,1202,106,2024-12-30 01:46:08.188242
19524,0000,1202,106,2024-12-30 01:46:08.204241
35927,0000,1201,106,2024-12-30 01:46:08.235741
48240,0000,1202,106,2024-12-30 01:46:08.252249
12421,0000,1202,106,2024-12-30 01:46:08.268213
10781,0000,1202,106,2024-12-30 01:46:08.284219
08594,0000,1202,106,2024-12-30 01:46:08.300221
03898,0001,1202,106,2024-12-30 01:46:08.316216
11753,0000,1202,106,2024-12-30 01:46:08.332212
18366,0000,1202,106,2024-12-30 01:46:08.348215
04189,0000,1202,106,2024-12-30 01:46:08.364206
30182,0000,1202,106,2024-12-30 01:46:08.380210
05449,0000,1202,106,2024-12-30 01:46:08.412140
05497,0000,1202,106,2024-12-30 01:46:08.428195
04925,0000,1202,106,2024-12-30 01:46:08.444197
24920,0000,1202,106,2024-12-30 01:46:08.460194
07273,0000,1202,106,2024-12-30 01:46:08.476185
50735,0000,1202,106,2024-12-30 01:46:08.492182
10909,0000,1202,106,2024-12-30 01:46:08.508189
16459,0000,1202,106,2024-12-30 01:46:08.524180
04653,0000,1202,106,2024-12-30 01:46:08.540172
27523,0000,1202,106,2024-12-30 01:46:08.571780
25891,0000,1202,106,2024-12-30 01:46:08.588161
02955,0000,1202,106,2024-12-30 01:46:08.604154
26515,0000,1202,106,2024-12-30 01:46:08.620156
09333,0000,1202,106,2024-12-30 01:46:08.636156
02924,0000,1202,106,2024-12-30 01:46:08.652160
11723,0000,1202,106,2024-12-30 01:46:08.668162
05106,0000,1202,106,2024-12-30 01:46:08.684144
40748,0000,1202,106,2024-12-30 01:46:08.700144
12532,0000,1202,106,2024-12-30 01:46:08.716140
22533,0000,1202,106,2024-12-30 01:46:08.748140
03258,0000,1202,106,2024-12-30 01:46:08.764138
02774,0000,1202,106,2024-12-30 01:46:08.780122
03049,0000,1202,106,2024-12-30 01:46:08.796125
12889,0000,1202,106,2024-12-30 01:46:08.812118
04572,0000,1202,106,2024-12-30 01:46:08.828124
03087,0000,1202,106,2024-12-30 01:46:08.844116
28287,0000,1202,106,2024-12-30 01:46:08.860120
17460,0000,1202,106,2024-12-30 01:46:08.876106
00528,0000,1202,106,2024-12-30 01:46:08.907811
02927,0000,1202,106,2024-12-30 01:46:08.924102
00392,0000,1202,106,2024-12-30 01:46:08.940099
22954,0000,1202,106,2024-12-30 01:46:08.956084
44201,0000,1202,106,2024-12-30 01:46:08.972093
29453,0000,1202,106,2024-12-30 01:46:08.988092
01003,0000,1202,106,2024-12-30 01:46:09.004086
03879,0000,1202,106,2024-12-30 01:46:09.020085
04441,0001,1202,106,2024-12-30 01:46:09.036086
47431,0000,1202,106,2024-12-30 01:46:09.067461
01193,0000,1202,106,2024-12-30 01:46:09.084066
03593,0000,1202,106,2024-12-30 01:46:09.100063
29146,0000,1202,106,2024-12-30 01:46:09.116062
03218,0000,1202,106,2024-12-30 01:46:09.132068
02020,0000,1202,106,2024-12-30 01:46:09.148056
14723,0000,1202,106,2024-12-30 01:46:09.164056
00636,0000,1202,106,2024-12-30 01:46:09.180048
04583,0000,1202,106,2024-12-30 01:46:09.196055
00579,0000,1202,106,2024-12-30 01:46:09.212042
27024,0000,1201,106,2024-12-30 01:46:09.243857
31881,0000,1202,106,2024-12-30 01:46:09.260046
24957,0000,1202,106,2024-12-30 01:46:09.276035
00731,0000,1202,106,2024-12-30 01:46:09.292035
03663,0000,1202,106,2024-12-30 01:46:09.308042
52287,0000,1202,106,2024-12-30 01:46:09.324039
21721,0000,1202,106,2024-12-30 01:46:09.340024
01549,0000,1202,106,2024-12-30 01:46:09.356017
08563,0000,1202,106,2024-12-30 01:46:09.372010
32284,0000,1202,106,2024-12-30 01:46:09.403481
03544,0000,1202,106,2024-12-30 01:46:09.420012
00742,0000,1202,106,2024-12-30 01:46:09.436011
67538,0000,1202,106,2024-12-30 01:46:09.451991
20031,0000,1202,106,2024-12-30 01:46:09.467989
01049,0000,1202,106,2024-12-30 01:46:09.483989
04862,0000,1202,106,2024-12-30 01:46:09.499992
05323,0000,1202,106,2024-12-30 01:46:09.515982
40228,0000,1202,106,2024-12-30 01:46:09.531986
00051,0000,1202,106,2024-12-30 01:46:09.547977
43116,0000,1202,106,2024-12-30 01:46:09.579863
48020,0000,1202,106,2024-12-30 01:46:09.595965
03749,0000,1202,106,2024-12-30 01:46:09.611967
10980,0000,1202,106,2024-12-30 01:46:09.627971
04374,0000,1202,106,2024-12-30 01:46:09.643959
00693,0000,1202,106,2024-12-30 01:46:09.659950
13203,0000,1202,106,2024-12-30 01:46:09.675952
01489,0001,1202,106,2024-12-30 01:46:09.691957
00585,0000,1202,106,2024-12-30 01:46:09.707960
15205,0000,1202,106,2024-12-30 01:46:09.739511
02468,0000,1202,106,2024-12-30 01:46:09.755965
04554,0000,1202,106,2024-12-30 01:46:09.771971
22609,0000,1202,106,2024-12-30 01:46:09.787972
42599,0000,1202,106,2024-12-30 01:46:09.803965
31500,0000,1202,106,2024-12-30 01:46:09.819973
24988,0000,1202,106,2024-12-30 01:46:09.835973
02772,0000,1203,106,2024-12-30 01:46:09.851978
27776,0000,1202,106,2024-12-30 01:46:09.867982
04677,0000,1202,106,2024-12-30 01:46:09.883978
07844,0000,1202,106,2024-12-30 01:46:09.915890
05158,0000,1202,106,2024-12-30 01:46:09.931905
03557,0000,1202,106,2024-12-30 01:46:09.947901
09211,0000,1202,106,2024-12-30 01:46:09.963898
27685,0001,1202,106,2024-12-30 01:46:09.979901
02332,0000,1202,106,2024-12-30 01:46:09.995895
48888,0000,1202,106,2024-12-30 01:46:10.011896
00411,0000,1202,106,2024-12-30 01:46:10.027886
19375,0000,1202,106,2024-12-30 01:46:10.043887
16237,0000,1202,106,2024-12-30 01:46:10.075525
01382,0000,1202,106,2024-12-30 01:46:10.091888
21461,0000,1202,106,2024-12-30 01:46:10.107869
17291,0000,1202,106,2024-12-30 01:46:10.123872
02224,0000,1202,106,2024-12-30 01:46:10.139872
29984,0000,1202,106,2024-12-30 01:46:10.155866
41556,0000,1202,106,2024-12-30 01:46:10.171861
52561,0000,1202,106,2024-12-30 01:46:10.187856
03064,0000,1202,106,2024-12-30 01:46:10.203854
12100,0000,1202,106,2024-12-30 01:46:10.235158
05377,0000,1202,106,2024-12-30 01:46:10.251863
03425,0000,1202,106,2024-12-30 01:46:10.267836
23522,0000,1202,106,2024-12-30 01:46:10.283833
05328,0000,1202,106,2024-12-30 01:46:10.299832
16305,0000,1202,106,2024-12-30 01:46:10.315836
37924,0000,1202,106,2024-12-30 01:46:10.331836
00631,0000,1202,106,2024-12-30 01:46:10.347822
04410,0000,1202,106,2024-12-30 01:46:10.363837
29697,0000,1202,106,2024-12-30 01:46:10.379819
12063,0000,1202,106,2024-12-30 01:46:10.411556
04636,0000,1202,106,2024-12-30 01:46:10.427819
02164,0000,1202,106,2024-12-30 01:46:10.443804
03362,0000,1202,106,2024-12-30 01:46:10.459806
12323,0000,1202,106,2024-12-30 01:46:10.475809
16492,0000,1202,106,2024-12-30 01:46:10.491811
05123,0000,1202,106,2024-12-30 01:46:10.507796
04597,0000,1202,106,2024-12-30 01:46:10.523796
08026,0000,1202,106,2024-12-30 01:46:10.539790
13199,0000,1202,106,2024-12-30 01:46:10.571184
01483,0001,1202,106,2024-12-30 01:46:10.587782
21045,0000,1202,106,2024-12-30 01:46:10.603775
01037,0000,1202,106,2024-12-30 01:46:10.619772
11623,0000,1202,106,2024-12-30 01:46:10.635778
02817,0000,1202,106,2024-12-30 01:46:10.651761
00334,0000,1202,106,2024-12-30 01:46:10.667764
04684,0000,1202,106,2024-12-30 01:46:10.683754
01921,0000,1202,106,2024-12-30 01:46:10.699759
24665,0000,1202,106,2024-12-30 01:46:10.715749
04232,0000,1202,106,2024-12-30 01:46:10.747576
03775,0000,1202,106,2024-12-30 01:46:10.763750
56507,0000,1202,106,2024-12-30 01:46:10.779742
02109,0000,1202,106,2024-12-30 01:46:10.795739
02223,0000,1203,106,2024-12-30 01:46:10.811730
46576,0000,1203,106,2024-12-30 01:46:10.827729
40195,0000,1202,106,2024-12-30 01:46:10.843727
00749,0000,1202,106,2024-12-30 01:46:10.859729
11882,0000,1202,106,2024-12-30 01:46:10.875733
25595,0000,1203,106,2024-12-30 01:46:10.907223
15373,0000,1202,106,2024-12-30 01:46:10.923709
16335,0000,1202,106,2024-12-30 01:46:10.939709
02226,0000,1202,106,2024-12-30 01:46:10.955700
04466,0000,1202,106,2024-12-30 01:46:10.971696
01910,0000,1202,106,2024-12-30 01:46:10.987704
02014,0000,1202,106,2024-12-30 01:46:11.003702
03682,0000,1202,106,2024-12-30 01:46:11.019697
09554,0000,1202,106,2024-12-30 01:46:11.035698
22954,0000,1202,106,2024-12-30 01:46:11.051692
23103,0000,1202,106,2024-12-30 01:46:11.083604
25075,0001,1202,106,2024-12-30 01:46:11.099684
15999,0000,1202,106,2024-12-30 01:46:11.115680
04929,0000,1203,106,2024-12-30 01:46:11.131677
02725,0000,1202,106,2024-12-30 01:46:11.147667
12738,0000,1203,106,2024-12-30 01:46:11.163675
01362,0000,1202,106,2024-12-30 01:46:11.179671
53339,0000,1202,106,2024-12-30 01:46:11.195664
00620,0000,1202,106,2024-12-30 01:46:11.211654
03090,0000,1202,106,2024-12-30 01:46:11.243265
50916,0000,1202,106,2024-12-30 01:46:11.259658
37789,0000,1202,106,2024-12-30 01:46:11.275657
04382,0000,1202,106,2024-12-30 01:46:11.291636
50704,0000,1202,106,2024-12-30 01:46:11.307643
15542,0000,1202,106,2024-12-30 01:46:11.323632
62622,0000,1203,106,2024-12-30 01:46:11.339639
29207,0000,1202,106,2024-12-30 01:46:11.355627
43029,0000,1202,106,2024-12-30 01:46:11.371627
08510,0000,1202,106,2024-12-30 01:46:11.387619
26500,0000,1202,106,2024-12-30 01:46:11.419617
67722,0000,1202,106,2024-12-30 01:46:11.435620
01587,0000,1202,106,2024-12-30 01:46:11.451610
17848,0000,1203,106,2024-12-30 01:46:11.467613
26793,0000,1202,106,2024-12-30 01:46:11.483606
31654,0000,1202,106,2024-12-30 01:46:11.499610
00699,0000,1202,106,2024-12-30 01:46:11.515600
05457,0000,1202,106,2024-12-30 01:46:11.531596
04156,0000,1203,106,2024-12-30 01:46:11.547596
44891,0000,1202,106,2024-12-30 01:46:11.579272
24929,0000,1202,106,2024-12-30 01:46:11.595586
42472,0000,1202,106,2024-12-30 01:46:11.611581
36306,0000,1203,106,2024-12-30 01:46:11.627575
02884,0000,1203,106,2024-12-30 01:46:11.643571
54979,0000,1202,106,2024-12-30 01:46:11.659579
14696,0000,1203,106,2024-12-30 01:46:11.675576
01716,0000,1203,106,2024-12-30 01:46:11.691563
20684,0000,1203,106,2024-12-30 01:46:11.707572
18609,0000,1203,106,2024-12-30 01:46:11.738926
58574,0000,1203,106,2024-12-30 01:46:11.755559
03385,0000,1203,106,2024-12-30 01:46:11.771559
02221,0000,1203,106,2024-12-30 01:46:11.787555
04315,0000,1203,106,2024-12-30 01:46:11.803542
04233,0000,1203,106,2024-12-30 01:46:11.819545
00862,0000,1203,106,2024-12-30 01:46:11.835535
07792,0000,1202,106,2024-12-30 01:46:11.851540
04401,0000,1203,106,2024-12-30 01:46:11.867525
28062,0000,1203,106,2024-12-30 01:46:11.883528
00254,0000,1202,106,2024-12-30 01:46:11.915293
03033,0000,1203,106,2024-12-30 01:46:11.931519
05416,0000,1203,106,2024-12-30 01:46:11.947522
17121,0000,1203,106,2024-12-30 01:46:11.963521
02132,0000,1202,106,2024-12-30 01:46:11.979505
02997,0001,1203,106,2024-12-30 01:46:11.995504
04485,0000,1202,106,2024-12-30 01:46:12.011507
04618,0000,1203,106,2024-12-30 01:46:12.027503
05366,0000,1202,106,2024-12-30 01:46:12.043501
45688,0000,1202,106,2024-12-30 01:46:12.074923
44127,0000,1203,106,2024-12-30 01:46:12.091488
27272,0000,1203,106,2024-12-30 01:46:12.107483
00649,0001,1203,106,2024-12-30 01:46:12.123483
16870,0000,1202,106,2024-12-30 01:46:12.139476
58350,0000,1203,106,2024-12-30 01:46:12.155479
36233,0001,1202,106,2024-12-30 01:46:12.171473
05379,0000,1203,106,2024-12-30 01:46:12.187478
29906,0001,1203,106,2024-12-30 01:46:12.203466
23885,0000,1202,106,2024-12-30 01:46:12.219733
41097,0000,1203,106,2024-12-30 01:46:12.251341
04539,0000,1203,106,2024-12-30 01:46:12.267460
20186,0000,1203,106,2024-12-30 01:46:12.283451
04397,0000,1203,106,2024-12-30 01:46:12.299450
02182,0000,1203,106,2024-12-30 01:46:12.315458
11422,0000,1203,106,2024-12-30 01:46:12.331436
20480,0000,1203,106,2024-12-30 01:46:12.347446
04529,0000,1203,106,2024-12-30 01:46:12.363436
04279,0000,1202,106,2024-12-30 01:46:12.379437
02790,0000,1202,106,2024-12-30 01:46:12.410967
02931,0000,1203,106,2024-12-30 01:46:12.427419
13585,0000,1203,106,2024-12-30 01:46:12.443421
22410,0000,1203,106,2024-12-30 01:46:12.459422
16733,0000,1203,106,2024-12-30 01:46:12.475407
37077,0001,1203,106,2024-12-30 01:46:12.491409
23801,0001,1203,106,2024-12-30 01:46:12.507400
19399,0000,1203,106,2024-12-30 01:46:12.523402
03825,0000,1203,106,2024-12-30 01:46:12.539390
03813,0000,1202,106,2024-12-30 01:46:12.555392
02947,0000,1203,106,2024-12-30 01:46:12.587364
22618,0000,1203,106,2024-12-30 01:46:12.603389
03077,0000,1203,106,2024-12-30 01:46:12.619389
53466,0000,1203,106,2024-12-30 01:46:12.635377
01537,0000,1203,106,2024-12-30 01:46:12.651382
55821,0000,1203,106,2024-12-30 01:46:12.667367
20958,0000,1203,106,2024-12-30 01:46:12.683372
45689,0000,1203,106,2024-12-30 01:46:12.699365
17776,0000,1203,106,2024-12-30 01:46:12.715373
02334,0000,1203,106,2024-12-30 01:46:12.747002
02254,0000,1203,106,2024-12-30 01:46:12.763363
54866,0000,1203,106,2024-12-30 01:46:12.779349
49073,0000,1203,106,2024-12-30 01:46:12.795354
00601,0000,1203,106,2024-12-30 01:46:12.811349
01877,0000,1203,106,2024-12-30 01:46:12.827345
04266,0000,1203,106,2024-12-30 01:46:12.843347
02249,0000,1203,106,2024-12-30 01:46:12.859354
60208,0000,1203,106,2024-12-30 01:46:12.875351
01990,0000,1203,106,2024-12-30 01:46:12.891352
04333,0000,1203,106,2024-12-30 01:46:12.923353
02364,0000,1203,106,2024-12-30 01:46:12.939353
30328,0000,1203,106,2024-12-30 01:46:12.955359
08926,0000,1203,106,2024-12-30 01:46:12.971358
20910,0000,1203,106,2024-12-30 01:46:12.987365
02822,0000,1203,106,2024-12-30 01:46:13.003367
31665,0000,1203,106,2024-12-30 01:46:13.019369
29708,0001,1203,106,2024-12-30 01:46:13.035373
04609,0000,1202,106,2024-12-30 01:46:13.051299
16291,0000,1203,106,2024-12-30 01:46:13.083010
05917,0000,1203,106,2024-12-30 01:46:13.099296
46315,0000,1203,106,2024-12-30 01:46:13.115291
02757,0000,1203,106,2024-12-30 01:46:13.131295
32303,0000,1203,106,2024-12-30 01:46:13.147283
01404,0000,1203,106,2024-12-30 01:46:13.163286
09330,0000,1203,106,2024-12-30 01:46:13.179276
04459,0000,1203,106,2024-12-30 01:46:13.195274
05356,0000,1203,106,2024-12-30 01:46:13.211275
10351,0000,1203,106,2024-12-30 01:46:13.242677
00569,0000,1203,106,2024-12-30 01:46:13.259265
36090,0000,1203,106,2024-12-30 01:46:13.275265
40888,0001,1203,106,2024-12-30 01:46:13.291253
03956,0000,1203,106,2024-12-30 01:46:13.307260
05269,0000,1203,106,2024-12-30 01:46:13.323246
51343,0000,1203,106,2024-12-30 01:46:13.339250
21838,0000,1203,106,2024-12-30 01:46:13.355246
03066,0000,1203,106,2024-12-30 01:46:13.371246
21939,0000,1203,106,2024-12-30 01:46:13.387237
03500,0000,1203,106,2024-12-30 01:46:13.419030
04838,0000,1203,106,2024-12-30 01:46:13.435233
49639,0000,1203,106,2024-12-30 01:46:13.451230
22572,0000,1203,106,2024-12-30 01:46:13.467217
19942,0000,1203,106,2024-12-30 01:46:13.483216
00762,0000,1203,106,2024-12-30 01:46:13.499220
34023,0000,1203,106,2024-12-30 01:46:13.515210
08986,0000,1203,106,2024-12-30 01:46:13.531212
07104,0000,1203,106,2024-12-30 01:46:13.547205
02967,0000,1203,106,2024-12-30 01:46:13.578671
01547,0000,1203,106,2024-12-30 01:46:13.595200
01356,0000,1203,106,2024-12-30 01:46:13.611192
40283,0000,1203,106,2024-12-30 01:46:13.627193
00001,0000,1203,106,2024-12-30 01:46:13.643200
09107,0000,1203,106,2024-12-30 01:46:13.659179
20857,0000,1203,106,2024-12-30 01:46:13.675183
09542,0000,1203,106,2024-12-30 01:46:13.691175
04436,0000,1203,106,2024-12-30 01:46:13.707184
01979,0000,1203,106,2024-12-30 01:46:13.723173
20292,0000,1203,106,2024-12-30 01:46:13.755068
15228,0000,1203,106,2024-12-30 01:46:13.771174
05153,0000,1203,106,2024-12-30 01:46:13.787160
13475,0000,1203,106,2024-12-30 01:46:13.803162
04681,0000,1203,106,2024-12-30 01:46:13.819150
03886,0001,1203,106,2024-12-30 01:46:13.835149
61902,0000,1203,106,2024-12-30 01:46:13.851149
03174,0000,1203,106,2024-12-30 01:46:13.867135
04579,0000,1203,106,2024-12-30 01:46:13.883144
04505,0000,1203,106,2024-12-30 01:46:13.914697
00635,0000,1203,106,2024-12-30 01:46:13.931131
09531,0000,1203,106,2024-12-30 01:46:13.947132
04673,0000,1203,106,2024-12-30 01:46:13.963129
25077,0000,1203,106,2024-12-30 01:46:13.979133
01354,0000,1203,106,2024-12-30 01:46:13.995122
03651,0000,1203,106,2024-12-30 01:46:14.011125
16257,0000,1203,106,2024-12-30 01:46:14.027131
24783,0000,1203,106,2024-12-30 01:46:14.043125
20296,0000,1203,106,2024-12-30 01:46:14.059117
03071,0000,1203,106,2024-12-30 01:46:14.091088
11608,0000,1203,106,2024-12-30 01:46:14.107112
13605,0000,1203,106,2024-12-30 01:46:14.123103
05140,0000,1203,106,2024-12-30 01:46:14.139103
01328,0000,1203,106,2024-12-30 01:46:14.155103
01937,0000,1203,106,2024-12-30 01:46:14.171105
13151,0000,1203,106,2024-12-30 01:46:14.187092
00679,0000,1203,106,2024-12-30 01:46:14.203088
01264,0000,1203,106,2024-12-30 01:46:14.219088
00648,0000,1203,106,2024-12-30 01:46:14.250776
04544,0000,1204,106,2024-12-30 01:46:14.267074
00560,0000,1204,106,2024-12-30 01:46:14.283075
14480,0000,1203,106,2024-12-30 01:46:14.299066
00973,0000,1203,106,2024-12-30 01:46:14.315068
42387,0001,1203,106,2024-12-30 01:46:14.331058
24869,0000,1203,106,2024-12-30 01:46:14.347059
03914,0000,1203,106,2024-12-30 01:46:14.363054
09705,0000,1203,106,2024-12-30 01:46:14.379060
60205,0001,1203,106,2024-12-30 01:46:14.410357
09449,0000,1203,106,2024-12-30 01:46:14.427052
04292,0000,1203,106,2024-12-30 01:46:14.443037
09292,0001,1203,106,2024-12-30 01:46:14.459041
11850,0000,1203,106,2024-12-30 01:46:14.475037
16089,0000,1203,106,2024-12-30 01:46:14.491029
58552,0000,1203,106,2024-12-30 01:46:14.507031
16784,0000,1203,106,2024-12-30 01:46:14.523030
12446,0000,1203,106,2024-12-30 01:46:14.539016
59072,0000,1203,106,2024-12-30 01:46:14.555019
22581,0001,1203,106,2024-12-30 01:46:14.586767
02596,0000,1203,106,2024-12-30 01:46:14.603005
01496,0000,1203,106,2024-12-30 01:46:14.619013
00334,0000,1203,106,2024-12-30 01:46:14.634997
01948,0000,1203,106,2024-12-30 01:46:14.651002
44803,0000,1203,106,2024-12-30 01:46:14.667000
03745,0000,1203,106,2024-12-30 01:46:14.682999
00485,0000,1203,106,2024-12-30 01:46:14.698987
01132,0000,1203,106,2024-12-30 01:46:14.714990
06120,0000,1203,106,2024-12-30 01:46:14.746406
03007,0000,1203,106,2024-12-30 01:46:14.762978
02508,0000,1204,106,2024-12-30 01:46:14.778973
02769,0001,1203,106,2024-12-30 01:46:14.794969
07713,0000,1203,106,2024-12-30 01:46:14.810986
04428,0000,1203,106,2024-12-30 01:46:14.826971
03825,0000,1203,106,2024-12-30 01:46:14.842970
19926,0000,1203,106,2024-12-30 01:46:14.858962
04668,0001,1203,106,2024-12-30 01:46:14.874957
03132,0000,1203,106,2024-12-30 01:46:14.890959
10588,0000,1203,106,2024-12-30 01:46:14.922792
00659,0000,1203,106,2024-12-30 01:46:14.938943
00978,0000,1203,106,2024-12-30 01:46:14.954945
03864,0000,1204,106,2024-12-30 01:46:14.970946
47355,0000,1203,106,2024-12-30 01:46:14.986945
15303,0000,1203,106,2024-12-30 01:46:15.002937
10205,0000,1203,106,2024-12-30 01:46:15.018927
01537,0000,1203,106,2024-12-30 01:46:15.034933
13086,0000,1203,106,2024-12-30 01:46:15.050924
09379,0000,1203,106,2024-12-30 01:46:15.082422
14846,0000,1204,106,2024-12-30 01:46:15.098911
43418,0000,1203,106,2024-12-30 01:46:15.114905
08615,0000,1204,106,2024-12-30 01:46:15.130909
14631,0000,1203,106,2024-12-30 01:46:15.146898
02957,0000,1203,106,2024-12-30 01:46:15.162901
02868,0000,1203,106,2024-12-30 01:46:15.178901
05381,0001,1203,106,2024-12-30 01:46:15.194898
55164,0000,1204,106,2024-12-30 01:46:15.210892
01818,0000,1203,106,2024-12-30 01:46:15.226896
03706,0000,1204,106,2024-12-30 01:46:15.258843
00379,0000,1203,106,2024-12-30 01:46:15.274879
20481,0000,1203,106,2024-12-30 01:46:15.290873
03091,0000,1204,106,2024-12-30 01:46:15.306863
02941,0000,1203,106,2024-12-30 01:46:15.322877
02254,0000,1203,106,2024-12-30 01:46:15.338875
33128,0000,1203,106,2024-12-30 01:46:15.354877
03105,0000,1204,106,2024-12-30 01:46:15.370859
44716,0000,1204,106,2024-12-30 01:46:15.386852
01471,0000,1204,106,2024-12-30 01:46:15.418433
00231,0000,1204,106,2024-12-30 01:46:15.434847
04590,0000,1203,106,2024-12-30 01:46:15.450838
20124,0000,1204,106,2024-12-30 01:46:15.466845
10686,0000,1204,106,2024-12-30 01:46:15.482832
02617,0000,1203,106,2024-12-30 01:46:15.498834
10767,0001,1203,106,2024-12-30 01:46:15.514820
11671,0000,1203,106,2024-12-30 01:46:15.530825
26382,0000,1204,106,2024-12-30 01:46:15.546840
26238,0001,1203,106,2024-12-30 01:46:15.562831
10823,0000,1203,106,2024-12-30 01:46:15.594818
38802,0000,1203,106,2024-12-30 01:46:15.610822
04653,0000,1204,106,2024-12-30 01:46:15.626826
00615,0000,1203,106,2024-12-30 01:46:15.642806
31218,0000,1204,106,2024-12-30 01:46:15.658809
27781,0000,1203,106,2024-12-30 01:46:15.674799
64363,0000,1203,106,2024-12-30 01:46:15.690799
04452,0000,1204,106,2024-12-30 01:46:15.706793
47899,0001,1204,106,2024-12-30 01:46:15.722795
14793,0000,1203,106,2024-12-30 01:46:15.754492
05242,0000,1204,106,2024-12-30 01:46:15.770781
24053,0000,1204,106,2024-12-30 01:46:15.786790
27834,0000,1204,106,2024-12-30 01:46:15.802776
04560,0000,1204,106,2024-12-30 01:46:15.818780
20112,0000,1204,106,2024-12-30 01:46:15.834771
20319,0000,1204,106,2024-12-30 01:46:15.850775
00789,0000,1204,106,2024-12-30 01:46:15.866790
56525,0000,1203,106,2024-12-30 01:46:15.882771
03035,0000,1203,106,2024-12-30 01:46:15.914112
14533,0000,1203,106,2024-12-30 01:46:15.930753
24653,0000,1203,106,2024-12-30 01:46:15.946750
10084,0000,1204,106,2024-12-30 01:46:15.962748
01456,0000,1204,106,2024-12-30 01:46:15.978740
00431,0000,1204,106,2024-12-30 01:46:15.994740
10907,0000,1204,106,2024-12-30 01:46:16.010743
28671,0000,1204,106,2024-12-30 01:46:16.026745
04350,0000,1204,106,2024-12-30 01:46:16.042749
00110,0000,1203,106,2024-12-30 01:46:16.058746
18035,0000,1204,106,2024-12-30 01:46:16.090544
57316,0000,1203,106,2024-12-30 01:46:16.106753
00464,0000,1204,106,2024-12-30 01:46:16.122757
01451,0000,1204,106,2024-12-30 01:46:16.138758
06381,0000,1204,106,2024-12-30 01:46:16.154760
24985,0000,1204,106,2024-12-30 01:46:16.170760
01522,0000,1204,106,2024-12-30 01:46:16.186766
09353,0000,1203,106,2024-12-30 01:46:16.202769
00272,0000,1204,106,2024-12-30 01:46:16.218694
03876,0001,1204,106,2024-12-30 01:46:16.250150
23355,0000,1204,106,2024-12-30 01:46:16.266687
00588,0000,1203,106,2024-12-30 01:46:16.282685
05331,0000,1204,106,2024-12-30 01:46:16.298678
06410,0000,1204,106,2024-12-30 01:46:16.314686
03444,0000,1204,106,2024-12-30 01:46:16.330674
32993,0000,1204,106,2024-12-30 01:46:16.346670
25180,0000,1204,106,2024-12-30 01:46:16.362666
03877,0000,1204,106,2024-12-30 01:46:16.378666
20059,0000,1204,106,2024-12-30 01:46:16.394673
20815,0000,1204,106,2024-12-30 01:46:16.426553
45460,0000,1204,106,2024-12-30 01:46:16.442654
02005,0000,1204,106,2024-12-30 01:46:16.458656
00492,0000,1204,106,2024-12-30 01:46:16.474652
03585,0000,1204,106,2024-12-30 01:46:16.490644
01647,0000,1204,106,2024-12-30 01:46:16.506643
04024,0000,1204,106,2024-12-30 01:46:16.522639
26509,0000,1204,106,2024-12-30 01:46:16.538632
05464,0000,1204,106,2024-12-30 01:46:16.554633
53940,0000,1204,106,2024-12-30 01:46:16.586181
03407,0000,1204,106,2024-12-30 01:46:16.602616
01408,0000,1204,106,2024-12-30 01:46:16.618620
16587,0000,1204,106,2024-12-30 01:46:16.634610
02318,0000,1204,106,2024-12-30 01:46:16.650614
25353,0000,1204,106,2024-12-30 01:46:16.666608
10036,0000,1204,106,2024-12-30 01:46:16.682603
02655,0000,1204,106,2024-12-30 01:46:16.698598
08269,0000,1204,106,2024-12-30 01:46:16.714606
01653,0001,1204,106,2024-12-30 01:46:16.730599
25500,0000,1204,106,2024-12-30 01:46:16.762589
04668,0000,1204,106,2024-12-30 01:46:16.778599
06906,0000,1204,106,2024-12-30 01:46:16.794595
56771,0000,1203,106,2024-12-30 01:46:16.810572
03545,0000,1204,106,2024-12-30 01:46:16.826584
48803,0000,1204,106,2024-12-30 01:46:16.842575
03874,0000,1204,106,2024-12-30 01:46:16.858572
42584,0000,1204,106,2024-12-30 01:46:16.874564
15849,0000,1204,106,2024-12-30 01:46:16.890590
20946,0000,1204,106,2024-12-30 01:46:16.922222
13813,0000,1204,106,2024-12-30 01:46:16.938560
48841,0000,1204,106,2024-12-30 01:46:16.954557
03451,0000,1204,106,2024-12-30 01:46:16.970549
18523,0000,1204,106,2024-12-30 01:46:16.986539
04599,0000,1204,106,2024-12-30 01:46:17.002552
60852,0000,1204,106,2024-12-30 01:46:17.018546
05387,0000,1204,106,2024-12-30 01:46:17.034537
00934,0000,1204,106,2024-12-30 01:46:17.050527
02703,0000,1204,106,2024-12-30 01:46:17.081833
01973,0000,1204,106,2024-12-30 01:46:17.098521
01120,0000,1204,106,2024-12-30 01:46:17.114512
24185,0000,1204,106,2024-12-30 01:46:17.130515
00654,0000,1204,106,2024-12-30 01:46:17.146511
03848,0001,1204,106,2024-12-30 01:46:17.162516
09194,0000,1204,106,2024-12-30 01:46:17.178516
02817,0001,1204,106,2024-12-30 01:46:17.194518
29445,0000,1204,106,2024-12-30 01:46:17.210500
10866,0000,1204,106,2024-12-30 01:46:17.226499
10390,0000,1204,106,2024-12-30 01:46:17.258241
02577,0000,1204,106,2024-12-30 01:46:17.274498
01768,0000,1204,106,2024-12-30 01:46:17.290492
05367,0000,1204,106,2024-12-30 01:46:17.306502
26353,0000,1204,106,2024-12-30 01:46:17.322488
16531,0001,1204,106,2024-12-30 01:46:17.338479
19487,0000,1204,106,2024-12-30 01:46:17.354471
02014,0000,1204,106,2024-12-30 01:46:17.370475
28842,0000,1204,106,2024-12-30 01:46:17.386460
02139,0000,1204,106,2024-12-30 01:46:17.417875
02815,0000,1204,106,2024-12-30 01:46:17.434459
00463,0000,1204,106,2024-12-30 01:46:17.450451
03100,0000,1204,106,2024-12-30 01:46:17.466437
10657,0000,1204,106,2024-12-30 01:46:17.482440
03323,0000,1204,106,2024-12-30 01:46:17.498431
15448,0000,1204,106,2024-12-30 01:46:17.514436
23833,0000,1204,106,2024-12-30 01:46:17.530430
03020,0000,1204,106,2024-12-30 01:46:17.546426
02848,0001,1204,106,2024-12-30 01:46:17.562431
02149,0000,1204,106,2024-12-30 01:46:17.594259
07681,0000,1204,106,2024-12-30 01:46:17.610420
02580,0000,1204,106,2024-12-30 01:46:17.626411
40607,0000,1204,106,2024-12-30 01:46:17.642413
04739,0000,1204,106,2024-12-30 01:46:17.658405
17127,0000,1204,106,2024-12-30 01:46:17.674406
03715,0000,1204,106,2024-12-30 01:46:17.690406
11576,0000,1204,106,2024-12-30 01:46:17.706408
29604,0000,1204,106,2024-12-30 01:46:17.722394
22135,0000,1204,106,2024-12-30 01:46:17.753915
00575,0000,1204,106,2024-12-30 01:46:17.770380
28871,0000,1204,106,2024-12-30 01:46:17.786389
01299,0000,1204,106,2024-12-30 01:46:17.802379
31842,0000,1204,106,2024-12-30 01:46:17.818374
03706,0000,1204,106,2024-12-30 01:46:17.834363
17797,0000,1204,106,2024-12-30 01:46:17.850365
33578,0000,1205,106,2024-12-30 01:46:17.866366
22016,0000,1204,106,2024-12-30 01:46:17.882371
30034,0000,1204,106,2024-12-30 01:46:17.898363
41516,0001,1204,106,2024-12-30 01:46:17.930296
36099,0000,1204,106,2024-12-30 01:46:17.946355
58336,0000,1204,106,2024-12-30 01:46:17.962355
08713,0000,1204,106,2024-12-30 01:46:17.978349
01412,0000,1204,106,2024-12-30 01:46:17.994332
04704,0000,1204,106,2024-12-30 01:46:18.010337
03365,0000,1205,106,2024-12-30 01:46:18.026337
12867,0000,1204,106,2024-12-30 01:46:18.042328
00752,0000,1204,106,2024-12-30 01:46:18.058328
05529,0000,1205,106,2024-12-30 01:46:18.089935
33272,0000,1204,106,2024-12-30 01:46:18.106323
16769,0000,1204,106,2024-12-30 01:46:18.122327
03039,0000,1205,106,2024-12-30 01:46:18.138315
05390,0000,1204,106,2024-12-30 01:46:18.154312
06224,0000,1204,106,2024-12-30 01:46:18.170304
54241,0000,1204,106,2024-12-30 01:46:18.186302
05455,0000,1204,106,2024-12-30 01:46:18.202299
21159,0000,1204,106,2024-12-30 01:46:18.218300
45524,0000,1204,106,2024-12-30 01:46:18.234298
00371,0000,1204,106,2024-12-30 01:46:18.266307
00694,0000,1204,106,2024-12-30 01:46:18.282295
31028,0000,1204,106,2024-12-30 01:46:18.298277
02589,0000,1205,106,2024-12-30 01:46:18.314282
04478,0000,1205,106,2024-12-30 01:46:18.330275
28246,0000,1205,106,2024-12-30 01:46:18.346286
14667,0000,1205,106,2024-12-30 01:46:18.362282
58289,0000,1204,106,2024-12-30 01:46:18.378266
05846,0000,1204,106,2024-12-30 01:46:18.394264
03815,0000,1204,106,2024-12-30 01:46:18.425962
03547,0000,1204,106,2024-12-30 01:46:18.442262
03182,0000,1204,106,2024-12-30 01:46:18.458248
45450,0000,1204,106,2024-12-30 01:46:18.474252
02906,0000,1205,106,2024-12-30 01:46:18.490251
01912,0000,1204,106,2024-12-30 01:46:18.506233
02873,0000,1204,106,2024-12-30 01:46:18.522237
35517,0000,1204,106,2024-12-30 01:46:18.538235
18730,0000,1205,106,2024-12-30 01:46:18.554233
19451,0000,1204,106,2024-12-30 01:46:18.585599
22507,0000,1205,106,2024-12-30 01:46:18.602222
29491,0000,1204,106,2024-12-30 01:46:18.618221
02910,0000,1204,106,2024-12-30 01:46:18.634214
04575,0000,1204,106,2024-12-30 01:46:18.650221
48965,0000,1204,106,2024-12-30 01:46:18.666212
23548,0000,1204,106,2024-12-30 01:46:18.682211
30223,0000,1204,106,2024-12-30 01:46:18.698206
23638,0000,1204,106,2024-12-30 01:46:18.714207
03745,0000,1205,106,2024-12-30 01:46:18.730196
09834,0000,1204,106,2024-12-30 01:46:18.762011
02799,0000,1204,106,2024-12-30 01:46:18.778186
01549,0000,1204,106,2024-12-30 01:46:18.794188
21160,0000,1204,106,2024-12-30 01:46:18.810188
03829,0000,1204,106,2024-12-30 01:46:18.826184
05279,0000,1205,106,2024-12-30 01:46:18.842178
01480,0000,1204,106,2024-12-30 01:46:18.858176
46643,0000,1204,106,2024-12-30 01:46:18.874179
05329,0000,1204,106,2024-12-30 01:46:18.890179
01073,0000,1205,106,2024-12-30 01:46:18.921622
05121,0000,1204,106,2024-12-30 01:46:18.938161
23311,0000,1205,106,2024-12-30 01:46:18.954157
04552,0000,1204,106,2024-12-30 01:46:18.970155
44880,0000,1205,106,2024-12-30 01:46:18.986152
04460,0000,1204,106,2024-12-30 01:46:19.002146
13070,0000,1204,106,2024-12-30 01:46:19.018146
01524,0000,1204,106,2024-12-30 01:46:19.034138
42506,0000,1205,106,2024-12-30 01:46:19.050139
14852,0000,1205,106,2024-12-30 01:46:19.066138
07600,0000,1204,106,2024-12-30 01:46:19.097999
05130,0000,1205,106,2024-12-30 01:46:19.114132
05114,0000,1204,106,2024-12-30 01:46:19.130131
10972,0000,1205,106,2024-12-30 01:46:19.146133
27077,0000,1205,106,2024-12-30 01:46:19.162127
00553,0000,1205,106,2024-12-30 01:46:19.178130
00145,0000,1205,106,2024-12-30 01:46:19.194129
17594,0000,1204,106,2024-12-30 01:46:19.210134
15867,0000,1205,106,2024-12-30 01:46:19.226134
54324,0000,1205,106,2024-12-30 01:46:19.257686
38537,0000,1204,106,2024-12-30 01:46:19.274135
00510,0000,1205,106,2024-12-30 01:46:19.290137
05049,0000,1205,106,2024-12-30 01:46:19.306145
06196,0000,1204,106,2024-12-30 01:46:19.322143
05444,0001,1204,106,2024-12-30 01:46:19.338146
17517,0000,1205,106,2024-12-30 01:46:19.354078
57503,0000,1205,106,2024-12-30 01:46:19.370084
29465,0000,1205,106,2024-12-30 01:46:19.386072
13806,0001,1205,106,2024-12-30 01:46:19.402071
04233,0000,1205,106,2024-12-30 01:46:19.434027
04610,0000,1204,106,2024-12-30 01:46:19.450061
00319,0000,1205,106,2024-12-30 01:46:19.466061
56854,0000,1205,106,2024-12-30 01:46:19.482056
31669,0000,1205,106,2024-12-30 01:46:19.498060
03149,0000,1205,106,2024-12-30 01:46:19.514048
13881,0000,1204,106,2024-12-30 01:46:19.530050
42345,0000,1205,106,2024-12-30 01:46:19.546054
00402,0000,1205,106,2024-12-30 01:46:19.562037
20232,0000,1205,106,2024-12-30 01:46:19.593680
04583,0001,1205,106,2024-12-30 01:46:19.610034
30850,0000,1204,106,2024-12-30 01:46:19.626025
04627,0000,1205,106,2024-12-30 01:46:19.642022
13037,0001,1205,106,2024-12-30 01:46:19.658021
02816,0000,1205,106,2024-12-30 01:46:19.674027
02264,0000,1205,106,2024-12-30 01:46:19.690018
23936,0000,1205,106,2024-12-30 01:46:19.706014
57492,0001,1205,106,2024-12-30 01:46:19.722007
00701,0000,1204,106,2024-12-30 01:46:19.753320
03909,0000,1205,106,2024-12-30 01:46:19.770001
01488,0000,1205,106,2024-12-30 01:46:19.785990
63292,0000,1205,106,2024-12-30 01:46:19.802002
10539,0000,1205,106,2024-12-30 01:46:19.817993
02249,0000,1205,106,2024-12-30 01:46:19.833980
46438,0000,1205,106,2024-12-30 01:46:19.849982
44613,0000,1205,106,2024-12-30 01:46:19.865976
28002,0000,1205,106,2024-12-30 01:46:19.881978
29189,0000,1204,106,2024-12-30 01:46:19.897971
36182,0000,1205,106,2024-12-30 01:46:19.929729
01405,0000,1205,106,2024-12-30 01:46:19.945983
39277,0000,1205,106,2024-12-30 01:46:19.961961
00461,0000,1205,106,2024-12-30 01:46:19.977965
01753,0000,1205,106,2024-12-30 01:46:19.993955
02276,0000,1205,106,2024-12-30 01:46:20.009954
19863,0000,1205,106,2024-12-30 01:46:20.025955
03832,0000,1205,106,2024-12-30 01:46:20.041949
05455,0000,1204,106,2024-12-30 01:46:20.057960
33296,0001,1205,106,2024-12-30 01:46:20.089344
03003,0000,1205,106,2024-12-30 01:46:20.105932
02823,0000,1205,106,2024-12-30 01:46:20.121929
46674,0000,1205,106,2024-12-30 01:46:20.137924
17950,0000,1205,106,2024-12-30 01:46:20.153922
60054,0000,1205,106,2024-12-30 01:46:20.169918
03032,0000,1205,106,2024-12-30 01:46:20.185914
06843,0000,1205,106,2024-12-30 01:46:20.201908
11336,0000,1204,106,2024-12-30 01:46:20.217908
01971,0000,1205,106,2024-12-30 01:46:20.233910
03014,0000,1205,106,2024-12-30 01:46:20.265724
39411,0000,1205,106,2024-12-30 01:46:20.281903
02346,0000,1205,106,2024-12-30 01:46:20.297898
48321,0000,1205,106,2024-12-30 01:46:20.313908
05852,0000,1205,106,2024-12-30 01:46:20.329904
14018,0000,1205,106,2024-12-30 01:46:20.345885
06495,0000,1205,106,2024-12-30 01:46:20.361884
11838,0000,1205,106,2024-12-30 01:46:20.377877
23387,0000,1205,106,2024-12-30 01:46:20.393883
00914,0000,1205,106,2024-12-30 01:46:20.425367
43468,0000,1205,106,2024-12-30 01:46:20.441870
20874,0000,1205,106,2024-12-30 01:46:20.457875
13301,0000,1205,106,2024-12-30 01:46:20.473858
13783,0000,1205,106,2024-12-30 01:46:20.489867
07780,0000,1205,106,2024-12-30 01:46:20.505867
21811,0000,1205,106,2024-12-30 01:46:20.521870
04663,0000,1205,106,2024-12-30 01:46:20.537862
05339,0000,1205,106,2024-12-30 01:46:20.553860
17505,0000,1205,106,2024-12-30 01:46:20.569842
46654,0000,1205,106,2024-12-30 01:46:20.601763
12596,0000,1205,106,2024-12-30 01:46:20.617839
01433,0000,1205,106,2024-12-30 01:46:20.633830
23795,0000,1205,106,2024-12-30 01:46:20.649834
56500,0000,1205,106,2024-12-30 01:46:20.665824
04679,0000,1205,106,2024-12-30 01:46:20.681815
02658,0000,1205,106,2024-12-30 01:46:20.697821
37661,0000,1204,106,2024-12-30 01:46:20.713824
12408,0000,1205,106,2024-12-30 01:46:20.729827
48789,0000,1205,106,2024-12-30 01:46:20.761399
05219,0000,1205,106,2024-12-30 01:46:20.777798
23098,0000,1205,106,2024-12-30 01:46:20.793793
02143,0000,1205,106,2024-12-30 01:46:20.809789
23543,0000,1205,106,2024-12-30 01:46:20.825787
16125,0000,1205,106,2024-12-30 01:46:20.841792
51512,0000,1205,106,2024-12-30 01:46:20.857779
00933,0000,1205,106,2024-12-30 01:46:20.873785
02133,0000,1205,106,2024-12-30 01:46:20.889778
24848,0000,1205,106,2024-12-30 01:46:20.905786
23585,0000,1205,106,2024-12-30 01:46:20.937772
04281,0000,1205,106,2024-12-30 01:46:20.953765
10797,0000,1205,106,2024-12-30 01:46:20.969773
00576,0000,1205,106,2024-12-30 01:46:20.985767
04609,0000,1205,106,2024-12-30 01:46:21.001756
05500,0000,1205,106,2024-12-30 01:46:21.017755
01495,0000,1205,106,2024-12-30 01:46:21.033750
12935,0000,1205,106,2024-12-30 01:46:21.049741
62462,0000,1205,106,2024-12-30 01:46:21.065745
04252,0000,1205,106,2024-12-30 01:46:21.097421
02943,0000,1205,106,2024-12-30 01:46:21.113750
27305,0000,1205,106,2024-12-30 01:46:21.129733
05420,0000,1205,106,2024-12-30 01:46:21.145733
28900,0000,1205,106,2024-12-30 01:46:21.161729
03689,0000,1205,106,2024-12-30 01:46:21.177734
64461,0000,1205,106,2024-12-30 01:46:21.193719
11603,0000,1205,106,2024-12-30 01:46:21.209719
04689,0000,1205,106,2024-12-30 01:46:21.225720
03584,0000,1205,106,2024-12-30 01:46:21.257062
01357,0000,1205,106,2024-12-30 01:46:21.273714
40263,0000,1205,106,2024-12-30 01:46:21.289695
35270,0000,1205,106,2024-12-30 01:46:21.305713
05077,0000,1205,106,2024-12-30 01:46:21.321694
05216,0000,1205,106,2024-12-30 01:46:21.337693
26497,0000,1205,106,2024-12-30 01:46:21.353699
13055,0000,1205,106,2024-12-30 01:46:21.369692
20233,0001,1205,106,2024-12-30 01:46:21.385689
02769,0000,1206,106,2024-12-30 01:46:21.401683
26120,0000,1205,106,2024-12-30 01:46:21.433442
10802,0000,1205,106,2024-12-30 01:46:21.449669
22265,0000,1205,106,2024-12-30 01:46:21.465660
01416,0000,1206,106,2024-12-30 01:46:21.481667
27806,0000,1205,106,2024-12-30 01:46:21.497674
02295,0000,1205,106,2024-12-30 01:46:21.513674
29353,0000,1205,106,2024-12-30 01:46:21.529656
28484,0000,1205,106,2024-12-30 01:46:21.545653
29420,0000,1205,106,2024-12-30 01:46:21.561650
32919,0000,1205,106,2024-12-30 01:46:21.593066
00745,0000,1205,106,2024-12-30 01:46:21.609647
56871,0000,1205,106,2024-12-30 01:46:21.625635
17749,0000,1205,106,2024-12-30 01:46:21.641632
32347,0000,1205,106,2024-12-30 01:46:21.657638
03040,0000,1205,106,2024-12-30 01:46:21.673630
48107,0000,1205,106,2024-12-30 01:46:21.689628
01494,0000,1205,106,2024-12-30 01:46:21.705618
05389,0000,1205,106,2024-12-30 01:46:21.721627
17433,0000,1205,106,2024-12-30 01:46:21.737634
11686,0000,1206,106,2024-12-30 01:46:21.769462
04584,0000,1205,106,2024-12-30 01:46:21.785609
18572,0000,1205,106,2024-12-30 01:46:21.801601
03803,0001,1205,106,2024-12-30 01:46:21.817601
13339,0000,1205,106,2024-12-30 01:46:21.833595
05274,0000,1205,106,2024-12-30 01:46:21.849597
02627,0000,1206,106,2024-12-30 01:46:21.865590
05314,0000,1205,106,2024-12-30 01:46:21.881594
14158,0000,1205,106,2024-12-30 01:46:21.897595
36082,0000,1205,106,2024-12-30 01:46:21.929102
28694,0000,1205,106,2024-12-30 01:46:21.945571
00763,0000,1205,106,2024-12-30 01:46:21.961576
63266,0000,1205,106,2024-12-30 01:46:21.977567
02222,0000,1206,106,2024-12-30 01:46:21.993566
01893,0000,1206,106,2024-12-30 01:46:22.009557
03743,0000,1206,106,2024-12-30 01:46:22.025564
23416,0000,1205,106,2024-12-30 01:46:22.041551
00463,0000,1205,106,2024-12-30 01:46:22.057546
01956,0000,1205,106,2024-12-30 01:46:22.073543
11732,0001,1205,106,2024-12-30 01:46:22.105500
07697,0000,1205,106,2024-12-30 01:46:22.121541
01751,0000,1205,106,2024-12-30 01:46:22.137536
25576,0000,1205,106,2024-12-30 01:46:22.153534
02386,0000,1205,106,2024-12-30 01:46:22.169531
01577,0000,1205,106,2024-12-30 01:46:22.185528
28489,0000,1206,106,2024-12-30 01:46:22.201521
03745,0000,1205,106,2024-12-30 01:46:22.217520
01407,0000,1206,106,2024-12-30 01:46:22.233518
30236,0000,1205,106,2024-12-30 01:46:22.265146
04939,0000,1205,106,2024-12-30 01:46:22.281511
09305,0001,1205,106,2024-12-30 01:46:22.297508
36279,0000,1205,106,2024-12-30 01:46:22.313509
14400,0000,1205,106,2024-12-30 01:46:22.329516
03734,0000,1205,106,2024-12-30 01:46:22.345514
02189,0000,1205,106,2024-12-30 01:46:22.361516
01990,0000,1206,106,2024-12-30 01:46:22.377516
04645,0000,1206,106,2024-12-30 01:46:22.393522
03830,0000,1205,106,2024-12-30 01:46:22.409530
04625,0000,1205,106,2024-12-30 01:46:22.441532
23815,0000,1205,106,2024-12-30 01:46:22.457534
48197,0000,1206,106,2024-12-30 01:46:22.473533
01382,0000,1206,106,2024-12-30 01:46:22.489465
03716,0000,1206,106,2024-12-30 01:46:22.505464
16899,0001,1206,106,2024-12-30 01:46:22.521459
12112,0000,1205,106,2024-12-30 01:46:22.537459
24180,0000,1206,106,2024-12-30 01:46:22.553452
18273,0000,1205,106,2024-12-30 01:46:22.569456
55730,0001,1206,106,2024-12-30 01:46:22.601165
00485,0001,1206,106,2024-12-30 01:46:22.617439
07662,0000,1205,106,2024-12-30 01:46:22.633434
30014,0000,1205,106,2024-12-30 01:46:22.649427
03058,0000,1205,106,2024-12-30 01:46:22.665432
44043,0000,1206,106,2024-12-30 01:46:22.681438
38481,0000,1206,106,2024-12-30 01:46:22.697424
51533,0000,1205,106,2024-12-30 01:46:22.713425
33914,0000,1206,106,2024-12-30 01:46:22.729414
24680,0000,1205,106,2024-12-30 01:46:22.760820
20194,0000,1206,106,2024-12-30 01:46:22.777417
03296,0001,1205,106,2024-12-30 01:46:22.793412
23939,0000,1206,106,2024-12-30 01:46:22.809399
03695,0000,1206,106,2024-12-30 01:46:22.825402
01482,0001,1206,106,2024-12-30 01:46:22.841403
53085,0000,1205,106,2024-12-30 01:46:22.857393
25685,0000,1205,106,2024-12-30 01:46:22.873385
02682,0000,1206,106,2024-12-30 01:46:22.889390
04407,0000,1206,106,2024-12-30 01:46:22.905385
39989,0000,1206,106,2024-12-30 01:46:22.937195
28132,0000,1205,106,2024-12-30 01:46:22.953373
14354,0000,1205,106,2024-12-30 01:46:22.969369
21645,0000,1206,106,2024-12-30 01:46:22.985366
02249,0001,1205,106,2024-12-30 01:46:23.001357
27199,0000,1205,106,2024-12-30 01:46:23.017360
41651,0000,1206,106,2024-12-30 01:46:23.033351
18320,0000,1206,106,2024-12-30 01:46:23.049364
58969,0000,1206,106,2024-12-30 01:46:23.065362
00659,0000,1206,106,2024-12-30 01:46:23.096842
10628,0000,1206,106,2024-12-30 01:46:23.113346
29606,0000,1206,106,2024-12-30 01:46:23.129351
02903,0000,1206,106,2024-12-30 01:46:23.145334
15388,0000,1206,106,2024-12-30 01:46:23.161339
62810,0000,1206,106,2024-12-30 01:46:23.177337
25742,0000,1206,106,2024-12-30 01:46:23.193336
03829,0000,1206,106,2024-12-30 01:46:23.209329
15407,0000,1206,106,2024-12-30 01:46:23.225327
02702,0000,1205,106,2024-12-30 01:46:23.241338
47996,0001,1206,106,2024-12-30 01:46:23.273227
10727,0000,1206,106,2024-12-30 01:46:23.289308
20686,0000,1205,106,2024-12-30 01:46:23.305300
16279,0000,1206,106,2024-12-30 01:46:23.321308
00424,0000,1206,106,2024-12-30 01:46:23.337295
17789,0000,1206,106,2024-12-30 01:46:23.353298
04426,0000,1206,106,2024-12-30 01:46:23.369289
18671,0000,1206,106,2024-12-30 01:46:23.385288
00505,0000,1206,106,2024-12-30 01:46:23.401289
13052,0000,1206,106,2024-12-30 01:46:23.432862
05216,0000,1206,106,2024-12-30 01:46:23.449284
12467,0000,1206,106,2024-12-30 01:46:23.465285
41712,0000,1206,106,2024-12-30 01:46:23.481266
01335,0000,1206,106,2024-12-30 01:46:23.497268
05187,0000,1205,106,2024-12-30 01:46:23.513259
08469,0000,1206,106,2024-12-30 01:46:23.529261
04269,0000,1206,106,2024-12-30 01:46:23.545261
14413,0000,1206,106,2024-12-30 01:46:23.561258
18263,0000,1206,106,2024-12-30 01:46:23.577258
03518,0000,1206,106,2024-12-30 01:46:23.609244
02268,0000,1206,106,2024-12-30 01:46:23.625244
17149,0000,1206,106,2024-12-30 01:46:23.641246
22978,0000,1206,106,2024-12-30 01:46:23.657240
03979,0000,1206,106,2024-12-30 01:46:23.673239
11746,0000,1206,106,2024-12-30 01:46:23.689232
04041,0001,1206,106,2024-12-30 01:46:23.705232
08437,0000,1206,106,2024-12-30 01:46:23.721222
09162,0000,1206,106,2024-12-30 01:46:23.737233
05331,0000,1206,106,2024-12-30 01:46:23.768870
12462,0000,1206,106,2024-12-30 01:46:23.785211
31006,0000,1205,106,2024-12-30 01:46:23.801211
16257,0000,1206,106,2024-12-30 01:46:23.817208
04679,0000,1206,106,2024-12-30 01:46:23.833209
18330,0000,1206,106,2024-12-30 01:46:23.849212
22469,0000,1206,106,2024-12-30 01:46:23.865193
00126,0000,1206,106,2024-12-30 01:46:23.881190
04565,0000,1206,106,2024-12-30 01:46:23.897185
03064,0000,1206,106,2024-12-30 01:46:23.928508
06010,0000,1206,106,2024-12-30 01:46:23.945181
64209,0000,1206,106,2024-12-30 01:46:23.961175
22659,0001,1206,106,2024-12-30 01:46:23.977180
03709,0000,1206,106,2024-12-30 01:46:23.993167
53072,0000,1206,106,2024-12-30 01:46:24.009169
12186,0001,1206,106,2024-12-30 01:46:24.025159
44780,0000,1206,106,2024-12-30 01:46:24.041161
30295,0000,1206,106,2024-12-30 01:46:24.057158
17524,0000,1206,106,2024-12-30 01:46:24.073159
04688,0000,1206,106,2024-12-30 01:46:24.104905
43058,0000,1206,106,2024-12-30 01:46:24.121151
49642,0000,1206,106,2024-12-30 01:46:24.137149
35455,0000,1206,106,2024-12-30 01:46:24.153146
07714,0000,1206,106,2024-12-30 01:46:24.169147
32075,0000,1206,106,2024-12-30 01:46:24.185139
01215,0000,1206,106,2024-12-30 01:46:24.201131
22307,0000,1206,106,2024-12-30 01:46:24.217135
00611,0000,1206,106,2024-12-30 01:46:24.233133
26665,0000,1206,106,2024-12-30 01:46:24.264527
33807,0000,1206,106,2024-12-30 01:46:24.281118
03778,0000,1206,106,2024-12-30 01:46:24.297112
45405,0000,1206,106,2024-12-30 01:46:24.313126
30317,0000,1206,106,2024-12-30 01:46:24.329116
00937,0000,1206,106,2024-12-30 01:46:24.345107
45832,0000,1206,106,2024-12-30 01:46:24.361105
28510,0000,1206,106,2024-12-30 01:46:24.377111
04397,0000,1206,106,2024-12-30 01:46:24.393101
03010,0000,1206,106,2024-12-30 01:46:24.409096
27139,0000,1206,106,2024-12-30 01:46:24.440930
02356,0000,1206,106,2024-12-30 01:46:24.457085
06326,0000,1206,106,2024-12-30 01:46:24.473086
05387,0000,1206,106,2024-12-30 01:46:24.489076
32228,0000,1206,106,2024-12-30 01:46:24.505079
61929,0000,1206,106,2024-12-30 01:46:24.521071
05318,0000,1206,106,2024-12-30 01:46:24.537076
01066,0000,1206,106,2024-12-30 01:46:24.553068
20341,0000,1206,106,2024-12-30 01:46:24.569279
02639,0000,1206,106,2024-12-30 01:46:24.600576
30310,0001,1206,106,2024-12-30 01:46:24.617052
45511,0000,1206,106,2024-12-30 01:46:24.633052
58419,0000,1206,106,2024-12-30 01:46:24.649056
12165,0000,1206,106,2024-12-30 01:46:24.665036
13931,0000,1206,106,2024-12-30 01:46:24.681038
37713,0000,1206,106,2024-12-30 01:46:24.697033
01430,0000,1206,106,2024-12-30 01:46:24.713030
01777,0000,1206,106,2024-12-30 01:46:24.729024
01914,0000,1206,106,2024-12-30 01:46:24.745038
23689,0000,1206,106,2024-12-30 01:46:24.776977
12671,0001,1206,106,2024-12-30 01:46:24.793018
04627,0000,1206,106,2024-12-30 01:46:24.809016
13315,0000,1206,106,2024-12-30 01:46:24.825012
00641,0000,1206,106,2024-12-30 01:46:24.841008
01423,0000,1206,106,2024-12-30 01:46:24.857006
58535,0000,1206,106,2024-12-30 01:46:24.873000
06052,0000,1207,106,2024-12-30 01:46:24.889002
30122,0001,1206,106,2024-12-30 01:46:24.904991
00611,0000,1206,106,2024-12-30 01:46:24.936584
00351,0000,1206,106,2024-12-30 01:46:24.952987
34742,0001,1206,106,2024-12-30 01:46:24.968979
57268,0001,1206,106,2024-12-30 01:46:24.984985
00655,0000,1206,106,2024-12-30 01:46:25.000977
02944,0000,1206,106,2024-12-30 01:46:25.016977
16680,0000,1206,106,2024-12-30 01:46:25.032983
44049,0000,1206,106,2024-12-30 01:46:25.048974
03029,0000,1206,106,2024-12-30 01:46:25.064959
23707,0000,1206,106,2024-12-30 01:46:25.080951
01746,0000,1206,106,2024-12-30 01:46:25.112959
53236,0000,1206,106,2024-12-30 01:46:25.128952
26509,0000,1206,106,2024-12-30 01:46:25.144954
09317,0000,1206,106,2024-12-30 01:46:25.160958
02783,0000,1206,106,2024-12-30 01:46:25.176943
36138,0000,1206,106,2024-12-30 01:46:25.192942
34593,0000,1206,106,2024-12-30 01:46:25.208946
02290,0000,1206,106,2024-12-30 01:46:25.224934
34666,0000,1206,106,2024-12-30 01:46:25.240955
02899,0001,1206,106,2024-12-30 01:46:25.272628
00150,0000,1207,106,2024-12-30 01:46:25.288920
29496,0000,1206,106,2024-12-30 01:46:25.304922
62758,0000,1206,106,2024-12-30 01:46:25.320923
03405,0000,1206,106,2024-12-30 01:46:25.336908
18121,0000,1206,106,2024-12-30 01:46:25.352908
04628,0000,1206,106,2024-12-30 01:46:25.368905
19294,0000,1206,106,2024-12-30 01:46:25.384906
04634,0001,1206,106,2024-12-30 01:46:25.400899
22452,0000,1206,106,2024-12-30 01:46:25.432276
03771,0000,1206,106,2024-12-30 01:46:25.448907
01334,0000,1207,106,2024-12-30 01:46:25.464902
24727,0000,1206,106,2024-12-30 01:46:25.480914
28144,0000,1206,106,2024-12-30 01:46:25.496917
01062,0000,1206,106,2024-12-30 01:46:25.512913
55903,0000,1206,106,2024-12-30 01:46:25.528910
04601,0000,1206,106,2024-12-30 01:46:25.544914
35217,0000,1206,106,2024-12-30 01:46:25.560912
04680,0000,1206,106,2024-12-30 01:46:25.576920
14102,0000,1206,106,2024-12-30 01:46:25.608692
36722,0000,1206,106,2024-12-30 01:46:25.624923
41598,0000,1206,106,2024-12-30 01:46:25.640852
03899,0000,1206,106,2024-12-30 01:46:25.656853
00648,0000,1206,106,2024-12-30 01:46:25.672841
21347,0000,1206,106,2024-12-30 01:46:25.688843
23911,0000,1206,106,2024-12-30 01:46:25.704839
01760,0000,1206,106,2024-12-30 01:46:25.720827
01242,0000,1207,106,2024-12-30 01:46:25.736833
31007,0000,1206,106,2024-12-30 01:46:25.768289
09244,0000,1206,106,2024-12-30 01:46:25.784822
50798,0001,1206,106,2024-12-30 01:46:25.800821
03909,0000,1207,106,2024-12-30 01:46:25.816824
49107,0000,1206,106,2024-12-30 01:46:25.832808
18019,0000,1206,106,2024-12-30 01:46:25.848817
07344,0000,1207,106,2024-12-30 01:46:25.864809
05265,0000,1206,106,2024-12-30 01:46:25.880812
13845,0000,1207,106,2024-12-30 01:46:25.896796
24828,0000,1207,106,2024-12-30 01:46:25.912802
60212,0000,1206,106,2024-12-30 01:46:25.944695
01334,0000,1206,106,2024-12-30 01:46:25.960784
13194,0000,1207,106,2024-12-30 01:46:25.976786
10055,0000,1207,106,2024-12-30 01:46:25.992780
49169,0000,1206,106,2024-12-30 01:46:26.008780
18751,0000,1206,106,2024-12-30 01:46:26.024781
04561,0000,1207,106,2024-12-30 01:46:26.040780
26921,0000,1206,106,2024-12-30 01:46:26.056771
06267,0000,1207,106,2024-12-30 01:46:26.072778
05156,0000,1206,106,2024-12-30 01:46:26.104327
63555,0000,1207,106,2024-12-30 01:46:26.120767
02744,0000,1207,106,2024-12-30 01:46:26.136768
21091,0001,1207,106,2024-12-30 01:46:26.152758
38671,0000,1207,106,2024-12-30 01:46:26.168757
03271,0000,1206,106,2024-12-30 01:46:26.184752
12411,0000,1206,106,2024-12-30 01:46:26.200753
05225,0000,1207,106,2024-12-30 01:46:26.216755
05081,0000,1207,106,2024-12-30 01:46:26.232736
15663,0000,1207,106,2024-12-30 01:46:26.248764
20569,0000,1207,106,2024-12-30 01:46:26.280720
55604,0000,1207,106,2024-12-30 01:46:26.296729
22471,0000,1207,106,2024-12-30 01:46:26.312732
23238,0000,1207,106,2024-12-30 01:46:26.328728
04790,0000,1206,106,2024-12-30 01:46:26.344729
02418,0000,1207,106,2024-12-30 01:46:26.360721
02113,0000,1207,106,2024-12-30 01:46:26.376719
05380,0000,1206,106,2024-12-30 01:46:26.392717
02141,0000,1207,106,2024-12-30 01:46:26.408713
24978,0000,1206,106,2024-12-30 01:46:26.440372
11846,0000,1207,106,2024-12-30 01:46:26.456696
03045,0000,1207,106,2024-12-30 01:46:26.472695
04648,0000,1207,106,2024-12-30 01:46:26.488689
31678,0000,1207,106,2024-12-30 01:46:26.504691
01971,0000,1206,106,2024-12-30 01:46:26.520697
01771,0000,1207,106,2024-12-30 01:46:26.536713
05411,0000,1207,106,2024-12-30 01:46:26.552695
03093,0000,1207,106,2024-12-30 01:46:26.568685
24937,0000,1207,106,2024-12-30 01:46:26.600011
49152,0000,1207,106,2024-12-30 01:46:26.616680
03635,0000,1207,106,2024-12-30 01:46:26.632656
00616,0000,1206,106,2024-12-30 01:46:26.648672
01926,0000,1207,106,2024-12-30 01:46:26.664660
21918,0000,1207,106,2024-12-30 01:46:26.680665
13326,0000,1207,106,2024-12-30 01:46:26.696661
06209,0000,1207,106,2024-12-30 01:46:26.712657
51686,0000,1207,106,2024-12-30 01:46:26.728649
00996,0000,1206,106,2024-12-30 01:46:26.744656
07402,0000,1207,106,2024-12-30 01:46:26.776390
64939,0000,1207,106,2024-12-30 01:46:26.792638
14065,0000,1207,106,2024-12-30 01:46:26.808626
01407,0000,1207,106,2024-12-30 01:46:26.824629
02010,0000,1207,106,2024-12-30 01:46:26.840613
22343,0000,1207,106,2024-12-30 01:46:26.856626
03727,0000,1207,106,2024-12-30 01:46:26.872615
04354,0001,1207,106,2024-12-30 01:46:26.888617
26339,0000,1207,106,2024-12-30 01:46:26.904613
02880,0000,1207,106,2024-12-30 01:46:26.936007
05489,0000,1207,106,2024-12-30 01:46:26.952604
04668,0000,1207,106,2024-12-30 01:46:26.968598
16002,0000,1207,106,2024-12-30 01:46:26.984601
55886,0000,1207,106,2024-12-30 01:46:27.000603
01455,0000,1207,106,2024-12-30 01:46:27.016592
02756,0000,1207,106,2024-12-30 01:46:27.032583
03017,0000,1207,106,2024-12-30 01:46:27.048576
01025,0000,1207,106,2024-12-30 01:46:27.064581
10124,0000,1206,106,2024-12-30 01:46:27.080578
31565,0000,1207,106,2024-12-30 01:46:27.112405
05413,0000,1206,106,2024-12-30 01:46:27.128573
06753,0000,1207,106,2024-12-30 01:46:27.144566
33812,0000,1207,106,2024-12-30 01:46:27.160565
00300,0000,1207,106,2024-12-30 01:46:27.176557
20984,0000,1207,106,2024-12-30 01:46:27.192560
24815,0000,1207,106,2024-12-30 01:46:27.208548
02869,0000,1207,106,2024-12-30 01:46:27.224548
04384,0000,1207,106,2024-12-30 01:46:27.240562
08487,0000,1207,106,2024-12-30 01:46:27.272048
20229,0000,1207,106,2024-12-30 01:46:27.288536
02093,0000,1207,106,2024-12-30 01:46:27.304539
28629,0000,1207,106,2024-12-30 01:46:27.320527
03807,0000,1206,106,2024-12-30 01:46:27.336533
17525,0000,1207,106,2024-12-30 01:46:27.352530
19712,0000,1207,106,2024-12-30 01:46:27.368525
04599,0000,1207,106,2024-12-30 01:46:27.384523
03282,0000,1207,106,2024-12-30 01:46:27.400530
47093,0000,1207,106,2024-12-30 01:46:27.416508
23935,0000,1207,106,2024-12-30 01:46:27.448435
06136,0000,1207,106,2024-12-30 01:46:27.464507
03841,0000,1207,106,2024-12-30 01:46:27.480503
01467,0000,1207,106,2024-12-30 01:46:27.496505
47395,0000,1207,106,2024-12-30 01:46:27.512502
00691,0000,1207,106,2024-12-30 01:46:27.528502
02754,0000,1207,106,2024-12-30 01:46:27.544491
36200,0000,1207,106,2024-12-30 01:46:27.560483
01513,0000,1207,106,2024-12-30 01:46:27.576483
00302,0000,1207,106,2024-12-30 01:46:27.608068
03311,0000,1207,106,2024-12-30 01:46:27.624469
55992,0000,1207,106,2024-12-30 01:46:27.640470
10144,0000,1207,106,2024-12-30 01:46:27.656463
32403,0000,1207,106,2024-12-30 01:46:27.672468
03801,0001,1207,106,2024-12-30 01:46:27.688453
16347,0001,1207,106,2024-12-30 01:46:27.704460
03318,0000,1207,106,2024-12-30 01:46:27.720450
32363,0000,1207,106,2024-12-30 01:46:27.736457
33917,0000,1207,106,2024-12-30 01:46:27.752455
01528,0000,1207,106,2024-12-30 01:46:27.784449
04269,0000,1207,106,2024-12-30 01:46:27.800435
03727,0000,1207,106,2024-12-30 01:46:27.816435
01688,0000,1207,106,2024-12-30 01:46:27.832435
13718,0000,1207,106,2024-12-30 01:46:27.848430
05414,0000,1207,106,2024-12-30 01:46:27.864422
30826,0000,1207,106,2024-12-30 01:46:27.880422
06366,0001,1207,106,2024-12-30 01:46:27.896418
38628,0000,1207,106,2024-12-30 01:46:27.912424
16426,0000,1207,106,2024-12-30 01:46:27.944110
03430,0000,1207,106,2024-12-30 01:46:27.960404
03573,0000,1207,106,2024-12-30 01:46:27.976404
19474,0000,1207,106,2024-12-30 01:46:27.992398
09161,0000,1207,106,2024-12-30 01:46:28.008400
11081,0001,1207,106,2024-12-30 01:46:28.024386
20619,0000,1207,106,2024-12-30 01:46:28.040391
29408,0000,1207,106,2024-12-30 01:46:28.056384
26044,0000,1207,106,2024-12-30 01:46:28.072389
27301,0000,1207,106,2024-12-30 01:46:28.103733
00200,0000,1207,106,2024-12-30 01:46:28.120367
08611,0000,1207,106,2024-12-30 01:46:28.136381
47163,0000,1207,106,2024-12-30 01:46:28.152366
23871,0000,1207,106,2024-12-30 01:46:28.168374
04359,0000,1207,106,2024-12-30 01:46:28.184377
04662,0000,1207,106,2024-12-30 01:46:28.200366
05419,0000,1207,106,2024-12-30 01:46:28.216357
04770,0000,1207,106,2024-12-30 01:46:28.232348
02898,0000,1207,106,2024-12-30 01:46:28.248367
39340,0000,1207,106,2024-12-30 01:46:28.280142
54031,0000,1207,106,2024-12-30 01:46:28.296343
28463,0000,1207,106,2024-12-30 01:46:28.312364
04019,0000,1207,106,2024-12-30 01:46:28.328331
02956,0000,1207,106,2024-12-30 01:46:28.344338
04510,0000,1207,106,2024-12-30 01:46:28.360326
08438,0000,1207,106,2024-12-30 01:46:28.376326
11253,0000,1207,106,2024-12-30 01:46:28.392318
05440,0000,1207,106,2024-12-30 01:46:28.408324
15201,0001,1207,106,2024-12-30 01:46:28.439771
00979,0000,1207,106,2024-12-30 01:46:28.456304
10157,0000,1207,106,2024-12-30 01:46:28.472304
23186,0000,1207,106,2024-12-30 01:46:28.488297
04408,0000,1207,106,2024-12-30 01:46:28.504291
00876,0000,1207,106,2024-12-30 01:46:28.520292
40890,0000,1207,106,2024-12-30 01:46:28.536285
03819,0000,1207,106,2024-12-30 01:46:28.552287
02262,0000,1207,106,2024-12-30 01:46:28.568290
52545,0000,1208,106,2024-12-30 01:46:28.584302
13614,0000,1207,106,2024-12-30 01:46:28.616152
44755,0000,1207,106,2024-12-30 01:46:28.632299
03723,0000,1207,106,2024-12-30 01:46:28.648350
20448,0000,1207,106,2024-12-30 01:46:28.664306
00750,0000,1207,106,2024-12-30 01:46:28.680314
56708,0000,1207,106,2024-12-30 01:46:28.696311
05263,0000,1207,106,2024-12-30 01:46:28.712310
19224,0000,1207,106,2024-12-30 01:46:28.728310
04076,0000,1207,106,2024-12-30 01:46:28.744324
44150,0000,1207,106,2024-12-30 01:46:28.775760
02708,0000,1207,106,2024-12-30 01:46:28.792250
05361,0000,1207,106,2024-12-30 01:46:28.808243
17269,0000,1207,106,2024-12-30 01:46:28.824243
03680,0000,1207,106,2024-12-30 01:46:28.840237
04899,0000,1207,106,2024-12-30 01:46:28.856235
58579,0000,1207,106,2024-12-30 01:46:28.872228
15476,0000,1207,106,2024-12-30 01:46:28.888232
61899,0000,1207,106,2024-12-30 01:46:28.904224
05266,0000,1207,106,2024-12-30 01:46:28.920226
04654,0000,1207,106,2024-12-30 01:46:28.952176
25598,0000,1207,106,2024-12-30 01:46:28.968216
01567,0001,1207,106,2024-12-30 01:46:28.984202
60997,0000,1207,106,2024-12-30 01:46:29.000199
58512,0000,1207,106,2024-12-30 01:46:29.016192
00536,0000,1207,106,2024-12-30 01:46:29.032206
04586,0000,1207,106,2024-12-30 01:46:29.048192
05455,0000,1207,106,2024-12-30 01:46:29.064197
23438,0001,1207,106,2024-12-30 01:46:29.080193
28545,0000,1207,106,2024-12-30 01:46:29.111813
30055,0000,1207,106,2024-12-30 01:46:29.128172
14237,0000,1207,106,2024-12-30 01:46:29.144178
36148,0000,1207,106,2024-12-30 01:46:29.160161
14719,0000,1207,106,2024-12-30 01:46:29.176170
14480,0000,1207,106,2024-12-30 01:46:29.192161
02063,0000,1207,106,2024-12-30 01:46:29.208157
03912,0001,1207,106,2024-12-30 01:46:29.224155
02697,0000,1207,106,2024-12-30 01:46:29.240182
26934,0000,1207,106,2024-12-30 01:46:29.256159
03089,0000,1208,106,2024-12-30 01:46:29.288149
13876,0000,1207,106,2024-12-30 01:46:29.304160
01484,0000,1207,106,2024-12-30 01:46:29.320149
03050,0000,1207,106,2024-12-30 01:46:29.336149
44688,0000,1207,106,2024-12-30 01:46:29.352151
04469,0000,1207,106,2024-12-30 01:46:29.368126
02235,0000,1208,106,2024-12-30 01:46:29.384131
05154,0000,1208,106,2024-12-30 01:46:29.400125
40143,0000,1207,106,2024-12-30 01:46:29.416128
00943,0000,1207,106,2024-12-30 01:46:29.447841
05378,0000,1207,106,2024-12-30 01:46:29.464120
02983,0000,1207,106,2024-12-30 01:46:29.480113
04532,0000,1207,106,2024-12-30 01:46:29.496105
04198,0001,1207,106,2024-12-30 01:46:29.512105
08627,0000,1208,106,2024-12-30 01:46:29.528101
14007,0000,1207,106,2024-12-30 01:46:29.544092
06044,0000,1207,106,2024-12-30 01:46:29.560096
03771,0001,1207,106,2024-12-30 01:46:29.576086
05086,0000,1207,106,2024-12-30 01:46:29.607495
04689,0000,1208,106,2024-12-30 01:46:29.624083
18039,0000,1207,106,2024-12-30 01:46:29.640073
09746,0000,1207,106,2024-12-30 01:46:29.656077
40242,0001,1207,106,2024-12-30 01:46:29.672073
01430,0000,1207,106,2024-12-30 01:46:29.688069
27806,0000,1208,106,2024-12-30 01:46:29.704066
26782,0000,1207,106,2024-12-30 01:46:29.720062
02737,0000,1207,106,2024-12-30 01:46:29.736065
17900,0000,1207,106,2024-12-30 01:46:29.752059
01436,0000,1208,106,2024-12-30 01:46:29.783872
04598,0000,1207,106,2024-12-30 01:46:29.800040
03810,0000,1208,106,2024-12-30 01:46:29.816039
01937,0000,1208,106,2024-12-30 01:46:29.832036
03547,0000,1208,106,2024-12-30 01:46:29.848035
06836,0000,1207,106,2024-12-30 01:46:29.864036
38725,0000,1208,106,2024-12-30 01:46:29.880023
05436,0000,1208,106,2024-12-30 01:46:29.896026
42265,0000,1207,106,2024-12-30 01:46:29.912018
13160,0000,1207,106,2024-12-30 01:46:29.943510
38651,0000,1208,106,2024-12-30 01:46:29.960024
22439,0000,1208,106,2024-12-30 01:46:29.976005
01834,0000,1207,106,2024-12-30 01:46:29.992012
30059,0000,1208,106,2024-12-30 01:46:30.008009
15579,0001,1208,106,2024-12-30 01:46:30.024007
12978,0000,1208,106,2024-12-30 01:46:30.040000
02947,0000,1208,106,2024-12-30 01:46:30.056004
03486,0000,1208,106,2024-12-30 01:46:30.071990
04619,0000,1208,106,2024-12-30 01:46:30.087992
20298,0000,1207,106,2024-12-30 01:46:30.119893
04667,0000,1208,106,2024-12-30 01:46:30.135990
05397,0000,1207,106,2024-12-30 01:46:30.151972
02302,0000,1207,106,2024-12-30 01:46:30.167975
01169,0000,1208,106,2024-12-30 01:46:30.183963
37920,0000,1208,106,2024-12-30 01:46:30.199975
01207,0000,1208,106,2024-12-30 01:46:30.215959
18589,0000,1208,106,2024-12-30 01:46:30.231961
02958,0000,1208,106,2024-12-30 01:46:30.247981
18514,0000,1208,106,2024-12-30 01:46:30.279533
36951,0000,1208,106,2024-12-30 01:46:30.295949
05085,0000,1208,106,2024-12-30 01:46:30.311943
27158,0000,1207,106,2024-12-30 01:46:30.327935
02114,0000,1208,106,2024-12-30 01:46:30.343936
08558,0000,1207,106,2024-12-30 01:46:30.359930
03888,0000,1208,106,2024-12-30 01:46:30.375936
47254,0000,1208,106,2024-12-30 01:46:30.391925
26334,0000,1208,106,2024-12-30 01:46:30.407927
10131,0000,1208,106,2024-12-30 01:46:30.423917
03073,0000,1208,106,2024-12-30 01:46:30.455918
50664,0000,1207,106,2024-12-30 01:46:30.471917
00689,0000,1208,106,2024-12-30 01:46:30.487903
24929,0000,1208,106,2024-12-30 01:46:30.503901
45478,0000,1208,106,2024-12-30 01:46:30.519906
23188,0000,1208,106,2024-12-30 01:46:30.535894
03627,0000,1208,106,2024-12-30 01:46:30.551894
05326,0000,1208,106,2024-12-30 01:46:30.567890
01338,0000,1208,106,2024-12-30 01:46:30.583896
22817,0000,1208,106,2024-12-30 01:46:30.615559
56631,0000,1208,106,2024-12-30 01:46:30.631889
49022,0000,1208,106,2024-12-30 01:46:30.647890
09367,0000,1208,106,2024-12-30 01:46:30.663879
55937,0000,1208,106,2024-12-30 01:46:30.679875
10857,0000,1208,106,2024-12-30 01:46:30.695867
05386,0000,1208,106,2024-12-30 01:46:30.711874
48898,0000,1208,106,2024-12-30 01:46:30.727863
27483,0000,1208,106,2024-12-30 01:46:30.743875
31708,0000,1208,106,2024-12-30 01:46:30.775194
25597,0001,1208,106,2024-12-30 01:46:30.791852
00030,0000,1208,106,2024-12-30 01:46:30.807854
05265,0000,1208,106,2024-12-30 01:46:30.823846
03861,0000,1207,106,2024-12-30 01:46:30.839845
18444,0000,1208,106,2024-12-30 01:46:30.855837
19781,0000,1208,106,2024-12-30 01:46:30.871840
18814,0000,1208,106,2024-12-30 01:46:30.887841
04346,0000,1208,106,2024-12-30 01:46:30.903839
04477,0000,1208,106,2024-12-30 01:46:30.919842
51328,0000,1208,106,2024-12-30 01:46:30.951575
23684,0000,1208,106,2024-12-30 01:46:30.967818
04538,0000,1208,106,2024-12-30 01:46:30.983807
00259,0000,1208,106,2024-12-30 01:46:30.999816
03549,0000,1208,106,2024-12-30 01:46:31.015813
03206,0000,1208,106,2024-12-30 01:46:31.031810
05251,0000,1208,106,2024-12-30 01:46:31.047815
02816,0000,1208,106,2024-12-30 01:46:31.063803
19431,0000,1208,106,2024-12-30 01:46:31.079797
06230,0000,1208,106,2024-12-30 01:46:31.111217
17658,0000,1208,106,2024-12-30 01:46:31.127788
05346,0001,1208,106,2024-12-30 01:46:31.143775
46649,0000,1208,106,2024-12-30 01:46:31.159785
50758,0000,1208,106,2024-12-30 01:46:31.175773
23132,0000,1208,106,2024-12-30 01:46:31.191774
47866,0000,1208,106,2024-12-30 01:46:31.207768
21067,0000,1208,106,2024-12-30 01:46:31.223764
04683,0000,1208,106,2024-12-30 01:46:31.239779
44809,0000,1208,106,2024-12-30 01:46:31.255771
32136,0000,1208,106,2024-12-30 01:46:31.287601
03819,0001,1208,106,2024-12-30 01:46:31.303758
00541,0000,1208,106,2024-12-30 01:46:31.319761
04837,0000,1208,106,2024-12-30 01:46:31.335744
07688,0000,1208,106,2024-12-30 01:46:31.351743
52296,0000,1208,106,2024-12-30 01:46:31.367733
53948,0001,1208,106,2024-12-30 01:46:31.383743
07885,0000,1208,106,2024-12-30 01:46:31.399732
04795,0000,1208,106,2024-12-30 01:46:31.415738
59059,0000,1208,106,2024-12-30 01:46:31.447252
23114,0000,1208,106,2024-12-30 01:46:31.463720
02850,0000,1208,106,2024-12-30 01:46:31.479724
21613,0000,1208,106,2024-12-30 01:46:31.495716
10857,0000,1208,106,2024-12-30 01:46:31.511718
04577,0000,1208,106,2024-12-30 01:46:31.527711
18487,0000,1208,106,2024-12-30 01:46:31.543700
04512,0000,1208,106,2024-12-30 01:46:31.559700
40238,0000,1208,106,2024-12-30 01:46:31.575694
28424,0000,1208,106,2024-12-30 01:46:31.591695
22465,0000,1208,106,2024-12-30 01:46:31.623634
04658,0000,1208,106,2024-12-30 01:46:31.639686
18576,0000,1208,106,2024-12-30 01:46:31.655690
04461,0000,1208,106,2024-12-30 01:46:31.671674
04551,0000,1208,106,2024-12-30 01:46:31.687677
49638,0000,1208,106,2024-12-30 01:46:31.703680
00832,0000,1208,106,2024-12-30 01:46:31.719681
02258,0000,1208,106,2024-12-30 01:46:31.735686
01841,0000,1208,106,2024-12-30 01:46:31.751701
02232,0000,1208,106,2024-12-30 01:46:31.783292
20132,0000,1208,106,2024-12-30 01:46:31.799699
03859,0000,1208,106,2024-12-30 01:46:31.815706
33827,0000,1208,106,2024-12-30 01:46:31.831696
29245,0000,1208,106,2024-12-30 01:46:31.847699
21917,0000,1208,106,2024-12-30 01:46:31.863703
01425,0000,1208,106,2024-12-30 01:46:31.879702
29450,0000,1208,106,2024-12-30 01:46:31.895705
05446,0000,1208,106,2024-12-30 01:46:31.911636
27050,0000,1208,106,2024-12-30 01:46:31.927632
13959,0000,1208,106,2024-12-30 01:46:31.959630
34009,0000,1208,106,2024-12-30 01:46:31.975624
16702,0000,1208,106,2024-12-30 01:46:31.991627
39259,0000,1208,106,2024-12-30 01:46:32.007617
03292,0000,1208,106,2024-12-30 01:46:32.023611
09909,0000,1208,106,2024-12-30 01:46:32.039610
09287,0000,1208,106,2024-12-30 01:46:32.055616
04425,0000,1208,106,2024-12-30 01:46:32.071610
02472,0000,1208,106,2024-12-30 01:46:32.087608
04597,0000,1208,106,2024-12-30 01:46:32.119295
22735,0000,1208,106,2024-12-30 01:46:32.135595
09268,0000,1208,106,2024-12-30 01:46:32.151587
34607,0000,1208,106,2024-12-30 01:46:32.167590
22232,0000,1208,106,2024-12-30 01:46:32.183574
31087,0000,1208,106,2024-12-30 01:46:32.199573
25185,0000,1208,106,2024-12-30 01:46:32.215581
04852,0000,1208,106,2024-12-30 01:46:32.231586
14729,0000,1208,106,2024-12-30 01:46:32.247583
21085,0000,1208,106,2024-12-30 01:46:32.278934
01490,0000,1208,106,2024-12-30 01:46:32.295561
09242,0000,1208,106,2024-12-30 01:46:32.311571
26552,0000,1209,106,2024-12-30 01:46:32.327556
15182,0000,1208,106,2024-12-30 01:46:32.343557
02158,0000,1208,106,2024-12-30 01:46:32.359550
06261,0000,1208,106,2024-12-30 01:46:32.375545
03966,0000,1208,106,2024-12-30 01:46:32.391538
23062,0000,1208,106,2024-12-30 01:46:32.407538
25726,0000,1208,106,2024-12-30 01:46:32.423535
29493,0000,1208,106,2024-12-30 01:46:32.455317
10937,0000,1209,106,2024-12-30 01:46:32.471533
03749,0001,1208,106,2024-12-30 01:46:32.487535
00693,0000,1208,106,2024-12-30 01:46:32.503512
44876,0000,1208,106,2024-12-30 01:46:32.519522
38407,0000,1208,106,2024-12-30 01:46:32.535525
28625,0001,1208,106,2024-12-30 01:46:32.551531
62703,0000,1208,106,2024-12-30 01:46:32.567517
03617,0000,1208,106,2024-12-30 01:46:32.583515
54793,0000,1208,106,2024-12-30 01:46:32.614954
03409,0000,1208,106,2024-12-30 01:46:32.631495
30160,0000,1208,106,2024-12-30 01:46:32.647493
27409,0000,1208,106,2024-12-30 01:46:32.663490
01874,0000,1208,106,2024-12-30 01:46:32.679494
21816,0000,1208,106,2024-12-30 01:46:32.695487
07616,0000,1208,106,2024-12-30 01:46:32.711478
04465,0000,1208,106,2024-12-30 01:46:32.727476
29561,0000,1208,106,2024-12-30 01:46:32.743480
12349,0001,1209,106,2024-12-30 01:46:32.759463
59008,0000,1208,106,2024-12-30 01:46:32.791353
01836,0000,1208,106,2024-12-30 01:46:32.807449
04502,0000,1208,106,2024-12-30 01:46:32.823451
16478,0000,1209,106,2024-12-30 01:46:32.839445
03529,0000,1209,106,2024-12-30 01:46:32.855457
09951,0000,1208,106,2024-12-30 01:46:32.871454
02877,0000,1209,106,2024-12-30 01:46:32.887450
16367,0000,1208,106,2024-12-30 01:46:32.903443
30265,0000,1208,106,2024-12-30 01:46:32.919438
01249,0000,1209,106,2024-12-30 01:46:32.950967
03629,0000,1208,106,2024-12-30 01:46:32.967431
20071,0000,1208,106,2024-12-30 01:46:32.983426
30173,0000,1209,106,2024-12-30 01:46:32.999421
05463,0000,1208,106,2024-12-30 01:46:33.015415
09276,0000,1208,106,2024-12-30 01:46:33.031419
05428,0000,1209,106,2024-12-30 01:46:33.047405
39410,0000,1208,106,2024-12-30 01:46:33.063406
28058,0000,1209,106,2024-12-30 01:46:33.079405
02195,0000,1208,106,2024-12-30 01:46:33.095404
03109,0000,1208,106,2024-12-30 01:46:33.127382
32372,0000,1209,106,2024-12-30 01:46:33.143405
01673,0001,1209,106,2024-12-30 01:46:33.159393
03808,0001,1208,106,2024-12-30 01:46:33.175385
04586,0000,1208,106,2024-12-30 01:46:33.191387
01951,0000,1208,106,2024-12-30 01:46:33.207374
05441,0000,1208,106,2024-12-30 01:46:33.223376
48948,0000,1209,106,2024-12-30 01:46:33.239387
43157,0000,1209,106,2024-12-30 01:46:33.255376
16334,0000,1208,106,2024-12-30 01:46:33.287014
13092,0000,1209,106,2024-12-30 01:46:33.303369
01374,0000,1209,106,2024-12-30 01:46:33.319356
53322,0000,1208,106,2024-12-30 01:46:33.335360
11261,0000,1208,106,2024-12-30 01:46:33.351353
03977,0000,1208,106,2024-12-30 01:46:33.367355
11616,0000,1209,106,2024-12-30 01:46:33.383356
01189,0000,1208,106,2024-12-30 01:46:33.399351
34694,0000,1208,106,2024-12-30 01:46:33.415342
33204,0000,1208,106,2024-12-30 01:46:33.431343
04531,0000,1208,106,2024-12-30 01:46:33.463341
03447,0000,1208,106,2024-12-30 01:46:33.479331
54716,0000,1209,106,2024-12-30 01:46:33.495337
47428,0000,1209,106,2024-12-30 01:46:33.511323
00071,0000,1209,106,2024-12-30 01:46:33.527325
17279,0000,1209,106,2024-12-30 01:46:33.543320
31139,0000,1208,106,2024-12-30 01:46:33.559314
39131,0000,1208,106,2024-12-30 01:46:33.575311
03053,0000,1208,106,2024-12-30 01:46:33.591316
01320,0000,1209,106,2024-12-30 01:46:33.623034
39102,0000,1209,106,2024-12-30 01:46:33.639302
29436,0000,1209,106,2024-12-30 01:46:33.655305
23395,0000,1209,106,2024-12-30 01:46:33.671303
03166,0000,1208,106,2024-12-30 01:46:33.687288
04512,0000,1209,106,2024-12-30 01:46:33.703287
02151,0000,1209,106,2024-12-30 01:46:33.719279
03907,0000,1209,106,2024-12-30 01:46:33.735277
21363,0000,1209,106,2024-12-30 01:46:33.751282
35612,0000,1209,106,2024-12-30 01:46:33.782680
19135,0000,1209,106,2024-12-30 01:46:33.799266
10925,0000,1209,106,2024-12-30 01:46:33.815273
01495,0000,1209,106,2024-12-30 01:46:33.831265
13793,0000,1209,106,2024-12-30 01:46:33.847266
27692,0000,1209,106,2024-12-30 01:46:33.863260
31163,0000,1209,106,2024-12-30 01:46:33.879257
11072,0000,1209,106,2024-12-30 01:46:33.895255
43027,0000,1209,106,2024-12-30 01:46:33.911251
10013,0001,1209,106,2024-12-30 01:46:33.927246
15623,0000,1209,106,2024-12-30 01:46:33.959070
04443,0000,1209,106,2024-12-30 01:46:33.975241
01667,0000,1209,106,2024-12-30 01:46:33.991227
04903,0000,1208,106,2024-12-30 01:46:34.007229
03258,0000,1209,106,2024-12-30 01:46:34.023227
04712,0000,1209,106,2024-12-30 01:46:34.039223
04265,0000,1209,106,2024-12-30 01:46:34.055223
03817,0000,1209,106,2024-12-30 01:46:34.071207
03828,0000,1209,106,2024-12-30 01:46:34.087212
00905,0000,1208,106,2024-12-30 01:46:34.118702
24628,0000,1209,106,2024-12-30 01:46:34.135208
01029,0000,1208,106,2024-12-30 01:46:34.151198
01476,0000,1209,106,2024-12-30 01:46:34.167194
60031,0000,1209,106,2024-12-30 01:46:34.183195
53948,0000,1209,106,2024-12-30 01:46:34.199185
04076,0000,1209,106,2024-12-30 01:46:34.215184
11427,0000,1209,106,2024-12-30 01:46:34.231182
25799,0000,1209,106,2024-12-30 01:46:34.247210
05462,0000,1209,106,2024-12-30 01:46:34.263178
31631,0000,1209,106,2024-12-30 01:46:34.295084
02076,0000,1209,106,2024-12-30 01:46:34.311168
03163,0000,1209,106,2024-12-30 01:46:34.327160
24394,0000,1209,106,2024-12-30 01:46:34.343176
05221,0000,1209,106,2024-12-30 01:46:34.359157
37782,0000,1209,106,2024-12-30 01:46:34.375157
41630,0000,1209,106,2024-12-30 01:46:34.391156
03973,0000,1209,106,2024-12-30 01:46:34.407144
03805,0000,1209,106,2024-12-30 01:46:34.423148
23741,0000,1209,106,2024-12-30 01:46:34.454724
02737,0000,1209,106,2024-12-30 01:46:34.471137
26557,0000,1209,106,2024-12-30 01:46:34.487129
07094,0000,1208,106,2024-12-30 01:46:34.503133
49169,0000,1209,106,2024-12-30 01:46:34.519130
02278,0000,1209,106,2024-12-30 01:46:34.535122
24076,0000,1209,106,2024-12-30 01:46:34.551125
21184,0000,1209,106,2024-12-30 01:46:34.567125
04609,0000,1209,106,2024-12-30 01:46:34.583126
04522,0000,1209,106,2024-12-30 01:46:34.599112
37785,0000,1209,106,2024-12-30 01:46:34.631105
56801,0000,1209,106,2024-12-30 01:46:34.647108
12294,0000,1209,106,2024-12-30 01:46:34.663099
15735,0000,1209,106,2024-12-30 01:46:34.679104
17087,0000,1209,106,2024-12-30 01:46:34.695095
58443,0000,1209,106,2024-12-30 01:46:34.711100
39129,0000,1209,106,2024-12-30 01:46:34.727099
01197,0000,1209,106,2024-12-30 01:46:34.743112
10613,0000,1209,106,2024-12-30 01:46:34.759097
27799,0000,1209,106,2024-12-30 01:46:34.790752
03001,0000,1209,106,2024-12-30 01:46:34.807078
05206,0000,1209,106,2024-12-30 01:46:34.823071
31539,0000,1209,106,2024-12-30 01:46:34.839080
49907,0000,1209,106,2024-12-30 01:46:34.855088
18055,0000,1209,106,2024-12-30 01:46:34.871083
02087,0000,1209,106,2024-12-30 01:46:34.887083
00548,0000,1209,106,2024-12-30 01:46:34.903085
22546,0000,1209,106,2024-12-30 01:46:34.919088
02499,0000,1209,106,2024-12-30 01:46:34.950417
00712,0000,1209,106,2024-12-30 01:46:34.967084
04400,0000,1209,106,2024-12-30 01:46:34.983090
03893,0000,1209,106,2024-12-30 01:46:34.999092
05380,0000,1209,106,2024-12-30 01:46:35.015093
17424,0000,1209,106,2024-12-30 01:46:35.031093
04690,0000,1209,106,2024-12-30 01:46:35.047028
01529,0000,1209,106,2024-12-30 01:46:35.063022
05274,0000,1209,106,2024-12-30 01:46:35.079017
00688,0000,1209,106,2024-12-30 01:46:35.095015
22318,0000,1209,106,2024-12-30 01:46:35.126776
49699,0000,1209,106,2024-12-30 01:46:35.143009
23879,0000,1209,106,2024-12-30 01:46:35.159008
23347,0001,1209,106,2024-12-30 01:46:35.175002
05528,0000,1209,106,2024-12-30 01:46:35.191001
00778,0000,1209,106,2024-12-30 01:46:35.206992
00107,0001,1209,106,2024-12-30 01:46:35.222999
14402,0000,1209,106,2024-12-30 01:46:35.239019
04515,0000,1209,106,2024-12-30 01:46:35.254990
49843,0000,1209,106,2024-12-30 01:46:35.286422
03483,0000,1209,106,2024-12-30 01:46:35.302985
57751,0000,1209,106,2024-12-30 01:46:35.318971
02668,0000,1209,106,2024-12-30 01:46:35.334977
48335,0000,1209,106,2024-12-30 01:46:35.350972
07209,0000,1209,106,2024-12-30 01:46:35.366963
15848,0000,1209,106,2024-12-30 01:46:35.382967
02132,0000,1209,106,2024-12-30 01:46:35.398966
07240,0000,1209,106,2024-12-30 01:46:35.414969
20984,0000,1209,106,2024-12-30 01:46:35.430954
22949,0000,1209,106,2024-12-30 01:46:35.462807
19503,0000,1209,106,2024-12-30 01:46:35.478945
03036,0000,1209,106,2024-12-30 01:46:35.494932
25452,0000,1209,106,2024-12-30 01:46:35.510937
14515,0000,1209,106,2024-12-30 01:46:35.526930
41478,0000,1209,106,2024-12-30 01:46:35.542929
55734,0000,1209,106,2024-12-30 01:46:35.558920
03626,0000,1209,106,2024-12-30 01:46:35.574925
04527,0000,1209,106,2024-12-30 01:46:35.590913
61941,0000,1209,106,2024-12-30 01:46:35.622449
02075,0000,1209,106,2024-12-30 01:46:35.638905
09635,0000,1209,106,2024-12-30 01:46:35.654906
02505,0000,1209,106,2024-12-30 01:46:35.670899
10842,0000,1209,106,2024-12-30 01:46:35.686906
03073,0000,1209,106,2024-12-30 01:46:35.702893
47149,0000,1209,106,2024-12-30 01:46:35.718898
04020,0000,1209,106,2024-12-30 01:46:35.734896
04649,0000,1209,106,2024-12-30 01:46:35.750905
17136,0000,1209,106,2024-12-30 01:46:35.766880
12963,0000,1209,106,2024-12-30 01:46:35.798831
02175,0000,1209,106,2024-12-30 01:46:35.814881
48862,0000,1209,106,2024-12-30 01:46:35.830878
02293,0000,1209,106,2024-12-30 01:46:35.846876
51331,0000,1209,106,2024-12-30 01:46:35.862869
05495,0000,1209,106,2024-12-30 01:46:35.878860
09218,0000,1209,106,2024-12-30 01:46:35.894867
01480,0000,1209,106,2024-12-30 01:46:35.910852
04099,0000,1209,106,2024-12-30 01:46:35.926857
22654,0000,1209,106,2024-12-30 01:46:35.958467
03743,0000,1210,106,2024-12-30 01:46:35.974847
09166,0000,1209,106,2024-12-30 01:46:35.990845
27270,0000,1209,106,2024-12-30 01:46:36.006852
00577,0000,1209,106,2024-12-30 01:46:36.022852
05243,0000,1209,106,2024-12-30 01:46:36.038834
02326,0000,1209,106,2024-12-30 01:46:36.054829
04276,0001,1209,106,2024-12-30 01:46:36.070833
02285,0000,1209,106,2024-12-30 01:46:36.086827
30259,0000,1209,106,2024-12-30 01:46:36.102819
00893,0000,1209,106,2024-12-30 01:46:36.134823
47917,0000,1209,106,2024-12-30 01:46:36.150811
52352,0000,1209,106,2024-12-30 01:46:36.166810
25727,0000,1209,106,2024-12-30 01:46:36.182804
10148,0000,1209,106,2024-12-30 01:46:36.198807
01057,0000,1209,106,2024-12-30 01:46:36.214801
18699,0000,1209,106,2024-12-30 01:46:36.230798
05359,0000,1209,106,2024-12-30 01:46:36.246809
01796,0000,1209,106,2024-12-30 01:46:36.262800
05408,0000,1209,106,2024-12-30 01:46:36.294512
18479,0000,1209,106,2024-12-30 01:46:36.310801
02830,0000,1209,106,2024-12-30 01:46:36.326786
05283,0000,1209,106,2024-12-30 01:46:36.342769
13284,0000,1209,106,2024-12-30 01:46:36.358764
04331,0000,1209,106,2024-12-30 01:46:36.374770
22558,0000,1209,106,2024-12-30 01:46:36.390767
10819,0000,1209,106,2024-12-30 01:46:36.406772
02050,0000,1209,106,2024-12-30 01:46:36.422755
27922,0000,1209,106,2024-12-30 01:46:36.454141
01309,0001,1209,106,2024-12-30 01:46:36.470751
01505,0000,1209,106,2024-12-30 01:46:36.486750
17573,0000,1210,106,2024-12-30 01:46:36.502741
02140,0000,1209,106,2024-12-30 01:46:36.518744
14672,0000,1209,106,2024-12-30 01:46:36.534749
05267,0001,1209,106,2024-12-30 01:46:36.550736
03720,0000,1209,106,2024-12-30 01:46:36.566742
24935,0000,1210,106,2024-12-30 01:46:36.582734
29797,0000,1210,106,2024-12-30 01:46:36.598725
49208,0000,1209,106,2024-12-30 01:46:36.630523
03029,0000,1209,106,2024-12-30 01:46:36.646716
00607,0000,1209,106,2024-12-30 01:46:36.662712
24932,0000,1209,106,2024-12-30 01:46:36.678709
01627,0000,1209,106,2024-12-30 01:46:36.694701
28831,0000,1209,106,2024-12-30 01:46:36.710703
04455,0000,1210,106,2024-12-30 01:46:36.726701
49151,0000,1209,106,2024-12-30 01:46:36.742710
44536,0000,1209,106,2024-12-30 01:46:36.758692
11703,0000,1210,106,2024-12-30 01:46:36.790164
02286,0000,1210,106,2024-12-30 01:46:36.806678
37040,0000,1210,106,2024-12-30 01:46:36.822686
12990,0000,1209,106,2024-12-30 01:46:36.838679
10868,0000,1209,106,2024-12-30 01:46:36.854676
20785,0000,1210,106,2024-12-30 01:46:36.870671
10030,0000,1210,106,2024-12-30 01:46:36.886666
48166,0000,1210,106,2024-12-30 01:46:36.902659
40756,0000,1209,106,2024-12-30 01:46:36.918887
40622,0000,1210,106,2024-12-30 01:46:36.934669
23038,0000,1209,106,2024-12-30 01:46:36.966571
52602,0000,1209,106,2024-12-30 01:46:36.982655
02233,0000,1209,106,2024-12-30 01:46:36.998649
39346,0000,1210,106,2024-12-30 01:46:37.014648
24637,0000,1209,106,2024-12-30 01:46:37.030641
04684,0000,1209,106,2024-12-30 01:46:37.046640
36907,0000,1210,106,2024-12-30 01:46:37.062642
66677,0000,1210,106,2024-12-30 01:46:37.078636
02247,0000,1209,106,2024-12-30 01:46:37.094632
01207,0000,1210,106,2024-12-30 01:46:37.126177
13852,0000,1209,106,2024-12-30 01:46:37.142622
17213,0001,1210,106,2024-12-30 01:46:37.158618
02112,0000,1209,106,2024-12-30 01:46:37.174617
03359,0000,1210,106,2024-12-30 01:46:37.190617
63384,0000,1210,106,2024-12-30 01:46:37.206603
63258,0000,1210,106,2024-12-30 01:46:37.222604
05361,0000,1210,106,2024-12-30 01:46:37.238623
01415,0000,1210,106,2024-12-30 01:46:37.254600
01148,0000,1210,106,2024-12-30 01:46:37.270596
03087,0000,1210,106,2024-12-30 01:46:37.302604
15564,0000,1209,106,2024-12-30 01:46:37.318588
05420,0001,1210,106,2024-12-30 01:46:37.334584
05414,0000,1210,106,2024-12-30 01:46:37.350580
01707,0000,1210,106,2024-12-30 01:46:37.366579
35190,0000,1210,106,2024-12-30 01:46:37.382561
03735,0000,1210,106,2024-12-30 01:46:37.398569
12434,0000,1210,106,2024-12-30 01:46:37.414559
25047,0000,1210,106,2024-12-30 01:46:37.430561
05363,0000,1209,106,2024-12-30 01:46:37.462217
04562,0000,1210,106,2024-12-30 01:46:37.478563
03005,0000,1210,106,2024-12-30 01:46:37.494551
02167,0001,1210,106,2024-12-30 01:46:37.510548
52205,0000,1210,106,2024-12-30 01:46:37.526550
31687,0000,1210,106,2024-12-30 01:46:37.542550
01040,0000,1210,106,2024-12-30 01:46:37.558543
30459,0000,1210,106,2024-12-30 01:46:37.574546
03777,0001,1210,106,2024-12-30 01:46:37.590534
25031,0000,1210,106,2024-12-30 01:46:37.621859
01023,0000,1210,106,2024-12-30 01:46:37.638516
01473,0000,1210,106,2024-12-30 01:46:37.654510
02191,0000,1210,106,2024-12-30 01:46:37.670511
01262,0000,1210,106,2024-12-30 01:46:37.686515
40815,0000,1210,106,2024-12-30 01:46:37.702522
04540,0000,1210,106,2024-12-30 01:46:37.718503
39333,0000,1210,106,2024-12-30 01:46:37.734504
00902,0000,1210,106,2024-12-30 01:46:37.750503
25475,0000,1210,106,2024-12-30 01:46:37.766497
20662,0000,1209,106,2024-12-30 01:46:37.798239
12336,0000,1210,106,2024-12-30 01:46:37.814481
00732,0000,1210,106,2024-12-30 01:46:37.830485
31405,0000,1210,106,2024-12-30 01:46:37.846479
02615,0000,1210,106,2024-12-30 01:46:37.862482
03156,0000,1210,106,2024-12-30 01:46:37.878470
03019,0000,1210,106,2024-12-30 01:46:37.894472
40949,0000,1210,106,2024-12-30 01:46:37.910465
03756,0001,1210,106,2024-12-30 01:46:37.926466
11442,0000,1210,106,2024-12-30 01:46:37.957879
03875,0000,1210,106,2024-12-30 01:46:37.974456
00202,0000,1210,106,2024-12-30 01:46:37.990461
02709,0000,1210,106,2024-12-30 01:46:38.006469
03087,0000,1210,106,2024-12-30 01:46:38.022469
57253,0000,1210,106,2024-12-30 01:46:38.038466
02524,0000,1210,106,2024-12-30 01:46:38.054472
37129,0000,1210,106,2024-12-30 01:46:38.070474
03814,0000,1210,106,2024-12-30 01:46:38.086483
47066,0000,1209,106,2024-12-30 01:46:38.102484
10099,0000,1210,106,2024-12-30 01:46:38.134300
18253,0000,1210,106,2024-12-30 01:46:38.150496
01486,0000,1210,106,2024-12-30 01:46:38.166414
26755,0000,1210,106,2024-12-30 01:46:38.182408
00383,0000,1210,106,2024-12-30 01:46:38.198398
02235,0000,1210,106,2024-12-30 01:46:38.214399
08438,0000,1210,106,2024-12-30 01:46:38.230387
48781,0000,1210,106,2024-12-30 01:46:38.246416
03573,0000,1210,106,2024-12-30 01:46:38.262390
25614,0000,1210,106,2024-12-30 01:46:38.293895
27702,0000,1210,106,2024-12-30 01:46:38.310391
04267,0000,1210,106,2024-12-30 01:46:38.326380
27385,0000,1210,106,2024-12-30 01:46:38.342381
55806,0000,1210,106,2024-12-30 01:46:38.358388
25214,0000,1210,106,2024-12-30 01:46:38.374366
13798,0000,1210,106,2024-12-30 01:46:38.390369
13172,0000,1210,106,2024-12-30 01:46:38.406365
02932,0000,1210,106,2024-12-30 01:46:38.422362
01563,0000,1210,106,2024-12-30 01:46:38.438359
25182,0000,1210,106,2024-12-30 01:46:38.470282
03234,0000,1210,106,2024-12-30 01:46:38.486353
04521,0000,1210,106,2024-12-30 01:46:38.502342
25038,0000,1210,106,2024-12-30 01:46:38.518340
01413,0000,1210,106,2024-12-30 01:46:38.534337
10144,0000,1210,106,2024-12-30 01:46:38.550355
14682,0000,1210,106,2024-12-30 01:46:38.566351
01166,0000,1210,106,2024-12-30 01:46:38.582350
04638,0000,1210,106,2024-12-30 01:46:38.598333
07796,0000,1210,106,2024-12-30 01:46:38.629931
11473,0000,1210,106,2024-12-30 01:46:38.646311
05424,0000,1210,106,2024-12-30 01:46:38.662321
34465,0000,1210,106,2024-12-30 01:46:38.678302
28895,0000,1210,106,2024-12-30 01:46:38.694303
20683,0000,1210,106,2024-12-30 01:46:38.710298
01269,0000,1210,106,2024-12-30 01:46:38.726301
27282,0000,1210,106,2024-12-30 01:46:38.742312
17888,0000,1210,106,2024-12-30 01:46:38.758307
22295,0000,1210,106,2024-12-30 01:46:38.774289
40934,0000,1210,106,2024-12-30 01:46:38.806284
26627,0000,1210,106,2024-12-30 01:46:38.822282
19083,0001,1210,106,2024-12-30 01:46:38.838279
18199,0000,1210,106,2024-12-30 01:46:38.854271
36949,0000,1210,106,2024-12-30 01:46:38.870274
45665,0000,1210,106,2024-12-30 01:46:38.886261
04256,0000,1210,106,2024-12-30 01:46:38.902263
35256,0000,1210,106,2024-12-30 01:46:38.918259
37973,0000,1210,106,2024-12-30 01:46:38.934259
04526,0000,1210,106,2024-12-30 01:46:38.965938
15530,0000,1210,106,2024-12-30 01:46:38.982249
10555,0000,1210,106,2024-12-30 01:46:38.998249
09983,0000,1210,106,2024-12-30 01:46:39.014250
19148,0000,1210,106,2024-12-30 01:46:39.030251
22473,0000,1210,106,2024-12-30 01:46:39.046238
00783,0000,1210,106,2024-12-30 01:46:39.062240
37840,0000,1210,106,2024-12-30 01:46:39.078228
05832,0000,1210,106,2024-12-30 01:46:39.094233
03639,0000,1210,106,2024-12-30 01:46:39.125595
24709,0000,1210,106,2024-12-30 01:46:39.142228
00714,0000,1210,106,2024-12-30 01:46:39.158211
17282,0000,1210,106,2024-12-30 01:46:39.174216
04685,0000,1210,106,2024-12-30 01:46:39.190211
02254,0000,1210,106,2024-12-30 01:46:39.206208
02998,0000,1210,106,2024-12-30 01:46:39.222203
47197,0000,1210,106,2024-12-30 01:46:39.238221
05293,0000,1210,106,2024-12-30 01:46:39.254200
04547,0000,1210,106,2024-12-30 01:46:39.270201
29269,0000,1210,106,2024-12-30 01:46:39.301967
44909,0000,1210,106,2024-12-30 01:46:39.318177
02468,0000,1210,106,2024-12-30 01:46:39.334171
01244,0000,1210,106,2024-12-30 01:46:39.350176
44944,0000,1210,106,2024-12-30 01:46:39.366172
03053,0000,1210,106,2024-12-30 01:46:39.382168
13903,0000,1210,106,2024-12-30 01:46:39.398156
13259,0000,1210,106,2024-12-30 01:46:39.414155
00762,0000,1210,106,2024-12-30 01:46:39.430155
38399,0000,1211,106,2024-12-30 01:46:39.461609
00558,0000,1210,106,2024-12-30 01:46:39.478158
18376,0001,1210,106,2024-12-30 01:46:39.494144
04677,0000,1210,106,2024-12-30 01:46:39.510144
04611,0000,1210,106,2024-12-30 01:46:39.526145
03945,0000,1210,106,2024-12-30 01:46:39.542137
36048,0000,1210,106,2024-12-30 01:46:39.558135
15742,0000,1210,106,2024-12-30 01:46:39.574130
45786,0001,1210,106,2024-12-30 01:46:39.590131
07095,0000,1210,106,2024-12-30 01:46:39.606124
05297,0000,1210,106,2024-12-30 01:46:39.638003
03565,0000,1210,106,2024-12-30 01:46:39.654124
01554,0000,1210,106,2024-12-30 01:46:39.670107
30826,0001,1210,106,2024-12-30 01:46:39.686109
00993,0000,1210,106,2024-12-30 01:46:39.702099
03009,0000,1210,106,2024-12-30 01:46:39.718103
02606,0000,1210,106,2024-12-30 01:46:39.734097
05168,0000,1210,106,2024-12-30 01:46:39.750110
02953,0000,1211,106,2024-12-30 01:46:39.766089
04386,0000,1211,106,2024-12-30 01:46:39.797632
62688,0000,1210,106,2024-12-30 01:46:39.814088
17897,0000,1210,106,2024-12-30 01:46:39.830081
01576,0000,1210,106,2024-12-30 01:46:39.846082
22081,0000,1210,106,2024-12-30 01:46:39.862076
00107,0000,1210,106,2024-12-30 01:46:39.878068
00217,0000,1210,106,2024-12-30 01:46:39.894072
02978,0000,1210,106,2024-12-30 01:46:39.910072
00771,0000,1210,106,2024-12-30 01:46:39.926082
06957,0000,1210,106,2024-12-30 01:46:39.942060
02878,0000,1210,106,2024-12-30 01:46:39.974011
04609,0000,1210,106,2024-12-30 01:46:39.990049
15292,0000,1210,106,2024-12-30 01:46:40.006045
04888,0000,1210,106,2024-12-30 01:46:40.022041
04702,0000,1210,106,2024-12-30 01:46:40.038043
02024,0000,1210,106,2024-12-30 01:46:40.054049
03789,0000,1210,106,2024-12-30 01:46:40.070032
12017,0000,1210,106,2024-12-30 01:46:40.086036
46590,0000,1210,106,2024-12-30 01:46:40.102027
02902,0000,1211,106,2024-12-30 01:46:40.133653
54096,0000,1210,106,2024-12-30 01:46:40.150023
04482,0000,1210,106,2024-12-30 01:46:40.166015
04079,0000,1210,106,2024-12-30 01:46:40.182018
14081,0000,1210,106,2024-12-30 01:46:40.198008
02226,0000,1210,106,2024-12-30 01:46:40.214008
32436,0000,1211,106,2024-12-30 01:46:40.230001
51761,0000,1210,106,2024-12-30 01:46:40.246009
00988,0000,1210,106,2024-12-30 01:46:40.262001
08437,0000,1210,106,2024-12-30 01:46:40.293316
00645,0000,1210,106,2024-12-30 01:46:40.310002
01664,0000,1210,106,2024-12-30 01:46:40.325999
31169,0000,1210,106,2024-12-30 01:46:40.341979
36936,0000,1210,106,2024-12-30 01:46:40.357984
43173,0000,1210,106,2024-12-30 01:46:40.373980
03040,0000,1210,106,2024-12-30 01:46:40.389984
05446,0000,1211,106,2024-12-30 01:46:40.405972
08545,0000,1211,106,2024-12-30 01:46:40.421974
02599,0000,1210,106,2024-12-30 01:46:40.437976
26434,0000,1211,106,2024-12-30 01:46:40.469697
10951,0000,1211,106,2024-12-30 01:46:40.485958
06456,0000,1210,106,2024-12-30 01:46:40.501956
31447,0000,1210,106,2024-12-30 01:46:40.517957
28472,0000,1211,106,2024-12-30 01:46:40.533950
01496,0000,1210,106,2024-12-30 01:46:40.549944
40145,0000,1211,106,2024-12-30 01:46:40.565941
41740,0000,1210,106,2024-12-30 01:46:40.581932
07655,0000,1210,106,2024-12-30 01:46:40.597935
02894,0000,1210,106,2024-12-30 01:46:40.629335
06436,0000,1211,106,2024-12-30 01:46:40.645916
11617,0000,1210,106,2024-12-30 01:46:40.661930
04408,0000,1211,106,2024-12-30 01:46:40.677921
00916,0000,1210,106,2024-12-30 01:46:40.693923
05336,0000,1210,106,2024-12-30 01:46:40.709924
07773,0000,1211,106,2024-12-30 01:46:40.725919
46380,0000,1210,106,2024-12-30 01:46:40.741921
00912,0000,1210,106,2024-12-30 01:46:40.757903
03933,0000,1210,106,2024-12-30 01:46:40.773910
03097,0000,1210,106,2024-12-30 01:46:40.805721
24163,0000,1211,106,2024-12-30 01:46:40.821902
03872,0000,1210,106,2024-12-30 01:46:40.837905
58548,0000,1210,106,2024-12-30 01:46:40.853880
14901,0000,1211,106,2024-12-30 01:46:40.869896
04638,0000,1210,106,2024-12-30 01:46:40.885884
02020,0000,1211,106,2024-12-30 01:46:40.901886
05402,0000,1211,106,2024-12-30 01:46:40.917875
03733,0000,1210,106,2024-12-30 01:46:40.933877
02293,0000,1210,106,2024-12-30 01:46:40.965359
07392,0000,1210,106,2024-12-30 01:46:40.981855
03543,0000,1211,106,2024-12-30 01:46:40.997862
20161,0000,1211,106,2024-12-30 01:46:41.013849
10791,0000,1211,106,2024-12-30 01:46:41.029854
08649,0000,1210,106,2024-12-30 01:46:41.045843
16023,0000,1211,106,2024-12-30 01:46:41.061847
21082,0000,1210,106,2024-12-30 01:46:41.077842
05526,0000,1211,106,2024-12-30 01:46:41.093837
14545,0000,1210,106,2024-12-30 01:46:41.109842
28391,0000,1210,106,2024-12-30 01:46:41.141752
26379,0000,1210,106,2024-12-30 01:46:41.157849
17050,0000,1210,106,2024-12-30 01:46:41.173852
54815,0000,1211,106,2024-12-30 01:46:41.189855
02986,0000,1211,106,2024-12-30 01:46:41.205861
26071,0000,1210,106,2024-12-30 01:46:41.221854
23129,0000,1211,106,2024-12-30 01:46:41.237873
22267,0000,1211,106,2024-12-30 01:46:41.253863
10586,0000,1211,106,2024-12-30 01:46:41.269873
00941,0000,1211,106,2024-12-30 01:46:41.301366
18569,0000,1211,106,2024-12-30 01:46:41.317807
05446,0000,1211,106,2024-12-30 01:46:41.333790
01708,0000,1211,106,2024-12-30 01:46:41.349797
14003,0000,1211,106,2024-12-30 01:46:41.365787
27526,0000,1211,106,2024-12-30 01:46:41.381788
22678,0000,1211,106,2024-12-30 01:46:41.397780
56685,0000,1211,106,2024-12-30 01:46:41.413784
02777,0000,1210,106,2024-12-30 01:46:41.429772
25733,0000,1211,106,2024-12-30 01:46:41.445763
02112,0000,1211,106,2024-12-30 01:46:41.477766
18821,0000,1211,106,2024-12-30 01:46:41.493774
02480,0000,1211,106,2024-12-30 01:46:41.509750
02582,0000,1211,106,2024-12-30 01:46:41.525755
23060,0000,1211,106,2024-12-30 01:46:41.541743
04671,0000,1211,106,2024-12-30 01:46:41.557747
12058,0000,1211,106,2024-12-30 01:46:41.573741
03124,0000,1211,106,2024-12-30 01:46:41.589742
64270,0000,1211,106,2024-12-30 01:46:41.605742
67714,0000,1210,106,2024-12-30 01:46:41.637415
02751,0000,1211,106,2024-12-30 01:46:41.653724
07079,0000,1211,106,2024-12-30 01:46:41.669730
05409,0000,1211,106,2024-12-30 01:46:41.685720
53903,0000,1211,106,2024-12-30 01:46:41.701720
01341,0000,1211,106,2024-12-30 01:46:41.717733
03923,0000,1211,106,2024-12-30 01:46:41.733723
03631,0000,1211,106,2024-12-30 01:46:41.749726
00987,0000,1211,106,2024-12-30 01:46:41.765714
48273,0000,1211,106,2024-12-30 01:46:41.797057
28226,0000,1211,106,2024-12-30 01:46:41.813701
04584,0000,1211,106,2024-12-30 01:46:41.829700
04555,0000,1211,106,2024-12-30 01:46:41.845690
04517,0000,1211,106,2024-12-30 01:46:41.861694
19336,0000,1211,106,2024-12-30 01:46:41.877697
30457,0000,1211,106,2024-12-30 01:46:41.893683
16367,0000,1211,106,2024-12-30 01:46:41.909681
03148,0000,1211,106,2024-12-30 01:46:41.925675
19435,0000,1211,106,2024-12-30 01:46:41.941679
04622,0000,1211,106,2024-12-30 01:46:41.973443
18853,0000,1211,106,2024-12-30 01:46:41.989672
04993,0000,1211,106,2024-12-30 01:46:42.005667
36022,0000,1211,106,2024-12-30 01:46:42.021652
01792,0000,1211,106,2024-12-30 01:46:42.037656
44530,0000,1211,106,2024-12-30 01:46:42.053644
01554,0000,1211,106,2024-12-30 01:46:42.069652
24286,0000,1211,106,2024-12-30 01:46:42.085641
01554,0000,1211,106,2024-12-30 01:46:42.101644
36319,0000,1211,106,2024-12-30 01:46:42.133076
00637,0000,1211,106,2024-12-30 01:46:42.149635
11833,0000,1211,106,2024-12-30 01:46:42.165620
27387,0000,1211,106,2024-12-30 01:46:42.181627
34774,0000,1211,106,2024-12-30 01:46:42.197617
02955,0000,1211,106,2024-12-30 01:46:42.213625
37741,0000,1211,106,2024-12-30 01:46:42.229613
05499,0000,1210,106,2024-12-30 01:46:42.245630
16087,0000,1211,106,2024-12-30 01:46:42.261620
40852,0000,1211,106,2024-12-30 01:46:42.277606
27153,0000,1211,106,2024-12-30 01:46:42.309479
23863,0000,1211,106,2024-12-30 01:46:42.325611
18573,0000,1211,106,2024-12-30 01:46:42.341593
03637,0000,1211,106,2024-12-30 01:46:42.357595
42370,0000,1211,106,2024-12-30 01:46:42.373596
43175,0000,1211,106,2024-12-30 01:46:42.389593
03728,0000,1211,106,2024-12-30 01:46:42.405588
09416,0000,1211,106,2024-12-30 01:46:42.421579
03744,0000,1211,106,2024-12-30 01:46:42.437575
30870,0000,1211,106,2024-12-30 01:46:42.469091
37164,0000,1211,106,2024-12-30 01:46:42.485573
60862,0000,1211,106,2024-12-30 01:46:42.501559
56736,0000,1211,106,2024-12-30 01:46:42.517564
06027,0000,1211,106,2024-12-30 01:46:42.533552
21783,0000,1211,106,2024-12-30 01:46:42.549550
58443,0000,1211,106,2024-12-30 01:46:42.565543
04574,0000,1211,106,2024-12-30 01:46:42.581550
04552,0000,1211,106,2024-12-30 01:46:42.597539
11649,0000,1211,106,2024-12-30 01:46:42.613551
07551,0000,1211,106,2024-12-30 01:46:42.645503
13417,0000,1211,106,2024-12-30 01:46:42.661540
04563,0000,1211,106,2024-12-30 01:46:42.677524
01817,0000,1211,106,2024-12-30 01:46:42.693519
38426,0000,1211,106,2024-12-30 01:46:42.709517
03779,0000,1211,106,2024-12-30 01:46:42.725518
29960,0000,1211,106,2024-12-30 01:46:42.741524
19407,0000,1211,106,2024-12-30 01:46:42.757518
23784,0000,1211,106,2024-12-30 01:46:42.773522
22975,0000,1211,106,2024-12-30 01:46:42.805110
10273,0000,1211,106,2024-12-30 01:46:42.821492
00223,0000,1211,106,2024-12-30 01:46:42.837496
01395,0000,1211,106,2024-12-30 01:46:42.853486
01443,0000,1211,106,2024-12-30 01:46:42.869488
05457,0000,1211,106,2024-12-30 01:46:42.885489
25643,0000,1211,106,2024-12-30 01:46:42.901481
35361,0000,1211,106,2024-12-30 01:46:42.917475
44976,0000,1211,106,2024-12-30 01:46:42.933478
09776,0000,1211,106,2024-12-30 01:46:42.949466
01448,0000,1211,106,2024-12-30 01:46:42.981460
05332,0000,1211,106,2024-12-30 01:46:42.997458
26962,0000,1211,106,2024-12-30 01:46:43.013454
24710,0000,1211,106,2024-12-30 01:46:43.029456
24835,0000,1211,106,2024-12-30 01:46:43.045456
21407,0000,1211,106,2024-12-30 01:46:43.061458
55007,0000,1211,106,2024-12-30 01:46:43.077443
01518,0000,1211,106,2024-12-30 01:46:43.093439
03677,0000,1211,106,2024-12-30 01:46:43.109439
03773,0000,1211,106,2024-12-30 01:46:43.141161
02848,0000,1211,106,2024-12-30 01:46:43.157442
03436,0000,1211,106,2024-12-30 01:46:43.173439
03088,0000,1211,106,2024-12-30 01:46:43.189420
03057,0000,1211,106,2024-12-30 01:46:43.205419
04783,0000,1211,106,2024-12-30 01:46:43.221411
25685,0000,1211,106,2024-12-30 01:46:43.237444
30782,0000,1211,106,2024-12-30 01:46:43.253411
03804,0000,1211,106,2024-12-30 01:46:43.269415
00728,0000,1211,106,2024-12-30 01:46:43.300780
21784,0000,1211,106,2024-12-30 01:46:43.317405
36254,0000,1211,106,2024-12-30 01:46:43.333403
36258,0000,1211,106,2024-12-30 01:46:43.349390
26511,0000,1211,106,2024-12-30 01:46:43.365389
02696,0000,1211,106,2024-12-30 01:46:43.381387
05139,0000,1211,106,2024-12-30 01:46:43.397382
01896,0000,1211,106,2024-12-30 01:46:43.413380
08064,0000,1211,106,2024-12-30 01:46:43.429379
20144,0000,1211,106,2024-12-30 01:46:43.445378
03810,0000,1211,106,2024-12-30 01:46:43.477176
38385,0001,1211,106,2024-12-30 01:46:43.493367
38492,0000,1211,106,2024-12-30 01:46:43.509364
47464,0000,1211,106,2024-12-30 01:46:43.525364
02840,0000,1211,106,2024-12-30 01:46:43.541358
01526,0000,1211,106,2024-12-30 01:46:43.557363
03105,0000,1211,106,2024-12-30 01:46:43.573351
03811,0000,1211,106,2024-12-30 01:46:43.589356
03674,0000,1211,106,2024-12-30 01:46:43.605341
06846,0000,1211,106,2024-12-30 01:46:43.636828
02812,0000,1211,106,2024-12-30 01:46:43.653340
39305,0000,1211,106,2024-12-30 01:46:43.669328
00651,0000,1211,106,2024-12-30 01:46:43.685328
04695,0000,1211,106,2024-12-30 01:46:43.701321
53150,0000,1211,106,2024-12-30 01:46:43.717322
05334,0000,1211,106,2024-12-30 01:46:43.733314
28602,0000,1211,106,2024-12-30 01:46:43.749329
65336,0000,1211,106,2024-12-30 01:46:43.765316
10615,0000,1211,106,2024-12-30 01:46:43.781311
02030,0000,1211,106,2024-12-30 01:46:43.813201
12390,0000,1211,106,2024-12-30 01:46:43.829303
01738,0000,1211,106,2024-12-30 01:46:43.845309
39334,0000,1211,106,2024-12-30 01:46:43.861292
04355,0000,1211,106,2024-12-30 01:46:43.877296
30596,0000,1211,106,2024-12-30 01:46:43.893291
02255,0000,1211,106,2024-12-30 01:46:43.909281
00666,0000,1211,106,2024-12-30 01:46:43.925284
35470,0000,1211,106,2024-12-30 01:46:43.941285
01525,0000,1211,106,2024-12-30 01:46:43.972834
26893,0000,1212,106,2024-12-30 01:46:43.989277
00604,0000,1211,106,2024-12-30 01:46:44.005263
18368,0000,1211,106,2024-12-30 01:46:44.021266
20425,0000,1211,106,2024-12-30 01:46:44.037257
08349,0001,1211,106,2024-12-30 01:46:44.053259
14725,0000,1211,106,2024-12-30 01:46:44.069254
50631,0000,1212,106,2024-12-30 01:46:44.085255
15579,0000,1211,106,2024-12-30 01:46:44.101250
01198,0000,1211,106,2024-12-30 01:46:44.117248
17765,0000,1211,106,2024-12-30 01:46:44.149243
30565,0000,1211,106,2024-12-30 01:46:44.165238
05331,0001,1212,106,2024-12-30 01:46:44.181239
04480,0000,1211,106,2024-12-30 01:46:44.197228
59183,0000,1211,106,2024-12-30 01:46:44.213229
00982,0000,1211,106,2024-12-30 01:46:44.229233
15429,0000,1211,106,2024-12-30 01:46:44.245249
20480,0000,1211,106,2024-12-30 01:46:44.261233
02976,0000,1211,106,2024-12-30 01:46:44.277237
00649,0000,1211,106,2024-12-30 01:46:44.308898
17904,0000,1211,106,2024-12-30 01:46:44.325240
54892,0000,1212,106,2024-12-30 01:46:44.341242
02927,0000,1212,106,2024-12-30 01:46:44.357244
33096,0000,1212,106,2024-12-30 01:46:44.373247
02256,0000,1211,106,2024-12-30 01:46:44.389251
28734,0001,1211,106,2024-12-30 01:46:44.405255
37986,0000,1211,106,2024-12-30 01:46:44.421185
01807,0000,1211,106,2024-12-30 01:46:44.437189
02895,0000,1212,106,2024-12-30 01:46:44.468496
05447,0000,1212,106,2024-12-30 01:46:44.485175
05436,0000,1212,106,2024-12-30 01:46:44.501168
58159,0000,1211,106,2024-12-30 01:46:44.517163
19521,0000,1212,106,2024-12-30 01:46:44.533167
03722,0000,1211,106,2024-12-30 01:46:44.549161
17170,0000,1211,106,2024-12-30 01:46:44.565167
03815,0000,1211,106,2024-12-30 01:46:44.581169
00725,0000,1212,106,2024-12-30 01:46:44.597163
04237,0000,1212,106,2024-12-30 01:46:44.613159
40681,0000,1212,106,2024-12-30 01:46:44.644894
42380,0000,1211,106,2024-12-30 01:46:44.661132
09428,0000,1211,106,2024-12-30 01:46:44.677128
22861,0000,1212,106,2024-12-30 01:46:44.693125
07009,0000,1212,106,2024-12-30 01:46:44.709128
02207,0000,1212,106,2024-12-30 01:46:44.725124
02762,0000,1212,106,2024-12-30 01:46:44.741134
05865,0000,1211,106,2024-12-30 01:46:44.757118
00717,0000,1211,106,2024-12-30 01:46:44.773115
09313,0000,1212,106,2024-12-30 01:46:44.804538
19532,0000,1212,106,2024-12-30 01:46:44.821102
23982,0000,1212,106,2024-12-30 01:46:44.837106
02097,0000,1212,106,2024-12-30 01:46:44.853100
61561,0000,1212,106,2024-12-30 01:46:44.869104
08619,0000,1211,106,2024-12-30 01:46:44.885090
29519,0000,1212,106,2024-12-30 01:46:44.901091
01712,0000,1211,106,2024-12-30 01:46:44.917087
03446,0000,1211,106,2024-12-30 01:46:44.933076
61084,0000,1211,106,2024-12-30 01:46:44.949076
02998,0000,1211,106,2024-12-30 01:46:44.980915
28939,0000,1212,106,2024-12-30 01:46:44.997075
30140,0000,1212,106,2024-12-30 01:46:45.013075
02634,0000,1211,106,2024-12-30 01:46:45.029061
28782,0000,1212,106,2024-12-30 01:46:45.045057
03279,0000,1211,106,2024-12-30 01:46:45.061058
10228,0000,1211,106,2024-12-30 01:46:45.077055
02869,0000,1211,106,2024-12-30 01:46:45.093051
05052,0000,1212,106,2024-12-30 01:46:45.109042
00946,0000,1212,106,2024-12-30 01:46:45.140548
02313,0000,1211,106,2024-12-30 01:46:45.157038
11754,0001,1212,106,2024-12-30 01:46:45.173029
03703,0000,1212,106,2024-12-30 01:46:45.189035
07604,0000,1211,106,2024-12-30 01:46:45.205033
02516,0000,1211,106,2024-12-30 01:46:45.221027
03382,0000,1212,106,2024-12-30 01:46:45.237035
32031,0000,1212,106,2024-12-30 01:46:45.253022
01613,0000,1212,106,2024-12-30 01:46:45.269015
03668,0000,1212,106,2024-12-30 01:46:45.285017
03682,0000,1212,106,2024-12-30 01:46:45.316942
06097,0000,1212,106,2024-12-30 01:46:45.333021
02598,0001,1212,106,2024-12-30 01:46:45.349020
04593,0000,1211,106,2024-12-30 01:46:45.365004
48199,0000,1212,106,2024-12-30 01:46:45.381010
03533,0000,1212,106,2024-12-30 01:46:45.397007
44877,0000,1212,106,2024-12-30 01:46:45.412990
02954,0000,1212,106,2024-12-30 01:46:45.428992
03535,0000,1212,106,2024-12-30 01:46:45.444988
10825,0000,1212,106,2024-12-30 01:46:45.476601
05495,0000,1212,106,2024-12-30 01:46:45.492979
23982,0000,1212,106,2024-12-30 01:46:45.508976
47143,0000,1212,106,2024-12-30 01:46:45.524981
19211,0000,1212,106,2024-12-30 01:46:45.540966
02979,0000,1212,106,2024-12-30 01:46:45.556967
54006,0000,1212,106,2024-12-30 01:46:45.572964
35323,0000,1212,106,2024-12-30 01:46:45.588963
20258,0000,1212,106,2024-12-30 01:46:45.604951
02784,0000,1212,106,2024-12-30 01:46:45.620948
02852,0000,1212,106,2024-12-30 01:46:45.652937
00995,0000,1212,106,2024-12-30 01:46:45.668944
04679,0000,1212,106,2024-12-30 01:46:45.684932
00833,0000,1212,106,2024-12-30 01:46:45.700935
02227,0000,1212,106,2024-12-30 01:46:45.716929
36856,0000,1212,106,2024-12-30 01:46:45.732935
19836,0000,1212,106,2024-12-30 01:46:45.748943
05341,0000,1212,106,2024-12-30 01:46:45.764922
30233,0000,1212,106,2024-12-30 01:46:45.780921
60931,0000,1212,106,2024-12-30 01:46:45.812616
03137,0000,1212,106,2024-12-30 01:46:45.828914
03105,0000,1212,106,2024-12-30 01:46:45.844913
18669,0000,1212,106,2024-12-30 01:46:45.860896
25829,0000,1212,106,2024-12-30 01:46:45.876899
39363,0000,1212,106,2024-12-30 01:46:45.892894
25003,0000,1212,106,2024-12-30 01:46:45.908895
17878,0000,1212,106,2024-12-30 01:46:45.924900
04299,0000,1212,106,2024-12-30 01:46:45.940895
13943,0000,1212,106,2024-12-30 01:46:45.972254
52203,0000,1212,106,2024-12-30 01:46:45.988883
00130,0000,1211,106,2024-12-30 01:46:46.004878
16037,0000,1212,106,2024-12-30 01:46:46.020870
04657,0000,1212,106,2024-12-30 01:46:46.036872
05229,0000,1212,106,2024-12-30 01:46:46.052865
03173,0000,1212,106,2024-12-30 01:46:46.068865
01380,0000,1212,106,2024-12-30 01:46:46.084864
02877,0000,1212,106,2024-12-30 01:46:46.100854
04576,0000,1212,106,2024-12-30 01:46:46.116853
00303,0000,1211,106,2024-12-30 01:46:46.148634
12664,0000,1212,106,2024-12-30 01:46:46.164851
17061,0000,1212,106,2024-12-30 01:46:46.180848
01699,0000,1212,106,2024-12-30 01:46:46.196831
02208,0000,1212,106,2024-12-30 01:46:46.212849
04595,0000,1212,106,2024-12-30 01:46:46.228833
05302,0000,1212,106,2024-12-30 01:46:46.244853
04567,0001,1212,106,2024-12-30 01:46:46.260827
03810,0000,1212,106,2024-12-30 01:46:46.276831
09317,0000,1212,106,2024-12-30 01:46:46.308278
03743,0000,1212,106,2024-12-30 01:46:46.324811
00729,0000,1212,106,2024-12-30 01:46:46.340816
01760,0000,1212,106,2024-12-30 01:46:46.356805
00751,0000,1212,106,2024-12-30 01:46:46.372810
29063,0000,1212,106,2024-12-30 01:46:46.388798
23151,0000,1212,106,2024-12-30 01:46:46.404803
07677,0000,1212,106,2024-12-30 01:46:46.420796
27292,0000,1212,106,2024-12-30 01:46:46.436793
60898,0000,1211,106,2024-12-30 01:46:46.452789
26013,0000,1212,106,2024-12-30 01:46:46.484675
12992,0000,1212,106,2024-12-30 01:46:46.500776
04455,0000,1212,106,2024-12-30 01:46:46.516777
28771,0000,1212,106,2024-12-30 01:46:46.532769
04677,0000,1212,106,2024-12-30 01:46:46.548771
03651,0000,1212,106,2024-12-30 01:46:46.564770
11986,0000,1212,106,2024-12-30 01:46:46.580779
18486,0000,1212,106,2024-12-30 01:46:46.596760
13790,0000,1212,106,2024-12-30 01:46:46.612759
03859,0000,1212,106,2024-12-30 01:46:46.644310
64510,0000,1212,106,2024-12-30 01:46:46.660747
03113,0000,1212,106,2024-12-30 01:46:46.676744
48720,0000,1212,106,2024-12-30 01:46:46.692749
01029,0000,1212,106,2024-12-30 01:46:46.708736
04672,0000,1212,106,2024-12-30 01:46:46.724732
24145,0000,1212,106,2024-12-30 01:46:46.740735
12044,0000,1212,106,2024-12-30 01:46:46.756735
58202,0000,1212,106,2024-12-30 01:46:46.772720
02033,0000,1212,106,2024-12-30 01:46:46.788723
46412,0000,1212,106,2024-12-30 01:46:46.820694
16514,0000,1212,106,2024-12-30 01:46:46.836711
04361,0000,1212,106,2024-12-30 01:46:46.852707
13803,0000,1212,106,2024-12-30 01:46:46.868701
41681,0001,1212,106,2024-12-30 01:46:46.884704
05437,0000,1212,106,2024-12-30 01:46:46.900695
03963,0000,1212,106,2024-12-30 01:46:46.916699
15584,0000,1212,106,2024-12-30 01:46:46.932693
17054,0000,1212,106,2024-12-30 01:46:46.948694
54942,0000,1212,106,2024-12-30 01:46:46.980330
15044,0000,1212,106,2024-12-30 01:46:46.996683
32394,0000,1212,106,2024-12-30 01:46:47.012682
03692,0000,1212,106,2024-12-30 01:46:47.028675
18724,0000,1212,106,2024-12-30 01:46:47.044667
04612,0000,1212,106,2024-12-30 01:46:47.060670
28871,0000,1212,106,2024-12-30 01:46:47.076666
00930,0000,1212,106,2024-12-30 01:46:47.092671
17867,0000,1212,106,2024-12-30 01:46:47.108655
02272,0000,1212,106,2024-12-30 01:46:47.139968
01312,0000,1212,106,2024-12-30 01:46:47.156658
04210,0000,1212,106,2024-12-30 01:46:47.172646
22654,0000,1213,106,2024-12-30 01:46:47.188645
16885,0000,1212,106,2024-12-30 01:46:47.204638
13174,0000,1212,106,2024-12-30 01:46:47.220638
04123,0000,1212,106,2024-12-30 01:46:47.236650
23826,0001,1212,106,2024-12-30 01:46:47.252632
18485,0000,1212,106,2024-12-30 01:46:47.268624
17220,0000,1212,106,2024-12-30 01:46:47.284619
57390,0000,1212,106,2024-12-30 01:46:47.316362
01086,0000,1212,106,2024-12-30 01:46:47.332622
21778,0000,1212,106,2024-12-30 01:46:47.348616
19322,0000,1212,106,2024-12-30 01:46:47.364617
12134,0001,1212,106,2024-12-30 01:46:47.380621
01166,0000,1212,106,2024-12-30 01:46:47.396621
03043,0000,1213,106,2024-12-30 01:46:47.412627
01910,0000,1212,106,2024-12-30 01:46:47.428620
31453,0000,1212,106,2024-12-30 01:46:47.444630
13832,0000,1212,106,2024-12-30 01:46:47.476022
20807,0000,1212,106,2024-12-30 01:46:47.492633
03044,0000,1212,106,2024-12-30 01:46:47.508636
00369,0000,1212,106,2024-12-30 01:46:47.524637
02526,0000,1212,106,2024-12-30 01:46:47.540638
28240,0000,1212,106,2024-12-30 01:46:47.556569
15630,0000,1212,106,2024-12-30 01:46:47.572571
01445,0000,1212,106,2024-12-30 01:46:47.588557
03852,0000,1212,106,2024-12-30 01:46:47.604568
37058,0000,1212,106,2024-12-30 01:46:47.620560
49861,0000,1212,106,2024-12-30 01:46:47.652394
05449,0000,1213,106,2024-12-30 01:46:47.668543
27313,0000,1212,106,2024-12-30 01:46:47.684547
03859,0000,1212,106,2024-12-30 01:46:47.700543
04629,0000,1212,106,2024-12-30 01:46:47.716544
02581,0000,1212,106,2024-12-30 01:46:47.732543
14700,0000,1212,106,2024-12-30 01:46:47.748556
45552,0000,1213,106,2024-12-30 01:46:47.764533
33906,0000,1212,106,2024-12-30 01:46:47.780535
48763,0000,1212,106,2024-12-30 01:46:47.812040
03079,0000,1212,106,2024-12-30 01:46:47.828512
13865,0000,1212,106,2024-12-30 01:46:47.844513
04494,0000,1212,106,2024-12-30 01:46:47.860521
04073,0000,1212,106,2024-12-30 01:46:47.876497
46284,0000,1212,106,2024-12-30 01:46:47.892506
02666,0001,1213,106,2024-12-30 01:46:47.908494
03002,0000,1212,106,2024-12-30 01:46:47.924501
19893,0000,1212,106,2024-12-30 01:46:47.940489
02930,0000,1213,106,2024-12-30 01:46:47.956495
18191,0000,1212,106,2024-12-30 01:46:47.988414
22573,0000,1212,106,2024-12-30 01:46:48.004477
20915,0000,1213,106,2024-12-30 01:46:48.020484
15754,0000,1212,106,2024-12-30 01:46:48.036479
07054,0000,1213,106,2024-12-30 01:46:48.052486
19978,0000,1212,106,2024-12-30 01:46:48.068470
05342,0000,1213,106,2024-12-30 01:46:48.084476
35309,0000,1213,106,2024-12-30 01:46:48.100465
17027,0000,1212,106,2024-12-30 01:46:48.116467
01362,0000,1212,106,2024-12-30 01:46:48.148051
32303,0000,1213,106,2024-12-30 01:46:48.164464
23767,0000,1213,106,2024-12-30 01:46:48.180440
02476,0000,1212,106,2024-12-30 01:46:48.196442
10841,0001,1213,106,2024-12-30 01:46:48.212434
11681,0000,1213,106,2024-12-30 01:46:48.228440
10395,0000,1212,106,2024-12-30 01:46:48.244458
07520,0000,1212,106,2024-12-30 01:46:48.260444
45538,0000,1212,106,2024-12-30 01:46:48.276425
04632,0000,1213,106,2024-12-30 01:46:48.292428
35202,0000,1212,106,2024-12-30 01:46:48.324419
51549,0000,1213,106,2024-12-30 01:46:48.340416
29989,0000,1212,106,2024-12-30 01:46:48.356413
24916,0000,1213,106,2024-12-30 01:46:48.372412
30136,0000,1213,106,2024-12-30 01:46:48.388403
06327,0000,1213,106,2024-12-30 01:46:48.404399
04549,0000,1213,106,2024-12-30 01:46:48.420395
03703,0000,1213,106,2024-12-30 01:46:48.436394
01641,0000,1213,106,2024-12-30 01:46:48.452389
13908,0000,1213,106,2024-12-30 01:46:48.484070
15819,0000,1213,106,2024-12-30 01:46:48.500389
29005,0000,1212,106,2024-12-30 01:46:48.516386
04340,0000,1213,106,2024-12-30 01:46:48.532385
13071,0000,1212,106,2024-12-30 01:46:48.548373
03017,0000,1213,106,2024-12-30 01:46:48.564365
03463,0000,1213,106,2024-12-30 01:46:48.580369
14597,0000,1213,106,2024-12-30 01:46:48.596356
01539,0000,1212,106,2024-12-30 01:46:48.612360
11481,0000,1213,106,2024-12-30 01:46:48.643714
55606,0000,1213,106,2024-12-30 01:46:48.660352
52295,0000,1213,106,2024-12-30 01:46:48.676352
06137,0001,1213,106,2024-12-30 01:46:48.692347
05113,0000,1213,106,2024-12-30 01:46:48.708348
04598,0000,1212,106,2024-12-30 01:46:48.724339
06242,0000,1213,106,2024-12-30 01:46:48.740351
08961,0000,1213,106,2024-12-30 01:46:48.756338
67503,0000,1213,106,2024-12-30 01:46:48.772334
04486,0000,1213,106,2024-12-30 01:46:48.788329
08527,0000,1213,106,2024-12-30 01:46:48.820093
01465,0001,1212,106,2024-12-30 01:46:48.836310
35749,0000,1213,106,2024-12-30 01:46:48.852317
02182,0000,1213,106,2024-12-30 01:46:48.868313
09334,0000,1213,106,2024-12-30 01:46:48.884310
01153,0000,1213,106,2024-12-30 01:46:48.900315
08381,0000,1213,106,2024-12-30 01:46:48.916317
33685,0000,1213,106,2024-12-30 01:46:48.932300
39321,0000,1212,106,2024-12-30 01:46:48.948296
18989,0000,1213,106,2024-12-30 01:46:48.979744
02056,0000,1212,106,2024-12-30 01:46:48.996289
01602,0000,1213,106,2024-12-30 01:46:49.012286
04491,0000,1212,106,2024-12-30 01:46:49.028285
50537,0000,1213,106,2024-12-30 01:46:49.044270
43113,0000,1213,106,2024-12-30 01:46:49.060276
02257,0000,1212,106,2024-12-30 01:46:49.076270
36910,0000,1212,106,2024-12-30 01:46:49.092273
21888,0000,1213,106,2024-12-30 01:46:49.108264
24952,0000,1213,106,2024-12-30 01:46:49.124264
25501,0000,1213,106,2024-12-30 01:46:49.156132
03078,0000,1213,106,2024-12-30 01:46:49.172254
03526,0000,1213,106,2024-12-30 01:46:49.188250
63427,0000,1213,106,2024-12-30 01:46:49.204246
02823,0000,1213,106,2024-12-30 01:46:49.220245
36957,0000,1212,106,2024-12-30 01:46:49.236236
41526,0000,1213,106,2024-12-30 01:46:49.252251
03093,0000,1213,106,2024-12-30 01:46:49.269877
27133,0001,1213,106,2024-12-30 01:46:49.284296
11713,0000,1213,106,2024-12-30 01:46:49.315774
01474,0000,1213,106,2024-12-30 01:46:49.332219
03563,0000,1213,106,2024-12-30 01:46:49.348214
01455,0000,1213,106,2024-12-30 01:46:49.364219
23245,0000,1213,106,2024-12-30 01:46:49.380215
02395,0000,1213,106,2024-12-30 01:46:49.396213
35267,0000,1213,106,2024-12-30 01:46:49.412204
56611,0000,1213,106,2024-12-30 01:46:49.428209
09153,0000,1213,106,2024-12-30 01:46:49.444197
00320,0000,1213,106,2024-12-30 01:46:49.460200
07515,0000,1212,106,2024-12-30 01:46:49.492149
09378,0000,1213,106,2024-12-30 01:46:49.508185
02327,0000,1213,106,2024-12-30 01:46:49.524185
02312,0000,1213,106,2024-12-30 01:46:49.540185
05437,0000,1213,106,2024-12-30 01:46:49.556180
45504,0000,1213,106,2024-12-30 01:46:49.572178
21861,0000,1213,106,2024-12-30 01:46:49.588179
37627,0000,1213,106,2024-12-30 01:46:49.604172
02262,0000,1213,106,2024-12-30 01:46:49.620171
24344,0000,1213,106,2024-12-30 01:46:49.651784
16385,0001,1213,106,2024-12-30 01:46:49.668161
13970,0000,1213,106,2024-12-30 01:46:49.684155
30336,0000,1213,106,2024-12-30 01:46:49.700165
00699,0000,1213,106,2024-12-30 01:46:49.716140
13741,0000,1213,106,2024-12-30 01:46:49.732142
36809,0000,1213,106,2024-12-30 01:46:49.748154
10200,0000,1213,106,2024-12-30 01:46:49.764144
04210,0000,1213,106,2024-12-30 01:46:49.780132
39257,0000,1213,106,2024-12-30 01:46:49.796136
35276,0000,1213,106,2024-12-30 01:46:49.828136
04548,0000,1213,106,2024-12-30 01:46:49.844122
04572,0000,1213,106,2024-12-30 01:46:49.860119
03130,0000,1213,106,2024-12-30 01:46:49.876118
03926,0000,1213,106,2024-12-30 01:46:49.892109
02231,0000,1213,106,2024-12-30 01:46:49.908107
10958,0000,1213,106,2024-12-30 01:46:49.924101
00597,0000,1213,106,2024-12-30 01:46:49.940104
04456,0000,1213,106,2024-12-30 01:46:49.956097
53335,0000,1213,106,2024-12-30 01:46:49.987815
22148,0000,1213,106,2024-12-30 01:46:50.004091
09433,0000,1213,106,2024-12-30 01:46:50.020098
03587,0000,1213,106,2024-12-30 01:46:50.036079
03389,0000,1213,106,2024-12-30 01:46:50.052080
05374,0000,1213,106,2024-12-30 01:46:50.068080
01700,0001,1213,106,2024-12-30 01:46:50.084092
03106,0000,1213,106,2024-12-30 01:46:50.100092
12752,0000,1213,106,2024-12-30 01:46:50.116072
05440,0000,1213,106,2024-12-30 01:46:50.147463
04021,0000,1213,106,2024-12-30 01:46:50.164065
63289,0000,1213,106,2024-12-30 01:46:50.180057
02467,0000,1213,106,2024-12-30 01:46:50.196060
05473,0000,1213,106,2024-12-30 01:46:50.212055
06057,0000,1213,106,2024-12-30 01:46:50.228057
04046,0000,1213,106,2024-12-30 01:46:50.244078
02611,0000,1213,106,2024-12-30 01:46:50.260043
53156,0000,1213,106,2024-12-30 01:46:50.276037
25617,0000,1213,106,2024-12-30 01:46:50.292028
01196,0000,1213,106,2024-12-30 01:46:50.323849
01800,0000,1213,106,2024-12-30 01:46:50.340031
00530,0000,1213,106,2024-12-30 01:46:50.356020
01481,0000,1213,106,2024-12-30 01:46:50.372025
07285,0000,1213,106,2024-12-30 01:46:50.388018
02001,0000,1213,106,2024-12-30 01:46:50.404019
18620,0000,1213,106,2024-12-30 01:46:50.420010
04416,0000,1213,106,2024-12-30 01:46:50.436008
03519,0000,1213,106,2024-12-30 01:46:50.452000
05319,0000,1213,106,2024-12-30 01:46:50.483465
02227,0000,1213,106,2024-12-30 01:46:50.500009
02894,0000,1213,106,2024-12-30 01:46:50.516002
31236,0000,1213,106,2024-12-30 01:46:50.532007
25835,0000,1213,106,2024-12-30 01:46:50.548014
05396,0000,1213,106,2024-12-30 01:46:50.564016
06709,0000,1213,106,2024-12-30 01:46:50.580031
13058,0000,1213,106,2024-12-30 01:46:50.596034
12332,0000,1213,106,2024-12-30 01:46:50.612035
58558,0000,1213,106,2024-12-30 01:46:50.628021
08083,0000,1213,106,2024-12-30 01:46:50.659884
03639,0000,1213,106,2024-12-30 01:46:50.675955
02245,0000,1213,106,2024-12-30 01:46:50.691955
48217,0000,1213,106,2024-12-30 01:46:50.707952
60112,0000,1213,106,2024-12-30 01:46:50.723953
04131,0000,1213,106,2024-12-30 01:46:50.739962
03748,0000,1213,106,2024-12-30 01:46:50.755955
04220,0000,1213,106,2024-12-30 01:46:50.771943
03816,0000,1213,106,2024-12-30 01:46:50.787941
03828,0000,1213,106,2024-12-30 01:46:50.819499
48974,0000,1213,106,2024-12-30 01:46:50.835926
00745,0000,1213,106,2024-12-30 01:46:50.851937
02019,0000,1213,106,2024-12-30 01:46:50.867934
27475,0000,1213,106,2024-12-30 01:46:50.883922
35913,0000,1213,106,2024-12-30 01:46:50.899917
52186,0000,1213,106,2024-12-30 01:46:50.915911
02548,0000,1213,106,2024-12-30 01:46:50.931913
28161,0000,1213,106,2024-12-30 01:46:50.947905
02234,0000,1213,106,2024-12-30 01:46:50.963911
13696,0000,1213,106,2024-12-30 01:46:50.995909
27067,0000,1214,106,2024-12-30 01:46:51.011897
25536,0000,1213,106,2024-12-30 01:46:51.027894
57635,0000,1213,106,2024-12-30 01:46:51.043888
05143,0000,1213,106,2024-12-30 01:46:51.059888
02867,0000,1213,106,2024-12-30 01:46:51.075880
61119,0000,1213,106,2024-12-30 01:46:51.091873
01433,0000,1213,106,2024-12-30 01:46:51.107881
05374,0000,1213,106,2024-12-30 01:46:51.123871
63509,0000,1213,106,2024-12-30 01:46:51.155511
03095,0000,1213,106,2024-12-30 01:46:51.171862
52522,0000,1213,106,2024-12-30 01:46:51.187859
13936,0000,1213,106,2024-12-30 01:46:51.203854
36024,0000,1214,106,2024-12-30 01:46:51.219847
44168,0000,1213,106,2024-12-30 01:46:51.235849
36883,0000,1213,106,2024-12-30 01:46:51.251870
00070,0000,1213,106,2024-12-30 01:46:51.267865
05258,0000,1213,106,2024-12-30 01:46:51.283843
01543,0000,1213,106,2024-12-30 01:46:51.315183
27915,0000,1213,106,2024-12-30 01:46:51.331830
28088,0000,1213,106,2024-12-30 01:46:51.347826
12800,0000,1213,106,2024-12-30 01:46:51.363826
01533,0000,1213,106,2024-12-30 01:46:51.379827
07528,0000,1213,106,2024-12-30 01:46:51.395816
05169,0001,1213,106,2024-12-30 01:46:51.411818
03782,0000,1213,106,2024-12-30 01:46:51.427808
28521,0000,1213,106,2024-12-30 01:46:51.443810
02660,0000,1214,106,2024-12-30 01:46:51.459799
04499,0000,1213,106,2024-12-30 01:46:51.491548
07730,0000,1213,106,2024-12-30 01:46:51.507805
27820,0001,1213,106,2024-12-30 01:46:51.523791
53371,0000,1213,106,2024-12-30 01:46:51.539792
44737,0000,1213,106,2024-12-30 01:46:51.555781
50056,0000,1213,106,2024-12-30 01:46:51.571786
26706,0000,1213,106,2024-12-30 01:46:51.587778
05464,0000,1213,106,2024-12-30 01:46:51.603776
11321,0000,1213,106,2024-12-30 01:46:51.619774
03453,0000,1213,106,2024-12-30 01:46:51.651185
28628,0000,1213,106,2024-12-30 01:46:51.667771
02940,0000,1213,106,2024-12-30 01:46:51.683761
04238,0000,1214,106,2024-12-30 01:46:51.699748
03631,0000,1213,106,2024-12-30 01:46:51.715754
28726,0000,1213,106,2024-12-30 01:46:51.731745
20224,0001,1213,106,2024-12-30 01:46:51.747770
20857,0000,1213,106,2024-12-30 01:46:51.763748
05151,0000,1213,106,2024-12-30 01:46:51.779751
41640,0000,1213,106,2024-12-30 01:46:51.795743
00481,0000,1213,106,2024-12-30 01:46:51.827579
02278,0000,1213,106,2024-12-30 01:46:51.843733
04541,0000,1213,106,2024-12-30 01:46:51.859731
58237,0000,1213,106,2024-12-30 01:46:51.875736
10141,0000,1214,106,2024-12-30 01:46:51.891725
02233,0000,1214,106,2024-12-30 01:46:51.907722
15866,0000,1213,106,2024-12-30 01:46:51.923722
03562,0000,1213,106,2024-12-30 01:46:51.939715
05520,0000,1213,106,2024-12-30 01:46:51.955705
26567,0000,1214,106,2024-12-30 01:46:51.987213
03750,0000,1213,106,2024-12-30 01:46:52.003698
07703,0000,1213,106,2024-12-30 01:46:52.019702
53171,0000,1214,106,2024-12-30 01:46:52.035700
02265,0000,1213,106,2024-12-30 01:46:52.051698
24710,0001,1213,106,2024-12-30 01:46:52.067686
40739,0000,1213,106,2024-12-30 01:46:52.083686
03148,0000,1213,106,2024-12-30 01:46:52.099679
36116,0000,1213,106,2024-12-30 01:46:52.115676
02999,0000,1213,106,2024-12-30 01:46:52.131680
01162,0000,1213,106,2024-12-30 01:46:52.163601
05295,0000,1213,106,2024-12-30 01:46:52.179676
25747,0001,1213,106,2024-12-30 01:46:52.195657
03525,0000,1213,106,2024-12-30 01:46:52.211656
68697,0000,1213,106,2024-12-30 01:46:52.227659
02820,0000,1213,106,2024-12-30 01:46:52.243666
03011,0000,1214,106,2024-12-30 01:46:52.259652
28435,0001,1213,106,2024-12-30 01:46:52.275648
38450,0000,1213,106,2024-12-30 01:46:52.291645
04042,0000,1213,106,2024-12-30 01:46:52.323239
01408,0000,1213,106,2024-12-30 01:46:52.339629
04639,0000,1213,106,2024-12-30 01:46:52.355629
53322,0001,1213,106,2024-12-30 01:46:52.371626
24860,0000,1214,106,2024-12-30 01:46:52.387630
28463,0000,1213,106,2024-12-30 01:46:52.403619
07624,0000,1213,106,2024-12-30 01:46:52.419624
44613,0000,1214,106,2024-12-30 01:46:52.435621
15509,0000,1214,106,2024-12-30 01:46:52.451619
65372,0000,1214,106,2024-12-30 01:46:52.467609
43993,0000,1213,106,2024-12-30 01:46:52.499597
04520,0000,1213,106,2024-12-30 01:46:52.515589
02130,0000,1214,106,2024-12-30 01:46:52.531595
37887,0000,1213,106,2024-12-30 01:46:52.547596
00093,0001,1213,106,2024-12-30 01:46:52.563603
02824,0000,1214,106,2024-12-30 01:46:52.579583
35206,0000,1213,106,2024-12-30 01:46:52.595587
49041,0000,1213,106,2024-12-30 01:46:52.611579
05230,0000,1214,106,2024-12-30 01:46:52.627582
22330,0001,1214,106,2024-12-30 01:46:52.659256
03932,0000,1213,106,2024-12-30 01:46:52.675562
02312,0000,1214,106,2024-12-30 01:46:52.691548
27580,0000,1213,106,2024-12-30 01:46:52.707561
09072,0000,1213,106,2024-12-30 01:46:52.723553
43223,0000,1213,106,2024-12-30 01:46:52.739567
10880,0000,1213,106,2024-12-30 01:46:52.755559
04712,0000,1214,106,2024-12-30 01:46:52.771549
09860,0000,1214,106,2024-12-30 01:46:52.787543
02322,0000,1213,106,2024-12-30 01:46:52.818902
02825,0000,1214,106,2024-12-30 01:46:52.835550
00509,0000,1214,106,2024-12-30 01:46:52.851529
32389,0000,1214,106,2024-12-30 01:46:52.867533
58259,0000,1214,106,2024-12-30 01:46:52.883523
15303,0000,1213,106,2024-12-30 01:46:52.899519
07878,0000,1214,106,2024-12-30 01:46:52.915517
06196,0000,1214,106,2024-12-30 01:46:52.931521
03566,0000,1214,106,2024-12-30 01:46:52.947522
21855,0000,1214,106,2024-12-30 01:46:52.963509
61641,0000,1213,106,2024-12-30 01:46:52.995288
22544,0000,1213,106,2024-12-30 01:46:53.011507
04189,0000,1213,106,2024-12-30 01:46:53.027506
25763,0000,1214,106,2024-12-30 01:46:53.043492
12889,0000,1214,106,2024-12-30 01:46:53.059495
01728,0000,1214,106,2024-12-30 01:46:53.075491
05429,0000,1214,106,2024-12-30 01:46:53.091480
17141,0000,1214,106,2024-12-30 01:46:53.107481
04502,0000,1214,106,2024-12-30 01:46:53.123477
01594,0000,1213,106,2024-12-30 01:46:53.154930
05323,0000,1213,106,2024-12-30 01:46:53.171477
06980,0000,1214,106,2024-12-30 01:46:53.187467
01425,0000,1214,106,2024-12-30 01:46:53.203466
21659,0000,1213,106,2024-12-30 01:46:53.219466
07455,0000,1214,106,2024-12-30 01:46:53.235451
23160,0000,1214,106,2024-12-30 01:46:53.251475
04650,0000,1214,106,2024-12-30 01:46:53.267446
07755,0000,1214,106,2024-12-30 01:46:53.283451
12315,0000,1214,106,2024-12-30 01:46:53.299444
00466,0000,1214,106,2024-12-30 01:46:53.331313
44022,0000,1214,106,2024-12-30 01:46:53.347449
17667,0000,1214,106,2024-12-30 01:46:53.363426
07660,0001,1214,106,2024-12-30 01:46:53.379433
33768,0000,1214,106,2024-12-30 01:46:53.395427
24348,0000,1214,106,2024-12-30 01:46:53.411429
00666,0000,1214,106,2024-12-30 01:46:53.427424
03033,0000,1214,106,2024-12-30 01:46:53.443426
10852,0000,1214,106,2024-12-30 01:46:53.459416
03381,0000,1214,106,2024-12-30 01:46:53.490953
03855,0000,1214,106,2024-12-30 01:46:53.507410
24702,0000,1214,106,2024-12-30 01:46:53.523399
04608,0000,1214,106,2024-12-30 01:46:53.539402
26445,0000,1214,106,2024-12-30 01:46:53.555400
03555,0000,1214,106,2024-12-30 01:46:53.571400
64329,0000,1213,106,2024-12-30 01:46:53.587389
04161,0000,1214,106,2024-12-30 01:46:53.603393
08434,0000,1214,106,2024-12-30 01:46:53.619399
04440,0000,1214,106,2024-12-30 01:46:53.635392
13170,0000,1214,106,2024-12-30 01:46:53.667358
52352,0000,1214,106,2024-12-30 01:46:53.683411
11971,0000,1214,106,2024-12-30 01:46:53.699407
16183,0000,1214,106,2024-12-30 01:46:53.715406
03044,0000,1214,106,2024-12-30 01:46:53.731410
10860,0000,1214,106,2024-12-30 01:46:53.747418
00366,0000,1213,106,2024-12-30 01:46:53.763413
45376,0000,1214,106,2024-12-30 01:46:53.779409
01375,0000,1214,106,2024-12-30 01:46:53.795416
04544,0000,1214,106,2024-12-30 01:46:53.826975
05295,0000,1214,106,2024-12-30 01:46:53.843342
00816,0000,1214,106,2024-12-30 01:46:53.859343
02861,0000,1214,106,2024-12-30 01:46:53.875338
04638,0000,1214,106,2024-12-30 01:46:53.891338
23290,0000,1214,106,2024-12-30 01:46:53.907328
03029,0000,1214,106,2024-12-30 01:46:53.923328
02086,0000,1214,106,2024-12-30 01:46:53.939323
09361,0000,1214,106,2024-12-30 01:46:53.955325
17487,0000,1214,106,2024-12-30 01:46:53.971315
37692,0000,1214,106,2024-12-30 01:46:54.003325
04818,0000,1214,106,2024-12-30 01:46:54.019307
21204,0000,1214,106,2024-12-30 01:46:54.035304
02283,0000,1214,106,2024-12-30 01:46:54.051301
03109,0000,1214,106,2024-12-30 01:46:54.067300
49111,0001,1214,106,2024-12-30 01:46:54.083291
03093,0000,1214,106,2024-12-30 01:46:54.099295
00268,0000,1214,106,2024-12-30 01:46:54.115297
06066,0001,1214,106,2024-12-30 01:46:54.131297
01132,0000,1214,106,2024-12-30 01:46:54.162997
29102,0000,1214,106,2024-12-30 01:46:54.179276
05406,0000,1214,106,2024-12-30 01:46:54.195280
07411,0000,1214,106,2024-12-30 01:46:54.211270
03019,0000,1214,106,2024-12-30 01:46:54.227264
09826,0000,1214,106,2024-12-30 01:46:54.243286
19875,0000,1214,106,2024-12-30 01:46:54.259256
00671,0000,1214,106,2024-12-30 01:46:54.275256
01561,0000,1214,106,2024-12-30 01:46:54.291254
03025,0000,1214,106,2024-12-30 01:46:54.322653
56716,0000,1214,106,2024-12-30 01:46:54.339241
02317,0000,1214,106,2024-12-30 01:46:54.355238
11429,0000,1214,106,2024-12-30 01:46:54.371249
04565,0000,1214,106,2024-12-30 01:46:54.387240
02121,0000,1214,106,2024-12-30 01:46:54.403244
05299,0000,1214,106,2024-12-30 01:46:54.419230
02252,0000,1214,106,2024-12-30 01:46:54.435217
11775,0000,1214,106,2024-12-30 01:46:54.451223
10909,0000,1214,106,2024-12-30 01:46:54.467214
27845,0000,1214,106,2024-12-30 01:46:54.499048
03505,0000,1214,106,2024-12-30 01:46:54.515215
06420,0000,1214,106,2024-12-30 01:46:54.531202
24902,0000,1214,106,2024-12-30 01:46:54.547208
47139,0000,1214,106,2024-12-30 01:46:54.563205
34734,0000,1214,106,2024-12-30 01:46:54.579202
00736,0000,1214,106,2024-12-30 01:46:54.595198
19117,0000,1214,106,2024-12-30 01:46:54.611196
19114,0000,1214,106,2024-12-30 01:46:54.627188
11407,0000,1214,106,2024-12-30 01:46:54.658673
23068,0000,1214,106,2024-12-30 01:46:54.675180
11103,0000,1214,106,2024-12-30 01:46:54.691174
37739,0000,1214,106,2024-12-30 01:46:54.707177
45472,0000,1214,106,2024-12-30 01:46:54.723164
12958,0000,1214,106,2024-12-30 01:46:54.739175
21120,0000,1214,106,2024-12-30 01:46:54.755168
02748,0000,1214,106,2024-12-30 01:46:54.771161
54022,0000,1214,106,2024-12-30 01:46:54.787164
02921,0000,1214,106,2024-12-30 01:46:54.803143
22423,0000,1214,106,2024-12-30 01:46:54.835056
14436,0001,1214,106,2024-12-30 01:46:54.851145
55078,0000,1214,106,2024-12-30 01:46:54.867142
02218,0000,1214,106,2024-12-30 01:46:54.883141
03878,0000,1214,106,2024-12-30 01:46:54.899134
31008,0000,1214,106,2024-12-30 01:46:54.915139
04612,0000,1214,106,2024-12-30 01:46:54.931127
20070,0000,1214,106,2024-12-30 01:46:54.947122
19181,0000,1214,106,2024-12-30 01:46:54.963127
04538,0000,1214,106,2024-12-30 01:46:54.994705
25877,0000,1214,106,2024-12-30 01:46:55.011107
28821,0000,1214,106,2024-12-30 01:46:55.027110
05261,0000,1214,106,2024-12-30 01:46:55.043105
07140,0000,1214,106,2024-12-30 01:46:55.059111
61909,0000,1214,106,2024-12-30 01:46:55.075104
06098,0000,1214,106,2024-12-30 01:46:55.091104
00957,0000,1214,106,2024-12-30 01:46:55.107099
07831,0000,1214,106,2024-12-30 01:46:55.123101
04546,0001,1214,106,2024-12-30 01:46:55.139094
03776,0000,1214,106,2024-12-30 01:46:55.171095
01541,0000,1214,106,2024-12-30 01:46:55.187100
04238,0000,1214,106,2024-12-30 01:46:55.203084
01340,0000,1214,106,2024-12-30 01:46:55.219073
10773,0000,1214,106,2024-12-30 01:46:55.235080
43829,0000,1214,106,2024-12-30 01:46:55.251097
05394,0000,1214,106,2024-12-30 01:46:55.267076
02751,0000,1214,106,2024-12-30 01:46:55.283068
02122,0000,1214,106,2024-12-30 01:46:55.299073
03909,0000,1214,106,2024-12-30 01:46:55.330728
02917,0000,1214,106,2024-12-30 01:46:55.347053
00705,0000,1214,106,2024-12-30 01:46:55.363053
32802,0000,1214,106,2024-12-30 01:46:55.379048
24031,0000,1214,106,2024-12-30 01:46:55.395049
06083,0000,1214,106,2024-12-30 01:46:55.411040
02270,0000,1214,106,2024-12-30 01:46:55.427038
04315,0000,1214,106,2024-12-30 01:46:55.443029
02931,0000,1214,106,2024-12-30 01:46:55.459037
00670,0000,1215,106,2024-12-30 01:46:55.490356
47335,0000,1214,106,2024-12-30 01:46:55.507020
42487,0000,1214,106,2024-12-30 01:46:55.523021
03632,0000,1214,106,2024-12-30 01:46:55.539015
03751,0000,1214,106,2024-12-30 01:46:55.555018
02283,0000,1215,106,2024-12-30 01:46:55.571024
12478,0000,1215,106,2024-12-30 01:46:55.587022
04031,0000,1214,106,2024-12-30 01:46:55.603009
46536,0000,1214,106,2024-12-30 01:46:55.619002
44098,0000,1214,106,2024-12-30 01:46:55.635005
29180,0000,1214,106,2024-12-30 01:46:55.666759
01459,0000,1215,106,2024-12-30 01:46:55.682993
44035,0000,1214,106,2024-12-30 01:46:55.698982
20282,0000,1215,106,2024-12-30 01:46:55.714984
05140,0000,1214,106,2024-12-30 01:46:55.730974
11730,0000,1214,106,2024-12-30 01:46:55.746986
49648,0000,1214,106,2024-12-30 01:46:55.762967
48262,0000,1214,106,2024-12-30 01:46:55.778968
00555,0000,1214,106,2024-12-30 01:46:55.794968
02869,0000,1214,106,2024-12-30 01:46:55.826379
00530,0000,1214,106,2024-12-30 01:46:55.842958
29342,0000,1214,106,2024-12-30 01:46:55.858957
03962,0000,1214,106,2024-12-30 01:46:55.874953
49129,0000,1214,106,2024-12-30 01:46:55.890949
03784,0000,1215,106,2024-12-30 01:46:55.906949
09213,0000,1214,106,2024-12-30 01:46:55.922939
20331,0000,1214,106,2024-12-30 01:46:55.938941
03686,0000,1214,106,2024-12-30 01:46:55.954943
02218,0000,1214,106,2024-12-30 01:46:55.970950
55104,0000,1214,106,2024-12-30 01:46:56.002782
19060,0000,1215,106,2024-12-30 01:46:56.018923
51674,0000,1214,106,2024-12-30 01:46:56.034916
16935,0000,1214,106,2024-12-30 01:46:56.050920
00876,0000,1214,106,2024-12-30 01:46:56.066908
12374,0000,1214,106,2024-12-30 01:46:56.082913
04931,0000,1214,106,2024-12-30 01:46:56.098900
00247,0000,1214,106,2024-12-30 01:46:56.114908
01487,0000,1215,106,2024-12-30 01:46:56.130899
00424,0000,1215,106,2024-12-30 01:46:56.162413
17897,0000,1214,106,2024-12-30 01:46:56.178895
53115,0000,1214,106,2024-12-30 01:46:56.194883
02944,0000,1215,106,2024-12-30 01:46:56.210889
04939,0000,1214,106,2024-12-30 01:46:56.226887
56679,0000,1214,106,2024-12-30 01:46:56.242897
03750,0000,1214,106,2024-12-30 01:46:56.258875
06859,0000,1215,106,2024-12-30 01:46:56.274874
03837,0000,1215,106,2024-12-30 01:46:56.290867
45032,0000,1214,106,2024-12-30 01:46:56.306872
03854,0000,1215,106,2024-12-30 01:46:56.338814
01549,0000,1214,106,2024-12-30 01:46:56.354864
01447,0000,1214,106,2024-12-30 01:46:56.370849
24727,0000,1214,106,2024-12-30 01:46:56.386852
45675,0000,1214,106,2024-12-30 01:46:56.402842
19664,0000,1214,106,2024-12-30 01:46:56.418847
58399,0000,1214,106,2024-12-30 01:46:56.434837
02893,0000,1214,106,2024-12-30 01:46:56.450838
05246,0001,1214,106,2024-12-30 01:46:56.466838
20771,0000,1214,106,2024-12-30 01:46:56.498430
03766,0000,1214,106,2024-12-30 01:46:56.514832
02588,0000,1214,106,2024-12-30 01:46:56.530823
13417,0000,1214,106,2024-12-30 01:46:56.546822
52520,0000,1215,106,2024-12-30 01:46:56.562818
50034,0000,1215,106,2024-12-30 01:46:56.578826
19910,0000,1215,106,2024-12-30 01:46:56.594823
22395,0000,1214,106,2024-12-30 01:46:56.610836
00873,0000,1214,106,2024-12-30 01:46:56.626822
04371,0000,1214,106,2024-12-30 01:46:56.642805
05227,0000,1215,106,2024-12-30 01:46:56.674792
04267,0000,1214,106,2024-12-30 01:46:56.690795
03832,0000,1214,106,2024-12-30 01:46:56.706786
11675,0000,1215,106,2024-12-30 01:46:56.722786
29312,0000,1214,106,2024-12-30 01:46:56.738800
16289,0000,1215,106,2024-12-30 01:46:56.754789
01965,0000,1214,106,2024-12-30 01:46:56.770789
45785,0000,1215,106,2024-12-30 01:46:56.786797
00503,0000,1214,106,2024-12-30 01:46:56.802795
02775,0001,1215,106,2024-12-30 01:46:56.834506
41092,0000,1215,106,2024-12-30 01:46:56.850799
00433,0000,1215,106,2024-12-30 01:46:56.866800
02099,0000,1215,106,2024-12-30 01:46:56.882806
02766,0000,1215,106,2024-12-30 01:46:56.898803
24037,0000,1215,106,2024-12-30 01:46:56.914809
05314,0000,1214,106,2024-12-30 01:46:56.930807
06339,0000,1215,106,2024-12-30 01:46:56.946743
04609,0000,1215,106,2024-12-30 01:46:56.962731
02966,0000,1215,106,2024-12-30 01:46:56.994089
53852,0000,1215,106,2024-12-30 01:46:57.010730
36014,0000,1215,106,2024-12-30 01:46:57.026720
31313,0000,1215,106,2024-12-30 01:46:57.042731
03961,0000,1214,106,2024-12-30 01:46:57.058720
18517,0000,1215,106,2024-12-30 01:46:57.074727
04900,0000,1215,106,2024-12-30 01:46:57.090709
04453,0000,1215,106,2024-12-30 01:46:57.106715
04451,0000,1214,106,2024-12-30 01:46:57.122714
03835,0000,1215,106,2024-12-30 01:46:57.138714
12275,0000,1214,106,2024-12-30 01:46:57.170510
04512,0000,1215,106,2024-12-30 01:46:57.186687
40682,0000,1215,106,2024-12-30 01:46:57.202691
49768,0000,1214,106,2024-12-30 01:46:57.218688
04604,0000,1215,106,2024-12-30 01:46:57.234684
00564,0000,1215,106,2024-12-30 01:46:57.250706
05229,0000,1214,106,2024-12-30 01:46:57.266676
02488,0000,1215,106,2024-12-30 01:46:57.282677
00532,0000,1215,106,2024-12-30 01:46:57.298671
09107,0000,1215,106,2024-12-30 01:46:57.330137
51459,0000,1214,106,2024-12-30 01:46:57.346675
23835,0000,1215,106,2024-12-30 01:46:57.362664
45717,0000,1215,106,2024-12-30 01:46:57.378656
03810,0000,1215,106,2024-12-30 01:46:57.394659
49051,0000,1215,106,2024-12-30 01:46:57.410662
01748,0000,1214,106,2024-12-30 01:46:57.426655
05446,0000,1215,106,2024-12-30 01:46:57.442659
09968,0000,1215,106,2024-12-30 01:46:57.458642
28172,0000,1215,106,2024-12-30 01:46:57.474650
21839,0000,1214,106,2024-12-30 01:46:57.506531
30308,0000,1215,106,2024-12-30 01:46:57.522636
15965,0000,1215,106,2024-12-30 01:46:57.538624
32276,0000,1215,106,2024-12-30 01:46:57.554628
03863,0000,1215,106,2024-12-30 01:46:57.570618
21092,0000,1214,106,2024-12-30 01:46:57.586621
26419,0000,1215,106,2024-12-30 01:46:57.602614
32462,0000,1215,106,2024-12-30 01:46:57.618612
04639,0000,1215,106,2024-12-30 01:46:57.634613
02322,0000,1215,106,2024-12-30 01:46:57.666153
03805,0000,1215,106,2024-12-30 01:46:57.682589
02054,0000,1215,106,2024-12-30 01:46:57.698598
38389,0000,1215,106,2024-12-30 01:46:57.714587
02670,0000,1215,106,2024-12-30 01:46:57.730586
27626,0000,1215,106,2024-12-30 01:46:57.746591
03081,0000,1215,106,2024-12-30 01:46:57.762583
01892,0000,1215,106,2024-12-30 01:46:57.778573
58378,0000,1215,106,2024-12-30 01:46:57.794577
04787,0000,1215,106,2024-12-30 01:46:57.810566
20963,0000,1215,106,2024-12-30 01:46:57.842551
43409,0000,1215,106,2024-12-30 01:46:57.858569
31028,0000,1215,106,2024-12-30 01:46:57.874615
04545,0000,1215,106,2024-12-30 01:46:57.890560
07695,0000,1215,106,2024-12-30 01:46:57.906562
07043,0000,1215,106,2024-12-30 01:46:57.922544
01479,0000,1215,106,2024-12-30 01:46:57.938551
05335,0000,1215,106,2024-12-30 01:46:57.954548
02880,0000,1215,106,2024-12-30 01:46:57.970542
05122,0000,1215,106,2024-12-30 01:46:58.002201
08465,0000,1215,106,2024-12-30 01:46:58.018538
03404,0000,1215,106,2024-12-30 01:46:58.034535
00562,0000,1215,106,2024-12-30 01:46:58.050524
03131,0000,1215,106,2024-12-30 01:46:58.066521
14860,0000,1215,106,2024-12-30 01:46:58.082522
04370,0000,1215,106,2024-12-30 01:46:58.098518
44771,0000,1215,106,2024-12-30 01:46:58.114514
61718,0000,1215,106,2024-12-30 01:46:58.130517
02953,0000,1215,106,2024-12-30 01:46:58.161824
31001,0000,1215,106,2024-12-30 01:46:58.178522
04546,0000,1215,106,2024-12-30 01:46:58.194499
00017,0000,1215,106,2024-12-30 01:46:58.210491
22025,0000,1215,106,2024-12-30 01:46:58.226495
02770,0000,1215,106,2024-12-30 01:46:58.242524
05226,0000,1215,106,2024-12-30 01:46:58.258486
22317,0000,1215,106,2024-12-30 01:46:58.274487
14944,0001,1215,106,2024-12-30 01:46:58.290481
36919,0000,1215,106,2024-12-30 01:46:58.306487
20420,0001,1215,106,2024-12-30 01:46:58.338213
28433,0000,1215,106,2024-12-30 01:46:58.354457
03489,0000,1215,106,2024-12-30 01:46:58.370464
30531,0000,1215,106,2024-12-30 01:46:58.386459
11487,0000,1215,106,2024-12-30 01:46:58.402459
00668,0000,1215,106,2024-12-30 01:46:58.418454
04643,0000,1215,106,2024-12-30 01:46:58.434457
23607,0000,1215,106,2024-12-30 01:46:58.450434
04608,0000,1215,106,2024-12-30 01:46:58.466449
08426,0000,1215,106,2024-12-30 01:46:58.497858
02581,0000,1215,106,2024-12-30 01:46:58.514422
14361,0000,1215,106,2024-12-30 01:46:58.530421
43222,0000,1215,106,2024-12-30 01:46:58.546419
01492,0000,1215,106,2024-12-30 01:46:58.562414
47415,0000,1215,106,2024-12-30 01:46:58.578414
23111,0000,1215,106,2024-12-30 01:46:58.594406
05692,0001,1215,106,2024-12-30 01:46:58.610412
48309,0000,1215,106,2024-12-30 01:46:58.626400
26551,0000,1216,106,2024-12-30 01:46:58.642404
00640,0000,1215,106,2024-12-30 01:46:58.674231
08308,0000,1215,106,2024-12-30 01:46:58.690399
02074,0000,1215,106,2024-12-30 01:46:58.706397
48928,0000,1215,106,2024-12-30 01:46:58.722385
13953,0000,1216,106,2024-12-30 01:46:58.738393
20390,0000,1215,106,2024-12-30 01:46:58.754381
04239,0000,1215,106,2024-12-30 01:46:58.770376
05411,0000,1215,106,2024-12-30 01:46:58.786377
02174,0000,1215,106,2024-12-30 01:46:58.802371
04370,0000,1215,106,2024-12-30 01:46:58.833855
53257,0000,1215,106,2024-12-30 01:46:58.850365
01299,0000,1215,106,2024-12-30 01:46:58.866362
48810,0000,1215,106,2024-12-30 01:46:58.882364
03876,0000,1215,106,2024-12-30 01:46:58.898349
18651,0000,1215,106,2024-12-30 01:46:58.914355
30847,0000,1215,106,2024-12-30 01:46:58.930348
32298,0000,1215,106,2024-12-30 01:46:58.946343
14587,0000,1215,106,2024-12-30 01:46:58.962344
28659,0000,1215,106,2024-12-30 01:46:58.978342
01362,0000,1215,106,2024-12-30 01:46:59.010256
01387,0000,1215,106,2024-12-30 01:46:59.026319
03853,0000,1215,106,2024-12-30 01:46:59.042327
05275,0000,1215,106,2024-12-30 01:46:59.058313
05454,0000,1215,106,2024-12-30 01:46:59.074324
17796,0000,1215,106,2024-12-30 01:46:59.090325
49057,0001,1215,106,2024-12-30 01:46:59.106326
02269,0000,1215,106,2024-12-30 01:46:59.122307
18236,0000,1215,106,2024-12-30 01:46:59.138304
14788,0000,1215,106,2024-12-30 01:46:59.169892
04648,0000,1215,106,2024-12-30 01:46:59.186301
28019,0000,1215,106,2024-12-30 01:46:59.202298
40113,0000,1215,106,2024-12-30 01:46:59.218297
03016,0000,1215,106,2024-12-30 01:46:59.234288
03636,0001,1215,106,2024-12-30 01:46:59.250309
03994,0000,1215,106,2024-12-30 01:46:59.266281
31838,0000,1215,106,2024-12-30 01:46:59.282280
51284,0000,1216,106,2024-12-30 01:46:59.298279
03812,0000,1216,106,2024-12-30 01:46:59.314268
00436,0000,1215,106,2024-12-30 01:46:59.346263
05322,0000,1215,106,2024-12-30 01:46:59.362262
21811,0000,1216,106,2024-12-30 01:46:59.378254
02813,0000,1215,106,2024-12-30 01:46:59.394255
10988,0000,1216,106,2024-12-30 01:46:59.410252
01372,0000,1215,106,2024-12-30 01:46:59.426249
04638,0000,1215,106,2024-12-30 01:46:59.442245
35419,0001,1215,106,2024-12-30 01:46:59.458239
03111,0000,1215,106,2024-12-30 01:46:59.474250
20085,0000,1215,106,2024-12-30 01:46:59.505931
36844,0000,1215,106,2024-12-30 01:46:59.522232
20691,0000,1215,106,2024-12-30 01:46:59.538227
02789,0000,1215,106,2024-12-30 01:46:59.554228
00625,0000,1215,106,2024-12-30 01:46:59.570219
00647,0000,1215,106,2024-12-30 01:46:59.586220
02868,0000,1215,106,2024-12-30 01:46:59.602222
16234,0000,1216,106,2024-12-30 01:46:59.618224
49134,0000,1215,106,2024-12-30 01:46:59.634207
39298,0000,1216,106,2024-12-30 01:46:59.665572
00318,0000,1215,106,2024-12-30 01:46:59.682199
25341,0000,1215,106,2024-12-30 01:46:59.698197
03876,0000,1215,106,2024-12-30 01:46:59.714193
03843,0000,1215,106,2024-12-30 01:46:59.730192
00719,0000,1216,106,2024-12-30 01:46:59.746198
12924,0000,1215,106,2024-12-30 01:46:59.762189
26551,0000,1215,106,2024-12-30 01:46:59.778186
04746,0000,1215,106,2024-12-30 01:46:59.794180
05194,0000,1215,106,2024-12-30 01:46:59.810175
29138,0000,1215,106,2024-12-30 01:46:59.841936
28401,0000,1216,106,2024-12-30 01:46:59.858167
20298,0000,1215,106,2024-12-30 01:46:59.874172
04533,0000,1215,106,2024-12-30 01:46:59.890177
19396,0000,1215,106,2024-12-30 01:46:59.906169
30028,0000,1216,106,2024-12-30 01:46:59.922181
01441,0000,1215,106,2024-12-30 01:46:59.938178
03100,0000,1215,106,2024-12-30 01:46:59.954184
03743,0000,1215,106,2024-12-30 01:46:59.970177
02722,0000,1216,106,2024-12-30 01:47:00.001608
03695,0000,1216,106,2024-12-30 01:47:00.018186
23489,0000,1215,106,2024-12-30 01:47:00.034191
12949,0000,1215,106,2024-12-30 01:47:00.050192
04586,0000,1216,106,2024-12-30 01:47:00.066124
01479,0000,1216,106,2024-12-30 01:47:00.082123
38455,0000,1215,106,2024-12-30 01:47:00.098119
42626,0000,1216,106,2024-12-30 01:47:00.114115
44038,0000,1216,106,2024-12-30 01:47:00.130111
04519,0000,1215,106,2024-12-30 01:47:00.146110
44691,0000,1216,106,2024-12-30 01:47:00.177994
02986,0000,1215,106,2024-12-30 01:47:00.194098
01411,0000,1216,106,2024-12-30 01:47:00.210102
01826,0000,1216,106,2024-12-30 01:47:00.226094
20401,0000,1215,106,2024-12-30 01:47:00.242291
31330,0000,1215,106,2024-12-30 01:47:00.258121
13924,0000,1216,106,2024-12-30 01:47:00.274080
29560,0000,1216,106,2024-12-30 01:47:00.290088
24227,0000,1216,106,2024-12-30 01:47:00.306081
35325,0000,1215,106,2024-12-30 01:47:00.337615
26564,0000,1216,106,2024-12-30 01:47:00.354069
03662,0000,1215,106,2024-12-30 01:47:00.370069
00011,0000,1215,106,2024-12-30 01:47:00.386073
03620,0000,1216,106,2024-12-30 01:47:00.402058
01978,0000,1216,106,2024-12-30 01:47:00.418057
25920,0000,1216,106,2024-12-30 01:47:00.434051
43244,0000,1216,106,2024-12-30 01:47:00.450057
11087,0000,1216,106,2024-12-30 01:47:00.466046
09007,0001,1216,106,2024-12-30 01:47:00.482038
03489,0000,1216,106,2024-12-30 01:47:00.514018
03083,0000,1216,106,2024-12-30 01:47:00.530034
02369,0000,1216,106,2024-12-30 01:47:00.546025
21817,0000,1216,106,2024-12-30 01:47:00.562019
01402,0000,1216,106,2024-12-30 01:47:00.578018
17686,0000,1215,106,2024-12-30 01:47:00.594020
22318,0000,1216,106,2024-12-30 01:47:00.610003
05181,0000,1216,106,2024-12-30 01:47:00.626013
03775,0000,1216,106,2024-12-30 01:47:00.642011
20671,0000,1215,106,2024-12-30 01:47:00.673668
35573,0000,1216,106,2024-12-30 01:47:00.690009
40980,0000,1215,106,2024-12-30 01:47:00.705998
34848,0000,1216,106,2024-12-30 01:47:00.721993
01487,0001,1216,106,2024-12-30 01:47:00.737995
02956,0000,1216,106,2024-12-30 01:47:00.754001
29609,0001,1216,106,2024-12-30 01:47:00.769988
22468,0000,1216,106,2024-12-30 01:47:00.785979
13075,0000,1216,106,2024-12-30 01:47:00.801978
01662,0000,1216,106,2024-12-30 01:47:00.833313
04311,0000,1215,106,2024-12-30 01:47:00.849965
37011,0000,1216,106,2024-12-30 01:47:00.865970
24187,0000,1216,106,2024-12-30 01:47:00.881965
24755,0000,1215,106,2024-12-30 01:47:00.897962
03827,0000,1216,106,2024-12-30 01:47:00.913956
03044,0000,1216,106,2024-12-30 01:47:00.929954
01412,0000,1216,106,2024-12-30 01:47:00.945944
04822,0000,1216,106,2024-12-30 01:47:00.961947
17351,0000,1216,106,2024-12-30 01:47:00.977942
02099,0000,1216,106,2024-12-30 01:47:01.009704
00238,0000,1216,106,2024-12-30 01:47:01.025941
12380,0000,1216,106,2024-12-30 01:47:01.041943
57490,0000,1216,106,2024-12-30 01:47:01.057919
05230,0000,1216,106,2024-12-30 01:47:01.073931
06101,0000,1216,106,2024-12-30 01:47:01.089924
16193,0000,1216,106,2024-12-30 01:47:01.105921
04552,0001,1216,106,2024-12-30 01:47:01.121919
04598,0000,1216,106,2024-12-30 01:47:01.137919
35509,0000,1216,106,2024-12-30 01:47:01.169334
12546,0000,1216,106,2024-12-30 01:47:01.185905
05308,0000,1216,106,2024-12-30 01:47:01.201904
01534,0000,1216,106,2024-12-30 01:47:01.217898
03845,0000,1216,106,2024-12-30 01:47:01.233887
03594,0000,1216,106,2024-12-30 01:47:01.249910
09094,0001,1216,106,2024-12-30 01:47:01.265886
45507,0000,1216,106,2024-12-30 01:47:01.281894
03586,0000,1216,106,2024-12-30 01:47:01.297880
45466,0000,1216,106,2024-12-30 01:47:01.313892
01969,0000,1216,106,2024-12-30 01:47:01.345732
26654,0000,1216,106,2024-12-30 01:47:01.361862
09225,0000,1216,106,2024-12-30 01:47:01.377856
02709,0000,1216,106,2024-12-30 01:47:01.393872
04651,0000,1216,106,2024-12-30 01:47:01.409865
06206,0000,1216,106,2024-12-30 01:47:01.425861
01366,0000,1216,106,2024-12-30 01:47:01.441851
06121,0000,1216,106,2024-12-30 01:47:01.457851
09983,0000,1216,106,2024-12-30 01:47:01.473844
44202,0000,1216,106,2024-12-30 01:47:01.505347
24720,0000,1216,106,2024-12-30 01:47:01.521839
04547,0000,1216,106,2024-12-30 01:47:01.537837
03898,0000,1216,106,2024-12-30 01:47:01.553840
43121,0000,1216,106,2024-12-30 01:47:01.569833
02651,0000,1216,106,2024-12-30 01:47:01.585827
15444,0000,1216,106,2024-12-30 01:47:01.601818
14367,0000,1216,106,2024-12-30 01:47:01.618020
05534,0000,1216,106,2024-12-30 01:47:01.633837
46564,0000,1216,106,2024-12-30 01:47:01.649821
24018,0000,1216,106,2024-12-30 01:47:01.681753
02824,0001,1216,106,2024-12-30 01:47:01.697805
07486,0000,1216,106,2024-12-30 01:47:01.713803
02102,0000,1216,106,2024-12-30 01:47:01.729798
04705,0000,1216,106,2024-12-30 01:47:01.745813
03949,0000,1216,106,2024-12-30 01:47:01.761792
04044,0000,1216,106,2024-12-30 01:47:01.777795
39788,0000,1216,106,2024-12-30 01:47:01.793788
19579,0000,1216,106,2024-12-30 01:47:01.809791
51745,0000,1216,106,2024-12-30 01:47:01.841388
50029,0000,1216,106,2024-12-30 01:47:01.857785
03029,0000,1216,106,2024-12-30 01:47:01.873772
02387,0000,1216,106,2024-12-30 01:47:01.889775
01602,0000,1216,106,2024-12-30 01:47:01.905767
05406,0000,1216,106,2024-12-30 01:47:01.921766
33832,0000,1216,106,2024-12-30 01:47:01.937761
10064,0000,1216,106,2024-12-30 01:47:01.953751
03897,0000,1216,106,2024-12-30 01:47:01.969750
01412,0000,1216,106,2024-12-30 01:47:01.985752
04493,0000,1216,106,2024-12-30 01:47:02.017734
00745,0000,1216,106,2024-12-30 01:47:02.033741
61061,0000,1216,106,2024-12-30 01:47:02.049735
04302,0000,1216,106,2024-12-30 01:47:02.065731
03105,0000,1216,106,2024-12-30 01:47:02.081724
05059,0000,1216,106,2024-12-30 01:47:02.097725
14730,0000,1216,106,2024-12-30 01:47:02.113721
02987,0001,1216,106,2024-12-30 01:47:02.129722
00967,0000,1216,106,2024-12-30 01:47:02.145714
62501,0000,1216,106,2024-12-30 01:47:02.177406
07610,0000,1216,106,2024-12-30 01:47:02.193713
20821,0000,1216,106,2024-12-30 01:47:02.209707
05408,0000,1216,106,2024-12-30 01:47:02.225694
54233,0000,1216,106,2024-12-30 01:47:02.241731
20995,0000,1216,106,2024-12-30 01:47:02.257698
26645,0000,1216,106,2024-12-30 01:47:02.273691
42485,0000,1216,106,2024-12-30 01:47:02.289693
02605,0000,1216,106,2024-12-30 01:47:02.305688
30973,0000,1216,106,2024-12-30 01:47:02.337033
25592,0001,1216,106,2024-12-30 01:47:02.353669
19271,0000,1216,106,2024-12-30 01:47:02.369674
08625,0000,1216,106,2024-12-30 01:47:02.385668
05096,0000,1216,106,2024-12-30 01:47:02.401670
52454,0000,1216,106,2024-12-30 01:47:02.417660
01530,0000,1216,106,2024-12-30 01:47:02.433664
13342,0000,1216,106,2024-12-30 01:47:02.449657
02283,0000,1216,106,2024-12-30 01:47:02.465662
06978,0000,1216,106,2024-12-30 01:47:02.481654
54069,0000,1216,106,2024-12-30 01:47:02.513427
20906,0000,1216,106,2024-12-30 01:47:02.529637
23190,0000,1216,106,2024-12-30 01:47:02.545639
20513,0000,1216,106,2024-12-30 01:47:02.561629
16513,0000,1216,106,2024-12-30 01:47:02.577629
13034,0000,1216,106,2024-12-30 01:47:02.593636
64381,0000,1216,106,2024-12-30 01:47:02.609647
12375,0000,1216,106,2024-12-30 01:47:02.625635
31177,0000,1216,106,2024-12-30 01:47:02.641634
36140,0000,1216,106,2024-12-30 01:47:02.673097
03105,0000,1216,106,2024-12-30 01:47:02.689611
17106,0000,1216,106,2024-12-30 01:47:02.705613
13295,0000,1216,106,2024-12-30 01:47:02.721606
03066,0000,1216,106,2024-12-30 01:47:02.737617
31539,0000,1216,106,2024-12-30 01:47:02.753597
07060,0000,1216,106,2024-12-30 01:47:02.769597
34804,0000,1216,106,2024-12-30 01:47:02.785589
02633,0000,1216,106,2024-12-30 01:47:02.801585
26455,0000,1216,106,2024-12-30 01:47:02.817582
28153,0000,1216,106,2024-12-30 01:47:02.849450
10283,0000,1216,106,2024-12-30 01:47:02.865574
58333,0000,1216,106,2024-12-30 01:47:02.881567
28869,0000,1216,106,2024-12-30 01:47:02.897574
05153,0000,1216,106,2024-12-30 01:47:02.913566
05292,0000,1216,106,2024-12-30 01:47:02.929570
11037,0000,1216,106,2024-12-30 01:47:02.945562
64125,0000,1216,106,2024-12-30 01:47:02.961550
25658,0000,1216,106,2024-12-30 01:47:02.977551
18166,0000,1216,106,2024-12-30 01:47:03.009122
21874,0000,1216,106,2024-12-30 01:47:03.025559
03226,0000,1216,106,2024-12-30 01:47:03.041559
08571,0000,1216,106,2024-12-30 01:47:03.057567
08468,0000,1216,106,2024-12-30 01:47:03.073569
31206,0000,1216,106,2024-12-30 01:47:03.089567
28715,0000,1216,106,2024-12-30 01:47:03.105569
06653,0000,1216,106,2024-12-30 01:47:03.121570
10811,0000,1216,106,2024-12-30 01:47:03.137574
03554,0001,1216,106,2024-12-30 01:47:03.153573
01459,0000,1216,106,2024-12-30 01:47:03.185550
00452,0000,1216,106,2024-12-30 01:47:03.201509
26244,0000,1216,106,2024-12-30 01:47:03.217510
02262,0000,1216,106,2024-12-30 01:47:03.233501
04239,0000,1216,106,2024-12-30 01:47:03.249525
19399,0000,1216,106,2024-12-30 01:47:03.265497
10524,0000,1216,106,2024-12-30 01:47:03.281498
57612,0000,1216,106,2024-12-30 01:47:03.297488
00679,0000,1216,106,2024-12-30 01:47:03.313496
-0016,0000,1216,106,2024-12-30 01:47:03.345042
02493,0000,1216,106,2024-12-30 01:47:03.361485
01448,0000,1216,106,2024-12-30 01:47:03.377487
03782,0000,1216,106,2024-12-30 01:47:03.393493
24079,0000,1216,106,2024-12-30 01:47:03.409470
01740,0000,1216,106,2024-12-30 01:47:03.425473
04541,0000,1216,106,2024-12-30 01:47:03.441461
09295,0000,1216,106,2024-12-30 01:47:03.457462
05466,0000,1216,106,2024-12-30 01:47:03.473454
03337,0000,1216,106,2024-12-30 01:47:03.489461
08392,0000,1216,106,2024-12-30 01:47:03.521442
58430,0000,1216,106,2024-12-30 01:47:03.537445
04551,0000,1216,106,2024-12-30 01:47:03.553438
05309,0000,1216,106,2024-12-30 01:47:03.569439
22541,0000,1216,106,2024-12-30 01:47:03.585431
53300,0000,1216,106,2024-12-30 01:47:03.601434
02926,0000,1216,106,2024-12-30 01:47:03.617426
43141,0000,1217,106,2024-12-30 01:47:03.633427
14407,0000,1217,106,2024-12-30 01:47:03.649423
01686,0000,1216,106,2024-12-30 01:47:03.681150
01527,0000,1216,106,2024-12-30 01:47:03.697421
01893,0000,1216,106,2024-12-30 01:47:03.713409
02901,0000,1217,106,2024-12-30 01:47:03.729410
00351,0000,1216,106,2024-12-30 01:47:03.745412
02421,0000,1216,106,2024-12-30 01:47:03.761402
03736,0001,1217,106,2024-12-30 01:47:03.777405
10814,0000,1216,106,2024-12-30 01:47:03.793395
21506,0000,1216,106,2024-12-30 01:47:03.809394
34634,0000,1217,106,2024-12-30 01:47:03.840802
00546,0000,1216,106,2024-12-30 01:47:03.857390
04627,0000,1216,106,2024-12-30 01:47:03.873386
31316,0000,1216,106,2024-12-30 01:47:03.889380
08320,0000,1217,106,2024-12-30 01:47:03.905383
06889,0000,1216,106,2024-12-30 01:47:03.921373
10913,0000,1216,106,2024-12-30 01:47:03.937368
03964,0000,1216,106,2024-12-30 01:47:03.953361
24301,0000,1216,106,2024-12-30 01:47:03.969353
24102,0000,1216,106,2024-12-30 01:47:03.985356
00605,0000,1216,106,2024-12-30 01:47:04.017189
04535,0000,1216,106,2024-12-30 01:47:04.033340
20354,0000,1216,106,2024-12-30 01:47:04.049341
48402,0001,1216,106,2024-12-30 01:47:04.065337
00911,0000,1217,106,2024-12-30 01:47:04.081340
02081,0000,1216,106,2024-12-30 01:47:04.097332
40938,0000,1216,106,2024-12-30 01:47:04.113331
04780,0000,1216,106,2024-12-30 01:47:04.129327
13360,0000,1216,106,2024-12-30 01:47:04.145324
47347,0000,1217,106,2024-12-30 01:47:04.176788
05383,0000,1217,106,2024-12-30 01:47:04.193309
19288,0000,1216,106,2024-12-30 01:47:04.209307
32184,0000,1217,106,2024-12-30 01:47:04.225311
04460,0000,1217,106,2024-12-30 01:47:04.241324
02244,0000,1216,106,2024-12-30 01:47:04.257308
00720,0000,1217,106,2024-12-30 01:47:04.273304
00387,0000,1217,106,2024-12-30 01:47:04.289311
57604,0000,1217,106,2024-12-30 01:47:04.305299
23176,0000,1216,106,2024-12-30 01:47:04.321294
02345,0000,1217,106,2024-12-30 01:47:04.353215
03784,0000,1217,106,2024-12-30 01:47:04.369288
16820,0000,1216,106,2024-12-30 01:47:04.385277
01757,0000,1217,106,2024-12-30 01:47:04.401360
25567,0000,1217,106,2024-12-30 01:47:04.417270
47282,0000,1216,106,2024-12-30 01:47:04.433350
02284,0000,1217,106,2024-12-30 01:47:04.449270
00586,0000,1217,106,2024-12-30 01:47:04.465268
03127,0000,1217,106,2024-12-30 01:47:04.481257
01541,0000,1217,106,2024-12-30 01:47:04.512847
16311,0001,1217,106,2024-12-30 01:47:04.529256
03672,0000,1216,106,2024-12-30 01:47:04.545254
46290,0000,1216,106,2024-12-30 01:47:04.561246
03632,0000,1216,106,2024-12-30 01:47:04.577242
04344,0000,1217,106,2024-12-30 01:47:04.593232
30654,0000,1217,106,2024-12-30 01:47:04.609236
05209,0000,1217,106,2024-12-30 01:47:04.625233
02805,0000,1217,106,2024-12-30 01:47:04.641227
17957,0000,1217,106,2024-12-30 01:47:04.657225
49195,0000,1217,106,2024-12-30 01:47:04.689212
12743,0000,1217,106,2024-12-30 01:47:04.705212
03124,0001,1217,106,2024-12-30 01:47:04.721213
67615,0000,1216,106,2024-12-30 01:47:04.737209
05070,0000,1217,106,2024-12-30 01:47:04.753218
05325,0000,1216,106,2024-12-30 01:47:04.769202
04608,0000,1217,106,2024-12-30 01:47:04.785199
03912,0000,1217,106,2024-12-30 01:47:04.801199
40887,0000,1217,106,2024-12-30 01:47:04.817196
14049,0000,1217,106,2024-12-30 01:47:04.848868
04481,0000,1216,106,2024-12-30 01:47:04.865179
02869,0001,1216,106,2024-12-30 01:47:04.881176
01602,0000,1217,106,2024-12-30 01:47:04.897166
00705,0000,1217,106,2024-12-30 01:47:04.913173
00496,0000,1217,106,2024-12-30 01:47:04.929172
01493,0001,1217,106,2024-12-30 01:47:04.945160
49842,0000,1217,106,2024-12-30 01:47:04.961160
09324,0000,1217,106,2024-12-30 01:47:04.977166
10955,0000,1217,106,2024-12-30 01:47:05.008515
28007,0000,1217,106,2024-12-30 01:47:05.025160
03328,0000,1217,106,2024-12-30 01:47:05.041150
01481,0000,1216,106,2024-12-30 01:47:05.057154
03932,0000,1217,106,2024-12-30 01:47:05.073136
34624,0000,1217,106,2024-12-30 01:47:05.089138
30520,0000,1217,106,2024-12-30 01:47:05.105128
27930,0000,1217,106,2024-12-30 01:47:05.121131
15450,0000,1217,106,2024-12-30 01:47:05.137126
02029,0000,1217,106,2024-12-30 01:47:05.153125
03381,0000,1217,106,2024-12-30 01:47:05.184894
02940,0000,1217,106,2024-12-30 01:47:05.201121
11192,0000,1217,106,2024-12-30 01:47:05.217108
08138,0000,1217,106,2024-12-30 01:47:05.233111
02507,0000,1217,106,2024-12-30 01:47:05.249129
01313,0000,1217,106,2024-12-30 01:47:05.265108
00295,0001,1217,106,2024-12-30 01:47:05.281097
19406,0000,1217,106,2024-12-30 01:47:05.297095
05444,0000,1216,106,2024-12-30 01:47:05.313109
17708,0000,1217,106,2024-12-30 01:47:05.344527
08353,0001,1217,106,2024-12-30 01:47:05.361080
08131,0000,1217,106,2024-12-30 01:47:05.377083
54795,0000,1217,106,2024-12-30 01:47:05.393084
23778,0000,1217,106,2024-12-30 01:47:05.409078
09065,0000,1217,106,2024-12-30 01:47:05.425077
01723,0000,1217,106,2024-12-30 01:47:05.441078
29165,0000,1217,106,2024-12-30 01:47:05.457065
04584,0000,1217,106,2024-12-30 01:47:05.473062
04327,0000,1217,106,2024-12-30 01:47:05.489057
24043,0000,1217,106,2024-12-30 01:47:05.520925
15449,0000,1217,106,2024-12-30 01:47:05.537048
03081,0000,1217,106,2024-12-30 01:47:05.553043
26162,0000,1216,106,2024-12-30 01:47:05.569045
02808,0000,1217,106,2024-12-30 01:47:05.585033
23188,0000,1217,106,2024-12-30 01:47:05.601036
67655,0000,1217,106,2024-12-30 01:47:05.617028
04152,0000,1217,106,2024-12-30 01:47:05.633036
00039,0001,1217,106,2024-12-30 01:47:05.649025
03039,0000,1217,106,2024-12-30 01:47:05.680544
24579,0000,1217,106,2024-12-30 01:47:05.697029
15425,0000,1217,106,2024-12-30 01:47:05.713019
26313,0000,1217,106,2024-12-30 01:47:05.729000
00540,0000,1216,106,2024-12-30 01:47:05.745018
56598,0000,1217,106,2024-12-30 01:47:05.760997
45335,0000,1217,106,2024-12-30 01:47:05.777001
04581,0000,1217,106,2024-12-30 01:47:05.792994
03848,0000,1217,106,2024-12-30 01:47:05.808988
37656,0000,1217,106,2024-12-30 01:47:05.824990
05339,0000,1217,106,2024-12-30 01:47:05.856940
00260,0000,1217,106,2024-12-30 01:47:05.872982
33930,0000,1217,106,2024-12-30 01:47:05.888978
02906,0000,1217,106,2024-12-30 01:47:05.904978
24649,0000,1217,106,2024-12-30 01:47:05.920967
01026,0000,1217,106,2024-12-30 01:47:05.936966
07210,0000,1217,106,2024-12-30 01:47:05.952961
15581,0001,1217,106,2024-12-30 01:47:05.968955
00404,0000,1217,106,2024-12-30 01:47:05.984956
04193,0000,1217,106,2024-12-30 01:47:06.016565
19470,0000,1217,106,2024-12-30 01:47:06.032949
18373,0000,1217,106,2024-12-30 01:47:06.048950
06593,0001,1217,106,2024-12-30 01:47:06.064937
03059,0000,1217,106,2024-12-30 01:47:06.080938
03090,0000,1217,106,2024-12-30 01:47:06.096947
02365,0000,1217,106,2024-12-30 01:47:06.112939
28255,0000,1217,106,2024-12-30 01:47:06.128943
09170,0000,1217,106,2024-12-30 01:47:06.144946
58590,0000,1217,106,2024-12-30 01:47:06.160957
02308,0000,1217,106,2024-12-30 01:47:06.192952
05471,0000,1217,106,2024-12-30 01:47:06.208958
41480,0000,1217,106,2024-12-30 01:47:06.224953
26562,0000,1217,106,2024-12-30 01:47:06.240988
02145,0000,1217,106,2024-12-30 01:47:06.256964
03021,0000,1217,106,2024-12-30 01:47:06.272966
02966,0000,1217,106,2024-12-30 01:47:06.288894
46535,0000,1217,106,2024-12-30 01:47:06.304898
05125,0000,1217,106,2024-12-30 01:47:06.320889
03051,0000,1217,106,2024-12-30 01:47:06.352619
03521,0000,1217,106,2024-12-30 01:47:06.368890
01830,0000,1217,106,2024-12-30 01:47:06.384877
00767,0000,1217,106,2024-12-30 01:47:06.400883
22929,0000,1217,106,2024-12-30 01:47:06.416873
00372,0000,1217,106,2024-12-30 01:47:06.432871
04715,0000,1217,106,2024-12-30 01:47:06.448866
18521,0000,1217,106,2024-12-30 01:47:06.464873
10777,0000,1217,106,2024-12-30 01:47:06.480867
03832,0000,1217,106,2024-12-30 01:47:06.512257
26442,0000,1217,106,2024-12-30 01:47:06.528845
50031,0000,1217,106,2024-12-30 01:47:06.544848
03629,0000,1217,106,2024-12-30 01:47:06.560836
00519,0000,1217,106,2024-12-30 01:47:06.576840
04105,0000,1217,106,2024-12-30 01:47:06.592834
16792,0000,1217,106,2024-12-30 01:47:06.608838
00690,0000,1217,106,2024-12-30 01:47:06.624828
01518,0000,1217,106,2024-12-30 01:47:06.640826
03605,0000,1217,106,2024-12-30 01:47:06.656818
00095,0000,1217,106,2024-12-30 01:47:06.688635
00471,0000,1217,106,2024-12-30 01:47:06.704818
33618,0000,1217,106,2024-12-30 01:47:06.720810
10054,0000,1217,106,2024-12-30 01:47:06.736803
67620,0000,1217,106,2024-12-30 01:47:06.752807
32292,0000,1217,106,2024-12-30 01:47:06.768798
01398,0000,1217,106,2024-12-30 01:47:06.784799
32071,0000,1217,106,2024-12-30 01:47:06.800789
11101,0000,1217,106,2024-12-30 01:47:06.816793
04565,0000,1217,106,2024-12-30 01:47:06.848280
23564,0000,1217,106,2024-12-30 01:47:06.864787
05513,0000,1217,106,2024-12-30 01:47:06.880796
18725,0001,1217,106,2024-12-30 01:47:06.896770
21006,0000,1217,106,2024-12-30 01:47:06.912769
14831,0000,1217,106,2024-12-30 01:47:06.928770
26871,0000,1217,106,2024-12-30 01:47:06.944759
45480,0000,1217,106,2024-12-30 01:47:06.960840
24130,0000,1217,106,2024-12-30 01:47:06.976782
03780,0000,1217,106,2024-12-30 01:47:06.992770
43866,0001,1217,106,2024-12-30 01:47:07.024678
04087,0000,1217,106,2024-12-30 01:47:07.040745
03740,0000,1217,106,2024-12-30 01:47:07.056748
06627,0000,1217,106,2024-12-30 01:47:07.072744
07199,0000,1217,106,2024-12-30 01:47:07.088764
05358,0000,1217,106,2024-12-30 01:47:07.104739
06908,0000,1217,106,2024-12-30 01:47:07.120725
04853,0000,1217,106,2024-12-30 01:47:07.136732
05292,0000,1217,106,2024-12-30 01:47:07.152721
29409,0000,1217,106,2024-12-30 01:47:07.184319
00481,0000,1217,106,2024-12-30 01:47:07.200724
25718,0000,1218,106,2024-12-30 01:47:07.216708
02628,0000,1217,106,2024-12-30 01:47:07.232709
23996,0000,1217,106,2024-12-30 01:47:07.248743
02080,0000,1217,106,2024-12-30 01:47:07.264714
30106,0000,1217,106,2024-12-30 01:47:07.280696
48892,0000,1217,106,2024-12-30 01:47:07.296711
02800,0000,1217,106,2024-12-30 01:47:07.312694
00484,0000,1217,106,2024-12-30 01:47:07.328687
40180,0000,1217,106,2024-12-30 01:47:07.360686
07906,0000,1217,106,2024-12-30 01:47:07.376684
00648,0000,1217,106,2024-12-30 01:47:07.392688
09186,0000,1217,106,2024-12-30 01:47:07.408671
59267,0000,1217,106,2024-12-30 01:47:07.424669
37679,0000,1217,106,2024-12-30 01:47:07.440665
00205,0000,1217,106,2024-12-30 01:47:07.456660
05676,0000,1217,106,2024-12-30 01:47:07.472660
12062,0000,1217,106,2024-12-30 01:47:07.488656
02314,0000,1217,106,2024-12-30 01:47:07.520335
62555,0000,1217,106,2024-12-30 01:47:07.536656
37712,0000,1217,106,2024-12-30 01:47:07.552641
02081,0000,1217,106,2024-12-30 01:47:07.568643
01351,0000,1217,106,2024-12-30 01:47:07.584637
01820,0000,1217,106,2024-12-30 01:47:07.600649
05347,0000,1217,106,2024-12-30 01:47:07.616636
02619,0000,1217,106,2024-12-30 01:47:07.632634
04360,0000,1217,106,2024-12-30 01:47:07.648636
40229,0000,1217,106,2024-12-30 01:47:07.679977
09824,0000,1217,106,2024-12-30 01:47:07.696615
23818,0000,1217,106,2024-12-30 01:47:07.712632
25866,0000,1217,106,2024-12-30 01:47:07.728610
02870,0000,1217,106,2024-12-30 01:47:07.744624
04458,0000,1217,106,2024-12-30 01:47:07.760611
04798,0000,1217,106,2024-12-30 01:47:07.776610
04580,0000,1217,106,2024-12-30 01:47:07.792594
03858,0000,1217,106,2024-12-30 01:47:07.808607
03676,0000,1217,106,2024-12-30 01:47:07.824599
01532,0000,1218,106,2024-12-30 01:47:07.856357
03121,0000,1217,106,2024-12-30 01:47:07.872635
27897,0000,1217,106,2024-12-30 01:47:07.888585
29018,0000,1217,106,2024-12-30 01:47:07.904584
53394,0000,1217,106,2024-12-30 01:47:07.920586
02299,0000,1217,106,2024-12-30 01:47:07.936570
02131,0000,1218,106,2024-12-30 01:47:07.952570
07850,0000,1217,106,2024-12-30 01:47:07.968563
21303,0000,1217,106,2024-12-30 01:47:07.984561
01040,0000,1217,106,2024-12-30 01:47:08.016012
43805,0000,1217,106,2024-12-30 01:47:08.032558
04482,0001,1217,106,2024-12-30 01:47:08.048560
03786,0000,1217,106,2024-12-30 01:47:08.064550
00777,0000,1217,106,2024-12-30 01:47:08.080540
05440,0000,1217,106,2024-12-30 01:47:08.096542
02293,0000,1218,106,2024-12-30 01:47:08.112533
08571,0000,1217,106,2024-12-30 01:47:08.128548
26350,0000,1217,106,2024-12-30 01:47:08.144534
07609,0000,1217,106,2024-12-30 01:47:08.160533
00915,0000,1217,106,2024-12-30 01:47:08.192384
22624,0000,1217,106,2024-12-30 01:47:08.208512
27972,0000,1217,106,2024-12-30 01:47:08.224527
03612,0000,1217,106,2024-12-30 01:47:08.240552
04682,0000,1217,106,2024-12-30 01:47:08.256520
34757,0000,1217,106,2024-12-30 01:47:08.272510
24840,0000,1217,106,2024-12-30 01:47:08.288509
05401,0000,1218,106,2024-12-30 01:47:08.304511
04254,0000,1217,106,2024-12-30 01:47:08.320499
22883,0000,1217,106,2024-12-30 01:47:08.352041
01370,0000,1217,106,2024-12-30 01:47:08.368486
01965,0000,1218,106,2024-12-30 01:47:08.384486
47516,0000,1218,106,2024-12-30 01:47:08.400476
03365,0000,1218,106,2024-12-30 01:47:08.416482
40867,0000,1217,106,2024-12-30 01:47:08.432487
25717,0000,1217,106,2024-12-30 01:47:08.448536
49168,0000,1217,106,2024-12-30 01:47:08.464477
35358,0000,1217,106,2024-12-30 01:47:08.480462
00737,0000,1217,106,2024-12-30 01:47:08.496463
00019,0000,1217,106,2024-12-30 01:47:08.528349
25869,0000,1217,106,2024-12-30 01:47:08.544488
04462,0000,1217,106,2024-12-30 01:47:08.560461
15446,0000,1218,106,2024-12-30 01:47:08.576445
30166,0000,1217,106,2024-12-30 01:47:08.592448
01422,0000,1218,106,2024-12-30 01:47:08.608440
01505,0000,1217,106,2024-12-30 01:47:08.624450
03007,0000,1218,106,2024-12-30 01:47:08.640450
00222,0000,1217,106,2024-12-30 01:47:08.656471
26784,0000,1218,106,2024-12-30 01:47:08.688082
58987,0000,1218,106,2024-12-30 01:47:08.704422
02235,0000,1217,106,2024-12-30 01:47:08.720413
02046,0000,1218,106,2024-12-30 01:47:08.736412
11344,0001,1218,106,2024-12-30 01:47:08.752438
01216,0000,1217,106,2024-12-30 01:47:08.768418
04672,0000,1217,106,2024-12-30 01:47:08.784409
04034,0000,1217,106,2024-12-30 01:47:08.800403
02029,0000,1218,106,2024-12-30 01:47:08.816405
02815,0000,1218,106,2024-12-30 01:47:08.847712
05330,0000,1217,106,2024-12-30 01:47:08.864403
15439,0000,1217,106,2024-12-30 01:47:08.880396
03690,0001,1218,106,2024-12-30 01:47:08.896384
02345,0000,1218,106,2024-12-30 01:47:08.912378
05525,0000,1218,106,2024-12-30 01:47:08.928379
54172,0000,1217,106,2024-12-30 01:47:08.944379
17530,0001,1218,106,2024-12-30 01:47:08.960377
04879,0000,1217,106,2024-12-30 01:47:08.976372
18950,0000,1218,106,2024-12-30 01:47:08.992358
24501,0000,1218,106,2024-12-30 01:47:09.024106
47262,0000,1218,106,2024-12-30 01:47:09.040354
00382,0000,1218,106,2024-12-30 01:47:09.056342
05494,0000,1217,106,2024-12-30 01:47:09.072363
03826,0000,1217,106,2024-12-30 01:47:09.088343
17796,0000,1218,106,2024-12-30 01:47:09.104345
02917,0000,1218,106,2024-12-30 01:47:09.120338
02227,0000,1217,106,2024-12-30 01:47:09.136335
04655,0000,1218,106,2024-12-30 01:47:09.152326
60661,0000,1217,106,2024-12-30 01:47:09.183735
00157,0000,1218,106,2024-12-30 01:47:09.200325
05369,0000,1218,106,2024-12-30 01:47:09.216327
25085,0000,1217,106,2024-12-30 01:47:09.232327
04689,0000,1218,106,2024-12-30 01:47:09.248359
04167,0000,1217,106,2024-12-30 01:47:09.264336
09906,0000,1217,106,2024-12-30 01:47:09.280350
23643,0000,1217,106,2024-12-30 01:47:09.296335
21037,0000,1218,106,2024-12-30 01:47:09.312345
