DIST,AMP,TEMP,VOLT,Timestamp
00005,1454,1180,106,2024-12-29 23:58:44.343233
18442,1446,1181,106,2024-12-29 23:58:44.359227
48770,0000,1180,106,2024-12-29 23:58:44.375152
04440,0000,1181,106,2024-12-29 23:58:44.391103
48792,0001,1181,106,2024-12-29 23:58:44.423037
17176,0000,1181,106,2024-12-29 23:58:44.439198
10910,0000,1181,106,2024-12-29 23:58:44.455239
02017,0000,1180,106,2024-12-29 23:58:44.471119
50908,0000,1181,106,2024-12-29 23:58:44.487042
40946,0000,1181,106,2024-12-29 23:58:44.503021
21485,0000,1181,106,2024-12-29 23:58:44.518999
03751,0000,1181,106,2024-12-29 23:58:44.535009
59240,0001,1181,106,2024-12-29 23:58:44.550998
04611,0000,1181,106,2024-12-29 23:58:44.582717
57646,0000,1180,106,2024-12-29 23:58:44.599005
04389,0000,1181,106,2024-12-29 23:58:44.615000
67578,0000,1180,106,2024-12-29 23:58:44.630979
03819,0000,1181,106,2024-12-29 23:58:44.646983
27088,0000,1180,106,2024-12-29 23:58:44.662977
04657,0000,1180,106,2024-12-29 23:58:44.678977
05487,0000,1180,106,2024-12-29 23:58:44.694967
05448,0000,1180,106,2024-12-29 23:58:44.710974
14623,0000,1180,106,2024-12-29 23:58:44.742371
10647,0000,1181,106,2024-12-29 23:58:44.758959
00553,0000,1181,106,2024-12-29 23:58:44.774969
50609,0000,1180,106,2024-12-29 23:58:44.790957
29728,0000,1181,106,2024-12-29 23:58:44.806955
22724,0000,1181,106,2024-12-29 23:58:44.822951
24738,0000,1180,106,2024-12-29 23:58:44.838956
48743,0000,1181,106,2024-12-29 23:58:44.854977
01352,0000,1180,106,2024-12-29 23:58:44.870934
44541,0001,1180,106,2024-12-29 23:58:44.886933
04006,0000,1181,106,2024-12-29 23:58:44.918755
01256,0000,1180,106,2024-12-29 23:58:44.934948
04643,0000,1180,106,2024-12-29 23:58:44.950927
67812,0000,1181,106,2024-12-29 23:58:44.966914
29625,0000,1181,106,2024-12-29 23:58:44.982919
27265,0000,1181,106,2024-12-29 23:58:44.998932
04448,0000,1180,106,2024-12-29 23:58:45.014919
07553,0000,1181,106,2024-12-29 23:58:45.030910
04646,0000,1180,106,2024-12-29 23:58:45.046902
03055,0000,1180,106,2024-12-29 23:58:45.078378
07859,0001,1180,106,2024-12-29 23:58:45.094903
07803,0000,1181,106,2024-12-29 23:58:45.110890
21236,0000,1181,106,2024-12-29 23:58:45.126892
03642,0000,1180,106,2024-12-29 23:58:45.142886
21729,0000,1181,106,2024-12-29 23:58:45.158891
15997,0000,1180,106,2024-12-29 23:58:45.174876
03148,0000,1181,106,2024-12-29 23:58:45.190882
00322,0000,1180,106,2024-12-29 23:58:45.206869
05385,0000,1180,106,2024-12-29 23:58:45.222867
31476,0001,1181,106,2024-12-29 23:58:45.254786
09250,0000,1180,106,2024-12-29 23:58:45.270856
03849,0000,1180,106,2024-12-29 23:58:45.286864
02962,0000,1180,106,2024-12-29 23:58:45.302868
01276,0000,1180,106,2024-12-29 23:58:45.318854
04484,0000,1180,106,2024-12-29 23:58:45.334844
04538,0000,1180,106,2024-12-29 23:58:45.350849
05457,0000,1181,106,2024-12-29 23:58:45.366837
50912,0000,1180,106,2024-12-29 23:58:45.382842
53936,0000,1180,106,2024-12-29 23:58:45.414400
03924,0000,1180,106,2024-12-29 23:58:45.430835
62760,0000,1180,106,2024-12-29 23:58:45.446829
05096,0000,1180,106,2024-12-29 23:58:45.462825
39379,0000,1180,106,2024-12-29 23:58:45.478813
45695,0000,1180,106,2024-12-29 23:58:45.494817
00797,0000,1180,106,2024-12-29 23:58:45.510817
15525,0000,1180,106,2024-12-29 23:58:45.526817
00688,0000,1180,106,2024-12-29 23:58:45.542806
02315,0000,1180,106,2024-12-29 23:58:45.558807
05224,0000,1180,106,2024-12-29 23:58:45.590802
04236,0000,1180,106,2024-12-29 23:58:45.606802
00061,0000,1180,106,2024-12-29 23:58:45.622796
19359,0000,1180,106,2024-12-29 23:58:45.638789
06314,0000,1180,106,2024-12-29 23:58:45.654797
02211,0000,1180,106,2024-12-29 23:58:45.670794
50673,0000,1180,106,2024-12-29 23:58:45.686791
03860,0000,1180,106,2024-12-29 23:58:45.702773
04968,0000,1180,106,2024-12-29 23:58:45.718779
17100,0000,1180,106,2024-12-29 23:58:45.750429
03500,0000,1180,106,2024-12-29 23:58:45.766775
07668,0000,1180,106,2024-12-29 23:58:45.782767
01340,0000,1180,106,2024-12-29 23:58:45.798767
01918,0000,1180,106,2024-12-29 23:58:45.814752
00028,0000,1180,106,2024-12-29 23:58:45.830756
55983,0000,1180,106,2024-12-29 23:58:45.846746
63426,0000,1180,106,2024-12-29 23:58:45.862749
38483,0000,1180,106,2024-12-29 23:58:45.878738
04615,0000,1180,106,2024-12-29 23:58:45.910061
04575,0000,1180,106,2024-12-29 23:58:45.926745
02794,0000,1180,106,2024-12-29 23:58:45.942721
31410,0000,1180,106,2024-12-29 23:58:45.958733
00731,0000,1180,106,2024-12-29 23:58:45.974718
02748,0000,1180,106,2024-12-29 23:58:45.990730
04672,0000,1180,106,2024-12-29 23:58:46.006718
25834,0000,1180,106,2024-12-29 23:58:46.022715
09297,0000,1180,106,2024-12-29 23:58:46.038705
21033,0000,1180,106,2024-12-29 23:58:46.054713
03805,0000,1180,106,2024-12-29 23:58:46.086470
17274,0000,1180,106,2024-12-29 23:58:46.102701
11823,0000,1180,106,2024-12-29 23:58:46.118697
26942,0000,1180,106,2024-12-29 23:58:46.134687
13093,0000,1180,106,2024-12-29 23:58:46.150698
14754,0000,1180,106,2024-12-29 23:58:46.166688
16852,0000,1180,106,2024-12-29 23:58:46.182684
59977,0000,1180,106,2024-12-29 23:58:46.198693
18666,0000,1180,106,2024-12-29 23:58:46.214693
01940,0000,1180,106,2024-12-29 23:58:46.246132
03853,0000,1180,106,2024-12-29 23:58:46.262699
11683,0000,1180,106,2024-12-29 23:58:46.278703
17207,0000,1180,106,2024-12-29 23:58:46.294708
04497,0000,1180,106,2024-12-29 23:58:46.310708
00701,0000,1180,106,2024-12-29 23:58:46.326706
16311,0000,1180,106,2024-12-29 23:58:46.342712
01327,0000,1180,106,2024-12-29 23:58:46.358710
03061,0000,1180,106,2024-12-29 23:58:46.374717
02223,0000,1180,106,2024-12-29 23:58:46.390645
58523,0000,1180,106,2024-12-29 23:58:46.422480
00755,0000,1180,106,2024-12-29 23:58:46.438645
00702,0000,1180,106,2024-12-29 23:58:46.454632
10697,0000,1180,106,2024-12-29 23:58:46.470635
54874,0000,1180,106,2024-12-29 23:58:46.486617
56507,0000,1180,106,2024-12-29 23:58:46.502622
03872,0000,1180,106,2024-12-29 23:58:46.518613
05279,0000,1180,106,2024-12-29 23:58:46.534617
02134,0000,1180,106,2024-12-29 23:58:46.550608
04466,0000,1180,106,2024-12-29 23:58:46.582116
54172,0000,1180,106,2024-12-29 23:58:46.598617
01613,0000,1180,106,2024-12-29 23:58:46.614600
27953,0000,1180,106,2024-12-29 23:58:46.630602
52397,0000,1180,106,2024-12-29 23:58:46.646591
62416,0000,1180,106,2024-12-29 23:58:46.662593
23488,0000,1180,106,2024-12-29 23:58:46.678591
04888,0000,1180,106,2024-12-29 23:58:46.694592
53933,0000,1180,106,2024-12-29 23:58:46.710587
02610,0000,1180,106,2024-12-29 23:58:46.726579
41694,0000,1180,106,2024-12-29 23:58:46.758525
00918,0000,1180,106,2024-12-29 23:58:46.774583
04195,0000,1180,106,2024-12-29 23:58:46.790566
03659,0000,1180,106,2024-12-29 23:58:46.806563
01791,0000,1180,106,2024-12-29 23:58:46.822563
05031,0000,1180,106,2024-12-29 23:58:46.838564
66733,0000,1180,106,2024-12-29 23:58:46.854555
04656,0000,1180,106,2024-12-29 23:58:46.870561
40226,0000,1180,106,2024-12-29 23:58:46.886552
10878,0000,1180,106,2024-12-29 23:58:46.918130
24781,0000,1180,106,2024-12-29 23:58:46.934548
20121,0000,1180,106,2024-12-29 23:58:46.950542
02163,0000,1180,106,2024-12-29 23:58:46.966545
03768,0000,1180,106,2024-12-29 23:58:46.982543
49576,0000,1180,106,2024-12-29 23:58:46.998528
28665,0000,1180,106,2024-12-29 23:58:47.014528
24893,0000,1180,106,2024-12-29 23:58:47.030515
36157,0000,1180,106,2024-12-29 23:58:47.046517
02499,0000,1180,106,2024-12-29 23:58:47.062514
10733,0000,1180,106,2024-12-29 23:58:47.094510
00372,0000,1180,106,2024-12-29 23:58:47.110512
52270,0000,1180,106,2024-12-29 23:58:47.126503
07204,0000,1180,106,2024-12-29 23:58:47.142510
01477,0000,1180,106,2024-12-29 23:58:47.158500
09442,0000,1180,106,2024-12-29 23:58:47.174504
01235,0000,1180,106,2024-12-29 23:58:47.190487
01460,0000,1180,106,2024-12-29 23:58:47.206495
02095,0000,1180,106,2024-12-29 23:58:47.222482
22380,0001,1180,106,2024-12-29 23:58:47.254171
01204,0000,1180,106,2024-12-29 23:58:47.270480
04625,0000,1180,106,2024-12-29 23:58:47.286469
03859,0000,1180,106,2024-12-29 23:58:47.302476
34060,0000,1180,106,2024-12-29 23:58:47.318475
11008,0000,1180,106,2024-12-29 23:58:47.334473
56782,0000,1180,106,2024-12-29 23:58:47.350463
23557,0000,1180,106,2024-12-29 23:58:47.366464
13456,0000,1180,106,2024-12-29 23:58:47.382461
05342,0000,1180,106,2024-12-29 23:58:47.413811
53951,0000,1180,106,2024-12-29 23:58:47.430432
25451,0000,1180,106,2024-12-29 23:58:47.446434
00831,0000,1180,106,2024-12-29 23:58:47.462431
04608,0000,1179,106,2024-12-29 23:58:47.478429
03711,0000,1180,106,2024-12-29 23:58:47.494427
36298,0000,1180,106,2024-12-29 23:58:47.510432
43936,0000,1180,106,2024-12-29 23:58:47.526414
22264,0000,1180,106,2024-12-29 23:58:47.542416
01167,0000,1180,106,2024-12-29 23:58:47.558409
04432,0000,1180,106,2024-12-29 23:58:47.590191
20333,0001,1180,106,2024-12-29 23:58:47.606390
03754,0000,1180,106,2024-12-29 23:58:47.622396
00671,0000,1180,106,2024-12-29 23:58:47.638396
00548,0000,1180,106,2024-12-29 23:58:47.654389
15357,0000,1180,106,2024-12-29 23:58:47.670392
01291,0000,1180,106,2024-12-29 23:58:47.686385
12545,0000,1180,106,2024-12-29 23:58:47.702375
08507,0000,1180,106,2024-12-29 23:58:47.718375
62776,0000,1180,106,2024-12-29 23:58:47.749835
04379,0000,1180,106,2024-12-29 23:58:47.766381
38572,0000,1180,106,2024-12-29 23:58:47.782379
08547,0000,1180,106,2024-12-29 23:58:47.798359
15618,0001,1180,106,2024-12-29 23:58:47.814362
02286,0000,1179,106,2024-12-29 23:58:47.830356
39498,0000,1180,106,2024-12-29 23:58:47.846361
03176,0000,1180,106,2024-12-29 23:58:47.862350
01561,0000,1180,106,2024-12-29 23:58:47.878349
24804,0001,1180,106,2024-12-29 23:58:47.894350
02521,0000,1180,106,2024-12-29 23:58:47.926214
50100,0000,1180,106,2024-12-29 23:58:47.942339
01524,0000,1180,106,2024-12-29 23:58:47.958329
02969,0000,1180,106,2024-12-29 23:58:47.974327
14031,0000,1180,106,2024-12-29 23:58:47.990326
03609,0000,1180,106,2024-12-29 23:58:48.006318
02070,0000,1180,106,2024-12-29 23:58:48.022318
58096,0000,1180,106,2024-12-29 23:58:48.038312
53257,0000,1180,106,2024-12-29 23:58:48.054313
43958,0000,1180,106,2024-12-29 23:58:48.085874
58425,0000,1180,106,2024-12-29 23:58:48.102301
06920,0000,1180,106,2024-12-29 23:58:48.118304
40765,0000,1180,106,2024-12-29 23:58:48.134296
07439,0000,1180,106,2024-12-29 23:58:48.150292
12464,0000,1180,106,2024-12-29 23:58:48.166303
02979,0000,1180,106,2024-12-29 23:58:48.182284
25606,0000,1180,106,2024-12-29 23:58:48.198281
05559,0000,1180,106,2024-12-29 23:58:48.214288
02631,0000,1180,106,2024-12-29 23:58:48.230290
02305,0000,1180,106,2024-12-29 23:58:48.262267
05511,0000,1180,106,2024-12-29 23:58:48.278273
01771,0000,1180,106,2024-12-29 23:58:48.294275
09925,0001,1180,106,2024-12-29 23:58:48.310272
12723,0000,1180,106,2024-12-29 23:58:48.326266
04358,0000,1180,106,2024-12-29 23:58:48.342262
14810,0000,1180,106,2024-12-29 23:58:48.358263
33211,0001,1180,106,2024-12-29 23:58:48.374253
07652,0000,1180,106,2024-12-29 23:58:48.390253
31481,0000,1180,106,2024-12-29 23:58:48.421899
05359,0000,1180,106,2024-12-29 23:58:48.438245
05364,0000,1180,106,2024-12-29 23:58:48.454244
03858,0000,1179,106,2024-12-29 23:58:48.470234
04375,0000,1180,106,2024-12-29 23:58:48.486230
25344,0000,1180,106,2024-12-29 23:58:48.502225
26750,0000,1180,106,2024-12-29 23:58:48.518221
08338,0000,1180,106,2024-12-29 23:58:48.534231
49800,0000,1180,106,2024-12-29 23:58:48.550229
03843,0000,1179,106,2024-12-29 23:58:48.581530
00514,0000,1180,106,2024-12-29 23:58:48.598218
01155,0000,1180,106,2024-12-29 23:58:48.614207
03736,0000,1180,106,2024-12-29 23:58:48.630206
01005,0000,1180,106,2024-12-29 23:58:48.646201
13987,0000,1180,106,2024-12-29 23:58:48.662200
02356,0000,1180,106,2024-12-29 23:58:48.678197
16275,0000,1180,106,2024-12-29 23:58:48.694188
00263,0000,1179,106,2024-12-29 23:58:48.710185
09394,0000,1180,106,2024-12-29 23:58:48.726180
28576,0000,1180,106,2024-12-29 23:58:48.757910
04870,0000,1180,106,2024-12-29 23:58:48.774179
03642,0000,1180,106,2024-12-29 23:58:48.790170
04427,0000,1180,106,2024-12-29 23:58:48.806170
15656,0000,1179,106,2024-12-29 23:58:48.822162
33727,0000,1180,106,2024-12-29 23:58:48.838160
02956,0000,1180,106,2024-12-29 23:58:48.854152
02131,0000,1180,106,2024-12-29 23:58:48.870162
13299,0000,1180,106,2024-12-29 23:58:48.886155
54302,0000,1180,106,2024-12-29 23:58:48.917552
15676,0000,1180,106,2024-12-29 23:58:48.934151
25577,0000,1179,106,2024-12-29 23:58:48.950148
02714,0000,1180,106,2024-12-29 23:58:48.966149
39318,0001,1179,106,2024-12-29 23:58:48.982136
12951,0000,1180,106,2024-12-29 23:58:48.998138
04854,0000,1180,106,2024-12-29 23:58:49.014128
27337,0000,1179,106,2024-12-29 23:58:49.030129
04509,0000,1180,106,2024-12-29 23:58:49.046122
03009,0000,1180,106,2024-12-29 23:58:49.062126
05463,0000,1180,106,2024-12-29 23:58:49.093935
02477,0000,1179,106,2024-12-29 23:58:49.110111
06786,0000,1179,106,2024-12-29 23:58:49.126107
03076,0000,1179,106,2024-12-29 23:58:49.142107
00915,0000,1179,106,2024-12-29 23:58:49.158100
20388,0000,1180,106,2024-12-29 23:58:49.174093
05211,0000,1180,106,2024-12-29 23:58:49.190098
49134,0000,1180,106,2024-12-29 23:58:49.206100
02222,0000,1180,106,2024-12-29 23:58:49.222089
00439,0000,1180,106,2024-12-29 23:58:49.253572
00797,0000,1179,106,2024-12-29 23:58:49.270087
34651,0000,1180,106,2024-12-29 23:58:49.286079
06193,0000,1180,106,2024-12-29 23:58:49.302091
36252,0000,1180,106,2024-12-29 23:58:49.318073
05495,0000,1179,106,2024-12-29 23:58:49.334071
13897,0000,1179,106,2024-12-29 23:58:49.350074
43928,0000,1180,106,2024-12-29 23:58:49.366078
20653,0000,1180,106,2024-12-29 23:58:49.382086
27329,0000,1180,106,2024-12-29 23:58:49.398079
03860,0000,1180,106,2024-12-29 23:58:49.429999
07033,0000,1180,106,2024-12-29 23:58:49.446084
15587,0000,1180,106,2024-12-29 23:58:49.462086
04530,0000,1179,106,2024-12-29 23:58:49.478088
45562,0000,1180,106,2024-12-29 23:58:49.494087
02773,0000,1179,106,2024-12-29 23:58:49.510097
01139,0000,1180,106,2024-12-29 23:58:49.526095
00607,0000,1180,106,2024-12-29 23:58:49.542026
17939,0000,1180,106,2024-12-29 23:58:49.558025
04525,0001,1179,106,2024-12-29 23:58:49.589599
04546,0000,1180,106,2024-12-29 23:58:49.606015
04658,0000,1180,106,2024-12-29 23:58:49.622015
00147,0000,1179,106,2024-12-29 23:58:49.638014
02038,0000,1180,106,2024-12-29 23:58:49.654007
01550,0000,1180,106,2024-12-29 23:58:49.670006
61045,0000,1180,106,2024-12-29 23:58:49.685998
05407,0000,1179,106,2024-12-29 23:58:49.701992
31182,0000,1180,106,2024-12-29 23:58:49.717996
45540,0000,1180,106,2024-12-29 23:58:49.733998
62759,0000,1180,106,2024-12-29 23:58:49.765993
01228,0000,1179,106,2024-12-29 23:58:49.781981
00921,0000,1180,106,2024-12-29 23:58:49.797975
04576,0000,1179,106,2024-12-29 23:58:49.813984
05159,0000,1180,106,2024-12-29 23:58:49.829976
04142,0000,1180,106,2024-12-29 23:58:49.845973
17275,0000,1179,106,2024-12-29 23:58:49.861978
07922,0000,1179,106,2024-12-29 23:58:49.877965
03410,0000,1180,106,2024-12-29 23:58:49.893970
14113,0000,1179,106,2024-12-29 23:58:49.925641
04568,0000,1180,106,2024-12-29 23:58:49.941954
04613,0000,1179,106,2024-12-29 23:58:49.957957
00904,0000,1179,106,2024-12-29 23:58:49.973944
20173,0000,1180,106,2024-12-29 23:58:49.989944
04627,0000,1179,106,2024-12-29 23:58:50.005938
03543,0000,1180,106,2024-12-29 23:58:50.021936
17604,0000,1180,106,2024-12-29 23:58:50.037926
02206,0000,1180,106,2024-12-29 23:58:50.053927
25515,0000,1179,106,2024-12-29 23:58:50.085277
21688,0000,1179,106,2024-12-29 23:58:50.101915
00744,0001,1179,106,2024-12-29 23:58:50.117922
02312,0000,1180,106,2024-12-29 23:58:50.133919
54161,0000,1180,106,2024-12-29 23:58:50.149903
04580,0000,1179,106,2024-12-29 23:58:50.165906
23975,0000,1179,106,2024-12-29 23:58:50.181903
02744,0000,1180,106,2024-12-29 23:58:50.197906
27757,0000,1179,106,2024-12-29 23:58:50.213897
33329,0000,1180,106,2024-12-29 23:58:50.229896
04178,0000,1179,106,2024-12-29 23:58:50.261668
36328,0000,1180,106,2024-12-29 23:58:50.277910
04580,0001,1180,106,2024-12-29 23:58:50.293890
07741,0000,1179,106,2024-12-29 23:58:50.309878
29926,0000,1179,106,2024-12-29 23:58:50.325881
05402,0000,1180,106,2024-12-29 23:58:50.341875
13862,0001,1180,106,2024-12-29 23:58:50.357876
02209,0000,1180,106,2024-12-29 23:58:50.373870
22506,0000,1179,106,2024-12-29 23:58:50.389870
10001,0000,1180,106,2024-12-29 23:58:50.421304
03486,0000,1180,106,2024-12-29 23:58:50.437856
05464,0000,1180,106,2024-12-29 23:58:50.453857
17992,0000,1180,106,2024-12-29 23:58:50.469846
30958,0000,1180,106,2024-12-29 23:58:50.485852
15633,0000,1179,106,2024-12-29 23:58:50.501849
03390,0000,1179,106,2024-12-29 23:58:50.517848
03600,0000,1180,106,2024-12-29 23:58:50.533845
26335,0000,1180,106,2024-12-29 23:58:50.549831
61965,0000,1179,106,2024-12-29 23:58:50.565831
01128,0000,1180,106,2024-12-29 23:58:50.597679
08718,0000,1180,106,2024-12-29 23:58:50.613823
14624,0000,1180,106,2024-12-29 23:58:50.629824
22745,0000,1179,106,2024-12-29 23:58:50.645823
20013,0000,1180,106,2024-12-29 23:58:50.661812
49100,0000,1179,106,2024-12-29 23:58:50.677809
12355,0000,1180,106,2024-12-29 23:58:50.693805
12897,0000,1179,106,2024-12-29 23:58:50.709798
18503,0000,1179,106,2024-12-29 23:58:50.725792
01305,0000,1180,106,2024-12-29 23:58:50.757316
02805,0000,1180,106,2024-12-29 23:58:50.773790
00593,0000,1179,106,2024-12-29 23:58:50.789786
61965,0000,1180,106,2024-12-29 23:58:50.805788
02922,0000,1180,106,2024-12-29 23:58:50.821778
05108,0000,1180,106,2024-12-29 23:58:50.837781
03679,0000,1180,106,2024-12-29 23:58:50.853767
20636,0000,1180,106,2024-12-29 23:58:50.869778
04810,0000,1180,106,2024-12-29 23:58:50.885766
01059,0000,1180,106,2024-12-29 23:58:50.901774
04557,0000,1180,106,2024-12-29 23:58:50.933724
03188,0000,1179,106,2024-12-29 23:58:50.949760
03549,0000,1179,106,2024-12-29 23:58:50.965746
01878,0000,1179,106,2024-12-29 23:58:50.981751
03811,0000,1179,106,2024-12-29 23:58:50.997745
59185,0000,1180,106,2024-12-29 23:58:51.013745
16344,0000,1179,106,2024-12-29 23:58:51.029746
17632,0000,1180,106,2024-12-29 23:58:51.045743
05339,0000,1180,106,2024-12-29 23:58:51.061734
01738,0001,1179,106,2024-12-29 23:58:51.093355
18831,0000,1180,106,2024-12-29 23:58:51.109732
04573,0000,1179,106,2024-12-29 23:58:51.125725
04052,0001,1180,106,2024-12-29 23:58:51.141723
05367,0001,1179,106,2024-12-29 23:58:51.157712
25283,0000,1179,106,2024-12-29 23:58:51.173711
49956,0000,1179,106,2024-12-29 23:58:51.189707
28911,0000,1179,106,2024-12-29 23:58:51.205712
01934,0000,1180,106,2024-12-29 23:58:51.221708
03811,0000,1180,106,2024-12-29 23:58:51.237722
40713,0000,1180,106,2024-12-29 23:58:51.269693
24327,0000,1180,106,2024-12-29 23:58:51.285688
05430,0000,1180,106,2024-12-29 23:58:51.301692
29447,0000,1180,106,2024-12-29 23:58:51.317691
02594,0000,1180,106,2024-12-29 23:58:51.333681
03100,0000,1180,106,2024-12-29 23:58:51.349682
27928,0000,1179,106,2024-12-29 23:58:51.365673
40843,0000,1179,106,2024-12-29 23:58:51.381676
47330,0000,1180,106,2024-12-29 23:58:51.397767
08672,0000,1179,106,2024-12-29 23:58:51.429475
03050,0000,1180,106,2024-12-29 23:58:51.445683
29216,0000,1179,106,2024-12-29 23:58:51.461659
38671,0000,1180,106,2024-12-29 23:58:51.477661
08726,0000,1180,106,2024-12-29 23:58:51.493650
08531,0000,1180,106,2024-12-29 23:58:51.509656
26407,0000,1180,106,2024-12-29 23:58:51.525643
00740,0000,1180,106,2024-12-29 23:58:51.541645
04370,0000,1180,106,2024-12-29 23:58:51.557642
20369,0000,1179,106,2024-12-29 23:58:51.589039
26336,0000,1180,106,2024-12-29 23:58:51.605635
53922,0000,1180,106,2024-12-29 23:58:51.621641
07819,0000,1180,106,2024-12-29 23:58:51.637620
46224,0001,1180,106,2024-12-29 23:58:51.653625
53044,0000,1180,106,2024-12-29 23:58:51.669617
10108,0000,1180,106,2024-12-29 23:58:51.685612
00503,0001,1180,106,2024-12-29 23:58:51.701621
47404,0000,1180,106,2024-12-29 23:58:51.717603
39990,0000,1180,106,2024-12-29 23:58:51.733601
02579,0000,1180,106,2024-12-29 23:58:51.765406
00967,0000,1180,106,2024-12-29 23:58:51.781598
20877,0000,1179,106,2024-12-29 23:58:51.797598
00930,0000,1180,106,2024-12-29 23:58:51.813609
05220,0000,1180,106,2024-12-29 23:58:51.829599
04283,0000,1180,106,2024-12-29 23:58:51.845587
00178,0000,1180,106,2024-12-29 23:58:51.861578
02781,0000,1180,106,2024-12-29 23:58:51.877578
05370,0000,1180,106,2024-12-29 23:58:51.893577
26895,0000,1180,106,2024-12-29 23:58:51.925063
16467,0000,1180,106,2024-12-29 23:58:51.941574
00879,0000,1180,106,2024-12-29 23:58:51.957563
03821,0000,1179,106,2024-12-29 23:58:51.973561
05480,0000,1179,106,2024-12-29 23:58:51.989567
04762,0000,1180,106,2024-12-29 23:58:52.005557
00795,0000,1180,106,2024-12-29 23:58:52.021556
20532,0000,1179,106,2024-12-29 23:58:52.037550
02437,0000,1180,106,2024-12-29 23:58:52.053532
06539,0001,1179,106,2024-12-29 23:58:52.069534
10178,0000,1180,106,2024-12-29 23:58:52.101452
55961,0000,1180,106,2024-12-29 23:58:52.117532
01443,0001,1180,106,2024-12-29 23:58:52.133525
10801,0000,1180,106,2024-12-29 23:58:52.149519
19291,0000,1180,106,2024-12-29 23:58:52.165518
00970,0000,1180,106,2024-12-29 23:58:52.181514
21166,0000,1180,106,2024-12-29 23:58:52.197516
04608,0000,1180,106,2024-12-29 23:58:52.213515
02690,0000,1180,106,2024-12-29 23:58:52.229519
11528,0000,1180,106,2024-12-29 23:58:52.261089
43351,0000,1180,106,2024-12-29 23:58:52.277496
04506,0000,1180,106,2024-12-29 23:58:52.293505
23098,0000,1179,106,2024-12-29 23:58:52.309506
61918,0000,1179,106,2024-12-29 23:58:52.325493
03770,0000,1179,106,2024-12-29 23:58:52.341487
08276,0000,1180,106,2024-12-29 23:58:52.357480
39180,0000,1180,106,2024-12-29 23:58:52.373483
01507,0000,1179,106,2024-12-29 23:58:52.389479
01755,0000,1180,106,2024-12-29 23:58:52.405477
00581,0000,1180,106,2024-12-29 23:58:52.437467
01722,0000,1180,106,2024-12-29 23:58:52.453459
04563,0001,1180,106,2024-12-29 23:58:52.469463
12053,0000,1180,106,2024-12-29 23:58:52.485462
02816,0000,1180,106,2024-12-29 23:58:52.501465
00362,0000,1180,106,2024-12-29 23:58:52.517466
53131,0000,1180,106,2024-12-29 23:58:52.533467
05343,0000,1180,106,2024-12-29 23:58:52.549471
02359,0000,1180,106,2024-12-29 23:58:52.565471
02020,0000,1180,106,2024-12-29 23:58:52.597122
18027,0000,1180,106,2024-12-29 23:58:52.613481
02985,0000,1180,106,2024-12-29 23:58:52.629480
02114,0000,1180,106,2024-12-29 23:58:52.645479
04621,0000,1180,106,2024-12-29 23:58:52.661491
23223,0000,1179,106,2024-12-29 23:58:52.677489
00684,0000,1180,106,2024-12-29 23:58:52.693414
00785,0000,1179,106,2024-12-29 23:58:52.709415
03830,0000,1180,106,2024-12-29 23:58:52.725411
02276,0000,1180,106,2024-12-29 23:58:52.756719
30964,0000,1180,106,2024-12-29 23:58:52.773399
01319,0001,1180,106,2024-12-29 23:58:52.789395
03906,0000,1180,106,2024-12-29 23:58:52.805395
14916,0000,1180,106,2024-12-29 23:58:52.821393
44056,0000,1180,106,2024-12-29 23:58:52.837399
08422,0000,1180,106,2024-12-29 23:58:52.853381
05326,0000,1180,106,2024-12-29 23:58:52.869388
16221,0000,1180,106,2024-12-29 23:58:52.885390
27809,0000,1180,106,2024-12-29 23:58:52.901378
37088,0000,1180,106,2024-12-29 23:58:52.933121
42545,0000,1180,106,2024-12-29 23:58:52.949363
02653,0000,1180,106,2024-12-29 23:58:52.965362
24835,0000,1180,106,2024-12-29 23:58:52.981358
27673,0001,1180,106,2024-12-29 23:58:52.997364
38661,0000,1179,106,2024-12-29 23:58:53.013347
10355,0000,1180,106,2024-12-29 23:58:53.029352
20623,0000,1180,106,2024-12-29 23:58:53.045346
02843,0001,1180,106,2024-12-29 23:58:53.061340
04646,0000,1180,106,2024-12-29 23:58:53.092759
01776,0001,1180,106,2024-12-29 23:58:53.109329
04934,0000,1180,106,2024-12-29 23:58:53.125334
03663,0000,1180,106,2024-12-29 23:58:53.141325
62663,0000,1180,106,2024-12-29 23:58:53.157327
01392,0000,1180,106,2024-12-29 23:58:53.173318
05435,0000,1180,106,2024-12-29 23:58:53.189327
00973,0000,1179,106,2024-12-29 23:58:53.205317
57500,0000,1180,106,2024-12-29 23:58:53.221315
22403,0000,1180,106,2024-12-29 23:58:53.237320
16032,0000,1180,106,2024-12-29 23:58:53.269154
34792,0000,1180,106,2024-12-29 23:58:53.285306
02934,0000,1180,106,2024-12-29 23:58:53.301312
14833,0000,1180,106,2024-12-29 23:58:53.317292
01414,0000,1180,106,2024-12-29 23:58:53.333292
04293,0000,1180,106,2024-12-29 23:58:53.349289
04579,0000,1180,106,2024-12-29 23:58:53.365297
10951,0000,1180,106,2024-12-29 23:58:53.381284
04587,0000,1180,106,2024-12-29 23:58:53.397288
00762,0000,1180,106,2024-12-29 23:58:53.428784
03477,0000,1180,106,2024-12-29 23:58:53.445272
05390,0000,1180,106,2024-12-29 23:58:53.461266
01545,0000,1180,106,2024-12-29 23:58:53.477269
08507,0000,1180,106,2024-12-29 23:58:53.493262
00934,0000,1180,106,2024-12-29 23:58:53.509257
02094,0000,1180,106,2024-12-29 23:58:53.525251
04680,0000,1180,106,2024-12-29 23:58:53.541251
19255,0000,1180,106,2024-12-29 23:58:53.557245
06655,0000,1180,106,2024-12-29 23:58:53.573241
17834,0000,1180,106,2024-12-29 23:58:53.605164
38463,0000,1180,106,2024-12-29 23:58:53.621235
39416,0000,1180,106,2024-12-29 23:58:53.637233
48740,0000,1180,106,2024-12-29 23:58:53.653239
29090,0000,1180,106,2024-12-29 23:58:53.669238
13955,0000,1180,106,2024-12-29 23:58:53.685224
26363,0000,1180,106,2024-12-29 23:58:53.701216
09338,0000,1180,106,2024-12-29 23:58:53.717213
24436,0000,1180,106,2024-12-29 23:58:53.733210
46628,0000,1180,106,2024-12-29 23:58:53.764798
05337,0000,1180,106,2024-12-29 23:58:53.781211
49951,0000,1180,106,2024-12-29 23:58:53.797194
56008,0000,1180,106,2024-12-29 23:58:53.813201
03066,0000,1180,106,2024-12-29 23:58:53.829190
12384,0000,1180,106,2024-12-29 23:58:53.845196
01504,0000,1180,106,2024-12-29 23:58:53.861184
00706,0000,1180,106,2024-12-29 23:58:53.877189
10733,0000,1180,106,2024-12-29 23:58:53.893182
20451,0000,1180,106,2024-12-29 23:58:53.909186
03833,0000,1180,106,2024-12-29 23:58:53.941238
03203,0000,1180,106,2024-12-29 23:58:53.957181
46520,0000,1180,106,2024-12-29 23:58:53.973170
61618,0000,1180,106,2024-12-29 23:58:53.989170
03892,0000,1180,106,2024-12-29 23:58:54.005169
01284,0000,1180,106,2024-12-29 23:58:54.021155
44638,0000,1180,106,2024-12-29 23:58:54.037190
08511,0000,1180,106,2024-12-29 23:58:54.053179
55096,0000,1180,106,2024-12-29 23:58:54.069149
01869,0000,1180,106,2024-12-29 23:58:54.100823
43262,0000,1180,106,2024-12-29 23:58:54.117142
02207,0000,1180,106,2024-12-29 23:58:54.133134
21775,0000,1180,106,2024-12-29 23:58:54.149155
43253,0000,1180,106,2024-12-29 23:58:54.165133
02761,0000,1180,106,2024-12-29 23:58:54.181128
01573,0000,1180,106,2024-12-29 23:58:54.197122
30138,0000,1180,106,2024-12-29 23:58:54.213128
00767,0000,1180,106,2024-12-29 23:58:54.229121
02577,0000,1180,106,2024-12-29 23:58:54.260473
20227,0001,1180,106,2024-12-29 23:58:54.277118
01796,0000,1180,106,2024-12-29 23:58:54.293116
00746,0000,1180,106,2024-12-29 23:58:54.309103
29456,0000,1180,106,2024-12-29 23:58:54.325104
07433,0000,1180,106,2024-12-29 23:58:54.341088
24008,0000,1180,106,2024-12-29 23:58:54.357114
19760,0000,1180,106,2024-12-29 23:58:54.373093
30981,0000,1180,106,2024-12-29 23:58:54.389088
02013,0001,1180,106,2024-12-29 23:58:54.405082
13864,0000,1180,106,2024-12-29 23:58:54.436875
27583,0000,1180,106,2024-12-29 23:58:54.453143
02935,0000,1180,106,2024-12-29 23:58:54.469078
12416,0000,1180,106,2024-12-29 23:58:54.485059
01105,0000,1180,106,2024-12-29 23:58:54.501061
19535,0000,1180,106,2024-12-29 23:58:54.517061
04126,0000,1180,106,2024-12-29 23:58:54.533057
00539,0000,1180,106,2024-12-29 23:58:54.549058
28446,0000,1180,106,2024-12-29 23:58:54.565071
52417,0000,1180,106,2024-12-29 23:58:54.596502
02225,0000,1180,106,2024-12-29 23:58:54.613044
33379,0000,1180,106,2024-12-29 23:58:54.629040
03575,0000,1180,106,2024-12-29 23:58:54.645032
00697,0000,1180,106,2024-12-29 23:58:54.661075
01492,0000,1180,106,2024-12-29 23:58:54.677026
04514,0000,1180,106,2024-12-29 23:58:54.693030
32945,0000,1180,106,2024-12-29 23:58:54.709023
00218,0000,1180,106,2024-12-29 23:58:54.725022
14755,0000,1180,106,2024-12-29 23:58:54.741018
01815,0000,1180,106,2024-12-29 23:58:54.772883
28548,0000,1180,106,2024-12-29 23:58:54.789010
02205,0000,1180,106,2024-12-29 23:58:54.805003
23271,0000,1180,106,2024-12-29 23:58:54.821012
40384,0000,1180,106,2024-12-29 23:58:54.837008
02521,0000,1180,106,2024-12-29 23:58:54.853005
14008,0000,1180,106,2024-12-29 23:58:54.869007
49988,0000,1180,106,2024-12-29 23:58:54.884995
25030,0000,1180,106,2024-12-29 23:58:54.900985
09609,0000,1180,106,2024-12-29 23:58:54.932522
02221,0000,1180,106,2024-12-29 23:58:54.948978
61809,0000,1180,106,2024-12-29 23:58:54.964986
13815,0000,1180,106,2024-12-29 23:58:54.980992
20905,0000,1180,106,2024-12-29 23:58:54.996978
10739,0000,1180,106,2024-12-29 23:58:55.012982
49939,0000,1180,106,2024-12-29 23:58:55.028964
02002,0000,1180,106,2024-12-29 23:58:55.044954
29988,0000,1179,106,2024-12-29 23:58:55.060951
15665,0000,1180,106,2024-12-29 23:58:55.076966
00947,0000,1180,106,2024-12-29 23:58:55.108905
02113,0000,1180,106,2024-12-29 23:58:55.124934
22125,0000,1180,106,2024-12-29 23:58:55.140932
01479,0000,1180,106,2024-12-29 23:58:55.156926
33772,0000,1180,106,2024-12-29 23:58:55.172931
03843,0000,1180,106,2024-12-29 23:58:55.188937
50035,0000,1181,106,2024-12-29 23:58:55.204929
02192,0000,1180,106,2024-12-29 23:58:55.220930
54021,0000,1180,106,2024-12-29 23:58:55.236943
23870,0000,1180,106,2024-12-29 23:58:55.268564
02202,0000,1180,106,2024-12-29 23:58:55.284918
01365,0000,1180,106,2024-12-29 23:58:55.300924
07602,0000,1180,106,2024-12-29 23:58:55.316909
18349,0000,1180,106,2024-12-29 23:58:55.332901
14204,0000,1180,106,2024-12-29 23:58:55.348900
15689,0000,1180,106,2024-12-29 23:58:55.364906
51593,0000,1180,106,2024-12-29 23:58:55.380883
20475,0000,1180,106,2024-12-29 23:58:55.396966
44581,0000,1180,106,2024-12-29 23:58:55.428224
02576,0000,1180,106,2024-12-29 23:58:55.444878
09321,0000,1180,106,2024-12-29 23:58:55.460869
00023,0000,1180,106,2024-12-29 23:58:55.476874
44008,0000,1180,106,2024-12-29 23:58:55.492866
17846,0000,1180,106,2024-12-29 23:58:55.508904
53387,0000,1180,106,2024-12-29 23:58:55.524866
31384,0000,1180,106,2024-12-29 23:58:55.540865
29425,0000,1180,106,2024-12-29 23:58:55.556853
01657,0000,1180,106,2024-12-29 23:58:55.572857
38550,0000,1180,106,2024-12-29 23:58:55.604648
10918,0000,1180,106,2024-12-29 23:58:55.620857
42382,0000,1180,106,2024-12-29 23:58:55.636856
00246,0000,1180,106,2024-12-29 23:58:55.652858
04614,0000,1180,106,2024-12-29 23:58:55.668854
03896,0001,1180,106,2024-12-29 23:58:55.684862
03711,0000,1180,106,2024-12-29 23:58:55.700869
29445,0000,1180,106,2024-12-29 23:58:55.716886
17969,0000,1180,106,2024-12-29 23:58:55.732873
25730,0000,1180,106,2024-12-29 23:58:55.764291
04614,0000,1180,106,2024-12-29 23:58:55.780873
01862,0000,1180,106,2024-12-29 23:58:55.796878
03505,0000,1180,106,2024-12-29 23:58:55.812824
34476,0000,1180,106,2024-12-29 23:58:55.828810
38505,0000,1180,106,2024-12-29 23:58:55.844798
07124,0000,1180,106,2024-12-29 23:58:55.860801
56554,0000,1180,106,2024-12-29 23:58:55.876801
04470,0000,1180,106,2024-12-29 23:58:55.892798
24116,0000,1180,106,2024-12-29 23:58:55.908790
00706,0000,1180,106,2024-12-29 23:58:55.940638
13123,0000,1180,106,2024-12-29 23:58:55.956785
27151,0000,1180,106,2024-12-29 23:58:55.972766
01828,0000,1180,106,2024-12-29 23:58:55.988778
04674,0000,1180,106,2024-12-29 23:58:56.004778
33115,0000,1180,106,2024-12-29 23:58:56.020773
29027,0000,1181,106,2024-12-29 23:58:56.036768
44589,0000,1180,106,2024-12-29 23:58:56.052754
04415,0000,1180,106,2024-12-29 23:58:56.068753
04557,0000,1180,106,2024-12-29 23:58:56.100277
00716,0000,1180,106,2024-12-29 23:58:56.116751
62385,0000,1180,106,2024-12-29 23:58:56.132771
08460,0000,1180,106,2024-12-29 23:58:56.148738
10543,0000,1180,106,2024-12-29 23:58:56.164744
04687,0000,1180,106,2024-12-29 23:58:56.180731
26546,0000,1180,106,2024-12-29 23:58:56.196731
09243,0000,1180,106,2024-12-29 23:58:56.212721
01803,0000,1180,106,2024-12-29 23:58:56.228733
21697,0000,1180,106,2024-12-29 23:58:56.244743
03873,0000,1180,106,2024-12-29 23:58:56.276661
58480,0000,1180,106,2024-12-29 23:58:56.292710
11213,0000,1180,106,2024-12-29 23:58:56.308722
03764,0000,1180,106,2024-12-29 23:58:56.324702
00076,0000,1180,106,2024-12-29 23:58:56.340719
13846,0000,1181,106,2024-12-29 23:58:56.356695
02846,0000,1180,106,2024-12-29 23:58:56.372702
01452,0001,1180,106,2024-12-29 23:58:56.388698
08485,0000,1181,106,2024-12-29 23:58:56.404686
10136,0000,1181,106,2024-12-29 23:58:56.436305
01157,0000,1180,106,2024-12-29 23:58:56.452687
23007,0000,1180,106,2024-12-29 23:58:56.468674
00061,0000,1180,106,2024-12-29 23:58:56.484674
41150,0000,1180,106,2024-12-29 23:58:56.500667
50009,0000,1180,106,2024-12-29 23:58:56.516675
16990,0000,1181,106,2024-12-29 23:58:56.532658
01504,0000,1180,106,2024-12-29 23:58:56.548683
05217,0000,1180,106,2024-12-29 23:58:56.564653
01539,0000,1180,106,2024-12-29 23:58:56.580655
10817,0000,1180,106,2024-12-29 23:58:56.612646
30245,0000,1181,106,2024-12-29 23:58:56.628646
52574,0000,1180,106,2024-12-29 23:58:56.644657
04376,0000,1180,106,2024-12-29 23:58:56.660639
33847,0000,1180,106,2024-12-29 23:58:56.676625
38724,0000,1180,106,2024-12-29 23:58:56.692630
48325,0000,1181,106,2024-12-29 23:58:56.708629
05437,0000,1180,106,2024-12-29 23:58:56.724622
23341,0000,1181,106,2024-12-29 23:58:56.740622
48266,0000,1180,106,2024-12-29 23:58:56.772325
02806,0000,1180,106,2024-12-29 23:58:56.788626
04152,0000,1180,106,2024-12-29 23:58:56.804612
21851,0000,1180,106,2024-12-29 23:58:56.820611
00759,0000,1180,106,2024-12-29 23:58:56.836597
43356,0000,1180,106,2024-12-29 23:58:56.852607
13893,0000,1180,106,2024-12-29 23:58:56.868597
02542,0000,1180,106,2024-12-29 23:58:56.884592
00122,0000,1181,106,2024-12-29 23:58:56.900592
03905,0000,1180,106,2024-12-29 23:58:56.931972
02930,0000,1180,106,2024-12-29 23:58:56.948577
02106,0000,1180,106,2024-12-29 23:58:56.964598
13082,0000,1180,106,2024-12-29 23:58:56.980574
24720,0000,1181,106,2024-12-29 23:58:56.996577
52503,0000,1180,106,2024-12-29 23:58:57.012559
24613,0000,1180,106,2024-12-29 23:58:57.028565
09645,0000,1180,106,2024-12-29 23:58:57.044555
05687,0000,1181,106,2024-12-29 23:58:57.060575
05368,0000,1181,106,2024-12-29 23:58:57.076554
02007,0001,1180,106,2024-12-29 23:58:57.108354
63623,0001,1181,106,2024-12-29 23:58:57.124555
05587,0000,1181,106,2024-12-29 23:58:57.140545
02809,0000,1180,106,2024-12-29 23:58:57.156544
14263,0000,1180,106,2024-12-29 23:58:57.172559
09283,0000,1181,106,2024-12-29 23:58:57.188533
02298,0000,1181,106,2024-12-29 23:58:57.204536
35263,0000,1181,106,2024-12-29 23:58:57.220536
10266,0000,1181,106,2024-12-29 23:58:57.236542
14709,0000,1180,106,2024-12-29 23:58:57.268466
17758,0000,1180,106,2024-12-29 23:58:57.284637
01966,0000,1181,106,2024-12-29 23:58:57.300540
25243,0000,1180,106,2024-12-29 23:58:57.316506
03760,0000,1180,106,2024-12-29 23:58:57.332511
03148,0000,1180,106,2024-12-29 23:58:57.348501
49163,0000,1180,106,2024-12-29 23:58:57.364502
24250,0000,1180,106,2024-12-29 23:58:57.380500
55183,0000,1181,106,2024-12-29 23:58:57.396497
02323,0000,1180,106,2024-12-29 23:58:57.412485
03938,0000,1181,106,2024-12-29 23:58:57.444374
04754,0000,1180,106,2024-12-29 23:58:57.460469
23090,0000,1180,106,2024-12-29 23:58:57.476485
01436,0000,1181,106,2024-12-29 23:58:57.492468
12887,0000,1181,106,2024-12-29 23:58:57.508466
04502,0000,1181,106,2024-12-29 23:58:57.524462
01887,0000,1180,106,2024-12-29 23:58:57.540458
04634,0000,1181,106,2024-12-29 23:58:57.556463
57450,0000,1181,106,2024-12-29 23:58:57.572466
19025,0000,1181,106,2024-12-29 23:58:57.604007
20150,0000,1181,106,2024-12-29 23:58:57.620442
05347,0000,1180,106,2024-12-29 23:58:57.636436
04617,0000,1181,106,2024-12-29 23:58:57.652434
04533,0000,1181,106,2024-12-29 23:58:57.668440
04589,0000,1180,106,2024-12-29 23:58:57.684440
03894,0000,1181,106,2024-12-29 23:58:57.700446
04423,0000,1180,106,2024-12-29 23:58:57.716431
30857,0000,1181,106,2024-12-29 23:58:57.732417
04361,0000,1181,106,2024-12-29 23:58:57.748426
58159,0000,1181,106,2024-12-29 23:58:57.780414
08617,0000,1181,106,2024-12-29 23:58:57.796410
00858,0000,1180,106,2024-12-29 23:58:57.812410
04723,0000,1181,106,2024-12-29 23:58:57.828403
38379,0001,1181,106,2024-12-29 23:58:57.844390
14763,0000,1181,106,2024-12-29 23:58:57.860392
13315,0000,1181,106,2024-12-29 23:58:57.876453
16869,0000,1181,106,2024-12-29 23:58:57.892398
02950,0000,1180,106,2024-12-29 23:58:57.908385
00865,0000,1181,106,2024-12-29 23:58:57.940058
10107,0000,1180,106,2024-12-29 23:58:57.956391
19344,0000,1181,106,2024-12-29 23:58:57.972374
03644,0000,1180,106,2024-12-29 23:58:57.988374
47494,0000,1181,106,2024-12-29 23:58:58.004639
03384,0000,1181,106,2024-12-29 23:58:58.020383
21880,0000,1181,106,2024-12-29 23:58:58.036356
00732,0000,1181,106,2024-12-29 23:58:58.052352
00867,0000,1181,106,2024-12-29 23:58:58.068360
20049,0000,1180,106,2024-12-29 23:58:58.099671
05634,0000,1181,106,2024-12-29 23:58:58.116340
03909,0000,1181,106,2024-12-29 23:58:58.132340
11235,0000,1181,106,2024-12-29 23:58:58.148339
28906,0000,1180,106,2024-12-29 23:58:58.164336
36068,0001,1181,106,2024-12-29 23:58:58.180326
01704,0000,1181,106,2024-12-29 23:58:58.196335
00120,0000,1181,106,2024-12-29 23:58:58.212322
03679,0000,1181,106,2024-12-29 23:58:58.228321
08133,0000,1181,106,2024-12-29 23:58:58.244363
27001,0000,1181,106,2024-12-29 23:58:58.276068
04541,0001,1181,106,2024-12-29 23:58:58.292307
31337,0000,1181,106,2024-12-29 23:58:58.308304
03678,0000,1181,106,2024-12-29 23:58:58.324305
22759,0000,1181,106,2024-12-29 23:58:58.340313
54764,0000,1181,106,2024-12-29 23:58:58.356309
00262,0000,1180,106,2024-12-29 23:58:58.372294
01653,0000,1181,106,2024-12-29 23:58:58.388294
33186,0000,1181,106,2024-12-29 23:58:58.404295
13147,0000,1181,106,2024-12-29 23:58:58.435712
10249,0000,1181,106,2024-12-29 23:58:58.452286
25140,0000,1181,106,2024-12-29 23:58:58.468289
05284,0000,1181,106,2024-12-29 23:58:58.484271
36256,0000,1181,106,2024-12-29 23:58:58.500267
04436,0000,1181,106,2024-12-29 23:58:58.516266
05464,0000,1181,106,2024-12-29 23:58:58.532264
01982,0000,1181,106,2024-12-29 23:58:58.548255
05252,0000,1181,106,2024-12-29 23:58:58.564255
05322,0000,1181,106,2024-12-29 23:58:58.580253
44834,0000,1181,106,2024-12-29 23:58:58.612087
01504,0000,1181,106,2024-12-29 23:58:58.628251
03759,0000,1181,106,2024-12-29 23:58:58.644232
11009,0000,1181,106,2024-12-29 23:58:58.660237
33252,0000,1181,106,2024-12-29 23:58:58.676233
03913,0000,1181,106,2024-12-29 23:58:58.692232
01175,0000,1181,106,2024-12-29 23:58:58.708223
00283,0000,1181,106,2024-12-29 23:58:58.724224
43934,0000,1181,106,2024-12-29 23:58:58.740230
11818,0000,1181,106,2024-12-29 23:58:58.771748
03019,0000,1181,106,2024-12-29 23:58:58.788233
52540,0000,1181,106,2024-12-29 23:58:58.804236
04005,0000,1181,106,2024-12-29 23:58:58.820238
03104,0000,1181,106,2024-12-29 23:58:58.836243
42348,0000,1181,106,2024-12-29 23:58:58.852245
00174,0000,1181,106,2024-12-29 23:58:58.868243
31667,0000,1181,106,2024-12-29 23:58:58.884252
02049,0000,1181,106,2024-12-29 23:58:58.900247
47981,0001,1181,106,2024-12-29 23:58:58.916250
01052,0000,1181,106,2024-12-29 23:58:58.948128
45388,0000,1181,106,2024-12-29 23:58:58.964182
05125,0000,1181,106,2024-12-29 23:58:58.980182
03683,0000,1181,106,2024-12-29 23:58:58.996165
00913,0000,1181,106,2024-12-29 23:58:59.012169
13704,0000,1181,106,2024-12-29 23:58:59.028156
10878,0000,1181,106,2024-12-29 23:58:59.044166
09200,0000,1181,106,2024-12-29 23:58:59.060151
01884,0000,1181,106,2024-12-29 23:58:59.076162
11491,0000,1181,106,2024-12-29 23:58:59.107755
27598,0000,1181,106,2024-12-29 23:58:59.124151
38623,0000,1181,106,2024-12-29 23:58:59.140159
04104,0000,1181,106,2024-12-29 23:58:59.156143
05466,0000,1181,106,2024-12-29 23:58:59.172132
12960,0000,1181,106,2024-12-29 23:58:59.188136
05401,0000,1181,106,2024-12-29 23:58:59.204139
08794,0000,1181,106,2024-12-29 23:58:59.220129
13163,0000,1181,106,2024-12-29 23:58:59.236121
02846,0000,1181,106,2024-12-29 23:58:59.252143
00578,0000,1180,106,2024-12-29 23:58:59.284115
35490,0000,1181,106,2024-12-29 23:58:59.300107
42888,0000,1181,106,2024-12-29 23:58:59.316112
01376,0001,1181,106,2024-12-29 23:58:59.332103
24814,0001,1181,106,2024-12-29 23:58:59.348111
20209,0000,1181,106,2024-12-29 23:58:59.364097
38370,0001,1181,106,2024-12-29 23:58:59.380100
02943,0000,1181,106,2024-12-29 23:58:59.396096
64483,0000,1181,106,2024-12-29 23:58:59.412094
02912,0000,1181,106,2024-12-29 23:58:59.443779
29613,0000,1181,106,2024-12-29 23:58:59.460085
18275,0000,1181,106,2024-12-29 23:58:59.476085
14823,0000,1181,106,2024-12-29 23:58:59.492073
03758,0000,1181,106,2024-12-29 23:58:59.508081
21155,0000,1181,106,2024-12-29 23:58:59.524084
05499,0000,1181,106,2024-12-29 23:58:59.540062
05148,0000,1181,106,2024-12-29 23:58:59.556068
04426,0000,1181,106,2024-12-29 23:58:59.572062
04539,0000,1181,106,2024-12-29 23:58:59.603410
32350,0000,1181,106,2024-12-29 23:58:59.620060
02046,0000,1181,106,2024-12-29 23:58:59.636054
01315,0000,1181,106,2024-12-29 23:58:59.652057
18381,0000,1181,106,2024-12-29 23:58:59.668038
20334,0000,1181,106,2024-12-29 23:58:59.684047
56821,0000,1181,106,2024-12-29 23:58:59.700039
50483,0000,1181,106,2024-12-29 23:58:59.716034
04241,0000,1182,106,2024-12-29 23:58:59.732029
03795,0000,1181,106,2024-12-29 23:58:59.748024
06971,0000,1181,106,2024-12-29 23:58:59.779807
59264,0000,1181,106,2024-12-29 23:58:59.796019
44026,0000,1181,106,2024-12-29 23:58:59.812014
03772,0000,1181,106,2024-12-29 23:58:59.828014
27709,0000,1181,106,2024-12-29 23:58:59.844002
03498,0000,1181,106,2024-12-29 23:58:59.860005
04035,0000,1181,106,2024-12-29 23:58:59.875999
01026,0000,1181,106,2024-12-29 23:58:59.892005
20409,0000,1181,106,2024-12-29 23:58:59.908004
19262,0000,1181,106,2024-12-29 23:58:59.939434
59159,0000,1181,106,2024-12-29 23:58:59.955984
21890,0000,1181,106,2024-12-29 23:58:59.971981
03887,0001,1181,106,2024-12-29 23:58:59.987974
03734,0000,1181,106,2024-12-29 23:59:00.003972
03509,0000,1181,106,2024-12-29 23:59:00.019970
27832,0000,1181,106,2024-12-29 23:59:00.035976
03859,0000,1181,106,2024-12-29 23:59:00.051967
07568,0000,1181,106,2024-12-29 23:59:00.067965
02269,0000,1181,106,2024-12-29 23:59:00.083956
30382,0000,1181,106,2024-12-29 23:59:00.115826
02177,0000,1181,106,2024-12-29 23:59:00.131954
02856,0000,1181,106,2024-12-29 23:59:00.147952
10158,0000,1181,106,2024-12-29 23:59:00.163954
19527,0000,1181,106,2024-12-29 23:59:00.179938
01479,0000,1182,106,2024-12-29 23:59:00.195946
34539,0000,1181,106,2024-12-29 23:59:00.211937
45417,0000,1181,106,2024-12-29 23:59:00.227938
01289,0000,1181,106,2024-12-29 23:59:00.244034
44936,0000,1181,106,2024-12-29 23:59:00.275477
05286,0000,1181,106,2024-12-29 23:59:00.291936
01099,0000,1181,106,2024-12-29 23:59:00.307947
34489,0000,1181,106,2024-12-29 23:59:00.323915
02239,0000,1181,106,2024-12-29 23:59:00.339909
03013,0000,1181,106,2024-12-29 23:59:00.355907
08531,0001,1181,106,2024-12-29 23:59:00.371907
24683,0000,1181,106,2024-12-29 23:59:00.387908
16403,0000,1181,106,2024-12-29 23:59:00.403906
19782,0000,1181,106,2024-12-29 23:59:00.419908
04311,0000,1181,106,2024-12-29 23:59:00.451858
13764,0000,1181,106,2024-12-29 23:59:00.467897
55169,0000,1181,106,2024-12-29 23:59:00.483887
03683,0000,1181,106,2024-12-29 23:59:00.499890
06149,0001,1181,106,2024-12-29 23:59:00.515881
01545,0000,1181,106,2024-12-29 23:59:00.531888
08298,0000,1181,106,2024-12-29 23:59:00.547875
12450,0000,1181,106,2024-12-29 23:59:00.563873
00380,0000,1181,106,2024-12-29 23:59:00.579877
01881,0000,1181,106,2024-12-29 23:59:00.611495
55630,0000,1181,106,2024-12-29 23:59:00.627869
08282,0000,1181,106,2024-12-29 23:59:00.643865
01139,0000,1181,106,2024-12-29 23:59:00.659853
24889,0001,1181,106,2024-12-29 23:59:00.675854
52557,0000,1181,106,2024-12-29 23:59:00.691859
03113,0000,1181,106,2024-12-29 23:59:00.707862
02344,0000,1181,106,2024-12-29 23:59:00.723842
03142,0000,1181,106,2024-12-29 23:59:00.739852
29168,0000,1181,106,2024-12-29 23:59:00.771156
00511,0000,1181,106,2024-12-29 23:59:00.787826
12518,0000,1181,106,2024-12-29 23:59:00.803830
05466,0000,1181,106,2024-12-29 23:59:00.819827
23010,0001,1181,106,2024-12-29 23:59:00.835814
10191,0000,1181,106,2024-12-29 23:59:00.851813
36255,0000,1181,106,2024-12-29 23:59:00.867807
02027,0000,1181,106,2024-12-29 23:59:00.883814
02851,0001,1181,106,2024-12-29 23:59:00.899799
14645,0000,1181,106,2024-12-29 23:59:00.915800
03757,0000,1181,106,2024-12-29 23:59:00.947537
19579,0000,1181,106,2024-12-29 23:59:00.963797
02136,0000,1182,106,2024-12-29 23:59:00.979793
03914,0000,1181,106,2024-12-29 23:59:00.995785
00369,0000,1181,106,2024-12-29 23:59:01.011786
19566,0000,1181,106,2024-12-29 23:59:01.027783
06328,0000,1181,106,2024-12-29 23:59:01.043780
01854,0000,1181,106,2024-12-29 23:59:01.059778
26502,0000,1181,106,2024-12-29 23:59:01.075778
01326,0000,1181,106,2024-12-29 23:59:01.107152
18738,0000,1182,106,2024-12-29 23:59:01.123760
26613,0000,1181,106,2024-12-29 23:59:01.139763
13217,0000,1181,106,2024-12-29 23:59:01.155765
07868,0000,1181,106,2024-12-29 23:59:01.171754
39194,0000,1182,106,2024-12-29 23:59:01.187752
04574,0000,1181,106,2024-12-29 23:59:01.203754
29913,0000,1181,106,2024-12-29 23:59:01.219754
03834,0000,1182,106,2024-12-29 23:59:01.235746
28109,0000,1181,106,2024-12-29 23:59:01.251751
04573,0000,1181,106,2024-12-29 23:59:01.283578
02174,0000,1182,106,2024-12-29 23:59:01.299734
00140,0000,1181,106,2024-12-29 23:59:01.315750
03491,0000,1181,106,2024-12-29 23:59:01.331734
45844,0000,1181,106,2024-12-29 23:59:01.347736
53500,0000,1182,106,2024-12-29 23:59:01.363722
03029,0000,1181,106,2024-12-29 23:59:01.379720
52289,0000,1182,106,2024-12-29 23:59:01.395711
63244,0000,1181,106,2024-12-29 23:59:01.411707
21152,0000,1181,106,2024-12-29 23:59:01.443194
24061,0000,1181,106,2024-12-29 23:59:01.459697
04404,0001,1181,106,2024-12-29 23:59:01.475703
06085,0000,1181,106,2024-12-29 23:59:01.491705
03951,0000,1181,106,2024-12-29 23:59:01.507684
58211,0000,1182,106,2024-12-29 23:59:01.523692
02672,0000,1181,106,2024-12-29 23:59:01.539687
17489,0000,1181,106,2024-12-29 23:59:01.555687
16576,0000,1181,106,2024-12-29 23:59:01.571679
53110,0000,1181,106,2024-12-29 23:59:01.587674
00750,0000,1181,106,2024-12-29 23:59:01.619591
18830,0000,1181,106,2024-12-29 23:59:01.635660
03667,0001,1182,106,2024-12-29 23:59:01.651659
48999,0000,1181,106,2024-12-29 23:59:01.667659
03325,0000,1181,106,2024-12-29 23:59:01.683659
08598,0000,1182,106,2024-12-29 23:59:01.699654
33901,0000,1182,106,2024-12-29 23:59:01.715644
12152,0000,1181,106,2024-12-29 23:59:01.731652
15994,0000,1181,106,2024-12-29 23:59:01.747644
27195,0000,1181,106,2024-12-29 23:59:01.779214
05537,0000,1181,106,2024-12-29 23:59:01.795636
16312,0000,1182,106,2024-12-29 23:59:01.811627
13474,0000,1182,106,2024-12-29 23:59:01.827629
04948,0000,1181,106,2024-12-29 23:59:01.843620
04631,0000,1182,106,2024-12-29 23:59:01.859624
01456,0000,1182,106,2024-12-29 23:59:01.875627
13746,0000,1181,106,2024-12-29 23:59:01.891625
00736,0000,1181,106,2024-12-29 23:59:01.907626
05420,0000,1182,106,2024-12-29 23:59:01.923635
29886,0000,1181,106,2024-12-29 23:59:01.955640
26063,0000,1181,106,2024-12-29 23:59:01.971634
04614,0000,1182,106,2024-12-29 23:59:01.987642
45456,0000,1181,106,2024-12-29 23:59:02.003640
09973,0000,1181,106,2024-12-29 23:59:02.019645
00611,0000,1182,106,2024-12-29 23:59:02.035650
56445,0000,1182,106,2024-12-29 23:59:02.051651
16638,0000,1182,106,2024-12-29 23:59:02.067660
04699,0000,1182,106,2024-12-29 23:59:02.083584
28273,0000,1182,106,2024-12-29 23:59:02.115253
66207,0000,1181,106,2024-12-29 23:59:02.131563
24900,0000,1181,106,2024-12-29 23:59:02.147571
02917,0000,1182,106,2024-12-29 23:59:02.163561
29200,0000,1182,106,2024-12-29 23:59:02.179568
25844,0000,1182,106,2024-12-29 23:59:02.195554
00552,0000,1181,106,2024-12-29 23:59:02.211559
03848,0000,1182,106,2024-12-29 23:59:02.227555
04840,0000,1182,106,2024-12-29 23:59:02.243585
02275,0000,1182,106,2024-12-29 23:59:02.274889
07691,0000,1182,106,2024-12-29 23:59:02.291537
56509,0000,1181,106,2024-12-29 23:59:02.307540
04671,0000,1181,106,2024-12-29 23:59:02.323528
06065,0000,1181,106,2024-12-29 23:59:02.339535
01550,0001,1181,106,2024-12-29 23:59:02.355532
31213,0000,1182,106,2024-12-29 23:59:02.371529
05390,0000,1182,106,2024-12-29 23:59:02.387520
02940,0000,1182,106,2024-12-29 23:59:02.403513
01415,0000,1182,106,2024-12-29 23:59:02.419520
09797,0000,1182,106,2024-12-29 23:59:02.451275
51714,0000,1182,106,2024-12-29 23:59:02.467501
65102,0000,1182,106,2024-12-29 23:59:02.483502
38546,0001,1182,106,2024-12-29 23:59:02.499500
33264,0000,1182,106,2024-12-29 23:59:02.515495
10659,0000,1181,106,2024-12-29 23:59:02.531486
02461,0000,1182,106,2024-12-29 23:59:02.547481
14768,0000,1182,106,2024-12-29 23:59:02.563479
20198,0000,1182,106,2024-12-29 23:59:02.579486
01825,0000,1182,106,2024-12-29 23:59:02.610917
04690,0000,1182,106,2024-12-29 23:59:02.627472
02020,0000,1182,106,2024-12-29 23:59:02.643468
03691,0000,1181,106,2024-12-29 23:59:02.659472
13497,0000,1182,106,2024-12-29 23:59:02.675457
01449,0000,1182,106,2024-12-29 23:59:02.691460
05463,0000,1182,106,2024-12-29 23:59:02.707450
26480,0000,1182,106,2024-12-29 23:59:02.723454
13336,0000,1182,106,2024-12-29 23:59:02.739455
05336,0000,1182,106,2024-12-29 23:59:02.755449
21733,0000,1182,106,2024-12-29 23:59:02.787310
01029,0000,1182,106,2024-12-29 23:59:02.803439
01543,0000,1182,106,2024-12-29 23:59:02.819440
31667,0000,1182,106,2024-12-29 23:59:02.835430
02084,0000,1182,106,2024-12-29 23:59:02.851421
20782,0000,1182,106,2024-12-29 23:59:02.867423
03090,0000,1182,106,2024-12-29 23:59:02.883415
00662,0000,1181,106,2024-12-29 23:59:02.899415
24116,0000,1182,106,2024-12-29 23:59:02.915411
33295,0000,1182,106,2024-12-29 23:59:02.946931
02889,0000,1182,106,2024-12-29 23:59:02.963415
02205,0000,1182,106,2024-12-29 23:59:02.979402
41603,0000,1182,106,2024-12-29 23:59:02.995402
16463,0000,1182,106,2024-12-29 23:59:03.011396
06162,0000,1182,106,2024-12-29 23:59:03.027398
37731,0000,1182,106,2024-12-29 23:59:03.043396
14680,0000,1182,106,2024-12-29 23:59:03.059382
00611,0000,1182,106,2024-12-29 23:59:03.075388
02931,0000,1182,106,2024-12-29 23:59:03.091384
18582,0000,1182,106,2024-12-29 23:59:03.123321
11571,0000,1182,106,2024-12-29 23:59:03.139377
28409,0000,1182,106,2024-12-29 23:59:03.155372
05410,0000,1182,106,2024-12-29 23:59:03.171375
05172,0000,1182,106,2024-12-29 23:59:03.187361
26327,0000,1182,106,2024-12-29 23:59:03.203363
03764,0000,1182,106,2024-12-29 23:59:03.219358
02227,0000,1182,106,2024-12-29 23:59:03.235352
11206,0000,1182,106,2024-12-29 23:59:03.251358
03869,0000,1182,106,2024-12-29 23:59:03.282954
05196,0000,1182,106,2024-12-29 23:59:03.299336
56852,0000,1182,106,2024-12-29 23:59:03.315332
06976,0000,1182,106,2024-12-29 23:59:03.331336
04719,0000,1182,106,2024-12-29 23:59:03.347330
04580,0000,1182,106,2024-12-29 23:59:03.363333
19962,0000,1182,106,2024-12-29 23:59:03.379329
03492,0000,1182,106,2024-12-29 23:59:03.395324
04451,0000,1182,106,2024-12-29 23:59:03.411324
02593,0001,1182,106,2024-12-29 23:59:03.427319
20346,0000,1182,106,2024-12-29 23:59:03.459314
50862,0000,1182,106,2024-12-29 23:59:03.475310
16052,0000,1182,106,2024-12-29 23:59:03.491303
28192,0000,1182,106,2024-12-29 23:59:03.507303
21186,0000,1182,106,2024-12-29 23:59:03.523302
02954,0001,1182,106,2024-12-29 23:59:03.539297
43085,0000,1182,106,2024-12-29 23:59:03.555289
14586,0000,1182,106,2024-12-29 23:59:03.571296
17036,0000,1182,106,2024-12-29 23:59:03.587285
26346,0000,1182,106,2024-12-29 23:59:03.618974
14383,0000,1182,106,2024-12-29 23:59:03.635282
05635,0000,1182,106,2024-12-29 23:59:03.651275
03866,0000,1182,106,2024-12-29 23:59:03.667279
34516,0000,1182,106,2024-12-29 23:59:03.683270
04559,0000,1182,106,2024-12-29 23:59:03.699273
56646,0000,1182,106,2024-12-29 23:59:03.715263
02763,0000,1182,106,2024-12-29 23:59:03.731255
14792,0000,1182,106,2024-12-29 23:59:03.747258
58562,0000,1182,106,2024-12-29 23:59:03.778637
02869,0000,1182,106,2024-12-29 23:59:03.795246
02958,0000,1182,106,2024-12-29 23:59:03.811244
19418,0000,1182,106,2024-12-29 23:59:03.827244
51532,0000,1182,106,2024-12-29 23:59:03.843247
51782,0001,1182,106,2024-12-29 23:59:03.859233
04617,0000,1182,106,2024-12-29 23:59:03.875237
00648,0000,1182,106,2024-12-29 23:59:03.891230
07848,0000,1182,106,2024-12-29 23:59:03.907230
04728,0000,1182,106,2024-12-29 23:59:03.923221
05985,0000,1182,106,2024-12-29 23:59:03.955021
45817,0000,1182,106,2024-12-29 23:59:03.971209
37665,0001,1182,106,2024-12-29 23:59:03.987206
15582,0000,1182,106,2024-12-29 23:59:04.003201
02165,0000,1182,106,2024-12-29 23:59:04.019204
26780,0000,1182,106,2024-12-29 23:59:04.035201
05291,0000,1182,106,2024-12-29 23:59:04.051194
20124,0000,1182,106,2024-12-29 23:59:04.067186
03748,0000,1182,106,2024-12-29 23:59:04.083195
36027,0000,1182,106,2024-12-29 23:59:04.114661
07784,0000,1182,106,2024-12-29 23:59:04.131174
00929,0000,1182,106,2024-12-29 23:59:04.147178
03735,0000,1182,106,2024-12-29 23:59:04.163167
04351,0000,1182,106,2024-12-29 23:59:04.179173
47158,0000,1182,106,2024-12-29 23:59:04.195165
20523,0000,1182,106,2024-12-29 23:59:04.211162
00772,0000,1182,106,2024-12-29 23:59:04.227169
40957,0000,1182,106,2024-12-29 23:59:04.243156
05395,0000,1182,106,2024-12-29 23:59:04.259158
44705,0000,1182,106,2024-12-29 23:59:04.291040
02617,0000,1182,106,2024-12-29 23:59:04.307149
00412,0000,1182,106,2024-12-29 23:59:04.323144
03017,0000,1182,106,2024-12-29 23:59:04.339141
05308,0000,1182,106,2024-12-29 23:59:04.355147
05446,0000,1182,106,2024-12-29 23:59:04.371137
59810,0001,1182,106,2024-12-29 23:59:04.387132
34434,0000,1182,106,2024-12-29 23:59:04.403135
50095,0000,1182,106,2024-12-29 23:59:04.419131
04383,0000,1182,106,2024-12-29 23:59:04.450691
-0005,0000,1182,106,2024-12-29 23:59:04.467116
12264,0000,1182,106,2024-12-29 23:59:04.483116
04705,0000,1182,106,2024-12-29 23:59:04.499109
04660,0000,1182,106,2024-12-29 23:59:04.515111
40176,0000,1182,106,2024-12-29 23:59:04.531102
01492,0000,1182,106,2024-12-29 23:59:04.547103
47171,0000,1182,106,2024-12-29 23:59:04.563103
24813,0000,1182,106,2024-12-29 23:59:04.579110
03086,0000,1182,106,2024-12-29 23:59:04.595100
06230,0000,1182,106,2024-12-29 23:59:04.627104
03139,0000,1182,106,2024-12-29 23:59:04.643083
32273,0000,1182,106,2024-12-29 23:59:04.659091
12775,0000,1182,106,2024-12-29 23:59:04.675078
16496,0000,1182,106,2024-12-29 23:59:04.691077
02619,0000,1182,106,2024-12-29 23:59:04.707072
08211,0000,1183,106,2024-12-29 23:59:04.723076
67000,0001,1182,106,2024-12-29 23:59:04.739077
01384,0000,1182,106,2024-12-29 23:59:04.755078
01308,0000,1182,106,2024-12-29 23:59:04.786714
21103,0000,1182,106,2024-12-29 23:59:04.803056
26690,0000,1182,106,2024-12-29 23:59:04.819061
63610,0000,1182,106,2024-12-29 23:59:04.835054
23119,0000,1182,106,2024-12-29 23:59:04.851053
01525,0000,1182,106,2024-12-29 23:59:04.867046
03336,0000,1182,106,2024-12-29 23:59:04.883047
02059,0000,1182,106,2024-12-29 23:59:04.899042
53138,0000,1182,106,2024-12-29 23:59:04.915044
53353,0000,1182,106,2024-12-29 23:59:04.946342
21857,0000,1182,106,2024-12-29 23:59:04.963026
21817,0001,1182,106,2024-12-29 23:59:04.979013
21299,0000,1182,106,2024-12-29 23:59:04.995020
04607,0000,1182,106,2024-12-29 23:59:05.011022
49186,0000,1182,106,2024-12-29 23:59:05.027030
04402,0000,1182,106,2024-12-29 23:59:05.043028
37120,0000,1182,106,2024-12-29 23:59:05.059030
56465,0000,1183,106,2024-12-29 23:59:05.075036
02533,0000,1182,106,2024-12-29 23:59:05.091029
15751,0000,1182,106,2024-12-29 23:59:05.122756
19453,0000,1182,106,2024-12-29 23:59:05.139042
03580,0000,1182,106,2024-12-29 23:59:05.155034
01572,0000,1182,106,2024-12-29 23:59:05.171049
53219,0000,1182,106,2024-12-29 23:59:05.187039
08628,0000,1182,106,2024-12-29 23:59:05.203040
00375,0000,1182,106,2024-12-29 23:59:05.218975
36245,0000,1182,106,2024-12-29 23:59:05.234977
00799,0000,1182,106,2024-12-29 23:59:05.250978
04601,0000,1182,106,2024-12-29 23:59:05.282361
03520,0000,1182,106,2024-12-29 23:59:05.298965
35513,0000,1182,106,2024-12-29 23:59:05.314977
09223,0000,1182,106,2024-12-29 23:59:05.330958
28487,0000,1182,106,2024-12-29 23:59:05.346950
30331,0000,1182,106,2024-12-29 23:59:05.362939
02551,0000,1182,106,2024-12-29 23:59:05.378954
56674,0000,1182,106,2024-12-29 23:59:05.394948
10013,0000,1182,106,2024-12-29 23:59:05.410945
03367,0000,1182,106,2024-12-29 23:59:05.426932
43966,0000,1183,106,2024-12-29 23:59:05.458761
02509,0000,1182,106,2024-12-29 23:59:05.474928
24046,0000,1182,106,2024-12-29 23:59:05.490924
24840,0000,1182,106,2024-12-29 23:59:05.506918
49707,0000,1183,106,2024-12-29 23:59:05.522923
02869,0000,1183,106,2024-12-29 23:59:05.538914
04583,0000,1183,106,2024-12-29 23:59:05.554909
63512,0000,1182,106,2024-12-29 23:59:05.570907
52566,0000,1183,106,2024-12-29 23:59:05.586909
61559,0000,1182,106,2024-12-29 23:59:05.618401
55068,0000,1182,106,2024-12-29 23:59:05.634894
44787,0000,1182,106,2024-12-29 23:59:05.650891
01159,0000,1182,106,2024-12-29 23:59:05.666887
01174,0000,1183,106,2024-12-29 23:59:05.682892
03967,0000,1183,106,2024-12-29 23:59:05.698884
55551,0000,1183,106,2024-12-29 23:59:05.714886
15765,0000,1182,106,2024-12-29 23:59:05.730872
00870,0000,1183,106,2024-12-29 23:59:05.746883
41659,0000,1182,106,2024-12-29 23:59:05.762874
00175,0000,1183,106,2024-12-29 23:59:05.794809
02786,0000,1182,106,2024-12-29 23:59:05.810861
53414,0001,1182,106,2024-12-29 23:59:05.826862
29663,0000,1182,106,2024-12-29 23:59:05.842851
06250,0000,1183,106,2024-12-29 23:59:05.858850
00749,0000,1182,106,2024-12-29 23:59:05.874845
01408,0000,1182,106,2024-12-29 23:59:05.890848
32392,0000,1182,106,2024-12-29 23:59:05.906840
14501,0000,1182,106,2024-12-29 23:59:05.922844
04433,0001,1183,106,2024-12-29 23:59:05.954424
13254,0000,1182,106,2024-12-29 23:59:05.970828
28341,0000,1182,106,2024-12-29 23:59:05.986828
14155,0000,1183,106,2024-12-29 23:59:06.002823
02487,0000,1183,106,2024-12-29 23:59:06.018821
27246,0000,1183,106,2024-12-29 23:59:06.034815
53928,0000,1183,106,2024-12-29 23:59:06.050817
14695,0000,1182,106,2024-12-29 23:59:06.066807
24206,0000,1183,106,2024-12-29 23:59:06.082802
00899,0000,1183,106,2024-12-29 23:59:06.098801
23991,0000,1182,106,2024-12-29 23:59:06.130796
09567,0000,1182,106,2024-12-29 23:59:06.146802
05443,0000,1183,106,2024-12-29 23:59:06.162793
05221,0000,1183,106,2024-12-29 23:59:06.178796
05465,0000,1183,106,2024-12-29 23:59:06.194795
29229,0001,1183,106,2024-12-29 23:59:06.210788
41107,0001,1183,106,2024-12-29 23:59:06.226778
02297,0000,1183,106,2024-12-29 23:59:06.242793
23688,0000,1183,106,2024-12-29 23:59:06.258782
04414,0000,1183,106,2024-12-29 23:59:06.290473
14631,0000,1182,106,2024-12-29 23:59:06.306787
02305,0000,1183,106,2024-12-29 23:59:06.322768
01879,0000,1183,106,2024-12-29 23:59:06.338761
05411,0001,1183,106,2024-12-29 23:59:06.354744
06387,0000,1183,106,2024-12-29 23:59:06.370750
05202,0000,1183,106,2024-12-29 23:59:06.386744
03704,0000,1183,106,2024-12-29 23:59:06.402744
59108,0000,1183,106,2024-12-29 23:59:06.418738
05046,0000,1183,106,2024-12-29 23:59:06.450075
-0001,0000,1183,106,2024-12-29 23:59:06.466735
14021,0000,1183,106,2024-12-29 23:59:06.482720
39871,0000,1183,106,2024-12-29 23:59:06.498723
23775,0000,1182,106,2024-12-29 23:59:06.514714
20929,0000,1183,106,2024-12-29 23:59:06.530721
01918,0000,1182,106,2024-12-29 23:59:06.546715
03844,0000,1182,106,2024-12-29 23:59:06.562713
01275,0000,1182,106,2024-12-29 23:59:06.578718
48226,0000,1183,106,2024-12-29 23:59:06.594708
51525,0000,1183,106,2024-12-29 23:59:06.626486
39506,0000,1183,106,2024-12-29 23:59:06.642703
21027,0000,1183,106,2024-12-29 23:59:06.658690
05350,0000,1183,106,2024-12-29 23:59:06.674694
27721,0000,1183,106,2024-12-29 23:59:06.690690
17903,0000,1183,106,2024-12-29 23:59:06.706692
02219,0000,1183,106,2024-12-29 23:59:06.722682
04464,0000,1183,106,2024-12-29 23:59:06.738687
02458,0000,1183,106,2024-12-29 23:59:06.754668
49905,0000,1183,106,2024-12-29 23:59:06.786118
32247,0000,1183,106,2024-12-29 23:59:06.802665
01771,0000,1182,106,2024-12-29 23:59:06.818656
05356,0000,1183,106,2024-12-29 23:59:06.834666
47534,0000,1183,106,2024-12-29 23:59:06.850657
03086,0000,1183,106,2024-12-29 23:59:06.866656
13991,0000,1182,106,2024-12-29 23:59:06.882650
17818,0000,1183,106,2024-12-29 23:59:06.898649
20200,0001,1183,106,2024-12-29 23:59:06.914641
25126,0000,1183,106,2024-12-29 23:59:06.930634
57511,0000,1183,106,2024-12-29 23:59:06.962521
24261,0000,1183,106,2024-12-29 23:59:06.978645
23121,0000,1183,106,2024-12-29 23:59:06.994629
00568,0000,1183,106,2024-12-29 23:59:07.010628
26399,0000,1182,106,2024-12-29 23:59:07.026623
28442,0001,1183,106,2024-12-29 23:59:07.042624
00743,0000,1183,106,2024-12-29 23:59:07.058612
17803,0001,1183,106,2024-12-29 23:59:07.074613
00077,0000,1183,106,2024-12-29 23:59:07.090612
03777,0000,1183,106,2024-12-29 23:59:07.122140
00675,0001,1183,106,2024-12-29 23:59:07.138604
04056,0000,1183,106,2024-12-29 23:59:07.154597
02492,0000,1182,106,2024-12-29 23:59:07.170589
21057,0000,1183,106,2024-12-29 23:59:07.186593
44194,0000,1183,106,2024-12-29 23:59:07.202582
43778,0000,1183,106,2024-12-29 23:59:07.218590
03880,0000,1183,106,2024-12-29 23:59:07.234577
04611,0000,1183,106,2024-12-29 23:59:07.250593
28095,0000,1183,106,2024-12-29 23:59:07.266573
08894,0000,1183,106,2024-12-29 23:59:07.298535
01129,0000,1183,106,2024-12-29 23:59:07.314571
23163,0000,1183,106,2024-12-29 23:59:07.330559
05387,0000,1183,106,2024-12-29 23:59:07.346556
05473,0000,1183,106,2024-12-29 23:59:07.362566
03788,0000,1183,106,2024-12-29 23:59:07.378571
00735,0000,1183,106,2024-12-29 23:59:07.394550
04606,0000,1183,106,2024-12-29 23:59:07.410552
02883,0000,1183,106,2024-12-29 23:59:07.426547
01389,0000,1183,106,2024-12-29 23:59:07.458176
15769,0000,1183,106,2024-12-29 23:59:07.474535
17258,0000,1183,106,2024-12-29 23:59:07.490537
24871,0000,1183,106,2024-12-29 23:59:07.506536
15400,0000,1183,106,2024-12-29 23:59:07.522523
11026,0000,1183,106,2024-12-29 23:59:07.538518
01719,0000,1183,106,2024-12-29 23:59:07.554521
03969,0000,1183,106,2024-12-29 23:59:07.570517
22991,0000,1183,106,2024-12-29 23:59:07.586515
30753,0000,1183,106,2024-12-29 23:59:07.602507
01429,0000,1183,106,2024-12-29 23:59:07.634504
03489,0000,1183,106,2024-12-29 23:59:07.650511
05411,0000,1183,106,2024-12-29 23:59:07.666499
00144,0001,1183,106,2024-12-29 23:59:07.682493
46404,0000,1183,106,2024-12-29 23:59:07.698491
03135,0000,1183,106,2024-12-29 23:59:07.714489
05495,0000,1183,106,2024-12-29 23:59:07.730481
34719,0000,1183,106,2024-12-29 23:59:07.746489
04559,0000,1183,106,2024-12-29 23:59:07.762492
01724,0000,1183,106,2024-12-29 23:59:07.794183
54322,0000,1183,106,2024-12-29 23:59:07.810466
02984,0000,1183,106,2024-12-29 23:59:07.826468
14149,0000,1183,106,2024-12-29 23:59:07.842463
03905,0000,1183,106,2024-12-29 23:59:07.858461
28570,0001,1183,106,2024-12-29 23:59:07.874466
18210,0000,1183,106,2024-12-29 23:59:07.890469
05233,0000,1183,106,2024-12-29 23:59:07.906450
16274,0000,1183,106,2024-12-29 23:59:07.922453
33895,0000,1183,106,2024-12-29 23:59:07.953825
01736,0000,1183,106,2024-12-29 23:59:07.970428
03776,0000,1183,106,2024-12-29 23:59:07.986431
18656,0000,1183,106,2024-12-29 23:59:08.002420
11683,0000,1183,106,2024-12-29 23:59:08.018429
05319,0000,1183,106,2024-12-29 23:59:08.034414
08030,0000,1183,106,2024-12-29 23:59:08.050421
04018,0000,1183,106,2024-12-29 23:59:08.066408
14089,0000,1183,106,2024-12-29 23:59:08.082417
02868,0000,1183,106,2024-12-29 23:59:08.098412
01521,0000,1183,106,2024-12-29 23:59:08.130225
39391,0000,1183,106,2024-12-29 23:59:08.146400
03882,0000,1183,106,2024-12-29 23:59:08.162411
04475,0000,1183,106,2024-12-29 23:59:08.178413
30316,0000,1183,106,2024-12-29 23:59:08.194416
01345,0000,1183,106,2024-12-29 23:59:08.210414
11521,0000,1183,106,2024-12-29 23:59:08.226415
05332,0000,1183,106,2024-12-29 23:59:08.242426
21690,0000,1183,106,2024-12-29 23:59:08.258418
04674,0000,1183,106,2024-12-29 23:59:08.289897
23354,0000,1183,106,2024-12-29 23:59:08.306437
28404,0000,1183,106,2024-12-29 23:59:08.322430
00061,0000,1183,106,2024-12-29 23:59:08.338425
04455,0000,1183,106,2024-12-29 23:59:08.354354
03811,0000,1183,106,2024-12-29 23:59:08.370361
20933,0000,1183,106,2024-12-29 23:59:08.386351
00681,0000,1183,106,2024-12-29 23:59:08.402351
39449,0000,1183,106,2024-12-29 23:59:08.418346
57459,0000,1183,106,2024-12-29 23:59:08.434348
01755,0000,1183,106,2024-12-29 23:59:08.466249
05564,0000,1183,106,2024-12-29 23:59:08.482332
04861,0000,1183,106,2024-12-29 23:59:08.498334
03766,0000,1183,106,2024-12-29 23:59:08.514327
28091,0000,1183,106,2024-12-29 23:59:08.530330
17875,0000,1183,106,2024-12-29 23:59:08.546338
05508,0000,1183,106,2024-12-29 23:59:08.562316
01268,0000,1183,106,2024-12-29 23:59:08.578317
03576,0000,1183,106,2024-12-29 23:59:08.594312
05463,0000,1183,106,2024-12-29 23:59:08.625891
13180,0000,1184,106,2024-12-29 23:59:08.642311
02223,0000,1183,106,2024-12-29 23:59:08.658307
25652,0000,1183,106,2024-12-29 23:59:08.674304
04618,0000,1183,106,2024-12-29 23:59:08.690297
22921,0000,1183,106,2024-12-29 23:59:08.706297
04028,0000,1183,106,2024-12-29 23:59:08.722290
05419,0000,1183,106,2024-12-29 23:59:08.738301
01341,0000,1183,106,2024-12-29 23:59:08.754286
52420,0000,1183,106,2024-12-29 23:59:08.770286
04661,0000,1183,106,2024-12-29 23:59:08.802282
25629,0001,1183,106,2024-12-29 23:59:08.818275
02225,0000,1183,106,2024-12-29 23:59:08.834278
15463,0000,1183,106,2024-12-29 23:59:08.850266
04638,0000,1183,106,2024-12-29 23:59:08.866264
39283,0000,1183,106,2024-12-29 23:59:08.882254
58520,0000,1183,106,2024-12-29 23:59:08.898262
20356,0000,1183,106,2024-12-29 23:59:08.914254
04536,0000,1184,106,2024-12-29 23:59:08.930254
53897,0000,1183,106,2024-12-29 23:59:08.961901
31462,0000,1183,106,2024-12-29 23:59:08.978247
11595,0000,1183,106,2024-12-29 23:59:08.994230
20366,0000,1183,106,2024-12-29 23:59:09.010234
53972,0000,1183,106,2024-12-29 23:59:09.026227
20199,0000,1184,106,2024-12-29 23:59:09.042227
04738,0000,1183,106,2024-12-29 23:59:09.058224
04618,0000,1183,106,2024-12-29 23:59:09.074224
05283,0000,1184,106,2024-12-29 23:59:09.090219
08679,0000,1183,106,2024-12-29 23:59:09.121544
44778,0000,1183,106,2024-12-29 23:59:09.138216
04629,0000,1183,106,2024-12-29 23:59:09.154208
05421,0000,1183,106,2024-12-29 23:59:09.170199
29584,0000,1183,106,2024-12-29 23:59:09.186196
46657,0000,1183,106,2024-12-29 23:59:09.202193
49999,0000,1183,106,2024-12-29 23:59:09.218187
15680,0000,1184,106,2024-12-29 23:59:09.234181
20847,0000,1183,106,2024-12-29 23:59:09.250186
02292,0000,1183,106,2024-12-29 23:59:09.266180
02745,0000,1183,106,2024-12-29 23:59:09.297925
19521,0000,1184,106,2024-12-29 23:59:09.314184
05473,0000,1183,106,2024-12-29 23:59:09.330174
20058,0000,1183,106,2024-12-29 23:59:09.346163
30698,0000,1183,106,2024-12-29 23:59:09.362161
24859,0000,1183,106,2024-12-29 23:59:09.378151
02303,0000,1183,106,2024-12-29 23:59:09.394155
22528,0000,1183,106,2024-12-29 23:59:09.410150
02128,0000,1183,106,2024-12-29 23:59:09.426154
27888,0000,1183,106,2024-12-29 23:59:09.457585
30313,0000,1183,106,2024-12-29 23:59:09.474137
23955,0000,1183,106,2024-12-29 23:59:09.490139
10302,0000,1183,106,2024-12-29 23:59:09.506132
05425,0000,1183,106,2024-12-29 23:59:09.522136
02406,0000,1184,106,2024-12-29 23:59:09.538127
04648,0001,1183,106,2024-12-29 23:59:09.554129
09270,0000,1183,106,2024-12-29 23:59:09.570119
03161,0000,1184,106,2024-12-29 23:59:09.586120
04596,0000,1183,106,2024-12-29 23:59:09.602110
03844,0000,1183,106,2024-12-29 23:59:09.633946
00566,0000,1184,106,2024-12-29 23:59:09.650108
03966,0000,1184,106,2024-12-29 23:59:09.666114
37722,0000,1184,106,2024-12-29 23:59:09.682099
27407,0000,1184,106,2024-12-29 23:59:09.698099
03630,0000,1184,106,2024-12-29 23:59:09.714099
00643,0000,1183,106,2024-12-29 23:59:09.730105
29292,0000,1183,106,2024-12-29 23:59:09.746092
05327,0000,1183,106,2024-12-29 23:59:09.762091
01445,0000,1183,106,2024-12-29 23:59:09.793614
01403,0000,1183,106,2024-12-29 23:59:09.810077
03829,0001,1184,106,2024-12-29 23:59:09.826071
19233,0000,1183,106,2024-12-29 23:59:09.842072
30439,0000,1184,106,2024-12-29 23:59:09.858072
04749,0000,1183,106,2024-12-29 23:59:09.874061
10448,0000,1184,106,2024-12-29 23:59:09.890050
02209,0000,1183,106,2024-12-29 23:59:09.906056
02283,0000,1184,106,2024-12-29 23:59:09.922048
26718,0000,1184,106,2024-12-29 23:59:09.938050
63257,0000,1183,106,2024-12-29 23:59:09.969992
09351,0000,1183,106,2024-12-29 23:59:09.986036
04603,0000,1184,106,2024-12-29 23:59:10.002039
03144,0000,1183,106,2024-12-29 23:59:10.018030
59399,0000,1184,106,2024-12-29 23:59:10.034031
03016,0000,1184,106,2024-12-29 23:59:10.050021
05420,0000,1184,106,2024-12-29 23:59:10.066026
03078,0000,1183,106,2024-12-29 23:59:10.082018
04756,0000,1184,106,2024-12-29 23:59:10.098020
12731,0000,1183,106,2024-12-29 23:59:10.129603
04029,0001,1183,106,2024-12-29 23:59:10.146010
00689,0001,1184,106,2024-12-29 23:59:10.161999
35234,0000,1184,106,2024-12-29 23:59:10.178003
01737,0000,1184,106,2024-12-29 23:59:10.194005
20101,0000,1184,106,2024-12-29 23:59:10.210004
03079,0000,1184,106,2024-12-29 23:59:10.226000
02790,0000,1183,106,2024-12-29 23:59:10.242019
18597,0000,1183,106,2024-12-29 23:59:10.257985
60776,0000,1183,106,2024-12-29 23:59:10.273996
63504,0000,1184,106,2024-12-29 23:59:10.305981
52508,0000,1184,106,2024-12-29 23:59:10.321973
03786,0000,1184,106,2024-12-29 23:59:10.337980
03021,0000,1184,106,2024-12-29 23:59:10.354191
03300,0000,1184,106,2024-12-29 23:59:10.369994
03849,0000,1184,106,2024-12-29 23:59:10.385965
04673,0000,1184,106,2024-12-29 23:59:10.401959
17720,0000,1183,106,2024-12-29 23:59:10.417958
37712,0000,1184,106,2024-12-29 23:59:10.433945
00715,0000,1184,106,2024-12-29 23:59:10.465645
04697,0000,1184,106,2024-12-29 23:59:10.481949
22150,0000,1184,106,2024-12-29 23:59:10.497949
03042,0000,1183,106,2024-12-29 23:59:10.513955
00678,0000,1184,106,2024-12-29 23:59:10.529933
06890,0000,1184,106,2024-12-29 23:59:10.545934
03576,0001,1184,106,2024-12-29 23:59:10.561928
03692,0000,1184,106,2024-12-29 23:59:10.577932
02814,0000,1183,106,2024-12-29 23:59:10.593922
02122,0000,1184,106,2024-12-29 23:59:10.625303
35221,0000,1184,106,2024-12-29 23:59:10.641904
00611,0000,1184,106,2024-12-29 23:59:10.657904
04514,0000,1184,106,2024-12-29 23:59:10.673911
01582,0000,1184,106,2024-12-29 23:59:10.689905
01553,0000,1183,106,2024-12-29 23:59:10.705894
02973,0000,1184,106,2024-12-29 23:59:10.721893
01477,0000,1184,106,2024-12-29 23:59:10.737889
00645,0000,1184,106,2024-12-29 23:59:10.753890
00847,0000,1184,106,2024-12-29 23:59:10.769882
03012,0000,1184,106,2024-12-29 23:59:10.801685
40715,0000,1184,106,2024-12-29 23:59:10.817878
22172,0000,1184,106,2024-12-29 23:59:10.833874
20225,0000,1183,106,2024-12-29 23:59:10.849873
04631,0000,1184,106,2024-12-29 23:59:10.865870
03749,0000,1184,106,2024-12-29 23:59:10.881865
28777,0000,1184,106,2024-12-29 23:59:10.897871
29716,0000,1184,106,2024-12-29 23:59:10.913852
15951,0000,1184,106,2024-12-29 23:59:10.929855
05266,0000,1184,106,2024-12-29 23:59:10.961329
02709,0000,1184,106,2024-12-29 23:59:10.977850
03438,0001,1184,106,2024-12-29 23:59:10.993839
49982,0000,1184,106,2024-12-29 23:59:11.009848
04541,0000,1184,106,2024-12-29 23:59:11.025848
29407,0000,1184,106,2024-12-29 23:59:11.041829
44542,0000,1184,106,2024-12-29 23:59:11.057829
04513,0000,1184,106,2024-12-29 23:59:11.073826
16858,0000,1184,106,2024-12-29 23:59:11.089823
03007,0000,1184,106,2024-12-29 23:59:11.105815
30477,0000,1184,106,2024-12-29 23:59:11.137724
07693,0000,1184,106,2024-12-29 23:59:11.153811
02279,0000,1184,106,2024-12-29 23:59:11.169805
03858,0000,1184,106,2024-12-29 23:59:11.185805
02166,0000,1184,106,2024-12-29 23:59:11.201800
32314,0000,1184,106,2024-12-29 23:59:11.217803
02885,0000,1184,106,2024-12-29 23:59:11.233801
00389,0000,1184,106,2024-12-29 23:59:11.249810
03013,0000,1184,106,2024-12-29 23:59:11.265786
43081,0000,1184,106,2024-12-29 23:59:11.297374
21433,0000,1184,106,2024-12-29 23:59:11.313789
03875,0000,1184,106,2024-12-29 23:59:11.329791
23622,0000,1184,106,2024-12-29 23:59:11.345797
01573,0000,1184,106,2024-12-29 23:59:11.361797
19433,0000,1184,106,2024-12-29 23:59:11.377797
30223,0000,1184,106,2024-12-29 23:59:11.393806
06099,0000,1184,106,2024-12-29 23:59:11.409804
00026,0000,1184,106,2024-12-29 23:59:11.425806
02507,0000,1184,106,2024-12-29 23:59:11.441811
26208,0000,1184,106,2024-12-29 23:59:11.473796
52294,0000,1184,106,2024-12-29 23:59:11.489745
08966,0000,1184,106,2024-12-29 23:59:11.505743
05345,0000,1184,106,2024-12-29 23:59:11.521734
03032,0000,1184,106,2024-12-29 23:59:11.537738
29324,0000,1184,106,2024-12-29 23:59:11.553732
16304,0000,1184,106,2024-12-29 23:59:11.569730
30446,0000,1184,106,2024-12-29 23:59:11.585726
03757,0000,1184,106,2024-12-29 23:59:11.601724
54054,0000,1184,106,2024-12-29 23:59:11.633378
00591,0000,1184,106,2024-12-29 23:59:11.649714
23031,0000,1184,106,2024-12-29 23:59:11.665713
05655,0000,1184,106,2024-12-29 23:59:11.681722
24212,0000,1184,106,2024-12-29 23:59:11.697702
28580,0000,1184,106,2024-12-29 23:59:11.713711
07862,0000,1184,106,2024-12-29 23:59:11.729701
01461,0000,1184,106,2024-12-29 23:59:11.745699
26780,0000,1184,106,2024-12-29 23:59:11.761694
49057,0000,1184,106,2024-12-29 23:59:11.793002
17188,0000,1184,106,2024-12-29 23:59:11.809682
19228,0000,1184,106,2024-12-29 23:59:11.825678
02188,0000,1184,106,2024-12-29 23:59:11.841673
03792,0000,1184,106,2024-12-29 23:59:11.857672
18503,0000,1184,106,2024-12-29 23:59:11.873666
29535,0000,1184,106,2024-12-29 23:59:11.889667
47387,0000,1184,106,2024-12-29 23:59:11.905660
00054,0000,1184,106,2024-12-29 23:59:11.921664
33172,0000,1184,106,2024-12-29 23:59:11.937654
34504,0000,1184,106,2024-12-29 23:59:11.969399
40993,0000,1184,106,2024-12-29 23:59:11.985648
21159,0000,1184,106,2024-12-29 23:59:12.001642
15524,0000,1184,106,2024-12-29 23:59:12.017646
03764,0000,1184,106,2024-12-29 23:59:12.033636
01182,0001,1184,106,2024-12-29 23:59:12.049633
22458,0000,1184,106,2024-12-29 23:59:12.065638
30344,0000,1184,106,2024-12-29 23:59:12.081638
00550,0000,1184,106,2024-12-29 23:59:12.097627
02033,0000,1184,106,2024-12-29 23:59:12.129051
01302,0000,1184,106,2024-12-29 23:59:12.145623
43127,0000,1184,106,2024-12-29 23:59:12.161615
02768,0000,1184,106,2024-12-29 23:59:12.177610
01656,0000,1184,106,2024-12-29 23:59:12.193609
02270,0000,1184,106,2024-12-29 23:59:12.209602
13167,0000,1184,106,2024-12-29 23:59:12.225599
01394,0000,1184,106,2024-12-29 23:59:12.241605
03609,0000,1184,106,2024-12-29 23:59:12.257595
19423,0000,1184,106,2024-12-29 23:59:12.273589
49156,0000,1184,106,2024-12-29 23:59:12.305464
54735,0000,1184,106,2024-12-29 23:59:12.321610
43359,0000,1184,106,2024-12-29 23:59:12.337591
44667,0000,1184,106,2024-12-29 23:59:12.353577
08651,0000,1184,106,2024-12-29 23:59:12.369566
04616,0000,1184,106,2024-12-29 23:59:12.385568
05402,0000,1184,106,2024-12-29 23:59:12.401563
32124,0000,1184,106,2024-12-29 23:59:12.417566
10887,0000,1184,106,2024-12-29 23:59:12.433557
04053,0000,1184,106,2024-12-29 23:59:12.465107
02317,0000,1184,106,2024-12-29 23:59:12.481547
01478,0000,1184,106,2024-12-29 23:59:12.497548
61693,0000,1185,106,2024-12-29 23:59:12.513541
20121,0000,1184,106,2024-12-29 23:59:12.529544
18016,0000,1184,106,2024-12-29 23:59:12.545535
01022,0000,1184,106,2024-12-29 23:59:12.561535
15544,0000,1185,106,2024-12-29 23:59:12.577536
57511,0000,1184,106,2024-12-29 23:59:12.593521
05330,0000,1184,106,2024-12-29 23:59:12.609520
59139,0000,1184,106,2024-12-29 23:59:12.641477
11036,0000,1184,106,2024-12-29 23:59:12.657511
07468,0000,1184,106,2024-12-29 23:59:12.673510
04548,0000,1184,106,2024-12-29 23:59:12.689503
32535,0000,1184,106,2024-12-29 23:59:12.705507
30656,0000,1184,106,2024-12-29 23:59:12.721499
02914,0000,1184,106,2024-12-29 23:59:12.737504
36820,0000,1184,106,2024-12-29 23:59:12.753497
55794,0000,1184,106,2024-12-29 23:59:12.769498
17104,0000,1184,106,2024-12-29 23:59:12.801120
02671,0000,1184,106,2024-12-29 23:59:12.817483
05189,0000,1184,106,2024-12-29 23:59:12.833484
04583,0000,1184,106,2024-12-29 23:59:12.849484
00835,0000,1184,106,2024-12-29 23:59:12.865466
66232,0000,1184,106,2024-12-29 23:59:12.881473
05389,0000,1184,106,2024-12-29 23:59:12.897464
07535,0000,1184,106,2024-12-29 23:59:12.913472
29726,0000,1184,106,2024-12-29 23:59:12.929460
03703,0000,1184,106,2024-12-29 23:59:12.945461
00487,0000,1184,106,2024-12-29 23:59:12.977458
01552,0000,1184,106,2024-12-29 23:59:12.993449
67734,0000,1184,106,2024-12-29 23:59:13.009454
37005,0000,1184,106,2024-12-29 23:59:13.025442
03794,0000,1184,106,2024-12-29 23:59:13.041446
23798,0000,1184,106,2024-12-29 23:59:13.057442
33772,0000,1185,106,2024-12-29 23:59:13.073439
04010,0000,1184,106,2024-12-29 23:59:13.089435
11617,0000,1184,106,2024-12-29 23:59:13.105432
01444,0000,1185,106,2024-12-29 23:59:13.137135
07834,0000,1184,106,2024-12-29 23:59:13.153415
02422,0000,1185,106,2024-12-29 23:59:13.169409
03033,0000,1184,106,2024-12-29 23:59:13.185409
04579,0000,1184,106,2024-12-29 23:59:13.201411
48375,0001,1184,106,2024-12-29 23:59:13.217411
11854,0000,1184,106,2024-12-29 23:59:13.233401
00451,0000,1184,106,2024-12-29 23:59:13.249400
17454,0000,1184,106,2024-12-29 23:59:13.265389
12787,0000,1184,106,2024-12-29 23:59:13.296789
00838,0000,1184,106,2024-12-29 23:59:13.313392
63671,0000,1184,106,2024-12-29 23:59:13.329381
13942,0000,1184,106,2024-12-29 23:59:13.345384
10935,0000,1184,106,2024-12-29 23:59:13.361384
15454,0000,1184,106,2024-12-29 23:59:13.377368
12493,0000,1185,106,2024-12-29 23:59:13.393370
03714,0000,1184,106,2024-12-29 23:59:13.409360
28110,0000,1184,106,2024-12-29 23:59:13.425366
00165,0000,1184,106,2024-12-29 23:59:13.441359
09307,0000,1185,106,2024-12-29 23:59:13.473158
15680,0000,1184,106,2024-12-29 23:59:13.489361
54045,0000,1184,106,2024-12-29 23:59:13.505352
02404,0000,1184,106,2024-12-29 23:59:13.521349
04586,0000,1184,106,2024-12-29 23:59:13.537350
10093,0000,1185,106,2024-12-29 23:59:13.553344
16594,0000,1184,106,2024-12-29 23:59:13.569339
02632,0000,1184,106,2024-12-29 23:59:13.585335
02593,0000,1184,106,2024-12-29 23:59:13.601331
25031,0000,1184,106,2024-12-29 23:59:13.632810
04495,0000,1184,106,2024-12-29 23:59:13.649326
21180,0000,1184,106,2024-12-29 23:59:13.665322
01626,0000,1185,106,2024-12-29 23:59:13.681315
03552,0000,1185,106,2024-12-29 23:59:13.697314
03775,0000,1184,106,2024-12-29 23:59:13.713307
04961,0000,1184,106,2024-12-29 23:59:13.729307
07252,0000,1185,106,2024-12-29 23:59:13.745307
02258,0000,1184,106,2024-12-29 23:59:13.761310
02915,0000,1185,106,2024-12-29 23:59:13.777293
07606,0000,1184,106,2024-12-29 23:59:13.809199
01290,0000,1185,106,2024-12-29 23:59:13.825310
04057,0000,1185,106,2024-12-29 23:59:13.841291
28002,0000,1185,106,2024-12-29 23:59:13.857287
48165,0000,1184,106,2024-12-29 23:59:13.873279
02100,0000,1184,106,2024-12-29 23:59:13.889268
09033,0000,1185,106,2024-12-29 23:59:13.905271
01580,0000,1185,106,2024-12-29 23:59:13.921267
01305,0000,1184,106,2024-12-29 23:59:13.937268
36213,0000,1184,106,2024-12-29 23:59:13.968845
14815,0000,1185,106,2024-12-29 23:59:13.985251
01230,0000,1185,106,2024-12-29 23:59:14.001249
24246,0000,1184,106,2024-12-29 23:59:14.017259
09487,0000,1185,106,2024-12-29 23:59:14.033254
02947,0000,1184,106,2024-12-29 23:59:14.049235
03655,0000,1185,106,2024-12-29 23:59:14.065243
58986,0000,1185,106,2024-12-29 23:59:14.081236
09869,0000,1184,106,2024-12-29 23:59:14.097235
14882,0000,1185,106,2024-12-29 23:59:14.113225
36052,0000,1184,106,2024-12-29 23:59:14.145229
58578,0000,1185,106,2024-12-29 23:59:14.161228
32257,0000,1185,106,2024-12-29 23:59:14.177215
02909,0000,1184,106,2024-12-29 23:59:14.193218
03607,0000,1184,106,2024-12-29 23:59:14.209211
00359,0000,1184,106,2024-12-29 23:59:14.225209
52555,0000,1184,106,2024-12-29 23:59:14.241228
03289,0000,1185,106,2024-12-29 23:59:14.257214
02144,0000,1185,106,2024-12-29 23:59:14.273200
03083,0000,1185,106,2024-12-29 23:59:14.304862
04653,0001,1185,106,2024-12-29 23:59:14.321185
64974,0000,1184,106,2024-12-29 23:59:14.337192
34004,0000,1185,106,2024-12-29 23:59:14.353190
23093,0000,1185,106,2024-12-29 23:59:14.369184
07666,0000,1184,106,2024-12-29 23:59:14.385176
01708,0000,1185,106,2024-12-29 23:59:14.401181
01551,0000,1185,106,2024-12-29 23:59:14.417172
01952,0000,1185,106,2024-12-29 23:59:14.433181
40171,0000,1185,106,2024-12-29 23:59:14.464520
03099,0000,1185,106,2024-12-29 23:59:14.481187
08395,0000,1185,106,2024-12-29 23:59:14.497190
03660,0000,1185,106,2024-12-29 23:59:14.513192
03843,0000,1185,106,2024-12-29 23:59:14.529191
11965,0000,1185,106,2024-12-29 23:59:14.545198
01807,0001,1185,106,2024-12-29 23:59:14.561197
02302,0000,1185,106,2024-12-29 23:59:14.577204
43120,0000,1185,106,2024-12-29 23:59:14.593203
50129,0000,1185,106,2024-12-29 23:59:14.609203
12432,0000,1185,106,2024-12-29 23:59:14.640887
26757,0000,1185,106,2024-12-29 23:59:14.657126
01251,0000,1185,106,2024-12-29 23:59:14.673132
18892,0000,1184,106,2024-12-29 23:59:14.689121
01993,0000,1185,106,2024-12-29 23:59:14.705129
08451,0000,1185,106,2024-12-29 23:59:14.721115
22959,0000,1185,106,2024-12-29 23:59:14.737125
04945,0000,1185,106,2024-12-29 23:59:14.753111
03944,0000,1185,106,2024-12-29 23:59:14.769113
01786,0000,1185,106,2024-12-29 23:59:14.800527
24097,0000,1185,106,2024-12-29 23:59:14.817112
02119,0000,1184,106,2024-12-29 23:59:14.833090
54878,0000,1185,106,2024-12-29 23:59:14.849097
03655,0000,1185,106,2024-12-29 23:59:14.865084
03252,0000,1185,106,2024-12-29 23:59:14.881090
03504,0000,1185,106,2024-12-29 23:59:14.897086
41376,0000,1185,106,2024-12-29 23:59:14.913084
50630,0000,1185,106,2024-12-29 23:59:14.929083
02869,0000,1185,106,2024-12-29 23:59:14.945072
43042,0000,1185,106,2024-12-29 23:59:14.976903
01528,0000,1185,106,2024-12-29 23:59:14.993064
04523,0000,1185,106,2024-12-29 23:59:15.009065
04397,0000,1185,106,2024-12-29 23:59:15.025063
28807,0000,1184,106,2024-12-29 23:59:15.041057
17260,0000,1185,106,2024-12-29 23:59:15.057050
05195,0000,1185,106,2024-12-29 23:59:15.073044
21810,0001,1185,106,2024-12-29 23:59:15.089047
21551,0000,1185,106,2024-12-29 23:59:15.105041
01291,0000,1185,106,2024-12-29 23:59:15.136558
09963,0000,1185,106,2024-12-29 23:59:15.153032
04626,0000,1185,106,2024-12-29 23:59:15.169024
13920,0000,1185,106,2024-12-29 23:59:15.185027
28775,0000,1185,106,2024-12-29 23:59:15.201030
53875,0000,1185,106,2024-12-29 23:59:15.217011
01745,0000,1185,106,2024-12-29 23:59:15.233018
02594,0000,1185,106,2024-12-29 23:59:15.249014
10845,0000,1185,106,2024-12-29 23:59:15.265009
02141,0000,1184,106,2024-12-29 23:59:15.281007
45752,0000,1185,106,2024-12-29 23:59:15.312934
02345,0000,1185,106,2024-12-29 23:59:15.329006
05444,0000,1185,106,2024-12-29 23:59:15.344989
03058,0000,1185,106,2024-12-29 23:59:15.360990
00574,0000,1185,106,2024-12-29 23:59:15.376983
04499,0000,1185,106,2024-12-29 23:59:15.392991
17580,0000,1185,106,2024-12-29 23:59:15.408980
01466,0000,1185,106,2024-12-29 23:59:15.424977
15012,0000,1185,106,2024-12-29 23:59:15.440974
39305,0000,1185,106,2024-12-29 23:59:15.472563
18672,0000,1185,106,2024-12-29 23:59:15.488962
51679,0000,1185,106,2024-12-29 23:59:15.504959
21836,0000,1185,106,2024-12-29 23:59:15.520962
10880,0000,1185,106,2024-12-29 23:59:15.536957
29572,0000,1185,106,2024-12-29 23:59:15.552948
53997,0000,1185,106,2024-12-29 23:59:15.568946
01521,0000,1185,106,2024-12-29 23:59:15.584956
30444,0000,1185,106,2024-12-29 23:59:15.600951
30755,0000,1185,106,2024-12-29 23:59:15.616931
05474,0000,1185,106,2024-12-29 23:59:15.648934
03525,0000,1185,106,2024-12-29 23:59:15.664926
04858,0000,1185,106,2024-12-29 23:59:15.680928
13888,0000,1185,106,2024-12-29 23:59:15.696924
27348,0001,1185,106,2024-12-29 23:59:15.712924
04195,0000,1185,106,2024-12-29 23:59:15.728923
32475,0000,1185,106,2024-12-29 23:59:15.744919
05370,0000,1185,106,2024-12-29 23:59:15.760907
38721,0000,1185,106,2024-12-29 23:59:15.776906
14312,0000,1185,106,2024-12-29 23:59:15.808604
11600,0000,1185,106,2024-12-29 23:59:15.824894
32962,0000,1185,106,2024-12-29 23:59:15.840891
04573,0000,1185,106,2024-12-29 23:59:15.856885
01273,0000,1186,106,2024-12-29 23:59:15.872892
28785,0000,1185,106,2024-12-29 23:59:15.888879
66078,0000,1185,106,2024-12-29 23:59:15.904883
01338,0000,1185,106,2024-12-29 23:59:15.920876
01187,0000,1185,106,2024-12-29 23:59:15.936881
05141,0000,1185,106,2024-12-29 23:59:15.968243
00709,0000,1185,106,2024-12-29 23:59:15.984878
05476,0000,1185,106,2024-12-29 23:59:16.000858
03008,0000,1185,106,2024-12-29 23:59:16.016861
03693,0000,1185,106,2024-12-29 23:59:16.032859
02788,0000,1185,106,2024-12-29 23:59:16.048852
41622,0000,1185,106,2024-12-29 23:59:16.064847
03031,0000,1185,106,2024-12-29 23:59:16.080847
00937,0000,1185,106,2024-12-29 23:59:16.096844
02093,0000,1185,106,2024-12-29 23:59:16.112847
14184,0000,1185,106,2024-12-29 23:59:16.144634
05489,0000,1185,106,2024-12-29 23:59:16.160827
45755,0000,1185,106,2024-12-29 23:59:16.176823
14496,0000,1185,106,2024-12-29 23:59:16.192823
01026,0000,1185,106,2024-12-29 23:59:16.208816
01374,0000,1185,106,2024-12-29 23:59:16.224818
04607,0000,1185,106,2024-12-29 23:59:16.240820
39152,0000,1185,106,2024-12-29 23:59:16.256815
01421,0000,1185,106,2024-12-29 23:59:16.272805
04673,0000,1185,106,2024-12-29 23:59:16.304288
03377,0000,1185,106,2024-12-29 23:59:16.320803
36094,0000,1185,106,2024-12-29 23:59:16.336794
34518,0000,1185,106,2024-12-29 23:59:16.352795
13431,0000,1185,106,2024-12-29 23:59:16.368802
01483,0000,1185,106,2024-12-29 23:59:16.384787
03866,0000,1185,106,2024-12-29 23:59:16.400786
15935,0000,1185,106,2024-12-29 23:59:16.416784
48329,0000,1185,106,2024-12-29 23:59:16.432780
20957,0000,1185,106,2024-12-29 23:59:16.448773
04447,0000,1185,106,2024-12-29 23:59:16.480668
29408,0000,1185,106,2024-12-29 23:59:16.496777
04611,0000,1185,106,2024-12-29 23:59:16.512765
45734,0000,1185,106,2024-12-29 23:59:16.528759
20319,0000,1185,106,2024-12-29 23:59:16.544755
04695,0000,1185,106,2024-12-29 23:59:16.560757
27397,0000,1185,106,2024-12-29 23:59:16.576747
05044,0000,1185,106,2024-12-29 23:59:16.592746
04558,0000,1185,106,2024-12-29 23:59:16.608748
40087,0000,1185,106,2024-12-29 23:59:16.640297
04128,0000,1185,106,2024-12-29 23:59:16.656734
20853,0000,1185,106,2024-12-29 23:59:16.672733
31439,0000,1185,106,2024-12-29 23:59:16.688729
04687,0000,1185,106,2024-12-29 23:59:16.704728
11669,0000,1185,106,2024-12-29 23:59:16.720720
18738,0000,1185,106,2024-12-29 23:59:16.736721
60070,0000,1185,106,2024-12-29 23:59:16.752721
24227,0000,1185,106,2024-12-29 23:59:16.768730
04636,0000,1185,106,2024-12-29 23:59:16.784707
18085,0000,1185,106,2024-12-29 23:59:16.816681
40640,0000,1185,106,2024-12-29 23:59:16.832698
42257,0000,1185,106,2024-12-29 23:59:16.848699
21241,0000,1185,106,2024-12-29 23:59:16.864697
09640,0000,1185,106,2024-12-29 23:59:16.880696
47280,0000,1185,106,2024-12-29 23:59:16.896698
00919,0000,1185,106,2024-12-29 23:59:16.912694
02706,0000,1185,106,2024-12-29 23:59:16.928683
17899,0000,1185,106,2024-12-29 23:59:16.944676
26046,0000,1185,106,2024-12-29 23:59:16.976324
29662,0000,1185,106,2024-12-29 23:59:16.992668
07115,0000,1186,106,2024-12-29 23:59:17.008666
01549,0000,1185,106,2024-12-29 23:59:17.024661
02782,0000,1185,106,2024-12-29 23:59:17.040663
03142,0000,1185,106,2024-12-29 23:59:17.056650
03573,0000,1185,106,2024-12-29 23:59:17.072656
05480,0000,1185,106,2024-12-29 23:59:17.088646
02818,0000,1185,106,2024-12-29 23:59:17.104652
05329,0000,1185,106,2024-12-29 23:59:17.135957
09012,0000,1185,106,2024-12-29 23:59:17.152656
13853,0000,1185,106,2024-12-29 23:59:17.168653
38453,0000,1185,106,2024-12-29 23:59:17.184631
05438,0000,1185,106,2024-12-29 23:59:17.200630
04854,0001,1185,106,2024-12-29 23:59:17.216622
53419,0000,1185,106,2024-12-29 23:59:17.232615
53111,0000,1185,106,2024-12-29 23:59:17.248633
04786,0000,1185,106,2024-12-29 23:59:17.264623
20396,0000,1185,106,2024-12-29 23:59:17.280622
10129,0000,1185,106,2024-12-29 23:59:17.312354
03865,0001,1185,106,2024-12-29 23:59:17.328613
04649,0000,1185,106,2024-12-29 23:59:17.344605
03897,0000,1185,106,2024-12-29 23:59:17.360594
18806,0000,1185,106,2024-12-29 23:59:17.376598
00212,0000,1186,106,2024-12-29 23:59:17.392590
04656,0000,1185,106,2024-12-29 23:59:17.408591
42341,0000,1185,106,2024-12-29 23:59:17.424584
02766,0000,1185,106,2024-12-29 23:59:17.440585
03929,0000,1186,106,2024-12-29 23:59:17.472002
01102,0000,1186,106,2024-12-29 23:59:17.488575
15514,0000,1185,106,2024-12-29 23:59:17.504575
03739,0000,1186,106,2024-12-29 23:59:17.520569
14881,0000,1185,106,2024-12-29 23:59:17.536566
00257,0000,1186,106,2024-12-29 23:59:17.552574
02292,0000,1186,106,2024-12-29 23:59:17.568571
29576,0000,1185,106,2024-12-29 23:59:17.584570
04473,0000,1185,106,2024-12-29 23:59:17.600574
05437,0000,1185,106,2024-12-29 23:59:17.616579
03751,0000,1185,106,2024-12-29 23:59:17.648401
13859,0000,1186,106,2024-12-29 23:59:17.664582
03253,0000,1185,106,2024-12-29 23:59:17.680582
01890,0000,1186,106,2024-12-29 23:59:17.696579
01022,0000,1186,106,2024-12-29 23:59:17.712590
04302,0000,1186,106,2024-12-29 23:59:17.728581
05379,0000,1185,106,2024-12-29 23:59:17.744520
08210,0000,1185,106,2024-12-29 23:59:17.760521
03628,0000,1186,106,2024-12-29 23:59:17.776524
05382,0000,1185,106,2024-12-29 23:59:17.808000
04312,0000,1185,106,2024-12-29 23:59:17.824510
26801,0000,1186,106,2024-12-29 23:59:17.840500
03671,0000,1186,106,2024-12-29 23:59:17.856507
02014,0000,1186,106,2024-12-29 23:59:17.872492
44229,0000,1185,106,2024-12-29 23:59:17.888497
55966,0000,1186,106,2024-12-29 23:59:17.904490
44624,0000,1186,106,2024-12-29 23:59:17.920490
20291,0000,1186,106,2024-12-29 23:59:17.936494
17294,0000,1185,106,2024-12-29 23:59:17.952477
01516,0000,1185,106,2024-12-29 23:59:17.984403
20923,0000,1186,106,2024-12-29 23:59:18.000473
60889,0000,1186,106,2024-12-29 23:59:18.016465
00003,0000,1185,106,2024-12-29 23:59:18.032467
30177,0000,1185,106,2024-12-29 23:59:18.048466
45365,0000,1185,106,2024-12-29 23:59:18.064467
52558,0000,1186,106,2024-12-29 23:59:18.080458
00583,0000,1185,106,2024-12-29 23:59:18.096455
02999,0000,1186,106,2024-12-29 23:59:18.112444
00725,0001,1185,106,2024-12-29 23:59:18.144041
45762,0000,1186,106,2024-12-29 23:59:18.160451
19307,0000,1186,106,2024-12-29 23:59:18.176437
01541,0001,1185,106,2024-12-29 23:59:18.192434
02348,0000,1186,106,2024-12-29 23:59:18.208430
01222,0000,1186,106,2024-12-29 23:59:18.224429
05400,0000,1186,106,2024-12-29 23:59:18.240445
04679,0000,1185,106,2024-12-29 23:59:18.256427
13149,0000,1185,106,2024-12-29 23:59:18.272420
17819,0000,1186,106,2024-12-29 23:59:18.288417
25868,0000,1186,106,2024-12-29 23:59:18.320428
15388,0000,1186,106,2024-12-29 23:59:18.336438
54701,0000,1186,106,2024-12-29 23:59:18.352420
37038,0000,1185,106,2024-12-29 23:59:18.368414
08214,0000,1186,106,2024-12-29 23:59:18.384398
06316,0000,1186,106,2024-12-29 23:59:18.400401
03760,0000,1186,106,2024-12-29 23:59:18.416396
34563,0000,1186,106,2024-12-29 23:59:18.432403
01773,0000,1186,106,2024-12-29 23:59:18.448399
35461,0000,1186,106,2024-12-29 23:59:18.480066
01488,0000,1186,106,2024-12-29 23:59:18.496385
01357,0000,1186,106,2024-12-29 23:59:18.512377
03707,0000,1186,106,2024-12-29 23:59:18.528366
02216,0000,1186,106,2024-12-29 23:59:18.544366
20141,0000,1186,106,2024-12-29 23:59:18.560362
28064,0000,1186,106,2024-12-29 23:59:18.576360
04513,0000,1186,106,2024-12-29 23:59:18.592353
09229,0000,1186,106,2024-12-29 23:59:18.608353
42637,0000,1186,106,2024-12-29 23:59:18.639701
02252,0000,1185,106,2024-12-29 23:59:18.656340
01517,0000,1186,106,2024-12-29 23:59:18.672350
01049,0000,1186,106,2024-12-29 23:59:18.688337
02809,0000,1186,106,2024-12-29 23:59:18.704338
20082,0000,1186,106,2024-12-29 23:59:18.720336
02400,0000,1186,106,2024-12-29 23:59:18.736329
02011,0000,1186,106,2024-12-29 23:59:18.752327
06927,0000,1186,106,2024-12-29 23:59:18.768320
00773,0000,1186,106,2024-12-29 23:59:18.784316
07194,0000,1186,106,2024-12-29 23:59:18.816087
02254,0000,1186,106,2024-12-29 23:59:18.832309
03615,0000,1186,106,2024-12-29 23:59:18.848314
03694,0000,1186,106,2024-12-29 23:59:18.864297
05101,0000,1186,106,2024-12-29 23:59:18.880310
05188,0000,1186,106,2024-12-29 23:59:18.896296
00449,0000,1186,106,2024-12-29 23:59:18.912295
10568,0000,1186,106,2024-12-29 23:59:18.928291
07176,0000,1185,106,2024-12-29 23:59:18.944337
03798,0000,1186,106,2024-12-29 23:59:18.975732
42408,0000,1185,106,2024-12-29 23:59:18.992278
13023,0000,1186,106,2024-12-29 23:59:19.008273
18607,0000,1186,106,2024-12-29 23:59:19.024270
03092,0000,1186,106,2024-12-29 23:59:19.040278
37663,0000,1186,106,2024-12-29 23:59:19.056268
26693,0000,1186,106,2024-12-29 23:59:19.072263
07634,0000,1186,106,2024-12-29 23:59:19.088262
30833,0000,1186,106,2024-12-29 23:59:19.104268
20947,0000,1186,106,2024-12-29 23:59:19.120264
02032,0000,1186,106,2024-12-29 23:59:19.152132
32943,0000,1185,106,2024-12-29 23:59:19.168244
25011,0000,1186,106,2024-12-29 23:59:19.184241
28854,0000,1186,106,2024-12-29 23:59:19.200239
02119,0000,1186,106,2024-12-29 23:59:19.216239
05494,0000,1186,106,2024-12-29 23:59:19.232238
14842,0000,1186,106,2024-12-29 23:59:19.248238
16209,0000,1186,106,2024-12-29 23:59:19.264229
00052,0000,1186,106,2024-12-29 23:59:19.280223
63379,0000,1186,106,2024-12-29 23:59:19.311758
14524,0000,1186,106,2024-12-29 23:59:19.328216
03572,0000,1186,106,2024-12-29 23:59:19.344208
63327,0000,1186,106,2024-12-29 23:59:19.360215
01486,0000,1186,106,2024-12-29 23:59:19.376208
20651,0000,1186,106,2024-12-29 23:59:19.392200
04310,0000,1186,106,2024-12-29 23:59:19.408201
03072,0000,1186,106,2024-12-29 23:59:19.424199
03706,0000,1186,106,2024-12-29 23:59:19.440188
01290,0000,1186,106,2024-12-29 23:59:19.456188
16355,0000,1186,106,2024-12-29 23:59:19.488148
03799,0000,1186,106,2024-12-29 23:59:19.504181
24669,0000,1186,106,2024-12-29 23:59:19.520168
37949,0000,1186,106,2024-12-29 23:59:19.536177
34466,0000,1186,106,2024-12-29 23:59:19.552165
02633,0000,1186,106,2024-12-29 23:59:19.568169
23120,0000,1185,106,2024-12-29 23:59:19.584162
41793,0000,1186,106,2024-12-29 23:59:19.600154
19530,0000,1186,106,2024-12-29 23:59:19.616161
30847,0000,1186,106,2024-12-29 23:59:19.647775
00574,0000,1186,106,2024-12-29 23:59:19.664149
05684,0000,1186,106,2024-12-29 23:59:19.680147
16259,0000,1186,106,2024-12-29 23:59:19.696142
03029,0000,1186,106,2024-12-29 23:59:19.712133
46577,0000,1186,106,2024-12-29 23:59:19.728132
03240,0000,1186,106,2024-12-29 23:59:19.744135
00699,0000,1186,106,2024-12-29 23:59:19.760124
21744,0000,1186,106,2024-12-29 23:59:19.776126
04438,0000,1186,106,2024-12-29 23:59:19.792124
04596,0000,1186,106,2024-12-29 23:59:19.824117
11577,0000,1186,106,2024-12-29 23:59:19.840115
21993,0000,1186,106,2024-12-29 23:59:19.856106
06125,0000,1186,106,2024-12-29 23:59:19.872103
03682,0000,1186,106,2024-12-29 23:59:19.888108
00991,0000,1186,106,2024-12-29 23:59:19.904120
20081,0000,1186,106,2024-12-29 23:59:19.920092
17910,0000,1186,106,2024-12-29 23:59:19.936099
03953,0000,1186,106,2024-12-29 23:59:19.952087
10101,0000,1186,106,2024-12-29 23:59:19.983807
09415,0001,1186,106,2024-12-29 23:59:20.000081
27557,0000,1186,106,2024-12-29 23:59:20.016081
02907,0000,1186,106,2024-12-29 23:59:20.032070
02090,0000,1186,106,2024-12-29 23:59:20.048069
02428,0000,1186,106,2024-12-29 23:59:20.064071
28616,0000,1186,106,2024-12-29 23:59:20.080073
51538,0000,1186,106,2024-12-29 23:59:20.096064
30559,0001,1186,106,2024-12-29 23:59:20.112066
10290,0000,1186,106,2024-12-29 23:59:20.143446
00504,0000,1186,106,2024-12-29 23:59:20.160052
14004,0000,1186,106,2024-12-29 23:59:20.176049
31105,0000,1186,106,2024-12-29 23:59:20.192042
20411,0000,1186,106,2024-12-29 23:59:20.208047
04831,0000,1186,106,2024-12-29 23:59:20.224042
16278,0000,1186,106,2024-12-29 23:59:20.240049
10002,0000,1186,106,2024-12-29 23:59:20.256034
06197,0001,1186,106,2024-12-29 23:59:20.272037
44476,0001,1186,106,2024-12-29 23:59:20.288038
30459,0000,1186,106,2024-12-29 23:59:20.319823
02500,0000,1186,106,2024-12-29 23:59:20.336018
21849,0000,1186,106,2024-12-29 23:59:20.352012
04907,0000,1186,106,2024-12-29 23:59:20.368007
05441,0000,1186,106,2024-12-29 23:59:20.384009
26455,0000,1186,106,2024-12-29 23:59:20.400003
59290,0000,1186,106,2024-12-29 23:59:20.416005
43900,0000,1186,106,2024-12-29 23:59:20.431989
18619,0000,1186,106,2024-12-29 23:59:20.447994
03580,0000,1186,106,2024-12-29 23:59:20.479465
54889,0000,1186,106,2024-12-29 23:59:20.495986
20700,0001,1186,106,2024-12-29 23:59:20.511978
00690,0000,1186,106,2024-12-29 23:59:20.527976
04616,0000,1186,106,2024-12-29 23:59:20.543970
30880,0000,1186,106,2024-12-29 23:59:20.559968
16125,0000,1186,106,2024-12-29 23:59:20.575974
46478,0000,1186,106,2024-12-29 23:59:20.591962
04902,0000,1186,106,2024-12-29 23:59:20.607971
03638,0000,1186,106,2024-12-29 23:59:20.623959
02811,0001,1186,106,2024-12-29 23:59:20.655860
15156,0000,1186,106,2024-12-29 23:59:20.671952
03564,0000,1186,106,2024-12-29 23:59:20.687956
02979,0000,1186,106,2024-12-29 23:59:20.703958
03052,0001,1186,106,2024-12-29 23:59:20.719961
08367,0000,1186,106,2024-12-29 23:59:20.735959
58595,0000,1186,106,2024-12-29 23:59:20.751966
04604,0000,1186,106,2024-12-29 23:59:20.767964
03832,0000,1186,106,2024-12-29 23:59:20.783970
01267,0000,1186,106,2024-12-29 23:59:20.815519
48862,0000,1186,106,2024-12-29 23:59:20.831972
46554,0000,1186,106,2024-12-29 23:59:20.847981
41667,0000,1186,106,2024-12-29 23:59:20.863980
00191,0000,1186,106,2024-12-29 23:59:20.879908
25277,0000,1186,106,2024-12-29 23:59:20.895908
09825,0000,1186,106,2024-12-29 23:59:20.911903
56528,0000,1186,106,2024-12-29 23:59:20.927903
18619,0000,1186,106,2024-12-29 23:59:20.943896
05281,0000,1186,106,2024-12-29 23:59:20.959896
00762,0000,1186,106,2024-12-29 23:59:20.991877
48178,0000,1186,106,2024-12-29 23:59:21.007881
03035,0000,1186,106,2024-12-29 23:59:21.023869
02670,0000,1186,106,2024-12-29 23:59:21.039876
29691,0000,1186,106,2024-12-29 23:59:21.055877
07141,0000,1187,106,2024-12-29 23:59:21.071885
03692,0000,1186,106,2024-12-29 23:59:21.087864
02962,0000,1186,106,2024-12-29 23:59:21.103866
27428,0000,1186,106,2024-12-29 23:59:21.119861
02819,0000,1186,106,2024-12-29 23:59:21.151527
01477,0000,1186,106,2024-12-29 23:59:21.167857
35178,0000,1186,106,2024-12-29 23:59:21.183857
27926,0000,1186,106,2024-12-29 23:59:21.199841
00293,0000,1186,106,2024-12-29 23:59:21.215841
38400,0000,1186,106,2024-12-29 23:59:21.231845
11621,0000,1186,106,2024-12-29 23:59:21.247849
00184,0000,1186,106,2024-12-29 23:59:21.263830
09947,0000,1186,106,2024-12-29 23:59:21.279830
32902,0000,1186,106,2024-12-29 23:59:21.311171
60723,0000,1186,106,2024-12-29 23:59:21.327818
31205,0000,1187,106,2024-12-29 23:59:21.343821
28540,0000,1186,106,2024-12-29 23:59:21.359814
14095,0000,1186,106,2024-12-29 23:59:21.375812
36838,0000,1186,106,2024-12-29 23:59:21.391810
53885,0000,1187,106,2024-12-29 23:59:21.407808
03725,0000,1186,106,2024-12-29 23:59:21.423801
38425,0000,1187,106,2024-12-29 23:59:21.439805
55156,0000,1186,106,2024-12-29 23:59:21.455803
54282,0000,1186,106,2024-12-29 23:59:21.487545
02840,0000,1186,106,2024-12-29 23:59:21.503785
43321,0000,1186,106,2024-12-29 23:59:21.519782
01807,0000,1186,106,2024-12-29 23:59:21.535775
02103,0000,1186,106,2024-12-29 23:59:21.551777
00285,0000,1186,106,2024-12-29 23:59:21.567771
62821,0000,1186,106,2024-12-29 23:59:21.583772
01058,0000,1186,106,2024-12-29 23:59:21.599765
02949,0001,1187,106,2024-12-29 23:59:21.615764
05451,0000,1186,106,2024-12-29 23:59:21.647185
11440,0000,1186,106,2024-12-29 23:59:21.663753
01246,0000,1187,106,2024-12-29 23:59:21.679758
07735,0000,1186,106,2024-12-29 23:59:21.695746
39870,0000,1186,106,2024-12-29 23:59:21.711744
22554,0000,1187,106,2024-12-29 23:59:21.727741
13954,0000,1186,106,2024-12-29 23:59:21.743743
28814,0000,1186,106,2024-12-29 23:59:21.759738
26756,0000,1187,106,2024-12-29 23:59:21.775730
12502,0000,1186,106,2024-12-29 23:59:21.791732
52390,0000,1186,106,2024-12-29 23:59:21.823583
60200,0000,1187,106,2024-12-29 23:59:21.839729
03575,0000,1187,106,2024-12-29 23:59:21.855713
02175,0000,1186,106,2024-12-29 23:59:21.871722
33857,0001,1187,106,2024-12-29 23:59:21.887712
04545,0000,1186,106,2024-12-29 23:59:21.903709
53364,0000,1186,106,2024-12-29 23:59:21.919710
04756,0000,1186,106,2024-12-29 23:59:21.935695
03537,0000,1186,106,2024-12-29 23:59:21.951701
02204,0000,1187,106,2024-12-29 23:59:21.983200
37546,0000,1187,106,2024-12-29 23:59:21.999693
05475,0000,1186,106,2024-12-29 23:59:22.015681
05998,0000,1186,106,2024-12-29 23:59:22.031684
00584,0000,1187,106,2024-12-29 23:59:22.047679
20871,0000,1186,106,2024-12-29 23:59:22.063689
02735,0000,1187,106,2024-12-29 23:59:22.079679
27909,0000,1186,106,2024-12-29 23:59:22.095679
03193,0000,1186,106,2024-12-29 23:59:22.111667
19547,0000,1187,106,2024-12-29 23:59:22.127671
00748,0000,1186,106,2024-12-29 23:59:22.159601
14642,0000,1186,106,2024-12-29 23:59:22.175656
01827,0000,1187,106,2024-12-29 23:59:22.191661
16311,0000,1186,106,2024-12-29 23:59:22.207642
43947,0000,1187,106,2024-12-29 23:59:22.223650
04246,0000,1187,106,2024-12-29 23:59:22.239659
13117,0000,1186,106,2024-12-29 23:59:22.255647
00785,0000,1187,106,2024-12-29 23:59:22.271636
04381,0000,1187,106,2024-12-29 23:59:22.287631
31963,0000,1187,106,2024-12-29 23:59:22.319224
39783,0000,1187,106,2024-12-29 23:59:22.335624
03895,0000,1186,106,2024-12-29 23:59:22.351624
15180,0000,1187,106,2024-12-29 23:59:22.367625
01447,0000,1187,106,2024-12-29 23:59:22.383615
04603,0000,1187,106,2024-12-29 23:59:22.399615
03720,0000,1187,106,2024-12-29 23:59:22.415604
01080,0000,1187,106,2024-12-29 23:59:22.431609
54210,0000,1187,106,2024-12-29 23:59:22.447602
03119,0000,1187,106,2024-12-29 23:59:22.463602
48782,0000,1186,106,2024-12-29 23:59:22.495594
27897,0000,1187,106,2024-12-29 23:59:22.511588
14706,0000,1187,106,2024-12-29 23:59:22.527581
03730,0000,1187,106,2024-12-29 23:59:22.543584
01326,0000,1186,106,2024-12-29 23:59:22.559574
61561,0001,1187,106,2024-12-29 23:59:22.575575
25097,0000,1186,106,2024-12-29 23:59:22.591572
11085,0000,1187,106,2024-12-29 23:59:22.607573
55915,0000,1187,106,2024-12-29 23:59:22.623575
01515,0000,1187,106,2024-12-29 23:59:22.655264
26803,0000,1187,106,2024-12-29 23:59:22.671553
14070,0000,1187,106,2024-12-29 23:59:22.687554
02126,0000,1187,106,2024-12-29 23:59:22.703730
02647,0000,1187,106,2024-12-29 23:59:22.719564
10638,0000,1187,106,2024-12-29 23:59:22.735549
51690,0000,1187,106,2024-12-29 23:59:22.751551
02346,0000,1187,106,2024-12-29 23:59:22.767538
01902,0000,1186,106,2024-12-29 23:59:22.783537
08504,0001,1187,106,2024-12-29 23:59:22.814922
07548,0000,1187,106,2024-12-29 23:59:22.831532
37001,0000,1187,106,2024-12-29 23:59:22.847530
06346,0000,1186,106,2024-12-29 23:59:22.863518
26642,0000,1187,106,2024-12-29 23:59:22.879527
23439,0000,1187,106,2024-12-29 23:59:22.895511
03434,0000,1187,106,2024-12-29 23:59:22.911516
00421,0000,1187,106,2024-12-29 23:59:22.927506
52136,0000,1187,106,2024-12-29 23:59:22.943509
63603,0000,1186,106,2024-12-29 23:59:22.959501
16306,0000,1187,106,2024-12-29 23:59:22.991299
49038,0000,1187,106,2024-12-29 23:59:23.007494
12762,0000,1187,106,2024-12-29 23:59:23.023494
03739,0000,1187,106,2024-12-29 23:59:23.039481
03159,0000,1187,106,2024-12-29 23:59:23.055480
01787,0000,1187,106,2024-12-29 23:59:23.071469
04596,0000,1186,106,2024-12-29 23:59:23.087477
17671,0000,1187,106,2024-12-29 23:59:23.103467
12529,0000,1187,106,2024-12-29 23:59:23.119472
02983,0000,1187,106,2024-12-29 23:59:23.150940
02273,0000,1187,106,2024-12-29 23:59:23.167462
03730,0000,1187,106,2024-12-29 23:59:23.183461
01129,0000,1187,106,2024-12-29 23:59:23.199457
29315,0000,1187,106,2024-12-29 23:59:23.215450
01024,0000,1187,106,2024-12-29 23:59:23.231445
07131,0000,1187,106,2024-12-29 23:59:23.247449
49700,0000,1187,106,2024-12-29 23:59:23.263443
53969,0001,1187,106,2024-12-29 23:59:23.279438
03036,0000,1187,106,2024-12-29 23:59:23.295435
04515,0000,1187,106,2024-12-29 23:59:23.327307
28968,0000,1187,106,2024-12-29 23:59:23.343429
51594,0000,1187,106,2024-12-29 23:59:23.359422
20995,0000,1187,106,2024-12-29 23:59:23.375426
16237,0000,1187,106,2024-12-29 23:59:23.391420
36933,0000,1187,106,2024-12-29 23:59:23.407419
04235,0000,1187,106,2024-12-29 23:59:23.423425
43031,0000,1187,106,2024-12-29 23:59:23.439411
05497,0000,1187,106,2024-12-29 23:59:23.455408
36754,0000,1187,106,2024-12-29 23:59:23.486967
48814,0000,1187,106,2024-12-29 23:59:23.503396
26971,0000,1187,106,2024-12-29 23:59:23.519396
03570,0001,1187,106,2024-12-29 23:59:23.535391
44857,0000,1187,106,2024-12-29 23:59:23.551395
50688,0000,1187,106,2024-12-29 23:59:23.567379
01554,0000,1187,106,2024-12-29 23:59:23.583383
03731,0000,1187,106,2024-12-29 23:59:23.599372
16625,0000,1187,106,2024-12-29 23:59:23.615374
02233,0000,1187,106,2024-12-29 23:59:23.631366
01688,0001,1187,106,2024-12-29 23:59:23.663343
10131,0000,1187,106,2024-12-29 23:59:23.679358
41100,0000,1187,106,2024-12-29 23:59:23.695357
39299,0000,1187,106,2024-12-29 23:59:23.711351
65320,0000,1187,106,2024-12-29 23:59:23.727349
37865,0000,1187,106,2024-12-29 23:59:23.743347
02508,0000,1187,106,2024-12-29 23:59:23.759349
42527,0000,1187,106,2024-12-29 23:59:23.775340
03239,0000,1187,106,2024-12-29 23:59:23.791345
05250,0000,1187,106,2024-12-29 23:59:23.822974
03521,0000,1187,106,2024-12-29 23:59:23.839346
09459,0000,1187,106,2024-12-29 23:59:23.855349
34856,0000,1187,106,2024-12-29 23:59:23.871354
18511,0000,1187,106,2024-12-29 23:59:23.887354
18667,0000,1187,106,2024-12-29 23:59:23.903354
40975,0000,1187,106,2024-12-29 23:59:23.919354
01383,0000,1187,106,2024-12-29 23:59:23.935355
26854,0000,1187,106,2024-12-29 23:59:23.951360
09710,0000,1187,106,2024-12-29 23:59:23.967364
29347,0000,1187,106,2024-12-29 23:59:23.999302
04615,0000,1187,106,2024-12-29 23:59:24.015294
34762,0000,1187,106,2024-12-29 23:59:24.031286
14966,0000,1187,106,2024-12-29 23:59:24.047287
06745,0000,1187,106,2024-12-29 23:59:24.063279
03035,0000,1187,106,2024-12-29 23:59:24.079283
03695,0000,1187,106,2024-12-29 23:59:24.095280
04008,0000,1187,106,2024-12-29 23:59:24.111281
55568,0000,1187,106,2024-12-29 23:59:24.127267
03950,0000,1187,106,2024-12-29 23:59:24.159000
21018,0000,1187,106,2024-12-29 23:59:24.175263
50499,0000,1187,106,2024-12-29 23:59:24.191272
04861,0000,1187,106,2024-12-29 23:59:24.207250
19211,0000,1187,106,2024-12-29 23:59:24.223252
46635,0000,1187,106,2024-12-29 23:59:24.239256
03434,0000,1187,106,2024-12-29 23:59:24.255251
04614,0000,1187,106,2024-12-29 23:59:24.271235
02528,0001,1187,106,2024-12-29 23:59:24.287238
01230,0000,1187,106,2024-12-29 23:59:24.318666
00805,0000,1187,106,2024-12-29 23:59:24.335245
13813,0001,1187,106,2024-12-29 23:59:24.351248
27914,0000,1187,106,2024-12-29 23:59:24.367231
51709,0000,1187,106,2024-12-29 23:59:24.383223
22877,0000,1187,106,2024-12-29 23:59:24.399213
37022,0000,1187,106,2024-12-29 23:59:24.415217
05750,0000,1187,106,2024-12-29 23:59:24.431208
23460,0000,1187,106,2024-12-29 23:59:24.447211
58193,0000,1187,106,2024-12-29 23:59:24.463203
64276,0000,1187,106,2024-12-29 23:59:24.495020
23642,0000,1187,106,2024-12-29 23:59:24.511192
01445,0000,1187,106,2024-12-29 23:59:24.527189
26908,0000,1187,106,2024-12-29 23:59:24.543192
06920,0000,1187,106,2024-12-29 23:59:24.559185
05195,0000,1187,106,2024-12-29 23:59:24.575195
64256,0000,1187,106,2024-12-29 23:59:24.591196
01951,0000,1187,106,2024-12-29 23:59:24.607172
25750,0000,1187,106,2024-12-29 23:59:24.623183
00347,0000,1187,106,2024-12-29 23:59:24.654672
32313,0000,1187,106,2024-12-29 23:59:24.671169
01036,0000,1187,106,2024-12-29 23:59:24.687167
03785,0000,1187,106,2024-12-29 23:59:24.703168
22759,0000,1187,106,2024-12-29 23:59:24.719167
19708,0000,1187,106,2024-12-29 23:59:24.735152
02599,0000,1188,106,2024-12-29 23:59:24.751159
05220,0000,1187,106,2024-12-29 23:59:24.767155
03077,0000,1187,106,2024-12-29 23:59:24.783150
05331,0000,1187,106,2024-12-29 23:59:24.799137
33977,0000,1187,106,2024-12-29 23:59:24.831059
42408,0000,1187,106,2024-12-29 23:59:24.847122
03907,0000,1187,106,2024-12-29 23:59:24.863130
33944,0000,1187,106,2024-12-29 23:59:24.879128
52605,0000,1187,106,2024-12-29 23:59:24.895129
00181,0000,1187,106,2024-12-29 23:59:24.911122
05275,0000,1187,106,2024-12-29 23:59:24.927126
55150,0000,1187,106,2024-12-29 23:59:24.943116
04571,0000,1187,106,2024-12-29 23:59:24.959111
04637,0000,1187,106,2024-12-29 23:59:24.990707
54821,0000,1188,106,2024-12-29 23:59:25.007111
25854,0000,1187,106,2024-12-29 23:59:25.023106
02847,0000,1188,106,2024-12-29 23:59:25.039112
09943,0000,1188,106,2024-12-29 23:59:25.055098
02613,0000,1187,106,2024-12-29 23:59:25.071096
01467,0000,1188,106,2024-12-29 23:59:25.087098
01230,0000,1187,106,2024-12-29 23:59:25.103097
18890,0000,1187,106,2024-12-29 23:59:25.119090
03105,0000,1187,106,2024-12-29 23:59:25.135088
01149,0000,1187,106,2024-12-29 23:59:25.167072
32382,0000,1187,106,2024-12-29 23:59:25.183075
19314,0000,1187,106,2024-12-29 23:59:25.199068
00854,0000,1187,106,2024-12-29 23:59:25.215068
01699,0000,1187,106,2024-12-29 23:59:25.231061
00160,0000,1187,106,2024-12-29 23:59:25.247073
40743,0000,1187,106,2024-12-29 23:59:25.263059
04450,0000,1187,106,2024-12-29 23:59:25.279059
04285,0001,1187,106,2024-12-29 23:59:25.295049
28864,0000,1187,106,2024-12-29 23:59:25.326747
00183,0000,1187,106,2024-12-29 23:59:25.343042
14762,0000,1188,106,2024-12-29 23:59:25.359046
01379,0000,1187,106,2024-12-29 23:59:25.375048
21034,0000,1187,106,2024-12-29 23:59:25.391034
10020,0000,1187,106,2024-12-29 23:59:25.407027
01832,0000,1188,106,2024-12-29 23:59:25.423028
02236,0000,1188,106,2024-12-29 23:59:25.439017
17142,0000,1187,106,2024-12-29 23:59:25.455017
04491,0000,1187,106,2024-12-29 23:59:25.486377
44734,0000,1188,106,2024-12-29 23:59:25.503008
07043,0001,1187,106,2024-12-29 23:59:25.519007
04667,0000,1187,106,2024-12-29 23:59:25.534997
32847,0000,1187,106,2024-12-29 23:59:25.550999
07628,0000,1187,106,2024-12-29 23:59:25.566997
25782,0000,1187,106,2024-12-29 23:59:25.582999
17858,0000,1187,106,2024-12-29 23:59:25.598991
44856,0000,1188,106,2024-12-29 23:59:25.614991
13991,0000,1188,106,2024-12-29 23:59:25.630983
06153,0000,1187,106,2024-12-29 23:59:25.662749
04649,0000,1187,106,2024-12-29 23:59:25.678981
23707,0000,1187,106,2024-12-29 23:59:25.694978
03780,0000,1187,106,2024-12-29 23:59:25.710973
02881,0000,1187,106,2024-12-29 23:59:25.726968
13395,0000,1188,106,2024-12-29 23:59:25.742973
03682,0000,1187,106,2024-12-29 23:59:25.758972
14284,0000,1187,106,2024-12-29 23:59:25.774964
05294,0000,1188,106,2024-12-29 23:59:25.790972
05439,0000,1187,106,2024-12-29 23:59:25.822391
02835,0000,1187,106,2024-12-29 23:59:25.838941
30096,0000,1187,106,2024-12-29 23:59:25.854949
11658,0000,1187,106,2024-12-29 23:59:25.870944
01253,0000,1188,106,2024-12-29 23:59:25.886947
01350,0000,1188,106,2024-12-29 23:59:25.902931
03030,0000,1187,106,2024-12-29 23:59:25.918942
01195,0000,1187,106,2024-12-29 23:59:25.934929
07670,0000,1187,106,2024-12-29 23:59:25.950933
23684,0000,1187,106,2024-12-29 23:59:25.966920
03510,0000,1187,106,2024-12-29 23:59:25.998773
05282,0000,1187,106,2024-12-29 23:59:26.014917
01943,0001,1187,106,2024-12-29 23:59:26.030909
01972,0000,1187,106,2024-12-29 23:59:26.046905
64469,0000,1188,106,2024-12-29 23:59:26.062904
15338,0000,1187,106,2024-12-29 23:59:26.078895
03276,0000,1187,106,2024-12-29 23:59:26.094897
18449,0000,1187,106,2024-12-29 23:59:26.110892
29475,0000,1187,106,2024-12-29 23:59:26.126895
03718,0000,1188,106,2024-12-29 23:59:26.158426
00709,0000,1187,106,2024-12-29 23:59:26.174877
05020,0000,1187,106,2024-12-29 23:59:26.190882
01532,0000,1188,106,2024-12-29 23:59:26.206872
30677,0000,1188,106,2024-12-29 23:59:26.222868
49658,0000,1188,106,2024-12-29 23:59:26.238880
02315,0000,1188,106,2024-12-29 23:59:26.254883
-0001,0000,1188,106,2024-12-29 23:59:26.270871
01605,0000,1188,106,2024-12-29 23:59:26.286855
04325,0000,1187,106,2024-12-29 23:59:26.302857
11718,0000,1187,106,2024-12-29 23:59:26.334797
02157,0000,1187,106,2024-12-29 23:59:26.350848
04784,0000,1188,106,2024-12-29 23:59:26.366849
11706,0000,1188,106,2024-12-29 23:59:26.382838
04631,0000,1187,106,2024-12-29 23:59:26.398841
01097,0000,1188,106,2024-12-29 23:59:26.414831
04544,0000,1187,106,2024-12-29 23:59:26.430831
03069,0000,1188,106,2024-12-29 23:59:26.446823
37807,0000,1187,106,2024-12-29 23:59:26.462825
60038,0000,1188,106,2024-12-29 23:59:26.494451
17352,0000,1187,106,2024-12-29 23:59:26.510813
03473,0000,1188,106,2024-12-29 23:59:26.526819
03817,0000,1188,106,2024-12-29 23:59:26.542816
40634,0000,1187,106,2024-12-29 23:59:26.558820
58268,0000,1187,106,2024-12-29 23:59:26.574807
02149,0000,1188,106,2024-12-29 23:59:26.590797
03778,0000,1188,106,2024-12-29 23:59:26.606799
03743,0000,1188,106,2024-12-29 23:59:26.622798
02938,0000,1187,106,2024-12-29 23:59:26.638787
04621,0000,1188,106,2024-12-29 23:59:26.670790
33088,0000,1188,106,2024-12-29 23:59:26.686779
01554,0000,1188,106,2024-12-29 23:59:26.702775
05463,0000,1188,106,2024-12-29 23:59:26.718769
53919,0001,1188,106,2024-12-29 23:59:26.734773
05013,0000,1188,106,2024-12-29 23:59:26.750771
14631,0000,1187,106,2024-12-29 23:59:26.766752
57305,0000,1187,106,2024-12-29 23:59:26.782758
01403,0000,1188,106,2024-12-29 23:59:26.798764
05012,0000,1188,106,2024-12-29 23:59:26.830472
37036,0000,1187,106,2024-12-29 23:59:26.846749
01289,0000,1188,106,2024-12-29 23:59:26.862741
00912,0000,1188,106,2024-12-29 23:59:26.878741
12384,0000,1188,106,2024-12-29 23:59:26.894732
01000,0000,1188,106,2024-12-29 23:59:26.910743
21080,0000,1188,106,2024-12-29 23:59:26.926739
02729,0000,1188,106,2024-12-29 23:59:26.942744
23633,0000,1188,106,2024-12-29 23:59:26.958740
55029,0000,1188,106,2024-12-29 23:59:26.990127
10855,0000,1188,106,2024-12-29 23:59:27.006740
33301,0000,1188,106,2024-12-29 23:59:27.022752
44641,0000,1187,106,2024-12-29 23:59:27.038748
03851,0000,1188,106,2024-12-29 23:59:27.054756
04712,0000,1188,106,2024-12-29 23:59:27.070759
47322,0000,1188,106,2024-12-29 23:59:27.086762
23531,0000,1188,106,2024-12-29 23:59:27.102758
04881,0000,1187,106,2024-12-29 23:59:27.118764
65166,0000,1188,106,2024-12-29 23:59:27.134690
00961,0000,1187,106,2024-12-29 23:59:27.166492
36065,0000,1188,106,2024-12-29 23:59:27.182693
15525,0000,1188,106,2024-12-29 23:59:27.198680
51331,0000,1188,106,2024-12-29 23:59:27.214683
03755,0000,1188,106,2024-12-29 23:59:27.230676
04282,0000,1188,106,2024-12-29 23:59:27.246685
19373,0001,1188,106,2024-12-29 23:59:27.262680
48913,0000,1188,106,2024-12-29 23:59:27.278671
15284,0000,1188,106,2024-12-29 23:59:27.294662
02266,0000,1188,106,2024-12-29 23:59:27.326133
16570,0000,1188,106,2024-12-29 23:59:27.342657
02402,0000,1188,106,2024-12-29 23:59:27.358647
30942,0000,1188,106,2024-12-29 23:59:27.374644
47292,0000,1188,106,2024-12-29 23:59:27.390649
05461,0000,1188,106,2024-12-29 23:59:27.406645
29876,0000,1188,106,2024-12-29 23:59:27.422640
20892,0000,1188,106,2024-12-29 23:59:27.438636
16282,0000,1188,106,2024-12-29 23:59:27.454642
00764,0000,1188,106,2024-12-29 23:59:27.470630
41663,0000,1187,106,2024-12-29 23:59:27.502526
13181,0000,1188,106,2024-12-29 23:59:27.518627
40128,0000,1188,106,2024-12-29 23:59:27.534615
15745,0000,1188,106,2024-12-29 23:59:27.550614
03527,0000,1188,106,2024-12-29 23:59:27.566614
37047,0000,1188,106,2024-12-29 23:59:27.582605
57366,0000,1188,106,2024-12-29 23:59:27.598610
22213,0000,1188,106,2024-12-29 23:59:27.614599
03356,0000,1188,106,2024-12-29 23:59:27.630606
16359,0000,1188,106,2024-12-29 23:59:27.662149
22550,0000,1188,106,2024-12-29 23:59:27.678584
48297,0000,1188,106,2024-12-29 23:59:27.694580
01828,0000,1187,106,2024-12-29 23:59:27.710589
01855,0000,1187,106,2024-12-29 23:59:27.726586
12008,0000,1188,106,2024-12-29 23:59:27.742576
25690,0000,1188,106,2024-12-29 23:59:27.758581
05386,0000,1188,106,2024-12-29 23:59:27.774566
15546,0000,1188,106,2024-12-29 23:59:27.790568
05217,0000,1188,106,2024-12-29 23:59:27.806564
49119,0000,1188,106,2024-12-29 23:59:27.838560
03062,0000,1188,106,2024-12-29 23:59:27.854556
02269,0000,1188,106,2024-12-29 23:59:27.870554
56794,0000,1187,106,2024-12-29 23:59:27.886547
19258,0000,1188,106,2024-12-29 23:59:27.902547
02775,0000,1188,106,2024-12-29 23:59:27.918544
07812,0000,1188,106,2024-12-29 23:59:27.934543
02485,0000,1188,106,2024-12-29 23:59:27.950530
53934,0000,1188,106,2024-12-29 23:59:27.966537
02590,0000,1188,106,2024-12-29 23:59:27.998184
04527,0000,1188,106,2024-12-29 23:59:28.014520
02702,0000,1188,106,2024-12-29 23:59:28.030524
05430,0000,1188,106,2024-12-29 23:59:28.046515
10266,0000,1188,106,2024-12-29 23:59:28.062516
04559,0000,1188,106,2024-12-29 23:59:28.078508
34744,0000,1188,106,2024-12-29 23:59:28.094514
03066,0000,1188,106,2024-12-29 23:59:28.110517
54219,0000,1188,106,2024-12-29 23:59:28.126506
25493,0000,1188,106,2024-12-29 23:59:28.157829
22163,0000,1188,106,2024-12-29 23:59:28.174492
03451,0001,1188,106,2024-12-29 23:59:28.190493
02969,0001,1188,106,2024-12-29 23:59:28.206493
46620,0000,1188,106,2024-12-29 23:59:28.222486
58507,0000,1188,106,2024-12-29 23:59:28.238496
41587,0000,1188,106,2024-12-29 23:59:28.254478
25656,0000,1188,106,2024-12-29 23:59:28.270479
00764,0000,1188,106,2024-12-29 23:59:28.286473
40723,0000,1188,106,2024-12-29 23:59:28.302489
17123,0000,1188,106,2024-12-29 23:59:28.334213
20165,0000,1188,106,2024-12-29 23:59:28.350461
00749,0000,1188,106,2024-12-29 23:59:28.366462
05352,0000,1188,106,2024-12-29 23:59:28.382465
13671,0000,1188,106,2024-12-29 23:59:28.398459
21722,0000,1188,106,2024-12-29 23:59:28.414446
03804,0000,1188,106,2024-12-29 23:59:28.430434
04107,0000,1188,106,2024-12-29 23:59:28.446434
05340,0000,1188,106,2024-12-29 23:59:28.462426
00776,0000,1188,106,2024-12-29 23:59:28.493849
17303,0000,1188,106,2024-12-29 23:59:28.510431
04140,0000,1188,106,2024-12-29 23:59:28.526407
31386,0000,1188,106,2024-12-29 23:59:28.542419
00000,0000,1188,106,2024-12-29 23:59:28.558413
05285,0000,1188,106,2024-12-29 23:59:28.574409
01562,0000,1189,106,2024-12-29 23:59:28.590399
57627,0000,1188,106,2024-12-29 23:59:28.606407
05479,0000,1188,106,2024-12-29 23:59:28.622403
09230,0000,1188,106,2024-12-29 23:59:28.638397
20181,0001,1188,106,2024-12-29 23:59:28.670245
51676,0000,1188,106,2024-12-29 23:59:28.686388
03872,0000,1188,106,2024-12-29 23:59:28.702379
10060,0000,1188,106,2024-12-29 23:59:28.718382
02881,0000,1188,106,2024-12-29 23:59:28.734372
03668,0000,1188,106,2024-12-29 23:59:28.750373
02174,0000,1188,106,2024-12-29 23:59:28.766359
61801,0000,1188,106,2024-12-29 23:59:28.782363
02316,0000,1188,106,2024-12-29 23:59:28.798356
36142,0000,1188,106,2024-12-29 23:59:28.829863
03666,0000,1188,106,2024-12-29 23:59:28.846352
14712,0000,1188,106,2024-12-29 23:59:28.862345
00716,0000,1188,106,2024-12-29 23:59:28.878352
03758,0000,1188,106,2024-12-29 23:59:28.894351
26769,0000,1188,106,2024-12-29 23:59:28.910337
02037,0000,1188,106,2024-12-29 23:59:28.926337
04331,0000,1188,106,2024-12-29 23:59:28.942327
05354,0000,1188,106,2024-12-29 23:59:28.958336
04239,0000,1188,106,2024-12-29 23:59:28.974322
02980,0000,1188,106,2024-12-29 23:59:29.006268
30689,0000,1188,106,2024-12-29 23:59:29.022321
01561,0000,1188,106,2024-12-29 23:59:29.038315
04483,0001,1188,106,2024-12-29 23:59:29.054302
24091,0000,1188,106,2024-12-29 23:59:29.070309
01005,0000,1188,106,2024-12-29 23:59:29.086297
30044,0000,1188,106,2024-12-29 23:59:29.102291
36376,0000,1188,106,2024-12-29 23:59:29.118298
32264,0000,1188,106,2024-12-29 23:59:29.134297
02065,0000,1188,106,2024-12-29 23:59:29.165902
01207,0000,1188,106,2024-12-29 23:59:29.182307
35371,0000,1188,106,2024-12-29 23:59:29.198296
06913,0000,1188,106,2024-12-29 23:59:29.214274
62660,0000,1188,106,2024-12-29 23:59:29.230281
07546,0000,1188,106,2024-12-29 23:59:29.246280
23944,0000,1189,106,2024-12-29 23:59:29.262272
44051,0000,1188,106,2024-12-29 23:59:29.278281
37838,0001,1188,106,2024-12-29 23:59:29.294263
04571,0000,1188,106,2024-12-29 23:59:29.310273
59056,0000,1188,106,2024-12-29 23:59:29.342253
03543,0000,1188,106,2024-12-29 23:59:29.358249
02796,0000,1188,106,2024-12-29 23:59:29.374246
11482,0000,1188,106,2024-12-29 23:59:29.390250
56563,0001,1188,106,2024-12-29 23:59:29.406249
01468,0000,1188,106,2024-12-29 23:59:29.422240
09218,0000,1188,106,2024-12-29 23:59:29.438235
02771,0000,1188,106,2024-12-29 23:59:29.454229
08206,0000,1188,106,2024-12-29 23:59:29.470231
00867,0000,1188,106,2024-12-29 23:59:29.501924
07297,0000,1188,106,2024-12-29 23:59:29.518219
01452,0000,1188,106,2024-12-29 23:59:29.534218
01748,0000,1188,106,2024-12-29 23:59:29.550209
28643,0000,1188,106,2024-12-29 23:59:29.566211
04548,0000,1188,106,2024-12-29 23:59:29.582203
26895,0000,1188,106,2024-12-29 23:59:29.598204
06147,0000,1188,106,2024-12-29 23:59:29.614197
03909,0000,1188,106,2024-12-29 23:59:29.630202
41682,0000,1188,106,2024-12-29 23:59:29.661566
01524,0000,1188,106,2024-12-29 23:59:29.678200
03813,0000,1188,106,2024-12-29 23:59:29.694180
22235,0000,1188,106,2024-12-29 23:59:29.710180
61547,0000,1188,106,2024-12-29 23:59:29.726171
08573,0000,1188,106,2024-12-29 23:59:29.742179
02342,0000,1188,106,2024-12-29 23:59:29.758164
03467,0000,1188,106,2024-12-29 23:59:29.774176
02103,0000,1188,106,2024-12-29 23:59:29.790169
09220,0000,1189,106,2024-12-29 23:59:29.806169
33876,0000,1188,106,2024-12-29 23:59:29.837947
00234,0000,1188,106,2024-12-29 23:59:29.854149
41530,0000,1188,106,2024-12-29 23:59:29.870157
02800,0000,1188,106,2024-12-29 23:59:29.886148
17892,0000,1188,106,2024-12-29 23:59:29.902151
05223,0000,1188,106,2024-12-29 23:59:29.918142
26909,0000,1188,106,2024-12-29 23:59:29.934144
50481,0000,1188,106,2024-12-29 23:59:29.950133
01045,0000,1188,106,2024-12-29 23:59:29.966134
20116,0000,1188,106,2024-12-29 23:59:29.997576
13045,0000,1188,106,2024-12-29 23:59:30.014121
22725,0000,1188,106,2024-12-29 23:59:30.030118
00076,0000,1188,106,2024-12-29 23:59:30.046117
61038,0000,1188,106,2024-12-29 23:59:30.062118
10794,0000,1188,106,2024-12-29 23:59:30.078122
04468,0000,1188,106,2024-12-29 23:59:30.094124
19710,0000,1188,106,2024-12-29 23:59:30.110125
50836,0000,1188,106,2024-12-29 23:59:30.126127
05300,0000,1188,106,2024-12-29 23:59:30.142138
02270,0000,1188,106,2024-12-29 23:59:30.174010
01830,0000,1188,106,2024-12-29 23:59:30.190142
13309,0000,1189,106,2024-12-29 23:59:30.206141
32139,0000,1188,106,2024-12-29 23:59:30.222136
22651,0000,1188,106,2024-12-29 23:59:30.238148
05466,0000,1188,106,2024-12-29 23:59:30.254153
06117,0000,1188,106,2024-12-29 23:59:30.270075
02273,0000,1188,106,2024-12-29 23:59:30.286072
03632,0000,1188,106,2024-12-29 23:59:30.302068
48016,0000,1188,106,2024-12-29 23:59:30.333626
02952,0000,1188,106,2024-12-29 23:59:30.350063
22709,0000,1188,106,2024-12-29 23:59:30.366074
03791,0000,1188,106,2024-12-29 23:59:30.382059
03747,0000,1189,106,2024-12-29 23:59:30.398056
24274,0001,1189,106,2024-12-29 23:59:30.414046
06783,0000,1188,106,2024-12-29 23:59:30.430045
02983,0000,1188,106,2024-12-29 23:59:30.446044
01815,0000,1188,106,2024-12-29 23:59:30.462042
02981,0000,1188,106,2024-12-29 23:59:30.478022
12996,0000,1188,106,2024-12-29 23:59:30.510002
19457,0001,1189,106,2024-12-29 23:59:30.526024
11749,0000,1189,106,2024-12-29 23:59:30.542026
01464,0000,1188,106,2024-12-29 23:59:30.558022
28850,0000,1188,106,2024-12-29 23:59:30.574021
06027,0000,1188,106,2024-12-29 23:59:30.590006
24640,0000,1188,106,2024-12-29 23:59:30.606007
03806,0000,1189,106,2024-12-29 23:59:30.622001
01618,0000,1188,106,2024-12-29 23:59:30.638005
41595,0000,1189,106,2024-12-29 23:59:30.669642
24791,0000,1189,106,2024-12-29 23:59:30.685985
49703,0000,1188,106,2024-12-29 23:59:30.701991
55708,0000,1188,106,2024-12-29 23:59:30.717983
03919,0000,1189,106,2024-12-29 23:59:30.733984
57280,0000,1189,106,2024-12-29 23:59:30.749977
61740,0000,1188,106,2024-12-29 23:59:30.765979
33797,0000,1189,106,2024-12-29 23:59:30.781975
02360,0000,1188,106,2024-12-29 23:59:30.797967
30004,0000,1189,106,2024-12-29 23:59:30.829286
43179,0000,1188,106,2024-12-29 23:59:30.845968
00818,0000,1188,106,2024-12-29 23:59:30.861953
29157,0000,1188,106,2024-12-29 23:59:30.877952
28150,0000,1189,106,2024-12-29 23:59:30.893948
36983,0000,1188,106,2024-12-29 23:59:30.909951
54147,0000,1188,106,2024-12-29 23:59:30.925941
04727,0000,1188,106,2024-12-29 23:59:30.941939
25275,0000,1189,106,2024-12-29 23:59:30.957942
17217,0000,1188,106,2024-12-29 23:59:30.973945
57450,0000,1188,106,2024-12-29 23:59:31.005657
30391,0000,1188,106,2024-12-29 23:59:31.021923
21080,0000,1189,106,2024-12-29 23:59:31.037920
03873,0000,1189,106,2024-12-29 23:59:31.053921
03853,0000,1189,106,2024-12-29 23:59:31.069916
00706,0000,1188,106,2024-12-29 23:59:31.085924
14737,0000,1188,106,2024-12-29 23:59:31.101909
02892,0000,1189,106,2024-12-29 23:59:31.117908
37918,0000,1189,106,2024-12-29 23:59:31.133902
02392,0000,1188,106,2024-12-29 23:59:31.165302
06142,0000,1189,106,2024-12-29 23:59:31.181895
14624,0000,1188,106,2024-12-29 23:59:31.197887
04932,0000,1188,106,2024-12-29 23:59:31.213891
02962,0000,1189,106,2024-12-29 23:59:31.229890
01328,0000,1188,106,2024-12-29 23:59:31.245876
07357,0000,1188,106,2024-12-29 23:59:31.261877
03026,0000,1189,106,2024-12-29 23:59:31.277864
04278,0000,1189,106,2024-12-29 23:59:31.293875
02989,0000,1188,106,2024-12-29 23:59:31.309870
64137,0000,1189,106,2024-12-29 23:59:31.341679
34536,0000,1189,106,2024-12-29 23:59:31.357865
36237,0000,1189,106,2024-12-29 23:59:31.373855
00039,0000,1189,106,2024-12-29 23:59:31.389855
01280,0000,1189,106,2024-12-29 23:59:31.405848
02594,0000,1189,106,2024-12-29 23:59:31.421856
05456,0001,1188,106,2024-12-29 23:59:31.437839
03786,0000,1189,106,2024-12-29 23:59:31.453838
30226,0000,1189,106,2024-12-29 23:59:31.469835
22736,0000,1189,106,2024-12-29 23:59:31.501338
22412,0000,1188,106,2024-12-29 23:59:31.517840
57408,0000,1188,106,2024-12-29 23:59:31.533832
53375,0001,1189,106,2024-12-29 23:59:31.549815
02995,0000,1189,106,2024-12-29 23:59:31.565819
01418,0000,1189,106,2024-12-29 23:59:31.581815
15412,0000,1189,106,2024-12-29 23:59:31.597815
27162,0000,1189,106,2024-12-29 23:59:31.613821
13978,0000,1188,106,2024-12-29 23:59:31.629823
05859,0000,1189,106,2024-12-29 23:59:31.645798
56873,0000,1189,106,2024-12-29 23:59:31.677714
03908,0000,1189,106,2024-12-29 23:59:31.693788
02859,0000,1189,106,2024-12-29 23:59:31.709786
12562,0000,1189,106,2024-12-29 23:59:31.725786
04846,0000,1188,106,2024-12-29 23:59:31.741790
00600,0001,1189,106,2024-12-29 23:59:31.757769
11012,0000,1189,106,2024-12-29 23:59:31.773773
00104,0000,1188,106,2024-12-29 23:59:31.789765
02749,0000,1189,106,2024-12-29 23:59:31.805772
13463,0000,1188,106,2024-12-29 23:59:31.837362
37723,0001,1189,106,2024-12-29 23:59:31.853756
04493,0000,1188,106,2024-12-29 23:59:31.869764
02976,0000,1189,106,2024-12-29 23:59:31.885758
51709,0000,1189,106,2024-12-29 23:59:31.901752
29459,0000,1189,106,2024-12-29 23:59:31.917751
31459,0000,1189,106,2024-12-29 23:59:31.933752
12960,0000,1189,106,2024-12-29 23:59:31.949739
26695,0001,1189,106,2024-12-29 23:59:31.965743
39786,0000,1188,106,2024-12-29 23:59:31.981738
04289,0000,1189,106,2024-12-29 23:59:32.013740
17997,0000,1189,106,2024-12-29 23:59:32.029723
00529,0000,1189,106,2024-12-29 23:59:32.045715
05395,0000,1189,106,2024-12-29 23:59:32.061724
02362,0000,1189,106,2024-12-29 23:59:32.077720
02114,0000,1189,106,2024-12-29 23:59:32.093719
03922,0000,1189,106,2024-12-29 23:59:32.109714
01138,0000,1189,106,2024-12-29 23:59:32.125711
59057,0000,1189,106,2024-12-29 23:59:32.141713
12142,0000,1189,106,2024-12-29 23:59:32.173382
23518,0000,1189,106,2024-12-29 23:59:32.189701
00492,0000,1189,106,2024-12-29 23:59:32.205692
13937,0000,1189,106,2024-12-29 23:59:32.221685
03876,0000,1189,106,2024-12-29 23:59:32.237694
04647,0000,1189,106,2024-12-29 23:59:32.253678
11778,0000,1189,106,2024-12-29 23:59:32.269669
25724,0000,1189,106,2024-12-29 23:59:32.285673
04574,0000,1189,106,2024-12-29 23:59:32.301678
50550,0000,1189,106,2024-12-29 23:59:32.333024
37851,0000,1189,106,2024-12-29 23:59:32.349659
46483,0000,1189,106,2024-12-29 23:59:32.365651
35681,0001,1189,106,2024-12-29 23:59:32.381662
03865,0000,1189,106,2024-12-29 23:59:32.397655
62812,0000,1189,106,2024-12-29 23:59:32.413647
44965,0000,1189,106,2024-12-29 23:59:32.429645
56739,0000,1189,106,2024-12-29 23:59:32.445647
02270,0000,1189,106,2024-12-29 23:59:32.461639
32269,0000,1189,106,2024-12-29 23:59:32.477636
03817,0000,1189,106,2024-12-29 23:59:32.509394
03520,0000,1189,106,2024-12-29 23:59:32.525636
07725,0000,1189,106,2024-12-29 23:59:32.541625
03712,0000,1189,106,2024-12-29 23:59:32.557620
07598,0000,1189,106,2024-12-29 23:59:32.573624
64382,0000,1189,106,2024-12-29 23:59:32.589622
48896,0000,1189,106,2024-12-29 23:59:32.605607
40573,0000,1189,106,2024-12-29 23:59:32.621610
33771,0000,1189,106,2024-12-29 23:59:32.637610
34565,0000,1189,106,2024-12-29 23:59:32.669043
03441,0000,1189,106,2024-12-29 23:59:32.685606
00708,0000,1189,106,2024-12-29 23:59:32.701595
10689,0001,1189,106,2024-12-29 23:59:32.717589
53429,0000,1189,106,2024-12-29 23:59:32.733590
31595,0000,1189,106,2024-12-29 23:59:32.749578
03151,0000,1189,106,2024-12-29 23:59:32.765581
04696,0000,1189,106,2024-12-29 23:59:32.781582
13982,0000,1189,106,2024-12-29 23:59:32.797584
02933,0000,1189,106,2024-12-29 23:59:32.813570
18853,0000,1189,106,2024-12-29 23:59:32.845434
02183,0000,1189,106,2024-12-29 23:59:32.861562
07518,0000,1189,106,2024-12-29 23:59:32.877550
00931,0000,1189,106,2024-12-29 23:59:32.893565
01984,0000,1189,106,2024-12-29 23:59:32.909561
48884,0000,1189,106,2024-12-29 23:59:32.925547
53049,0000,1189,106,2024-12-29 23:59:32.941545
09255,0000,1189,106,2024-12-29 23:59:32.957547
04665,0000,1189,106,2024-12-29 23:59:32.973537
44959,0000,1189,106,2024-12-29 23:59:33.005058
11389,0000,1189,106,2024-12-29 23:59:33.021532
02989,0000,1189,106,2024-12-29 23:59:33.037532
27245,0000,1189,106,2024-12-29 23:59:33.053515
00586,0000,1189,106,2024-12-29 23:59:33.069522
05446,0000,1189,106,2024-12-29 23:59:33.085515
25977,0000,1189,106,2024-12-29 23:59:33.101516
21821,0000,1189,106,2024-12-29 23:59:33.117508
37826,0000,1189,106,2024-12-29 23:59:33.133506
04708,0000,1189,106,2024-12-29 23:59:33.149501
02838,0000,1189,106,2024-12-29 23:59:33.181462
28732,0000,1189,106,2024-12-29 23:59:33.197508
02768,0000,1189,106,2024-12-29 23:59:33.213518
58355,0000,1189,106,2024-12-29 23:59:33.229518
25627,0000,1189,106,2024-12-29 23:59:33.245523
27260,0000,1189,106,2024-12-29 23:59:33.261515
22408,0000,1189,106,2024-12-29 23:59:33.277519
39386,0000,1189,106,2024-12-29 23:59:33.293522
33747,0000,1189,106,2024-12-29 23:59:33.309533
22498,0000,1189,106,2024-12-29 23:59:33.341138
05421,0000,1189,106,2024-12-29 23:59:33.357525
20499,0000,1189,106,2024-12-29 23:59:33.373530
51604,0000,1189,106,2024-12-29 23:59:33.389462
23311,0000,1189,106,2024-12-29 23:59:33.405467
22078,0000,1189,106,2024-12-29 23:59:33.421456
05511,0001,1189,106,2024-12-29 23:59:33.437448
53445,0000,1189,106,2024-12-29 23:59:33.453441
02138,0000,1189,106,2024-12-29 23:59:33.469440
06003,0000,1189,106,2024-12-29 23:59:33.485447
02441,0001,1189,106,2024-12-29 23:59:33.517440
03553,0000,1189,106,2024-12-29 23:59:33.533435
03848,0000,1189,106,2024-12-29 23:59:33.549430
01405,0000,1189,106,2024-12-29 23:59:33.565436
35422,0000,1189,106,2024-12-29 23:59:33.581418
09283,0000,1189,106,2024-12-29 23:59:33.597428
63568,0000,1189,106,2024-12-29 23:59:33.613421
56512,0000,1189,106,2024-12-29 23:59:33.629426
01409,0000,1189,106,2024-12-29 23:59:33.645411
02678,0000,1189,106,2024-12-29 23:59:33.677115
01948,0000,1189,106,2024-12-29 23:59:33.693407
49178,0000,1189,106,2024-12-29 23:59:33.709397
04566,0000,1189,106,2024-12-29 23:59:33.725397
10053,0000,1189,106,2024-12-29 23:59:33.741395
17247,0000,1190,106,2024-12-29 23:59:33.757390
53461,0000,1189,106,2024-12-29 23:59:33.773381
19528,0000,1189,106,2024-12-29 23:59:33.789391
16315,0000,1189,106,2024-12-29 23:59:33.805378
03033,0000,1189,106,2024-12-29 23:59:33.836759
00254,0001,1189,106,2024-12-29 23:59:33.853366
02867,0000,1189,106,2024-12-29 23:59:33.869371
06279,0000,1189,106,2024-12-29 23:59:33.885366
21249,0000,1189,106,2024-12-29 23:59:33.901367
07682,0000,1189,106,2024-12-29 23:59:33.917359
61005,0000,1189,106,2024-12-29 23:59:33.933364
54318,0000,1189,106,2024-12-29 23:59:33.949359
03095,0000,1189,106,2024-12-29 23:59:33.965346
00703,0000,1189,106,2024-12-29 23:59:33.981348
01405,0000,1189,106,2024-12-29 23:59:34.013159
00650,0000,1189,106,2024-12-29 23:59:34.029337
01613,0001,1189,106,2024-12-29 23:59:34.045331
01335,0000,1189,106,2024-12-29 23:59:34.061328
03782,0000,1189,106,2024-12-29 23:59:34.077337
05962,0000,1189,106,2024-12-29 23:59:34.093317
04709,0000,1189,106,2024-12-29 23:59:34.109318
01832,0000,1189,106,2024-12-29 23:59:34.125321
45864,0000,1189,106,2024-12-29 23:59:34.141323
43719,0000,1189,106,2024-12-29 23:59:34.172781
00987,0000,1189,106,2024-12-29 23:59:34.189301
02176,0000,1190,106,2024-12-29 23:59:34.205301
10771,0000,1189,106,2024-12-29 23:59:34.221292
07631,0001,1189,106,2024-12-29 23:59:34.237312
32946,0000,1189,106,2024-12-29 23:59:34.253292
04492,0000,1189,106,2024-12-29 23:59:34.269288
01849,0000,1189,106,2024-12-29 23:59:34.285279
05781,0000,1189,106,2024-12-29 23:59:34.301271
12483,0000,1189,106,2024-12-29 23:59:34.317270
13065,0000,1189,106,2024-12-29 23:59:34.349185
17932,0000,1189,106,2024-12-29 23:59:34.365261
45779,0000,1189,106,2024-12-29 23:59:34.381265
04416,0000,1189,106,2024-12-29 23:59:34.397265
03115,0000,1189,106,2024-12-29 23:59:34.413253
40760,0001,1190,106,2024-12-29 23:59:34.429255
00638,0000,1189,106,2024-12-29 23:59:34.445245
03708,0000,1189,106,2024-12-29 23:59:34.461248
02550,0000,1189,106,2024-12-29 23:59:34.477231
04565,0000,1189,106,2024-12-29 23:59:34.508809
05386,0001,1189,106,2024-12-29 23:59:34.525231
03890,0000,1189,106,2024-12-29 23:59:34.541226
02435,0000,1190,106,2024-12-29 23:59:34.557224
01810,0000,1189,106,2024-12-29 23:59:34.573215
05376,0000,1189,106,2024-12-29 23:59:34.589222
28763,0000,1190,106,2024-12-29 23:59:34.605212
03672,0000,1189,106,2024-12-29 23:59:34.621211
31478,0001,1189,106,2024-12-29 23:59:34.637206
01520,0000,1189,106,2024-12-29 23:59:34.653213
01796,0000,1190,106,2024-12-29 23:59:34.685202
02838,0000,1189,106,2024-12-29 23:59:34.701202
01526,0000,1189,106,2024-12-29 23:59:34.717203
48291,0000,1189,106,2024-12-29 23:59:34.733205
08551,0000,1189,106,2024-12-29 23:59:34.749182
13877,0001,1189,106,2024-12-29 23:59:34.765187
21924,0000,1189,106,2024-12-29 23:59:34.781173
26351,0000,1189,106,2024-12-29 23:59:34.797178
11734,0000,1189,106,2024-12-29 23:59:34.813168
49840,0000,1189,106,2024-12-29 23:59:34.844836
54917,0000,1190,106,2024-12-29 23:59:34.861169
05981,0001,1190,106,2024-12-29 23:59:34.877158
07003,0000,1189,106,2024-12-29 23:59:34.893165
45347,0000,1190,106,2024-12-29 23:59:34.909155
02306,0000,1189,106,2024-12-29 23:59:34.925156
01665,0001,1189,106,2024-12-29 23:59:34.941153
50499,0000,1189,106,2024-12-29 23:59:34.957139
43307,0000,1190,106,2024-12-29 23:59:34.973142
28616,0000,1190,106,2024-12-29 23:59:35.004474
31821,0000,1190,106,2024-12-29 23:59:35.021142
60082,0000,1189,106,2024-12-29 23:59:35.037128
03751,0000,1189,106,2024-12-29 23:59:35.053331
11171,0000,1190,106,2024-12-29 23:59:35.069141
00730,0000,1190,106,2024-12-29 23:59:35.085117
15941,0000,1190,106,2024-12-29 23:59:35.101118
08578,0000,1189,106,2024-12-29 23:59:35.117123
00630,0000,1189,106,2024-12-29 23:59:35.133125
37117,0000,1190,106,2024-12-29 23:59:35.149113
05058,0000,1190,106,2024-12-29 23:59:35.180878
18974,0000,1190,106,2024-12-29 23:59:35.197105
03698,0000,1190,106,2024-12-29 23:59:35.213099
27241,0000,1190,106,2024-12-29 23:59:35.229100
37099,0000,1190,106,2024-12-29 23:59:35.245103
48134,0001,1189,106,2024-12-29 23:59:35.261093
66650,0000,1189,106,2024-12-29 23:59:35.277086
50075,0000,1189,106,2024-12-29 23:59:35.293079
02318,0000,1189,106,2024-12-29 23:59:35.309081
01791,0001,1190,106,2024-12-29 23:59:35.340499
16560,0000,1190,106,2024-12-29 23:59:35.357067
03490,0000,1189,106,2024-12-29 23:59:35.373067
37111,0000,1190,106,2024-12-29 23:59:35.389062
01883,0000,1189,106,2024-12-29 23:59:35.405062
18823,0000,1190,106,2024-12-29 23:59:35.421054
09397,0000,1190,106,2024-12-29 23:59:35.437063
03108,0001,1190,106,2024-12-29 23:59:35.453053
03889,0000,1190,106,2024-12-29 23:59:35.469052
29329,0000,1190,106,2024-12-29 23:59:35.485043
10072,0000,1189,106,2024-12-29 23:59:35.516903
13280,0000,1190,106,2024-12-29 23:59:35.533030
07213,0000,1189,106,2024-12-29 23:59:35.549037
23903,0000,1190,106,2024-12-29 23:59:35.565029
40018,0000,1190,106,2024-12-29 23:59:35.581026
25692,0000,1190,106,2024-12-29 23:59:35.597027
00665,0000,1190,106,2024-12-29 23:59:35.613025
28604,0000,1190,106,2024-12-29 23:59:35.629025
05366,0001,1190,106,2024-12-29 23:59:35.645023
05445,0000,1190,106,2024-12-29 23:59:35.676511
58160,0000,1190,106,2024-12-29 23:59:35.693008
02711,0000,1190,106,2024-12-29 23:59:35.709005
01512,0000,1190,106,2024-12-29 23:59:35.724995
24010,0000,1190,106,2024-12-29 23:59:35.741002
61577,0000,1190,106,2024-12-29 23:59:35.756988
00003,0000,1190,106,2024-12-29 23:59:35.772987
04524,0000,1190,106,2024-12-29 23:59:35.788988
03887,0000,1190,106,2024-12-29 23:59:35.804977
23903,0000,1190,106,2024-12-29 23:59:35.820978
02812,0000,1190,106,2024-12-29 23:59:35.852927
01042,0000,1190,106,2024-12-29 23:59:35.868972
22689,0000,1190,106,2024-12-29 23:59:35.884970
13983,0000,1189,106,2024-12-29 23:59:35.900974
02402,0000,1190,106,2024-12-29 23:59:35.916972
17510,0000,1190,106,2024-12-29 23:59:35.932959
03319,0000,1189,106,2024-12-29 23:59:35.948959
24825,0000,1190,106,2024-12-29 23:59:35.964954
08517,0000,1189,106,2024-12-29 23:59:35.980952
45331,0000,1190,106,2024-12-29 23:59:36.012549
14853,0000,1190,106,2024-12-29 23:59:36.028948
04467,0000,1190,106,2024-12-29 23:59:36.044954
24969,0000,1190,106,2024-12-29 23:59:36.060936
10877,0000,1190,106,2024-12-29 23:59:36.076938
01845,0000,1190,106,2024-12-29 23:59:36.092933
04607,0000,1190,106,2024-12-29 23:59:36.108938
14717,0000,1190,106,2024-12-29 23:59:36.124925
05273,0000,1189,106,2024-12-29 23:59:36.140919
00107,0000,1190,106,2024-12-29 23:59:36.156918
29992,0000,1189,106,2024-12-29 23:59:36.188912
12740,0000,1189,106,2024-12-29 23:59:36.204904
01008,0000,1190,106,2024-12-29 23:59:36.220904
35396,0000,1190,106,2024-12-29 23:59:36.236899
50642,0000,1190,106,2024-12-29 23:59:36.252905
09914,0000,1190,106,2024-12-29 23:59:36.268895
03809,0000,1190,106,2024-12-29 23:59:36.284900
02190,0000,1190,106,2024-12-29 23:59:36.300905
06866,0000,1190,106,2024-12-29 23:59:36.316897
24891,0000,1189,106,2024-12-29 23:59:36.348603
11494,0000,1190,106,2024-12-29 23:59:36.364906
00969,0000,1189,106,2024-12-29 23:59:36.380922
08819,0000,1190,106,2024-12-29 23:59:36.396929
24724,0000,1190,106,2024-12-29 23:59:36.412913
04041,0000,1189,106,2024-12-29 23:59:36.428907
13319,0000,1190,106,2024-12-29 23:59:36.444918
04478,0000,1190,106,2024-12-29 23:59:36.460915
46656,0000,1190,106,2024-12-29 23:59:36.476915
02638,0000,1190,106,2024-12-29 23:59:36.508199
05382,0000,1190,106,2024-12-29 23:59:36.524847
36046,0000,1190,106,2024-12-29 23:59:36.540844
20239,0000,1190,106,2024-12-29 23:59:36.556841
10126,0000,1190,106,2024-12-29 23:59:36.572847
04622,0000,1190,106,2024-12-29 23:59:36.588831
36976,0000,1190,106,2024-12-29 23:59:36.604835
18720,0000,1189,106,2024-12-29 23:59:36.620829
67027,0000,1189,106,2024-12-29 23:59:36.636821
01182,0000,1190,106,2024-12-29 23:59:36.652823
24665,0000,1190,106,2024-12-29 23:59:36.684604
14369,0000,1190,106,2024-12-29 23:59:36.700818
32401,0000,1190,106,2024-12-29 23:59:36.716806
01788,0000,1190,106,2024-12-29 23:59:36.732810
07196,0000,1190,106,2024-12-29 23:59:36.748802
02856,0000,1190,106,2024-12-29 23:59:36.764788
33875,0000,1190,106,2024-12-29 23:59:36.780788
03666,0000,1190,106,2024-12-29 23:59:36.796790
28019,0000,1190,106,2024-12-29 23:59:36.812796
16378,0000,1190,106,2024-12-29 23:59:36.844256
59183,0000,1190,106,2024-12-29 23:59:36.860774
04505,0000,1189,106,2024-12-29 23:59:36.876786
04642,0000,1190,106,2024-12-29 23:59:36.892770
13651,0000,1190,106,2024-12-29 23:59:36.908771
15147,0000,1190,106,2024-12-29 23:59:36.924765
29064,0000,1190,106,2024-12-29 23:59:36.940766
03749,0000,1190,106,2024-12-29 23:59:36.956757
00691,0000,1190,106,2024-12-29 23:59:36.972756
06338,0000,1190,106,2024-12-29 23:59:36.988756
49015,0000,1190,106,2024-12-29 23:59:37.020632
05317,0000,1190,106,2024-12-29 23:59:37.036752
54901,0000,1190,106,2024-12-29 23:59:37.052736
54314,0000,1190,106,2024-12-29 23:59:37.068735
23710,0000,1190,106,2024-12-29 23:59:37.084746
29550,0000,1190,106,2024-12-29 23:59:37.100728
05515,0000,1190,106,2024-12-29 23:59:37.116737
03081,0000,1190,106,2024-12-29 23:59:37.132723
20917,0000,1190,106,2024-12-29 23:59:37.148725
19478,0000,1190,106,2024-12-29 23:59:37.180277
51724,0000,1190,106,2024-12-29 23:59:37.196715
54745,0000,1190,106,2024-12-29 23:59:37.212724
25435,0000,1190,106,2024-12-29 23:59:37.228707
19444,0000,1190,106,2024-12-29 23:59:37.244718
31291,0000,1190,106,2024-12-29 23:59:37.260699
12063,0000,1190,106,2024-12-29 23:59:37.276693
05274,0000,1190,106,2024-12-29 23:59:37.292694
25537,0000,1190,106,2024-12-29 23:59:37.308700
53952,0000,1190,106,2024-12-29 23:59:37.324693
04126,0000,1190,106,2024-12-29 23:59:37.356687
46554,0000,1190,106,2024-12-29 23:59:37.372675
33263,0000,1190,106,2024-12-29 23:59:37.388677
21086,0000,1190,106,2024-12-29 23:59:37.404680
09949,0000,1190,106,2024-12-29 23:59:37.420676
02027,0000,1190,106,2024-12-29 23:59:37.436663
13927,0000,1190,106,2024-12-29 23:59:37.452665
15529,0000,1190,106,2024-12-29 23:59:37.468664
03445,0000,1190,106,2024-12-29 23:59:37.484669
04648,0000,1190,106,2024-12-29 23:59:37.516315
08364,0000,1190,106,2024-12-29 23:59:37.532647
00589,0000,1190,106,2024-12-29 23:59:37.548645
04309,0000,1190,106,2024-12-29 23:59:37.564641
03091,0000,1190,106,2024-12-29 23:59:37.580644
04670,0000,1190,106,2024-12-29 23:59:37.596643
02255,0000,1190,106,2024-12-29 23:59:37.612635
04790,0000,1190,106,2024-12-29 23:59:37.628638
13988,0000,1190,106,2024-12-29 23:59:37.644625
05272,0000,1190,106,2024-12-29 23:59:37.675951
03047,0000,1191,106,2024-12-29 23:59:37.692617
27708,0000,1190,106,2024-12-29 23:59:37.708611
13962,0000,1190,106,2024-12-29 23:59:37.724612
16186,0000,1190,106,2024-12-29 23:59:37.740611
34574,0000,1190,106,2024-12-29 23:59:37.756608
03651,0000,1190,106,2024-12-29 23:59:37.772599
57535,0001,1190,106,2024-12-29 23:59:37.788601
03106,0000,1190,106,2024-12-29 23:59:37.804593
38600,0000,1190,106,2024-12-29 23:59:37.820585
37118,0000,1190,106,2024-12-29 23:59:37.852341
06178,0000,1190,106,2024-12-29 23:59:37.868590
14786,0000,1190,106,2024-12-29 23:59:37.884576
12736,0000,1190,106,2024-12-29 23:59:37.900581
03617,0000,1190,106,2024-12-29 23:59:37.916565
02111,0000,1190,106,2024-12-29 23:59:37.932568
23093,0000,1190,106,2024-12-29 23:59:37.948569
25548,0000,1190,106,2024-12-29 23:59:37.964565
04259,0000,1190,106,2024-12-29 23:59:37.980563
04605,0001,1190,106,2024-12-29 23:59:38.011976
30299,0001,1190,106,2024-12-29 23:59:38.028559
11784,0000,1190,106,2024-12-29 23:59:38.044548
13927,0000,1190,106,2024-12-29 23:59:38.060548
35327,0000,1190,106,2024-12-29 23:59:38.076545
34805,0000,1190,106,2024-12-29 23:59:38.092535
02961,0000,1190,106,2024-12-29 23:59:38.108536
33785,0000,1190,106,2024-12-29 23:59:38.124526
40843,0000,1190,106,2024-12-29 23:59:38.140533
29706,0000,1190,106,2024-12-29 23:59:38.156521
04450,0000,1190,106,2024-12-29 23:59:38.188353
02224,0000,1190,106,2024-12-29 23:59:38.204519
03841,0000,1190,106,2024-12-29 23:59:38.220508
-0011,0000,1190,106,2024-12-29 23:59:38.236520
03484,0000,1190,106,2024-12-29 23:59:38.252527
11662,0000,1190,106,2024-12-29 23:59:38.268502
04419,0000,1190,106,2024-12-29 23:59:38.284507
03065,0000,1190,106,2024-12-29 23:59:38.300498
29397,0000,1190,106,2024-12-29 23:59:38.316508
02000,0000,1190,106,2024-12-29 23:59:38.347999
59408,0000,1190,106,2024-12-29 23:59:38.364489
10858,0000,1190,106,2024-12-29 23:59:38.380489
59832,0000,1190,106,2024-12-29 23:59:38.396476
16004,0000,1190,106,2024-12-29 23:59:38.412472
04661,0000,1190,106,2024-12-29 23:59:38.428473
02734,0001,1190,106,2024-12-29 23:59:38.444472
04585,0000,1190,106,2024-12-29 23:59:38.460471
04608,0000,1190,106,2024-12-29 23:59:38.476454
55109,0001,1190,106,2024-12-29 23:59:38.492451
14665,0000,1190,106,2024-12-29 23:59:38.524374
03066,0000,1190,106,2024-12-29 23:59:38.540448
20423,0000,1190,106,2024-12-29 23:59:38.556435
19440,0000,1190,106,2024-12-29 23:59:38.572433
29971,0000,1190,106,2024-12-29 23:59:38.588438
23781,0000,1190,106,2024-12-29 23:59:38.604427
53899,0000,1190,106,2024-12-29 23:59:38.620432
50050,0000,1190,106,2024-12-29 23:59:38.636434
01050,0000,1190,106,2024-12-29 23:59:38.652444
15630,0000,1190,106,2024-12-29 23:59:38.684033
10231,0000,1190,106,2024-12-29 23:59:38.700416
13977,0000,1190,106,2024-12-29 23:59:38.716408
04622,0000,1191,106,2024-12-29 23:59:38.732405
02301,0000,1190,106,2024-12-29 23:59:38.748412
09936,0000,1191,106,2024-12-29 23:59:38.764403
35434,0000,1190,106,2024-12-29 23:59:38.780405
27992,0000,1190,106,2024-12-29 23:59:38.796397
46300,0000,1190,106,2024-12-29 23:59:38.812385
21182,0000,1190,106,2024-12-29 23:59:38.828388
36888,0000,1190,106,2024-12-29 23:59:38.860382
39132,0000,1190,106,2024-12-29 23:59:38.876380
03784,0000,1190,106,2024-12-29 23:59:38.892379
02998,0001,1190,106,2024-12-29 23:59:38.908376
02913,0000,1190,106,2024-12-29 23:59:38.924376
03306,0000,1190,106,2024-12-29 23:59:38.940366
20403,0000,1190,106,2024-12-29 23:59:38.956372
15612,0000,1190,106,2024-12-29 23:59:38.972363
27131,0000,1190,106,2024-12-29 23:59:38.988365
01659,0000,1190,106,2024-12-29 23:59:39.020052
02469,0000,1191,106,2024-12-29 23:59:39.036366
04621,0000,1190,106,2024-12-29 23:59:39.052363
33992,0000,1190,106,2024-12-29 23:59:39.068340
19127,0000,1190,106,2024-12-29 23:59:39.084340
08017,0000,1191,106,2024-12-29 23:59:39.100340
27287,0000,1190,106,2024-12-29 23:59:39.116332
16263,0000,1190,106,2024-12-29 23:59:39.132332
04702,0000,1190,106,2024-12-29 23:59:39.148332
01481,0000,1191,106,2024-12-29 23:59:39.179670
02821,0000,1191,106,2024-12-29 23:59:39.196325
08930,0000,1190,106,2024-12-29 23:59:39.212319
06517,0001,1191,106,2024-12-29 23:59:39.228326
04672,0000,1190,106,2024-12-29 23:59:39.244314
05131,0000,1190,106,2024-12-29 23:59:39.260316
04514,0000,1191,106,2024-12-29 23:59:39.276306
28591,0000,1190,106,2024-12-29 23:59:39.292305
07650,0000,1190,106,2024-12-29 23:59:39.308299
03802,0000,1190,106,2024-12-29 23:59:39.324299
04622,0001,1190,106,2024-12-29 23:59:39.356070
59058,0000,1190,106,2024-12-29 23:59:39.372279
30168,0000,1190,106,2024-12-29 23:59:39.388283
18720,0000,1190,106,2024-12-29 23:59:39.404276
08527,0000,1190,106,2024-12-29 23:59:39.420286
14599,0000,1190,106,2024-12-29 23:59:39.436287
29596,0000,1190,106,2024-12-29 23:59:39.452289
05276,0000,1191,106,2024-12-29 23:59:39.468289
03259,0000,1190,106,2024-12-29 23:59:39.484293
25778,0000,1191,106,2024-12-29 23:59:39.515733
02194,0000,1191,106,2024-12-29 23:59:39.532296
02291,0000,1191,106,2024-12-29 23:59:39.548294
02358,0000,1190,106,2024-12-29 23:59:39.564294
25899,0000,1191,106,2024-12-29 23:59:39.580300
21694,0000,1190,106,2024-12-29 23:59:39.596300
19084,0000,1190,106,2024-12-29 23:59:39.612300
03070,0000,1190,106,2024-12-29 23:59:39.628234
52502,0000,1191,106,2024-12-29 23:59:39.644235
01806,0000,1190,106,2024-12-29 23:59:39.660228
23375,0000,1191,106,2024-12-29 23:59:39.692091
11681,0000,1190,106,2024-12-29 23:59:39.708225
29139,0000,1190,106,2024-12-29 23:59:39.724212
04950,0000,1190,106,2024-12-29 23:59:39.740225
36330,0000,1191,106,2024-12-29 23:59:39.756210
04136,0000,1190,106,2024-12-29 23:59:39.772205
00906,0001,1191,106,2024-12-29 23:59:39.788201
04236,0000,1191,106,2024-12-29 23:59:39.804205
29287,0000,1190,106,2024-12-29 23:59:39.820211
10036,0001,1190,106,2024-12-29 23:59:39.851737
49091,0000,1190,106,2024-12-29 23:59:39.868182
37098,0000,1190,106,2024-12-29 23:59:39.884189
48940,0000,1191,106,2024-12-29 23:59:39.900182
05458,0000,1190,106,2024-12-29 23:59:39.916181
03933,0000,1190,106,2024-12-29 23:59:39.932177
02865,0000,1190,106,2024-12-29 23:59:39.948179
07715,0000,1190,106,2024-12-29 23:59:39.964167
07492,0000,1191,106,2024-12-29 23:59:39.980175
00341,0000,1190,106,2024-12-29 23:59:39.996169
11087,0000,1190,106,2024-12-29 23:59:40.028135
03864,0000,1190,106,2024-12-29 23:59:40.044147
05021,0000,1191,106,2024-12-29 23:59:40.060149
06158,0000,1190,106,2024-12-29 23:59:40.076149
01546,0000,1190,106,2024-12-29 23:59:40.092152
05393,0000,1191,106,2024-12-29 23:59:40.108143
17570,0000,1191,106,2024-12-29 23:59:40.124148
04515,0000,1191,106,2024-12-29 23:59:40.140148
02337,0000,1191,106,2024-12-29 23:59:40.156136
56821,0000,1191,106,2024-12-29 23:59:40.187778
05214,0000,1191,106,2024-12-29 23:59:40.204135
04005,0000,1191,106,2024-12-29 23:59:40.220141
01766,0000,1191,106,2024-12-29 23:59:40.236124
01979,0000,1191,106,2024-12-29 23:59:40.252123
02167,0000,1190,106,2024-12-29 23:59:40.268112
03784,0000,1191,106,2024-12-29 23:59:40.284123
23847,0000,1191,106,2024-12-29 23:59:40.300120
02065,0000,1190,106,2024-12-29 23:59:40.316106
04299,0000,1190,106,2024-12-29 23:59:40.347410
31514,0000,1191,106,2024-12-29 23:59:40.364090
45861,0000,1191,106,2024-12-29 23:59:40.380089
48817,0000,1190,106,2024-12-29 23:59:40.396085
52506,0000,1191,106,2024-12-29 23:59:40.412086
01636,0001,1191,106,2024-12-29 23:59:40.428089
38471,0000,1191,106,2024-12-29 23:59:40.444078
01322,0000,1191,106,2024-12-29 23:59:40.460076
03595,0000,1191,106,2024-12-29 23:59:40.476073
14816,0000,1190,106,2024-12-29 23:59:40.492071
23960,0000,1191,106,2024-12-29 23:59:40.523798
01919,0000,1191,106,2024-12-29 23:59:40.540057
00926,0000,1191,106,2024-12-29 23:59:40.556053
21759,0000,1190,106,2024-12-29 23:59:40.572056
21100,0000,1190,106,2024-12-29 23:59:40.588054
04442,0000,1191,106,2024-12-29 23:59:40.604054
03072,0001,1191,106,2024-12-29 23:59:40.620036
03449,0001,1190,106,2024-12-29 23:59:40.636043
01333,0000,1191,106,2024-12-29 23:59:40.652031
58560,0000,1191,106,2024-12-29 23:59:40.683432
03174,0000,1191,106,2024-12-29 23:59:40.700030
09298,0000,1191,106,2024-12-29 23:59:40.716026
01206,0000,1191,106,2024-12-29 23:59:40.732021
06204,0000,1191,106,2024-12-29 23:59:40.748012
07038,0000,1191,106,2024-12-29 23:59:40.764017
11672,0000,1190,106,2024-12-29 23:59:40.780008
02878,0000,1191,106,2024-12-29 23:59:40.796002
02264,0000,1191,106,2024-12-29 23:59:40.812003
20939,0001,1191,106,2024-12-29 23:59:40.828004
01957,0000,1191,106,2024-12-29 23:59:40.859810
26213,0000,1191,106,2024-12-29 23:59:40.875991
04723,0000,1190,106,2024-12-29 23:59:40.891981
05407,0000,1191,106,2024-12-29 23:59:40.907983
06094,0000,1191,106,2024-12-29 23:59:40.923981
18550,0000,1191,106,2024-12-29 23:59:40.939982
04351,0000,1191,106,2024-12-29 23:59:40.955968
04650,0000,1191,106,2024-12-29 23:59:40.971974
13088,0000,1191,106,2024-12-29 23:59:40.987978
06752,0000,1191,106,2024-12-29 23:59:41.019455
16893,0000,1190,106,2024-12-29 23:59:41.035967
05350,0000,1191,106,2024-12-29 23:59:41.051955
03563,0000,1190,106,2024-12-29 23:59:41.067956
03717,0000,1191,106,2024-12-29 23:59:41.083962
48808,0000,1191,106,2024-12-29 23:59:41.099954
01078,0000,1191,106,2024-12-29 23:59:41.115961
02840,0000,1190,106,2024-12-29 23:59:41.131950
03864,0000,1191,106,2024-12-29 23:59:41.147943
37650,0000,1191,106,2024-12-29 23:59:41.163934
01444,0000,1191,106,2024-12-29 23:59:41.195833
01407,0000,1191,106,2024-12-29 23:59:41.211925
09947,0000,1191,106,2024-12-29 23:59:41.227924
02292,0000,1191,106,2024-12-29 23:59:41.243929
14691,0000,1191,106,2024-12-29 23:59:41.259916
04546,0000,1191,106,2024-12-29 23:59:41.275916
18613,0000,1191,106,2024-12-29 23:59:41.291905
04581,0000,1191,106,2024-12-29 23:59:41.307921
19382,0000,1191,106,2024-12-29 23:59:41.323907
02219,0000,1190,106,2024-12-29 23:59:41.355479
03780,0001,1191,106,2024-12-29 23:59:41.371902
02338,0000,1191,106,2024-12-29 23:59:41.387902
01967,0001,1191,106,2024-12-29 23:59:41.403891
03770,0000,1191,106,2024-12-29 23:59:41.419886
03136,0000,1191,106,2024-12-29 23:59:41.435878
04530,0000,1191,106,2024-12-29 23:59:41.451886
01269,0000,1191,106,2024-12-29 23:59:41.467871
35569,0000,1191,106,2024-12-29 23:59:41.483875
04486,0000,1191,106,2024-12-29 23:59:41.499871
01504,0000,1191,106,2024-12-29 23:59:41.531864
23924,0000,1191,106,2024-12-29 23:59:41.547856
18527,0000,1191,106,2024-12-29 23:59:41.563856
11028,0000,1191,106,2024-12-29 23:59:41.579850
09980,0000,1191,106,2024-12-29 23:59:41.595852
00879,0000,1191,106,2024-12-29 23:59:41.611844
12972,0000,1191,106,2024-12-29 23:59:41.627845
39241,0000,1191,106,2024-12-29 23:59:41.643843
29978,0000,1191,106,2024-12-29 23:59:41.659840
54247,0000,1191,106,2024-12-29 23:59:41.691499
29399,0000,1191,106,2024-12-29 23:59:41.707827
03520,0000,1191,106,2024-12-29 23:59:41.723828
03689,0000,1191,106,2024-12-29 23:59:41.739821
41645,0000,1191,106,2024-12-29 23:59:41.755819
01759,0000,1191,106,2024-12-29 23:59:41.771819
00310,0000,1191,106,2024-12-29 23:59:41.787821
03911,0000,1191,106,2024-12-29 23:59:41.803811
27544,0000,1191,106,2024-12-29 23:59:41.819803
02739,0000,1191,106,2024-12-29 23:59:41.851149
03947,0000,1191,106,2024-12-29 23:59:41.867801
01092,0000,1191,106,2024-12-29 23:59:41.883798
28358,0000,1191,106,2024-12-29 23:59:41.899799
12402,0000,1191,106,2024-12-29 23:59:41.915790
05268,0000,1191,106,2024-12-29 23:59:41.931790
02223,0000,1191,106,2024-12-29 23:59:41.947780
25882,0000,1191,106,2024-12-29 23:59:41.963781
02899,0001,1191,106,2024-12-29 23:59:41.979775
00978,0000,1191,106,2024-12-29 23:59:41.995776
01926,0000,1191,106,2024-12-29 23:59:42.027533
22519,0000,1191,106,2024-12-29 23:59:42.043762
39374,0000,1191,106,2024-12-29 23:59:42.059762
05455,0001,1191,106,2024-12-29 23:59:42.075752
25805,0000,1191,106,2024-12-29 23:59:42.091755
03796,0000,1191,106,2024-12-29 23:59:42.107748
35277,0000,1191,106,2024-12-29 23:59:42.123740
03454,0000,1191,106,2024-12-29 23:59:42.139741
03957,0000,1191,106,2024-12-29 23:59:42.155740
09949,0000,1191,106,2024-12-29 23:59:42.187170
23563,0000,1191,106,2024-12-29 23:59:42.203727
36929,0000,1191,106,2024-12-29 23:59:42.219723
38599,0000,1191,106,2024-12-29 23:59:42.235724
08162,0000,1191,106,2024-12-29 23:59:42.251741
24400,0000,1191,106,2024-12-29 23:59:42.267724
23907,0000,1191,106,2024-12-29 23:59:42.283717
01419,0000,1191,106,2024-12-29 23:59:42.299723
24213,0000,1191,106,2024-12-29 23:59:42.315704
00678,0000,1191,106,2024-12-29 23:59:42.331710
05134,0000,1191,106,2024-12-29 23:59:42.363560
03586,0000,1191,106,2024-12-29 23:59:42.379706
14532,0000,1191,106,2024-12-29 23:59:42.395714
03842,0001,1191,106,2024-12-29 23:59:42.411705
00797,0000,1191,106,2024-12-29 23:59:42.427690
00190,0000,1191,106,2024-12-29 23:59:42.443685
53475,0001,1191,106,2024-12-29 23:59:42.459688
31028,0000,1191,106,2024-12-29 23:59:42.475677
05312,0000,1191,106,2024-12-29 23:59:42.491677
58530,0000,1191,106,2024-12-29 23:59:42.523193
04527,0000,1191,106,2024-12-29 23:59:42.539670
11615,0000,1191,106,2024-12-29 23:59:42.555671
05432,0000,1191,106,2024-12-29 23:59:42.571665
35997,0000,1191,106,2024-12-29 23:59:42.587676
26973,0000,1191,106,2024-12-29 23:59:42.603674
00638,0000,1191,106,2024-12-29 23:59:42.619683
02162,0000,1191,106,2024-12-29 23:59:42.635675
16770,0000,1191,106,2024-12-29 23:59:42.651676
17625,0000,1191,106,2024-12-29 23:59:42.667677
18877,0000,1191,106,2024-12-29 23:59:42.699615
43099,0000,1191,106,2024-12-29 23:59:42.715690
02802,0001,1191,106,2024-12-29 23:59:42.731687
18668,0000,1191,106,2024-12-29 23:59:42.747692
00990,0001,1191,106,2024-12-29 23:59:42.763624
02295,0000,1191,106,2024-12-29 23:59:42.779609
39474,0000,1191,106,2024-12-29 23:59:42.795615
27847,0000,1191,106,2024-12-29 23:59:42.811619
20193,0000,1191,106,2024-12-29 23:59:42.827614
18524,0000,1191,106,2024-12-29 23:59:42.859235
27282,0000,1191,106,2024-12-29 23:59:42.875598
33142,0000,1191,106,2024-12-29 23:59:42.891600
08549,0000,1191,106,2024-12-29 23:59:42.907592
60252,0000,1191,106,2024-12-29 23:59:42.923597
30600,0001,1191,106,2024-12-29 23:59:42.939599
32363,0000,1191,106,2024-12-29 23:59:42.955598
03512,0000,1191,106,2024-12-29 23:59:42.971584
03445,0000,1191,106,2024-12-29 23:59:42.987575
00426,0000,1191,106,2024-12-29 23:59:43.003576
04621,0000,1191,106,2024-12-29 23:59:43.035567
03924,0000,1191,106,2024-12-29 23:59:43.051567
05219,0000,1191,106,2024-12-29 23:59:43.067569
29195,0000,1191,106,2024-12-29 23:59:43.083555
03792,0000,1191,106,2024-12-29 23:59:43.099552
28717,0000,1191,106,2024-12-29 23:59:43.115551
15452,0000,1191,106,2024-12-29 23:59:43.131553
26873,0000,1191,106,2024-12-29 23:59:43.147536
31646,0000,1191,106,2024-12-29 23:59:43.163547
24938,0000,1191,106,2024-12-29 23:59:43.195252
54830,0000,1191,106,2024-12-29 23:59:43.211532
24218,0000,1191,106,2024-12-29 23:59:43.227533
01411,0000,1191,106,2024-12-29 23:59:43.243537
03904,0000,1191,106,2024-12-29 23:59:43.259535
03377,0000,1191,106,2024-12-29 23:59:43.275523
03079,0000,1191,106,2024-12-29 23:59:43.291527
03679,0000,1191,106,2024-12-29 23:59:43.307518
04083,0000,1191,106,2024-12-29 23:59:43.323516
44751,0000,1191,106,2024-12-29 23:59:43.354875
01826,0000,1191,106,2024-12-29 23:59:43.371511
57411,0000,1191,106,2024-12-29 23:59:43.387494
57491,0000,1191,106,2024-12-29 23:59:43.403497
37093,0000,1191,106,2024-12-29 23:59:43.419492
18343,0001,1192,106,2024-12-29 23:59:43.435494
22145,0000,1191,106,2024-12-29 23:59:43.451490
14767,0001,1191,106,2024-12-29 23:59:43.467491
21935,0000,1191,106,2024-12-29 23:59:43.483480
18132,0000,1191,106,2024-12-29 23:59:43.499482
01164,0000,1191,106,2024-12-29 23:59:43.531286
01494,0001,1191,106,2024-12-29 23:59:43.547465
01877,0000,1191,106,2024-12-29 23:59:43.563461
04416,0000,1192,106,2024-12-29 23:59:43.579463
01508,0000,1191,106,2024-12-29 23:59:43.595456
24821,0000,1192,106,2024-12-29 23:59:43.611454
04562,0000,1191,106,2024-12-29 23:59:43.627447
01579,0000,1191,106,2024-12-29 23:59:43.643448
02601,0000,1191,106,2024-12-29 23:59:43.659439
13551,0001,1191,106,2024-12-29 23:59:43.690913
24740,0001,1192,106,2024-12-29 23:59:43.707440
11780,0000,1192,106,2024-12-29 23:59:43.723447
02401,0000,1191,106,2024-12-29 23:59:43.739436
39805,0000,1191,106,2024-12-29 23:59:43.755428
16464,0000,1191,106,2024-12-29 23:59:43.771423
14543,0000,1191,106,2024-12-29 23:59:43.787420
02055,0000,1191,106,2024-12-29 23:59:43.803412
03742,0000,1191,106,2024-12-29 23:59:43.819415
13173,0000,1191,106,2024-12-29 23:59:43.835411
63427,0000,1192,106,2024-12-29 23:59:43.867314
09291,0000,1191,106,2024-12-29 23:59:43.883404
02854,0000,1191,106,2024-12-29 23:59:43.899400
15750,0000,1191,106,2024-12-29 23:59:43.915400
01489,0000,1191,106,2024-12-29 23:59:43.931390
07710,0000,1192,106,2024-12-29 23:59:43.947390
44012,0000,1192,106,2024-12-29 23:59:43.963380
04645,0000,1191,106,2024-12-29 23:59:43.979388
33262,0000,1191,106,2024-12-29 23:59:43.995380
05664,0000,1191,106,2024-12-29 23:59:44.026935
17795,0000,1191,106,2024-12-29 23:59:44.043368
01441,0000,1191,106,2024-12-29 23:59:44.059362
35239,0000,1191,106,2024-12-29 23:59:44.075361
00759,0001,1191,106,2024-12-29 23:59:44.091361
01796,0000,1191,106,2024-12-29 23:59:44.107362
53108,0000,1192,106,2024-12-29 23:59:44.123366
01454,0000,1191,106,2024-12-29 23:59:44.139346
35332,0000,1191,106,2024-12-29 23:59:44.155355
04289,0000,1191,106,2024-12-29 23:59:44.171339
03454,0000,1192,106,2024-12-29 23:59:44.203318
11687,0000,1191,106,2024-12-29 23:59:44.219336
02978,0000,1192,106,2024-12-29 23:59:44.235336
02999,0000,1191,106,2024-12-29 23:59:44.251346
50584,0000,1192,106,2024-12-29 23:59:44.267330
01780,0000,1191,106,2024-12-29 23:59:44.283314
00143,0000,1191,106,2024-12-29 23:59:44.299358
25897,0000,1191,106,2024-12-29 23:59:44.315311
04792,0000,1191,106,2024-12-29 23:59:44.331317
34522,0000,1191,106,2024-12-29 23:59:44.362978
03299,0000,1191,106,2024-12-29 23:59:44.379310
03029,0000,1191,106,2024-12-29 23:59:44.395309
02967,0000,1191,106,2024-12-29 23:59:44.411295
11057,0000,1192,106,2024-12-29 23:59:44.427298
21798,0000,1192,106,2024-12-29 23:59:44.443292
20104,0000,1191,106,2024-12-29 23:59:44.459292
38657,0000,1192,106,2024-12-29 23:59:44.475286
31509,0000,1192,106,2024-12-29 23:59:44.491287
09246,0001,1191,106,2024-12-29 23:59:44.522625
44987,0001,1192,106,2024-12-29 23:59:44.539278
05372,0000,1192,106,2024-12-29 23:59:44.555271
03814,0000,1192,106,2024-12-29 23:59:44.571271
07128,0000,1191,106,2024-12-29 23:59:44.587260
02674,0000,1192,106,2024-12-29 23:59:44.603266
10977,0000,1191,106,2024-12-29 23:59:44.619265
23757,0000,1191,106,2024-12-29 23:59:44.635269
02867,0000,1191,106,2024-12-29 23:59:44.651251
21662,0000,1191,106,2024-12-29 23:59:44.667252
05078,0000,1192,106,2024-12-29 23:59:44.698997
08751,0000,1191,106,2024-12-29 23:59:44.715236
15937,0000,1191,106,2024-12-29 23:59:44.731237
31293,0000,1192,106,2024-12-29 23:59:44.747238
63487,0000,1192,106,2024-12-29 23:59:44.763233
39265,0000,1191,106,2024-12-29 23:59:44.779219
24808,0000,1192,106,2024-12-29 23:59:44.795217
11186,0000,1192,106,2024-12-29 23:59:44.811221
17917,0000,1191,106,2024-12-29 23:59:44.827217
02043,0000,1191,106,2024-12-29 23:59:44.858629
28376,0000,1192,106,2024-12-29 23:59:44.875209
47957,0000,1192,106,2024-12-29 23:59:44.891211
20172,0000,1191,106,2024-12-29 23:59:44.907213
30613,0000,1191,106,2024-12-29 23:59:44.923199
25576,0000,1192,106,2024-12-29 23:59:44.939206
10180,0000,1191,106,2024-12-29 23:59:44.955196
03926,0000,1191,106,2024-12-29 23:59:44.971180
66179,0000,1192,106,2024-12-29 23:59:44.987186
00496,0000,1192,106,2024-12-29 23:59:45.003180
04605,0000,1192,106,2024-12-29 23:59:45.035009
03815,0001,1192,106,2024-12-29 23:59:45.051171
03854,0000,1191,106,2024-12-29 23:59:45.067183
05490,0000,1192,106,2024-12-29 23:59:45.083167
39221,0001,1191,106,2024-12-29 23:59:45.099157
06906,0000,1192,106,2024-12-29 23:59:45.115160
03370,0000,1192,106,2024-12-29 23:59:45.131154
00944,0000,1192,106,2024-12-29 23:59:45.147157
33006,0000,1191,106,2024-12-29 23:59:45.163148
22501,0000,1192,106,2024-12-29 23:59:45.194654
05516,0000,1192,106,2024-12-29 23:59:45.211145
21785,0000,1192,106,2024-12-29 23:59:45.227141
03594,0000,1192,106,2024-12-29 23:59:45.243148
45472,0000,1192,106,2024-12-29 23:59:45.259131
04661,0000,1191,106,2024-12-29 23:59:45.275132
04400,0000,1191,106,2024-12-29 23:59:45.291135
25574,0000,1192,106,2024-12-29 23:59:45.307148
21090,0000,1191,106,2024-12-29 23:59:45.323129
02145,0000,1191,106,2024-12-29 23:59:45.339131
04567,0000,1192,106,2024-12-29 23:59:45.371048
05468,0000,1192,106,2024-12-29 23:59:45.387121
02696,0001,1191,106,2024-12-29 23:59:45.403115
02820,0000,1191,106,2024-12-29 23:59:45.419117
03044,0000,1192,106,2024-12-29 23:59:45.435104
24102,0000,1191,106,2024-12-29 23:59:45.451108
12425,0000,1192,106,2024-12-29 23:59:45.467091
61811,0000,1192,106,2024-12-29 23:59:45.483100
28712,0000,1192,106,2024-12-29 23:59:45.499092
25040,0000,1191,106,2024-12-29 23:59:45.530704
02269,0000,1192,106,2024-12-29 23:59:45.547098
05145,0000,1192,106,2024-12-29 23:59:45.563084
19080,0000,1192,106,2024-12-29 23:59:45.579082
14652,0000,1192,106,2024-12-29 23:59:45.595078
53335,0000,1192,106,2024-12-29 23:59:45.611077
10054,0000,1192,106,2024-12-29 23:59:45.627069
04169,0000,1192,106,2024-12-29 23:59:45.643073
50033,0000,1192,106,2024-12-29 23:59:45.659063
26384,0000,1192,106,2024-12-29 23:59:45.675061
44866,0000,1191,106,2024-12-29 23:59:45.707068
05417,0000,1192,106,2024-12-29 23:59:45.723068
01731,0000,1192,106,2024-12-29 23:59:45.739077
02635,0000,1192,106,2024-12-29 23:59:45.755082
28626,0000,1192,106,2024-12-29 23:59:45.771075
00078,0000,1192,106,2024-12-29 23:59:45.787085
05186,0000,1192,106,2024-12-29 23:59:45.803078
48801,0000,1191,106,2024-12-29 23:59:45.819083
20258,0000,1192,106,2024-12-29 23:59:45.835085
65763,0000,1192,106,2024-12-29 23:59:45.866756
40673,0000,1192,106,2024-12-29 23:59:45.883018
37766,0000,1192,106,2024-12-29 23:59:45.899017
19489,0000,1192,106,2024-12-29 23:59:45.915009
26878,0000,1192,106,2024-12-29 23:59:45.931004
27686,0000,1192,106,2024-12-29 23:59:45.947013
34516,0000,1192,106,2024-12-29 23:59:45.963006
00743,0000,1191,106,2024-12-29 23:59:45.978998
00244,0000,1192,106,2024-12-29 23:59:45.995005
00140,0000,1192,106,2024-12-29 23:59:46.026355
40353,0000,1192,106,2024-12-29 23:59:46.042992
09319,0000,1192,106,2024-12-29 23:59:46.058992
04563,0000,1192,106,2024-12-29 23:59:46.074990
00689,0000,1192,106,2024-12-29 23:59:46.090972
55676,0000,1192,106,2024-12-29 23:59:46.106994
01048,0000,1192,106,2024-12-29 23:59:46.122971
17018,0000,1192,106,2024-12-29 23:59:46.138973
01820,0000,1192,106,2024-12-29 23:59:46.154965
05383,0000,1192,106,2024-12-29 23:59:46.170967
02346,0000,1192,106,2024-12-29 23:59:46.202750
05278,0001,1192,106,2024-12-29 23:59:46.218958
00717,0000,1192,106,2024-12-29 23:59:46.234959
06105,0000,1192,106,2024-12-29 23:59:46.250968
17141,0000,1192,106,2024-12-29 23:59:46.266955
66043,0000,1192,106,2024-12-29 23:59:46.282942
04911,0000,1191,106,2024-12-29 23:59:46.298939
02916,0000,1192,106,2024-12-29 23:59:46.314942
00677,0000,1192,106,2024-12-29 23:59:46.330929
04782,0001,1192,106,2024-12-29 23:59:46.362369
01511,0000,1192,106,2024-12-29 23:59:46.378926
50825,0000,1192,106,2024-12-29 23:59:46.394916
12587,0000,1192,106,2024-12-29 23:59:46.410921
54320,0000,1192,106,2024-12-29 23:59:46.426920
32240,0000,1192,106,2024-12-29 23:59:46.442914
21800,0000,1192,106,2024-12-29 23:59:46.458912
18472,0000,1192,106,2024-12-29 23:59:46.474911
15530,0000,1192,106,2024-12-29 23:59:46.490892
01479,0000,1192,106,2024-12-29 23:59:46.506892
47997,0000,1192,106,2024-12-29 23:59:46.538772
02726,0000,1192,106,2024-12-29 23:59:46.554894
25778,0001,1192,106,2024-12-29 23:59:46.570888
02846,0001,1192,106,2024-12-29 23:59:46.586891
05313,0000,1192,106,2024-12-29 23:59:46.602878
06129,0000,1192,106,2024-12-29 23:59:46.618878
04518,0000,1192,106,2024-12-29 23:59:46.634872
02142,0000,1192,106,2024-12-29 23:59:46.650876
03415,0000,1192,106,2024-12-29 23:59:46.666872
13191,0000,1192,106,2024-12-29 23:59:46.698390
42936,0000,1192,106,2024-12-29 23:59:46.714864
01461,0000,1192,106,2024-12-29 23:59:46.730853
34855,0000,1192,106,2024-12-29 23:59:46.746859
29989,0000,1192,106,2024-12-29 23:59:46.762848
42418,0000,1192,106,2024-12-29 23:59:46.778851
01392,0000,1192,106,2024-12-29 23:59:46.794841
00639,0000,1192,106,2024-12-29 23:59:46.810838
25755,0000,1192,106,2024-12-29 23:59:46.826834
21662,0000,1192,106,2024-12-29 23:59:46.842837
48888,0000,1192,106,2024-12-29 23:59:46.874786
23481,0000,1192,106,2024-12-29 23:59:46.890824
05370,0000,1192,106,2024-12-29 23:59:46.906819
07093,0000,1192,106,2024-12-29 23:59:46.922814
04548,0000,1192,106,2024-12-29 23:59:46.938807
27861,0000,1192,106,2024-12-29 23:59:46.954809
01835,0001,1192,106,2024-12-29 23:59:46.970809
00645,0000,1192,106,2024-12-29 23:59:46.986808
61947,0000,1192,106,2024-12-29 23:59:47.002800
11791,0000,1192,106,2024-12-29 23:59:47.034416
02589,0001,1192,106,2024-12-29 23:59:47.050797
02916,0000,1192,106,2024-12-29 23:59:47.066782
05346,0000,1192,106,2024-12-29 23:59:47.082779
08322,0000,1192,106,2024-12-29 23:59:47.098777
16883,0000,1192,106,2024-12-29 23:59:47.114781
02790,0000,1192,106,2024-12-29 23:59:47.130792
04858,0000,1192,106,2024-12-29 23:59:47.146767
01409,0000,1192,106,2024-12-29 23:59:47.162774
03676,0000,1192,106,2024-12-29 23:59:47.194072
02946,0000,1192,106,2024-12-29 23:59:47.210761
10067,0000,1192,106,2024-12-29 23:59:47.226762
04595,0000,1192,106,2024-12-29 23:59:47.242777
04787,0001,1192,106,2024-12-29 23:59:47.258751
06221,0000,1192,106,2024-12-29 23:59:47.274750
53162,0000,1192,106,2024-12-29 23:59:47.290737
04622,0000,1192,106,2024-12-29 23:59:47.306743
20243,0000,1192,106,2024-12-29 23:59:47.322739
21736,0000,1192,106,2024-12-29 23:59:47.338741
03423,0000,1192,106,2024-12-29 23:59:47.370467
06838,0000,1192,106,2024-12-29 23:59:47.386720
04586,0001,1192,106,2024-12-29 23:59:47.402913
01133,0000,1192,106,2024-12-29 23:59:47.418731
05159,0000,1192,106,2024-12-29 23:59:47.434714
03018,0000,1192,106,2024-12-29 23:59:47.450710
02818,0000,1192,106,2024-12-29 23:59:47.466708
39295,0000,1192,106,2024-12-29 23:59:47.482701
01542,0000,1192,106,2024-12-29 23:59:47.498704
42391,0000,1192,106,2024-12-29 23:59:47.530101
10579,0000,1192,106,2024-12-29 23:59:47.546693
04608,0000,1192,106,2024-12-29 23:59:47.562695
01049,0000,1192,106,2024-12-29 23:59:47.578685
01341,0000,1192,106,2024-12-29 23:59:47.594679
09958,0000,1192,106,2024-12-29 23:59:47.610682
03257,0000,1192,106,2024-12-29 23:59:47.626682
02180,0000,1192,106,2024-12-29 23:59:47.642687
15484,0000,1192,106,2024-12-29 23:59:47.658676
54265,0000,1192,106,2024-12-29 23:59:47.674668
04605,0000,1192,106,2024-12-29 23:59:47.706491
18147,0000,1192,106,2024-12-29 23:59:47.722660
18472,0000,1192,106,2024-12-29 23:59:47.738655
01382,0000,1192,106,2024-12-29 23:59:47.754662
05454,0000,1192,106,2024-12-29 23:59:47.770646
53432,0000,1192,106,2024-12-29 23:59:47.786649
43063,0000,1192,106,2024-12-29 23:59:47.802640
02998,0000,1192,106,2024-12-29 23:59:47.818643
42306,0000,1192,106,2024-12-29 23:59:47.834636
00325,0000,1192,106,2024-12-29 23:59:47.866113
04787,0000,1192,106,2024-12-29 23:59:47.882690
01022,0001,1192,106,2024-12-29 23:59:47.898627
15275,0000,1192,106,2024-12-29 23:59:47.914629
54290,0000,1192,106,2024-12-29 23:59:47.930618
28018,0000,1192,106,2024-12-29 23:59:47.946616
03099,0000,1192,106,2024-12-29 23:59:47.962612
05354,0000,1192,106,2024-12-29 23:59:47.978615
33892,0000,1192,106,2024-12-29 23:59:47.994599
05079,0000,1192,106,2024-12-29 23:59:48.010603
28966,0000,1192,106,2024-12-29 23:59:48.042507
49050,0000,1192,106,2024-12-29 23:59:48.058595
28341,0000,1192,106,2024-12-29 23:59:48.074590
14808,0000,1192,106,2024-12-29 23:59:48.090590
10942,0000,1192,106,2024-12-29 23:59:48.106576
23222,0000,1192,106,2024-12-29 23:59:48.122579
03461,0000,1192,106,2024-12-29 23:59:48.138581
03894,0000,1192,106,2024-12-29 23:59:48.154605
27250,0000,1192,106,2024-12-29 23:59:48.170577
01883,0000,1192,106,2024-12-29 23:59:48.202135
29346,0000,1192,106,2024-12-29 23:59:48.218554
11607,0000,1192,106,2024-12-29 23:59:48.234561
59012,0000,1192,106,2024-12-29 23:59:48.250567
02578,0000,1192,106,2024-12-29 23:59:48.266557
02835,0000,1192,106,2024-12-29 23:59:48.282551
11048,0000,1192,106,2024-12-29 23:59:48.298543
04603,0000,1192,106,2024-12-29 23:59:48.314549
03174,0000,1192,106,2024-12-29 23:59:48.330542
13139,0000,1192,106,2024-12-29 23:59:48.346542
17053,0001,1193,106,2024-12-29 23:59:48.378525
57677,0000,1192,106,2024-12-29 23:59:48.394538
58274,0000,1192,106,2024-12-29 23:59:48.410549
53383,0000,1192,106,2024-12-29 23:59:48.426544
40864,0000,1192,106,2024-12-29 23:59:48.442514
43049,0000,1192,106,2024-12-29 23:59:48.458518
03133,0000,1192,106,2024-12-29 23:59:48.474514
07156,0000,1192,106,2024-12-29 23:59:48.490510
44152,0000,1192,106,2024-12-29 23:59:48.506497
01424,0000,1192,106,2024-12-29 23:59:48.538170
61095,0000,1192,106,2024-12-29 23:59:48.554506
06993,0000,1193,106,2024-12-29 23:59:48.570492
15563,0000,1192,106,2024-12-29 23:59:48.586490
27473,0000,1192,106,2024-12-29 23:59:48.602486
33095,0000,1192,106,2024-12-29 23:59:48.618477
28478,0000,1192,106,2024-12-29 23:59:48.634475
06336,0000,1192,106,2024-12-29 23:59:48.650474
00627,0000,1192,106,2024-12-29 23:59:48.666481
63298,0000,1193,106,2024-12-29 23:59:48.697812
36061,0000,1192,106,2024-12-29 23:59:48.714461
00568,0000,1192,106,2024-12-29 23:59:48.730459
03639,0000,1192,106,2024-12-29 23:59:48.746452
00240,0000,1192,106,2024-12-29 23:59:48.762453
34880,0000,1192,106,2024-12-29 23:59:48.778450
46485,0000,1192,106,2024-12-29 23:59:48.794439
00266,0000,1192,106,2024-12-29 23:59:48.810449
08458,0000,1193,106,2024-12-29 23:59:48.826449
02314,0000,1192,106,2024-12-29 23:59:48.842453
04872,0000,1192,106,2024-12-29 23:59:48.874201
08508,0000,1192,106,2024-12-29 23:59:48.890470
60280,0000,1192,106,2024-12-29 23:59:48.906464
06857,0000,1192,106,2024-12-29 23:59:48.922462
30990,0000,1192,106,2024-12-29 23:59:48.938469
30624,0000,1192,106,2024-12-29 23:59:48.954471
33785,0000,1192,106,2024-12-29 23:59:48.970465
18816,0000,1193,106,2024-12-29 23:59:48.986474
26361,0000,1193,106,2024-12-29 23:59:49.002391
00739,0000,1193,106,2024-12-29 23:59:49.033827
00729,0000,1192,106,2024-12-29 23:59:49.050392
14871,0000,1192,106,2024-12-29 23:59:49.066379
02815,0000,1193,106,2024-12-29 23:59:49.082379
01205,0000,1192,106,2024-12-29 23:59:49.098378
05135,0000,1192,106,2024-12-29 23:59:49.114377
20484,0000,1192,106,2024-12-29 23:59:49.130374
14672,0000,1192,106,2024-12-29 23:59:49.146382
02763,0000,1192,106,2024-12-29 23:59:49.162360
02260,0000,1192,106,2024-12-29 23:59:49.178363
17978,0000,1192,106,2024-12-29 23:59:49.210207
02922,0000,1192,106,2024-12-29 23:59:49.226348
06956,0000,1192,106,2024-12-29 23:59:49.242359
49032,0000,1192,106,2024-12-29 23:59:49.258349
00954,0000,1193,106,2024-12-29 23:59:49.274338
41632,0000,1192,106,2024-12-29 23:59:49.290348
04612,0000,1193,106,2024-12-29 23:59:49.306358
29392,0000,1193,106,2024-12-29 23:59:49.322346
04516,0000,1193,106,2024-12-29 23:59:49.338331
16181,0000,1192,106,2024-12-29 23:59:49.369850
03890,0000,1192,106,2024-12-29 23:59:49.386323
15664,0000,1193,106,2024-12-29 23:59:49.402319
15973,0000,1192,106,2024-12-29 23:59:49.418312
01520,0000,1193,106,2024-12-29 23:59:49.434313
45504,0000,1192,106,2024-12-29 23:59:49.450307
41624,0000,1193,106,2024-12-29 23:59:49.466306
21018,0000,1192,106,2024-12-29 23:59:49.482295
63493,0000,1193,106,2024-12-29 23:59:49.498301
50678,0000,1192,106,2024-12-29 23:59:49.514295
02854,0000,1192,106,2024-12-29 23:59:49.546225
48107,0000,1192,106,2024-12-29 23:59:49.562298
52426,0000,1193,106,2024-12-29 23:59:49.578295
00780,0000,1193,106,2024-12-29 23:59:49.594300
11043,0000,1192,106,2024-12-29 23:59:49.610285
14828,0000,1193,106,2024-12-29 23:59:49.626279
20959,0000,1193,106,2024-12-29 23:59:49.642275
01931,0000,1193,106,2024-12-29 23:59:49.658267
09357,0000,1193,106,2024-12-29 23:59:49.674272
01900,0000,1192,106,2024-12-29 23:59:49.705890
02200,0000,1192,106,2024-12-29 23:59:49.722257
02805,0000,1192,106,2024-12-29 23:59:49.738262
49738,0000,1193,106,2024-12-29 23:59:49.754251
00416,0000,1193,106,2024-12-29 23:59:49.770253
02639,0000,1193,106,2024-12-29 23:59:49.786243
06294,0000,1192,106,2024-12-29 23:59:49.802235
04686,0000,1192,106,2024-12-29 23:59:49.818233
03020,0000,1193,106,2024-12-29 23:59:49.834241
65082,0000,1193,106,2024-12-29 23:59:49.850228
49981,0000,1193,106,2024-12-29 23:59:49.882223
17921,0000,1193,106,2024-12-29 23:59:49.898216
02125,0001,1192,106,2024-12-29 23:59:49.914218
02149,0000,1192,106,2024-12-29 23:59:49.930210
05581,0000,1192,106,2024-12-29 23:59:49.946209
41574,0000,1193,106,2024-12-29 23:59:49.962212
02893,0000,1192,106,2024-12-29 23:59:49.978213
03123,0000,1193,106,2024-12-29 23:59:49.994199
56434,0000,1192,106,2024-12-29 23:59:50.010196
29134,0000,1193,106,2024-12-29 23:59:50.041916
00596,0000,1193,106,2024-12-29 23:59:50.058198
51592,0000,1193,106,2024-12-29 23:59:50.074185
00907,0000,1192,106,2024-12-29 23:59:50.090192
33857,0000,1193,106,2024-12-29 23:59:50.106199
00070,0000,1193,106,2024-12-29 23:59:50.122180
22504,0000,1193,106,2024-12-29 23:59:50.138171
00740,0000,1192,106,2024-12-29 23:59:50.154176
08502,0000,1193,106,2024-12-29 23:59:50.170168
03795,0000,1193,106,2024-12-29 23:59:50.201526
02260,0000,1193,106,2024-12-29 23:59:50.218164
02792,0000,1192,106,2024-12-29 23:59:50.234155
00773,0000,1192,106,2024-12-29 23:59:50.250181
04583,0000,1193,106,2024-12-29 23:59:50.266148
37677,0000,1193,106,2024-12-29 23:59:50.282146
25987,0000,1193,106,2024-12-29 23:59:50.298143
14333,0000,1193,106,2024-12-29 23:59:50.314147
01697,0000,1193,106,2024-12-29 23:59:50.330131
02809,0001,1193,106,2024-12-29 23:59:50.346138
01105,0000,1192,106,2024-12-29 23:59:50.377925
02830,0000,1192,106,2024-12-29 23:59:50.394126
00955,0000,1193,106,2024-12-29 23:59:50.410112
24359,0000,1193,106,2024-12-29 23:59:50.426117
14011,0000,1193,106,2024-12-29 23:59:50.442116
28084,0000,1193,106,2024-12-29 23:59:50.458106
22278,0000,1192,106,2024-12-29 23:59:50.474115
10811,0000,1193,106,2024-12-29 23:59:50.490108
03333,0000,1193,106,2024-12-29 23:59:50.506097
24952,0001,1193,106,2024-12-29 23:59:50.537571
07089,0000,1193,106,2024-12-29 23:59:50.554092
21773,0000,1193,106,2024-12-29 23:59:50.570081
50880,0000,1193,106,2024-12-29 23:59:50.586083
09938,0000,1193,106,2024-12-29 23:59:50.602081
01824,0000,1192,106,2024-12-29 23:59:50.618082
18318,0000,1192,106,2024-12-29 23:59:50.634075
00983,0000,1193,106,2024-12-29 23:59:50.650063
34604,0000,1193,106,2024-12-29 23:59:50.666068
03761,0000,1192,106,2024-12-29 23:59:50.682068
27489,0000,1193,106,2024-12-29 23:59:50.713946
18551,0000,1192,106,2024-12-29 23:59:50.730063
07040,0000,1193,106,2024-12-29 23:59:50.746059
12460,0000,1193,106,2024-12-29 23:59:50.762045
29247,0000,1193,106,2024-12-29 23:59:50.778045
26871,0000,1193,106,2024-12-29 23:59:50.794039
44670,0000,1193,106,2024-12-29 23:59:50.810045
10085,0000,1193,106,2024-12-29 23:59:50.826039
00881,0000,1193,106,2024-12-29 23:59:50.842036
17554,0000,1193,106,2024-12-29 23:59:50.873607
44941,0000,1193,106,2024-12-29 23:59:50.890020
03726,0000,1193,106,2024-12-29 23:59:50.906022
35715,0000,1192,106,2024-12-29 23:59:50.922013
03073,0000,1192,106,2024-12-29 23:59:50.938022
40371,0000,1193,106,2024-12-29 23:59:50.954010
16590,0000,1193,106,2024-12-29 23:59:50.970008
07318,0000,1193,106,2024-12-29 23:59:50.985996
24655,0000,1193,106,2024-12-29 23:59:51.001996
05400,0000,1193,106,2024-12-29 23:59:51.017991
05391,0000,1192,106,2024-12-29 23:59:51.049988
08637,0000,1193,106,2024-12-29 23:59:51.065989
08356,0000,1193,106,2024-12-29 23:59:51.081980
04628,0000,1193,106,2024-12-29 23:59:51.097983
12340,0000,1192,106,2024-12-29 23:59:51.113984
36094,0000,1193,106,2024-12-29 23:59:51.129985
01469,0000,1193,106,2024-12-29 23:59:51.145986
04553,0000,1193,106,2024-12-29 23:59:51.161964
03124,0000,1193,106,2024-12-29 23:59:51.177969
03779,0001,1193,106,2024-12-29 23:59:51.209609
13347,0000,1193,106,2024-12-29 23:59:51.225949
19998,0000,1193,106,2024-12-29 23:59:51.241962
60689,0001,1193,106,2024-12-29 23:59:51.257956
55135,0000,1193,106,2024-12-29 23:59:51.273956
05416,0000,1193,106,2024-12-29 23:59:51.289944
03424,0000,1192,106,2024-12-29 23:59:51.305938
58414,0000,1193,106,2024-12-29 23:59:51.321937
46199,0000,1192,106,2024-12-29 23:59:51.337927
28636,0000,1193,106,2024-12-29 23:59:51.369253
33035,0001,1193,106,2024-12-29 23:59:51.385926
03823,0000,1193,106,2024-12-29 23:59:51.401924
08957,0000,1193,106,2024-12-29 23:59:51.417923
03847,0000,1193,106,2024-12-29 23:59:51.433917
27870,0000,1193,106,2024-12-29 23:59:51.449922
14824,0000,1193,106,2024-12-29 23:59:51.465914
19569,0000,1193,106,2024-12-29 23:59:51.481910
04679,0000,1193,106,2024-12-29 23:59:51.497911
60774,0000,1193,106,2024-12-29 23:59:51.513909
04403,0000,1193,106,2024-12-29 23:59:51.545661
03762,0000,1193,106,2024-12-29 23:59:51.561897
01793,0000,1193,106,2024-12-29 23:59:51.577885
47172,0000,1193,106,2024-12-29 23:59:51.593884
59398,0000,1193,106,2024-12-29 23:59:51.609892
28770,0000,1193,106,2024-12-29 23:59:51.625881
21122,0000,1193,106,2024-12-29 23:59:51.641889
21642,0000,1193,106,2024-12-29 23:59:51.657885
21060,0000,1193,106,2024-12-29 23:59:51.673870
24426,0000,1193,106,2024-12-29 23:59:51.705285
00026,0000,1193,106,2024-12-29 23:59:51.721862
41675,0000,1193,106,2024-12-29 23:59:51.737864
51494,0000,1193,106,2024-12-29 23:59:51.753856
05413,0000,1193,106,2024-12-29 23:59:51.769845
34647,0000,1193,106,2024-12-29 23:59:51.785848
00571,0000,1193,106,2024-12-29 23:59:51.801845
43365,0000,1193,106,2024-12-29 23:59:51.817847
00427,0000,1193,106,2024-12-29 23:59:51.833843
02300,0000,1193,106,2024-12-29 23:59:51.849845
40792,0000,1193,106,2024-12-29 23:59:51.881672
22249,0000,1193,106,2024-12-29 23:59:51.897823
28917,0000,1193,106,2024-12-29 23:59:51.913825
05589,0000,1193,106,2024-12-29 23:59:51.929825
30656,0000,1193,106,2024-12-29 23:59:51.945827
04534,0000,1193,106,2024-12-29 23:59:51.961834
03122,0000,1192,106,2024-12-29 23:59:51.977834
01512,0000,1193,106,2024-12-29 23:59:51.993839
10551,0000,1193,106,2024-12-29 23:59:52.009836
48220,0000,1193,106,2024-12-29 23:59:52.041336
01317,0000,1193,106,2024-12-29 23:59:52.057844
05229,0000,1193,106,2024-12-29 23:59:52.073845
15728,0000,1193,106,2024-12-29 23:59:52.089844
02402,0000,1193,106,2024-12-29 23:59:52.105852
17651,0000,1193,106,2024-12-29 23:59:52.121850
00183,0000,1193,106,2024-12-29 23:59:52.137781
02867,0000,1193,106,2024-12-29 23:59:52.153774
27526,0000,1193,106,2024-12-29 23:59:52.169777
02932,0000,1193,106,2024-12-29 23:59:52.185770
27983,0000,1193,106,2024-12-29 23:59:52.217689
09885,0000,1193,106,2024-12-29 23:59:52.233769
45367,0000,1193,106,2024-12-29 23:59:52.249766
37876,0000,1193,106,2024-12-29 23:59:52.265753
52200,0001,1193,106,2024-12-29 23:59:52.281751
23245,0000,1193,106,2024-12-29 23:59:52.297749
61576,0000,1193,106,2024-12-29 23:59:52.313766
02696,0000,1193,106,2024-12-29 23:59:52.329744
06523,0000,1193,106,2024-12-29 23:59:52.345741
11003,0000,1193,106,2024-12-29 23:59:52.377332
02157,0000,1193,106,2024-12-29 23:59:52.393729
40938,0000,1193,106,2024-12-29 23:59:52.409726
04843,0000,1193,106,2024-12-29 23:59:52.425724
22377,0000,1193,106,2024-12-29 23:59:52.441729
44050,0000,1193,106,2024-12-29 23:59:52.457718
01489,0000,1193,106,2024-12-29 23:59:52.473713
05393,0000,1193,106,2024-12-29 23:59:52.489708
13730,0000,1193,106,2024-12-29 23:59:52.505717
02198,0000,1193,106,2024-12-29 23:59:52.521709
07535,0000,1193,106,2024-12-29 23:59:52.553700
03392,0000,1193,106,2024-12-29 23:59:52.569696
35532,0000,1193,106,2024-12-29 23:59:52.585699
16925,0000,1193,106,2024-12-29 23:59:52.601687
20598,0000,1193,106,2024-12-29 23:59:52.617691
08354,0000,1193,106,2024-12-29 23:59:52.633681
11510,0000,1193,106,2024-12-29 23:59:52.649682
03855,0000,1193,106,2024-12-29 23:59:52.665679
19896,0000,1193,106,2024-12-29 23:59:52.681683
05620,0000,1193,106,2024-12-29 23:59:52.713362
32386,0000,1193,106,2024-12-29 23:59:52.729666
08368,0000,1193,106,2024-12-29 23:59:52.745662
12403,0000,1193,106,2024-12-29 23:59:52.761663
23124,0000,1193,106,2024-12-29 23:59:52.777655
03570,0000,1193,106,2024-12-29 23:59:52.793654
11594,0000,1193,106,2024-12-29 23:59:52.809653
00306,0000,1193,106,2024-12-29 23:59:52.825654
05281,0000,1193,106,2024-12-29 23:59:52.841644
10122,0000,1193,106,2024-12-29 23:59:52.873005
05435,0000,1193,106,2024-12-29 23:59:52.889636
05728,0000,1193,106,2024-12-29 23:59:52.905622
02837,0001,1193,106,2024-12-29 23:59:52.921631
04542,0000,1193,106,2024-12-29 23:59:52.937619
26357,0000,1193,106,2024-12-29 23:59:52.953625
06100,0000,1193,106,2024-12-29 23:59:52.969615
18646,0000,1193,106,2024-12-29 23:59:52.985614
01378,0000,1194,106,2024-12-29 23:59:53.001608
01398,0000,1193,106,2024-12-29 23:59:53.017606
53456,0001,1193,106,2024-12-29 23:59:53.049388
02069,0000,1193,106,2024-12-29 23:59:53.065600
03002,0001,1193,106,2024-12-29 23:59:53.081598
00596,0000,1193,106,2024-12-29 23:59:53.097605
04676,0000,1193,106,2024-12-29 23:59:53.113580
10782,0000,1193,106,2024-12-29 23:59:53.129585
29612,0000,1193,106,2024-12-29 23:59:53.145576
09128,0000,1193,106,2024-12-29 23:59:53.161581
42596,0000,1193,106,2024-12-29 23:59:53.177573
03097,0000,1193,106,2024-12-29 23:59:53.209024
04397,0000,1193,106,2024-12-29 23:59:53.225562
01483,0000,1193,106,2024-12-29 23:59:53.241574
42587,0000,1193,106,2024-12-29 23:59:53.257579
04628,0000,1193,106,2024-12-29 23:59:53.273559
02924,0000,1193,106,2024-12-29 23:59:53.289547
30710,0000,1193,106,2024-12-29 23:59:53.305566
02974,0000,1193,106,2024-12-29 23:59:53.321550
34396,0000,1193,106,2024-12-29 23:59:53.337548
28739,0000,1194,106,2024-12-29 23:59:53.353539
42447,0000,1193,106,2024-12-29 23:59:53.385405
19492,0000,1193,106,2024-12-29 23:59:53.401536
03618,0000,1193,106,2024-12-29 23:59:53.417532
28824,0000,1193,106,2024-12-29 23:59:53.433528
03774,0000,1193,106,2024-12-29 23:59:53.449525
19461,0000,1193,106,2024-12-29 23:59:53.465516
02817,0000,1193,106,2024-12-29 23:59:53.481523
05462,0000,1193,106,2024-12-29 23:59:53.497527
44902,0000,1193,106,2024-12-29 23:59:53.513514
19416,0000,1193,106,2024-12-29 23:59:53.545070
23708,0000,1193,106,2024-12-29 23:59:53.561498
35292,0000,1193,106,2024-12-29 23:59:53.577498
03558,0000,1193,106,2024-12-29 23:59:53.593495
20085,0000,1193,106,2024-12-29 23:59:53.609497
05447,0000,1193,106,2024-12-29 23:59:53.625493
38532,0000,1193,106,2024-12-29 23:59:53.641495
02144,0000,1193,106,2024-12-29 23:59:53.657491
27193,0001,1193,106,2024-12-29 23:59:53.673489
50618,0000,1193,106,2024-12-29 23:59:53.689481
00633,0000,1193,106,2024-12-29 23:59:53.721432
06842,0000,1193,106,2024-12-29 23:59:53.737467
31706,0000,1194,106,2024-12-29 23:59:53.753468
28537,0000,1194,106,2024-12-29 23:59:53.769458
04843,0000,1193,106,2024-12-29 23:59:53.785455
13823,0000,1193,106,2024-12-29 23:59:53.801452
14687,0000,1193,106,2024-12-29 23:59:53.817453
02940,0000,1193,106,2024-12-29 23:59:53.833447
00979,0000,1193,106,2024-12-29 23:59:53.849449
03981,0000,1193,106,2024-12-29 23:59:53.881066
03917,0000,1193,106,2024-12-29 23:59:53.897432
41532,0000,1193,106,2024-12-29 23:59:53.913433
04782,0000,1194,106,2024-12-29 23:59:53.929429
01454,0000,1193,106,2024-12-29 23:59:53.945422
55084,0000,1194,106,2024-12-29 23:59:53.961424
56742,0000,1193,106,2024-12-29 23:59:53.977426
09012,0000,1193,106,2024-12-29 23:59:53.993420
04598,0000,1193,106,2024-12-29 23:59:54.009410
01449,0000,1194,106,2024-12-29 23:59:54.040721
02950,0000,1194,106,2024-12-29 23:59:54.057402
33712,0001,1193,106,2024-12-29 23:59:54.073397
04635,0000,1193,106,2024-12-29 23:59:54.089406
10535,0000,1193,106,2024-12-29 23:59:54.105389
34657,0000,1193,106,2024-12-29 23:59:54.121392
04520,0000,1193,106,2024-12-29 23:59:54.137394
58542,0000,1193,106,2024-12-29 23:59:54.153389
30597,0000,1193,106,2024-12-29 23:59:54.169382
45455,0000,1193,106,2024-12-29 23:59:54.185382
03678,0001,1194,106,2024-12-29 23:59:54.217106
03883,0000,1193,106,2024-12-29 23:59:54.233364
01831,0000,1193,106,2024-12-29 23:59:54.249391
04673,0000,1193,106,2024-12-29 23:59:54.265370
19158,0000,1194,106,2024-12-29 23:59:54.281367
05332,0000,1193,106,2024-12-29 23:59:54.297360
24641,0000,1193,106,2024-12-29 23:59:54.313353
12751,0000,1193,106,2024-12-29 23:59:54.329351
19673,0000,1193,106,2024-12-29 23:59:54.345347
21049,0000,1193,106,2024-12-29 23:59:54.376743
03637,0000,1193,106,2024-12-29 23:59:54.393346
03096,0000,1193,106,2024-12-29 23:59:54.409351
55035,0000,1194,106,2024-12-29 23:59:54.425353
05343,0000,1193,106,2024-12-29 23:59:54.441339
00717,0000,1193,106,2024-12-29 23:59:54.457330
04556,0000,1193,106,2024-12-29 23:59:54.473324
02688,0000,1194,106,2024-12-29 23:59:54.489311
00596,0000,1193,106,2024-12-29 23:59:54.505314
04631,0000,1194,106,2024-12-29 23:59:54.521310
00653,0000,1193,106,2024-12-29 23:59:54.553126
03797,0000,1193,106,2024-12-29 23:59:54.569314
12347,0001,1193,106,2024-12-29 23:59:54.585307
08383,0001,1194,106,2024-12-29 23:59:54.601304
01080,0000,1193,106,2024-12-29 23:59:54.617300
03831,0000,1193,106,2024-12-29 23:59:54.633298
03480,0000,1193,106,2024-12-29 23:59:54.649295
33849,0000,1193,106,2024-12-29 23:59:54.665302
10504,0000,1194,106,2024-12-29 23:59:54.681291
21564,0000,1194,106,2024-12-29 23:59:54.712772
03196,0000,1193,106,2024-12-29 23:59:54.729281
01635,0000,1193,106,2024-12-29 23:59:54.745276
54297,0000,1193,106,2024-12-29 23:59:54.761272
10854,0000,1194,106,2024-12-29 23:59:54.777274
23279,0000,1194,106,2024-12-29 23:59:54.793273
15468,0000,1193,106,2024-12-29 23:59:54.809261
61651,0000,1193,106,2024-12-29 23:59:54.825257
56825,0000,1194,106,2024-12-29 23:59:54.841255
54995,0000,1194,106,2024-12-29 23:59:54.857251
13506,0000,1193,106,2024-12-29 23:59:54.889146
10019,0000,1193,106,2024-12-29 23:59:54.905243
04839,0000,1193,106,2024-12-29 23:59:54.921236
15489,0000,1193,106,2024-12-29 23:59:54.937235
04276,0000,1193,106,2024-12-29 23:59:54.953228
01899,0000,1193,106,2024-12-29 23:59:54.969232
46248,0000,1194,106,2024-12-29 23:59:54.985225
01536,0000,1193,106,2024-12-29 23:59:55.001224
00749,0000,1193,106,2024-12-29 23:59:55.017216
30836,0000,1193,106,2024-12-29 23:59:55.048794
04618,0000,1193,106,2024-12-29 23:59:55.065227
11733,0000,1193,106,2024-12-29 23:59:55.081222
23731,0000,1194,106,2024-12-29 23:59:55.097220
