DIST,AMP,TEMP,VOLT,Timestamp
-0004,2273,1214,106,2024-12-30 07:46:10.155273
05458,0960,1215,106,2024-12-30 07:46:10.183757
19344,0000,1214,106,2024-12-30 07:46:10.199983
31158,0000,1215,106,2024-12-30 07:46:10.215959
44044,0000,1215,106,2024-12-30 07:46:10.231946
03060,0000,1215,106,2024-12-30 07:46:10.248117
14070,0000,1215,106,2024-12-30 07:46:10.264559
03906,0000,1214,106,2024-12-30 07:46:10.280048
37005,0001,1215,106,2024-12-30 07:46:10.296000
35611,0000,1215,106,2024-12-30 07:46:10.311951
09267,0000,1215,106,2024-12-30 07:46:10.327940
05393,0000,1215,106,2024-12-30 07:46:10.359925
33944,0000,1214,106,2024-12-30 07:46:10.375919
03085,0000,1215,106,2024-12-30 07:46:10.391919
05466,0000,1214,106,2024-12-30 07:46:10.407913
04644,0001,1214,106,2024-12-30 07:46:10.423913
23603,0000,1215,106,2024-12-30 07:46:10.439907
06232,0000,1214,106,2024-12-30 07:46:10.455909
27870,0000,1215,106,2024-12-30 07:46:10.471896
34092,0000,1215,106,2024-12-30 07:46:10.487906
21818,0000,1214,106,2024-12-30 07:46:10.519580
09447,0000,1214,106,2024-12-30 07:46:10.535886
11058,0001,1214,106,2024-12-30 07:46:10.551890
04679,0000,1214,106,2024-12-30 07:46:10.567886
08520,0000,1215,106,2024-12-30 07:46:10.583882
15531,0000,1214,106,2024-12-30 07:46:10.599870
41618,0000,1215,106,2024-12-30 07:46:10.615879
13998,0000,1214,106,2024-12-30 07:46:10.631870
24951,0000,1214,106,2024-12-30 07:46:10.647872
61519,0000,1215,106,2024-12-30 07:46:10.679217
07521,0000,1215,106,2024-12-30 07:46:10.695858
05599,0000,1214,106,2024-12-30 07:46:10.711858
62433,0000,1214,106,2024-12-30 07:46:10.727864
45741,0000,1214,106,2024-12-30 07:46:10.743863
10966,0000,1214,106,2024-12-30 07:46:10.759857
13403,0000,1215,106,2024-12-30 07:46:10.775847
39013,0001,1214,106,2024-12-30 07:46:10.791846
14017,0000,1214,106,2024-12-30 07:46:10.807831
25540,0000,1214,106,2024-12-30 07:46:10.823830
05510,0000,1214,106,2024-12-30 07:46:10.855601
61084,0000,1215,106,2024-12-30 07:46:10.871824
58612,0000,1215,106,2024-12-30 07:46:10.887824
04540,0000,1215,106,2024-12-30 07:46:10.903816
36326,0000,1214,106,2024-12-30 07:46:10.919819
05527,0000,1215,106,2024-12-30 07:46:10.935810
25713,0000,1215,106,2024-12-30 07:46:10.951813
17366,0001,1214,106,2024-12-30 07:46:10.967803
47558,0001,1214,106,2024-12-30 07:46:10.983808
54273,0000,1214,106,2024-12-30 07:46:11.015249
23354,0000,1214,106,2024-12-30 07:46:11.031788
14647,0000,1214,106,2024-12-30 07:46:11.047792
17624,0000,1214,106,2024-12-30 07:46:11.063791
02017,0000,1214,106,2024-12-30 07:46:11.079777
10121,0001,1215,106,2024-12-30 07:46:11.095790
01825,0000,1215,106,2024-12-30 07:46:11.111785
21148,0000,1214,106,2024-12-30 07:46:11.127784
03811,0000,1214,106,2024-12-30 07:46:11.143761
09390,0000,1214,106,2024-12-30 07:46:11.159768
04750,0001,1214,106,2024-12-30 07:46:11.191638
05461,0000,1214,106,2024-12-30 07:46:11.207754
01944,0000,1214,106,2024-12-30 07:46:11.223752
62373,0000,1214,106,2024-12-30 07:46:11.239770
44977,0001,1215,106,2024-12-30 07:46:11.255761
03972,0000,1215,106,2024-12-30 07:46:11.271740
21138,0000,1214,106,2024-12-30 07:46:11.287739
24182,0000,1214,106,2024-12-30 07:46:11.303734
04405,0000,1214,106,2024-12-30 07:46:11.319734
01091,0000,1215,106,2024-12-30 07:46:11.351270
17879,0000,1214,106,2024-12-30 07:46:11.367725
02863,0000,1215,106,2024-12-30 07:46:11.383722
17434,0000,1214,106,2024-12-30 07:46:11.399720
02334,0000,1214,106,2024-12-30 07:46:11.415717
39849,0000,1214,106,2024-12-30 07:46:11.431732
63262,0000,1214,106,2024-12-30 07:46:11.447718
56000,0001,1214,106,2024-12-30 07:46:11.463708
09439,0000,1214,106,2024-12-30 07:46:11.479706
33979,0000,1214,106,2024-12-30 07:46:11.495706
07062,0001,1214,106,2024-12-30 07:46:11.527671
04652,0000,1214,106,2024-12-30 07:46:11.543694
50063,0000,1214,106,2024-12-30 07:46:11.559692
61111,0001,1214,106,2024-12-30 07:46:11.575689
00719,0000,1214,106,2024-12-30 07:46:11.591688
05383,0000,1214,106,2024-12-30 07:46:11.607675
04746,0000,1214,106,2024-12-30 07:46:11.623682
44749,0000,1214,106,2024-12-30 07:46:11.639679
04701,0000,1214,106,2024-12-30 07:46:11.655682
04416,0000,1214,106,2024-12-30 07:46:11.687299
24324,0000,1214,106,2024-12-30 07:46:11.703662
15604,0000,1214,106,2024-12-30 07:46:11.719662
66186,0001,1214,106,2024-12-30 07:46:11.735661
04549,0000,1214,106,2024-12-30 07:46:11.751678
00730,0000,1214,106,2024-12-30 07:46:11.767653
03749,0000,1214,106,2024-12-30 07:46:11.783655
44826,0000,1214,106,2024-12-30 07:46:11.799644
10066,0000,1214,106,2024-12-30 07:46:11.815644
04508,0000,1214,106,2024-12-30 07:46:11.831641
15471,0000,1214,106,2024-12-30 07:46:11.863641
27025,0000,1214,106,2024-12-30 07:46:11.879628
04477,0001,1214,106,2024-12-30 07:46:11.895631
65933,0000,1214,106,2024-12-30 07:46:11.911627
50561,0000,1214,106,2024-12-30 07:46:11.927639
05429,0000,1214,106,2024-12-30 07:46:11.943635
20342,0000,1214,106,2024-12-30 07:46:11.959640
00903,0000,1214,106,2024-12-30 07:46:11.975645
53887,0000,1214,106,2024-12-30 07:46:11.991647
40733,0000,1214,106,2024-12-30 07:46:12.023361
50775,0000,1214,106,2024-12-30 07:46:12.039642
04588,0001,1214,106,2024-12-30 07:46:12.055644
63604,0000,1214,106,2024-12-30 07:46:12.071653
04625,0000,1214,106,2024-12-30 07:46:12.087651
59844,0000,1214,106,2024-12-30 07:46:12.103651
02887,0000,1214,106,2024-12-30 07:46:12.119587
05014,0000,1214,106,2024-12-30 07:46:12.135586
04637,0000,1214,106,2024-12-30 07:46:12.151578
14341,0000,1214,106,2024-12-30 07:46:12.182961
12197,0000,1214,106,2024-12-30 07:46:12.199576
65770,0000,1214,106,2024-12-30 07:46:12.215566
15636,0000,1214,106,2024-12-30 07:46:12.231566
26008,0000,1214,106,2024-12-30 07:46:12.247574
14685,0000,1214,106,2024-12-30 07:46:12.263554
21120,0000,1214,106,2024-12-30 07:46:12.279558
40241,0000,1214,106,2024-12-30 07:46:12.295558
23901,0000,1214,106,2024-12-30 07:46:12.311574
00135,0000,1214,106,2024-12-30 07:46:12.327542
15608,0000,1214,106,2024-12-30 07:46:12.359342
03895,0000,1214,106,2024-12-30 07:46:12.375543
00025,0000,1214,106,2024-12-30 07:46:12.391542
55074,0000,1214,106,2024-12-30 07:46:12.407533
62572,0000,1214,106,2024-12-30 07:46:12.423537
03841,0000,1214,106,2024-12-30 07:46:12.439535
23264,0000,1214,106,2024-12-30 07:46:12.455526
00698,0000,1214,106,2024-12-30 07:46:12.471517
01772,0000,1214,106,2024-12-30 07:46:12.487516
01494,0000,1214,106,2024-12-30 07:46:12.518983
11009,0000,1214,106,2024-12-30 07:46:12.535508
01118,0000,1214,106,2024-12-30 07:46:12.551506
58512,0000,1214,106,2024-12-30 07:46:12.567494
64136,0000,1214,106,2024-12-30 07:46:12.583501
03886,0000,1214,106,2024-12-30 07:46:12.599489
55118,0000,1214,106,2024-12-30 07:46:12.615499
36336,0000,1214,106,2024-12-30 07:46:12.631491
17414,0000,1214,106,2024-12-30 07:46:12.647489
23001,0001,1214,106,2024-12-30 07:46:12.663477
03478,0000,1214,106,2024-12-30 07:46:12.695386
10975,0000,1214,106,2024-12-30 07:46:12.711462
04595,0000,1214,106,2024-12-30 07:46:12.727468
07538,0000,1214,106,2024-12-30 07:46:12.743472
03853,0000,1214,106,2024-12-30 07:46:12.759463
05423,0000,1214,106,2024-12-30 07:46:12.775455
21094,0000,1214,106,2024-12-30 07:46:12.791454
58448,0001,1214,106,2024-12-30 07:46:12.807451
64116,0000,1214,106,2024-12-30 07:46:12.823457
25051,0000,1214,106,2024-12-30 07:46:12.855024
05459,0000,1214,106,2024-12-30 07:46:12.871439
58440,0000,1214,106,2024-12-30 07:46:12.887436
03776,0000,1214,106,2024-12-30 07:46:12.903430
43979,0000,1214,106,2024-12-30 07:46:12.919432
33024,0000,1214,106,2024-12-30 07:46:12.935424
64099,0000,1214,106,2024-12-30 07:46:12.951427
23176,0000,1214,106,2024-12-30 07:46:12.967419
50547,0000,1214,106,2024-12-30 07:46:12.983427
04730,0000,1214,106,2024-12-30 07:46:12.999418
03005,0000,1214,106,2024-12-30 07:46:13.031465
66142,0000,1214,106,2024-12-30 07:46:13.047436
00034,0001,1214,106,2024-12-30 07:46:13.063402
56843,0000,1214,106,2024-12-30 07:46:13.079400
58544,0000,1214,106,2024-12-30 07:46:13.095405
47523,0000,1214,106,2024-12-30 07:46:13.111390
01755,0001,1214,106,2024-12-30 07:46:13.127396
61058,0000,1214,106,2024-12-30 07:46:13.143383
54047,0000,1214,106,2024-12-30 07:46:13.159389
53452,0000,1214,106,2024-12-30 07:46:13.191053
04003,0000,1214,106,2024-12-30 07:46:13.207377
54770,0000,1214,106,2024-12-30 07:46:13.223379
19486,0000,1214,106,2024-12-30 07:46:13.239385
10910,0000,1214,106,2024-12-30 07:46:13.255373
03898,0000,1214,106,2024-12-30 07:46:13.271361
36839,0000,1214,106,2024-12-30 07:46:13.287370
53039,0000,1214,106,2024-12-30 07:46:13.303367
01893,0000,1214,106,2024-12-30 07:46:13.319360
29563,0001,1214,106,2024-12-30 07:46:13.350686
01547,0000,1214,106,2024-12-30 07:46:13.367345
08436,0000,1214,106,2024-12-30 07:46:13.383344
03068,0000,1214,106,2024-12-30 07:46:13.399337
53094,0000,1214,106,2024-12-30 07:46:13.415329
01997,0000,1214,106,2024-12-30 07:46:13.431339
10297,0001,1214,106,2024-12-30 07:46:13.447323
00840,0000,1214,106,2024-12-30 07:46:13.463323
02913,0000,1214,106,2024-12-30 07:46:13.479328
03822,0001,1214,106,2024-12-30 07:46:13.495330
04633,0000,1214,106,2024-12-30 07:46:13.527068
00109,0000,1213,106,2024-12-30 07:46:13.543308
-0002,0000,1214,106,2024-12-30 07:46:13.559311
16566,0000,1214,106,2024-12-30 07:46:13.575307
05455,0001,1214,106,2024-12-30 07:46:13.591301
05331,0000,1214,106,2024-12-30 07:46:13.607302
03863,0000,1214,106,2024-12-30 07:46:13.623287
28119,0000,1214,106,2024-12-30 07:46:13.639293
05340,0000,1214,106,2024-12-30 07:46:13.655283
64089,0000,1214,106,2024-12-30 07:46:13.686699
52206,0001,1214,106,2024-12-30 07:46:13.703283
29379,0000,1214,106,2024-12-30 07:46:13.719270
42351,0000,1214,106,2024-12-30 07:46:13.735276
03285,0001,1214,106,2024-12-30 07:46:13.751273
21912,0000,1214,106,2024-12-30 07:46:13.767269
00881,0000,1214,106,2024-12-30 07:46:13.783263
00836,0000,1214,106,2024-12-30 07:46:13.799259
00111,0000,1214,106,2024-12-30 07:46:13.815256
20267,0001,1214,106,2024-12-30 07:46:13.831257
64105,0000,1214,106,2024-12-30 07:46:13.863105
47504,0000,1214,106,2024-12-30 07:46:13.879261
33069,0000,1214,106,2024-12-30 07:46:13.895244
03832,0000,1214,106,2024-12-30 07:46:13.911239
25845,0000,1214,106,2024-12-30 07:46:13.927242
34554,0000,1214,106,2024-12-30 07:46:13.943237
04720,0000,1214,106,2024-12-30 07:46:13.959228
23205,0000,1214,106,2024-12-30 07:46:13.975229
56427,0000,1214,106,2024-12-30 07:46:13.991227
13241,0000,1214,106,2024-12-30 07:46:14.022738
03692,0000,1213,106,2024-12-30 07:46:14.039221
04531,0000,1214,106,2024-12-30 07:46:14.055207
10895,0000,1214,106,2024-12-30 07:46:14.071211
14441,0000,1214,106,2024-12-30 07:46:14.087204
05482,0000,1214,106,2024-12-30 07:46:14.103198
45477,0001,1214,106,2024-12-30 07:46:14.119200
05414,0000,1214,106,2024-12-30 07:46:14.135200
06297,0000,1214,106,2024-12-30 07:46:14.151187
01577,0000,1214,106,2024-12-30 07:46:14.167191
52220,0000,1214,106,2024-12-30 07:46:14.199109
-0017,0000,1213,106,2024-12-30 07:46:14.215182
01578,0000,1214,106,2024-12-30 07:46:14.231170
37764,0000,1214,106,2024-12-30 07:46:14.247196
05492,0001,1214,106,2024-12-30 07:46:14.263178
05456,0000,1214,106,2024-12-30 07:46:14.279181
08386,0000,1213,106,2024-12-30 07:46:14.295161
01556,0000,1214,106,2024-12-30 07:46:14.311164
25768,0000,1214,106,2024-12-30 07:46:14.327159
04561,0000,1214,106,2024-12-30 07:46:14.358746
03977,0000,1213,106,2024-12-30 07:46:14.375152
60258,0000,1214,106,2024-12-30 07:46:14.391160
03583,0000,1214,106,2024-12-30 07:46:14.407146
04905,0000,1214,106,2024-12-30 07:46:14.423145
09072,0000,1214,106,2024-12-30 07:46:14.439157
01172,0000,1213,106,2024-12-30 07:46:14.455136
44941,0000,1213,106,2024-12-30 07:46:14.471134
00911,0000,1214,106,2024-12-30 07:46:14.487137
01860,0000,1214,106,2024-12-30 07:46:14.503138
04701,0000,1214,106,2024-12-30 07:46:14.535121
26460,0000,1214,106,2024-12-30 07:46:14.551120
33226,0000,1214,106,2024-12-30 07:46:14.567114
03106,0000,1214,106,2024-12-30 07:46:14.583121
04627,0000,1214,106,2024-12-30 07:46:14.599106
07722,0000,1214,106,2024-12-30 07:46:14.615109
02267,0000,1214,106,2024-12-30 07:46:14.631111
04527,0000,1214,106,2024-12-30 07:46:14.647105
20895,0000,1214,106,2024-12-30 07:46:14.663105
45384,0000,1213,106,2024-12-30 07:46:14.694798
04864,0000,1214,106,2024-12-30 07:46:14.711098
63432,0000,1214,106,2024-12-30 07:46:14.727093
50904,0001,1214,106,2024-12-30 07:46:14.743098
20195,0000,1214,106,2024-12-30 07:46:14.759090
00867,0000,1214,106,2024-12-30 07:46:14.775086
25009,0000,1214,106,2024-12-30 07:46:14.791087
45634,0000,1214,106,2024-12-30 07:46:14.807077
35573,0000,1214,106,2024-12-30 07:46:14.823081
58278,0000,1214,106,2024-12-30 07:46:14.854424
21003,0000,1214,106,2024-12-30 07:46:14.871064
10946,0000,1214,106,2024-12-30 07:46:14.887064
18559,0000,1214,106,2024-12-30 07:46:14.903066
00117,0000,1214,106,2024-12-30 07:46:14.919051
04534,0000,1214,106,2024-12-30 07:46:14.935049
03007,0000,1214,106,2024-12-30 07:46:14.951048
23787,0000,1214,106,2024-12-30 07:46:14.967041
31616,0000,1214,106,2024-12-30 07:46:14.983051
02734,0000,1213,106,2024-12-30 07:46:14.999039
44933,0000,1213,106,2024-12-30 07:46:15.030838
29176,0000,1214,106,2024-12-30 07:46:15.047036
14864,0000,1214,106,2024-12-30 07:46:15.063033
01436,0000,1214,106,2024-12-30 07:46:15.079031
01105,0000,1214,106,2024-12-30 07:46:15.095038
04711,0000,1214,106,2024-12-30 07:46:15.111041
05490,0000,1214,106,2024-12-30 07:46:15.127037
56510,0000,1214,106,2024-12-30 07:46:15.143046
00926,0000,1214,106,2024-12-30 07:46:15.159046
03247,0000,1214,106,2024-12-30 07:46:15.190488
04602,0001,1214,106,2024-12-30 07:46:15.207048
15398,0000,1214,106,2024-12-30 07:46:15.223051
26584,0000,1213,106,2024-12-30 07:46:15.239063
00571,0000,1214,106,2024-12-30 07:46:15.255055
03822,0000,1214,106,2024-12-30 07:46:15.270984
01830,0000,1213,106,2024-12-30 07:46:15.286987
09995,0000,1214,106,2024-12-30 07:46:15.302983
03833,0000,1213,106,2024-12-30 07:46:15.318981
00877,0000,1214,106,2024-12-30 07:46:15.334974
02141,0000,1214,106,2024-12-30 07:46:15.366869
26292,0000,1214,106,2024-12-30 07:46:15.382962
14177,0000,1214,106,2024-12-30 07:46:15.398963
14805,0000,1214,106,2024-12-30 07:46:15.414964
26545,0000,1213,106,2024-12-30 07:46:15.430957
01489,0000,1214,106,2024-12-30 07:46:15.446964
10057,0001,1214,106,2024-12-30 07:46:15.462962
50474,0000,1214,106,2024-12-30 07:46:15.478945
05492,0000,1214,106,2024-12-30 07:46:15.494947
31408,0000,1213,106,2024-12-30 07:46:15.526507
01835,0001,1213,106,2024-12-30 07:46:15.542936
62419,0000,1214,106,2024-12-30 07:46:15.558932
04590,0000,1214,106,2024-12-30 07:46:15.574935
04469,0000,1214,106,2024-12-30 07:46:15.590919
16342,0000,1213,106,2024-12-30 07:46:15.606919
13884,0000,1214,106,2024-12-30 07:46:15.622912
24114,0000,1214,106,2024-12-30 07:46:15.638919
01754,0000,1214,106,2024-12-30 07:46:15.654910
43268,0000,1214,106,2024-12-30 07:46:15.670907
07872,0000,1214,106,2024-12-30 07:46:15.702888
43232,0000,1214,106,2024-12-30 07:46:15.718904
02735,0000,1213,106,2024-12-30 07:46:15.734900
10299,0000,1213,106,2024-12-30 07:46:15.750896
03657,0000,1214,106,2024-12-30 07:46:15.766895
28455,0000,1214,106,2024-12-30 07:46:15.782887
03203,0000,1214,106,2024-12-30 07:46:15.798888
27824,0000,1214,106,2024-12-30 07:46:15.814880
01537,0000,1214,106,2024-12-30 07:46:15.830883
20994,0000,1214,106,2024-12-30 07:46:15.862517
20214,0001,1214,106,2024-12-30 07:46:15.878868
05441,0000,1214,106,2024-12-30 07:46:15.894861
02527,0000,1214,106,2024-12-30 07:46:15.910864
04616,0000,1213,106,2024-12-30 07:46:15.926854
01122,0000,1214,106,2024-12-30 07:46:15.942853
06224,0000,1214,106,2024-12-30 07:46:15.958854
49177,0000,1214,106,2024-12-30 07:46:15.974855
02287,0000,1214,106,2024-12-30 07:46:15.990840
33926,0000,1214,106,2024-12-30 07:46:16.022143
24799,0000,1214,106,2024-12-30 07:46:16.038836
05438,0000,1214,106,2024-12-30 07:46:16.054828
02330,0000,1213,106,2024-12-30 07:46:16.070836
02495,0000,1214,106,2024-12-30 07:46:16.086824
04701,0000,1214,106,2024-12-30 07:46:16.102826
08354,0000,1213,106,2024-12-30 07:46:16.118817
14723,0001,1214,106,2024-12-30 07:46:16.134823
03811,0000,1213,106,2024-12-30 07:46:16.150808
08512,0000,1214,106,2024-12-30 07:46:16.166806
26401,0000,1214,106,2024-12-30 07:46:16.198544
38660,0001,1214,106,2024-12-30 07:46:16.214807
30154,0000,1214,106,2024-12-30 07:46:16.230802
04584,0000,1214,106,2024-12-30 07:46:16.246818
24109,0000,1214,106,2024-12-30 07:46:16.262793
18777,0000,1214,106,2024-12-30 07:46:16.278790
23305,0000,1214,106,2024-12-30 07:46:16.294790
64393,0000,1214,106,2024-12-30 07:46:16.310789
24211,0000,1214,106,2024-12-30 07:46:16.326779
05326,0000,1214,106,2024-12-30 07:46:16.358170
02832,0000,1214,106,2024-12-30 07:46:16.374769
05483,0001,1214,106,2024-12-30 07:46:16.390767
04715,0000,1213,106,2024-12-30 07:46:16.406762
40647,0000,1214,106,2024-12-30 07:46:16.422769
00038,0000,1213,106,2024-12-30 07:46:16.438758
09522,0000,1214,106,2024-12-30 07:46:16.454759
00559,0000,1214,106,2024-12-30 07:46:16.470751
02247,0000,1213,106,2024-12-30 07:46:16.486752
03082,0000,1214,106,2024-12-30 07:46:16.502743
03592,0000,1214,106,2024-12-30 07:46:16.534560
04082,0000,1214,106,2024-12-30 07:46:16.550743
36935,0001,1214,106,2024-12-30 07:46:16.566730
09323,0000,1214,106,2024-12-30 07:46:16.582736
10081,0000,1214,106,2024-12-30 07:46:16.598730
04896,0000,1213,106,2024-12-30 07:46:16.614729
03882,0001,1214,106,2024-12-30 07:46:16.630739
04659,0000,1214,106,2024-12-30 07:46:16.646717
49624,0001,1213,106,2024-12-30 07:46:16.662711
02887,0000,1214,106,2024-12-30 07:46:16.694197
60205,0000,1214,106,2024-12-30 07:46:16.710700
03796,0000,1214,106,2024-12-30 07:46:16.726706
05477,0000,1214,106,2024-12-30 07:46:16.742703
61610,0000,1213,106,2024-12-30 07:46:16.758704
13928,0000,1214,106,2024-12-30 07:46:16.774692
10239,0000,1214,106,2024-12-30 07:46:16.790693
52176,0000,1213,106,2024-12-30 07:46:16.806684
23141,0000,1213,106,2024-12-30 07:46:16.822690
52218,0000,1214,106,2024-12-30 07:46:16.838687
03123,0000,1214,106,2024-12-30 07:46:16.870611
04543,0001,1214,106,2024-12-30 07:46:16.886674
50607,0000,1214,106,2024-12-30 07:46:16.902672
02429,0000,1214,106,2024-12-30 07:46:16.918674
06166,0000,1214,106,2024-12-30 07:46:16.934663
54224,0000,1214,106,2024-12-30 07:46:16.950665
01006,0000,1214,106,2024-12-30 07:46:16.966658
63307,0000,1214,106,2024-12-30 07:46:16.982660
52529,0000,1214,106,2024-12-30 07:46:16.998649
12386,0000,1213,106,2024-12-30 07:46:17.030222
04559,0000,1214,106,2024-12-30 07:46:17.046643
04698,0000,1214,106,2024-12-30 07:46:17.062646
12604,0000,1213,106,2024-12-30 07:46:17.078632
10897,0000,1214,106,2024-12-30 07:46:17.094635
00908,0000,1214,106,2024-12-30 07:46:17.110628
00879,0000,1214,106,2024-12-30 07:46:17.126628
62716,0000,1214,106,2024-12-30 07:46:17.142624
04590,0000,1214,106,2024-12-30 07:46:17.158623
00748,0000,1214,106,2024-12-30 07:46:17.174612
10035,0001,1213,106,2024-12-30 07:46:17.206613
04606,0000,1214,106,2024-12-30 07:46:17.222605
46164,0000,1214,106,2024-12-30 07:46:17.238610
05449,0000,1214,106,2024-12-30 07:46:17.254601
38787,0000,1213,106,2024-12-30 07:46:17.270598
25107,0000,1214,106,2024-12-30 07:46:17.286599
04627,0000,1214,106,2024-12-30 07:46:17.302607
54149,0000,1214,106,2024-12-30 07:46:17.318593
00084,0000,1214,106,2024-12-30 07:46:17.334597
13859,0000,1214,106,2024-12-30 07:46:17.366260
46379,0000,1214,106,2024-12-30 07:46:17.382584
59059,0000,1214,106,2024-12-30 07:46:17.398576
04616,0001,1214,106,2024-12-30 07:46:17.414581
04626,0000,1214,106,2024-12-30 07:46:17.430574
03726,0000,1214,106,2024-12-30 07:46:17.446567
33868,0000,1214,106,2024-12-30 07:46:17.462554
29344,0000,1214,106,2024-12-30 07:46:17.478558
10983,0000,1214,106,2024-12-30 07:46:17.494551
03002,0000,1214,106,2024-12-30 07:46:17.525884
32403,0001,1214,106,2024-12-30 07:46:17.542550
31530,0000,1214,106,2024-12-30 07:46:17.558540
11625,0000,1214,106,2024-12-30 07:46:17.574544
05446,0000,1214,106,2024-12-30 07:46:17.590541
01001,0001,1214,106,2024-12-30 07:46:17.606533
24123,0000,1214,106,2024-12-30 07:46:17.622535
58996,0000,1214,106,2024-12-30 07:46:17.638528
61591,0000,1214,106,2024-12-30 07:46:17.654520
25502,0000,1214,106,2024-12-30 07:46:17.670518
03640,0000,1214,106,2024-12-30 07:46:17.702278
54275,0001,1214,106,2024-12-30 07:46:17.718509
17282,0000,1214,106,2024-12-30 07:46:17.734510
01669,0000,1214,106,2024-12-30 07:46:17.750509
10813,0000,1213,106,2024-12-30 07:46:17.766496
09315,0001,1214,106,2024-12-30 07:46:17.782501
02689,0000,1214,106,2024-12-30 07:46:17.798503
03713,0000,1214,106,2024-12-30 07:46:17.814505
18622,0000,1214,106,2024-12-30 07:46:17.830488
02806,0000,1214,106,2024-12-30 07:46:17.861918
34088,0000,1214,106,2024-12-30 07:46:17.878479
04620,0000,1214,106,2024-12-30 07:46:17.894474
05341,0000,1214,106,2024-12-30 07:46:17.910479
26510,0000,1214,106,2024-12-30 07:46:17.926481
02662,0000,1214,106,2024-12-30 07:46:17.942481
03846,0000,1214,106,2024-12-30 07:46:17.958459
38413,0000,1214,106,2024-12-30 07:46:17.974469
00821,0000,1213,106,2024-12-30 07:46:17.990461
03818,0000,1214,106,2024-12-30 07:46:18.006449
11564,0000,1214,106,2024-12-30 07:46:18.038303
10902,0000,1214,106,2024-12-30 07:46:18.054451
05414,0000,1214,106,2024-12-30 07:46:18.070447
04626,0000,1214,106,2024-12-30 07:46:18.086440
01537,0000,1214,106,2024-12-30 07:46:18.102433
10177,0000,1214,106,2024-12-30 07:46:18.118428
49061,0000,1214,106,2024-12-30 07:46:18.134428
56032,0000,1214,106,2024-12-30 07:46:18.150448
17089,0000,1214,106,2024-12-30 07:46:18.166411
03754,0000,1214,106,2024-12-30 07:46:18.197960
04816,0000,1214,106,2024-12-30 07:46:18.214416
55135,0000,1214,106,2024-12-30 07:46:18.230423
03697,0000,1214,106,2024-12-30 07:46:18.246436
40747,0000,1214,106,2024-12-30 07:46:18.262434
00914,0001,1214,106,2024-12-30 07:46:18.278424
31223,0000,1214,106,2024-12-30 07:46:18.294432
03889,0000,1214,106,2024-12-30 07:46:18.310430
03890,0000,1214,106,2024-12-30 07:46:18.326427
39450,0000,1214,106,2024-12-30 07:46:18.342438
06103,0000,1214,106,2024-12-30 07:46:18.374365
04680,0000,1214,106,2024-12-30 07:46:18.390438
05383,0000,1214,106,2024-12-30 07:46:18.406366
00725,0001,1214,106,2024-12-30 07:46:18.422367
03982,0000,1214,106,2024-12-30 07:46:18.438363
41661,0000,1214,106,2024-12-30 07:46:18.454361
02526,0000,1214,106,2024-12-30 07:46:18.470356
00741,0000,1214,106,2024-12-30 07:46:18.486362
01504,0000,1214,106,2024-12-30 07:46:18.502354
04494,0000,1214,106,2024-12-30 07:46:18.533971
03828,0000,1214,106,2024-12-30 07:46:18.550340
49248,0000,1214,106,2024-12-30 07:46:18.566343
60196,0000,1214,106,2024-12-30 07:46:18.582342
26600,0000,1214,106,2024-12-30 07:46:18.598350
14131,0000,1214,106,2024-12-30 07:46:18.614329
04185,0000,1214,106,2024-12-30 07:46:18.630329
09348,0000,1214,106,2024-12-30 07:46:18.646323
16352,0000,1214,106,2024-12-30 07:46:18.662332
15705,0000,1214,106,2024-12-30 07:46:18.678320
21062,0000,1214,106,2024-12-30 07:46:18.710320
13935,0000,1214,106,2024-12-30 07:46:18.726309
04971,0000,1214,106,2024-12-30 07:46:18.742316
09251,0000,1214,106,2024-12-30 07:46:18.758314
13046,0000,1214,106,2024-12-30 07:46:18.774307
03846,0000,1214,106,2024-12-30 07:46:18.790292
04647,0000,1214,106,2024-12-30 07:46:18.806295
15496,0000,1214,106,2024-12-30 07:46:18.822286
05451,0001,1214,106,2024-12-30 07:46:18.838288
00843,0000,1214,106,2024-12-30 07:46:18.869997
04673,0000,1214,106,2024-12-30 07:46:18.886275
24847,0000,1214,106,2024-12-30 07:46:18.902278
13928,0000,1214,106,2024-12-30 07:46:18.918280
28660,0000,1214,106,2024-12-30 07:46:18.934273
02461,0001,1214,106,2024-12-30 07:46:18.950266
20852,0000,1214,106,2024-12-30 07:46:18.966272
06958,0000,1214,106,2024-12-30 07:46:18.982271
18544,0000,1214,106,2024-12-30 07:46:18.998277
00701,0000,1214,106,2024-12-30 07:46:19.029621
02999,0000,1214,106,2024-12-30 07:46:19.046251
24752,0000,1214,106,2024-12-30 07:46:19.062243
12583,0000,1214,106,2024-12-30 07:46:19.078244
33787,0000,1214,106,2024-12-30 07:46:19.094243
03293,0000,1214,106,2024-12-30 07:46:19.110240
30588,0000,1214,106,2024-12-30 07:46:19.126230
54210,0000,1214,106,2024-12-30 07:46:19.142229
02750,0000,1214,106,2024-12-30 07:46:19.158223
39545,0000,1214,106,2024-12-30 07:46:19.174227
03913,0000,1214,106,2024-12-30 07:46:19.206025
48851,0000,1214,106,2024-12-30 07:46:19.222213
28429,0000,1214,106,2024-12-30 07:46:19.238229
04949,0000,1214,106,2024-12-30 07:46:19.254216
11698,0000,1214,106,2024-12-30 07:46:19.270212
04779,0000,1214,106,2024-12-30 07:46:19.286203
03859,0000,1214,106,2024-12-30 07:46:19.302204
03687,0000,1214,106,2024-12-30 07:46:19.318200
00657,0000,1214,106,2024-12-30 07:46:19.334202
08877,0000,1214,106,2024-12-30 07:46:19.365661
66065,0000,1214,106,2024-12-30 07:46:19.382196
09998,0000,1214,106,2024-12-30 07:46:19.398180
26481,0000,1214,106,2024-12-30 07:46:19.414181
61785,0000,1214,106,2024-12-30 07:46:19.430169
56037,0001,1214,106,2024-12-30 07:46:19.446184
02957,0000,1214,106,2024-12-30 07:46:19.462164
24786,0000,1214,106,2024-12-30 07:46:19.478166
00135,0000,1214,106,2024-12-30 07:46:19.494162
22422,0000,1214,106,2024-12-30 07:46:19.510159
20386,0000,1214,106,2024-12-30 07:46:19.542067
44013,0000,1214,106,2024-12-30 07:46:19.558154
01418,0000,1214,106,2024-12-30 07:46:19.574153
04675,0000,1214,106,2024-12-30 07:46:19.590143
14764,0000,1214,106,2024-12-30 07:46:19.606146
09047,0000,1214,106,2024-12-30 07:46:19.622134
54773,0001,1214,106,2024-12-30 07:46:19.638128
15453,0000,1214,106,2024-12-30 07:46:19.654135
24998,0000,1214,106,2024-12-30 07:46:19.670133
04675,0001,1214,106,2024-12-30 07:46:19.701701
03978,0000,1214,106,2024-12-30 07:46:19.718116
18599,0001,1214,106,2024-12-30 07:46:19.734116
23094,0001,1214,106,2024-12-30 07:46:19.750117
00175,0000,1214,106,2024-12-30 07:46:19.766119
04666,0000,1214,106,2024-12-30 07:46:19.782117
00045,0000,1214,106,2024-12-30 07:46:19.798103
43045,0000,1214,106,2024-12-30 07:46:19.814102
10307,0000,1214,106,2024-12-30 07:46:19.830091
06282,0000,1214,106,2024-12-30 07:46:19.846100
00001,0000,1214,106,2024-12-30 07:46:19.877979
44268,0000,1214,106,2024-12-30 07:46:19.894089
03915,0000,1214,106,2024-12-30 07:46:19.910085
24104,0000,1214,106,2024-12-30 07:46:19.926088
01466,0000,1214,106,2024-12-30 07:46:19.942078
05491,0001,1214,106,2024-12-30 07:46:19.958080
01058,0001,1214,106,2024-12-30 07:46:19.974066
20172,0000,1214,106,2024-12-30 07:46:19.990069
05482,0000,1214,106,2024-12-30 07:46:20.006062
35167,0001,1214,106,2024-12-30 07:46:20.037717
44024,0000,1214,106,2024-12-30 07:46:20.054060
06321,0000,1214,106,2024-12-30 07:46:20.070056
53474,0001,1214,106,2024-12-30 07:46:20.086057
00321,0000,1214,106,2024-12-30 07:46:20.102043
32474,0000,1214,106,2024-12-30 07:46:20.118045
01654,0000,1214,106,2024-12-30 07:46:20.134031
14032,0000,1214,106,2024-12-30 07:46:20.150034
01894,0000,1214,106,2024-12-30 07:46:20.166036
46502,0000,1214,106,2024-12-30 07:46:20.197355
52572,0000,1214,106,2024-12-30 07:46:20.214019
01586,0000,1214,106,2024-12-30 07:46:20.230008
42363,0000,1214,106,2024-12-30 07:46:20.246036
08598,0000,1214,106,2024-12-30 07:46:20.262009
00701,0000,1214,106,2024-12-30 07:46:20.278005
05409,0000,1214,106,2024-12-30 07:46:20.294007
20181,0000,1214,106,2024-12-30 07:46:20.310008
03805,0000,1214,106,2024-12-30 07:46:20.326004
00082,0000,1214,106,2024-12-30 07:46:20.341991
24175,0000,1214,106,2024-12-30 07:46:20.373738
01630,0000,1214,106,2024-12-30 07:46:20.389998
05447,0000,1214,106,2024-12-30 07:46:20.405980
14790,0000,1214,106,2024-12-30 07:46:20.421987
12669,0000,1214,106,2024-12-30 07:46:20.437972
22805,0000,1214,106,2024-12-30 07:46:20.453969
08391,0001,1214,106,2024-12-30 07:46:20.469971
21815,0000,1214,106,2024-12-30 07:46:20.485976
04717,0000,1214,106,2024-12-30 07:46:20.501966
03743,0000,1214,106,2024-12-30 07:46:20.533376
36046,0001,1215,106,2024-12-30 07:46:20.549959
64509,0000,1214,106,2024-12-30 07:46:20.565958
13926,0000,1214,106,2024-12-30 07:46:20.581939
11682,0000,1214,106,2024-12-30 07:46:20.597939
24112,0000,1214,106,2024-12-30 07:46:20.613933
58143,0001,1214,106,2024-12-30 07:46:20.629935
23707,0000,1214,106,2024-12-30 07:46:20.645941
00874,0000,1214,106,2024-12-30 07:46:20.661936
05480,0000,1214,106,2024-12-30 07:46:20.677933
09332,0000,1214,106,2024-12-30 07:46:20.709763
04580,0000,1214,106,2024-12-30 07:46:20.725912
57700,0000,1214,106,2024-12-30 07:46:20.741924
00091,0000,1214,106,2024-12-30 07:46:20.757920
14666,0001,1214,106,2024-12-30 07:46:20.773916
41556,0001,1214,106,2024-12-30 07:46:20.789910
00004,0000,1214,106,2024-12-30 07:46:20.805912
00665,0000,1214,106,2024-12-30 07:46:20.821900
00653,0000,1214,106,2024-12-30 07:46:20.837902
54303,0000,1214,106,2024-12-30 07:46:20.869398
38590,0001,1214,106,2024-12-30 07:46:20.885885
02858,0000,1214,106,2024-12-30 07:46:20.901886
03837,0001,1214,106,2024-12-30 07:46:20.917880
03914,0000,1214,106,2024-12-30 07:46:20.933881
08392,0000,1214,106,2024-12-30 07:46:20.949884
01756,0000,1214,106,2024-12-30 07:46:20.965890
14737,0000,1214,106,2024-12-30 07:46:20.981871
04694,0001,1214,106,2024-12-30 07:46:20.997871
06375,0000,1214,106,2024-12-30 07:46:21.013862
11036,0000,1214,106,2024-12-30 07:46:21.045779
04578,0000,1214,106,2024-12-30 07:46:21.061869
15539,0000,1214,106,2024-12-30 07:46:21.077852
10879,0000,1214,106,2024-12-30 07:46:21.093845
57705,0000,1214,106,2024-12-30 07:46:21.109840
48825,0000,1214,106,2024-12-30 07:46:21.125836
33881,0000,1214,106,2024-12-30 07:46:21.141835
02623,0000,1214,106,2024-12-30 07:46:21.157832
04726,0000,1214,106,2024-12-30 07:46:21.173835
24208,0000,1214,106,2024-12-30 07:46:21.205435
26501,0000,1214,106,2024-12-30 07:46:21.221818
26432,0000,1214,106,2024-12-30 07:46:21.237830
23252,0000,1214,106,2024-12-30 07:46:21.253810
36232,0000,1214,106,2024-12-30 07:46:21.269815
12595,0000,1214,106,2024-12-30 07:46:21.285805
61045,0000,1214,106,2024-12-30 07:46:21.301821
21071,0000,1215,106,2024-12-30 07:46:21.317805
00841,0000,1214,106,2024-12-30 07:46:21.333803
04677,0000,1214,106,2024-12-30 07:46:21.349810
21026,0000,1214,106,2024-12-30 07:46:21.381812
03849,0000,1214,106,2024-12-30 07:46:21.397813
02336,0000,1214,106,2024-12-30 07:46:21.413815
01547,0000,1214,106,2024-12-30 07:46:21.429814
03192,0000,1214,106,2024-12-30 07:46:21.445816
05415,0000,1214,106,2024-12-30 07:46:21.461821
00937,0000,1214,106,2024-12-30 07:46:21.477824
02231,0000,1214,106,2024-12-30 07:46:21.493827
01512,0000,1214,106,2024-12-30 07:46:21.509830
23875,0000,1214,106,2024-12-30 07:46:21.541494
55973,0001,1214,106,2024-12-30 07:46:21.557760
36955,0000,1214,106,2024-12-30 07:46:21.573752
05365,0001,1214,106,2024-12-30 07:46:21.589755
58188,0001,1214,106,2024-12-30 07:46:21.605745
21091,0000,1214,106,2024-12-30 07:46:21.621748
13028,0000,1214,106,2024-12-30 07:46:21.637741
24021,0000,1214,106,2024-12-30 07:46:21.653743
00667,0000,1214,106,2024-12-30 07:46:21.669743
57715,0000,1214,106,2024-12-30 07:46:21.701092
23143,0000,1215,106,2024-12-30 07:46:21.717735
16415,0000,1214,106,2024-12-30 07:46:21.733736
04759,0000,1214,106,2024-12-30 07:46:21.749728
12124,0000,1214,106,2024-12-30 07:46:21.765728
11023,0000,1215,106,2024-12-30 07:46:21.781711
20218,0000,1214,106,2024-12-30 07:46:21.797718
06313,0000,1214,106,2024-12-30 07:46:21.813704
08475,0000,1214,106,2024-12-30 07:46:21.829709
27107,0000,1214,106,2024-12-30 07:46:21.845704
39853,0000,1214,106,2024-12-30 07:46:21.877475
07106,0000,1214,106,2024-12-30 07:46:21.893694
10850,0000,1214,106,2024-12-30 07:46:21.909692
39254,0000,1214,106,2024-12-30 07:46:21.925690
19433,0000,1215,106,2024-12-30 07:46:21.941687
08376,0000,1215,106,2024-12-30 07:46:21.957682
03278,0000,1214,106,2024-12-30 07:46:21.973681
24865,0000,1214,106,2024-12-30 07:46:21.989682
26135,0000,1215,106,2024-12-30 07:46:22.005672
-0017,0000,1214,106,2024-12-30 07:46:22.037029
00808,0000,1214,106,2024-12-30 07:46:22.053669
23234,0000,1214,106,2024-12-30 07:46:22.069666
37553,0000,1214,106,2024-12-30 07:46:22.085657
00056,0000,1214,106,2024-12-30 07:46:22.101656
48783,0000,1214,106,2024-12-30 07:46:22.117659
03069,0001,1214,106,2024-12-30 07:46:22.133663
02297,0000,1214,106,2024-12-30 07:46:22.149646
04787,0000,1214,106,2024-12-30 07:46:22.165647
04593,0000,1215,106,2024-12-30 07:46:22.181639
01875,0000,1215,106,2024-12-30 07:46:22.213499
51387,0000,1215,106,2024-12-30 07:46:22.229631
67019,0000,1215,106,2024-12-30 07:46:22.245642
10982,0000,1214,106,2024-12-30 07:46:22.261622
56435,0000,1214,106,2024-12-30 07:46:22.277619
00754,0000,1215,106,2024-12-30 07:46:22.293619
28561,0000,1215,106,2024-12-30 07:46:22.309616
12851,0000,1215,106,2024-12-30 07:46:22.325605
18633,0000,1215,106,2024-12-30 07:46:22.341604
10109,0000,1214,106,2024-12-30 07:46:22.373161
04351,0000,1215,106,2024-12-30 07:46:22.389595
45381,0000,1214,106,2024-12-30 07:46:22.405597
05466,0000,1215,106,2024-12-30 07:46:22.421591
03728,0000,1215,106,2024-12-30 07:46:22.437589
59158,0000,1215,106,2024-12-30 07:46:22.453581
00989,0000,1214,106,2024-12-30 07:46:22.469585
05396,0000,1215,106,2024-12-30 07:46:22.485575
09414,0000,1215,106,2024-12-30 07:46:22.501578
03656,0000,1214,106,2024-12-30 07:46:22.517579
04615,0000,1214,106,2024-12-30 07:46:22.549548
15654,0000,1214,106,2024-12-30 07:46:22.565559
00771,0000,1215,106,2024-12-30 07:46:22.581561
13982,0000,1215,106,2024-12-30 07:46:22.597555
04648,0000,1215,106,2024-12-30 07:46:22.613558
31300,0000,1214,106,2024-12-30 07:46:22.629554
49983,0000,1215,106,2024-12-30 07:46:22.645557
22913,0000,1215,106,2024-12-30 07:46:22.661539
52199,0000,1215,106,2024-12-30 07:46:22.677544
03870,0000,1215,106,2024-12-30 07:46:22.709165
10163,0000,1215,106,2024-12-30 07:46:22.725522
42506,0000,1215,106,2024-12-30 07:46:22.741533
05274,0000,1214,106,2024-12-30 07:46:22.757524
02294,0000,1214,106,2024-12-30 07:46:22.773527
67889,0000,1215,106,2024-12-30 07:46:22.789516
15752,0000,1215,106,2024-12-30 07:46:22.805522
04636,0001,1214,106,2024-12-30 07:46:22.821508
06972,0000,1215,106,2024-12-30 07:46:22.837518
20204,0000,1215,106,2024-12-30 07:46:22.853506
21972,0000,1215,106,2024-12-30 07:46:22.885502
26966,0000,1215,106,2024-12-30 07:46:22.901503
67750,0000,1214,106,2024-12-30 07:46:22.917504
33173,0000,1215,106,2024-12-30 07:46:22.933485
05437,0000,1215,106,2024-12-30 07:46:22.949493
02373,0000,1214,106,2024-12-30 07:46:22.965483
28701,0000,1215,106,2024-12-30 07:46:22.981484
06155,0000,1214,106,2024-12-30 07:46:22.997477
25733,0000,1215,106,2024-12-30 07:46:23.013476
67553,0001,1215,106,2024-12-30 07:46:23.045201
00771,0000,1215,106,2024-12-30 07:46:23.061461
23842,0000,1215,106,2024-12-30 07:46:23.077469
09212,0000,1215,106,2024-12-30 07:46:23.093456
03489,0000,1214,106,2024-12-30 07:46:23.109464
10029,0000,1215,106,2024-12-30 07:46:23.125454
01618,0000,1215,106,2024-12-30 07:46:23.141458
03218,0000,1215,106,2024-12-30 07:46:23.157448
05410,0000,1215,106,2024-12-30 07:46:23.173455
51620,0000,1215,106,2024-12-30 07:46:23.204846
62725,0000,1215,106,2024-12-30 07:46:23.221441
21135,0000,1215,106,2024-12-30 07:46:23.237451
13939,0000,1215,106,2024-12-30 07:46:23.253432
12342,0000,1215,106,2024-12-30 07:46:23.269454
09531,0000,1215,106,2024-12-30 07:46:23.285430
03903,0000,1215,106,2024-12-30 07:46:23.301425
01507,0000,1215,106,2024-12-30 07:46:23.317424
40197,0000,1215,106,2024-12-30 07:46:23.333410
04670,0001,1215,106,2024-12-30 07:46:23.349422
02350,0000,1215,106,2024-12-30 07:46:23.381226
24933,0000,1215,106,2024-12-30 07:46:23.397407
63410,0000,1215,106,2024-12-30 07:46:23.413401
66772,0000,1214,106,2024-12-30 07:46:23.429400
02298,0000,1215,106,2024-12-30 07:46:23.445393
04654,0000,1215,106,2024-12-30 07:46:23.461402
01653,0000,1215,106,2024-12-30 07:46:23.477393
00178,0000,1215,106,2024-12-30 07:46:23.493390
52188,0000,1215,106,2024-12-30 07:46:23.509374
55688,0000,1215,106,2024-12-30 07:46:23.540861
04687,0000,1215,106,2024-12-30 07:46:23.557374
25793,0000,1215,106,2024-12-30 07:46:23.573360
02954,0000,1215,106,2024-12-30 07:46:23.589360
19367,0000,1215,106,2024-12-30 07:46:23.605367
04636,0000,1215,106,2024-12-30 07:46:23.621357
05340,0000,1215,106,2024-12-30 07:46:23.637351
47482,0000,1215,106,2024-12-30 07:46:23.653355
04619,0000,1215,106,2024-12-30 07:46:23.669343
04575,0000,1214,106,2024-12-30 07:46:23.685346
05293,0000,1215,106,2024-12-30 07:46:23.717259
30958,0000,1215,106,2024-12-30 07:46:23.733335
03659,0000,1215,106,2024-12-30 07:46:23.749342
43351,0000,1215,106,2024-12-30 07:46:23.765335
10077,0000,1215,106,2024-12-30 07:46:23.781324
01692,0000,1215,106,2024-12-30 07:46:23.797327
04591,0000,1215,106,2024-12-30 07:46:23.813606
56410,0000,1215,106,2024-12-30 07:46:23.829343
13829,0000,1215,106,2024-12-30 07:46:23.845315
02077,0000,1215,106,2024-12-30 07:46:23.876888
28600,0001,1215,106,2024-12-30 07:46:23.893314
01783,0001,1214,106,2024-12-30 07:46:23.909300
40762,0000,1215,106,2024-12-30 07:46:23.925303
23174,0000,1214,106,2024-12-30 07:46:23.941294
03862,0000,1215,106,2024-12-30 07:46:23.957298
10079,0000,1215,106,2024-12-30 07:46:23.973289
14200,0000,1215,106,2024-12-30 07:46:23.989290
15575,0000,1215,106,2024-12-30 07:46:24.005284
03794,0000,1215,106,2024-12-30 07:46:24.021282
07744,0000,1215,106,2024-12-30 07:46:24.053275
00257,0000,1215,106,2024-12-30 07:46:24.069273
00900,0001,1215,106,2024-12-30 07:46:24.085277
03118,0000,1215,106,2024-12-30 07:46:24.101280
02477,0000,1215,106,2024-12-30 07:46:24.117280
07911,0000,1215,106,2024-12-30 07:46:24.133256
10680,0000,1215,106,2024-12-30 07:46:24.149263
03318,0000,1215,106,2024-12-30 07:46:24.165252
04820,0000,1215,106,2024-12-30 07:46:24.181256
44885,0000,1215,106,2024-12-30 07:46:24.212903
13737,0001,1215,106,2024-12-30 07:46:24.229253
58496,0000,1215,106,2024-12-30 07:46:24.245248
58544,0000,1215,106,2024-12-30 07:46:24.261238
27741,0000,1215,106,2024-12-30 07:46:24.277228
04468,0000,1215,106,2024-12-30 07:46:24.293227
48310,0000,1214,106,2024-12-30 07:46:24.309236
64980,0000,1215,106,2024-12-30 07:46:24.325233
40574,0000,1215,106,2024-12-30 07:46:24.341214
12202,0000,1215,106,2024-12-30 07:46:24.372562
05348,0000,1215,106,2024-12-30 07:46:24.389216
26090,0000,1215,106,2024-12-30 07:46:24.405209
03829,0000,1215,106,2024-12-30 07:46:24.421198
26550,0000,1215,106,2024-12-30 07:46:24.437216
13963,0000,1215,106,2024-12-30 07:46:24.453218
00867,0001,1215,106,2024-12-30 07:46:24.469198
03734,0000,1215,106,2024-12-30 07:46:24.485208
01768,0000,1215,106,2024-12-30 07:46:24.501198
68379,0000,1215,106,2024-12-30 07:46:24.517203
11653,0000,1215,106,2024-12-30 07:46:24.548954
03795,0000,1215,106,2024-12-30 07:46:24.565210
03315,0000,1215,106,2024-12-30 07:46:24.581218
31617,0000,1215,106,2024-12-30 07:46:24.597212
04658,0000,1215,106,2024-12-30 07:46:24.613214
00836,0000,1215,106,2024-12-30 07:46:24.629217
03992,0000,1215,106,2024-12-30 07:46:24.645221
59369,0000,1215,106,2024-12-30 07:46:24.661219
20303,0000,1215,106,2024-12-30 07:46:24.677224
31412,0000,1215,106,2024-12-30 07:46:24.708585
05437,0000,1215,106,2024-12-30 07:46:24.725141
03590,0000,1215,106,2024-12-30 07:46:24.741171
03839,0000,1215,106,2024-12-30 07:46:24.757142
01967,0000,1215,106,2024-12-30 07:46:24.773145
03877,0000,1215,106,2024-12-30 07:46:24.789130
04690,0000,1215,106,2024-12-30 07:46:24.805133
04639,0000,1216,106,2024-12-30 07:46:24.821126
18673,0000,1215,106,2024-12-30 07:46:24.837129
04624,0000,1215,106,2024-12-30 07:46:24.853124
17323,0000,1215,106,2024-12-30 07:46:24.884982
04601,0000,1215,106,2024-12-30 07:46:24.901115
00900,0000,1215,106,2024-12-30 07:46:24.917108
65033,0000,1215,106,2024-12-30 07:46:24.933103
03842,0001,1215,106,2024-12-30 07:46:24.949105
04754,0001,1215,106,2024-12-30 07:46:24.965101
04623,0001,1215,106,2024-12-30 07:46:24.981106
03850,0000,1215,106,2024-12-30 07:46:24.997097
28881,0000,1215,106,2024-12-30 07:46:25.013100
12643,0000,1215,106,2024-12-30 07:46:25.044609
50815,0000,1215,106,2024-12-30 07:46:25.061076
06252,0000,1215,106,2024-12-30 07:46:25.077079
00106,0000,1215,106,2024-12-30 07:46:25.093075
29532,0001,1215,106,2024-12-30 07:46:25.109071
04637,0001,1215,106,2024-12-30 07:46:25.125068
19406,0000,1215,106,2024-12-30 07:46:25.141068
21216,0000,1215,106,2024-12-30 07:46:25.157064
04761,0000,1215,106,2024-12-30 07:46:25.173052
06285,0000,1216,106,2024-12-30 07:46:25.189051
19583,0000,1215,106,2024-12-30 07:46:25.220988
08119,0000,1216,106,2024-12-30 07:46:25.237052
09332,0000,1215,106,2024-12-30 07:46:25.253048
27828,0000,1215,106,2024-12-30 07:46:25.269049
58167,0000,1215,106,2024-12-30 07:46:25.285045
01788,0001,1216,106,2024-12-30 07:46:25.301042
59856,0000,1215,106,2024-12-30 07:46:25.317040
02168,0000,1215,106,2024-12-30 07:46:25.333031
12224,0000,1215,106,2024-12-30 07:46:25.349033
13007,0000,1215,106,2024-12-30 07:46:25.380627
05451,0001,1215,106,2024-12-30 07:46:25.397026
09220,0000,1215,106,2024-12-30 07:46:25.413012
03590,0000,1215,106,2024-12-30 07:46:25.429012
09342,0001,1215,106,2024-12-30 07:46:25.445006
00087,0000,1215,106,2024-12-30 07:46:25.461005
16299,0000,1215,106,2024-12-30 07:46:25.476997
20175,0000,1215,106,2024-12-30 07:46:25.493003
45482,0000,1215,106,2024-12-30 07:46:25.508993
14833,0000,1215,106,2024-12-30 07:46:25.524988
14717,0000,1215,106,2024-12-30 07:46:25.556984
53356,0000,1215,106,2024-12-30 07:46:25.572981
56443,0000,1215,106,2024-12-30 07:46:25.588981
02295,0000,1215,106,2024-12-30 07:46:25.604967
18281,0000,1215,106,2024-12-30 07:46:25.620975
05347,0000,1215,106,2024-12-30 07:46:25.636963
54354,0000,1216,106,2024-12-30 07:46:25.652968
04635,0001,1215,106,2024-12-30 07:46:25.668967
66681,0000,1216,106,2024-12-30 07:46:25.684954
01503,0000,1215,106,2024-12-30 07:46:25.716645
03337,0000,1215,106,2024-12-30 07:46:25.732952
09966,0000,1216,106,2024-12-30 07:46:25.748948
20289,0000,1216,106,2024-12-30 07:46:25.764954
03805,0000,1215,106,2024-12-30 07:46:25.780946
07048,0000,1215,106,2024-12-30 07:46:25.796951
02802,0000,1215,106,2024-12-30 07:46:25.812938
14752,0000,1215,106,2024-12-30 07:46:25.828925
19428,0000,1215,106,2024-12-30 07:46:25.844931
03920,0000,1215,106,2024-12-30 07:46:25.876286
00900,0000,1216,106,2024-12-30 07:46:25.892921
05457,0000,1215,106,2024-12-30 07:46:25.908915
16847,0000,1216,106,2024-12-30 07:46:25.924919
34841,0001,1216,106,2024-12-30 07:46:25.940912
20383,0001,1215,106,2024-12-30 07:46:25.956902
03709,0000,1215,106,2024-12-30 07:46:25.972913
00880,0000,1216,106,2024-12-30 07:46:25.988905
03725,0000,1216,106,2024-12-30 07:46:26.004904
01329,0000,1216,106,2024-12-30 07:46:26.020886
05363,0000,1215,106,2024-12-30 07:46:26.052694
06240,0000,1215,106,2024-12-30 07:46:26.068893
04021,0000,1216,106,2024-12-30 07:46:26.084879
04542,0000,1216,106,2024-12-30 07:46:26.100875
17814,0000,1215,106,2024-12-30 07:46:26.116876
42564,0000,1216,106,2024-12-30 07:46:26.132862
38639,0000,1215,106,2024-12-30 07:46:26.148864
06578,0000,1215,106,2024-12-30 07:46:26.164860
28643,0001,1216,106,2024-12-30 07:46:26.180864
05436,0000,1215,106,2024-12-30 07:46:26.212327
17899,0000,1215,106,2024-12-30 07:46:26.228851
00006,0001,1216,106,2024-12-30 07:46:26.244865
53941,0000,1216,106,2024-12-30 07:46:26.260842
23019,0000,1216,106,2024-12-30 07:46:26.276841
05417,0001,1216,106,2024-12-30 07:46:26.292832
13901,0001,1215,106,2024-12-30 07:46:26.308832
01843,0001,1215,106,2024-12-30 07:46:26.324829
32156,0000,1216,106,2024-12-30 07:46:26.340828
00226,0000,1216,106,2024-12-30 07:46:26.356825
05438,0000,1215,106,2024-12-30 07:46:26.388707
06282,0000,1215,106,2024-12-30 07:46:26.404822
10957,0000,1216,106,2024-12-30 07:46:26.420813
04810,0000,1216,106,2024-12-30 07:46:26.436812
52607,0000,1216,106,2024-12-30 07:46:26.452812
63245,0000,1216,106,2024-12-30 07:46:26.468805
02581,0000,1216,106,2024-12-30 07:46:26.484805
16441,0000,1216,106,2024-12-30 07:46:26.500799
05394,0000,1216,106,2024-12-30 07:46:26.516798
18547,0000,1216,106,2024-12-30 07:46:26.548380
42476,0000,1216,106,2024-12-30 07:46:26.564790
47969,0000,1216,106,2024-12-30 07:46:26.580791
34535,0000,1216,106,2024-12-30 07:46:26.596792
50609,0000,1216,106,2024-12-30 07:46:26.612783
19354,0000,1216,106,2024-12-30 07:46:26.628770
30799,0000,1216,106,2024-12-30 07:46:26.644775
55201,0000,1216,106,2024-12-30 07:46:26.660765
01624,0000,1216,106,2024-12-30 07:46:26.676768
03824,0000,1216,106,2024-12-30 07:46:26.692762
47434,0001,1216,106,2024-12-30 07:46:26.724751
00951,0000,1216,106,2024-12-30 07:46:26.740755
13979,0000,1215,106,2024-12-30 07:46:26.756747
00320,0000,1216,106,2024-12-30 07:46:26.772740
36081,0000,1216,106,2024-12-30 07:46:26.788752
02969,0000,1215,106,2024-12-30 07:46:26.804740
64948,0001,1216,106,2024-12-30 07:46:26.820741
04074,0000,1216,106,2024-12-30 07:46:26.836744
05446,0000,1216,106,2024-12-30 07:46:26.852741
02111,0000,1216,106,2024-12-30 07:46:26.884384
30161,0000,1216,106,2024-12-30 07:46:26.900728
10946,0000,1216,106,2024-12-30 07:46:26.916717
55673,0000,1216,106,2024-12-30 07:46:26.932713
28536,0000,1216,106,2024-12-30 07:46:26.948719
21070,0001,1216,106,2024-12-30 07:46:26.964714
05421,0000,1216,106,2024-12-30 07:46:26.980717
14795,0000,1216,106,2024-12-30 07:46:26.996706
09596,0000,1216,106,2024-12-30 07:46:27.012706
10030,0000,1216,106,2024-12-30 07:46:27.044003
30421,0000,1216,106,2024-12-30 07:46:27.060691
23259,0000,1216,106,2024-12-30 07:46:27.076688
41411,0000,1216,106,2024-12-30 07:46:27.092687
06441,0000,1216,106,2024-12-30 07:46:27.108681
41462,0000,1216,106,2024-12-30 07:46:27.124679
03680,0000,1216,106,2024-12-30 07:46:27.140689
05427,0001,1216,106,2024-12-30 07:46:27.156678
62464,0000,1216,106,2024-12-30 07:46:27.172677
54293,0000,1216,106,2024-12-30 07:46:27.188666
03031,0000,1216,106,2024-12-30 07:46:27.220414
01455,0000,1216,106,2024-12-30 07:46:27.236673
05512,0000,1216,106,2024-12-30 07:46:27.252673
02561,0000,1216,106,2024-12-30 07:46:27.268650
58495,0000,1216,106,2024-12-30 07:46:27.284651
07343,0001,1216,106,2024-12-30 07:46:27.300637
02268,0000,1216,106,2024-12-30 07:46:27.316647
17920,0000,1216,106,2024-12-30 07:46:27.332634
02313,0000,1216,106,2024-12-30 07:46:27.348644
30599,0000,1216,106,2024-12-30 07:46:27.380051
17619,0000,1216,106,2024-12-30 07:46:27.396629
05411,0000,1216,106,2024-12-30 07:46:27.412621
04395,0000,1216,106,2024-12-30 07:46:27.428615
30171,0001,1216,106,2024-12-30 07:46:27.444618
58532,0001,1216,106,2024-12-30 07:46:27.460619
34907,0000,1216,106,2024-12-30 07:46:27.476612
02777,0000,1216,106,2024-12-30 07:46:27.492608
67892,0000,1216,106,2024-12-30 07:46:27.508601
38676,0000,1216,106,2024-12-30 07:46:27.524603
14854,0000,1216,106,2024-12-30 07:46:27.556453
38639,0000,1216,106,2024-12-30 07:46:27.572594
01617,0000,1216,106,2024-12-30 07:46:27.588589
19561,0000,1216,106,2024-12-30 07:46:27.604587
01446,0000,1216,106,2024-12-30 07:46:27.620582
05354,0000,1216,106,2024-12-30 07:46:27.636593
03829,0000,1216,106,2024-12-30 07:46:27.652586
00997,0000,1216,106,2024-12-30 07:46:27.668591
03825,0000,1216,106,2024-12-30 07:46:27.684595
13944,0000,1215,106,2024-12-30 07:46:27.716100
03698,0000,1216,106,2024-12-30 07:46:27.732596
00854,0000,1216,106,2024-12-30 07:46:27.748599
19365,0000,1216,106,2024-12-30 07:46:27.764602
03896,0000,1216,106,2024-12-30 07:46:27.780605
02144,0000,1216,106,2024-12-30 07:46:27.796604
06324,0000,1216,106,2024-12-30 07:46:27.812614
05261,0001,1216,106,2024-12-30 07:46:27.828535
03148,0000,1216,106,2024-12-30 07:46:27.844544
27849,0000,1216,106,2024-12-30 07:46:27.860529
10023,0000,1216,106,2024-12-30 07:46:27.892450
04668,0001,1216,106,2024-12-30 07:46:27.908533
02679,0000,1216,106,2024-12-30 07:46:27.924525
50476,0000,1216,106,2024-12-30 07:46:27.940529
10970,0000,1216,106,2024-12-30 07:46:27.956521
04025,0000,1216,106,2024-12-30 07:46:27.972521
03097,0000,1216,106,2024-12-30 07:46:27.988509
02817,0000,1216,106,2024-12-30 07:46:28.004508
19676,0000,1216,106,2024-12-30 07:46:28.020510
03622,0000,1216,106,2024-12-30 07:46:28.052092
14765,0000,1216,106,2024-12-30 07:46:28.068496
15572,0000,1216,106,2024-12-30 07:46:28.084493
17362,0000,1216,106,2024-12-30 07:46:28.100477
01502,0000,1216,106,2024-12-30 07:46:28.116489
10115,0000,1216,106,2024-12-30 07:46:28.132482
00808,0001,1216,106,2024-12-30 07:46:28.148487
20436,0000,1216,106,2024-12-30 07:46:28.164473
19353,0000,1216,106,2024-12-30 07:46:28.180477
31645,0000,1216,106,2024-12-30 07:46:28.196468
47490,0000,1216,106,2024-12-30 07:46:28.228461
02824,0001,1216,106,2024-12-30 07:46:28.244474
02949,0000,1216,106,2024-12-30 07:46:28.260456
35330,0000,1216,106,2024-12-30 07:46:28.276462
15686,0000,1216,106,2024-12-30 07:46:28.292456
20962,0000,1216,106,2024-12-30 07:46:28.308465
02796,0000,1216,106,2024-12-30 07:46:28.324444
66645,0000,1216,106,2024-12-30 07:46:28.340435
18580,0000,1217,106,2024-12-30 07:46:28.356439
01468,0000,1216,106,2024-12-30 07:46:28.388132
53903,0000,1216,106,2024-12-30 07:46:28.404432
32349,0000,1216,106,2024-12-30 07:46:28.420437
58397,0000,1216,106,2024-12-30 07:46:28.436417
00975,0001,1216,106,2024-12-30 07:46:28.452412
00899,0000,1216,106,2024-12-30 07:46:28.468413
13189,0000,1216,106,2024-12-30 07:46:28.484411
00087,0000,1216,106,2024-12-30 07:46:28.500415
28755,0000,1217,106,2024-12-30 07:46:28.516414
04680,0000,1216,106,2024-12-30 07:46:28.547744
05446,0001,1216,106,2024-12-30 07:46:28.564401
52621,0000,1216,106,2024-12-30 07:46:28.580395
40009,0000,1216,106,2024-12-30 07:46:28.596394
14611,0000,1216,106,2024-12-30 07:46:28.612383
00057,0000,1216,106,2024-12-30 07:46:28.628386
60274,0000,1216,106,2024-12-30 07:46:28.644383
41768,0000,1216,106,2024-12-30 07:46:28.660385
06340,0000,1216,106,2024-12-30 07:46:28.676368
03314,0000,1216,106,2024-12-30 07:46:28.692374
47117,0001,1216,106,2024-12-30 07:46:28.724149
41663,0000,1216,106,2024-12-30 07:46:28.740357
00011,0001,1216,106,2024-12-30 07:46:28.756357
09287,0000,1217,106,2024-12-30 07:46:28.772355
45509,0000,1216,106,2024-12-30 07:46:28.788355
38988,0001,1216,106,2024-12-30 07:46:28.804360
00676,0000,1217,106,2024-12-30 07:46:28.820338
03251,0000,1216,106,2024-12-30 07:46:28.836347
02337,0000,1216,106,2024-12-30 07:46:28.852336
03547,0000,1216,106,2024-12-30 07:46:28.883785
03838,0000,1216,106,2024-12-30 07:46:28.900327
13199,0000,1216,106,2024-12-30 07:46:28.916334
06126,0000,1216,106,2024-12-30 07:46:28.932321
03396,0000,1216,106,2024-12-30 07:46:28.948325
03883,0000,1216,106,2024-12-30 07:46:28.964320
50850,0000,1216,106,2024-12-30 07:46:28.980318
00008,0000,1216,106,2024-12-30 07:46:28.996308
00925,0001,1216,106,2024-12-30 07:46:29.012312
38560,0000,1216,106,2024-12-30 07:46:29.028302
03733,0000,1216,106,2024-12-30 07:46:29.060172
21148,0000,1216,106,2024-12-30 07:46:29.076301
02721,0000,1216,106,2024-12-30 07:46:29.092292
32304,0000,1216,106,2024-12-30 07:46:29.108293
10049,0000,1216,106,2024-12-30 07:46:29.124282
14819,0001,1217,106,2024-12-30 07:46:29.140283
05307,0000,1216,106,2024-12-30 07:46:29.156278
04530,0000,1216,106,2024-12-30 07:46:29.172284
05474,0000,1216,106,2024-12-30 07:46:29.188283
00001,0000,1217,106,2024-12-30 07:46:29.219720
64483,0000,1217,106,2024-12-30 07:46:29.236261
04763,0000,1216,106,2024-12-30 07:46:29.252271
49691,0000,1216,106,2024-12-30 07:46:29.268256
17277,0000,1217,106,2024-12-30 07:46:29.284257
25845,0000,1216,106,2024-12-30 07:46:29.300266
17157,0001,1217,106,2024-12-30 07:46:29.316263
01806,0000,1216,106,2024-12-30 07:46:29.332241
10114,0000,1217,106,2024-12-30 07:46:29.348246
25836,0000,1216,106,2024-12-30 07:46:29.364240
66833,0000,1216,106,2024-12-30 07:46:29.396231
10047,0000,1216,106,2024-12-30 07:46:29.412232
58463,0000,1216,106,2024-12-30 07:46:29.428229
66743,0000,1217,106,2024-12-30 07:46:29.444232
03597,0000,1216,106,2024-12-30 07:46:29.460219
45794,0000,1217,106,2024-12-30 07:46:29.476224
10917,0000,1217,106,2024-12-30 07:46:29.492215
04605,0000,1216,106,2024-12-30 07:46:29.508209
19408,0000,1216,106,2024-12-30 07:46:29.524212
02835,0000,1217,106,2024-12-30 07:46:29.555867
16266,0000,1217,106,2024-12-30 07:46:29.572205
64139,0000,1217,106,2024-12-30 07:46:29.588209
03795,0000,1216,106,2024-12-30 07:46:29.604198
37745,0000,1216,106,2024-12-30 07:46:29.620197
24846,0000,1216,106,2024-12-30 07:46:29.636186
20227,0000,1216,106,2024-12-30 07:46:29.652180
01762,0000,1217,106,2024-12-30 07:46:29.668185
02473,0000,1217,106,2024-12-30 07:46:29.684182
02231,0000,1217,106,2024-12-30 07:46:29.715497
24126,0000,1216,106,2024-12-30 07:46:29.732167
00493,0000,1217,106,2024-12-30 07:46:29.748165
03935,0000,1217,106,2024-12-30 07:46:29.764164
37685,0000,1217,106,2024-12-30 07:46:29.780160
04649,0001,1217,106,2024-12-30 07:46:29.796156
13374,0000,1217,106,2024-12-30 07:46:29.812142
03825,0000,1217,106,2024-12-30 07:46:29.828143
04686,0000,1217,106,2024-12-30 07:46:29.844141
08528,0000,1217,106,2024-12-30 07:46:29.860151
41659,0000,1217,106,2024-12-30 07:46:29.891885
10213,0001,1217,106,2024-12-30 07:46:29.908132
58503,0000,1217,106,2024-12-30 07:46:29.924127
35281,0000,1217,106,2024-12-30 07:46:29.940120
33985,0000,1217,106,2024-12-30 07:46:29.956124
65265,0000,1217,106,2024-12-30 07:46:29.972126
01722,0000,1217,106,2024-12-30 07:46:29.988110
03886,0000,1217,106,2024-12-30 07:46:30.004112
00775,0000,1216,106,2024-12-30 07:46:30.020098
03750,0000,1216,106,2024-12-30 07:46:30.051537
03286,0000,1217,106,2024-12-30 07:46:30.068097
04558,0001,1217,106,2024-12-30 07:46:30.084093
63494,0000,1217,106,2024-12-30 07:46:30.100093
56815,0000,1217,106,2024-12-30 07:46:30.116101
51634,0000,1217,106,2024-12-30 07:46:30.132085
04524,0000,1217,106,2024-12-30 07:46:30.148082
07035,0000,1217,106,2024-12-30 07:46:30.164085
05410,0000,1217,106,2024-12-30 07:46:30.180083
12856,0000,1217,106,2024-12-30 07:46:30.196074
31177,0000,1217,106,2024-12-30 07:46:30.227923
03796,0000,1217,106,2024-12-30 07:46:30.244079
10077,0000,1217,106,2024-12-30 07:46:30.260065
03905,0000,1217,106,2024-12-30 07:46:30.276052
04793,0000,1217,106,2024-12-30 07:46:30.292059
54699,0000,1217,106,2024-12-30 07:46:30.308051
49211,0000,1217,106,2024-12-30 07:46:30.324054
53863,0000,1217,106,2024-12-30 07:46:30.340044
10909,0000,1217,106,2024-12-30 07:46:30.356040
28953,0000,1217,106,2024-12-30 07:46:30.387574
14757,0000,1217,106,2024-12-30 07:46:30.404035
20235,0000,1217,106,2024-12-30 07:46:30.420039
06300,0000,1216,106,2024-12-30 07:46:30.436031
40661,0001,1217,106,2024-12-30 07:46:30.452020
03777,0000,1217,106,2024-12-30 07:46:30.468021
00865,0000,1217,106,2024-12-30 07:46:30.484025
10114,0000,1217,106,2024-12-30 07:46:30.500023
04603,0000,1217,106,2024-12-30 07:46:30.516011
04645,0000,1217,106,2024-12-30 07:46:30.532007
03479,0000,1217,106,2024-12-30 07:46:30.563948
00196,0000,1217,106,2024-12-30 07:46:30.580001
47319,0000,1217,106,2024-12-30 07:46:30.596002
00724,0000,1217,106,2024-12-30 07:46:30.611998
63596,0000,1217,106,2024-12-30 07:46:30.627997
09375,0000,1217,106,2024-12-30 07:46:30.643992
04618,0000,1216,106,2024-12-30 07:46:30.659995
59862,0000,1217,106,2024-12-30 07:46:30.675985
65831,0000,1217,106,2024-12-30 07:46:30.691989
02343,0000,1216,106,2024-12-30 07:46:30.723591
03921,0000,1217,106,2024-12-30 07:46:30.739977
01581,0000,1217,106,2024-12-30 07:46:30.755976
49124,0000,1217,106,2024-12-30 07:46:30.771985
09270,0000,1217,106,2024-12-30 07:46:30.787978
21127,0000,1217,106,2024-12-30 07:46:30.803983
04653,0000,1217,106,2024-12-30 07:46:30.819984
03101,0000,1217,106,2024-12-30 07:46:30.835977
53366,0000,1217,106,2024-12-30 07:46:30.851986
00049,0000,1217,106,2024-12-30 07:46:30.867984
03781,0000,1217,106,2024-12-30 07:46:30.899993
09187,0000,1217,106,2024-12-30 07:46:30.915991
01521,0000,1217,106,2024-12-30 07:46:30.931994
29721,0000,1217,106,2024-12-30 07:46:30.947997
04625,0001,1217,106,2024-12-30 07:46:30.963927
14870,0000,1217,106,2024-12-30 07:46:30.979929
10969,0000,1217,106,2024-12-30 07:46:30.995923
04637,0001,1217,106,2024-12-30 07:46:31.011921
14626,0000,1217,106,2024-12-30 07:46:31.027915
03928,0000,1217,106,2024-12-30 07:46:31.059607
10135,0000,1217,106,2024-12-30 07:46:31.075904
09515,0000,1217,106,2024-12-30 07:46:31.091900
24169,0000,1217,106,2024-12-30 07:46:31.107895
16173,0000,1217,106,2024-12-30 07:46:31.123900
60051,0000,1217,106,2024-12-30 07:46:31.139898
51547,0000,1217,106,2024-12-30 07:46:31.155896
06185,0000,1217,106,2024-12-30 07:46:31.171888
26886,0000,1217,106,2024-12-30 07:46:31.187886
37023,0000,1217,106,2024-12-30 07:46:31.219245
49186,0000,1217,106,2024-12-30 07:46:31.235867
04654,0000,1217,106,2024-12-30 07:46:31.251872
15685,0000,1217,106,2024-12-30 07:46:31.267870
53049,0000,1217,106,2024-12-30 07:46:31.283857
59140,0000,1216,106,2024-12-30 07:46:31.299860
25815,0000,1217,106,2024-12-30 07:46:31.315863
03616,0000,1217,106,2024-12-30 07:46:31.331849
36120,0000,1217,106,2024-12-30 07:46:31.347847
00689,0000,1217,106,2024-12-30 07:46:31.363850
05395,0000,1217,106,2024-12-30 07:46:31.395645
09203,0000,1217,106,2024-12-30 07:46:31.411842
01687,0000,1217,106,2024-12-30 07:46:31.427839
00828,0000,1217,106,2024-12-30 07:46:31.443827
10866,0000,1217,106,2024-12-30 07:46:31.459832
31246,0000,1217,106,2024-12-30 07:46:31.475821
33091,0000,1217,106,2024-12-30 07:46:31.491818
45466,0000,1217,106,2024-12-30 07:46:31.507812
01125,0001,1217,106,2024-12-30 07:46:31.523822
01547,0000,1217,106,2024-12-30 07:46:31.555260
04569,0000,1217,106,2024-12-30 07:46:31.571806
02336,0000,1217,106,2024-12-30 07:46:31.587797
05573,0000,1217,106,2024-12-30 07:46:31.603801
00016,0000,1217,106,2024-12-30 07:46:31.619797
49085,0000,1217,106,2024-12-30 07:46:31.635801
01923,0001,1217,106,2024-12-30 07:46:31.651799
01931,0001,1217,106,2024-12-30 07:46:31.667803
65365,0000,1217,106,2024-12-30 07:46:31.683781
02153,0000,1217,106,2024-12-30 07:46:31.699782
03832,0000,1217,106,2024-12-30 07:46:31.731665
03955,0000,1217,106,2024-12-30 07:46:31.747773
05471,0000,1217,106,2024-12-30 07:46:31.763770
26587,0000,1217,106,2024-12-30 07:46:31.779769
00759,0001,1217,106,2024-12-30 07:46:31.795768
13669,0000,1217,106,2024-12-30 07:46:31.811757
39535,0000,1217,106,2024-12-30 07:46:31.827757
48356,0000,1217,106,2024-12-30 07:46:31.843755
04616,0000,1217,106,2024-12-30 07:46:31.859744
02826,0001,1217,106,2024-12-30 07:46:31.891311
24899,0000,1217,106,2024-12-30 07:46:31.907743
00926,0000,1217,106,2024-12-30 07:46:31.923754
01589,0000,1217,106,2024-12-30 07:46:31.939748
06281,0000,1217,106,2024-12-30 07:46:31.955730
19470,0000,1217,106,2024-12-30 07:46:31.971734
03680,0000,1217,106,2024-12-30 07:46:31.987724
51376,0000,1217,106,2024-12-30 07:46:32.003728
03621,0000,1217,106,2024-12-30 07:46:32.019719
08578,0000,1217,106,2024-12-30 07:46:32.035724
04586,0000,1217,106,2024-12-30 07:46:32.067702
05465,0000,1217,106,2024-12-30 07:46:32.083709
18932,0000,1217,106,2024-12-30 07:46:32.099708
50957,0000,1217,106,2024-12-30 07:46:32.115721
13953,0001,1217,106,2024-12-30 07:46:32.131711
04342,0000,1217,106,2024-12-30 07:46:32.147697
53116,0000,1217,106,2024-12-30 07:46:32.163688
01590,0001,1217,106,2024-12-30 07:46:32.179691
09194,0000,1217,106,2024-12-30 07:46:32.195685
00038,0000,1218,106,2024-12-30 07:46:32.227322
17769,0000,1217,106,2024-12-30 07:46:32.243686
07743,0000,1217,106,2024-12-30 07:46:32.259669
09242,0000,1217,106,2024-12-30 07:46:32.275670
23259,0000,1217,106,2024-12-30 07:46:32.291661
05487,0000,1217,106,2024-12-30 07:46:32.307676
08623,0000,1217,106,2024-12-30 07:46:32.323671
02074,0000,1217,106,2024-12-30 07:46:32.339670
02986,0000,1217,106,2024-12-30 07:46:32.355662
00632,0000,1217,106,2024-12-30 07:46:32.386966
00733,0000,1217,106,2024-12-30 07:46:32.403648
01091,0000,1217,106,2024-12-30 07:46:32.419643
53415,0000,1217,106,2024-12-30 07:46:32.435635
03062,0000,1218,106,2024-12-30 07:46:32.451648
17732,0000,1217,106,2024-12-30 07:46:32.467631
09349,0001,1217,106,2024-12-30 07:46:32.483631
02336,0000,1217,106,2024-12-30 07:46:32.499618
05441,0000,1217,106,2024-12-30 07:46:32.515628
02403,0000,1217,106,2024-12-30 07:46:32.531622
57670,0000,1217,106,2024-12-30 07:46:32.563351
21888,0001,1217,106,2024-12-30 07:46:32.579619
03773,0000,1217,106,2024-12-30 07:46:32.595610
02389,0000,1217,106,2024-12-30 07:46:32.611611
03464,0000,1218,106,2024-12-30 07:46:32.627595
30432,0000,1217,106,2024-12-30 07:46:32.643590
67913,0000,1218,106,2024-12-30 07:46:32.659595
04571,0000,1217,106,2024-12-30 07:46:32.675591
00787,0000,1217,106,2024-12-30 07:46:32.691591
54031,0000,1217,106,2024-12-30 07:46:32.723011
02466,0000,1217,106,2024-12-30 07:46:32.739593
40754,0001,1218,106,2024-12-30 07:46:32.755581
00704,0000,1218,106,2024-12-30 07:46:32.771573
21875,0000,1217,106,2024-12-30 07:46:32.787566
21971,0000,1217,106,2024-12-30 07:46:32.803566
01103,0000,1217,106,2024-12-30 07:46:32.819563
03938,0000,1217,106,2024-12-30 07:46:32.835564
06951,0000,1217,106,2024-12-30 07:46:32.851567
02688,0001,1217,106,2024-12-30 07:46:32.867558
04032,0000,1218,106,2024-12-30 07:46:32.899368
19336,0000,1218,106,2024-12-30 07:46:32.915543
05223,0001,1217,106,2024-12-30 07:46:32.931538
05362,0000,1217,106,2024-12-30 07:46:32.947531
54211,0000,1217,106,2024-12-30 07:46:32.963534
16543,0000,1217,106,2024-12-30 07:46:32.979532
10902,0000,1217,106,2024-12-30 07:46:32.995529
37611,0000,1218,106,2024-12-30 07:46:33.011520
05400,0000,1218,106,2024-12-30 07:46:33.027517
50091,0000,1217,106,2024-12-30 07:46:33.059027
20314,0000,1217,106,2024-12-30 07:46:33.075514
24308,0000,1217,106,2024-12-30 07:46:33.091508
05469,0000,1217,106,2024-12-30 07:46:33.107515
03876,0000,1217,106,2024-12-30 07:46:33.123495
54218,0000,1218,106,2024-12-30 07:46:33.139498
04548,0000,1217,106,2024-12-30 07:46:33.155490
28600,0001,1218,106,2024-12-30 07:46:33.171496
49041,0000,1217,106,2024-12-30 07:46:33.187498
03874,0000,1218,106,2024-12-30 07:46:33.203489
04558,0000,1218,106,2024-12-30 07:46:33.235416
58152,0000,1218,106,2024-12-30 07:46:33.251504
02359,0000,1218,106,2024-12-30 07:46:33.267482
04527,0000,1217,106,2024-12-30 07:46:33.283468
10159,0000,1218,106,2024-12-30 07:46:33.299470
01146,0001,1218,106,2024-12-30 07:46:33.315478
07776,0000,1217,106,2024-12-30 07:46:33.331470
04634,0000,1218,106,2024-12-30 07:46:33.347466
09271,0000,1218,106,2024-12-30 07:46:33.363463
10231,0000,1218,106,2024-12-30 07:46:33.395048
24887,0000,1218,106,2024-12-30 07:46:33.411449
02602,0000,1217,106,2024-12-30 07:46:33.427453
04707,0001,1217,106,2024-12-30 07:46:33.443443
04667,0000,1217,106,2024-12-30 07:46:33.459452
01746,0000,1218,106,2024-12-30 07:46:33.475439
21217,0000,1218,106,2024-12-30 07:46:33.491441
46667,0001,1217,106,2024-12-30 07:46:33.507439
04666,0001,1218,106,2024-12-30 07:46:33.523423
00765,0000,1218,106,2024-12-30 07:46:33.539419
02235,0000,1217,106,2024-12-30 07:46:33.571409
62816,0000,1217,106,2024-12-30 07:46:33.587409
06274,0000,1217,106,2024-12-30 07:46:33.603409
05620,0000,1218,106,2024-12-30 07:46:33.619411
63266,0000,1217,106,2024-12-30 07:46:33.635410
05376,0000,1218,106,2024-12-30 07:46:33.651403
55875,0000,1218,106,2024-12-30 07:46:33.667397
04978,0001,1218,106,2024-12-30 07:46:33.683388
18972,0000,1218,106,2024-12-30 07:46:33.699393
10171,0000,1218,106,2024-12-30 07:46:33.731091
00000,0000,1217,106,2024-12-30 07:46:33.747388
21199,0000,1218,106,2024-12-30 07:46:33.763377
23961,0000,1218,106,2024-12-30 07:46:33.779374
01047,0000,1218,106,2024-12-30 07:46:33.795379
03883,0000,1218,106,2024-12-30 07:46:33.811367
46610,0000,1218,106,2024-12-30 07:46:33.827373
25658,0000,1217,106,2024-12-30 07:46:33.843364
19370,0000,1218,106,2024-12-30 07:46:33.859356
00934,0000,1218,106,2024-12-30 07:46:33.890712
04657,0000,1218,106,2024-12-30 07:46:33.907356
03832,0000,1218,106,2024-12-30 07:46:33.923364
10105,0000,1218,106,2024-12-30 07:46:33.939360
01534,0000,1218,106,2024-12-30 07:46:33.955370
28304,0000,1217,106,2024-12-30 07:46:33.971370
08471,0000,1218,106,2024-12-30 07:46:33.987377
00952,0000,1218,106,2024-12-30 07:46:34.003375
05450,0000,1218,106,2024-12-30 07:46:34.019375
06278,0001,1218,106,2024-12-30 07:46:34.035384
22114,0000,1218,106,2024-12-30 07:46:34.067130
29520,0001,1218,106,2024-12-30 07:46:34.083392
05469,0000,1218,106,2024-12-30 07:46:34.099316
35149,0000,1218,106,2024-12-30 07:46:34.115305
25897,0000,1218,106,2024-12-30 07:46:34.131301
23395,0000,1218,106,2024-12-30 07:46:34.147300
20676,0000,1218,106,2024-12-30 07:46:34.163298
04818,0000,1218,106,2024-12-30 07:46:34.179300
04679,0000,1218,106,2024-12-30 07:46:34.195298
42356,0001,1218,106,2024-12-30 07:46:34.226742
12026,0001,1218,106,2024-12-30 07:46:34.243294
05538,0000,1218,106,2024-12-30 07:46:34.259281
19610,0000,1218,106,2024-12-30 07:46:34.275283
11077,0000,1217,106,2024-12-30 07:46:34.291272
00707,0000,1218,106,2024-12-30 07:46:34.307271
00064,0000,1218,106,2024-12-30 07:46:34.323266
49737,0000,1218,106,2024-12-30 07:46:34.339264
05517,0000,1218,106,2024-12-30 07:46:34.355263
02705,0000,1218,106,2024-12-30 07:46:34.371262
01965,0000,1218,106,2024-12-30 07:46:34.403137
03738,0000,1218,106,2024-12-30 07:46:34.419247
25018,0000,1218,106,2024-12-30 07:46:34.435247
36910,0000,1218,106,2024-12-30 07:46:34.451251
06900,0000,1218,106,2024-12-30 07:46:34.467241
12559,0000,1218,106,2024-12-30 07:46:34.483237
00833,0000,1218,106,2024-12-30 07:46:34.499240
10858,0001,1218,106,2024-12-30 07:46:34.515230
04664,0000,1218,106,2024-12-30 07:46:34.531232
05415,0001,1218,106,2024-12-30 07:46:34.562769
19393,0000,1218,106,2024-12-30 07:46:34.579216
04679,0000,1218,106,2024-12-30 07:46:34.595218
14813,0000,1218,106,2024-12-30 07:46:34.611209
03727,0000,1217,106,2024-12-30 07:46:34.627200
04448,0001,1218,106,2024-12-30 07:46:34.643201
05412,0000,1218,106,2024-12-30 07:46:34.659206
04600,0000,1218,106,2024-12-30 07:46:34.675210
04558,0000,1218,106,2024-12-30 07:46:34.691192
03067,0000,1218,106,2024-12-30 07:46:34.707194
05350,0000,1218,106,2024-12-30 07:46:34.739150
03105,0000,1218,106,2024-12-30 07:46:34.755180
04668,0000,1218,106,2024-12-30 07:46:34.771181
49598,0000,1218,106,2024-12-30 07:46:34.787177
05392,0000,1218,106,2024-12-30 07:46:34.803181
04223,0000,1218,106,2024-12-30 07:46:34.819169
04593,0000,1218,106,2024-12-30 07:46:34.835170
08405,0000,1218,106,2024-12-30 07:46:34.851168
34881,0000,1218,106,2024-12-30 07:46:34.867152
04668,0000,1218,106,2024-12-30 07:46:34.898780
05415,0000,1218,106,2024-12-30 07:46:34.915145
12433,0000,1218,106,2024-12-30 07:46:34.931142
23213,0000,1218,106,2024-12-30 07:46:34.947150
20219,0001,1218,106,2024-12-30 07:46:34.963134
00735,0000,1218,106,2024-12-30 07:46:34.979143
14866,0000,1219,106,2024-12-30 07:46:34.995136
00007,0000,1218,106,2024-12-30 07:46:35.011135
03639,0000,1218,106,2024-12-30 07:46:35.027126
15431,0000,1218,106,2024-12-30 07:46:35.043129
00609,0000,1218,106,2024-12-30 07:46:35.075116
57497,0000,1218,106,2024-12-30 07:46:35.091124
05480,0000,1218,106,2024-12-30 07:46:35.107121
03647,0000,1218,106,2024-12-30 07:46:35.123125
02858,0000,1218,106,2024-12-30 07:46:35.139113
27805,0000,1218,106,2024-12-30 07:46:35.155112
02467,0001,1218,106,2024-12-30 07:46:35.171117
10913,0000,1218,106,2024-12-30 07:46:35.187119
15800,0001,1218,106,2024-12-30 07:46:35.203108
14038,0000,1218,106,2024-12-30 07:46:35.234812
54186,0000,1218,106,2024-12-30 07:46:35.251114
03857,0000,1218,106,2024-12-30 07:46:35.267088
14719,0000,1218,106,2024-12-30 07:46:35.283101
00045,0000,1218,106,2024-12-30 07:46:35.299091
02282,0000,1218,106,2024-12-30 07:46:35.315089
63404,0000,1218,106,2024-12-30 07:46:35.331082
55855,0000,1218,106,2024-12-30 07:46:35.347084
01903,0000,1218,106,2024-12-30 07:46:35.363069
04704,0000,1218,106,2024-12-30 07:46:35.394455
17081,0000,1218,106,2024-12-30 07:46:35.411057
48296,0000,1218,106,2024-12-30 07:46:35.427056
54136,0000,1218,106,2024-12-30 07:46:35.443058
10143,0000,1218,106,2024-12-30 07:46:35.459064
04582,0000,1218,106,2024-12-30 07:46:35.475053
01667,0000,1218,106,2024-12-30 07:46:35.491048
04532,0001,1218,106,2024-12-30 07:46:35.507038
03652,0000,1218,106,2024-12-30 07:46:35.523033
11023,0001,1218,106,2024-12-30 07:46:35.539033
04895,0000,1218,106,2024-12-30 07:46:35.570840
10170,0001,1218,106,2024-12-30 07:46:35.587021
53069,0000,1218,106,2024-12-30 07:46:35.603025
05457,0000,1218,106,2024-12-30 07:46:35.619018
30464,0000,1218,106,2024-12-30 07:46:35.635020
63219,0000,1218,106,2024-12-30 07:46:35.651014
55881,0000,1218,106,2024-12-30 07:46:35.667015
29666,0000,1218,106,2024-12-30 07:46:35.683004
34659,0000,1219,106,2024-12-30 07:46:35.699011
10696,0000,1218,106,2024-12-30 07:46:35.730495
02046,0000,1218,106,2024-12-30 07:46:35.746997
24833,0000,1218,106,2024-12-30 07:46:35.762995
05089,0000,1218,106,2024-12-30 07:46:35.778989
64417,0000,1218,106,2024-12-30 07:46:35.794990
04522,0000,1218,106,2024-12-30 07:46:35.810983
24738,0000,1219,106,2024-12-30 07:46:35.826982
10160,0000,1218,106,2024-12-30 07:46:35.842989
04507,0001,1218,106,2024-12-30 07:46:35.858965
00687,0001,1218,106,2024-12-30 07:46:35.874968
19297,0000,1218,106,2024-12-30 07:46:35.906878
54261,0000,1218,106,2024-12-30 07:46:35.922964
09244,0000,1218,106,2024-12-30 07:46:35.938966
21844,0000,1218,106,2024-12-30 07:46:35.954959
61748,0000,1218,106,2024-12-30 07:46:35.970963
16481,0000,1218,106,2024-12-30 07:46:35.986953
26471,0000,1218,106,2024-12-30 07:46:36.002956
15522,0000,1218,106,2024-12-30 07:46:36.018945
04664,0000,1219,106,2024-12-30 07:46:36.034939
03853,0000,1218,106,2024-12-30 07:46:36.066510
04646,0000,1218,106,2024-12-30 07:46:36.082925
05515,0001,1218,106,2024-12-30 07:46:36.098928
04687,0000,1218,106,2024-12-30 07:46:36.114929
03908,0000,1218,106,2024-12-30 07:46:36.130924
36351,0000,1218,106,2024-12-30 07:46:36.146920
00796,0000,1218,106,2024-12-30 07:46:36.163122
52147,0000,1218,106,2024-12-30 07:46:36.178932
01500,0000,1218,106,2024-12-30 07:46:36.194908
-0008,0000,1218,106,2024-12-30 07:46:36.210905
15775,0000,1218,106,2024-12-30 07:46:36.242907
30238,0001,1218,106,2024-12-30 07:46:36.258891
01639,0000,1219,106,2024-12-30 07:46:36.274899
04563,0001,1218,106,2024-12-30 07:46:36.290897
22138,0001,1218,106,2024-12-30 07:46:36.306901
04605,0000,1219,106,2024-12-30 07:46:36.322889
03018,0000,1218,106,2024-12-30 07:46:36.338877
03184,0000,1218,106,2024-12-30 07:46:36.354878
59045,0000,1218,106,2024-12-30 07:46:36.370868
48800,0000,1218,106,2024-12-30 07:46:36.402535
10114,0001,1218,106,2024-12-30 07:46:36.418864
00898,0001,1218,106,2024-12-30 07:46:36.434866
43263,0000,1218,106,2024-12-30 07:46:36.450860
16397,0000,1218,106,2024-12-30 07:46:36.466851
04715,0000,1218,106,2024-12-30 07:46:36.482858
38463,0000,1218,106,2024-12-30 07:46:36.498850
48791,0000,1218,106,2024-12-30 07:46:36.514853
31543,0000,1219,106,2024-12-30 07:46:36.530844
44076,0000,1218,106,2024-12-30 07:46:36.562163
01661,0000,1218,106,2024-12-30 07:46:36.578835
02996,0000,1218,106,2024-12-30 07:46:36.594830
03058,0000,1218,106,2024-12-30 07:46:36.610824
05485,0000,1218,106,2024-12-30 07:46:36.626826
19965,0000,1218,106,2024-12-30 07:46:36.642813
04658,0000,1218,106,2024-12-30 07:46:36.658813
04593,0001,1218,106,2024-12-30 07:46:36.674804
01551,0000,1218,106,2024-12-30 07:46:36.690813
15556,0000,1219,106,2024-12-30 07:46:36.706805
03555,0001,1218,106,2024-12-30 07:46:36.738559
00965,0000,1218,106,2024-12-30 07:46:36.754813
01822,0000,1218,106,2024-12-30 07:46:36.770795
58202,0000,1218,106,2024-12-30 07:46:36.786797
28766,0000,1219,106,2024-12-30 07:46:36.802784
01106,0000,1218,106,2024-12-30 07:46:36.818787
04453,0000,1219,106,2024-12-30 07:46:36.834781
50798,0000,1219,106,2024-12-30 07:46:36.850781
04508,0000,1218,106,2024-12-30 07:46:36.866773
52207,0000,1219,106,2024-12-30 07:46:36.898201
03765,0000,1218,106,2024-12-30 07:46:36.914774
10178,0000,1219,106,2024-12-30 07:46:36.930760
19353,0001,1219,106,2024-12-30 07:46:36.946772
20276,0000,1219,106,2024-12-30 07:46:36.962765
01568,0000,1218,106,2024-12-30 07:46:36.978757
40317,0001,1218,106,2024-12-30 07:46:36.994749
00858,0000,1218,106,2024-12-30 07:46:37.010753
03916,0000,1218,106,2024-12-30 07:46:37.026766
00052,0000,1219,106,2024-12-30 07:46:37.042760
22081,0000,1219,106,2024-12-30 07:46:37.074608
03626,0000,1219,106,2024-12-30 07:46:37.090773
60258,0000,1219,106,2024-12-30 07:46:37.106769
19423,0000,1218,106,2024-12-30 07:46:37.122772
03633,0000,1219,106,2024-12-30 07:46:37.138773
03129,0000,1218,106,2024-12-30 07:46:37.154774
03761,0000,1218,106,2024-12-30 07:46:37.170770
05475,0000,1219,106,2024-12-30 07:46:37.186776
49186,0000,1219,106,2024-12-30 07:46:37.202777
01086,0000,1219,106,2024-12-30 07:46:37.234217
16404,0000,1218,106,2024-12-30 07:46:37.250709
19339,0000,1219,106,2024-12-30 07:46:37.266705
67909,0000,1218,106,2024-12-30 07:46:37.282698
03879,0000,1218,106,2024-12-30 07:46:37.298684
03799,0000,1219,106,2024-12-30 07:46:37.314718
12029,0000,1219,106,2024-12-30 07:46:37.330689
49081,0000,1219,106,2024-12-30 07:46:37.346681
03661,0000,1218,106,2024-12-30 07:46:37.362675
00006,0000,1219,106,2024-12-30 07:46:37.378685
05304,0000,1218,106,2024-12-30 07:46:37.410615
01726,0001,1219,106,2024-12-30 07:46:37.426671
32309,0000,1219,106,2024-12-30 07:46:37.442664
06791,0000,1219,106,2024-12-30 07:46:37.458667
04679,0000,1218,106,2024-12-30 07:46:37.474655
04603,0000,1219,106,2024-12-30 07:46:37.490654
24876,0000,1219,106,2024-12-30 07:46:37.506657
37728,0000,1219,106,2024-12-30 07:46:37.522658
20185,0000,1219,106,2024-12-30 07:46:37.538649
09232,0001,1218,106,2024-12-30 07:46:37.570238
33049,0000,1219,106,2024-12-30 07:46:37.586636
05427,0000,1218,106,2024-12-30 07:46:37.602631
12350,0000,1219,106,2024-12-30 07:46:37.618634
03835,0000,1219,106,2024-12-30 07:46:37.634624
04751,0000,1219,106,2024-12-30 07:46:37.650628
06370,0000,1219,106,2024-12-30 07:46:37.666619
07679,0000,1219,106,2024-12-30 07:46:37.682622
00763,0000,1219,106,2024-12-30 07:46:37.698610
02114,0000,1219,106,2024-12-30 07:46:37.714614
25830,0000,1219,106,2024-12-30 07:46:37.746611
04625,0000,1219,106,2024-12-30 07:46:37.762603
10843,0000,1219,106,2024-12-30 07:46:37.778602
03100,0000,1219,106,2024-12-30 07:46:37.794607
05469,0000,1219,106,2024-12-30 07:46:37.810591
25644,0000,1219,106,2024-12-30 07:46:37.826593
30286,0000,1219,106,2024-12-30 07:46:37.842584
04641,0000,1219,106,2024-12-30 07:46:37.858582
02930,0001,1219,106,2024-12-30 07:46:37.874580
04550,0000,1219,106,2024-12-30 07:46:37.906260
14766,0000,1219,106,2024-12-30 07:46:37.922577
46235,0000,1219,106,2024-12-30 07:46:37.938565
17781,0000,1219,106,2024-12-30 07:46:37.954559
08547,0000,1219,106,2024-12-30 07:46:37.970562
04507,0000,1219,106,2024-12-30 07:46:37.986557
00888,0000,1219,106,2024-12-30 07:46:38.002555
11067,0000,1219,106,2024-12-30 07:46:38.018547
15598,0000,1219,106,2024-12-30 07:46:38.034545
11141,0000,1219,106,2024-12-30 07:46:38.065904
00765,0000,1219,106,2024-12-30 07:46:38.082537
59188,0000,1219,106,2024-12-30 07:46:38.098539
03112,0000,1219,106,2024-12-30 07:46:38.114545
45390,0000,1219,106,2024-12-30 07:46:38.130554
03874,0000,1219,106,2024-12-30 07:46:38.146539
01027,0000,1219,106,2024-12-30 07:46:38.162530
36137,0000,1219,106,2024-12-30 07:46:38.178534
03854,0000,1219,106,2024-12-30 07:46:38.194513
04671,0001,1219,106,2024-12-30 07:46:38.210520
03081,0000,1219,106,2024-12-30 07:46:38.242317
64175,0000,1219,106,2024-12-30 07:46:38.258507
63477,0000,1219,106,2024-12-30 07:46:38.274508
10948,0000,1219,106,2024-12-30 07:46:38.290511
03781,0000,1219,106,2024-12-30 07:46:38.306513
39812,0001,1219,106,2024-12-30 07:46:38.322495
00089,0000,1219,106,2024-12-30 07:46:38.338493
02346,0000,1219,106,2024-12-30 07:46:38.354486
04647,0000,1219,106,2024-12-30 07:46:38.370488
50112,0000,1219,106,2024-12-30 07:46:38.401926
03860,0000,1219,106,2024-12-30 07:46:38.418477
04699,0000,1219,106,2024-12-30 07:46:38.434473
21003,0000,1219,106,2024-12-30 07:46:38.450463
04685,0000,1219,106,2024-12-30 07:46:38.466457
04642,0000,1219,106,2024-12-30 07:46:38.482459
03860,0000,1219,106,2024-12-30 07:46:38.498450
03693,0000,1219,106,2024-12-30 07:46:38.514448
58550,0000,1219,106,2024-12-30 07:46:38.530438
14703,0000,1219,106,2024-12-30 07:46:38.546448
05481,0001,1219,106,2024-12-30 07:46:38.578342
03094,0000,1219,106,2024-12-30 07:46:38.594446
02991,0000,1219,106,2024-12-30 07:46:38.610430
13921,0000,1219,106,2024-12-30 07:46:38.626431
02500,0000,1219,106,2024-12-30 07:46:38.642413
04030,0000,1219,106,2024-12-30 07:46:38.658420
62810,0000,1219,106,2024-12-30 07:46:38.674413
04693,0000,1219,106,2024-12-30 07:46:38.690414
45814,0001,1219,106,2024-12-30 07:46:38.706405
03031,0000,1219,106,2024-12-30 07:46:38.737964
08547,0000,1219,106,2024-12-30 07:46:38.754408
48141,0000,1219,106,2024-12-30 07:46:38.770392
15587,0000,1219,106,2024-12-30 07:46:38.786393
01643,0000,1219,106,2024-12-30 07:46:38.802390
54090,0000,1219,106,2024-12-30 07:46:38.818402
15635,0000,1219,106,2024-12-30 07:46:38.834386
19451,0000,1219,106,2024-12-30 07:46:38.850389
00054,0000,1219,106,2024-12-30 07:46:38.866383
08390,0000,1219,106,2024-12-30 07:46:38.882385
04810,0000,1219,106,2024-12-30 07:46:38.914352
48806,0000,1219,106,2024-12-30 07:46:38.930370
05311,0000,1219,106,2024-12-30 07:46:38.946361
09266,0000,1219,106,2024-12-30 07:46:38.962372
23144,0000,1219,106,2024-12-30 07:46:38.978350
21824,0000,1219,106,2024-12-30 07:46:38.994354
03547,0000,1219,106,2024-12-30 07:46:39.010344
00796,0000,1219,106,2024-12-30 07:46:39.026347
55110,0000,1219,106,2024-12-30 07:46:39.042342
13334,0000,1219,106,2024-12-30 07:46:39.073986
05461,0000,1219,106,2024-12-30 07:46:39.090346
08627,0000,1219,106,2024-12-30 07:46:39.106348
25839,0000,1219,106,2024-12-30 07:46:39.122328
15566,0000,1219,106,2024-12-30 07:46:39.138321
00208,0000,1219,106,2024-12-30 07:46:39.154325
18423,0000,1219,106,2024-12-30 07:46:39.170316
16255,0000,1219,106,2024-12-30 07:46:39.186306
20258,0000,1219,106,2024-12-30 07:46:39.202309
03978,0000,1219,106,2024-12-30 07:46:39.233621
00753,0000,1219,106,2024-12-30 07:46:39.250321
04550,0001,1219,106,2024-12-30 07:46:39.266300
14747,0000,1219,106,2024-12-30 07:46:39.282294
61650,0000,1219,106,2024-12-30 07:46:39.298290
00756,0001,1219,106,2024-12-30 07:46:39.314286
08593,0000,1219,106,2024-12-30 07:46:39.330282
55645,0000,1219,106,2024-12-30 07:46:39.346293
03582,0000,1219,106,2024-12-30 07:46:39.362291
05327,0000,1219,106,2024-12-30 07:46:39.378270
60166,0000,1220,106,2024-12-30 07:46:39.410021
02807,0001,1220,106,2024-12-30 07:46:39.426272
03944,0000,1219,106,2024-12-30 07:46:39.442260
02059,0000,1219,106,2024-12-30 07:46:39.458271
13937,0000,1219,106,2024-12-30 07:46:39.474267
06293,0000,1219,106,2024-12-30 07:46:39.490253
01592,0000,1219,106,2024-12-30 07:46:39.506255
02437,0000,1219,106,2024-12-30 07:46:39.522259
12149,0000,1219,106,2024-12-30 07:46:39.538249
09126,0000,1219,106,2024-12-30 07:46:39.569648
04669,0000,1219,106,2024-12-30 07:46:39.586236
20294,0000,1219,106,2024-12-30 07:46:39.602239
03805,0000,1219,106,2024-12-30 07:46:39.618230
29488,0000,1219,106,2024-12-30 07:46:39.634232
05432,0000,1220,106,2024-12-30 07:46:39.650225
03751,0000,1219,106,2024-12-30 07:46:39.666225
00795,0001,1219,106,2024-12-30 07:46:39.682214
05450,0000,1219,106,2024-12-30 07:46:39.698213
24051,0001,1219,106,2024-12-30 07:46:39.714210
60698,0000,1219,106,2024-12-30 07:46:39.746057
55149,0000,1219,106,2024-12-30 07:46:39.762213
24836,0000,1219,106,2024-12-30 07:46:39.778209
01154,0000,1219,106,2024-12-30 07:46:39.794196
23929,0000,1220,106,2024-12-30 07:46:39.810196
05380,0000,1220,106,2024-12-30 07:46:39.826186
23131,0001,1219,106,2024-12-30 07:46:39.842193
26240,0000,1219,106,2024-12-30 07:46:39.858183
03926,0000,1219,106,2024-12-30 07:46:39.874186
16395,0000,1219,106,2024-12-30 07:46:39.905682
03942,0001,1219,106,2024-12-30 07:46:39.922171
05425,0000,1219,106,2024-12-30 07:46:39.938168
65289,0000,1219,106,2024-12-30 07:46:39.954161
04585,0000,1220,106,2024-12-30 07:46:39.970163
04005,0000,1219,106,2024-12-30 07:46:39.986156
16478,0000,1219,106,2024-12-30 07:46:40.002160
47984,0000,1219,106,2024-12-30 07:46:40.018148
46539,0000,1220,106,2024-12-30 07:46:40.034149
10415,0000,1219,106,2024-12-30 07:46:40.050140
25831,0000,1219,106,2024-12-30 07:46:40.082062
16322,0000,1220,106,2024-12-30 07:46:40.098141
44982,0000,1220,106,2024-12-30 07:46:40.114131
05410,0000,1220,106,2024-12-30 07:46:40.130134
09331,0000,1219,106,2024-12-30 07:46:40.146133
05451,0000,1220,106,2024-12-30 07:46:40.162135
03837,0000,1220,106,2024-12-30 07:46:40.178139
05453,0000,1219,106,2024-12-30 07:46:40.194142
09278,0000,1219,106,2024-12-30 07:46:40.210143
05409,0000,1219,106,2024-12-30 07:46:40.241734
01546,0000,1220,106,2024-12-30 07:46:40.258156
03741,0000,1219,106,2024-12-30 07:46:40.274153
29675,0000,1219,106,2024-12-30 07:46:40.290158
32170,0000,1219,106,2024-12-30 07:46:40.306167
09250,0000,1219,106,2024-12-30 07:46:40.322156
03401,0000,1220,106,2024-12-30 07:46:40.338088
00686,0000,1220,106,2024-12-30 07:46:40.354089
05461,0000,1219,106,2024-12-30 07:46:40.370083
02891,0001,1220,106,2024-12-30 07:46:40.386086
10147,0000,1219,106,2024-12-30 07:46:40.418079
25943,0000,1220,106,2024-12-30 07:46:40.434069
06304,0000,1220,106,2024-12-30 07:46:40.450072
02759,0000,1220,106,2024-12-30 07:46:40.466064
61984,0000,1219,106,2024-12-30 07:46:40.482057
31460,0000,1220,106,2024-12-30 07:46:40.498059
24843,0000,1220,106,2024-12-30 07:46:40.514059
02789,0000,1219,106,2024-12-30 07:46:40.530064
05527,0001,1220,106,2024-12-30 07:46:40.546037
04638,0000,1219,106,2024-12-30 07:46:40.577722
44841,0000,1220,106,2024-12-30 07:46:40.594037
00976,0000,1220,106,2024-12-30 07:46:40.610032
25863,0000,1220,106,2024-12-30 07:46:40.626038
05493,0000,1219,106,2024-12-30 07:46:40.642036
31464,0001,1220,106,2024-12-30 07:46:40.658019
09284,0000,1219,106,2024-12-30 07:46:40.674023
01788,0001,1219,106,2024-12-30 07:46:40.690019
13193,0000,1220,106,2024-12-30 07:46:40.706014
10195,0001,1220,106,2024-12-30 07:46:40.737362
05386,0000,1220,106,2024-12-30 07:46:40.753996
26385,0000,1220,106,2024-12-30 07:46:40.769997
53481,0000,1219,106,2024-12-30 07:46:40.785999
14787,0000,1220,106,2024-12-30 07:46:40.802000
03958,0000,1220,106,2024-12-30 07:46:40.817993
61543,0000,1220,106,2024-12-30 07:46:40.833994
41043,0000,1219,106,2024-12-30 07:46:40.849987
18618,0000,1220,106,2024-12-30 07:46:40.865990
04724,0000,1220,106,2024-12-30 07:46:40.881978
04600,0000,1220,106,2024-12-30 07:46:40.913769
20266,0000,1219,106,2024-12-30 07:46:40.929971
23208,0000,1219,106,2024-12-30 07:46:40.945966
41528,0000,1219,106,2024-12-30 07:46:40.961965
00837,0001,1220,106,2024-12-30 07:46:40.977958
04628,0001,1220,106,2024-12-30 07:46:40.993957
59860,0000,1220,106,2024-12-30 07:46:41.009962
10904,0000,1220,106,2024-12-30 07:46:41.025955
07682,0000,1220,106,2024-12-30 07:46:41.041957
02686,0000,1220,106,2024-12-30 07:46:41.073391
04733,0000,1220,106,2024-12-30 07:46:41.089941
02990,0000,1220,106,2024-12-30 07:46:41.105930
17516,0000,1220,106,2024-12-30 07:46:41.121935
00915,0000,1219,106,2024-12-30 07:46:41.137931
10142,0001,1220,106,2024-12-30 07:46:41.153929
02040,0000,1220,106,2024-12-30 07:46:41.169924
20413,0000,1220,106,2024-12-30 07:46:41.185922
19228,0000,1220,106,2024-12-30 07:46:41.201916
19652,0000,1220,106,2024-12-30 07:46:41.217919
04577,0001,1220,106,2024-12-30 07:46:41.249792
01866,0000,1220,106,2024-12-30 07:46:41.265902
02599,0000,1220,106,2024-12-30 07:46:41.281909
35333,0000,1220,106,2024-12-30 07:46:41.297908
01862,0000,1220,106,2024-12-30 07:46:41.313905
02533,0000,1220,106,2024-12-30 07:46:41.329893
28745,0001,1220,106,2024-12-30 07:46:41.345894
04081,0000,1220,106,2024-12-30 07:46:41.361894
15508,0000,1220,106,2024-12-30 07:46:41.377883
10168,0000,1220,106,2024-12-30 07:46:41.409418
02995,0000,1220,106,2024-12-30 07:46:41.425889
05490,0000,1220,106,2024-12-30 07:46:41.441869
14244,0000,1220,106,2024-12-30 07:46:41.457874
45325,0000,1220,106,2024-12-30 07:46:41.473865
32377,0000,1220,106,2024-12-30 07:46:41.489871
04572,0000,1220,106,2024-12-30 07:46:41.505862
37773,0001,1220,106,2024-12-30 07:46:41.521847
54286,0000,1220,106,2024-12-30 07:46:41.537854
29468,0001,1220,106,2024-12-30 07:46:41.553849
00900,0000,1220,106,2024-12-30 07:46:41.585811
25821,0001,1220,106,2024-12-30 07:46:41.601848
47530,0001,1220,106,2024-12-30 07:46:41.617837
02718,0000,1220,106,2024-12-30 07:46:41.633837
14722,0000,1220,106,2024-12-30 07:46:41.649827
01556,0000,1220,106,2024-12-30 07:46:41.665828
15767,0000,1220,106,2024-12-30 07:46:41.681833
40634,0000,1220,106,2024-12-30 07:46:41.697835
29664,0000,1220,106,2024-12-30 07:46:41.713818
03778,0000,1220,106,2024-12-30 07:46:41.745446
03895,0000,1220,106,2024-12-30 07:46:41.761808
53086,0000,1220,106,2024-12-30 07:46:41.777807
41629,0000,1220,106,2024-12-30 07:46:41.793803
02740,0000,1220,106,2024-12-30 07:46:41.809809
13862,0001,1220,106,2024-12-30 07:46:41.825808
04554,0000,1220,106,2024-12-30 07:46:41.841798
15009,0000,1220,106,2024-12-30 07:46:41.857793
13325,0000,1220,106,2024-12-30 07:46:41.873791
15644,0001,1220,106,2024-12-30 07:46:41.889788
07925,0000,1220,106,2024-12-30 07:46:41.921775
57320,0000,1220,106,2024-12-30 07:46:41.937779
55057,0000,1220,106,2024-12-30 07:46:41.953773
04662,0000,1220,106,2024-12-30 07:46:41.969772
00046,0000,1220,106,2024-12-30 07:46:41.985766
19478,0000,1220,106,2024-12-30 07:46:42.001773
04031,0000,1220,106,2024-12-30 07:46:42.017762
03735,0000,1220,106,2024-12-30 07:46:42.033766
14645,0001,1220,106,2024-12-30 07:46:42.049757
03898,0000,1220,106,2024-12-30 07:46:42.081471
00939,0000,1220,106,2024-12-30 07:46:42.097748
01604,0000,1220,106,2024-12-30 07:46:42.113749
14024,0000,1220,106,2024-12-30 07:46:42.129743
55639,0000,1220,106,2024-12-30 07:46:42.145747
13342,0000,1220,106,2024-12-30 07:46:42.161736
04436,0000,1220,106,2024-12-30 07:46:42.177736
03794,0000,1220,106,2024-12-30 07:46:42.193731
40936,0000,1220,106,2024-12-30 07:46:42.209730
09458,0000,1220,106,2024-12-30 07:46:42.241134
08489,0000,1220,106,2024-12-30 07:46:42.257712
05467,0000,1220,106,2024-12-30 07:46:42.273714
07138,0000,1220,106,2024-12-30 07:46:42.289707
02976,0000,1220,106,2024-12-30 07:46:42.305709
55972,0000,1220,106,2024-12-30 07:46:42.321694
48845,0000,1220,106,2024-12-30 07:46:42.337703
53025,0001,1220,106,2024-12-30 07:46:42.353691
07552,0000,1220,106,2024-12-30 07:46:42.369692
29491,0000,1220,106,2024-12-30 07:46:42.385690
50660,0000,1220,106,2024-12-30 07:46:42.417508
03884,0000,1220,106,2024-12-30 07:46:42.433677
58331,0000,1220,106,2024-12-30 07:46:42.449680
03723,0000,1220,106,2024-12-30 07:46:42.465678
04735,0000,1220,106,2024-12-30 07:46:42.481684
17291,0001,1220,106,2024-12-30 07:46:42.497666
33246,0000,1220,106,2024-12-30 07:46:42.513663
00812,0000,1220,106,2024-12-30 07:46:42.529650
14789,0001,1220,106,2024-12-30 07:46:42.545649
53061,0000,1220,106,2024-12-30 07:46:42.577118
01645,0000,1220,106,2024-12-30 07:46:42.593647
57614,0000,1220,106,2024-12-30 07:46:42.609652
03752,0001,1220,106,2024-12-30 07:46:42.625640
00001,0000,1220,106,2024-12-30 07:46:42.641632
04640,0000,1220,106,2024-12-30 07:46:42.657629
09321,0001,1220,106,2024-12-30 07:46:42.673624
00873,0000,1220,106,2024-12-30 07:46:42.689626
04741,0000,1220,106,2024-12-30 07:46:42.705618
02472,0000,1220,106,2024-12-30 07:46:42.721623
38546,0001,1220,106,2024-12-30 07:46:42.753530
23210,0001,1220,106,2024-12-30 07:46:42.769615
02316,0000,1220,106,2024-12-30 07:46:42.785612
20196,0000,1220,106,2024-12-30 07:46:42.801601
10942,0000,1220,106,2024-12-30 07:46:42.817607
18589,0000,1220,106,2024-12-30 07:46:42.833597
09966,0000,1220,106,2024-12-30 07:46:42.849595
03876,0000,1220,106,2024-12-30 07:46:42.865601
02218,0000,1220,106,2024-12-30 07:46:42.881583
03079,0000,1220,106,2024-12-30 07:46:42.913161
03761,0000,1220,106,2024-12-30 07:46:42.929579
08234,0000,1220,106,2024-12-30 07:46:42.945568
00693,0000,1220,106,2024-12-30 07:46:42.961574
29057,0000,1220,106,2024-12-30 07:46:42.977571
00056,0000,1220,106,2024-12-30 07:46:42.993573
28830,0000,1220,106,2024-12-30 07:46:43.009562
49182,0000,1220,106,2024-12-30 07:46:43.025561
02916,0000,1220,106,2024-12-30 07:46:43.041549
38636,0000,1220,106,2024-12-30 07:46:43.057553
14652,0000,1220,106,2024-12-30 07:46:43.089549
03429,0000,1220,106,2024-12-30 07:46:43.105546
03770,0001,1220,106,2024-12-30 07:46:43.121538
01532,0001,1220,106,2024-12-30 07:46:43.137535
12718,0000,1220,106,2024-12-30 07:46:43.153547
02074,0000,1220,106,2024-12-30 07:46:43.169536
05491,0000,1220,106,2024-12-30 07:46:43.185535
53397,0000,1220,106,2024-12-30 07:46:43.201528
10092,0000,1220,106,2024-12-30 07:46:43.217528
13099,0000,1220,106,2024-12-30 07:46:43.249194
03219,0000,1220,106,2024-12-30 07:46:43.265528
61014,0001,1220,106,2024-12-30 07:46:43.281524
42471,0001,1220,106,2024-12-30 07:46:43.297528
21136,0000,1220,106,2024-12-30 07:46:43.313528
03533,0000,1220,106,2024-12-30 07:46:43.329535
02152,0000,1220,106,2024-12-30 07:46:43.345537
26049,0001,1220,106,2024-12-30 07:46:43.361537
57580,0000,1220,106,2024-12-30 07:46:43.377550
11582,0000,1220,106,2024-12-30 07:46:43.408856
03861,0000,1220,106,2024-12-30 07:46:43.425551
05438,0000,1220,106,2024-12-30 07:46:43.441553
10139,0000,1220,106,2024-12-30 07:46:43.457481
64106,0000,1220,106,2024-12-30 07:46:43.473483
05430,0001,1220,106,2024-12-30 07:46:43.489473
04828,0000,1220,106,2024-12-30 07:46:43.505473
29193,0000,1220,106,2024-12-30 07:46:43.521468
15617,0000,1220,106,2024-12-30 07:46:43.537466
03183,0000,1220,106,2024-12-30 07:46:43.553459
03765,0000,1220,106,2024-12-30 07:46:43.585218
04698,0001,1220,106,2024-12-30 07:46:43.601455
00861,0000,1220,106,2024-12-30 07:46:43.617449
07860,0000,1221,106,2024-12-30 07:46:43.633451
20202,0000,1221,106,2024-12-30 07:46:43.649450
34351,0000,1220,106,2024-12-30 07:46:43.665430
58518,0000,1220,106,2024-12-30 07:46:43.681433
08589,0000,1221,106,2024-12-30 07:46:43.697432
56744,0000,1220,106,2024-12-30 07:46:43.713435
28415,0000,1220,106,2024-12-30 07:46:43.744863
38694,0001,1220,106,2024-12-30 07:46:43.761429
11699,0000,1221,106,2024-12-30 07:46:43.777421
49848,0000,1221,106,2024-12-30 07:46:43.793412
10033,0000,1220,106,2024-12-30 07:46:43.809406
31399,0000,1220,106,2024-12-30 07:46:43.825404
03813,0001,1221,106,2024-12-30 07:46:43.841405
04025,0000,1220,106,2024-12-30 07:46:43.857395
01854,0000,1220,106,2024-12-30 07:46:43.873393
28731,0000,1220,106,2024-12-30 07:46:43.889394
39798,0000,1221,106,2024-12-30 07:46:43.921244
01818,0000,1220,106,2024-12-30 07:46:43.937378
22935,0000,1220,106,2024-12-30 07:46:43.953379
13950,0000,1221,106,2024-12-30 07:46:43.969376
00837,0000,1220,106,2024-12-30 07:46:43.985371
15834,0000,1221,106,2024-12-30 07:46:44.001367
04626,0000,1220,106,2024-12-30 07:46:44.017370
29667,0000,1221,106,2024-12-30 07:46:44.033377
29803,0000,1220,106,2024-12-30 07:46:44.049364
03782,0000,1221,106,2024-12-30 07:46:44.080880
-0010,0000,1220,106,2024-12-30 07:46:44.097354
00739,0000,1221,106,2024-12-30 07:46:44.113343
04679,0000,1221,106,2024-12-30 07:46:44.129359
00780,0000,1220,106,2024-12-30 07:46:44.145358
11119,0000,1220,106,2024-12-30 07:46:44.161362
03227,0000,1221,106,2024-12-30 07:46:44.177337
24156,0000,1220,106,2024-12-30 07:46:44.193337
43996,0000,1221,106,2024-12-30 07:46:44.209329
03849,0000,1220,106,2024-12-30 07:46:44.225331
10037,0000,1221,106,2024-12-30 07:46:44.257285
05184,0000,1220,106,2024-12-30 07:46:44.273319
58519,0001,1221,106,2024-12-30 07:46:44.289328
03106,0000,1221,106,2024-12-30 07:46:44.305326
63567,0000,1220,106,2024-12-30 07:46:44.321317
01811,0000,1221,106,2024-12-30 07:46:44.337313
05336,0000,1220,106,2024-12-30 07:46:44.353316
23995,0000,1220,106,2024-12-30 07:46:44.369304
18650,0000,1221,106,2024-12-30 07:46:44.385308
11816,0000,1221,106,2024-12-30 07:46:44.416906
01634,0000,1221,106,2024-12-30 07:46:44.433300
05537,0000,1220,106,2024-12-30 07:46:44.449285
03329,0000,1220,106,2024-12-30 07:46:44.465294
02202,0000,1221,106,2024-12-30 07:46:44.481278
36972,0000,1221,106,2024-12-30 07:46:44.497276
00746,0000,1221,106,2024-12-30 07:46:44.513267
03901,0000,1221,106,2024-12-30 07:46:44.529269
08552,0000,1221,106,2024-12-30 07:46:44.545266
02781,0001,1220,106,2024-12-30 07:46:44.561264
39413,0000,1220,106,2024-12-30 07:46:44.593255
03154,0000,1220,106,2024-12-30 07:46:44.609252
14749,0000,1221,106,2024-12-30 07:46:44.625251
02110,0000,1221,106,2024-12-30 07:46:44.641243
07423,0000,1221,106,2024-12-30 07:46:44.657243
52577,0000,1221,106,2024-12-30 07:46:44.673241
05488,0000,1221,106,2024-12-30 07:46:44.689229
03477,0000,1221,106,2024-12-30 07:46:44.705231
16431,0000,1221,106,2024-12-30 07:46:44.721225
00176,0000,1221,106,2024-12-30 07:46:44.752939
03502,0000,1221,106,2024-12-30 07:46:44.769221
01841,0000,1221,106,2024-12-30 07:46:44.785214
03894,0000,1221,106,2024-12-30 07:46:44.801211
00069,0000,1220,106,2024-12-30 07:46:44.817215
62765,0001,1221,106,2024-12-30 07:46:44.833219
02775,0000,1221,106,2024-12-30 07:46:44.849202
20254,0000,1221,106,2024-12-30 07:46:44.865202
04577,0001,1221,106,2024-12-30 07:46:44.881194
38642,0000,1221,106,2024-12-30 07:46:44.912582
02948,0000,1220,106,2024-12-30 07:46:44.929189
54341,0000,1221,106,2024-12-30 07:46:44.945189
03805,0000,1221,106,2024-12-30 07:46:44.961179
23226,0000,1220,106,2024-12-30 07:46:44.977179
54236,0000,1220,106,2024-12-30 07:46:44.993175
10161,0000,1221,106,2024-12-30 07:46:45.009175
19475,0000,1221,106,2024-12-30 07:46:45.025167
01648,0000,1221,106,2024-12-30 07:46:45.041165
08476,0000,1221,106,2024-12-30 07:46:45.057160
19410,0000,1221,106,2024-12-30 07:46:45.088941
45028,0000,1221,106,2024-12-30 07:46:45.105160
20112,0000,1221,106,2024-12-30 07:46:45.121147
10813,0000,1221,106,2024-12-30 07:46:45.137151
14855,0000,1221,106,2024-12-30 07:46:45.153140
14743,0001,1221,106,2024-12-30 07:46:45.169145
50067,0000,1221,106,2024-12-30 07:46:45.185142
03870,0000,1221,106,2024-12-30 07:46:45.201147
05472,0000,1220,106,2024-12-30 07:46:45.217150
44197,0000,1221,106,2024-12-30 07:46:45.248611
00956,0000,1221,106,2024-12-30 07:46:45.265126
-0010,0001,1221,106,2024-12-30 07:46:45.281119
04592,0000,1220,106,2024-12-30 07:46:45.297119
01533,0000,1221,106,2024-12-30 07:46:45.313128
00763,0000,1221,106,2024-12-30 07:46:45.329115
03006,0000,1221,106,2024-12-30 07:46:45.345116
52548,0000,1221,106,2024-12-30 07:46:45.361106
03055,0000,1220,106,2024-12-30 07:46:45.377102
65798,0000,1221,106,2024-12-30 07:46:45.393104
57429,0000,1221,106,2024-12-30 07:46:45.425006
02699,0000,1221,106,2024-12-30 07:46:45.441097
03869,0000,1221,106,2024-12-30 07:46:45.457091
00840,0000,1221,106,2024-12-30 07:46:45.473081
63469,0000,1221,106,2024-12-30 07:46:45.489080
04674,0000,1221,106,2024-12-30 07:46:45.505080
03749,0001,1221,106,2024-12-30 07:46:45.521074
26018,0000,1221,106,2024-12-30 07:46:45.537070
24157,0000,1221,106,2024-12-30 07:46:45.553072
03075,0000,1221,106,2024-12-30 07:46:45.584625
29492,0000,1221,106,2024-12-30 07:46:45.601067
25886,0001,1221,106,2024-12-30 07:46:45.617048
13988,0000,1221,106,2024-12-30 07:46:45.633050
02358,0000,1221,106,2024-12-30 07:46:45.649043
04459,0000,1221,106,2024-12-30 07:46:45.665045
05432,0000,1221,106,2024-12-30 07:46:45.681044
04625,0000,1221,106,2024-12-30 07:46:45.697039
40164,0000,1221,106,2024-12-30 07:46:45.713042
11633,0000,1221,106,2024-12-30 07:46:45.729039
14847,0000,1221,106,2024-12-30 07:46:45.761012
00969,0001,1221,106,2024-12-30 07:46:45.777018
03304,0000,1221,106,2024-12-30 07:46:45.793021
58535,0000,1221,106,2024-12-30 07:46:45.809011
58169,0000,1221,106,2024-12-30 07:46:45.825015
03937,0000,1221,106,2024-12-30 07:46:45.841005
06058,0000,1221,106,2024-12-30 07:46:45.857008
56573,0000,1221,106,2024-12-30 07:46:45.873001
01530,0000,1221,106,2024-12-30 07:46:45.889005
03907,0000,1221,106,2024-12-30 07:46:45.920665
05440,0000,1221,106,2024-12-30 07:46:45.937000
30676,0000,1221,106,2024-12-30 07:46:45.952995
55935,0000,1221,106,2024-12-30 07:46:45.968987
03733,0000,1221,106,2024-12-30 07:46:45.984991
02825,0001,1221,106,2024-12-30 07:46:46.000988
08676,0000,1221,106,2024-12-30 07:46:46.016992
03489,0000,1221,106,2024-12-30 07:46:46.032973
03900,0000,1221,106,2024-12-30 07:46:46.048979
01018,0000,1221,106,2024-12-30 07:46:46.080294
00730,0000,1221,106,2024-12-30 07:46:46.096961
12619,0000,1221,106,2024-12-30 07:46:46.112969
05114,0000,1221,106,2024-12-30 07:46:46.128972
00908,0000,1221,106,2024-12-30 07:46:46.144957
10976,0000,1221,106,2024-12-30 07:46:46.160951
01876,0000,1221,106,2024-12-30 07:46:46.176948
01700,0000,1221,106,2024-12-30 07:46:46.192945
04653,0000,1221,106,2024-12-30 07:46:46.208939
00719,0000,1221,106,2024-12-30 07:46:46.224939
58269,0000,1221,106,2024-12-30 07:46:46.256693
00083,0000,1221,106,2024-12-30 07:46:46.272930
65328,0000,1221,106,2024-12-30 07:46:46.288927
45774,0000,1221,106,2024-12-30 07:46:46.304922
19297,0000,1221,106,2024-12-30 07:46:46.320919
28553,0000,1221,106,2024-12-30 07:46:46.336911
03861,0001,1221,106,2024-12-30 07:46:46.352918
04590,0000,1222,106,2024-12-30 07:46:46.368901
16352,0000,1221,106,2024-12-30 07:46:46.384910
-0025,0000,1221,106,2024-12-30 07:46:46.416230
09097,0001,1221,106,2024-12-30 07:46:46.432916
03912,0000,1221,106,2024-12-30 07:46:46.448915
04412,0001,1221,106,2024-12-30 07:46:46.464915
04693,0000,1221,106,2024-12-30 07:46:46.480922
25664,0000,1221,106,2024-12-30 07:46:46.496919
01659,0000,1221,106,2024-12-30 07:46:46.512926
04611,0000,1221,106,2024-12-30 07:46:46.528922
04656,0000,1221,106,2024-12-30 07:46:46.544924
07048,0000,1221,106,2024-12-30 07:46:46.560934
00190,0000,1221,106,2024-12-30 07:46:46.592665
01389,0000,1221,106,2024-12-30 07:46:46.608864
02340,0000,1221,106,2024-12-30 07:46:46.624854
07072,0000,1221,106,2024-12-30 07:46:46.640861
47346,0000,1221,106,2024-12-30 07:46:46.656850
05463,0000,1221,106,2024-12-30 07:46:46.672855
28952,0000,1221,106,2024-12-30 07:46:46.688842
28711,0000,1221,106,2024-12-30 07:46:46.704843
00751,0000,1221,106,2024-12-30 07:46:46.720844
02978,0000,1221,106,2024-12-30 07:46:46.752344
05486,0000,1221,106,2024-12-30 07:46:46.768836
04557,0000,1221,106,2024-12-30 07:46:46.784835
09265,0000,1221,106,2024-12-30 07:46:46.800819
01890,0000,1221,106,2024-12-30 07:46:46.816813
09306,0000,1221,106,2024-12-30 07:46:46.832811
58145,0000,1221,106,2024-12-30 07:46:46.848814
14854,0000,1221,106,2024-12-30 07:46:46.864804
00177,0001,1221,106,2024-12-30 07:46:46.880814
01812,0000,1221,106,2024-12-30 07:46:46.896803
37799,0000,1221,106,2024-12-30 07:46:46.928725
04515,0000,1221,106,2024-12-30 07:46:46.944798
03886,0000,1221,106,2024-12-30 07:46:46.960791
47292,0000,1221,106,2024-12-30 07:46:46.976794
12108,0000,1221,106,2024-12-30 07:46:46.992795
53479,0000,1221,106,2024-12-30 07:46:47.008789
04291,0000,1221,106,2024-12-30 07:46:47.024785
53360,0000,1221,106,2024-12-30 07:46:47.040772
05578,0000,1221,106,2024-12-30 07:46:47.056779
01754,0001,1221,106,2024-12-30 07:46:47.088363
50929,0000,1221,106,2024-12-30 07:46:47.104765
00679,0000,1221,106,2024-12-30 07:46:47.120762
20276,0000,1221,106,2024-12-30 07:46:47.136758
13546,0000,1221,106,2024-12-30 07:46:47.152754
63297,0000,1221,106,2024-12-30 07:46:47.168759
10090,0000,1221,106,2024-12-30 07:46:47.184759
01981,0000,1221,106,2024-12-30 07:46:47.200745
01553,0000,1221,106,2024-12-30 07:46:47.216732
04576,0000,1221,106,2024-12-30 07:46:47.232739
05472,0001,1222,106,2024-12-30 07:46:47.264747
35362,0000,1221,106,2024-12-30 07:46:47.280728
18506,0000,1221,106,2024-12-30 07:46:47.296727
60170,0000,1221,106,2024-12-30 07:46:47.312720
24099,0000,1221,106,2024-12-30 07:46:47.328721
63307,0000,1221,106,2024-12-30 07:46:47.344716
15544,0000,1222,106,2024-12-30 07:46:47.360710
04718,0000,1221,106,2024-12-30 07:46:47.376709
14810,0000,1221,106,2024-12-30 07:46:47.392712
06834,0000,1221,106,2024-12-30 07:46:47.424386
00753,0000,1222,106,2024-12-30 07:46:47.440700
61960,0000,1221,106,2024-12-30 07:46:47.456697
03823,0000,1222,106,2024-12-30 07:46:47.472692
21040,0000,1221,106,2024-12-30 07:46:47.488694
02273,0000,1221,106,2024-12-30 07:46:47.504684
05464,0000,1221,106,2024-12-30 07:46:47.520689
03595,0000,1221,106,2024-12-30 07:46:47.536688
35312,0000,1221,106,2024-12-30 07:46:47.552682
25746,0000,1221,106,2024-12-30 07:46:47.584022
03006,0000,1221,106,2024-12-30 07:46:47.600678
05518,0001,1221,106,2024-12-30 07:46:47.616666
03655,0000,1222,106,2024-12-30 07:46:47.632661
04625,0000,1221,106,2024-12-30 07:46:47.648659
48261,0000,1221,106,2024-12-30 07:46:47.664659
40673,0000,1221,106,2024-12-30 07:46:47.680661
01533,0000,1221,106,2024-12-30 07:46:47.696660
15579,0000,1221,106,2024-12-30 07:46:47.712644
14797,0000,1221,106,2024-12-30 07:46:47.728651
03718,0000,1221,106,2024-12-30 07:46:47.760416
13248,0000,1221,106,2024-12-30 07:46:47.776629
13848,0000,1222,106,2024-12-30 07:46:47.792623
20359,0000,1221,106,2024-12-30 07:46:47.808629
03874,0000,1221,106,2024-12-30 07:46:47.824625
09406,0000,1221,106,2024-12-30 07:46:47.840623
50522,0000,1221,106,2024-12-30 07:46:47.856616
55586,0000,1221,106,2024-12-30 07:46:47.872619
36180,0000,1221,106,2024-12-30 07:46:47.888615
13973,0000,1221,106,2024-12-30 07:46:47.920058
15458,0000,1221,106,2024-12-30 07:46:47.936602
04548,0000,1222,106,2024-12-30 07:46:47.952604
05485,0000,1221,106,2024-12-30 07:46:47.968605
53323,0000,1221,106,2024-12-30 07:46:47.984593
10113,0000,1221,106,2024-12-30 07:46:48.000592
04591,0000,1221,106,2024-12-30 07:46:48.016590
04668,0000,1222,106,2024-12-30 07:46:48.032584
24899,0000,1221,106,2024-12-30 07:46:48.048584
00904,0000,1221,106,2024-12-30 07:46:48.064572
14777,0000,1221,106,2024-12-30 07:46:48.096441
44041,0000,1222,106,2024-12-30 07:46:48.112568
04654,0000,1222,106,2024-12-30 07:46:48.128562
11820,0000,1221,106,2024-12-30 07:46:48.144568
61729,0000,1221,106,2024-12-30 07:46:48.160561
01694,0001,1221,106,2024-12-30 07:46:48.176555
20302,0000,1221,106,2024-12-30 07:46:48.192548
19301,0000,1222,106,2024-12-30 07:46:48.208556
04634,0000,1222,106,2024-12-30 07:46:48.224542
01893,0000,1222,106,2024-12-30 07:46:48.256082
05338,0000,1222,106,2024-12-30 07:46:48.272539
04117,0000,1221,106,2024-12-30 07:46:48.288533
03592,0000,1221,106,2024-12-30 07:46:48.304541
01577,0000,1222,106,2024-12-30 07:46:48.320525
05444,0000,1222,106,2024-12-30 07:46:48.336528
00921,0000,1222,106,2024-12-30 07:46:48.352531
03964,0000,1221,106,2024-12-30 07:46:48.368510
03639,0000,1222,106,2024-12-30 07:46:48.384512
02711,0000,1221,106,2024-12-30 07:46:48.400510
05461,0000,1222,106,2024-12-30 07:46:48.432465
03014,0000,1222,106,2024-12-30 07:46:48.448509
05196,0000,1222,106,2024-12-30 07:46:48.464504
17759,0000,1221,106,2024-12-30 07:46:48.480503
05604,0000,1221,106,2024-12-30 07:46:48.496492
06619,0000,1222,106,2024-12-30 07:46:48.512680
49064,0000,1222,106,2024-12-30 07:46:48.528507
00776,0000,1222,106,2024-12-30 07:46:48.544487
02839,0000,1222,106,2024-12-30 07:46:48.560479
02783,0000,1222,106,2024-12-30 07:46:48.592126
09153,0000,1222,106,2024-12-30 07:46:48.608467
09195,0000,1221,106,2024-12-30 07:46:48.624473
10154,0000,1222,106,2024-12-30 07:46:48.640463
16215,0000,1222,106,2024-12-30 07:46:48.656463
03090,0000,1222,106,2024-12-30 07:46:48.672459
10086,0001,1222,106,2024-12-30 07:46:48.688457
58380,0000,1222,106,2024-12-30 07:46:48.704449
04619,0000,1222,106,2024-12-30 07:46:48.720449
00092,0000,1222,106,2024-12-30 07:46:48.736454
05250,0000,1221,106,2024-12-30 07:46:48.768443
04799,0000,1222,106,2024-12-30 07:46:48.784433
14485,0000,1222,106,2024-12-30 07:46:48.800438
03875,0000,1222,106,2024-12-30 07:46:48.816436
03716,0000,1221,106,2024-12-30 07:46:48.832427
15499,0000,1222,106,2024-12-30 07:46:48.848423
03204,0000,1222,106,2024-12-30 07:46:48.864423
58139,0000,1222,106,2024-12-30 07:46:48.880413
01486,0000,1222,106,2024-12-30 07:46:48.896409
00025,0000,1222,106,2024-12-30 07:46:48.928035
13178,0000,1222,106,2024-12-30 07:46:48.944399
02345,0000,1222,106,2024-12-30 07:46:48.960398
01988,0001,1222,106,2024-12-30 07:46:48.976395
04586,0001,1222,106,2024-12-30 07:46:48.992396
30441,0000,1222,106,2024-12-30 07:46:49.008395
05488,0000,1221,106,2024-12-30 07:46:49.024394
54776,0000,1222,106,2024-12-30 07:46:49.040381
61543,0000,1222,106,2024-12-30 07:46:49.056395
13930,0000,1221,106,2024-12-30 07:46:49.087787
65109,0000,1222,106,2024-12-30 07:46:49.104371
27267,0000,1222,106,2024-12-30 07:46:49.120376
20275,0000,1222,106,2024-12-30 07:46:49.136376
02928,0000,1222,106,2024-12-30 07:46:49.152382
53103,0000,1222,106,2024-12-30 07:46:49.168357
10986,0000,1222,106,2024-12-30 07:46:49.184357
30439,0001,1222,106,2024-12-30 07:46:49.200358
03919,0001,1222,106,2024-12-30 07:46:49.216344
40305,0000,1222,106,2024-12-30 07:46:49.232350
05404,0000,1222,106,2024-12-30 07:46:49.264168
01707,0000,1222,106,2024-12-30 07:46:49.280340
05366,0000,1221,106,2024-12-30 07:46:49.296345
00746,0000,1222,106,2024-12-30 07:46:49.312347
32282,0001,1222,106,2024-12-30 07:46:49.328345
61906,0000,1222,106,2024-12-30 07:46:49.344335
04541,0000,1222,106,2024-12-30 07:46:49.360334
02314,0000,1222,106,2024-12-30 07:46:49.376326
27839,0000,1222,106,2024-12-30 07:46:49.392328
09406,0000,1222,106,2024-12-30 07:46:49.423808
20207,0000,1222,106,2024-12-30 07:46:49.440308
06899,0000,1222,106,2024-12-30 07:46:49.456314
07690,0000,1222,106,2024-12-30 07:46:49.472312
00063,0000,1222,106,2024-12-30 07:46:49.488305
21107,0000,1222,106,2024-12-30 07:46:49.504299
45422,0000,1222,106,2024-12-30 07:46:49.520298
09218,0001,1222,106,2024-12-30 07:46:49.536297
15633,0001,1222,106,2024-12-30 07:46:49.552300
10140,0000,1222,106,2024-12-30 07:46:49.568308
04103,0000,1222,106,2024-12-30 07:46:49.600203
10164,0000,1222,106,2024-12-30 07:46:49.616306
00775,0000,1222,106,2024-12-30 07:46:49.632311
16427,0000,1221,106,2024-12-30 07:46:49.648311
52983,0000,1222,106,2024-12-30 07:46:49.664320
15576,0000,1222,106,2024-12-30 07:46:49.680318
32311,0001,1222,106,2024-12-30 07:46:49.696324
02685,0000,1222,106,2024-12-30 07:46:49.712328
03789,0001,1222,106,2024-12-30 07:46:49.728252
03456,0000,1222,106,2024-12-30 07:46:49.759824
09193,0000,1222,106,2024-12-30 07:46:49.776248
05478,0000,1222,106,2024-12-30 07:46:49.792241
02277,0000,1222,106,2024-12-30 07:46:49.808240
04657,0000,1222,106,2024-12-30 07:46:49.824230
00098,0000,1222,106,2024-12-30 07:46:49.840238
13824,0001,1222,106,2024-12-30 07:46:49.856220
11710,0000,1222,106,2024-12-30 07:46:49.872227
00770,0001,1222,106,2024-12-30 07:46:49.888226
02479,0000,1222,106,2024-12-30 07:46:49.904228
06407,0000,1222,106,2024-12-30 07:46:49.936206
09413,0000,1222,106,2024-12-30 07:46:49.952208
00872,0000,1222,106,2024-12-30 07:46:49.968201
05468,0000,1222,106,2024-12-30 07:46:49.984206
15626,0001,1222,106,2024-12-30 07:46:50.000196
64429,0000,1222,106,2024-12-30 07:46:50.016196
24759,0000,1222,106,2024-12-30 07:46:50.032198
61077,0000,1222,106,2024-12-30 07:46:50.048182
44690,0000,1222,106,2024-12-30 07:46:50.064187
14009,0001,1222,106,2024-12-30 07:46:50.095845
19405,0000,1222,106,2024-12-30 07:46:50.112176
00790,0000,1222,106,2024-12-30 07:46:50.128178
63601,0001,1222,106,2024-12-30 07:46:50.144187
18203,0000,1222,106,2024-12-30 07:46:50.160186
10992,0000,1222,106,2024-12-30 07:46:50.176175
51726,0000,1222,106,2024-12-30 07:46:50.192167
05414,0000,1222,106,2024-12-30 07:46:50.208160
15427,0000,1222,106,2024-12-30 07:46:50.224157
02019,0001,1222,106,2024-12-30 07:46:50.255510
43946,0000,1222,106,2024-12-30 07:46:50.272145
05488,0000,1222,106,2024-12-30 07:46:50.288147
48790,0000,1222,106,2024-12-30 07:46:50.304157
14517,0000,1222,106,2024-12-30 07:46:50.320139
28260,0000,1222,106,2024-12-30 07:46:50.336151
00691,0000,1222,106,2024-12-30 07:46:50.352133
10046,0000,1222,106,2024-12-30 07:46:50.368126
66063,0000,1222,106,2024-12-30 07:46:50.384123
09224,0000,1222,106,2024-12-30 07:46:50.400130
54731,0001,1222,106,2024-12-30 07:46:50.431890
27755,0000,1222,106,2024-12-30 07:46:50.448111
11739,0000,1222,106,2024-12-30 07:46:50.464111
30297,0000,1222,106,2024-12-30 07:46:50.480106
05556,0000,1222,106,2024-12-30 07:46:50.496103
00075,0001,1222,106,2024-12-30 07:46:50.512099
29547,0001,1222,106,2024-12-30 07:46:50.528090
55932,0000,1222,106,2024-12-30 07:46:50.544096
55871,0000,1222,106,2024-12-30 07:46:50.560083
01706,0000,1222,106,2024-12-30 07:46:50.591501
10044,0000,1222,106,2024-12-30 07:46:50.608092
42236,0000,1222,106,2024-12-30 07:46:50.624085
04190,0000,1222,106,2024-12-30 07:46:50.640078
03858,0000,1222,106,2024-12-30 07:46:50.656074
15616,0000,1222,106,2024-12-30 07:46:50.672079
12326,0000,1222,106,2024-12-30 07:46:50.688076
00763,0000,1222,106,2024-12-30 07:46:50.704084
19488,0000,1222,106,2024-12-30 07:46:50.720066
49150,0000,1222,106,2024-12-30 07:46:50.736063
63210,0000,1222,106,2024-12-30 07:46:50.767903
14038,0000,1222,106,2024-12-30 07:46:50.784056
03080,0000,1222,106,2024-12-30 07:46:50.800049
04615,0000,1222,106,2024-12-30 07:46:50.816054
11023,0000,1222,106,2024-12-30 07:46:50.832037
00925,0000,1222,106,2024-12-30 07:46:50.848040
23388,0000,1222,106,2024-12-30 07:46:50.864027
04612,0001,1222,106,2024-12-30 07:46:50.880030
24153,0000,1222,106,2024-12-30 07:46:50.896023
48932,0000,1222,106,2024-12-30 07:46:50.927543
10133,0000,1222,106,2024-12-30 07:46:50.944022
11002,0000,1222,106,2024-12-30 07:46:50.960013
20916,0000,1222,106,2024-12-30 07:46:50.976015
48138,0000,1222,106,2024-12-30 07:46:50.992006
10219,0000,1222,106,2024-12-30 07:46:51.008009
04621,0000,1222,106,2024-12-30 07:46:51.023999
45655,0000,1222,106,2024-12-30 07:46:51.040007
37777,0001,1222,106,2024-12-30 07:46:51.056004
30374,0000,1222,106,2024-12-30 07:46:51.072000
47981,0001,1222,106,2024-12-30 07:46:51.103928
30469,0000,1222,106,2024-12-30 07:46:51.119995
15487,0000,1222,106,2024-12-30 07:46:51.135975
04135,0000,1222,106,2024-12-30 07:46:51.151979
38242,0000,1222,106,2024-12-30 07:46:51.167969
02691,0000,1222,106,2024-12-30 07:46:51.183976
04658,0000,1222,106,2024-12-30 07:46:51.199971
10892,0000,1222,106,2024-12-30 07:46:51.215971
44561,0000,1222,106,2024-12-30 07:46:51.231964
00681,0000,1222,106,2024-12-30 07:46:51.263568
05449,0000,1222,106,2024-12-30 07:46:51.279955
02951,0000,1222,106,2024-12-30 07:46:51.295942
00101,0000,1222,106,2024-12-30 07:46:51.311938
29064,0000,1222,106,2024-12-30 07:46:51.327943
03101,0000,1222,106,2024-12-30 07:46:51.343932
58248,0000,1222,106,2024-12-30 07:46:51.359935
13295,0000,1222,106,2024-12-30 07:46:51.375932
51594,0000,1222,106,2024-12-30 07:46:51.391936
48256,0000,1223,106,2024-12-30 07:46:51.407921
58572,0000,1222,106,2024-12-30 07:46:51.439913
03877,0000,1222,106,2024-12-30 07:46:51.455917
04496,0000,1222,106,2024-12-30 07:46:51.471917
33952,0000,1222,106,2024-12-30 07:46:51.487904
00145,0000,1222,106,2024-12-30 07:46:51.503909
02314,0000,1222,106,2024-12-30 07:46:51.519906
41595,0000,1222,106,2024-12-30 07:46:51.535901
14000,0000,1222,106,2024-12-30 07:46:51.551896
05463,0000,1222,106,2024-12-30 07:46:51.567895
61004,0000,1222,106,2024-12-30 07:46:51.599589
20201,0000,1223,106,2024-12-30 07:46:51.615884
03942,0000,1222,106,2024-12-30 07:46:51.631883
10133,0000,1222,106,2024-12-30 07:46:51.647877
04486,0000,1222,106,2024-12-30 07:46:51.663875
24882,0000,1222,106,2024-12-30 07:46:51.679868
02754,0000,1222,106,2024-12-30 07:46:51.695871
08589,0000,1222,106,2024-12-30 07:46:51.711868
00745,0000,1222,106,2024-12-30 07:46:51.727865
61832,0000,1222,106,2024-12-30 07:46:51.759209
00960,0000,1222,106,2024-12-30 07:46:51.775857
01408,0000,1222,106,2024-12-30 07:46:51.791850
62814,0000,1222,106,2024-12-30 07:46:51.807854
03868,0000,1222,106,2024-12-30 07:46:51.823841
03081,0000,1222,106,2024-12-30 07:46:51.839841
01447,0000,1222,106,2024-12-30 07:46:51.855843
01527,0000,1222,106,2024-12-30 07:46:51.871844
05467,0000,1223,106,2024-12-30 07:46:51.887826
03878,0001,1223,106,2024-12-30 07:46:51.903823
04497,0001,1222,106,2024-12-30 07:46:51.935611
14250,0000,1222,106,2024-12-30 07:46:51.951811
14787,0000,1222,106,2024-12-30 07:46:51.967815
03813,0000,1222,106,2024-12-30 07:46:51.983814
14114,0000,1223,106,2024-12-30 07:46:51.999815
24879,0001,1223,106,2024-12-30 07:46:52.015805
14850,0001,1222,106,2024-12-30 07:46:52.031797
00983,0000,1222,106,2024-12-30 07:46:52.047797
00682,0001,1223,106,2024-12-30 07:46:52.063791
00849,0001,1222,106,2024-12-30 07:46:52.095224
63564,0000,1222,106,2024-12-30 07:46:52.111787
29766,0000,1222,106,2024-12-30 07:46:52.127781
49983,0000,1223,106,2024-12-30 07:46:52.143784
00564,0000,1222,106,2024-12-30 07:46:52.159788
02456,0000,1222,106,2024-12-30 07:46:52.175772
51695,0000,1222,106,2024-12-30 07:46:52.191771
04795,0000,1222,106,2024-12-30 07:46:52.207771
08433,0000,1222,106,2024-12-30 07:46:52.223774
21191,0000,1222,106,2024-12-30 07:46:52.239776
04636,0000,1222,106,2024-12-30 07:46:52.271646
09343,0000,1223,106,2024-12-30 07:46:52.287758
02770,0000,1223,106,2024-12-30 07:46:52.303764
29623,0000,1223,106,2024-12-30 07:46:52.319750
57567,0000,1223,106,2024-12-30 07:46:52.335750
36075,0000,1222,106,2024-12-30 07:46:52.351745
06251,0000,1222,106,2024-12-30 07:46:52.367746
00722,0000,1223,106,2024-12-30 07:46:52.383749
06304,0000,1223,106,2024-12-30 07:46:52.399749
13149,0000,1223,106,2024-12-30 07:46:52.431279
57455,0000,1222,106,2024-12-30 07:46:52.447728
05399,0000,1223,106,2024-12-30 07:46:52.463728
04945,0000,1223,106,2024-12-30 07:46:52.479720
53944,0000,1223,106,2024-12-30 07:46:52.495721
30466,0000,1223,106,2024-12-30 07:46:52.511711
19405,0000,1222,106,2024-12-30 07:46:52.527706
08703,0000,1223,106,2024-12-30 07:46:52.543707
01602,0000,1223,106,2024-12-30 07:46:52.559697
03776,0000,1223,106,2024-12-30 07:46:52.575696
60736,0000,1223,106,2024-12-30 07:46:52.607672
14127,0000,1223,106,2024-12-30 07:46:52.623684
11832,0000,1223,106,2024-12-30 07:46:52.639689
05347,0000,1223,106,2024-12-30 07:46:52.655694
36933,0000,1223,106,2024-12-30 07:46:52.671692
14584,0001,1223,106,2024-12-30 07:46:52.687693
29691,0000,1222,106,2024-12-30 07:46:52.703695
05437,0000,1223,106,2024-12-30 07:46:52.719691
13925,0000,1223,106,2024-12-30 07:46:52.735699
02306,0000,1223,106,2024-12-30 07:46:52.767333
63684,0000,1223,106,2024-12-30 07:46:52.783702
04399,0000,1223,106,2024-12-30 07:46:52.799701
13213,0000,1223,106,2024-12-30 07:46:52.815709
45658,0000,1222,106,2024-12-30 07:46:52.831711
40798,0000,1223,106,2024-12-30 07:46:52.847712
02301,0000,1223,106,2024-12-30 07:46:52.863640
03842,0000,1223,106,2024-12-30 07:46:52.879635
04620,0000,1223,106,2024-12-30 07:46:52.895637
03745,0000,1223,106,2024-12-30 07:46:52.926946
00849,0000,1223,106,2024-12-30 07:46:52.943627
40824,0000,1223,106,2024-12-30 07:46:52.959621
31280,0000,1223,106,2024-12-30 07:46:52.975619
55984,0001,1223,106,2024-12-30 07:46:52.991615
24904,0000,1223,106,2024-12-30 07:46:53.007609
01926,0000,1223,106,2024-12-30 07:46:53.023614
44565,0000,1223,106,2024-12-30 07:46:53.039613
00741,0000,1223,106,2024-12-30 07:46:53.055600
04664,0000,1223,106,2024-12-30 07:46:53.071601
26474,0001,1223,106,2024-12-30 07:46:53.103347
10846,0000,1223,106,2024-12-30 07:46:53.119595
10925,0000,1223,106,2024-12-30 07:46:53.135592
12244,0000,1223,106,2024-12-30 07:46:53.151588
57463,0000,1223,106,2024-12-30 07:46:53.167588
52635,0001,1223,106,2024-12-30 07:46:53.183578
05466,0000,1223,106,2024-12-30 07:46:53.199578
11724,0001,1223,106,2024-12-30 07:46:53.215570
48841,0000,1223,106,2024-12-30 07:46:53.231575
04668,0001,1223,106,2024-12-30 07:46:53.262972
00133,0000,1224,106,2024-12-30 07:46:53.279567
15519,0000,1223,106,2024-12-30 07:46:53.295561
-0001,0001,1222,106,2024-12-30 07:46:53.311569
04641,0001,1222,106,2024-12-30 07:46:53.327560
45519,0000,1222,106,2024-12-30 07:46:53.343552
02451,0000,1223,106,2024-12-30 07:46:53.359550
03556,0000,1223,106,2024-12-30 07:46:53.375542
05464,0000,1223,106,2024-12-30 07:46:53.391544
58174,0001,1223,106,2024-12-30 07:46:53.407540
53971,0000,1223,106,2024-12-30 07:46:53.439363
65014,0000,1223,106,2024-12-30 07:46:53.455521
44635,0000,1223,106,2024-12-30 07:46:53.471526
11027,0000,1223,106,2024-12-30 07:46:53.487517
01612,0000,1223,106,2024-12-30 07:46:53.503522
00303,0000,1223,106,2024-12-30 07:46:53.519515
00665,0000,1223,106,2024-12-30 07:46:53.535516
00682,0000,1223,106,2024-12-30 07:46:53.551516
17949,0000,1222,106,2024-12-30 07:46:53.567509
27340,0000,1223,106,2024-12-30 07:46:53.599010
04533,0000,1223,106,2024-12-30 07:46:53.615497
07623,0000,1223,106,2024-12-30 07:46:53.631491
04424,0000,1223,106,2024-12-30 07:46:53.647492
54022,0000,1223,106,2024-12-30 07:46:53.663483
03880,0000,1223,106,2024-12-30 07:46:53.679483
04469,0000,1223,106,2024-12-30 07:46:53.695476
66645,0000,1223,106,2024-12-30 07:46:53.711479
00149,0001,1223,106,2024-12-30 07:46:53.727474
00096,0000,1223,106,2024-12-30 07:46:53.743482
00689,0000,1223,106,2024-12-30 07:46:53.775389
04526,0000,1223,106,2024-12-30 07:46:53.791460
08461,0000,1223,106,2024-12-30 07:46:53.807460
37699,0000,1223,106,2024-12-30 07:46:53.823464
04535,0000,1223,106,2024-12-30 07:46:53.839463
53438,0001,1223,106,2024-12-30 07:46:53.855453
04603,0000,1223,106,2024-12-30 07:46:53.871444
05517,0000,1223,106,2024-12-30 07:46:53.887446
02868,0000,1223,106,2024-12-30 07:46:53.903435
14739,0000,1223,106,2024-12-30 07:46:53.935026
55166,0000,1223,106,2024-12-30 07:46:53.951440
03895,0000,1223,106,2024-12-30 07:46:53.967430
18700,0000,1223,106,2024-12-30 07:46:53.983425
14790,0001,1223,106,2024-12-30 07:46:53.999417
24046,0000,1223,106,2024-12-30 07:46:54.015426
19539,0000,1223,106,2024-12-30 07:46:54.031418
10899,0000,1223,106,2024-12-30 07:46:54.047413
04624,0000,1223,106,2024-12-30 07:46:54.063414
10056,0000,1223,106,2024-12-30 07:46:54.079399
05462,0000,1223,106,2024-12-30 07:46:54.111393
00004,0001,1223,106,2024-12-30 07:46:54.127391
11542,0000,1223,106,2024-12-30 07:46:54.143392
63253,0000,1223,106,2024-12-30 07:46:54.159390
42449,0001,1223,106,2024-12-30 07:46:54.175393
03002,0000,1223,106,2024-12-30 07:46:54.191384
13995,0000,1223,106,2024-12-30 07:46:54.207386
10050,0000,1223,106,2024-12-30 07:46:54.223387
02071,0001,1223,106,2024-12-30 07:46:54.239383
13277,0000,1223,106,2024-12-30 07:46:54.271051
00011,0000,1223,106,2024-12-30 07:46:54.287374
10151,0000,1223,106,2024-12-30 07:46:54.303367
06272,0000,1223,106,2024-12-30 07:46:54.319364
04713,0000,1223,106,2024-12-30 07:46:54.335360
04625,0000,1223,106,2024-12-30 07:46:54.351363
54960,0000,1223,106,2024-12-30 07:46:54.367347
41742,0000,1223,106,2024-12-30 07:46:54.383356
04451,0000,1223,106,2024-12-30 07:46:54.399347
10194,0000,1223,106,2024-12-30 07:46:54.430688
13981,0000,1223,106,2024-12-30 07:46:54.447332
59002,0000,1223,106,2024-12-30 07:46:54.463326
07754,0000,1223,106,2024-12-30 07:46:54.479341
05473,0000,1223,106,2024-12-30 07:46:54.495325
58306,0000,1223,106,2024-12-30 07:46:54.511311
05422,0001,1223,106,2024-12-30 07:46:54.527314
16688,0000,1223,106,2024-12-30 07:46:54.543313
58354,0000,1223,106,2024-12-30 07:46:54.559309
60218,0000,1223,106,2024-12-30 07:46:54.575302
00745,0000,1223,106,2024-12-30 07:46:54.607074
21294,0000,1223,106,2024-12-30 07:46:54.623294
05398,0000,1223,106,2024-12-30 07:46:54.639291
14114,0000,1223,106,2024-12-30 07:46:54.655296
03697,0000,1223,106,2024-12-30 07:46:54.671282
30505,0000,1223,106,2024-12-30 07:46:54.687277
00234,0000,1223,106,2024-12-30 07:46:54.703284
63447,0000,1223,106,2024-12-30 07:46:54.719281
36095,0001,1223,106,2024-12-30 07:46:54.735283
07631,0000,1223,106,2024-12-30 07:46:54.766712
40757,0000,1223,106,2024-12-30 07:46:54.783269
01854,0000,1223,106,2024-12-30 07:46:54.799270
35227,0000,1223,106,2024-12-30 07:46:54.815258
04587,0000,1223,106,2024-12-30 07:46:54.831261
05537,0000,1223,106,2024-12-30 07:46:54.847254
14799,0000,1223,106,2024-12-30 07:46:54.863250
14756,0000,1223,106,2024-12-30 07:46:54.879247
10232,0000,1223,106,2024-12-30 07:46:54.895248
15725,0000,1223,106,2024-12-30 07:46:54.911238
52564,0000,1223,106,2024-12-30 07:46:54.943110
04039,0000,1223,106,2024-12-30 07:46:54.959227
18519,0000,1223,106,2024-12-30 07:46:54.975228
20275,0000,1224,106,2024-12-30 07:46:54.991232
03029,0000,1223,106,2024-12-30 07:46:55.007236
00926,0000,1223,106,2024-12-30 07:46:55.023216
03673,0000,1223,106,2024-12-30 07:46:55.039215
42422,0000,1223,106,2024-12-30 07:46:55.055206
40948,0000,1223,106,2024-12-30 07:46:55.071208
39264,0000,1224,106,2024-12-30 07:46:55.102724
23988,0000,1224,106,2024-12-30 07:46:55.119202
27988,0000,1223,106,2024-12-30 07:46:55.135197
05332,0000,1223,106,2024-12-30 07:46:55.151200
05588,0000,1223,106,2024-12-30 07:46:55.167194
00779,0000,1223,106,2024-12-30 07:46:55.183195
24995,0000,1223,106,2024-12-30 07:46:55.199194
23445,0000,1223,106,2024-12-30 07:46:55.215185
05328,0000,1223,106,2024-12-30 07:46:55.231180
01616,0000,1223,106,2024-12-30 07:46:55.247190
42532,0000,1223,106,2024-12-30 07:46:55.279133
58421,0000,1223,106,2024-12-30 07:46:55.295169
14799,0000,1223,106,2024-12-30 07:46:55.311172
01660,0000,1223,106,2024-12-30 07:46:55.327159
05417,0000,1223,106,2024-12-30 07:46:55.343162
00612,0000,1223,106,2024-12-30 07:46:55.359154
03609,0000,1223,106,2024-12-30 07:46:55.375151
03619,0000,1223,106,2024-12-30 07:46:55.391155
39950,0000,1223,106,2024-12-30 07:46:55.407134
13978,0000,1223,106,2024-12-30 07:46:55.438763
05403,0000,1223,106,2024-12-30 07:46:55.455139
01666,0000,1223,106,2024-12-30 07:46:55.471127
15619,0000,1223,106,2024-12-30 07:46:55.487127
09450,0000,1224,106,2024-12-30 07:46:55.503130
00900,0000,1223,106,2024-12-30 07:46:55.519133
09983,0000,1223,106,2024-12-30 07:46:55.535121
20150,0001,1223,106,2024-12-30 07:46:55.551126
41805,0000,1224,106,2024-12-30 07:46:55.567116
04598,0000,1223,106,2024-12-30 07:46:55.583119
36010,0000,1223,106,2024-12-30 07:46:55.615119
10977,0000,1223,106,2024-12-30 07:46:55.631108
10996,0000,1224,106,2024-12-30 07:46:55.647110
04691,0000,1223,106,2024-12-30 07:46:55.663106
25697,0000,1223,106,2024-12-30 07:46:55.679096
28842,0000,1223,106,2024-12-30 07:46:55.695093
09416,0000,1224,106,2024-12-30 07:46:55.711091
27400,0000,1224,106,2024-12-30 07:46:55.727092
19295,0000,1223,106,2024-12-30 07:46:55.743088
25747,0001,1223,106,2024-12-30 07:46:55.774805
01658,0000,1224,106,2024-12-30 07:46:55.791088
08519,0000,1223,106,2024-12-30 07:46:55.807085
13909,0000,1223,106,2024-12-30 07:46:55.823097
01573,0000,1223,106,2024-12-30 07:46:55.839090
45825,0000,1223,106,2024-12-30 07:46:55.855097
04548,0000,1223,106,2024-12-30 07:46:55.871093
24068,0000,1223,106,2024-12-30 07:46:55.887102
00744,0000,1223,106,2024-12-30 07:46:55.903099
03561,0001,1224,106,2024-12-30 07:46:55.934475
04508,0000,1223,106,2024-12-30 07:46:55.951100
02471,0000,1223,106,2024-12-30 07:46:55.967112
64941,0000,1224,106,2024-12-30 07:46:55.983037
01715,0000,1224,106,2024-12-30 07:46:55.999040
00733,0000,1224,106,2024-12-30 07:46:56.015036
02085,0000,1224,106,2024-12-30 07:46:56.031025
15396,0000,1223,106,2024-12-30 07:46:56.047023
29409,0000,1223,106,2024-12-30 07:46:56.063016
01740,0000,1224,106,2024-12-30 07:46:56.079018
08650,0000,1223,106,2024-12-30 07:46:56.110818
04713,0001,1224,106,2024-12-30 07:46:56.127005
20259,0000,1223,106,2024-12-30 07:46:56.143010
19418,0000,1224,106,2024-12-30 07:46:56.159026
02580,0000,1224,106,2024-12-30 07:46:56.175015
04612,0001,1224,106,2024-12-30 07:46:56.191011
16616,0000,1224,106,2024-12-30 07:46:56.206987
18602,0000,1224,106,2024-12-30 07:46:56.222988
08357,0001,1224,106,2024-12-30 07:46:56.238989
34053,0000,1224,106,2024-12-30 07:46:56.270452
14874,0000,1223,106,2024-12-30 07:46:56.286981
04600,0000,1223,106,2024-12-30 07:46:56.302993
26667,0000,1223,106,2024-12-30 07:46:56.318972
12367,0000,1223,106,2024-12-30 07:46:56.334966
03893,0001,1223,106,2024-12-30 07:46:56.350966
22036,0000,1224,106,2024-12-30 07:46:56.366957
11731,0000,1223,106,2024-12-30 07:46:56.382958
04621,0000,1223,106,2024-12-30 07:46:56.398955
14773,0000,1224,106,2024-12-30 07:46:56.414951
27699,0000,1223,106,2024-12-30 07:46:56.446850
34750,0000,1224,106,2024-12-30 07:46:56.462944
45468,0000,1224,106,2024-12-30 07:46:56.478935
19429,0000,1224,106,2024-12-30 07:46:56.494932
04006,0000,1224,106,2024-12-30 07:46:56.510937
10934,0000,1224,106,2024-12-30 07:46:56.526926
01950,0000,1224,106,2024-12-30 07:46:56.542927
12348,0000,1224,106,2024-12-30 07:46:56.558930
05490,0000,1224,106,2024-12-30 07:46:56.574917
53079,0000,1224,106,2024-12-30 07:46:56.606476
04625,0000,1224,106,2024-12-30 07:46:56.622908
37857,0001,1224,106,2024-12-30 07:46:56.638905
01213,0000,1223,106,2024-12-30 07:46:56.654903
10150,0000,1223,106,2024-12-30 07:46:56.670906
23990,0001,1224,106,2024-12-30 07:46:56.686891
03643,0000,1224,106,2024-12-30 07:46:56.702897
23308,0000,1224,106,2024-12-30 07:46:56.718895
55653,0000,1223,106,2024-12-30 07:46:56.734888
20351,0001,1224,106,2024-12-30 07:46:56.750889
00921,0000,1224,106,2024-12-30 07:46:56.782869
40800,0000,1224,106,2024-12-30 07:46:56.798880
07892,0000,1224,106,2024-12-30 07:46:56.814868
11819,0000,1224,106,2024-12-30 07:46:56.830873
31369,0000,1223,106,2024-12-30 07:46:56.846863
11751,0000,1223,106,2024-12-30 07:46:56.862861
07706,0000,1224,106,2024-12-30 07:46:56.878859
33145,0000,1224,106,2024-12-30 07:46:56.894856
02096,0000,1224,106,2024-12-30 07:46:56.910855
54360,0000,1223,106,2024-12-30 07:46:56.942508
05513,0000,1224,106,2024-12-30 07:46:56.958859
00128,0000,1224,106,2024-12-30 07:46:56.974843
23161,0001,1224,106,2024-12-30 07:46:56.990846
05439,0000,1224,106,2024-12-30 07:46:57.006843
10951,0000,1223,106,2024-12-30 07:46:57.022833
02583,0000,1224,106,2024-12-30 07:46:57.038834
26002,0000,1224,106,2024-12-30 07:46:57.054827
14771,0000,1224,106,2024-12-30 07:46:57.070822
54692,0001,1223,106,2024-12-30 07:46:57.086815
22077,0000,1224,106,2024-12-30 07:46:57.118813
52310,0000,1224,106,2024-12-30 07:46:57.134812
05442,0000,1224,106,2024-12-30 07:46:57.150801
62787,0000,1224,106,2024-12-30 07:46:57.166806
04673,0000,1224,106,2024-12-30 07:46:57.182799
01770,0001,1224,106,2024-12-30 07:46:57.198797
09344,0000,1223,106,2024-12-30 07:46:57.214793
50948,0000,1224,106,2024-12-30 07:46:57.230793
02502,0000,1224,106,2024-12-30 07:46:57.246800
24048,0001,1224,106,2024-12-30 07:46:57.278526
06247,0000,1223,106,2024-12-30 07:46:57.294789
00767,0000,1224,106,2024-12-30 07:46:57.310795
02742,0001,1224,106,2024-12-30 07:46:57.326787
03683,0000,1224,106,2024-12-30 07:46:57.342785
05411,0000,1224,106,2024-12-30 07:46:57.358773
53964,0000,1224,106,2024-12-30 07:46:57.374766
01041,0000,1224,106,2024-12-30 07:46:57.390766
24878,0000,1224,106,2024-12-30 07:46:57.406762
05484,0000,1224,106,2024-12-30 07:46:57.438152
00130,0000,1224,106,2024-12-30 07:46:57.454755
05456,0000,1224,106,2024-12-30 07:46:57.470757
19451,0001,1224,106,2024-12-30 07:46:57.486743
11246,0000,1224,106,2024-12-30 07:46:57.502747
41592,0000,1224,106,2024-12-30 07:46:57.518740
03780,0000,1224,106,2024-12-30 07:46:57.534732
04382,0000,1224,106,2024-12-30 07:46:57.550727
34690,0000,1224,106,2024-12-30 07:46:57.566721
00284,0000,1224,106,2024-12-30 07:46:57.582729
03091,0000,1224,106,2024-12-30 07:46:57.614542
58279,0001,1224,106,2024-12-30 07:46:57.630717
08137,0001,1224,106,2024-12-30 07:46:57.646713
01438,0000,1224,106,2024-12-30 07:46:57.662703
29411,0000,1224,106,2024-12-30 07:46:57.678705
02361,0000,1224,106,2024-12-30 07:46:57.694702
14015,0000,1224,106,2024-12-30 07:46:57.710701
53887,0001,1224,106,2024-12-30 07:46:57.726707
11642,0000,1224,106,2024-12-30 07:46:57.742691
56683,0000,1224,106,2024-12-30 07:46:57.774172
34530,0000,1224,106,2024-12-30 07:46:57.790689
03780,0000,1224,106,2024-12-30 07:46:57.806686
61072,0000,1224,106,2024-12-30 07:46:57.822682
07739,0000,1224,106,2024-12-30 07:46:57.838684
14796,0000,1224,106,2024-12-30 07:46:57.854683
19439,0000,1224,106,2024-12-30 07:46:57.870732
24066,0000,1224,106,2024-12-30 07:46:57.886677
16649,0001,1224,106,2024-12-30 07:46:57.902670
00989,0001,1224,106,2024-12-30 07:46:57.918673
58526,0001,1224,106,2024-12-30 07:46:57.950568
04586,0001,1224,106,2024-12-30 07:46:57.966655
04634,0001,1224,106,2024-12-30 07:46:57.982647
14687,0001,1224,106,2024-12-30 07:46:57.998642
01789,0000,1224,106,2024-12-30 07:46:58.014636
27892,0000,1224,106,2024-12-30 07:46:58.030638
04495,0000,1224,106,2024-12-30 07:46:58.046632
18098,0000,1224,106,2024-12-30 07:46:58.062636
01903,0000,1224,106,2024-12-30 07:46:58.078622
00972,0000,1224,106,2024-12-30 07:46:58.110216
33980,0001,1224,106,2024-12-30 07:46:58.126605
27330,0000,1224,106,2024-12-30 07:46:58.142606
11201,0000,1224,106,2024-12-30 07:46:58.158602
44985,0000,1224,106,2024-12-30 07:46:58.174609
03825,0000,1224,106,2024-12-30 07:46:58.190602
24846,0000,1224,106,2024-12-30 07:46:58.206600
63547,0001,1224,106,2024-12-30 07:46:58.222596
20312,0000,1224,106,2024-12-30 07:46:58.238625
01792,0000,1224,106,2024-12-30 07:46:58.254592
00076,0001,1224,106,2024-12-30 07:46:58.286586
04683,0000,1224,106,2024-12-30 07:46:58.302585
05382,0000,1224,106,2024-12-30 07:46:58.318574
01667,0000,1224,106,2024-12-30 07:46:58.334583
05427,0000,1224,106,2024-12-30 07:46:58.350578
53063,0000,1224,106,2024-12-30 07:46:58.366574
02922,0000,1224,106,2024-12-30 07:46:58.382561
04308,0000,1224,106,2024-12-30 07:46:58.398564
63604,0000,1224,106,2024-12-30 07:46:58.414561
00843,0000,1224,106,2024-12-30 07:46:58.446231
22643,0000,1224,106,2024-12-30 07:46:58.462561
01636,0000,1224,106,2024-12-30 07:46:58.478546
01659,0000,1224,106,2024-12-30 07:46:58.494551
04575,0000,1224,106,2024-12-30 07:46:58.510550
00844,0000,1224,106,2024-12-30 07:46:58.526539
00829,0000,1224,106,2024-12-30 07:46:58.542535
17135,0000,1224,106,2024-12-30 07:46:58.558532
54183,0000,1224,106,2024-12-30 07:46:58.574529
05472,0000,1224,106,2024-12-30 07:46:58.605866
02285,0000,1224,106,2024-12-30 07:46:58.622526
23204,0000,1224,106,2024-12-30 07:46:58.638528
01524,0001,1224,106,2024-12-30 07:46:58.654510
57527,0001,1224,106,2024-12-30 07:46:58.670514
04667,0000,1224,106,2024-12-30 07:46:58.686507
54133,0000,1224,106,2024-12-30 07:46:58.702509
24156,0000,1224,106,2024-12-30 07:46:58.718508
19384,0000,1224,106,2024-12-30 07:46:58.734508
04594,0000,1224,106,2024-12-30 07:46:58.750513
29613,0000,1224,106,2024-12-30 07:46:58.782253
09325,0000,1224,106,2024-12-30 07:46:58.798497
04791,0000,1225,106,2024-12-30 07:46:58.814490
09275,0001,1224,106,2024-12-30 07:46:58.830492
03930,0000,1224,106,2024-12-30 07:46:58.846477
33608,0000,1224,106,2024-12-30 07:46:58.862471
12946,0000,1224,106,2024-12-30 07:46:58.878475
48764,0000,1224,106,2024-12-30 07:46:58.894477
04671,0000,1224,106,2024-12-30 07:46:58.910477
04031,0000,1224,106,2024-12-30 07:46:58.941910
21121,0000,1224,106,2024-12-30 07:46:58.958491
28609,0000,1224,106,2024-12-30 07:46:58.974480
38688,0000,1224,106,2024-12-30 07:46:58.990490
19373,0000,1224,106,2024-12-30 07:46:59.006488
39910,0000,1224,106,2024-12-30 07:46:59.022492
03829,0000,1224,106,2024-12-30 07:46:59.038495
04636,0000,1224,106,2024-12-30 07:46:59.054492
03730,0000,1224,106,2024-12-30 07:46:59.070495
00116,0000,1224,106,2024-12-30 07:46:59.086493
58396,0000,1224,106,2024-12-30 07:46:59.118272
05466,0000,1224,106,2024-12-30 07:46:59.134412
02135,0000,1224,106,2024-12-30 07:46:59.150403
00870,0000,1224,106,2024-12-30 07:46:59.166405
18600,0001,1225,106,2024-12-30 07:46:59.182397
45421,0000,1224,106,2024-12-30 07:46:59.198394
11001,0000,1224,106,2024-12-30 07:46:59.214385
14639,0000,1224,106,2024-12-30 07:46:59.230393
00095,0000,1224,106,2024-12-30 07:46:59.246397
02712,0000,1224,106,2024-12-30 07:46:59.277914
13966,0000,1224,106,2024-12-30 07:46:59.294399
08539,0000,1224,106,2024-12-30 07:46:59.310371
06334,0000,1224,106,2024-12-30 07:46:59.326369
00731,0000,1224,106,2024-12-30 07:46:59.342369
64074,0000,1224,106,2024-12-30 07:46:59.358371
04666,0000,1224,106,2024-12-30 07:46:59.374368
10937,0000,1224,106,2024-12-30 07:46:59.390365
52508,0000,1224,106,2024-12-30 07:46:59.406369
03877,0000,1224,106,2024-12-30 07:46:59.422359
54287,0000,1224,106,2024-12-30 07:46:59.454292
57662,0000,1224,106,2024-12-30 07:46:59.470348
05428,0000,1224,106,2024-12-30 07:46:59.486350
05392,0000,1224,106,2024-12-30 07:46:59.502341
41723,0000,1224,106,2024-12-30 07:46:59.518330
00409,0000,1224,106,2024-12-30 07:46:59.534336
14763,0000,1224,106,2024-12-30 07:46:59.550331
49663,0000,1224,106,2024-12-30 07:46:59.566336
-0014,0000,1224,106,2024-12-30 07:46:59.582319
27727,0001,1224,106,2024-12-30 07:46:59.613926
16500,0000,1224,106,2024-12-30 07:46:59.630320
18553,0000,1224,106,2024-12-30 07:46:59.646310
66201,0000,1224,106,2024-12-30 07:46:59.662310
54048,0000,1224,106,2024-12-30 07:46:59.678313
13347,0000,1224,106,2024-12-30 07:46:59.694297
05437,0000,1224,106,2024-12-30 07:46:59.710296
02503,0000,1224,106,2024-12-30 07:46:59.726296
02336,0000,1224,106,2024-12-30 07:46:59.742302
10297,0000,1224,106,2024-12-30 07:46:59.758290
61999,0000,1224,106,2024-12-30 07:46:59.790287
12959,0000,1224,106,2024-12-30 07:46:59.806280
07081,0000,1225,106,2024-12-30 07:46:59.822278
58525,0000,1224,106,2024-12-30 07:46:59.838267
21970,0001,1225,106,2024-12-30 07:46:59.854271
20313,0000,1225,106,2024-12-30 07:46:59.870263
04615,0000,1224,106,2024-12-30 07:46:59.886266
00237,0000,1224,106,2024-12-30 07:46:59.902265
00883,0000,1224,106,2024-12-30 07:46:59.918259
04695,0000,1225,106,2024-12-30 07:46:59.949968
40588,0001,1224,106,2024-12-30 07:46:59.966249
03017,0000,1224,106,2024-12-30 07:46:59.982250
03734,0000,1224,106,2024-12-30 07:46:59.998236
00205,0000,1224,106,2024-12-30 07:47:00.014238
53168,0000,1224,106,2024-12-30 07:47:00.030232
14798,0000,1225,106,2024-12-30 07:47:00.046237
10172,0000,1224,106,2024-12-30 07:47:00.062242
30124,0000,1224,106,2024-12-30 07:47:00.078226
09265,0000,1225,106,2024-12-30 07:47:00.109582
09368,0000,1224,106,2024-12-30 07:47:00.126213
03822,0000,1224,106,2024-12-30 07:47:00.142206
04619,0000,1225,106,2024-12-30 07:47:00.158210
61550,0000,1224,106,2024-12-30 07:47:00.174207
24760,0000,1224,106,2024-12-30 07:47:00.190213
05393,0001,1224,106,2024-12-30 07:47:00.206199
08566,0000,1225,106,2024-12-30 07:47:00.222200
05421,0000,1225,106,2024-12-30 07:47:00.238309
03562,0000,1225,106,2024-12-30 07:47:00.254250
53874,0000,1224,106,2024-12-30 07:47:00.285998
03811,0000,1224,106,2024-12-30 07:47:00.302202
15650,0000,1225,106,2024-12-30 07:47:00.318185
03706,0000,1224,106,2024-12-30 07:47:00.334174
14863,0000,1225,106,2024-12-30 07:47:00.350184
20301,0001,1225,106,2024-12-30 07:47:00.366176
03835,0000,1224,106,2024-12-30 07:47:00.382174
00476,0000,1224,106,2024-12-30 07:47:00.398167
59054,0000,1225,106,2024-12-30 07:47:00.414165
02746,0000,1225,106,2024-12-30 07:47:00.445614
61528,0000,1224,106,2024-12-30 07:47:00.462162
04591,0000,1225,106,2024-12-30 07:47:00.478145
20069,0000,1225,106,2024-12-30 07:47:00.494150
15696,0000,1224,106,2024-12-30 07:47:00.510143
51357,0000,1225,106,2024-12-30 07:47:00.526138
00179,0000,1224,106,2024-12-30 07:47:00.542140
26896,0000,1225,106,2024-12-30 07:47:00.558133
15432,0001,1225,106,2024-12-30 07:47:00.574140
03098,0000,1225,106,2024-12-30 07:47:00.590123
53125,0000,1224,106,2024-12-30 07:47:00.622007
67050,0000,1225,106,2024-12-30 07:47:00.638122
05465,0001,1225,106,2024-12-30 07:47:00.654111
37732,0000,1224,106,2024-12-30 07:47:00.670112
08287,0000,1225,106,2024-12-30 07:47:00.686107
00058,0000,1225,106,2024-12-30 07:47:00.702107
03143,0000,1224,106,2024-12-30 07:47:00.718108
04136,0000,1225,106,2024-12-30 07:47:00.734099
50076,0001,1225,106,2024-12-30 07:47:00.750098
28601,0000,1225,106,2024-12-30 07:47:00.781647
17092,0000,1225,106,2024-12-30 07:47:00.798086
37733,0000,1224,106,2024-12-30 07:47:00.814082
01635,0000,1225,106,2024-12-30 07:47:00.830085
23910,0000,1224,106,2024-12-30 07:47:00.846087
20187,0000,1225,106,2024-12-30 07:47:00.862276
42540,0000,1225,106,2024-12-30 07:47:00.878088
40302,0000,1225,106,2024-12-30 07:47:00.894069
01419,0000,1224,106,2024-12-30 07:47:00.910072
05379,0000,1224,106,2024-12-30 07:47:00.926058
05530,0000,1225,106,2024-12-30 07:47:00.958043
18664,0000,1224,106,2024-12-30 07:47:00.974060
49668,0000,1225,106,2024-12-30 07:47:00.990046
06245,0000,1224,106,2024-12-30 07:47:01.006046
23293,0000,1225,106,2024-12-30 07:47:01.022039
04536,0000,1225,106,2024-12-30 07:47:01.038045
48994,0000,1225,106,2024-12-30 07:47:01.054036
10075,0001,1225,106,2024-12-30 07:47:01.070034
08532,0000,1225,106,2024-12-30 07:47:01.086031
34475,0000,1225,106,2024-12-30 07:47:01.117671
04533,0000,1225,106,2024-12-30 07:47:01.134024
50484,0000,1225,106,2024-12-30 07:47:01.150018
52278,0000,1225,106,2024-12-30 07:47:01.166011
13185,0000,1225,106,2024-12-30 07:47:01.182015
03641,0000,1225,106,2024-12-30 07:47:01.198008
19520,0000,1224,106,2024-12-30 07:47:01.214013
05447,0000,1225,106,2024-12-30 07:47:01.230009
64088,0001,1225,106,2024-12-30 07:47:01.246027
16511,0000,1225,106,2024-12-30 07:47:01.277331
57335,0000,1225,106,2024-12-30 07:47:01.293992
46629,0000,1225,106,2024-12-30 07:47:01.310015
05356,0000,1225,106,2024-12-30 07:47:01.325988
00819,0000,1225,106,2024-12-30 07:47:01.341981
04711,0000,1225,106,2024-12-30 07:47:01.357985
45415,0000,1225,106,2024-12-30 07:47:01.373975
04535,0000,1225,106,2024-12-30 07:47:01.389964
03875,0000,1225,106,2024-12-30 07:47:01.405965
03467,0000,1225,106,2024-12-30 07:47:01.421965
04705,0000,1225,106,2024-12-30 07:47:01.453693
33199,0000,1225,106,2024-12-30 07:47:01.469948
52569,0000,1225,106,2024-12-30 07:47:01.485950
04667,0000,1225,106,2024-12-30 07:47:01.501946
48987,0000,1225,106,2024-12-30 07:47:01.517941
65812,0000,1225,106,2024-12-30 07:47:01.533933
41064,0000,1225,106,2024-12-30 07:47:01.549936
04636,0000,1225,106,2024-12-30 07:47:01.565929
00665,0000,1225,106,2024-12-30 07:47:01.581920
04472,0000,1225,106,2024-12-30 07:47:01.613351
23637,0000,1225,106,2024-12-30 07:47:01.629929
05531,0000,1225,106,2024-12-30 07:47:01.645910
35484,0000,1225,106,2024-12-30 07:47:01.661914
15671,0000,1225,106,2024-12-30 07:47:01.677909
42574,0000,1225,106,2024-12-30 07:47:01.693907
00901,0000,1225,106,2024-12-30 07:47:01.709900
05457,0001,1225,106,2024-12-30 07:47:01.725903
65227,0000,1225,106,2024-12-30 07:47:01.741908
08456,0000,1225,106,2024-12-30 07:47:01.757903
22458,0000,1225,106,2024-12-30 07:47:01.789728
09230,0000,1225,106,2024-12-30 07:47:01.805876
03632,0000,1225,106,2024-12-30 07:47:01.821876
24823,0000,1225,106,2024-12-30 07:47:01.837875
14749,0000,1225,106,2024-12-30 07:47:01.853877
19419,0000,1225,106,2024-12-30 07:47:01.869869
10933,0000,1225,106,2024-12-30 07:47:01.885871
45394,0000,1225,106,2024-12-30 07:47:01.901866
37082,0000,1225,106,2024-12-30 07:47:01.917856
16307,0000,1225,106,2024-12-30 07:47:01.949360
14937,0000,1225,106,2024-12-30 07:47:01.965855
04834,0000,1225,106,2024-12-30 07:47:01.981843
02077,0000,1225,106,2024-12-30 07:47:01.997849
02537,0000,1225,106,2024-12-30 07:47:02.013848
17875,0000,1225,106,2024-12-30 07:47:02.029856
04631,0000,1225,106,2024-12-30 07:47:02.045858
05408,0000,1225,106,2024-12-30 07:47:02.061858
04506,0001,1225,106,2024-12-30 07:47:02.077857
02685,0001,1225,106,2024-12-30 07:47:02.093865
05372,0001,1225,106,2024-12-30 07:47:02.125793
05453,0000,1225,106,2024-12-30 07:47:02.141866
05478,0001,1225,106,2024-12-30 07:47:02.157869
06177,0000,1225,106,2024-12-30 07:47:02.173883
04516,0000,1225,106,2024-12-30 07:47:02.189890
58227,0000,1225,106,2024-12-30 07:47:02.205889
02297,0000,1225,106,2024-12-30 07:47:02.221811
41833,0000,1225,106,2024-12-30 07:47:02.237820
45855,0000,1225,106,2024-12-30 07:47:02.253807
07876,0001,1225,106,2024-12-30 07:47:02.285404
03675,0000,1225,106,2024-12-30 07:47:02.301784
10327,0000,1225,106,2024-12-30 07:47:02.317786
13996,0000,1225,106,2024-12-30 07:47:02.333781
00897,0000,1225,106,2024-12-30 07:47:02.349784
07021,0000,1225,106,2024-12-30 07:47:02.365772
10052,0000,1225,106,2024-12-30 07:47:02.381776
37700,0000,1225,106,2024-12-30 07:47:02.397784
03806,0000,1225,106,2024-12-30 07:47:02.413786
01495,0000,1225,106,2024-12-30 07:47:02.429769
05470,0000,1225,106,2024-12-30 07:47:02.461762
31933,0000,1225,106,2024-12-30 07:47:02.477760
01741,0000,1225,106,2024-12-30 07:47:02.493754
53899,0001,1225,106,2024-12-30 07:47:02.509750
14810,0000,1225,106,2024-12-30 07:47:02.525756
03091,0000,1225,106,2024-12-30 07:47:02.541738
04838,0001,1225,106,2024-12-30 07:47:02.557742
03139,0000,1225,106,2024-12-30 07:47:02.573733
53893,0000,1225,106,2024-12-30 07:47:02.589736
36974,0000,1225,106,2024-12-30 07:47:02.621426
05367,0000,1225,106,2024-12-30 07:47:02.637718
02959,0000,1225,106,2024-12-30 07:47:02.653721
01735,0000,1225,106,2024-12-30 07:47:02.669721
10912,0000,1225,106,2024-12-30 07:47:02.685711
50855,0000,1225,106,2024-12-30 07:47:02.701707
02775,0000,1225,106,2024-12-30 07:47:02.717708
04674,0000,1225,106,2024-12-30 07:47:02.733708
10144,0000,1225,106,2024-12-30 07:47:02.749704
01128,0000,1225,106,2024-12-30 07:47:02.781067
20036,0000,1225,106,2024-12-30 07:47:02.797707
02127,0001,1225,106,2024-12-30 07:47:02.813682
02864,0000,1225,106,2024-12-30 07:47:02.829691
05405,0000,1225,106,2024-12-30 07:47:02.845682
04610,0000,1225,106,2024-12-30 07:47:02.861681
64982,0001,1225,106,2024-12-30 07:47:02.877678
03539,0000,1225,106,2024-12-30 07:47:02.893675
-0007,0001,1225,106,2024-12-30 07:47:02.909674
01029,0000,1225,106,2024-12-30 07:47:02.925673
66776,0000,1225,106,2024-12-30 07:47:02.957451
05247,0000,1225,106,2024-12-30 07:47:02.973659
05404,0000,1225,106,2024-12-30 07:47:02.989663
21125,0000,1225,106,2024-12-30 07:47:03.005653
02597,0000,1225,106,2024-12-30 07:47:03.021650
40195,0000,1225,106,2024-12-30 07:47:03.037647
14640,0000,1225,106,2024-12-30 07:47:03.053638
02226,0000,1225,106,2024-12-30 07:47:03.069645
02122,0000,1225,106,2024-12-30 07:47:03.085633
45662,0000,1225,106,2024-12-30 07:47:03.117079
03716,0001,1225,106,2024-12-30 07:47:03.133628
00133,0000,1225,106,2024-12-30 07:47:03.149616
03584,0000,1225,106,2024-12-30 07:47:03.165618
53883,0000,1225,106,2024-12-30 07:47:03.181619
12576,0000,1225,106,2024-12-30 07:47:03.197624
22120,0000,1225,106,2024-12-30 07:47:03.213607
24179,0000,1225,106,2024-12-30 07:47:03.229612
04586,0000,1225,106,2024-12-30 07:47:03.245629
11789,0000,1225,106,2024-12-30 07:47:03.261604
14720,0000,1225,106,2024-12-30 07:47:03.293475
00855,0000,1225,106,2024-12-30 07:47:03.309602
02098,0000,1225,106,2024-12-30 07:47:03.325589
04773,0000,1225,106,2024-12-30 07:47:03.341594
03005,0000,1225,106,2024-12-30 07:47:03.357581
04618,0000,1225,106,2024-12-30 07:47:03.373589
61083,0001,1225,106,2024-12-30 07:47:03.389581
00923,0000,1225,106,2024-12-30 07:47:03.405582
08677,0000,1225,106,2024-12-30 07:47:03.421572
26441,0000,1225,106,2024-12-30 07:47:03.453124
00909,0000,1225,106,2024-12-30 07:47:03.469562
02264,0001,1225,106,2024-12-30 07:47:03.485552
21101,0000,1225,106,2024-12-30 07:47:03.501558
06231,0000,1225,106,2024-12-30 07:47:03.517545
04681,0000,1225,106,2024-12-30 07:47:03.533543
05406,0001,1225,106,2024-12-30 07:47:03.549541
13949,0000,1225,106,2024-12-30 07:47:03.565545
05428,0000,1225,106,2024-12-30 07:47:03.581545
24869,0000,1225,106,2024-12-30 07:47:03.597527
04496,0000,1225,106,2024-12-30 07:47:03.629506
00691,0000,1225,106,2024-12-30 07:47:03.645528
00689,0000,1225,106,2024-12-30 07:47:03.661522
20390,0000,1225,106,2024-12-30 07:47:03.677516
00740,0000,1225,106,2024-12-30 07:47:03.693515
04627,0000,1225,106,2024-12-30 07:47:03.709504
11807,0000,1226,106,2024-12-30 07:47:03.725506
23969,0000,1225,106,2024-12-30 07:47:03.741507
59046,0000,1225,106,2024-12-30 07:47:03.757500
59261,0000,1225,106,2024-12-30 07:47:03.789145
08509,0001,1225,106,2024-12-30 07:47:03.805487
00133,0000,1225,106,2024-12-30 07:47:03.821492
24950,0000,1225,106,2024-12-30 07:47:03.837484
57697,0000,1225,106,2024-12-30 07:47:03.853486
39169,0000,1225,106,2024-12-30 07:47:03.869478
15659,0000,1225,106,2024-12-30 07:47:03.885479
09350,0000,1225,106,2024-12-30 07:47:03.901471
16397,0001,1226,106,2024-12-30 07:47:03.917471
14841,0000,1225,106,2024-12-30 07:47:03.948784
04796,0000,1225,106,2024-12-30 07:47:03.965469
04682,0000,1226,106,2024-12-30 07:47:03.981452
03844,0000,1225,106,2024-12-30 07:47:03.997453
04624,0000,1225,106,2024-12-30 07:47:04.013449
16432,0000,1226,106,2024-12-30 07:47:04.029447
05322,0000,1225,106,2024-12-30 07:47:04.045443
00079,0000,1225,106,2024-12-30 07:47:04.061439
01599,0000,1225,106,2024-12-30 07:47:04.077441
53023,0000,1225,106,2024-12-30 07:47:04.093443
03703,0000,1225,106,2024-12-30 07:47:04.125158
03135,0000,1225,106,2024-12-30 07:47:04.141434
00772,0000,1225,106,2024-12-30 07:47:04.157431
32243,0000,1225,106,2024-12-30 07:47:04.173420
04665,0000,1225,106,2024-12-30 07:47:04.189412
61857,0000,1226,106,2024-12-30 07:47:04.205413
03261,0000,1225,106,2024-12-30 07:47:04.221403
03787,0000,1226,106,2024-12-30 07:47:04.237415
44124,0001,1225,106,2024-12-30 07:47:04.253399
20991,0000,1225,106,2024-12-30 07:47:04.284799
05401,0000,1225,106,2024-12-30 07:47:04.301405
02163,0000,1225,106,2024-12-30 07:47:04.317383
06143,0001,1225,106,2024-12-30 07:47:04.333390
08523,0000,1225,106,2024-12-30 07:47:04.349394
08004,0000,1225,106,2024-12-30 07:47:04.365374
10200,0000,1225,106,2024-12-30 07:47:04.381374
65330,0000,1225,106,2024-12-30 07:47:04.397369
04652,0001,1225,106,2024-12-30 07:47:04.413375
03354,0000,1226,106,2024-12-30 07:47:04.429364
21177,0001,1225,106,2024-12-30 07:47:04.461191
04617,0000,1225,106,2024-12-30 07:47:04.477375
05457,0000,1225,106,2024-12-30 07:47:04.493354
20999,0000,1226,106,2024-12-30 07:47:04.509350
23984,0000,1226,106,2024-12-30 07:47:04.525344
05353,0000,1225,106,2024-12-30 07:47:04.541348
01746,0000,1225,106,2024-12-30 07:47:04.557336
51778,0000,1226,106,2024-12-30 07:47:04.573343
16507,0000,1226,106,2024-12-30 07:47:04.589333
13865,0001,1226,106,2024-12-30 07:47:04.620805
55991,0000,1226,106,2024-12-30 07:47:04.637320
48948,0000,1225,106,2024-12-30 07:47:04.653321
30148,0000,1225,106,2024-12-30 07:47:04.669322
06313,0000,1226,106,2024-12-30 07:47:04.685319
11678,0001,1226,106,2024-12-30 07:47:04.701307
10883,0000,1226,106,2024-12-30 07:47:04.717312
31413,0000,1226,106,2024-12-30 07:47:04.733320
04687,0000,1225,106,2024-12-30 07:47:04.749319
24956,0000,1225,106,2024-12-30 07:47:04.765303
02923,0000,1225,106,2024-12-30 07:47:04.797217
27335,0000,1225,106,2024-12-30 07:47:04.813296
51462,0000,1226,106,2024-12-30 07:47:04.829287
19396,0000,1226,106,2024-12-30 07:47:04.845288
14059,0000,1225,106,2024-12-30 07:47:04.861285
04754,0000,1226,106,2024-12-30 07:47:04.877288
45587,0000,1226,106,2024-12-30 07:47:04.893275
03489,0000,1226,106,2024-12-30 07:47:04.909278
03789,0000,1226,106,2024-12-30 07:47:04.925270
06265,0000,1225,106,2024-12-30 07:47:04.956858
00747,0000,1226,106,2024-12-30 07:47:04.973256
04662,0000,1225,106,2024-12-30 07:47:04.989258
23474,0000,1225,106,2024-12-30 07:47:05.005251
03155,0000,1226,106,2024-12-30 07:47:05.021250
10769,0000,1225,106,2024-12-30 07:47:05.037247
16377,0000,1226,106,2024-12-30 07:47:05.053248
02160,0000,1226,106,2024-12-30 07:47:05.069241
65266,0000,1226,106,2024-12-30 07:47:05.085244
04553,0001,1226,106,2024-12-30 07:47:05.101231
05347,0000,1226,106,2024-12-30 07:47:05.133238
00867,0000,1226,106,2024-12-30 07:47:05.149245
08278,0000,1226,106,2024-12-30 07:47:05.165243
04651,0000,1226,106,2024-12-30 07:47:05.181246
49695,0000,1226,106,2024-12-30 07:47:05.197243
13991,0000,1225,106,2024-12-30 07:47:05.213245
49117,0001,1226,106,2024-12-30 07:47:05.229251
02806,0000,1225,106,2024-12-30 07:47:05.245268
61963,0000,1226,106,2024-12-30 07:47:05.261253
50519,0000,1226,106,2024-12-30 07:47:05.292922
12150,0000,1226,106,2024-12-30 07:47:05.309267
03703,0000,1225,106,2024-12-30 07:47:05.325187
50054,0001,1225,106,2024-12-30 07:47:05.341187
04638,0000,1226,106,2024-12-30 07:47:05.357176
59807,0000,1226,106,2024-12-30 07:47:05.373183
01699,0000,1226,106,2024-12-30 07:47:05.389174
00794,0001,1226,106,2024-12-30 07:47:05.405179
21963,0000,1226,106,2024-12-30 07:47:05.421174
25637,0000,1225,106,2024-12-30 07:47:05.452517
63555,0000,1226,106,2024-12-30 07:47:05.469165
13172,0000,1226,106,2024-12-30 07:47:05.485158
26689,0001,1226,106,2024-12-30 07:47:05.501161
00792,0000,1225,106,2024-12-30 07:47:05.517162
03755,0001,1226,106,2024-12-30 07:47:05.533145
11941,0000,1226,106,2024-12-30 07:47:05.549148
24985,0000,1225,106,2024-12-30 07:47:05.565143
23535,0000,1226,106,2024-12-30 07:47:05.581138
35375,0000,1226,106,2024-12-30 07:47:05.597138
25740,0000,1226,106,2024-12-30 07:47:05.628915
04208,0000,1226,106,2024-12-30 07:47:05.645138
20294,0000,1226,106,2024-12-30 07:47:05.661126
02638,0000,1226,106,2024-12-30 07:47:05.677119
17847,0000,1226,106,2024-12-30 07:47:05.693119
00788,0000,1226,106,2024-12-30 07:47:05.709112
43990,0000,1226,106,2024-12-30 07:47:05.725107
20105,0000,1226,106,2024-12-30 07:47:05.741107
14682,0000,1226,106,2024-12-30 07:47:05.757108
04698,0000,1226,106,2024-12-30 07:47:05.788542
08561,0000,1226,106,2024-12-30 07:47:05.805095
30344,0001,1226,106,2024-12-30 07:47:05.821098
21103,0000,1226,106,2024-12-30 07:47:05.837088
34113,0000,1226,106,2024-12-30 07:47:05.853088
00976,0000,1226,106,2024-12-30 07:47:05.869081
57310,0000,1226,106,2024-12-30 07:47:05.885083
-0009,0001,1226,106,2024-12-30 07:47:05.901089
55710,0000,1226,106,2024-12-30 07:47:05.917068
06264,0000,1226,106,2024-12-30 07:47:05.933073
19492,0000,1226,106,2024-12-30 07:47:05.964945
06097,0000,1225,106,2024-12-30 07:47:05.981053
00128,0000,1226,106,2024-12-30 07:47:05.997056
45771,0001,1226,106,2024-12-30 07:47:06.013050
01804,0000,1226,106,2024-12-30 07:47:06.029057
03870,0000,1226,106,2024-12-30 07:47:06.045044
03763,0000,1226,106,2024-12-30 07:47:06.061047
32959,0000,1226,106,2024-12-30 07:47:06.077035
02316,0000,1226,106,2024-12-30 07:47:06.093042
05394,0001,1226,106,2024-12-30 07:47:06.124577
30442,0000,1226,106,2024-12-30 07:47:06.141030
11615,0000,1226,106,2024-12-30 07:47:06.157021
03805,0000,1226,106,2024-12-30 07:47:06.173025
00755,0000,1226,106,2024-12-30 07:47:06.189015
28736,0000,1226,106,2024-12-30 07:47:06.205014
33223,0001,1226,106,2024-12-30 07:47:06.221009
01651,0000,1226,106,2024-12-30 07:47:06.237021
11703,0000,1226,106,2024-12-30 07:47:06.253008
00713,0000,1226,106,2024-12-30 07:47:06.269012
03907,0000,1226,106,2024-12-30 07:47:06.300971
10764,0000,1226,106,2024-12-30 07:47:06.317002
00029,0001,1226,106,2024-12-30 07:47:06.332983
00619,0000,1226,106,2024-12-30 07:47:06.348990
05348,0000,1226,106,2024-12-30 07:47:06.364988
03899,0000,1226,106,2024-12-30 07:47:06.380984
10944,0000,1226,106,2024-12-30 07:47:06.396983
13899,0000,1226,106,2024-12-30 07:47:06.412985
54301,0000,1226,106,2024-12-30 07:47:06.428976
03823,0000,1226,106,2024-12-30 07:47:06.460593
01584,0000,1226,106,2024-12-30 07:47:06.476971
14777,0000,1226,106,2024-12-30 07:47:06.492955
00913,0000,1226,106,2024-12-30 07:47:06.508958
05348,0000,1226,106,2024-12-30 07:47:06.524956
05495,0000,1226,106,2024-12-30 07:47:06.540954
38522,0000,1226,106,2024-12-30 07:47:06.556948
33200,0000,1226,106,2024-12-30 07:47:06.572949
57595,0000,1226,106,2024-12-30 07:47:06.588943
60151,0000,1226,106,2024-12-30 07:47:06.604942
05423,0000,1226,106,2024-12-30 07:47:06.636937
04712,0000,1226,106,2024-12-30 07:47:06.652933
04721,0000,1226,106,2024-12-30 07:47:06.668931
10931,0000,1226,106,2024-12-30 07:47:06.684937
39359,0000,1226,106,2024-12-30 07:47:06.700921
47402,0000,1226,106,2024-12-30 07:47:06.716923
11016,0000,1226,106,2024-12-30 07:47:06.732913
63269,0000,1226,106,2024-12-30 07:47:06.748917
24006,0001,1226,106,2024-12-30 07:47:06.764906
27927,0000,1226,106,2024-12-30 07:47:06.796620
05481,0001,1226,106,2024-12-30 07:47:06.812916
61746,0000,1226,106,2024-12-30 07:47:06.828896
36894,0000,1226,106,2024-12-30 07:47:06.844901
04509,0000,1226,106,2024-12-30 07:47:06.860889
05406,0000,1226,106,2024-12-30 07:47:06.876895
00693,0000,1227,106,2024-12-30 07:47:06.892885
06983,0000,1226,106,2024-12-30 07:47:06.908887
04661,0001,1226,106,2024-12-30 07:47:06.924876
42467,0000,1226,106,2024-12-30 07:47:06.956258
29461,0001,1226,106,2024-12-30 07:47:06.972864
01631,0000,1226,106,2024-12-30 07:47:06.988870
48347,0000,1226,106,2024-12-30 07:47:07.004867
44058,0000,1226,106,2024-12-30 07:47:07.020860
03794,0000,1226,106,2024-12-30 07:47:07.036855
20123,0000,1226,106,2024-12-30 07:47:07.052855
21096,0000,1226,106,2024-12-30 07:47:07.068856
02249,0000,1226,106,2024-12-30 07:47:07.084844
28324,0000,1226,106,2024-12-30 07:47:07.100846
56466,0000,1226,106,2024-12-30 07:47:07.132653
01717,0001,1226,106,2024-12-30 07:47:07.148835
24807,0000,1226,106,2024-12-30 07:47:07.164833
59069,0000,1226,106,2024-12-30 07:47:07.180828
13152,0000,1226,106,2024-12-30 07:47:07.196831
-0003,0000,1226,106,2024-12-30 07:47:07.212828
34056,0000,1226,106,2024-12-30 07:47:07.228817
53395,0000,1226,106,2024-12-30 07:47:07.244822
17971,0000,1226,106,2024-12-30 07:47:07.260815
53906,0000,1226,106,2024-12-30 07:47:07.292299
37039,0000,1226,106,2024-12-30 07:47:07.308800
39292,0000,1226,106,2024-12-30 07:47:07.324799
00827,0001,1226,106,2024-12-30 07:47:07.340792
14863,0000,1226,106,2024-12-30 07:47:07.356798
13395,0000,1226,106,2024-12-30 07:47:07.372788
51428,0000,1226,106,2024-12-30 07:47:07.388782
00708,0000,1226,106,2024-12-30 07:47:07.404787
02962,0000,1226,106,2024-12-30 07:47:07.420787
11909,0000,1226,106,2024-12-30 07:47:07.436779
15637,0000,1226,106,2024-12-30 07:47:07.468688
03681,0000,1226,106,2024-12-30 07:47:07.484767
04675,0000,1226,106,2024-12-30 07:47:07.500761
01694,0000,1226,106,2024-12-30 07:47:07.516766
09307,0000,1226,106,2024-12-30 07:47:07.532768
58220,0000,1226,106,2024-12-30 07:47:07.548755
09283,0001,1226,106,2024-12-30 07:47:07.564754
10872,0000,1226,106,2024-12-30 07:47:07.580758
27791,0001,1226,106,2024-12-30 07:47:07.596757
11686,0001,1226,106,2024-12-30 07:47:07.628319
40309,0000,1226,106,2024-12-30 07:47:07.644738
45455,0000,1226,106,2024-12-30 07:47:07.660734
08616,0000,1226,106,2024-12-30 07:47:07.676731
01860,0000,1226,106,2024-12-30 07:47:07.692732
58551,0000,1226,106,2024-12-30 07:47:07.708723
20360,0000,1226,106,2024-12-30 07:47:07.724720
05431,0001,1226,106,2024-12-30 07:47:07.740731
04716,0000,1226,106,2024-12-30 07:47:07.756724
51480,0000,1226,106,2024-12-30 07:47:07.772725
36050,0000,1226,106,2024-12-30 07:47:07.804709
45813,0001,1226,106,2024-12-30 07:47:07.820705
00756,0000,1226,106,2024-12-30 07:47:07.836700
52607,0000,1226,106,2024-12-30 07:47:07.852705
03779,0000,1226,106,2024-12-30 07:47:07.868708
24057,0000,1226,106,2024-12-30 07:47:07.884689
16403,0000,1226,106,2024-12-30 07:47:07.900691
00763,0000,1226,106,2024-12-30 07:47:07.916685
03770,0000,1227,106,2024-12-30 07:47:07.932685
37720,0000,1226,106,2024-12-30 07:47:07.964331
20354,0001,1226,106,2024-12-30 07:47:07.980679
11867,0000,1226,106,2024-12-30 07:47:07.996679
05454,0000,1226,106,2024-12-30 07:47:08.012668
05373,0000,1226,106,2024-12-30 07:47:08.028670
61099,0000,1227,106,2024-12-30 07:47:08.044663
12601,0000,1227,106,2024-12-30 07:47:08.060653
58112,0001,1226,106,2024-12-30 07:47:08.076655
14058,0000,1226,106,2024-12-30 07:47:08.092652
05516,0000,1226,106,2024-12-30 07:47:08.123973
29526,0000,1227,106,2024-12-30 07:47:08.140639
24123,0000,1226,106,2024-12-30 07:47:08.156634
09241,0001,1226,106,2024-12-30 07:47:08.172634
48770,0001,1226,106,2024-12-30 07:47:08.188634
09246,0000,1226,106,2024-12-30 07:47:08.204641
03929,0000,1226,106,2024-12-30 07:47:08.220635
05426,0000,1226,106,2024-12-30 07:47:08.236628
00114,0001,1226,106,2024-12-30 07:47:08.252627
30351,0000,1226,106,2024-12-30 07:47:08.268626
02946,0000,1226,106,2024-12-30 07:47:08.300392
04594,0000,1226,106,2024-12-30 07:47:08.316636
59017,0000,1226,106,2024-12-30 07:47:08.332639
01198,0000,1226,106,2024-12-30 07:47:08.348634
00819,0001,1226,106,2024-12-30 07:47:08.364632
28547,0000,1226,106,2024-12-30 07:47:08.380635
00728,0000,1227,106,2024-12-30 07:47:08.396642
09377,0000,1226,106,2024-12-30 07:47:08.412648
03905,0000,1226,106,2024-12-30 07:47:08.428656
25876,0001,1226,106,2024-12-30 07:47:08.460021
14755,0000,1226,106,2024-12-30 07:47:08.476577
03837,0000,1226,106,2024-12-30 07:47:08.492575
43189,0001,1226,106,2024-12-30 07:47:08.508570
48890,0000,1226,106,2024-12-30 07:47:08.524567
55982,0001,1227,106,2024-12-30 07:47:08.540559
04694,0001,1226,106,2024-12-30 07:47:08.556562
46504,0000,1227,106,2024-12-30 07:47:08.572556
03670,0000,1226,106,2024-12-30 07:47:08.588560
04354,0000,1227,106,2024-12-30 07:47:08.604551
12638,0000,1226,106,2024-12-30 07:47:08.636429
04265,0000,1226,106,2024-12-30 07:47:08.652542
14968,0000,1226,106,2024-12-30 07:47:08.668540
04620,0000,1227,106,2024-12-30 07:47:08.684533
25859,0000,1226,106,2024-12-30 07:47:08.700533
02402,0000,1226,106,2024-12-30 07:47:08.716530
23447,0000,1226,106,2024-12-30 07:47:08.732531
28697,0000,1226,106,2024-12-30 07:47:08.748526
16267,0000,1226,106,2024-12-30 07:47:08.764528
03907,0000,1226,106,2024-12-30 07:47:08.796038
48847,0000,1227,106,2024-12-30 07:47:08.812501
06320,0000,1227,106,2024-12-30 07:47:08.828510
01817,0000,1227,106,2024-12-30 07:47:08.844499
02923,0000,1226,106,2024-12-30 07:47:08.860503
58486,0000,1226,106,2024-12-30 07:47:08.876487
14004,0000,1227,106,2024-12-30 07:47:08.892495
01617,0000,1227,106,2024-12-30 07:47:08.908484
04634,0000,1227,106,2024-12-30 07:47:08.924482
20312,0000,1226,106,2024-12-30 07:47:08.940482
03864,0000,1226,106,2024-12-30 07:47:08.972437
13263,0000,1227,106,2024-12-30 07:47:08.988467
03615,0000,1226,106,2024-12-30 07:47:09.004471
02614,0000,1226,106,2024-12-30 07:47:09.020474
21913,0000,1226,106,2024-12-30 07:47:09.036481
01492,0000,1226,106,2024-12-30 07:47:09.052464
04546,0000,1226,106,2024-12-30 07:47:09.068463
06197,0000,1227,106,2024-12-30 07:47:09.084459
03182,0001,1226,106,2024-12-30 07:47:09.100455
04646,0000,1227,106,2024-12-30 07:47:09.132068
20984,0000,1227,106,2024-12-30 07:47:09.148450
36013,0000,1227,106,2024-12-30 07:47:09.164434
09287,0000,1227,106,2024-12-30 07:47:09.180435
01767,0000,1227,106,2024-12-30 07:47:09.196426
67513,0000,1226,106,2024-12-30 07:47:09.212433
06301,0000,1226,106,2024-12-30 07:47:09.228421
04696,0000,1227,106,2024-12-30 07:47:09.244433
58323,0000,1227,106,2024-12-30 07:47:09.260417
23952,0001,1226,106,2024-12-30 07:47:09.276421
04619,0000,1226,106,2024-12-30 07:47:09.308428
04650,0001,1227,106,2024-12-30 07:47:09.324407
29545,0000,1226,106,2024-12-30 07:47:09.340413
26587,0000,1226,106,2024-12-30 07:47:09.356399
04602,0000,1227,106,2024-12-30 07:47:09.372405
14834,0000,1227,106,2024-12-30 07:47:09.388399
03028,0000,1226,106,2024-12-30 07:47:09.404390
08584,0000,1227,106,2024-12-30 07:47:09.420400
05460,0000,1227,106,2024-12-30 07:47:09.436384
05547,0000,1226,106,2024-12-30 07:47:09.468096
02796,0000,1226,106,2024-12-30 07:47:09.484386
46193,0000,1227,106,2024-12-30 07:47:09.500376
03101,0000,1227,106,2024-12-30 07:47:09.516373
28832,0000,1227,106,2024-12-30 07:47:09.532373
14676,0000,1226,106,2024-12-30 07:47:09.548381
02309,0000,1227,106,2024-12-30 07:47:09.564367
04635,0000,1226,106,2024-12-30 07:47:09.580365
03747,0000,1227,106,2024-12-30 07:47:09.596351
00785,0000,1227,106,2024-12-30 07:47:09.627735
10223,0000,1226,106,2024-12-30 07:47:09.644356
05371,0000,1226,106,2024-12-30 07:47:09.660349
05479,0000,1226,106,2024-12-30 07:47:09.676347
18834,0000,1227,106,2024-12-30 07:47:09.692343
58462,0000,1227,106,2024-12-30 07:47:09.708330
25014,0000,1226,106,2024-12-30 07:47:09.724331
04703,0000,1227,106,2024-12-30 07:47:09.740329
05411,0000,1227,106,2024-12-30 07:47:09.756326
04523,0000,1227,106,2024-12-30 07:47:09.772323
33223,0000,1226,106,2024-12-30 07:47:09.804142
14791,0000,1227,106,2024-12-30 07:47:09.820322
00881,0000,1226,106,2024-12-30 07:47:09.836310
49626,0000,1227,106,2024-12-30 07:47:09.852307
22760,0000,1227,106,2024-12-30 07:47:09.868303
04494,0000,1226,106,2024-12-30 07:47:09.884294
04611,0000,1227,106,2024-12-30 07:47:09.900293
04677,0000,1227,106,2024-12-30 07:47:09.916291
00758,0000,1227,106,2024-12-30 07:47:09.932295
03799,0000,1227,106,2024-12-30 07:47:09.963775
49139,0000,1227,106,2024-12-30 07:47:09.980280
39425,0001,1227,106,2024-12-30 07:47:09.996281
04862,0000,1227,106,2024-12-30 07:47:10.012272
27887,0000,1227,106,2024-12-30 07:47:10.028273
00798,0000,1227,106,2024-12-30 07:47:10.044264
14626,0000,1227,106,2024-12-30 07:47:10.060266
58490,0001,1227,106,2024-12-30 07:47:10.076256
04358,0000,1227,106,2024-12-30 07:47:10.092260
00840,0000,1227,106,2024-12-30 07:47:10.108252
11786,0000,1227,106,2024-12-30 07:47:10.140157
04660,0000,1226,106,2024-12-30 07:47:10.156251
25885,0000,1227,106,2024-12-30 07:47:10.172243
02917,0001,1227,106,2024-12-30 07:47:10.188240
10942,0001,1227,106,2024-12-30 07:47:10.204250
19282,0000,1226,106,2024-12-30 07:47:10.220229
00106,0001,1227,106,2024-12-30 07:47:10.236238
04675,0000,1227,106,2024-12-30 07:47:10.252236
03821,0000,1227,106,2024-12-30 07:47:10.268235
03947,0000,1227,106,2024-12-30 07:47:10.299798
01448,0000,1227,106,2024-12-30 07:47:10.316220
65798,0000,1227,106,2024-12-30 07:47:10.332218
05486,0000,1227,106,2024-12-30 07:47:10.348208
41579,0000,1227,106,2024-12-30 07:47:10.364214
05415,0001,1227,106,2024-12-30 07:47:10.380206
03074,0000,1227,106,2024-12-30 07:47:10.396206
43984,0000,1227,106,2024-12-30 07:47:10.412196
13107,0000,1227,106,2024-12-30 07:47:10.428199
07785,0000,1227,106,2024-12-30 07:47:10.444202
01570,0001,1227,106,2024-12-30 07:47:10.476191
03206,0001,1227,106,2024-12-30 07:47:10.492180
24873,0000,1227,106,2024-12-30 07:47:10.508178
19373,0000,1227,106,2024-12-30 07:47:10.524175
08571,0000,1227,106,2024-12-30 07:47:10.540174
05461,0000,1227,106,2024-12-30 07:47:10.556171
06413,0001,1227,106,2024-12-30 07:47:10.572166
10932,0000,1227,106,2024-12-30 07:47:10.588170
47432,0000,1227,106,2024-12-30 07:47:10.604151
05473,0001,1227,106,2024-12-30 07:47:10.635831
10155,0000,1227,106,2024-12-30 07:47:10.652150
53919,0001,1227,106,2024-12-30 07:47:10.668153
58277,0000,1227,106,2024-12-30 07:47:10.684141
05370,0000,1227,106,2024-12-30 07:47:10.700134
09260,0000,1227,106,2024-12-30 07:47:10.716138
22570,0000,1227,106,2024-12-30 07:47:10.732126
59237,0000,1227,106,2024-12-30 07:47:10.748134
36400,0000,1227,106,2024-12-30 07:47:10.764124
10179,0000,1227,106,2024-12-30 07:47:10.795451
48360,0000,1227,106,2024-12-30 07:47:10.812122
03249,0000,1227,106,2024-12-30 07:47:10.828105
12597,0000,1227,106,2024-12-30 07:47:10.844123
44280,0000,1227,106,2024-12-30 07:47:10.860104
62807,0000,1227,106,2024-12-30 07:47:10.876109
02763,0000,1227,106,2024-12-30 07:47:10.892096
03886,0000,1227,106,2024-12-30 07:47:10.908101
40825,0000,1227,106,2024-12-30 07:47:10.924098
02676,0000,1227,106,2024-12-30 07:47:10.940094
08640,0000,1227,106,2024-12-30 07:47:10.971860
05498,0001,1227,106,2024-12-30 07:47:10.988090
06259,0000,1227,106,2024-12-30 07:47:11.004083
02270,0000,1227,106,2024-12-30 07:47:11.020077
03768,0000,1226,106,2024-12-30 07:47:11.036068
04638,0000,1227,106,2024-12-30 07:47:11.052072
05442,0000,1227,106,2024-12-30 07:47:11.068066
00007,0000,1227,106,2024-12-30 07:47:11.084064
02743,0000,1227,106,2024-12-30 07:47:11.100062
14853,0000,1226,106,2024-12-30 07:47:11.131488
02251,0000,1227,106,2024-12-30 07:47:11.148047
00152,0000,1227,106,2024-12-30 07:47:11.164045
09315,0000,1227,106,2024-12-30 07:47:11.180045
44055,0000,1227,106,2024-12-30 07:47:11.196037
00782,0001,1227,106,2024-12-30 07:47:11.212036
12122,0001,1227,106,2024-12-30 07:47:11.228032
33899,0000,1227,106,2024-12-30 07:47:11.244036
01637,0000,1227,106,2024-12-30 07:47:11.260026
50884,0001,1227,106,2024-12-30 07:47:11.276024
44738,0000,1227,106,2024-12-30 07:47:11.307884
01829,0000,1227,106,2024-12-30 07:47:11.324013
00834,0000,1227,106,2024-12-30 07:47:11.340020
03874,0000,1227,106,2024-12-30 07:47:11.356014
04712,0000,1227,106,2024-12-30 07:47:11.372014
03779,0000,1227,106,2024-12-30 07:47:11.388014
47492,0000,1227,106,2024-12-30 07:47:11.404020
10980,0001,1227,106,2024-12-30 07:47:11.420019
37852,0001,1227,106,2024-12-30 07:47:11.436019
09193,0000,1227,106,2024-12-30 07:47:11.467533
00049,0000,1227,106,2024-12-30 07:47:11.484032
52479,0000,1227,106,2024-12-30 07:47:11.500026
05468,0000,1227,106,2024-12-30 07:47:11.516027
10105,0000,1227,106,2024-12-30 07:47:11.532035
04656,0000,1227,106,2024-12-30 07:47:11.548034
04649,0001,1227,106,2024-12-30 07:47:11.564033
50053,0001,1227,106,2024-12-30 07:47:11.579971
23670,0000,1227,106,2024-12-30 07:47:11.595968
17733,0000,1227,106,2024-12-30 07:47:11.611961
62392,0000,1227,106,2024-12-30 07:47:11.643894
64182,0000,1227,106,2024-12-30 07:47:11.659954
07636,0000,1227,106,2024-12-30 07:47:11.675947
39994,0000,1227,106,2024-12-30 07:47:11.691943
01704,0000,1227,106,2024-12-30 07:47:11.707947
00904,0000,1227,106,2024-12-30 07:47:11.723941
19591,0000,1227,106,2024-12-30 07:47:11.739944
15758,0001,1227,106,2024-12-30 07:47:11.755943
06382,0000,1227,106,2024-12-30 07:47:11.771929
02913,0000,1227,106,2024-12-30 07:47:11.803556
13863,0000,1227,106,2024-12-30 07:47:11.819926
14740,0000,1227,106,2024-12-30 07:47:11.835915
23210,0000,1227,106,2024-12-30 07:47:11.851916
04006,0000,1227,106,2024-12-30 07:47:11.867913
01715,0000,1227,106,2024-12-30 07:47:11.883916
50048,0000,1227,106,2024-12-30 07:47:11.899905
05393,0000,1227,106,2024-12-30 07:47:11.915902
02786,0001,1227,106,2024-12-30 07:47:11.931894
00570,0000,1227,106,2024-12-30 07:47:11.963203
05559,0000,1227,106,2024-12-30 07:47:11.979890
04679,0000,1227,106,2024-12-30 07:47:11.995883
23937,0000,1227,106,2024-12-30 07:47:12.011889
04629,0000,1227,106,2024-12-30 07:47:12.027880
04543,0001,1227,106,2024-12-30 07:47:12.043880
-0017,0000,1227,106,2024-12-30 07:47:12.059872
14795,0000,1227,106,2024-12-30 07:47:12.075875
04641,0000,1227,106,2024-12-30 07:47:12.091868
04562,0000,1227,106,2024-12-30 07:47:12.107868
03922,0000,1227,106,2024-12-30 07:47:12.139594
25743,0000,1227,106,2024-12-30 07:47:12.155862
04632,0000,1227,106,2024-12-30 07:47:12.171844
04530,0000,1227,106,2024-12-30 07:47:12.187848
01745,0000,1227,106,2024-12-30 07:47:12.203837
05421,0000,1227,106,2024-12-30 07:47:12.219843
03784,0000,1227,106,2024-12-30 07:47:12.235835
08449,0000,1227,106,2024-12-30 07:47:12.251851
20050,0000,1227,106,2024-12-30 07:47:12.267837
04526,0000,1227,106,2024-12-30 07:47:12.299227
59281,0000,1227,106,2024-12-30 07:47:12.315831
58206,0000,1227,106,2024-12-30 07:47:12.331821
02003,0000,1227,106,2024-12-30 07:47:12.347811
10130,0001,1227,106,2024-12-30 07:47:12.363819
03728,0001,1227,106,2024-12-30 07:47:12.379805
08379,0000,1227,106,2024-12-30 07:47:12.395808
04690,0001,1227,106,2024-12-30 07:47:12.411792
25751,0000,1227,106,2024-12-30 07:47:12.427801
03889,0000,1227,106,2024-12-30 07:47:12.443794
03870,0000,1228,105,2024-12-30 07:47:12.475629
36394,0000,1227,106,2024-12-30 07:47:12.491791
05473,0000,1227,106,2024-12-30 07:47:12.507791
03702,0001,1227,106,2024-12-30 07:47:12.523782
47049,0000,1227,106,2024-12-30 07:47:12.539788
13930,0000,1227,106,2024-12-30 07:47:12.555767
05363,0000,1227,106,2024-12-30 07:47:12.571771
19401,0000,1227,106,2024-12-30 07:47:12.587759
02947,0000,1227,106,2024-12-30 07:47:12.603770
36897,0000,1227,106,2024-12-30 07:47:12.635267
32361,0000,1227,106,2024-12-30 07:47:12.651760
13909,0000,1227,106,2024-12-30 07:47:12.667754
01749,0001,1227,106,2024-12-30 07:47:12.683749
10907,0000,1227,106,2024-12-30 07:47:12.699749
40103,0000,1227,106,2024-12-30 07:47:12.715746
03886,0000,1227,106,2024-12-30 07:47:12.731742
10872,0000,1227,106,2024-12-30 07:47:12.747737
10004,0000,1227,106,2024-12-30 07:47:12.763738
01567,0000,1227,106,2024-12-30 07:47:12.779728
04532,0000,1228,105,2024-12-30 07:47:12.811646
01125,0000,1227,106,2024-12-30 07:47:12.827714
09280,0000,1227,106,2024-12-30 07:47:12.843722
21047,0000,1228,105,2024-12-30 07:47:12.859724
05457,0000,1227,106,2024-12-30 07:47:12.875714
13897,0000,1227,106,2024-12-30 07:47:12.891707
01677,0000,1227,106,2024-12-30 07:47:12.907703
03800,0000,1227,106,2024-12-30 07:47:12.923712
09203,0000,1227,106,2024-12-30 07:47:12.939712
43359,0000,1227,106,2024-12-30 07:47:12.971283
03126,0000,1227,106,2024-12-30 07:47:12.987686
03907,0000,1227,106,2024-12-30 07:47:13.003695
04540,0001,1227,106,2024-12-30 07:47:13.019681
03480,0000,1227,106,2024-12-30 07:47:13.035687
01656,0000,1227,106,2024-12-30 07:47:13.051680
04665,0001,1227,106,2024-12-30 07:47:13.067673
08509,0000,1227,106,2024-12-30 07:47:13.083681
03233,0000,1228,105,2024-12-30 07:47:13.099665
04612,0000,1227,106,2024-12-30 07:47:13.115668
61931,0001,1227,106,2024-12-30 07:47:13.147658
20296,0000,1228,105,2024-12-30 07:47:13.163658
03852,0000,1227,106,2024-12-30 07:47:13.179656
05528,0001,1227,106,2024-12-30 07:47:13.195654
04645,0000,1227,106,2024-12-30 07:47:13.211844
24130,0000,1228,105,2024-12-30 07:47:13.227650
03861,0000,1227,106,2024-12-30 07:47:13.243656
04648,0001,1227,106,2024-12-30 07:47:13.259639
10006,0000,1228,105,2024-12-30 07:47:13.275635
04802,0000,1228,105,2024-12-30 07:47:13.307328
05400,0000,1227,106,2024-12-30 07:47:13.323637
02438,0000,1228,105,2024-12-30 07:47:13.339610
10206,0001,1227,106,2024-12-30 07:47:13.355614
46248,0000,1228,105,2024-12-30 07:47:13.371611
01779,0001,1227,106,2024-12-30 07:47:13.387611
56450,0000,1228,105,2024-12-30 07:47:13.403602
01899,0000,1227,106,2024-12-30 07:47:13.419608
01656,0000,1228,105,2024-12-30 07:47:13.435604
03742,0000,1227,106,2024-12-30 07:47:13.466944
04674,0000,1227,106,2024-12-30 07:47:13.483595
09306,0000,1228,105,2024-12-30 07:47:13.499590
00776,0000,1228,105,2024-12-30 07:47:13.515594
59854,0000,1227,106,2024-12-30 07:47:13.531583
46646,0000,1227,106,2024-12-30 07:47:13.547580
04587,0001,1228,105,2024-12-30 07:47:13.563582
02652,0000,1228,105,2024-12-30 07:47:13.579577
58554,0001,1227,106,2024-12-30 07:47:13.595573
21220,0000,1227,106,2024-12-30 07:47:13.611568
05492,0000,1227,106,2024-12-30 07:47:13.643341
24243,0000,1228,105,2024-12-30 07:47:13.659559
10915,0000,1228,105,2024-12-30 07:47:13.675562
44801,0000,1228,105,2024-12-30 07:47:13.691558
13937,0000,1227,106,2024-12-30 07:47:13.707555
00215,0000,1227,106,2024-12-30 07:47:13.723558
48813,0000,1228,105,2024-12-30 07:47:13.739549
36185,0001,1228,105,2024-12-30 07:47:13.755546
00877,0001,1227,106,2024-12-30 07:47:13.771538
20364,0000,1228,105,2024-12-30 07:47:13.802967
03112,0000,1227,106,2024-12-30 07:47:13.819528
14060,0000,1227,106,2024-12-30 07:47:13.835526
02705,0000,1228,105,2024-12-30 07:47:13.851514
15651,0000,1227,106,2024-12-30 07:47:13.867516
53428,0001,1228,105,2024-12-30 07:47:13.883514
38430,0000,1228,105,2024-12-30 07:47:13.899513
24866,0000,1228,105,2024-12-30 07:47:13.915498
12810,0000,1228,105,2024-12-30 07:47:13.931505
00968,0001,1228,105,2024-12-30 07:47:13.947499
04711,0000,1227,106,2024-12-30 07:47:13.979364
06185,0000,1228,105,2024-12-30 07:47:13.995491
15659,0000,1227,106,2024-12-30 07:47:14.011481
50705,0000,1227,106,2024-12-30 07:47:14.027479
24860,0000,1227,106,2024-12-30 07:47:14.043482
02774,0000,1227,106,2024-12-30 07:47:14.059478
04822,0000,1227,106,2024-12-30 07:47:14.075479
07113,0000,1228,105,2024-12-30 07:47:14.091482
10884,0000,1228,105,2024-12-30 07:47:14.107480
03605,0000,1227,106,2024-12-30 07:47:14.139006
59138,0000,1228,105,2024-12-30 07:47:14.155454
23766,0000,1228,105,2024-12-30 07:47:14.171455
18126,0000,1227,106,2024-12-30 07:47:14.187453
51757,0000,1228,105,2024-12-30 07:47:14.203465
01210,0000,1228,105,2024-12-30 07:47:14.219474
03371,0000,1227,106,2024-12-30 07:47:14.235467
04660,0001,1228,105,2024-12-30 07:47:14.251451
05471,0001,1228,105,2024-12-30 07:47:14.267443
06885,0000,1228,105,2024-12-30 07:47:14.283439
11642,0000,1228,105,2024-12-30 07:47:14.315409
00864,0000,1228,105,2024-12-30 07:47:14.331421
48351,0000,1228,105,2024-12-30 07:47:14.347418
50060,0000,1227,106,2024-12-30 07:47:14.363412
54066,0000,1228,105,2024-12-30 07:47:14.379412
39540,0000,1227,106,2024-12-30 07:47:14.395404
00851,0000,1228,105,2024-12-30 07:47:14.411411
32417,0000,1227,106,2024-12-30 07:47:14.427396
01004,0000,1228,105,2024-12-30 07:47:14.443406
43272,0000,1228,105,2024-12-30 07:47:14.475047
57368,0000,1228,105,2024-12-30 07:47:14.491414
04582,0000,1228,105,2024-12-30 07:47:14.507404
11689,0000,1228,105,2024-12-30 07:47:14.523402
04676,0001,1227,106,2024-12-30 07:47:14.539412
10957,0000,1228,105,2024-12-30 07:47:14.555410
15621,0000,1228,105,2024-12-30 07:47:14.571407
05298,0001,1228,105,2024-12-30 07:47:14.587417
10075,0000,1228,105,2024-12-30 07:47:14.603423
26688,0000,1228,105,2024-12-30 07:47:14.619411
03880,0000,1228,105,2024-12-30 07:47:14.651423
20170,0000,1228,105,2024-12-30 07:47:14.667431
01706,0000,1228,105,2024-12-30 07:47:14.683352
54785,0001,1228,105,2024-12-30 07:47:14.699357
27720,0000,1228,105,2024-12-30 07:47:14.715348
49687,0001,1228,105,2024-12-30 07:47:14.731346
00962,0001,1228,105,2024-12-30 07:47:14.747343
05522,0000,1228,105,2024-12-30 07:47:14.763344
15635,0000,1228,105,2024-12-30 07:47:14.779340
58965,0000,1228,105,2024-12-30 07:47:14.811064
47968,0000,1228,105,2024-12-30 07:47:14.827328
52260,0000,1228,105,2024-12-30 07:47:14.843324
05441,0000,1227,106,2024-12-30 07:47:14.859320
26297,0000,1228,105,2024-12-30 07:47:14.875328
20762,0000,1228,105,2024-12-30 07:47:14.891310
56840,0000,1227,106,2024-12-30 07:47:14.907312
47097,0000,1228,105,2024-12-30 07:47:14.923303
15479,0000,1227,106,2024-12-30 07:47:14.939309
00967,0000,1228,105,2024-12-30 07:47:14.970705
08458,0000,1227,106,2024-12-30 07:47:14.987296
09145,0000,1228,105,2024-12-30 07:47:15.003298
08287,0000,1228,105,2024-12-30 07:47:15.019285
03047,0000,1228,105,2024-12-30 07:47:15.035289
42296,0000,1228,105,2024-12-30 07:47:15.051279
03776,0001,1227,106,2024-12-30 07:47:15.067282
20978,0000,1228,105,2024-12-30 07:47:15.083273
00871,0000,1228,105,2024-12-30 07:47:15.099278
00733,0001,1228,105,2024-12-30 07:47:15.115267
15571,0000,1228,105,2024-12-30 07:47:15.147082
01789,0000,1228,105,2024-12-30 07:47:15.163258
47046,0001,1228,105,2024-12-30 07:47:15.179257
48734,0000,1228,105,2024-12-30 07:47:15.195255
02281,0000,1228,105,2024-12-30 07:47:15.211246
04547,0000,1228,105,2024-12-30 07:47:15.227242
25033,0000,1228,105,2024-12-30 07:47:15.243252
02332,0000,1228,105,2024-12-30 07:47:15.259247
23215,0000,1227,106,2024-12-30 07:47:15.275252
02965,0000,1228,105,2024-12-30 07:47:15.306720
20327,0000,1228,105,2024-12-30 07:47:15.323226
10229,0000,1228,105,2024-12-30 07:47:15.339217
04560,0000,1228,105,2024-12-30 07:47:15.355218
20969,0000,1228,105,2024-12-30 07:47:15.371219
05458,0000,1228,105,2024-12-30 07:47:15.387227
04660,0000,1228,105,2024-12-30 07:47:15.403210
03741,0000,1228,105,2024-12-30 07:47:15.419211
13231,0000,1228,105,2024-12-30 07:47:15.435210
04542,0000,1228,105,2024-12-30 07:47:15.451215
00735,0000,1228,105,2024-12-30 07:47:15.483128
01728,0000,1228,105,2024-12-30 07:47:15.499197
63237,0001,1228,105,2024-12-30 07:47:15.515202
00975,0000,1228,105,2024-12-30 07:47:15.531191
29681,0000,1228,105,2024-12-30 07:47:15.547194
14599,0000,1227,106,2024-12-30 07:47:15.563184
50867,0000,1228,105,2024-12-30 07:47:15.579186
56035,0001,1227,106,2024-12-30 07:47:15.595175
03643,0000,1228,105,2024-12-30 07:47:15.611181
15641,0000,1228,105,2024-12-30 07:47:15.642750
04213,0000,1228,105,2024-12-30 07:47:15.659180
05446,0000,1228,105,2024-12-30 07:47:15.675168
02242,0000,1228,105,2024-12-30 07:47:15.691167
55031,0000,1228,105,2024-12-30 07:47:15.707163
04715,0000,1228,105,2024-12-30 07:47:15.723157
44913,0000,1228,105,2024-12-30 07:47:15.739151
05460,0000,1228,105,2024-12-30 07:47:15.755155
22566,0000,1228,105,2024-12-30 07:47:15.771150
00701,0000,1228,105,2024-12-30 07:47:15.787152
02531,0000,1228,105,2024-12-30 07:47:15.819142
01285,0000,1228,105,2024-12-30 07:47:15.835135
00929,0000,1228,105,2024-12-30 07:47:15.851135
20313,0000,1228,105,2024-12-30 07:47:15.867134
55577,0000,1228,105,2024-12-30 07:47:15.883123
21427,0000,1228,105,2024-12-30 07:47:15.899126
25640,0000,1228,105,2024-12-30 07:47:15.915120
04613,0000,1228,105,2024-12-30 07:47:15.931121
04793,0000,1228,105,2024-12-30 07:47:15.947110
09361,0000,1228,105,2024-12-30 07:47:15.978789
05471,0000,1228,105,2024-12-30 07:47:15.995131
00013,0000,1228,105,2024-12-30 07:47:16.011092
03671,0000,1228,105,2024-12-30 07:47:16.027099
04676,0000,1228,105,2024-12-30 07:47:16.043102
03956,0000,1228,105,2024-12-30 07:47:16.059092
04685,0000,1228,105,2024-12-30 07:47:16.075095
09445,0000,1228,105,2024-12-30 07:47:16.091092
03854,0000,1228,105,2024-12-30 07:47:16.107085
10165,0000,1228,105,2024-12-30 07:47:16.138421
06193,0000,1228,105,2024-12-30 07:47:16.155069
04505,0000,1228,105,2024-12-30 07:47:16.171075
10029,0000,1228,105,2024-12-30 07:47:16.187065
00043,0000,1228,105,2024-12-30 07:47:16.203067
63560,0000,1228,105,2024-12-30 07:47:16.219057
00882,0000,1228,105,2024-12-30 07:47:16.235059
03234,0000,1228,105,2024-12-30 07:47:16.251065
00014,0000,1228,105,2024-12-30 07:47:16.267051
61816,0000,1228,105,2024-12-30 07:47:16.283046
62723,0000,1228,105,2024-12-30 07:47:16.314825
55900,0001,1228,105,2024-12-30 07:47:16.331040
05469,0000,1228,105,2024-12-30 07:47:16.347029
24048,0000,1228,105,2024-12-30 07:47:16.363031
27867,0001,1228,105,2024-12-30 07:47:16.379023
58208,0000,1228,105,2024-12-30 07:47:16.395019
05412,0001,1228,105,2024-12-30 07:47:16.411017
02052,0000,1228,105,2024-12-30 07:47:16.427024
01774,0000,1228,105,2024-12-30 07:47:16.443022
05531,0001,1228,105,2024-12-30 07:47:16.474452
59260,0000,1228,105,2024-12-30 07:47:16.491002
25950,0000,1228,105,2024-12-30 07:47:16.507000
64938,0000,1228,105,2024-12-30 07:47:16.522994
01907,0000,1228,105,2024-12-30 07:47:16.539013
03731,0000,1228,105,2024-12-30 07:47:16.554995
13930,0000,1228,105,2024-12-30 07:47:16.570989
-0006,0000,1228,105,2024-12-30 07:47:16.586988
63633,0001,1228,105,2024-12-30 07:47:16.602978
66228,0000,1228,105,2024-12-30 07:47:16.618984
23901,0000,1228,105,2024-12-30 07:47:16.650833
02877,0000,1228,105,2024-12-30 07:47:16.666968
51372,0000,1228,105,2024-12-30 07:47:16.682972
44872,0000,1228,105,2024-12-30 07:47:16.698960
62648,0000,1228,105,2024-12-30 07:47:16.714964
02329,0000,1228,105,2024-12-30 07:47:16.730953
02222,0000,1228,105,2024-12-30 07:47:16.746959
03818,0000,1228,105,2024-12-30 07:47:16.762951
03802,0000,1228,105,2024-12-30 07:47:16.778955
06213,0000,1228,105,2024-12-30 07:47:16.810492
62728,0000,1228,105,2024-12-30 07:47:16.826945
06187,0000,1228,105,2024-12-30 07:47:16.842929
44505,0000,1228,105,2024-12-30 07:47:16.858930
04708,0000,1228,105,2024-12-30 07:47:16.874925
19399,0000,1228,105,2024-12-30 07:47:16.890925
56908,0000,1228,105,2024-12-30 07:47:16.906922
10920,0000,1228,105,2024-12-30 07:47:16.922925
16468,0000,1228,105,2024-12-30 07:47:16.938925
31342,0000,1228,105,2024-12-30 07:47:16.954925
03096,0000,1228,105,2024-12-30 07:47:16.986857
00149,0000,1228,105,2024-12-30 07:47:17.002909
05589,0001,1228,105,2024-12-30 07:47:17.018905
49734,0000,1228,105,2024-12-30 07:47:17.034900
55578,0000,1228,105,2024-12-30 07:47:17.050888
03716,0000,1228,105,2024-12-30 07:47:17.066890
24103,0001,1228,105,2024-12-30 07:47:17.082882
63690,0000,1228,105,2024-12-30 07:47:17.098882
03095,0000,1228,105,2024-12-30 07:47:17.114881
20957,0000,1228,105,2024-12-30 07:47:17.146503
18020,0000,1228,105,2024-12-30 07:47:17.162875
10831,0000,1228,105,2024-12-30 07:47:17.178863
28763,0000,1228,105,2024-12-30 07:47:17.194863
25580,0000,1228,105,2024-12-30 07:47:17.210868
01056,0000,1228,105,2024-12-30 07:47:17.226870
03912,0001,1228,105,2024-12-30 07:47:17.242860
03850,0000,1228,105,2024-12-30 07:47:17.258856
23987,0001,1228,105,2024-12-30 07:47:17.274846
14790,0001,1228,105,2024-12-30 07:47:17.290857
27207,0000,1228,105,2024-12-30 07:47:17.322857
28439,0000,1228,105,2024-12-30 07:47:17.338842
33766,0000,1228,105,2024-12-30 07:47:17.354848
03664,0000,1228,105,2024-12-30 07:47:17.370833
05446,0000,1228,105,2024-12-30 07:47:17.386841
44949,0001,1228,105,2024-12-30 07:47:17.402830
01641,0000,1228,105,2024-12-30 07:47:17.418829
22587,0000,1228,105,2024-12-30 07:47:17.434825
27761,0001,1228,105,2024-12-30 07:47:17.450816
04666,0000,1228,105,2024-12-30 07:47:17.482528
28738,0000,1228,105,2024-12-30 07:47:17.498813
61505,0000,1229,105,2024-12-30 07:47:17.514804
01627,0000,1228,105,2024-12-30 07:47:17.530820
05450,0000,1229,105,2024-12-30 07:47:17.546795
00096,0000,1228,105,2024-12-30 07:47:17.562812
53357,0001,1229,105,2024-12-30 07:47:17.578790
03803,0001,1228,105,2024-12-30 07:47:17.594794
00001,0000,1228,105,2024-12-30 07:47:17.610792
54935,0000,1228,105,2024-12-30 07:47:17.642178
03202,0000,1228,105,2024-12-30 07:47:17.658803
01761,0000,1228,105,2024-12-30 07:47:17.674810
03839,0000,1229,105,2024-12-30 07:47:17.690813
00739,0000,1228,105,2024-12-30 07:47:17.706808
16480,0000,1229,105,2024-12-30 07:47:17.722813
10090,0000,1228,105,2024-12-30 07:47:17.738822
36950,0001,1228,105,2024-12-30 07:47:17.754812
14894,0000,1228,105,2024-12-30 07:47:17.770819
00816,0000,1228,105,2024-12-30 07:47:17.786816
04549,0000,1228,105,2024-12-30 07:47:17.818559
01582,0000,1228,105,2024-12-30 07:47:17.834739
64139,0000,1228,105,2024-12-30 07:47:17.850741
10963,0000,1228,105,2024-12-30 07:47:17.866734
49185,0000,1228,105,2024-12-30 07:47:17.882784
05474,0000,1228,105,2024-12-30 07:47:17.898732
02017,0000,1228,105,2024-12-30 07:47:17.914733
01134,0000,1229,105,2024-12-30 07:47:17.930726
01526,0000,1228,105,2024-12-30 07:47:17.946723
00101,0000,1228,105,2024-12-30 07:47:17.978185
00843,0000,1228,105,2024-12-30 07:47:17.994725
30529,0000,1228,105,2024-12-30 07:47:18.010704
01629,0000,1228,105,2024-12-30 07:47:18.026708
20164,0000,1228,105,2024-12-30 07:47:18.042708
00674,0000,1228,105,2024-12-30 07:47:18.058700
19422,0001,1228,105,2024-12-30 07:47:18.074694
-0003,0000,1228,105,2024-12-30 07:47:18.090697
05442,0000,1228,105,2024-12-30 07:47:18.106690
53044,0000,1228,105,2024-12-30 07:47:18.122693
01517,0000,1228,105,2024-12-30 07:47:18.154595
25783,0000,1229,105,2024-12-30 07:47:18.170677
04746,0000,1228,105,2024-12-30 07:47:18.186679
03387,0000,1228,105,2024-12-30 07:47:18.202673
01504,0000,1228,105,2024-12-30 07:47:18.218671
03620,0001,1229,105,2024-12-30 07:47:18.234657
05514,0000,1228,105,2024-12-30 07:47:18.250674
05341,0000,1228,105,2024-12-30 07:47:18.266659
03103,0000,1228,105,2024-12-30 07:47:18.282654
59229,0000,1228,105,2024-12-30 07:47:18.314199
21749,0000,1228,105,2024-12-30 07:47:18.330644
04634,0000,1228,105,2024-12-30 07:47:18.346637
00777,0000,1228,105,2024-12-30 07:47:18.362639
03661,0000,1229,105,2024-12-30 07:47:18.378641
01783,0000,1228,105,2024-12-30 07:47:18.394642
03774,0000,1229,105,2024-12-30 07:47:18.410624
18205,0000,1229,105,2024-12-30 07:47:18.426624
15752,0001,1229,105,2024-12-30 07:47:18.442624
51348,0000,1229,105,2024-12-30 07:47:18.458615
03719,0001,1228,105,2024-12-30 07:47:18.490613
03630,0000,1228,105,2024-12-30 07:47:18.506616
03615,0000,1228,105,2024-12-30 07:47:18.522621
01823,0000,1228,105,2024-12-30 07:47:18.538612
31150,0000,1228,105,2024-12-30 07:47:18.554607
04789,0000,1229,105,2024-12-30 07:47:18.570610
03651,0000,1228,105,2024-12-30 07:47:18.586621
05440,0000,1228,105,2024-12-30 07:47:18.602608
56836,0000,1229,105,2024-12-30 07:47:18.618590
01534,0000,1229,105,2024-12-30 07:47:18.650240
02302,0000,1229,105,2024-12-30 07:47:18.666588
01719,0000,1229,105,2024-12-30 07:47:18.682574
20111,0000,1229,105,2024-12-30 07:47:18.698579
14014,0000,1229,105,2024-12-30 07:47:18.714571
08576,0000,1228,105,2024-12-30 07:47:18.730570
22574,0000,1228,105,2024-12-30 07:47:18.746568
05435,0000,1228,105,2024-12-30 07:47:18.762571
29380,0000,1229,105,2024-12-30 07:47:18.778568
03054,0000,1229,105,2024-12-30 07:47:18.809881
01845,0001,1229,105,2024-12-30 07:47:18.826552
07104,0000,1229,105,2024-12-30 07:47:18.842554
67889,0000,1228,105,2024-12-30 07:47:18.858542
09998,0000,1228,105,2024-12-30 07:47:18.874536
46277,0000,1229,105,2024-12-30 07:47:18.890542
37014,0001,1229,105,2024-12-30 07:47:18.906542
04569,0000,1228,105,2024-12-30 07:47:18.922530
24227,0000,1228,105,2024-12-30 07:47:18.938534
01189,0000,1229,105,2024-12-30 07:47:18.954527
04634,0000,1229,105,2024-12-30 07:47:18.986261
04845,0000,1229,105,2024-12-30 07:47:19.002521
04835,0000,1228,105,2024-12-30 07:47:19.018516
38632,0000,1228,105,2024-12-30 07:47:19.034508
05559,0000,1228,105,2024-12-30 07:47:19.050515
05468,0000,1229,105,2024-12-30 07:47:19.066501
49637,0000,1228,105,2024-12-30 07:47:19.082503
00945,0000,1228,105,2024-12-30 07:47:19.098497
02961,0000,1228,105,2024-12-30 07:47:19.114495
23954,0000,1229,105,2024-12-30 07:47:19.145917
31150,0000,1229,105,2024-12-30 07:47:19.162490
03419,0000,1229,105,2024-12-30 07:47:19.178470
02615,0000,1229,105,2024-12-30 07:47:19.194475
36966,0000,1229,105,2024-12-30 07:47:19.210464
47348,0000,1229,105,2024-12-30 07:47:19.226469
16763,0001,1228,105,2024-12-30 07:47:19.242470
19336,0000,1229,105,2024-12-30 07:47:19.258461
55971,0000,1229,105,2024-12-30 07:47:19.274468
13155,0000,1228,105,2024-12-30 07:47:19.290467
01478,0000,1229,105,2024-12-30 07:47:19.322287
01786,0000,1229,105,2024-12-30 07:47:19.338449
59406,0001,1229,105,2024-12-30 07:47:19.354439
00337,0000,1228,105,2024-12-30 07:47:19.370431
00697,0000,1228,105,2024-12-30 07:47:19.386432
21702,0000,1229,105,2024-12-30 07:47:19.402423
04642,0000,1229,105,2024-12-30 07:47:19.418423
44921,0000,1229,105,2024-12-30 07:47:19.434420
00092,0001,1229,105,2024-12-30 07:47:19.450422
00862,0000,1229,105,2024-12-30 07:47:19.481927
00773,0000,1229,105,2024-12-30 07:47:19.498430
36088,0000,1229,105,2024-12-30 07:47:19.514411
10081,0001,1229,105,2024-12-30 07:47:19.530399
19113,0000,1229,105,2024-12-30 07:47:19.546408
05429,0000,1229,105,2024-12-30 07:47:19.562408
00764,0000,1229,105,2024-12-30 07:47:19.578394
43653,0000,1229,105,2024-12-30 07:47:19.594389
03973,0000,1229,105,2024-12-30 07:47:19.610384
30509,0000,1229,105,2024-12-30 07:47:19.626382
20354,0000,1229,105,2024-12-30 07:47:19.658329
53913,0000,1229,105,2024-12-30 07:47:19.674385
65904,0000,1229,105,2024-12-30 07:47:19.690368
04773,0001,1229,105,2024-12-30 07:47:19.706373
15671,0000,1228,105,2024-12-30 07:47:19.722361
03655,0000,1228,105,2024-12-30 07:47:19.738369
00694,0000,1229,105,2024-12-30 07:47:19.754361
47964,0000,1229,105,2024-12-30 07:47:19.770363
05458,0000,1229,105,2024-12-30 07:47:19.786351
03809,0001,1229,105,2024-12-30 07:47:19.817954
20332,0000,1229,105,2024-12-30 07:47:19.834344
03021,0000,1229,105,2024-12-30 07:47:19.850337
04611,0000,1229,105,2024-12-30 07:47:19.866333
00170,0000,1229,105,2024-12-30 07:47:19.882329
04570,0000,1228,105,2024-12-30 07:47:19.898332
03082,0000,1229,105,2024-12-30 07:47:19.914323
01976,0000,1228,105,2024-12-30 07:47:19.930324
04804,0000,1228,105,2024-12-30 07:47:19.946327
05434,0000,1229,105,2024-12-30 07:47:19.962313
10125,0001,1229,105,2024-12-30 07:47:19.994308
64994,0000,1229,105,2024-12-30 07:47:20.010317
09326,0000,1229,105,2024-12-30 07:47:20.026303
10128,0000,1229,105,2024-12-30 07:47:20.042307
05493,0000,1229,105,2024-12-30 07:47:20.058299
25797,0001,1229,105,2024-12-30 07:47:20.074305
03276,0000,1229,105,2024-12-30 07:47:20.090293
05470,0000,1229,105,2024-12-30 07:47:20.106291
40120,0001,1229,105,2024-12-30 07:47:20.122285
01582,0000,1229,105,2024-12-30 07:47:20.153975
19141,0000,1229,105,2024-12-30 07:47:20.170272
04622,0000,1229,105,2024-12-30 07:47:20.186278
53906,0000,1229,105,2024-12-30 07:47:20.202271
05463,0001,1229,105,2024-12-30 07:47:20.218282
30202,0000,1229,105,2024-12-30 07:47:20.234279
20091,0000,1229,105,2024-12-30 07:47:20.250280
04666,0001,1229,105,2024-12-30 07:47:20.266259
03521,0000,1229,105,2024-12-30 07:47:20.282260
02139,0000,1229,105,2024-12-30 07:47:20.313630
12215,0000,1229,105,2024-12-30 07:47:20.330256
30810,0000,1229,105,2024-12-30 07:47:20.346250
00662,0000,1229,105,2024-12-30 07:47:20.362234
03865,0000,1229,105,2024-12-30 07:47:20.378240
01712,0000,1229,105,2024-12-30 07:47:20.394238
22212,0001,1229,105,2024-12-30 07:47:20.410237
21230,0000,1229,105,2024-12-30 07:47:20.426226
04628,0000,1229,105,2024-12-30 07:47:20.442229
05628,0000,1229,105,2024-12-30 07:47:20.458230
43267,0000,1229,105,2024-12-30 07:47:20.490000
01569,0000,1229,105,2024-12-30 07:47:20.506214
19316,0000,1229,105,2024-12-30 07:47:20.522206
03666,0000,1229,105,2024-12-30 07:47:20.538203
05545,0000,1229,105,2024-12-30 07:47:20.554203
22461,0000,1229,105,2024-12-30 07:47:20.570196
00222,0000,1229,105,2024-12-30 07:47:20.586191
52561,0000,1229,105,2024-12-30 07:47:20.602182
27878,0001,1229,105,2024-12-30 07:47:20.618186
04239,0000,1229,105,2024-12-30 07:47:20.649640
03757,0001,1229,105,2024-12-30 07:47:20.666172
13245,0000,1229,105,2024-12-30 07:47:20.682172
57302,0000,1229,105,2024-12-30 07:47:20.698164
03747,0000,1229,105,2024-12-30 07:47:20.714166
02672,0000,1229,105,2024-12-30 07:47:20.730167
34607,0000,1229,105,2024-12-30 07:47:20.746174
03740,0001,1229,105,2024-12-30 07:47:20.762173
01563,0000,1229,105,2024-12-30 07:47:20.778177
01250,0000,1229,105,2024-12-30 07:47:20.794181
03786,0000,1229,105,2024-12-30 07:47:20.826061
04867,0000,1229,105,2024-12-30 07:47:20.842188
21781,0000,1229,105,2024-12-30 07:47:20.858191
04632,0000,1228,105,2024-12-30 07:47:20.874186
04819,0000,1229,105,2024-12-30 07:47:20.890192
04653,0001,1229,105,2024-12-30 07:47:20.906192
