DIST,AMP,TEMP,VOLT,Timestamp
-0012,0267,1197,106,2024-12-30 05:02:20.191296
04575,0138,1197,106,2024-12-30 05:02:20.220143
43059,0000,1197,106,2024-12-30 05:02:20.236606
04633,0000,1197,106,2024-12-30 05:02:20.252584
14409,0000,1197,106,2024-12-30 05:02:20.268586
05252,0000,1197,106,2024-12-30 05:02:20.284725
02450,0000,1197,106,2024-12-30 05:02:20.301047
31471,0000,1197,106,2024-12-30 05:02:20.316660
28178,0000,1197,106,2024-12-30 05:02:20.332623
02166,0000,1196,106,2024-12-30 05:02:20.348565
16416,0000,1196,106,2024-12-30 05:02:20.364556
05277,0000,1197,106,2024-12-30 05:02:20.396353
04717,0000,1197,106,2024-12-30 05:02:20.412543
19022,0000,1197,106,2024-12-30 05:02:20.428544
04548,0000,1196,106,2024-12-30 05:02:20.444533
01454,0000,1197,106,2024-12-30 05:02:20.460529
02293,0000,1197,106,2024-12-30 05:02:20.476529
05201,0000,1197,106,2024-12-30 05:02:20.492525
03865,0000,1197,106,2024-12-30 05:02:20.508527
10499,0000,1197,106,2024-12-30 05:02:20.524515
58420,0000,1197,106,2024-12-30 05:02:20.555966
00537,0000,1197,106,2024-12-30 05:02:20.572518
02308,0000,1197,106,2024-12-30 05:02:20.588504
01135,0000,1197,106,2024-12-30 05:02:20.604511
18599,0000,1197,106,2024-12-30 05:02:20.620502
04620,0000,1197,106,2024-12-30 05:02:20.636507
05076,0000,1197,106,2024-12-30 05:02:20.652493
05201,0000,1196,106,2024-12-30 05:02:20.668495
04520,0000,1196,106,2024-12-30 05:02:20.684489
01490,0000,1196,106,2024-12-30 05:02:20.700564
18962,0000,1197,106,2024-12-30 05:02:20.732361
06874,0000,1196,106,2024-12-30 05:02:20.748491
04304,0000,1197,106,2024-12-30 05:02:20.764483
02467,0000,1197,106,2024-12-30 05:02:20.780488
03886,0000,1197,106,2024-12-30 05:02:20.796474
24486,0000,1196,106,2024-12-30 05:02:20.812474
04965,0000,1197,106,2024-12-30 05:02:20.828461
03605,0000,1197,106,2024-12-30 05:02:20.844460
28684,0000,1197,106,2024-12-30 05:02:20.860453
13950,0000,1196,106,2024-12-30 05:02:20.891991
04570,0000,1196,106,2024-12-30 05:02:20.908460
01479,0000,1197,106,2024-12-30 05:02:20.924449
10748,0000,1196,106,2024-12-30 05:02:20.940443
04181,0000,1197,106,2024-12-30 05:02:20.956438
23644,0000,1196,106,2024-12-30 05:02:20.972434
03115,0000,1196,106,2024-12-30 05:02:20.988433
03069,0000,1196,106,2024-12-30 05:02:21.004423
02434,0000,1196,106,2024-12-30 05:02:21.020429
23756,0000,1197,106,2024-12-30 05:02:21.036418
43725,0000,1196,106,2024-12-30 05:02:21.068371
25166,0000,1197,106,2024-12-30 05:02:21.084414
00977,0000,1197,106,2024-12-30 05:02:21.100409
00965,0000,1197,106,2024-12-30 05:02:21.116406
48794,0000,1197,106,2024-12-30 05:02:21.132401
02309,0000,1196,106,2024-12-30 05:02:21.148399
01361,0000,1197,106,2024-12-30 05:02:21.164406
29912,0000,1197,106,2024-12-30 05:02:21.180388
09249,0000,1196,106,2024-12-30 05:02:21.196388
18991,0000,1197,106,2024-12-30 05:02:21.228013
12077,0000,1196,106,2024-12-30 05:02:21.244395
02147,0000,1196,106,2024-12-30 05:02:21.260377
30403,0000,1197,106,2024-12-30 05:02:21.276393
49041,0000,1196,106,2024-12-30 05:02:21.292377
02091,0000,1196,106,2024-12-30 05:02:21.308377
04031,0000,1197,106,2024-12-30 05:02:21.324373
02042,0000,1196,106,2024-12-30 05:02:21.340358
01533,0000,1196,106,2024-12-30 05:02:21.356363
28978,0000,1196,106,2024-12-30 05:02:21.372355
24812,0000,1196,106,2024-12-30 05:02:21.404344
05303,0000,1196,106,2024-12-30 05:02:21.420349
02197,0000,1196,106,2024-12-30 05:02:21.436336
09965,0000,1196,106,2024-12-30 05:02:21.452342
05388,0000,1196,106,2024-12-30 05:02:21.468330
16015,0000,1197,106,2024-12-30 05:02:21.484338
16315,0000,1196,106,2024-12-30 05:02:21.500327
12189,0000,1196,106,2024-12-30 05:02:21.516328
04473,0000,1196,106,2024-12-30 05:02:21.532328
02269,0000,1196,106,2024-12-30 05:02:21.564044
23580,0000,1196,106,2024-12-30 05:02:21.580316
19944,0000,1197,106,2024-12-30 05:02:21.596312
01394,0000,1197,106,2024-12-30 05:02:21.612308
03488,0000,1197,106,2024-12-30 05:02:21.628310
13027,0000,1197,106,2024-12-30 05:02:21.644302
02927,0000,1196,106,2024-12-30 05:02:21.660304
02505,0000,1197,106,2024-12-30 05:02:21.676301
27958,0000,1196,106,2024-12-30 05:02:21.692305
05052,0000,1196,106,2024-12-30 05:02:21.723698
05302,0000,1197,106,2024-12-30 05:02:21.740289
00509,0000,1196,106,2024-12-30 05:02:21.756280
09655,0000,1196,106,2024-12-30 05:02:21.772277
00880,0000,1196,106,2024-12-30 05:02:21.788271
01691,0000,1197,106,2024-12-30 05:02:21.804276
00329,0000,1197,106,2024-12-30 05:02:21.820268
48068,0000,1196,106,2024-12-30 05:02:21.836265
00408,0000,1196,106,2024-12-30 05:02:21.852268
02949,0000,1197,106,2024-12-30 05:02:21.868259
24316,0000,1196,106,2024-12-30 05:02:21.900076
05339,0000,1196,106,2024-12-30 05:02:21.916252
25262,0000,1196,106,2024-12-30 05:02:21.932251
04912,0000,1197,106,2024-12-30 05:02:21.948250
03580,0000,1196,106,2024-12-30 05:02:21.964245
02803,0000,1196,106,2024-12-30 05:02:21.980231
21113,0000,1196,106,2024-12-30 05:02:21.996230
10826,0000,1196,106,2024-12-30 05:02:22.012227
36896,0000,1196,106,2024-12-30 05:02:22.028226
11460,0000,1196,106,2024-12-30 05:02:22.059711
11279,0000,1196,106,2024-12-30 05:02:22.076233
50580,0000,1196,106,2024-12-30 05:02:22.092209
09767,0000,1196,106,2024-12-30 05:02:22.108214
01379,0000,1196,106,2024-12-30 05:02:22.124212
03717,0000,1197,106,2024-12-30 05:02:22.140207
03747,0000,1196,106,2024-12-30 05:02:22.156199
04964,0000,1196,106,2024-12-30 05:02:22.172200
36334,0000,1196,106,2024-12-30 05:02:22.188200
66124,0000,1196,106,2024-12-30 05:02:22.204202
43280,0000,1197,106,2024-12-30 05:02:22.236103
10804,0000,1196,106,2024-12-30 05:02:22.252195
02547,0000,1196,106,2024-12-30 05:02:22.268184
42203,0000,1196,106,2024-12-30 05:02:22.284190
21596,0000,1197,106,2024-12-30 05:02:22.300182
13319,0000,1196,106,2024-12-30 05:02:22.316168
01110,0000,1196,106,2024-12-30 05:02:22.332172
01418,0000,1196,106,2024-12-30 05:02:22.348176
14684,0000,1196,106,2024-12-30 05:02:22.364176
02245,0000,1196,106,2024-12-30 05:02:22.395741
03022,0000,1196,106,2024-12-30 05:02:22.412152
01115,0001,1196,106,2024-12-30 05:02:22.428157
07009,0000,1196,106,2024-12-30 05:02:22.444147
00767,0000,1196,106,2024-12-30 05:02:22.460143
03216,0000,1196,106,2024-12-30 05:02:22.476150
20447,0000,1196,106,2024-12-30 05:02:22.492139
01973,0000,1196,106,2024-12-30 05:02:22.508136
04183,0000,1196,106,2024-12-30 05:02:22.524130
01114,0000,1197,106,2024-12-30 05:02:22.540133
35290,0000,1196,106,2024-12-30 05:02:22.572128
05258,0000,1196,106,2024-12-30 05:02:22.588119
08451,0000,1196,106,2024-12-30 05:02:22.604118
01368,0000,1196,106,2024-12-30 05:02:22.620109
27251,0000,1196,106,2024-12-30 05:02:22.636114
04064,0000,1197,106,2024-12-30 05:02:22.652106
03638,0000,1196,106,2024-12-30 05:02:22.668109
02657,0000,1196,106,2024-12-30 05:02:22.684104
01857,0000,1196,106,2024-12-30 05:02:22.700098
27910,0000,1196,106,2024-12-30 05:02:22.731761
09199,0000,1196,106,2024-12-30 05:02:22.748113
35501,0000,1196,106,2024-12-30 05:02:22.764104
40846,0000,1196,106,2024-12-30 05:02:22.780086
03599,0000,1196,106,2024-12-30 05:02:22.796091
16550,0000,1196,106,2024-12-30 05:02:22.812084
24191,0000,1196,106,2024-12-30 05:02:22.828073
05444,0000,1196,106,2024-12-30 05:02:22.844071
27703,0000,1196,106,2024-12-30 05:02:22.860069
09116,0000,1196,106,2024-12-30 05:02:22.891375
02062,0000,1196,106,2024-12-30 05:02:22.908060
25466,0000,1196,106,2024-12-30 05:02:22.924052
01534,0000,1196,106,2024-12-30 05:02:22.940049
40318,0000,1196,106,2024-12-30 05:02:22.956044
20880,0000,1196,106,2024-12-30 05:02:22.972053
03666,0000,1196,106,2024-12-30 05:02:22.988042
01200,0000,1196,106,2024-12-30 05:02:23.004038
06012,0000,1196,106,2024-12-30 05:02:23.020045
00611,0000,1196,106,2024-12-30 05:02:23.036037
48982,0000,1196,106,2024-12-30 05:02:23.067801
01713,0000,1196,106,2024-12-30 05:02:23.084027
37140,0000,1196,106,2024-12-30 05:02:23.100025
28486,0000,1196,106,2024-12-30 05:02:23.116017
30299,0000,1196,106,2024-12-30 05:02:23.132022
00508,0000,1196,106,2024-12-30 05:02:23.148024
28861,0000,1196,106,2024-12-30 05:02:23.164022
02257,0000,1196,106,2024-12-30 05:02:23.180025
20300,0000,1196,106,2024-12-30 05:02:23.196025
02780,0000,1196,106,2024-12-30 05:02:23.227436
24411,0001,1196,106,2024-12-30 05:02:23.244048
22618,0000,1196,106,2024-12-30 05:02:23.260037
01743,0000,1196,106,2024-12-30 05:02:23.276046
04317,0000,1196,106,2024-12-30 05:02:23.292046
03671,0000,1196,106,2024-12-30 05:02:23.308042
04267,0000,1196,106,2024-12-30 05:02:23.324043
50569,0000,1196,106,2024-12-30 05:02:23.339973
05353,0000,1196,106,2024-12-30 05:02:23.355972
38425,0000,1196,106,2024-12-30 05:02:23.371969
29217,0000,1196,106,2024-12-30 05:02:23.403799
14624,0000,1196,106,2024-12-30 05:02:23.419965
04718,0000,1196,106,2024-12-30 05:02:23.435953
29998,0000,1196,106,2024-12-30 05:02:23.451957
00601,0000,1196,106,2024-12-30 05:02:23.467945
03056,0000,1196,106,2024-12-30 05:02:23.483945
41512,0000,1196,106,2024-12-30 05:02:23.499939
53963,0000,1196,106,2024-12-30 05:02:23.515947
04001,0000,1196,106,2024-12-30 05:02:23.531943
17595,0000,1197,106,2024-12-30 05:02:23.563458
47431,0000,1196,106,2024-12-30 05:02:23.579929
36981,0000,1196,106,2024-12-30 05:02:23.595926
04694,0000,1196,106,2024-12-30 05:02:23.611920
02016,0000,1196,106,2024-12-30 05:02:23.627917
02121,0000,1196,106,2024-12-30 05:02:23.643913
21491,0000,1196,106,2024-12-30 05:02:23.659916
04356,0000,1196,106,2024-12-30 05:02:23.675909
47227,0000,1196,106,2024-12-30 05:02:23.691914
05632,0000,1196,106,2024-12-30 05:02:23.707905
01968,0000,1196,106,2024-12-30 05:02:23.739847
04466,0000,1196,106,2024-12-30 05:02:23.755907
04013,0000,1196,106,2024-12-30 05:02:23.771890
10730,0000,1196,106,2024-12-30 05:02:23.787897
04325,0000,1196,106,2024-12-30 05:02:23.803882
15222,0000,1196,106,2024-12-30 05:02:23.819890
03082,0000,1196,106,2024-12-30 05:02:23.835878
03511,0001,1196,106,2024-12-30 05:02:23.851869
19539,0000,1196,106,2024-12-30 05:02:23.867875
17718,0000,1196,106,2024-12-30 05:02:23.899495
51761,0000,1196,106,2024-12-30 05:02:23.915870
04576,0000,1196,106,2024-12-30 05:02:23.931875
26908,0000,1196,106,2024-12-30 05:02:23.947862
03713,0000,1196,106,2024-12-30 05:02:23.963854
03692,0000,1196,106,2024-12-30 05:02:23.979855
03643,0000,1196,106,2024-12-30 05:02:23.995851
29891,0000,1196,106,2024-12-30 05:02:24.011848
29509,0000,1196,106,2024-12-30 05:02:24.027843
01272,0000,1195,106,2024-12-30 05:02:24.043839
01330,0000,1196,106,2024-12-30 05:02:24.075833
02246,0000,1196,106,2024-12-30 05:02:24.091837
27421,0000,1196,106,2024-12-30 05:02:24.107823
30557,0000,1196,106,2024-12-30 05:02:24.123820
02500,0000,1196,106,2024-12-30 05:02:24.139827
03369,0000,1196,106,2024-12-30 05:02:24.155811
23665,0000,1196,106,2024-12-30 05:02:24.171813
00951,0000,1196,106,2024-12-30 05:02:24.187804
03099,0000,1196,106,2024-12-30 05:02:24.203802
13421,0000,1196,106,2024-12-30 05:02:24.235518
48272,0001,1196,106,2024-12-30 05:02:24.251807
02019,0000,1196,106,2024-12-30 05:02:24.267794
12571,0000,1196,106,2024-12-30 05:02:24.283786
11449,0000,1196,106,2024-12-30 05:02:24.299802
22385,0000,1196,106,2024-12-30 05:02:24.315790
02813,0000,1196,106,2024-12-30 05:02:24.331773
43144,0000,1196,106,2024-12-30 05:02:24.347776
18096,0000,1196,106,2024-12-30 05:02:24.363781
05214,0000,1196,106,2024-12-30 05:02:24.395128
06218,0000,1196,106,2024-12-30 05:02:24.411774
01823,0000,1196,106,2024-12-30 05:02:24.427765
03861,0000,1196,106,2024-12-30 05:02:24.443775
33989,0000,1196,106,2024-12-30 05:02:24.459758
00628,0000,1196,106,2024-12-30 05:02:24.475754
26371,0000,1196,106,2024-12-30 05:02:24.491745
65376,0000,1196,106,2024-12-30 05:02:24.507755
14575,0000,1196,106,2024-12-30 05:02:24.523740
34822,0001,1196,106,2024-12-30 05:02:24.539746
02183,0000,1196,106,2024-12-30 05:02:24.571543
05114,0000,1196,106,2024-12-30 05:02:24.587733
08309,0000,1196,106,2024-12-30 05:02:24.603737
02127,0000,1196,106,2024-12-30 05:02:24.619729
46292,0000,1196,106,2024-12-30 05:02:24.635724
03106,0000,1196,106,2024-12-30 05:02:24.651717
09762,0000,1196,106,2024-12-30 05:02:24.667720
04437,0000,1196,106,2024-12-30 05:02:24.683714
41529,0001,1196,106,2024-12-30 05:02:24.699719
05325,0000,1196,106,2024-12-30 05:02:24.731159
00931,0000,1196,106,2024-12-30 05:02:24.747701
03326,0000,1196,106,2024-12-30 05:02:24.763690
15475,0000,1196,106,2024-12-30 05:02:24.779695
02293,0000,1196,106,2024-12-30 05:02:24.795696
37016,0000,1196,106,2024-12-30 05:02:24.811691
26941,0000,1196,106,2024-12-30 05:02:24.827687
01887,0000,1196,106,2024-12-30 05:02:24.843686
05221,0000,1196,106,2024-12-30 05:02:24.859674
00499,0000,1196,106,2024-12-30 05:02:24.875685
33151,0000,1196,106,2024-12-30 05:02:24.907573
02119,0000,1196,106,2024-12-30 05:02:24.923670
02139,0000,1196,106,2024-12-30 05:02:24.939667
01291,0000,1196,106,2024-12-30 05:02:24.955659
00471,0000,1196,106,2024-12-30 05:02:24.971665
06737,0000,1196,106,2024-12-30 05:02:24.987666
62531,0000,1196,106,2024-12-30 05:02:25.003654
04237,0000,1196,106,2024-12-30 05:02:25.019644
28547,0000,1196,106,2024-12-30 05:02:25.035642
40956,0000,1196,106,2024-12-30 05:02:25.067206
42958,0000,1196,106,2024-12-30 05:02:25.083638
03918,0000,1196,106,2024-12-30 05:02:25.099647
04855,0000,1196,106,2024-12-30 05:02:25.115648
40667,0000,1196,106,2024-12-30 05:02:25.131622
16582,0000,1196,106,2024-12-30 05:02:25.147629
01254,0000,1196,106,2024-12-30 05:02:25.163608
08648,0000,1196,106,2024-12-30 05:02:25.179627
09944,0000,1196,106,2024-12-30 05:02:25.195613
35408,0000,1196,106,2024-12-30 05:02:25.211612
02351,0000,1195,106,2024-12-30 05:02:25.243602
12790,0000,1196,106,2024-12-30 05:02:25.259608
41417,0000,1196,106,2024-12-30 05:02:25.275615
53410,0000,1196,106,2024-12-30 05:02:25.291601
10613,0000,1196,106,2024-12-30 05:02:25.307616
18330,0000,1196,106,2024-12-30 05:02:25.323595
22133,0000,1196,106,2024-12-30 05:02:25.339594
02169,0000,1196,106,2024-12-30 05:02:25.355589
32524,0000,1196,106,2024-12-30 05:02:25.371578
28573,0000,1196,106,2024-12-30 05:02:25.403223
13845,0000,1196,106,2024-12-30 05:02:25.419571
01280,0000,1196,106,2024-12-30 05:02:25.435580
40164,0000,1196,106,2024-12-30 05:02:25.451574
11615,0000,1196,106,2024-12-30 05:02:25.467560
03741,0000,1196,106,2024-12-30 05:02:25.483561
08129,0000,1196,106,2024-12-30 05:02:25.499566
28815,0001,1196,106,2024-12-30 05:02:25.515564
05018,0000,1196,106,2024-12-30 05:02:25.531545
40825,0000,1196,106,2024-12-30 05:02:25.547550
33787,0000,1195,106,2024-12-30 05:02:25.579542
04587,0000,1196,106,2024-12-30 05:02:25.595538
25519,0000,1196,106,2024-12-30 05:02:25.611533
21834,0000,1196,106,2024-12-30 05:02:25.627531
33046,0000,1196,106,2024-12-30 05:02:25.643537
11538,0000,1196,106,2024-12-30 05:02:25.659528
26771,0000,1196,106,2024-12-30 05:02:25.675515
16904,0000,1196,106,2024-12-30 05:02:25.691518
01300,0000,1196,106,2024-12-30 05:02:25.707510
24401,0001,1196,106,2024-12-30 05:02:25.739256
01473,0000,1196,106,2024-12-30 05:02:25.755508
52190,0000,1196,106,2024-12-30 05:02:25.771499
03718,0000,1196,106,2024-12-30 05:02:25.787501
13330,0000,1195,106,2024-12-30 05:02:25.803491
01899,0000,1196,106,2024-12-30 05:02:25.819498
20197,0000,1196,106,2024-12-30 05:02:25.835486
01081,0000,1196,106,2024-12-30 05:02:25.851495
17669,0000,1196,106,2024-12-30 05:02:25.867485
28024,0000,1196,106,2024-12-30 05:02:25.898896
41745,0000,1196,106,2024-12-30 05:02:25.915475
02273,0000,1196,106,2024-12-30 05:02:25.931476
03036,0000,1196,106,2024-12-30 05:02:25.947463
22277,0000,1196,106,2024-12-30 05:02:25.963470
16397,0000,1196,106,2024-12-30 05:02:25.979455
04556,0000,1196,106,2024-12-30 05:02:25.995467
05096,0000,1196,106,2024-12-30 05:02:26.011460
43259,0000,1196,106,2024-12-30 05:02:26.027460
16112,0000,1196,106,2024-12-30 05:02:26.043450
44787,0000,1196,106,2024-12-30 05:02:26.075287
17440,0000,1196,106,2024-12-30 05:02:26.091444
36884,0000,1196,106,2024-12-30 05:02:26.107437
08768,0000,1196,106,2024-12-30 05:02:26.123437
40210,0000,1196,106,2024-12-30 05:02:26.139434
06451,0000,1196,106,2024-12-30 05:02:26.155430
01517,0000,1196,106,2024-12-30 05:02:26.171421
08800,0000,1196,106,2024-12-30 05:02:26.187427
09721,0000,1196,106,2024-12-30 05:02:26.203441
05168,0000,1196,106,2024-12-30 05:02:26.234926
01817,0000,1196,106,2024-12-30 05:02:26.251426
18955,0000,1196,106,2024-12-30 05:02:26.267411
02218,0000,1196,106,2024-12-30 05:02:26.283418
15701,0000,1196,106,2024-12-30 05:02:26.299416
04501,0000,1196,106,2024-12-30 05:02:26.315411
03170,0000,1196,106,2024-12-30 05:02:26.331412
27108,0000,1196,106,2024-12-30 05:02:26.347417
36423,0000,1196,106,2024-12-30 05:02:26.363415
04421,0000,1196,106,2024-12-30 05:02:26.379424
09596,0000,1196,106,2024-12-30 05:02:26.411335
03807,0000,1196,106,2024-12-30 05:02:26.427427
25840,0000,1196,106,2024-12-30 05:02:26.443429
51564,0000,1196,106,2024-12-30 05:02:26.459442
20159,0000,1196,106,2024-12-30 05:02:26.475436
02973,0000,1196,106,2024-12-30 05:02:26.491361
03070,0000,1196,106,2024-12-30 05:02:26.507366
05186,0000,1196,106,2024-12-30 05:02:26.523355
01984,0000,1196,106,2024-12-30 05:02:26.539358
02037,0000,1196,106,2024-12-30 05:02:26.570947
04487,0000,1196,106,2024-12-30 05:02:26.587350
24964,0000,1196,106,2024-12-30 05:02:26.603352
01789,0000,1196,106,2024-12-30 05:02:26.619343
33747,0000,1196,106,2024-12-30 05:02:26.635340
25156,0000,1196,106,2024-12-30 05:02:26.651335
12212,0000,1196,106,2024-12-30 05:02:26.667336
23884,0000,1196,106,2024-12-30 05:02:26.683337
06166,0000,1196,106,2024-12-30 05:02:26.699321
01402,0000,1196,106,2024-12-30 05:02:26.715329
48027,0000,1196,106,2024-12-30 05:02:26.747321
06063,0000,1196,106,2024-12-30 05:02:26.763312
26158,0000,1196,106,2024-12-30 05:02:26.779315
02957,0000,1196,106,2024-12-30 05:02:26.795310
15809,0000,1196,106,2024-12-30 05:02:26.811310
41867,0000,1196,106,2024-12-30 05:02:26.827297
01172,0000,1196,106,2024-12-30 05:02:26.843307
23023,0000,1196,106,2024-12-30 05:02:26.859296
01900,0000,1196,106,2024-12-30 05:02:26.875294
01243,0000,1196,106,2024-12-30 05:02:26.906960
01392,0000,1196,106,2024-12-30 05:02:26.923278
00938,0000,1196,106,2024-12-30 05:02:26.939270
02814,0000,1196,106,2024-12-30 05:02:26.955277
06814,0000,1196,106,2024-12-30 05:02:26.971263
07010,0000,1196,106,2024-12-30 05:02:26.987265
04117,0000,1196,106,2024-12-30 05:02:27.003260
18325,0000,1196,106,2024-12-30 05:02:27.019264
03077,0000,1196,106,2024-12-30 05:02:27.035253
33716,0000,1196,106,2024-12-30 05:02:27.066611
28456,0000,1196,106,2024-12-30 05:02:27.083244
03384,0000,1196,106,2024-12-30 05:02:27.099248
01469,0000,1196,106,2024-12-30 05:02:27.115239
04320,0000,1196,106,2024-12-30 05:02:27.131238
02188,0000,1196,106,2024-12-30 05:02:27.147228
05289,0000,1196,106,2024-12-30 05:02:27.163243
24004,0000,1196,106,2024-12-30 05:02:27.179232
03071,0000,1196,106,2024-12-30 05:02:27.195240
05305,0000,1196,106,2024-12-30 05:02:27.211217
05124,0000,1196,106,2024-12-30 05:02:27.243009
17405,0000,1196,106,2024-12-30 05:02:27.259216
05000,0000,1196,106,2024-12-30 05:02:27.275215
02665,0000,1196,106,2024-12-30 05:02:27.291206
06755,0001,1196,106,2024-12-30 05:02:27.307203
27648,0000,1196,106,2024-12-30 05:02:27.323204
58344,0000,1196,106,2024-12-30 05:02:27.339198
03764,0000,1196,106,2024-12-30 05:02:27.355204
04386,0000,1196,106,2024-12-30 05:02:27.371192
02247,0000,1196,106,2024-12-30 05:02:27.402624
35443,0000,1196,106,2024-12-30 05:02:27.419177
16132,0000,1196,106,2024-12-30 05:02:27.435193
03908,0000,1196,106,2024-12-30 05:02:27.451178
32259,0000,1196,106,2024-12-30 05:02:27.467183
02209,0000,1196,106,2024-12-30 05:02:27.483171
03019,0000,1196,106,2024-12-30 05:02:27.499160
06008,0000,1196,106,2024-12-30 05:02:27.515159
00451,0000,1196,106,2024-12-30 05:02:27.531158
17910,0000,1196,106,2024-12-30 05:02:27.547163
43736,0000,1196,106,2024-12-30 05:02:27.579034
23950,0000,1196,106,2024-12-30 05:02:27.595144
04021,0000,1196,106,2024-12-30 05:02:27.611149
29847,0000,1196,106,2024-12-30 05:02:27.627136
47117,0000,1196,106,2024-12-30 05:02:27.643148
03819,0000,1196,106,2024-12-30 05:02:27.659132
03807,0000,1196,106,2024-12-30 05:02:27.675149
38645,0000,1196,106,2024-12-30 05:02:27.691137
30987,0000,1196,106,2024-12-30 05:02:27.707135
20170,0000,1196,106,2024-12-30 05:02:27.738672
24286,0000,1196,106,2024-12-30 05:02:27.755116
01990,0000,1196,106,2024-12-30 05:02:27.771134
25118,0000,1197,106,2024-12-30 05:02:27.787112
03757,0000,1196,106,2024-12-30 05:02:27.803116
20035,0000,1196,106,2024-12-30 05:02:27.819107
03834,0000,1196,106,2024-12-30 05:02:27.835111
00515,0000,1196,106,2024-12-30 05:02:27.851108
03402,0000,1196,106,2024-12-30 05:02:27.867099
24582,0000,1196,106,2024-12-30 05:02:27.883097
01355,0000,1197,106,2024-12-30 05:02:27.915055
11339,0000,1196,106,2024-12-30 05:02:27.931083
17774,0000,1196,106,2024-12-30 05:02:27.947085
03594,0000,1196,106,2024-12-30 05:02:27.963080
02104,0000,1196,106,2024-12-30 05:02:27.979085
17008,0001,1196,106,2024-12-30 05:02:27.995078
06833,0000,1196,106,2024-12-30 05:02:28.011079
15582,0000,1196,106,2024-12-30 05:02:28.027067
39395,0000,1196,106,2024-12-30 05:02:28.043062
02271,0000,1196,106,2024-12-30 05:02:28.074678
28880,0001,1196,106,2024-12-30 05:02:28.091056
38315,0000,1197,106,2024-12-30 05:02:28.107059
07768,0000,1196,106,2024-12-30 05:02:28.123058
49842,0000,1196,106,2024-12-30 05:02:28.139039
46496,0000,1196,106,2024-12-30 05:02:28.155040
36212,0000,1196,106,2024-12-30 05:02:28.171035
26408,0000,1196,106,2024-12-30 05:02:28.187036
15985,0000,1196,106,2024-12-30 05:02:28.203040
02870,0000,1196,106,2024-12-30 05:02:28.219034
16439,0000,1196,106,2024-12-30 05:02:28.251048
04087,0000,1196,106,2024-12-30 05:02:28.267022
14108,0000,1196,106,2024-12-30 05:02:28.283024
32380,0000,1196,106,2024-12-30 05:02:28.299015
02158,0000,1196,106,2024-12-30 05:02:28.315020
58547,0000,1196,106,2024-12-30 05:02:28.331012
15883,0000,1196,106,2024-12-30 05:02:28.347005
03683,0000,1196,106,2024-12-30 05:02:28.363007
00503,0000,1196,106,2024-12-30 05:02:28.378994
29841,0000,1196,106,2024-12-30 05:02:28.410710
04450,0000,1196,106,2024-12-30 05:02:28.426992
03012,0000,1196,106,2024-12-30 05:02:28.442990
21903,0000,1196,106,2024-12-30 05:02:28.458994
03124,0000,1196,106,2024-12-30 05:02:28.474981
53311,0000,1196,106,2024-12-30 05:02:28.490988
03716,0000,1196,106,2024-12-30 05:02:28.506977
01941,0000,1196,106,2024-12-30 05:02:28.522981
01234,0000,1196,106,2024-12-30 05:02:28.538972
19900,0000,1196,106,2024-12-30 05:02:28.570342
03613,0000,1196,106,2024-12-30 05:02:28.586967
03630,0000,1196,106,2024-12-30 05:02:28.602963
22714,0000,1196,106,2024-12-30 05:02:28.618964
02041,0000,1196,106,2024-12-30 05:02:28.634957
05374,0000,1196,106,2024-12-30 05:02:28.650951
00671,0001,1196,106,2024-12-30 05:02:28.666944
34064,0000,1196,106,2024-12-30 05:02:28.682936
03103,0000,1196,106,2024-12-30 05:02:28.698947
05303,0000,1196,106,2024-12-30 05:02:28.714931
03414,0000,1196,106,2024-12-30 05:02:28.746742
33852,0000,1196,106,2024-12-30 05:02:28.762933
56716,0000,1196,106,2024-12-30 05:02:28.778933
00964,0000,1196,106,2024-12-30 05:02:28.794935
55775,0000,1196,106,2024-12-30 05:02:28.810914
03636,0001,1196,106,2024-12-30 05:02:28.826921
40164,0000,1196,106,2024-12-30 05:02:28.842915
01368,0000,1196,106,2024-12-30 05:02:28.858909
52559,0000,1196,106,2024-12-30 05:02:28.874904
02187,0000,1196,106,2024-12-30 05:02:28.906383
08561,0000,1196,106,2024-12-30 05:02:28.922896
22419,0001,1196,106,2024-12-30 05:02:28.938886
03832,0000,1196,106,2024-12-30 05:02:28.954885
22113,0000,1196,106,2024-12-30 05:02:28.970886
40228,0000,1196,106,2024-12-30 05:02:28.986881
01927,0000,1196,106,2024-12-30 05:02:29.002883
25675,0000,1196,106,2024-12-30 05:02:29.018882
10549,0000,1196,106,2024-12-30 05:02:29.034885
02478,0000,1196,106,2024-12-30 05:02:29.050866
02091,0000,1196,106,2024-12-30 05:02:29.082782
08358,0000,1196,106,2024-12-30 05:02:29.098867
04196,0000,1196,106,2024-12-30 05:02:29.114856
04188,0000,1196,106,2024-12-30 05:02:29.130857
30069,0000,1196,106,2024-12-30 05:02:29.146860
01810,0000,1196,106,2024-12-30 05:02:29.162862
15661,0000,1196,106,2024-12-30 05:02:29.178854
00564,0000,1196,106,2024-12-30 05:02:29.194851
20763,0000,1196,106,2024-12-30 05:02:29.210836
01889,0000,1196,106,2024-12-30 05:02:29.242396
04384,0000,1196,106,2024-12-30 05:02:29.258832
00545,0000,1196,106,2024-12-30 05:02:29.274829
25934,0001,1196,106,2024-12-30 05:02:29.290829
03813,0000,1197,106,2024-12-30 05:02:29.306834
05064,0000,1196,106,2024-12-30 05:02:29.322817
28857,0000,1196,106,2024-12-30 05:02:29.338820
20294,0000,1196,106,2024-12-30 05:02:29.354818
10893,0000,1196,106,2024-12-30 05:02:29.370809
02642,0000,1196,106,2024-12-30 05:02:29.386806
01518,0001,1196,106,2024-12-30 05:02:29.418809
10730,0000,1196,106,2024-12-30 05:02:29.434806
04104,0000,1196,106,2024-12-30 05:02:29.450812
18075,0000,1196,106,2024-12-30 05:02:29.466810
61766,0000,1196,106,2024-12-30 05:02:29.482817
20886,0000,1196,106,2024-12-30 05:02:29.498823
02675,0000,1196,106,2024-12-30 05:02:29.514817
00359,0000,1196,106,2024-12-30 05:02:29.530822
42988,0000,1196,106,2024-12-30 05:02:29.546823
11881,0000,1196,106,2024-12-30 05:02:29.578478
26334,0001,1196,106,2024-12-30 05:02:29.594828
20409,0000,1196,106,2024-12-30 05:02:29.610832
05313,0000,1196,106,2024-12-30 05:02:29.626757
00555,0000,1196,106,2024-12-30 05:02:29.642755
03427,0000,1196,106,2024-12-30 05:02:29.658750
04444,0000,1196,106,2024-12-30 05:02:29.674750
38373,0000,1196,106,2024-12-30 05:02:29.690740
01375,0000,1196,106,2024-12-30 05:02:29.706748
01171,0000,1196,106,2024-12-30 05:02:29.738071
04191,0000,1196,106,2024-12-30 05:02:29.754733
01923,0000,1196,106,2024-12-30 05:02:29.770739
03408,0000,1196,106,2024-12-30 05:02:29.786730
02645,0000,1197,106,2024-12-30 05:02:29.802723
01249,0000,1196,106,2024-12-30 05:02:29.818750
01112,0000,1196,106,2024-12-30 05:02:29.834713
42986,0000,1196,106,2024-12-30 05:02:29.850717
15520,0000,1196,106,2024-12-30 05:02:29.866710
02574,0000,1196,106,2024-12-30 05:02:29.882714
15375,0000,1196,106,2024-12-30 05:02:29.914466
01378,0000,1197,106,2024-12-30 05:02:29.930708
11177,0000,1197,106,2024-12-30 05:02:29.946709
03574,0000,1196,106,2024-12-30 05:02:29.962700
02111,0000,1196,106,2024-12-30 05:02:29.978691
14404,0000,1196,106,2024-12-30 05:02:29.994689
01320,0000,1196,106,2024-12-30 05:02:30.010679
21705,0000,1197,106,2024-12-30 05:02:30.026680
41133,0000,1196,106,2024-12-30 05:02:30.042683
52397,0000,1196,106,2024-12-30 05:02:30.074083
46494,0000,1197,106,2024-12-30 05:02:30.090680
24269,0000,1197,106,2024-12-30 05:02:30.106663
04269,0000,1196,106,2024-12-30 05:02:30.122669
04062,0000,1196,106,2024-12-30 05:02:30.138660
24410,0000,1196,106,2024-12-30 05:02:30.154661
03694,0000,1197,106,2024-12-30 05:02:30.170652
14936,0000,1197,106,2024-12-30 05:02:30.186653
01750,0000,1197,106,2024-12-30 05:02:30.202658
05034,0000,1196,106,2024-12-30 05:02:30.218640
11232,0000,1196,106,2024-12-30 05:02:30.250509
02261,0000,1196,106,2024-12-30 05:02:30.266639
22833,0000,1196,106,2024-12-30 05:02:30.282648
04716,0000,1197,106,2024-12-30 05:02:30.298632
25923,0000,1196,106,2024-12-30 05:02:30.314626
23156,0000,1197,106,2024-12-30 05:02:30.330627
50716,0000,1197,106,2024-12-30 05:02:30.346611
01416,0000,1196,106,2024-12-30 05:02:30.362613
19393,0000,1196,106,2024-12-30 05:02:30.378608
03036,0000,1197,106,2024-12-30 05:02:30.410107
43827,0001,1197,106,2024-12-30 05:02:30.426603
01850,0000,1197,106,2024-12-30 05:02:30.442599
04051,0000,1197,106,2024-12-30 05:02:30.458601
02942,0000,1196,106,2024-12-30 05:02:30.474593
17745,0000,1196,106,2024-12-30 05:02:30.490598
23408,0000,1197,106,2024-12-30 05:02:30.506584
20748,0000,1196,106,2024-12-30 05:02:30.522583
08473,0000,1196,106,2024-12-30 05:02:30.538582
04522,0000,1196,106,2024-12-30 05:02:30.554586
29386,0000,1196,106,2024-12-30 05:02:30.586506
04452,0000,1196,106,2024-12-30 05:02:30.602574
30827,0000,1196,106,2024-12-30 05:02:30.618560
02789,0000,1196,106,2024-12-30 05:02:30.634562
22230,0000,1197,106,2024-12-30 05:02:30.650558
02098,0000,1196,106,2024-12-30 05:02:30.666561
06337,0000,1196,106,2024-12-30 05:02:30.682547
04524,0000,1196,106,2024-12-30 05:02:30.698554
02045,0000,1196,106,2024-12-30 05:02:30.714556
06891,0000,1196,106,2024-12-30 05:02:30.746153
03039,0000,1197,106,2024-12-30 05:02:30.762543
01262,0000,1196,106,2024-12-30 05:02:30.778544
01323,0000,1196,106,2024-12-30 05:02:30.794540
09609,0000,1196,106,2024-12-30 05:02:30.810544
37029,0000,1197,106,2024-12-30 05:02:30.826523
30466,0000,1197,106,2024-12-30 05:02:30.842538
00674,0000,1197,106,2024-12-30 05:02:30.858529
02311,0000,1197,106,2024-12-30 05:02:30.874523
03861,0000,1197,106,2024-12-30 05:02:30.890513
05409,0000,1197,106,2024-12-30 05:02:30.922513
02295,0000,1197,106,2024-12-30 05:02:30.938507
27372,0000,1196,106,2024-12-30 05:02:30.954504
50803,0000,1196,106,2024-12-30 05:02:30.970499
01867,0000,1197,106,2024-12-30 05:02:30.986501
53851,0000,1197,106,2024-12-30 05:02:31.002486
04573,0000,1197,106,2024-12-30 05:02:31.018480
05375,0000,1197,106,2024-12-30 05:02:31.034476
19986,0000,1196,106,2024-12-30 05:02:31.050483
00524,0000,1197,106,2024-12-30 05:02:31.082175
26518,0000,1196,106,2024-12-30 05:02:31.098470
24772,0000,1196,106,2024-12-30 05:02:31.114473
23894,0000,1196,106,2024-12-30 05:02:31.130460
28101,0000,1197,106,2024-12-30 05:02:31.146465
17519,0000,1197,106,2024-12-30 05:02:31.162455
23275,0000,1197,106,2024-12-30 05:02:31.178458
63552,0000,1197,106,2024-12-30 05:02:31.194453
21633,0000,1197,106,2024-12-30 05:02:31.210453
01040,0000,1196,106,2024-12-30 05:02:31.241821
03205,0000,1197,106,2024-12-30 05:02:31.258438
06360,0000,1196,106,2024-12-30 05:02:31.274437
21703,0000,1197,106,2024-12-30 05:02:31.290429
25527,0000,1197,106,2024-12-30 05:02:31.306428
04683,0000,1196,106,2024-12-30 05:02:31.322420
26086,0001,1197,106,2024-12-30 05:02:31.338421
17290,0000,1197,106,2024-12-30 05:02:31.354416
03476,0000,1197,106,2024-12-30 05:02:31.370416
05406,0000,1197,106,2024-12-30 05:02:31.386417
01311,0000,1197,106,2024-12-30 05:02:31.418190
03382,0000,1197,106,2024-12-30 05:02:31.434392
06975,0000,1197,106,2024-12-30 05:02:31.450399
44845,0000,1196,106,2024-12-30 05:02:31.466392
31923,0001,1197,106,2024-12-30 05:02:31.482387
02869,0000,1196,106,2024-12-30 05:02:31.498385
01476,0000,1196,106,2024-12-30 05:02:31.514392
32514,0000,1197,106,2024-12-30 05:02:31.530385
04369,0000,1197,106,2024-12-30 05:02:31.546382
21606,0000,1197,106,2024-12-30 05:02:31.577822
04516,0000,1196,106,2024-12-30 05:02:31.594370
01538,0000,1197,106,2024-12-30 05:02:31.610373
02793,0000,1197,106,2024-12-30 05:02:31.626357
05435,0000,1197,106,2024-12-30 05:02:31.642351
06751,0000,1197,106,2024-12-30 05:02:31.658350
00756,0000,1197,106,2024-12-30 05:02:31.674351
23838,0000,1197,106,2024-12-30 05:02:31.690345
19542,0000,1197,106,2024-12-30 05:02:31.706348
43900,0000,1197,106,2024-12-30 05:02:31.722352
00687,0000,1197,106,2024-12-30 05:02:31.754219
23053,0000,1197,106,2024-12-30 05:02:31.770344
02704,0000,1197,106,2024-12-30 05:02:31.786344
48206,0000,1197,106,2024-12-30 05:02:31.802328
27483,0000,1197,106,2024-12-30 05:02:31.818330
14686,0000,1197,106,2024-12-30 05:02:31.834323
02117,0000,1197,106,2024-12-30 05:02:31.850319
27157,0000,1197,106,2024-12-30 05:02:31.866319
01337,0000,1197,106,2024-12-30 05:02:31.882313
03776,0000,1197,106,2024-12-30 05:02:31.913850
57437,0000,1197,106,2024-12-30 05:02:31.930304
24065,0000,1197,106,2024-12-30 05:02:31.946296
00719,0000,1197,106,2024-12-30 05:02:31.962296
03510,0000,1197,106,2024-12-30 05:02:31.978292
01402,0000,1197,106,2024-12-30 05:02:31.994291
14376,0000,1197,106,2024-12-30 05:02:32.010294
09857,0000,1197,106,2024-12-30 05:02:32.026282
52506,0000,1197,106,2024-12-30 05:02:32.042283
04817,0000,1197,106,2024-12-30 05:02:32.058283
00455,0000,1197,106,2024-12-30 05:02:32.090254
01427,0000,1196,106,2024-12-30 05:02:32.106278
21582,0000,1197,106,2024-12-30 05:02:32.122269
01524,0000,1197,106,2024-12-30 05:02:32.138259
32000,0000,1197,106,2024-12-30 05:02:32.154260
00526,0000,1197,106,2024-12-30 05:02:32.170265
03910,0000,1197,106,2024-12-30 05:02:32.186261
03769,0000,1197,106,2024-12-30 05:02:32.202253
28477,0000,1197,106,2024-12-30 05:02:32.218251
61121,0000,1197,106,2024-12-30 05:02:32.249902
02215,0000,1197,106,2024-12-30 05:02:32.266234
16767,0000,1197,106,2024-12-30 05:02:32.282239
20069,0000,1197,106,2024-12-30 05:02:32.298239
04748,0000,1197,106,2024-12-30 05:02:32.314253
29076,0000,1197,106,2024-12-30 05:02:32.330225
18267,0000,1196,106,2024-12-30 05:02:32.346229
58548,0001,1197,106,2024-12-30 05:02:32.362222
31217,0000,1197,106,2024-12-30 05:02:32.378230
04248,0000,1196,106,2024-12-30 05:02:32.409535
02268,0000,1196,106,2024-12-30 05:02:32.426220
24116,0000,1197,106,2024-12-30 05:02:32.442211
01583,0000,1197,106,2024-12-30 05:02:32.458201
05248,0000,1197,106,2024-12-30 05:02:32.474194
19700,0000,1197,106,2024-12-30 05:02:32.490196
29613,0000,1197,106,2024-12-30 05:02:32.506187
28560,0000,1197,106,2024-12-30 05:02:32.522195
03132,0000,1197,106,2024-12-30 05:02:32.538183
10359,0000,1197,106,2024-12-30 05:02:32.554182
38535,0000,1197,106,2024-12-30 05:02:32.585906
20860,0000,1197,106,2024-12-30 05:02:32.602195
03611,0000,1197,106,2024-12-30 05:02:32.618195
07605,0000,1197,106,2024-12-30 05:02:32.634194
03672,0000,1197,106,2024-12-30 05:02:32.650198
02206,0000,1197,106,2024-12-30 05:02:32.666198
01155,0000,1197,106,2024-12-30 05:02:32.682202
01496,0000,1197,106,2024-12-30 05:02:32.698201
22292,0000,1197,106,2024-12-30 05:02:32.714205
56769,0000,1197,106,2024-12-30 05:02:32.745598
02089,0000,1197,106,2024-12-30 05:02:32.762216
01393,0000,1197,106,2024-12-30 05:02:32.778137
02924,0000,1197,106,2024-12-30 05:02:32.794143
03905,0000,1197,106,2024-12-30 05:02:32.810141
29174,0000,1197,106,2024-12-30 05:02:32.826138
12437,0000,1197,106,2024-12-30 05:02:32.842131
05359,0000,1197,106,2024-12-30 05:02:32.858130
08876,0000,1197,106,2024-12-30 05:02:32.874126
29708,0000,1197,106,2024-12-30 05:02:32.890113
03873,0000,1197,106,2024-12-30 05:02:32.921932
02285,0000,1197,106,2024-12-30 05:02:32.938109
03716,0000,1197,106,2024-12-30 05:02:32.954115
03817,0000,1197,106,2024-12-30 05:02:32.970095
01422,0000,1197,106,2024-12-30 05:02:32.986094
06831,0000,1197,106,2024-12-30 05:02:33.002088
49757,0000,1197,106,2024-12-30 05:02:33.018092
05274,0000,1197,106,2024-12-30 05:02:33.034090
05291,0000,1197,106,2024-12-30 05:02:33.050084
05253,0000,1197,106,2024-12-30 05:02:33.081593
03433,0000,1197,106,2024-12-30 05:02:33.098073
12340,0000,1197,106,2024-12-30 05:02:33.114079
49770,0000,1197,106,2024-12-30 05:02:33.130069
09330,0000,1197,106,2024-12-30 05:02:33.146067
04921,0000,1197,106,2024-12-30 05:02:33.162064
01413,0000,1197,106,2024-12-30 05:02:33.178063
31458,0000,1197,106,2024-12-30 05:02:33.194057
02895,0000,1197,106,2024-12-30 05:02:33.210062
28166,0000,1197,106,2024-12-30 05:02:33.226049
22382,0000,1197,106,2024-12-30 05:02:33.257953
03647,0000,1197,106,2024-12-30 05:02:33.274048
01143,0000,1197,106,2024-12-30 05:02:33.290047
14473,0000,1197,106,2024-12-30 05:02:33.306050
09281,0000,1197,106,2024-12-30 05:02:33.322035
01384,0000,1197,106,2024-12-30 05:02:33.338031
20887,0000,1197,106,2024-12-30 05:02:33.354036
05442,0000,1197,106,2024-12-30 05:02:33.370023
25257,0000,1197,106,2024-12-30 05:02:33.386020
02964,0000,1197,106,2024-12-30 05:02:33.417614
33977,0000,1197,106,2024-12-30 05:02:33.434005
59285,0001,1197,106,2024-12-30 05:02:33.450006
30097,0000,1197,106,2024-12-30 05:02:33.466009
10553,0000,1197,106,2024-12-30 05:02:33.482011
06168,0000,1197,106,2024-12-30 05:02:33.497994
04491,0001,1197,106,2024-12-30 05:02:33.514002
05442,0000,1197,106,2024-12-30 05:02:33.529996
08306,0000,1197,106,2024-12-30 05:02:33.546000
03889,0000,1197,106,2024-12-30 05:02:33.561997
04665,0000,1197,106,2024-12-30 05:02:33.593989
02283,0000,1197,106,2024-12-30 05:02:33.609990
03845,0000,1197,106,2024-12-30 05:02:33.625976
38716,0000,1197,106,2024-12-30 05:02:33.641980
17875,0000,1197,106,2024-12-30 05:02:33.657977
03628,0000,1197,106,2024-12-30 05:02:33.673964
02337,0001,1197,106,2024-12-30 05:02:33.689970
16144,0000,1197,106,2024-12-30 05:02:33.705963
01278,0001,1197,106,2024-12-30 05:02:33.721959
03088,0000,1197,106,2024-12-30 05:02:33.753627
19247,0000,1197,106,2024-12-30 05:02:33.769941
00730,0000,1197,106,2024-12-30 05:02:33.785945
33690,0000,1198,106,2024-12-30 05:02:33.801936
00387,0000,1197,106,2024-12-30 05:02:33.817940
00912,0000,1197,106,2024-12-30 05:02:33.833929
20782,0000,1197,106,2024-12-30 05:02:33.850221
34569,0000,1197,106,2024-12-30 05:02:33.865955
59231,0000,1197,106,2024-12-30 05:02:33.881938
01997,0000,1197,106,2024-12-30 05:02:33.913263
53967,0000,1197,106,2024-12-30 05:02:33.929917
08873,0000,1197,106,2024-12-30 05:02:33.945917
21692,0000,1198,106,2024-12-30 05:02:33.961909
31605,0000,1197,106,2024-12-30 05:02:33.977920
00430,0000,1197,106,2024-12-30 05:02:33.993906
02100,0000,1198,106,2024-12-30 05:02:34.009916
00297,0000,1197,106,2024-12-30 05:02:34.025908
23088,0000,1197,106,2024-12-30 05:02:34.041896
11633,0000,1198,106,2024-12-30 05:02:34.057895
12509,0000,1198,106,2024-12-30 05:02:34.089644
02319,0000,1197,106,2024-12-30 05:02:34.105890
22049,0000,1197,106,2024-12-30 05:02:34.121889
02811,0001,1197,106,2024-12-30 05:02:34.137886
12746,0000,1197,106,2024-12-30 05:02:34.153884
00705,0000,1198,106,2024-12-30 05:02:34.169867
11770,0000,1198,106,2024-12-30 05:02:34.185869
03097,0000,1197,106,2024-12-30 05:02:34.201863
32470,0000,1197,106,2024-12-30 05:02:34.217865
11895,0000,1197,106,2024-12-30 05:02:34.249314
07050,0000,1197,106,2024-12-30 05:02:34.265860
05929,0000,1197,106,2024-12-30 05:02:34.281871
01432,0000,1198,106,2024-12-30 05:02:34.297847
01392,0000,1197,106,2024-12-30 05:02:34.313849
01379,0000,1198,106,2024-12-30 05:02:34.329845
30566,0000,1197,106,2024-12-30 05:02:34.345838
04894,0000,1197,106,2024-12-30 05:02:34.361834
20818,0000,1197,106,2024-12-30 05:02:34.377826
24159,0000,1197,106,2024-12-30 05:02:34.393827
14050,0000,1197,106,2024-12-30 05:02:34.425677
03307,0000,1197,106,2024-12-30 05:02:34.441817
23985,0001,1198,106,2024-12-30 05:02:34.457817
15171,0000,1197,106,2024-12-30 05:02:34.473814
01102,0000,1197,106,2024-12-30 05:02:34.489815
41035,0000,1197,106,2024-12-30 05:02:34.505802
02279,0000,1197,106,2024-12-30 05:02:34.521802
21336,0000,1198,106,2024-12-30 05:02:34.537808
09304,0000,1197,106,2024-12-30 05:02:34.553792
11478,0000,1197,106,2024-12-30 05:02:34.585317
04257,0000,1198,106,2024-12-30 05:02:34.601797
01586,0000,1198,106,2024-12-30 05:02:34.617786
04168,0000,1197,106,2024-12-30 05:02:34.633855
01947,0000,1197,106,2024-12-30 05:02:34.649792
00313,0000,1198,106,2024-12-30 05:02:34.665787
07609,0000,1197,106,2024-12-30 05:02:34.681778
35467,0000,1197,106,2024-12-30 05:02:34.697786
03652,0000,1197,106,2024-12-30 05:02:34.713768
06006,0000,1197,106,2024-12-30 05:02:34.729773
02291,0000,1198,106,2024-12-30 05:02:34.761711
11731,0000,1197,106,2024-12-30 05:02:34.777759
05214,0000,1197,106,2024-12-30 05:02:34.793759
03079,0000,1198,106,2024-12-30 05:02:34.809746
04438,0000,1197,106,2024-12-30 05:02:34.825747
44670,0000,1197,106,2024-12-30 05:02:34.841738
47396,0000,1197,106,2024-12-30 05:02:34.857751
14616,0000,1197,106,2024-12-30 05:02:34.873734
01291,0000,1198,106,2024-12-30 05:02:34.889734
03748,0000,1197,106,2024-12-30 05:02:34.921362
08597,0000,1197,106,2024-12-30 05:02:34.937735
03766,0000,1197,106,2024-12-30 05:02:34.953732
12581,0000,1198,106,2024-12-30 05:02:34.969722
02737,0000,1197,106,2024-12-30 05:02:34.985710
00406,0000,1197,106,2024-12-30 05:02:35.001708
03888,0000,1197,106,2024-12-30 05:02:35.017706
19749,0000,1198,106,2024-12-30 05:02:35.033711
06765,0000,1197,106,2024-12-30 05:02:35.049710
05214,0000,1197,106,2024-12-30 05:02:35.065709
05088,0000,1198,106,2024-12-30 05:02:35.097698
01951,0000,1197,106,2024-12-30 05:02:35.113693
03084,0000,1198,106,2024-12-30 05:02:35.129696
12260,0000,1198,106,2024-12-30 05:02:35.145687
05303,0000,1198,106,2024-12-30 05:02:35.161688
00429,0000,1198,106,2024-12-30 05:02:35.177682
30826,0000,1198,106,2024-12-30 05:02:35.193680
02434,0000,1198,106,2024-12-30 05:02:35.209672
27480,0000,1197,106,2024-12-30 05:02:35.225677
04300,0000,1198,106,2024-12-30 05:02:35.257386
02123,0000,1198,106,2024-12-30 05:02:35.273665
01919,0000,1197,106,2024-12-30 05:02:35.289667
00485,0000,1197,106,2024-12-30 05:02:35.305650
03591,0000,1198,106,2024-12-30 05:02:35.321662
35464,0000,1198,106,2024-12-30 05:02:35.337659
44748,0000,1198,106,2024-12-30 05:02:35.353667
03320,0000,1198,106,2024-12-30 05:02:35.369645
21567,0000,1198,106,2024-12-30 05:02:35.385640
03650,0000,1198,106,2024-12-30 05:02:35.417007
27066,0000,1198,106,2024-12-30 05:02:35.433638
02620,0000,1198,106,2024-12-30 05:02:35.449633
04935,0000,1198,106,2024-12-30 05:02:35.465633
03886,0001,1198,106,2024-12-30 05:02:35.481620
44115,0000,1197,106,2024-12-30 05:02:35.497624
20918,0000,1198,106,2024-12-30 05:02:35.513611
05367,0000,1198,106,2024-12-30 05:02:35.529612
26956,0000,1198,106,2024-12-30 05:02:35.545607
30583,0000,1198,106,2024-12-30 05:02:35.561611
05466,0000,1198,106,2024-12-30 05:02:35.593406
03399,0000,1198,106,2024-12-30 05:02:35.609594
11442,0000,1198,106,2024-12-30 05:02:35.625595
31839,0000,1198,106,2024-12-30 05:02:35.641583
04508,0000,1198,106,2024-12-30 05:02:35.657588
01499,0000,1198,106,2024-12-30 05:02:35.673580
18095,0000,1198,106,2024-12-30 05:02:35.689585
02999,0000,1198,106,2024-12-30 05:02:35.705582
21238,0000,1198,106,2024-12-30 05:02:35.721584
00782,0000,1198,106,2024-12-30 05:02:35.753042
02351,0000,1198,106,2024-12-30 05:02:35.769582
03771,0000,1197,106,2024-12-30 05:02:35.785588
04185,0000,1198,106,2024-12-30 05:02:35.801588
46580,0000,1198,106,2024-12-30 05:02:35.817590
05172,0000,1198,106,2024-12-30 05:02:35.833591
28047,0001,1198,106,2024-12-30 05:02:35.849600
18211,0000,1198,106,2024-12-30 05:02:35.865601
36386,0000,1198,106,2024-12-30 05:02:35.881599
35533,0000,1198,106,2024-12-30 05:02:35.897601
01907,0000,1198,106,2024-12-30 05:02:35.929464
01262,0000,1198,106,2024-12-30 05:02:35.945534
61904,0000,1198,106,2024-12-30 05:02:35.961526
06419,0000,1197,106,2024-12-30 05:02:35.977533
05313,0000,1198,106,2024-12-30 05:02:35.993522
11407,0000,1198,106,2024-12-30 05:02:36.009522
16440,0000,1198,106,2024-12-30 05:02:36.025524
02171,0000,1198,106,2024-12-30 05:02:36.041512
03931,0000,1198,106,2024-12-30 05:02:36.057503
04420,0000,1198,106,2024-12-30 05:02:36.089042
31903,0000,1198,106,2024-12-30 05:02:36.105504
01447,0000,1198,106,2024-12-30 05:02:36.121507
35104,0000,1198,106,2024-12-30 05:02:36.137506
41063,0000,1198,106,2024-12-30 05:02:36.153503
38554,0000,1198,106,2024-12-30 05:02:36.169487
03555,0000,1198,106,2024-12-30 05:02:36.185492
01222,0000,1198,106,2024-12-30 05:02:36.201480
23647,0000,1198,106,2024-12-30 05:02:36.217481
01034,0000,1198,106,2024-12-30 05:02:36.233481
14698,0000,1198,106,2024-12-30 05:02:36.265452
03683,0000,1198,106,2024-12-30 05:02:36.281475
35349,0000,1198,106,2024-12-30 05:02:36.297466
29393,0000,1198,106,2024-12-30 05:02:36.313475
01383,0000,1198,106,2024-12-30 05:02:36.329454
03690,0001,1198,106,2024-12-30 05:02:36.345458
20117,0000,1198,106,2024-12-30 05:02:36.361444
27108,0000,1198,106,2024-12-30 05:02:36.377451
21346,0000,1198,106,2024-12-30 05:02:36.393439
03282,0000,1198,106,2024-12-30 05:02:36.425086
23079,0000,1198,106,2024-12-30 05:02:36.441438
03163,0000,1198,106,2024-12-30 05:02:36.457433
01462,0000,1198,106,2024-12-30 05:02:36.473424
13588,0000,1198,106,2024-12-30 05:02:36.489426
10701,0000,1198,106,2024-12-30 05:02:36.505428
16378,0000,1198,106,2024-12-30 05:02:36.521432
22281,0000,1198,106,2024-12-30 05:02:36.537424
02889,0000,1198,106,2024-12-30 05:02:36.553416
05316,0000,1198,106,2024-12-30 05:02:36.584718
44642,0000,1198,106,2024-12-30 05:02:36.601404
02565,0000,1198,106,2024-12-30 05:02:36.617398
03553,0000,1198,106,2024-12-30 05:02:36.633399
05280,0000,1198,106,2024-12-30 05:02:36.649389
02543,0000,1198,106,2024-12-30 05:02:36.665392
19206,0000,1198,106,2024-12-30 05:02:36.681382
03106,0000,1198,106,2024-12-30 05:02:36.697392
05130,0000,1198,106,2024-12-30 05:02:36.713384
04681,0000,1198,106,2024-12-30 05:02:36.729384
11282,0000,1198,106,2024-12-30 05:02:36.761128
18693,0000,1198,106,2024-12-30 05:02:36.777363
16808,0000,1198,106,2024-12-30 05:02:36.793355
34582,0000,1198,106,2024-12-30 05:02:36.809361
21663,0000,1198,106,2024-12-30 05:02:36.825362
17251,0000,1198,106,2024-12-30 05:02:36.841356
16648,0000,1198,106,2024-12-30 05:02:36.857348
18907,0000,1198,106,2024-12-30 05:02:36.873353
53437,0000,1198,106,2024-12-30 05:02:36.889354
04574,0000,1198,106,2024-12-30 05:02:36.920743
02199,0000,1198,106,2024-12-30 05:02:36.937342
42423,0000,1198,106,2024-12-30 05:02:36.953335
29582,0000,1198,106,2024-12-30 05:02:36.969332
01361,0000,1198,106,2024-12-30 05:02:36.985319
05011,0000,1198,106,2024-12-30 05:02:37.001332
04034,0000,1198,106,2024-12-30 05:02:37.017323
25289,0000,1198,106,2024-12-30 05:02:37.033324
11818,0000,1198,106,2024-12-30 05:02:37.049309
05092,0000,1198,106,2024-12-30 05:02:37.065314
22713,0000,1198,106,2024-12-30 05:02:37.097152
61557,0000,1198,106,2024-12-30 05:02:37.113298
04808,0000,1198,106,2024-12-30 05:02:37.129303
02187,0000,1198,106,2024-12-30 05:02:37.145293
09003,0000,1198,106,2024-12-30 05:02:37.161290
27078,0000,1198,106,2024-12-30 05:02:37.177295
19797,0000,1198,106,2024-12-30 05:02:37.193293
11158,0000,1198,106,2024-12-30 05:02:37.209280
08136,0000,1198,106,2024-12-30 05:02:37.225287
00531,0000,1198,106,2024-12-30 05:02:37.256766
14019,0000,1198,106,2024-12-30 05:02:37.273280
07303,0000,1198,106,2024-12-30 05:02:37.289286
39884,0000,1198,106,2024-12-30 05:02:37.305290
00451,0000,1198,106,2024-12-30 05:02:37.321261
00322,0000,1198,106,2024-12-30 05:02:37.337249
05331,0000,1198,106,2024-12-30 05:02:37.353257
33768,0000,1198,106,2024-12-30 05:02:37.369252
00447,0000,1198,106,2024-12-30 05:02:37.385248
27036,0000,1198,106,2024-12-30 05:02:37.401247
14113,0000,1198,106,2024-12-30 05:02:37.433179
16140,0000,1199,106,2024-12-30 05:02:37.449233
53159,0000,1198,106,2024-12-30 05:02:37.465229
00472,0000,1198,106,2024-12-30 05:02:37.481227
01806,0000,1198,106,2024-12-30 05:02:37.497219
01312,0000,1198,106,2024-12-30 05:02:37.513229
05413,0000,1198,106,2024-12-30 05:02:37.529231
02522,0000,1198,106,2024-12-30 05:02:37.545221
26374,0000,1198,106,2024-12-30 05:02:37.561213
22592,0000,1198,106,2024-12-30 05:02:37.592802
26680,0000,1198,106,2024-12-30 05:02:37.609215
06660,0001,1198,106,2024-12-30 05:02:37.625198
13221,0000,1198,106,2024-12-30 05:02:37.641204
03642,0000,1198,106,2024-12-30 05:02:37.657196
03135,0000,1198,106,2024-12-30 05:02:37.673193
36956,0000,1198,106,2024-12-30 05:02:37.689196
04632,0000,1198,106,2024-12-30 05:02:37.705187
01363,0000,1198,106,2024-12-30 05:02:37.721187
00971,0000,1198,106,2024-12-30 05:02:37.737179
30382,0000,1198,106,2024-12-30 05:02:37.769165
36240,0000,1198,106,2024-12-30 05:02:37.785177
03051,0000,1198,106,2024-12-30 05:02:37.801169
15965,0000,1198,106,2024-12-30 05:02:37.817172
04300,0000,1199,106,2024-12-30 05:02:37.833163
04952,0000,1198,106,2024-12-30 05:02:37.849165
05171,0000,1198,106,2024-12-30 05:02:37.865156
16417,0000,1198,106,2024-12-30 05:02:37.881159
01401,0000,1198,106,2024-12-30 05:02:37.897154
08105,0000,1198,106,2024-12-30 05:02:37.928824
01241,0000,1199,106,2024-12-30 05:02:37.945137
30253,0000,1198,106,2024-12-30 05:02:37.961138
01181,0000,1199,106,2024-12-30 05:02:37.977131
05273,0000,1198,106,2024-12-30 05:02:37.993126
22365,0000,1198,106,2024-12-30 05:02:38.009130
41022,0000,1199,106,2024-12-30 05:02:38.025129
26398,0000,1198,106,2024-12-30 05:02:38.041120
04273,0000,1198,106,2024-12-30 05:02:38.057118
32343,0000,1198,106,2024-12-30 05:02:38.088459
01330,0000,1198,106,2024-12-30 05:02:38.105115
16457,0000,1198,106,2024-12-30 05:02:38.121110
38342,0000,1198,106,2024-12-30 05:02:38.137094
31441,0000,1198,106,2024-12-30 05:02:38.153101
12618,0000,1199,106,2024-12-30 05:02:38.169094
03006,0000,1198,106,2024-12-30 05:02:38.185099
53898,0000,1198,106,2024-12-30 05:02:38.201093
02850,0000,1198,106,2024-12-30 05:02:38.217095
04559,0000,1198,106,2024-12-30 05:02:38.233086
04719,0000,1198,106,2024-12-30 05:02:38.264868
05441,0000,1198,106,2024-12-30 05:02:38.281087
16440,0000,1198,106,2024-12-30 05:02:38.297089
03671,0000,1198,106,2024-12-30 05:02:38.313070
34609,0000,1198,106,2024-12-30 05:02:38.329067
09210,0000,1199,106,2024-12-30 05:02:38.345056
48215,0000,1199,106,2024-12-30 05:02:38.361067
08368,0000,1198,106,2024-12-30 05:02:38.377059
02908,0000,1198,106,2024-12-30 05:02:38.393058
01355,0000,1198,106,2024-12-30 05:02:38.424485
05444,0000,1198,106,2024-12-30 05:02:38.441050
39337,0000,1198,106,2024-12-30 05:02:38.457040
02291,0000,1198,106,2024-12-30 05:02:38.473044
05377,0000,1198,106,2024-12-30 05:02:38.489027
00408,0000,1198,106,2024-12-30 05:02:38.505035
05444,0000,1199,106,2024-12-30 05:02:38.521031
26886,0000,1199,106,2024-12-30 05:02:38.537025
02682,0000,1198,106,2024-12-30 05:02:38.553023
28247,0000,1199,106,2024-12-30 05:02:38.569018
02012,0001,1198,106,2024-12-30 05:02:38.600883
03864,0000,1199,106,2024-12-30 05:02:38.617025
04465,0000,1199,106,2024-12-30 05:02:38.633007
05557,0000,1199,106,2024-12-30 05:02:38.649007
28721,0000,1199,106,2024-12-30 05:02:38.664997
03892,0000,1198,106,2024-12-30 05:02:38.681001
00569,0000,1199,106,2024-12-30 05:02:38.696992
40158,0001,1198,106,2024-12-30 05:02:38.712984
06168,0000,1199,106,2024-12-30 05:02:38.728992
05359,0000,1199,106,2024-12-30 05:02:38.760524
03088,0000,1198,106,2024-12-30 05:02:38.776976
01209,0000,1199,106,2024-12-30 05:02:38.792980
13959,0000,1198,106,2024-12-30 05:02:38.808972
16382,0000,1199,106,2024-12-30 05:02:38.824972
05172,0000,1199,106,2024-12-30 05:02:38.840964
22265,0000,1199,106,2024-12-30 05:02:38.856968
01221,0001,1199,106,2024-12-30 05:02:38.872966
03091,0000,1199,106,2024-12-30 05:02:38.888970
02088,0000,1199,106,2024-12-30 05:02:38.904971
26241,0000,1199,106,2024-12-30 05:02:38.936936
31810,0000,1198,106,2024-12-30 05:02:38.952979
17439,0000,1199,106,2024-12-30 05:02:38.968981
44745,0000,1198,106,2024-12-30 05:02:38.984985
18577,0000,1199,106,2024-12-30 05:02:39.000988
49139,0000,1199,106,2024-12-30 05:02:39.016987
00490,0000,1199,106,2024-12-30 05:02:39.032982
40143,0000,1199,106,2024-12-30 05:02:39.048986
04835,0000,1199,106,2024-12-30 05:02:39.064920
46650,0000,1198,106,2024-12-30 05:02:39.096542
03538,0000,1199,106,2024-12-30 05:02:39.112917
05495,0000,1199,106,2024-12-30 05:02:39.128908
11562,0000,1199,106,2024-12-30 05:02:39.144911
03014,0000,1199,106,2024-12-30 05:02:39.160898
05264,0000,1198,106,2024-12-30 05:02:39.176904
01922,0000,1199,106,2024-12-30 05:02:39.192898
02353,0000,1199,106,2024-12-30 05:02:39.208903
03903,0000,1199,106,2024-12-30 05:02:39.224892
03738,0000,1199,106,2024-12-30 05:02:39.240901
45550,0000,1199,106,2024-12-30 05:02:39.272879
21938,0001,1199,106,2024-12-30 05:02:39.288875
03598,0000,1199,106,2024-12-30 05:02:39.304877
24165,0000,1199,106,2024-12-30 05:02:39.320875
23057,0001,1199,106,2024-12-30 05:02:39.336867
46460,0000,1199,106,2024-12-30 05:02:39.352867
11499,0000,1199,106,2024-12-30 05:02:39.368866
22301,0000,1198,106,2024-12-30 05:02:39.384864
04214,0000,1199,106,2024-12-30 05:02:39.400851
00615,0000,1199,106,2024-12-30 05:02:39.432565
47296,0000,1199,106,2024-12-30 05:02:39.448850
13359,0000,1199,106,2024-12-30 05:02:39.464844
36092,0000,1199,106,2024-12-30 05:02:39.480849
26110,0000,1199,106,2024-12-30 05:02:39.496831
04266,0000,1199,106,2024-12-30 05:02:39.512826
40109,0000,1199,106,2024-12-30 05:02:39.528828
21534,0000,1199,106,2024-12-30 05:02:39.544824
35263,0000,1199,106,2024-12-30 05:02:39.560821
27122,0000,1199,106,2024-12-30 05:02:39.592208
01311,0000,1199,106,2024-12-30 05:02:39.608810
23655,0000,1199,106,2024-12-30 05:02:39.624814
42267,0000,1199,106,2024-12-30 05:02:39.640814
15534,0000,1199,106,2024-12-30 05:02:39.656820
03207,0000,1199,106,2024-12-30 05:02:39.672805
43131,0000,1199,106,2024-12-30 05:02:39.688802
01848,0000,1199,106,2024-12-30 05:02:39.704798
33258,0000,1199,106,2024-12-30 05:02:39.720795
04264,0000,1198,106,2024-12-30 05:02:39.736791
04549,0000,1199,106,2024-12-30 05:02:39.768589
03827,0000,1199,106,2024-12-30 05:02:39.784778
03841,0000,1199,106,2024-12-30 05:02:39.800781
04988,0000,1199,106,2024-12-30 05:02:39.816771
11347,0001,1199,106,2024-12-30 05:02:39.832774
07076,0000,1199,106,2024-12-30 05:02:39.848767
19000,0000,1199,106,2024-12-30 05:02:39.864768
01371,0000,1199,106,2024-12-30 05:02:39.880763
00573,0000,1199,106,2024-12-30 05:02:39.896764
28764,0000,1199,106,2024-12-30 05:02:39.928249
37012,0000,1199,106,2024-12-30 05:02:39.944746
01322,0000,1199,106,2024-12-30 05:02:39.960753
02320,0000,1199,106,2024-12-30 05:02:39.976739
27373,0000,1199,106,2024-12-30 05:02:39.992745
40685,0000,1199,106,2024-12-30 05:02:40.008737
03006,0000,1199,106,2024-12-30 05:02:40.024737
00449,0000,1199,106,2024-12-30 05:02:40.040743
00555,0000,1199,106,2024-12-30 05:02:40.056720
32053,0001,1199,106,2024-12-30 05:02:40.072728
00558,0000,1199,106,2024-12-30 05:02:40.104633
67704,0001,1199,106,2024-12-30 05:02:40.120713
00416,0000,1199,106,2024-12-30 05:02:40.136710
01096,0000,1199,106,2024-12-30 05:02:40.152707
03257,0000,1199,106,2024-12-30 05:02:40.168718
12909,0000,1199,106,2024-12-30 05:02:40.184701
31591,0000,1199,106,2024-12-30 05:02:40.200710
21845,0000,1199,106,2024-12-30 05:02:40.216698
05128,0000,1199,106,2024-12-30 05:02:40.232703
05102,0000,1199,106,2024-12-30 05:02:40.264273
27023,0000,1199,106,2024-12-30 05:02:40.280689
15303,0000,1199,106,2024-12-30 05:02:40.296676
36095,0000,1199,106,2024-12-30 05:02:40.312690
27283,0000,1199,106,2024-12-30 05:02:40.328675
12285,0000,1199,106,2024-12-30 05:02:40.344683
20797,0000,1199,106,2024-12-30 05:02:40.360671
10971,0000,1199,106,2024-12-30 05:02:40.376667
03291,0000,1199,106,2024-12-30 05:02:40.392658
14458,0000,1199,106,2024-12-30 05:02:40.408662
07008,0000,1199,106,2024-12-30 05:02:40.440664
00374,0000,1199,106,2024-12-30 05:02:40.456649
02209,0000,1199,106,2024-12-30 05:02:40.472646
22024,0000,1199,106,2024-12-30 05:02:40.488644
18468,0000,1199,106,2024-12-30 05:02:40.504643
05017,0001,1199,106,2024-12-30 05:02:40.520645
05389,0000,1199,106,2024-12-30 05:02:40.536632
09008,0000,1199,106,2024-12-30 05:02:40.552635
01411,0000,1199,106,2024-12-30 05:02:40.568624
01184,0000,1199,106,2024-12-30 05:02:40.600286
20112,0000,1199,106,2024-12-30 05:02:40.616625
03007,0000,1199,106,2024-12-30 05:02:40.632614
16174,0000,1199,106,2024-12-30 05:02:40.648618
01541,0000,1199,106,2024-12-30 05:02:40.664607
07527,0000,1199,106,2024-12-30 05:02:40.680611
03371,0000,1199,106,2024-12-30 05:02:40.696611
27387,0000,1199,106,2024-12-30 05:02:40.712603
24349,0000,1199,106,2024-12-30 05:02:40.728600
22164,0001,1199,106,2024-12-30 05:02:40.759949
53270,0000,1199,106,2024-12-30 05:02:40.776596
04625,0000,1199,106,2024-12-30 05:02:40.792600
19095,0000,1199,106,2024-12-30 05:02:40.808596
34449,0000,1199,106,2024-12-30 05:02:40.824588
00683,0000,1199,106,2024-12-30 05:02:40.840571
26990,0000,1199,106,2024-12-30 05:02:40.856572
02066,0000,1199,106,2024-12-30 05:02:40.872570
01493,0000,1199,106,2024-12-30 05:02:40.888571
02194,0000,1199,106,2024-12-30 05:02:40.904573
27679,0000,1199,106,2024-12-30 05:02:40.936321
01306,0000,1199,106,2024-12-30 05:02:40.952566
28557,0000,1199,106,2024-12-30 05:02:40.968549
17000,0000,1199,106,2024-12-30 05:02:40.984550
05042,0000,1199,106,2024-12-30 05:02:41.000540
05135,0000,1199,106,2024-12-30 05:02:41.016542
05406,0000,1199,106,2024-12-30 05:02:41.032533
03666,0000,1199,106,2024-12-30 05:02:41.048536
06564,0000,1199,106,2024-12-30 05:02:41.064534
29536,0000,1199,106,2024-12-30 05:02:41.095951
52339,0000,1199,106,2024-12-30 05:02:41.112524
02897,0000,1199,106,2024-12-30 05:02:41.128517
19939,0000,1199,106,2024-12-30 05:02:41.144516
09638,0000,1199,106,2024-12-30 05:02:41.160513
21128,0000,1199,106,2024-12-30 05:02:41.176509
04551,0000,1199,106,2024-12-30 05:02:41.192512
02718,0000,1199,106,2024-12-30 05:02:41.208507
05071,0000,1199,106,2024-12-30 05:02:41.224509
03061,0000,1199,106,2024-12-30 05:02:41.240511
19825,0000,1199,106,2024-12-30 05:02:41.272332
19071,0000,1199,106,2024-12-30 05:02:41.288493
03530,0000,1199,106,2024-12-30 05:02:41.304493
20545,0000,1199,106,2024-12-30 05:02:41.320485
48887,0000,1199,106,2024-12-30 05:02:41.336485
40265,0000,1199,106,2024-12-30 05:02:41.352481
01023,0000,1199,106,2024-12-30 05:02:41.368470
01975,0000,1199,106,2024-12-30 05:02:41.384463
03689,0000,1199,106,2024-12-30 05:02:41.400465
08313,0000,1199,106,2024-12-30 05:02:41.431971
00405,0000,1199,106,2024-12-30 05:02:41.448453
69349,0000,1199,106,2024-12-30 05:02:41.464452
01510,0000,1199,106,2024-12-30 05:02:41.480444
53513,0000,1199,106,2024-12-30 05:02:41.496445
32494,0000,1199,106,2024-12-30 05:02:41.512446
18347,0000,1199,106,2024-12-30 05:02:41.528435
01279,0000,1199,106,2024-12-30 05:02:41.544435
02271,0000,1199,106,2024-12-30 05:02:41.560439
09941,0000,1200,106,2024-12-30 05:02:41.576431
13507,0000,1199,106,2024-12-30 05:02:41.608373
02371,0000,1199,106,2024-12-30 05:02:41.624430
08467,0000,1199,106,2024-12-30 05:02:41.640411
09743,0000,1199,106,2024-12-30 05:02:41.656419
01726,0000,1199,106,2024-12-30 05:02:41.672412
20346,0000,1199,106,2024-12-30 05:02:41.688412
02546,0000,1200,106,2024-12-30 05:02:41.704419
02299,0000,1199,106,2024-12-30 05:02:41.720409
05688,0000,1199,106,2024-12-30 05:02:41.736405
31691,0000,1199,106,2024-12-30 05:02:41.767994
04931,0000,1199,106,2024-12-30 05:02:41.784393
00633,0000,1199,106,2024-12-30 05:02:41.800387
02758,0000,1199,106,2024-12-30 05:02:41.816383
03112,0000,1200,106,2024-12-30 05:02:41.832378
33339,0000,1200,106,2024-12-30 05:02:41.848380
07659,0000,1200,106,2024-12-30 05:02:41.864383
03437,0000,1200,106,2024-12-30 05:02:41.880375
01604,0000,1199,106,2024-12-30 05:02:41.896371
02171,0000,1199,106,2024-12-30 05:02:41.912367
00739,0000,1199,106,2024-12-30 05:02:41.944358
46493,0000,1200,106,2024-12-30 05:02:41.960347
15214,0000,1200,106,2024-12-30 05:02:41.976358
00587,0000,1199,106,2024-12-30 05:02:41.992355
04436,0000,1199,106,2024-12-30 05:02:42.008354
20097,0001,1199,106,2024-12-30 05:02:42.024358
03662,0000,1200,106,2024-12-30 05:02:42.040356
24800,0001,1199,106,2024-12-30 05:02:42.056360
05642,0000,1199,106,2024-12-30 05:02:42.072368
02519,0000,1199,106,2024-12-30 05:02:42.104051
43133,0000,1200,106,2024-12-30 05:02:42.120382
20926,0000,1199,106,2024-12-30 05:02:42.136402
01240,0000,1200,106,2024-12-30 05:02:42.152396
04960,0000,1200,106,2024-12-30 05:02:42.168388
04463,0000,1200,106,2024-12-30 05:02:42.184381
02999,0000,1200,106,2024-12-30 05:02:42.200304
00596,0001,1200,106,2024-12-30 05:02:42.216312
03637,0000,1200,106,2024-12-30 05:02:42.232305
03894,0000,1200,106,2024-12-30 05:02:42.263667
06973,0000,1200,106,2024-12-30 05:02:42.280306
14104,0000,1200,106,2024-12-30 05:02:42.296300
03078,0000,1200,106,2024-12-30 05:02:42.312289
28100,0000,1199,106,2024-12-30 05:02:42.328289
07275,0001,1200,106,2024-12-30 05:02:42.344287
01397,0000,1200,106,2024-12-30 05:02:42.360278
04543,0000,1200,106,2024-12-30 05:02:42.376279
17639,0000,1200,106,2024-12-30 05:02:42.392284
06815,0000,1199,106,2024-12-30 05:02:42.408270
14897,0000,1200,106,2024-12-30 05:02:42.440066
01428,0000,1199,106,2024-12-30 05:02:42.456268
05309,0000,1200,106,2024-12-30 05:02:42.472253
00725,0000,1200,106,2024-12-30 05:02:42.488261
20883,0001,1200,106,2024-12-30 05:02:42.504258
04219,0000,1200,106,2024-12-30 05:02:42.520255
10013,0000,1199,106,2024-12-30 05:02:42.536245
18227,0000,1200,106,2024-12-30 05:02:42.552240
04106,0000,1200,106,2024-12-30 05:02:42.568239
04633,0000,1199,106,2024-12-30 05:02:42.599708
27260,0000,1200,106,2024-12-30 05:02:42.616230
04434,0000,1200,106,2024-12-30 05:02:42.632223
04025,0000,1200,106,2024-12-30 05:02:42.648211
06466,0000,1200,106,2024-12-30 05:02:42.664216
11062,0000,1200,106,2024-12-30 05:02:42.680209
01325,0000,1199,106,2024-12-30 05:02:42.696209
05072,0000,1200,106,2024-12-30 05:02:42.712210
04622,0000,1200,106,2024-12-30 05:02:42.728207
50768,0000,1200,106,2024-12-30 05:02:42.744205
05168,0000,1200,106,2024-12-30 05:02:42.776087
04545,0000,1200,106,2024-12-30 05:02:42.792194
02322,0000,1200,106,2024-12-30 05:02:42.808187
20517,0000,1200,106,2024-12-30 05:02:42.824175
43826,0000,1199,106,2024-12-30 05:02:42.840185
31673,0000,1200,106,2024-12-30 05:02:42.856172
02296,0000,1200,106,2024-12-30 05:02:42.872171
33216,0000,1200,106,2024-12-30 05:02:42.888169
24715,0001,1200,106,2024-12-30 05:02:42.904175
02722,0000,1200,106,2024-12-30 05:02:42.935730
04693,0001,1200,106,2024-12-30 05:02:42.952157
04922,0000,1200,106,2024-12-30 05:02:42.968160
01348,0000,1200,106,2024-12-30 05:02:42.984149
02058,0001,1200,106,2024-12-30 05:02:43.000146
34671,0000,1199,106,2024-12-30 05:02:43.016149
00364,0000,1199,106,2024-12-30 05:02:43.032143
51392,0000,1200,106,2024-12-30 05:02:43.048140
17587,0000,1200,106,2024-12-30 05:02:43.064137
00195,0000,1200,106,2024-12-30 05:02:43.080137
61717,0000,1200,106,2024-12-30 05:02:43.112110
02298,0000,1200,106,2024-12-30 05:02:43.128122
32475,0000,1200,106,2024-12-30 05:02:43.144126
02951,0000,1200,106,2024-12-30 05:02:43.160126
58326,0000,1200,106,2024-12-30 05:02:43.176125
02291,0000,1200,106,2024-12-30 05:02:43.192116
03994,0000,1200,106,2024-12-30 05:02:43.208108
60823,0000,1200,106,2024-12-30 05:02:43.224101
02173,0000,1200,106,2024-12-30 05:02:43.240113
20256,0000,1200,106,2024-12-30 05:02:43.271743
10070,0000,1200,106,2024-12-30 05:02:43.288098
09823,0000,1200,106,2024-12-30 05:02:43.304098
02083,0000,1200,106,2024-12-30 05:02:43.320095
41681,0000,1200,106,2024-12-30 05:02:43.336085
02136,0000,1200,106,2024-12-30 05:02:43.352089
00534,0000,1200,106,2024-12-30 05:02:43.368084
10555,0000,1200,106,2024-12-30 05:02:43.384080
18657,0000,1200,106,2024-12-30 05:02:43.400069
21729,0000,1200,106,2024-12-30 05:02:43.431401
17840,0000,1200,106,2024-12-30 05:02:43.448064
02270,0001,1200,106,2024-12-30 05:02:43.464064
49893,0000,1200,106,2024-12-30 05:02:43.480053
05981,0000,1200,106,2024-12-30 05:02:43.496057
03651,0000,1200,106,2024-12-30 05:02:43.512052
02302,0000,1199,106,2024-12-30 05:02:43.528047
06810,0000,1200,106,2024-12-30 05:02:43.544049
24770,0000,1200,106,2024-12-30 05:02:43.560058
37960,0000,1200,106,2024-12-30 05:02:43.576035
01443,0000,1200,106,2024-12-30 05:02:43.607783
07702,0000,1200,106,2024-12-30 05:02:43.624031
01432,0000,1200,106,2024-12-30 05:02:43.640020
02921,0000,1200,106,2024-12-30 05:02:43.656016
40009,0000,1200,106,2024-12-30 05:02:43.672024
17842,0000,1200,106,2024-12-30 05:02:43.688030
16682,0000,1200,106,2024-12-30 05:02:43.704014
31826,0000,1200,106,2024-12-30 05:02:43.720022
03834,0000,1200,106,2024-12-30 05:02:43.736008
01340,0000,1200,106,2024-12-30 05:02:43.767422
03770,0000,1200,106,2024-12-30 05:02:43.783991
19326,0000,1200,106,2024-12-30 05:02:43.799994
19292,0000,1200,106,2024-12-30 05:02:43.815985
28533,0001,1200,106,2024-12-30 05:02:43.831989
03088,0000,1200,106,2024-12-30 05:02:43.847978
34705,0001,1200,106,2024-12-30 05:02:43.863987
19432,0000,1200,106,2024-12-30 05:02:43.879975
04381,0000,1200,106,2024-12-30 05:02:43.895974
13129,0000,1200,106,2024-12-30 05:02:43.911965
05007,0000,1200,106,2024-12-30 05:02:43.943816
43105,0000,1200,106,2024-12-30 05:02:43.959982
41366,0000,1200,106,2024-12-30 05:02:43.975965
18736,0000,1200,106,2024-12-30 05:02:43.991959
01467,0000,1200,106,2024-12-30 05:02:44.007960
04323,0000,1200,106,2024-12-30 05:02:44.023949
16308,0000,1200,106,2024-12-30 05:02:44.039947
01457,0000,1200,106,2024-12-30 05:02:44.055950
29378,0000,1200,106,2024-12-30 05:02:44.071953
20606,0000,1200,106,2024-12-30 05:02:44.103446
50625,0000,1200,106,2024-12-30 05:02:44.119935
05125,0000,1200,106,2024-12-30 05:02:44.135934
45487,0000,1200,106,2024-12-30 05:02:44.151928
09131,0000,1200,106,2024-12-30 05:02:44.167925
00611,0000,1200,106,2024-12-30 05:02:44.183923
09676,0000,1200,106,2024-12-30 05:02:44.199924
04550,0000,1200,106,2024-12-30 05:02:44.215914
01377,0000,1200,106,2024-12-30 05:02:44.231913
02588,0000,1200,106,2024-12-30 05:02:44.247913
22833,0000,1200,106,2024-12-30 05:02:44.279830
41059,0000,1200,106,2024-12-30 05:02:44.295907
05836,0000,1201,106,2024-12-30 05:02:44.311905
00371,0000,1200,106,2024-12-30 05:02:44.327897
05092,0000,1200,106,2024-12-30 05:02:44.343900
02209,0000,1200,106,2024-12-30 05:02:44.359879
00453,0000,1200,106,2024-12-30 05:02:44.375880
06916,0000,1200,106,2024-12-30 05:02:44.391880
02086,0000,1200,106,2024-12-30 05:02:44.407874
02320,0000,1200,106,2024-12-30 05:02:44.439460
02330,0000,1200,106,2024-12-30 05:02:44.455869
55732,0000,1200,106,2024-12-30 05:02:44.471853
05224,0000,1200,106,2024-12-30 05:02:44.487856
40829,0000,1200,106,2024-12-30 05:02:44.503856
25353,0000,1200,106,2024-12-30 05:02:44.519849
28899,0000,1200,106,2024-12-30 05:02:44.535851
02987,0000,1201,106,2024-12-30 05:02:44.551845
21069,0000,1200,106,2024-12-30 05:02:44.567840
19711,0000,1200,106,2024-12-30 05:02:44.583847
39964,0000,1200,106,2024-12-30 05:02:44.615836
04554,0000,1200,106,2024-12-30 05:02:44.631833
35527,0000,1200,106,2024-12-30 05:02:44.647827
05243,0000,1200,106,2024-12-30 05:02:44.663818
36143,0000,1200,106,2024-12-30 05:02:44.679815
23972,0000,1200,106,2024-12-30 05:02:44.695811
03677,0000,1200,106,2024-12-30 05:02:44.711819
59959,0000,1200,106,2024-12-30 05:02:44.727820
03609,0000,1201,106,2024-12-30 05:02:44.743810
23613,0000,1200,106,2024-12-30 05:02:44.775502
12021,0000,1200,106,2024-12-30 05:02:44.791799
26533,0000,1200,106,2024-12-30 05:02:44.807791
03521,0000,1200,106,2024-12-30 05:02:44.823794
16084,0000,1200,106,2024-12-30 05:02:44.839791
05092,0000,1201,106,2024-12-30 05:02:44.855790
42529,0000,1200,106,2024-12-30 05:02:44.871776
09938,0000,1201,106,2024-12-30 05:02:44.887777
02207,0000,1200,106,2024-12-30 05:02:44.903770
13692,0000,1200,106,2024-12-30 05:02:44.935137
16821,0000,1200,106,2024-12-30 05:02:44.951766
05429,0000,1200,106,2024-12-30 05:02:44.967761
01263,0000,1200,106,2024-12-30 05:02:44.983765
03578,0000,1200,106,2024-12-30 05:02:44.999760
18572,0000,1200,106,2024-12-30 05:02:45.015758
03101,0000,1200,106,2024-12-30 05:02:45.031746
36358,0000,1200,106,2024-12-30 05:02:45.047742
01245,0000,1200,106,2024-12-30 05:02:45.063746
00270,0000,1200,106,2024-12-30 05:02:45.079735
44727,0000,1200,106,2024-12-30 05:02:45.111510
03902,0001,1200,106,2024-12-30 05:02:45.127747
19729,0000,1201,106,2024-12-30 05:02:45.143743
03060,0000,1200,106,2024-12-30 05:02:45.159750
01896,0000,1200,106,2024-12-30 05:02:45.175755
03491,0000,1201,106,2024-12-30 05:02:45.191759
02311,0001,1200,106,2024-12-30 05:02:45.207756
18148,0000,1200,106,2024-12-30 05:02:45.223756
09768,0000,1200,106,2024-12-30 05:02:45.239768
17346,0000,1200,106,2024-12-30 05:02:45.271184
02385,0000,1200,106,2024-12-30 05:02:45.287769
04629,0000,1200,106,2024-12-30 05:02:45.303776
00320,0000,1200,106,2024-12-30 05:02:45.319696
04508,0000,1201,106,2024-12-30 05:02:45.335690
09101,0000,1200,106,2024-12-30 05:02:45.351682
03225,0000,1201,106,2024-12-30 05:02:45.367688
21741,0000,1201,106,2024-12-30 05:02:45.383680
00406,0000,1200,106,2024-12-30 05:02:45.399677
02129,0000,1201,106,2024-12-30 05:02:45.415675
03883,0000,1201,106,2024-12-30 05:02:45.447539
00412,0000,1200,106,2024-12-30 05:02:45.463659
01443,0000,1201,106,2024-12-30 05:02:45.479662
06035,0001,1200,106,2024-12-30 05:02:45.495662
14450,0000,1200,106,2024-12-30 05:02:45.511668
20803,0000,1200,106,2024-12-30 05:02:45.527652
02916,0000,1201,106,2024-12-30 05:02:45.543646
24084,0000,1201,106,2024-12-30 05:02:45.559648
06245,0000,1201,106,2024-12-30 05:02:45.575648
05369,0000,1200,106,2024-12-30 05:02:45.607178
14639,0001,1201,106,2024-12-30 05:02:45.623644
00453,0000,1200,106,2024-12-30 05:02:45.639628
04411,0000,1201,106,2024-12-30 05:02:45.655629
09537,0000,1201,106,2024-12-30 05:02:45.671621
01314,0000,1200,106,2024-12-30 05:02:45.687622
35123,0001,1200,106,2024-12-30 05:02:45.703619
04458,0000,1200,106,2024-12-30 05:02:45.719617
00978,0000,1200,106,2024-12-30 05:02:45.735609
05775,0000,1200,106,2024-12-30 05:02:45.751615
01291,0000,1201,106,2024-12-30 05:02:45.783586
03073,0000,1201,106,2024-12-30 05:02:45.799601
35515,0000,1201,106,2024-12-30 05:02:45.815597
48175,0000,1201,106,2024-12-30 05:02:45.831592
02228,0000,1200,106,2024-12-30 05:02:45.847594
20801,0001,1200,106,2024-12-30 05:02:45.863591
00373,0000,1201,106,2024-12-30 05:02:45.879583
00452,0000,1201,106,2024-12-30 05:02:45.895593
00789,0000,1201,106,2024-12-30 05:02:45.911576
19279,0000,1201,106,2024-12-30 05:02:45.943218
31417,0000,1201,106,2024-12-30 05:02:45.959568
02891,0000,1201,106,2024-12-30 05:02:45.975565
23734,0000,1200,106,2024-12-30 05:02:45.991572
02356,0000,1201,106,2024-12-30 05:02:46.007559
03097,0000,1201,106,2024-12-30 05:02:46.023567
01400,0000,1201,106,2024-12-30 05:02:46.039560
03478,0000,1201,106,2024-12-30 05:02:46.055552
00662,0001,1201,106,2024-12-30 05:02:46.071542
15486,0000,1201,106,2024-12-30 05:02:46.102858
25558,0000,1200,106,2024-12-30 05:02:46.119537
04190,0000,1201,106,2024-12-30 05:02:46.135535
24503,0000,1201,106,2024-12-30 05:02:46.151525
28182,0000,1201,106,2024-12-30 05:02:46.167535
21751,0000,1201,106,2024-12-30 05:02:46.183526
02847,0000,1201,106,2024-12-30 05:02:46.199736
28286,0000,1201,106,2024-12-30 05:02:46.215530
01462,0000,1200,106,2024-12-30 05:02:46.231522
05123,0000,1201,106,2024-12-30 05:02:46.247531
00509,0000,1201,106,2024-12-30 05:02:46.279254
25571,0000,1201,106,2024-12-30 05:02:46.295533
05018,0000,1200,106,2024-12-30 05:02:46.311513
00599,0001,1201,106,2024-12-30 05:02:46.327493
00308,0000,1201,106,2024-12-30 05:02:46.343503
04072,0000,1201,106,2024-12-30 05:02:46.359487
00428,0000,1201,106,2024-12-30 05:02:46.375498
03279,0000,1200,106,2024-12-30 05:02:46.391488
02506,0000,1201,106,2024-12-30 05:02:46.407487
01422,0000,1201,106,2024-12-30 05:02:46.438884
00613,0000,1201,106,2024-12-30 05:02:46.455476
32218,0000,1201,106,2024-12-30 05:02:46.471473
50782,0001,1201,106,2024-12-30 05:02:46.487462
27403,0000,1201,106,2024-12-30 05:02:46.503464
22181,0000,1201,106,2024-12-30 05:02:46.519454
20662,0000,1201,106,2024-12-30 05:02:46.535460
05421,0000,1201,106,2024-12-30 05:02:46.551453
11410,0000,1201,106,2024-12-30 05:02:46.567455
04663,0000,1201,106,2024-12-30 05:02:46.583449
03136,0000,1201,106,2024-12-30 05:02:46.615263
00549,0000,1201,106,2024-12-30 05:02:46.631444
41645,0000,1201,106,2024-12-30 05:02:46.647433
02195,0000,1201,106,2024-12-30 05:02:46.663433
48829,0000,1201,106,2024-12-30 05:02:46.679442
00385,0000,1201,106,2024-12-30 05:02:46.695419
02105,0000,1201,106,2024-12-30 05:02:46.711432
59938,0000,1201,106,2024-12-30 05:02:46.727422
02116,0000,1201,106,2024-12-30 05:02:46.743425
02748,0000,1201,106,2024-12-30 05:02:46.774908
10181,0000,1201,106,2024-12-30 05:02:46.791410
11576,0000,1201,106,2024-12-30 05:02:46.807416
08908,0000,1201,106,2024-12-30 05:02:46.823408
43400,0000,1201,106,2024-12-30 05:02:46.839406
02561,0000,1201,106,2024-12-30 05:02:46.855392
21013,0000,1201,106,2024-12-30 05:02:46.871387
03779,0000,1201,106,2024-12-30 05:02:46.887384
01463,0000,1201,106,2024-12-30 05:02:46.903375
01500,0000,1201,106,2024-12-30 05:02:46.919384
05442,0000,1201,106,2024-12-30 05:02:46.951285
00467,0000,1201,106,2024-12-30 05:02:46.967367
09852,0000,1201,106,2024-12-30 05:02:46.983367
02192,0000,1201,106,2024-12-30 05:02:46.999364
35637,0000,1201,106,2024-12-30 05:02:47.015362
38513,0000,1201,106,2024-12-30 05:02:47.031353
41863,0000,1201,106,2024-12-30 05:02:47.047368
06345,0000,1201,106,2024-12-30 05:02:47.063362
19701,0000,1201,106,2024-12-30 05:02:47.079346
32352,0000,1201,106,2024-12-30 05:02:47.110919
12105,0000,1201,106,2024-12-30 05:02:47.127340
28110,0000,1201,106,2024-12-30 05:02:47.143334
04309,0000,1201,106,2024-12-30 05:02:47.159341
04464,0001,1201,106,2024-12-30 05:02:47.175335
03793,0000,1201,106,2024-12-30 05:02:47.191334
04207,0000,1201,106,2024-12-30 05:02:47.207331
27815,0000,1201,106,2024-12-30 05:02:47.223330
04925,0000,1201,106,2024-12-30 05:02:47.239335
11728,0000,1201,106,2024-12-30 05:02:47.255324
00534,0000,1201,106,2024-12-30 05:02:47.287317
11332,0000,1201,106,2024-12-30 05:02:47.303308
05081,0000,1201,106,2024-12-30 05:02:47.319301
07935,0000,1201,106,2024-12-30 05:02:47.335302
27217,0000,1201,106,2024-12-30 05:02:47.351289
48923,0000,1201,106,2024-12-30 05:02:47.367290
01492,0000,1201,106,2024-12-30 05:02:47.383283
00526,0000,1201,106,2024-12-30 05:02:47.399287
34642,0000,1201,106,2024-12-30 05:02:47.415272
03733,0000,1201,106,2024-12-30 05:02:47.446955
09109,0000,1201,106,2024-12-30 05:02:47.463289
12351,0000,1201,106,2024-12-30 05:02:47.479267
14543,0000,1201,106,2024-12-30 05:02:47.495265
44257,0000,1201,106,2024-12-30 05:02:47.511264
08206,0000,1201,106,2024-12-30 05:02:47.527260
20187,0000,1201,106,2024-12-30 05:02:47.543262
21273,0000,1201,106,2024-12-30 05:02:47.559257
19772,0000,1201,106,2024-12-30 05:02:47.575259
55033,0000,1201,106,2024-12-30 05:02:47.606582
01289,0000,1201,106,2024-12-30 05:02:47.623241
21431,0000,1201,106,2024-12-30 05:02:47.639236
04887,0000,1201,106,2024-12-30 05:02:47.655240
04948,0000,1201,106,2024-12-30 05:02:47.671235
35468,0000,1201,106,2024-12-30 05:02:47.687224
01423,0000,1201,106,2024-12-30 05:02:47.703230
01626,0000,1201,106,2024-12-30 05:02:47.719220
27112,0000,1201,106,2024-12-30 05:02:47.735215
04564,0000,1201,106,2024-12-30 05:02:47.751218
11596,0000,1201,106,2024-12-30 05:02:47.782974
06417,0000,1201,106,2024-12-30 05:02:47.799201
01437,0000,1201,106,2024-12-30 05:02:47.815201
03886,0000,1201,106,2024-12-30 05:02:47.831206
58530,0000,1202,106,2024-12-30 05:02:47.847208
19093,0000,1201,106,2024-12-30 05:02:47.863188
04482,0000,1201,106,2024-12-30 05:02:47.879193
01464,0000,1201,106,2024-12-30 05:02:47.895184
01501,0000,1201,106,2024-12-30 05:02:47.911185
31277,0000,1201,106,2024-12-30 05:02:47.942619
02284,0000,1201,106,2024-12-30 05:02:47.959182
03780,0000,1201,106,2024-12-30 05:02:47.975183
02921,0000,1201,106,2024-12-30 05:02:47.991172
03860,0000,1201,106,2024-12-30 05:02:48.007172
03781,0000,1201,106,2024-12-30 05:02:48.023165
31364,0000,1201,106,2024-12-30 05:02:48.039164
23076,0000,1201,106,2024-12-30 05:02:48.055156
04193,0000,1201,106,2024-12-30 05:02:48.071158
02633,0000,1201,106,2024-12-30 05:02:48.087146
46543,0000,1201,106,2024-12-30 05:02:48.118997
27966,0000,1201,106,2024-12-30 05:02:48.135138
01469,0000,1201,106,2024-12-30 05:02:48.151145
15049,0000,1201,106,2024-12-30 05:02:48.167146
23389,0000,1201,106,2024-12-30 05:02:48.183141
39966,0000,1201,106,2024-12-30 05:02:48.199147
06910,0000,1201,106,2024-12-30 05:02:48.215125
21946,0000,1201,106,2024-12-30 05:02:48.231128
09366,0000,1202,106,2024-12-30 05:02:48.247136
59187,0000,1201,106,2024-12-30 05:02:48.278666
03889,0000,1202,106,2024-12-30 05:02:48.295136
00462,0000,1201,106,2024-12-30 05:02:48.311152
07304,0000,1202,106,2024-12-30 05:02:48.327142
02954,0000,1201,106,2024-12-30 05:02:48.343146
02911,0000,1201,106,2024-12-30 05:02:48.359149
27759,0000,1201,106,2024-12-30 05:02:48.375148
04611,0000,1201,106,2024-12-30 05:02:48.391151
03306,0000,1201,106,2024-12-30 05:02:48.407153
22234,0000,1201,106,2024-12-30 05:02:48.423158
02165,0000,1201,106,2024-12-30 05:02:48.455040
48802,0000,1201,106,2024-12-30 05:02:48.471084
22276,0000,1201,106,2024-12-30 05:02:48.487077
32254,0000,1201,106,2024-12-30 05:02:48.503078
24336,0000,1201,106,2024-12-30 05:02:48.519068
57567,0000,1201,106,2024-12-30 05:02:48.535070
28185,0000,1201,106,2024-12-30 05:02:48.551065
05155,0000,1201,106,2024-12-30 05:02:48.567063
00681,0000,1201,106,2024-12-30 05:02:48.583057
43233,0000,1201,106,2024-12-30 05:02:48.614673
04399,0000,1201,106,2024-12-30 05:02:48.631067
03345,0000,1201,106,2024-12-30 05:02:48.647053
04657,0000,1201,106,2024-12-30 05:02:48.663051
00722,0000,1202,106,2024-12-30 05:02:48.679048
22470,0000,1202,106,2024-12-30 05:02:48.695046
13818,0000,1202,106,2024-12-30 05:02:48.711036
05963,0000,1201,106,2024-12-30 05:02:48.727031
03580,0000,1201,106,2024-12-30 05:02:48.743055
00688,0000,1201,106,2024-12-30 05:02:48.759027
04649,0000,1201,106,2024-12-30 05:02:48.791017
06416,0000,1202,106,2024-12-30 05:02:48.807018
19691,0000,1201,106,2024-12-30 05:02:48.823016
03498,0000,1201,106,2024-12-30 05:02:48.839014
47421,0000,1201,106,2024-12-30 05:02:48.855008
00057,0000,1201,106,2024-12-30 05:02:48.871012
05360,0000,1202,106,2024-12-30 05:02:48.887002
05638,0000,1202,106,2024-12-30 05:02:48.903008
05414,0000,1201,106,2024-12-30 05:02:48.918997
03560,0000,1201,106,2024-12-30 05:02:48.950704
00562,0000,1202,106,2024-12-30 05:02:48.966986
27655,0000,1202,106,2024-12-30 05:02:48.982978
46723,0000,1202,106,2024-12-30 05:02:48.998979
04577,0000,1202,106,2024-12-30 05:02:49.014982
00473,0000,1201,106,2024-12-30 05:02:49.030968
30019,0000,1201,106,2024-12-30 05:02:49.046972
15267,0000,1201,106,2024-12-30 05:02:49.062967
29573,0000,1202,106,2024-12-30 05:02:49.078967
04636,0000,1202,106,2024-12-30 05:02:49.110342
03565,0001,1201,106,2024-12-30 05:02:49.126956
13007,0000,1202,106,2024-12-30 05:02:49.142961
04643,0000,1202,106,2024-12-30 05:02:49.158947
22505,0000,1201,106,2024-12-30 05:02:49.174948
43853,0000,1201,106,2024-12-30 05:02:49.190939
04521,0000,1201,106,2024-12-30 05:02:49.206936
05001,0000,1202,106,2024-12-30 05:02:49.222931
03054,0000,1202,106,2024-12-30 05:02:49.238947
02019,0000,1202,106,2024-12-30 05:02:49.254926
20027,0000,1201,106,2024-12-30 05:02:49.286740
32317,0000,1202,106,2024-12-30 05:02:49.302937
05233,0000,1201,106,2024-12-30 05:02:49.318917
31707,0000,1202,106,2024-12-30 05:02:49.334910
01109,0000,1202,106,2024-12-30 05:02:49.350911
23188,0000,1202,106,2024-12-30 05:02:49.366904
22578,0000,1201,106,2024-12-30 05:02:49.382918
40787,0000,1202,106,2024-12-30 05:02:49.398912
01109,0000,1202,106,2024-12-30 05:02:49.414908
01524,0000,1202,106,2024-12-30 05:02:49.446365
00707,0000,1202,106,2024-12-30 05:02:49.462891
31290,0000,1202,106,2024-12-30 05:02:49.478881
05601,0000,1202,106,2024-12-30 05:02:49.494886
00482,0000,1202,106,2024-12-30 05:02:49.510877
00455,0000,1202,106,2024-12-30 05:02:49.526876
01336,0000,1202,106,2024-12-30 05:02:49.542873
06777,0000,1202,106,2024-12-30 05:02:49.558875
25640,0000,1202,106,2024-12-30 05:02:49.574858
10734,0000,1201,106,2024-12-30 05:02:49.590862
03841,0000,1202,106,2024-12-30 05:02:49.622756
03900,0000,1201,106,2024-12-30 05:02:49.638853
05499,0000,1202,106,2024-12-30 05:02:49.654856
30727,0000,1202,106,2024-12-30 05:02:49.670843
14921,0000,1202,106,2024-12-30 05:02:49.686849
00703,0000,1202,106,2024-12-30 05:02:49.702846
12670,0000,1202,106,2024-12-30 05:02:49.718838
40159,0000,1202,106,2024-12-30 05:02:49.734832
59354,0000,1202,106,2024-12-30 05:02:49.750838
20938,0000,1202,106,2024-12-30 05:02:49.782385
13061,0000,1202,106,2024-12-30 05:02:49.798834
35617,0000,1202,106,2024-12-30 05:02:49.814821
24765,0000,1202,106,2024-12-30 05:02:49.830823
40042,0000,1202,106,2024-12-30 05:02:49.846806
01863,0000,1202,106,2024-12-30 05:02:49.862806
02573,0000,1202,106,2024-12-30 05:02:49.878800
05153,0000,1202,106,2024-12-30 05:02:49.894803
02869,0000,1202,106,2024-12-30 05:02:49.910802
00631,0000,1201,106,2024-12-30 05:02:49.926804
37015,0000,1202,106,2024-12-30 05:02:49.958772
16300,0000,1202,106,2024-12-30 05:02:49.974786
01609,0000,1202,106,2024-12-30 05:02:49.990785
02861,0000,1202,106,2024-12-30 05:02:50.006777
01225,0000,1202,106,2024-12-30 05:02:50.022780
01104,0000,1202,106,2024-12-30 05:02:50.038777
02999,0000,1202,106,2024-12-30 05:02:50.054785
12415,0000,1202,106,2024-12-30 05:02:50.070766
10565,0000,1202,106,2024-12-30 05:02:50.086769
02131,0000,1202,106,2024-12-30 05:02:50.118411
03182,0000,1202,106,2024-12-30 05:02:50.134755
00690,0000,1202,106,2024-12-30 05:02:50.150753
49796,0000,1202,106,2024-12-30 05:02:50.166748
30085,0000,1202,106,2024-12-30 05:02:50.182750
02770,0000,1202,106,2024-12-30 05:02:50.198750
00263,0000,1202,106,2024-12-30 05:02:50.214733
20115,0000,1202,106,2024-12-30 05:02:50.230740
18403,0000,1202,106,2024-12-30 05:02:50.246747
19013,0000,1202,106,2024-12-30 05:02:50.278059
00352,0000,1202,106,2024-12-30 05:02:50.294730
23766,0000,1202,106,2024-12-30 05:02:50.310744
39419,0000,1202,106,2024-12-30 05:02:50.326715
41785,0000,1202,106,2024-12-30 05:02:50.342715
03105,0000,1202,106,2024-12-30 05:02:50.358709
01469,0000,1202,106,2024-12-30 05:02:50.374710
17984,0001,1202,106,2024-12-30 05:02:50.390705
22774,0000,1202,106,2024-12-30 05:02:50.406705
59419,0000,1202,106,2024-12-30 05:02:50.422695
34845,0000,1202,106,2024-12-30 05:02:50.454435
09915,0000,1202,106,2024-12-30 05:02:50.470703
20242,0000,1202,106,2024-12-30 05:02:50.486691
19278,0000,1202,106,2024-12-30 05:02:50.502690
02853,0000,1202,106,2024-12-30 05:02:50.518681
03661,0000,1202,106,2024-12-30 05:02:50.534676
03727,0000,1202,106,2024-12-30 05:02:50.550673
41626,0000,1202,106,2024-12-30 05:02:50.566674
35931,0000,1202,106,2024-12-30 05:02:50.582677
20902,0000,1202,106,2024-12-30 05:02:50.614063
18467,0000,1202,106,2024-12-30 05:02:50.630654
19120,0000,1201,106,2024-12-30 05:02:50.646657
02087,0000,1202,106,2024-12-30 05:02:50.662649
40743,0000,1202,106,2024-12-30 05:02:50.678660
35402,0000,1202,106,2024-12-30 05:02:50.694647
00454,0000,1202,106,2024-12-30 05:02:50.710656
02058,0000,1202,106,2024-12-30 05:02:50.726644
28356,0000,1202,106,2024-12-30 05:02:50.742643
04297,0000,1202,106,2024-12-30 05:02:50.758629
52489,0001,1202,106,2024-12-30 05:02:50.790478
35465,0000,1202,106,2024-12-30 05:02:50.806619
04766,0000,1202,106,2024-12-30 05:02:50.822619
22995,0000,1202,106,2024-12-30 05:02:50.838615
02053,0000,1202,106,2024-12-30 05:02:50.854616
04313,0000,1202,106,2024-12-30 05:02:50.870616
04724,0001,1202,106,2024-12-30 05:02:50.886610
02312,0000,1202,106,2024-12-30 05:02:50.902604
20003,0000,1202,106,2024-12-30 05:02:50.918611
01447,0001,1202,106,2024-12-30 05:02:50.950103
21120,0000,1202,106,2024-12-30 05:02:50.966605
05298,0000,1202,106,2024-12-30 05:02:50.982601
02566,0000,1202,106,2024-12-30 05:02:50.998585
01188,0000,1202,106,2024-12-30 05:02:51.014583
25296,0000,1202,106,2024-12-30 05:02:51.030578
03758,0000,1202,106,2024-12-30 05:02:51.046620
02179,0000,1202,106,2024-12-30 05:02:51.062579
00670,0000,1202,106,2024-12-30 05:02:51.078571
00739,0000,1202,106,2024-12-30 05:02:51.094573
04362,0000,1202,106,2024-12-30 05:02:51.126492
40136,0000,1202,106,2024-12-30 05:02:51.142554
34409,0000,1202,106,2024-12-30 05:02:51.158550
00707,0000,1202,106,2024-12-30 05:02:51.174554
05968,0000,1202,106,2024-12-30 05:02:51.190551
01401,0000,1202,106,2024-12-30 05:02:51.206538
04054,0000,1202,106,2024-12-30 05:02:51.222540
23028,0000,1202,106,2024-12-30 05:02:51.238546
04425,0000,1202,106,2024-12-30 05:02:51.254536
05431,0000,1202,106,2024-12-30 05:02:51.286123
05252,0000,1202,106,2024-12-30 05:02:51.302535
04008,0000,1202,106,2024-12-30 05:02:51.318532
04684,0000,1202,106,2024-12-30 05:02:51.334531
02272,0000,1202,106,2024-12-30 05:02:51.350523
14845,0000,1202,106,2024-12-30 05:02:51.366518
08991,0000,1202,106,2024-12-30 05:02:51.382524
08579,0000,1202,106,2024-12-30 05:02:51.398522
05116,0000,1202,106,2024-12-30 05:02:51.414523
15408,0000,1202,106,2024-12-30 05:02:51.430526
04597,0000,1203,106,2024-12-30 05:02:51.462527
54127,0000,1202,106,2024-12-30 05:02:51.478536
02007,0000,1203,106,2024-12-30 05:02:51.494538
15126,0000,1202,106,2024-12-30 05:02:51.510541
02859,0000,1202,106,2024-12-30 05:02:51.526540
00609,0000,1202,106,2024-12-30 05:02:51.542544
28914,0000,1202,106,2024-12-30 05:02:51.558541
04606,0000,1202,106,2024-12-30 05:02:51.574480
04659,0000,1202,106,2024-12-30 05:02:51.590469
10672,0000,1202,106,2024-12-30 05:02:51.622165
27749,0000,1202,106,2024-12-30 05:02:51.638471
36126,0000,1202,106,2024-12-30 05:02:51.654454
16104,0000,1202,106,2024-12-30 05:02:51.670455
00506,0000,1202,106,2024-12-30 05:02:51.686452
04472,0000,1202,106,2024-12-30 05:02:51.702459
04860,0000,1202,106,2024-12-30 05:02:51.718436
14146,0000,1202,106,2024-12-30 05:02:51.734448
05295,0000,1202,106,2024-12-30 05:02:51.750454
43970,0000,1202,106,2024-12-30 05:02:51.781781
00468,0000,1202,106,2024-12-30 05:02:51.798432
01441,0000,1202,106,2024-12-30 05:02:51.814424
01993,0000,1202,106,2024-12-30 05:02:51.830417
24767,0000,1202,106,2024-12-30 05:02:51.846421
00731,0000,1202,106,2024-12-30 05:02:51.862417
01201,0000,1202,106,2024-12-30 05:02:51.878416
38744,0000,1202,106,2024-12-30 05:02:51.894419
00330,0000,1202,106,2024-12-30 05:02:51.910401
03823,0000,1202,106,2024-12-30 05:02:51.926396
03702,0000,1202,106,2024-12-30 05:02:51.958178
26120,0000,1202,106,2024-12-30 05:02:51.974401
29020,0000,1202,106,2024-12-30 05:02:51.990385
13628,0000,1202,106,2024-12-30 05:02:52.006387
01186,0000,1202,106,2024-12-30 05:02:52.022379
03501,0000,1202,106,2024-12-30 05:02:52.038376
03138,0000,1202,106,2024-12-30 05:02:52.054372
03796,0000,1202,106,2024-12-30 05:02:52.070370
04599,0000,1202,106,2024-12-30 05:02:52.086365
22659,0000,1202,106,2024-12-30 05:02:52.117800
18707,0000,1202,106,2024-12-30 05:02:52.134361
02809,0000,1202,106,2024-12-30 05:02:52.150365
04690,0000,1202,106,2024-12-30 05:02:52.166351
30208,0000,1202,106,2024-12-30 05:02:52.182346
04965,0000,1202,106,2024-12-30 05:02:52.198342
05192,0000,1202,106,2024-12-30 05:02:52.214345
01731,0000,1202,106,2024-12-30 05:02:52.230335
19378,0000,1202,106,2024-12-30 05:02:52.246342
02029,0000,1203,106,2024-12-30 05:02:52.262337
05219,0000,1202,106,2024-12-30 05:02:52.294200
02040,0000,1203,106,2024-12-30 05:02:52.310337
19767,0000,1203,106,2024-12-30 05:02:52.326317
38562,0000,1202,106,2024-12-30 05:02:52.342321
31484,0000,1203,106,2024-12-30 05:02:52.358316
49616,0000,1203,106,2024-12-30 05:02:52.374320
01947,0000,1202,106,2024-12-30 05:02:52.390305
10949,0000,1203,106,2024-12-30 05:02:52.406315
02151,0000,1202,106,2024-12-30 05:02:52.422300
24415,0001,1203,106,2024-12-30 05:02:52.453842
40846,0000,1202,106,2024-12-30 05:02:52.470298
12291,0000,1203,106,2024-12-30 05:02:52.486291
03318,0000,1202,106,2024-12-30 05:02:52.502298
00691,0000,1203,106,2024-12-30 05:02:52.518296
00622,0000,1203,106,2024-12-30 05:02:52.534293
03069,0000,1202,106,2024-12-30 05:02:52.550291
00638,0000,1203,106,2024-12-30 05:02:52.566273
21683,0000,1203,106,2024-12-30 05:02:52.582276
01809,0000,1202,106,2024-12-30 05:02:52.598275
28257,0000,1203,106,2024-12-30 05:02:52.630241
03744,0000,1203,106,2024-12-30 05:02:52.646268
05309,0001,1202,106,2024-12-30 05:02:52.662259
03723,0000,1202,106,2024-12-30 05:02:52.678249
02884,0000,1203,106,2024-12-30 05:02:52.694251
00351,0000,1203,106,2024-12-30 05:02:52.710250
44050,0000,1203,106,2024-12-30 05:02:52.726247
01509,0000,1203,106,2024-12-30 05:02:52.742249
06162,0000,1202,106,2024-12-30 05:02:52.758236
23924,0000,1202,106,2024-12-30 05:02:52.789893
04664,0000,1203,106,2024-12-30 05:02:52.806223
02883,0000,1203,106,2024-12-30 05:02:52.822234
00424,0000,1202,106,2024-12-30 05:02:52.838225
17679,0000,1203,106,2024-12-30 05:02:52.854223
02244,0000,1202,106,2024-12-30 05:02:52.870212
32246,0000,1202,106,2024-12-30 05:02:52.886213
23002,0000,1203,106,2024-12-30 05:02:52.902216
02240,0000,1203,106,2024-12-30 05:02:52.918208
15238,0000,1203,106,2024-12-30 05:02:52.934214
02856,0000,1203,106,2024-12-30 05:02:52.966200
06082,0000,1203,106,2024-12-30 05:02:52.982196
01533,0000,1203,106,2024-12-30 05:02:52.998202
35455,0000,1203,106,2024-12-30 05:02:53.014190
03038,0000,1202,106,2024-12-30 05:02:53.030185
03794,0000,1203,106,2024-12-30 05:02:53.046183
44714,0000,1203,106,2024-12-30 05:02:53.062185
03587,0000,1203,106,2024-12-30 05:02:53.078166
02212,0000,1203,106,2024-12-30 05:02:53.094178
01235,0000,1203,106,2024-12-30 05:02:53.125890
04097,0000,1203,106,2024-12-30 05:02:53.142159
03828,0000,1202,106,2024-12-30 05:02:53.158163
03907,0000,1203,106,2024-12-30 05:02:53.174151
14923,0000,1203,106,2024-12-30 05:02:53.190156
02131,0000,1202,106,2024-12-30 05:02:53.206151
00601,0000,1203,106,2024-12-30 05:02:53.222159
23441,0000,1203,106,2024-12-30 05:02:53.238150
39811,0001,1203,106,2024-12-30 05:02:53.254134
49707,0000,1203,106,2024-12-30 05:02:53.285539
02784,0000,1203,106,2024-12-30 05:02:53.302149
05090,0000,1203,106,2024-12-30 05:02:53.318139
03009,0000,1203,106,2024-12-30 05:02:53.334146
02347,0000,1203,106,2024-12-30 05:02:53.350121
34804,0000,1203,106,2024-12-30 05:02:53.366121
00207,0000,1203,106,2024-12-30 05:02:53.382117
01223,0000,1203,106,2024-12-30 05:02:53.398123
07722,0000,1203,106,2024-12-30 05:02:53.414110
04599,0000,1203,106,2024-12-30 05:02:53.430117
03820,0000,1203,106,2024-12-30 05:02:53.461918
04387,0000,1203,106,2024-12-30 05:02:53.478100
60149,0000,1203,106,2024-12-30 05:02:53.494091
37782,0000,1203,106,2024-12-30 05:02:53.510090
02918,0000,1202,106,2024-12-30 05:02:53.526080
10740,0000,1202,106,2024-12-30 05:02:53.542092
23866,0000,1203,106,2024-12-30 05:02:53.558076
04238,0000,1203,106,2024-12-30 05:02:53.574077
04840,0000,1203,106,2024-12-30 05:02:53.590078
03751,0000,1203,106,2024-12-30 05:02:53.621543
08425,0001,1203,106,2024-12-30 05:02:53.638075
22968,0000,1203,106,2024-12-30 05:02:53.654064
05311,0000,1203,106,2024-12-30 05:02:53.670069
03773,0000,1203,106,2024-12-30 05:02:53.686067
47455,0000,1203,106,2024-12-30 05:02:53.702058
02099,0000,1203,106,2024-12-30 05:02:53.718067
05101,0000,1203,106,2024-12-30 05:02:53.734049
04283,0000,1203,106,2024-12-30 05:02:53.750051
02209,0000,1203,106,2024-12-30 05:02:53.766036
02836,0000,1203,106,2024-12-30 05:02:53.797941
13264,0000,1203,106,2024-12-30 05:02:53.814039
01277,0001,1203,106,2024-12-30 05:02:53.830032
36666,0000,1203,106,2024-12-30 05:02:53.846032
22678,0000,1203,106,2024-12-30 05:02:53.862039
04437,0000,1203,106,2024-12-30 05:02:53.878024
01193,0000,1203,106,2024-12-30 05:02:53.894017
17397,0000,1203,106,2024-12-30 05:02:53.910011
28067,0000,1203,106,2024-12-30 05:02:53.926008
04618,0000,1203,106,2024-12-30 05:02:53.957583
06951,0000,1203,106,2024-12-30 05:02:53.974006
15371,0000,1203,106,2024-12-30 05:02:53.989996
02264,0000,1203,106,2024-12-30 05:02:54.006002
14185,0000,1203,106,2024-12-30 05:02:54.021994
37809,0000,1203,106,2024-12-30 05:02:54.037997
01997,0000,1203,106,2024-12-30 05:02:54.053987
03085,0000,1203,106,2024-12-30 05:02:54.069991
51327,0000,1203,106,2024-12-30 05:02:54.085977
15402,0000,1203,106,2024-12-30 05:02:54.101981
27006,0000,1203,106,2024-12-30 05:02:54.133970
00016,0000,1203,106,2024-12-30 05:02:54.149973
00623,0000,1203,106,2024-12-30 05:02:54.165972
49991,0000,1203,106,2024-12-30 05:02:54.181983
50904,0000,1202,106,2024-12-30 05:02:54.197970
04512,0000,1203,106,2024-12-30 05:02:54.213967
02072,0000,1203,106,2024-12-30 05:02:54.229958
11416,0000,1202,106,2024-12-30 05:02:54.245971
04015,0000,1203,106,2024-12-30 05:02:54.261946
06421,0000,1203,106,2024-12-30 05:02:54.293607
39851,0001,1203,106,2024-12-30 05:02:54.309948
24651,0000,1203,106,2024-12-30 05:02:54.325935
36973,0000,1203,106,2024-12-30 05:02:54.341938
01311,0000,1203,106,2024-12-30 05:02:54.357920
03835,0000,1203,106,2024-12-30 05:02:54.373929
01497,0000,1203,106,2024-12-30 05:02:54.389919
19404,0000,1203,106,2024-12-30 05:02:54.405916
03365,0000,1203,106,2024-12-30 05:02:54.421916
02828,0000,1203,106,2024-12-30 05:02:54.453244
06475,0000,1203,106,2024-12-30 05:02:54.469903
36785,0000,1203,106,2024-12-30 05:02:54.485905
03431,0000,1203,106,2024-12-30 05:02:54.501906
02175,0000,1203,106,2024-12-30 05:02:54.517908
03059,0000,1203,106,2024-12-30 05:02:54.533901
05976,0000,1203,106,2024-12-30 05:02:54.549912
04007,0000,1203,106,2024-12-30 05:02:54.565912
54954,0000,1203,106,2024-12-30 05:02:54.581913
10574,0000,1203,106,2024-12-30 05:02:54.597915
03808,0000,1203,106,2024-12-30 05:02:54.629658
22128,0000,1203,106,2024-12-30 05:02:54.645921
01472,0000,1203,106,2024-12-30 05:02:54.661920
03848,0000,1203,106,2024-12-30 05:02:54.677922
19612,0000,1203,106,2024-12-30 05:02:54.693924
55015,0000,1203,106,2024-12-30 05:02:54.709860
40936,0000,1203,106,2024-12-30 05:02:54.725847
17865,0000,1203,106,2024-12-30 05:02:54.741851
04244,0000,1204,106,2024-12-30 05:02:54.757850
02961,0000,1203,106,2024-12-30 05:02:54.789286
05357,0000,1203,106,2024-12-30 05:02:54.805843
03499,0000,1203,106,2024-12-30 05:02:54.821833
24134,0000,1203,106,2024-12-30 05:02:54.837834
19483,0000,1203,106,2024-12-30 05:02:54.853828
05646,0000,1203,106,2024-12-30 05:02:54.869830
00834,0000,1203,106,2024-12-30 05:02:54.885832
02259,0000,1203,106,2024-12-30 05:02:54.901815
17119,0000,1203,106,2024-12-30 05:02:54.917817
04270,0001,1203,106,2024-12-30 05:02:54.933817
33083,0000,1203,106,2024-12-30 05:02:54.965667
52495,0000,1203,106,2024-12-30 05:02:54.981804
33168,0000,1203,106,2024-12-30 05:02:54.997795
05111,0000,1203,106,2024-12-30 05:02:55.013804
04842,0001,1203,106,2024-12-30 05:02:55.029787
06135,0000,1203,106,2024-12-30 05:02:55.045788
01322,0000,1203,106,2024-12-30 05:02:55.061791
30451,0000,1203,106,2024-12-30 05:02:55.077786
27849,0000,1203,106,2024-12-30 05:02:55.093775
03010,0001,1203,106,2024-12-30 05:02:55.125299
21758,0000,1203,106,2024-12-30 05:02:55.141778
27939,0000,1203,106,2024-12-30 05:02:55.157765
05707,0000,1203,106,2024-12-30 05:02:55.173770
02909,0000,1203,106,2024-12-30 05:02:55.189761
46523,0001,1203,106,2024-12-30 05:02:55.205767
54209,0000,1203,106,2024-12-30 05:02:55.221758
16305,0000,1203,106,2024-12-30 05:02:55.237768
00920,0000,1203,106,2024-12-30 05:02:55.253751
01381,0000,1203,106,2024-12-30 05:02:55.269747
06750,0000,1203,106,2024-12-30 05:02:55.301679
23532,0001,1203,106,2024-12-30 05:02:55.317737
04000,0000,1203,106,2024-12-30 05:02:55.333733
04626,0000,1203,106,2024-12-30 05:02:55.349732
24068,0000,1203,106,2024-12-30 05:02:55.365721
02346,0000,1203,106,2024-12-30 05:02:55.381723
49062,0000,1203,106,2024-12-30 05:02:55.397721
01142,0000,1203,106,2024-12-30 05:02:55.413725
23271,0000,1203,106,2024-12-30 05:02:55.429721
04106,0000,1204,106,2024-12-30 05:02:55.461322
03520,0000,1203,106,2024-12-30 05:02:55.477714
02168,0000,1203,106,2024-12-30 05:02:55.493705
20668,0000,1203,106,2024-12-30 05:02:55.509709
01287,0000,1204,106,2024-12-30 05:02:55.525701
28278,0000,1203,106,2024-12-30 05:02:55.541692
37078,0000,1203,106,2024-12-30 05:02:55.557698
02522,0000,1203,106,2024-12-30 05:02:55.573691
22419,0000,1203,106,2024-12-30 05:02:55.589689
01978,0000,1203,106,2024-12-30 05:02:55.605682
05217,0000,1203,106,2024-12-30 05:02:55.637671
07597,0000,1203,106,2024-12-30 05:02:55.653677
34101,0000,1203,106,2024-12-30 05:02:55.669678
03577,0000,1204,106,2024-12-30 05:02:55.685677
04724,0000,1203,106,2024-12-30 05:02:55.701663
54757,0000,1203,106,2024-12-30 05:02:55.717666
02484,0000,1203,106,2024-12-30 05:02:55.733662
04230,0000,1204,106,2024-12-30 05:02:55.749659
00718,0000,1203,106,2024-12-30 05:02:55.765653
37868,0000,1203,106,2024-12-30 05:02:55.797346
53083,0000,1204,106,2024-12-30 05:02:55.813651
02287,0000,1203,106,2024-12-30 05:02:55.829641
02762,0000,1203,106,2024-12-30 05:02:55.845643
29069,0000,1204,106,2024-12-30 05:02:55.861635
03936,0000,1203,106,2024-12-30 05:02:55.877631
18304,0000,1204,106,2024-12-30 05:02:55.893630
00712,0000,1203,106,2024-12-30 05:02:55.909617
11484,0001,1203,106,2024-12-30 05:02:55.925625
15891,0000,1204,106,2024-12-30 05:02:55.956985
06524,0000,1203,106,2024-12-30 05:02:55.973608
03700,0000,1204,106,2024-12-30 05:02:55.989609
10733,0000,1204,106,2024-12-30 05:02:56.005600
01745,0000,1204,106,2024-12-30 05:02:56.021602
02063,0001,1203,106,2024-12-30 05:02:56.037599
41586,0000,1203,106,2024-12-30 05:02:56.053602
02306,0000,1203,106,2024-12-30 05:02:56.069598
03526,0000,1203,106,2024-12-30 05:02:56.085605
33675,0000,1203,106,2024-12-30 05:02:56.101590
37199,0000,1204,106,2024-12-30 05:02:56.133370
05712,0000,1204,106,2024-12-30 05:02:56.149576
01252,0000,1203,106,2024-12-30 05:02:56.165592
52371,0000,1204,106,2024-12-30 05:02:56.181572
04642,0000,1204,106,2024-12-30 05:02:56.197573
39428,0000,1203,106,2024-12-30 05:02:56.213558
27131,0000,1203,106,2024-12-30 05:02:56.229563
30843,0000,1204,106,2024-12-30 05:02:56.245568
21964,0000,1204,106,2024-12-30 05:02:56.261556
08610,0000,1204,106,2024-12-30 05:02:56.293011
27911,0000,1204,106,2024-12-30 05:02:56.309555
42372,0000,1203,106,2024-12-30 05:02:56.325540
05637,0000,1204,106,2024-12-30 05:02:56.341536
00509,0000,1203,106,2024-12-30 05:02:56.357540
22060,0000,1204,106,2024-12-30 05:02:56.373531
03479,0000,1204,106,2024-12-30 05:02:56.389532
11727,0000,1204,106,2024-12-30 05:02:56.405522
40161,0000,1204,106,2024-12-30 05:02:56.421529
02766,0000,1203,106,2024-12-30 05:02:56.437518
01076,0000,1204,106,2024-12-30 05:02:56.469398
04357,0000,1204,106,2024-12-30 05:02:56.485514
01043,0000,1203,106,2024-12-30 05:02:56.501513
35676,0000,1203,106,2024-12-30 05:02:56.517504
56562,0000,1203,106,2024-12-30 05:02:56.533502
04606,0000,1204,106,2024-12-30 05:02:56.549504
02281,0000,1204,106,2024-12-30 05:02:56.565503
45603,0000,1204,106,2024-12-30 05:02:56.581499
02718,0000,1204,106,2024-12-30 05:02:56.597496
29274,0000,1203,106,2024-12-30 05:02:56.629044
06573,0000,1203,106,2024-12-30 05:02:56.645480
23849,0000,1204,106,2024-12-30 05:02:56.661485
07434,0000,1204,106,2024-12-30 05:02:56.677475
23117,0000,1204,106,2024-12-30 05:02:56.693474
03423,0000,1204,106,2024-12-30 05:02:56.709463
58140,0000,1204,106,2024-12-30 05:02:56.725465
02262,0000,1204,106,2024-12-30 05:02:56.741463
29897,0000,1204,106,2024-12-30 05:02:56.757453
29811,0000,1204,106,2024-12-30 05:02:56.773457
01332,0000,1204,106,2024-12-30 05:02:56.805429
05911,0000,1204,106,2024-12-30 05:02:56.821446
01440,0001,1204,106,2024-12-30 05:02:56.837445
02646,0000,1204,106,2024-12-30 05:02:56.853448
04369,0000,1204,106,2024-12-30 05:02:56.869433
06083,0000,1204,106,2024-12-30 05:02:56.885436
01672,0000,1204,106,2024-12-30 05:02:56.901425
04487,0000,1204,106,2024-12-30 05:02:56.917428
05199,0000,1204,106,2024-12-30 05:02:56.933421
11512,0001,1204,106,2024-12-30 05:02:56.965098
10027,0000,1204,106,2024-12-30 05:02:56.981419
44983,0000,1204,106,2024-12-30 05:02:56.997425
23844,0000,1204,106,2024-12-30 05:02:57.013409
00455,0000,1204,106,2024-12-30 05:02:57.029403
00269,0000,1203,106,2024-12-30 05:02:57.045403
01181,0000,1204,106,2024-12-30 05:02:57.061399
04568,0000,1204,106,2024-12-30 05:02:57.077399
01234,0000,1204,106,2024-12-30 05:02:57.093392
25632,0000,1204,106,2024-12-30 05:02:57.124722
03838,0000,1204,106,2024-12-30 05:02:57.141386
14968,0000,1204,106,2024-12-30 05:02:57.157378
23697,0000,1204,106,2024-12-30 05:02:57.173383
21044,0000,1204,106,2024-12-30 05:02:57.189374
01485,0000,1204,106,2024-12-30 05:02:57.205380
03201,0000,1204,106,2024-12-30 05:02:57.221374
03245,0000,1204,106,2024-12-30 05:02:57.237378
04446,0000,1204,106,2024-12-30 05:02:57.253374
03369,0000,1204,106,2024-12-30 05:02:57.269353
00462,0000,1204,106,2024-12-30 05:02:57.301095
02016,0000,1204,106,2024-12-30 05:02:57.317358
05229,0000,1204,106,2024-12-30 05:02:57.333345
01797,0000,1204,106,2024-12-30 05:02:57.349350
35706,0000,1204,106,2024-12-30 05:02:57.365342
02189,0000,1204,106,2024-12-30 05:02:57.381344
05036,0000,1204,106,2024-12-30 05:02:57.397334
04655,0000,1204,106,2024-12-30 05:02:57.413332
40259,0000,1204,106,2024-12-30 05:02:57.429322
03840,0000,1204,106,2024-12-30 05:02:57.460725
05923,0000,1204,106,2024-12-30 05:02:57.477323
04564,0000,1204,106,2024-12-30 05:02:57.493313
02332,0000,1204,106,2024-12-30 05:02:57.509319
29113,0000,1204,106,2024-12-30 05:02:57.525308
44720,0000,1204,106,2024-12-30 05:02:57.541303
33756,0000,1204,106,2024-12-30 05:02:57.557299
02255,0000,1204,106,2024-12-30 05:02:57.573312
28353,0000,1204,106,2024-12-30 05:02:57.589296
00512,0000,1204,106,2024-12-30 05:02:57.605283
02097,0000,1204,106,2024-12-30 05:02:57.637135
00651,0000,1204,106,2024-12-30 05:02:57.653300
31358,0000,1204,106,2024-12-30 05:02:57.669299
33999,0000,1204,106,2024-12-30 05:02:57.685305
01449,0000,1204,106,2024-12-30 05:02:57.701302
02301,0000,1204,106,2024-12-30 05:02:57.717303
03487,0000,1204,106,2024-12-30 05:02:57.733304
39408,0000,1203,106,2024-12-30 05:02:57.749304
01493,0000,1204,106,2024-12-30 05:02:57.765304
05180,0000,1204,106,2024-12-30 05:02:57.796805
42447,0000,1204,106,2024-12-30 05:02:57.813316
05084,0000,1204,106,2024-12-30 05:02:57.829320
31371,0000,1204,106,2024-12-30 05:02:57.845249
13144,0001,1204,106,2024-12-30 05:02:57.861250
03002,0000,1204,106,2024-12-30 05:02:57.877308
39218,0000,1204,106,2024-12-30 05:02:57.893258
05145,0000,1204,106,2024-12-30 05:02:57.909233
25421,0000,1204,106,2024-12-30 05:02:57.925234
39936,0000,1204,106,2024-12-30 05:02:57.941227
17367,0000,1204,106,2024-12-30 05:02:57.973150
04709,0000,1204,106,2024-12-30 05:02:57.989215
39941,0000,1204,106,2024-12-30 05:02:58.005212
02274,0000,1204,106,2024-12-30 05:02:58.021212
15242,0000,1204,106,2024-12-30 05:02:58.037204
02346,0000,1204,106,2024-12-30 05:02:58.053201
14573,0000,1204,106,2024-12-30 05:02:58.069200
01458,0000,1204,106,2024-12-30 05:02:58.085192
18834,0000,1204,106,2024-12-30 05:02:58.101195
12547,0000,1204,106,2024-12-30 05:02:58.132780
16070,0000,1204,106,2024-12-30 05:02:58.149189
28883,0000,1204,106,2024-12-30 05:02:58.165181
54975,0000,1204,106,2024-12-30 05:02:58.181185
43248,0000,1204,106,2024-12-30 05:02:58.197172
02865,0000,1204,106,2024-12-30 05:02:58.213170
20125,0000,1204,106,2024-12-30 05:02:58.229171
03686,0000,1204,106,2024-12-30 05:02:58.245187
17018,0000,1204,106,2024-12-30 05:02:58.261163
01179,0000,1204,106,2024-12-30 05:02:58.277166
14083,0000,1204,106,2024-12-30 05:02:58.309172
03666,0000,1204,106,2024-12-30 05:02:58.325156
15218,0000,1204,106,2024-12-30 05:02:58.341145
02645,0000,1204,106,2024-12-30 05:02:58.357142
02288,0000,1204,106,2024-12-30 05:02:58.373153
05218,0000,1204,106,2024-12-30 05:02:58.389142
05070,0000,1204,106,2024-12-30 05:02:58.405140
24536,0001,1204,106,2024-12-30 05:02:58.421149
26497,0000,1204,106,2024-12-30 05:02:58.437127
04971,0000,1204,106,2024-12-30 05:02:58.468805
20569,0000,1204,106,2024-12-30 05:02:58.485134
03700,0000,1204,106,2024-12-30 05:02:58.501122
05308,0000,1204,106,2024-12-30 05:02:58.517112
05166,0001,1204,106,2024-12-30 05:02:58.533118
25496,0000,1204,106,2024-12-30 05:02:58.549309
17573,0000,1204,106,2024-12-30 05:02:58.565124
00343,0000,1204,106,2024-12-30 05:02:58.581107
36031,0000,1204,106,2024-12-30 05:02:58.597109
28598,0000,1204,106,2024-12-30 05:02:58.628468
03363,0000,1204,106,2024-12-30 05:02:58.645089
13154,0000,1204,106,2024-12-30 05:02:58.661094
23324,0000,1204,106,2024-12-30 05:02:58.677087
05164,0000,1204,106,2024-12-30 05:02:58.693089
02205,0001,1204,106,2024-12-30 05:02:58.709075
20640,0000,1204,106,2024-12-30 05:02:58.725077
06153,0000,1204,106,2024-12-30 05:02:58.741085
36893,0000,1204,106,2024-12-30 05:02:58.757078
06953,0000,1204,106,2024-12-30 05:02:58.773068
23717,0000,1204,106,2024-12-30 05:02:58.804855
14549,0000,1204,106,2024-12-30 05:02:58.821054
01282,0000,1204,106,2024-12-30 05:02:58.837057
03672,0000,1204,106,2024-12-30 05:02:58.853045
04905,0000,1204,106,2024-12-30 05:02:58.869047
02204,0000,1204,106,2024-12-30 05:02:58.885036
01510,0000,1204,106,2024-12-30 05:02:58.901036
01460,0000,1204,106,2024-12-30 05:02:58.917044
00533,0000,1204,106,2024-12-30 05:02:58.933040
06166,0000,1204,106,2024-12-30 05:02:58.964475
01449,0000,1204,106,2024-12-30 05:02:58.981019
04057,0001,1204,106,2024-12-30 05:02:58.997023
03563,0000,1204,106,2024-12-30 05:02:59.013014
16017,0000,1204,106,2024-12-30 05:02:59.029006
43950,0000,1205,106,2024-12-30 05:02:59.045010
13209,0000,1204,106,2024-12-30 05:02:59.061004
04220,0000,1204,106,2024-12-30 05:02:59.077002
00461,0000,1204,106,2024-12-30 05:02:59.092996
01390,0000,1204,106,2024-12-30 05:02:59.108998
02149,0000,1204,106,2024-12-30 05:02:59.140865
37162,0000,1204,106,2024-12-30 05:02:59.156980
09838,0000,1204,106,2024-12-30 05:02:59.172983
02674,0000,1204,106,2024-12-30 05:02:59.188993
21651,0000,1204,106,2024-12-30 05:02:59.204985
40663,0000,1204,106,2024-12-30 05:02:59.220973
07615,0000,1204,106,2024-12-30 05:02:59.236982
04431,0000,1204,106,2024-12-30 05:02:59.252969
04465,0000,1204,106,2024-12-30 05:02:59.268958
07775,0000,1205,106,2024-12-30 05:02:59.300497
17880,0000,1204,106,2024-12-30 05:02:59.316967
58279,0000,1204,106,2024-12-30 05:02:59.332952
63498,0000,1204,106,2024-12-30 05:02:59.348954
47428,0000,1204,106,2024-12-30 05:02:59.364943
54970,0000,1204,106,2024-12-30 05:02:59.380948
00278,0000,1204,106,2024-12-30 05:02:59.396938
15412,0000,1204,106,2024-12-30 05:02:59.412937
00868,0000,1205,106,2024-12-30 05:02:59.428937
00139,0000,1204,106,2024-12-30 05:02:59.444936
27199,0000,1205,106,2024-12-30 05:02:59.476908
02762,0001,1204,106,2024-12-30 05:02:59.492923
02817,0000,1204,106,2024-12-30 05:02:59.508924
00526,0000,1204,106,2024-12-30 05:02:59.524912
20712,0000,1204,106,2024-12-30 05:02:59.540923
11633,0000,1205,106,2024-12-30 05:02:59.556913
19432,0000,1204,106,2024-12-30 05:02:59.572910
25303,0000,1205,106,2024-12-30 05:02:59.588913
01349,0000,1204,106,2024-12-30 05:02:59.604894
02397,0000,1204,106,2024-12-30 05:02:59.636542
01931,0000,1204,106,2024-12-30 05:02:59.652894
05184,0000,1204,106,2024-12-30 05:02:59.668881
34598,0001,1205,106,2024-12-30 05:02:59.684888
06170,0000,1204,106,2024-12-30 05:02:59.700884
48992,0000,1204,106,2024-12-30 05:02:59.716873
00485,0000,1204,106,2024-12-30 05:02:59.732878
00458,0000,1204,106,2024-12-30 05:02:59.748872
21536,0000,1205,106,2024-12-30 05:02:59.764872
18956,0000,1205,106,2024-12-30 05:02:59.780866
23433,0000,1205,106,2024-12-30 05:02:59.812854
15113,0001,1204,106,2024-12-30 05:02:59.828855
31509,0000,1205,106,2024-12-30 05:02:59.844857
01374,0000,1205,106,2024-12-30 05:02:59.860852
22397,0000,1205,106,2024-12-30 05:02:59.876845
01873,0000,1205,106,2024-12-30 05:02:59.892846
00341,0000,1205,106,2024-12-30 05:02:59.908835
01954,0000,1205,106,2024-12-30 05:02:59.924835
33253,0000,1205,106,2024-12-30 05:02:59.940832
01150,0000,1204,106,2024-12-30 05:02:59.972571
20710,0001,1205,106,2024-12-30 05:02:59.988819
39114,0000,1204,106,2024-12-30 05:03:00.004820
02550,0000,1204,106,2024-12-30 05:03:00.020814
21973,0000,1204,106,2024-12-30 05:03:00.036813
08296,0000,1205,106,2024-12-30 05:03:00.052807
30303,0000,1205,106,2024-12-30 05:03:00.068810
44770,0000,1205,106,2024-12-30 05:03:00.084810
57406,0000,1205,106,2024-12-30 05:03:00.100807
27454,0000,1205,106,2024-12-30 05:03:00.132203
41738,0000,1204,106,2024-12-30 05:03:00.148793
18435,0000,1205,106,2024-12-30 05:03:00.164790
02465,0000,1205,106,2024-12-30 05:03:00.180798
22539,0000,1205,106,2024-12-30 05:03:00.196793
32885,0000,1204,106,2024-12-30 05:03:00.212797
10770,0000,1205,106,2024-12-30 05:03:00.228776
04978,0000,1204,106,2024-12-30 05:03:00.244874
61849,0000,1205,106,2024-12-30 05:03:00.260778
01193,0000,1205,106,2024-12-30 05:03:00.276770
02427,0000,1205,106,2024-12-30 05:03:00.308595
04446,0000,1205,106,2024-12-30 05:03:00.324761
48985,0000,1204,106,2024-12-30 05:03:00.340763
00353,0000,1205,106,2024-12-30 05:03:00.356768
33110,0000,1205,106,2024-12-30 05:03:00.372765
51648,0000,1205,106,2024-12-30 05:03:00.388754
04585,0000,1205,106,2024-12-30 05:03:00.404747
19545,0000,1205,106,2024-12-30 05:03:00.420737
00747,0000,1204,106,2024-12-30 05:03:00.436740
37614,0000,1205,106,2024-12-30 05:03:00.468225
04437,0000,1205,106,2024-12-30 05:03:00.484736
05403,0000,1205,106,2024-12-30 05:03:00.500735
05328,0000,1205,106,2024-12-30 05:03:00.516716
04599,0000,1205,106,2024-12-30 05:03:00.532720
31502,0000,1205,106,2024-12-30 05:03:00.548714
56683,0000,1205,106,2024-12-30 05:03:00.564712
23659,0000,1205,106,2024-12-30 05:03:00.580705
03687,0000,1205,106,2024-12-30 05:03:00.596709
25305,0000,1205,106,2024-12-30 05:03:00.612700
60946,0000,1204,106,2024-12-30 05:03:00.644610
03626,0000,1205,106,2024-12-30 05:03:00.660693
51610,0000,1205,106,2024-12-30 05:03:00.676688
00716,0000,1204,106,2024-12-30 05:03:00.692679
17129,0000,1205,106,2024-12-30 05:03:00.708684
03559,0000,1205,106,2024-12-30 05:03:00.724676
23532,0000,1205,106,2024-12-30 05:03:00.740684
07442,0000,1204,106,2024-12-30 05:03:00.756688
02057,0000,1205,106,2024-12-30 05:03:00.772683
01512,0001,1205,106,2024-12-30 05:03:00.804263
04914,0000,1205,106,2024-12-30 05:03:00.820686
01461,0000,1205,106,2024-12-30 05:03:00.836688
40298,0000,1205,106,2024-12-30 05:03:00.852696
12266,0000,1205,106,2024-12-30 05:03:00.868695
02003,0000,1205,106,2024-12-30 05:03:00.884697
02300,0000,1205,106,2024-12-30 05:03:00.900698
26586,0000,1205,106,2024-12-30 05:03:00.916694
23929,0000,1205,106,2024-12-30 05:03:00.932699
01336,0000,1205,106,2024-12-30 05:03:00.948631
04269,0000,1205,106,2024-12-30 05:03:00.980633
37049,0001,1205,106,2024-12-30 05:03:00.996628
29156,0000,1204,106,2024-12-30 05:03:01.012627
34703,0000,1205,106,2024-12-30 05:03:01.028618
10622,0000,1205,106,2024-12-30 05:03:01.044609
00719,0000,1205,106,2024-12-30 05:03:01.060611
28142,0000,1205,106,2024-12-30 05:03:01.076606
29105,0000,1205,106,2024-12-30 05:03:01.092608
32393,0000,1205,106,2024-12-30 05:03:01.108603
04315,0000,1205,106,2024-12-30 05:03:01.140252
01464,0000,1205,106,2024-12-30 05:03:01.156596
09971,0000,1205,106,2024-12-30 05:03:01.172592
05336,0000,1205,106,2024-12-30 05:03:01.188593
21707,0000,1205,106,2024-12-30 05:03:01.204584
03918,0000,1205,106,2024-12-30 05:03:01.220579
40771,0000,1205,106,2024-12-30 05:03:01.236581
22663,0000,1205,106,2024-12-30 05:03:01.252582
12780,0000,1205,106,2024-12-30 05:03:01.268576
20733,0000,1205,106,2024-12-30 05:03:01.299923
15032,0000,1205,106,2024-12-30 05:03:01.316572
11242,0000,1205,106,2024-12-30 05:03:01.332564
26899,0000,1205,106,2024-12-30 05:03:01.348559
19993,0000,1205,106,2024-12-30 05:03:01.364553
01683,0000,1205,106,2024-12-30 05:03:01.380546
23695,0000,1205,106,2024-12-30 05:03:01.396550
00431,0000,1205,106,2024-12-30 05:03:01.412544
05188,0000,1205,106,2024-12-30 05:03:01.428536
25998,0000,1205,106,2024-12-30 05:03:01.444537
34616,0000,1205,106,2024-12-30 05:03:01.476292
03038,0000,1205,106,2024-12-30 05:03:01.492525
04664,0000,1205,106,2024-12-30 05:03:01.508525
29387,0000,1205,106,2024-12-30 05:03:01.524534
21230,0000,1205,106,2024-12-30 05:03:01.540535
29205,0000,1205,106,2024-12-30 05:03:01.556520
02136,0000,1205,106,2024-12-30 05:03:01.572513
02329,0000,1205,106,2024-12-30 05:03:01.588508
01462,0001,1205,106,2024-12-30 05:03:01.604508
00998,0000,1205,106,2024-12-30 05:03:01.635916
01890,0000,1205,106,2024-12-30 05:03:01.652509
00642,0000,1205,106,2024-12-30 05:03:01.668493
07714,0000,1205,106,2024-12-30 05:03:01.684495
18222,0000,1204,106,2024-12-30 05:03:01.700480
12454,0000,1205,106,2024-12-30 05:03:01.716483
17022,0000,1205,106,2024-12-30 05:03:01.732482
03861,0000,1205,106,2024-12-30 05:03:01.748489
03792,0000,1205,106,2024-12-30 05:03:01.764474
02963,0000,1205,106,2024-12-30 05:03:01.780471
11850,0000,1205,106,2024-12-30 05:03:01.812324
45550,0000,1205,106,2024-12-30 05:03:01.828461
00740,0000,1205,106,2024-12-30 05:03:01.844460
14181,0000,1205,106,2024-12-30 05:03:01.860455
01395,0000,1205,106,2024-12-30 05:03:01.876457
45853,0000,1205,106,2024-12-30 05:03:01.892443
17774,0000,1205,106,2024-12-30 05:03:01.908449
28265,0000,1205,106,2024-12-30 05:03:01.924448
03601,0000,1205,106,2024-12-30 05:03:01.940440
02183,0000,1205,106,2024-12-30 05:03:01.971960
00962,0000,1205,106,2024-12-30 05:03:01.988441
27846,0000,1205,106,2024-12-30 05:03:02.004421
02450,0000,1205,106,2024-12-30 05:03:02.020431
13762,0000,1205,106,2024-12-30 05:03:02.036422
02564,0000,1205,106,2024-12-30 05:03:02.052432
21898,0000,1205,106,2024-12-30 05:03:02.068413
04580,0001,1205,106,2024-12-30 05:03:02.084413
01220,0000,1205,106,2024-12-30 05:03:02.100402
04491,0000,1205,106,2024-12-30 05:03:02.116409
05249,0000,1205,106,2024-12-30 05:03:02.148336
30101,0000,1205,106,2024-12-30 05:03:02.164395
25459,0000,1205,106,2024-12-30 05:03:02.180385
14714,0000,1205,106,2024-12-30 05:03:02.196390
13054,0000,1205,106,2024-12-30 05:03:02.212380
02068,0000,1205,106,2024-12-30 05:03:02.228383
02346,0001,1205,106,2024-12-30 05:03:02.244394
18127,0000,1205,106,2024-12-30 05:03:02.260379
06821,0000,1205,106,2024-12-30 05:03:02.276373
04601,0000,1205,106,2024-12-30 05:03:02.307987
07768,0000,1205,106,2024-12-30 05:03:02.324388
03683,0000,1205,106,2024-12-30 05:03:02.340363
26957,0000,1205,106,2024-12-30 05:03:02.356370
04299,0000,1205,106,2024-12-30 05:03:02.372358
03039,0000,1205,106,2024-12-30 05:03:02.388358
05317,0000,1206,106,2024-12-30 05:03:02.404352
02060,0000,1205,106,2024-12-30 05:03:02.420352
24533,0000,1205,106,2024-12-30 05:03:02.436356
40809,0001,1205,106,2024-12-30 05:03:02.452351
35301,0000,1205,106,2024-12-30 05:03:02.484333
29065,0000,1205,106,2024-12-30 05:03:02.500330
03042,0000,1205,106,2024-12-30 05:03:02.516325
58960,0000,1205,106,2024-12-30 05:03:02.532326
00687,0000,1205,106,2024-12-30 05:03:02.548316
02859,0000,1205,106,2024-12-30 05:03:02.564326
18394,0000,1206,106,2024-12-30 05:03:02.580315
05474,0000,1205,106,2024-12-30 05:03:02.596317
01456,0000,1205,106,2024-12-30 05:03:02.612317
01435,0000,1205,106,2024-12-30 05:03:02.643997
03942,0001,1205,106,2024-12-30 05:03:02.660304
56746,0000,1205,106,2024-12-30 05:03:02.676297
31636,0000,1205,106,2024-12-30 05:03:02.692294
00274,0000,1205,106,2024-12-30 05:03:02.708300
35135,0000,1205,106,2024-12-30 05:03:02.724303
25112,0000,1205,106,2024-12-30 05:03:02.740296
33975,0001,1205,106,2024-12-30 05:03:02.756284
05945,0000,1205,106,2024-12-30 05:03:02.772283
06848,0000,1205,106,2024-12-30 05:03:02.803646
09481,0000,1205,106,2024-12-30 05:03:02.820272
14029,0000,1205,106,2024-12-30 05:03:02.836269
49029,0000,1205,106,2024-12-30 05:03:02.852257
20106,0000,1205,106,2024-12-30 05:03:02.868263
17940,0000,1205,106,2024-12-30 05:03:02.884263
03102,0000,1205,106,2024-12-30 05:03:02.900260
54150,0000,1205,106,2024-12-30 05:03:02.916249
27342,0000,1205,106,2024-12-30 05:03:02.932253
01516,0000,1205,106,2024-12-30 05:03:02.948248
03082,0000,1205,106,2024-12-30 05:03:02.980043
15567,0000,1205,106,2024-12-30 05:03:02.996246
01309,0000,1205,106,2024-12-30 05:03:03.012235
00243,0000,1205,106,2024-12-30 05:03:03.028234
26396,0000,1205,106,2024-12-30 05:03:03.044228
26250,0000,1205,106,2024-12-30 05:03:03.060227
01512,0000,1205,106,2024-12-30 05:03:03.076224
41826,0000,1205,106,2024-12-30 05:03:03.092219
04517,0000,1205,106,2024-12-30 05:03:03.108221
01248,0000,1206,106,2024-12-30 05:03:03.139649
14687,0000,1205,106,2024-12-30 05:03:03.156201
17995,0000,1205,106,2024-12-30 05:03:03.172202
20725,0001,1205,106,2024-12-30 05:03:03.188201
11366,0000,1205,106,2024-12-30 05:03:03.204197
18463,0000,1206,106,2024-12-30 05:03:03.220197
01192,0000,1206,106,2024-12-30 05:03:03.236196
34473,0000,1205,106,2024-12-30 05:03:03.252198
18977,0000,1205,106,2024-12-30 05:03:03.268181
02812,0000,1205,106,2024-12-30 05:03:03.284177
05252,0000,1205,106,2024-12-30 05:03:03.316079
02763,0000,1205,106,2024-12-30 05:03:03.332203
04424,0001,1205,106,2024-12-30 05:03:03.348176
20103,0000,1205,106,2024-12-30 05:03:03.364165
26156,0000,1205,106,2024-12-30 05:03:03.380155
10946,0000,1205,106,2024-12-30 05:03:03.396152
02352,0000,1206,106,2024-12-30 05:03:03.412153
17753,0000,1205,106,2024-12-30 05:03:03.428152
58411,0000,1205,106,2024-12-30 05:03:03.444148
12279,0000,1205,106,2024-12-30 05:03:03.475709
00540,0000,1206,106,2024-12-30 05:03:03.492148
02980,0000,1206,106,2024-12-30 05:03:03.508144
17974,0000,1205,106,2024-12-30 05:03:03.524132
01201,0000,1206,106,2024-12-30 05:03:03.540143
20899,0000,1205,106,2024-12-30 05:03:03.556119
30592,0000,1205,106,2024-12-30 05:03:03.572131
01377,0000,1206,106,2024-12-30 05:03:03.588119
00769,0000,1206,106,2024-12-30 05:03:03.604126
07085,0000,1206,106,2024-12-30 05:03:03.620129
01264,0000,1206,106,2024-12-30 05:03:03.652096
01742,0000,1205,106,2024-12-30 05:03:03.668118
09225,0000,1206,106,2024-12-30 05:03:03.684107
45564,0000,1205,106,2024-12-30 05:03:03.700107
38747,0000,1206,106,2024-12-30 05:03:03.716093
47275,0000,1206,106,2024-12-30 05:03:03.732096
28755,0000,1206,106,2024-12-30 05:03:03.748096
04339,0000,1205,106,2024-12-30 05:03:03.764091
54920,0000,1206,106,2024-12-30 05:03:03.780086
01490,0000,1206,106,2024-12-30 05:03:03.811728
04672,0000,1206,106,2024-12-30 05:03:03.828073
05079,0000,1206,106,2024-12-30 05:03:03.844074
03927,0000,1206,106,2024-12-30 05:03:03.860070
19899,0000,1206,106,2024-12-30 05:03:03.876069
02186,0000,1205,106,2024-12-30 05:03:03.892074
04602,0000,1205,106,2024-12-30 05:03:03.908069
03770,0000,1206,106,2024-12-30 05:03:03.924078
01193,0000,1206,106,2024-12-30 05:03:03.940071
31100,0000,1206,106,2024-12-30 05:03:03.956076
15773,0000,1206,106,2024-12-30 05:03:03.988083
02204,0000,1206,106,2024-12-30 05:03:04.004084
02921,0000,1205,106,2024-12-30 05:03:04.020079
37853,0000,1206,106,2024-12-30 05:03:04.036086
07433,0000,1205,106,2024-12-30 05:03:04.052085
04903,0000,1206,106,2024-12-30 05:03:04.068088
04327,0000,1206,106,2024-12-30 05:03:04.084017
05257,0000,1206,106,2024-12-30 05:03:04.100027
03887,0000,1206,106,2024-12-30 05:03:04.116014
14100,0000,1205,106,2024-12-30 05:03:04.147743
40701,0000,1205,106,2024-12-30 05:03:04.164015
00383,0000,1206,106,2024-12-30 05:03:04.180004
28232,0000,1206,106,2024-12-30 05:03:04.196008
03019,0000,1206,106,2024-12-30 05:03:04.211999
00545,0000,1206,106,2024-12-30 05:03:04.228002
60224,0000,1206,106,2024-12-30 05:03:04.244007
23138,0000,1206,106,2024-12-30 05:03:04.259998
20476,0000,1206,106,2024-12-30 05:03:04.275999
02980,0000,1206,106,2024-12-30 05:03:04.307417
06021,0000,1206,106,2024-12-30 05:03:04.323984
01990,0000,1206,106,2024-12-30 05:03:04.339974
14455,0000,1206,106,2024-12-30 05:03:04.355962
01084,0000,1206,106,2024-12-30 05:03:04.371969
44826,0000,1206,106,2024-12-30 05:03:04.387961
03696,0000,1206,106,2024-12-30 05:03:04.403962
37946,0000,1206,106,2024-12-30 05:03:04.419953
03798,0000,1206,106,2024-12-30 05:03:04.435952
17725,0000,1206,106,2024-12-30 05:03:04.451946
14990,0000,1205,106,2024-12-30 05:03:04.483781
23245,0000,1206,106,2024-12-30 05:03:04.499936
25332,0000,1206,106,2024-12-30 05:03:04.515933
16218,0000,1206,106,2024-12-30 05:03:04.531931
09609,0000,1206,106,2024-12-30 05:03:04.547927
03706,0000,1206,106,2024-12-30 05:03:04.563920
11890,0000,1206,106,2024-12-30 05:03:04.579922
16040,0000,1206,106,2024-12-30 05:03:04.595911
22519,0000,1206,106,2024-12-30 05:03:04.611915
03548,0000,1206,106,2024-12-30 05:03:04.643423
07624,0000,1206,106,2024-12-30 05:03:04.659914
00722,0000,1206,106,2024-12-30 05:03:04.675899
02165,0000,1206,106,2024-12-30 05:03:04.691903
28050,0000,1206,106,2024-12-30 05:03:04.707894
03900,0001,1206,106,2024-12-30 05:03:04.723896
01453,0000,1206,106,2024-12-30 05:03:04.739894
01054,0000,1206,106,2024-12-30 05:03:04.755886
18268,0000,1206,106,2024-12-30 05:03:04.771892
10780,0000,1206,106,2024-12-30 05:03:04.787894
43253,0000,1206,106,2024-12-30 05:03:04.819804
03144,0000,1206,106,2024-12-30 05:03:04.835875
17392,0000,1206,106,2024-12-30 05:03:04.851875
01764,0000,1206,106,2024-12-30 05:03:04.867866
00476,0000,1206,106,2024-12-30 05:03:04.883865
00550,0000,1206,106,2024-12-30 05:03:04.899856
00549,0000,1206,106,2024-12-30 05:03:04.915859
02229,0000,1206,106,2024-12-30 05:03:04.931850
00572,0000,1206,106,2024-12-30 05:03:04.947855
15578,0000,1206,106,2024-12-30 05:03:04.979442
04370,0000,1206,106,2024-12-30 05:03:04.995839
53236,0000,1206,106,2024-12-30 05:03:05.011847
00383,0000,1206,106,2024-12-30 05:03:05.027841
07401,0000,1206,106,2024-12-30 05:03:05.043838
37591,0000,1206,106,2024-12-30 05:03:05.059846
01197,0000,1206,106,2024-12-30 05:03:05.075826
04557,0000,1206,106,2024-12-30 05:03:05.091827
04933,0000,1206,106,2024-12-30 05:03:05.107816
02946,0000,1205,106,2024-12-30 05:03:05.123827
05284,0000,1206,106,2024-12-30 05:03:05.155815
04520,0000,1205,106,2024-12-30 05:03:05.171821
24736,0001,1206,106,2024-12-30 05:03:05.187825
62465,0000,1206,106,2024-12-30 05:03:05.203804
00565,0000,1206,106,2024-12-30 05:03:05.219806
02166,0000,1206,106,2024-12-30 05:03:05.235800
33001,0000,1206,106,2024-12-30 05:03:05.251811
01048,0000,1206,106,2024-12-30 05:03:05.267800
34687,0000,1206,106,2024-12-30 05:03:05.283792
04361,0000,1206,106,2024-12-30 05:03:05.315480
14007,0000,1206,106,2024-12-30 05:03:05.331783
08284,0000,1206,106,2024-12-30 05:03:05.347773
12927,0000,1206,106,2024-12-30 05:03:05.363779
53232,0000,1205,106,2024-12-30 05:03:05.379773
05379,0000,1206,106,2024-12-30 05:03:05.395765
03817,0000,1206,106,2024-12-30 05:03:05.411760
02736,0000,1206,106,2024-12-30 05:03:05.427764
03980,0000,1206,106,2024-12-30 05:03:05.443774
00924,0000,1206,106,2024-12-30 05:03:05.475103
11657,0000,1206,106,2024-12-30 05:03:05.491751
00518,0000,1206,106,2024-12-30 05:03:05.507751
04586,0000,1206,106,2024-12-30 05:03:05.523742
16135,0001,1206,106,2024-12-30 05:03:05.539732
10352,0000,1206,106,2024-12-30 05:03:05.555735
15091,0000,1206,106,2024-12-30 05:03:05.571741
21130,0000,1206,106,2024-12-30 05:03:05.587737
02781,0000,1206,106,2024-12-30 05:03:05.603723
36723,0000,1206,106,2024-12-30 05:03:05.619716
04920,0000,1206,106,2024-12-30 05:03:05.651503
25288,0000,1206,106,2024-12-30 05:03:05.667714
16867,0000,1206,106,2024-12-30 05:03:05.683707
01688,0000,1206,106,2024-12-30 05:03:05.699704
02029,0000,1206,106,2024-12-30 05:03:05.715695
00707,0000,1206,106,2024-12-30 05:03:05.731699
03743,0000,1206,106,2024-12-30 05:03:05.747703
02220,0000,1206,106,2024-12-30 05:03:05.763696
33157,0000,1206,106,2024-12-30 05:03:05.779688
17660,0000,1206,106,2024-12-30 05:03:05.811139
51638,0000,1206,106,2024-12-30 05:03:05.827682
12436,0000,1206,106,2024-12-30 05:03:05.843688
44135,0000,1206,106,2024-12-30 05:03:05.859672
59384,0000,1206,106,2024-12-30 05:03:05.875673
50650,0000,1206,106,2024-12-30 05:03:05.891664
35552,0000,1206,106,2024-12-30 05:03:05.907670
01293,0000,1206,106,2024-12-30 05:03:05.923659
09703,0000,1206,106,2024-12-30 05:03:05.939666
01408,0000,1206,106,2024-12-30 05:03:05.955656
00220,0000,1206,106,2024-12-30 05:03:05.987517
25198,0000,1206,106,2024-12-30 05:03:06.003644
01201,0000,1206,106,2024-12-30 05:03:06.019643
00797,0000,1206,106,2024-12-30 05:03:06.035632
01400,0000,1206,106,2024-12-30 05:03:06.051640
01352,0000,1206,106,2024-12-30 05:03:06.067633
03664,0000,1206,106,2024-12-30 05:03:06.083635
56662,0000,1206,106,2024-12-30 05:03:06.099618
40074,0000,1206,106,2024-12-30 05:03:06.115626
01919,0000,1206,106,2024-12-30 05:03:06.147163
03660,0000,1206,106,2024-12-30 05:03:06.163611
03873,0000,1206,106,2024-12-30 05:03:06.179618
05999,0000,1206,106,2024-12-30 05:03:06.195618
00426,0000,1206,106,2024-12-30 05:03:06.211623
50862,0000,1206,106,2024-12-30 05:03:06.227619
05282,0000,1206,106,2024-12-30 05:03:06.243610
05385,0000,1206,106,2024-12-30 05:03:06.259602
53997,0000,1206,106,2024-12-30 05:03:06.275599
04320,0000,1206,106,2024-12-30 05:03:06.291591
04631,0000,1206,106,2024-12-30 05:03:06.323563
01318,0000,1206,106,2024-12-30 05:03:06.339586
04841,0000,1206,106,2024-12-30 05:03:06.355585
15115,0000,1206,106,2024-12-30 05:03:06.371578
03913,0000,1206,106,2024-12-30 05:03:06.387575
00810,0000,1206,106,2024-12-30 05:03:06.403569
03800,0000,1206,106,2024-12-30 05:03:06.419561
00654,0000,1206,106,2024-12-30 05:03:06.435564
00952,0000,1206,106,2024-12-30 05:03:06.451561
15263,0000,1206,106,2024-12-30 05:03:06.483185
09776,0000,1206,106,2024-12-30 05:03:06.499552
01952,0000,1206,106,2024-12-30 05:03:06.515545
03599,0000,1206,106,2024-12-30 05:03:06.531540
02250,0000,1206,106,2024-12-30 05:03:06.547546
25354,0000,1206,106,2024-12-30 05:03:06.563533
02549,0000,1206,106,2024-12-30 05:03:06.579537
40015,0000,1206,106,2024-12-30 05:03:06.595539
03851,0000,1206,106,2024-12-30 05:03:06.611537
21727,0001,1206,106,2024-12-30 05:03:06.627535
22238,0000,1206,106,2024-12-30 05:03:06.659520
03742,0000,1206,106,2024-12-30 05:03:06.675514
05324,0000,1206,106,2024-12-30 05:03:06.691516
27258,0001,1206,106,2024-12-30 05:03:06.707509
17370,0000,1206,106,2024-12-30 05:03:06.723509
01317,0000,1206,106,2024-12-30 05:03:06.739510
08919,0000,1206,106,2024-12-30 05:03:06.755514
01479,0000,1206,106,2024-12-30 05:03:06.771493
02209,0000,1206,106,2024-12-30 05:03:06.787502
32300,0000,1206,106,2024-12-30 05:03:06.819206
50631,0000,1207,106,2024-12-30 05:03:06.835478
50541,0000,1206,106,2024-12-30 05:03:06.851482
25606,0000,1206,106,2024-12-30 05:03:06.867479
11593,0000,1206,106,2024-12-30 05:03:06.883477
05322,0000,1206,106,2024-12-30 05:03:06.899475
04558,0000,1206,106,2024-12-30 05:03:06.915483
28319,0000,1206,106,2024-12-30 05:03:06.931471
02254,0000,1206,106,2024-12-30 05:03:06.947476
10053,0001,1206,106,2024-12-30 05:03:06.978857
02192,0000,1206,106,2024-12-30 05:03:06.995453
35484,0000,1206,106,2024-12-30 05:03:07.011449
21797,0000,1207,106,2024-12-30 05:03:07.027461
28429,0000,1206,106,2024-12-30 05:03:07.043455
00695,0000,1206,106,2024-12-30 05:03:07.059464
11941,0000,1207,106,2024-12-30 05:03:07.075462
07225,0000,1207,106,2024-12-30 05:03:07.091463
34755,0000,1207,106,2024-12-30 05:03:07.107468
20207,0000,1206,106,2024-12-30 05:03:07.123466
04278,0000,1206,106,2024-12-30 05:03:07.155262
23395,0000,1206,106,2024-12-30 05:03:07.171475
31936,0000,1206,106,2024-12-30 05:03:07.187478
54975,0000,1207,106,2024-12-30 05:03:07.203475
17845,0000,1207,106,2024-12-30 05:03:07.219411
00497,0000,1206,106,2024-12-30 05:03:07.235411
03283,0000,1206,106,2024-12-30 05:03:07.251419
28837,0001,1207,106,2024-12-30 05:03:07.267398
11595,0000,1207,106,2024-12-30 05:03:07.283396
02241,0000,1207,106,2024-12-30 05:03:07.314884
03860,0000,1206,106,2024-12-30 05:03:07.331395
05460,0000,1206,106,2024-12-30 05:03:07.347384
02261,0000,1206,106,2024-12-30 05:03:07.363392
47285,0000,1206,106,2024-12-30 05:03:07.379381
05121,0000,1207,106,2024-12-30 05:03:07.395382
53429,0001,1207,106,2024-12-30 05:03:07.411381
43930,0000,1206,106,2024-12-30 05:03:07.427365
04693,0000,1207,106,2024-12-30 05:03:07.443369
19711,0000,1206,106,2024-12-30 05:03:07.459358
48945,0000,1207,106,2024-12-30 05:03:07.491269
48916,0000,1207,106,2024-12-30 05:03:07.507364
19725,0000,1207,106,2024-12-30 05:03:07.523351
01399,0000,1207,106,2024-12-30 05:03:07.539352
00207,0000,1207,106,2024-12-30 05:03:07.555353
04954,0000,1207,106,2024-12-30 05:03:07.571344
20669,0000,1207,106,2024-12-30 05:03:07.587338
01249,0001,1206,106,2024-12-30 05:03:07.603339
13413,0000,1207,106,2024-12-30 05:03:07.619332
04512,0000,1207,106,2024-12-30 05:03:07.650902
02331,0000,1207,106,2024-12-30 05:03:07.667318
15324,0000,1206,106,2024-12-30 05:03:07.683327
29381,0000,1207,106,2024-12-30 05:03:07.699310
30105,0000,1207,106,2024-12-30 05:03:07.715317
28175,0000,1207,106,2024-12-30 05:03:07.731305
33056,0000,1207,106,2024-12-30 05:03:07.747313
02839,0001,1207,106,2024-12-30 05:03:07.763302
28274,0000,1207,106,2024-12-30 05:03:07.779302
54120,0000,1207,106,2024-12-30 05:03:07.795306
04284,0000,1207,106,2024-12-30 05:03:07.827274
27241,0000,1206,106,2024-12-30 05:03:07.843299
30202,0000,1207,106,2024-12-30 05:03:07.859298
01984,0000,1206,106,2024-12-30 05:03:07.875286
02317,0000,1206,106,2024-12-30 05:03:07.891283
02630,0000,1206,106,2024-12-30 05:03:07.907276
27108,0000,1207,106,2024-12-30 05:03:07.923277
25170,0000,1207,106,2024-12-30 05:03:07.939267
02219,0000,1206,106,2024-12-30 05:03:07.955265
10906,0000,1207,106,2024-12-30 05:03:07.986929
05401,0000,1206,106,2024-12-30 05:03:08.003258
03855,0000,1207,106,2024-12-30 05:03:08.019255
16162,0000,1207,106,2024-12-30 05:03:08.035246
25038,0000,1207,106,2024-12-30 05:03:08.051248
37509,0000,1207,106,2024-12-30 05:03:08.067246
02338,0000,1206,106,2024-12-30 05:03:08.083242
03730,0000,1207,106,2024-12-30 05:03:08.099233
57342,0000,1207,106,2024-12-30 05:03:08.115236
44984,0000,1207,106,2024-12-30 05:03:08.146558
51722,0000,1207,106,2024-12-30 05:03:08.163236
01281,0000,1207,106,2024-12-30 05:03:08.179226
18683,0000,1207,106,2024-12-30 05:03:08.195235
02146,0000,1207,106,2024-12-30 05:03:08.211209
00539,0000,1207,106,2024-12-30 05:03:08.227218
45555,0000,1207,106,2024-12-30 05:03:08.243222
12710,0000,1207,106,2024-12-30 05:03:08.259200
19958,0000,1207,106,2024-12-30 05:03:08.275205
02020,0000,1206,106,2024-12-30 05:03:08.291196
02294,0000,1207,106,2024-12-30 05:03:08.322948
01028,0000,1207,106,2024-12-30 05:03:08.339196
40217,0001,1207,106,2024-12-30 05:03:08.355185
13610,0000,1207,106,2024-12-30 05:03:08.371178
23768,0000,1207,106,2024-12-30 05:03:08.387175
02214,0000,1207,106,2024-12-30 05:03:08.403173
03052,0000,1207,106,2024-12-30 05:03:08.419172
12237,0000,1207,106,2024-12-30 05:03:08.435175
47384,0000,1207,106,2024-12-30 05:03:08.451166
02900,0000,1207,106,2024-12-30 05:03:08.482580
02108,0000,1207,106,2024-12-30 05:03:08.499161
01480,0000,1207,106,2024-12-30 05:03:08.515155
05165,0000,1207,106,2024-12-30 05:03:08.531158
04421,0000,1206,106,2024-12-30 05:03:08.547147
05270,0000,1207,106,2024-12-30 05:03:08.563151
00388,0000,1207,106,2024-12-30 05:03:08.579148
30762,0000,1207,106,2024-12-30 05:03:08.595133
24665,0000,1207,106,2024-12-30 05:03:08.611135
58385,0000,1207,106,2024-12-30 05:03:08.627124
23779,0000,1207,106,2024-12-30 05:03:08.658962
04957,0000,1207,106,2024-12-30 05:03:08.675127
10640,0000,1207,106,2024-12-30 05:03:08.691122
04700,0000,1207,106,2024-12-30 05:03:08.707127
04413,0000,1207,106,2024-12-30 05:03:08.723118
20270,0000,1207,106,2024-12-30 05:03:08.739124
31799,0000,1207,106,2024-12-30 05:03:08.755117
37178,0000,1207,106,2024-12-30 05:03:08.771115
02800,0000,1207,106,2024-12-30 05:03:08.787108
06093,0000,1207,106,2024-12-30 05:03:08.818597
01745,0000,1207,106,2024-12-30 05:03:08.835094
03336,0000,1207,106,2024-12-30 05:03:08.851090
17089,0000,1207,106,2024-12-30 05:03:08.867087
17279,0001,1207,106,2024-12-30 05:03:08.883091
22180,0000,1207,106,2024-12-30 05:03:08.899083
01180,0000,1207,106,2024-12-30 05:03:08.915079
29408,0000,1207,106,2024-12-30 05:03:08.931077
14029,0000,1207,106,2024-12-30 05:03:08.947080
32342,0000,1207,106,2024-12-30 05:03:08.963072
36082,0000,1207,106,2024-12-30 05:03:08.994989
04431,0000,1207,106,2024-12-30 05:03:09.011060
03758,0000,1207,106,2024-12-30 05:03:09.027051
49667,0000,1207,106,2024-12-30 05:03:09.043057
33202,0000,1207,106,2024-12-30 05:03:09.059045
61039,0000,1207,106,2024-12-30 05:03:09.075048
02932,0000,1207,106,2024-12-30 05:03:09.091051
27986,0000,1207,106,2024-12-30 05:03:09.107042
20905,0000,1207,106,2024-12-30 05:03:09.123046
13723,0000,1207,106,2024-12-30 05:03:09.154623
00658,0000,1207,106,2024-12-30 05:03:09.171034
02872,0000,1207,106,2024-12-30 05:03:09.187037
01169,0000,1207,106,2024-12-30 05:03:09.203031
27600,0000,1207,106,2024-12-30 05:03:09.219028
11594,0000,1207,106,2024-12-30 05:03:09.235017
01322,0000,1207,106,2024-12-30 05:03:09.251030
19161,0000,1207,106,2024-12-30 05:03:09.267016
61904,0000,1207,106,2024-12-30 05:03:09.283016
03158,0000,1207,106,2024-12-30 05:03:09.299018
15448,0000,1207,106,2024-12-30 05:03:09.331011
02253,0001,1207,106,2024-12-30 05:03:09.347003
36374,0000,1207,106,2024-12-30 05:03:09.363011
32380,0000,1207,106,2024-12-30 05:03:09.378989
10388,0000,1207,106,2024-12-30 05:03:09.394992
03607,0000,1207,106,2024-12-30 05:03:09.410989
02053,0000,1207,106,2024-12-30 05:03:09.426993
06969,0000,1207,106,2024-12-30 05:03:09.442975
02366,0000,1207,106,2024-12-30 05:03:09.458985
09921,0000,1207,106,2024-12-30 05:03:09.490647
02802,0000,1207,106,2024-12-30 05:03:09.506965
02933,0000,1207,106,2024-12-30 05:03:09.522977
17448,0000,1207,106,2024-12-30 05:03:09.538961
03787,0000,1207,106,2024-12-30 05:03:09.554958
04456,0000,1207,106,2024-12-30 05:03:09.570956
02064,0000,1207,106,2024-12-30 05:03:09.586950
24718,0000,1207,106,2024-12-30 05:03:09.602947
13205,0000,1207,106,2024-12-30 05:03:09.618948
63450,0000,1207,106,2024-12-30 05:03:09.650270
03109,0000,1207,106,2024-12-30 05:03:09.666945
55619,0000,1207,106,2024-12-30 05:03:09.682937
05206,0000,1207,106,2024-12-30 05:03:09.698941
00584,0000,1207,106,2024-12-30 05:03:09.714928
02917,0000,1207,106,2024-12-30 05:03:09.730934
64998,0000,1207,106,2024-12-30 05:03:09.746927
37657,0000,1207,106,2024-12-30 05:03:09.762942
00618,0000,1207,106,2024-12-30 05:03:09.778918
09773,0000,1207,106,2024-12-30 05:03:09.794913
02968,0000,1207,106,2024-12-30 05:03:09.826685
58241,0000,1207,106,2024-12-30 05:03:09.842903
02284,0000,1207,106,2024-12-30 05:03:09.858905
02157,0001,1207,106,2024-12-30 05:03:09.874900
28870,0000,1207,106,2024-12-30 05:03:09.890889
04997,0000,1207,106,2024-12-30 05:03:09.906886
03700,0000,1207,106,2024-12-30 05:03:09.922882
02268,0000,1207,106,2024-12-30 05:03:09.938887
16355,0000,1207,106,2024-12-30 05:03:09.954870
05422,0000,1207,106,2024-12-30 05:03:09.986285
00479,0000,1207,106,2024-12-30 05:03:10.002877
03105,0000,1207,106,2024-12-30 05:03:10.018867
23400,0000,1207,106,2024-12-30 05:03:10.034869
01408,0000,1207,106,2024-12-30 05:03:10.050867
31597,0000,1207,106,2024-12-30 05:03:10.066862
30866,0000,1207,106,2024-12-30 05:03:10.082857
04580,0000,1207,106,2024-12-30 05:03:10.098857
02138,0000,1207,106,2024-12-30 05:03:10.114855
01258,0000,1208,106,2024-12-30 05:03:10.130849
21763,0000,1207,106,2024-12-30 05:03:10.162716
13158,0000,1208,106,2024-12-30 05:03:10.178863
06880,0000,1207,106,2024-12-30 05:03:10.194862
02343,0000,1207,106,2024-12-30 05:03:10.210858
11482,0000,1207,106,2024-12-30 05:03:10.226859
00279,0000,1207,106,2024-12-30 05:03:10.242879
26472,0000,1207,106,2024-12-30 05:03:10.258868
14081,0000,1207,106,2024-12-30 05:03:10.274863
01656,0000,1207,106,2024-12-30 05:03:10.290866
26908,0000,1207,106,2024-12-30 05:03:10.322359
03860,0000,1207,106,2024-12-30 05:03:10.338800
10114,0000,1207,106,2024-12-30 05:03:10.354799
04544,0000,1207,106,2024-12-30 05:03:10.370805
63233,0000,1207,106,2024-12-30 05:03:10.386791
03048,0000,1207,106,2024-12-30 05:03:10.402786
03786,0000,1207,106,2024-12-30 05:03:10.418793
04627,0000,1207,106,2024-12-30 05:03:10.434781
20024,0000,1207,106,2024-12-30 05:03:10.450795
03007,0000,1207,106,2024-12-30 05:03:10.466785
01069,0000,1207,106,2024-12-30 05:03:10.498719
00665,0000,1207,106,2024-12-30 05:03:10.514771
03086,0000,1207,106,2024-12-30 05:03:10.530786
09191,0000,1207,106,2024-12-30 05:03:10.546762
50839,0000,1207,106,2024-12-30 05:03:10.562757
21419,0000,1207,106,2024-12-30 05:03:10.578756
09164,0000,1207,106,2024-12-30 05:03:10.594749
03169,0000,1207,106,2024-12-30 05:03:10.610747
06599,0000,1207,106,2024-12-30 05:03:10.626744
01491,0000,1207,106,2024-12-30 05:03:10.658351
22391,0000,1207,106,2024-12-30 05:03:10.674734
03090,0000,1207,106,2024-12-30 05:03:10.690740
30590,0000,1207,106,2024-12-30 05:03:10.706730
08570,0000,1207,106,2024-12-30 05:03:10.722722
48844,0000,1207,106,2024-12-30 05:03:10.738734
30160,0000,1207,106,2024-12-30 05:03:10.754725
40945,0000,1207,106,2024-12-30 05:03:10.770721
01427,0000,1207,106,2024-12-30 05:03:10.786715
60925,0000,1207,106,2024-12-30 05:03:10.802712
27387,0000,1207,106,2024-12-30 05:03:10.834707
02279,0000,1208,106,2024-12-30 05:03:10.850699
04622,0000,1207,106,2024-12-30 05:03:10.866706
05354,0000,1207,106,2024-12-30 05:03:10.882700
01410,0000,1207,106,2024-12-30 05:03:10.898917
01765,0000,1207,106,2024-12-30 05:03:10.914707
01238,0000,1207,106,2024-12-30 05:03:10.930689
01012,0000,1207,106,2024-12-30 05:03:10.946691
00667,0000,1207,106,2024-12-30 05:03:10.962674
50823,0000,1207,106,2024-12-30 05:03:10.994393
08869,0000,1208,106,2024-12-30 05:03:11.010676
12155,0000,1207,106,2024-12-30 05:03:11.026669
40869,0000,1207,106,2024-12-30 05:03:11.042676
03116,0000,1207,106,2024-12-30 05:03:11.058664
09428,0001,1208,106,2024-12-30 05:03:11.074668
32387,0000,1208,106,2024-12-30 05:03:11.090653
42541,0000,1207,106,2024-12-30 05:03:11.106658
01989,0000,1207,106,2024-12-30 05:03:11.122653
28015,0001,1208,106,2024-12-30 05:03:11.154003
04088,0000,1207,106,2024-12-30 05:03:11.170647
16357,0000,1208,106,2024-12-30 05:03:11.186639
25225,0000,1207,106,2024-12-30 05:03:11.202634
04437,0000,1208,106,2024-12-30 05:03:11.218630
04633,0000,1207,106,2024-12-30 05:03:11.234624
29020,0000,1207,106,2024-12-30 05:03:11.250648
22145,0000,1207,106,2024-12-30 05:03:11.266622
14253,0000,1207,106,2024-12-30 05:03:11.282620
17836,0000,1207,106,2024-12-30 05:03:11.298618
34728,0000,1208,106,2024-12-30 05:03:11.330401
02537,0000,1208,106,2024-12-30 05:03:11.346612
56476,0000,1208,106,2024-12-30 05:03:11.362601
53231,0000,1207,106,2024-12-30 05:03:11.378596
03925,0001,1207,106,2024-12-30 05:03:11.394597
01453,0000,1207,106,2024-12-30 05:03:11.410592
26441,0000,1208,106,2024-12-30 05:03:11.426595
03511,0000,1207,106,2024-12-30 05:03:11.442586
02078,0000,1207,106,2024-12-30 05:03:11.458585
04298,0000,1208,106,2024-12-30 05:03:11.490048
00437,0000,1208,106,2024-12-30 05:03:11.506578
30479,0000,1208,106,2024-12-30 05:03:11.522579
24519,0000,1207,106,2024-12-30 05:03:11.538560
03575,0000,1208,106,2024-12-30 05:03:11.554570
28765,0000,1207,106,2024-12-30 05:03:11.570559
16315,0000,1208,106,2024-12-30 05:03:11.586562
02791,0000,1207,106,2024-12-30 05:03:11.602554
03455,0000,1208,106,2024-12-30 05:03:11.618554
26476,0000,1207,106,2024-12-30 05:03:11.634553
04880,0000,1207,106,2024-12-30 05:03:11.666427
29442,0000,1208,106,2024-12-30 05:03:11.682550
09263,0000,1208,106,2024-12-30 05:03:11.698552
01370,0000,1208,106,2024-12-30 05:03:11.714550
01348,0000,1208,106,2024-12-30 05:03:11.730537
14441,0000,1208,106,2024-12-30 05:03:11.746531
25937,0000,1208,106,2024-12-30 05:03:11.762527
07993,0000,1208,106,2024-12-30 05:03:11.778519
03718,0000,1208,106,2024-12-30 05:03:11.794520
01531,0001,1208,106,2024-12-30 05:03:11.826068
02059,0000,1208,106,2024-12-30 05:03:11.842510
00575,0000,1208,106,2024-12-30 05:03:11.858509
01507,0000,1208,106,2024-12-30 05:03:11.874498
05058,0000,1208,106,2024-12-30 05:03:11.890502
04207,0000,1208,106,2024-12-30 05:03:11.906495
04553,0000,1208,106,2024-12-30 05:03:11.922495
20656,0000,1208,106,2024-12-30 05:03:11.938490
59309,0000,1207,106,2024-12-30 05:03:11.954497
04289,0000,1207,106,2024-12-30 05:03:11.970485
04123,0000,1208,106,2024-12-30 05:03:12.002464
11391,0000,1207,106,2024-12-30 05:03:12.018480
06095,0000,1208,106,2024-12-30 05:03:12.034472
03096,0000,1208,106,2024-12-30 05:03:12.050470
03221,0000,1208,106,2024-12-30 05:03:12.066470
00179,0000,1208,106,2024-12-30 05:03:12.082470
48964,0000,1208,106,2024-12-30 05:03:12.098470
00135,0000,1208,106,2024-12-30 05:03:12.114449
03510,0000,1208,106,2024-12-30 05:03:12.130461
40839,0000,1208,106,2024-12-30 05:03:12.162090
09340,0000,1208,106,2024-12-30 05:03:12.178438
21784,0000,1208,106,2024-12-30 05:03:12.194433
03267,0000,1208,106,2024-12-30 05:03:12.210457
01189,0000,1208,106,2024-12-30 05:03:12.226469
02942,0000,1208,106,2024-12-30 05:03:12.242461
24779,0000,1208,106,2024-12-30 05:03:12.258429
03697,0000,1208,106,2024-12-30 05:03:12.274423
18485,0000,1208,106,2024-12-30 05:03:12.290416
01417,0000,1208,106,2024-12-30 05:03:12.306423
09878,0000,1208,106,2024-12-30 05:03:12.338414
36997,0000,1208,106,2024-12-30 05:03:12.354407
02931,0000,1208,106,2024-12-30 05:03:12.370405
23600,0000,1208,106,2024-12-30 05:03:12.386399
42460,0000,1208,106,2024-12-30 05:03:12.402393
35247,0000,1208,106,2024-12-30 05:03:12.418386
08756,0000,1208,106,2024-12-30 05:03:12.434393
16984,0000,1208,106,2024-12-30 05:03:12.450380
03910,0000,1208,106,2024-12-30 05:03:12.466383
04585,0000,1208,106,2024-12-30 05:03:12.498087
09145,0000,1208,106,2024-12-30 05:03:12.514373
01061,0000,1208,106,2024-12-30 05:03:12.530364
37791,0000,1208,106,2024-12-30 05:03:12.546364
04681,0000,1208,106,2024-12-30 05:03:12.562352
02012,0000,1208,106,2024-12-30 05:03:12.578358
02301,0000,1208,106,2024-12-30 05:03:12.594354
00920,0000,1208,106,2024-12-30 05:03:12.610356
02143,0000,1208,106,2024-12-30 05:03:12.626347
28913,0000,1208,106,2024-12-30 05:03:12.657746
36332,0000,1208,106,2024-12-30 05:03:12.674339
01094,0000,1208,106,2024-12-30 05:03:12.690330
13143,0000,1208,106,2024-12-30 05:03:12.706342
44633,0000,1208,106,2024-12-30 05:03:12.722326
09785,0000,1208,106,2024-12-30 05:03:12.738336
11676,0000,1208,106,2024-12-30 05:03:12.754320
19962,0000,1208,106,2024-12-30 05:03:12.770325
22990,0000,1208,106,2024-12-30 05:03:12.786315
02430,0000,1208,106,2024-12-30 05:03:12.802315
29884,0000,1208,106,2024-12-30 05:03:12.834132
02667,0000,1208,106,2024-12-30 05:03:12.850312
05308,0000,1208,106,2024-12-30 05:03:12.866309
54931,0000,1208,106,2024-12-30 05:03:12.882313
01108,0000,1208,106,2024-12-30 05:03:12.898290
03522,0001,1208,106,2024-12-30 05:03:12.914297
04344,0000,1208,106,2024-12-30 05:03:12.930288
51468,0000,1208,106,2024-12-30 05:03:12.946284
35685,0000,1207,106,2024-12-30 05:03:12.962284
25336,0000,1208,106,2024-12-30 05:03:12.993769
01977,0000,1208,106,2024-12-30 05:03:13.010287
03561,0000,1208,106,2024-12-30 05:03:13.026267
04485,0000,1208,106,2024-12-30 05:03:13.042268
17255,0000,1208,106,2024-12-30 05:03:13.058265
01878,0000,1208,106,2024-12-30 05:03:13.074265
52280,0000,1208,106,2024-12-30 05:03:13.090259
23565,0000,1208,106,2024-12-30 05:03:13.106259
00657,0000,1208,106,2024-12-30 05:03:13.122255
02889,0000,1208,106,2024-12-30 05:03:13.138245
36292,0000,1208,106,2024-12-30 05:03:13.170164
02910,0000,1208,106,2024-12-30 05:03:13.186246
24026,0000,1208,106,2024-12-30 05:03:13.202235
30056,0000,1208,106,2024-12-30 05:03:13.218233
03053,0000,1208,106,2024-12-30 05:03:13.234226
44819,0000,1208,106,2024-12-30 05:03:13.250251
44776,0000,1208,106,2024-12-30 05:03:13.266235
10503,0000,1208,106,2024-12-30 05:03:13.282235
04134,0000,1208,106,2024-12-30 05:03:13.298233
03690,0000,1208,106,2024-12-30 05:03:13.329824
22876,0000,1208,106,2024-12-30 05:03:13.346242
03445,0000,1208,106,2024-12-30 05:03:13.362245
29169,0000,1208,106,2024-12-30 05:03:13.378243
03076,0000,1208,106,2024-12-30 05:03:13.394246
36128,0000,1208,106,2024-12-30 05:03:13.410244
21421,0000,1208,106,2024-12-30 05:03:13.426252
04385,0000,1208,106,2024-12-30 05:03:13.442254
22923,0000,1208,106,2024-12-30 05:03:13.458183
40266,0000,1208,106,2024-12-30 05:03:13.474185
05141,0000,1208,106,2024-12-30 05:03:13.506182
04428,0000,1208,106,2024-12-30 05:03:13.522169
01159,0000,1208,106,2024-12-30 05:03:13.538173
20667,0000,1208,106,2024-12-30 05:03:13.554172
01284,0000,1208,106,2024-12-30 05:03:13.570168
15549,0000,1208,106,2024-12-30 05:03:13.586158
30006,0000,1208,106,2024-12-30 05:03:13.602157
07864,0000,1208,106,2024-12-30 05:03:13.618155
58344,0000,1208,106,2024-12-30 05:03:13.634155
02232,0000,1208,106,2024-12-30 05:03:13.665808
00336,0000,1208,106,2024-12-30 05:03:13.682142
34875,0000,1208,106,2024-12-30 05:03:13.698140
02355,0000,1208,106,2024-12-30 05:03:13.714143
03834,0001,1208,106,2024-12-30 05:03:13.730126
26204,0000,1208,106,2024-12-30 05:03:13.746136
00384,0000,1208,106,2024-12-30 05:03:13.762134
27585,0000,1208,106,2024-12-30 05:03:13.778132
11639,0000,1208,106,2024-12-30 05:03:13.794119
15432,0000,1208,106,2024-12-30 05:03:13.825463
13096,0000,1208,106,2024-12-30 05:03:13.842115
03940,0000,1208,106,2024-12-30 05:03:13.858109
38309,0000,1208,106,2024-12-30 05:03:13.874097
20110,0000,1208,106,2024-12-30 05:03:13.890100
06946,0000,1208,106,2024-12-30 05:03:13.906090
22410,0000,1208,106,2024-12-30 05:03:13.922094
56584,0000,1208,106,2024-12-30 05:03:13.938085
34769,0000,1208,106,2024-12-30 05:03:13.954086
18850,0001,1208,106,2024-12-30 05:03:13.970082
04543,0000,1208,106,2024-12-30 05:03:14.001844
51440,0000,1208,106,2024-12-30 05:03:14.018080
16360,0000,1208,106,2024-12-30 05:03:14.034078
01501,0000,1208,106,2024-12-30 05:03:14.050080
06842,0000,1208,106,2024-12-30 05:03:14.066062
09146,0000,1208,106,2024-12-30 05:03:14.082062
03812,0001,1208,106,2024-12-30 05:03:14.098053
50753,0000,1208,106,2024-12-30 05:03:14.114058
24761,0000,1208,106,2024-12-30 05:03:14.130059
00872,0000,1208,106,2024-12-30 05:03:14.161469
50828,0001,1208,106,2024-12-30 05:03:14.178042
02238,0000,1208,106,2024-12-30 05:03:14.194043
26350,0000,1208,106,2024-12-30 05:03:14.210031
05277,0000,1208,106,2024-12-30 05:03:14.226030
01499,0000,1208,106,2024-12-30 05:03:14.242043
01230,0000,1208,106,2024-12-30 05:03:14.258036
05158,0000,1208,106,2024-12-30 05:03:14.274029
24044,0001,1208,106,2024-12-30 05:03:14.290016
65227,0000,1208,106,2024-12-30 05:03:14.306017
07649,0000,1209,106,2024-12-30 05:03:14.337868
01503,0000,1208,106,2024-12-30 05:03:14.354009
13611,0000,1208,106,2024-12-30 05:03:14.370012
02899,0000,1208,106,2024-12-30 05:03:14.385994
09376,0000,1209,106,2024-12-30 05:03:14.401996
03973,0000,1208,106,2024-12-30 05:03:14.418005
19967,0000,1209,106,2024-12-30 05:03:14.433998
11190,0000,1208,106,2024-12-30 05:03:14.449989
04471,0000,1209,106,2024-12-30 05:03:14.465982
10570,0000,1208,106,2024-12-30 05:03:14.497501
03744,0000,1208,106,2024-12-30 05:03:14.513976
37774,0000,1208,106,2024-12-30 05:03:14.529976
23542,0000,1209,106,2024-12-30 05:03:14.545976
49776,0000,1209,106,2024-12-30 05:03:14.561963
12908,0000,1208,106,2024-12-30 05:03:14.577968
13390,0000,1208,106,2024-12-30 05:03:14.593954
01367,0000,1208,106,2024-12-30 05:03:14.609960
30037,0000,1208,106,2024-12-30 05:03:14.625948
03046,0000,1208,106,2024-12-30 05:03:14.641956
18951,0001,1209,106,2024-12-30 05:03:14.673895
19002,0000,1208,106,2024-12-30 05:03:14.689940
01777,0000,1208,106,2024-12-30 05:03:14.705939
00414,0000,1208,106,2024-12-30 05:03:14.721938
03109,0000,1208,106,2024-12-30 05:03:14.737942
02334,0000,1209,106,2024-12-30 05:03:14.753925
27036,0000,1208,106,2024-12-30 05:03:14.769918
00462,0001,1208,106,2024-12-30 05:03:14.785927
59861,0000,1208,106,2024-12-30 05:03:14.801920
01182,0000,1208,106,2024-12-30 05:03:14.833527
26654,0000,1208,106,2024-12-30 05:03:14.849905
04633,0000,1208,106,2024-12-30 05:03:14.865899
44719,0000,1209,106,2024-12-30 05:03:14.881907
27971,0000,1209,106,2024-12-30 05:03:14.897894
03911,0000,1209,106,2024-12-30 05:03:14.913899
32064,0000,1209,106,2024-12-30 05:03:14.929896
32840,0000,1209,106,2024-12-30 05:03:14.945893
03542,0000,1208,106,2024-12-30 05:03:14.961880
06736,0000,1209,106,2024-12-30 05:03:14.977884
02984,0000,1208,106,2024-12-30 05:03:15.009877
21768,0001,1208,106,2024-12-30 05:03:15.025873
01472,0000,1209,106,2024-12-30 05:03:15.041876
01325,0000,1209,106,2024-12-30 05:03:15.057871
02535,0001,1208,106,2024-12-30 05:03:15.073874
14650,0000,1209,106,2024-12-30 05:03:15.089869
18632,0000,1209,106,2024-12-30 05:03:15.105851
03712,0000,1209,106,2024-12-30 05:03:15.121853
21852,0000,1208,106,2024-12-30 05:03:15.137844
48334,0000,1209,106,2024-12-30 05:03:15.169557
29622,0000,1209,106,2024-12-30 05:03:15.185836
01439,0000,1208,106,2024-12-30 05:03:15.201845
27938,0000,1209,106,2024-12-30 05:03:15.217841
11527,0000,1208,106,2024-12-30 05:03:15.233834
23313,0000,1209,106,2024-12-30 05:03:15.249843
-0014,0000,1209,106,2024-12-30 05:03:15.265824
00594,0000,1209,106,2024-12-30 05:03:15.281820
01509,0000,1208,106,2024-12-30 05:03:15.297821
05292,0001,1208,106,2024-12-30 05:03:15.329188
03851,0000,1209,106,2024-12-30 05:03:15.345811
35592,0000,1209,106,2024-12-30 05:03:15.361808
04294,0000,1209,106,2024-12-30 05:03:15.377801
36271,0000,1208,106,2024-12-30 05:03:15.393804
02099,0000,1209,106,2024-12-30 05:03:15.409791
49779,0000,1209,106,2024-12-30 05:03:15.425792
01621,0000,1208,106,2024-12-30 05:03:15.441789
03723,0000,1208,106,2024-12-30 05:03:15.457793
47522,0000,1209,106,2024-12-30 05:03:15.473785
15265,0000,1208,106,2024-12-30 05:03:15.505589
05135,0001,1209,106,2024-12-30 05:03:15.521777
35991,0000,1209,106,2024-12-30 05:03:15.537778
07385,0000,1209,106,2024-12-30 05:03:15.553769
00197,0000,1209,106,2024-12-30 05:03:15.569769
32335,0000,1209,106,2024-12-30 05:03:15.585763
02957,0000,1209,106,2024-12-30 05:03:15.601775
15803,0000,1208,106,2024-12-30 05:03:15.617772
17129,0000,1208,106,2024-12-30 05:03:15.633758
20004,0000,1209,106,2024-12-30 05:03:15.665219
19234,0000,1208,106,2024-12-30 05:03:15.681747
04986,0000,1208,106,2024-12-30 05:03:15.697749
23897,0001,1209,106,2024-12-30 05:03:15.713747
38438,0000,1209,106,2024-12-30 05:03:15.729731
16600,0000,1209,106,2024-12-30 05:03:15.745733
00569,0000,1209,106,2024-12-30 05:03:15.761726
14569,0000,1209,106,2024-12-30 05:03:15.777724
36678,0000,1209,106,2024-12-30 05:03:15.793726
12800,0000,1209,106,2024-12-30 05:03:15.809719
04071,0000,1208,106,2024-12-30 05:03:15.841609
00429,0000,1209,106,2024-12-30 05:03:15.857708
41735,0000,1209,106,2024-12-30 05:03:15.873707
01208,0000,1209,106,2024-12-30 05:03:15.889702
02926,0000,1209,106,2024-12-30 05:03:15.905710
02075,0000,1209,106,2024-12-30 05:03:15.921700
03748,0000,1209,106,2024-12-30 05:03:15.937705
06542,0000,1209,106,2024-12-30 05:03:15.953688
04198,0000,1209,106,2024-12-30 05:03:15.969693
02841,0000,1209,106,2024-12-30 05:03:16.001258
64269,0000,1209,106,2024-12-30 05:03:16.017684
18888,0000,1209,106,2024-12-30 05:03:16.033669
17210,0001,1209,106,2024-12-30 05:03:16.049676
08504,0000,1209,106,2024-12-30 05:03:16.065670
02004,0000,1209,106,2024-12-30 05:03:16.081667
15686,0000,1209,106,2024-12-30 05:03:16.097668
11782,0000,1209,106,2024-12-30 05:03:16.113666
58589,0000,1209,106,2024-12-30 05:03:16.129652
29474,0000,1209,106,2024-12-30 05:03:16.145658
01448,0000,1209,106,2024-12-30 05:03:16.177630
11662,0000,1209,106,2024-12-30 05:03:16.193642
05389,0000,1209,106,2024-12-30 05:03:16.209645
47094,0000,1209,106,2024-12-30 05:03:16.225638
12290,0000,1209,106,2024-12-30 05:03:16.241651
03428,0001,1209,106,2024-12-30 05:03:16.257637
00470,0000,1209,106,2024-12-30 05:03:16.273631
11765,0000,1209,106,2024-12-30 05:03:16.289624
03484,0000,1209,106,2024-12-30 05:03:16.305638
04305,0000,1209,106,2024-12-30 05:03:16.337282
39433,0000,1209,106,2024-12-30 05:03:16.353613
04598,0000,1209,106,2024-12-30 05:03:16.369613
49229,0000,1209,106,2024-12-30 05:03:16.385621
17186,0000,1209,106,2024-12-30 05:03:16.401616
00165,0000,1209,106,2024-12-30 05:03:16.417618
03718,0000,1209,106,2024-12-30 05:03:16.433620
30970,0000,1209,106,2024-12-30 05:03:16.449623
02945,0000,1209,106,2024-12-30 05:03:16.465623
04915,0000,1209,106,2024-12-30 05:03:16.481627
16419,0000,1209,106,2024-12-30 05:03:16.513637
03754,0000,1209,106,2024-12-30 05:03:16.529633
16450,0000,1209,106,2024-12-30 05:03:16.545639
09820,0000,1209,106,2024-12-30 05:03:16.561634
02657,0000,1209,106,2024-12-30 05:03:16.577564
08654,0000,1209,106,2024-12-30 05:03:16.593568
48815,0000,1209,106,2024-12-30 05:03:16.609560
03930,0000,1209,106,2024-12-30 05:03:16.625562
31410,0000,1209,106,2024-12-30 05:03:16.641551
26501,0000,1209,106,2024-12-30 05:03:16.673302
20880,0000,1209,106,2024-12-30 05:03:16.689554
04575,0000,1209,106,2024-12-30 05:03:16.705548
01098,0000,1209,106,2024-12-30 05:03:16.721538
22832,0000,1209,106,2024-12-30 05:03:16.737541
12754,0000,1209,106,2024-12-30 05:03:16.753542
03663,0000,1209,106,2024-12-30 05:03:16.769542
08209,0000,1209,106,2024-12-30 05:03:16.785531
17588,0000,1209,106,2024-12-30 05:03:16.801525
01709,0000,1209,106,2024-12-30 05:03:16.832951
01568,0000,1209,106,2024-12-30 05:03:16.849519
18032,0000,1209,106,2024-12-30 05:03:16.865513
09282,0000,1209,106,2024-12-30 05:03:16.881521
03982,0000,1209,106,2024-12-30 05:03:16.897502
41667,0000,1209,106,2024-12-30 05:03:16.913503
02215,0000,1209,106,2024-12-30 05:03:16.929499
20950,0000,1209,106,2024-12-30 05:03:16.945503
02214,0000,1209,106,2024-12-30 05:03:16.961494
27616,0001,1209,106,2024-12-30 05:03:16.977490
01495,0000,1209,106,2024-12-30 05:03:17.009326
00425,0000,1209,106,2024-12-30 05:03:17.025482
02618,0000,1209,106,2024-12-30 05:03:17.041482
05218,0000,1209,106,2024-12-30 05:03:17.057470
01263,0000,1209,106,2024-12-30 05:03:17.073470
47091,0000,1209,106,2024-12-30 05:03:17.089465
36038,0000,1209,106,2024-12-30 05:03:17.105470
04637,0000,1209,106,2024-12-30 05:03:17.121458
48167,0001,1209,106,2024-12-30 05:03:17.137459
00259,0000,1209,106,2024-12-30 05:03:17.168958
48076,0000,1209,106,2024-12-30 05:03:17.185447
13155,0000,1209,106,2024-12-30 05:03:17.201442
04649,0000,1209,106,2024-12-30 05:03:17.217442
05144,0000,1209,106,2024-12-30 05:03:17.233436
01369,0000,1209,106,2024-12-30 05:03:17.249453
00119,0000,1209,106,2024-12-30 05:03:17.265437
02251,0000,1209,106,2024-12-30 05:03:17.281436
11276,0000,1209,106,2024-12-30 05:03:17.297421
45005,0000,1209,106,2024-12-30 05:03:17.313445
29116,0000,1209,106,2024-12-30 05:03:17.345346
25299,0001,1209,106,2024-12-30 05:03:17.361419
03632,0000,1209,106,2024-12-30 05:03:17.377407
02695,0000,1209,106,2024-12-30 05:03:17.393407
28565,0000,1209,106,2024-12-30 05:03:17.409401
05276,0000,1209,106,2024-12-30 05:03:17.425409
01962,0000,1209,106,2024-12-30 05:03:17.441395
00879,0000,1209,106,2024-12-30 05:03:17.457397
08391,0000,1209,106,2024-12-30 05:03:17.473386
00584,0001,1209,106,2024-12-30 05:03:17.504994
07482,0000,1209,106,2024-12-30 05:03:17.521390
10635,0000,1209,106,2024-12-30 05:03:17.537390
08382,0000,1209,106,2024-12-30 05:03:17.553391
31804,0000,1209,106,2024-12-30 05:03:17.569376
43260,0000,1209,106,2024-12-30 05:03:17.585372
01761,0000,1209,106,2024-12-30 05:03:17.601370
00634,0000,1209,106,2024-12-30 05:03:17.617361
02350,0000,1209,106,2024-12-30 05:03:17.633365
03728,0000,1209,106,2024-12-30 05:03:17.649359
24004,0000,1209,106,2024-12-30 05:03:17.681351
01541,0000,1209,106,2024-12-30 05:03:17.697351
06868,0000,1209,106,2024-12-30 05:03:17.713343
01094,0000,1209,106,2024-12-30 05:03:17.729345
35373,0000,1209,106,2024-12-30 05:03:17.745340
05062,0000,1209,106,2024-12-30 05:03:17.761336
44024,0000,1209,106,2024-12-30 05:03:17.777338
30807,0000,1209,106,2024-12-30 05:03:17.793337
49960,0000,1209,106,2024-12-30 05:03:17.809327
12150,0000,1209,106,2024-12-30 05:03:17.841006
28962,0000,1209,106,2024-12-30 05:03:17.857313
23137,0000,1209,106,2024-12-30 05:03:17.873309
13019,0000,1209,106,2024-12-30 05:03:17.889313
30013,0000,1209,106,2024-12-30 05:03:17.905309
13569,0000,1209,106,2024-12-30 05:03:17.921307
00554,0000,1209,106,2024-12-30 05:03:17.937305
49218,0000,1209,106,2024-12-30 05:03:17.953297
20312,0000,1209,106,2024-12-30 05:03:17.969299
49796,0000,1209,106,2024-12-30 05:03:18.000662
04548,0000,1209,106,2024-12-30 05:03:18.017280
19982,0000,1209,106,2024-12-30 05:03:18.033281
01313,0000,1209,106,2024-12-30 05:03:18.049288
02289,0000,1209,106,2024-12-30 05:03:18.065269
21754,0000,1209,106,2024-12-30 05:03:18.081271
05135,0000,1209,106,2024-12-30 05:03:18.097266
01543,0000,1210,106,2024-12-30 05:03:18.113266
22643,0000,1209,106,2024-12-30 05:03:18.129259
31555,0000,1209,106,2024-12-30 05:03:18.145259
03825,0000,1209,106,2024-12-30 05:03:18.177041
00361,0000,1209,106,2024-12-30 05:03:18.193244
17487,0000,1209,106,2024-12-30 05:03:18.209253
16807,0000,1209,106,2024-12-30 05:03:18.225250
28555,0001,1209,106,2024-12-30 05:03:18.241280
18473,0000,1209,106,2024-12-30 05:03:18.257248
20946,0000,1209,106,2024-12-30 05:03:18.273238
20968,0000,1209,106,2024-12-30 05:03:18.289227
19964,0000,1209,106,2024-12-30 05:03:18.305229
05344,0000,1209,106,2024-12-30 05:03:18.336685
00761,0000,1209,106,2024-12-30 05:03:18.353222
01314,0000,1209,106,2024-12-30 05:03:18.369214
28029,0000,1209,106,2024-12-30 05:03:18.385211
33053,0000,1209,106,2024-12-30 05:03:18.401205
25360,0000,1209,106,2024-12-30 05:03:18.417202
03744,0000,1209,106,2024-12-30 05:03:18.433205
05292,0000,1209,106,2024-12-30 05:03:18.449207
06151,0000,1209,106,2024-12-30 05:03:18.465210
33022,0000,1209,106,2024-12-30 05:03:18.481195
04474,0000,1210,106,2024-12-30 05:03:18.513057
58403,0000,1209,106,2024-12-30 05:03:18.529180
23235,0000,1209,106,2024-12-30 05:03:18.545182
02641,0000,1209,106,2024-12-30 05:03:18.561178
06631,0000,1209,106,2024-12-30 05:03:18.577177
09208,0000,1209,106,2024-12-30 05:03:18.593168
60172,0000,1209,106,2024-12-30 05:03:18.609174
00671,0000,1209,106,2024-12-30 05:03:18.625163
26264,0000,1209,106,2024-12-30 05:03:18.641166
07150,0000,1209,106,2024-12-30 05:03:18.672723
34842,0000,1210,106,2024-12-30 05:03:18.689154
03026,0000,1209,106,2024-12-30 05:03:18.705165
00374,0000,1209,106,2024-12-30 05:03:18.721158
11953,0000,1209,106,2024-12-30 05:03:18.737141
03717,0000,1209,106,2024-12-30 05:03:18.753142
02765,0000,1209,106,2024-12-30 05:03:18.769137
22644,0000,1209,106,2024-12-30 05:03:18.785132
18333,0000,1209,106,2024-12-30 05:03:18.801134
13727,0000,1210,106,2024-12-30 05:03:18.817139
04111,0000,1209,106,2024-12-30 05:03:18.849099
11577,0000,1210,106,2024-12-30 05:03:18.865126
58260,0000,1210,106,2024-12-30 05:03:18.881124
03822,0000,1209,106,2024-12-30 05:03:18.897115
42310,0001,1209,106,2024-12-30 05:03:18.913123
01963,0000,1209,106,2024-12-30 05:03:18.929107
19665,0000,1210,106,2024-12-30 05:03:18.945106
05332,0000,1209,106,2024-12-30 05:03:18.961101
05373,0000,1209,106,2024-12-30 05:03:18.977091
02165,0000,1209,106,2024-12-30 05:03:19.008717
15184,0000,1209,106,2024-12-30 05:03:19.025085
04660,0000,1209,106,2024-12-30 05:03:19.041087
00534,0000,1210,106,2024-12-30 05:03:19.057091
23378,0000,1209,106,2024-12-30 05:03:19.073078
02315,0000,1209,106,2024-12-30 05:03:19.089074
59439,0000,1209,106,2024-12-30 05:03:19.105076
01848,0000,1210,106,2024-12-30 05:03:19.121082
18413,0000,1209,106,2024-12-30 05:03:19.137068
35412,0000,1209,106,2024-12-30 05:03:19.153063
03534,0000,1209,106,2024-12-30 05:03:19.185056
19473,0000,1210,106,2024-12-30 05:03:19.201047
02113,0000,1209,106,2024-12-30 05:03:19.217051
03006,0000,1210,106,2024-12-30 05:03:19.233051
41883,0000,1210,106,2024-12-30 05:03:19.249061
07682,0000,1209,106,2024-12-30 05:03:19.265042
01254,0000,1209,106,2024-12-30 05:03:19.281039
18667,0000,1210,106,2024-12-30 05:03:19.297030
00244,0000,1210,106,2024-12-30 05:03:19.313039
22538,0000,1209,106,2024-12-30 05:03:19.344759
04657,0000,1209,106,2024-12-30 05:03:19.361025
56867,0000,1210,106,2024-12-30 05:03:19.377016
02004,0000,1209,106,2024-12-30 05:03:19.393017
00721,0000,1209,106,2024-12-30 05:03:19.409010
00249,0000,1210,106,2024-12-30 05:03:19.425006
20061,0000,1209,106,2024-12-30 05:03:19.441003
01533,0000,1210,106,2024-12-30 05:03:19.457009
54999,0000,1210,106,2024-12-30 05:03:19.473002
22112,0000,1209,106,2024-12-30 05:03:19.504410
65976,0000,1210,106,2024-12-30 05:03:19.521003
04674,0000,1210,106,2024-12-30 05:03:19.537008
01556,0000,1210,106,2024-12-30 05:03:19.553009
24224,0000,1209,106,2024-12-30 05:03:19.569010
04393,0000,1209,106,2024-12-30 05:03:19.585017
30804,0000,1209,106,2024-12-30 05:03:19.601023
02763,0000,1209,106,2024-12-30 05:03:19.617016
02341,0000,1210,106,2024-12-30 05:03:19.633016
19273,0000,1210,106,2024-12-30 05:03:19.649024
34815,0000,1210,106,2024-12-30 05:03:19.680810
01275,0000,1209,106,2024-12-30 05:03:19.696952
31309,0000,1209,106,2024-12-30 05:03:19.712955
34619,0000,1210,106,2024-12-30 05:03:19.728943
58996,0000,1210,106,2024-12-30 05:03:19.744945
56621,0000,1209,106,2024-12-30 05:03:19.760943
06688,0000,1210,106,2024-12-30 05:03:19.776942
01300,0000,1210,106,2024-12-30 05:03:19.792934
03812,0000,1210,106,2024-12-30 05:03:19.808938
45564,0000,1209,106,2024-12-30 05:03:19.840441
03126,0000,1209,106,2024-12-30 05:03:19.856929
04381,0000,1210,106,2024-12-30 05:03:19.872933
20665,0000,1210,106,2024-12-30 05:03:19.888930
00423,0000,1210,106,2024-12-30 05:03:19.904909
40911,0000,1210,106,2024-12-30 05:03:19.920915
13393,0000,1210,106,2024-12-30 05:03:19.936904
44024,0000,1210,106,2024-12-30 05:03:19.952904
33099,0001,1210,106,2024-12-30 05:03:19.968895
05128,0000,1210,106,2024-12-30 05:03:19.984902
00251,0000,1210,106,2024-12-30 05:03:20.016827
11363,0000,1210,106,2024-12-30 05:03:20.032891
00505,0000,1210,106,2024-12-30 05:03:20.048891
02703,0000,1210,106,2024-12-30 05:03:20.064881
36010,0000,1210,106,2024-12-30 05:03:20.080878
01503,0000,1210,106,2024-12-30 05:03:20.096884
18772,0000,1210,106,2024-12-30 05:03:20.112868
22573,0000,1210,106,2024-12-30 05:03:20.128871
02671,0000,1210,106,2024-12-30 05:03:20.144860
05175,0000,1210,106,2024-12-30 05:03:20.176437
02279,0000,1210,106,2024-12-30 05:03:20.192860
12414,0000,1210,106,2024-12-30 05:03:20.208852
04229,0000,1210,106,2024-12-30 05:03:20.224855
00592,0000,1210,106,2024-12-30 05:03:20.240858
21624,0000,1210,106,2024-12-30 05:03:20.256849
07710,0000,1210,106,2024-12-30 05:03:20.272851
04945,0000,1210,106,2024-12-30 05:03:20.288838
18462,0000,1210,106,2024-12-30 05:03:20.304850
13081,0000,1210,106,2024-12-30 05:03:20.320831
02670,0000,1210,106,2024-12-30 05:03:20.352830
17215,0000,1210,106,2024-12-30 05:03:20.368827
05146,0000,1210,106,2024-12-30 05:03:20.384822
03077,0000,1210,106,2024-12-30 05:03:20.400821
04459,0000,1210,106,2024-12-30 05:03:20.416813
02942,0000,1210,106,2024-12-30 05:03:20.432810
18979,0000,1209,106,2024-12-30 05:03:20.448809
03741,0000,1210,106,2024-12-30 05:03:20.464807
01169,0000,1210,106,2024-12-30 05:03:20.480803
05455,0000,1210,106,2024-12-30 05:03:20.512479
03043,0000,1209,106,2024-12-30 05:03:20.528792
33296,0000,1209,106,2024-12-30 05:03:20.544785
02073,0000,1210,106,2024-12-30 05:03:20.560787
23099,0000,1210,106,2024-12-30 05:03:20.576778
16908,0000,1210,106,2024-12-30 05:03:20.592771
01850,0000,1210,106,2024-12-30 05:03:20.608781
45445,0000,1210,106,2024-12-30 05:03:20.624774
04498,0000,1210,106,2024-12-30 05:03:20.640767
05114,0001,1210,106,2024-12-30 05:03:20.672127
02134,0000,1210,106,2024-12-30 05:03:20.688754
01116,0000,1210,106,2024-12-30 05:03:20.704757
47350,0000,1210,106,2024-12-30 05:03:20.720754
62456,0000,1210,106,2024-12-30 05:03:20.736759
04399,0000,1210,106,2024-12-30 05:03:20.752747
24388,0000,1210,106,2024-12-30 05:03:20.768754
07097,0000,1210,106,2024-12-30 05:03:20.784748
01016,0000,1210,106,2024-12-30 05:03:20.800737
01443,0000,1210,106,2024-12-30 05:03:20.816741
04765,0000,1210,106,2024-12-30 05:03:20.848505
17636,0000,1210,106,2024-12-30 05:03:20.864729
11868,0000,1210,106,2024-12-30 05:03:20.880727
27334,0000,1210,106,2024-12-30 05:03:20.896715
37710,0000,1210,106,2024-12-30 05:03:20.912727
34394,0000,1210,106,2024-12-30 05:03:20.928708
29259,0000,1210,106,2024-12-30 05:03:20.944714
09060,0000,1210,106,2024-12-30 05:03:20.960706
14088,0000,1210,106,2024-12-30 05:03:20.976706
24872,0000,1210,106,2024-12-30 05:03:21.008139
01538,0000,1210,106,2024-12-30 05:03:21.024691
32292,0000,1210,106,2024-12-30 05:03:21.040694
49980,0000,1210,106,2024-12-30 05:03:21.056699
04353,0000,1210,106,2024-12-30 05:03:21.072697
02161,0001,1210,106,2024-12-30 05:03:21.088680
00641,0000,1210,106,2024-12-30 05:03:21.104673
17929,0000,1210,106,2024-12-30 05:03:21.120678
02312,0000,1210,106,2024-12-30 05:03:21.136673
01909,0000,1210,106,2024-12-30 05:03:21.152671
13287,0000,1210,106,2024-12-30 05:03:21.184550
01210,0000,1210,106,2024-12-30 05:03:21.200658
03113,0000,1210,106,2024-12-30 05:03:21.216665
04653,0000,1210,106,2024-12-30 05:03:21.232655
55637,0000,1210,106,2024-12-30 05:03:21.248662
02744,0000,1210,106,2024-12-30 05:03:21.264648
30759,0000,1210,106,2024-12-30 05:03:21.280650
13611,0000,1210,106,2024-12-30 05:03:21.296641
06045,0000,1210,106,2024-12-30 05:03:21.312659
01417,0000,1210,106,2024-12-30 05:03:21.344181
02047,0000,1210,106,2024-12-30 05:03:21.360634
05055,0000,1210,106,2024-12-30 05:03:21.376633
24570,0000,1210,106,2024-12-30 05:03:21.392622
24377,0000,1210,106,2024-12-30 05:03:21.408628
16876,0000,1210,106,2024-12-30 05:03:21.424622
03667,0000,1210,106,2024-12-30 05:03:21.440624
01192,0000,1210,106,2024-12-30 05:03:21.456619
29920,0000,1210,106,2024-12-30 05:03:21.472611
29744,0000,1210,106,2024-12-30 05:03:21.488608
22436,0000,1210,106,2024-12-30 05:03:21.520566
02228,0000,1210,106,2024-12-30 05:03:21.536596
13181,0000,1210,106,2024-12-30 05:03:21.552591
06101,0000,1210,106,2024-12-30 05:03:21.568593
27055,0000,1210,106,2024-12-30 05:03:21.584593
51809,0000,1210,106,2024-12-30 05:03:21.600590
29784,0000,1210,106,2024-12-30 05:03:21.616578
05239,0000,1210,106,2024-12-30 05:03:21.632579
02177,0000,1210,106,2024-12-30 05:03:21.648566
03037,0000,1210,106,2024-12-30 05:03:21.680196
64347,0000,1210,106,2024-12-30 05:03:21.696576
19140,0000,1210,106,2024-12-30 05:03:21.712563
01067,0000,1210,106,2024-12-30 05:03:21.728567
04604,0000,1210,106,2024-12-30 05:03:21.744557
25132,0000,1210,106,2024-12-30 05:03:21.760559
01297,0001,1211,106,2024-12-30 05:03:21.776554
02435,0000,1210,106,2024-12-30 05:03:21.792551
01461,0000,1210,106,2024-12-30 05:03:21.808543
02959,0000,1210,106,2024-12-30 05:03:21.824544
10674,0000,1210,106,2024-12-30 05:03:21.856534
49638,0000,1210,106,2024-12-30 05:03:21.872535
10500,0000,1211,106,2024-12-30 05:03:21.888526
44163,0000,1210,106,2024-12-30 05:03:21.904528
02610,0000,1210,106,2024-12-30 05:03:21.920521
01474,0000,1210,106,2024-12-30 05:03:21.936525
03429,0000,1210,106,2024-12-30 05:03:21.952525
02969,0000,1210,106,2024-12-30 05:03:21.968526
02121,0000,1210,106,2024-12-30 05:03:21.984527
47461,0000,1210,106,2024-12-30 05:03:22.016221
01352,0000,1210,106,2024-12-30 05:03:22.032498
01278,0000,1211,106,2024-12-30 05:03:22.048500
02045,0000,1210,106,2024-12-30 05:03:22.064502
08175,0000,1210,106,2024-12-30 05:03:22.080494
25219,0000,1210,106,2024-12-30 05:03:22.096486
46451,0000,1210,106,2024-12-30 05:03:22.112486
03625,0000,1210,106,2024-12-30 05:03:22.128483
36350,0000,1210,106,2024-12-30 05:03:22.144479
00462,0000,1210,106,2024-12-30 05:03:22.175860
43712,0000,1210,106,2024-12-30 05:03:22.192466
03743,0000,1210,106,2024-12-30 05:03:22.208471
22392,0000,1210,106,2024-12-30 05:03:22.224470
02035,0000,1210,106,2024-12-30 05:03:22.240489
00614,0000,1210,106,2024-12-30 05:03:22.256458
02342,0000,1210,106,2024-12-30 05:03:22.272460
11515,0000,1210,106,2024-12-30 05:03:22.288454
04414,0000,1210,106,2024-12-30 05:03:22.304457
02076,0000,1210,106,2024-12-30 05:03:22.320443
03357,0000,1210,106,2024-12-30 05:03:22.352259
05456,0000,1210,106,2024-12-30 05:03:22.368443
41689,0000,1210,106,2024-12-30 05:03:22.384428
05400,0000,1210,106,2024-12-30 05:03:22.400433
02611,0000,1210,106,2024-12-30 05:03:22.416425
29384,0000,1210,106,2024-12-30 05:03:22.432422
02160,0000,1210,106,2024-12-30 05:03:22.448417
05348,0000,1210,106,2024-12-30 05:03:22.464417
41093,0001,1210,106,2024-12-30 05:03:22.480413
15930,0000,1210,106,2024-12-30 05:03:22.511882
47953,0000,1210,106,2024-12-30 05:03:22.528402
20785,0000,1211,106,2024-12-30 05:03:22.544406
03308,0000,1210,106,2024-12-30 05:03:22.560393
62475,0000,1210,106,2024-12-30 05:03:22.576393
17242,0000,1210,106,2024-12-30 05:03:22.592384
04656,0000,1210,106,2024-12-30 05:03:22.608386
39199,0001,1210,106,2024-12-30 05:03:22.624391
17090,0000,1211,106,2024-12-30 05:03:22.640389
04725,0000,1210,106,2024-12-30 05:03:22.656395
25383,0000,1210,106,2024-12-30 05:03:22.688278
15472,0001,1210,106,2024-12-30 05:03:22.704404
03404,0000,1210,106,2024-12-30 05:03:22.720405
02723,0000,1210,106,2024-12-30 05:03:22.736408
00913,0000,1210,106,2024-12-30 05:03:22.752406
19162,0000,1210,106,2024-12-30 05:03:22.768405
29100,0000,1210,106,2024-12-30 05:03:22.784409
20756,0000,1210,106,2024-12-30 05:03:22.800413
02333,0000,1210,106,2024-12-30 05:03:22.816345
22934,0001,1210,106,2024-12-30 05:03:22.847899
02160,0000,1210,106,2024-12-30 05:03:22.864335
01361,0000,1210,106,2024-12-30 05:03:22.880331
53880,0000,1210,106,2024-12-30 05:03:22.896336
04696,0000,1210,106,2024-12-30 05:03:22.912327
01432,0000,1210,106,2024-12-30 05:03:22.928321
36166,0000,1210,106,2024-12-30 05:03:22.944315
11521,0000,1210,106,2024-12-30 05:03:22.960314
10760,0000,1210,106,2024-12-30 05:03:22.976307
05134,0000,1211,106,2024-12-30 05:03:22.992312
11603,0000,1211,106,2024-12-30 05:03:23.024313
01235,0000,1210,106,2024-12-30 05:03:23.040301
31125,0000,1210,106,2024-12-30 05:03:23.056298
03223,0000,1211,106,2024-12-30 05:03:23.072296
24275,0000,1210,106,2024-12-30 05:03:23.088289
04602,0000,1211,106,2024-12-30 05:03:23.104290
23462,0000,1210,106,2024-12-30 05:03:23.120283
03739,0000,1211,106,2024-12-30 05:03:23.136284
26650,0000,1210,106,2024-12-30 05:03:23.152275
31517,0000,1210,106,2024-12-30 05:03:23.183920
42393,0000,1210,106,2024-12-30 05:03:23.200278
32384,0000,1210,106,2024-12-30 05:03:23.216271
01036,0000,1211,106,2024-12-30 05:03:23.232266
13785,0000,1210,106,2024-12-30 05:03:23.248474
40969,0000,1210,106,2024-12-30 05:03:23.264271
24833,0000,1210,106,2024-12-30 05:03:23.280254
18378,0000,1211,106,2024-12-30 05:03:23.296254
15678,0000,1210,106,2024-12-30 05:03:23.312247
02952,0000,1210,106,2024-12-30 05:03:23.343592
04130,0000,1210,106,2024-12-30 05:03:23.360241
30640,0000,1210,106,2024-12-30 05:03:23.376238
01503,0000,1210,106,2024-12-30 05:03:23.392237
22747,0000,1211,106,2024-12-30 05:03:23.408241
20765,0000,1210,106,2024-12-30 05:03:23.424228
49084,0000,1210,106,2024-12-30 05:03:23.440228
02984,0000,1210,106,2024-12-30 05:03:23.456214
00288,0000,1210,106,2024-12-30 05:03:23.472218
56878,0000,1210,106,2024-12-30 05:03:23.488209
25410,0000,1211,106,2024-12-30 05:03:23.519959
57531,0000,1211,106,2024-12-30 05:03:23.536209
00700,0000,1210,106,2024-12-30 05:03:23.552196
53860,0000,1210,106,2024-12-30 05:03:23.568203
15118,0000,1211,106,2024-12-30 05:03:23.584193
30619,0000,1211,106,2024-12-30 05:03:23.600196
48928,0000,1211,106,2024-12-30 05:03:23.616186
37949,0000,1210,106,2024-12-30 05:03:23.632183
05564,0000,1210,106,2024-12-30 05:03:23.648182
11952,0000,1211,106,2024-12-30 05:03:23.679602
64174,0000,1210,106,2024-12-30 05:03:23.696177
18667,0000,1210,106,2024-12-30 05:03:23.712169
34756,0000,1211,106,2024-12-30 05:03:23.728165
01254,0000,1211,106,2024-12-30 05:03:23.744173
35329,0000,1210,106,2024-12-30 05:03:23.760162
03765,0001,1210,106,2024-12-30 05:03:23.776162
02209,0000,1211,106,2024-12-30 05:03:23.792162
23595,0000,1210,106,2024-12-30 05:03:23.808144
31278,0000,1211,106,2024-12-30 05:03:23.824149
02820,0000,1210,106,2024-12-30 05:03:23.855987
02808,0000,1211,106,2024-12-30 05:03:23.872137
04647,0001,1211,106,2024-12-30 05:03:23.888132
11343,0000,1210,106,2024-12-30 05:03:23.904136
05009,0000,1211,106,2024-12-30 05:03:23.920136
58440,0000,1211,106,2024-12-30 05:03:23.936119
13119,0000,1211,106,2024-12-30 05:03:23.952122
14887,0000,1211,106,2024-12-30 05:03:23.968116
05035,0000,1211,106,2024-12-30 05:03:23.984118
15078,0000,1211,106,2024-12-30 05:03:24.015625
04659,0000,1211,106,2024-12-30 05:03:24.032107
01231,0000,1211,106,2024-12-30 05:03:24.048104
18330,0000,1211,106,2024-12-30 05:03:24.064105
44787,0000,1210,106,2024-12-30 05:03:24.080092
04597,0000,1211,106,2024-12-30 05:03:24.096101
05245,0000,1211,106,2024-12-30 05:03:24.112100
02193,0000,1211,106,2024-12-30 05:03:24.128089
01959,0000,1211,106,2024-12-30 05:03:24.144078
07414,0000,1211,106,2024-12-30 05:03:24.160081
28491,0000,1211,106,2024-12-30 05:03:24.192033
31127,0000,1211,106,2024-12-30 05:03:24.208066
05452,0000,1211,106,2024-12-30 05:03:24.224078
04621,0000,1211,106,2024-12-30 05:03:24.240083
24570,0000,1211,106,2024-12-30 05:03:24.256086
00891,0000,1211,106,2024-12-30 05:03:24.272076
01290,0000,1211,106,2024-12-30 05:03:24.288065
19426,0000,1211,106,2024-12-30 05:03:24.304064
04224,0000,1210,106,2024-12-30 05:03:24.320044
44253,0001,1211,106,2024-12-30 05:03:24.351639
30553,0000,1211,106,2024-12-30 05:03:24.368041
05319,0001,1211,106,2024-12-30 05:03:24.384035
35409,0001,1211,106,2024-12-30 05:03:24.400032
01405,0000,1211,106,2024-12-30 05:03:24.416028
04533,0000,1211,106,2024-12-30 05:03:24.432029
30564,0000,1211,106,2024-12-30 05:03:24.448028
28169,0000,1211,106,2024-12-30 05:03:24.464025
10987,0000,1211,106,2024-12-30 05:03:24.480016
63364,0001,1211,106,2024-12-30 05:03:24.496017
03398,0000,1210,106,2024-12-30 05:03:24.528021
27717,0000,1211,106,2024-12-30 05:03:24.544004
13336,0000,1211,106,2024-12-30 05:03:24.560006
16425,0000,1211,106,2024-12-30 05:03:24.576005
60081,0000,1211,106,2024-12-30 05:03:24.591995
06979,0000,1211,106,2024-12-30 05:03:24.607997
29460,0000,1211,106,2024-12-30 05:03:24.623987
05143,0000,1211,106,2024-12-30 05:03:24.639996
47352,0000,1211,106,2024-12-30 05:03:24.655979
01463,0000,1211,106,2024-12-30 05:03:24.687658
09174,0000,1211,106,2024-12-30 05:03:24.703984
29110,0000,1211,106,2024-12-30 05:03:24.719970
29999,0000,1211,106,2024-12-30 05:03:24.735966
04542,0000,1211,106,2024-12-30 05:03:24.751965
02959,0000,1211,106,2024-12-30 05:03:24.767970
20843,0000,1211,106,2024-12-30 05:03:24.783955
04896,0000,1211,106,2024-12-30 05:03:24.799951
03908,0001,1211,106,2024-12-30 05:03:24.815951
04786,0000,1211,106,2024-12-30 05:03:24.847317
38641,0000,1211,106,2024-12-30 05:03:24.863949
09490,0000,1211,106,2024-12-30 05:03:24.879938
01437,0000,1211,106,2024-12-30 05:03:24.895941
05308,0000,1211,106,2024-12-30 05:03:24.911930
05439,0000,1211,106,2024-12-30 05:03:24.927928
01979,0000,1211,106,2024-12-30 05:03:24.943924
00156,0000,1211,106,2024-12-30 05:03:24.959930
19764,0000,1211,106,2024-12-30 05:03:24.975932
61934,0000,1211,106,2024-12-30 05:03:24.991920
03606,0000,1211,106,2024-12-30 05:03:25.023705
17885,0000,1211,106,2024-12-30 05:03:25.039912
27731,0000,1211,106,2024-12-30 05:03:25.055909
05852,0000,1211,106,2024-12-30 05:03:25.071911
01265,0000,1211,106,2024-12-30 05:03:25.087905
18995,0000,1211,106,2024-12-30 05:03:25.103893
15296,0000,1211,106,2024-12-30 05:03:25.119903
02244,0000,1211,106,2024-12-30 05:03:25.135892
04068,0000,1211,106,2024-12-30 05:03:25.151887
02900,0000,1211,106,2024-12-30 05:03:25.183340
09284,0000,1211,106,2024-12-30 05:03:25.199873
03635,0000,1211,106,2024-12-30 05:03:25.215880
06159,0000,1211,106,2024-12-30 05:03:25.231867
25310,0000,1211,106,2024-12-30 05:03:25.247881
04552,0001,1211,106,2024-12-30 05:03:25.263856
24581,0000,1211,106,2024-12-30 05:03:25.279866
02433,0000,1211,106,2024-12-30 05:03:25.295852
14722,0000,1211,106,2024-12-30 05:03:25.311870
03818,0001,1211,106,2024-12-30 05:03:25.327853
50550,0000,1211,106,2024-12-30 05:03:25.359723
31976,0000,1211,106,2024-12-30 05:03:25.375859
05408,0000,1210,106,2024-12-30 05:03:25.391839
12695,0000,1211,106,2024-12-30 05:03:25.407842
00625,0000,1211,106,2024-12-30 05:03:25.423833
04436,0000,1211,106,2024-12-30 05:03:25.439833
19938,0000,1211,106,2024-12-30 05:03:25.455824
03753,0000,1211,106,2024-12-30 05:03:25.471827
09800,0000,1211,106,2024-12-30 05:03:25.487826
32559,0000,1211,106,2024-12-30 05:03:25.519360
23380,0000,1211,106,2024-12-30 05:03:25.535804
04315,0000,1211,106,2024-12-30 05:03:25.551809
57248,0000,1211,106,2024-12-30 05:03:25.567798
03737,0000,1211,106,2024-12-30 05:03:25.583803
17045,0000,1211,106,2024-12-30 05:03:25.599793
18826,0000,1211,106,2024-12-30 05:03:25.615795
30456,0000,1211,106,2024-12-30 05:03:25.631787
03053,0000,1211,106,2024-12-30 05:03:25.647795
01307,0000,1211,106,2024-12-30 05:03:25.663781
19075,0000,1211,106,2024-12-30 05:03:25.695732
20909,0000,1211,106,2024-12-30 05:03:25.711780
00744,0000,1211,106,2024-12-30 05:03:25.727767
28360,0000,1211,106,2024-12-30 05:03:25.743778
30991,0000,1211,106,2024-12-30 05:03:25.759780
17260,0000,1211,106,2024-12-30 05:03:25.775775
30388,0000,1211,106,2024-12-30 05:03:25.791780
57241,0000,1211,106,2024-12-30 05:03:25.807781
28298,0000,1211,106,2024-12-30 05:03:25.823781
18325,0000,1211,106,2024-12-30 05:03:25.855424
04662,0000,1211,106,2024-12-30 05:03:25.871795
49698,0000,1211,106,2024-12-30 05:03:25.887794
00637,0000,1211,106,2024-12-30 05:03:25.903802
02118,0000,1211,106,2024-12-30 05:03:25.919801
04592,0000,1211,106,2024-12-30 05:03:25.935800
03792,0000,1211,106,2024-12-30 05:03:25.951725
05053,0000,1211,106,2024-12-30 05:03:25.967732
03847,0000,1211,106,2024-12-30 05:03:25.983722
21747,0000,1211,106,2024-12-30 05:03:26.015035
00655,0000,1211,106,2024-12-30 05:03:26.031722
11564,0000,1211,106,2024-12-30 05:03:26.047708
25587,0000,1211,106,2024-12-30 05:03:26.063711
02261,0000,1212,106,2024-12-30 05:03:26.079710
00611,0000,1211,106,2024-12-30 05:03:26.095708
00839,0000,1211,106,2024-12-30 05:03:26.111701
04361,0000,1211,106,2024-12-30 05:03:26.127698
33021,0000,1211,106,2024-12-30 05:03:26.143700
09075,0000,1211,106,2024-12-30 05:03:26.159688
16294,0000,1211,106,2024-12-30 05:03:26.191417
19268,0000,1211,106,2024-12-30 05:03:26.207669
02861,0000,1211,106,2024-12-30 05:03:26.223673
20520,0000,1211,106,2024-12-30 05:03:26.239695
54969,0000,1211,106,2024-12-30 05:03:26.255672
56812,0000,1211,106,2024-12-30 05:03:26.271659
31551,0000,1211,106,2024-12-30 05:03:26.287668
20143,0000,1211,106,2024-12-30 05:03:26.303655
21038,0000,1212,106,2024-12-30 05:03:26.319661
02991,0000,1211,106,2024-12-30 05:03:26.351061
53990,0000,1211,106,2024-12-30 05:03:26.367647
09161,0001,1211,106,2024-12-30 05:03:26.383643
03665,0000,1211,106,2024-12-30 05:03:26.399636
14300,0000,1211,106,2024-12-30 05:03:26.415635
40630,0001,1211,106,2024-12-30 05:03:26.431627
49102,0000,1211,106,2024-12-30 05:03:26.447635
03061,0000,1211,106,2024-12-30 05:03:26.463626
05080,0000,1211,106,2024-12-30 05:03:26.479630
19288,0000,1211,106,2024-12-30 05:03:26.495624
03768,0000,1211,106,2024-12-30 05:03:26.527448
24482,0000,1211,106,2024-12-30 05:03:26.543608
00543,0000,1211,106,2024-12-30 05:03:26.559615
20948,0000,1211,106,2024-12-30 05:03:26.575604
01527,0000,1211,106,2024-12-30 05:03:26.591605
04917,0000,1211,106,2024-12-30 05:03:26.607599
01076,0000,1211,106,2024-12-30 05:03:26.623597
07106,0000,1211,106,2024-12-30 05:03:26.639599
00663,0000,1212,106,2024-12-30 05:03:26.655597
50615,0000,1211,106,2024-12-30 05:03:26.687096
49034,0000,1211,106,2024-12-30 05:03:26.703578
54252,0000,1211,106,2024-12-30 05:03:26.719586
04201,0000,1211,106,2024-12-30 05:03:26.735574
04296,0000,1211,106,2024-12-30 05:03:26.751582
21861,0000,1211,106,2024-12-30 05:03:26.767572
00489,0000,1212,106,2024-12-30 05:03:26.783574
30119,0000,1211,106,2024-12-30 05:03:26.799572
05141,0000,1212,106,2024-12-30 05:03:26.815569
22804,0000,1212,106,2024-12-30 05:03:26.831558
05283,0000,1212,106,2024-12-30 05:03:26.863482
13027,0001,1211,106,2024-12-30 05:03:26.879549
26794,0000,1211,106,2024-12-30 05:03:26.895544
04422,0000,1211,106,2024-12-30 05:03:26.911543
03681,0000,1211,106,2024-12-30 05:03:26.927550
00568,0000,1211,106,2024-12-30 05:03:26.943533
05227,0000,1211,106,2024-12-30 05:03:26.959541
07795,0000,1211,106,2024-12-30 05:03:26.975540
28500,0000,1211,106,2024-12-30 05:03:26.991532
27133,0000,1212,106,2024-12-30 05:03:27.023114
25736,0000,1212,106,2024-12-30 05:03:27.039526
58436,0000,1211,106,2024-12-30 05:03:27.055513
03609,0000,1211,106,2024-12-30 05:03:27.071517
16939,0000,1212,106,2024-12-30 05:03:27.087505
28995,0000,1211,106,2024-12-30 05:03:27.103509
01424,0000,1211,106,2024-12-30 05:03:27.119500
16178,0000,1211,106,2024-12-30 05:03:27.135505
05383,0000,1211,106,2024-12-30 05:03:27.151490
27955,0000,1211,106,2024-12-30 05:03:27.167500
23310,0000,1211,106,2024-12-30 05:03:27.199490
53081,0000,1211,106,2024-12-30 05:03:27.215479
01297,0000,1211,106,2024-12-30 05:03:27.231478
28719,0000,1211,106,2024-12-30 05:03:27.247490
02464,0000,1211,106,2024-12-30 05:03:27.263480
23239,0000,1211,106,2024-12-30 05:03:27.279465
01399,0000,1211,106,2024-12-30 05:03:27.295471
25263,0000,1211,106,2024-12-30 05:03:27.311472
17806,0000,1211,106,2024-12-30 05:03:27.327456
03136,0000,1211,106,2024-12-30 05:03:27.359153
00626,0000,1211,106,2024-12-30 05:03:27.375451
02221,0000,1211,106,2024-12-30 05:03:27.391445
05233,0000,1211,106,2024-12-30 05:03:27.407450
03657,0000,1211,106,2024-12-30 05:03:27.423444
02242,0001,1211,106,2024-12-30 05:03:27.439448
05249,0000,1211,106,2024-12-30 05:03:27.455435
02866,0000,1212,106,2024-12-30 05:03:27.471433
26468,0000,1211,106,2024-12-30 05:03:27.487424
22092,0000,1212,106,2024-12-30 05:03:27.518791
03642,0000,1212,106,2024-12-30 05:03:27.535422
15400,0000,1212,106,2024-12-30 05:03:27.551422
03090,0000,1211,106,2024-12-30 05:03:27.567408
25296,0000,1211,106,2024-12-30 05:03:27.583413
01025,0000,1211,106,2024-12-30 05:03:27.599408
04480,0000,1211,106,2024-12-30 05:03:27.615405
01546,0000,1211,106,2024-12-30 05:03:27.631395
04645,0000,1212,106,2024-12-30 05:03:27.647406
00751,0000,1212,106,2024-12-30 05:03:27.663399
24942,0000,1211,106,2024-12-30 05:03:27.695185
03707,0000,1212,106,2024-12-30 05:03:27.711398
50736,0000,1212,106,2024-12-30 05:03:27.727382
28219,0000,1211,106,2024-12-30 05:03:27.743377
18656,0000,1211,106,2024-12-30 05:03:27.759380
03838,0000,1211,106,2024-12-30 05:03:27.775372
05101,0000,1212,106,2024-12-30 05:03:27.791372
44909,0000,1211,106,2024-12-30 05:03:27.807369
54117,0000,1211,106,2024-12-30 05:03:27.823371
05517,0000,1211,106,2024-12-30 05:03:27.854798
03101,0000,1212,106,2024-12-30 05:03:27.871350
12521,0000,1211,106,2024-12-30 05:03:27.887357
04260,0000,1211,106,2024-12-30 05:03:27.903341
52448,0000,1211,106,2024-12-30 05:03:27.919343
04201,0000,1211,106,2024-12-30 05:03:27.935339
53374,0000,1212,106,2024-12-30 05:03:27.951327
04256,0000,1212,106,2024-12-30 05:03:27.967334
01545,0000,1212,106,2024-12-30 05:03:27.983326
03572,0000,1211,106,2024-12-30 05:03:27.999325
04353,0000,1212,106,2024-12-30 05:03:28.031199
39970,0000,1211,106,2024-12-30 05:03:28.047312
21468,0000,1212,106,2024-12-30 05:03:28.063320
66001,0000,1211,106,2024-12-30 05:03:28.079314
02819,0000,1211,106,2024-12-30 05:03:28.095323
03064,0000,1211,106,2024-12-30 05:03:28.111304
38550,0000,1212,106,2024-12-30 05:03:28.127308
66084,0000,1211,106,2024-12-30 05:03:28.143303
01525,0000,1212,106,2024-12-30 05:03:28.159296
00554,0000,1212,106,2024-12-30 05:03:28.190830
03824,0000,1211,106,2024-12-30 05:03:28.207292
22268,0000,1211,106,2024-12-30 05:03:28.223297
24596,0000,1212,106,2024-12-30 05:03:28.239291
15485,0000,1212,106,2024-12-30 05:03:28.255279
02228,0000,1212,106,2024-12-30 05:03:28.271274
27159,0000,1212,106,2024-12-30 05:03:28.287273
07407,0000,1212,106,2024-12-30 05:03:28.303288
02555,0000,1212,106,2024-12-30 05:03:28.319264
04143,0000,1212,106,2024-12-30 05:03:28.335267
03826,0000,1212,106,2024-12-30 05:03:28.367227
61768,0000,1212,106,2024-12-30 05:03:28.383250
11682,0000,1212,106,2024-12-30 05:03:28.399252
02332,0000,1212,106,2024-12-30 05:03:28.415245
51396,0000,1212,106,2024-12-30 05:03:28.431246
32182,0001,1212,106,2024-12-30 05:03:28.447235
26633,0000,1212,106,2024-12-30 05:03:28.463240
05426,0000,1212,106,2024-12-30 05:03:28.479248
18599,0001,1212,106,2024-12-30 05:03:28.495242
32192,0000,1212,106,2024-12-30 05:03:28.526859
05009,0000,1212,106,2024-12-30 05:03:28.543216
03835,0000,1212,106,2024-12-30 05:03:28.559208
14705,0000,1212,106,2024-12-30 05:03:28.575214
34598,0000,1212,106,2024-12-30 05:03:28.591213
34598,0000,1212,106,2024-12-30 05:03:28.607226
51542,0000,1212,106,2024-12-30 05:03:28.623207
04622,0000,1212,106,2024-12-30 05:03:28.639202
08917,0000,1212,106,2024-12-30 05:03:28.655197
04577,0000,1212,106,2024-12-30 05:03:28.671195
02027,0000,1212,106,2024-12-30 05:03:28.703195
04397,0001,1211,106,2024-12-30 05:03:28.719179
06030,0000,1211,106,2024-12-30 05:03:28.735185
05319,0000,1212,106,2024-12-30 05:03:28.751178
03408,0000,1212,106,2024-12-30 05:03:28.767180
48810,0001,1212,106,2024-12-30 05:03:28.783176
50687,0000,1212,106,2024-12-30 05:03:28.799181
00618,0000,1212,106,2024-12-30 05:03:28.815170
29662,0000,1211,106,2024-12-30 05:03:28.831174
40880,0000,1212,106,2024-12-30 05:03:28.862900
19823,0000,1212,106,2024-12-30 05:03:28.879171
00377,0000,1212,106,2024-12-30 05:03:28.895171
56033,0000,1212,106,2024-12-30 05:03:28.911171
01353,0000,1212,106,2024-12-30 05:03:28.927173
44044,0000,1212,106,2024-12-30 05:03:28.943180
03012,0000,1212,106,2024-12-30 05:03:28.959177
37112,0000,1212,106,2024-12-30 05:03:28.975182
02257,0000,1212,106,2024-12-30 05:03:28.991184
01827,0000,1211,106,2024-12-30 05:03:29.022571
27913,0000,1212,106,2024-12-30 05:03:29.039187
30153,0000,1212,106,2024-12-30 05:03:29.055190
00760,0000,1212,106,2024-12-30 05:03:29.071127
53126,0000,1212,106,2024-12-30 05:03:29.087125
04582,0000,1212,106,2024-12-30 05:03:29.103117
22534,0000,1212,106,2024-12-30 05:03:29.119121
01517,0001,1212,106,2024-12-30 05:03:29.135113
04757,0000,1212,106,2024-12-30 05:03:29.151117
02882,0000,1212,106,2024-12-30 05:03:29.167106
20860,0000,1212,106,2024-12-30 05:03:29.198929
03132,0000,1212,106,2024-12-30 05:03:29.215117
19755,0000,1212,106,2024-12-30 05:03:29.231096
50690,0000,1212,106,2024-12-30 05:03:29.247107
01887,0001,1212,106,2024-12-30 05:03:29.263100
51574,0000,1212,106,2024-12-30 05:03:29.279085
21914,0000,1212,106,2024-12-30 05:03:29.295088
15100,0000,1212,106,2024-12-30 05:03:29.311091
17509,0000,1212,106,2024-12-30 05:03:29.327077
38688,0000,1212,106,2024-12-30 05:03:29.358585
00591,0000,1212,106,2024-12-30 05:03:29.375074
02236,0000,1212,106,2024-12-30 05:03:29.391073
02231,0000,1212,106,2024-12-30 05:03:29.407061
03141,0000,1212,106,2024-12-30 05:03:29.423059
24880,0000,1212,106,2024-12-30 05:03:29.439054
04621,0000,1212,106,2024-12-30 05:03:29.455052
02036,0000,1212,106,2024-12-30 05:03:29.471052
02138,0000,1212,106,2024-12-30 05:03:29.487056
03108,0000,1212,106,2024-12-30 05:03:29.503046
05205,0000,1212,106,2024-12-30 05:03:29.534958
00422,0000,1212,106,2024-12-30 05:03:29.551033
12562,0000,1212,106,2024-12-30 05:03:29.567027
02994,0000,1212,106,2024-12-30 05:03:29.583019
43223,0000,1212,106,2024-12-30 05:03:29.599026
02091,0000,1212,106,2024-12-30 05:03:29.615022
15436,0001,1212,106,2024-12-30 05:03:29.631026
30698,0000,1212,106,2024-12-30 05:03:29.647018
04509,0000,1212,106,2024-12-30 05:03:29.663021
31495,0000,1212,106,2024-12-30 05:03:29.694587
43985,0000,1212,106,2024-12-30 05:03:29.711002
56028,0000,1212,106,2024-12-30 05:03:29.726993
14521,0000,1212,106,2024-12-30 05:03:29.742999
02846,0000,1212,106,2024-12-30 05:03:29.758995
01940,0000,1212,106,2024-12-30 05:03:29.774991
32071,0000,1213,106,2024-12-30 05:03:29.790980
29514,0000,1212,106,2024-12-30 05:03:29.806984
28065,0000,1212,106,2024-12-30 05:03:29.822974
32240,0000,1212,106,2024-12-30 05:03:29.838982
00476,0000,1212,106,2024-12-30 05:03:29.870975
31477,0000,1212,106,2024-12-30 05:03:29.886969
19010,0000,1212,106,2024-12-30 05:03:29.902970
28296,0000,1212,106,2024-12-30 05:03:29.918959
07644,0000,1212,106,2024-12-30 05:03:29.934964
05420,0000,1212,106,2024-12-30 05:03:29.950954
12074,0000,1212,106,2024-12-30 05:03:29.966951
02960,0000,1212,106,2024-12-30 05:03:29.982946
35327,0000,1212,106,2024-12-30 05:03:29.998952
09968,0000,1212,106,2024-12-30 05:03:30.030626
15402,0000,1212,106,2024-12-30 05:03:30.046956
02990,0000,1212,106,2024-12-30 05:03:30.062930
40982,0000,1212,106,2024-12-30 05:03:30.078936
45546,0000,1212,106,2024-12-30 05:03:30.094922
12896,0000,1212,106,2024-12-30 05:03:30.110927
03822,0000,1212,106,2024-12-30 05:03:30.126912
03881,0000,1212,106,2024-12-30 05:03:30.142919
19371,0000,1212,106,2024-12-30 05:03:30.158916
02574,0000,1212,106,2024-12-30 05:03:30.190249
01390,0000,1212,106,2024-12-30 05:03:30.206908
22455,0000,1212,106,2024-12-30 05:03:30.222903
16114,0000,1212,106,2024-12-30 05:03:30.238926
30105,0000,1212,106,2024-12-30 05:03:30.254910
15298,0000,1212,106,2024-12-30 05:03:30.270918
46512,0000,1212,106,2024-12-30 05:03:30.286901
27472,0000,1212,106,2024-12-30 05:03:30.302887
02096,0000,1212,106,2024-12-30 05:03:30.318883
35302,0000,1212,106,2024-12-30 05:03:30.334876
18317,0000,1212,106,2024-12-30 05:03:30.366645
01339,0000,1212,106,2024-12-30 05:03:30.382877
04547,0000,1212,106,2024-12-30 05:03:30.398995
26675,0000,1212,106,2024-12-30 05:03:30.414881
00626,0000,1212,106,2024-12-30 05:03:30.430965
14791,0000,1212,106,2024-12-30 05:03:30.446883
01201,0000,1212,106,2024-12-30 05:03:30.462865
44754,0000,1212,106,2024-12-30 05:03:30.478866
00983,0000,1212,106,2024-12-30 05:03:30.494858
01148,0000,1212,106,2024-12-30 05:03:30.526264
13701,0000,1212,106,2024-12-30 05:03:30.542853
08980,0000,1212,106,2024-12-30 05:03:30.558848
24298,0000,1212,106,2024-12-30 05:03:30.574835
11667,0000,1212,106,2024-12-30 05:03:30.590842
26413,0000,1212,106,2024-12-30 05:03:30.606824
04666,0000,1212,106,2024-12-30 05:03:30.622827
02780,0000,1212,106,2024-12-30 05:03:30.638821
02110,0000,1212,106,2024-12-30 05:03:30.654819
11640,0000,1212,106,2024-12-30 05:03:30.670816
09045,0000,1212,106,2024-12-30 05:03:30.702664
03885,0000,1212,106,2024-12-30 05:03:30.718808
09669,0000,1212,106,2024-12-30 05:03:30.734801
17098,0000,1212,106,2024-12-30 05:03:30.750815
02948,0000,1212,106,2024-12-30 05:03:30.766795
23413,0000,1212,106,2024-12-30 05:03:30.782796
03811,0000,1212,106,2024-12-30 05:03:30.798792
05934,0000,1212,106,2024-12-30 05:03:30.814795
09283,0000,1212,106,2024-12-30 05:03:30.830795
14662,0000,1213,106,2024-12-30 05:03:30.862316
03870,0000,1212,106,2024-12-30 05:03:30.878777
40748,0000,1212,106,2024-12-30 05:03:30.894765
03635,0000,1212,106,2024-12-30 05:03:30.910768
49862,0000,1212,106,2024-12-30 05:03:30.926768
28374,0000,1212,106,2024-12-30 05:03:30.942765
