DIST,AMP,TEMP,VOLT,Timestamp
11435,0000,1194,106,2024-12-29 20:35:13.567252
53468,0000,1194,106,2024-12-29 20:35:13.568021
04641,0001,1194,106,2024-12-29 20:35:13.568725
12782,0000,1194,106,2024-12-29 20:35:13.569424
00864,0000,1194,106,2024-12-29 20:35:13.570122
02636,0000,1194,106,2024-12-29 20:35:13.570852
17563,0000,1194,106,2024-12-29 20:35:13.571563
02627,0000,1194,106,2024-12-29 20:35:13.572264
55014,0000,1194,106,2024-12-29 20:35:13.572963
08481,0001,1194,106,2024-12-29 20:35:13.573659
34451,0000,1194,106,2024-12-29 20:35:13.574359
03779,0001,1194,106,2024-12-29 20:35:13.575067
56841,0000,1194,106,2024-12-29 20:35:13.575771
01429,0000,1194,106,2024-12-29 20:35:13.576474
60022,0000,1194,106,2024-12-29 20:35:13.577170
04390,0000,1194,106,2024-12-29 20:35:13.577867
32453,0000,1194,106,2024-12-29 20:35:13.578574
01253,0000,1194,106,2024-12-29 20:35:13.579275
04404,0000,1194,106,2024-12-29 20:35:13.579976
02207,0000,1194,106,2024-12-29 20:35:13.580674
16823,0000,1194,106,2024-12-29 20:35:13.581394
00794,0000,1194,106,2024-12-29 20:35:13.582169
02495,0000,1194,106,2024-12-29 20:35:13.582951
04129,0000,1194,106,2024-12-29 20:35:13.583709
03217,0000,1194,106,2024-12-29 20:35:13.584406
25244,0000,1194,106,2024-12-29 20:35:13.585110
02275,0000,1194,106,2024-12-29 20:35:13.585857
26235,0000,1194,106,2024-12-29 20:35:13.586607
02076,0000,1194,106,2024-12-29 20:35:13.587307
26440,0000,1194,106,2024-12-29 20:35:13.588005
29379,0000,1194,106,2024-12-29 20:35:13.588705
54003,0001,1194,106,2024-12-29 20:35:13.589402
33044,0000,1194,106,2024-12-29 20:35:13.590100
00307,0000,1194,106,2024-12-29 20:35:13.590813
09700,0000,1194,106,2024-12-29 20:35:13.591514
26514,0000,1194,106,2024-12-29 20:35:13.592210
00747,0000,1194,106,2024-12-29 20:35:13.592908
04240,0000,1194,106,2024-12-29 20:35:13.593605
10607,0000,1194,106,2024-12-29 20:35:13.594305
03805,0000,1194,106,2024-12-29 20:35:13.595014
07926,0000,1194,106,2024-12-29 20:35:13.595717
30054,0000,1194,106,2024-12-29 20:35:13.596415
49939,0000,1194,106,2024-12-29 20:35:13.597125
55799,0000,1194,106,2024-12-29 20:35:13.597851
00102,0000,1194,106,2024-12-29 20:35:13.598597
02654,0000,1194,106,2024-12-29 20:35:13.599347
00845,0000,1194,106,2024-12-29 20:35:13.600146
11429,0000,1193,106,2024-12-29 20:35:13.600949
01555,0001,1194,106,2024-12-29 20:35:13.601689
36239,0000,1194,106,2024-12-29 20:35:13.602533
05188,0000,1194,106,2024-12-29 20:35:13.603251
01140,0000,1194,106,2024-12-29 20:35:13.603951
16456,0000,1194,106,2024-12-29 20:35:13.604653
45784,0000,1194,106,2024-12-29 20:35:13.605365
05413,0000,1194,106,2024-12-29 20:35:13.606079
39274,0000,1194,106,2024-12-29 20:35:13.606789
09977,0000,1194,106,2024-12-29 20:35:13.607494
35709,0000,1194,106,2024-12-29 20:35:13.608192
15031,0000,1194,106,2024-12-29 20:35:13.608891
03517,0000,1194,106,2024-12-29 20:35:13.609593
55665,0000,1194,106,2024-12-29 20:35:13.610289
34766,0000,1194,106,2024-12-29 20:35:13.611000
28034,0000,1194,106,2024-12-29 20:35:13.611700
00303,0000,1194,106,2024-12-29 20:35:13.612399
20775,0000,1194,106,2024-12-29 20:35:13.613103
04346,0000,1194,106,2024-12-29 20:35:13.613802
32010,0000,1194,106,2024-12-29 20:35:13.614515
04557,0000,1194,106,2024-12-29 20:35:13.615220
02294,0000,1194,106,2024-12-29 20:35:13.615922
04877,0000,1194,106,2024-12-29 20:35:13.616622
02975,0000,1194,106,2024-12-29 20:35:13.617325
09895,0000,1194,106,2024-12-29 20:35:13.618025
48083,0000,1194,106,2024-12-29 20:35:13.618742
01387,0000,1194,106,2024-12-29 20:35:13.619442
00451,0000,1194,106,2024-12-29 20:35:13.620144
40813,0000,1194,106,2024-12-29 20:35:13.620846
12973,0000,1194,106,2024-12-29 20:35:13.621553
05481,0000,1194,106,2024-12-29 20:35:13.622257
26662,0000,1194,106,2024-12-29 20:35:13.622971
04168,0000,1194,106,2024-12-29 20:35:13.623680
09303,0000,1194,106,2024-12-29 20:35:13.624386
05302,0000,1194,106,2024-12-29 20:35:13.625090
27787,0000,1194,106,2024-12-29 20:35:13.625795
00716,0000,1194,106,2024-12-29 20:35:13.626507
01851,0000,1194,106,2024-12-29 20:35:13.627212
01481,0000,1194,106,2024-12-29 20:35:13.627916
04684,0000,1194,106,2024-12-29 20:35:13.628628
00005,0488,1194,106,2024-12-29 20:35:13.629334
00006,0485,1194,106,2024-12-29 20:35:13.630042
00006,0483,1194,106,2024-12-29 20:35:13.636844
00006,0490,1194,106,2024-12-29 20:35:13.652841
00004,0481,1194,106,2024-12-29 20:35:13.684830
00007,0495,1194,106,2024-12-29 20:35:13.700822
00005,0491,1194,106,2024-12-29 20:35:13.716819
00004,0487,1194,106,2024-12-29 20:35:13.732808
00005,0480,1194,106,2024-12-29 20:35:13.748815
00005,0490,1194,106,2024-12-29 20:35:13.764809
00005,0491,1194,106,2024-12-29 20:35:13.780805
00006,0486,1194,106,2024-12-29 20:35:13.796804
00006,0489,1194,106,2024-12-29 20:35:13.812799
00005,0484,1194,106,2024-12-29 20:35:13.844506
00007,0501,1194,106,2024-12-29 20:35:13.860785
00007,0486,1194,106,2024-12-29 20:35:13.876776
00005,0486,1194,106,2024-12-29 20:35:13.892787
00005,0480,1195,106,2024-12-29 20:35:13.908770
00006,0489,1194,106,2024-12-29 20:35:13.924769
00005,0496,1194,106,2024-12-29 20:35:13.940775
00006,0482,1194,106,2024-12-29 20:35:13.956760
00006,0502,1194,106,2024-12-29 20:35:13.972761
00006,0489,1194,106,2024-12-29 20:35:14.004139
00005,0490,1194,106,2024-12-29 20:35:14.020763
00006,0496,1194,106,2024-12-29 20:35:14.036742
00006,0493,1194,106,2024-12-29 20:35:14.052742
00006,0500,1194,106,2024-12-29 20:35:14.068768
00005,0487,1194,106,2024-12-29 20:35:14.084728
00006,0494,1194,106,2024-12-29 20:35:14.100729
00005,0488,1194,106,2024-12-29 20:35:14.116718
00006,0483,1194,106,2024-12-29 20:35:14.132722
00007,0497,1194,106,2024-12-29 20:35:14.148722
00006,0497,1194,106,2024-12-29 20:35:14.180516
00006,0492,1194,106,2024-12-29 20:35:14.196705
00005,0483,1194,106,2024-12-29 20:35:14.212697
00006,0479,1194,106,2024-12-29 20:35:14.228698
00005,0491,1194,106,2024-12-29 20:35:14.244722
00004,0491,1194,106,2024-12-29 20:35:14.260701
00006,0488,1194,106,2024-12-29 20:35:14.276684
00006,0486,1194,106,2024-12-29 20:35:14.292672
00006,0487,1194,106,2024-12-29 20:35:14.308676
00005,0502,1194,106,2024-12-29 20:35:14.340151
00006,0491,1194,106,2024-12-29 20:35:14.356678
00005,0489,1194,106,2024-12-29 20:35:14.372677
00005,0493,1194,106,2024-12-29 20:35:14.388669
00005,0483,1194,106,2024-12-29 20:35:14.404668
00005,0493,1194,106,2024-12-29 20:35:14.420654
00006,0495,1194,106,2024-12-29 20:35:14.436654
00006,0493,1194,106,2024-12-29 20:35:14.452646
00006,0492,1194,106,2024-12-29 20:35:14.468642
00006,0491,1194,106,2024-12-29 20:35:14.484638
00007,0493,1194,106,2024-12-29 20:35:14.516527
00005,0481,1194,106,2024-12-29 20:35:14.532636
00006,0488,1195,106,2024-12-29 20:35:14.548624
00006,0497,1194,106,2024-12-29 20:35:14.564625
00005,0495,1194,106,2024-12-29 20:35:14.580615
00006,0489,1194,106,2024-12-29 20:35:14.596617
00007,0485,1194,106,2024-12-29 20:35:14.612619
00005,0490,1194,106,2024-12-29 20:35:14.628613
00005,0490,1194,106,2024-12-29 20:35:14.644623
00005,0492,1194,106,2024-12-29 20:35:14.676188
00005,0487,1194,106,2024-12-29 20:35:14.692629
00006,0484,1194,106,2024-12-29 20:35:14.708633
00007,0492,1194,106,2024-12-29 20:35:14.724629
00006,0503,1194,106,2024-12-29 20:35:14.740637
00006,0486,1194,106,2024-12-29 20:35:14.756641
00005,0491,1194,106,2024-12-29 20:35:14.772638
00006,0482,1194,106,2024-12-29 20:35:14.788568
00006,0489,1194,106,2024-12-29 20:35:14.804579
00006,0496,1195,106,2024-12-29 20:35:14.820569
00006,0494,1194,106,2024-12-29 20:35:14.852535
00006,0490,1194,106,2024-12-29 20:35:14.868562
00004,0480,1194,106,2024-12-29 20:35:14.884554
00005,0479,1194,106,2024-12-29 20:35:14.900546
00006,0485,1195,106,2024-12-29 20:35:14.916550
00005,0488,1194,106,2024-12-29 20:35:14.932539
00005,0490,1194,106,2024-12-29 20:35:14.948538
00005,0483,1194,106,2024-12-29 20:35:14.964542
00005,0489,1194,106,2024-12-29 20:35:14.980539
00007,0487,1195,106,2024-12-29 20:35:15.012186
00005,0490,1194,106,2024-12-29 20:35:15.028518
00005,0488,1194,106,2024-12-29 20:35:15.044521
00006,0494,1194,106,2024-12-29 20:35:15.060515
00005,0488,1194,106,2024-12-29 20:35:15.076512
00005,0495,1195,106,2024-12-29 20:35:15.092510
00004,0488,1194,106,2024-12-29 20:35:15.108507
00005,0498,1195,106,2024-12-29 20:35:15.124502
00006,0488,1194,106,2024-12-29 20:35:15.140503
00004,0487,1195,106,2024-12-29 20:35:15.171840
00006,0489,1194,106,2024-12-29 20:35:15.188483
00006,0488,1194,106,2024-12-29 20:35:15.204483
00004,0488,1194,106,2024-12-29 20:35:15.220478
00007,0481,1194,106,2024-12-29 20:35:15.236489
00006,0488,1195,106,2024-12-29 20:35:15.252476
00006,0498,1194,106,2024-12-29 20:35:15.268474
00007,0492,1194,106,2024-12-29 20:35:15.284465
00006,0491,1194,106,2024-12-29 20:35:15.300453
00006,0493,1194,106,2024-12-29 20:35:15.316458
00006,0491,1195,106,2024-12-29 20:35:15.348200
00005,0491,1194,106,2024-12-29 20:35:15.364450
00006,0492,1194,106,2024-12-29 20:35:15.380435
00006,0491,1195,106,2024-12-29 20:35:15.396440
00007,0492,1194,106,2024-12-29 20:35:15.412434
00005,0496,1194,106,2024-12-29 20:35:15.428432
00006,0491,1195,106,2024-12-29 20:35:15.444435
00006,0500,1195,106,2024-12-29 20:35:15.460424
00006,0485,1194,106,2024-12-29 20:35:15.476421
00005,0490,1194,106,2024-12-29 20:35:15.507853
00006,0490,1194,106,2024-12-29 20:35:15.524403
00005,0492,1194,106,2024-12-29 20:35:15.540405
00006,0490,1194,106,2024-12-29 20:35:15.556405
00006,0489,1194,106,2024-12-29 20:35:15.572404
00004,0488,1195,106,2024-12-29 20:35:15.588395
00006,0494,1195,106,2024-12-29 20:35:15.604393
00006,0488,1194,106,2024-12-29 20:35:15.620391
00006,0492,1194,106,2024-12-29 20:35:15.636386
00006,0496,1195,106,2024-12-29 20:35:15.652385
00006,0482,1194,106,2024-12-29 20:35:15.684231
00005,0490,1194,106,2024-12-29 20:35:15.700382
00006,0496,1195,106,2024-12-29 20:35:15.716361
00006,0490,1195,106,2024-12-29 20:35:15.732365
00006,0497,1195,106,2024-12-29 20:35:15.748372
00006,0497,1194,106,2024-12-29 20:35:15.764365
00006,0493,1195,106,2024-12-29 20:35:15.780355
00006,0494,1195,106,2024-12-29 20:35:15.796351
00005,0489,1194,106,2024-12-29 20:35:15.812352
00006,0492,1194,106,2024-12-29 20:35:15.843866
00006,0488,1194,106,2024-12-29 20:35:15.860336
00004,0492,1194,106,2024-12-29 20:35:15.876336
00006,0496,1194,106,2024-12-29 20:35:15.892328
00006,0486,1194,106,2024-12-29 20:35:15.908330
00007,0499,1195,106,2024-12-29 20:35:15.924324
00006,0492,1195,106,2024-12-29 20:35:15.940320
00006,0490,1195,106,2024-12-29 20:35:15.956321
00005,0492,1194,106,2024-12-29 20:35:15.972310
00006,0496,1195,106,2024-12-29 20:35:15.988314
00006,0490,1194,106,2024-12-29 20:35:16.020250
00006,0485,1194,106,2024-12-29 20:35:16.036300
00005,0501,1195,106,2024-12-29 20:35:16.052300
00006,0505,1194,106,2024-12-29 20:35:16.068297
00006,0496,1195,106,2024-12-29 20:35:16.084283
00006,0497,1195,106,2024-12-29 20:35:16.100293
00006,0488,1194,106,2024-12-29 20:35:16.116281
00007,0497,1195,106,2024-12-29 20:35:16.132279
00005,0495,1194,106,2024-12-29 20:35:16.148273
00005,0483,1195,106,2024-12-29 20:35:16.179899
00006,0492,1195,106,2024-12-29 20:35:16.196260
00006,0488,1194,106,2024-12-29 20:35:16.212266
00005,0491,1194,106,2024-12-29 20:35:16.228256
00006,0495,1195,106,2024-12-29 20:35:16.244260
00006,0503,1195,106,2024-12-29 20:35:16.260247
00006,0496,1195,106,2024-12-29 20:35:16.276244
00006,0491,1195,106,2024-12-29 20:35:16.292245
00006,0491,1195,106,2024-12-29 20:35:16.308247
00006,0485,1195,106,2024-12-29 20:35:16.324243
00006,0496,1195,106,2024-12-29 20:35:16.356217
00006,0496,1195,106,2024-12-29 20:35:16.372219
00006,0485,1195,106,2024-12-29 20:35:16.388224
00006,0490,1195,106,2024-12-29 20:35:16.404218
00006,0491,1195,106,2024-12-29 20:35:16.420227
00004,0499,1195,106,2024-12-29 20:35:16.436209
00007,0493,1194,106,2024-12-29 20:35:16.452203
00006,0493,1195,106,2024-12-29 20:35:16.468194
00006,0492,1195,106,2024-12-29 20:35:16.484201
00006,0495,1195,106,2024-12-29 20:35:16.515907
00006,0496,1194,106,2024-12-29 20:35:16.532194
00005,0496,1195,106,2024-12-29 20:35:16.548188
00006,0492,1194,106,2024-12-29 20:35:16.564188
00006,0488,1194,106,2024-12-29 20:35:16.580172
00006,0497,1195,106,2024-12-29 20:35:16.596184
00006,0509,1195,106,2024-12-29 20:35:16.612168
00005,0496,1195,106,2024-12-29 20:35:16.628164
00005,0490,1195,106,2024-12-29 20:35:16.644175
00006,0489,1195,106,2024-12-29 20:35:16.675540
00007,0493,1195,106,2024-12-29 20:35:16.692149
00006,0491,1195,106,2024-12-29 20:35:16.708152
00005,0488,1195,106,2024-12-29 20:35:16.724141
00005,0493,1195,106,2024-12-29 20:35:16.740152
00006,0499,1194,106,2024-12-29 20:35:16.756138
00006,0493,1195,106,2024-12-29 20:35:16.772141
00006,0494,1194,106,2024-12-29 20:35:16.788143
00006,0490,1195,106,2024-12-29 20:35:16.804122
00005,0485,1195,106,2024-12-29 20:35:16.820128
00006,0498,1195,106,2024-12-29 20:35:16.851925
00005,0504,1195,106,2024-12-29 20:35:16.868117
00006,0496,1195,106,2024-12-29 20:35:16.884115
00005,0486,1195,106,2024-12-29 20:35:16.900117
00005,0491,1195,106,2024-12-29 20:35:16.916122
00005,0492,1195,106,2024-12-29 20:35:16.932104
00006,0487,1195,106,2024-12-29 20:35:16.948099
00006,0491,1194,106,2024-12-29 20:35:16.964098
00006,0495,1195,106,2024-12-29 20:35:16.980089
00006,0505,1195,106,2024-12-29 20:35:17.011570
00006,0497,1195,106,2024-12-29 20:35:17.028078
00006,0497,1195,106,2024-12-29 20:35:17.044076
00005,0490,1195,106,2024-12-29 20:35:17.060078
00005,0493,1195,106,2024-12-29 20:35:17.076069
00006,0493,1194,106,2024-12-29 20:35:17.092067
00007,0496,1195,106,2024-12-29 20:35:17.108071
00005,0494,1195,106,2024-12-29 20:35:17.124055
00005,0491,1195,106,2024-12-29 20:35:17.140061
00005,0486,1195,106,2024-12-29 20:35:17.156064
00006,0493,1195,106,2024-12-29 20:35:17.187960
00006,0490,1195,106,2024-12-29 20:35:17.204041
00007,0499,1195,106,2024-12-29 20:35:17.220039
00006,0501,1195,106,2024-12-29 20:35:17.236037
00007,0490,1195,106,2024-12-29 20:35:17.252044
00005,0499,1194,106,2024-12-29 20:35:17.268042
00005,0495,1195,106,2024-12-29 20:35:17.284112
00006,0499,1195,106,2024-12-29 20:35:17.300045
00006,0498,1195,106,2024-12-29 20:35:17.316026
00007,0501,1195,106,2024-12-29 20:35:17.347587
00006,0505,1195,106,2024-12-29 20:35:17.364019
00005,0496,1194,106,2024-12-29 20:35:17.380012
00005,0498,1195,106,2024-12-29 20:35:17.396008
00006,0489,1195,106,2024-12-29 20:35:17.411996
00005,0496,1195,106,2024-12-29 20:35:17.428002
00006,0498,1194,106,2024-12-29 20:35:17.443998
00006,0490,1195,106,2024-12-29 20:35:17.459983
00006,0494,1195,106,2024-12-29 20:35:17.475991
00005,0486,1194,106,2024-12-29 20:35:17.491976
00006,0489,1195,106,2024-12-29 20:35:17.523979
00006,0489,1195,106,2024-12-29 20:35:17.539983
00005,0492,1194,106,2024-12-29 20:35:17.555987
00006,0492,1195,106,2024-12-29 20:35:17.571989
00005,0491,1195,106,2024-12-29 20:35:17.587986
00006,0489,1195,106,2024-12-29 20:35:17.603985
00006,0481,1195,106,2024-12-29 20:35:17.619988
00005,0483,1195,106,2024-12-29 20:35:17.635990
00005,0482,1195,106,2024-12-29 20:35:17.651993
00006,0489,1195,106,2024-12-29 20:35:17.683647
00006,0487,1195,106,2024-12-29 20:35:17.699999
00006,0497,1195,106,2024-12-29 20:35:17.715933
00006,0500,1194,106,2024-12-29 20:35:17.731920
00007,0492,1195,106,2024-12-29 20:35:17.747931
00006,0495,1195,106,2024-12-29 20:35:17.763916
00006,0509,1195,106,2024-12-29 20:35:17.779921
00006,0494,1195,106,2024-12-29 20:35:17.795909
00006,0492,1195,106,2024-12-29 20:35:17.811914
00006,0498,1194,106,2024-12-29 20:35:17.843231
00006,0498,1195,106,2024-12-29 20:35:17.859901
00005,0488,1195,106,2024-12-29 20:35:17.875901
00006,0495,1194,106,2024-12-29 20:35:17.891901
00005,0490,1195,106,2024-12-29 20:35:17.907892
00005,0500,1195,106,2024-12-29 20:35:17.923882
00006,0493,1194,106,2024-12-29 20:35:17.939877
00006,0495,1195,106,2024-12-29 20:35:17.955878
00005,0496,1195,106,2024-12-29 20:35:17.971874
00006,0487,1195,106,2024-12-29 20:35:17.987874
00006,0490,1194,106,2024-12-29 20:35:18.019631
00005,0492,1195,106,2024-12-29 20:35:18.035861
00006,0501,1195,106,2024-12-29 20:35:18.051854
00007,0500,1195,106,2024-12-29 20:35:18.067847
00007,0489,1195,106,2024-12-29 20:35:18.083848
00006,0494,1195,106,2024-12-29 20:35:18.099841
00006,0499,1194,106,2024-12-29 20:35:18.115844
00007,0490,1195,106,2024-12-29 20:35:18.131835
00006,0488,1195,106,2024-12-29 20:35:18.147830
00006,0492,1195,106,2024-12-29 20:35:18.179263
00005,0495,1195,106,2024-12-29 20:35:18.195830
00005,0491,1195,106,2024-12-29 20:35:18.211817
00006,0496,1194,106,2024-12-29 20:35:18.227818
00005,0501,1195,106,2024-12-29 20:35:18.243846
00007,0495,1195,106,2024-12-29 20:35:18.259804
00006,0494,1195,106,2024-12-29 20:35:18.275805
00005,0497,1195,106,2024-12-29 20:35:18.291795
00006,0491,1195,106,2024-12-29 20:35:18.307808
00005,0492,1195,106,2024-12-29 20:35:18.323792
00006,0494,1195,106,2024-12-29 20:35:18.355658
00006,0493,1195,106,2024-12-29 20:35:18.371784
00006,0500,1195,106,2024-12-29 20:35:18.387780
00005,0490,1195,106,2024-12-29 20:35:18.403772
00006,0501,1194,106,2024-12-29 20:35:18.419773
00005,0505,1195,106,2024-12-29 20:35:18.435769
00005,0494,1194,106,2024-12-29 20:35:18.451771
00005,0503,1195,106,2024-12-29 20:35:18.467766
00005,0497,1195,106,2024-12-29 20:35:18.483760
00007,0491,1195,106,2024-12-29 20:35:18.515292
00006,0491,1195,106,2024-12-29 20:35:18.531752
00006,0494,1195,106,2024-12-29 20:35:18.547738
00006,0499,1195,106,2024-12-29 20:35:18.563743
00007,0486,1195,106,2024-12-29 20:35:18.579743
00005,0499,1195,106,2024-12-29 20:35:18.595744
00007,0493,1195,106,2024-12-29 20:35:18.611747
00006,0496,1195,106,2024-12-29 20:35:18.627725
00006,0502,1195,106,2024-12-29 20:35:18.643731
00004,0501,1195,106,2024-12-29 20:35:18.659714
00005,0493,1195,106,2024-12-29 20:35:18.691677
00006,0490,1195,106,2024-12-29 20:35:18.707709
00006,0501,1195,106,2024-12-29 20:35:18.723711
00006,0497,1195,106,2024-12-29 20:35:18.739706
00005,0498,1195,106,2024-12-29 20:35:18.755701
00005,0500,1195,106,2024-12-29 20:35:18.771697
00005,0496,1194,106,2024-12-29 20:35:18.787693
00007,0495,1194,106,2024-12-29 20:35:18.803686
00006,0495,1195,106,2024-12-29 20:35:18.819695
00006,0494,1195,106,2024-12-29 20:35:18.851305
00006,0494,1195,106,2024-12-29 20:35:18.867678
00005,0493,1195,106,2024-12-29 20:35:18.883672
00006,0496,1195,106,2024-12-29 20:35:18.899670
00006,0500,1195,106,2024-12-29 20:35:18.915668
00005,0489,1195,106,2024-12-29 20:35:18.931664
00005,0495,1195,106,2024-12-29 20:35:18.947656
00004,0496,1195,106,2024-12-29 20:35:18.963658
00005,0499,1195,106,2024-12-29 20:35:18.979663
00007,0497,1195,106,2024-12-29 20:35:18.995644
00006,0498,1195,106,2024-12-29 20:35:19.027647
00005,0498,1195,106,2024-12-29 20:35:19.043651
00006,0491,1194,106,2024-12-29 20:35:19.059634
00006,0493,1195,106,2024-12-29 20:35:19.075646
00006,0493,1195,106,2024-12-29 20:35:19.091638
00006,0496,1195,106,2024-12-29 20:35:19.107625
00005,0493,1195,106,2024-12-29 20:35:19.123629
00005,0502,1195,106,2024-12-29 20:35:19.139621
00006,0489,1195,106,2024-12-29 20:35:19.155618
00005,0500,1195,106,2024-12-29 20:35:19.187329
00006,0493,1195,106,2024-12-29 20:35:19.203605
00007,0497,1195,106,2024-12-29 20:35:19.219599
00006,0498,1195,106,2024-12-29 20:35:19.235607
00005,0498,1195,106,2024-12-29 20:35:19.251601
00006,0500,1195,106,2024-12-29 20:35:19.267600
00006,0496,1195,106,2024-12-29 20:35:19.283580
00006,0496,1194,106,2024-12-29 20:35:19.299586
00005,0495,1195,106,2024-12-29 20:35:19.315576
00005,0496,1195,106,2024-12-29 20:35:19.346985
00006,0495,1195,106,2024-12-29 20:35:19.363568
00006,0511,1195,106,2024-12-29 20:35:19.379566
00006,0494,1195,106,2024-12-29 20:35:19.395562
00006,0497,1195,106,2024-12-29 20:35:19.411562
00005,0497,1195,106,2024-12-29 20:35:19.427555
00006,0499,1195,106,2024-12-29 20:35:19.443555
00006,0498,1195,106,2024-12-29 20:35:19.459558
00006,0494,1195,106,2024-12-29 20:35:19.475544
00006,0496,1195,106,2024-12-29 20:35:19.491549
00005,0503,1195,106,2024-12-29 20:35:19.523359
00005,0493,1195,106,2024-12-29 20:35:19.539534
00005,0499,1195,106,2024-12-29 20:35:19.555525
00007,0496,1194,106,2024-12-29 20:35:19.571522
00006,0504,1195,106,2024-12-29 20:35:19.587532
00006,0492,1195,106,2024-12-29 20:35:19.603515
00005,0491,1195,106,2024-12-29 20:35:19.619513
00007,0496,1195,106,2024-12-29 20:35:19.635510
00005,0495,1194,106,2024-12-29 20:35:19.651503
00006,0496,1195,106,2024-12-29 20:35:19.682973
00006,0492,1195,106,2024-12-29 20:35:19.699497
00007,0502,1195,106,2024-12-29 20:35:19.715502
00006,0493,1195,106,2024-12-29 20:35:19.731484
00006,0503,1194,106,2024-12-29 20:35:19.747486
00006,0502,1195,106,2024-12-29 20:35:19.763473
00005,0506,1195,106,2024-12-29 20:35:19.779471
00005,0499,1195,106,2024-12-29 20:35:19.795474
00007,0499,1195,106,2024-12-29 20:35:19.811482
00005,0499,1195,106,2024-12-29 20:35:19.827475
00007,0495,1195,106,2024-12-29 20:35:19.859370
00006,0490,1195,106,2024-12-29 20:35:19.875456
00006,0494,1194,106,2024-12-29 20:35:19.891454
00006,0495,1195,106,2024-12-29 20:35:19.907446
00006,0494,1195,106,2024-12-29 20:35:19.923440
00007,0494,1195,106,2024-12-29 20:35:19.939440
00006,0495,1195,106,2024-12-29 20:35:19.955434
00006,0496,1195,106,2024-12-29 20:35:19.971438
00006,0491,1195,106,2024-12-29 20:35:19.987436
00006,0494,1195,106,2024-12-29 20:35:20.019007
00006,0494,1195,106,2024-12-29 20:35:20.035433
00006,0498,1195,106,2024-12-29 20:35:20.051420
00004,0484,1195,106,2024-12-29 20:35:20.067419
00005,0506,1195,106,2024-12-29 20:35:20.083417
00006,0496,1195,106,2024-12-29 20:35:20.099404
00005,0490,1195,106,2024-12-29 20:35:20.115410
00005,0494,1195,106,2024-12-29 20:35:20.131391
00006,0508,1195,106,2024-12-29 20:35:20.147399
00005,0499,1195,106,2024-12-29 20:35:20.163391
00005,0503,1195,106,2024-12-29 20:35:20.195388
00006,0499,1195,106,2024-12-29 20:35:20.211385
00006,0490,1195,106,2024-12-29 20:35:20.227381
00006,0497,1195,106,2024-12-29 20:35:20.243382
00005,0497,1195,106,2024-12-29 20:35:20.259376
00005,0492,1195,106,2024-12-29 20:35:20.275370
00006,0498,1195,106,2024-12-29 20:35:20.291365
00005,0492,1195,106,2024-12-29 20:35:20.307366
00006,0492,1195,106,2024-12-29 20:35:20.323353
00005,0495,1195,106,2024-12-29 20:35:20.355033
00006,0492,1195,106,2024-12-29 20:35:20.371347
00005,0500,1195,106,2024-12-29 20:35:20.387344
00007,0503,1194,106,2024-12-29 20:35:20.403338
00006,0496,1195,106,2024-12-29 20:35:20.419335
00006,0494,1195,106,2024-12-29 20:35:20.435341
00005,0496,1194,106,2024-12-29 20:35:20.451347
00006,0500,1195,106,2024-12-29 20:35:20.467339
00006,0490,1194,106,2024-12-29 20:35:20.483342
00006,0498,1195,106,2024-12-29 20:35:20.514702
00006,0495,1195,106,2024-12-29 20:35:20.531347
00005,0500,1195,106,2024-12-29 20:35:20.547347
00005,0498,1195,106,2024-12-29 20:35:20.563354
00005,0490,1195,106,2024-12-29 20:35:20.579353
00006,0502,1195,106,2024-12-29 20:35:20.595356
00006,0498,1195,106,2024-12-29 20:35:20.611356
00005,0488,1195,106,2024-12-29 20:35:20.627288
00006,0492,1195,106,2024-12-29 20:35:20.643287
00006,0492,1195,106,2024-12-29 20:35:20.659280
00007,0502,1195,106,2024-12-29 20:35:20.691062
00005,0494,1195,106,2024-12-29 20:35:20.707266
00005,0497,1195,106,2024-12-29 20:35:20.723271
00005,0494,1195,106,2024-12-29 20:35:20.739266
00006,0491,1195,106,2024-12-29 20:35:20.755271
00006,0495,1195,106,2024-12-29 20:35:20.771261
00007,0493,1195,106,2024-12-29 20:35:20.787259
00006,0497,1195,106,2024-12-29 20:35:20.803265
00006,0494,1195,106,2024-12-29 20:35:20.819250
00006,0495,1195,106,2024-12-29 20:35:20.850703
00005,0492,1194,106,2024-12-29 20:35:20.867242
00006,0491,1195,106,2024-12-29 20:35:20.883237
00006,0504,1195,106,2024-12-29 20:35:20.899235
00006,0495,1195,106,2024-12-29 20:35:20.915237
00007,0502,1195,106,2024-12-29 20:35:20.931234
00005,0495,1194,106,2024-12-29 20:35:20.947225
00005,0497,1195,106,2024-12-29 20:35:20.963214
00006,0501,1195,106,2024-12-29 20:35:20.979216
00006,0497,1195,106,2024-12-29 20:35:20.995210
00006,0501,1195,106,2024-12-29 20:35:21.027075
00006,0493,1194,106,2024-12-29 20:35:21.043203
00005,0500,1195,106,2024-12-29 20:35:21.059195
00006,0500,1194,106,2024-12-29 20:35:21.075190
00005,0501,1195,106,2024-12-29 20:35:21.091192
00005,0499,1195,106,2024-12-29 20:35:21.107190
00005,0495,1194,106,2024-12-29 20:35:21.123183
00006,0493,1195,106,2024-12-29 20:35:21.139178
00005,0491,1194,106,2024-12-29 20:35:21.155180
00005,0485,1194,106,2024-12-29 20:35:21.186713
00005,0498,1194,106,2024-12-29 20:35:21.203175
00006,0499,1195,106,2024-12-29 20:35:21.219157
00006,0487,1195,106,2024-12-29 20:35:21.235160
00006,0492,1195,106,2024-12-29 20:35:21.251162
00006,0497,1194,106,2024-12-29 20:35:21.267153
00005,0491,1195,106,2024-12-29 20:35:21.283149
00005,0502,1195,106,2024-12-29 20:35:21.299145
00005,0498,1195,106,2024-12-29 20:35:21.315150
00005,0498,1195,106,2024-12-29 20:35:21.331143
00006,0493,1195,106,2024-12-29 20:35:21.363117
00006,0500,1194,106,2024-12-29 20:35:21.379134
00005,0496,1195,106,2024-12-29 20:35:21.395130
00006,0494,1195,106,2024-12-29 20:35:21.411124
00007,0500,1195,106,2024-12-29 20:35:21.427119
00007,0504,1194,106,2024-12-29 20:35:21.443124
00006,0496,1195,106,2024-12-29 20:35:21.459123
00005,0495,1195,106,2024-12-29 20:35:21.475118
00006,0495,1195,106,2024-12-29 20:35:21.491113
00005,0488,1195,106,2024-12-29 20:35:21.522741
00006,0495,1195,106,2024-12-29 20:35:21.539113
00005,0503,1195,106,2024-12-29 20:35:21.555111
00005,0493,1194,106,2024-12-29 20:35:21.571093
00005,0492,1194,106,2024-12-29 20:35:21.587090
00005,0495,1195,106,2024-12-29 20:35:21.603090
00006,0503,1194,106,2024-12-29 20:35:21.619077
00005,0497,1194,106,2024-12-29 20:35:21.635085
00006,0488,1195,106,2024-12-29 20:35:21.651082
00005,0502,1195,106,2024-12-29 20:35:21.667089
00005,0495,1195,106,2024-12-29 20:35:21.699078
00005,0491,1194,106,2024-12-29 20:35:21.715059
00005,0499,1194,106,2024-12-29 20:35:21.731058
00005,0492,1195,106,2024-12-29 20:35:21.747065
00007,0486,1195,106,2024-12-29 20:35:21.763057
00006,0490,1194,106,2024-12-29 20:35:21.779057
00005,0498,1195,106,2024-12-29 20:35:21.795050
00006,0491,1195,106,2024-12-29 20:35:21.811051
00006,0495,1194,106,2024-12-29 20:35:21.827052
00005,0496,1195,106,2024-12-29 20:35:21.858774
00005,0499,1195,106,2024-12-29 20:35:21.875028
00005,0494,1195,106,2024-12-29 20:35:21.891029
00007,0503,1194,106,2024-12-29 20:35:21.907028
00006,0498,1195,106,2024-12-29 20:35:21.923029
00006,0503,1194,106,2024-12-29 20:35:21.939015
00006,0497,1194,106,2024-12-29 20:35:21.955011
00006,0493,1194,106,2024-12-29 20:35:21.971021
00005,0493,1195,106,2024-12-29 20:35:21.987019
00006,0496,1194,106,2024-12-29 20:35:22.018395
00005,0488,1195,106,2024-12-29 20:35:22.035012
00006,0497,1195,106,2024-12-29 20:35:22.050987
00005,0491,1195,106,2024-12-29 20:35:22.066994
00006,0493,1195,106,2024-12-29 20:35:22.082987
00005,0492,1195,106,2024-12-29 20:35:22.098975
00006,0483,1194,106,2024-12-29 20:35:22.114980
00005,0499,1194,106,2024-12-29 20:35:22.130968
00005,0492,1194,106,2024-12-29 20:35:22.146973
00007,0500,1195,106,2024-12-29 20:35:22.162979
00005,0494,1195,106,2024-12-29 20:35:22.194798
00006,0499,1195,106,2024-12-29 20:35:22.210966
00006,0494,1195,106,2024-12-29 20:35:22.226955
00004,0487,1194,106,2024-12-29 20:35:22.242968
00007,0495,1194,106,2024-12-29 20:35:22.258952
00006,0489,1194,106,2024-12-29 20:35:22.274961
00005,0488,1194,106,2024-12-29 20:35:22.290952
00005,0494,1195,106,2024-12-29 20:35:22.306937
00005,0490,1194,106,2024-12-29 20:35:22.322936
00006,0496,1194,106,2024-12-29 20:35:22.354425
00006,0495,1194,106,2024-12-29 20:35:22.370924
00006,0498,1194,106,2024-12-29 20:35:22.386920
00006,0499,1194,106,2024-12-29 20:35:22.402928
00005,0496,1194,106,2024-12-29 20:35:22.418908
00006,0489,1194,106,2024-12-29 20:35:22.434909
00006,0498,1194,106,2024-12-29 20:35:22.450907
00004,0492,1194,106,2024-12-29 20:35:22.466895
00007,0494,1194,106,2024-12-29 20:35:22.482895
00005,0494,1194,106,2024-12-29 20:35:22.498888
00005,0499,1194,106,2024-12-29 20:35:22.530814
00005,0490,1194,106,2024-12-29 20:35:22.546886
00006,0492,1194,106,2024-12-29 20:35:22.562878
00005,0495,1194,106,2024-12-29 20:35:22.578882
00006,0510,1195,106,2024-12-29 20:35:22.594876
00006,0491,1194,106,2024-12-29 20:35:22.610865
00006,0490,1194,106,2024-12-29 20:35:22.626868
00005,0492,1195,106,2024-12-29 20:35:22.642868
00005,0496,1194,106,2024-12-29 20:35:22.658872
00007,0500,1194,106,2024-12-29 20:35:22.690455
00005,0486,1195,106,2024-12-29 20:35:22.706858
00005,0501,1195,106,2024-12-29 20:35:22.722852
00006,0496,1194,106,2024-12-29 20:35:22.738850
00005,0498,1194,106,2024-12-29 20:35:22.754840
00006,0493,1194,106,2024-12-29 20:35:22.770847
00005,0505,1194,106,2024-12-29 20:35:22.786833
00006,0490,1194,106,2024-12-29 20:35:22.802834
00005,0491,1194,106,2024-12-29 20:35:22.818823
00005,0490,1194,106,2024-12-29 20:35:22.834831
00004,0488,1194,106,2024-12-29 20:35:22.866817
00005,0492,1194,106,2024-12-29 20:35:22.882811
00005,0502,1194,106,2024-12-29 20:35:22.898816
00006,0491,1194,106,2024-12-29 20:35:22.914804
00004,0491,1195,106,2024-12-29 20:35:22.930799
00005,0499,1194,106,2024-12-29 20:35:22.946806
00006,0507,1195,106,2024-12-29 20:35:22.962797
00007,0497,1194,106,2024-12-29 20:35:22.978799
00006,0497,1194,106,2024-12-29 20:35:22.994788
00006,0501,1195,106,2024-12-29 20:35:23.026479
00005,0491,1194,106,2024-12-29 20:35:23.042780
00006,0495,1194,106,2024-12-29 20:35:23.058780
00006,0486,1194,106,2024-12-29 20:35:23.074775
00005,0490,1194,106,2024-12-29 20:35:23.090770
00006,0489,1194,106,2024-12-29 20:35:23.106768
00005,0499,1194,106,2024-12-29 20:35:23.122760
00006,0496,1194,106,2024-12-29 20:35:23.138764
00005,0500,1195,106,2024-12-29 20:35:23.154749
00005,0493,1194,106,2024-12-29 20:35:23.186108
00007,0490,1194,106,2024-12-29 20:35:23.202747
00006,0492,1194,106,2024-12-29 20:35:23.218738
00005,0492,1194,106,2024-12-29 20:35:23.234736
00006,0492,1194,106,2024-12-29 20:35:23.250748
00006,0495,1194,106,2024-12-29 20:35:23.266728
00006,0498,1194,106,2024-12-29 20:35:23.282734
00006,0497,1194,106,2024-12-29 20:35:23.298722
00007,0501,1194,106,2024-12-29 20:35:23.314720
00005,0499,1195,106,2024-12-29 20:35:23.330713
00006,0496,1194,106,2024-12-29 20:35:23.362479
00005,0488,1194,106,2024-12-29 20:35:23.378708
00005,0497,1194,106,2024-12-29 20:35:23.394715
00005,0490,1194,106,2024-12-29 20:35:23.410711
00006,0499,1194,106,2024-12-29 20:35:23.426712
00006,0481,1194,106,2024-12-29 20:35:23.442721
00005,0494,1194,106,2024-12-29 20:35:23.458715
00006,0492,1194,106,2024-12-29 20:35:23.474717
00006,0494,1194,106,2024-12-29 20:35:23.490721
00005,0494,1195,106,2024-12-29 20:35:23.522140
00006,0486,1194,106,2024-12-29 20:35:23.538724
00006,0485,1194,106,2024-12-29 20:35:23.554725
00006,0489,1194,106,2024-12-29 20:35:23.570661
00007,0494,1194,106,2024-12-29 20:35:23.586657
00005,0499,1194,106,2024-12-29 20:35:23.602658
00005,0488,1194,106,2024-12-29 20:35:23.618657
00004,0493,1195,106,2024-12-29 20:35:23.634647
00005,0491,1194,106,2024-12-29 20:35:23.650647
00005,0499,1194,106,2024-12-29 20:35:23.666640
00006,0496,1194,106,2024-12-29 20:35:23.698512
00007,0482,1194,106,2024-12-29 20:35:23.714627
00006,0497,1194,106,2024-12-29 20:35:23.730628
00006,0496,1194,106,2024-12-29 20:35:23.746634
00005,0494,1194,106,2024-12-29 20:35:23.762634
00006,0488,1194,106,2024-12-29 20:35:23.778615
00005,0495,1194,106,2024-12-29 20:35:23.794613
00005,0497,1194,106,2024-12-29 20:35:23.810611
00005,0493,1194,106,2024-12-29 20:35:23.826608
00006,0494,1194,106,2024-12-29 20:35:23.858135
00006,0489,1194,106,2024-12-29 20:35:23.874605
00006,0492,1194,106,2024-12-29 20:35:23.890602
00005,0488,1194,106,2024-12-29 20:35:23.906592
00005,0483,1194,106,2024-12-29 20:35:23.922581
00005,0487,1194,106,2024-12-29 20:35:23.938573
00006,0494,1194,106,2024-12-29 20:35:23.954581
00006,0494,1194,106,2024-12-29 20:35:23.970574
00005,0488,1194,106,2024-12-29 20:35:23.986576
00005,0497,1194,106,2024-12-29 20:35:24.002566
00005,0483,1194,106,2024-12-29 20:35:24.034525
00006,0498,1194,106,2024-12-29 20:35:24.050566
00005,0487,1194,106,2024-12-29 20:35:24.066560
00004,0491,1194,106,2024-12-29 20:35:24.082559
00006,0479,1194,106,2024-12-29 20:35:24.098551
00005,0492,1194,106,2024-12-29 20:35:24.114552
00005,0489,1194,106,2024-12-29 20:35:24.130557
00005,0490,1194,106,2024-12-29 20:35:24.146541
00004,0486,1194,106,2024-12-29 20:35:24.162536
00006,0496,1194,106,2024-12-29 20:35:24.194175
00006,0488,1194,106,2024-12-29 20:35:24.210524
00006,0492,1194,106,2024-12-29 20:35:24.226520
00005,0494,1194,106,2024-12-29 20:35:24.242537
00006,0491,1194,106,2024-12-29 20:35:24.258517
00006,0490,1194,106,2024-12-29 20:35:24.274510
00005,0494,1194,106,2024-12-29 20:35:24.290509
00006,0494,1194,106,2024-12-29 20:35:24.306510
00006,0493,1194,106,2024-12-29 20:35:24.322508
00005,0488,1194,106,2024-12-29 20:35:24.353807
00006,0491,1194,106,2024-12-29 20:35:24.370492
00006,0492,1194,106,2024-12-29 20:35:24.386488
00005,0491,1195,106,2024-12-29 20:35:24.402483
00005,0478,1194,106,2024-12-29 20:35:24.418483
00005,0489,1194,106,2024-12-29 20:35:24.434473
00006,0485,1194,106,2024-12-29 20:35:24.450474
00005,0483,1194,106,2024-12-29 20:35:24.466465
00005,0489,1194,106,2024-12-29 20:35:24.482470
00005,0491,1194,106,2024-12-29 20:35:24.498479
00004,0484,1194,106,2024-12-29 20:35:24.530196
00005,0489,1194,106,2024-12-29 20:35:24.546458
00004,0492,1194,106,2024-12-29 20:35:24.562456
00006,0488,1194,106,2024-12-29 20:35:24.578449
00005,0496,1194,106,2024-12-29 20:35:24.594438
00005,0490,1194,106,2024-12-29 20:35:24.610439
00006,0496,1194,106,2024-12-29 20:35:24.626428
00006,0492,1194,106,2024-12-29 20:35:24.642432
00005,0497,1194,106,2024-12-29 20:35:24.658419
00005,0492,1194,106,2024-12-29 20:35:24.689821
00005,0490,1194,106,2024-12-29 20:35:24.706419
00005,0490,1194,106,2024-12-29 20:35:24.722407
00006,0499,1194,106,2024-12-29 20:35:24.738423
00005,0498,1194,106,2024-12-29 20:35:24.754405
00006,0492,1194,106,2024-12-29 20:35:24.770402
00005,0482,1194,106,2024-12-29 20:35:24.786402
00006,0492,1194,106,2024-12-29 20:35:24.802400
00005,0490,1194,106,2024-12-29 20:35:24.818394
00006,0487,1194,106,2024-12-29 20:35:24.834384
00006,0491,1194,106,2024-12-29 20:35:24.866228
00006,0491,1194,106,2024-12-29 20:35:24.882375
00005,0493,1194,106,2024-12-29 20:35:24.898378
00006,0497,1194,106,2024-12-29 20:35:24.914362
00005,0483,1194,106,2024-12-29 20:35:24.930359
00006,0489,1194,106,2024-12-29 20:35:24.946362
00006,0492,1194,106,2024-12-29 20:35:24.962367
00006,0488,1194,106,2024-12-29 20:35:24.978362
00006,0496,1194,106,2024-12-29 20:35:24.994349
00006,0492,1194,106,2024-12-29 20:35:25.025851
00005,0490,1194,106,2024-12-29 20:35:25.042343
00005,0490,1194,106,2024-12-29 20:35:25.058332
00005,0492,1194,106,2024-12-29 20:35:25.074335
00006,0490,1194,106,2024-12-29 20:35:25.090333
00005,0495,1194,106,2024-12-29 20:35:25.106330
00005,0489,1194,106,2024-12-29 20:35:25.122320
00006,0500,1194,106,2024-12-29 20:35:25.138326
00004,0500,1194,106,2024-12-29 20:35:25.154319
00005,0495,1194,106,2024-12-29 20:35:25.170318
00005,0487,1194,106,2024-12-29 20:35:25.202229
00005,0491,1194,106,2024-12-29 20:35:25.218310
00005,0493,1194,106,2024-12-29 20:35:25.234309
00005,0499,1194,106,2024-12-29 20:35:25.250305
00007,0488,1194,106,2024-12-29 20:35:25.266295
00006,0500,1194,106,2024-12-29 20:35:25.282284
00005,0493,1194,106,2024-12-29 20:35:25.298283
00005,0487,1194,106,2024-12-29 20:35:25.314291
00007,0493,1194,106,2024-12-29 20:35:25.330282
00005,0493,1194,106,2024-12-29 20:35:25.361866
00006,0493,1194,106,2024-12-29 20:35:25.378267
00005,0486,1194,106,2024-12-29 20:35:25.394265
00005,0498,1194,106,2024-12-29 20:35:25.410264
00006,0490,1194,106,2024-12-29 20:35:25.426264
00006,0488,1194,106,2024-12-29 20:35:25.442261
00005,0485,1194,106,2024-12-29 20:35:25.458253
00004,0495,1194,106,2024-12-29 20:35:25.474249
00005,0494,1194,106,2024-12-29 20:35:25.490248
00005,0492,1194,106,2024-12-29 20:35:25.506241
00005,0499,1194,106,2024-12-29 20:35:25.538232
00005,0485,1194,106,2024-12-29 20:35:25.554227
00004,0492,1194,106,2024-12-29 20:35:25.570221
00005,0493,1194,106,2024-12-29 20:35:25.586228
00007,0497,1194,106,2024-12-29 20:35:25.602222
00005,0492,1194,106,2024-12-29 20:35:25.618232
00005,0494,1194,106,2024-12-29 20:35:25.634208
00004,0491,1194,106,2024-12-29 20:35:25.650213
00005,0501,1194,106,2024-12-29 20:35:25.666200
00006,0501,1194,106,2024-12-29 20:35:25.697895
00006,0501,1194,106,2024-12-29 20:35:25.714207
00005,0494,1194,106,2024-12-29 20:35:25.730479
00006,0488,1194,106,2024-12-29 20:35:25.746209
00006,0490,1194,106,2024-12-29 20:35:25.762195
00006,0492,1194,106,2024-12-29 20:35:25.778190
00006,0499,1194,106,2024-12-29 20:35:25.794191
00005,0493,1194,106,2024-12-29 20:35:25.810182
00006,0493,1194,106,2024-12-29 20:35:25.826176
00006,0487,1194,106,2024-12-29 20:35:25.857525
00005,0487,1194,106,2024-12-29 20:35:25.874170
00005,0485,1193,106,2024-12-29 20:35:25.890154
00006,0486,1194,106,2024-12-29 20:35:25.906161
00004,0490,1194,106,2024-12-29 20:35:25.922153
00005,0488,1194,106,2024-12-29 20:35:25.938151
00006,0491,1194,106,2024-12-29 20:35:25.954150
00006,0493,1194,106,2024-12-29 20:35:25.970148
00006,0493,1194,106,2024-12-29 20:35:25.986133
00006,0484,1194,106,2024-12-29 20:35:26.002132
00005,0491,1194,106,2024-12-29 20:35:26.033912
00004,0483,1193,106,2024-12-29 20:35:26.050117
00006,0486,1194,106,2024-12-29 20:35:26.066125
00005,0486,1193,106,2024-12-29 20:35:26.082117
00006,0493,1194,106,2024-12-29 20:35:26.098117
00004,0485,1194,106,2024-12-29 20:35:26.114105
00005,0487,1194,106,2024-12-29 20:35:26.130104
00006,0488,1194,106,2024-12-29 20:35:26.146100
00004,0491,1194,106,2024-12-29 20:35:26.162090
00006,0491,1194,106,2024-12-29 20:35:26.193548
00006,0493,1194,106,2024-12-29 20:35:26.210091
00006,0490,1194,106,2024-12-29 20:35:26.226085
00006,0490,1194,106,2024-12-29 20:35:26.242114
00005,0490,1194,106,2024-12-29 20:35:26.258080
00005,0491,1193,106,2024-12-29 20:35:26.274078
00006,0487,1193,106,2024-12-29 20:35:26.290077
00006,0486,1194,106,2024-12-29 20:35:26.306062
00005,0493,1194,106,2024-12-29 20:35:26.322069
00005,0487,1194,106,2024-12-29 20:35:26.338065
00005,0498,1194,106,2024-12-29 20:35:26.369949
00004,0490,1194,106,2024-12-29 20:35:26.386071
00006,0500,1193,106,2024-12-29 20:35:26.402071
00004,0489,1194,106,2024-12-29 20:35:26.418076
00005,0490,1194,106,2024-12-29 20:35:26.434081
00006,0494,1194,106,2024-12-29 20:35:26.450076
00005,0489,1194,106,2024-12-29 20:35:26.466080
00005,0490,1194,106,2024-12-29 20:35:26.482082
00005,0494,1193,106,2024-12-29 20:35:26.498084
00005,0479,1194,106,2024-12-29 20:35:26.529544
00005,0489,1193,106,2024-12-29 20:35:26.546026
00005,0487,1194,106,2024-12-29 20:35:26.562012
00005,0490,1194,106,2024-12-29 20:35:26.578020
00007,0493,1194,106,2024-12-29 20:35:26.594010
00004,0491,1194,106,2024-12-29 20:35:26.610001
00005,0497,1194,106,2024-12-29 20:35:26.626005
00006,0487,1194,106,2024-12-29 20:35:26.641994
00005,0494,1193,106,2024-12-29 20:35:26.657996
00005,0489,1194,106,2024-12-29 20:35:26.673983
00005,0486,1193,106,2024-12-29 20:35:26.705971
00006,0490,1194,106,2024-12-29 20:35:26.721977
00006,0489,1193,106,2024-12-29 20:35:26.737983
00007,0488,1193,106,2024-12-29 20:35:26.753964
00004,0495,1194,106,2024-12-29 20:35:26.769972
00006,0493,1194,106,2024-12-29 20:35:26.785966
00005,0495,1194,106,2024-12-29 20:35:26.801964
00005,0483,1193,106,2024-12-29 20:35:26.817965
00005,0485,1194,106,2024-12-29 20:35:26.833956
00005,0489,1194,106,2024-12-29 20:35:26.865600
00005,0487,1193,106,2024-12-29 20:35:26.881945
00007,0496,1194,106,2024-12-29 20:35:26.897939
00006,0498,1194,106,2024-12-29 20:35:26.913940
00005,0491,1193,106,2024-12-29 20:35:26.929930
00005,0487,1193,106,2024-12-29 20:35:26.945932
00004,0488,1194,106,2024-12-29 20:35:26.961922
00006,0489,1193,106,2024-12-29 20:35:26.977928
00005,0495,1194,106,2024-12-29 20:35:26.993919
00005,0490,1194,106,2024-12-29 20:35:27.025232
00005,0496,1193,106,2024-12-29 20:35:27.041908
00005,0500,1194,106,2024-12-29 20:35:27.057906
00006,0492,1194,106,2024-12-29 20:35:27.073912
00005,0491,1194,106,2024-12-29 20:35:27.089895
00005,0486,1194,106,2024-12-29 20:35:27.105895
00006,0490,1193,106,2024-12-29 20:35:27.121889
00006,0489,1193,106,2024-12-29 20:35:27.137889
00005,0495,1193,106,2024-12-29 20:35:27.153880
00005,0482,1194,106,2024-12-29 20:35:27.169881
00006,0497,1193,106,2024-12-29 20:35:27.201621
00005,0489,1193,106,2024-12-29 20:35:27.217876
00006,0489,1194,106,2024-12-29 20:35:27.233868
00005,0492,1193,106,2024-12-29 20:35:27.249884
00005,0489,1193,106,2024-12-29 20:35:27.265863
00005,0491,1194,106,2024-12-29 20:35:27.281860
00005,0492,1193,106,2024-12-29 20:35:27.297852
00005,0494,1193,106,2024-12-29 20:35:27.313853
00004,0484,1193,106,2024-12-29 20:35:27.329847
00005,0493,1194,106,2024-12-29 20:35:27.361247
00005,0495,1193,106,2024-12-29 20:35:27.377832
00005,0490,1193,106,2024-12-29 20:35:27.393843
00005,0487,1193,106,2024-12-29 20:35:27.409829
00005,0491,1193,106,2024-12-29 20:35:27.425831
00005,0492,1193,106,2024-12-29 20:35:27.441831
00005,0486,1194,106,2024-12-29 20:35:27.457819
00004,0493,1193,106,2024-12-29 20:35:27.473825
00006,0491,1193,106,2024-12-29 20:35:27.489818
00005,0493,1194,106,2024-12-29 20:35:27.505818
00005,0500,1193,106,2024-12-29 20:35:27.537657
00005,0489,1194,106,2024-12-29 20:35:27.553804
00005,0482,1194,106,2024-12-29 20:35:27.569790
00006,0490,1193,106,2024-12-29 20:35:27.585795
00004,0486,1193,106,2024-12-29 20:35:27.601785
00004,0484,1193,106,2024-12-29 20:35:27.617789
00004,0488,1193,106,2024-12-29 20:35:27.633783
00005,0482,1193,106,2024-12-29 20:35:27.649777
00005,0497,1194,106,2024-12-29 20:35:27.665778
00003,0484,1194,106,2024-12-29 20:35:27.697277
00005,0495,1193,106,2024-12-29 20:35:27.713771
00005,0486,1194,106,2024-12-29 20:35:27.729755
00006,0493,1193,106,2024-12-29 20:35:27.745773
00004,0483,1193,106,2024-12-29 20:35:27.761759
00005,0490,1193,106,2024-12-29 20:35:27.777755
00006,0487,1194,106,2024-12-29 20:35:27.793748
00006,0493,1193,106,2024-12-29 20:35:27.809753
00005,0494,1193,106,2024-12-29 20:35:27.825758
00004,0488,1193,106,2024-12-29 20:35:27.841735
00005,0494,1193,106,2024-12-29 20:35:27.873676
00005,0490,1193,106,2024-12-29 20:35:27.889723
00005,0487,1193,106,2024-12-29 20:35:27.905728
00004,0491,1193,106,2024-12-29 20:35:27.921715
00006,0491,1193,106,2024-12-29 20:35:27.937721
00005,0488,1193,106,2024-12-29 20:35:27.953708
00005,0485,1193,106,2024-12-29 20:35:27.969716
00003,0483,1193,106,2024-12-29 20:35:27.985719
00004,0493,1194,106,2024-12-29 20:35:28.001718
00006,0484,1193,106,2024-12-29 20:35:28.033293
00005,0489,1193,106,2024-12-29 20:35:28.049700
00006,0491,1193,106,2024-12-29 20:35:28.065689
00004,0480,1193,106,2024-12-29 20:35:28.081687
00004,0488,1193,106,2024-12-29 20:35:28.097678
00005,0486,1193,106,2024-12-29 20:35:28.113681
00006,0482,1193,106,2024-12-29 20:35:28.129679
00005,0492,1193,106,2024-12-29 20:35:28.145673
00006,0486,1193,106,2024-12-29 20:35:28.161667
00005,0490,1193,106,2024-12-29 20:35:28.177670
00006,0492,1193,106,2024-12-29 20:35:28.209654
00005,0481,1193,106,2024-12-29 20:35:28.225648
00005,0477,1193,106,2024-12-29 20:35:28.241666
00005,0482,1193,106,2024-12-29 20:35:28.257647
00004,0482,1193,106,2024-12-29 20:35:28.273645
00004,0483,1193,106,2024-12-29 20:35:28.289645
00006,0489,1193,106,2024-12-29 20:35:28.305649
00006,0487,1193,106,2024-12-29 20:35:28.321628
00004,0503,1193,106,2024-12-29 20:35:28.337624
00005,0490,1193,106,2024-12-29 20:35:28.369319
00006,0486,1193,106,2024-12-29 20:35:28.385618
00005,0487,1193,106,2024-12-29 20:35:28.401615
00004,0488,1193,106,2024-12-29 20:35:28.417614
00005,0489,1193,106,2024-12-29 20:35:28.433607
00005,0488,1193,106,2024-12-29 20:35:28.449604
00005,0482,1193,106,2024-12-29 20:35:28.465600
00006,0492,1193,106,2024-12-29 20:35:28.481593
00005,0482,1193,106,2024-12-29 20:35:28.497596
00004,0486,1193,106,2024-12-29 20:35:28.528962
00006,0489,1193,106,2024-12-29 20:35:28.545594
00004,0491,1193,106,2024-12-29 20:35:28.561592
00005,0485,1193,106,2024-12-29 20:35:28.577583
00005,0486,1193,106,2024-12-29 20:35:28.593580
00005,0490,1193,106,2024-12-29 20:35:28.609569
00005,0495,1193,106,2024-12-29 20:35:28.625565
00006,0492,1193,106,2024-12-29 20:35:28.641561
00005,0491,1193,106,2024-12-29 20:35:28.657561
00005,0485,1193,106,2024-12-29 20:35:28.673552
00005,0486,1193,106,2024-12-29 20:35:28.705331
00004,0480,1193,106,2024-12-29 20:35:28.721548
00006,0480,1193,106,2024-12-29 20:35:28.737540
00005,0481,1193,106,2024-12-29 20:35:28.753546
00006,0486,1193,106,2024-12-29 20:35:28.769535
00005,0483,1193,106,2024-12-29 20:35:28.785530
00005,0486,1193,106,2024-12-29 20:35:28.801523
00003,0481,1193,106,2024-12-29 20:35:28.817522
00005,0483,1193,106,2024-12-29 20:35:28.833522
00006,0480,1193,106,2024-12-29 20:35:28.864974
00005,0482,1193,106,2024-12-29 20:35:28.881511
00005,0481,1193,106,2024-12-29 20:35:28.897508
00005,0487,1193,106,2024-12-29 20:35:28.913510
00005,0483,1193,106,2024-12-29 20:35:28.929495
00005,0483,1193,106,2024-12-29 20:35:28.945490
00004,0479,1193,106,2024-12-29 20:35:28.961485
00004,0483,1193,106,2024-12-29 20:35:28.977489
00006,0481,1193,106,2024-12-29 20:35:28.993483
00005,0480,1193,106,2024-12-29 20:35:29.009485
00004,0482,1193,106,2024-12-29 20:35:29.041356
00006,0476,1193,106,2024-12-29 20:35:29.057480
00006,0487,1193,106,2024-12-29 20:35:29.073478
00005,0482,1193,106,2024-12-29 20:35:29.089464
00005,0485,1193,106,2024-12-29 20:35:29.105454
00006,0479,1193,106,2024-12-29 20:35:29.121463
00005,0482,1193,106,2024-12-29 20:35:29.137460
00006,0495,1193,106,2024-12-29 20:35:29.153465
00005,0485,1193,106,2024-12-29 20:35:29.169448
00005,0484,1193,106,2024-12-29 20:35:29.201007
00005,0487,1193,106,2024-12-29 20:35:29.217448
00005,0484,1193,106,2024-12-29 20:35:29.233446
00007,0488,1193,106,2024-12-29 20:35:29.249453
00005,0480,1193,106,2024-12-29 20:35:29.265428
00004,0472,1193,106,2024-12-29 20:35:29.281436
00005,0487,1193,106,2024-12-29 20:35:29.297432
00005,0491,1193,106,2024-12-29 20:35:29.313447
00005,0487,1193,106,2024-12-29 20:35:29.329444
00006,0488,1193,106,2024-12-29 20:35:29.345439
00005,0486,1193,106,2024-12-29 20:35:29.377411
00004,0476,1193,106,2024-12-29 20:35:29.393453
00005,0486,1193,106,2024-12-29 20:35:29.409448
00004,0486,1193,106,2024-12-29 20:35:29.425450
00005,0482,1193,106,2024-12-29 20:35:29.441457
00004,0480,1193,106,2024-12-29 20:35:29.457456
00005,0482,1193,106,2024-12-29 20:35:29.473391
00006,0478,1193,106,2024-12-29 20:35:29.489391
00004,0483,1193,106,2024-12-29 20:35:29.505384
00005,0484,1193,106,2024-12-29 20:35:29.537021
00005,0477,1193,106,2024-12-29 20:35:29.553364
00005,0480,1193,106,2024-12-29 20:35:29.569366
00005,0486,1193,106,2024-12-29 20:35:29.585359
00005,0480,1193,106,2024-12-29 20:35:29.601360
00006,0489,1193,106,2024-12-29 20:35:29.617351
00004,0485,1193,106,2024-12-29 20:35:29.633356
00005,0487,1193,106,2024-12-29 20:35:29.649363
00005,0491,1193,106,2024-12-29 20:35:29.665333
00004,0483,1193,106,2024-12-29 20:35:29.696650
00005,0484,1193,106,2024-12-29 20:35:29.713329
00004,0484,1193,106,2024-12-29 20:35:29.729328
00006,0476,1193,106,2024-12-29 20:35:29.745330
00004,0483,1193,106,2024-12-29 20:35:29.761329
00004,0485,1193,106,2024-12-29 20:35:29.777317
00005,0485,1193,106,2024-12-29 20:35:29.793310
00004,0475,1193,106,2024-12-29 20:35:29.809318
00005,0482,1193,106,2024-12-29 20:35:29.825312
00004,0486,1193,106,2024-12-29 20:35:29.841309
00004,0476,1193,106,2024-12-29 20:35:29.873046
00004,0475,1192,106,2024-12-29 20:35:29.889289
00005,0488,1193,106,2024-12-29 20:35:29.905289
00004,0480,1193,106,2024-12-29 20:35:29.921280
00005,0483,1193,106,2024-12-29 20:35:29.937283
00004,0492,1193,106,2024-12-29 20:35:29.953284
00005,0487,1193,106,2024-12-29 20:35:29.969280
00004,0481,1193,106,2024-12-29 20:35:29.985271
00005,0478,1193,106,2024-12-29 20:35:30.001277
00006,0488,1193,106,2024-12-29 20:35:30.032666
00005,0484,1193,106,2024-12-29 20:35:30.049264
00005,0480,1193,106,2024-12-29 20:35:30.065253
00004,0492,1192,106,2024-12-29 20:35:30.081249
00004,0475,1193,106,2024-12-29 20:35:30.097245
00005,0486,1193,106,2024-12-29 20:35:30.113245
00005,0477,1193,106,2024-12-29 20:35:30.129250
00005,0474,1193,106,2024-12-29 20:35:30.145237
00004,0475,1192,106,2024-12-29 20:35:30.161239
00005,0480,1193,106,2024-12-29 20:35:30.177225
00005,0482,1193,106,2024-12-29 20:35:30.209063
00005,0482,1193,106,2024-12-29 20:35:30.225219
00005,0487,1193,106,2024-12-29 20:35:30.241243
00005,0479,1192,106,2024-12-29 20:35:30.257212
00004,0475,1193,106,2024-12-29 20:35:30.273215
00006,0475,1193,106,2024-12-29 20:35:30.289201
00004,0475,1193,106,2024-12-29 20:35:30.305210
00006,0480,1192,106,2024-12-29 20:35:30.321198
00006,0484,1193,106,2024-12-29 20:35:30.337198
00004,0482,1192,106,2024-12-29 20:35:30.368703
00005,0486,1192,106,2024-12-29 20:35:30.385193
00005,0480,1193,106,2024-12-29 20:35:30.401180
00004,0484,1193,106,2024-12-29 20:35:30.417182
00005,0481,1193,106,2024-12-29 20:35:30.433174
00004,0485,1193,106,2024-12-29 20:35:30.449178
00005,0478,1193,106,2024-12-29 20:35:30.465171
00004,0483,1192,106,2024-12-29 20:35:30.481164
00006,0475,1193,106,2024-12-29 20:35:30.497166
00004,0477,1192,106,2024-12-29 20:35:30.513158
00006,0481,1192,106,2024-12-29 20:35:30.545090
00006,0489,1193,106,2024-12-29 20:35:30.561154
00004,0491,1192,106,2024-12-29 20:35:30.577139
00005,0485,1193,106,2024-12-29 20:35:30.593139
00004,0474,1193,106,2024-12-29 20:35:30.609138
00004,0479,1193,106,2024-12-29 20:35:30.625128
00006,0473,1193,106,2024-12-29 20:35:30.641134
00004,0482,1192,106,2024-12-29 20:35:30.657121
00004,0489,1193,106,2024-12-29 20:35:30.673128
00004,0479,1192,106,2024-12-29 20:35:30.704731
00005,0471,1193,106,2024-12-29 20:35:30.721107
00005,0473,1193,106,2024-12-29 20:35:30.737113
00004,0478,1193,106,2024-12-29 20:35:30.753117
00004,0477,1193,106,2024-12-29 20:35:30.769099
00005,0485,1192,106,2024-12-29 20:35:30.785104
00004,0478,1192,106,2024-12-29 20:35:30.801096
00006,0481,1193,106,2024-12-29 20:35:30.817088
00005,0480,1192,106,2024-12-29 20:35:30.833096
00005,0476,1193,106,2024-12-29 20:35:30.849092
00005,0486,1193,106,2024-12-29 20:35:30.881094
00005,0478,1193,106,2024-12-29 20:35:30.897079
00005,0490,1193,106,2024-12-29 20:35:30.913072
00003,0484,1193,106,2024-12-29 20:35:30.929072
00005,0482,1193,106,2024-12-29 20:35:30.945061
00005,0482,1193,106,2024-12-29 20:35:30.961055
00005,0481,1193,106,2024-12-29 20:35:30.977060
00003,0472,1192,106,2024-12-29 20:35:30.993050
00005,0480,1192,106,2024-12-29 20:35:31.009059
00006,0484,1193,106,2024-12-29 20:35:31.040744
00006,0483,1192,106,2024-12-29 20:35:31.057039
00006,0479,1193,106,2024-12-29 20:35:31.073038
00006,0482,1192,106,2024-12-29 20:35:31.089039
00006,0484,1192,106,2024-12-29 20:35:31.105040
00004,0480,1192,106,2024-12-29 20:35:31.121037
00004,0480,1192,106,2024-12-29 20:35:31.137025
00004,0483,1192,106,2024-12-29 20:35:31.153018
00004,0468,1192,106,2024-12-29 20:35:31.169014
00004,0483,1192,106,2024-12-29 20:35:31.200383
00005,0484,1192,106,2024-12-29 20:35:31.217011
00004,0482,1192,106,2024-12-29 20:35:31.233007
00005,0483,1193,106,2024-12-29 20:35:31.249010
00005,0475,1192,106,2024-12-29 20:35:31.265001
00005,0489,1192,106,2024-12-29 20:35:31.280996
00004,0478,1192,106,2024-12-29 20:35:31.296987
00005,0476,1193,106,2024-12-29 20:35:31.312988
00004,0479,1192,106,2024-12-29 20:35:31.328983
00004,0476,1192,106,2024-12-29 20:35:31.344977
00005,0479,1192,106,2024-12-29 20:35:31.376782
00004,0483,1192,106,2024-12-29 20:35:31.392964
00004,0483,1192,106,2024-12-29 20:35:31.408965
00006,0485,1192,106,2024-12-29 20:35:31.424962
00005,0475,1192,106,2024-12-29 20:35:31.440955
00004,0473,1192,106,2024-12-29 20:35:31.456953
00005,0483,1192,106,2024-12-29 20:35:31.472953
00005,0474,1192,106,2024-12-29 20:35:31.488958
00005,0484,1192,106,2024-12-29 20:35:31.504942
00005,0476,1192,106,2024-12-29 20:35:31.536414
00005,0476,1192,106,2024-12-29 20:35:31.552929
00004,0479,1192,106,2024-12-29 20:35:31.568934
00005,0472,1192,106,2024-12-29 20:35:31.584935
00006,0476,1192,106,2024-12-29 20:35:31.600931
00006,0474,1192,106,2024-12-29 20:35:31.616911
00004,0476,1192,106,2024-12-29 20:35:31.632917
00004,0475,1192,106,2024-12-29 20:35:31.648906
00004,0486,1192,106,2024-12-29 20:35:31.664911
00004,0477,1193,106,2024-12-29 20:35:31.680904
00005,0470,1192,106,2024-12-29 20:35:31.712788
00005,0477,1192,106,2024-12-29 20:35:31.728896
00004,0486,1193,106,2024-12-29 20:35:31.744899
00006,0479,1192,106,2024-12-29 20:35:31.760891
00004,0484,1192,106,2024-12-29 20:35:31.776885
00006,0481,1192,106,2024-12-29 20:35:31.792885
00005,0476,1192,106,2024-12-29 20:35:31.808881
00005,0474,1192,106,2024-12-29 20:35:31.824879
00004,0485,1192,106,2024-12-29 20:35:31.840882
00005,0476,1192,106,2024-12-29 20:35:31.872422
00004,0477,1192,106,2024-12-29 20:35:31.888866
00004,0475,1192,106,2024-12-29 20:35:31.904856
00005,0472,1192,106,2024-12-29 20:35:31.920864
00005,0476,1192,106,2024-12-29 20:35:31.936851
00005,0473,1192,106,2024-12-29 20:35:31.952853
00005,0479,1192,106,2024-12-29 20:35:31.968851
00005,0468,1192,106,2024-12-29 20:35:31.984840
00004,0473,1192,106,2024-12-29 20:35:32.000839
00004,0482,1192,106,2024-12-29 20:35:32.016830
00004,0469,1192,106,2024-12-29 20:35:32.048807
00003,0483,1192,106,2024-12-29 20:35:32.064823
00005,0473,1192,106,2024-12-29 20:35:32.080817
00005,0476,1192,106,2024-12-29 20:35:32.096821
00005,0475,1192,106,2024-12-29 20:35:32.112810
00005,0477,1192,106,2024-12-29 20:35:32.128811
00004,0476,1192,106,2024-12-29 20:35:32.144804
00004,0475,1192,106,2024-12-29 20:35:32.160800
00005,0483,1192,106,2024-12-29 20:35:32.176799
00005,0476,1192,106,2024-12-29 20:35:32.208443
00005,0476,1192,106,2024-12-29 20:35:32.224797
00005,0472,1192,106,2024-12-29 20:35:32.240808
00004,0484,1192,106,2024-12-29 20:35:32.256804
00005,0469,1192,106,2024-12-29 20:35:32.272802
00004,0475,1192,106,2024-12-29 20:35:32.288804
00004,0486,1192,106,2024-12-29 20:35:32.304807
00005,0482,1192,106,2024-12-29 20:35:32.320809
00004,0469,1192,106,2024-12-29 20:35:32.336811
00004,0476,1192,106,2024-12-29 20:35:32.352810
00006,0466,1192,106,2024-12-29 20:35:32.384815
00004,0486,1192,106,2024-12-29 20:35:32.400811
00004,0476,1192,106,2024-12-29 20:35:32.416747
00004,0477,1192,106,2024-12-29 20:35:32.432735
00005,0479,1192,106,2024-12-29 20:35:32.448736
00005,0479,1192,106,2024-12-29 20:35:32.464730
00005,0480,1192,106,2024-12-29 20:35:32.480736
00005,0483,1192,106,2024-12-29 20:35:32.496729
00004,0468,1192,106,2024-12-29 20:35:32.512728
00005,0480,1192,106,2024-12-29 20:35:32.544464
00003,0469,1192,106,2024-12-29 20:35:32.560717
00004,0471,1192,106,2024-12-29 20:35:32.576719
00003,0479,1192,106,2024-12-29 20:35:32.592724
00005,0482,1192,106,2024-12-29 20:35:32.608708
00004,0473,1192,106,2024-12-29 20:35:32.624698
00004,0480,1192,106,2024-12-29 20:35:32.640696
00005,0476,1192,106,2024-12-29 20:35:32.656703
00004,0474,1192,106,2024-12-29 20:35:32.672692
00003,0480,1192,106,2024-12-29 20:35:32.704108
00004,0480,1192,106,2024-12-29 20:35:32.720674
00005,0478,1192,106,2024-12-29 20:35:32.736681
00004,0474,1192,106,2024-12-29 20:35:32.752675
00004,0484,1192,106,2024-12-29 20:35:32.768680
00004,0466,1192,106,2024-12-29 20:35:32.784665
00004,0474,1192,106,2024-12-29 20:35:32.800658
00004,0472,1192,106,2024-12-29 20:35:32.816658
00004,0473,1192,106,2024-12-29 20:35:32.832653
00004,0484,1192,106,2024-12-29 20:35:32.848652
00005,0479,1192,106,2024-12-29 20:35:32.880505
00005,0477,1192,106,2024-12-29 20:35:32.896638
00004,0478,1192,106,2024-12-29 20:35:32.912637
00005,0478,1192,106,2024-12-29 20:35:32.928631
00004,0482,1192,106,2024-12-29 20:35:32.944639
00004,0471,1192,106,2024-12-29 20:35:32.960641
00004,0471,1192,106,2024-12-29 20:35:32.976622
00005,0472,1192,106,2024-12-29 20:35:32.992621
00005,0471,1192,106,2024-12-29 20:35:33.008613
00004,0476,1192,106,2024-12-29 20:35:33.040123
00005,0482,1192,106,2024-12-29 20:35:33.056610
00005,0480,1192,106,2024-12-29 20:35:33.072618
00005,0482,1192,106,2024-12-29 20:35:33.088596
00004,0468,1192,106,2024-12-29 20:35:33.104604
00004,0481,1192,106,2024-12-29 20:35:33.120593
00004,0473,1192,106,2024-12-29 20:35:33.136594
00005,0468,1192,106,2024-12-29 20:35:33.152586
00005,0471,1192,106,2024-12-29 20:35:33.168586
00004,0480,1192,106,2024-12-29 20:35:33.184578
00004,0471,1192,106,2024-12-29 20:35:33.216519
00005,0473,1192,106,2024-12-29 20:35:33.232567
00005,0474,1192,106,2024-12-29 20:35:33.248574
00005,0478,1192,106,2024-12-29 20:35:33.264563
00004,0479,1192,106,2024-12-29 20:35:33.280561
00003,0467,1192,106,2024-12-29 20:35:33.296553
00005,0476,1192,106,2024-12-29 20:35:33.312565
00004,0472,1192,106,2024-12-29 20:35:33.328564
00003,0470,1192,106,2024-12-29 20:35:33.344548
00004,0481,1192,106,2024-12-29 20:35:33.376152
00005,0471,1192,106,2024-12-29 20:35:33.392538
00004,0476,1191,106,2024-12-29 20:35:33.408532
00005,0469,1192,106,2024-12-29 20:35:33.424532
00004,0475,1192,106,2024-12-29 20:35:33.440529
00005,0476,1192,106,2024-12-29 20:35:33.456517
00004,0468,1192,106,2024-12-29 20:35:33.472519
00005,0471,1192,106,2024-12-29 20:35:33.488510
00005,0468,1192,106,2024-12-29 20:35:33.504512
00005,0478,1192,106,2024-12-29 20:35:33.520507
00004,0479,1192,106,2024-12-29 20:35:33.552505
00004,0467,1192,106,2024-12-29 20:35:33.568508
00004,0476,1192,106,2024-12-29 20:35:33.584496
00005,0475,1192,106,2024-12-29 20:35:33.600494
00005,0476,1192,106,2024-12-29 20:35:33.616488
00003,0473,1192,106,2024-12-29 20:35:33.632478
00004,0473,1192,106,2024-12-29 20:35:33.648484
00005,0466,1192,106,2024-12-29 20:35:33.664483
00004,0466,1192,106,2024-12-29 20:35:33.680474
00005,0484,1192,106,2024-12-29 20:35:33.712167
00006,0473,1192,106,2024-12-29 20:35:33.728476
00004,0472,1192,106,2024-12-29 20:35:33.744461
00005,0475,1192,106,2024-12-29 20:35:33.760457
00002,0471,1192,106,2024-12-29 20:35:33.776454
00004,0464,1192,106,2024-12-29 20:35:33.792455
00005,0475,1191,106,2024-12-29 20:35:33.808452
00004,0474,1192,106,2024-12-29 20:35:33.824449
00004,0473,1192,106,2024-12-29 20:35:33.840445
00005,0478,1192,106,2024-12-29 20:35:33.871805
00005,0470,1192,106,2024-12-29 20:35:33.888426
00004,0476,1192,106,2024-12-29 20:35:33.904430
00005,0466,1191,106,2024-12-29 20:35:33.920420
00004,0473,1192,106,2024-12-29 20:35:33.936425
00004,0475,1192,106,2024-12-29 20:35:33.952421
00005,0477,1192,106,2024-12-29 20:35:33.968418
00004,0481,1191,106,2024-12-29 20:35:33.984411
00004,0477,1192,106,2024-12-29 20:35:34.000424
00005,0468,1192,106,2024-12-29 20:35:34.016421
00004,0473,1192,106,2024-12-29 20:35:34.048215
00004,0470,1192,106,2024-12-29 20:35:34.064410
00005,0482,1192,106,2024-12-29 20:35:34.080390
00004,0475,1192,106,2024-12-29 20:35:34.096392
00004,0474,1191,106,2024-12-29 20:35:34.112382
00004,0472,1192,106,2024-12-29 20:35:34.128377
00005,0478,1192,106,2024-12-29 20:35:34.144371
00005,0474,1192,106,2024-12-29 20:35:34.160373
00004,0468,1192,106,2024-12-29 20:35:34.176368
00004,0470,1191,106,2024-12-29 20:35:34.207838
00004,0470,1192,106,2024-12-29 20:35:34.224365
00004,0472,1192,106,2024-12-29 20:35:34.240377
00005,0481,1192,106,2024-12-29 20:35:34.256358
00005,0474,1191,106,2024-12-29 20:35:34.272350
00005,0475,1191,106,2024-12-29 20:35:34.288340
00003,0476,1191,106,2024-12-29 20:35:34.304343
00004,0465,1192,106,2024-12-29 20:35:34.320338
00004,0478,1192,106,2024-12-29 20:35:34.336341
00006,0489,1191,106,2024-12-29 20:35:34.352332
00005,0474,1192,106,2024-12-29 20:35:34.384220
00003,0476,1191,106,2024-12-29 20:35:34.400327
00004,0480,1191,106,2024-12-29 20:35:34.416322
00005,0482,1192,106,2024-12-29 20:35:34.432329
00004,0474,1191,106,2024-12-29 20:35:34.448331
00004,0475,1192,106,2024-12-29 20:35:34.464314
00003,0469,1191,106,2024-12-29 20:35:34.480310
00004,0474,1191,106,2024-12-29 20:35:34.496305
00004,0474,1191,106,2024-12-29 20:35:34.512292
00003,0470,1192,106,2024-12-29 20:35:34.543869
00004,0481,1192,106,2024-12-29 20:35:34.560298
00004,0471,1192,106,2024-12-29 20:35:34.576282
00005,0474,1191,106,2024-12-29 20:35:34.592291
00005,0473,1191,106,2024-12-29 20:35:34.608278
00004,0468,1191,106,2024-12-29 20:35:34.624276
00003,0478,1191,106,2024-12-29 20:35:34.640272
00004,0473,1191,106,2024-12-29 20:35:34.656272
00004,0473,1191,106,2024-12-29 20:35:34.672263
00003,0479,1191,106,2024-12-29 20:35:34.688256
00004,0468,1192,106,2024-12-29 20:35:34.720252
00004,0477,1191,106,2024-12-29 20:35:34.736248
00006,0477,1192,106,2024-12-29 20:35:34.752252
00005,0472,1191,106,2024-12-29 20:35:34.768239
00004,0470,1191,106,2024-12-29 20:35:34.784242
00004,0481,1191,106,2024-12-29 20:35:34.800240
00005,0478,1191,106,2024-12-29 20:35:34.816248
00003,0473,1191,106,2024-12-29 20:35:34.832222
00003,0464,1191,106,2024-12-29 20:35:34.848219
00004,0466,1191,106,2024-12-29 20:35:34.879872
00004,0474,1191,106,2024-12-29 20:35:34.896207
00004,0475,1191,106,2024-12-29 20:35:34.912211
00005,0473,1191,106,2024-12-29 20:35:34.928211
00005,0478,1191,106,2024-12-29 20:35:34.944197
00004,0471,1191,106,2024-12-29 20:35:34.960207
00005,0467,1191,106,2024-12-29 20:35:34.976204
00005,0479,1191,106,2024-12-29 20:35:34.992204
00004,0473,1191,106,2024-12-29 20:35:35.008190
00003,0472,1191,106,2024-12-29 20:35:35.039520
00003,0485,1191,106,2024-12-29 20:35:35.056188
00005,0474,1191,106,2024-12-29 20:35:35.072181
00003,0481,1192,106,2024-12-29 20:35:35.088179
00004,0471,1191,106,2024-12-29 20:35:35.104171
00005,0476,1191,106,2024-12-29 20:35:35.120160
00004,0472,1191,106,2024-12-29 20:35:35.136167
00004,0467,1191,106,2024-12-29 20:35:35.152156
00004,0474,1191,106,2024-12-29 20:35:35.168158
00004,0474,1191,106,2024-12-29 20:35:35.184161
00004,0478,1191,106,2024-12-29 20:35:35.215918
00004,0470,1191,106,2024-12-29 20:35:35.232165
00004,0478,1191,106,2024-12-29 20:35:35.248181
00004,0468,1191,106,2024-12-29 20:35:35.264172
00003,0472,1191,106,2024-12-29 20:35:35.280180
00004,0482,1192,106,2024-12-29 20:35:35.296177
00005,0475,1191,106,2024-12-29 20:35:35.312180
00003,0476,1191,106,2024-12-29 20:35:35.328185
00004,0466,1192,106,2024-12-29 20:35:35.344190
00003,0472,1191,106,2024-12-29 20:35:35.375537
00005,0473,1191,106,2024-12-29 20:35:35.392108
00004,0480,1192,106,2024-12-29 20:35:35.408104
00005,0478,1191,106,2024-12-29 20:35:35.424098
00005,0472,1191,106,2024-12-29 20:35:35.440101
00004,0481,1192,106,2024-12-29 20:35:35.456091
00003,0474,1191,106,2024-12-29 20:35:35.472080
00004,0478,1191,106,2024-12-29 20:35:35.488082
00004,0480,1191,106,2024-12-29 20:35:35.504078
00004,0476,1191,106,2024-12-29 20:35:35.520080
00005,0481,1191,106,2024-12-29 20:35:35.551901
00004,0479,1191,106,2024-12-29 20:35:35.568074
00004,0473,1191,106,2024-12-29 20:35:35.584066
00004,0476,1191,106,2024-12-29 20:35:35.600058
00004,0460,1191,106,2024-12-29 20:35:35.616055
00005,0478,1191,106,2024-12-29 20:35:35.632050
00004,0470,1191,106,2024-12-29 20:35:35.648052
00005,0475,1191,106,2024-12-29 20:35:35.664058
00005,0472,1191,106,2024-12-29 20:35:35.680042
00005,0472,1191,106,2024-12-29 20:35:35.711562
00004,0474,1191,106,2024-12-29 20:35:35.728026
00004,0467,1191,106,2024-12-29 20:35:35.744034
00005,0474,1191,106,2024-12-29 20:35:35.760026
00005,0478,1191,106,2024-12-29 20:35:35.776025
00004,0476,1191,106,2024-12-29 20:35:35.792019
00004,0478,1191,106,2024-12-29 20:35:35.808025
00004,0467,1191,106,2024-12-29 20:35:35.824015
00004,0484,1191,106,2024-12-29 20:35:35.840004
00004,0472,1191,106,2024-12-29 20:35:35.856012
00003,0476,1191,106,2024-12-29 20:35:35.887944
00004,0470,1191,106,2024-12-29 20:35:35.904003
00003,0469,1191,106,2024-12-29 20:35:35.919991
00004,0484,1191,106,2024-12-29 20:35:35.935991
00003,0472,1191,106,2024-12-29 20:35:35.951984
00003,0469,1191,106,2024-12-29 20:35:35.967986
00003,0466,1191,106,2024-12-29 20:35:35.983976
00004,0476,1191,106,2024-12-29 20:35:35.999976
00005,0475,1191,106,2024-12-29 20:35:36.015978
00004,0474,1191,106,2024-12-29 20:35:36.047577
00003,0473,1191,106,2024-12-29 20:35:36.063954
00004,0480,1191,106,2024-12-29 20:35:36.079959
00004,0481,1191,106,2024-12-29 20:35:36.095954
00004,0474,1191,106,2024-12-29 20:35:36.111954
00004,0474,1191,106,2024-12-29 20:35:36.127944
00005,0476,1191,106,2024-12-29 20:35:36.143952
00004,0469,1191,106,2024-12-29 20:35:36.159937
00004,0481,1191,106,2024-12-29 20:35:36.175929
00005,0483,1191,106,2024-12-29 20:35:36.191929
00004,0467,1191,106,2024-12-29 20:35:36.223930
00004,0472,1191,106,2024-12-29 20:35:36.239932
00004,0478,1191,106,2024-12-29 20:35:36.255932
00004,0474,1191,106,2024-12-29 20:35:36.271928
00003,0463,1191,106,2024-12-29 20:35:36.287906
00004,0470,1191,106,2024-12-29 20:35:36.303916
00004,0476,1191,106,2024-12-29 20:35:36.319897
00004,0477,1191,106,2024-12-29 20:35:36.335904
00004,0478,1191,106,2024-12-29 20:35:36.351903
00004,0478,1191,106,2024-12-29 20:35:36.383605
00004,0470,1191,106,2024-12-29 20:35:36.399899
00004,0475,1191,106,2024-12-29 20:35:36.415890
00005,0474,1191,106,2024-12-29 20:35:36.431878
00005,0472,1191,106,2024-12-29 20:35:36.447883
00004,0473,1191,106,2024-12-29 20:35:36.463875
00005,0473,1191,106,2024-12-29 20:35:36.479873
00003,0461,1191,106,2024-12-29 20:35:36.495868
00004,0468,1191,106,2024-12-29 20:35:36.511872
00004,0473,1191,106,2024-12-29 20:35:36.543243
00004,0477,1191,106,2024-12-29 20:35:36.559853
00003,0472,1191,106,2024-12-29 20:35:36.575852
00004,0465,1191,106,2024-12-29 20:35:36.591856
00004,0477,1191,106,2024-12-29 20:35:36.607840
00005,0474,1191,106,2024-12-29 20:35:36.623845
00005,0483,1191,106,2024-12-29 20:35:36.639845
00003,0467,1191,106,2024-12-29 20:35:36.655825
00005,0469,1191,106,2024-12-29 20:35:36.671834
00004,0474,1191,106,2024-12-29 20:35:36.687818
00004,0478,1191,106,2024-12-29 20:35:36.719624
00005,0470,1191,106,2024-12-29 20:35:36.735818
00004,0478,1191,106,2024-12-29 20:35:36.751817
00004,0483,1191,106,2024-12-29 20:35:36.767818
00004,0480,1191,106,2024-12-29 20:35:36.783806
00005,0474,1191,106,2024-12-29 20:35:36.799808
00005,0473,1191,106,2024-12-29 20:35:36.815798
00004,0476,1191,106,2024-12-29 20:35:36.831787
00005,0472,1191,106,2024-12-29 20:35:36.847796
00003,0473,1191,106,2024-12-29 20:35:36.879263
00004,0467,1191,106,2024-12-29 20:35:36.895776
00004,0463,1191,106,2024-12-29 20:35:36.911781
00003,0477,1191,106,2024-12-29 20:35:36.927770
00004,0467,1191,106,2024-12-29 20:35:36.943766
00004,0468,1191,106,2024-12-29 20:35:36.959769
00004,0476,1191,106,2024-12-29 20:35:36.975765
00004,0469,1191,106,2024-12-29 20:35:36.991754
00006,0469,1191,106,2024-12-29 20:35:37.007767
00003,0476,1191,106,2024-12-29 20:35:37.023758
00004,0472,1191,106,2024-12-29 20:35:37.055653
00004,0466,1191,106,2024-12-29 20:35:37.071746
00004,0471,1191,106,2024-12-29 20:35:37.087738
00005,0474,1191,106,2024-12-29 20:35:37.103735
00003,0468,1191,106,2024-12-29 20:35:37.119737
00005,0478,1191,106,2024-12-29 20:35:37.135734
00004,0475,1191,106,2024-12-29 20:35:37.151729
00003,0471,1191,106,2024-12-29 20:35:37.167728
00005,0472,1190,106,2024-12-29 20:35:37.183722
00003,0469,1191,106,2024-12-29 20:35:37.215294
00003,0478,1190,106,2024-12-29 20:35:37.231709
00003,0479,1191,106,2024-12-29 20:35:37.247711
00004,0472,1191,106,2024-12-29 20:35:37.263698
00004,0475,1191,106,2024-12-29 20:35:37.279698
00004,0477,1191,106,2024-12-29 20:35:37.295695
00005,0478,1191,106,2024-12-29 20:35:37.311704
00004,0467,1191,106,2024-12-29 20:35:37.327688
00003,0480,1191,106,2024-12-29 20:35:37.343688
00004,0474,1191,106,2024-12-29 20:35:37.359682
00004,0476,1191,106,2024-12-29 20:35:37.391691
00004,0481,1191,106,2024-12-29 20:35:37.407668
00004,0474,1191,106,2024-12-29 20:35:37.423675
00003,0473,1190,106,2024-12-29 20:35:37.439667
00003,0474,1191,106,2024-12-29 20:35:37.455656
00003,0474,1191,106,2024-12-29 20:35:37.471653
00004,0475,1191,106,2024-12-29 20:35:37.487660
00004,0463,1191,106,2024-12-29 20:35:37.503659
00004,0467,1191,106,2024-12-29 20:35:37.519648
00004,0463,1191,106,2024-12-29 20:35:37.551306
00004,0475,1191,106,2024-12-29 20:35:37.567634
00004,0475,1191,106,2024-12-29 20:35:37.583635
00005,0476,1191,106,2024-12-29 20:35:37.599628
00005,0469,1191,106,2024-12-29 20:35:37.615632
00004,0474,1190,106,2024-12-29 20:35:37.631620
00003,0472,1191,106,2024-12-29 20:35:37.647623
00005,0479,1191,106,2024-12-29 20:35:37.663617
00004,0476,1191,106,2024-12-29 20:35:37.679617
00004,0461,1191,106,2024-12-29 20:35:37.710944
00005,0477,1191,106,2024-12-29 20:35:37.727601
00004,0472,1190,106,2024-12-29 20:35:37.743608
00005,0471,1191,106,2024-12-29 20:35:37.759602
00004,0471,1190,106,2024-12-29 20:35:37.775598
00003,0465,1191,106,2024-12-29 20:35:37.791593
00004,0466,1191,106,2024-12-29 20:35:37.807584
00004,0474,1191,106,2024-12-29 20:35:37.823586
00003,0466,1191,106,2024-12-29 20:35:37.839576
00003,0479,1190,106,2024-12-29 20:35:37.855577
00003,0476,1190,106,2024-12-29 20:35:37.887327
00004,0473,1190,106,2024-12-29 20:35:37.903562
00005,0475,1191,106,2024-12-29 20:35:37.919558
00005,0464,1191,106,2024-12-29 20:35:37.935566
00004,0467,1191,106,2024-12-29 20:35:37.951556
00003,0465,1191,106,2024-12-29 20:35:37.967552
00005,0463,1191,106,2024-12-29 20:35:37.983547
00004,0468,1191,106,2024-12-29 20:35:37.999551
00004,0468,1190,106,2024-12-29 20:35:38.015545
00005,0469,1190,106,2024-12-29 20:35:38.046959
00004,0465,1190,106,2024-12-29 20:35:38.063540
00003,0465,1190,106,2024-12-29 20:35:38.079749
00004,0473,1191,106,2024-12-29 20:35:38.095535
00004,0470,1190,106,2024-12-29 20:35:38.111525
00005,0467,1190,106,2024-12-29 20:35:38.127525
00005,0474,1191,106,2024-12-29 20:35:38.143535
00004,0472,1190,106,2024-12-29 20:35:38.159530
00006,0467,1190,106,2024-12-29 20:35:38.175530
00003,0465,1190,106,2024-12-29 20:35:38.191537
00004,0468,1190,106,2024-12-29 20:35:38.223382
00004,0465,1190,106,2024-12-29 20:35:38.239549
00004,0475,1190,106,2024-12-29 20:35:38.255554
00005,0465,1190,106,2024-12-29 20:35:38.271540
00004,0466,1191,106,2024-12-29 20:35:38.287546
00004,0472,1190,106,2024-12-29 20:35:38.303551
00003,0470,1190,106,2024-12-29 20:35:38.319482
00005,0476,1190,106,2024-12-29 20:35:38.335478
00004,0468,1191,106,2024-12-29 20:35:38.351471
00004,0468,1191,106,2024-12-29 20:35:38.382997
00004,0476,1191,106,2024-12-29 20:35:38.399471
00004,0467,1190,106,2024-12-29 20:35:38.415460
00003,0461,1190,106,2024-12-29 20:35:38.431455
00005,0464,1190,106,2024-12-29 20:35:38.447455
00004,0473,1190,106,2024-12-29 20:35:38.463454
00003,0466,1190,106,2024-12-29 20:35:38.479451
00003,0466,1191,106,2024-12-29 20:35:38.495454
00005,0474,1190,106,2024-12-29 20:35:38.511438
00005,0467,1190,106,2024-12-29 20:35:38.527439
00004,0478,1190,106,2024-12-29 20:35:38.559375
00004,0465,1190,106,2024-12-29 20:35:38.575424
00005,0466,1190,106,2024-12-29 20:35:38.591425
00003,0481,1190,106,2024-12-29 20:35:38.607422
00004,0475,1190,106,2024-12-29 20:35:38.623425
00004,0462,1190,106,2024-12-29 20:35:38.639413
00005,0469,1190,106,2024-12-29 20:35:38.655419
00004,0464,1190,106,2024-12-29 20:35:38.671402
00004,0469,1190,106,2024-12-29 20:35:38.687398
00004,0468,1190,106,2024-12-29 20:35:38.719004
00004,0467,1190,106,2024-12-29 20:35:38.735389
00004,0472,1190,106,2024-12-29 20:35:38.751394
00004,0468,1190,106,2024-12-29 20:35:38.767385
00005,0467,1190,106,2024-12-29 20:35:38.783379
00003,0464,1190,106,2024-12-29 20:35:38.799376
00004,0482,1190,106,2024-12-29 20:35:38.815373
00003,0465,1190,106,2024-12-29 20:35:38.831372
00004,0469,1190,106,2024-12-29 20:35:38.847365
00005,0465,1190,106,2024-12-29 20:35:38.863364
00004,0465,1190,106,2024-12-29 20:35:38.895355
00004,0467,1190,106,2024-12-29 20:35:38.911355
00004,0470,1190,106,2024-12-29 20:35:38.927347
00003,0472,1190,106,2024-12-29 20:35:38.943344
00004,0472,1190,106,2024-12-29 20:35:38.959342
00004,0468,1190,106,2024-12-29 20:35:38.975342
00004,0469,1190,106,2024-12-29 20:35:38.991343
00004,0463,1190,106,2024-12-29 20:35:39.007329
00004,0476,1190,106,2024-12-29 20:35:39.023333
00003,0465,1191,106,2024-12-29 20:35:39.055047
00004,0466,1190,106,2024-12-29 20:35:39.071322
00004,0470,1190,106,2024-12-29 20:35:39.087306
00004,0462,1190,106,2024-12-29 20:35:39.103310
00005,0472,1190,106,2024-12-29 20:35:39.119298
00005,0473,1190,106,2024-12-29 20:35:39.135299
00004,0472,1190,106,2024-12-29 20:35:39.151291
00005,0474,1190,106,2024-12-29 20:35:39.167303
00003,0467,1190,106,2024-12-29 20:35:39.183296
00005,0467,1190,106,2024-12-29 20:35:39.214678
00004,0476,1190,106,2024-12-29 20:35:39.231294
00005,0471,1190,106,2024-12-29 20:35:39.247307
00004,0472,1190,106,2024-12-29 20:35:39.263279
00004,0471,1190,106,2024-12-29 20:35:39.279275
00003,0462,1190,106,2024-12-29 20:35:39.295267
00003,0470,1190,106,2024-12-29 20:35:39.311264
00004,0471,1190,106,2024-12-29 20:35:39.327261
00004,0468,1190,106,2024-12-29 20:35:39.343263
00003,0471,1190,106,2024-12-29 20:35:39.359260
00003,0468,1190,106,2024-12-29 20:35:39.391062
00004,0474,1190,106,2024-12-29 20:35:39.407247
00004,0465,1190,106,2024-12-29 20:35:39.423234
00003,0468,1190,106,2024-12-29 20:35:39.439236
00004,0467,1190,106,2024-12-29 20:35:39.455227
00005,0466,1190,106,2024-12-29 20:35:39.471228
00004,0472,1190,106,2024-12-29 20:35:39.487223
00004,0463,1190,106,2024-12-29 20:35:39.503227
00004,0458,1190,106,2024-12-29 20:35:39.519221
00005,0468,1190,106,2024-12-29 20:35:39.550707
00005,0467,1190,106,2024-12-29 20:35:39.567208
00004,0455,1190,106,2024-12-29 20:35:39.583205
00005,0473,1190,106,2024-12-29 20:35:39.599203
00003,0477,1190,106,2024-12-29 20:35:39.615213
00004,0465,1190,106,2024-12-29 20:35:39.631189
00004,0472,1189,106,2024-12-29 20:35:39.647189
00004,0484,1190,106,2024-12-29 20:35:39.663184
00004,0462,1190,106,2024-12-29 20:35:39.679187
00004,0477,1190,106,2024-12-29 20:35:39.695182
00003,0465,1190,106,2024-12-29 20:35:39.727097
00004,0456,1190,106,2024-12-29 20:35:39.743172
00005,0465,1190,106,2024-12-29 20:35:39.759172
00004,0466,1190,106,2024-12-29 20:35:39.775162
00004,0469,1190,106,2024-12-29 20:35:39.791167
00004,0465,1190,106,2024-12-29 20:35:39.807160
00004,0468,1190,106,2024-12-29 20:35:39.823168
00004,0472,1190,106,2024-12-29 20:35:39.839160
00004,0472,1190,106,2024-12-29 20:35:39.855149
00004,0469,1190,106,2024-12-29 20:35:39.886706
00004,0471,1190,106,2024-12-29 20:35:39.903144
00004,0469,1190,106,2024-12-29 20:35:39.919136
00004,0472,1190,106,2024-12-29 20:35:39.935137
00004,0462,1190,106,2024-12-29 20:35:39.951127
00004,0472,1190,106,2024-12-29 20:35:39.967132
00004,0468,1190,106,2024-12-29 20:35:39.983130
00004,0461,1190,106,2024-12-29 20:35:39.999124
00003,0456,1190,106,2024-12-29 20:35:40.015137
00003,0466,1190,106,2024-12-29 20:35:40.031142
00003,0459,1190,106,2024-12-29 20:35:40.063128
00004,0467,1190,106,2024-12-29 20:35:40.079114
00004,0468,1190,106,2024-12-29 20:35:40.095116
00003,0461,1190,106,2024-12-29 20:35:40.111108
00003,0459,1190,106,2024-12-29 20:35:40.127105
00004,0471,1190,106,2024-12-29 20:35:40.143097
00003,0457,1190,106,2024-12-29 20:35:40.159104
00005,0476,1190,106,2024-12-29 20:35:40.175094
00003,0467,1189,106,2024-12-29 20:35:40.191100
00005,0482,1190,106,2024-12-29 20:35:40.222760
00005,0477,1189,106,2024-12-29 20:35:40.239090
00004,0479,1190,106,2024-12-29 20:35:40.255069
00003,0467,1189,106,2024-12-29 20:35:40.271074
00005,0484,1190,106,2024-12-29 20:35:40.287063
00005,0466,1190,106,2024-12-29 20:35:40.303070
00004,0465,1190,106,2024-12-29 20:35:40.319057
00004,0466,1190,106,2024-12-29 20:35:40.335061
00005,0463,1190,106,2024-12-29 20:35:40.351063
00004,0468,1190,106,2024-12-29 20:35:40.382395
00004,0473,1190,106,2024-12-29 20:35:40.399039
00004,0464,1190,106,2024-12-29 20:35:40.415033
00003,0468,1190,106,2024-12-29 20:35:40.431036
00004,0472,1190,106,2024-12-29 20:35:40.447029
00003,0465,1190,106,2024-12-29 20:35:40.463032
00005,0463,1190,106,2024-12-29 20:35:40.479021
00004,0462,1190,106,2024-12-29 20:35:40.495021
00004,0468,1190,106,2024-12-29 20:35:40.511028
00003,0467,1189,106,2024-12-29 20:35:40.527017
00006,0476,1190,106,2024-12-29 20:35:40.558787
00004,0471,1190,106,2024-12-29 20:35:40.575002
00003,0463,1190,106,2024-12-29 20:35:40.590997
00003,0463,1190,106,2024-12-29 20:35:40.606991
00003,0468,1190,106,2024-12-29 20:35:40.622991
00003,0458,1189,106,2024-12-29 20:35:40.638991
00005,0490,1190,106,2024-12-29 20:35:40.654993
00003,0457,1190,106,2024-12-29 20:35:40.670995
00004,0459,1190,106,2024-12-29 20:35:40.686985
00003,0464,1190,106,2024-12-29 20:35:40.718414
00003,0464,1189,106,2024-12-29 20:35:40.734965
00005,0480,1190,106,2024-12-29 20:35:40.750970
00004,0467,1190,106,2024-12-29 20:35:40.766972
00003,0459,1189,106,2024-12-29 20:35:40.782964
00004,0475,1190,106,2024-12-29 20:35:40.798950
00002,0468,1189,106,2024-12-29 20:35:40.814959
00005,0481,1190,106,2024-12-29 20:35:40.830957
00003,0468,1190,106,2024-12-29 20:35:40.846951
00005,0463,1190,106,2024-12-29 20:35:40.862942
00003,0458,1190,106,2024-12-29 20:35:40.894790
00003,0467,1189,106,2024-12-29 20:35:40.910929
00003,0475,1190,106,2024-12-29 20:35:40.926928
00003,0468,1190,106,2024-12-29 20:35:40.942926
00004,0463,1190,106,2024-12-29 20:35:40.958924
00004,0477,1189,106,2024-12-29 20:35:40.974913
00005,0484,1190,106,2024-12-29 20:35:40.990914
00004,0465,1190,106,2024-12-29 20:35:41.006905
00003,0467,1190,106,2024-12-29 20:35:41.022911
00003,0466,1189,106,2024-12-29 20:35:41.054416
00005,0473,1190,106,2024-12-29 20:35:41.070902
00003,0466,1190,106,2024-12-29 20:35:41.086907
00004,0461,1189,106,2024-12-29 20:35:41.102902
00005,0485,1189,106,2024-12-29 20:35:41.118903
00006,0481,1190,106,2024-12-29 20:35:41.134903
00004,0465,1189,106,2024-12-29 20:35:41.150910
00005,0488,1190,106,2024-12-29 20:35:41.166907
00005,0460,1189,106,2024-12-29 20:35:41.182915
00006,0477,1190,106,2024-12-29 20:35:41.198912
00004,0468,1190,106,2024-12-29 20:35:41.230853
00002,0467,1189,106,2024-12-29 20:35:41.246926
00005,0479,1189,106,2024-12-29 20:35:41.262925
00006,0488,1190,106,2024-12-29 20:35:41.278855
00003,0460,1190,106,2024-12-29 20:35:41.294851
00003,0462,1190,106,2024-12-29 20:35:41.310848
00003,0461,1189,106,2024-12-29 20:35:41.326851
00004,0478,1189,106,2024-12-29 20:35:41.342836
00004,0487,1190,106,2024-12-29 20:35:41.358830
00004,0471,1190,106,2024-12-29 20:35:41.390458
00003,0470,1190,106,2024-12-29 20:35:41.406830
00004,0464,1189,106,2024-12-29 20:35:41.422819
00004,0477,1189,106,2024-12-29 20:35:41.438819
00005,0479,1190,106,2024-12-29 20:35:41.454827
00003,0465,1190,106,2024-12-29 20:35:41.470809
00005,0462,1189,106,2024-12-29 20:35:41.486804
00005,0490,1189,106,2024-12-29 20:35:41.502795
00004,0484,1189,106,2024-12-29 20:35:41.518806
00005,0485,1190,106,2024-12-29 20:35:41.534798
00003,0465,1189,106,2024-12-29 20:35:41.566791
00005,0482,1190,106,2024-12-29 20:35:41.582798
00004,0463,1190,106,2024-12-29 20:35:41.598785
00002,0464,1189,106,2024-12-29 20:35:41.614779
00005,0486,1189,106,2024-12-29 20:35:41.630780
00005,0484,1189,106,2024-12-29 20:35:41.646772
00004,0489,1190,106,2024-12-29 20:35:41.662777
00003,0467,1189,106,2024-12-29 20:35:41.678769
00004,0480,1189,106,2024-12-29 20:35:41.694769
00005,0490,1189,106,2024-12-29 20:35:41.726502
00004,0479,1190,106,2024-12-29 20:35:41.742760
00004,0464,1190,106,2024-12-29 20:35:41.758760
00004,0470,1190,106,2024-12-29 20:35:41.774752
00004,0473,1190,106,2024-12-29 20:35:41.790739
00004,0465,1189,106,2024-12-29 20:35:41.806743
00004,0486,1189,106,2024-12-29 20:35:41.822746
00005,0484,1189,106,2024-12-29 20:35:41.838725
00004,0479,1189,106,2024-12-29 20:35:41.854729
00004,0485,1189,106,2024-12-29 20:35:41.886113
00005,0488,1189,106,2024-12-29 20:35:41.902714
00005,0483,1189,106,2024-12-29 20:35:41.918713
00005,0484,1189,106,2024-12-29 20:35:41.934713
00004,0487,1189,106,2024-12-29 20:35:41.950718
00005,0490,1189,106,2024-12-29 20:35:41.966703
00005,0483,1189,106,2024-12-29 20:35:41.982694
00005,0485,1189,106,2024-12-29 20:35:41.998706
00005,0481,1189,106,2024-12-29 20:35:42.014690
00004,0475,1189,106,2024-12-29 20:35:42.030693
00003,0482,1189,106,2024-12-29 20:35:42.062515
00003,0489,1189,106,2024-12-29 20:35:42.078681
00005,0487,1189,106,2024-12-29 20:35:42.094682
00005,0495,1189,106,2024-12-29 20:35:42.110667
00004,0479,1189,106,2024-12-29 20:35:42.126670
00005,0478,1189,106,2024-12-29 20:35:42.142662
00005,0484,1189,106,2024-12-29 20:35:42.158658
00004,0484,1189,106,2024-12-29 20:35:42.174662
00005,0485,1189,106,2024-12-29 20:35:42.190661
00004,0487,1189,106,2024-12-29 20:35:42.222138
00005,0481,1189,106,2024-12-29 20:35:42.238655
00005,0479,1189,106,2024-12-29 20:35:42.254659
00004,0487,1189,106,2024-12-29 20:35:42.270638
00005,0479,1189,106,2024-12-29 20:35:42.286638
00004,0479,1189,106,2024-12-29 20:35:42.302639
00004,0485,1189,106,2024-12-29 20:35:42.318642
00005,0477,1189,106,2024-12-29 20:35:42.334632
00005,0484,1189,106,2024-12-29 20:35:42.350621
00005,0479,1189,106,2024-12-29 20:35:42.366619
00005,0482,1189,106,2024-12-29 20:35:42.398528
00004,0479,1189,106,2024-12-29 20:35:42.414606
00004,0481,1189,106,2024-12-29 20:35:42.430610
00004,0471,1189,106,2024-12-29 20:35:42.446598
00004,0480,1189,106,2024-12-29 20:35:42.462600
00004,0485,1189,106,2024-12-29 20:35:42.478595
00004,0479,1189,106,2024-12-29 20:35:42.494596
00003,0484,1189,106,2024-12-29 20:35:42.510583
00004,0483,1189,106,2024-12-29 20:35:42.526582
00004,0487,1190,106,2024-12-29 20:35:42.558159
00004,0459,1189,106,2024-12-29 20:35:42.574573
00004,0481,1189,106,2024-12-29 20:35:42.590573
00005,0483,1189,106,2024-12-29 20:35:42.606562
00005,0480,1189,106,2024-12-29 20:35:42.622567
00004,0482,1189,106,2024-12-29 20:35:42.638556
00005,0480,1189,106,2024-12-29 20:35:42.654553
00004,0480,1189,106,2024-12-29 20:35:42.670553
00004,0482,1189,106,2024-12-29 20:35:42.686556
00004,0473,1189,106,2024-12-29 20:35:42.702547
00004,0484,1189,106,2024-12-29 20:35:42.734536
00004,0475,1189,106,2024-12-29 20:35:42.750537
00005,0482,1189,106,2024-12-29 20:35:42.766533
00004,0481,1189,106,2024-12-29 20:35:42.782529
00004,0480,1189,106,2024-12-29 20:35:42.798526
00004,0487,1189,106,2024-12-29 20:35:42.814520
00005,0487,1189,106,2024-12-29 20:35:42.830521
00004,0481,1189,106,2024-12-29 20:35:42.846512
00005,0479,1189,106,2024-12-29 20:35:42.862505
00005,0481,1189,106,2024-12-29 20:35:42.894175
00005,0484,1189,106,2024-12-29 20:35:42.910505
00004,0481,1189,106,2024-12-29 20:35:42.926503
00005,0471,1189,106,2024-12-29 20:35:42.942489
00005,0483,1189,106,2024-12-29 20:35:42.958490
00005,0482,1189,106,2024-12-29 20:35:42.974483
00004,0482,1189,106,2024-12-29 20:35:42.990484
00004,0479,1189,106,2024-12-29 20:35:43.006472
00005,0482,1189,106,2024-12-29 20:35:43.022471
00006,0480,1189,106,2024-12-29 20:35:43.053817
00004,0483,1189,106,2024-12-29 20:35:43.070466
00006,0474,1189,106,2024-12-29 20:35:43.086476
00005,0481,1189,106,2024-12-29 20:35:43.102464
00004,0479,1189,106,2024-12-29 20:35:43.118459
00006,0479,1189,106,2024-12-29 20:35:43.134455
00003,0478,1189,106,2024-12-29 20:35:43.150447
00003,0480,1189,106,2024-12-29 20:35:43.166449
00004,0477,1189,106,2024-12-29 20:35:43.182446
00005,0482,1189,106,2024-12-29 20:35:43.198438
00003,0474,1189,106,2024-12-29 20:35:43.230199
00005,0485,1189,106,2024-12-29 20:35:43.246432
00004,0483,1189,106,2024-12-29 20:35:43.262423
00004,0471,1189,106,2024-12-29 20:35:43.278413
00004,0473,1189,106,2024-12-29 20:35:43.294419
00004,0486,1189,106,2024-12-29 20:35:43.310420
00004,0478,1189,106,2024-12-29 20:35:43.326410
00004,0465,1189,106,2024-12-29 20:35:43.342406
00003,0476,1189,106,2024-12-29 20:35:43.358397
00005,0483,1189,106,2024-12-29 20:35:43.389834
00005,0485,1189,106,2024-12-29 20:35:43.406392
00005,0466,1189,106,2024-12-29 20:35:43.422394
00003,0476,1189,106,2024-12-29 20:35:43.438392
00004,0477,1189,106,2024-12-29 20:35:43.454386
00004,0485,1189,106,2024-12-29 20:35:43.470379
00005,0478,1189,106,2024-12-29 20:35:43.486371
00004,0478,1189,106,2024-12-29 20:35:43.502367
00004,0477,1189,106,2024-12-29 20:35:43.518365
00004,0476,1189,106,2024-12-29 20:35:43.534364
00004,0473,1189,106,2024-12-29 20:35:43.566234
00004,0480,1189,106,2024-12-29 20:35:43.582352
00004,0475,1189,106,2024-12-29 20:35:43.598354
00004,0480,1189,106,2024-12-29 20:35:43.614343
00004,0476,1189,106,2024-12-29 20:35:43.630348
00005,0482,1189,106,2024-12-29 20:35:43.646337
00004,0474,1189,106,2024-12-29 20:35:43.662347
00004,0476,1189,106,2024-12-29 20:35:43.678345
00004,0479,1189,106,2024-12-29 20:35:43.694325
00004,0485,1189,106,2024-12-29 20:35:43.725849
00003,0483,1189,106,2024-12-29 20:35:43.742325
00004,0473,1189,106,2024-12-29 20:35:43.758316
00003,0478,1189,106,2024-12-29 20:35:43.774318
00003,0476,1189,106,2024-12-29 20:35:43.790315
00005,0475,1189,106,2024-12-29 20:35:43.806321
00004,0489,1189,106,2024-12-29 20:35:43.822300
00004,0474,1189,106,2024-12-29 20:35:43.838303
00005,0477,1189,106,2024-12-29 20:35:43.854293
00004,0474,1189,106,2024-12-29 20:35:43.870292
00004,0479,1189,106,2024-12-29 20:35:43.902248
00005,0471,1189,106,2024-12-29 20:35:43.918272
00004,0478,1189,106,2024-12-29 20:35:43.934274
00005,0484,1189,106,2024-12-29 20:35:43.950270
00004,0483,1189,106,2024-12-29 20:35:43.966268
00003,0478,1189,106,2024-12-29 20:35:43.982270
00004,0483,1189,106,2024-12-29 20:35:43.998265
00005,0474,1188,106,2024-12-29 20:35:44.014255
00004,0479,1189,106,2024-12-29 20:35:44.030256
00005,0479,1189,106,2024-12-29 20:35:44.061873
00004,0477,1189,106,2024-12-29 20:35:44.078266
00004,0473,1189,106,2024-12-29 20:35:44.094271
00005,0472,1189,106,2024-12-29 20:35:44.110266
00003,0471,1189,106,2024-12-29 20:35:44.126270
00003,0482,1188,106,2024-12-29 20:35:44.142268
00004,0468,1189,106,2024-12-29 20:35:44.158273
00005,0482,1189,106,2024-12-29 20:35:44.174277
00004,0469,1189,106,2024-12-29 20:35:44.190281
00003,0474,1189,106,2024-12-29 20:35:44.206278
00004,0479,1189,106,2024-12-29 20:35:44.238213
00005,0480,1189,106,2024-12-29 20:35:44.254216
00005,0483,1189,106,2024-12-29 20:35:44.270208
00005,0478,1189,106,2024-12-29 20:35:44.286199
00004,0490,1188,106,2024-12-29 20:35:44.302200
00005,0480,1189,106,2024-12-29 20:35:44.318195
00005,0482,1188,106,2024-12-29 20:35:44.334196
00005,0473,1189,106,2024-12-29 20:35:44.350188
00004,0484,1188,106,2024-12-29 20:35:44.366184
00004,0477,1188,106,2024-12-29 20:35:44.397896
00004,0469,1189,106,2024-12-29 20:35:44.414162
00003,0476,1189,106,2024-12-29 20:35:44.430166
00005,0470,1189,106,2024-12-29 20:35:44.446166
00005,0473,1188,106,2024-12-29 20:35:44.462158
00004,0477,1188,106,2024-12-29 20:35:44.478148
00004,0478,1188,106,2024-12-29 20:35:44.494152
00005,0479,1189,106,2024-12-29 20:35:44.510154
00004,0482,1188,106,2024-12-29 20:35:44.526153
00003,0486,1189,106,2024-12-29 20:35:44.557522
00004,0482,1189,106,2024-12-29 20:35:44.574134
00004,0480,1189,106,2024-12-29 20:35:44.590128
00004,0473,1189,106,2024-12-29 20:35:44.606139
00004,0482,1189,106,2024-12-29 20:35:44.622126
00005,0472,1189,106,2024-12-29 20:35:44.638129
00004,0472,1188,106,2024-12-29 20:35:44.654119
00004,0480,1189,106,2024-12-29 20:35:44.670117
00004,0475,1189,106,2024-12-29 20:35:44.686111
00005,0484,1189,106,2024-12-29 20:35:44.702105
00004,0476,1189,106,2024-12-29 20:35:44.733921
00004,0474,1188,106,2024-12-29 20:35:44.750104
00005,0480,1189,106,2024-12-29 20:35:44.766096
00004,0475,1188,106,2024-12-29 20:35:44.782079
00004,0471,1188,106,2024-12-29 20:35:44.798092
00004,0482,1189,106,2024-12-29 20:35:44.814081
00003,0481,1189,106,2024-12-29 20:35:44.830093
00003,0476,1189,106,2024-12-29 20:35:44.846071
00006,0470,1188,106,2024-12-29 20:35:44.862069
00004,0471,1188,106,2024-12-29 20:35:44.893547
00004,0473,1189,106,2024-12-29 20:35:44.910064
00004,0485,1189,106,2024-12-29 20:35:44.926059
00006,0474,1188,106,2024-12-29 20:35:44.942060
00005,0478,1189,106,2024-12-29 20:35:44.958048
00004,0471,1189,106,2024-12-29 20:35:44.974048
00003,0474,1189,106,2024-12-29 20:35:44.990042
00005,0479,1189,106,2024-12-29 20:35:45.006045
00003,0473,1188,106,2024-12-29 20:35:45.022036
00004,0478,1188,106,2024-12-29 20:35:45.038040
00004,0480,1189,106,2024-12-29 20:35:45.069937
00004,0485,1188,106,2024-12-29 20:35:45.086025
00004,0471,1188,106,2024-12-29 20:35:45.102013
00004,0479,1189,106,2024-12-29 20:35:45.118013
00005,0471,1188,106,2024-12-29 20:35:45.134011
00005,0478,1188,106,2024-12-29 20:35:45.150009
00004,0475,1188,106,2024-12-29 20:35:45.166009
00004,0464,1188,106,2024-12-29 20:35:45.181997
00005,0483,1188,106,2024-12-29 20:35:45.197998
00004,0482,1188,106,2024-12-29 20:35:45.229602
00005,0474,1188,106,2024-12-29 20:35:45.246002
00003,0479,1188,106,2024-12-29 20:35:45.262001
00004,0472,1188,106,2024-12-29 20:35:45.277991
00004,0478,1188,106,2024-12-29 20:35:45.293990
00005,0476,1188,106,2024-12-29 20:35:45.309983
00003,0469,1188,106,2024-12-29 20:35:45.325976
00003,0478,1188,106,2024-12-29 20:35:45.341970
00003,0470,1188,106,2024-12-29 20:35:45.357965
00003,0476,1189,106,2024-12-29 20:35:45.373970
00004,0478,1188,106,2024-12-29 20:35:45.405961
00004,0478,1189,106,2024-12-29 20:35:45.421950
00004,0476,1188,106,2024-12-29 20:35:45.437950
00004,0478,1188,106,2024-12-29 20:35:45.453942
00004,0475,1188,106,2024-12-29 20:35:45.469948
00005,0478,1189,106,2024-12-29 20:35:45.485937
00004,0486,1189,106,2024-12-29 20:35:45.501938
00005,0479,1188,106,2024-12-29 20:35:45.517946
00003,0467,1188,106,2024-12-29 20:35:45.533929
00004,0476,1188,106,2024-12-29 20:35:45.565585
00004,0471,1188,106,2024-12-29 20:35:45.581929
00004,0473,1188,106,2024-12-29 20:35:45.597917
00004,0475,1188,106,2024-12-29 20:35:45.613911
00004,0478,1188,106,2024-12-29 20:35:45.629915
00005,0474,1189,106,2024-12-29 20:35:45.645902
00004,0479,1188,106,2024-12-29 20:35:45.661904
00004,0472,1188,106,2024-12-29 20:35:45.677897
00005,0481,1188,106,2024-12-29 20:35:45.693899
00004,0476,1188,106,2024-12-29 20:35:45.725245
00003,0480,1188,106,2024-12-29 20:35:45.741892
00003,0479,1188,106,2024-12-29 20:35:45.757877
00005,0471,1188,106,2024-12-29 20:35:45.773882
00005,0473,1188,106,2024-12-29 20:35:45.789876
00003,0475,1188,106,2024-12-29 20:35:45.805876
00005,0474,1188,106,2024-12-29 20:35:45.821869
00004,0479,1188,106,2024-12-29 20:35:45.837864
00004,0482,1188,106,2024-12-29 20:35:45.853860
00004,0476,1188,106,2024-12-29 20:35:45.869857
00003,0480,1188,106,2024-12-29 20:35:45.901620
00005,0478,1188,106,2024-12-29 20:35:45.917849
00004,0480,1188,106,2024-12-29 20:35:45.933845
00004,0483,1188,106,2024-12-29 20:35:45.949845
00004,0474,1188,106,2024-12-29 20:35:45.965830
00006,0487,1188,106,2024-12-29 20:35:45.981834
00004,0476,1188,106,2024-12-29 20:35:45.997834
00005,0474,1188,106,2024-12-29 20:35:46.013820
00005,0476,1188,106,2024-12-29 20:35:46.029839
00004,0477,1188,106,2024-12-29 20:35:46.061259
00004,0468,1188,106,2024-12-29 20:35:46.077828
00006,0468,1188,106,2024-12-29 20:35:46.093818
00004,0475,1188,106,2024-12-29 20:35:46.109807
00004,0478,1188,106,2024-12-29 20:35:46.125797
00003,0476,1188,106,2024-12-29 20:35:46.141805
00004,0474,1188,106,2024-12-29 20:35:46.157789
00004,0475,1188,106,2024-12-29 20:35:46.173794
00004,0474,1188,106,2024-12-29 20:35:46.189786
00005,0482,1188,106,2024-12-29 20:35:46.205792
00004,0471,1188,106,2024-12-29 20:35:46.237647
00004,0481,1188,106,2024-12-29 20:35:46.253792
00005,0467,1188,106,2024-12-29 20:35:46.269771
00004,0468,1188,106,2024-12-29 20:35:46.285772
00005,0467,1188,106,2024-12-29 20:35:46.301765
00005,0473,1188,106,2024-12-29 20:35:46.317772
00004,0472,1188,106,2024-12-29 20:35:46.333762
00005,0482,1188,106,2024-12-29 20:35:46.349756
00004,0467,1188,106,2024-12-29 20:35:46.365757
00003,0479,1188,106,2024-12-29 20:35:46.397287
00004,0478,1188,106,2024-12-29 20:35:46.413737
00003,0475,1188,106,2024-12-29 20:35:46.429742
00004,0467,1188,106,2024-12-29 20:35:46.445730
00003,0472,1188,106,2024-12-29 20:35:46.461728
00005,0471,1188,106,2024-12-29 20:35:46.477726
00003,0471,1188,106,2024-12-29 20:35:46.493725
00004,0466,1188,106,2024-12-29 20:35:46.509720
00004,0473,1188,106,2024-12-29 20:35:46.525715
00003,0479,1188,106,2024-12-29 20:35:46.541712
00004,0480,1188,106,2024-12-29 20:35:46.573667
00004,0471,1188,106,2024-12-29 20:35:46.589709
00004,0472,1188,106,2024-12-29 20:35:46.605706
00004,0474,1188,106,2024-12-29 20:35:46.621703
00003,0470,1188,106,2024-12-29 20:35:46.637708
00004,0472,1188,106,2024-12-29 20:35:46.653690
00003,0474,1188,106,2024-12-29 20:35:46.669680
00004,0466,1188,106,2024-12-29 20:35:46.685681
00003,0477,1188,106,2024-12-29 20:35:46.701679
00003,0469,1188,106,2024-12-29 20:35:46.733297
00004,0478,1188,106,2024-12-29 20:35:46.749684
00005,0471,1188,106,2024-12-29 20:35:46.765664
00003,0467,1188,106,2024-12-29 20:35:46.781670
00005,0475,1188,106,2024-12-29 20:35:46.797655
00004,0477,1188,106,2024-12-29 20:35:46.813649
00004,0475,1188,106,2024-12-29 20:35:46.829655
00004,0466,1188,106,2024-12-29 20:35:46.845642
00004,0470,1188,106,2024-12-29 20:35:46.861649
00003,0481,1188,106,2024-12-29 20:35:46.877636
00004,0474,1188,106,2024-12-29 20:35:46.909631
00004,0470,1188,106,2024-12-29 20:35:46.925635
00004,0474,1188,106,2024-12-29 20:35:46.941628
00004,0486,1188,106,2024-12-29 20:35:46.957621
00003,0473,1188,106,2024-12-29 20:35:46.973617
00004,0478,1188,106,2024-12-29 20:35:46.989620
00004,0472,1188,106,2024-12-29 20:35:47.005628
00004,0469,1188,106,2024-12-29 20:35:47.021625
00004,0477,1188,106,2024-12-29 20:35:47.037631
00005,0474,1188,106,2024-12-29 20:35:47.069355
00003,0477,1187,106,2024-12-29 20:35:47.085636
00003,0470,1188,106,2024-12-29 20:35:47.101637
00004,0488,1188,106,2024-12-29 20:35:47.117635
00003,0473,1188,106,2024-12-29 20:35:47.133644
00005,0475,1188,106,2024-12-29 20:35:47.149642
00004,0468,1188,106,2024-12-29 20:35:47.165645
00004,0474,1188,106,2024-12-29 20:35:47.181583
00004,0477,1188,106,2024-12-29 20:35:47.197576
00004,0467,1188,106,2024-12-29 20:35:47.228973
00005,0467,1188,106,2024-12-29 20:35:47.245572
00004,0471,1188,106,2024-12-29 20:35:47.261555
00004,0469,1188,106,2024-12-29 20:35:47.277562
00004,0475,1188,106,2024-12-29 20:35:47.293548
00004,0469,1188,106,2024-12-29 20:35:47.309552
00004,0481,1188,106,2024-12-29 20:35:47.325544
00005,0474,1188,106,2024-12-29 20:35:47.341545
00003,0472,1188,106,2024-12-29 20:35:47.357558
00005,0476,1188,106,2024-12-29 20:35:47.373554
00004,0479,1188,106,2024-12-29 20:35:47.405348
00003,0483,1188,106,2024-12-29 20:35:47.421536
00003,0478,1188,106,2024-12-29 20:35:47.437532
00005,0478,1188,106,2024-12-29 20:35:47.453533
00004,0473,1188,106,2024-12-29 20:35:47.469526
00004,0473,1188,106,2024-12-29 20:35:47.485525
00002,0473,1188,106,2024-12-29 20:35:47.501508
00001,0469,1188,106,2024-12-29 20:35:47.517507
00004,0468,1188,106,2024-12-29 20:35:47.533502
00004,0479,1187,106,2024-12-29 20:35:47.564988
00004,0472,1188,106,2024-12-29 20:35:47.581489
00003,0468,1188,106,2024-12-29 20:35:47.597491
00004,0483,1188,106,2024-12-29 20:35:47.613479
00004,0475,1188,106,2024-12-29 20:35:47.629487
00004,0470,1188,106,2024-12-29 20:35:47.645471
00005,0472,1188,106,2024-12-29 20:35:47.661484
00005,0469,1188,106,2024-12-29 20:35:47.677470
00004,0473,1188,106,2024-12-29 20:35:47.693473
00004,0468,1188,106,2024-12-29 20:35:47.709463
00005,0469,1188,106,2024-12-29 20:35:47.741384
00003,0474,1188,106,2024-12-29 20:35:47.757453
00003,0474,1188,106,2024-12-29 20:35:47.773453
00004,0472,1188,106,2024-12-29 20:35:47.789442
00004,0472,1188,106,2024-12-29 20:35:47.805451
00003,0471,1188,106,2024-12-29 20:35:47.821436
00004,0464,1187,106,2024-12-29 20:35:47.837441
00004,0478,1188,106,2024-12-29 20:35:47.853436
00004,0468,1188,106,2024-12-29 20:35:47.869424
00004,0471,1188,106,2024-12-29 20:35:47.901008
00003,0478,1188,106,2024-12-29 20:35:47.917421
00004,0470,1187,106,2024-12-29 20:35:47.933416
00004,0476,1188,106,2024-12-29 20:35:47.949422
00005,0469,1188,106,2024-12-29 20:35:47.965409
00005,0474,1187,106,2024-12-29 20:35:47.981403
00005,0468,1187,106,2024-12-29 20:35:47.997411
00004,0466,1187,106,2024-12-29 20:35:48.013396
00006,0472,1188,106,2024-12-29 20:35:48.029394
00003,0472,1188,106,2024-12-29 20:35:48.045392
00004,0483,1187,106,2024-12-29 20:35:48.077385
00003,0470,1187,106,2024-12-29 20:35:48.093385
00005,0474,1187,106,2024-12-29 20:35:48.109387
00005,0479,1187,106,2024-12-29 20:35:48.125372
00005,0475,1187,106,2024-12-29 20:35:48.141374
00004,0473,1188,106,2024-12-29 20:35:48.157367
00003,0466,1187,106,2024-12-29 20:35:48.173364
00004,0472,1187,106,2024-12-29 20:35:48.189359
00003,0472,1188,106,2024-12-29 20:35:48.205362
00003,0473,1188,106,2024-12-29 20:35:48.237038
00005,0475,1187,106,2024-12-29 20:35:48.253353
00005,0466,1187,106,2024-12-29 20:35:48.269345
00003,0467,1187,106,2024-12-29 20:35:48.285348
00003,0473,1188,106,2024-12-29 20:35:48.301343
00004,0473,1187,106,2024-12-29 20:35:48.317336
00004,0472,1188,106,2024-12-29 20:35:48.333336
00003,0466,1187,106,2024-12-29 20:35:48.349332
00004,0472,1187,106,2024-12-29 20:35:48.365323
00005,0472,1188,106,2024-12-29 20:35:48.396671
00005,0479,1187,106,2024-12-29 20:35:48.413313
00004,0466,1188,106,2024-12-29 20:35:48.429307
00003,0467,1188,106,2024-12-29 20:35:48.445302
00004,0476,1187,106,2024-12-29 20:35:48.461305
00005,0469,1188,106,2024-12-29 20:35:48.477311
00004,0473,1188,106,2024-12-29 20:35:48.493298
00004,0474,1187,106,2024-12-29 20:35:48.509295
00003,0474,1187,106,2024-12-29 20:35:48.525293
00003,0467,1188,106,2024-12-29 20:35:48.541294
00004,0470,1188,106,2024-12-29 20:35:48.573060
00005,0468,1188,106,2024-12-29 20:35:48.589279
00003,0469,1187,106,2024-12-29 20:35:48.605285
00004,0468,1187,106,2024-12-29 20:35:48.621271
00003,0472,1187,106,2024-12-29 20:35:48.637271
00005,0466,1187,106,2024-12-29 20:35:48.653262
00005,0479,1187,106,2024-12-29 20:35:48.669270
00004,0471,1187,106,2024-12-29 20:35:48.685261
00005,0476,1187,106,2024-12-29 20:35:48.701265
00003,0469,1187,106,2024-12-29 20:35:48.732685
00004,0465,1187,106,2024-12-29 20:35:48.749246
00004,0473,1187,106,2024-12-29 20:35:48.765235
00004,0471,1187,106,2024-12-29 20:35:48.781239
00004,0480,1187,106,2024-12-29 20:35:48.797233
00004,0466,1188,106,2024-12-29 20:35:48.813230
00003,0477,1187,106,2024-12-29 20:35:48.829230
00004,0478,1187,106,2024-12-29 20:35:48.845230
00003,0475,1187,106,2024-12-29 20:35:48.861231
00004,0474,1187,106,2024-12-29 20:35:48.877221
00003,0461,1187,106,2024-12-29 20:35:48.909088
00003,0461,1187,106,2024-12-29 20:35:48.925212
00004,0468,1187,106,2024-12-29 20:35:48.941206
00003,0478,1187,106,2024-12-29 20:35:48.957203
00004,0472,1187,106,2024-12-29 20:35:48.973203
00004,0469,1187,106,2024-12-29 20:35:48.989189
00003,0469,1187,106,2024-12-29 20:35:49.005197
00004,0464,1188,106,2024-12-29 20:35:49.021187
00004,0465,1187,106,2024-12-29 20:35:49.037190
00003,0474,1187,106,2024-12-29 20:35:49.068697
00003,0474,1187,106,2024-12-29 20:35:49.085173
00004,0464,1187,106,2024-12-29 20:35:49.101171
00003,0463,1187,106,2024-12-29 20:35:49.117166
00004,0469,1187,106,2024-12-29 20:35:49.133159
00004,0467,1187,106,2024-12-29 20:35:49.149171
00004,0468,1187,106,2024-12-29 20:35:49.165158
00005,0471,1187,106,2024-12-29 20:35:49.181157
00004,0470,1187,106,2024-12-29 20:35:49.197145
00004,0470,1187,106,2024-12-29 20:35:49.213156
00003,0469,1187,106,2024-12-29 20:35:49.245112
00003,0468,1187,106,2024-12-29 20:35:49.261148
00003,0470,1187,106,2024-12-29 20:35:49.277140
00004,0469,1187,106,2024-12-29 20:35:49.293136
00004,0468,1187,106,2024-12-29 20:35:49.309132
00005,0480,1187,106,2024-12-29 20:35:49.325131
00002,0471,1187,106,2024-12-29 20:35:49.341119
00004,0472,1187,106,2024-12-29 20:35:49.357113
00004,0476,1187,106,2024-12-29 20:35:49.373107
00004,0462,1187,106,2024-12-29 20:35:49.404738
00004,0474,1187,106,2024-12-29 20:35:49.421098
00005,0475,1187,106,2024-12-29 20:35:49.437099
00005,0478,1187,106,2024-12-29 20:35:49.453094
00004,0469,1187,106,2024-12-29 20:35:49.469096
00003,0471,1187,106,2024-12-29 20:35:49.485087
00005,0465,1187,106,2024-12-29 20:35:49.501081
00004,0473,1187,106,2024-12-29 20:35:49.517086
00004,0466,1187,106,2024-12-29 20:35:49.533078
00003,0471,1187,106,2024-12-29 20:35:49.564387
00004,0473,1187,106,2024-12-29 20:35:49.581080
00004,0474,1187,106,2024-12-29 20:35:49.597070
00003,0474,1187,106,2024-12-29 20:35:49.613073
00005,0464,1187,106,2024-12-29 20:35:49.629058
00003,0471,1187,106,2024-12-29 20:35:49.645054
00004,0473,1187,106,2024-12-29 20:35:49.661048
00004,0483,1187,106,2024-12-29 20:35:49.677039
00004,0474,1187,106,2024-12-29 20:35:49.693041
00003,0470,1187,106,2024-12-29 20:35:49.709040
00004,0471,1187,106,2024-12-29 20:35:49.740770
00004,0471,1187,106,2024-12-29 20:35:49.757034
00003,0470,1187,106,2024-12-29 20:35:49.773025
00003,0468,1187,106,2024-12-29 20:35:49.789028
00003,0472,1187,106,2024-12-29 20:35:49.805022
00004,0467,1187,106,2024-12-29 20:35:49.821008
00003,0465,1187,106,2024-12-29 20:35:49.837024
00003,0468,1187,106,2024-12-29 20:35:49.853006
00004,0463,1187,106,2024-12-29 20:35:49.869007
00003,0467,1187,106,2024-12-29 20:35:49.900409
00003,0475,1187,106,2024-12-29 20:35:49.916996
00004,0475,1187,106,2024-12-29 20:35:49.932996
00004,0474,1187,106,2024-12-29 20:35:49.948987
00004,0469,1187,106,2024-12-29 20:35:49.964987
00004,0462,1187,106,2024-12-29 20:35:49.980991
00005,0474,1187,106,2024-12-29 20:35:49.996995
00004,0474,1187,106,2024-12-29 20:35:50.012995
00003,0457,1187,106,2024-12-29 20:35:50.028999
00004,0471,1187,106,2024-12-29 20:35:50.044996
00004,0470,1187,106,2024-12-29 20:35:50.076810
00004,0464,1187,106,2024-12-29 20:35:50.093004
00004,0466,1187,106,2024-12-29 20:35:50.109000
00003,0477,1187,106,2024-12-29 20:35:50.125007
00004,0471,1187,106,2024-12-29 20:35:50.141005
00004,0466,1187,106,2024-12-29 20:35:50.156941
00003,0466,1187,106,2024-12-29 20:35:50.172943
00005,0467,1187,106,2024-12-29 20:35:50.188935
00003,0465,1187,106,2024-12-29 20:35:50.204935
00002,0462,1187,106,2024-12-29 20:35:50.236429
00003,0465,1187,106,2024-12-29 20:35:50.252935
00004,0472,1187,106,2024-12-29 20:35:50.268929
00004,0461,1187,106,2024-12-29 20:35:50.284917
00004,0470,1187,106,2024-12-29 20:35:50.300908
00004,0463,1187,106,2024-12-29 20:35:50.316913
00003,0469,1187,106,2024-12-29 20:35:50.332918
00004,0470,1187,106,2024-12-29 20:35:50.348903
00005,0458,1187,106,2024-12-29 20:35:50.364896
00003,0471,1187,106,2024-12-29 20:35:50.380896
00003,0467,1187,106,2024-12-29 20:35:50.412802
00003,0460,1187,106,2024-12-29 20:35:50.429112
00003,0468,1187,106,2024-12-29 20:35:50.444902
00003,0465,1187,106,2024-12-29 20:35:50.460890
00004,0478,1187,106,2024-12-29 20:35:50.476875
00004,0467,1187,106,2024-12-29 20:35:50.492882
00003,0466,1186,106,2024-12-29 20:35:50.508873
00003,0463,1186,106,2024-12-29 20:35:50.524877
00003,0469,1187,106,2024-12-29 20:35:50.540868
00004,0469,1187,106,2024-12-29 20:35:50.572456
00004,0469,1187,106,2024-12-29 20:35:50.588845
00003,0465,1187,106,2024-12-29 20:35:50.604854
00003,0462,1187,106,2024-12-29 20:35:50.620839
00004,0464,1187,106,2024-12-29 20:35:50.636844
00005,0469,1187,106,2024-12-29 20:35:50.652842
00003,0465,1187,106,2024-12-29 20:35:50.668839
00004,0470,1187,106,2024-12-29 20:35:50.684833
00004,0474,1187,106,2024-12-29 20:35:50.700836
00003,0469,1187,106,2024-12-29 20:35:50.716838
00004,0473,1187,106,2024-12-29 20:35:50.748826
00004,0471,1187,106,2024-12-29 20:35:50.764814
00004,0466,1187,106,2024-12-29 20:35:50.780818
00004,0476,1187,106,2024-12-29 20:35:50.796803
00003,0469,1187,106,2024-12-29 20:35:50.812804
00003,0477,1187,106,2024-12-29 20:35:50.828808
00004,0469,1187,106,2024-12-29 20:35:50.844795
00005,0473,1186,106,2024-12-29 20:35:50.860797
00002,0460,1187,106,2024-12-29 20:35:50.876789
00003,0471,1187,106,2024-12-29 20:35:50.908467
00003,0465,1187,106,2024-12-29 20:35:50.924786
00004,0475,1186,106,2024-12-29 20:35:50.940784
00004,0468,1187,106,2024-12-29 20:35:50.956782
00004,0465,1187,106,2024-12-29 20:35:50.972771
00003,0465,1187,106,2024-12-29 20:35:50.988766
00003,0469,1187,106,2024-12-29 20:35:51.004763
00004,0468,1186,106,2024-12-29 20:35:51.020757
00004,0469,1187,106,2024-12-29 20:35:51.036754
00003,0458,1187,106,2024-12-29 20:35:51.068107
00004,0466,1187,106,2024-12-29 20:35:51.084753
00003,0469,1186,106,2024-12-29 20:35:51.100735
00003,0463,1187,106,2024-12-29 20:35:51.116745
00004,0469,1187,106,2024-12-29 20:35:51.132739
00004,0467,1187,106,2024-12-29 20:35:51.148738
00004,0458,1187,106,2024-12-29 20:35:51.164738
00003,0468,1186,106,2024-12-29 20:35:51.180729
00003,0463,1187,106,2024-12-29 20:35:51.196728
00004,0465,1187,106,2024-12-29 20:35:51.212719
00004,0470,1187,106,2024-12-29 20:35:51.244488
00004,0460,1187,106,2024-12-29 20:35:51.260719
00004,0466,1186,106,2024-12-29 20:35:51.276706
00004,0463,1186,106,2024-12-29 20:35:51.292709
00004,0461,1187,106,2024-12-29 20:35:51.308701
00003,0459,1187,106,2024-12-29 20:35:51.324703
00004,0462,1187,106,2024-12-29 20:35:51.340695
00004,0470,1186,106,2024-12-29 20:35:51.356686
00004,0465,1186,106,2024-12-29 20:35:51.372687
00002,0457,1186,106,2024-12-29 20:35:51.404138
00003,0464,1186,106,2024-12-29 20:35:51.420675
00004,0471,1187,106,2024-12-29 20:35:51.436675
00003,0466,1186,106,2024-12-29 20:35:51.452679
00003,0471,1186,106,2024-12-29 20:35:51.468663
00003,0468,1186,106,2024-12-29 20:35:51.484664
00003,0459,1187,106,2024-12-29 20:35:51.500657
00003,0466,1186,106,2024-12-29 20:35:51.516658
00003,0462,1187,106,2024-12-29 20:35:51.532654
00004,0466,1186,106,2024-12-29 20:35:51.548653
00003,0467,1186,106,2024-12-29 20:35:51.580510
00003,0461,1187,106,2024-12-29 20:35:51.596638
00005,0465,1187,106,2024-12-29 20:35:51.612632
00003,0467,1187,106,2024-12-29 20:35:51.628629
00003,0472,1187,106,2024-12-29 20:35:51.644622
00004,0469,1186,106,2024-12-29 20:35:51.660624
00004,0467,1187,106,2024-12-29 20:35:51.676615
00003,0467,1186,106,2024-12-29 20:35:51.692619
00003,0467,1187,106,2024-12-29 20:35:51.708614
00003,0472,1186,106,2024-12-29 20:35:51.740152
00004,0469,1186,106,2024-12-29 20:35:51.756599
00003,0465,1186,106,2024-12-29 20:35:51.772601
00003,0459,1186,106,2024-12-29 20:35:51.788591
00005,0473,1186,106,2024-12-29 20:35:51.804598
00004,0469,1187,106,2024-12-29 20:35:51.820596
00004,0464,1187,106,2024-12-29 20:35:51.836585
00003,0468,1187,106,2024-12-29 20:35:51.852583
00004,0468,1187,106,2024-12-29 20:35:51.868583
00004,0466,1187,106,2024-12-29 20:35:51.884582
00003,0469,1187,106,2024-12-29 20:35:51.916551
00004,0462,1186,106,2024-12-29 20:35:51.932574
00003,0466,1187,106,2024-12-29 20:35:51.948562
00004,0463,1186,106,2024-12-29 20:35:51.964558
00004,0471,1186,106,2024-12-29 20:35:51.980552
00004,0466,1186,106,2024-12-29 20:35:51.996553
00005,0471,1186,106,2024-12-29 20:35:52.012541
00004,0462,1186,106,2024-12-29 20:35:52.028552
00004,0464,1187,106,2024-12-29 20:35:52.044547
00004,0471,1187,106,2024-12-29 20:35:52.076194
00004,0472,1186,106,2024-12-29 20:35:52.092536
00004,0468,1186,106,2024-12-29 20:35:52.108528
00003,0475,1186,106,2024-12-29 20:35:52.124521
00004,0465,1186,106,2024-12-29 20:35:52.140528
00003,0464,1186,106,2024-12-29 20:35:52.156513
00004,0468,1186,106,2024-12-29 20:35:52.172517
00003,0468,1186,106,2024-12-29 20:35:52.188515
00002,0462,1186,106,2024-12-29 20:35:52.204499
00003,0461,1186,106,2024-12-29 20:35:52.235825
00004,0472,1186,106,2024-12-29 20:35:52.252503
00003,0464,1186,106,2024-12-29 20:35:52.268487
00004,0469,1186,106,2024-12-29 20:35:52.284488
00003,0461,1187,106,2024-12-29 20:35:52.300487
00004,0463,1186,106,2024-12-29 20:35:52.316474
00005,0473,1186,106,2024-12-29 20:35:52.332472
00003,0467,1186,106,2024-12-29 20:35:52.348476
00003,0463,1186,106,2024-12-29 20:35:52.364473
00002,0473,1186,106,2024-12-29 20:35:52.380466
00004,0464,1186,106,2024-12-29 20:35:52.412197
00003,0463,1186,106,2024-12-29 20:35:52.428459
00003,0468,1186,106,2024-12-29 20:35:52.444453
00004,0458,1186,106,2024-12-29 20:35:52.460446
00003,0466,1186,106,2024-12-29 20:35:52.476454
00004,0467,1186,106,2024-12-29 20:35:52.492438
00003,0462,1186,106,2024-12-29 20:35:52.508446
00003,0453,1187,106,2024-12-29 20:35:52.524429
00003,0466,1186,106,2024-12-29 20:35:52.540437
00003,0467,1186,106,2024-12-29 20:35:52.571846
00004,0464,1186,106,2024-12-29 20:35:52.588423
00004,0460,1186,106,2024-12-29 20:35:52.604413
00004,0463,1186,106,2024-12-29 20:35:52.620417
00003,0464,1186,106,2024-12-29 20:35:52.636405
00004,0461,1186,106,2024-12-29 20:35:52.652402
00003,0456,1186,106,2024-12-29 20:35:52.668407
00003,0469,1186,106,2024-12-29 20:35:52.684411
00003,0455,1186,106,2024-12-29 20:35:52.700397
00003,0465,1186,106,2024-12-29 20:35:52.716386
00003,0461,1186,106,2024-12-29 20:35:52.748228
00002,0462,1186,106,2024-12-29 20:35:52.764382
00002,0469,1186,106,2024-12-29 20:35:52.780373
00002,0459,1186,106,2024-12-29 20:35:52.796384
00004,0463,1186,106,2024-12-29 20:35:52.812371
00003,0471,1186,106,2024-12-29 20:35:52.828377
00003,0457,1186,106,2024-12-29 20:35:52.844364
00004,0462,1186,106,2024-12-29 20:35:52.860371
00003,0461,1186,106,2024-12-29 20:35:52.876359
00004,0478,1186,106,2024-12-29 20:35:52.907865
00004,0457,1186,106,2024-12-29 20:35:52.924354
00003,0460,1186,106,2024-12-29 20:35:52.940355
00004,0466,1186,106,2024-12-29 20:35:52.956357
00004,0466,1186,106,2024-12-29 20:35:52.972362
00004,0463,1186,106,2024-12-29 20:35:52.988361
00004,0465,1186,106,2024-12-29 20:35:53.004368
00004,0459,1186,106,2024-12-29 20:35:53.020365
00002,0462,1186,106,2024-12-29 20:35:53.036366
00005,0462,1186,106,2024-12-29 20:35:53.052370
00004,0463,1186,106,2024-12-29 20:35:53.084279
00005,0463,1186,106,2024-12-29 20:35:53.100390
00004,0464,1186,106,2024-12-29 20:35:53.116327
00003,0454,1186,106,2024-12-29 20:35:53.132310
00004,0468,1186,106,2024-12-29 20:35:53.148303
00002,0473,1186,106,2024-12-29 20:35:53.164303
00004,0473,1186,106,2024-12-29 20:35:53.180299
00004,0472,1186,106,2024-12-29 20:35:53.196287
00004,0469,1186,106,2024-12-29 20:35:53.212288
00004,0458,1186,106,2024-12-29 20:35:53.243906
00003,0466,1186,106,2024-12-29 20:35:53.260276
00004,0463,1186,106,2024-12-29 20:35:53.276280
00003,0462,1186,106,2024-12-29 20:35:53.292280
00003,0463,1186,106,2024-12-29 20:35:53.308263
00003,0464,1186,106,2024-12-29 20:35:53.324266
00004,0466,1186,106,2024-12-29 20:35:53.340254
00003,0465,1186,106,2024-12-29 20:35:53.356259
00003,0463,1186,106,2024-12-29 20:35:53.372247
00005,0464,1186,106,2024-12-29 20:35:53.388253
00004,0454,1186,106,2024-12-29 20:35:53.420239
00004,0469,1186,106,2024-12-29 20:35:53.436238
00002,0460,1186,106,2024-12-29 20:35:53.452235
00004,0470,1186,106,2024-12-29 20:35:53.468228
00006,0467,1186,106,2024-12-29 20:35:53.484224
00004,0462,1186,106,2024-12-29 20:35:53.500229
00003,0463,1186,106,2024-12-29 20:35:53.516213
00003,0462,1186,106,2024-12-29 20:35:53.532219
00004,0466,1186,106,2024-12-29 20:35:53.548217
00004,0461,1186,106,2024-12-29 20:35:53.579893
00004,0461,1186,106,2024-12-29 20:35:53.596205
00003,0467,1186,106,2024-12-29 20:35:53.612207
00003,0467,1186,106,2024-12-29 20:35:53.628200
00004,0464,1186,106,2024-12-29 20:35:53.644197
00003,0466,1186,106,2024-12-29 20:35:53.660205
00004,0466,1186,106,2024-12-29 20:35:53.676186
00004,0467,1186,106,2024-12-29 20:35:53.692185
00004,0470,1186,106,2024-12-29 20:35:53.708182
00004,0468,1186,106,2024-12-29 20:35:53.739528
00003,0461,1186,106,2024-12-29 20:35:53.756174
00004,0466,1186,106,2024-12-29 20:35:53.772171
00004,0472,1186,106,2024-12-29 20:35:53.788174
00003,0467,1186,106,2024-12-29 20:35:53.804163
00003,0471,1186,106,2024-12-29 20:35:53.820168
00001,0459,1186,106,2024-12-29 20:35:53.836157
00004,0459,1186,106,2024-12-29 20:35:53.852148
00003,0467,1186,106,2024-12-29 20:35:53.868154
00003,0464,1186,106,2024-12-29 20:35:53.884144
00004,0461,1186,106,2024-12-29 20:35:53.915904
00003,0456,1186,106,2024-12-29 20:35:53.932138
00004,0460,1186,106,2024-12-29 20:35:53.948133
00002,0467,1186,106,2024-12-29 20:35:53.964138
00003,0462,1186,106,2024-12-29 20:35:53.980127
00003,0472,1186,106,2024-12-29 20:35:53.996117
00003,0466,1186,106,2024-12-29 20:35:54.012119
00004,0463,1186,106,2024-12-29 20:35:54.028122
00004,0462,1186,106,2024-12-29 20:35:54.044106
00003,0464,1186,106,2024-12-29 20:35:54.075562
00004,0462,1186,106,2024-12-29 20:35:54.092096
00004,0459,1186,106,2024-12-29 20:35:54.108092
00003,0461,1186,106,2024-12-29 20:35:54.124093
00004,0464,1186,106,2024-12-29 20:35:54.140091
00002,0454,1186,106,2024-12-29 20:35:54.156080
00003,0465,1186,106,2024-12-29 20:35:54.172079
00004,0465,1186,106,2024-12-29 20:35:54.188073
00003,0470,1186,106,2024-12-29 20:35:54.204074
00003,0458,1186,106,2024-12-29 20:35:54.220066
00003,0470,1186,106,2024-12-29 20:35:54.251952
00004,0458,1185,106,2024-12-29 20:35:54.268068
00002,0458,1186,106,2024-12-29 20:35:54.284056
00004,0467,1186,106,2024-12-29 20:35:54.300057
00004,0468,1186,106,2024-12-29 20:35:54.316050
00004,0463,1186,106,2024-12-29 20:35:54.332044
00003,0464,1186,106,2024-12-29 20:35:54.348038
00003,0457,1186,106,2024-12-29 20:35:54.364029
00004,0460,1186,106,2024-12-29 20:35:54.380037
00004,0463,1186,106,2024-12-29 20:35:54.411553
00003,0461,1186,106,2024-12-29 20:35:54.428025
00005,0462,1185,106,2024-12-29 20:35:54.444017
00004,0455,1185,106,2024-12-29 20:35:54.460017
00003,0459,1186,106,2024-12-29 20:35:54.476010
00003,0468,1186,106,2024-12-29 20:35:54.492013
00003,0460,1186,106,2024-12-29 20:35:54.508012
00003,0463,1186,106,2024-12-29 20:35:54.524009
00003,0461,1186,106,2024-12-29 20:35:54.540003
00003,0461,1185,106,2024-12-29 20:35:54.555995
00003,0465,1186,106,2024-12-29 20:35:54.587970
00004,0469,1185,106,2024-12-29 20:35:54.603990
00003,0459,1186,106,2024-12-29 20:35:54.619980
00004,0463,1186,106,2024-12-29 20:35:54.635984
00004,0465,1185,106,2024-12-29 20:35:54.651979
00004,0455,1186,106,2024-12-29 20:35:54.667979
00002,0465,1186,106,2024-12-29 20:35:54.683977
00003,0467,1185,106,2024-12-29 20:35:54.699969
00004,0458,1186,106,2024-12-29 20:35:54.715965
00004,0463,1185,106,2024-12-29 20:35:54.747591
00003,0458,1186,106,2024-12-29 20:35:54.763957
00004,0464,1186,106,2024-12-29 20:35:54.779948
00003,0450,1186,106,2024-12-29 20:35:54.795947
00003,0464,1186,106,2024-12-29 20:35:54.811944
00002,0467,1185,106,2024-12-29 20:35:54.827944
00003,0471,1186,106,2024-12-29 20:35:54.843948
00004,0464,1186,106,2024-12-29 20:35:54.859932
00003,0462,1186,106,2024-12-29 20:35:54.875929
00004,0457,1185,106,2024-12-29 20:35:54.907242
00004,0459,1185,106,2024-12-29 20:35:54.923916
00003,0461,1185,106,2024-12-29 20:35:54.939916
00003,0463,1186,106,2024-12-29 20:35:54.955909
00002,0466,1186,106,2024-12-29 20:35:54.971915
00003,0462,1185,106,2024-12-29 20:35:54.987903
00003,0464,1185,106,2024-12-29 20:35:55.003895
00004,0458,1185,106,2024-12-29 20:35:55.019896
00004,0457,1186,106,2024-12-29 20:35:55.035887
00004,0452,1186,106,2024-12-29 20:35:55.051889
00002,0467,1185,106,2024-12-29 20:35:55.083622
00003,0467,1186,106,2024-12-29 20:35:55.099881
00004,0458,1185,106,2024-12-29 20:35:55.115879
00003,0461,1185,106,2024-12-29 20:35:55.131880
00003,0458,1185,106,2024-12-29 20:35:55.147865
00004,0464,1185,106,2024-12-29 20:35:55.163869
00003,0461,1185,106,2024-12-29 20:35:55.179860
00003,0462,1185,106,2024-12-29 20:35:55.195866
00004,0463,1185,106,2024-12-29 20:35:55.211852
00004,0457,1185,106,2024-12-29 20:35:55.243247
00002,0463,1186,106,2024-12-29 20:35:55.259846
00003,0464,1185,106,2024-12-29 20:35:55.275841
00003,0469,1186,106,2024-12-29 20:35:55.291842
00003,0461,1186,106,2024-12-29 20:35:55.307836
00003,0463,1185,106,2024-12-29 20:35:55.323827
00004,0466,1185,106,2024-12-29 20:35:55.339835
00001,0462,1185,106,2024-12-29 20:35:55.355823
00004,0467,1185,106,2024-12-29 20:35:55.371817
00003,0462,1186,106,2024-12-29 20:35:55.387816
00004,0470,1185,106,2024-12-29 20:35:55.419634
00004,0469,1185,106,2024-12-29 20:35:55.435802
00003,0466,1185,106,2024-12-29 20:35:55.451808
00002,0458,1185,106,2024-12-29 20:35:55.467801
00003,0463,1185,106,2024-12-29 20:35:55.483801
00003,0465,1186,106,2024-12-29 20:35:55.499802
00004,0460,1185,106,2024-12-29 20:35:55.515802
00002,0457,1186,106,2024-12-29 20:35:55.531786
00003,0457,1185,106,2024-12-29 20:35:55.547784
00003,0463,1186,106,2024-12-29 20:35:55.579281
00004,0465,1185,106,2024-12-29 20:35:55.595774
00003,0467,1185,106,2024-12-29 20:35:55.611777
00004,0462,1185,106,2024-12-29 20:35:55.627775
00003,0457,1185,106,2024-12-29 20:35:55.643759
00004,0465,1185,106,2024-12-29 20:35:55.659765
00004,0464,1185,106,2024-12-29 20:35:55.675756
00003,0463,1185,106,2024-12-29 20:35:55.691757
00004,0458,1186,106,2024-12-29 20:35:55.707750
00004,0467,1185,106,2024-12-29 20:35:55.723754
00004,0455,1185,106,2024-12-29 20:35:55.755660
00004,0459,1185,106,2024-12-29 20:35:55.771734
00003,0464,1185,106,2024-12-29 20:35:55.787728
00003,0455,1185,106,2024-12-29 20:35:55.803732
00003,0460,1186,106,2024-12-29 20:35:55.819725
00003,0462,1185,106,2024-12-29 20:35:55.835732
00004,0465,1186,106,2024-12-29 20:35:55.851720
00002,0457,1185,106,2024-12-29 20:35:55.867723
00003,0453,1185,106,2024-12-29 20:35:55.883720
00003,0459,1185,106,2024-12-29 20:35:55.915322
00003,0467,1185,106,2024-12-29 20:35:55.931732
00002,0459,1185,106,2024-12-29 20:35:55.947727
00004,0453,1185,106,2024-12-29 20:35:55.963736
00003,0459,1185,106,2024-12-29 20:35:55.979731
00003,0465,1185,106,2024-12-29 20:35:55.995732
00004,0459,1185,106,2024-12-29 20:35:56.011736
00003,0461,1185,106,2024-12-29 20:35:56.027740
00003,0456,1185,106,2024-12-29 20:35:56.043740
00003,0465,1185,106,2024-12-29 20:35:56.059674
00004,0468,1185,106,2024-12-29 20:35:56.091666
00003,0462,1186,106,2024-12-29 20:35:56.107671
00003,0463,1185,106,2024-12-29 20:35:56.123661
00003,0459,1185,106,2024-12-29 20:35:56.139661
00004,0455,1185,106,2024-12-29 20:35:56.155653
00004,0459,1185,106,2024-12-29 20:35:56.171651
00003,0456,1185,106,2024-12-29 20:35:56.187646
00002,0445,1185,106,2024-12-29 20:35:56.203638
00003,0460,1185,106,2024-12-29 20:35:56.219641
00005,0462,1185,106,2024-12-29 20:35:56.251351
00003,0464,1185,106,2024-12-29 20:35:56.267636
00003,0453,1185,106,2024-12-29 20:35:56.283635
00003,0459,1185,106,2024-12-29 20:35:56.299622
00004,0465,1185,106,2024-12-29 20:35:56.315618
00003,0457,1185,106,2024-12-29 20:35:56.331621
00002,0467,1185,106,2024-12-29 20:35:56.347610
00005,0458,1185,106,2024-12-29 20:35:56.363623
00003,0455,1185,106,2024-12-29 20:35:56.379600
00003,0455,1185,106,2024-12-29 20:35:56.410969
00004,0463,1185,106,2024-12-29 20:35:56.427603
00004,0460,1185,106,2024-12-29 20:35:56.443598
00002,0452,1185,106,2024-12-29 20:35:56.459589
00002,0448,1185,106,2024-12-29 20:35:56.475590
00003,0462,1185,106,2024-12-29 20:35:56.491585
00003,0458,1185,106,2024-12-29 20:35:56.507587
00003,0457,1185,106,2024-12-29 20:35:56.523568
00003,0462,1185,106,2024-12-29 20:35:56.539573
00003,0461,1185,106,2024-12-29 20:35:56.555571
00003,0465,1185,106,2024-12-29 20:35:56.587349
00003,0459,1185,106,2024-12-29 20:35:56.603558
00003,0458,1185,106,2024-12-29 20:35:56.619569
00003,0458,1185,106,2024-12-29 20:35:56.635548
00004,0463,1185,106,2024-12-29 20:35:56.651540
00004,0445,1185,106,2024-12-29 20:35:56.667537
00003,0455,1185,106,2024-12-29 20:35:56.683538
00003,0467,1185,106,2024-12-29 20:35:56.699540
00002,0458,1185,106,2024-12-29 20:35:56.715537
00004,0461,1185,106,2024-12-29 20:35:56.747006
00002,0461,1185,106,2024-12-29 20:35:56.763528
00003,0454,1185,106,2024-12-29 20:35:56.779518
00004,0459,1185,106,2024-12-29 20:35:56.795508
00002,0461,1185,106,2024-12-29 20:35:56.811514
00004,0453,1185,106,2024-12-29 20:35:56.827509
00004,0453,1185,106,2024-12-29 20:35:56.843512
00004,0461,1185,106,2024-12-29 20:35:56.859497
00004,0457,1185,106,2024-12-29 20:35:56.875507
00003,0448,1185,106,2024-12-29 20:35:56.891500
00003,0456,1185,106,2024-12-29 20:35:56.923382
00003,0461,1185,106,2024-12-29 20:35:56.939494
00003,0468,1185,106,2024-12-29 20:35:56.955488
00003,0462,1185,106,2024-12-29 20:35:56.971486
00003,0454,1185,106,2024-12-29 20:35:56.987487
00003,0461,1185,106,2024-12-29 20:35:57.003476
00004,0455,1185,106,2024-12-29 20:35:57.019475
00004,0454,1185,106,2024-12-29 20:35:57.035463
00003,0461,1185,106,2024-12-29 20:35:57.051455
00005,0463,1185,106,2024-12-29 20:35:57.083014
00004,0462,1185,106,2024-12-29 20:35:57.099457
00002,0460,1185,106,2024-12-29 20:35:57.115444
00004,0457,1185,106,2024-12-29 20:35:57.131450
00003,0456,1185,106,2024-12-29 20:35:57.147440
00003,0447,1185,106,2024-12-29 20:35:57.163446
00003,0456,1185,106,2024-12-29 20:35:57.179435
00004,0461,1185,106,2024-12-29 20:35:57.195430
00002,0453,1185,106,2024-12-29 20:35:57.211433
00004,0460,1185,106,2024-12-29 20:35:57.227424
00004,0458,1185,106,2024-12-29 20:35:57.259397
00003,0455,1185,106,2024-12-29 20:35:57.275416
00003,0454,1185,106,2024-12-29 20:35:57.291408
00003,0459,1185,106,2024-12-29 20:35:57.307413
00003,0442,1185,106,2024-12-29 20:35:57.323405
00004,0455,1184,106,2024-12-29 20:35:57.339407
00004,0461,1185,106,2024-12-29 20:35:57.355410
00003,0458,1185,106,2024-12-29 20:35:57.371388
00003,0461,1185,106,2024-12-29 20:35:57.387389
00003,0453,1185,106,2024-12-29 20:35:57.419038
00004,0456,1185,106,2024-12-29 20:35:57.435378
00003,0458,1185,106,2024-12-29 20:35:57.451379
00004,0453,1185,106,2024-12-29 20:35:57.467378
00004,0457,1185,106,2024-12-29 20:35:57.483385
00003,0458,1185,106,2024-12-29 20:35:57.499368
00005,0459,1185,106,2024-12-29 20:35:57.515364
00003,0461,1185,106,2024-12-29 20:35:57.531363
00004,0462,1185,106,2024-12-29 20:35:57.547358
00004,0461,1185,106,2024-12-29 20:35:57.578666
00004,0462,1185,106,2024-12-29 20:35:57.595353
00003,0453,1185,106,2024-12-29 20:35:57.611345
00003,0459,1185,106,2024-12-29 20:35:57.627345
00003,0461,1185,106,2024-12-29 20:35:57.643334
00002,0454,1185,106,2024-12-29 20:35:57.659344
00002,0450,1185,106,2024-12-29 20:35:57.675329
00003,0461,1185,106,2024-12-29 20:35:57.691330
00004,0456,1185,106,2024-12-29 20:35:57.707329
00003,0460,1185,106,2024-12-29 20:35:57.723330
00003,0452,1185,106,2024-12-29 20:35:57.755050
00003,0459,1185,106,2024-12-29 20:35:57.771307
00003,0464,1185,106,2024-12-29 20:35:57.787309
00003,0455,1185,106,2024-12-29 20:35:57.803302
00003,0456,1185,106,2024-12-29 20:35:57.819302
00002,0455,1185,106,2024-12-29 20:35:57.835299
00003,0454,1185,106,2024-12-29 20:35:57.851301
00003,0458,1185,106,2024-12-29 20:35:57.867285
00003,0467,1185,106,2024-12-29 20:35:57.883326
00003,0452,1185,106,2024-12-29 20:35:57.914712
00003,0459,1185,106,2024-12-29 20:35:57.931278
00003,0453,1185,106,2024-12-29 20:35:57.947274
00003,0446,1185,106,2024-12-29 20:35:57.963275
00004,0462,1185,106,2024-12-29 20:35:57.979267
00002,0456,1185,106,2024-12-29 20:35:57.995269
00003,0445,1185,106,2024-12-29 20:35:58.011258
00002,0447,1185,106,2024-12-29 20:35:58.027261
00003,0458,1185,106,2024-12-29 20:35:58.043258
00004,0459,1185,106,2024-12-29 20:35:58.059267
00004,0451,1185,106,2024-12-29 20:35:58.091105
00004,0458,1185,106,2024-12-29 20:35:58.107274
00003,0463,1185,106,2024-12-29 20:35:58.123242
00003,0458,1185,106,2024-12-29 20:35:58.139246
00003,0462,1184,106,2024-12-29 20:35:58.155230
00002,0454,1185,106,2024-12-29 20:35:58.171230
00003,0451,1185,106,2024-12-29 20:35:58.187225
00003,0450,1185,106,2024-12-29 20:35:58.203218
00003,0459,1185,106,2024-12-29 20:35:58.219224
00003,0454,1185,106,2024-12-29 20:35:58.250749
00004,0453,1185,106,2024-12-29 20:35:58.267208
00003,0461,1184,106,2024-12-29 20:35:58.283208
00003,0459,1185,106,2024-12-29 20:35:58.299202
00003,0448,1185,106,2024-12-29 20:35:58.315208
00003,0454,1185,106,2024-12-29 20:35:58.331201
00004,0455,1185,106,2024-12-29 20:35:58.347186
00003,0460,1184,106,2024-12-29 20:35:58.363187
00003,0458,1185,106,2024-12-29 20:35:58.379186
00004,0452,1184,106,2024-12-29 20:35:58.395185
00003,0458,1185,106,2024-12-29 20:35:58.427105
00003,0458,1184,106,2024-12-29 20:35:58.443167
00004,0462,1184,106,2024-12-29 20:35:58.459171
00003,0454,1185,106,2024-12-29 20:35:58.475172
00003,0463,1185,106,2024-12-29 20:35:58.491151
00003,0459,1185,106,2024-12-29 20:35:58.507154
00003,0460,1185,106,2024-12-29 20:35:58.523145
00003,0470,1185,106,2024-12-29 20:35:58.539154
00004,0457,1185,106,2024-12-29 20:35:58.555147
00002,0455,1184,106,2024-12-29 20:35:58.586757
00003,0455,1184,106,2024-12-29 20:35:58.603147
00003,0452,1185,106,2024-12-29 20:35:58.619143
00004,0454,1184,106,2024-12-29 20:35:58.635125
00003,0460,1184,106,2024-12-29 20:35:58.651119
00004,0451,1185,106,2024-12-29 20:35:58.667120
00002,0455,1184,106,2024-12-29 20:35:58.683129
00003,0453,1185,106,2024-12-29 20:35:58.699116
00003,0454,1185,106,2024-12-29 20:35:58.715120
00004,0450,1185,106,2024-12-29 20:35:58.731114
00003,0455,1184,106,2024-12-29 20:35:58.763105
00003,0455,1184,106,2024-12-29 20:35:58.779107
00004,0455,1185,106,2024-12-29 20:35:58.795101
00002,0451,1184,106,2024-12-29 20:35:58.811099
00004,0461,1185,106,2024-12-29 20:35:58.827094
00004,0460,1185,106,2024-12-29 20:35:58.843092
00002,0456,1184,106,2024-12-29 20:35:58.859100
00003,0451,1184,106,2024-12-29 20:35:58.875099
00003,0459,1184,106,2024-12-29 20:35:58.891104
00003,0455,1184,106,2024-12-29 20:35:58.922789
00004,0460,1185,106,2024-12-29 20:35:58.939108
00003,0453,1185,106,2024-12-29 20:35:58.955108
00002,0459,1184,106,2024-12-29 20:35:58.971110
00003,0462,1184,106,2024-12-29 20:35:58.987112
00003,0463,1185,106,2024-12-29 20:35:59.003116
00003,0454,1184,106,2024-12-29 20:35:59.019115
00003,0464,1184,106,2024-12-29 20:35:59.035051
00003,0450,1184,106,2024-12-29 20:35:59.051049
00003,0459,1185,106,2024-12-29 20:35:59.082396
00003,0456,1184,106,2024-12-29 20:35:59.099035
00003,0453,1184,106,2024-12-29 20:35:59.115037
00003,0458,1184,106,2024-12-29 20:35:59.131036
00003,0462,1184,106,2024-12-29 20:35:59.147020
00004,0452,1184,106,2024-12-29 20:35:59.163027
00005,0449,1184,106,2024-12-29 20:35:59.179015
00002,0462,1185,106,2024-12-29 20:35:59.195016
00002,0457,1184,106,2024-12-29 20:35:59.211021
00003,0452,1184,106,2024-12-29 20:35:59.227047
00004,0458,1185,106,2024-12-29 20:35:59.258807
00002,0458,1184,106,2024-12-29 20:35:59.275005
00003,0450,1185,106,2024-12-29 20:35:59.290990
00002,0450,1184,106,2024-12-29 20:35:59.306993
00005,0456,1184,106,2024-12-29 20:35:59.322994
00002,0456,1184,106,2024-12-29 20:35:59.338978
00003,0458,1184,106,2024-12-29 20:35:59.354982
00003,0461,1184,106,2024-12-29 20:35:59.370975
00003,0465,1184,106,2024-12-29 20:35:59.386981
00003,0453,1184,106,2024-12-29 20:35:59.418437
00002,0451,1184,106,2024-12-29 20:35:59.434962
00003,0462,1185,106,2024-12-29 20:35:59.450960
00004,0460,1185,106,2024-12-29 20:35:59.466953
00004,0458,1184,106,2024-12-29 20:35:59.482958
00001,0458,1184,106,2024-12-29 20:35:59.498951
00003,0453,1184,106,2024-12-29 20:35:59.514951
00003,0459,1184,106,2024-12-29 20:35:59.530941
00004,0453,1184,106,2024-12-29 20:35:59.546935
00004,0454,1184,106,2024-12-29 20:35:59.562939
00002,0454,1184,106,2024-12-29 20:35:59.594819
00002,0455,1184,106,2024-12-29 20:35:59.610930
00003,0457,1184,106,2024-12-29 20:35:59.626916
00004,0457,1184,106,2024-12-29 20:35:59.642918
00003,0460,1184,106,2024-12-29 20:35:59.658914
00003,0458,1184,106,2024-12-29 20:35:59.674915
00003,0455,1184,106,2024-12-29 20:35:59.690913
00003,0455,1184,106,2024-12-29 20:35:59.706916
00002,0453,1184,106,2024-12-29 20:35:59.722900
00002,0452,1184,106,2024-12-29 20:35:59.754458
00004,0455,1184,106,2024-12-29 20:35:59.770885
00002,0459,1184,106,2024-12-29 20:35:59.786886
00002,0454,1184,106,2024-12-29 20:35:59.802881
00003,0450,1184,106,2024-12-29 20:35:59.818883
00003,0457,1184,106,2024-12-29 20:35:59.834878
00005,0456,1184,106,2024-12-29 20:35:59.850878
00003,0449,1184,106,2024-12-29 20:35:59.866873
00004,0460,1184,106,2024-12-29 20:35:59.882860
00002,0453,1184,106,2024-12-29 20:35:59.898858
00003,0457,1184,106,2024-12-29 20:35:59.930854
00003,0450,1184,106,2024-12-29 20:35:59.946858
00004,0455,1184,106,2024-12-29 20:35:59.962869
00002,0456,1184,106,2024-12-29 20:35:59.978850
00004,0452,1184,106,2024-12-29 20:35:59.994839
00004,0458,1184,106,2024-12-29 20:36:00.010843
00002,0450,1184,106,2024-12-29 20:36:00.026833
00004,0455,1184,106,2024-12-29 20:36:00.042835
00004,0452,1184,106,2024-12-29 20:36:00.058834
00004,0449,1184,106,2024-12-29 20:36:00.090478
00004,0450,1184,106,2024-12-29 20:36:00.106817
00003,0453,1184,106,2024-12-29 20:36:00.122822
00003,0455,1184,106,2024-12-29 20:36:00.138807
00003,0452,1184,106,2024-12-29 20:36:00.154809
00002,0448,1184,106,2024-12-29 20:36:00.170808
00003,0457,1184,106,2024-12-29 20:36:00.186807
00002,0466,1184,106,2024-12-29 20:36:00.202798
00003,0449,1184,106,2024-12-29 20:36:00.218801
00003,0456,1184,106,2024-12-29 20:36:00.250220
00003,0449,1184,106,2024-12-29 20:36:00.266815
00003,0449,1184,106,2024-12-29 20:36:00.282785
00004,0445,1184,106,2024-12-29 20:36:00.298778
00004,0451,1184,106,2024-12-29 20:36:00.314782
00004,0455,1184,106,2024-12-29 20:36:00.330783
00003,0454,1184,106,2024-12-29 20:36:00.346770
00004,0454,1184,106,2024-12-29 20:36:00.362770
00003,0453,1184,106,2024-12-29 20:36:00.378759
00003,0447,1184,106,2024-12-29 20:36:00.394760
00002,0446,1184,106,2024-12-29 20:36:00.426505
00002,0447,1184,106,2024-12-29 20:36:00.442754
00002,0446,1184,106,2024-12-29 20:36:00.458739
00003,0458,1184,106,2024-12-29 20:36:00.474743
00003,0451,1184,106,2024-12-29 20:36:00.490737
00004,0455,1184,106,2024-12-29 20:36:00.506739
00003,0448,1184,106,2024-12-29 20:36:00.522730
00002,0449,1184,106,2024-12-29 20:36:00.538721
00003,0461,1184,106,2024-12-29 20:36:00.554720
00003,0456,1184,106,2024-12-29 20:36:00.586136
00002,0452,1184,106,2024-12-29 20:36:00.602714
00004,0454,1184,106,2024-12-29 20:36:00.618718
00003,0458,1184,106,2024-12-29 20:36:00.634709
00004,0455,1184,106,2024-12-29 20:36:00.650705
00003,0460,1184,106,2024-12-29 20:36:00.666698
00003,0455,1184,106,2024-12-29 20:36:00.682700
00003,0454,1184,106,2024-12-29 20:36:00.698706
00003,0455,1184,106,2024-12-29 20:36:00.714686
00003,0460,1184,106,2024-12-29 20:36:00.730685
00003,0455,1183,106,2024-12-29 20:36:00.762528
00003,0458,1184,106,2024-12-29 20:36:00.778682
00003,0448,1184,106,2024-12-29 20:36:00.794679
00002,0453,1184,106,2024-12-29 20:36:00.810676
00003,0452,1184,106,2024-12-29 20:36:00.826669
00003,0457,1184,106,2024-12-29 20:36:00.842671
00002,0452,1184,106,2024-12-29 20:36:00.858660
00003,0455,1184,106,2024-12-29 20:36:00.874662
00003,0456,1184,106,2024-12-29 20:36:00.890658
00003,0457,1184,106,2024-12-29 20:36:00.922151
00004,0451,1184,106,2024-12-29 20:36:00.938648
00004,0448,1184,106,2024-12-29 20:36:00.954647
00005,0454,1184,106,2024-12-29 20:36:00.970638
00004,0466,1184,106,2024-12-29 20:36:00.986639
00004,0460,1184,106,2024-12-29 20:36:01.002628
00002,0453,1184,106,2024-12-29 20:36:01.018634
00003,0459,1184,106,2024-12-29 20:36:01.034622
00003,0461,1184,106,2024-12-29 20:36:01.050628
00002,0458,1184,106,2024-12-29 20:36:01.066626
00004,0459,1184,106,2024-12-29 20:36:01.098558
00002,0452,1184,106,2024-12-29 20:36:01.114598
00003,0452,1184,106,2024-12-29 20:36:01.130610
00003,0456,1184,106,2024-12-29 20:36:01.146595
00002,0448,1184,106,2024-12-29 20:36:01.162601
00003,0456,1184,106,2024-12-29 20:36:01.178593
00003,0452,1184,106,2024-12-29 20:36:01.194602
00003,0457,1184,106,2024-12-29 20:36:01.210585
00003,0463,1184,106,2024-12-29 20:36:01.226577
00002,0450,1184,106,2024-12-29 20:36:01.258185
00004,0448,1184,106,2024-12-29 20:36:01.274579
00003,0452,1184,106,2024-12-29 20:36:01.290570
00003,0450,1184,106,2024-12-29 20:36:01.306578
00003,0446,1184,106,2024-12-29 20:36:01.322571
00003,0448,1184,106,2024-12-29 20:36:01.338561
00003,0455,1184,106,2024-12-29 20:36:01.354555
00003,0459,1184,106,2024-12-29 20:36:01.370553
00003,0451,1184,106,2024-12-29 20:36:01.386545
00004,0460,1184,106,2024-12-29 20:36:01.402545
00003,0455,1184,106,2024-12-29 20:36:01.434540
00003,0457,1184,106,2024-12-29 20:36:01.450544
00002,0444,1184,106,2024-12-29 20:36:01.466525
00003,0448,1184,106,2024-12-29 20:36:01.482526
00002,0450,1184,106,2024-12-29 20:36:01.498522
00003,0458,1184,106,2024-12-29 20:36:01.514532
00002,0455,1184,106,2024-12-29 20:36:01.530520
00001,0453,1184,106,2024-12-29 20:36:01.546520
00003,0451,1184,106,2024-12-29 20:36:01.562519
00003,0451,1184,106,2024-12-29 20:36:01.594196
00003,0454,1184,106,2024-12-29 20:36:01.610494
00003,0447,1183,106,2024-12-29 20:36:01.626499
00003,0457,1184,106,2024-12-29 20:36:01.642489
00002,0451,1184,106,2024-12-29 20:36:01.658488
00003,0450,1184,106,2024-12-29 20:36:01.674486
00003,0453,1184,106,2024-12-29 20:36:01.690480
00003,0450,1184,106,2024-12-29 20:36:01.706481
00004,0448,1184,106,2024-12-29 20:36:01.722474
00003,0452,1184,106,2024-12-29 20:36:01.753850
00003,0450,1184,106,2024-12-29 20:36:01.770472
00004,0447,1184,106,2024-12-29 20:36:01.786466
00003,0452,1184,106,2024-12-29 20:36:01.802463
00003,0451,1184,106,2024-12-29 20:36:01.818464
00003,0460,1184,106,2024-12-29 20:36:01.834468
00004,0444,1184,106,2024-12-29 20:36:01.850468
00003,0450,1183,106,2024-12-29 20:36:01.866465
00003,0450,1184,106,2024-12-29 20:36:01.882473
00002,0456,1184,106,2024-12-29 20:36:01.898480
00004,0454,1184,106,2024-12-29 20:36:01.930243
00003,0458,1184,106,2024-12-29 20:36:01.946486
00003,0449,1184,106,2024-12-29 20:36:01.962487
00005,0462,1184,106,2024-12-29 20:36:01.978485
00003,0447,1183,106,2024-12-29 20:36:01.994488
00003,0458,1184,106,2024-12-29 20:36:02.010420
00002,0459,1184,106,2024-12-29 20:36:02.026408
00003,0460,1184,106,2024-12-29 20:36:02.042410
00003,0454,1184,106,2024-12-29 20:36:02.058394
00004,0453,1184,106,2024-12-29 20:36:02.089863
00002,0453,1183,106,2024-12-29 20:36:02.106393
00003,0455,1184,106,2024-12-29 20:36:02.122385
00002,0457,1183,106,2024-12-29 20:36:02.138381
00002,0461,1184,106,2024-12-29 20:36:02.154376
00003,0453,1184,106,2024-12-29 20:36:02.170375
00003,0447,1184,106,2024-12-29 20:36:02.186380
00003,0452,1183,106,2024-12-29 20:36:02.202365
00002,0458,1184,106,2024-12-29 20:36:02.218364
00003,0450,1184,106,2024-12-29 20:36:02.234357
00004,0452,1184,106,2024-12-29 20:36:02.266248
00003,0455,1184,106,2024-12-29 20:36:02.282353
00003,0456,1183,106,2024-12-29 20:36:02.298357
00004,0452,1183,106,2024-12-29 20:36:02.314339
00003,0453,1184,106,2024-12-29 20:36:02.330338
00003,0455,1184,106,2024-12-29 20:36:02.346333
00003,0462,1183,106,2024-12-29 20:36:02.362338
00002,0465,1183,106,2024-12-29 20:36:02.378333
00003,0454,1183,106,2024-12-29 20:36:02.394330
00003,0452,1184,106,2024-12-29 20:36:02.425903
00002,0448,1184,106,2024-12-29 20:36:02.442323
00002,0453,1183,106,2024-12-29 20:36:02.458306
00003,0445,1184,106,2024-12-29 20:36:02.474310
00003,0461,1183,106,2024-12-29 20:36:02.490307
00003,0452,1184,106,2024-12-29 20:36:02.506308
00001,0449,1183,106,2024-12-29 20:36:02.522300
00002,0452,1183,106,2024-12-29 20:36:02.538303
00003,0454,1183,106,2024-12-29 20:36:02.554312
00003,0453,1183,106,2024-12-29 20:36:02.570288
00003,0451,1183,106,2024-12-29 20:36:02.602287
00003,0452,1184,106,2024-12-29 20:36:02.618288
00003,0449,1184,106,2024-12-29 20:36:02.634280
00002,0456,1184,106,2024-12-29 20:36:02.650274
00003,0458,1183,106,2024-12-29 20:36:02.666272
00003,0450,1183,106,2024-12-29 20:36:02.682265
00002,0454,1184,106,2024-12-29 20:36:02.698266
00004,0463,1183,106,2024-12-29 20:36:02.714254
00003,0449,1184,106,2024-12-29 20:36:02.730258
00004,0461,1183,106,2024-12-29 20:36:02.761935
00003,0450,1183,106,2024-12-29 20:36:02.778461
00004,0454,1183,106,2024-12-29 20:36:02.794258
00003,0450,1183,106,2024-12-29 20:36:02.810238
00003,0455,1183,106,2024-12-29 20:36:02.826233
00003,0456,1184,106,2024-12-29 20:36:02.842231
00002,0459,1184,106,2024-12-29 20:36:02.858229
00002,0457,1183,106,2024-12-29 20:36:02.874226
00004,0457,1184,106,2024-12-29 20:36:02.890219
00004,0460,1183,106,2024-12-29 20:36:02.921557
00003,0461,1183,106,2024-12-29 20:36:02.938212
00002,0459,1183,106,2024-12-29 20:36:02.954202
00001,0450,1184,106,2024-12-29 20:36:02.970199
00003,0456,1183,106,2024-12-29 20:36:02.986197
00002,0457,1184,106,2024-12-29 20:36:03.002196
00002,0451,1183,106,2024-12-29 20:36:03.018198
00003,0448,1183,106,2024-12-29 20:36:03.034194
00003,0445,1183,106,2024-12-29 20:36:03.050201
00004,0458,1183,106,2024-12-29 20:36:03.066182
00003,0448,1183,106,2024-12-29 20:36:03.097931
00002,0449,1183,106,2024-12-29 20:36:03.114182
00003,0452,1183,106,2024-12-29 20:36:03.130171
00003,0453,1183,106,2024-12-29 20:36:03.146169
00002,0445,1183,106,2024-12-29 20:36:03.162162
00002,0455,1183,106,2024-12-29 20:36:03.178155
00003,0459,1183,106,2024-12-29 20:36:03.194156
00004,0447,1183,106,2024-12-29 20:36:03.210152
00002,0444,1183,106,2024-12-29 20:36:03.226156
00002,0445,1183,106,2024-12-29 20:36:03.257591
00004,0457,1184,106,2024-12-29 20:36:03.274150
00003,0458,1183,106,2024-12-29 20:36:03.290152
00003,0454,1183,106,2024-12-29 20:36:03.306145
00004,0456,1183,106,2024-12-29 20:36:03.322136
00003,0452,1183,106,2024-12-29 20:36:03.338135
00003,0455,1183,106,2024-12-29 20:36:03.354122
00002,0447,1183,106,2024-12-29 20:36:03.370112
00003,0449,1183,106,2024-12-29 20:36:03.386114
00003,0449,1183,106,2024-12-29 20:36:03.402117
00003,0450,1183,106,2024-12-29 20:36:03.433978
00003,0450,1183,106,2024-12-29 20:36:03.450107
00002,0449,1183,106,2024-12-29 20:36:03.466093
00003,0454,1183,106,2024-12-29 20:36:03.482101
00003,0448,1183,106,2024-12-29 20:36:03.498094
00002,0455,1183,106,2024-12-29 20:36:03.514094
00002,0458,1183,106,2024-12-29 20:36:03.530083
00003,0458,1183,106,2024-12-29 20:36:03.546077
00003,0450,1183,106,2024-12-29 20:36:03.562080
00003,0461,1183,106,2024-12-29 20:36:03.593617
00002,0444,1183,106,2024-12-29 20:36:03.610066
00004,0451,1183,106,2024-12-29 20:36:03.626069
00004,0453,1183,106,2024-12-29 20:36:03.642062
00003,0451,1183,106,2024-12-29 20:36:03.658062
00002,0457,1183,106,2024-12-29 20:36:03.674059
00004,0457,1183,106,2024-12-29 20:36:03.690054
00003,0457,1183,106,2024-12-29 20:36:03.706048
00003,0458,1183,106,2024-12-29 20:36:03.722054
00003,0455,1183,106,2024-12-29 20:36:03.738050
00002,0449,1183,106,2024-12-29 20:36:03.770020
00003,0453,1183,106,2024-12-29 20:36:03.786042
00002,0457,1183,106,2024-12-29 20:36:03.802036
00003,0454,1183,106,2024-12-29 20:36:03.818033
00001,0454,1183,106,2024-12-29 20:36:03.834033
00003,0449,1183,106,2024-12-29 20:36:03.850026
00002,0445,1183,106,2024-12-29 20:36:03.866019
00002,0454,1183,106,2024-12-29 20:36:03.882014
00003,0450,1183,106,2024-12-29 20:36:03.898001
00003,0452,1183,106,2024-12-29 20:36:03.929630
00002,0449,1183,106,2024-12-29 20:36:03.946006
00002,0454,1183,106,2024-12-29 20:36:03.961993
00002,0454,1183,106,2024-12-29 20:36:03.977997
00003,0455,1183,106,2024-12-29 20:36:03.993991
00005,0452,1183,106,2024-12-29 20:36:04.009980
00002,0448,1183,106,2024-12-29 20:36:04.025985
00003,0445,1183,106,2024-12-29 20:36:04.041984
00003,0460,1183,106,2024-12-29 20:36:04.057969
00003,0451,1183,106,2024-12-29 20:36:04.089282
00003,0443,1183,106,2024-12-29 20:36:04.105983
00002,0452,1183,106,2024-12-29 20:36:04.121978
00003,0450,1183,106,2024-12-29 20:36:04.137970
00002,0453,1183,106,2024-12-29 20:36:04.153958
00002,0449,1183,106,2024-12-29 20:36:04.169960
00003,0454,1183,106,2024-12-29 20:36:04.185948
00002,0446,1183,106,2024-12-29 20:36:04.201950
00002,0447,1183,106,2024-12-29 20:36:04.217946
00003,0448,1183,106,2024-12-29 20:36:04.233944
00002,0441,1183,106,2024-12-29 20:36:04.265676
00003,0448,1183,106,2024-12-29 20:36:04.281933
00003,0450,1183,106,2024-12-29 20:36:04.297918
00002,0446,1183,106,2024-12-29 20:36:04.313923
00001,0439,1183,106,2024-12-29 20:36:04.329915
00003,0447,1183,106,2024-12-29 20:36:04.345915
00002,0442,1183,106,2024-12-29 20:36:04.361910
00003,0441,1183,106,2024-12-29 20:36:04.377909
00003,0448,1183,106,2024-12-29 20:36:04.393901
00003,0451,1183,106,2024-12-29 20:36:04.425312
00004,0457,1183,106,2024-12-29 20:36:04.441885
00003,0451,1183,106,2024-12-29 20:36:04.457894
00002,0448,1183,106,2024-12-29 20:36:04.473884
00003,0453,1183,106,2024-12-29 20:36:04.489887
00003,0445,1183,106,2024-12-29 20:36:04.505875
00004,0447,1183,106,2024-12-29 20:36:04.521881
00001,0444,1183,106,2024-12-29 20:36:04.537876
00003,0452,1183,106,2024-12-29 20:36:04.553879
00002,0450,1183,106,2024-12-29 20:36:04.569870
00002,0449,1183,106,2024-12-29 20:36:04.601684
00002,0450,1183,106,2024-12-29 20:36:04.617859
00002,0455,1183,106,2024-12-29 20:36:04.633857
00003,0460,1183,106,2024-12-29 20:36:04.649848
00003,0446,1183,106,2024-12-29 20:36:04.665847
00004,0454,1183,106,2024-12-29 20:36:04.681844
00004,0445,1183,106,2024-12-29 20:36:04.697843
00002,0451,1183,106,2024-12-29 20:36:04.713841
00002,0455,1183,106,2024-12-29 20:36:04.729827
00003,0443,1183,106,2024-12-29 20:36:04.761312
00003,0456,1183,106,2024-12-29 20:36:04.777827
00001,0452,1183,106,2024-12-29 20:36:04.793825
00003,0452,1183,106,2024-12-29 20:36:04.809826
00001,0450,1183,106,2024-12-29 20:36:04.825832
00002,0447,1182,106,2024-12-29 20:36:04.841845
00003,0446,1183,106,2024-12-29 20:36:04.857835
00003,0456,1183,106,2024-12-29 20:36:04.873839
00003,0451,1183,106,2024-12-29 20:36:04.889839
00003,0450,1183,106,2024-12-29 20:36:04.905841
00003,0446,1183,106,2024-12-29 20:36:04.937738
00002,0453,1183,106,2024-12-29 20:36:04.953841
00003,0454,1183,106,2024-12-29 20:36:04.969852
00003,0454,1183,106,2024-12-29 20:36:04.985772
00004,0447,1183,106,2024-12-29 20:36:05.001776
00001,0443,1183,106,2024-12-29 20:36:05.017766
00003,0451,1183,106,2024-12-29 20:36:05.033767
00003,0447,1183,106,2024-12-29 20:36:05.049765
00003,0451,1183,106,2024-12-29 20:36:05.065759
00002,0440,1183,106,2024-12-29 20:36:05.097333
00003,0450,1183,106,2024-12-29 20:36:05.113754
00003,0442,1183,106,2024-12-29 20:36:05.129756
00002,0449,1183,106,2024-12-29 20:36:05.145749
00003,0447,1183,106,2024-12-29 20:36:05.161748
00003,0439,1183,106,2024-12-29 20:36:05.177748
00003,0454,1183,106,2024-12-29 20:36:05.193736
00003,0437,1183,106,2024-12-29 20:36:05.209733
00002,0442,1183,106,2024-12-29 20:36:05.225722
00003,0455,1183,106,2024-12-29 20:36:05.241732
00002,0448,1183,106,2024-12-29 20:36:05.273715
00003,0440,1183,106,2024-12-29 20:36:05.289732
00003,0436,1183,106,2024-12-29 20:36:05.305710
00003,0443,1183,106,2024-12-29 20:36:05.321713
00003,0459,1182,106,2024-12-29 20:36:05.337711
00002,0441,1183,106,2024-12-29 20:36:05.353701
00003,0446,1183,106,2024-12-29 20:36:05.369690
00003,0450,1183,106,2024-12-29 20:36:05.385692
00003,0444,1182,106,2024-12-29 20:36:05.401691
00003,0454,1183,106,2024-12-29 20:36:05.433371
00003,0454,1183,106,2024-12-29 20:36:05.449680
00002,0450,1183,106,2024-12-29 20:36:05.465676
00004,0450,1183,106,2024-12-29 20:36:05.481670
00002,0446,1183,106,2024-12-29 20:36:05.497671
00002,0450,1182,106,2024-12-29 20:36:05.513671
00003,0447,1182,106,2024-12-29 20:36:05.529668
00002,0443,1183,106,2024-12-29 20:36:05.545681
00002,0448,1182,106,2024-12-29 20:36:05.561654
00002,0442,1183,106,2024-12-29 20:36:05.593020
00001,0439,1183,106,2024-12-29 20:36:05.609650
00002,0448,1183,106,2024-12-29 20:36:05.625648
00003,0447,1182,106,2024-12-29 20:36:05.641647
00002,0444,1182,106,2024-12-29 20:36:05.657645
00003,0448,1183,106,2024-12-29 20:36:05.673636
00002,0444,1183,106,2024-12-29 20:36:05.689634
00003,0447,1183,106,2024-12-29 20:36:05.705627
00002,0446,1182,106,2024-12-29 20:36:05.721629
00002,0447,1182,106,2024-12-29 20:36:05.737630
00003,0449,1183,106,2024-12-29 20:36:05.769425
00003,0446,1183,106,2024-12-29 20:36:05.785621
00003,0452,1182,106,2024-12-29 20:36:05.801610
00002,0450,1183,106,2024-12-29 20:36:05.817597
00003,0450,1183,106,2024-12-29 20:36:05.833599
00004,0448,1182,106,2024-12-29 20:36:05.849594
00003,0445,1182,106,2024-12-29 20:36:05.865593
00002,0445,1183,106,2024-12-29 20:36:05.881592
00003,0452,1182,106,2024-12-29 20:36:05.897589
00003,0456,1182,106,2024-12-29 20:36:05.929053
00003,0442,1182,106,2024-12-29 20:36:05.945578
00003,0448,1182,106,2024-12-29 20:36:05.961574
00003,0450,1183,106,2024-12-29 20:36:05.977565
00004,0452,1183,106,2024-12-29 20:36:05.993569
00003,0449,1183,106,2024-12-29 20:36:06.009571
00003,0463,1183,106,2024-12-29 20:36:06.025564
00002,0440,1182,106,2024-12-29 20:36:06.041573
00003,0446,1182,106,2024-12-29 20:36:06.057554
00003,0457,1182,106,2024-12-29 20:36:06.073542
00003,0441,1182,106,2024-12-29 20:36:06.105431
00003,0454,1183,106,2024-12-29 20:36:06.121546
00003,0451,1182,106,2024-12-29 20:36:06.137531
00003,0449,1182,106,2024-12-29 20:36:06.153535
00003,0447,1182,106,2024-12-29 20:36:06.169531
00004,0448,1182,106,2024-12-29 20:36:06.185532
00002,0444,1182,106,2024-12-29 20:36:06.201529
00002,0449,1182,106,2024-12-29 20:36:06.217520
00003,0444,1183,106,2024-12-29 20:36:06.233526
00003,0441,1182,106,2024-12-29 20:36:06.265095
00002,0447,1182,106,2024-12-29 20:36:06.281519
00003,0448,1182,106,2024-12-29 20:36:06.297497
00003,0448,1182,106,2024-12-29 20:36:06.313503
00003,0451,1183,106,2024-12-29 20:36:06.329488
00003,0447,1183,106,2024-12-29 20:36:06.345491
00002,0443,1182,106,2024-12-29 20:36:06.361479
00003,0448,1183,106,2024-12-29 20:36:06.377483
00002,0449,1182,106,2024-12-29 20:36:06.393480
00002,0449,1183,106,2024-12-29 20:36:06.409478
00004,0451,1182,106,2024-12-29 20:36:06.441474
00003,0451,1182,106,2024-12-29 20:36:06.457463
00003,0444,1182,106,2024-12-29 20:36:06.473456
00001,0440,1182,106,2024-12-29 20:36:06.489459
00003,0440,1182,106,2024-12-29 20:36:06.505450
00003,0448,1182,106,2024-12-29 20:36:06.521453
00002,0450,1182,106,2024-12-29 20:36:06.537440
00002,0445,1182,106,2024-12-29 20:36:06.553446
00003,0454,1183,106,2024-12-29 20:36:06.569440
00003,0449,1183,106,2024-12-29 20:36:06.601086
00003,0452,1182,106,2024-12-29 20:36:06.617432
00004,0449,1182,106,2024-12-29 20:36:06.633425
00004,0453,1182,106,2024-12-29 20:36:06.649429
00002,0445,1182,106,2024-12-29 20:36:06.665430
00003,0443,1183,106,2024-12-29 20:36:06.681415
00002,0444,1182,106,2024-12-29 20:36:06.697417
00002,0456,1182,106,2024-12-29 20:36:06.713410
00002,0449,1182,106,2024-12-29 20:36:06.729407
00003,0453,1182,106,2024-12-29 20:36:06.760736
00002,0445,1182,106,2024-12-29 20:36:06.777409
00003,0449,1182,106,2024-12-29 20:36:06.793393
00003,0443,1183,106,2024-12-29 20:36:06.809392
00003,0440,1182,106,2024-12-29 20:36:06.825391
00004,0445,1182,106,2024-12-29 20:36:06.841380
00002,0444,1182,106,2024-12-29 20:36:06.857383
00003,0444,1182,106,2024-12-29 20:36:06.873374
00002,0451,1182,106,2024-12-29 20:36:06.889379
00003,0439,1182,106,2024-12-29 20:36:06.905371
00003,0446,1182,106,2024-12-29 20:36:06.937132
00002,0443,1182,106,2024-12-29 20:36:06.953369
00003,0443,1182,106,2024-12-29 20:36:06.969351
00003,0436,1182,106,2024-12-29 20:36:06.985346
00002,0442,1182,106,2024-12-29 20:36:07.001352
00002,0451,1182,106,2024-12-29 20:36:07.017350
00003,0448,1182,106,2024-12-29 20:36:07.033353
00001,0445,1182,106,2024-12-29 20:36:07.049341
00002,0446,1182,106,2024-12-29 20:36:07.065339
00002,0456,1182,106,2024-12-29 20:36:07.096753
00003,0451,1182,106,2024-12-29 20:36:07.113326
00004,0449,1182,106,2024-12-29 20:36:07.129320
00002,0448,1182,106,2024-12-29 20:36:07.145323
00002,0444,1182,106,2024-12-29 20:36:07.161313
00003,0448,1182,106,2024-12-29 20:36:07.177318
00003,0451,1182,106,2024-12-29 20:36:07.193307
00002,0441,1182,106,2024-12-29 20:36:07.209304
00003,0447,1182,106,2024-12-29 20:36:07.225295
00002,0446,1182,106,2024-12-29 20:36:07.241301
00002,0448,1182,106,2024-12-29 20:36:07.273144
00001,0450,1183,106,2024-12-29 20:36:07.289290
00002,0447,1182,106,2024-12-29 20:36:07.305281
00002,0438,1182,106,2024-12-29 20:36:07.321288
00002,0448,1182,106,2024-12-29 20:36:07.337279
00002,0450,1182,106,2024-12-29 20:36:07.353278
00002,0446,1182,106,2024-12-29 20:36:07.369270
00003,0447,1182,106,2024-12-29 20:36:07.385276
00002,0446,1182,106,2024-12-29 20:36:07.401277
00002,0448,1182,106,2024-12-29 20:36:07.432789
00002,0444,1182,106,2024-12-29 20:36:07.449259
00002,0447,1182,106,2024-12-29 20:36:07.465255
00003,0449,1182,106,2024-12-29 20:36:07.481243
00002,0449,1182,106,2024-12-29 20:36:07.497246
00004,0455,1182,106,2024-12-29 20:36:07.513244
00003,0442,1182,106,2024-12-29 20:36:07.529250
00004,0448,1182,106,2024-12-29 20:36:07.545235
00002,0444,1182,106,2024-12-29 20:36:07.561240
00002,0449,1182,106,2024-12-29 20:36:07.577227
00003,0450,1182,106,2024-12-29 20:36:07.609167
00003,0445,1182,106,2024-12-29 20:36:07.625219
00004,0454,1182,106,2024-12-29 20:36:07.641214
00002,0441,1182,106,2024-12-29 20:36:07.657208
00002,0443,1182,106,2024-12-29 20:36:07.673209
00004,0445,1182,106,2024-12-29 20:36:07.689206
00003,0443,1182,106,2024-12-29 20:36:07.705207
00002,0445,1182,106,2024-12-29 20:36:07.721193
00003,0442,1182,106,2024-12-29 20:36:07.737185
00002,0451,1182,106,2024-12-29 20:36:07.768809
00001,0435,1182,106,2024-12-29 20:36:07.785194
00002,0445,1182,106,2024-12-29 20:36:07.801199
00002,0448,1182,106,2024-12-29 20:36:07.817212
00002,0440,1182,106,2024-12-29 20:36:07.833204
00002,0447,1182,106,2024-12-29 20:36:07.849210
00002,0444,1182,106,2024-12-29 20:36:07.865203
00003,0453,1182,106,2024-12-29 20:36:07.881207
00002,0445,1182,106,2024-12-29 20:36:07.897209
00004,0440,1182,106,2024-12-29 20:36:07.913213
00002,0444,1182,106,2024-12-29 20:36:07.945215
00002,0440,1182,106,2024-12-29 20:36:07.961142
00003,0438,1182,106,2024-12-29 20:36:07.977141
00003,0447,1182,106,2024-12-29 20:36:07.993138
00002,0440,1182,106,2024-12-29 20:36:08.009136
00003,0445,1182,106,2024-12-29 20:36:08.025134
00002,0445,1182,106,2024-12-29 20:36:08.041129
00004,0449,1182,106,2024-12-29 20:36:08.057125
00002,0437,1182,106,2024-12-29 20:36:08.073119
00003,0446,1182,106,2024-12-29 20:36:08.104831
00003,0450,1182,106,2024-12-29 20:36:08.121113
00003,0438,1182,106,2024-12-29 20:36:08.137115
00002,0434,1182,106,2024-12-29 20:36:08.153103
00002,0438,1182,106,2024-12-29 20:36:08.169104
00002,0444,1182,106,2024-12-29 20:36:08.185101
00003,0440,1182,106,2024-12-29 20:36:08.201098
00002,0445,1182,106,2024-12-29 20:36:08.217086
00002,0448,1182,106,2024-12-29 20:36:08.233088
00003,0444,1182,106,2024-12-29 20:36:08.264479
00003,0446,1182,106,2024-12-29 20:36:08.281083
00003,0440,1182,106,2024-12-29 20:36:08.297068
00003,0441,1182,106,2024-12-29 20:36:08.313074
00003,0448,1182,106,2024-12-29 20:36:08.329061
00002,0445,1182,106,2024-12-29 20:36:08.345067
00002,0444,1182,106,2024-12-29 20:36:08.361063
00002,0443,1182,106,2024-12-29 20:36:08.377061
00003,0452,1182,106,2024-12-29 20:36:08.393054
00003,0451,1182,106,2024-12-29 20:36:08.409051
00002,0443,1182,106,2024-12-29 20:36:08.440853
00002,0445,1182,106,2024-12-29 20:36:08.457041
00004,0449,1182,106,2024-12-29 20:36:08.473032
00002,0442,1182,106,2024-12-29 20:36:08.489035
00003,0450,1182,106,2024-12-29 20:36:08.505033
00002,0450,1182,106,2024-12-29 20:36:08.521041
00003,0437,1182,106,2024-12-29 20:36:08.537020
00003,0437,1182,106,2024-12-29 20:36:08.553028
00003,0447,1182,106,2024-12-29 20:36:08.569023
00003,0444,1182,106,2024-12-29 20:36:08.600506
00002,0440,1182,106,2024-12-29 20:36:08.617014
00003,0446,1182,106,2024-12-29 20:36:08.633009
00002,0443,1182,106,2024-12-29 20:36:08.649001
00003,0446,1182,106,2024-12-29 20:36:08.665003
00002,0445,1182,106,2024-12-29 20:36:08.680987
00002,0440,1182,106,2024-12-29 20:36:08.696996
00002,0446,1182,106,2024-12-29 20:36:08.712989
00002,0450,1182,106,2024-12-29 20:36:08.728992
00003,0449,1182,106,2024-12-29 20:36:08.744989
00001,0438,1182,106,2024-12-29 20:36:08.776887
00002,0444,1182,106,2024-12-29 20:36:08.792968
00003,0445,1182,106,2024-12-29 20:36:08.808969
00003,0447,1182,106,2024-12-29 20:36:08.824957
00003,0450,1182,106,2024-12-29 20:36:08.840960
00002,0445,1182,106,2024-12-29 20:36:08.856953
00001,0445,1182,106,2024-12-29 20:36:08.872958
00003,0446,1182,106,2024-12-29 20:36:08.888955
00003,0439,1182,106,2024-12-29 20:36:08.904949
00003,0445,1182,106,2024-12-29 20:36:08.936505
00002,0449,1182,106,2024-12-29 20:36:08.952941
00002,0445,1182,106,2024-12-29 20:36:08.968939
00003,0443,1182,106,2024-12-29 20:36:08.984942
00001,0444,1182,106,2024-12-29 20:36:09.000936
00002,0445,1182,106,2024-12-29 20:36:09.016935
00002,0440,1181,106,2024-12-29 20:36:09.032925
00003,0461,1182,106,2024-12-29 20:36:09.048918
00002,0445,1182,106,2024-12-29 20:36:09.064914
00003,0439,1182,106,2024-12-29 20:36:09.080906
00003,0445,1182,106,2024-12-29 20:36:09.112895
00003,0443,1182,106,2024-12-29 20:36:09.128904
00002,0443,1182,106,2024-12-29 20:36:09.144894
00003,0444,1182,106,2024-12-29 20:36:09.160902
00002,0448,1182,106,2024-12-29 20:36:09.176892
00002,0439,1182,106,2024-12-29 20:36:09.192907
00002,0442,1181,106,2024-12-29 20:36:09.208884
00002,0458,1182,106,2024-12-29 20:36:09.224888
00002,0439,1182,106,2024-12-29 20:36:09.240887
00003,0439,1182,106,2024-12-29 20:36:09.272551
00004,0437,1182,106,2024-12-29 20:36:09.288862
00003,0447,1181,106,2024-12-29 20:36:09.304867
00003,0458,1182,106,2024-12-29 20:36:09.320876
00004,0445,1182,106,2024-12-29 20:36:09.336855
00002,0441,1181,106,2024-12-29 20:36:09.352848
00004,0458,1181,106,2024-12-29 20:36:09.368851
00003,0462,1182,106,2024-12-29 20:36:09.384852
00002,0447,1182,106,2024-12-29 20:36:09.400838
00002,0436,1182,106,2024-12-29 20:36:09.432171
00002,0441,1182,106,2024-12-29 20:36:09.448843
00002,0436,1182,106,2024-12-29 20:36:09.464827
00002,0439,1182,106,2024-12-29 20:36:09.480825
00001,0439,1181,106,2024-12-29 20:36:09.496823
00003,0456,1182,106,2024-12-29 20:36:09.512820
00003,0444,1181,106,2024-12-29 20:36:09.528821
00003,0449,1182,106,2024-12-29 20:36:09.544814
00002,0438,1182,106,2024-12-29 20:36:09.560814
00003,0439,1182,106,2024-12-29 20:36:09.576808
00002,0440,1181,106,2024-12-29 20:36:09.608550
00004,0465,1182,106,2024-12-29 20:36:09.624808
00003,0445,1181,106,2024-12-29 20:36:09.640804
00004,0457,1182,106,2024-12-29 20:36:09.656795
00002,0445,1182,106,2024-12-29 20:36:09.672785
00002,0442,1182,106,2024-12-29 20:36:09.688776
00003,0436,1182,106,2024-12-29 20:36:09.704770
00004,0442,1182,106,2024-12-29 20:36:09.720770
00004,0445,1181,106,2024-12-29 20:36:09.736771
00004,0450,1182,106,2024-12-29 20:36:09.768183
00003,0446,1181,106,2024-12-29 20:36:09.784767
00003,0450,1181,106,2024-12-29 20:36:09.800754
00002,0463,1181,106,2024-12-29 20:36:09.816761
00003,0455,1181,106,2024-12-29 20:36:09.832750
00004,0472,1182,106,2024-12-29 20:36:09.848747
00002,0444,1182,106,2024-12-29 20:36:09.864745
00002,0446,1182,106,2024-12-29 20:36:09.880741
00003,0434,1181,106,2024-12-29 20:36:09.896744
00003,0462,1181,106,2024-12-29 20:36:09.912727
00003,0455,1181,106,2024-12-29 20:36:09.944583
00004,0451,1182,106,2024-12-29 20:36:09.960728
00003,0445,1181,106,2024-12-29 20:36:09.976714
00004,0457,1182,106,2024-12-29 20:36:09.992726
00003,0441,1182,106,2024-12-29 20:36:10.008721
00004,0439,1181,106,2024-12-29 20:36:10.024703
00004,0462,1181,106,2024-12-29 20:36:10.040707
00002,0464,1182,106,2024-12-29 20:36:10.056700
00002,0439,1182,106,2024-12-29 20:36:10.072705
00001,0439,1181,106,2024-12-29 20:36:10.104222
00003,0458,1181,106,2024-12-29 20:36:10.120713
00003,0468,1181,106,2024-12-29 20:36:10.136714
00003,0462,1182,106,2024-12-29 20:36:10.152689
00003,0445,1182,106,2024-12-29 20:36:10.168677
00003,0437,1181,106,2024-12-29 20:36:10.184677
00004,0459,1182,106,2024-12-29 20:36:10.200667
00002,0450,1182,106,2024-12-29 20:36:10.216680
00002,0444,1182,106,2024-12-29 20:36:10.232664
00003,0443,1181,106,2024-12-29 20:36:10.248691
00004,0463,1181,106,2024-12-29 20:36:10.280599
00003,0456,1181,106,2024-12-29 20:36:10.296652
00003,0465,1181,106,2024-12-29 20:36:10.312647
00004,0465,1181,106,2024-12-29 20:36:10.328654
00003,0464,1181,106,2024-12-29 20:36:10.344641
00003,0454,1181,106,2024-12-29 20:36:10.360651
00003,0459,1181,106,2024-12-29 20:36:10.376641
00003,0452,1181,106,2024-12-29 20:36:10.392626
00003,0457,1181,106,2024-12-29 20:36:10.408628
00003,0461,1182,106,2024-12-29 20:36:10.440255
00004,0446,1181,106,2024-12-29 20:36:10.456615
00004,0458,1182,106,2024-12-29 20:36:10.472615
00003,0444,1181,106,2024-12-29 20:36:10.488611
00003,0459,1181,106,2024-12-29 20:36:10.504618
00003,0460,1181,106,2024-12-29 20:36:10.520606
00004,0463,1181,106,2024-12-29 20:36:10.536605
00004,0464,1181,106,2024-12-29 20:36:10.552602
00002,0461,1181,106,2024-12-29 20:36:10.568596
00003,0455,1181,106,2024-12-29 20:36:10.584591
00002,0453,1181,106,2024-12-29 20:36:10.616583
00002,0465,1181,106,2024-12-29 20:36:10.632582
00004,0459,1181,106,2024-12-29 20:36:10.648583
00003,0461,1181,106,2024-12-29 20:36:10.664574
00003,0453,1181,106,2024-12-29 20:36:10.680571
00004,0466,1181,106,2024-12-29 20:36:10.696569
00003,0462,1181,106,2024-12-29 20:36:10.712567
00004,0449,1181,106,2024-12-29 20:36:10.728562
00004,0468,1181,106,2024-12-29 20:36:10.744568
00003,0460,1181,106,2024-12-29 20:36:10.776267
00003,0454,1181,106,2024-12-29 20:36:10.792567
00004,0458,1181,106,2024-12-29 20:36:10.808568
00004,0468,1181,106,2024-12-29 20:36:10.824568
00004,0461,1181,106,2024-12-29 20:36:10.840568
00003,0463,1181,106,2024-12-29 20:36:10.856570
00004,0453,1181,106,2024-12-29 20:36:10.872574
00004,0459,1181,106,2024-12-29 20:36:10.888576
00003,0457,1181,106,2024-12-29 20:36:10.904580
00004,0461,1181,106,2024-12-29 20:36:10.935866
00003,0452,1181,106,2024-12-29 20:36:10.952510
00003,0456,1181,106,2024-12-29 20:36:10.968500
00003,0454,1181,106,2024-12-29 20:36:10.984512
00004,0457,1181,106,2024-12-29 20:36:11.000502
00003,0456,1181,106,2024-12-29 20:36:11.016498
00003,0462,1181,106,2024-12-29 20:36:11.032491
00002,0457,1181,106,2024-12-29 20:36:11.048495
00002,0452,1181,106,2024-12-29 20:36:11.064487
00003,0463,1181,106,2024-12-29 20:36:11.080489
00004,0464,1181,106,2024-12-29 20:36:11.112289
00002,0457,1181,106,2024-12-29 20:36:11.128487
00002,0464,1181,106,2024-12-29 20:36:11.144471
00004,0453,1181,106,2024-12-29 20:36:11.160469
00003,0450,1181,106,2024-12-29 20:36:11.176465
00001,0455,1181,106,2024-12-29 20:36:11.192460
00003,0468,1181,106,2024-12-29 20:36:11.208458
00004,0455,1181,106,2024-12-29 20:36:11.224459
00003,0462,1181,106,2024-12-29 20:36:11.240472
00003,0457,1181,106,2024-12-29 20:36:11.271942
00002,0460,1181,106,2024-12-29 20:36:11.288442
00004,0455,1181,106,2024-12-29 20:36:11.304446
00004,0462,1181,106,2024-12-29 20:36:11.320433
00003,0462,1181,106,2024-12-29 20:36:11.336441
00003,0461,1181,106,2024-12-29 20:36:11.352422
00003,0463,1181,106,2024-12-29 20:36:11.368421
00004,0470,1181,106,2024-12-29 20:36:11.384425
00003,0459,1181,106,2024-12-29 20:36:11.400414
00004,0458,1181,106,2024-12-29 20:36:11.416423
00003,0459,1181,106,2024-12-29 20:36:11.448322
00003,0455,1181,106,2024-12-29 20:36:11.464404
00003,0462,1181,106,2024-12-29 20:36:11.480408
00004,0458,1181,106,2024-12-29 20:36:11.496407
00003,0457,1181,106,2024-12-29 20:36:11.512385
00003,0463,1181,106,2024-12-29 20:36:11.528395
00003,0454,1181,106,2024-12-29 20:36:11.544383
00004,0461,1181,106,2024-12-29 20:36:11.560385
00002,0459,1181,106,2024-12-29 20:36:11.576379
00003,0450,1181,106,2024-12-29 20:36:11.607936
00004,0463,1181,106,2024-12-29 20:36:11.624370
00002,0465,1181,106,2024-12-29 20:36:11.640372
00003,0460,1181,106,2024-12-29 20:36:11.656361
00002,0453,1181,106,2024-12-29 20:36:11.672365
00003,0454,1181,106,2024-12-29 20:36:11.688356
00003,0463,1181,106,2024-12-29 20:36:11.704361
00003,0460,1181,106,2024-12-29 20:36:11.720350
00003,0457,1181,106,2024-12-29 20:36:11.736355
00003,0461,1181,106,2024-12-29 20:36:11.752345
00004,0458,1181,106,2024-12-29 20:36:11.784336
00003,0460,1181,106,2024-12-29 20:36:11.800331
00002,0456,1181,106,2024-12-29 20:36:11.816327
00003,0457,1181,106,2024-12-29 20:36:11.832333
00003,0459,1181,106,2024-12-29 20:36:11.848331
00004,0461,1181,106,2024-12-29 20:36:11.864331
00002,0462,1181,106,2024-12-29 20:36:11.880318
00003,0459,1181,106,2024-12-29 20:36:11.896309
00003,0460,1181,106,2024-12-29 20:36:11.912307
00003,0461,1181,106,2024-12-29 20:36:11.943977
00004,0461,1181,106,2024-12-29 20:36:11.960306
00003,0454,1181,106,2024-12-29 20:36:11.976305
00002,0455,1181,106,2024-12-29 20:36:11.992301
00003,0450,1181,106,2024-12-29 20:36:12.008285
00003,0454,1181,106,2024-12-29 20:36:12.024294
00004,0456,1181,106,2024-12-29 20:36:12.040284
00004,0456,1181,106,2024-12-29 20:36:12.056290
00003,0455,1181,106,2024-12-29 20:36:12.072282
00003,0453,1181,106,2024-12-29 20:36:12.103608
00003,0454,1181,106,2024-12-29 20:36:12.120265
00004,0458,1181,106,2024-12-29 20:36:12.136263
00004,0457,1181,106,2024-12-29 20:36:12.152258
00004,0461,1181,106,2024-12-29 20:36:12.168261
00002,0450,1181,106,2024-12-29 20:36:12.184251
00002,0455,1181,106,2024-12-29 20:36:12.200241
00004,0461,1181,106,2024-12-29 20:36:12.216245
00003,0458,1181,106,2024-12-29 20:36:12.232244
00003,0462,1181,106,2024-12-29 20:36:12.248258
00003,0455,1181,106,2024-12-29 20:36:12.279997
00003,0463,1181,106,2024-12-29 20:36:12.296229
00002,0455,1181,106,2024-12-29 20:36:12.312223
00003,0460,1181,106,2024-12-29 20:36:12.328224
00004,0467,1180,106,2024-12-29 20:36:12.344220
00002,0459,1181,106,2024-12-29 20:36:12.360222
00003,0456,1181,106,2024-12-29 20:36:12.376209
00005,0466,1181,106,2024-12-29 20:36:12.392210
00003,0453,1181,106,2024-12-29 20:36:12.408201
00002,0463,1181,106,2024-12-29 20:36:12.439636
00004,0457,1181,106,2024-12-29 20:36:12.456196
00003,0461,1181,106,2024-12-29 20:36:12.472186
00004,0448,1181,106,2024-12-29 20:36:12.488184
00003,0463,1181,106,2024-12-29 20:36:12.504187
00003,0465,1181,106,2024-12-29 20:36:12.520175
00003,0467,1181,106,2024-12-29 20:36:12.536180
00004,0458,1181,106,2024-12-29 20:36:12.552173
00003,0455,1181,106,2024-12-29 20:36:12.568172
00003,0452,1181,106,2024-12-29 20:36:12.584160
00003,0457,1181,106,2024-12-29 20:36:12.616005
00003,0445,1181,106,2024-12-29 20:36:12.632157
00002,0459,1181,106,2024-12-29 20:36:12.648145
00002,0458,1181,106,2024-12-29 20:36:12.664148
00004,0454,1181,106,2024-12-29 20:36:12.680138
00002,0457,1181,106,2024-12-29 20:36:12.696136
00002,0454,1181,106,2024-12-29 20:36:12.712135
00002,0451,1181,106,2024-12-29 20:36:12.728144
00002,0461,1181,106,2024-12-29 20:36:12.744127
00003,0450,1181,106,2024-12-29 20:36:12.775650
00003,0461,1181,106,2024-12-29 20:36:12.792117
00002,0454,1181,106,2024-12-29 20:36:12.808112
00002,0452,1181,106,2024-12-29 20:36:12.824109
00002,0447,1181,106,2024-12-29 20:36:12.840113
00003,0452,1181,106,2024-12-29 20:36:12.856098
00003,0457,1181,106,2024-12-29 20:36:12.872108
00003,0459,1181,106,2024-12-29 20:36:12.888095
00002,0454,1181,106,2024-12-29 20:36:12.904096
00002,0453,1181,106,2024-12-29 20:36:12.920087
00003,0454,1181,106,2024-12-29 20:36:12.952047
00003,0455,1181,106,2024-12-29 20:36:12.968088
00003,0453,1181,106,2024-12-29 20:36:12.984071
00004,0459,1181,106,2024-12-29 20:36:13.000070
00002,0454,1181,106,2024-12-29 20:36:13.016072
00004,0455,1181,106,2024-12-29 20:36:13.032074
00002,0449,1181,106,2024-12-29 20:36:13.048059
00003,0459,1181,106,2024-12-29 20:36:13.064054
00003,0455,1181,106,2024-12-29 20:36:13.080058
00003,0465,1181,106,2024-12-29 20:36:13.111670
00003,0454,1181,106,2024-12-29 20:36:13.128050
00003,0454,1181,106,2024-12-29 20:36:13.144039
00003,0460,1181,106,2024-12-29 20:36:13.160039
00002,0449,1181,106,2024-12-29 20:36:13.176043
00003,0458,1180,106,2024-12-29 20:36:13.192028
00003,0452,1181,106,2024-12-29 20:36:13.208029
00005,0450,1181,106,2024-12-29 20:36:13.224026
00003,0458,1181,106,2024-12-29 20:36:13.240035
00003,0453,1180,106,2024-12-29 20:36:13.256024
00004,0450,1181,106,2024-12-29 20:36:13.288025
00004,0451,1181,106,2024-12-29 20:36:13.304020
00003,0441,1181,106,2024-12-29 20:36:13.320010
00003,0453,1181,106,2024-12-29 20:36:13.336006
00004,0453,1181,106,2024-12-29 20:36:13.352005
00004,0452,1181,106,2024-12-29 20:36:13.367999
00003,0458,1181,106,2024-12-29 20:36:13.383997
00003,0456,1181,106,2024-12-29 20:36:13.399992
00004,0455,1181,106,2024-12-29 20:36:13.415989
00003,0450,1181,106,2024-12-29 20:36:13.447715
00004,0457,1181,106,2024-12-29 20:36:13.463992
00005,0458,1181,106,2024-12-29 20:36:13.479991
00004,0455,1181,106,2024-12-29 20:36:13.495967
00003,0460,1180,106,2024-12-29 20:36:13.511978
00004,0461,1180,106,2024-12-29 20:36:13.527966
00003,0451,1181,106,2024-12-29 20:36:13.543958
00003,0451,1181,106,2024-12-29 20:36:13.559957
00004,0456,1181,106,2024-12-29 20:36:13.575945
00002,0449,1181,106,2024-12-29 20:36:13.607350
00004,0465,1181,106,2024-12-29 20:36:13.623943
00004,0450,1180,106,2024-12-29 20:36:13.639936
00003,0457,1180,106,2024-12-29 20:36:13.655939
00003,0456,1181,106,2024-12-29 20:36:13.671929
00003,0448,1181,106,2024-12-29 20:36:13.687922
00002,0451,1181,106,2024-12-29 20:36:13.703927
00002,0459,1181,106,2024-12-29 20:36:13.719928
00003,0459,1180,106,2024-12-29 20:36:13.735927
00004,0454,1181,106,2024-12-29 20:36:13.751928
00004,0461,1181,106,2024-12-29 20:36:13.783746
00004,0457,1180,106,2024-12-29 20:36:13.799940
00003,0451,1181,106,2024-12-29 20:36:13.815942
00004,0461,1181,106,2024-12-29 20:36:13.831942
00001,0454,1181,106,2024-12-29 20:36:13.847942
00003,0461,1181,106,2024-12-29 20:36:13.863945
00002,0451,1181,106,2024-12-29 20:36:13.879945
00003,0455,1181,106,2024-12-29 20:36:13.895947
00003,0447,1181,106,2024-12-29 20:36:13.911880
00003,0456,1181,106,2024-12-29 20:36:13.943366
00003,0459,1181,106,2024-12-29 20:36:13.959867
00003,0460,1180,106,2024-12-29 20:36:13.975872
00003,0454,1180,106,2024-12-29 20:36:13.991856
00002,0447,1181,106,2024-12-29 20:36:14.007862
00003,0454,1180,106,2024-12-29 20:36:14.023848
00003,0449,1181,106,2024-12-29 20:36:14.039855
00003,0456,1181,106,2024-12-29 20:36:14.055845
00002,0452,1181,106,2024-12-29 20:36:14.071845
00003,0458,1181,106,2024-12-29 20:36:14.087848
00002,0450,1181,106,2024-12-29 20:36:14.119750
00003,0452,1180,106,2024-12-29 20:36:14.135830
00002,0450,1181,106,2024-12-29 20:36:14.151835
00002,0451,1181,106,2024-12-29 20:36:14.167832
00003,0458,1181,106,2024-12-29 20:36:14.183827
00004,0449,1180,106,2024-12-29 20:36:14.199822
00002,0455,1180,106,2024-12-29 20:36:14.215828
00005,0463,1181,106,2024-12-29 20:36:14.231818
00004,0456,1181,106,2024-12-29 20:36:14.247825
00003,0447,1181,106,2024-12-29 20:36:14.279383
00003,0455,1181,106,2024-12-29 20:36:14.295807
00004,0456,1180,106,2024-12-29 20:36:14.311801
00002,0455,1180,106,2024-12-29 20:36:14.327785
00004,0447,1181,106,2024-12-29 20:36:14.343782
00003,0458,1180,106,2024-12-29 20:36:14.359788
00002,0460,1181,106,2024-12-29 20:36:14.375780
00004,0461,1181,106,2024-12-29 20:36:14.391773
00003,0458,1181,106,2024-12-29 20:36:14.407775
00004,0451,1180,106,2024-12-29 20:36:14.423770
00004,0459,1180,106,2024-12-29 20:36:14.455771
00003,0452,1180,106,2024-12-29 20:36:14.471756
00004,0454,1180,106,2024-12-29 20:36:14.487761
00003,0458,1181,106,2024-12-29 20:36:14.503751
00002,0446,1180,106,2024-12-29 20:36:14.519750
00003,0451,1180,106,2024-12-29 20:36:14.535746
00003,0453,1180,106,2024-12-29 20:36:14.551749
00004,0442,1180,106,2024-12-29 20:36:14.567740
00003,0452,1180,106,2024-12-29 20:36:14.583747
00002,0452,1180,106,2024-12-29 20:36:14.615404
00003,0459,1180,106,2024-12-29 20:36:14.631740
00003,0445,1180,106,2024-12-29 20:36:14.647724
00003,0458,1180,106,2024-12-29 20:36:14.663724
00002,0457,1181,106,2024-12-29 20:36:14.679708
00003,0450,1181,106,2024-12-29 20:36:14.695717
00004,0456,1181,106,2024-12-29 20:36:14.711708
00003,0456,1180,106,2024-12-29 20:36:14.727709
00003,0461,1180,106,2024-12-29 20:36:14.743706
00002,0454,1180,106,2024-12-29 20:36:14.775033
00003,0449,1180,106,2024-12-29 20:36:14.791694
00002,0461,1180,106,2024-12-29 20:36:14.807689
00003,0451,1180,106,2024-12-29 20:36:14.823690
00003,0460,1180,106,2024-12-29 20:36:14.839691
00002,0450,1180,106,2024-12-29 20:36:14.855685
00005,0452,1180,106,2024-12-29 20:36:14.871670
00003,0459,1180,106,2024-12-29 20:36:14.887675
00005,0455,1180,106,2024-12-29 20:36:14.903665
00004,0456,1180,106,2024-12-29 20:36:14.919672
00003,0455,1180,106,2024-12-29 20:36:14.951433
00002,0458,1180,106,2024-12-29 20:36:14.967652
00003,0452,1180,106,2024-12-29 20:36:14.983651
00003,0447,1180,106,2024-12-29 20:36:14.999654
00003,0455,1180,106,2024-12-29 20:36:15.015637
00003,0460,1180,106,2024-12-29 20:36:15.031645
00004,0457,1180,106,2024-12-29 20:36:15.047636
00003,0445,1180,106,2024-12-29 20:36:15.063641
00003,0449,1180,106,2024-12-29 20:36:15.079625
00003,0456,1180,106,2024-12-29 20:36:15.111065
00003,0454,1180,106,2024-12-29 20:36:15.127819
00004,0457,1180,106,2024-12-29 20:36:15.143641
00003,0448,1180,106,2024-12-29 20:36:15.159610
00004,0454,1180,106,2024-12-29 20:36:15.175614
00002,0444,1180,106,2024-12-29 20:36:15.191620
00003,0461,1180,106,2024-12-29 20:36:15.207602
00003,0457,1180,106,2024-12-29 20:36:15.223610
00004,0458,1180,106,2024-12-29 20:36:15.239613
00003,0453,1180,106,2024-12-29 20:36:15.255596
00003,0449,1180,106,2024-12-29 20:36:15.287452
00002,0455,1180,106,2024-12-29 20:36:15.303586
00003,0449,1180,106,2024-12-29 20:36:15.319577
00003,0448,1180,106,2024-12-29 20:36:15.335580
00003,0457,1180,106,2024-12-29 20:36:15.351562
00003,0451,1180,106,2024-12-29 20:36:15.367571
00003,0453,1180,106,2024-12-29 20:36:15.383561
00003,0456,1180,106,2024-12-29 20:36:15.399566
00003,0450,1180,106,2024-12-29 20:36:15.415561
00003,0459,1180,106,2024-12-29 20:36:15.447074
00002,0455,1180,106,2024-12-29 20:36:15.463547
00003,0455,1180,106,2024-12-29 20:36:15.479545
00002,0454,1180,106,2024-12-29 20:36:15.495541
00003,0453,1180,106,2024-12-29 20:36:15.511539
00002,0445,1180,106,2024-12-29 20:36:15.527531
00001,0452,1180,106,2024-12-29 20:36:15.543531
00003,0446,1180,106,2024-12-29 20:36:15.559534
00003,0451,1180,106,2024-12-29 20:36:15.575523
00003,0445,1180,106,2024-12-29 20:36:15.591521
00003,0463,1180,106,2024-12-29 20:36:15.623476
00004,0453,1180,106,2024-12-29 20:36:15.639515
00003,0455,1180,106,2024-12-29 20:36:15.655508
00003,0446,1180,106,2024-12-29 20:36:15.671510
00004,0452,1180,106,2024-12-29 20:36:15.687513
00004,0454,1180,106,2024-12-29 20:36:15.703494
00003,0461,1180,106,2024-12-29 20:36:15.719495
00003,0443,1180,106,2024-12-29 20:36:15.735490
00004,0464,1180,106,2024-12-29 20:36:15.751487
00003,0453,1180,106,2024-12-29 20:36:15.783112
00003,0446,1180,106,2024-12-29 20:36:15.799478
00003,0449,1180,106,2024-12-29 20:36:15.815474
00003,0445,1180,106,2024-12-29 20:36:15.831477
00002,0454,1180,106,2024-12-29 20:36:15.847463
00004,0448,1180,106,2024-12-29 20:36:15.863458
00002,0448,1180,106,2024-12-29 20:36:15.879457
00003,0453,1180,106,2024-12-29 20:36:15.895449
00003,0450,1180,106,2024-12-29 20:36:15.911454
00004,0449,1180,106,2024-12-29 20:36:15.927457
00003,0453,1180,106,2024-12-29 20:36:15.959445
00003,0446,1180,106,2024-12-29 20:36:15.975437
00002,0448,1180,106,2024-12-29 20:36:15.991434
00002,0443,1180,106,2024-12-29 20:36:16.007435
00003,0449,1180,106,2024-12-29 20:36:16.023432
00002,0460,1180,106,2024-12-29 20:36:16.039433
00003,0451,1180,106,2024-12-29 20:36:16.055428
00002,0450,1180,106,2024-12-29 20:36:16.071415
00003,0455,1180,106,2024-12-29 20:36:16.087420
00002,0453,1180,106,2024-12-29 20:36:16.119141
00002,0457,1180,106,2024-12-29 20:36:16.135428
00003,0457,1180,106,2024-12-29 20:36:16.151420
00003,0447,1180,106,2024-12-29 20:36:16.167406
00002,0448,1180,106,2024-12-29 20:36:16.183402
00003,0444,1180,106,2024-12-29 20:36:16.199406
00003,0459,1180,106,2024-12-29 20:36:16.215395
00004,0455,1180,106,2024-12-29 20:36:16.231389
00003,0446,1180,106,2024-12-29 20:36:16.247393
00003,0449,1180,106,2024-12-29 20:36:16.278765
00003,0437,1180,106,2024-12-29 20:36:16.295381
00003,0448,1179,106,2024-12-29 20:36:16.311378
00003,0447,1180,106,2024-12-29 20:36:16.327382
00002,0450,1180,106,2024-12-29 20:36:16.343371
00002,0462,1180,106,2024-12-29 20:36:16.359356
00004,0448,1180,106,2024-12-29 20:36:16.375354
00002,0458,1180,106,2024-12-29 20:36:16.391348
00004,0449,1180,106,2024-12-29 20:36:16.407352
00003,0456,1180,106,2024-12-29 20:36:16.423346
00002,0449,1180,106,2024-12-29 20:36:16.455142
00004,0457,1180,106,2024-12-29 20:36:16.471333
00003,0455,1179,106,2024-12-29 20:36:16.487336
00003,0443,1180,106,2024-12-29 20:36:16.503327
00002,0454,1180,106,2024-12-29 20:36:16.519326
00002,0450,1180,106,2024-12-29 20:36:16.535320
00003,0448,1180,106,2024-12-29 20:36:16.551312
00002,0453,1180,106,2024-12-29 20:36:16.567314
00002,0446,1180,106,2024-12-29 20:36:16.583312
00004,0452,1180,106,2024-12-29 20:36:16.614790
00004,0446,1180,106,2024-12-29 20:36:16.631299
00003,0452,1180,106,2024-12-29 20:36:16.647297
00004,0448,1180,106,2024-12-29 20:36:16.663293
00002,0449,1180,106,2024-12-29 20:36:16.679296
00002,0452,1180,106,2024-12-29 20:36:16.695296
00002,0446,1180,106,2024-12-29 20:36:16.711297
00004,0452,1180,106,2024-12-29 20:36:16.727296
00003,0453,1179,106,2024-12-29 20:36:16.743304
00003,0457,1180,106,2024-12-29 20:36:16.759306
00004,0453,1180,106,2024-12-29 20:36:16.791200
00003,0455,1180,106,2024-12-29 20:36:16.807309
00003,0451,1180,106,2024-12-29 20:36:16.823324
00004,0451,1180,106,2024-12-29 20:36:16.839321
00003,0454,1180,106,2024-12-29 20:36:16.855327
00002,0450,1180,106,2024-12-29 20:36:16.871250
00003,0445,1180,106,2024-12-29 20:36:16.887245
00004,0450,1180,106,2024-12-29 20:36:16.903238
00002,0448,1180,106,2024-12-29 20:36:16.919238
00003,0460,1180,106,2024-12-29 20:36:16.950806
00002,0451,1179,106,2024-12-29 20:36:16.967229
00003,0458,1180,106,2024-12-29 20:36:16.983218
00003,0448,1180,106,2024-12-29 20:36:16.999220
00003,0450,1180,106,2024-12-29 20:36:17.015211
00003,0459,1180,106,2024-12-29 20:36:17.031213
00002,0448,1180,106,2024-12-29 20:36:17.047217
00002,0451,1180,106,2024-12-29 20:36:17.063207
00002,0454,1180,106,2024-12-29 20:36:17.079203
00003,0452,1180,106,2024-12-29 20:36:17.095197
00003,0448,1180,106,2024-12-29 20:36:17.127195
00003,0442,1180,106,2024-12-29 20:36:17.143200
00003,0447,1180,106,2024-12-29 20:36:17.159196
00003,0456,1180,106,2024-12-29 20:36:17.175192
00002,0452,1180,106,2024-12-29 20:36:17.191182
00002,0449,1180,106,2024-12-29 20:36:17.207186
00003,0451,1180,106,2024-12-29 20:36:17.223178
00003,0450,1180,106,2024-12-29 20:36:17.239173
00002,0447,1180,106,2024-12-29 20:36:17.255170
00003,0455,1180,106,2024-12-29 20:36:17.286849
00002,0451,1180,106,2024-12-29 20:36:17.303160
00002,0443,1180,106,2024-12-29 20:36:17.319159
00003,0450,1180,106,2024-12-29 20:36:17.335150
00001,0459,1180,106,2024-12-29 20:36:17.351146
00003,0451,1180,106,2024-12-29 20:36:17.367143
00002,0446,1179,106,2024-12-29 20:36:17.383142
00002,0454,1180,106,2024-12-29 20:36:17.399133
00002,0445,1180,106,2024-12-29 20:36:17.415138
00005,0452,1179,106,2024-12-29 20:36:17.446472
00003,0445,1180,106,2024-12-29 20:36:17.463118
00002,0456,1180,106,2024-12-29 20:36:17.479119
00003,0448,1180,106,2024-12-29 20:36:17.495120
00003,0460,1180,106,2024-12-29 20:36:17.511123
00003,0450,1180,106,2024-12-29 20:36:17.527119
00004,0446,1179,106,2024-12-29 20:36:17.543126
00003,0450,1180,106,2024-12-29 20:36:17.559108
00004,0442,1180,106,2024-12-29 20:36:17.575119
00002,0449,1179,106,2024-12-29 20:36:17.591110
00003,0451,1180,106,2024-12-29 20:36:17.622873
00003,0452,1179,106,2024-12-29 20:36:17.639092
00004,0452,1180,106,2024-12-29 20:36:17.655088
00003,0450,1180,106,2024-12-29 20:36:17.671078
00003,0451,1179,106,2024-12-29 20:36:17.687084
00004,0452,1180,106,2024-12-29 20:36:17.703075
00005,0447,1180,106,2024-12-29 20:36:17.719078
00002,0452,1179,106,2024-12-29 20:36:17.735070
00003,0457,1180,106,2024-12-29 20:36:17.751077
00002,0451,1180,106,2024-12-29 20:36:17.782495
00003,0450,1180,106,2024-12-29 20:36:17.799068
00002,0458,1179,106,2024-12-29 20:36:17.815056
00003,0457,1179,106,2024-12-29 20:36:17.831056
00003,0446,1179,106,2024-12-29 20:36:17.847050
00003,0460,1180,106,2024-12-29 20:36:17.863043
00004,0449,1179,106,2024-12-29 20:36:17.879043
00002,0456,1180,106,2024-12-29 20:36:17.895037
00002,0448,1180,106,2024-12-29 20:36:17.911043
00003,0445,1179,106,2024-12-29 20:36:17.927025
00003,0450,1180,106,2024-12-29 20:36:17.958897
00002,0457,1180,106,2024-12-29 20:36:17.975027
00003,0442,1179,106,2024-12-29 20:36:17.991014
00003,0444,1179,106,2024-12-29 20:36:18.007022
00003,0451,1179,106,2024-12-29 20:36:18.023005
00003,0450,1180,106,2024-12-29 20:36:18.039011
00002,0445,1179,106,2024-12-29 20:36:18.055004
00003,0446,1180,106,2024-12-29 20:36:18.070999
00004,0454,1179,106,2024-12-29 20:36:18.086999
00003,0451,1180,106,2024-12-29 20:36:18.118523
00003,0458,1179,106,2024-12-29 20:36:18.134987
00002,0463,1179,106,2024-12-29 20:36:18.150984
00002,0458,1179,106,2024-12-29 20:36:18.166987
00003,0451,1179,106,2024-12-29 20:36:18.182969
00003,0453,1179,106,2024-12-29 20:36:18.198983
00003,0455,1180,106,2024-12-29 20:36:18.214968
00003,0449,1180,106,2024-12-29 20:36:18.230972
00003,0449,1179,106,2024-12-29 20:36:18.246981
00003,0448,1180,106,2024-12-29 20:36:18.262959
00003,0449,1179,106,2024-12-29 20:36:18.294938
00002,0448,1179,106,2024-12-29 20:36:18.310951
00002,0445,1180,106,2024-12-29 20:36:18.326942
00003,0445,1179,106,2024-12-29 20:36:18.342944
00002,0453,1179,106,2024-12-29 20:36:18.358937
00003,0453,1179,106,2024-12-29 20:36:18.374941
00004,0450,1179,106,2024-12-29 20:36:18.390930
00003,0450,1180,106,2024-12-29 20:36:18.406935
00003,0450,1179,106,2024-12-29 20:36:18.422926
00002,0448,1179,106,2024-12-29 20:36:18.454537
00003,0451,1179,106,2024-12-29 20:36:18.470910
00002,0447,1179,106,2024-12-29 20:36:18.486914
00004,0458,1179,106,2024-12-29 20:36:18.502904
00003,0449,1179,106,2024-12-29 20:36:18.518908
00003,0460,1179,106,2024-12-29 20:36:18.534908
00002,0454,1179,106,2024-12-29 20:36:18.550908
00002,0461,1179,106,2024-12-29 20:36:18.566895
00003,0445,1179,106,2024-12-29 20:36:18.582894
00004,0446,1180,106,2024-12-29 20:36:18.598895
00002,0450,1179,106,2024-12-29 20:36:18.630882
00002,0452,1179,106,2024-12-29 20:36:18.646888
00003,0460,1180,106,2024-12-29 20:36:18.662885
00001,0449,1179,106,2024-12-29 20:36:18.678874
00003,0449,1179,106,2024-12-29 20:36:18.694872
00003,0451,1180,106,2024-12-29 20:36:18.710864
00002,0457,1179,106,2024-12-29 20:36:18.726855
00003,0446,1179,106,2024-12-29 20:36:18.742865
00004,0451,1179,106,2024-12-29 20:36:18.758854
00003,0446,1179,106,2024-12-29 20:36:18.790566
00003,0452,1179,106,2024-12-29 20:36:18.806845
00003,0457,1179,106,2024-12-29 20:36:18.822839
00003,0464,1179,106,2024-12-29 20:36:18.838844
00002,0444,1179,106,2024-12-29 20:36:18.854835
00001,0448,1179,106,2024-12-29 20:36:18.870832
00003,0444,1179,106,2024-12-29 20:36:18.886830
00003,0450,1179,106,2024-12-29 20:36:18.902832
00003,0449,1179,106,2024-12-29 20:36:18.918832
00002,0452,1179,106,2024-12-29 20:36:18.950198
00003,0443,1179,106,2024-12-29 20:36:18.966812
00002,0453,1179,106,2024-12-29 20:36:18.982812
00003,0450,1179,106,2024-12-29 20:36:18.998806
00004,0448,1179,106,2024-12-29 20:36:19.014802
00003,0447,1179,106,2024-12-29 20:36:19.030802
00003,0462,1179,106,2024-12-29 20:36:19.046795
00003,0453,1179,106,2024-12-29 20:36:19.062795
00003,0463,1179,106,2024-12-29 20:36:19.078784
00003,0455,1179,106,2024-12-29 20:36:19.094784
00003,0458,1179,106,2024-12-29 20:36:19.126606
00003,0454,1179,106,2024-12-29 20:36:19.142778
00002,0452,1179,106,2024-12-29 20:36:19.158765
00003,0451,1179,106,2024-12-29 20:36:19.174763
00003,0453,1179,106,2024-12-29 20:36:19.190759
00004,0451,1179,106,2024-12-29 20:36:19.206755
00003,0457,1179,106,2024-12-29 20:36:19.222750
00002,0443,1179,106,2024-12-29 20:36:19.238761
00003,0448,1179,106,2024-12-29 20:36:19.254747
00004,0456,1179,106,2024-12-29 20:36:19.286226
00003,0457,1179,106,2024-12-29 20:36:19.302752
00003,0445,1179,106,2024-12-29 20:36:19.318735
00002,0456,1179,106,2024-12-29 20:36:19.334738
00003,0458,1179,106,2024-12-29 20:36:19.350729
00004,0451,1179,106,2024-12-29 20:36:19.366729
00004,0452,1179,106,2024-12-29 20:36:19.382728
00003,0449,1179,106,2024-12-29 20:36:19.398723
00003,0447,1179,106,2024-12-29 20:36:19.414725
00003,0445,1179,106,2024-12-29 20:36:19.430709
00002,0450,1179,106,2024-12-29 20:36:19.462618
00003,0446,1179,106,2024-12-29 20:36:19.478705
00003,0455,1179,106,2024-12-29 20:36:19.494698
00002,0458,1179,106,2024-12-29 20:36:19.510696
00003,0448,1179,106,2024-12-29 20:36:19.526700
00002,0443,1179,106,2024-12-29 20:36:19.542692
00003,0451,1179,106,2024-12-29 20:36:19.558690
00003,0454,1179,106,2024-12-29 20:36:19.574685
00003,0457,1179,106,2024-12-29 20:36:19.590687
00004,0450,1179,106,2024-12-29 20:36:19.622242
00003,0453,1179,106,2024-12-29 20:36:19.638667
00002,0450,1179,106,2024-12-29 20:36:19.654675
00002,0448,1179,106,2024-12-29 20:36:19.670672
00001,0450,1179,106,2024-12-29 20:36:19.686678
00003,0446,1179,106,2024-12-29 20:36:19.702674
00003,0448,1179,106,2024-12-29 20:36:19.718677
00002,0444,1179,106,2024-12-29 20:36:19.734679
00002,0449,1179,106,2024-12-29 20:36:19.750686
00003,0446,1179,106,2024-12-29 20:36:19.766688
00003,0449,1179,106,2024-12-29 20:36:19.798675
00003,0451,1179,106,2024-12-29 20:36:19.814691
00004,0449,1179,106,2024-12-29 20:36:19.830693
00003,0448,1179,106,2024-12-29 20:36:19.846622
00002,0442,1179,106,2024-12-29 20:36:19.862635
00003,0448,1179,106,2024-12-29 20:36:19.878617
00003,0447,1179,106,2024-12-29 20:36:19.894624
00002,0453,1179,106,2024-12-29 20:36:19.910605
00003,0449,1179,106,2024-12-29 20:36:19.926604
00003,0437,1179,106,2024-12-29 20:36:19.958255
00003,0443,1179,106,2024-12-29 20:36:19.974599
00002,0452,1179,106,2024-12-29 20:36:19.990590
00004,0448,1179,106,2024-12-29 20:36:20.006596
00003,0447,1179,106,2024-12-29 20:36:20.022590
00003,0448,1179,106,2024-12-29 20:36:20.038584
00002,0444,1179,106,2024-12-29 20:36:20.054582
00002,0447,1179,106,2024-12-29 20:36:20.070570
00003,0440,1179,106,2024-12-29 20:36:20.086571
00002,0448,1179,106,2024-12-29 20:36:20.117898
00003,0449,1179,106,2024-12-29 20:36:20.134565
00002,0451,1179,106,2024-12-29 20:36:20.150562
00002,0447,1179,106,2024-12-29 20:36:20.166551
00001,0443,1179,106,2024-12-29 20:36:20.182542
00002,0444,1179,106,2024-12-29 20:36:20.198552
00003,0437,1179,106,2024-12-29 20:36:20.214546
00003,0453,1179,106,2024-12-29 20:36:20.230543
00002,0444,1179,106,2024-12-29 20:36:20.246543
00003,0451,1179,106,2024-12-29 20:36:20.262544
00003,0447,1179,106,2024-12-29 20:36:20.294295
00002,0450,1179,106,2024-12-29 20:36:20.310525
00002,0442,1179,106,2024-12-29 20:36:20.326519
00003,0446,1179,106,2024-12-29 20:36:20.342518
00003,0451,1179,106,2024-12-29 20:36:20.358507
00003,0456,1179,106,2024-12-29 20:36:20.374515
00002,0451,1179,106,2024-12-29 20:36:20.390513
00002,0443,1179,106,2024-12-29 20:36:20.406516
00003,0445,1179,106,2024-12-29 20:36:20.422506
00004,0444,1179,106,2024-12-29 20:36:20.453938
00003,0442,1179,106,2024-12-29 20:36:20.470493
00003,0451,1179,106,2024-12-29 20:36:20.486489
00003,0449,1179,106,2024-12-29 20:36:20.502484
00002,0444,1179,106,2024-12-29 20:36:20.518484
00002,0450,1179,106,2024-12-29 20:36:20.534477
00003,0449,1179,106,2024-12-29 20:36:20.550483
00003,0446,1179,106,2024-12-29 20:36:20.566472
00003,0444,1179,106,2024-12-29 20:36:20.582460
00003,0450,1179,106,2024-12-29 20:36:20.598466
00003,0453,1179,106,2024-12-29 20:36:20.630323
00003,0443,1179,106,2024-12-29 20:36:20.646460
00004,0448,1179,106,2024-12-29 20:36:20.662452
00002,0454,1179,106,2024-12-29 20:36:20.678433
00003,0449,1179,106,2024-12-29 20:36:20.694438
00004,0449,1179,106,2024-12-29 20:36:20.710428
00004,0447,1179,106,2024-12-29 20:36:20.726430
00002,0451,1179,106,2024-12-29 20:36:20.742427
00003,0446,1179,106,2024-12-29 20:36:20.758427
00003,0440,1179,106,2024-12-29 20:36:20.789958
00003,0445,1179,106,2024-12-29 20:36:20.806408
00004,0448,1179,106,2024-12-29 20:36:20.822406
00002,0442,1178,106,2024-12-29 20:36:20.838407
00003,0453,1179,106,2024-12-29 20:36:20.854403
00003,0448,1179,106,2024-12-29 20:36:20.870397
00002,0447,1179,106,2024-12-29 20:36:20.886399
00004,0446,1179,106,2024-12-29 20:36:20.902385
00003,0447,1179,106,2024-12-29 20:36:20.918387
00003,0451,1178,106,2024-12-29 20:36:20.934381
00002,0451,1179,106,2024-12-29 20:36:20.966335
00003,0450,1178,106,2024-12-29 20:36:20.982377
00003,0448,1179,106,2024-12-29 20:36:20.998368
00004,0448,1178,106,2024-12-29 20:36:21.014366
00002,0447,1179,106,2024-12-29 20:36:21.030366
00002,0444,1179,106,2024-12-29 20:36:21.046356
00002,0451,1179,106,2024-12-29 20:36:21.062358
00002,0446,1178,106,2024-12-29 20:36:21.078355
00003,0449,1179,106,2024-12-29 20:36:21.094356
00003,0443,1179,106,2024-12-29 20:36:21.125976
00003,0445,1179,106,2024-12-29 20:36:21.142352
00002,0453,1179,106,2024-12-29 20:36:21.158341
00003,0451,1179,106,2024-12-29 20:36:21.174335
00002,0447,1179,106,2024-12-29 20:36:21.190326
00003,0451,1179,106,2024-12-29 20:36:21.206331
00004,0445,1179,106,2024-12-29 20:36:21.222317
00003,0450,1179,106,2024-12-29 20:36:21.238331
00003,0460,1178,106,2024-12-29 20:36:21.254316
00003,0449,1179,106,2024-12-29 20:36:21.270325
00002,0453,1179,106,2024-12-29 20:36:21.302305
00002,0449,1179,106,2024-12-29 20:36:21.318312
00002,0450,1178,106,2024-12-29 20:36:21.334297
00002,0445,1179,106,2024-12-29 20:36:21.350304
00003,0440,1179,106,2024-12-29 20:36:21.366294
00002,0447,1179,106,2024-12-29 20:36:21.382294
00003,0453,1179,106,2024-12-29 20:36:21.398284
00002,0440,1179,106,2024-12-29 20:36:21.414285
00002,0445,1179,106,2024-12-29 20:36:21.430282
00004,0451,1179,106,2024-12-29 20:36:21.461993
00002,0442,1179,106,2024-12-29 20:36:21.478268
00002,0443,1179,106,2024-12-29 20:36:21.494268
00002,0446,1179,106,2024-12-29 20:36:21.510269
00003,0442,1179,106,2024-12-29 20:36:21.526269
00002,0446,1178,106,2024-12-29 20:36:21.542256
00003,0451,1178,106,2024-12-29 20:36:21.558251
00004,0442,1178,106,2024-12-29 20:36:21.574254
00002,0442,1179,106,2024-12-29 20:36:21.590242
00003,0443,1178,106,2024-12-29 20:36:21.621644
00002,0447,1179,106,2024-12-29 20:36:21.638247
00002,0450,1179,106,2024-12-29 20:36:21.654234
00002,0451,1179,106,2024-12-29 20:36:21.670230
00003,0451,1178,106,2024-12-29 20:36:21.686229
00003,0444,1179,106,2024-12-29 20:36:21.702223
00002,0447,1179,106,2024-12-29 20:36:21.718222
00003,0441,1179,106,2024-12-29 20:36:21.734219
00002,0447,1178,106,2024-12-29 20:36:21.750221
00003,0446,1179,106,2024-12-29 20:36:21.766210
00003,0453,1179,106,2024-12-29 20:36:21.798024
00003,0446,1178,106,2024-12-29 20:36:21.814205
00002,0446,1178,106,2024-12-29 20:36:21.830196
00003,0444,1178,106,2024-12-29 20:36:21.846189
00001,0443,1179,106,2024-12-29 20:36:21.862185
00003,0452,1179,106,2024-12-29 20:36:21.878187
00003,0445,1179,106,2024-12-29 20:36:21.894191
00002,0447,1179,106,2024-12-29 20:36:21.910171
00003,0442,1179,106,2024-12-29 20:36:21.926176
00003,0449,1178,106,2024-12-29 20:36:21.957671
00002,0445,1178,106,2024-12-29 20:36:21.974161
00004,0450,1179,106,2024-12-29 20:36:21.990166
00004,0450,1179,106,2024-12-29 20:36:22.006161
00003,0453,1178,106,2024-12-29 20:36:22.022153
00003,0446,1179,106,2024-12-29 20:36:22.038152
00003,0444,1179,106,2024-12-29 20:36:22.054147
00003,0448,1178,106,2024-12-29 20:36:22.070147
00003,0455,1178,106,2024-12-29 20:36:22.086142
00003,0444,1179,106,2024-12-29 20:36:22.102141
00003,0453,1178,106,2024-12-29 20:36:22.134055
00003,0454,1179,106,2024-12-29 20:36:22.150142
00002,0443,1178,106,2024-12-29 20:36:22.166142
00003,0446,1178,106,2024-12-29 20:36:22.182131
00003,0443,1179,106,2024-12-29 20:36:22.198121
00002,0441,1179,106,2024-12-29 20:36:22.214109
00003,0453,1179,106,2024-12-29 20:36:22.230105
00003,0447,1178,106,2024-12-29 20:36:22.246138
00003,0451,1178,106,2024-12-29 20:36:22.262114
00003,0454,1178,106,2024-12-29 20:36:22.293663
00002,0447,1178,106,2024-12-29 20:36:22.310087
00003,0442,1179,106,2024-12-29 20:36:22.326085
00003,0453,1178,106,2024-12-29 20:36:22.342089
00003,0453,1178,106,2024-12-29 20:36:22.358083
00002,0445,1178,106,2024-12-29 20:36:22.374079
00003,0446,1178,106,2024-12-29 20:36:22.390090
00003,0447,1178,106,2024-12-29 20:36:22.406071
00003,0443,1178,106,2024-12-29 20:36:22.422074
00002,0449,1178,106,2024-12-29 20:36:22.438064
00003,0449,1178,106,2024-12-29 20:36:22.470057
00003,0447,1178,106,2024-12-29 20:36:22.486060
00003,0442,1179,106,2024-12-29 20:36:22.502058
00003,0442,1179,106,2024-12-29 20:36:22.518046
00002,0446,1178,106,2024-12-29 20:36:22.534039
00002,0445,1178,106,2024-12-29 20:36:22.550040
00002,0455,1178,106,2024-12-29 20:36:22.566040
00003,0437,1178,106,2024-12-29 20:36:22.582035
00002,0437,1178,106,2024-12-29 20:36:22.598041
00002,0446,1178,106,2024-12-29 20:36:22.629700
00003,0436,1178,106,2024-12-29 20:36:22.646033
00004,0454,1178,106,2024-12-29 20:36:22.662032
00003,0450,1178,106,2024-12-29 20:36:22.678032
00003,0453,1179,106,2024-12-29 20:36:22.694039
00001,0442,1178,106,2024-12-29 20:36:22.710039
00004,0442,1179,106,2024-12-29 20:36:22.726043
00004,0439,1178,106,2024-12-29 20:36:22.742049
00003,0445,1178,106,2024-12-29 20:36:22.758044
00002,0449,1178,106,2024-12-29 20:36:22.789370
00003,0454,1178,106,2024-12-29 20:36:22.806056
00003,0444,1179,106,2024-12-29 20:36:22.822055
